[run_scenario] Resume: 4331 runs already in /home/imnyj/papers/paper3/paper/experiment/data/A_full.csv; will skip those.
[HEARTBEAT] 시작 | 2026-05-18 12:18:06 | 시나리오=A | total_runs=6400 | already_done=4331
  [4332/6400] d=4 eps=10 g=2.0 tau=5 algo=RILP-Greedy seed=43 | CHR=0.438 AoI=0.034 | run=127.2s tot=127s eta=4383m
[HEARTBEAT] 2026-05-18 12:20:13 | 경과=2m 07s | 진행=4332/6400 (67.7%) | 평균=127.2s/run | ETA=73h 03m | 최근완료: algo=RILP-Greedy d=4 eps=10 g=2.0 tau=5 seed=43
  [4333/6400] d=4 eps=10 g=2.0 tau=5 algo=RILP-Greedy seed=44 | CHR=0.438 AoI=0.034 | run=131.1s tot=258s eta=4449m
[HEARTBEAT] 2026-05-18 12:22:24 | 경과=4m 18s | 진행=4333/6400 (67.7%) | 평균=129.1s/run | ETA=74h 08m | 최근완료: algo=RILP-Greedy d=4 eps=10 g=2.0 tau=5 seed=44
  [4334/6400] d=4 eps=10 g=2.0 tau=5 algo=RILP-Greedy seed=45 | CHR=0.438 AoI=0.034 | run=133.2s tot=391s eta=4493m
[HEARTBEAT] 2026-05-18 12:24:37 | 경과=6m 31s | 진행=4334/6400 (67.7%) | 평균=130.5s/run | ETA=74h 53m | 최근완료: algo=RILP-Greedy d=4 eps=10 g=2.0 tau=5 seed=45
  [4335/6400] d=4 eps=10 g=2.0 tau=5 algo=RILP-Greedy seed=46 | CHR=0.438 AoI=0.034 | run=129.6s tot=521s eta=4483m
[HEARTBEAT] 2026-05-18 12:26:47 | 경과=8m 41s | 진행=4335/6400 (67.7%) | 평균=130.3s/run | ETA=74h 43m | 최근완료: algo=RILP-Greedy d=4 eps=10 g=2.0 tau=5 seed=46
  [4336/6400] d=4 eps=10 g=2.0 tau=5 algo=RILP-Greedy seed=47 | CHR=0.438 AoI=0.034 | run=129.1s tot=650s eta=4473m
  [4337/6400] d=4 eps=10 g=2.0 tau=5 algo=RILP-Greedy seed=48 | CHR=0.438 AoI=0.034 | run=132.3s tot=782s eta=4484m
  [4338/6400] d=4 eps=10 g=2.0 tau=5 algo=RILP-Greedy seed=49 | CHR=0.439 AoI=0.034 | run=127.2s tot=910s eta=4466m
  [4339/6400] d=4 eps=10 g=2.0 tau=5 algo=RILP-Greedy seed=50 | CHR=0.438 AoI=0.034 | run=129.7s tot=1039s eta=4462m
  [4340/6400] d=4 eps=10 g=2.0 tau=5 algo=RILP-Greedy seed=51 | CHR=0.438 AoI=0.034 | run=126.6s tot=1166s eta=4448m
  [4341/6400] d=4 eps=10 g=2.0 tau=5 algo=Nam2023b    seed=42 | CHR=0.292 AoI=0.198 | run=142.0s tot=1308s eta=4488m
  [4342/6400] d=4 eps=10 g=2.0 tau=5 algo=Nam2023b    seed=43 | CHR=0.291 AoI=0.198 | run=141.4s tot=1449s eta=4519m
  [4343/6400] d=4 eps=10 g=2.0 tau=5 algo=Nam2023b    seed=44 | CHR=0.291 AoI=0.198 | run=145.8s tot=1595s eta=4557m
  [4344/6400] d=4 eps=10 g=2.0 tau=5 algo=Nam2023b    seed=45 | CHR=0.291 AoI=0.198 | run=145.2s tot=1740s eta=4587m
  [4345/6400] d=4 eps=10 g=2.0 tau=5 algo=Nam2023b    seed=46 | CHR=0.291 AoI=0.198 | run=142.2s tot=1882s eta=4605m
  [4346/6400] d=4 eps=10 g=2.0 tau=5 algo=Nam2023b    seed=47 | CHR=0.292 AoI=0.197 | run=142.1s tot=2025s eta=4621m
  [4347/6400] d=4 eps=10 g=2.0 tau=5 algo=Nam2023b    seed=48 | CHR=0.291 AoI=0.198 | run=146.3s tot=2171s eta=4642m
  [4348/6400] d=4 eps=10 g=2.0 tau=5 algo=Nam2023b    seed=49 | CHR=0.291 AoI=0.198 | run=140.3s tot=2311s eta=4650m
  [4349/6400] d=4 eps=10 g=2.0 tau=5 algo=Nam2023b    seed=50 | CHR=0.291 AoI=0.198 | run=143.2s tot=2454s eta=4661m
  [4350/6400] d=4 eps=10 g=2.0 tau=5 algo=Nam2023b    seed=51 | CHR=0.291 AoI=0.198 | run=140.0s tot=2594s eta=4665m
  [4351/6400] d=4 eps=10 g=2.0 tau=5 algo=Nam2025     seed=42 | CHR=0.438 AoI=0.034 | run=132.3s tot=2727s eta=4656m
  [4352/6400] d=4 eps=10 g=2.0 tau=5 algo=Nam2025     seed=43 | CHR=0.438 AoI=0.034 | run=131.5s tot=2858s eta=4646m
  [4353/6400] d=4 eps=10 g=2.0 tau=5 algo=Nam2025     seed=44 | CHR=0.438 AoI=0.034 | run=134.9s tot=2993s eta=4642m
  [4354/6400] d=4 eps=10 g=2.0 tau=5 algo=Nam2025     seed=45 | CHR=0.438 AoI=0.034 | run=134.9s tot=3128s eta=4638m
  [4355/6400] d=4 eps=10 g=2.0 tau=5 algo=Nam2025     seed=46 | CHR=0.438 AoI=0.034 | run=132.0s tot=3260s eta=4630m
  [4356/6400] d=4 eps=10 g=2.0 tau=5 algo=Nam2025     seed=47 | CHR=0.438 AoI=0.034 | run=131.8s tot=3392s eta=4622m
  [4357/6400] d=4 eps=10 g=2.0 tau=5 algo=Nam2025     seed=48 | CHR=0.438 AoI=0.034 | run=136.4s tot=3528s eta=4621m
  [4358/6400] d=4 eps=10 g=2.0 tau=5 algo=Nam2025     seed=49 | CHR=0.439 AoI=0.034 | run=130.5s tot=3659s eta=4612m
  [4359/6400] d=4 eps=10 g=2.0 tau=5 algo=Nam2025     seed=50 | CHR=0.438 AoI=0.034 | run=133.4s tot=3792s eta=4607m
  [4360/6400] d=4 eps=10 g=2.0 tau=5 algo=Nam2025     seed=51 | CHR=0.438 AoI=0.034 | run=129.9s tot=3922s eta=4598m
  [4361/6400] d=4 eps=10 g=2.0 tau=5 algo=Youn2026    seed=42 | CHR=0.438 AoI=0.034 | run=137.5s tot=4060s eta=4599m
  [4362/6400] d=4 eps=10 g=2.0 tau=5 algo=Youn2026    seed=43 | CHR=0.438 AoI=0.034 | run=136.6s tot=4196s eta=4598m
[HEARTBEAT] 2026-05-18 13:28:02 | 경과=1h 09m 56s | 진행=4362/6400 (68.2%) | 평균=135.4s/run | ETA=76h 37m | 최근완료: algo=Youn2026 d=4 eps=10 g=2.0 tau=5 seed=43
  [4363/6400] d=4 eps=10 g=2.0 tau=5 algo=Youn2026    seed=44 | CHR=0.438 AoI=0.034 | run=140.2s tot=4336s eta=4601m
  [4364/6400] d=4 eps=10 g=2.0 tau=5 algo=Youn2026    seed=45 | CHR=0.438 AoI=0.034 | run=140.0s tot=4476s eta=4603m
  [4365/6400] d=4 eps=10 g=2.0 tau=5 algo=Youn2026    seed=46 | CHR=0.438 AoI=0.034 | run=137.3s tot=4614s eta=4602m
  [4366/6400] d=4 eps=10 g=2.0 tau=5 algo=Youn2026    seed=47 | CHR=0.438 AoI=0.034 | run=137.2s tot=4751s eta=4601m
  [4367/6400] d=4 eps=10 g=2.0 tau=5 algo=Youn2026    seed=48 | CHR=0.438 AoI=0.034 | run=139.0s tot=4890s eta=4602m
  [4368/6400] d=4 eps=10 g=2.0 tau=5 algo=Youn2026    seed=49 | CHR=0.439 AoI=0.034 | run=133.0s tot=5023s eta=4597m
  [4369/6400] d=4 eps=10 g=2.0 tau=5 algo=Youn2026    seed=50 | CHR=0.438 AoI=0.034 | run=135.1s tot=5158s eta=4595m
  [4370/6400] d=4 eps=10 g=2.0 tau=5 algo=Youn2026    seed=51 | CHR=0.438 AoI=0.034 | run=132.1s tot=5290s eta=4589m
  [4371/6400] d=4 eps=10 g=2.0 tau=5 algo=V2I-Base    seed=42 | CHR=0.438 AoI=0.034 | run=125.0s tot=5415s eta=4578m
  [4372/6400] d=4 eps=10 g=2.0 tau=5 algo=V2I-Base    seed=43 | CHR=0.438 AoI=0.034 | run=125.0s tot=5540s eta=4567m
  [4373/6400] d=4 eps=10 g=2.0 tau=5 algo=V2I-Base    seed=44 | CHR=0.438 AoI=0.034 | run=128.3s tot=5668s eta=4559m
  [4374/6400] d=4 eps=10 g=2.0 tau=5 algo=V2I-Base    seed=45 | CHR=0.438 AoI=0.034 | run=127.1s tot=5795s eta=4551m
  [4375/6400] d=4 eps=10 g=2.0 tau=5 algo=V2I-Base    seed=46 | CHR=0.438 AoI=0.034 | run=124.5s tot=5920s eta=4541m
  [4376/6400] d=4 eps=10 g=2.0 tau=5 algo=V2I-Base    seed=47 | CHR=0.438 AoI=0.034 | run=124.2s tot=6044s eta=4531m
  [4377/6400] d=4 eps=10 g=2.0 tau=5 algo=V2I-Base    seed=48 | CHR=0.438 AoI=0.034 | run=127.8s tot=6172s eta=4524m
  [4378/6400] d=4 eps=10 g=2.0 tau=5 algo=V2I-Base    seed=49 | CHR=0.439 AoI=0.034 | run=122.7s tot=6294s eta=4513m
  [4379/6400] d=4 eps=10 g=2.0 tau=5 algo=V2I-Base    seed=50 | CHR=0.438 AoI=0.034 | run=125.7s tot=6420s eta=4505m
  [4380/6400] d=4 eps=10 g=2.0 tau=5 algo=V2I-Base    seed=51 | CHR=0.438 AoI=0.034 | run=122.6s tot=6543s eta=4495m
  [4381/6400] d=4 eps=10 g=2.0 tau=5 algo=V2V-Base    seed=42 | CHR=0.998 AoI=0.000 | run=101.8s tot=6645s eta=4472m
  [4382/6400] d=4 eps=10 g=2.0 tau=5 algo=V2V-Base    seed=43 | CHR=0.998 AoI=0.000 | run=101.0s tot=6746s eta=4449m
  [4383/6400] d=4 eps=10 g=2.0 tau=5 algo=V2V-Base    seed=44 | CHR=0.998 AoI=0.000 | run=103.2s tot=6849s eta=4428m
  [4384/6400] d=4 eps=10 g=2.0 tau=5 algo=V2V-Base    seed=45 | CHR=0.998 AoI=0.000 | run=103.0s tot=6952s eta=4407m
  [4385/6400] d=4 eps=10 g=2.0 tau=5 algo=V2V-Base    seed=46 | CHR=0.998 AoI=0.000 | run=101.3s tot=7053s eta=4386m
  [4386/6400] d=4 eps=10 g=2.0 tau=5 algo=V2V-Base    seed=47 | CHR=0.998 AoI=0.000 | run=101.0s tot=7154s eta=4366m
  [4387/6400] d=4 eps=10 g=2.0 tau=5 algo=V2V-Base    seed=48 | CHR=0.998 AoI=0.000 | run=103.4s tot=7258s eta=4348m
  [4388/6400] d=4 eps=10 g=2.0 tau=5 algo=V2V-Base    seed=49 | CHR=0.998 AoI=0.000 | run=100.3s tot=7358s eta=4329m
  [4389/6400] d=4 eps=10 g=2.0 tau=5 algo=V2V-Base    seed=50 | CHR=0.998 AoI=0.000 | run=101.5s tot=7459s eta=4311m
  [4390/6400] d=4 eps=10 g=2.0 tau=5 algo=V2V-Base    seed=51 | CHR=0.998 AoI=0.000 | run=100.0s tot=7559s eta=4292m
  [4391/6400] d=4 eps=10 g=2.0 tau=5 algo=Random-K    seed=42 | CHR=0.998 AoI=0.000 | run=97.4s tot=7657s eta=4273m
  [4392/6400] d=4 eps=10 g=2.0 tau=5 algo=Random-K    seed=43 | CHR=0.998 AoI=0.000 | run=97.4s tot=7754s eta=4254m
  [4393/6400] d=4 eps=10 g=2.0 tau=5 algo=Random-K    seed=44 | CHR=0.998 AoI=0.000 | run=98.7s tot=7853s eta=4237m
[HEARTBEAT] 2026-05-18 14:28:59 | 경과=2h 10m 52s | 진행=4393/6400 (68.6%) | 평균=126.7s/run | ETA=70h 36m | 최근완료: algo=Random-K d=4 eps=10 g=2.0 tau=5 seed=44
  [4394/6400] d=4 eps=10 g=2.0 tau=5 algo=Random-K    seed=45 | CHR=0.998 AoI=0.000 | run=99.2s tot=7952s eta=4220m
  [4395/6400] d=4 eps=10 g=2.0 tau=5 algo=Random-K    seed=46 | CHR=0.998 AoI=0.000 | run=97.0s tot=8049s eta=4203m
  [4396/6400] d=4 eps=10 g=2.0 tau=5 algo=Random-K    seed=47 | CHR=0.998 AoI=0.000 | run=97.0s tot=8146s eta=4186m
  [4397/6400] d=4 eps=10 g=2.0 tau=5 algo=Random-K    seed=48 | CHR=0.998 AoI=0.000 | run=99.0s tot=8245s eta=4170m
  [4398/6400] d=4 eps=10 g=2.0 tau=5 algo=Random-K    seed=49 | CHR=0.998 AoI=0.000 | run=96.4s tot=8342s eta=4154m
  [4399/6400] d=4 eps=10 g=2.0 tau=5 algo=Random-K    seed=50 | CHR=0.998 AoI=0.000 | run=97.9s tot=8439s eta=4139m
  [4400/6400] d=4 eps=10 g=2.0 tau=5 algo=Random-K    seed=51 | CHR=0.998 AoI=0.000 | run=96.1s tot=8536s eta=4123m
  [4401/6400] d=4 eps=10 g=3.0 tau=5 algo=RILP        seed=42 | CHR=0.438 AoI=0.034 | run=128.3s tot=8664s eta=4124m
  [4402/6400] d=4 eps=10 g=3.0 tau=5 algo=RILP        seed=43 | CHR=0.438 AoI=0.034 | run=127.2s tot=8791s eta=4123m
  [4403/6400] d=4 eps=10 g=3.0 tau=5 algo=RILP        seed=44 | CHR=0.438 AoI=0.034 | run=133.1s tot=8924s eta=4125m
  [4404/6400] d=4 eps=10 g=3.0 tau=5 algo=RILP        seed=45 | CHR=0.438 AoI=0.034 | run=132.3s tot=9057s eta=4127m
  [4405/6400] d=4 eps=10 g=3.0 tau=5 algo=RILP        seed=46 | CHR=0.438 AoI=0.034 | run=128.1s tot=9185s eta=4127m
  [4406/6400] d=4 eps=10 g=3.0 tau=5 algo=RILP        seed=47 | CHR=0.438 AoI=0.034 | run=128.2s tot=9313s eta=4127m
  [4407/6400] d=4 eps=10 g=3.0 tau=5 algo=RILP        seed=48 | CHR=0.438 AoI=0.034 | run=131.1s tot=9444s eta=4128m
  [4408/6400] d=4 eps=10 g=3.0 tau=5 algo=RILP        seed=49 | CHR=0.439 AoI=0.034 | run=125.7s tot=9570s eta=4126m
  [4409/6400] d=4 eps=10 g=3.0 tau=5 algo=RILP        seed=50 | CHR=0.438 AoI=0.034 | run=128.4s tot=9698s eta=4126m
  [4410/6400] d=4 eps=10 g=3.0 tau=5 algo=RILP        seed=51 | CHR=0.438 AoI=0.034 | run=125.7s tot=9824s eta=4124m
  [4411/6400] d=4 eps=10 g=3.0 tau=5 algo=RILP-Greedy seed=42 | CHR=0.438 AoI=0.034 | run=127.9s tot=9952s eta=4124m
  [4412/6400] d=4 eps=10 g=3.0 tau=5 algo=RILP-Greedy seed=43 | CHR=0.438 AoI=0.034 | run=127.2s tot=10079s eta=4123m
  [4413/6400] d=4 eps=10 g=3.0 tau=5 algo=RILP-Greedy seed=44 | CHR=0.438 AoI=0.034 | run=129.8s tot=10209s eta=4123m
  [4414/6400] d=4 eps=10 g=3.0 tau=5 algo=RILP-Greedy seed=45 | CHR=0.438 AoI=0.034 | run=130.0s tot=10339s eta=4123m
  [4415/6400] d=4 eps=10 g=3.0 tau=5 algo=RILP-Greedy seed=46 | CHR=0.438 AoI=0.034 | run=127.2s tot=10466s eta=4122m
  [4416/6400] d=4 eps=10 g=3.0 tau=5 algo=RILP-Greedy seed=47 | CHR=0.438 AoI=0.034 | run=126.6s tot=10592s eta=4121m
  [4417/6400] d=4 eps=10 g=3.0 tau=5 algo=RILP-Greedy seed=48 | CHR=0.438 AoI=0.034 | run=131.6s tot=10724s eta=4121m
  [4418/6400] d=4 eps=10 g=3.0 tau=5 algo=RILP-Greedy seed=49 | CHR=0.439 AoI=0.034 | run=124.9s tot=10849s eta=4119m
  [4419/6400] d=4 eps=10 g=3.0 tau=5 algo=RILP-Greedy seed=50 | CHR=0.438 AoI=0.034 | run=128.5s tot=10977s eta=4119m
  [4420/6400] d=4 eps=10 g=3.0 tau=5 algo=RILP-Greedy seed=51 | CHR=0.438 AoI=0.034 | run=125.4s tot=11103s eta=4117m
  [4421/6400] d=4 eps=10 g=3.0 tau=5 algo=Nam2023b    seed=42 | CHR=0.292 AoI=0.198 | run=140.7s tot=11243s eta=4120m
  [4422/6400] d=4 eps=10 g=3.0 tau=5 algo=Nam2023b    seed=43 | CHR=0.291 AoI=0.198 | run=140.4s tot=11384s eta=4124m
  [4423/6400] d=4 eps=10 g=3.0 tau=5 algo=Nam2023b    seed=44 | CHR=0.291 AoI=0.198 | run=144.7s tot=11528s eta=4129m
[HEARTBEAT] 2026-05-18 15:30:14 | 경과=3h 12m 08s | 진행=4423/6400 (69.1%) | 평균=125.3s/run | ETA=68h 48m | 최근완료: algo=Nam2023b d=4 eps=10 g=3.0 tau=5 seed=44
  [4424/6400] d=4 eps=10 g=3.0 tau=5 algo=Nam2023b    seed=45 | CHR=0.291 AoI=0.198 | run=143.2s tot=11672s eta=4133m
  [4425/6400] d=4 eps=10 g=3.0 tau=5 algo=Nam2023b    seed=46 | CHR=0.291 AoI=0.198 | run=140.4s tot=11812s eta=4136m
  [4426/6400] d=4 eps=10 g=3.0 tau=5 algo=Nam2023b    seed=47 | CHR=0.292 AoI=0.197 | run=139.9s tot=11952s eta=4139m
  [4427/6400] d=4 eps=10 g=3.0 tau=5 algo=Nam2023b    seed=48 | CHR=0.291 AoI=0.198 | run=143.9s tot=12096s eta=4143m
  [4428/6400] d=4 eps=10 g=3.0 tau=5 algo=Nam2023b    seed=49 | CHR=0.291 AoI=0.198 | run=138.3s tot=12234s eta=4145m
  [4429/6400] d=4 eps=10 g=3.0 tau=5 algo=Nam2023b    seed=50 | CHR=0.291 AoI=0.198 | run=141.0s tot=12375s eta=4148m
  [4430/6400] d=4 eps=10 g=3.0 tau=5 algo=Nam2023b    seed=51 | CHR=0.291 AoI=0.198 | run=137.6s tot=12513s eta=4150m
  [4431/6400] d=4 eps=10 g=3.0 tau=5 algo=Nam2025     seed=42 | CHR=0.438 AoI=0.034 | run=130.7s tot=12643s eta=4149m
  [4432/6400] d=4 eps=10 g=3.0 tau=5 algo=Nam2025     seed=43 | CHR=0.438 AoI=0.034 | run=129.3s tot=12773s eta=4148m
  [4433/6400] d=4 eps=10 g=3.0 tau=5 algo=Nam2025     seed=44 | CHR=0.438 AoI=0.034 | run=132.8s tot=12906s eta=4148m
  [4434/6400] d=4 eps=10 g=3.0 tau=5 algo=Nam2025     seed=45 | CHR=0.438 AoI=0.034 | run=133.2s tot=13039s eta=4148m
  [4435/6400] d=4 eps=10 g=3.0 tau=5 algo=Nam2025     seed=46 | CHR=0.438 AoI=0.034 | run=130.3s tot=13169s eta=4147m
  [4436/6400] d=4 eps=10 g=3.0 tau=5 algo=Nam2025     seed=47 | CHR=0.438 AoI=0.034 | run=129.6s tot=13299s eta=4146m
  [4437/6400] d=4 eps=10 g=3.0 tau=5 algo=Nam2025     seed=48 | CHR=0.438 AoI=0.034 | run=134.3s tot=13433s eta=4146m
  [4438/6400] d=4 eps=10 g=3.0 tau=5 algo=Nam2025     seed=49 | CHR=0.439 AoI=0.034 | run=128.0s tot=13561s eta=4144m
  [4439/6400] d=4 eps=10 g=3.0 tau=5 algo=Nam2025     seed=50 | CHR=0.438 AoI=0.034 | run=131.5s tot=13693s eta=4144m
  [4440/6400] d=4 eps=10 g=3.0 tau=5 algo=Nam2025     seed=51 | CHR=0.438 AoI=0.034 | run=127.5s tot=13820s eta=4142m
  [4441/6400] d=4 eps=10 g=3.0 tau=5 algo=Youn2026    seed=42 | CHR=0.438 AoI=0.034 | run=134.9s tot=13955s eta=4142m
  [4442/6400] d=4 eps=10 g=3.0 tau=5 algo=Youn2026    seed=43 | CHR=0.438 AoI=0.034 | run=134.5s tot=14089s eta=4142m
  [4443/6400] d=4 eps=10 g=3.0 tau=5 algo=Youn2026    seed=44 | CHR=0.438 AoI=0.034 | run=138.1s tot=14228s eta=4143m
  [4444/6400] d=4 eps=10 g=3.0 tau=5 algo=Youn2026    seed=45 | CHR=0.438 AoI=0.034 | run=137.9s tot=14365s eta=4144m
  [4445/6400] d=4 eps=10 g=3.0 tau=5 algo=Youn2026    seed=46 | CHR=0.438 AoI=0.034 | run=135.3s tot=14501s eta=4145m
  [4446/6400] d=4 eps=10 g=3.0 tau=5 algo=Youn2026    seed=47 | CHR=0.438 AoI=0.034 | run=135.1s tot=14636s eta=4145m
  [4447/6400] d=4 eps=10 g=3.0 tau=5 algo=Youn2026    seed=48 | CHR=0.438 AoI=0.034 | run=138.3s tot=14774s eta=4146m
  [4448/6400] d=4 eps=10 g=3.0 tau=5 algo=Youn2026    seed=49 | CHR=0.439 AoI=0.034 | run=132.3s tot=14906s eta=4145m
  [4449/6400] d=4 eps=10 g=3.0 tau=5 algo=Youn2026    seed=50 | CHR=0.438 AoI=0.034 | run=135.3s tot=15042s eta=4145m
  [4450/6400] d=4 eps=10 g=3.0 tau=5 algo=Youn2026    seed=51 | CHR=0.438 AoI=0.034 | run=132.7s tot=15174s eta=4144m
[HEARTBEAT] 2026-05-18 16:31:00 | 경과=4h 12m 54s | 진행=4450/6400 (69.5%) | 평균=127.5s/run | ETA=69h 04m | 최근완료: algo=Youn2026 d=4 eps=10 g=3.0 tau=5 seed=51
  [4451/6400] d=4 eps=10 g=3.0 tau=5 algo=V2I-Base    seed=42 | CHR=0.438 AoI=0.034 | run=126.2s tot=15301s eta=4142m
  [4452/6400] d=4 eps=10 g=3.0 tau=5 algo=V2I-Base    seed=43 | CHR=0.438 AoI=0.034 | run=125.3s tot=15426s eta=4139m
  [4453/6400] d=4 eps=10 g=3.0 tau=5 algo=V2I-Base    seed=44 | CHR=0.438 AoI=0.034 | run=127.8s tot=15554s eta=4137m
  [4454/6400] d=4 eps=10 g=3.0 tau=5 algo=V2I-Base    seed=45 | CHR=0.438 AoI=0.034 | run=127.3s tot=15681s eta=4135m
  [4455/6400] d=4 eps=10 g=3.0 tau=5 algo=V2I-Base    seed=46 | CHR=0.438 AoI=0.034 | run=125.1s tot=15806s eta=4132m
  [4456/6400] d=4 eps=10 g=3.0 tau=5 algo=V2I-Base    seed=47 | CHR=0.438 AoI=0.034 | run=124.7s tot=15931s eta=4129m
  [4457/6400] d=4 eps=10 g=3.0 tau=5 algo=V2I-Base    seed=48 | CHR=0.438 AoI=0.034 | run=128.8s tot=16060s eta=4127m
  [4458/6400] d=4 eps=10 g=3.0 tau=5 algo=V2I-Base    seed=49 | CHR=0.439 AoI=0.034 | run=123.9s tot=16184s eta=4124m
  [4459/6400] d=4 eps=10 g=3.0 tau=5 algo=V2I-Base    seed=50 | CHR=0.438 AoI=0.034 | run=126.8s tot=16310s eta=4122m
  [4460/6400] d=4 eps=10 g=3.0 tau=5 algo=V2I-Base    seed=51 | CHR=0.438 AoI=0.034 | run=123.4s tot=16434s eta=4119m
  [4461/6400] d=4 eps=10 g=3.0 tau=5 algo=V2V-Base    seed=42 | CHR=0.998 AoI=0.000 | run=101.7s tot=16535s eta=4111m
  [4462/6400] d=4 eps=10 g=3.0 tau=5 algo=V2V-Base    seed=43 | CHR=0.998 AoI=0.000 | run=101.6s tot=16637s eta=4102m
  [4463/6400] d=4 eps=10 g=3.0 tau=5 algo=V2V-Base    seed=44 | CHR=0.998 AoI=0.000 | run=103.6s tot=16741s eta=4094m
  [4464/6400] d=4 eps=10 g=3.0 tau=5 algo=V2V-Base    seed=45 | CHR=0.998 AoI=0.000 | run=103.4s tot=16844s eta=4086m
  [4465/6400] d=4 eps=10 g=3.0 tau=5 algo=V2V-Base    seed=46 | CHR=0.998 AoI=0.000 | run=102.0s tot=16946s eta=4078m
  [4466/6400] d=4 eps=10 g=3.0 tau=5 algo=V2V-Base    seed=47 | CHR=0.998 AoI=0.000 | run=102.0s tot=17048s eta=4070m
  [4467/6400] d=4 eps=10 g=3.0 tau=5 algo=V2V-Base    seed=48 | CHR=0.998 AoI=0.000 | run=104.0s tot=17152s eta=4063m
  [4468/6400] d=4 eps=10 g=3.0 tau=5 algo=V2V-Base    seed=49 | CHR=0.998 AoI=0.000 | run=100.8s tot=17253s eta=4055m
  [4469/6400] d=4 eps=10 g=3.0 tau=5 algo=V2V-Base    seed=50 | CHR=0.998 AoI=0.000 | run=102.1s tot=17355s eta=4047m
  [4470/6400] d=4 eps=10 g=3.0 tau=5 algo=V2V-Base    seed=51 | CHR=0.998 AoI=0.000 | run=100.3s tot=17455s eta=4039m
  [4471/6400] d=4 eps=10 g=3.0 tau=5 algo=Random-K    seed=42 | CHR=0.998 AoI=0.000 | run=97.7s tot=17553s eta=4031m
  [4472/6400] d=4 eps=10 g=3.0 tau=5 algo=Random-K    seed=43 | CHR=0.998 AoI=0.000 | run=98.0s tot=17651s eta=4023m
  [4473/6400] d=4 eps=10 g=3.0 tau=5 algo=Random-K    seed=44 | CHR=0.998 AoI=0.000 | run=98.8s tot=17750s eta=4015m
  [4474/6400] d=4 eps=10 g=3.0 tau=5 algo=Random-K    seed=45 | CHR=0.998 AoI=0.000 | run=99.4s tot=17849s eta=4007m
  [4475/6400] d=4 eps=10 g=3.0 tau=5 algo=Random-K    seed=46 | CHR=0.998 AoI=0.000 | run=97.7s tot=17947s eta=3999m
  [4476/6400] d=4 eps=10 g=3.0 tau=5 algo=Random-K    seed=47 | CHR=0.998 AoI=0.000 | run=98.2s tot=18045s eta=3991m
  [4477/6400] d=4 eps=10 g=3.0 tau=5 algo=Random-K    seed=48 | CHR=0.998 AoI=0.000 | run=99.7s tot=18145s eta=3983m
  [4478/6400] d=4 eps=10 g=3.0 tau=5 algo=Random-K    seed=49 | CHR=0.998 AoI=0.000 | run=96.5s tot=18241s eta=3975m
  [4479/6400] d=4 eps=10 g=3.0 tau=5 algo=Random-K    seed=50 | CHR=0.998 AoI=0.000 | run=97.6s tot=18339s eta=3967m
  [4480/6400] d=4 eps=10 g=3.0 tau=5 algo=Random-K    seed=51 | CHR=0.998 AoI=0.000 | run=96.4s tot=18435s eta=3959m
  [4481/6400] d=4 eps=20 g=0.0 tau=5 algo=RILP        seed=42 | CHR=0.438 AoI=0.034 | run=128.1s tot=18563s eta=3958m
  [4482/6400] d=4 eps=20 g=0.0 tau=5 algo=RILP        seed=43 | CHR=0.438 AoI=0.034 | run=127.8s tot=18691s eta=3957m
  [4483/6400] d=4 eps=20 g=0.0 tau=5 algo=RILP        seed=44 | CHR=0.438 AoI=0.034 | run=130.8s tot=18822s eta=3956m
[HEARTBEAT] 2026-05-18 17:31:48 | 경과=5h 13m 41s | 진행=4483/6400 (70.0%) | 평균=123.8s/run | ETA=65h 56m | 최근완료: algo=RILP d=4 eps=20 g=0.0 tau=5 seed=44
  [4484/6400] d=4 eps=20 g=0.0 tau=5 algo=RILP        seed=45 | CHR=0.438 AoI=0.034 | run=130.3s tot=18952s eta=3956m
  [4485/6400] d=4 eps=20 g=0.0 tau=5 algo=RILP        seed=46 | CHR=0.438 AoI=0.034 | run=128.2s tot=19081s eta=3954m
  [4486/6400] d=4 eps=20 g=0.0 tau=5 algo=RILP        seed=47 | CHR=0.438 AoI=0.034 | run=127.8s tot=19208s eta=3953m
  [4487/6400] d=4 eps=20 g=0.0 tau=5 algo=RILP        seed=48 | CHR=0.438 AoI=0.034 | run=131.9s tot=19340s eta=3953m
  [4488/6400] d=4 eps=20 g=0.0 tau=5 algo=RILP        seed=49 | CHR=0.439 AoI=0.034 | run=126.4s tot=19467s eta=3951m
  [4489/6400] d=4 eps=20 g=0.0 tau=5 algo=RILP        seed=50 | CHR=0.438 AoI=0.034 | run=129.2s tot=19596s eta=3950m
  [4490/6400] d=4 eps=20 g=0.0 tau=5 algo=RILP        seed=51 | CHR=0.438 AoI=0.034 | run=126.3s tot=19722s eta=3949m
  [4491/6400] d=4 eps=20 g=0.0 tau=5 algo=RILP-Greedy seed=42 | CHR=0.438 AoI=0.034 | run=128.4s tot=19851s eta=3947m
  [4492/6400] d=4 eps=20 g=0.0 tau=5 algo=RILP-Greedy seed=43 | CHR=0.438 AoI=0.034 | run=127.7s tot=19978s eta=3946m
  [4493/6400] d=4 eps=20 g=0.0 tau=5 algo=RILP-Greedy seed=44 | CHR=0.438 AoI=0.034 | run=131.8s tot=20110s eta=3945m
  [4494/6400] d=4 eps=20 g=0.0 tau=5 algo=RILP-Greedy seed=45 | CHR=0.438 AoI=0.034 | run=130.4s tot=20241s eta=3945m
  [4495/6400] d=4 eps=20 g=0.0 tau=5 algo=RILP-Greedy seed=46 | CHR=0.438 AoI=0.034 | run=127.6s tot=20368s eta=3943m
  [4496/6400] d=4 eps=20 g=0.0 tau=5 algo=RILP-Greedy seed=47 | CHR=0.438 AoI=0.034 | run=127.6s tot=20496s eta=3942m
  [4497/6400] d=4 eps=20 g=0.0 tau=5 algo=RILP-Greedy seed=48 | CHR=0.438 AoI=0.034 | run=132.0s tot=20628s eta=3941m
  [4498/6400] d=4 eps=20 g=0.0 tau=5 algo=RILP-Greedy seed=49 | CHR=0.439 AoI=0.034 | run=126.5s tot=20754s eta=3940m
  [4499/6400] d=4 eps=20 g=0.0 tau=5 algo=RILP-Greedy seed=50 | CHR=0.438 AoI=0.034 | run=128.8s tot=20883s eta=3938m
  [4500/6400] d=4 eps=20 g=0.0 tau=5 algo=RILP-Greedy seed=51 | CHR=0.438 AoI=0.034 | run=126.2s tot=21009s eta=3937m
  [4501/6400] d=4 eps=20 g=0.0 tau=5 algo=Nam2023b    seed=42 | CHR=0.292 AoI=0.198 | run=141.2s tot=21151s eta=3938m
  [4502/6400] d=4 eps=20 g=0.0 tau=5 algo=Nam2023b    seed=43 | CHR=0.291 AoI=0.198 | run=140.1s tot=21291s eta=3939m
  [4503/6400] d=4 eps=20 g=0.0 tau=5 algo=Nam2023b    seed=44 | CHR=0.291 AoI=0.198 | run=144.0s tot=21435s eta=3940m
  [4504/6400] d=4 eps=20 g=0.0 tau=5 algo=Nam2023b    seed=45 | CHR=0.291 AoI=0.198 | run=144.2s tot=21579s eta=3942m
  [4505/6400] d=4 eps=20 g=0.0 tau=5 algo=Nam2023b    seed=46 | CHR=0.291 AoI=0.198 | run=140.8s tot=21720s eta=3942m
  [4506/6400] d=4 eps=20 g=0.0 tau=5 algo=Nam2023b    seed=47 | CHR=0.292 AoI=0.197 | run=141.2s tot=21861s eta=3943m
  [4507/6400] d=4 eps=20 g=0.0 tau=5 algo=Nam2023b    seed=48 | CHR=0.291 AoI=0.198 | run=144.3s tot=22005s eta=3945m
  [4508/6400] d=4 eps=20 g=0.0 tau=5 algo=Nam2023b    seed=49 | CHR=0.291 AoI=0.198 | run=138.6s tot=22144s eta=3945m
  [4509/6400] d=4 eps=20 g=0.0 tau=5 algo=Nam2023b    seed=50 | CHR=0.291 AoI=0.198 | run=142.7s tot=22286s eta=3946m
  [4510/6400] d=4 eps=20 g=0.0 tau=5 algo=Nam2023b    seed=51 | CHR=0.291 AoI=0.198 | run=137.9s tot=22424s eta=3946m
[HEARTBEAT] 2026-05-18 18:31:50 | 경과=6h 13m 44s | 진행=4510/6400 (70.5%) | 평균=125.3s/run | ETA=65h 46m | 최근완료: algo=Nam2023b d=4 eps=20 g=0.0 tau=5 seed=51
  [4511/6400] d=4 eps=20 g=0.0 tau=5 algo=Nam2025     seed=42 | CHR=0.438 AoI=0.034 | run=131.2s tot=22556s eta=3945m
  [4512/6400] d=4 eps=20 g=0.0 tau=5 algo=Nam2025     seed=43 | CHR=0.438 AoI=0.034 | run=130.1s tot=22686s eta=3944m
  [4513/6400] d=4 eps=20 g=0.0 tau=5 algo=Nam2025     seed=44 | CHR=0.438 AoI=0.034 | run=133.6s tot=22819s eta=3943m
  [4514/6400] d=4 eps=20 g=0.0 tau=5 algo=Nam2025     seed=45 | CHR=0.438 AoI=0.034 | run=133.1s tot=22952s eta=3942m
  [4515/6400] d=4 eps=20 g=0.0 tau=5 algo=Nam2025     seed=46 | CHR=0.438 AoI=0.034 | run=130.6s tot=23083s eta=3941m
  [4516/6400] d=4 eps=20 g=0.0 tau=5 algo=Nam2025     seed=47 | CHR=0.438 AoI=0.034 | run=129.9s tot=23213s eta=3940m
  [4517/6400] d=4 eps=20 g=0.0 tau=5 algo=Nam2025     seed=48 | CHR=0.438 AoI=0.034 | run=134.5s tot=23347s eta=3939m
  [4518/6400] d=4 eps=20 g=0.0 tau=5 algo=Nam2025     seed=49 | CHR=0.439 AoI=0.034 | run=128.6s tot=23476s eta=3938m
  [4519/6400] d=4 eps=20 g=0.0 tau=5 algo=Nam2025     seed=50 | CHR=0.438 AoI=0.034 | run=132.2s tot=23608s eta=3937m
  [4520/6400] d=4 eps=20 g=0.0 tau=5 algo=Nam2025     seed=51 | CHR=0.438 AoI=0.034 | run=129.2s tot=23737s eta=3935m
  [4521/6400] d=4 eps=20 g=0.0 tau=5 algo=Youn2026    seed=42 | CHR=0.438 AoI=0.034 | run=136.5s tot=23874s eta=3935m
  [4522/6400] d=4 eps=20 g=0.0 tau=5 algo=Youn2026    seed=43 | CHR=0.438 AoI=0.034 | run=135.0s tot=24009s eta=3934m
  [4523/6400] d=4 eps=20 g=0.0 tau=5 algo=Youn2026    seed=44 | CHR=0.438 AoI=0.034 | run=138.8s tot=24148s eta=3934m
  [4524/6400] d=4 eps=20 g=0.0 tau=5 algo=Youn2026    seed=45 | CHR=0.438 AoI=0.034 | run=138.4s tot=24286s eta=3934m
  [4525/6400] d=4 eps=20 g=0.0 tau=5 algo=Youn2026    seed=46 | CHR=0.438 AoI=0.034 | run=135.9s tot=24422s eta=3934m
  [4526/6400] d=4 eps=20 g=0.0 tau=5 algo=Youn2026    seed=47 | CHR=0.438 AoI=0.034 | run=134.9s tot=24557s eta=3933m
  [4527/6400] d=4 eps=20 g=0.0 tau=5 algo=Youn2026    seed=48 | CHR=0.438 AoI=0.034 | run=139.0s tot=24696s eta=3933m
  [4528/6400] d=4 eps=20 g=0.0 tau=5 algo=Youn2026    seed=49 | CHR=0.439 AoI=0.034 | run=134.0s tot=24830s eta=3932m
  [4529/6400] d=4 eps=20 g=0.0 tau=5 algo=Youn2026    seed=50 | CHR=0.438 AoI=0.034 | run=136.0s tot=24966s eta=3932m
  [4530/6400] d=4 eps=20 g=0.0 tau=5 algo=Youn2026    seed=51 | CHR=0.438 AoI=0.034 | run=133.2s tot=25099s eta=3931m
  [4531/6400] d=4 eps=20 g=0.0 tau=5 algo=V2I-Base    seed=42 | CHR=0.438 AoI=0.034 | run=126.1s tot=25225s eta=3929m
  [4532/6400] d=4 eps=20 g=0.0 tau=5 algo=V2I-Base    seed=43 | CHR=0.438 AoI=0.034 | run=126.2s tot=25351s eta=3927m
  [4533/6400] d=4 eps=20 g=0.0 tau=5 algo=V2I-Base    seed=44 | CHR=0.438 AoI=0.034 | run=128.9s tot=25480s eta=3925m
  [4534/6400] d=4 eps=20 g=0.0 tau=5 algo=V2I-Base    seed=45 | CHR=0.438 AoI=0.034 | run=128.6s tot=25609s eta=3923m
  [4535/6400] d=4 eps=20 g=0.0 tau=5 algo=V2I-Base    seed=46 | CHR=0.438 AoI=0.034 | run=126.0s tot=25735s eta=3921m
  [4536/6400] d=4 eps=20 g=0.0 tau=5 algo=V2I-Base    seed=47 | CHR=0.438 AoI=0.034 | run=125.9s tot=25861s eta=3919m
  [4537/6400] d=4 eps=20 g=0.0 tau=5 algo=V2I-Base    seed=48 | CHR=0.438 AoI=0.034 | run=129.6s tot=25990s eta=3917m
  [4538/6400] d=4 eps=20 g=0.0 tau=5 algo=V2I-Base    seed=49 | CHR=0.439 AoI=0.034 | run=124.3s tot=26114s eta=3915m
[HEARTBEAT] 2026-05-18 19:33:20 | 경과=7h 15m 14s | 진행=4538/6400 (70.9%) | 평균=126.2s/run | ETA=65h 15m | 최근완료: algo=V2I-Base d=4 eps=20 g=0.0 tau=5 seed=49
  [4539/6400] d=4 eps=20 g=0.0 tau=5 algo=V2I-Base    seed=50 | CHR=0.438 AoI=0.034 | run=127.3s tot=26242s eta=3913m
  [4540/6400] d=4 eps=20 g=0.0 tau=5 algo=V2I-Base    seed=51 | CHR=0.438 AoI=0.034 | run=124.3s tot=26366s eta=3911m
  [4541/6400] d=4 eps=20 g=0.0 tau=5 algo=V2V-Base    seed=42 | CHR=0.998 AoI=0.000 | run=102.5s tot=26469s eta=3905m
  [4542/6400] d=4 eps=20 g=0.0 tau=5 algo=V2V-Base    seed=43 | CHR=0.998 AoI=0.000 | run=102.2s tot=26571s eta=3900m
  [4543/6400] d=4 eps=20 g=0.0 tau=5 algo=V2V-Base    seed=44 | CHR=0.998 AoI=0.000 | run=104.3s tot=26675s eta=3894m
  [4544/6400] d=4 eps=20 g=0.0 tau=5 algo=V2V-Base    seed=45 | CHR=0.998 AoI=0.000 | run=104.3s tot=26779s eta=3889m
  [4545/6400] d=4 eps=20 g=0.0 tau=5 algo=V2V-Base    seed=46 | CHR=0.998 AoI=0.000 | run=102.2s tot=26882s eta=3884m
  [4546/6400] d=4 eps=20 g=0.0 tau=5 algo=V2V-Base    seed=47 | CHR=0.998 AoI=0.000 | run=102.7s tot=26984s eta=3878m
  [4547/6400] d=4 eps=20 g=0.0 tau=5 algo=V2V-Base    seed=48 | CHR=0.998 AoI=0.000 | run=103.9s tot=27088s eta=3873m
  [4548/6400] d=4 eps=20 g=0.0 tau=5 algo=V2V-Base    seed=49 | CHR=0.998 AoI=0.000 | run=101.3s tot=27189s eta=3868m
  [4549/6400] d=4 eps=20 g=0.0 tau=5 algo=V2V-Base    seed=50 | CHR=0.998 AoI=0.000 | run=102.7s tot=27292s eta=3862m
  [4550/6400] d=4 eps=20 g=0.0 tau=5 algo=V2V-Base    seed=51 | CHR=0.998 AoI=0.000 | run=100.8s tot=27393s eta=3857m
  [4551/6400] d=4 eps=20 g=0.0 tau=5 algo=Random-K    seed=42 | CHR=0.998 AoI=0.000 | run=98.3s tot=27491s eta=3851m
  [4552/6400] d=4 eps=20 g=0.0 tau=5 algo=Random-K    seed=43 | CHR=0.998 AoI=0.000 | run=98.1s tot=27589s eta=3845m
  [4553/6400] d=4 eps=20 g=0.0 tau=5 algo=Random-K    seed=44 | CHR=0.998 AoI=0.000 | run=99.6s tot=27689s eta=3839m
  [4554/6400] d=4 eps=20 g=0.0 tau=5 algo=Random-K    seed=45 | CHR=0.998 AoI=0.000 | run=100.0s tot=27789s eta=3834m
  [4555/6400] d=4 eps=20 g=0.0 tau=5 algo=Random-K    seed=46 | CHR=0.998 AoI=0.000 | run=98.5s tot=27887s eta=3828m
  [4556/6400] d=4 eps=20 g=0.0 tau=5 algo=Random-K    seed=47 | CHR=0.998 AoI=0.000 | run=98.5s tot=27986s eta=3823m
  [4557/6400] d=4 eps=20 g=0.0 tau=5 algo=Random-K    seed=48 | CHR=0.998 AoI=0.000 | run=99.8s tot=28086s eta=3817m
  [4558/6400] d=4 eps=20 g=0.0 tau=5 algo=Random-K    seed=49 | CHR=0.998 AoI=0.000 | run=96.7s tot=28182s eta=3811m
  [4559/6400] d=4 eps=20 g=0.0 tau=5 algo=Random-K    seed=50 | CHR=0.998 AoI=0.000 | run=98.2s tot=28281s eta=3806m
  [4560/6400] d=4 eps=20 g=0.0 tau=5 algo=Random-K    seed=51 | CHR=0.998 AoI=0.000 | run=96.4s tot=28377s eta=3800m
  [4561/6400] d=4 eps=20 g=1.0 tau=5 algo=RILP        seed=42 | CHR=0.438 AoI=0.034 | run=128.5s tot=28505s eta=3799m
  [4562/6400] d=4 eps=20 g=1.0 tau=5 algo=RILP        seed=43 | CHR=0.438 AoI=0.034 | run=127.7s tot=28633s eta=3797m
  [4563/6400] d=4 eps=20 g=1.0 tau=5 algo=RILP        seed=44 | CHR=0.438 AoI=0.034 | run=131.0s tot=28764s eta=3796m
  [4564/6400] d=4 eps=20 g=1.0 tau=5 algo=RILP        seed=45 | CHR=0.438 AoI=0.034 | run=131.0s tot=28895s eta=3795m
  [4565/6400] d=4 eps=20 g=1.0 tau=5 algo=RILP        seed=46 | CHR=0.438 AoI=0.034 | run=129.1s tot=29024s eta=3793m
  [4566/6400] d=4 eps=20 g=1.0 tau=5 algo=RILP        seed=47 | CHR=0.438 AoI=0.034 | run=128.5s tot=29153s eta=3792m
  [4567/6400] d=4 eps=20 g=1.0 tau=5 algo=RILP        seed=48 | CHR=0.438 AoI=0.034 | run=132.0s tot=29285s eta=3791m
  [4568/6400] d=4 eps=20 g=1.0 tau=5 algo=RILP        seed=49 | CHR=0.439 AoI=0.034 | run=126.5s tot=29411s eta=3789m
  [4569/6400] d=4 eps=20 g=1.0 tau=5 algo=RILP        seed=50 | CHR=0.438 AoI=0.034 | run=129.5s tot=29541s eta=3788m
  [4570/6400] d=4 eps=20 g=1.0 tau=5 algo=RILP        seed=51 | CHR=0.438 AoI=0.034 | run=126.6s tot=29667s eta=3786m
  [4571/6400] d=4 eps=20 g=1.0 tau=5 algo=RILP-Greedy seed=42 | CHR=0.438 AoI=0.034 | run=128.1s tot=29795s eta=3784m
[HEARTBEAT] 2026-05-18 20:34:41 | 경과=8h 16m 35s | 진행=4571/6400 (71.4%) | 평균=124.1s/run | ETA=63h 04m | 최근완료: algo=RILP-Greedy d=4 eps=20 g=1.0 tau=5 seed=42
  [4572/6400] d=4 eps=20 g=1.0 tau=5 algo=RILP-Greedy seed=43 | CHR=0.438 AoI=0.034 | run=128.0s tot=29923s eta=3783m
  [4573/6400] d=4 eps=20 g=1.0 tau=5 algo=RILP-Greedy seed=44 | CHR=0.438 AoI=0.034 | run=131.4s tot=30055s eta=3782m
  [4574/6400] d=4 eps=20 g=1.0 tau=5 algo=RILP-Greedy seed=45 | CHR=0.438 AoI=0.034 | run=130.7s tot=30186s eta=3780m
  [4575/6400] d=4 eps=20 g=1.0 tau=5 algo=RILP-Greedy seed=46 | CHR=0.438 AoI=0.034 | run=129.1s tot=30315s eta=3779m
  [4576/6400] d=4 eps=20 g=1.0 tau=5 algo=RILP-Greedy seed=47 | CHR=0.438 AoI=0.034 | run=128.4s tot=30443s eta=3777m
  [4577/6400] d=4 eps=20 g=1.0 tau=5 algo=RILP-Greedy seed=48 | CHR=0.438 AoI=0.034 | run=131.5s tot=30575s eta=3776m
  [4578/6400] d=4 eps=20 g=1.0 tau=5 algo=RILP-Greedy seed=49 | CHR=0.439 AoI=0.034 | run=126.9s tot=30701s eta=3774m
  [4579/6400] d=4 eps=20 g=1.0 tau=5 algo=RILP-Greedy seed=50 | CHR=0.438 AoI=0.034 | run=130.1s tot=30832s eta=3773m
  [4580/6400] d=4 eps=20 g=1.0 tau=5 algo=RILP-Greedy seed=51 | CHR=0.438 AoI=0.034 | run=125.8s tot=30957s eta=3771m
  [4581/6400] d=4 eps=20 g=1.0 tau=5 algo=Nam2023b    seed=42 | CHR=0.292 AoI=0.198 | run=141.5s tot=31099s eta=3771m
  [4582/6400] d=4 eps=20 g=1.0 tau=5 algo=Nam2023b    seed=43 | CHR=0.291 AoI=0.198 | run=140.9s tot=31240s eta=3771m
  [4583/6400] d=4 eps=20 g=1.0 tau=5 algo=Nam2023b    seed=44 | CHR=0.291 AoI=0.198 | run=145.3s tot=31385s eta=3772m
  [4584/6400] d=4 eps=20 g=1.0 tau=5 algo=Nam2023b    seed=45 | CHR=0.291 AoI=0.198 | run=143.5s tot=31528s eta=3772m
  [4585/6400] d=4 eps=20 g=1.0 tau=5 algo=Nam2023b    seed=46 | CHR=0.291 AoI=0.198 | run=140.9s tot=31669s eta=3772m
  [4586/6400] d=4 eps=20 g=1.0 tau=5 algo=Nam2023b    seed=47 | CHR=0.292 AoI=0.197 | run=140.4s tot=31810s eta=3771m
  [4587/6400] d=4 eps=20 g=1.0 tau=5 algo=Nam2023b    seed=48 | CHR=0.291 AoI=0.198 | run=145.3s tot=31955s eta=3772m
  [4588/6400] d=4 eps=20 g=1.0 tau=5 algo=Nam2023b    seed=49 | CHR=0.291 AoI=0.198 | run=139.2s tot=32094s eta=3771m
  [4589/6400] d=4 eps=20 g=1.0 tau=5 algo=Nam2023b    seed=50 | CHR=0.291 AoI=0.198 | run=142.3s tot=32237s eta=3771m
  [4590/6400] d=4 eps=20 g=1.0 tau=5 algo=Nam2023b    seed=51 | CHR=0.291 AoI=0.198 | run=139.7s tot=32376s eta=3771m
  [4591/6400] d=4 eps=20 g=1.0 tau=5 algo=Nam2025     seed=42 | CHR=0.438 AoI=0.034 | run=131.6s tot=32508s eta=3770m
  [4592/6400] d=4 eps=20 g=1.0 tau=5 algo=Nam2025     seed=43 | CHR=0.438 AoI=0.034 | run=130.8s tot=32639s eta=3768m
  [4593/6400] d=4 eps=20 g=1.0 tau=5 algo=Nam2025     seed=44 | CHR=0.438 AoI=0.034 | run=133.6s tot=32772s eta=3767m
  [4594/6400] d=4 eps=20 g=1.0 tau=5 algo=Nam2025     seed=45 | CHR=0.438 AoI=0.034 | run=133.9s tot=32906s eta=3766m
  [4595/6400] d=4 eps=20 g=1.0 tau=5 algo=Nam2025     seed=46 | CHR=0.438 AoI=0.034 | run=130.6s tot=33037s eta=3765m
  [4596/6400] d=4 eps=20 g=1.0 tau=5 algo=Nam2025     seed=47 | CHR=0.438 AoI=0.034 | run=131.4s tot=33168s eta=3763m
  [4597/6400] d=4 eps=20 g=1.0 tau=5 algo=Nam2025     seed=48 | CHR=0.438 AoI=0.034 | run=134.8s tot=33303s eta=3762m
  [4598/6400] d=4 eps=20 g=1.0 tau=5 algo=Nam2025     seed=49 | CHR=0.439 AoI=0.034 | run=128.8s tot=33432s eta=3761m
[HEARTBEAT] 2026-05-18 21:35:18 | 경과=9h 17m 11s | 진행=4598/6400 (71.8%) | 평균=125.2s/run | ETA=62h 40m | 최근완료: algo=Nam2025 d=4 eps=20 g=1.0 tau=5 seed=49
  [4599/6400] d=4 eps=20 g=1.0 tau=5 algo=Nam2025     seed=50 | CHR=0.438 AoI=0.034 | run=131.9s tot=33564s eta=3759m
  [4600/6400] d=4 eps=20 g=1.0 tau=5 algo=Nam2025     seed=51 | CHR=0.438 AoI=0.034 | run=128.8s tot=33693s eta=3758m
  [4601/6400] d=4 eps=20 g=1.0 tau=5 algo=Youn2026    seed=42 | CHR=0.438 AoI=0.034 | run=136.7s tot=33829s eta=3757m
  [4602/6400] d=4 eps=20 g=1.0 tau=5 algo=Youn2026    seed=43 | CHR=0.438 AoI=0.034 | run=136.3s tot=33966s eta=3756m
  [4603/6400] d=4 eps=20 g=1.0 tau=5 algo=Youn2026    seed=44 | CHR=0.438 AoI=0.034 | run=139.2s tot=34105s eta=3755m
  [4604/6400] d=4 eps=20 g=1.0 tau=5 algo=Youn2026    seed=45 | CHR=0.438 AoI=0.034 | run=138.9s tot=34244s eta=3755m
  [4605/6400] d=4 eps=20 g=1.0 tau=5 algo=Youn2026    seed=46 | CHR=0.438 AoI=0.034 | run=136.4s tot=34380s eta=3754m
  [4606/6400] d=4 eps=20 g=1.0 tau=5 algo=Youn2026    seed=47 | CHR=0.438 AoI=0.034 | run=135.1s tot=34515s eta=3753m
  [4607/6400] d=4 eps=20 g=1.0 tau=5 algo=Youn2026    seed=48 | CHR=0.438 AoI=0.034 | run=138.9s tot=34654s eta=3752m
  [4608/6400] d=4 eps=20 g=1.0 tau=5 algo=Youn2026    seed=49 | CHR=0.439 AoI=0.034 | run=133.3s tot=34788s eta=3751m
  [4609/6400] d=4 eps=20 g=1.0 tau=5 algo=Youn2026    seed=50 | CHR=0.438 AoI=0.034 | run=136.7s tot=34924s eta=3750m
  [4610/6400] d=4 eps=20 g=1.0 tau=5 algo=Youn2026    seed=51 | CHR=0.438 AoI=0.034 | run=133.5s tot=35058s eta=3749m
  [4611/6400] d=4 eps=20 g=1.0 tau=5 algo=V2I-Base    seed=42 | CHR=0.438 AoI=0.034 | run=126.9s tot=35185s eta=3747m
  [4612/6400] d=4 eps=20 g=1.0 tau=5 algo=V2I-Base    seed=43 | CHR=0.438 AoI=0.034 | run=125.9s tot=35311s eta=3745m
  [4613/6400] d=4 eps=20 g=1.0 tau=5 algo=V2I-Base    seed=44 | CHR=0.438 AoI=0.034 | run=128.8s tot=35439s eta=3743m
  [4614/6400] d=4 eps=20 g=1.0 tau=5 algo=V2I-Base    seed=45 | CHR=0.438 AoI=0.034 | run=129.5s tot=35569s eta=3741m
  [4615/6400] d=4 eps=20 g=1.0 tau=5 algo=V2I-Base    seed=46 | CHR=0.438 AoI=0.034 | run=126.1s tot=35695s eta=3739m
  [4616/6400] d=4 eps=20 g=1.0 tau=5 algo=V2I-Base    seed=47 | CHR=0.438 AoI=0.034 | run=126.8s tot=35822s eta=3737m
  [4617/6400] d=4 eps=20 g=1.0 tau=5 algo=V2I-Base    seed=48 | CHR=0.438 AoI=0.034 | run=130.0s tot=35952s eta=3736m
  [4618/6400] d=4 eps=20 g=1.0 tau=5 algo=V2I-Base    seed=49 | CHR=0.439 AoI=0.034 | run=124.0s tot=36076s eta=3733m
  [4619/6400] d=4 eps=20 g=1.0 tau=5 algo=V2I-Base    seed=50 | CHR=0.438 AoI=0.034 | run=128.0s tot=36204s eta=3731m
  [4620/6400] d=4 eps=20 g=1.0 tau=5 algo=V2I-Base    seed=51 | CHR=0.438 AoI=0.034 | run=124.5s tot=36328s eta=3729m
  [4621/6400] d=4 eps=20 g=1.0 tau=5 algo=V2V-Base    seed=42 | CHR=0.998 AoI=0.000 | run=103.2s tot=36431s eta=3725m
  [4622/6400] d=4 eps=20 g=1.0 tau=5 algo=V2V-Base    seed=43 | CHR=0.998 AoI=0.000 | run=102.4s tot=36534s eta=3720m
  [4623/6400] d=4 eps=20 g=1.0 tau=5 algo=V2V-Base    seed=44 | CHR=0.998 AoI=0.000 | run=104.3s tot=36638s eta=3716m
  [4624/6400] d=4 eps=20 g=1.0 tau=5 algo=V2V-Base    seed=45 | CHR=0.998 AoI=0.000 | run=105.3s tot=36743s eta=3712m
  [4625/6400] d=4 eps=20 g=1.0 tau=5 algo=V2V-Base    seed=46 | CHR=0.998 AoI=0.000 | run=103.0s tot=36846s eta=3708m
  [4626/6400] d=4 eps=20 g=1.0 tau=5 algo=V2V-Base    seed=47 | CHR=0.998 AoI=0.000 | run=102.8s tot=36949s eta=3703m
  [4627/6400] d=4 eps=20 g=1.0 tau=5 algo=V2V-Base    seed=48 | CHR=0.998 AoI=0.000 | run=104.8s tot=37054s eta=3699m
[HEARTBEAT] 2026-05-18 22:35:40 | 경과=10h 17m 33s | 진행=4627/6400 (72.3%) | 평균=125.2s/run | ETA=61h 39m | 최근완료: algo=V2V-Base d=4 eps=20 g=1.0 tau=5 seed=48
  [4628/6400] d=4 eps=20 g=1.0 tau=5 algo=V2V-Base    seed=49 | CHR=0.998 AoI=0.000 | run=101.2s tot=37155s eta=3695m
  [4629/6400] d=4 eps=20 g=1.0 tau=5 algo=V2V-Base    seed=50 | CHR=0.998 AoI=0.000 | run=103.1s tot=37258s eta=3690m
  [4630/6400] d=4 eps=20 g=1.0 tau=5 algo=V2V-Base    seed=51 | CHR=0.998 AoI=0.000 | run=101.3s tot=37360s eta=3686m
  [4631/6400] d=4 eps=20 g=1.0 tau=5 algo=Random-K    seed=42 | CHR=0.998 AoI=0.000 | run=98.7s tot=37458s eta=3681m
  [4632/6400] d=4 eps=20 g=1.0 tau=5 algo=Random-K    seed=43 | CHR=0.998 AoI=0.000 | run=98.4s tot=37557s eta=3677m
  [4633/6400] d=4 eps=20 g=1.0 tau=5 algo=Random-K    seed=44 | CHR=0.998 AoI=0.000 | run=100.3s tot=37657s eta=3672m
  [4634/6400] d=4 eps=20 g=1.0 tau=5 algo=Random-K    seed=45 | CHR=0.998 AoI=0.000 | run=100.5s tot=37757s eta=3668m
  [4635/6400] d=4 eps=20 g=1.0 tau=5 algo=Random-K    seed=46 | CHR=0.998 AoI=0.000 | run=98.4s tot=37856s eta=3663m
  [4636/6400] d=4 eps=20 g=1.0 tau=5 algo=Random-K    seed=47 | CHR=0.998 AoI=0.000 | run=98.6s tot=37954s eta=3659m
  [4637/6400] d=4 eps=20 g=1.0 tau=5 algo=Random-K    seed=48 | CHR=0.998 AoI=0.000 | run=100.1s tot=38055s eta=3654m
  [4638/6400] d=4 eps=20 g=1.0 tau=5 algo=Random-K    seed=49 | CHR=0.998 AoI=0.000 | run=97.1s tot=38152s eta=3649m
  [4639/6400] d=4 eps=20 g=1.0 tau=5 algo=Random-K    seed=50 | CHR=0.998 AoI=0.000 | run=98.7s tot=38250s eta=3645m
  [4640/6400] d=4 eps=20 g=1.0 tau=5 algo=Random-K    seed=51 | CHR=0.998 AoI=0.000 | run=97.2s tot=38348s eta=3640m
  [4641/6400] d=4 eps=20 g=2.0 tau=5 algo=RILP        seed=42 | CHR=0.438 AoI=0.034 | run=129.4s tot=38477s eta=3639m
  [4642/6400] d=4 eps=20 g=2.0 tau=5 algo=RILP        seed=43 | CHR=0.438 AoI=0.034 | run=128.9s tot=38606s eta=3637m
  [4643/6400] d=4 eps=20 g=2.0 tau=5 algo=RILP        seed=44 | CHR=0.438 AoI=0.034 | run=132.2s tot=38738s eta=3636m
  [4644/6400] d=4 eps=20 g=2.0 tau=5 algo=RILP        seed=45 | CHR=0.438 AoI=0.034 | run=131.6s tot=38870s eta=3634m
  [4645/6400] d=4 eps=20 g=2.0 tau=5 algo=RILP        seed=46 | CHR=0.438 AoI=0.034 | run=128.7s tot=38998s eta=3633m
  [4646/6400] d=4 eps=20 g=2.0 tau=5 algo=RILP        seed=47 | CHR=0.438 AoI=0.034 | run=128.8s tot=39127s eta=3631m
  [4647/6400] d=4 eps=20 g=2.0 tau=5 algo=RILP        seed=48 | CHR=0.438 AoI=0.034 | run=132.9s tot=39260s eta=3630m
  [4648/6400] d=4 eps=20 g=2.0 tau=5 algo=RILP        seed=49 | CHR=0.439 AoI=0.034 | run=126.5s tot=39387s eta=3628m
  [4649/6400] d=4 eps=20 g=2.0 tau=5 algo=RILP        seed=50 | CHR=0.438 AoI=0.034 | run=129.8s tot=39516s eta=3626m
  [4650/6400] d=4 eps=20 g=2.0 tau=5 algo=RILP        seed=51 | CHR=0.438 AoI=0.034 | run=127.6s tot=39644s eta=3625m
  [4651/6400] d=4 eps=20 g=2.0 tau=5 algo=RILP-Greedy seed=42 | CHR=0.438 AoI=0.034 | run=129.3s tot=39773s eta=3623m
  [4652/6400] d=4 eps=20 g=2.0 tau=5 algo=RILP-Greedy seed=43 | CHR=0.438 AoI=0.034 | run=127.8s tot=39901s eta=3621m
  [4653/6400] d=4 eps=20 g=2.0 tau=5 algo=RILP-Greedy seed=44 | CHR=0.438 AoI=0.034 | run=131.5s tot=40033s eta=3620m
  [4654/6400] d=4 eps=20 g=2.0 tau=5 algo=RILP-Greedy seed=45 | CHR=0.438 AoI=0.034 | run=131.6s tot=40164s eta=3619m
  [4655/6400] d=4 eps=20 g=2.0 tau=5 algo=RILP-Greedy seed=46 | CHR=0.438 AoI=0.034 | run=128.3s tot=40292s eta=3617m
  [4656/6400] d=4 eps=20 g=2.0 tau=5 algo=RILP-Greedy seed=47 | CHR=0.438 AoI=0.034 | run=128.3s tot=40421s eta=3615m
  [4657/6400] d=4 eps=20 g=2.0 tau=5 algo=RILP-Greedy seed=48 | CHR=0.438 AoI=0.034 | run=132.2s tot=40553s eta=3614m
  [4658/6400] d=4 eps=20 g=2.0 tau=5 algo=RILP-Greedy seed=49 | CHR=0.439 AoI=0.034 | run=127.5s tot=40680s eta=3612m
[HEARTBEAT] 2026-05-18 23:36:06 | 경과=11h 18m 00s | 진행=4658/6400 (72.8%) | 평균=124.4s/run | ETA=60h 11m | 최근완료: algo=RILP-Greedy d=4 eps=20 g=2.0 tau=5 seed=49
  [4659/6400] d=4 eps=20 g=2.0 tau=5 algo=RILP-Greedy seed=50 | CHR=0.438 AoI=0.034 | run=130.4s tot=40811s eta=3610m
  [4660/6400] d=4 eps=20 g=2.0 tau=5 algo=RILP-Greedy seed=51 | CHR=0.438 AoI=0.034 | run=126.5s tot=40937s eta=3608m
  [4661/6400] d=4 eps=20 g=2.0 tau=5 algo=Nam2023b    seed=42 | CHR=0.292 AoI=0.198 | run=141.9s tot=41079s eta=3608m
  [4662/6400] d=4 eps=20 g=2.0 tau=5 algo=Nam2023b    seed=43 | CHR=0.291 AoI=0.198 | run=141.0s tot=41220s eta=3607m
  [4663/6400] d=4 eps=20 g=2.0 tau=5 algo=Nam2023b    seed=44 | CHR=0.291 AoI=0.198 | run=144.5s tot=41365s eta=3607m
  [4664/6400] d=4 eps=20 g=2.0 tau=5 algo=Nam2023b    seed=45 | CHR=0.291 AoI=0.198 | run=144.4s tot=41509s eta=3607m
  [4665/6400] d=4 eps=20 g=2.0 tau=5 algo=Nam2023b    seed=46 | CHR=0.291 AoI=0.198 | run=141.9s tot=41651s eta=3606m
  [4666/6400] d=4 eps=20 g=2.0 tau=5 algo=Nam2023b    seed=47 | CHR=0.292 AoI=0.197 | run=141.3s tot=41792s eta=3605m
  [4667/6400] d=4 eps=20 g=2.0 tau=5 algo=Nam2023b    seed=48 | CHR=0.291 AoI=0.198 | run=145.5s tot=41938s eta=3605m
  [4668/6400] d=4 eps=20 g=2.0 tau=5 algo=Nam2023b    seed=49 | CHR=0.291 AoI=0.198 | run=139.3s tot=42077s eta=3604m
  [4669/6400] d=4 eps=20 g=2.0 tau=5 algo=Nam2023b    seed=50 | CHR=0.291 AoI=0.198 | run=142.8s tot=42220s eta=3604m
  [4670/6400] d=4 eps=20 g=2.0 tau=5 algo=Nam2023b    seed=51 | CHR=0.291 AoI=0.198 | run=138.8s tot=42359s eta=3603m
  [4671/6400] d=4 eps=20 g=2.0 tau=5 algo=Nam2025     seed=42 | CHR=0.438 AoI=0.034 | run=131.3s tot=42490s eta=3601m
  [4672/6400] d=4 eps=20 g=2.0 tau=5 algo=Nam2025     seed=43 | CHR=0.438 AoI=0.034 | run=131.6s tot=42622s eta=3600m
  [4673/6400] d=4 eps=20 g=2.0 tau=5 algo=Nam2025     seed=44 | CHR=0.438 AoI=0.034 | run=134.7s tot=42756s eta=3598m
  [4674/6400] d=4 eps=20 g=2.0 tau=5 algo=Nam2025     seed=45 | CHR=0.438 AoI=0.034 | run=133.6s tot=42890s eta=3597m
  [4675/6400] d=4 eps=20 g=2.0 tau=5 algo=Nam2025     seed=46 | CHR=0.438 AoI=0.034 | run=132.1s tot=43022s eta=3596m
  [4676/6400] d=4 eps=20 g=2.0 tau=5 algo=Nam2025     seed=47 | CHR=0.438 AoI=0.034 | run=131.0s tot=43153s eta=3594m
  [4677/6400] d=4 eps=20 g=2.0 tau=5 algo=Nam2025     seed=48 | CHR=0.438 AoI=0.034 | run=134.5s tot=43288s eta=3593m
  [4678/6400] d=4 eps=20 g=2.0 tau=5 algo=Nam2025     seed=49 | CHR=0.439 AoI=0.034 | run=129.0s tot=43417s eta=3591m
  [4679/6400] d=4 eps=20 g=2.0 tau=5 algo=Nam2025     seed=50 | CHR=0.438 AoI=0.034 | run=132.7s tot=43549s eta=3589m
  [4680/6400] d=4 eps=20 g=2.0 tau=5 algo=Nam2025     seed=51 | CHR=0.438 AoI=0.034 | run=129.4s tot=43679s eta=3588m
  [4681/6400] d=4 eps=20 g=2.0 tau=5 algo=Youn2026    seed=42 | CHR=0.438 AoI=0.034 | run=136.4s tot=43815s eta=3587m
  [4682/6400] d=4 eps=20 g=2.0 tau=5 algo=Youn2026    seed=43 | CHR=0.438 AoI=0.034 | run=136.0s tot=43951s eta=3585m
  [4683/6400] d=4 eps=20 g=2.0 tau=5 algo=Youn2026    seed=44 | CHR=0.438 AoI=0.034 | run=139.4s tot=44090s eta=3584m
  [4684/6400] d=4 eps=20 g=2.0 tau=5 algo=Youn2026    seed=45 | CHR=0.438 AoI=0.034 | run=139.8s tot=44230s eta=3584m
  [4685/6400] d=4 eps=20 g=2.0 tau=5 algo=Youn2026    seed=46 | CHR=0.438 AoI=0.034 | run=136.6s tot=44367s eta=3582m
[HEARTBEAT] 2026-05-19 00:37:33 | 경과=12h 19m 26s | 진행=4685/6400 (73.2%) | 평균=125.3s/run | ETA=59h 42m | 최근완료: algo=Youn2026 d=4 eps=20 g=2.0 tau=5 seed=46
  [4686/6400] d=4 eps=20 g=2.0 tau=5 algo=Youn2026    seed=47 | CHR=0.438 AoI=0.034 | run=135.3s tot=44502s eta=3581m
  [4687/6400] d=4 eps=20 g=2.0 tau=5 algo=Youn2026    seed=48 | CHR=0.438 AoI=0.034 | run=139.3s tot=44641s eta=3580m
  [4688/6400] d=4 eps=20 g=2.0 tau=5 algo=Youn2026    seed=49 | CHR=0.439 AoI=0.034 | run=134.3s tot=44776s eta=3579m
  [4689/6400] d=4 eps=20 g=2.0 tau=5 algo=Youn2026    seed=50 | CHR=0.438 AoI=0.034 | run=137.0s tot=44913s eta=3578m
  [4690/6400] d=4 eps=20 g=2.0 tau=5 algo=Youn2026    seed=51 | CHR=0.438 AoI=0.034 | run=134.5s tot=45047s eta=3576m
  [4691/6400] d=4 eps=20 g=2.0 tau=5 algo=V2I-Base    seed=42 | CHR=0.438 AoI=0.034 | run=127.3s tot=45174s eta=3574m
  [4692/6400] d=4 eps=20 g=2.0 tau=5 algo=V2I-Base    seed=43 | CHR=0.438 AoI=0.034 | run=126.1s tot=45301s eta=3572m
  [4693/6400] d=4 eps=20 g=2.0 tau=5 algo=V2I-Base    seed=44 | CHR=0.438 AoI=0.034 | run=129.8s tot=45430s eta=3570m
  [4694/6400] d=4 eps=20 g=2.0 tau=5 algo=V2I-Base    seed=45 | CHR=0.438 AoI=0.034 | run=129.7s tot=45560s eta=3569m
  [4695/6400] d=4 eps=20 g=2.0 tau=5 algo=V2I-Base    seed=46 | CHR=0.438 AoI=0.034 | run=126.6s tot=45687s eta=3567m
  [4696/6400] d=4 eps=20 g=2.0 tau=5 algo=V2I-Base    seed=47 | CHR=0.438 AoI=0.034 | run=126.8s tot=45813s eta=3565m
  [4697/6400] d=4 eps=20 g=2.0 tau=5 algo=V2I-Base    seed=48 | CHR=0.438 AoI=0.034 | run=130.4s tot=45944s eta=3563m
  [4698/6400] d=4 eps=20 g=2.0 tau=5 algo=V2I-Base    seed=49 | CHR=0.439 AoI=0.034 | run=125.6s tot=46069s eta=3561m
  [4699/6400] d=4 eps=20 g=2.0 tau=5 algo=V2I-Base    seed=50 | CHR=0.438 AoI=0.034 | run=127.9s tot=46197s eta=3559m
  [4700/6400] d=4 eps=20 g=2.0 tau=5 algo=V2I-Base    seed=51 | CHR=0.438 AoI=0.034 | run=124.4s tot=46322s eta=3557m
  [4701/6400] d=4 eps=20 g=2.0 tau=5 algo=V2V-Base    seed=42 | CHR=0.998 AoI=0.000 | run=103.4s tot=46425s eta=3553m
  [4702/6400] d=4 eps=20 g=2.0 tau=5 algo=V2V-Base    seed=43 | CHR=0.998 AoI=0.000 | run=103.4s tot=46528s eta=3549m
  [4703/6400] d=4 eps=20 g=2.0 tau=5 algo=V2V-Base    seed=44 | CHR=0.998 AoI=0.000 | run=105.0s tot=46633s eta=3546m
  [4704/6400] d=4 eps=20 g=2.0 tau=5 algo=V2V-Base    seed=45 | CHR=0.998 AoI=0.000 | run=105.2s tot=46739s eta=3542m
  [4705/6400] d=4 eps=20 g=2.0 tau=5 algo=V2V-Base    seed=46 | CHR=0.998 AoI=0.000 | run=103.3s tot=46842s eta=3538m
  [4706/6400] d=4 eps=20 g=2.0 tau=5 algo=V2V-Base    seed=47 | CHR=0.998 AoI=0.000 | run=103.1s tot=46945s eta=3534m
  [4707/6400] d=4 eps=20 g=2.0 tau=5 algo=V2V-Base    seed=48 | CHR=0.998 AoI=0.000 | run=105.2s tot=47050s eta=3531m
  [4708/6400] d=4 eps=20 g=2.0 tau=5 algo=V2V-Base    seed=49 | CHR=0.998 AoI=0.000 | run=102.2s tot=47152s eta=3527m
  [4709/6400] d=4 eps=20 g=2.0 tau=5 algo=V2V-Base    seed=50 | CHR=0.998 AoI=0.000 | run=103.6s tot=47256s eta=3523m
  [4710/6400] d=4 eps=20 g=2.0 tau=5 algo=V2V-Base    seed=51 | CHR=0.998 AoI=0.000 | run=101.7s tot=47358s eta=3520m
  [4711/6400] d=4 eps=20 g=2.0 tau=5 algo=Random-K    seed=42 | CHR=0.998 AoI=0.000 | run=99.1s tot=47457s eta=3516m
  [4712/6400] d=4 eps=20 g=2.0 tau=5 algo=Random-K    seed=43 | CHR=0.998 AoI=0.000 | run=98.6s tot=47555s eta=3512m
  [4713/6400] d=4 eps=20 g=2.0 tau=5 algo=Random-K    seed=44 | CHR=0.998 AoI=0.000 | run=100.9s tot=47656s eta=3508m
  [4714/6400] d=4 eps=20 g=2.0 tau=5 algo=Random-K    seed=45 | CHR=0.998 AoI=0.000 | run=100.9s tot=47757s eta=3504m
  [4715/6400] d=4 eps=20 g=2.0 tau=5 algo=Random-K    seed=46 | CHR=0.998 AoI=0.000 | run=99.0s tot=47856s eta=3500m
  [4716/6400] d=4 eps=20 g=2.0 tau=5 algo=Random-K    seed=47 | CHR=0.998 AoI=0.000 | run=99.0s tot=47955s eta=3496m
  [4717/6400] d=4 eps=20 g=2.0 tau=5 algo=Random-K    seed=48 | CHR=0.998 AoI=0.000 | run=100.4s tot=48055s eta=3492m
[HEARTBEAT] 2026-05-19 01:39:01 | 경과=13h 20m 55s | 진행=4717/6400 (73.7%) | 평균=124.5s/run | ETA=58h 12m | 최근완료: algo=Random-K d=4 eps=20 g=2.0 tau=5 seed=48
  [4718/6400] d=4 eps=20 g=2.0 tau=5 algo=Random-K    seed=49 | CHR=0.998 AoI=0.000 | run=97.9s tot=48153s eta=3488m
  [4719/6400] d=4 eps=20 g=2.0 tau=5 algo=Random-K    seed=50 | CHR=0.998 AoI=0.000 | run=99.2s tot=48253s eta=3484m
  [4720/6400] d=4 eps=20 g=2.0 tau=5 algo=Random-K    seed=51 | CHR=0.998 AoI=0.000 | run=97.6s tot=48350s eta=3480m
  [4721/6400] d=4 eps=20 g=3.0 tau=5 algo=RILP        seed=42 | CHR=0.438 AoI=0.034 | run=130.2s tot=48480s eta=3479m
  [4722/6400] d=4 eps=20 g=3.0 tau=5 algo=RILP        seed=43 | CHR=0.438 AoI=0.034 | run=129.2s tot=48610s eta=3477m
  [4723/6400] d=4 eps=20 g=3.0 tau=5 algo=RILP        seed=44 | CHR=0.438 AoI=0.034 | run=132.5s tot=48742s eta=3475m
  [4724/6400] d=4 eps=20 g=3.0 tau=5 algo=RILP        seed=45 | CHR=0.438 AoI=0.034 | run=132.2s tot=48874s eta=3474m
  [4725/6400] d=4 eps=20 g=3.0 tau=5 algo=RILP        seed=46 | CHR=0.438 AoI=0.034 | run=130.0s tot=49004s eta=3472m
  [4726/6400] d=4 eps=20 g=3.0 tau=5 algo=RILP        seed=47 | CHR=0.438 AoI=0.034 | run=129.1s tot=49133s eta=3470m
  [4727/6400] d=4 eps=20 g=3.0 tau=5 algo=RILP        seed=48 | CHR=0.438 AoI=0.034 | run=132.7s tot=49266s eta=3469m
  [4728/6400] d=4 eps=20 g=3.0 tau=5 algo=RILP        seed=49 | CHR=0.439 AoI=0.034 | run=127.9s tot=49394s eta=3467m
  [4729/6400] d=4 eps=20 g=3.0 tau=5 algo=RILP        seed=50 | CHR=0.438 AoI=0.034 | run=130.5s tot=49524s eta=3465m
  [4730/6400] d=4 eps=20 g=3.0 tau=5 algo=RILP        seed=51 | CHR=0.438 AoI=0.034 | run=127.5s tot=49652s eta=3464m
  [4731/6400] d=4 eps=20 g=3.0 tau=5 algo=RILP-Greedy seed=42 | CHR=0.438 AoI=0.034 | run=130.3s tot=49782s eta=3462m
  [4732/6400] d=4 eps=20 g=3.0 tau=5 algo=RILP-Greedy seed=43 | CHR=0.438 AoI=0.034 | run=128.8s tot=49911s eta=3460m
  [4733/6400] d=4 eps=20 g=3.0 tau=5 algo=RILP-Greedy seed=44 | CHR=0.438 AoI=0.034 | run=131.6s tot=50043s eta=3459m
  [4734/6400] d=4 eps=20 g=3.0 tau=5 algo=RILP-Greedy seed=45 | CHR=0.438 AoI=0.034 | run=131.5s tot=50174s eta=3457m
  [4735/6400] d=4 eps=20 g=3.0 tau=5 algo=RILP-Greedy seed=46 | CHR=0.438 AoI=0.034 | run=129.5s tot=50304s eta=3455m
  [4736/6400] d=4 eps=20 g=3.0 tau=5 algo=RILP-Greedy seed=47 | CHR=0.438 AoI=0.034 | run=128.4s tot=50432s eta=3453m
  [4737/6400] d=4 eps=20 g=3.0 tau=5 algo=RILP-Greedy seed=48 | CHR=0.438 AoI=0.034 | run=132.7s tot=50565s eta=3452m
  [4738/6400] d=4 eps=20 g=3.0 tau=5 algo=RILP-Greedy seed=49 | CHR=0.439 AoI=0.034 | run=127.0s tot=50692s eta=3450m
  [4739/6400] d=4 eps=20 g=3.0 tau=5 algo=RILP-Greedy seed=50 | CHR=0.438 AoI=0.034 | run=130.7s tot=50822s eta=3448m
  [4740/6400] d=4 eps=20 g=3.0 tau=5 algo=RILP-Greedy seed=51 | CHR=0.438 AoI=0.034 | run=126.8s tot=50949s eta=3446m
  [4741/6400] d=4 eps=20 g=3.0 tau=5 algo=Nam2023b    seed=42 | CHR=0.292 AoI=0.198 | run=142.8s tot=51092s eta=3446m
  [4742/6400] d=4 eps=20 g=3.0 tau=5 algo=Nam2023b    seed=43 | CHR=0.291 AoI=0.198 | run=141.3s tot=51233s eta=3445m
  [4743/6400] d=4 eps=20 g=3.0 tau=5 algo=Nam2023b    seed=44 | CHR=0.291 AoI=0.198 | run=145.2s tot=51378s eta=3444m
  [4744/6400] d=4 eps=20 g=3.0 tau=5 algo=Nam2023b    seed=45 | CHR=0.291 AoI=0.198 | run=144.8s tot=51523s eta=3443m
  [4745/6400] d=4 eps=20 g=3.0 tau=5 algo=Nam2023b    seed=46 | CHR=0.291 AoI=0.198 | run=141.6s tot=51665s eta=3442m
[HEARTBEAT] 2026-05-19 02:39:11 | 경과=14h 21m 04s | 진행=4745/6400 (74.1%) | 평균=124.8s/run | ETA=57h 22m | 최근완료: algo=Nam2023b d=4 eps=20 g=3.0 tau=5 seed=46
  [4746/6400] d=4 eps=20 g=3.0 tau=5 algo=Nam2023b    seed=47 | CHR=0.292 AoI=0.197 | run=141.8s tot=51807s eta=3441m
  [4747/6400] d=4 eps=20 g=3.0 tau=5 algo=Nam2023b    seed=48 | CHR=0.291 AoI=0.198 | run=146.5s tot=51953s eta=3441m
  [4748/6400] d=4 eps=20 g=3.0 tau=5 algo=Nam2023b    seed=49 | CHR=0.291 AoI=0.198 | run=140.4s tot=52093s eta=3440m
  [4749/6400] d=4 eps=20 g=3.0 tau=5 algo=Nam2023b    seed=50 | CHR=0.291 AoI=0.198 | run=143.5s tot=52237s eta=3439m
  [4750/6400] d=4 eps=20 g=3.0 tau=5 algo=Nam2023b    seed=51 | CHR=0.291 AoI=0.198 | run=139.1s tot=52376s eta=3438m
  [4751/6400] d=4 eps=20 g=3.0 tau=5 algo=Nam2025     seed=42 | CHR=0.438 AoI=0.034 | run=132.0s tot=52508s eta=3436m
  [4752/6400] d=4 eps=20 g=3.0 tau=5 algo=Nam2025     seed=43 | CHR=0.438 AoI=0.034 | run=131.0s tot=52639s eta=3434m
  [4753/6400] d=4 eps=20 g=3.0 tau=5 algo=Nam2025     seed=44 | CHR=0.438 AoI=0.034 | run=134.2s tot=52773s eta=3433m
  [4754/6400] d=4 eps=20 g=3.0 tau=5 algo=Nam2025     seed=45 | CHR=0.438 AoI=0.034 | run=134.6s tot=52908s eta=3431m
  [4755/6400] d=4 eps=20 g=3.0 tau=5 algo=Nam2025     seed=46 | CHR=0.438 AoI=0.034 | run=131.2s tot=53039s eta=3430m
  [4756/6400] d=4 eps=20 g=3.0 tau=5 algo=Nam2025     seed=47 | CHR=0.438 AoI=0.034 | run=131.9s tot=53171s eta=3428m
  [4757/6400] d=4 eps=20 g=3.0 tau=5 algo=Nam2025     seed=48 | CHR=0.438 AoI=0.034 | run=134.8s tot=53306s eta=3427m
  [4758/6400] d=4 eps=20 g=3.0 tau=5 algo=Nam2025     seed=49 | CHR=0.439 AoI=0.034 | run=130.1s tot=53436s eta=3425m
  [4759/6400] d=4 eps=20 g=3.0 tau=5 algo=Nam2025     seed=50 | CHR=0.438 AoI=0.034 | run=132.4s tot=53568s eta=3423m
  [4760/6400] d=4 eps=20 g=3.0 tau=5 algo=Nam2025     seed=51 | CHR=0.438 AoI=0.034 | run=129.3s tot=53698s eta=3421m
  [4761/6400] d=4 eps=20 g=3.0 tau=5 algo=Youn2026    seed=42 | CHR=0.438 AoI=0.034 | run=136.7s tot=53834s eta=3420m
  [4762/6400] d=4 eps=20 g=3.0 tau=5 algo=Youn2026    seed=43 | CHR=0.438 AoI=0.034 | run=135.9s tot=53970s eta=3419m
  [4763/6400] d=4 eps=20 g=3.0 tau=5 algo=Youn2026    seed=44 | CHR=0.438 AoI=0.034 | run=139.9s tot=54110s eta=3417m
  [4764/6400] d=4 eps=20 g=3.0 tau=5 algo=Youn2026    seed=45 | CHR=0.438 AoI=0.034 | run=139.6s tot=54250s eta=3416m
  [4765/6400] d=4 eps=20 g=3.0 tau=5 algo=Youn2026    seed=46 | CHR=0.438 AoI=0.034 | run=136.6s tot=54386s eta=3415m
  [4766/6400] d=4 eps=20 g=3.0 tau=5 algo=Youn2026    seed=47 | CHR=0.438 AoI=0.034 | run=136.3s tot=54523s eta=3413m
  [4767/6400] d=4 eps=20 g=3.0 tau=5 algo=Youn2026    seed=48 | CHR=0.438 AoI=0.034 | run=139.9s tot=54663s eta=3412m
  [4768/6400] d=4 eps=20 g=3.0 tau=5 algo=Youn2026    seed=49 | CHR=0.439 AoI=0.034 | run=134.2s tot=54797s eta=3411m
  [4769/6400] d=4 eps=20 g=3.0 tau=5 algo=Youn2026    seed=50 | CHR=0.438 AoI=0.034 | run=137.3s tot=54934s eta=3409m
  [4770/6400] d=4 eps=20 g=3.0 tau=5 algo=Youn2026    seed=51 | CHR=0.438 AoI=0.034 | run=134.5s tot=55069s eta=3408m
  [4771/6400] d=4 eps=20 g=3.0 tau=5 algo=V2I-Base    seed=42 | CHR=0.438 AoI=0.034 | run=127.3s tot=55196s eta=3406m
  [4772/6400] d=4 eps=20 g=3.0 tau=5 algo=V2I-Base    seed=43 | CHR=0.438 AoI=0.034 | run=126.3s tot=55322s eta=3404m
[HEARTBEAT] 2026-05-19 03:40:08 | 경과=15h 22m 02s | 진행=4772/6400 (74.6%) | 평균=125.4s/run | ETA=56h 43m | 최근완료: algo=V2I-Base d=4 eps=20 g=3.0 tau=5 seed=43
  [4773/6400] d=4 eps=20 g=3.0 tau=5 algo=V2I-Base    seed=44 | CHR=0.438 AoI=0.034 | run=129.6s tot=55452s eta=3402m
  [4774/6400] d=4 eps=20 g=3.0 tau=5 algo=V2I-Base    seed=45 | CHR=0.438 AoI=0.034 | run=129.3s tot=55581s eta=3400m
  [4775/6400] d=4 eps=20 g=3.0 tau=5 algo=V2I-Base    seed=46 | CHR=0.438 AoI=0.034 | run=126.4s tot=55708s eta=3398m
  [4776/6400] d=4 eps=20 g=3.0 tau=5 algo=V2I-Base    seed=47 | CHR=0.438 AoI=0.034 | run=126.6s tot=55834s eta=3396m
  [4777/6400] d=4 eps=20 g=3.0 tau=5 algo=V2I-Base    seed=48 | CHR=0.438 AoI=0.034 | run=130.4s tot=55965s eta=3394m
  [4778/6400] d=4 eps=20 g=3.0 tau=5 algo=V2I-Base    seed=49 | CHR=0.439 AoI=0.034 | run=124.6s tot=56089s eta=3392m
  [4779/6400] d=4 eps=20 g=3.0 tau=5 algo=V2I-Base    seed=50 | CHR=0.438 AoI=0.034 | run=127.8s tot=56217s eta=3390m
  [4780/6400] d=4 eps=20 g=3.0 tau=5 algo=V2I-Base    seed=51 | CHR=0.438 AoI=0.034 | run=124.9s tot=56342s eta=3388m
  [4781/6400] d=4 eps=20 g=3.0 tau=5 algo=V2V-Base    seed=42 | CHR=0.998 AoI=0.000 | run=103.6s tot=56445s eta=3385m
  [4782/6400] d=4 eps=20 g=3.0 tau=5 algo=V2V-Base    seed=43 | CHR=0.998 AoI=0.000 | run=103.1s tot=56549s eta=3381m
  [4783/6400] d=4 eps=20 g=3.0 tau=5 algo=V2V-Base    seed=44 | CHR=0.998 AoI=0.000 | run=104.8s tot=56653s eta=3378m
  [4784/6400] d=4 eps=20 g=3.0 tau=5 algo=V2V-Base    seed=45 | CHR=0.998 AoI=0.000 | run=104.9s tot=56758s eta=3375m
  [4785/6400] d=4 eps=20 g=3.0 tau=5 algo=V2V-Base    seed=46 | CHR=0.998 AoI=0.000 | run=103.2s tot=56861s eta=3371m
  [4786/6400] d=4 eps=20 g=3.0 tau=5 algo=V2V-Base    seed=47 | CHR=0.998 AoI=0.000 | run=103.3s tot=56965s eta=3368m
  [4787/6400] d=4 eps=20 g=3.0 tau=5 algo=V2V-Base    seed=48 | CHR=0.998 AoI=0.000 | run=105.3s tot=57070s eta=3365m
  [4788/6400] d=4 eps=20 g=3.0 tau=5 algo=V2V-Base    seed=49 | CHR=0.998 AoI=0.000 | run=101.7s tot=57172s eta=3361m
  [4789/6400] d=4 eps=20 g=3.0 tau=5 algo=V2V-Base    seed=50 | CHR=0.998 AoI=0.000 | run=103.4s tot=57275s eta=3358m
  [4790/6400] d=4 eps=20 g=3.0 tau=5 algo=V2V-Base    seed=51 | CHR=0.998 AoI=0.000 | run=101.6s tot=57377s eta=3354m
  [4791/6400] d=4 eps=20 g=3.0 tau=5 algo=Random-K    seed=42 | CHR=0.998 AoI=0.000 | run=99.4s tot=57476s eta=3351m
  [4792/6400] d=4 eps=20 g=3.0 tau=5 algo=Random-K    seed=43 | CHR=0.998 AoI=0.000 | run=99.4s tot=57576s eta=3347m
  [4793/6400] d=4 eps=20 g=3.0 tau=5 algo=Random-K    seed=44 | CHR=0.998 AoI=0.000 | run=100.7s tot=57676s eta=3344m
  [4794/6400] d=4 eps=20 g=3.0 tau=5 algo=Random-K    seed=45 | CHR=0.998 AoI=0.000 | run=100.8s tot=57777s eta=3340m
  [4795/6400] d=4 eps=20 g=3.0 tau=5 algo=Random-K    seed=46 | CHR=0.998 AoI=0.000 | run=99.0s tot=57876s eta=3337m
  [4796/6400] d=4 eps=20 g=3.0 tau=5 algo=Random-K    seed=47 | CHR=0.998 AoI=0.000 | run=98.9s tot=57975s eta=3333m
  [4797/6400] d=4 eps=20 g=3.0 tau=5 algo=Random-K    seed=48 | CHR=0.998 AoI=0.000 | run=100.6s tot=58076s eta=3330m
  [4798/6400] d=4 eps=20 g=3.0 tau=5 algo=Random-K    seed=49 | CHR=0.998 AoI=0.000 | run=98.1s tot=58174s eta=3326m
  [4799/6400] d=4 eps=20 g=3.0 tau=5 algo=Random-K    seed=50 | CHR=0.998 AoI=0.000 | run=100.0s tot=58274s eta=3323m
  [4800/6400] d=4 eps=20 g=3.0 tau=5 algo=Random-K    seed=51 | CHR=0.998 AoI=0.000 | run=98.4s tot=58372s eta=3319m
  [4801/6400] d=4 eps=30 g=0.0 tau=5 algo=RILP        seed=42 | CHR=0.438 AoI=0.034 | run=130.6s tot=58503s eta=3317m
  [4802/6400] d=4 eps=30 g=0.0 tau=5 algo=RILP        seed=43 | CHR=0.438 AoI=0.034 | run=129.4s tot=58632s eta=3315m
  [4803/6400] d=4 eps=30 g=0.0 tau=5 algo=RILP        seed=44 | CHR=0.438 AoI=0.034 | run=132.5s tot=58765s eta=3314m
  [4804/6400] d=4 eps=30 g=0.0 tau=5 algo=RILP        seed=45 | CHR=0.438 AoI=0.034 | run=132.5s tot=58897s eta=3312m
  [4805/6400] d=4 eps=30 g=0.0 tau=5 algo=RILP        seed=46 | CHR=0.438 AoI=0.034 | run=129.3s tot=59026s eta=3310m
[HEARTBEAT] 2026-05-19 04:41:52 | 경과=16h 23m 46s | 진행=4805/6400 (75.1%) | 평균=124.5s/run | ETA=55h 10m | 최근완료: algo=RILP d=4 eps=30 g=0.0 tau=5 seed=46
  [4806/6400] d=4 eps=30 g=0.0 tau=5 algo=RILP        seed=47 | CHR=0.438 AoI=0.034 | run=128.9s tot=59155s eta=3309m
  [4807/6400] d=4 eps=30 g=0.0 tau=5 algo=RILP        seed=48 | CHR=0.438 AoI=0.034 | run=133.2s tot=59288s eta=3307m
  [4808/6400] d=4 eps=30 g=0.0 tau=5 algo=RILP        seed=49 | CHR=0.439 AoI=0.034 | run=128.2s tot=59417s eta=3305m
  [4809/6400] d=4 eps=30 g=0.0 tau=5 algo=RILP        seed=50 | CHR=0.438 AoI=0.034 | run=131.0s tot=59548s eta=3303m
  [4810/6400] d=4 eps=30 g=0.0 tau=5 algo=RILP        seed=51 | CHR=0.438 AoI=0.034 | run=127.6s tot=59675s eta=3301m
  [4811/6400] d=4 eps=30 g=0.0 tau=5 algo=RILP-Greedy seed=42 | CHR=0.438 AoI=0.034 | run=129.9s tot=59805s eta=3300m
  [4812/6400] d=4 eps=30 g=0.0 tau=5 algo=RILP-Greedy seed=43 | CHR=0.438 AoI=0.034 | run=128.8s tot=59934s eta=3298m
  [4813/6400] d=4 eps=30 g=0.0 tau=5 algo=RILP-Greedy seed=44 | CHR=0.438 AoI=0.034 | run=132.5s tot=60066s eta=3296m
  [4814/6400] d=4 eps=30 g=0.0 tau=5 algo=RILP-Greedy seed=45 | CHR=0.438 AoI=0.034 | run=131.7s tot=60198s eta=3294m
  [4815/6400] d=4 eps=30 g=0.0 tau=5 algo=RILP-Greedy seed=46 | CHR=0.438 AoI=0.034 | run=128.9s tot=60327s eta=3293m
  [4816/6400] d=4 eps=30 g=0.0 tau=5 algo=RILP-Greedy seed=47 | CHR=0.438 AoI=0.034 | run=128.9s tot=60456s eta=3291m
  [4817/6400] d=4 eps=30 g=0.0 tau=5 algo=RILP-Greedy seed=48 | CHR=0.438 AoI=0.034 | run=132.5s tot=60588s eta=3289m
  [4818/6400] d=4 eps=30 g=0.0 tau=5 algo=RILP-Greedy seed=49 | CHR=0.439 AoI=0.034 | run=127.0s tot=60715s eta=3287m
  [4819/6400] d=4 eps=30 g=0.0 tau=5 algo=RILP-Greedy seed=50 | CHR=0.438 AoI=0.034 | run=131.1s tot=60847s eta=3285m
  [4820/6400] d=4 eps=30 g=0.0 tau=5 algo=RILP-Greedy seed=51 | CHR=0.438 AoI=0.034 | run=127.6s tot=60974s eta=3284m
  [4821/6400] d=4 eps=30 g=0.0 tau=5 algo=Nam2023b    seed=42 | CHR=0.292 AoI=0.198 | run=142.7s tot=61117s eta=3282m
  [4822/6400] d=4 eps=30 g=0.0 tau=5 algo=Nam2023b    seed=43 | CHR=0.291 AoI=0.198 | run=141.8s tot=61259s eta=3281m
  [4823/6400] d=4 eps=30 g=0.0 tau=5 algo=Nam2023b    seed=44 | CHR=0.291 AoI=0.198 | run=146.2s tot=61405s eta=3280m
  [4824/6400] d=4 eps=30 g=0.0 tau=5 algo=Nam2023b    seed=45 | CHR=0.291 AoI=0.198 | run=145.7s tot=61551s eta=3279m
  [4825/6400] d=4 eps=30 g=0.0 tau=5 algo=Nam2023b    seed=46 | CHR=0.291 AoI=0.198 | run=142.9s tot=61694s eta=3278m
  [4826/6400] d=4 eps=30 g=0.0 tau=5 algo=Nam2023b    seed=47 | CHR=0.292 AoI=0.197 | run=141.9s tot=61835s eta=3277m
  [4827/6400] d=4 eps=30 g=0.0 tau=5 algo=Nam2023b    seed=48 | CHR=0.291 AoI=0.198 | run=146.9s tot=61982s eta=3276m
  [4828/6400] d=4 eps=30 g=0.0 tau=5 algo=Nam2023b    seed=49 | CHR=0.291 AoI=0.198 | run=139.9s tot=62122s eta=3275m
  [4829/6400] d=4 eps=30 g=0.0 tau=5 algo=Nam2023b    seed=50 | CHR=0.291 AoI=0.198 | run=143.8s tot=62266s eta=3274m
  [4830/6400] d=4 eps=30 g=0.0 tau=5 algo=Nam2023b    seed=51 | CHR=0.291 AoI=0.198 | run=140.1s tot=62406s eta=3272m
  [4831/6400] d=4 eps=30 g=0.0 tau=5 algo=Nam2025     seed=42 | CHR=0.438 AoI=0.034 | run=132.6s tot=62539s eta=3271m
  [4832/6400] d=4 eps=30 g=0.0 tau=5 algo=Nam2025     seed=43 | CHR=0.438 AoI=0.034 | run=132.1s tot=62671s eta=3269m
[HEARTBEAT] 2026-05-19 05:42:37 | 경과=17h 24m 30s | 진행=4832/6400 (75.5%) | 평균=125.1s/run | ETA=54h 29m | 최근완료: algo=Nam2025 d=4 eps=30 g=0.0 tau=5 seed=43
  [4833/6400] d=4 eps=30 g=0.0 tau=5 algo=Nam2025     seed=44 | CHR=0.438 AoI=0.034 | run=135.8s tot=62807s eta=3268m
  [4834/6400] d=4 eps=30 g=0.0 tau=5 algo=Nam2025     seed=45 | CHR=0.438 AoI=0.034 | run=135.2s tot=62942s eta=3266m
  [4835/6400] d=4 eps=30 g=0.0 tau=5 algo=Nam2025     seed=46 | CHR=0.438 AoI=0.034 | run=131.6s tot=63073s eta=3264m
  [4836/6400] d=4 eps=30 g=0.0 tau=5 algo=Nam2025     seed=47 | CHR=0.438 AoI=0.034 | run=131.8s tot=63205s eta=3262m
  [4837/6400] d=4 eps=30 g=0.0 tau=5 algo=Nam2025     seed=48 | CHR=0.438 AoI=0.034 | run=135.6s tot=63341s eta=3261m
  [4838/6400] d=4 eps=30 g=0.0 tau=5 algo=Nam2025     seed=49 | CHR=0.439 AoI=0.034 | run=129.8s tot=63471s eta=3259m
  [4839/6400] d=4 eps=30 g=0.0 tau=5 algo=Nam2025     seed=50 | CHR=0.438 AoI=0.034 | run=133.0s tot=63604s eta=3257m
  [4840/6400] d=4 eps=30 g=0.0 tau=5 algo=Nam2025     seed=51 | CHR=0.438 AoI=0.034 | run=129.8s tot=63733s eta=3256m
  [4841/6400] d=4 eps=30 g=0.0 tau=5 algo=Youn2026    seed=42 | CHR=0.438 AoI=0.034 | run=137.1s tot=63871s eta=3254m
  [4842/6400] d=4 eps=30 g=0.0 tau=5 algo=Youn2026    seed=43 | CHR=0.438 AoI=0.034 | run=136.6s tot=64007s eta=3253m
  [4843/6400] d=4 eps=30 g=0.0 tau=5 algo=Youn2026    seed=44 | CHR=0.438 AoI=0.034 | run=140.5s tot=64148s eta=3251m
  [4844/6400] d=4 eps=30 g=0.0 tau=5 algo=Youn2026    seed=45 | CHR=0.438 AoI=0.034 | run=140.2s tot=64288s eta=3250m
  [4845/6400] d=4 eps=30 g=0.0 tau=5 algo=Youn2026    seed=46 | CHR=0.438 AoI=0.034 | run=136.7s tot=64425s eta=3248m
  [4846/6400] d=4 eps=30 g=0.0 tau=5 algo=Youn2026    seed=47 | CHR=0.438 AoI=0.034 | run=136.4s tot=64561s eta=3247m
  [4847/6400] d=4 eps=30 g=0.0 tau=5 algo=Youn2026    seed=48 | CHR=0.438 AoI=0.034 | run=140.2s tot=64701s eta=3246m
  [4848/6400] d=4 eps=30 g=0.0 tau=5 algo=Youn2026    seed=49 | CHR=0.439 AoI=0.034 | run=134.5s tot=64836s eta=3244m
  [4849/6400] d=4 eps=30 g=0.0 tau=5 algo=Youn2026    seed=50 | CHR=0.438 AoI=0.034 | run=137.4s tot=64973s eta=3242m
  [4850/6400] d=4 eps=30 g=0.0 tau=5 algo=Youn2026    seed=51 | CHR=0.438 AoI=0.034 | run=134.5s tot=65108s eta=3241m
  [4851/6400] d=4 eps=30 g=0.0 tau=5 algo=V2I-Base    seed=42 | CHR=0.438 AoI=0.034 | run=127.6s tot=65235s eta=3239m
  [4852/6400] d=4 eps=30 g=0.0 tau=5 algo=V2I-Base    seed=43 | CHR=0.438 AoI=0.034 | run=127.2s tot=65362s eta=3237m
  [4853/6400] d=4 eps=30 g=0.0 tau=5 algo=V2I-Base    seed=44 | CHR=0.438 AoI=0.034 | run=130.2s tot=65493s eta=3235m
  [4854/6400] d=4 eps=30 g=0.0 tau=5 algo=V2I-Base    seed=45 | CHR=0.438 AoI=0.034 | run=129.6s tot=65622s eta=3233m
  [4855/6400] d=4 eps=30 g=0.0 tau=5 algo=V2I-Base    seed=46 | CHR=0.438 AoI=0.034 | run=127.7s tot=65750s eta=3231m
  [4856/6400] d=4 eps=30 g=0.0 tau=5 algo=V2I-Base    seed=47 | CHR=0.438 AoI=0.034 | run=126.6s tot=65876s eta=3229m
  [4857/6400] d=4 eps=30 g=0.0 tau=5 algo=V2I-Base    seed=48 | CHR=0.438 AoI=0.034 | run=130.6s tot=66007s eta=3227m
  [4858/6400] d=4 eps=30 g=0.0 tau=5 algo=V2I-Base    seed=49 | CHR=0.439 AoI=0.034 | run=125.6s tot=66133s eta=3225m
  [4859/6400] d=4 eps=30 g=0.0 tau=5 algo=V2I-Base    seed=50 | CHR=0.438 AoI=0.034 | run=128.4s tot=66261s eta=3223m
  [4860/6400] d=4 eps=30 g=0.0 tau=5 algo=V2I-Base    seed=51 | CHR=0.438 AoI=0.034 | run=125.5s tot=66387s eta=3221m
[HEARTBEAT] 2026-05-19 06:44:33 | 경과=18h 26m 26s | 진행=4860/6400 (75.9%) | 평균=125.5s/run | ETA=53h 41m | 최근완료: algo=V2I-Base d=4 eps=30 g=0.0 tau=5 seed=51
  [4861/6400] d=4 eps=30 g=0.0 tau=5 algo=V2V-Base    seed=42 | CHR=0.998 AoI=0.000 | run=103.5s tot=66490s eta=3218m
  [4862/6400] d=4 eps=30 g=0.0 tau=5 algo=V2V-Base    seed=43 | CHR=0.998 AoI=0.000 | run=103.5s tot=66594s eta=3215m
  [4863/6400] d=4 eps=30 g=0.0 tau=5 algo=V2V-Base    seed=44 | CHR=0.998 AoI=0.000 | run=105.2s tot=66699s eta=3212m
  [4864/6400] d=4 eps=30 g=0.0 tau=5 algo=V2V-Base    seed=45 | CHR=0.998 AoI=0.000 | run=105.4s tot=66804s eta=3209m
  [4865/6400] d=4 eps=30 g=0.0 tau=5 algo=V2V-Base    seed=46 | CHR=0.998 AoI=0.000 | run=103.7s tot=66908s eta=3205m
  [4866/6400] d=4 eps=30 g=0.0 tau=5 algo=V2V-Base    seed=47 | CHR=0.998 AoI=0.000 | run=103.6s tot=67011s eta=3202m
  [4867/6400] d=4 eps=30 g=0.0 tau=5 algo=V2V-Base    seed=48 | CHR=0.998 AoI=0.000 | run=106.0s tot=67117s eta=3199m
  [4868/6400] d=4 eps=30 g=0.0 tau=5 algo=V2V-Base    seed=49 | CHR=0.998 AoI=0.000 | run=102.8s tot=67220s eta=3196m
  [4869/6400] d=4 eps=30 g=0.0 tau=5 algo=V2V-Base    seed=50 | CHR=0.998 AoI=0.000 | run=104.1s tot=67324s eta=3193m
  [4870/6400] d=4 eps=30 g=0.0 tau=5 algo=V2V-Base    seed=51 | CHR=0.998 AoI=0.000 | run=102.4s tot=67427s eta=3190m
  [4871/6400] d=4 eps=30 g=0.0 tau=5 algo=Random-K    seed=42 | CHR=0.998 AoI=0.000 | run=99.8s tot=67527s eta=3187m
  [4872/6400] d=4 eps=30 g=0.0 tau=5 algo=Random-K    seed=43 | CHR=0.998 AoI=0.000 | run=99.1s tot=67626s eta=3183m
  [4873/6400] d=4 eps=30 g=0.0 tau=5 algo=Random-K    seed=44 | CHR=0.998 AoI=0.000 | run=101.0s tot=67727s eta=3180m
  [4874/6400] d=4 eps=30 g=0.0 tau=5 algo=Random-K    seed=45 | CHR=0.998 AoI=0.000 | run=101.5s tot=67828s eta=3177m
  [4875/6400] d=4 eps=30 g=0.0 tau=5 algo=Random-K    seed=46 | CHR=0.998 AoI=0.000 | run=99.5s tot=67928s eta=3174m
  [4876/6400] d=4 eps=30 g=0.0 tau=5 algo=Random-K    seed=47 | CHR=0.998 AoI=0.000 | run=99.8s tot=68027s eta=3170m
  [4877/6400] d=4 eps=30 g=0.0 tau=5 algo=Random-K    seed=48 | CHR=0.998 AoI=0.000 | run=101.7s tot=68129s eta=3167m
  [4878/6400] d=4 eps=30 g=0.0 tau=5 algo=Random-K    seed=49 | CHR=0.998 AoI=0.000 | run=98.6s tot=68228s eta=3164m
  [4879/6400] d=4 eps=30 g=0.0 tau=5 algo=Random-K    seed=50 | CHR=0.998 AoI=0.000 | run=99.6s tot=68327s eta=3161m
  [4880/6400] d=4 eps=30 g=0.0 tau=5 algo=Random-K    seed=51 | CHR=0.998 AoI=0.000 | run=98.1s tot=68425s eta=3157m
  [4881/6400] d=4 eps=30 g=1.0 tau=5 algo=RILP        seed=42 | CHR=0.438 AoI=0.034 | run=130.5s tot=68556s eta=3156m
  [4882/6400] d=4 eps=30 g=1.0 tau=5 algo=RILP        seed=43 | CHR=0.438 AoI=0.034 | run=129.6s tot=68686s eta=3154m
  [4883/6400] d=4 eps=30 g=1.0 tau=5 algo=RILP        seed=44 | CHR=0.438 AoI=0.034 | run=132.7s tot=68818s eta=3152m
  [4884/6400] d=4 eps=30 g=1.0 tau=5 algo=RILP        seed=45 | CHR=0.438 AoI=0.034 | run=132.3s tot=68951s eta=3150m
  [4885/6400] d=4 eps=30 g=1.0 tau=5 algo=RILP        seed=46 | CHR=0.438 AoI=0.034 | run=129.5s tot=69080s eta=3149m
  [4886/6400] d=4 eps=30 g=1.0 tau=5 algo=RILP        seed=47 | CHR=0.438 AoI=0.034 | run=129.0s tot=69209s eta=3147m
  [4887/6400] d=4 eps=30 g=1.0 tau=5 algo=RILP        seed=48 | CHR=0.438 AoI=0.034 | run=133.7s tot=69343s eta=3145m
  [4888/6400] d=4 eps=30 g=1.0 tau=5 algo=RILP        seed=49 | CHR=0.439 AoI=0.034 | run=128.0s tot=69471s eta=3143m
  [4889/6400] d=4 eps=30 g=1.0 tau=5 algo=RILP        seed=50 | CHR=0.438 AoI=0.034 | run=131.7s tot=69602s eta=3141m
  [4890/6400] d=4 eps=30 g=1.0 tau=5 algo=RILP        seed=51 | CHR=0.438 AoI=0.034 | run=128.2s tot=69731s eta=3139m
  [4891/6400] d=4 eps=30 g=1.0 tau=5 algo=RILP-Greedy seed=42 | CHR=0.438 AoI=0.034 | run=129.7s tot=69860s eta=3137m
  [4892/6400] d=4 eps=30 g=1.0 tau=5 algo=RILP-Greedy seed=43 | CHR=0.438 AoI=0.034 | run=129.1s tot=69989s eta=3136m
[HEARTBEAT] 2026-05-19 07:44:35 | 경과=19h 26m 29s | 진행=4892/6400 (76.4%) | 평균=124.8s/run | ETA=52h 15m | 최근완료: algo=RILP-Greedy d=4 eps=30 g=1.0 tau=5 seed=43
  [4893/6400] d=4 eps=30 g=1.0 tau=5 algo=RILP-Greedy seed=44 | CHR=0.438 AoI=0.034 | run=133.6s tot=70123s eta=3134m
  [4894/6400] d=4 eps=30 g=1.0 tau=5 algo=RILP-Greedy seed=45 | CHR=0.438 AoI=0.034 | run=132.9s tot=70256s eta=3132m
  [4895/6400] d=4 eps=30 g=1.0 tau=5 algo=RILP-Greedy seed=46 | CHR=0.438 AoI=0.034 | run=130.1s tot=70386s eta=3130m
  [4896/6400] d=4 eps=30 g=1.0 tau=5 algo=RILP-Greedy seed=47 | CHR=0.438 AoI=0.034 | run=129.8s tot=70516s eta=3128m
  [4897/6400] d=4 eps=30 g=1.0 tau=5 algo=RILP-Greedy seed=48 | CHR=0.438 AoI=0.034 | run=133.6s tot=70650s eta=3127m
  [4898/6400] d=4 eps=30 g=1.0 tau=5 algo=RILP-Greedy seed=49 | CHR=0.439 AoI=0.034 | run=128.2s tot=70778s eta=3125m
  [4899/6400] d=4 eps=30 g=1.0 tau=5 algo=RILP-Greedy seed=50 | CHR=0.438 AoI=0.034 | run=131.3s tot=70909s eta=3123m
  [4900/6400] d=4 eps=30 g=1.0 tau=5 algo=RILP-Greedy seed=51 | CHR=0.438 AoI=0.034 | run=127.2s tot=71036s eta=3121m
  [4901/6400] d=4 eps=30 g=1.0 tau=5 algo=Nam2023b    seed=42 | CHR=0.292 AoI=0.198 | run=142.8s tot=71179s eta=3120m
  [4902/6400] d=4 eps=30 g=1.0 tau=5 algo=Nam2023b    seed=43 | CHR=0.291 AoI=0.198 | run=141.8s tot=71321s eta=3118m
  [4903/6400] d=4 eps=30 g=1.0 tau=5 algo=Nam2023b    seed=44 | CHR=0.291 AoI=0.198 | run=146.0s tot=71467s eta=3117m
  [4904/6400] d=4 eps=30 g=1.0 tau=5 algo=Nam2023b    seed=45 | CHR=0.291 AoI=0.198 | run=145.6s tot=71612s eta=3116m
  [4905/6400] d=4 eps=30 g=1.0 tau=5 algo=Nam2023b    seed=46 | CHR=0.291 AoI=0.198 | run=142.5s tot=71755s eta=3115m
  [4906/6400] d=4 eps=30 g=1.0 tau=5 algo=Nam2023b    seed=47 | CHR=0.292 AoI=0.197 | run=142.0s tot=71897s eta=3113m
  [4907/6400] d=4 eps=30 g=1.0 tau=5 algo=Nam2023b    seed=48 | CHR=0.291 AoI=0.198 | run=146.8s tot=72044s eta=3112m
  [4908/6400] d=4 eps=30 g=1.0 tau=5 algo=Nam2023b    seed=49 | CHR=0.291 AoI=0.198 | run=140.3s tot=72184s eta=3111m
  [4909/6400] d=4 eps=30 g=1.0 tau=5 algo=Nam2023b    seed=50 | CHR=0.291 AoI=0.198 | run=143.3s tot=72327s eta=3110m
  [4910/6400] d=4 eps=30 g=1.0 tau=5 algo=Nam2023b    seed=51 | CHR=0.291 AoI=0.198 | run=139.9s tot=72467s eta=3108m
  [4911/6400] d=4 eps=30 g=1.0 tau=5 algo=Nam2025     seed=42 | CHR=0.438 AoI=0.034 | run=132.8s tot=72600s eta=3106m
  [4912/6400] d=4 eps=30 g=1.0 tau=5 algo=Nam2025     seed=43 | CHR=0.438 AoI=0.034 | run=131.9s tot=72732s eta=3105m
  [4913/6400] d=4 eps=30 g=1.0 tau=5 algo=Nam2025     seed=44 | CHR=0.438 AoI=0.034 | run=135.9s tot=72868s eta=3103m
  [4914/6400] d=4 eps=30 g=1.0 tau=5 algo=Nam2025     seed=45 | CHR=0.438 AoI=0.034 | run=134.4s tot=73002s eta=3101m
  [4915/6400] d=4 eps=30 g=1.0 tau=5 algo=Nam2025     seed=46 | CHR=0.438 AoI=0.034 | run=131.9s tot=73134s eta=3099m
  [4916/6400] d=4 eps=30 g=1.0 tau=5 algo=Nam2025     seed=47 | CHR=0.438 AoI=0.034 | run=132.1s tot=73266s eta=3098m
  [4917/6400] d=4 eps=30 g=1.0 tau=5 algo=Nam2025     seed=48 | CHR=0.438 AoI=0.034 | run=135.5s tot=73401s eta=3096m
  [4918/6400] d=4 eps=30 g=1.0 tau=5 algo=Nam2025     seed=49 | CHR=0.439 AoI=0.034 | run=129.8s tot=73531s eta=3094m
  [4919/6400] d=4 eps=30 g=1.0 tau=5 algo=Nam2025     seed=50 | CHR=0.438 AoI=0.034 | run=132.7s tot=73664s eta=3092m
[HEARTBEAT] 2026-05-19 08:45:50 | 경과=20h 27m 43s | 진행=4919/6400 (76.9%) | 평균=125.3s/run | ETA=51h 32m | 최근완료: algo=Nam2025 d=4 eps=30 g=1.0 tau=5 seed=50
  [4920/6400] d=4 eps=30 g=1.0 tau=5 algo=Nam2025     seed=51 | CHR=0.438 AoI=0.034 | run=129.7s tot=73794s eta=3090m
  [4921/6400] d=4 eps=30 g=1.0 tau=5 algo=Youn2026    seed=42 | CHR=0.438 AoI=0.034 | run=137.5s tot=73931s eta=3089m
  [4922/6400] d=4 eps=30 g=1.0 tau=5 algo=Youn2026    seed=43 | CHR=0.438 AoI=0.034 | run=137.3s tot=74069s eta=3087m
  [4923/6400] d=4 eps=30 g=1.0 tau=5 algo=Youn2026    seed=44 | CHR=0.438 AoI=0.034 | run=140.6s tot=74209s eta=3086m
  [4924/6400] d=4 eps=30 g=1.0 tau=5 algo=Youn2026    seed=45 | CHR=0.438 AoI=0.034 | run=139.8s tot=74349s eta=3084m
  [4925/6400] d=4 eps=30 g=1.0 tau=5 algo=Youn2026    seed=46 | CHR=0.438 AoI=0.034 | run=136.8s tot=74486s eta=3083m
  [4926/6400] d=4 eps=30 g=1.0 tau=5 algo=Youn2026    seed=47 | CHR=0.438 AoI=0.034 | run=137.1s tot=74623s eta=3081m
  [4927/6400] d=4 eps=30 g=1.0 tau=5 algo=Youn2026    seed=48 | CHR=0.438 AoI=0.034 | run=140.7s tot=74764s eta=3080m
  [4928/6400] d=4 eps=30 g=1.0 tau=5 algo=Youn2026    seed=49 | CHR=0.439 AoI=0.034 | run=135.1s tot=74899s eta=3078m
  [4929/6400] d=4 eps=30 g=1.0 tau=5 algo=Youn2026    seed=50 | CHR=0.438 AoI=0.034 | run=137.6s tot=75036s eta=3076m
  [4930/6400] d=4 eps=30 g=1.0 tau=5 algo=Youn2026    seed=51 | CHR=0.438 AoI=0.034 | run=134.9s tot=75171s eta=3075m
  [4931/6400] d=4 eps=30 g=1.0 tau=5 algo=V2I-Base    seed=42 | CHR=0.438 AoI=0.034 | run=127.5s tot=75299s eta=3073m
  [4932/6400] d=4 eps=30 g=1.0 tau=5 algo=V2I-Base    seed=43 | CHR=0.438 AoI=0.034 | run=126.8s tot=75425s eta=3071m
  [4933/6400] d=4 eps=30 g=1.0 tau=5 algo=V2I-Base    seed=44 | CHR=0.438 AoI=0.034 | run=130.6s tot=75556s eta=3069m
  [4934/6400] d=4 eps=30 g=1.0 tau=5 algo=V2I-Base    seed=45 | CHR=0.438 AoI=0.034 | run=129.6s tot=75686s eta=3067m
  [4935/6400] d=4 eps=30 g=1.0 tau=5 algo=V2I-Base    seed=46 | CHR=0.438 AoI=0.034 | run=127.1s tot=75813s eta=3065m
  [4936/6400] d=4 eps=30 g=1.0 tau=5 algo=V2I-Base    seed=47 | CHR=0.438 AoI=0.034 | run=127.2s tot=75940s eta=3063m
  [4937/6400] d=4 eps=30 g=1.0 tau=5 algo=V2I-Base    seed=48 | CHR=0.438 AoI=0.034 | run=131.6s tot=76072s eta=3061m
  [4938/6400] d=4 eps=30 g=1.0 tau=5 algo=V2I-Base    seed=49 | CHR=0.439 AoI=0.034 | run=125.5s tot=76197s eta=3059m
  [4939/6400] d=4 eps=30 g=1.0 tau=5 algo=V2I-Base    seed=50 | CHR=0.438 AoI=0.034 | run=129.0s tot=76326s eta=3057m
  [4940/6400] d=4 eps=30 g=1.0 tau=5 algo=V2I-Base    seed=51 | CHR=0.438 AoI=0.034 | run=124.8s tot=76451s eta=3055m
  [4941/6400] d=4 eps=30 g=1.0 tau=5 algo=V2V-Base    seed=42 | CHR=0.998 AoI=0.000 | run=103.7s tot=76555s eta=3052m
  [4942/6400] d=4 eps=30 g=1.0 tau=5 algo=V2V-Base    seed=43 | CHR=0.998 AoI=0.000 | run=103.5s tot=76658s eta=3049m
  [4943/6400] d=4 eps=30 g=1.0 tau=5 algo=V2V-Base    seed=44 | CHR=0.998 AoI=0.000 | run=105.3s tot=76763s eta=3046m
  [4944/6400] d=4 eps=30 g=1.0 tau=5 algo=V2V-Base    seed=45 | CHR=0.998 AoI=0.000 | run=106.0s tot=76869s eta=3043m
  [4945/6400] d=4 eps=30 g=1.0 tau=5 algo=V2V-Base    seed=46 | CHR=0.998 AoI=0.000 | run=104.5s tot=76974s eta=3040m
  [4946/6400] d=4 eps=30 g=1.0 tau=5 algo=V2V-Base    seed=47 | CHR=0.998 AoI=0.000 | run=104.2s tot=77078s eta=3037m
  [4947/6400] d=4 eps=30 g=1.0 tau=5 algo=V2V-Base    seed=48 | CHR=0.998 AoI=0.000 | run=105.8s tot=77184s eta=3034m
  [4948/6400] d=4 eps=30 g=1.0 tau=5 algo=V2V-Base    seed=49 | CHR=0.998 AoI=0.000 | run=102.8s tot=77287s eta=3031m
[HEARTBEAT] 2026-05-19 09:46:13 | 경과=21h 28m 06s | 진행=4948/6400 (77.3%) | 평균=125.3s/run | ETA=50h 31m | 최근완료: algo=V2V-Base d=4 eps=30 g=1.0 tau=5 seed=49
  [4949/6400] d=4 eps=30 g=1.0 tau=5 algo=V2V-Base    seed=50 | CHR=0.998 AoI=0.000 | run=104.4s tot=77391s eta=3028m
  [4950/6400] d=4 eps=30 g=1.0 tau=5 algo=V2V-Base    seed=51 | CHR=0.998 AoI=0.000 | run=102.3s tot=77493s eta=3025m
  [4951/6400] d=4 eps=30 g=1.0 tau=5 algo=Random-K    seed=42 | CHR=0.998 AoI=0.000 | run=100.2s tot=77594s eta=3022m
  [4952/6400] d=4 eps=30 g=1.0 tau=5 algo=Random-K    seed=43 | CHR=0.998 AoI=0.000 | run=99.9s tot=77693s eta=3019m
  [4953/6400] d=4 eps=30 g=1.0 tau=5 algo=Random-K    seed=44 | CHR=0.998 AoI=0.000 | run=101.5s tot=77795s eta=3016m
  [4954/6400] d=4 eps=30 g=1.0 tau=5 algo=Random-K    seed=45 | CHR=0.998 AoI=0.000 | run=101.4s tot=77896s eta=3013m
  [4955/6400] d=4 eps=30 g=1.0 tau=5 algo=Random-K    seed=46 | CHR=0.998 AoI=0.000 | run=100.0s tot=77996s eta=3010m
  [4956/6400] d=4 eps=30 g=1.0 tau=5 algo=Random-K    seed=47 | CHR=0.998 AoI=0.000 | run=99.8s tot=78096s eta=3007m
  [4957/6400] d=4 eps=30 g=1.0 tau=5 algo=Random-K    seed=48 | CHR=0.998 AoI=0.000 | run=101.5s tot=78198s eta=3004m
  [4958/6400] d=4 eps=30 g=1.0 tau=5 algo=Random-K    seed=49 | CHR=0.998 AoI=0.000 | run=98.9s tot=78297s eta=3001m
  [4959/6400] d=4 eps=30 g=1.0 tau=5 algo=Random-K    seed=50 | CHR=0.998 AoI=0.000 | run=100.3s tot=78397s eta=2998m
  [4960/6400] d=4 eps=30 g=1.0 tau=5 algo=Random-K    seed=51 | CHR=0.998 AoI=0.000 | run=98.5s tot=78495s eta=2995m
  [4961/6400] d=4 eps=30 g=2.0 tau=5 algo=RILP        seed=42 | CHR=0.438 AoI=0.034 | run=131.0s tot=78626s eta=2993m
  [4962/6400] d=4 eps=30 g=2.0 tau=5 algo=RILP        seed=43 | CHR=0.438 AoI=0.034 | run=129.6s tot=78756s eta=2991m
  [4963/6400] d=4 eps=30 g=2.0 tau=5 algo=RILP        seed=44 | CHR=0.438 AoI=0.034 | run=133.4s tot=78889s eta=2990m
  [4964/6400] d=4 eps=30 g=2.0 tau=5 algo=RILP        seed=45 | CHR=0.438 AoI=0.034 | run=133.2s tot=79022s eta=2988m
  [4965/6400] d=4 eps=30 g=2.0 tau=5 algo=RILP        seed=46 | CHR=0.438 AoI=0.034 | run=130.4s tot=79153s eta=2986m
  [4966/6400] d=4 eps=30 g=2.0 tau=5 algo=RILP        seed=47 | CHR=0.438 AoI=0.034 | run=129.9s tot=79283s eta=2984m
  [4967/6400] d=4 eps=30 g=2.0 tau=5 algo=RILP        seed=48 | CHR=0.438 AoI=0.034 | run=133.6s tot=79416s eta=2982m
  [4968/6400] d=4 eps=30 g=2.0 tau=5 algo=RILP        seed=49 | CHR=0.439 AoI=0.034 | run=129.2s tot=79545s eta=2980m
  [4969/6400] d=4 eps=30 g=2.0 tau=5 algo=RILP        seed=50 | CHR=0.438 AoI=0.034 | run=131.5s tot=79677s eta=2979m
  [4970/6400] d=4 eps=30 g=2.0 tau=5 algo=RILP        seed=51 | CHR=0.438 AoI=0.034 | run=128.6s tot=79806s eta=2977m
  [4971/6400] d=4 eps=30 g=2.0 tau=5 algo=RILP-Greedy seed=42 | CHR=0.438 AoI=0.034 | run=130.0s tot=79936s eta=2975m
  [4972/6400] d=4 eps=30 g=2.0 tau=5 algo=RILP-Greedy seed=43 | CHR=0.438 AoI=0.034 | run=129.5s tot=80065s eta=2973m
  [4973/6400] d=4 eps=30 g=2.0 tau=5 algo=RILP-Greedy seed=44 | CHR=0.438 AoI=0.034 | run=132.7s tot=80198s eta=2971m
  [4974/6400] d=4 eps=30 g=2.0 tau=5 algo=RILP-Greedy seed=45 | CHR=0.438 AoI=0.034 | run=133.5s tot=80331s eta=2969m
  [4975/6400] d=4 eps=30 g=2.0 tau=5 algo=RILP-Greedy seed=46 | CHR=0.438 AoI=0.034 | run=130.0s tot=80461s eta=2967m
  [4976/6400] d=4 eps=30 g=2.0 tau=5 algo=RILP-Greedy seed=47 | CHR=0.438 AoI=0.034 | run=129.5s tot=80591s eta=2965m
  [4977/6400] d=4 eps=30 g=2.0 tau=5 algo=RILP-Greedy seed=48 | CHR=0.438 AoI=0.034 | run=133.4s tot=80724s eta=2964m
  [4978/6400] d=4 eps=30 g=2.0 tau=5 algo=RILP-Greedy seed=49 | CHR=0.439 AoI=0.034 | run=128.6s tot=80853s eta=2962m
  [4979/6400] d=4 eps=30 g=2.0 tau=5 algo=RILP-Greedy seed=50 | CHR=0.438 AoI=0.034 | run=131.0s tot=80984s eta=2960m
[HEARTBEAT] 2026-05-19 10:47:50 | 경과=22h 29m 43s | 진행=4979/6400 (77.8%) | 평균=125.0s/run | ETA=49h 19m | 최근완료: algo=RILP-Greedy d=4 eps=30 g=2.0 tau=5 seed=50
  [4980/6400] d=4 eps=30 g=2.0 tau=5 algo=RILP-Greedy seed=51 | CHR=0.438 AoI=0.034 | run=127.7s tot=81112s eta=2958m
  [4981/6400] d=4 eps=30 g=2.0 tau=5 algo=Nam2023b    seed=42 | CHR=0.292 AoI=0.198 | run=142.8s tot=81254s eta=2956m
  [4982/6400] d=4 eps=30 g=2.0 tau=5 algo=Nam2023b    seed=43 | CHR=0.291 AoI=0.198 | run=142.0s tot=81396s eta=2955m
  [4983/6400] d=4 eps=30 g=2.0 tau=5 algo=Nam2023b    seed=44 | CHR=0.291 AoI=0.198 | run=146.3s tot=81543s eta=2954m
  [4984/6400] d=4 eps=30 g=2.0 tau=5 algo=Nam2023b    seed=45 | CHR=0.291 AoI=0.198 | run=145.5s tot=81688s eta=2952m
  [4985/6400] d=4 eps=30 g=2.0 tau=5 algo=Nam2023b    seed=46 | CHR=0.291 AoI=0.198 | run=142.0s tot=81830s eta=2951m
  [4986/6400] d=4 eps=30 g=2.0 tau=5 algo=Nam2023b    seed=47 | CHR=0.292 AoI=0.197 | run=142.5s tot=81973s eta=2949m
  [4987/6400] d=4 eps=30 g=2.0 tau=5 algo=Nam2023b    seed=48 | CHR=0.291 AoI=0.198 | run=146.8s tot=82120s eta=2948m
  [4988/6400] d=4 eps=30 g=2.0 tau=5 algo=Nam2023b    seed=49 | CHR=0.291 AoI=0.198 | run=141.1s tot=82261s eta=2947m
  [4989/6400] d=4 eps=30 g=2.0 tau=5 algo=Nam2023b    seed=50 | CHR=0.291 AoI=0.198 | run=143.8s tot=82405s eta=2945m
  [4990/6400] d=4 eps=30 g=2.0 tau=5 algo=Nam2023b    seed=51 | CHR=0.291 AoI=0.198 | run=140.3s tot=82545s eta=2944m
  [4991/6400] d=4 eps=30 g=2.0 tau=5 algo=Nam2025     seed=42 | CHR=0.438 AoI=0.034 | run=133.1s tot=82678s eta=2942m
  [4992/6400] d=4 eps=30 g=2.0 tau=5 algo=Nam2025     seed=43 | CHR=0.438 AoI=0.034 | run=131.8s tot=82810s eta=2940m
  [4993/6400] d=4 eps=30 g=2.0 tau=5 algo=Nam2025     seed=44 | CHR=0.438 AoI=0.034 | run=135.3s tot=82945s eta=2938m
  [4994/6400] d=4 eps=30 g=2.0 tau=5 algo=Nam2025     seed=45 | CHR=0.438 AoI=0.034 | run=135.1s tot=83080s eta=2936m
  [4995/6400] d=4 eps=30 g=2.0 tau=5 algo=Nam2025     seed=46 | CHR=0.438 AoI=0.034 | run=132.6s tot=83213s eta=2935m
  [4996/6400] d=4 eps=30 g=2.0 tau=5 algo=Nam2025     seed=47 | CHR=0.438 AoI=0.034 | run=132.8s tot=83345s eta=2933m
  [4997/6400] d=4 eps=30 g=2.0 tau=5 algo=Nam2025     seed=48 | CHR=0.438 AoI=0.034 | run=136.1s tot=83482s eta=2931m
  [4998/6400] d=4 eps=30 g=2.0 tau=5 algo=Nam2025     seed=49 | CHR=0.439 AoI=0.034 | run=128.4s tot=83610s eta=2929m
  [4999/6400] d=4 eps=30 g=2.0 tau=5 algo=Nam2025     seed=50 | CHR=0.438 AoI=0.034 | run=128.7s tot=83739s eta=2927m
  [5000/6400] d=4 eps=30 g=2.0 tau=5 algo=Nam2025     seed=51 | CHR=0.438 AoI=0.034 | run=125.6s tot=83864s eta=2925m
  [5001/6400] d=4 eps=30 g=2.0 tau=5 algo=Youn2026    seed=42 | CHR=0.438 AoI=0.034 | run=132.5s tot=83997s eta=2923m
  [5002/6400] d=4 eps=30 g=2.0 tau=5 algo=Youn2026    seed=43 | CHR=0.438 AoI=0.034 | run=132.5s tot=84129s eta=2921m
  [5003/6400] d=4 eps=30 g=2.0 tau=5 algo=Youn2026    seed=44 | CHR=0.438 AoI=0.034 | run=135.2s tot=84265s eta=2920m
  [5004/6400] d=4 eps=30 g=2.0 tau=5 algo=Youn2026    seed=45 | CHR=0.438 AoI=0.034 | run=134.8s tot=84399s eta=2918m
  [5005/6400] d=4 eps=30 g=2.0 tau=5 algo=Youn2026    seed=46 | CHR=0.438 AoI=0.034 | run=132.2s tot=84532s eta=2916m
  [5006/6400] d=4 eps=30 g=2.0 tau=5 algo=Youn2026    seed=47 | CHR=0.438 AoI=0.034 | run=131.9s tot=84663s eta=2914m
[HEARTBEAT] 2026-05-19 11:49:09 | 경과=23h 31m 03s | 진행=5006/6400 (78.2%) | 평균=125.4s/run | ETA=48h 34m | 최근완료: algo=Youn2026 d=4 eps=30 g=2.0 tau=5 seed=47
  [5007/6400] d=4 eps=30 g=2.0 tau=5 algo=Youn2026    seed=48 | CHR=0.438 AoI=0.034 | run=136.2s tot=84800s eta=2912m
  [5008/6400] d=4 eps=30 g=2.0 tau=5 algo=Youn2026    seed=49 | CHR=0.439 AoI=0.034 | run=130.8s tot=84930s eta=2910m
  [5009/6400] d=4 eps=30 g=2.0 tau=5 algo=Youn2026    seed=50 | CHR=0.438 AoI=0.034 | run=133.5s tot=85064s eta=2909m
  [5010/6400] d=4 eps=30 g=2.0 tau=5 algo=Youn2026    seed=51 | CHR=0.438 AoI=0.034 | run=130.8s tot=85195s eta=2907m
  [5011/6400] d=4 eps=30 g=2.0 tau=5 algo=V2I-Base    seed=42 | CHR=0.438 AoI=0.034 | run=123.5s tot=85318s eta=2905m
  [5012/6400] d=4 eps=30 g=2.0 tau=5 algo=V2I-Base    seed=43 | CHR=0.438 AoI=0.034 | run=122.5s tot=85441s eta=2902m
  [5013/6400] d=4 eps=30 g=2.0 tau=5 algo=V2I-Base    seed=44 | CHR=0.438 AoI=0.034 | run=126.3s tot=85567s eta=2900m
  [5014/6400] d=4 eps=30 g=2.0 tau=5 algo=V2I-Base    seed=45 | CHR=0.438 AoI=0.034 | run=125.8s tot=85693s eta=2898m
  [5015/6400] d=4 eps=30 g=2.0 tau=5 algo=V2I-Base    seed=46 | CHR=0.438 AoI=0.034 | run=122.9s tot=85816s eta=2896m
  [5016/6400] d=4 eps=30 g=2.0 tau=5 algo=V2I-Base    seed=47 | CHR=0.438 AoI=0.034 | run=123.0s tot=85939s eta=2894m
  [5017/6400] d=4 eps=30 g=2.0 tau=5 algo=V2I-Base    seed=48 | CHR=0.438 AoI=0.034 | run=126.7s tot=86065s eta=2892m
  [5018/6400] d=4 eps=30 g=2.0 tau=5 algo=V2I-Base    seed=49 | CHR=0.439 AoI=0.034 | run=121.1s tot=86186s eta=2890m
  [5019/6400] d=4 eps=30 g=2.0 tau=5 algo=V2I-Base    seed=50 | CHR=0.438 AoI=0.034 | run=123.9s tot=86310s eta=2887m
  [5020/6400] d=4 eps=30 g=2.0 tau=5 algo=V2I-Base    seed=51 | CHR=0.438 AoI=0.034 | run=120.5s tot=86431s eta=2885m
  [5021/6400] d=4 eps=30 g=2.0 tau=5 algo=V2V-Base    seed=42 | CHR=0.998 AoI=0.000 | run=99.3s tot=86530s eta=2882m
  [5022/6400] d=4 eps=30 g=2.0 tau=5 algo=V2V-Base    seed=43 | CHR=0.998 AoI=0.000 | run=99.3s tot=86629s eta=2879m
  [5023/6400] d=4 eps=30 g=2.0 tau=5 algo=V2V-Base    seed=44 | CHR=0.998 AoI=0.000 | run=101.2s tot=86731s eta=2876m
  [5024/6400] d=4 eps=30 g=2.0 tau=5 algo=V2V-Base    seed=45 | CHR=0.998 AoI=0.000 | run=101.1s tot=86832s eta=2874m
  [5025/6400] d=4 eps=30 g=2.0 tau=5 algo=V2V-Base    seed=46 | CHR=0.998 AoI=0.000 | run=99.7s tot=86931s eta=2871m
  [5026/6400] d=4 eps=30 g=2.0 tau=5 algo=V2V-Base    seed=47 | CHR=0.998 AoI=0.000 | run=99.4s tot=87031s eta=2868m
  [5027/6400] d=4 eps=30 g=2.0 tau=5 algo=V2V-Base    seed=48 | CHR=0.998 AoI=0.000 | run=101.1s tot=87132s eta=2865m
  [5028/6400] d=4 eps=30 g=2.0 tau=5 algo=V2V-Base    seed=49 | CHR=0.998 AoI=0.000 | run=98.1s tot=87230s eta=2862m
  [5029/6400] d=4 eps=30 g=2.0 tau=5 algo=V2V-Base    seed=50 | CHR=0.998 AoI=0.000 | run=99.8s tot=87330s eta=2859m
  [5030/6400] d=4 eps=30 g=2.0 tau=5 algo=V2V-Base    seed=51 | CHR=0.998 AoI=0.000 | run=98.0s tot=87428s eta=2856m
  [5031/6400] d=4 eps=30 g=2.0 tau=5 algo=Random-K    seed=42 | CHR=0.998 AoI=0.000 | run=96.0s tot=87524s eta=2853m
  [5032/6400] d=4 eps=30 g=2.0 tau=5 algo=Random-K    seed=43 | CHR=0.998 AoI=0.000 | run=95.3s tot=87619s eta=2850m
  [5033/6400] d=4 eps=30 g=2.0 tau=5 algo=Random-K    seed=44 | CHR=0.998 AoI=0.000 | run=97.1s tot=87716s eta=2847m
  [5034/6400] d=4 eps=30 g=2.0 tau=5 algo=Random-K    seed=45 | CHR=0.998 AoI=0.000 | run=97.8s tot=87814s eta=2844m
  [5035/6400] d=4 eps=30 g=2.0 tau=5 algo=Random-K    seed=46 | CHR=0.998 AoI=0.000 | run=95.2s tot=87909s eta=2841m
  [5036/6400] d=4 eps=30 g=2.0 tau=5 algo=Random-K    seed=47 | CHR=0.998 AoI=0.000 | run=95.5s tot=88005s eta=2838m
  [5037/6400] d=4 eps=30 g=2.0 tau=5 algo=Random-K    seed=48 | CHR=0.998 AoI=0.000 | run=97.0s tot=88102s eta=2835m
  [5038/6400] d=4 eps=30 g=2.0 tau=5 algo=Random-K    seed=49 | CHR=0.998 AoI=0.000 | run=94.7s tot=88196s eta=2832m
  [5039/6400] d=4 eps=30 g=2.0 tau=5 algo=Random-K    seed=50 | CHR=0.998 AoI=0.000 | run=96.0s tot=88292s eta=2829m
[HEARTBEAT] 2026-05-19 12:49:38 | 경과=24h 31m 32s | 진행=5039/6400 (78.7%) | 평균=124.7s/run | ETA=47h 08m | 최근완료: algo=Random-K d=4 eps=30 g=2.0 tau=5 seed=50
  [5040/6400] d=4 eps=30 g=2.0 tau=5 algo=Random-K    seed=51 | CHR=0.998 AoI=0.000 | run=94.0s tot=88386s eta=2826m
  [5041/6400] d=4 eps=30 g=3.0 tau=5 algo=RILP        seed=42 | CHR=0.438 AoI=0.034 | run=126.4s tot=88513s eta=2824m
  [5042/6400] d=4 eps=30 g=3.0 tau=5 algo=RILP        seed=43 | CHR=0.438 AoI=0.034 | run=125.4s tot=88638s eta=2822m
  [5043/6400] d=4 eps=30 g=3.0 tau=5 algo=RILP        seed=44 | CHR=0.438 AoI=0.034 | run=129.1s tot=88767s eta=2820m
  [5044/6400] d=4 eps=30 g=3.0 tau=5 algo=RILP        seed=45 | CHR=0.438 AoI=0.034 | run=128.2s tot=88895s eta=2818m
  [5045/6400] d=4 eps=30 g=3.0 tau=5 algo=RILP        seed=46 | CHR=0.438 AoI=0.034 | run=125.4s tot=89021s eta=2816m
  [5046/6400] d=4 eps=30 g=3.0 tau=5 algo=RILP        seed=47 | CHR=0.438 AoI=0.034 | run=125.1s tot=89146s eta=2814m
  [5047/6400] d=4 eps=30 g=3.0 tau=5 algo=RILP        seed=48 | CHR=0.438 AoI=0.034 | run=128.8s tot=89275s eta=2812m
  [5048/6400] d=4 eps=30 g=3.0 tau=5 algo=RILP        seed=49 | CHR=0.439 AoI=0.034 | run=123.7s tot=89398s eta=2810m
  [5049/6400] d=4 eps=30 g=3.0 tau=5 algo=RILP        seed=50 | CHR=0.438 AoI=0.034 | run=126.5s tot=89525s eta=2808m
  [5050/6400] d=4 eps=30 g=3.0 tau=5 algo=RILP        seed=51 | CHR=0.438 AoI=0.034 | run=124.0s tot=89649s eta=2805m
  [5051/6400] d=4 eps=30 g=3.0 tau=5 algo=RILP-Greedy seed=42 | CHR=0.438 AoI=0.034 | run=125.6s tot=89774s eta=2803m
  [5052/6400] d=4 eps=30 g=3.0 tau=5 algo=RILP-Greedy seed=43 | CHR=0.438 AoI=0.034 | run=124.7s tot=89899s eta=2801m
  [5053/6400] d=4 eps=30 g=3.0 tau=5 algo=RILP-Greedy seed=44 | CHR=0.438 AoI=0.034 | run=128.3s tot=90027s eta=2799m
  [5054/6400] d=4 eps=30 g=3.0 tau=5 algo=RILP-Greedy seed=45 | CHR=0.438 AoI=0.034 | run=128.7s tot=90156s eta=2797m
  [5055/6400] d=4 eps=30 g=3.0 tau=5 algo=RILP-Greedy seed=46 | CHR=0.438 AoI=0.034 | run=125.0s tot=90281s eta=2795m
  [5056/6400] d=4 eps=30 g=3.0 tau=5 algo=RILP-Greedy seed=47 | CHR=0.438 AoI=0.034 | run=124.9s tot=90406s eta=2793m
  [5057/6400] d=4 eps=30 g=3.0 tau=5 algo=RILP-Greedy seed=48 | CHR=0.438 AoI=0.034 | run=128.7s tot=90535s eta=2791m
  [5058/6400] d=4 eps=30 g=3.0 tau=5 algo=RILP-Greedy seed=49 | CHR=0.439 AoI=0.034 | run=123.1s tot=90658s eta=2789m
  [5059/6400] d=4 eps=30 g=3.0 tau=5 algo=RILP-Greedy seed=50 | CHR=0.438 AoI=0.034 | run=125.9s tot=90784s eta=2787m
  [5060/6400] d=4 eps=30 g=3.0 tau=5 algo=RILP-Greedy seed=51 | CHR=0.438 AoI=0.034 | run=123.2s tot=90907s eta=2785m
  [5061/6400] d=4 eps=30 g=3.0 tau=5 algo=Nam2023b    seed=42 | CHR=0.292 AoI=0.198 | run=138.4s tot=91045s eta=2783m
  [5062/6400] d=4 eps=30 g=3.0 tau=5 algo=Nam2023b    seed=43 | CHR=0.291 AoI=0.198 | run=138.2s tot=91183s eta=2782m
  [5063/6400] d=4 eps=30 g=3.0 tau=5 algo=Nam2023b    seed=44 | CHR=0.291 AoI=0.198 | run=141.6s tot=91325s eta=2780m
  [5064/6400] d=4 eps=30 g=3.0 tau=5 algo=Nam2023b    seed=45 | CHR=0.291 AoI=0.198 | run=141.0s tot=91466s eta=2779m
  [5065/6400] d=4 eps=30 g=3.0 tau=5 algo=Nam2023b    seed=46 | CHR=0.291 AoI=0.198 | run=137.8s tot=91604s eta=2777m
  [5066/6400] d=4 eps=30 g=3.0 tau=5 algo=Nam2023b    seed=47 | CHR=0.292 AoI=0.197 | run=137.4s tot=91741s eta=2775m
  [5067/6400] d=4 eps=30 g=3.0 tau=5 algo=Nam2023b    seed=48 | CHR=0.291 AoI=0.198 | run=142.1s tot=91883s eta=2774m
  [5068/6400] d=4 eps=30 g=3.0 tau=5 algo=Nam2023b    seed=49 | CHR=0.291 AoI=0.198 | run=135.9s tot=92019s eta=2772m
[HEARTBEAT] 2026-05-19 13:51:45 | 경과=25h 33m 39s | 진행=5068/6400 (79.2%) | 평균=124.9s/run | ETA=46h 11m | 최근완료: algo=Nam2023b d=4 eps=30 g=3.0 tau=5 seed=49
  [5069/6400] d=4 eps=30 g=3.0 tau=5 algo=Nam2023b    seed=50 | CHR=0.291 AoI=0.198 | run=139.1s tot=92158s eta=2770m
  [5070/6400] d=4 eps=30 g=3.0 tau=5 algo=Nam2023b    seed=51 | CHR=0.291 AoI=0.198 | run=135.9s tot=92294s eta=2768m
  [5071/6400] d=4 eps=30 g=3.0 tau=5 algo=Nam2025     seed=42 | CHR=0.438 AoI=0.034 | run=129.0s tot=92423s eta=2766m
  [5072/6400] d=4 eps=30 g=3.0 tau=5 algo=Nam2025     seed=43 | CHR=0.438 AoI=0.034 | run=128.0s tot=92551s eta=2764m
  [5073/6400] d=4 eps=30 g=3.0 tau=5 algo=Nam2025     seed=44 | CHR=0.438 AoI=0.034 | run=130.9s tot=92682s eta=2763m
  [5074/6400] d=4 eps=30 g=3.0 tau=5 algo=Nam2025     seed=45 | CHR=0.438 AoI=0.034 | run=130.4s tot=92813s eta=2761m
  [5075/6400] d=4 eps=30 g=3.0 tau=5 algo=Nam2025     seed=46 | CHR=0.438 AoI=0.034 | run=127.5s tot=92940s eta=2759m
  [5076/6400] d=4 eps=30 g=3.0 tau=5 algo=Nam2025     seed=47 | CHR=0.438 AoI=0.034 | run=128.4s tot=93069s eta=2757m
  [5077/6400] d=4 eps=30 g=3.0 tau=5 algo=Nam2025     seed=48 | CHR=0.438 AoI=0.034 | run=131.2s tot=93200s eta=2755m
  [5078/6400] d=4 eps=30 g=3.0 tau=5 algo=Nam2025     seed=49 | CHR=0.439 AoI=0.034 | run=125.9s tot=93326s eta=2753m
  [5079/6400] d=4 eps=30 g=3.0 tau=5 algo=Nam2025     seed=50 | CHR=0.438 AoI=0.034 | run=128.9s tot=93455s eta=2751m
  [5080/6400] d=4 eps=30 g=3.0 tau=5 algo=Nam2025     seed=51 | CHR=0.438 AoI=0.034 | run=125.5s tot=93580s eta=2749m
  [5081/6400] d=4 eps=30 g=3.0 tau=5 algo=Youn2026    seed=42 | CHR=0.438 AoI=0.034 | run=132.7s tot=93713s eta=2747m
  [5082/6400] d=4 eps=30 g=3.0 tau=5 algo=Youn2026    seed=43 | CHR=0.438 AoI=0.034 | run=132.1s tot=93845s eta=2745m
  [5083/6400] d=4 eps=30 g=3.0 tau=5 algo=Youn2026    seed=44 | CHR=0.438 AoI=0.034 | run=136.4s tot=93981s eta=2743m
  [5084/6400] d=4 eps=30 g=3.0 tau=5 algo=Youn2026    seed=45 | CHR=0.438 AoI=0.034 | run=135.8s tot=94117s eta=2741m
  [5085/6400] d=4 eps=30 g=3.0 tau=5 algo=Youn2026    seed=46 | CHR=0.438 AoI=0.034 | run=132.7s tot=94250s eta=2740m
  [5086/6400] d=4 eps=30 g=3.0 tau=5 algo=Youn2026    seed=47 | CHR=0.438 AoI=0.034 | run=132.9s tot=94383s eta=2738m
  [5087/6400] d=4 eps=30 g=3.0 tau=5 algo=Youn2026    seed=48 | CHR=0.438 AoI=0.034 | run=136.9s tot=94520s eta=2736m
  [5088/6400] d=4 eps=30 g=3.0 tau=5 algo=Youn2026    seed=49 | CHR=0.439 AoI=0.034 | run=130.6s tot=94650s eta=2734m
  [5089/6400] d=4 eps=30 g=3.0 tau=5 algo=Youn2026    seed=50 | CHR=0.438 AoI=0.034 | run=133.4s tot=94784s eta=2732m
  [5090/6400] d=4 eps=30 g=3.0 tau=5 algo=Youn2026    seed=51 | CHR=0.438 AoI=0.034 | run=130.6s tot=94914s eta=2730m
  [5091/6400] d=4 eps=30 g=3.0 tau=5 algo=V2I-Base    seed=42 | CHR=0.438 AoI=0.034 | run=123.6s tot=95038s eta=2728m
  [5092/6400] d=4 eps=30 g=3.0 tau=5 algo=V2I-Base    seed=43 | CHR=0.438 AoI=0.034 | run=123.2s tot=95161s eta=2726m
  [5093/6400] d=4 eps=30 g=3.0 tau=5 algo=V2I-Base    seed=44 | CHR=0.438 AoI=0.034 | run=125.9s tot=95287s eta=2724m
  [5094/6400] d=4 eps=30 g=3.0 tau=5 algo=V2I-Base    seed=45 | CHR=0.438 AoI=0.034 | run=125.9s tot=95413s eta=2722m
  [5095/6400] d=4 eps=30 g=3.0 tau=5 algo=V2I-Base    seed=46 | CHR=0.438 AoI=0.034 | run=122.9s tot=95536s eta=2720m
  [5096/6400] d=4 eps=30 g=3.0 tau=5 algo=V2I-Base    seed=47 | CHR=0.438 AoI=0.034 | run=123.1s tot=95659s eta=2718m
[HEARTBEAT] 2026-05-19 14:52:25 | 경과=26h 34m 18s | 진행=5096/6400 (79.6%) | 평균=125.0s/run | ETA=45h 17m | 최근완료: algo=V2I-Base d=4 eps=30 g=3.0 tau=5 seed=47
  [5097/6400] d=4 eps=30 g=3.0 tau=5 algo=V2I-Base    seed=48 | CHR=0.438 AoI=0.034 | run=126.3s tot=95785s eta=2716m
  [5098/6400] d=4 eps=30 g=3.0 tau=5 algo=V2I-Base    seed=49 | CHR=0.439 AoI=0.034 | run=121.0s tot=95906s eta=2713m
  [5099/6400] d=4 eps=30 g=3.0 tau=5 algo=V2I-Base    seed=50 | CHR=0.438 AoI=0.034 | run=124.1s tot=96030s eta=2711m
  [5100/6400] d=4 eps=30 g=3.0 tau=5 algo=V2I-Base    seed=51 | CHR=0.438 AoI=0.034 | run=121.0s tot=96151s eta=2709m
  [5101/6400] d=4 eps=30 g=3.0 tau=5 algo=V2V-Base    seed=42 | CHR=0.998 AoI=0.000 | run=99.5s tot=96251s eta=2706m
  [5102/6400] d=4 eps=30 g=3.0 tau=5 algo=V2V-Base    seed=43 | CHR=0.998 AoI=0.000 | run=99.6s tot=96350s eta=2703m
  [5103/6400] d=4 eps=30 g=3.0 tau=5 algo=V2V-Base    seed=44 | CHR=0.998 AoI=0.000 | run=101.3s tot=96452s eta=2701m
  [5104/6400] d=4 eps=30 g=3.0 tau=5 algo=V2V-Base    seed=45 | CHR=0.998 AoI=0.000 | run=101.5s tot=96553s eta=2698m
  [5105/6400] d=4 eps=30 g=3.0 tau=5 algo=V2V-Base    seed=46 | CHR=0.998 AoI=0.000 | run=100.1s tot=96653s eta=2695m
  [5106/6400] d=4 eps=30 g=3.0 tau=5 algo=V2V-Base    seed=47 | CHR=0.998 AoI=0.000 | run=99.6s tot=96753s eta=2692m
  [5107/6400] d=4 eps=30 g=3.0 tau=5 algo=V2V-Base    seed=48 | CHR=0.998 AoI=0.000 | run=101.6s tot=96855s eta=2690m
  [5108/6400] d=4 eps=30 g=3.0 tau=5 algo=V2V-Base    seed=49 | CHR=0.998 AoI=0.000 | run=98.6s tot=96953s eta=2687m
  [5109/6400] d=4 eps=30 g=3.0 tau=5 algo=V2V-Base    seed=50 | CHR=0.998 AoI=0.000 | run=100.0s tot=97053s eta=2684m
  [5110/6400] d=4 eps=30 g=3.0 tau=5 algo=V2V-Base    seed=51 | CHR=0.998 AoI=0.000 | run=98.3s tot=97151s eta=2681m
  [5111/6400] d=4 eps=30 g=3.0 tau=5 algo=Random-K    seed=42 | CHR=0.998 AoI=0.000 | run=95.9s tot=97247s eta=2678m
  [5112/6400] d=4 eps=30 g=3.0 tau=5 algo=Random-K    seed=43 | CHR=0.998 AoI=0.000 | run=95.1s tot=97342s eta=2676m
  [5113/6400] d=4 eps=30 g=3.0 tau=5 algo=Random-K    seed=44 | CHR=0.998 AoI=0.000 | run=97.1s tot=97439s eta=2673m
  [5114/6400] d=4 eps=30 g=3.0 tau=5 algo=Random-K    seed=45 | CHR=0.998 AoI=0.000 | run=97.2s tot=97537s eta=2670m
  [5115/6400] d=4 eps=30 g=3.0 tau=5 algo=Random-K    seed=46 | CHR=0.998 AoI=0.000 | run=95.3s tot=97632s eta=2667m
  [5116/6400] d=4 eps=30 g=3.0 tau=5 algo=Random-K    seed=47 | CHR=0.998 AoI=0.000 | run=95.6s tot=97728s eta=2664m
  [5117/6400] d=4 eps=30 g=3.0 tau=5 algo=Random-K    seed=48 | CHR=0.998 AoI=0.000 | run=96.9s tot=97825s eta=2661m
  [5118/6400] d=4 eps=30 g=3.0 tau=5 algo=Random-K    seed=49 | CHR=0.998 AoI=0.000 | run=94.7s tot=97919s eta=2658m
  [5119/6400] d=4 eps=30 g=3.0 tau=5 algo=Random-K    seed=50 | CHR=0.998 AoI=0.000 | run=95.9s tot=98015s eta=2656m
  [5120/6400] d=4 eps=30 g=3.0 tau=5 algo=Random-K    seed=51 | CHR=0.998 AoI=0.000 | run=94.0s tot=98109s eta=2653m
  [5121/6400] d=5 eps=0 g=0.0 tau=5 algo=RILP        seed=42 | CHR=0.438 AoI=0.034 | run=126.2s tot=98235s eta=2651m
  [5122/6400] d=5 eps=0 g=0.0 tau=5 algo=RILP        seed=43 | CHR=0.438 AoI=0.034 | run=125.2s tot=98361s eta=2649m
  [5123/6400] d=5 eps=0 g=0.0 tau=5 algo=RILP        seed=44 | CHR=0.438 AoI=0.034 | run=128.8s tot=98489s eta=2647m
  [5124/6400] d=5 eps=0 g=0.0 tau=5 algo=RILP        seed=45 | CHR=0.438 AoI=0.034 | run=128.2s tot=98618s eta=2645m
  [5125/6400] d=5 eps=0 g=0.0 tau=5 algo=RILP        seed=46 | CHR=0.438 AoI=0.034 | run=125.8s tot=98743s eta=2643m
  [5126/6400] d=5 eps=0 g=0.0 tau=5 algo=RILP        seed=47 | CHR=0.438 AoI=0.034 | run=125.7s tot=98869s eta=2641m
  [5127/6400] d=5 eps=0 g=0.0 tau=5 algo=RILP        seed=48 | CHR=0.438 AoI=0.034 | run=129.2s tot=98998s eta=2639m
  [5128/6400] d=5 eps=0 g=0.0 tau=5 algo=RILP        seed=49 | CHR=0.439 AoI=0.034 | run=123.6s tot=99122s eta=2637m
  [5129/6400] d=5 eps=0 g=0.0 tau=5 algo=RILP        seed=50 | CHR=0.438 AoI=0.034 | run=126.8s tot=99249s eta=2635m
  [5130/6400] d=5 eps=0 g=0.0 tau=5 algo=RILP        seed=51 | CHR=0.438 AoI=0.034 | run=124.3s tot=99373s eta=2633m
[HEARTBEAT] 2026-05-19 15:54:19 | 경과=27h 36m 13s | 진행=5130/6400 (80.2%) | 평균=124.4s/run | ETA=43h 52m | 최근완료: algo=RILP d=5 eps=0 g=0.0 tau=5 seed=51
  [5131/6400] d=5 eps=0 g=0.0 tau=5 algo=RILP-Greedy seed=42 | CHR=0.438 AoI=0.034 | run=126.8s tot=99500s eta=2631m
  [5132/6400] d=5 eps=0 g=0.0 tau=5 algo=RILP-Greedy seed=43 | CHR=0.438 AoI=0.034 | run=125.6s tot=99626s eta=2628m
  [5133/6400] d=5 eps=0 g=0.0 tau=5 algo=RILP-Greedy seed=44 | CHR=0.438 AoI=0.034 | run=128.8s tot=99754s eta=2627m
  [5134/6400] d=5 eps=0 g=0.0 tau=5 algo=RILP-Greedy seed=45 | CHR=0.438 AoI=0.034 | run=128.6s tot=99883s eta=2625m
  [5135/6400] d=5 eps=0 g=0.0 tau=5 algo=RILP-Greedy seed=46 | CHR=0.438 AoI=0.034 | run=126.2s tot=100009s eta=2623m
  [5136/6400] d=5 eps=0 g=0.0 tau=5 algo=RILP-Greedy seed=47 | CHR=0.438 AoI=0.034 | run=125.4s tot=100134s eta=2620m
  [5137/6400] d=5 eps=0 g=0.0 tau=5 algo=RILP-Greedy seed=48 | CHR=0.438 AoI=0.034 | run=128.9s tot=100263s eta=2619m
  [5138/6400] d=5 eps=0 g=0.0 tau=5 algo=RILP-Greedy seed=49 | CHR=0.439 AoI=0.034 | run=124.0s tot=100387s eta=2616m
  [5139/6400] d=5 eps=0 g=0.0 tau=5 algo=RILP-Greedy seed=50 | CHR=0.438 AoI=0.034 | run=126.8s tot=100514s eta=2614m
  [5140/6400] d=5 eps=0 g=0.0 tau=5 algo=RILP-Greedy seed=51 | CHR=0.438 AoI=0.034 | run=123.5s tot=100638s eta=2612m
  [5141/6400] d=5 eps=0 g=0.0 tau=5 algo=Nam2023b    seed=42 | CHR=0.292 AoI=0.198 | run=139.5s tot=100777s eta=2611m
  [5142/6400] d=5 eps=0 g=0.0 tau=5 algo=Nam2023b    seed=43 | CHR=0.291 AoI=0.198 | run=138.2s tot=100915s eta=2609m
  [5143/6400] d=5 eps=0 g=0.0 tau=5 algo=Nam2023b    seed=44 | CHR=0.291 AoI=0.198 | run=142.0s tot=101057s eta=2607m
  [5144/6400] d=5 eps=0 g=0.0 tau=5 algo=Nam2023b    seed=45 | CHR=0.291 AoI=0.198 | run=141.1s tot=101199s eta=2606m
  [5145/6400] d=5 eps=0 g=0.0 tau=5 algo=Nam2023b    seed=46 | CHR=0.291 AoI=0.198 | run=138.1s tot=101337s eta=2604m
  [5146/6400] d=5 eps=0 g=0.0 tau=5 algo=Nam2023b    seed=47 | CHR=0.292 AoI=0.197 | run=137.8s tot=101474s eta=2602m
  [5147/6400] d=5 eps=0 g=0.0 tau=5 algo=Nam2023b    seed=48 | CHR=0.291 AoI=0.198 | run=142.4s tot=101617s eta=2601m
  [5148/6400] d=5 eps=0 g=0.0 tau=5 algo=Nam2023b    seed=49 | CHR=0.291 AoI=0.198 | run=136.1s tot=101753s eta=2599m
  [5149/6400] d=5 eps=0 g=0.0 tau=5 algo=Nam2023b    seed=50 | CHR=0.291 AoI=0.198 | run=139.6s tot=101893s eta=2597m
  [5150/6400] d=5 eps=0 g=0.0 tau=5 algo=Nam2023b    seed=51 | CHR=0.291 AoI=0.198 | run=136.1s tot=102029s eta=2595m
  [5151/6400] d=5 eps=0 g=0.0 tau=5 algo=Nam2025     seed=42 | CHR=0.438 AoI=0.034 | run=129.1s tot=102158s eta=2593m
  [5152/6400] d=5 eps=0 g=0.0 tau=5 algo=Nam2025     seed=43 | CHR=0.438 AoI=0.034 | run=127.6s tot=102285s eta=2591m
  [5153/6400] d=5 eps=0 g=0.0 tau=5 algo=Nam2025     seed=44 | CHR=0.438 AoI=0.034 | run=131.1s tot=102417s eta=2589m
  [5154/6400] d=5 eps=0 g=0.0 tau=5 algo=Nam2025     seed=45 | CHR=0.438 AoI=0.034 | run=131.0s tot=102548s eta=2588m
  [5155/6400] d=5 eps=0 g=0.0 tau=5 algo=Nam2025     seed=46 | CHR=0.438 AoI=0.034 | run=128.0s tot=102676s eta=2586m
  [5156/6400] d=5 eps=0 g=0.0 tau=5 algo=Nam2025     seed=47 | CHR=0.438 AoI=0.034 | run=127.9s tot=102804s eta=2584m
  [5157/6400] d=5 eps=0 g=0.0 tau=5 algo=Nam2025     seed=48 | CHR=0.438 AoI=0.034 | run=131.7s tot=102935s eta=2582m
  [5158/6400] d=5 eps=0 g=0.0 tau=5 algo=Nam2025     seed=49 | CHR=0.439 AoI=0.034 | run=126.7s tot=103062s eta=2580m
[HEARTBEAT] 2026-05-19 16:55:48 | 경과=28h 37m 41s | 진행=5158/6400 (80.6%) | 평균=124.6s/run | ETA=42h 59m | 최근완료: algo=Nam2025 d=5 eps=0 g=0.0 tau=5 seed=49
  [5159/6400] d=5 eps=0 g=0.0 tau=5 algo=Nam2025     seed=50 | CHR=0.438 AoI=0.034 | run=129.1s tot=103191s eta=2578m
  [5160/6400] d=5 eps=0 g=0.0 tau=5 algo=Nam2025     seed=51 | CHR=0.438 AoI=0.034 | run=125.9s tot=103317s eta=2576m
  [5161/6400] d=5 eps=0 g=0.0 tau=5 algo=Youn2026    seed=42 | CHR=0.438 AoI=0.034 | run=133.5s tot=103450s eta=2574m
  [5162/6400] d=5 eps=0 g=0.0 tau=5 algo=Youn2026    seed=43 | CHR=0.438 AoI=0.034 | run=132.7s tot=103583s eta=2572m
  [5163/6400] d=5 eps=0 g=0.0 tau=5 algo=Youn2026    seed=44 | CHR=0.438 AoI=0.034 | run=136.3s tot=103719s eta=2570m
  [5164/6400] d=5 eps=0 g=0.0 tau=5 algo=Youn2026    seed=45 | CHR=0.438 AoI=0.034 | run=135.9s tot=103855s eta=2568m
  [5165/6400] d=5 eps=0 g=0.0 tau=5 algo=Youn2026    seed=46 | CHR=0.438 AoI=0.034 | run=132.6s tot=103988s eta=2566m
  [5166/6400] d=5 eps=0 g=0.0 tau=5 algo=Youn2026    seed=47 | CHR=0.438 AoI=0.034 | run=132.8s tot=104121s eta=2565m
  [5167/6400] d=5 eps=0 g=0.0 tau=5 algo=Youn2026    seed=48 | CHR=0.438 AoI=0.034 | run=136.6s tot=104257s eta=2563m
  [5168/6400] d=5 eps=0 g=0.0 tau=5 algo=Youn2026    seed=49 | CHR=0.439 AoI=0.034 | run=130.7s tot=104388s eta=2561m
  [5169/6400] d=5 eps=0 g=0.0 tau=5 algo=Youn2026    seed=50 | CHR=0.438 AoI=0.034 | run=133.6s tot=104522s eta=2559m
  [5170/6400] d=5 eps=0 g=0.0 tau=5 algo=Youn2026    seed=51 | CHR=0.438 AoI=0.034 | run=130.7s tot=104652s eta=2557m
  [5171/6400] d=5 eps=0 g=0.0 tau=5 algo=V2I-Base    seed=42 | CHR=0.438 AoI=0.034 | run=123.3s tot=104776s eta=2555m
  [5172/6400] d=5 eps=0 g=0.0 tau=5 algo=V2I-Base    seed=43 | CHR=0.438 AoI=0.034 | run=123.0s tot=104899s eta=2553m
  [5173/6400] d=5 eps=0 g=0.0 tau=5 algo=V2I-Base    seed=44 | CHR=0.438 AoI=0.034 | run=126.2s tot=105025s eta=2551m
  [5174/6400] d=5 eps=0 g=0.0 tau=5 algo=V2I-Base    seed=45 | CHR=0.438 AoI=0.034 | run=126.0s tot=105151s eta=2549m
  [5175/6400] d=5 eps=0 g=0.0 tau=5 algo=V2I-Base    seed=46 | CHR=0.438 AoI=0.034 | run=123.2s tot=105274s eta=2547m
  [5176/6400] d=5 eps=0 g=0.0 tau=5 algo=V2I-Base    seed=47 | CHR=0.438 AoI=0.034 | run=122.8s tot=105397s eta=2544m
  [5177/6400] d=5 eps=0 g=0.0 tau=5 algo=V2I-Base    seed=48 | CHR=0.438 AoI=0.034 | run=127.0s tot=105524s eta=2542m
  [5178/6400] d=5 eps=0 g=0.0 tau=5 algo=V2I-Base    seed=49 | CHR=0.439 AoI=0.034 | run=121.7s tot=105645s eta=2540m
  [5179/6400] d=5 eps=0 g=0.0 tau=5 algo=V2I-Base    seed=50 | CHR=0.438 AoI=0.034 | run=124.8s tot=105770s eta=2538m
  [5180/6400] d=5 eps=0 g=0.0 tau=5 algo=V2I-Base    seed=51 | CHR=0.438 AoI=0.034 | run=121.6s tot=105892s eta=2536m
  [5181/6400] d=5 eps=0 g=0.0 tau=5 algo=V2V-Base    seed=42 | CHR=0.998 AoI=0.000 | run=100.3s tot=105992s eta=2533m
  [5182/6400] d=5 eps=0 g=0.0 tau=5 algo=V2V-Base    seed=43 | CHR=0.998 AoI=0.000 | run=99.5s tot=106092s eta=2531m
  [5183/6400] d=5 eps=0 g=0.0 tau=5 algo=V2V-Base    seed=44 | CHR=0.998 AoI=0.000 | run=101.8s tot=106193s eta=2528m
  [5184/6400] d=5 eps=0 g=0.0 tau=5 algo=V2V-Base    seed=45 | CHR=0.998 AoI=0.000 | run=102.1s tot=106295s eta=2526m
  [5185/6400] d=5 eps=0 g=0.0 tau=5 algo=V2V-Base    seed=46 | CHR=0.998 AoI=0.000 | run=99.7s tot=106395s eta=2523m
  [5186/6400] d=5 eps=0 g=0.0 tau=5 algo=V2V-Base    seed=47 | CHR=0.998 AoI=0.000 | run=99.9s tot=106495s eta=2520m
  [5187/6400] d=5 eps=0 g=0.0 tau=5 algo=V2V-Base    seed=48 | CHR=0.998 AoI=0.000 | run=101.5s tot=106597s eta=2518m
  [5188/6400] d=5 eps=0 g=0.0 tau=5 algo=V2V-Base    seed=49 | CHR=0.998 AoI=0.000 | run=98.5s tot=106695s eta=2515m
[HEARTBEAT] 2026-05-19 17:56:21 | 경과=29h 38m 15s | 진행=5188/6400 (81.1%) | 평균=124.5s/run | ETA=41h 54m | 최근완료: algo=V2V-Base d=5 eps=0 g=0.0 tau=5 seed=49
  [5189/6400] d=5 eps=0 g=0.0 tau=5 algo=V2V-Base    seed=50 | CHR=0.998 AoI=0.000 | run=100.2s tot=106795s eta=2512m
  [5190/6400] d=5 eps=0 g=0.0 tau=5 algo=V2V-Base    seed=51 | CHR=0.998 AoI=0.000 | run=98.8s tot=106894s eta=2510m
  [5191/6400] d=5 eps=0 g=0.0 tau=5 algo=Random-K    seed=42 | CHR=0.998 AoI=0.000 | run=95.9s tot=106990s eta=2507m
  [5192/6400] d=5 eps=0 g=0.0 tau=5 algo=Random-K    seed=43 | CHR=0.998 AoI=0.000 | run=95.5s tot=107086s eta=2504m
  [5193/6400] d=5 eps=0 g=0.0 tau=5 algo=Random-K    seed=44 | CHR=0.998 AoI=0.000 | run=97.1s tot=107183s eta=2501m
  [5194/6400] d=5 eps=0 g=0.0 tau=5 algo=Random-K    seed=45 | CHR=0.998 AoI=0.000 | run=97.8s tot=107280s eta=2499m
  [5195/6400] d=5 eps=0 g=0.0 tau=5 algo=Random-K    seed=46 | CHR=0.998 AoI=0.000 | run=95.8s tot=107376s eta=2496m
  [5196/6400] d=5 eps=0 g=0.0 tau=5 algo=Random-K    seed=47 | CHR=0.998 AoI=0.000 | run=95.4s tot=107472s eta=2493m
  [5197/6400] d=5 eps=0 g=0.0 tau=5 algo=Random-K    seed=48 | CHR=0.998 AoI=0.000 | run=97.6s tot=107569s eta=2490m
  [5198/6400] d=5 eps=0 g=0.0 tau=5 algo=Random-K    seed=49 | CHR=0.998 AoI=0.000 | run=94.3s tot=107664s eta=2488m
  [5199/6400] d=5 eps=0 g=0.0 tau=5 algo=Random-K    seed=50 | CHR=0.998 AoI=0.000 | run=96.0s tot=107760s eta=2485m
  [5200/6400] d=5 eps=0 g=0.0 tau=5 algo=Random-K    seed=51 | CHR=0.998 AoI=0.000 | run=94.9s tot=107854s eta=2482m
  [5201/6400] d=5 eps=0 g=1.0 tau=5 algo=RILP        seed=42 | CHR=0.438 AoI=0.034 | run=127.2s tot=107982s eta=2480m
  [5202/6400] d=5 eps=0 g=1.0 tau=5 algo=RILP        seed=43 | CHR=0.438 AoI=0.034 | run=125.7s tot=108107s eta=2478m
  [5203/6400] d=5 eps=0 g=1.0 tau=5 algo=RILP        seed=44 | CHR=0.438 AoI=0.034 | run=128.7s tot=108236s eta=2476m
  [5204/6400] d=5 eps=0 g=1.0 tau=5 algo=RILP        seed=45 | CHR=0.438 AoI=0.034 | run=128.4s tot=108364s eta=2474m
  [5205/6400] d=5 eps=0 g=1.0 tau=5 algo=RILP        seed=46 | CHR=0.438 AoI=0.034 | run=125.6s tot=108490s eta=2472m
  [5206/6400] d=5 eps=0 g=1.0 tau=5 algo=RILP        seed=47 | CHR=0.438 AoI=0.034 | run=125.8s tot=108616s eta=2470m
  [5207/6400] d=5 eps=0 g=1.0 tau=5 algo=RILP        seed=48 | CHR=0.438 AoI=0.034 | run=130.0s tot=108746s eta=2468m
  [5208/6400] d=5 eps=0 g=1.0 tau=5 algo=RILP        seed=49 | CHR=0.439 AoI=0.034 | run=124.1s tot=108870s eta=2466m
  [5209/6400] d=5 eps=0 g=1.0 tau=5 algo=RILP        seed=50 | CHR=0.438 AoI=0.034 | run=126.7s tot=108997s eta=2464m
  [5210/6400] d=5 eps=0 g=1.0 tau=5 algo=RILP        seed=51 | CHR=0.438 AoI=0.034 | run=124.2s tot=109121s eta=2462m
  [5211/6400] d=5 eps=0 g=1.0 tau=5 algo=RILP-Greedy seed=42 | CHR=0.438 AoI=0.034 | run=126.0s tot=109247s eta=2460m
  [5212/6400] d=5 eps=0 g=1.0 tau=5 algo=RILP-Greedy seed=43 | CHR=0.438 AoI=0.034 | run=125.5s tot=109372s eta=2458m
  [5213/6400] d=5 eps=0 g=1.0 tau=5 algo=RILP-Greedy seed=44 | CHR=0.438 AoI=0.034 | run=128.6s tot=109501s eta=2456m
  [5214/6400] d=5 eps=0 g=1.0 tau=5 algo=RILP-Greedy seed=45 | CHR=0.438 AoI=0.034 | run=127.9s tot=109629s eta=2454m
  [5215/6400] d=5 eps=0 g=1.0 tau=5 algo=RILP-Greedy seed=46 | CHR=0.438 AoI=0.034 | run=125.6s tot=109754s eta=2452m
  [5216/6400] d=5 eps=0 g=1.0 tau=5 algo=RILP-Greedy seed=47 | CHR=0.438 AoI=0.034 | run=126.0s tot=109881s eta=2450m
  [5217/6400] d=5 eps=0 g=1.0 tau=5 algo=RILP-Greedy seed=48 | CHR=0.438 AoI=0.034 | run=129.2s tot=110010s eta=2448m
  [5218/6400] d=5 eps=0 g=1.0 tau=5 algo=RILP-Greedy seed=49 | CHR=0.439 AoI=0.034 | run=123.9s tot=110134s eta=2446m
  [5219/6400] d=5 eps=0 g=1.0 tau=5 algo=RILP-Greedy seed=50 | CHR=0.438 AoI=0.034 | run=127.5s tot=110261s eta=2444m
  [5220/6400] d=5 eps=0 g=1.0 tau=5 algo=RILP-Greedy seed=51 | CHR=0.438 AoI=0.034 | run=123.9s tot=110385s eta=2442m
[HEARTBEAT] 2026-05-19 18:57:51 | 경과=30h 39m 45s | 진행=5220/6400 (81.6%) | 평균=124.2s/run | ETA=40h 41m | 최근완료: algo=RILP-Greedy d=5 eps=0 g=1.0 tau=5 seed=51
  [5221/6400] d=5 eps=0 g=1.0 tau=5 algo=Nam2023b    seed=42 | CHR=0.292 AoI=0.198 | run=139.1s tot=110524s eta=2440m
  [5222/6400] d=5 eps=0 g=1.0 tau=5 algo=Nam2023b    seed=43 | CHR=0.291 AoI=0.198 | run=137.6s tot=110662s eta=2438m
  [5223/6400] d=5 eps=0 g=1.0 tau=5 algo=Nam2023b    seed=44 | CHR=0.291 AoI=0.198 | run=141.7s tot=110803s eta=2437m
  [5224/6400] d=5 eps=0 g=1.0 tau=5 algo=Nam2023b    seed=45 | CHR=0.291 AoI=0.198 | run=141.7s tot=110945s eta=2435m
  [5225/6400] d=5 eps=0 g=1.0 tau=5 algo=Nam2023b    seed=46 | CHR=0.291 AoI=0.198 | run=138.0s tot=111083s eta=2433m
  [5226/6400] d=5 eps=0 g=1.0 tau=5 algo=Nam2023b    seed=47 | CHR=0.292 AoI=0.197 | run=138.1s tot=111221s eta=2432m
  [5227/6400] d=5 eps=0 g=1.0 tau=5 algo=Nam2023b    seed=48 | CHR=0.291 AoI=0.198 | run=141.9s tot=111363s eta=2430m
  [5228/6400] d=5 eps=0 g=1.0 tau=5 algo=Nam2023b    seed=49 | CHR=0.291 AoI=0.198 | run=136.0s tot=111499s eta=2428m
  [5229/6400] d=5 eps=0 g=1.0 tau=5 algo=Nam2023b    seed=50 | CHR=0.291 AoI=0.198 | run=139.5s tot=111638s eta=2426m
  [5230/6400] d=5 eps=0 g=1.0 tau=5 algo=Nam2023b    seed=51 | CHR=0.291 AoI=0.198 | run=136.5s tot=111775s eta=2424m
  [5231/6400] d=5 eps=0 g=1.0 tau=5 algo=Nam2025     seed=42 | CHR=0.438 AoI=0.034 | run=128.5s tot=111904s eta=2423m
  [5232/6400] d=5 eps=0 g=1.0 tau=5 algo=Nam2025     seed=43 | CHR=0.438 AoI=0.034 | run=128.2s tot=112032s eta=2421m
  [5233/6400] d=5 eps=0 g=1.0 tau=5 algo=Nam2025     seed=44 | CHR=0.438 AoI=0.034 | run=131.3s tot=112163s eta=2419m
  [5234/6400] d=5 eps=0 g=1.0 tau=5 algo=Nam2025     seed=45 | CHR=0.438 AoI=0.034 | run=132.2s tot=112295s eta=2417m
  [5235/6400] d=5 eps=0 g=1.0 tau=5 algo=Nam2025     seed=46 | CHR=0.438 AoI=0.034 | run=128.9s tot=112424s eta=2415m
  [5236/6400] d=5 eps=0 g=1.0 tau=5 algo=Nam2025     seed=47 | CHR=0.438 AoI=0.034 | run=128.8s tot=112553s eta=2413m
  [5237/6400] d=5 eps=0 g=1.0 tau=5 algo=Nam2025     seed=48 | CHR=0.438 AoI=0.034 | run=132.2s tot=112685s eta=2411m
  [5238/6400] d=5 eps=0 g=1.0 tau=5 algo=Nam2025     seed=49 | CHR=0.439 AoI=0.034 | run=128.0s tot=112813s eta=2409m
  [5239/6400] d=5 eps=0 g=1.0 tau=5 algo=Nam2025     seed=50 | CHR=0.438 AoI=0.034 | run=129.8s tot=112943s eta=2407m
  [5240/6400] d=5 eps=0 g=1.0 tau=5 algo=Nam2025     seed=51 | CHR=0.438 AoI=0.034 | run=126.8s tot=113070s eta=2405m
  [5241/6400] d=5 eps=0 g=1.0 tau=5 algo=Youn2026    seed=42 | CHR=0.438 AoI=0.034 | run=136.6s tot=113206s eta=2403m
  [5242/6400] d=5 eps=0 g=1.0 tau=5 algo=Youn2026    seed=43 | CHR=0.438 AoI=0.034 | run=136.0s tot=113342s eta=2401m
  [5243/6400] d=5 eps=0 g=1.0 tau=5 algo=Youn2026    seed=44 | CHR=0.438 AoI=0.034 | run=137.9s tot=113480s eta=2399m
  [5244/6400] d=5 eps=0 g=1.0 tau=5 algo=Youn2026    seed=45 | CHR=0.438 AoI=0.034 | run=137.2s tot=113617s eta=2398m
  [5245/6400] d=5 eps=0 g=1.0 tau=5 algo=Youn2026    seed=46 | CHR=0.438 AoI=0.034 | run=133.8s tot=113751s eta=2396m
  [5246/6400] d=5 eps=0 g=1.0 tau=5 algo=Youn2026    seed=47 | CHR=0.438 AoI=0.034 | run=135.3s tot=113886s eta=2394m
  [5247/6400] d=5 eps=0 g=1.0 tau=5 algo=Youn2026    seed=48 | CHR=0.438 AoI=0.034 | run=138.4s tot=114025s eta=2392m
[HEARTBEAT] 2026-05-19 19:58:31 | 경과=31h 40m 24s | 진행=5247/6400 (82.0%) | 평균=124.5s/run | ETA=39h 52m | 최근완료: algo=Youn2026 d=5 eps=0 g=1.0 tau=5 seed=48
  [5248/6400] d=5 eps=0 g=1.0 tau=5 algo=Youn2026    seed=49 | CHR=0.439 AoI=0.034 | run=137.9s tot=114163s eta=2390m
  [5249/6400] d=5 eps=0 g=1.0 tau=5 algo=Youn2026    seed=50 | CHR=0.438 AoI=0.034 | run=156.8s tot=114320s eta=2389m
  [5250/6400] d=5 eps=0 g=1.0 tau=5 algo=Youn2026    seed=51 | CHR=0.438 AoI=0.034 | run=156.7s tot=114476s eta=2388m
  [5251/6400] d=5 eps=0 g=1.0 tau=5 algo=V2I-Base    seed=42 | CHR=0.438 AoI=0.034 | run=149.1s tot=114625s eta=2386m
  [5252/6400] d=5 eps=0 g=1.0 tau=5 algo=V2I-Base    seed=43 | CHR=0.438 AoI=0.034 | run=148.9s tot=114774s eta=2384m
  [5253/6400] d=5 eps=0 g=1.0 tau=5 algo=V2I-Base    seed=44 | CHR=0.438 AoI=0.034 | run=153.7s tot=114928s eta=2383m
  [5254/6400] d=5 eps=0 g=1.0 tau=5 algo=V2I-Base    seed=45 | CHR=0.438 AoI=0.034 | run=154.2s tot=115082s eta=2381m
  [5255/6400] d=5 eps=0 g=1.0 tau=5 algo=V2I-Base    seed=46 | CHR=0.438 AoI=0.034 | run=152.0s tot=115234s eta=2380m
  [5256/6400] d=5 eps=0 g=1.0 tau=5 algo=V2I-Base    seed=47 | CHR=0.438 AoI=0.034 | run=150.8s tot=115385s eta=2378m
  [5257/6400] d=5 eps=0 g=1.0 tau=5 algo=V2I-Base    seed=48 | CHR=0.438 AoI=0.034 | run=156.6s tot=115541s eta=2377m
  [5258/6400] d=5 eps=0 g=1.0 tau=5 algo=V2I-Base    seed=49 | CHR=0.439 AoI=0.034 | run=149.6s tot=115691s eta=2375m
  [5259/6400] d=5 eps=0 g=1.0 tau=5 algo=V2I-Base    seed=50 | CHR=0.438 AoI=0.034 | run=153.3s tot=115844s eta=2374m
  [5260/6400] d=5 eps=0 g=1.0 tau=5 algo=V2I-Base    seed=51 | CHR=0.438 AoI=0.034 | run=151.8s tot=115996s eta=2372m
  [5261/6400] d=5 eps=0 g=1.0 tau=5 algo=V2V-Base    seed=42 | CHR=0.998 AoI=0.000 | run=124.5s tot=116121s eta=2370m
  [5262/6400] d=5 eps=0 g=1.0 tau=5 algo=V2V-Base    seed=43 | CHR=0.998 AoI=0.000 | run=123.5s tot=116244s eta=2368m
  [5263/6400] d=5 eps=0 g=1.0 tau=5 algo=V2V-Base    seed=44 | CHR=0.998 AoI=0.000 | run=124.9s tot=116369s eta=2366m
  [5264/6400] d=5 eps=0 g=1.0 tau=5 algo=V2V-Base    seed=45 | CHR=0.998 AoI=0.000 | run=126.1s tot=116495s eta=2364m
  [5265/6400] d=5 eps=0 g=1.0 tau=5 algo=V2V-Base    seed=46 | CHR=0.998 AoI=0.000 | run=123.9s tot=116619s eta=2362m
  [5266/6400] d=5 eps=0 g=1.0 tau=5 algo=V2V-Base    seed=47 | CHR=0.998 AoI=0.000 | run=123.8s tot=116743s eta=2360m
  [5267/6400] d=5 eps=0 g=1.0 tau=5 algo=V2V-Base    seed=48 | CHR=0.998 AoI=0.000 | run=125.6s tot=116869s eta=2358m
  [5268/6400] d=5 eps=0 g=1.0 tau=5 algo=V2V-Base    seed=49 | CHR=0.998 AoI=0.000 | run=122.6s tot=116991s eta=2356m
  [5269/6400] d=5 eps=0 g=1.0 tau=5 algo=V2V-Base    seed=50 | CHR=0.998 AoI=0.000 | run=124.3s tot=117115s eta=2354m
  [5270/6400] d=5 eps=0 g=1.0 tau=5 algo=V2V-Base    seed=51 | CHR=0.998 AoI=0.000 | run=122.2s tot=117238s eta=2351m
  [5271/6400] d=5 eps=0 g=1.0 tau=5 algo=Random-K    seed=42 | CHR=0.998 AoI=0.000 | run=120.6s tot=117358s eta=2349m
  [5272/6400] d=5 eps=0 g=1.0 tau=5 algo=Random-K    seed=43 | CHR=0.998 AoI=0.000 | run=120.5s tot=117479s eta=2347m
  [5273/6400] d=5 eps=0 g=1.0 tau=5 algo=Random-K    seed=44 | CHR=0.998 AoI=0.000 | run=122.3s tot=117601s eta=2345m
  [5274/6400] d=5 eps=0 g=1.0 tau=5 algo=Random-K    seed=45 | CHR=0.998 AoI=0.000 | run=121.7s tot=117723s eta=2343m
[HEARTBEAT] 2026-05-19 21:00:09 | 경과=32h 42m 02s | 진행=5274/6400 (82.4%) | 평균=124.8s/run | ETA=39h 02m | 최근완료: algo=Random-K d=5 eps=0 g=1.0 tau=5 seed=45
  [5275/6400] d=5 eps=0 g=1.0 tau=5 algo=Random-K    seed=46 | CHR=0.998 AoI=0.000 | run=121.0s tot=117844s eta=2341m
  [5276/6400] d=5 eps=0 g=1.0 tau=5 algo=Random-K    seed=47 | CHR=0.998 AoI=0.000 | run=120.9s tot=117965s eta=2338m
  [5277/6400] d=5 eps=0 g=1.0 tau=5 algo=Random-K    seed=48 | CHR=0.998 AoI=0.000 | run=122.5s tot=118087s eta=2336m
  [5278/6400] d=5 eps=0 g=1.0 tau=5 algo=Random-K    seed=49 | CHR=0.998 AoI=0.000 | run=119.5s tot=118207s eta=2334m
  [5279/6400] d=5 eps=0 g=1.0 tau=5 algo=Random-K    seed=50 | CHR=0.998 AoI=0.000 | run=120.7s tot=118327s eta=2332m
  [5280/6400] d=5 eps=0 g=1.0 tau=5 algo=Random-K    seed=51 | CHR=0.998 AoI=0.000 | run=119.4s tot=118447s eta=2330m
  [5281/6400] d=5 eps=0 g=2.0 tau=5 algo=RILP        seed=42 | CHR=0.438 AoI=0.034 | run=159.0s tot=118606s eta=2328m
  [5282/6400] d=5 eps=0 g=2.0 tau=5 algo=RILP        seed=43 | CHR=0.438 AoI=0.034 | run=158.3s tot=118764s eta=2327m
  [5283/6400] d=5 eps=0 g=2.0 tau=5 algo=RILP        seed=44 | CHR=0.438 AoI=0.034 | run=162.9s tot=118927s eta=2326m
  [5284/6400] d=5 eps=0 g=2.0 tau=5 algo=RILP        seed=45 | CHR=0.438 AoI=0.034 | run=161.6s tot=119088s eta=2324m
  [5285/6400] d=5 eps=0 g=2.0 tau=5 algo=RILP        seed=46 | CHR=0.438 AoI=0.034 | run=158.1s tot=119247s eta=2323m
  [5286/6400] d=5 eps=0 g=2.0 tau=5 algo=RILP        seed=47 | CHR=0.438 AoI=0.034 | run=158.1s tot=119405s eta=2321m
  [5287/6400] d=5 eps=0 g=2.0 tau=5 algo=RILP        seed=48 | CHR=0.438 AoI=0.034 | run=163.1s tot=119568s eta=2320m
  [5288/6400] d=5 eps=0 g=2.0 tau=5 algo=RILP        seed=49 | CHR=0.439 AoI=0.034 | run=156.0s tot=119724s eta=2319m
  [5289/6400] d=5 eps=0 g=2.0 tau=5 algo=RILP        seed=50 | CHR=0.438 AoI=0.034 | run=159.6s tot=119883s eta=2317m
  [5290/6400] d=5 eps=0 g=2.0 tau=5 algo=RILP        seed=51 | CHR=0.438 AoI=0.034 | run=157.5s tot=120041s eta=2316m
  [5291/6400] d=5 eps=0 g=2.0 tau=5 algo=RILP-Greedy seed=42 | CHR=0.438 AoI=0.034 | run=158.3s tot=120199s eta=2314m
  [5292/6400] d=5 eps=0 g=2.0 tau=5 algo=RILP-Greedy seed=43 | CHR=0.438 AoI=0.034 | run=157.3s tot=120356s eta=2313m
  [5293/6400] d=5 eps=0 g=2.0 tau=5 algo=RILP-Greedy seed=44 | CHR=0.438 AoI=0.034 | run=163.7s tot=120520s eta=2311m
  [5294/6400] d=5 eps=0 g=2.0 tau=5 algo=RILP-Greedy seed=45 | CHR=0.438 AoI=0.034 | run=163.0s tot=120683s eta=2310m
  [5295/6400] d=5 eps=0 g=2.0 tau=5 algo=RILP-Greedy seed=46 | CHR=0.438 AoI=0.034 | run=158.9s tot=120842s eta=2309m
  [5296/6400] d=5 eps=0 g=2.0 tau=5 algo=RILP-Greedy seed=47 | CHR=0.438 AoI=0.034 | run=158.4s tot=121000s eta=2307m
  [5297/6400] d=5 eps=0 g=2.0 tau=5 algo=RILP-Greedy seed=48 | CHR=0.438 AoI=0.034 | run=164.8s tot=121165s eta=2306m
  [5298/6400] d=5 eps=0 g=2.0 tau=5 algo=RILP-Greedy seed=49 | CHR=0.439 AoI=0.034 | run=158.2s tot=121323s eta=2304m
[HEARTBEAT] 2026-05-19 22:00:09 | 경과=33h 42m 03s | 진행=5298/6400 (82.8%) | 평균=125.5s/run | ETA=38h 24m | 최근완료: algo=RILP-Greedy d=5 eps=0 g=2.0 tau=5 seed=49
  [5299/6400] d=5 eps=0 g=2.0 tau=5 algo=RILP-Greedy seed=50 | CHR=0.438 AoI=0.034 | run=159.5s tot=121483s eta=2303m
  [5300/6400] d=5 eps=0 g=2.0 tau=5 algo=RILP-Greedy seed=51 | CHR=0.438 AoI=0.034 | run=155.8s tot=121639s eta=2301m
  [5301/6400] d=5 eps=0 g=2.0 tau=5 algo=Nam2023b    seed=42 | CHR=0.292 AoI=0.198 | run=174.0s tot=121813s eta=2300m
  [5302/6400] d=5 eps=0 g=2.0 tau=5 algo=Nam2023b    seed=43 | CHR=0.291 AoI=0.198 | run=173.0s tot=121986s eta=2299m
  [5303/6400] d=5 eps=0 g=2.0 tau=5 algo=Nam2023b    seed=44 | CHR=0.291 AoI=0.198 | run=179.2s tot=122165s eta=2298m
  [5304/6400] d=5 eps=0 g=2.0 tau=5 algo=Nam2023b    seed=45 | CHR=0.291 AoI=0.198 | run=177.7s tot=122343s eta=2297m
  [5305/6400] d=5 eps=0 g=2.0 tau=5 algo=Nam2023b    seed=46 | CHR=0.291 AoI=0.198 | run=173.4s tot=122516s eta=2296m
  [5306/6400] d=5 eps=0 g=2.0 tau=5 algo=Nam2023b    seed=47 | CHR=0.292 AoI=0.197 | run=173.5s tot=122689s eta=2294m
  [5307/6400] d=5 eps=0 g=2.0 tau=5 algo=Nam2023b    seed=48 | CHR=0.291 AoI=0.198 | run=178.4s tot=122868s eta=2293m
  [5308/6400] d=5 eps=0 g=2.0 tau=5 algo=Nam2023b    seed=49 | CHR=0.291 AoI=0.198 | run=171.3s tot=123039s eta=2292m
  [5309/6400] d=5 eps=0 g=2.0 tau=5 algo=Nam2023b    seed=50 | CHR=0.291 AoI=0.198 | run=175.3s tot=123214s eta=2291m
  [5310/6400] d=5 eps=0 g=2.0 tau=5 algo=Nam2023b    seed=51 | CHR=0.291 AoI=0.198 | run=171.6s tot=123386s eta=2290m
  [5311/6400] d=5 eps=0 g=2.0 tau=5 algo=Nam2025     seed=42 | CHR=0.438 AoI=0.034 | run=162.4s tot=123548s eta=2288m
  [5312/6400] d=5 eps=0 g=2.0 tau=5 algo=Nam2025     seed=43 | CHR=0.438 AoI=0.034 | run=163.1s tot=123712s eta=2287m
  [5313/6400] d=5 eps=0 g=2.0 tau=5 algo=Nam2025     seed=44 | CHR=0.438 AoI=0.034 | run=166.3s tot=123878s eta=2285m
  [5314/6400] d=5 eps=0 g=2.0 tau=5 algo=Nam2025     seed=45 | CHR=0.438 AoI=0.034 | run=164.9s tot=124043s eta=2284m
  [5315/6400] d=5 eps=0 g=2.0 tau=5 algo=Nam2025     seed=46 | CHR=0.438 AoI=0.034 | run=162.3s tot=124205s eta=2283m
  [5316/6400] d=5 eps=0 g=2.0 tau=5 algo=Nam2025     seed=47 | CHR=0.438 AoI=0.034 | run=163.4s tot=124368s eta=2281m
  [5317/6400] d=5 eps=0 g=2.0 tau=5 algo=Nam2025     seed=48 | CHR=0.438 AoI=0.034 | run=166.9s tot=124535s eta=2280m
  [5318/6400] d=5 eps=0 g=2.0 tau=5 algo=Nam2025     seed=49 | CHR=0.439 AoI=0.034 | run=159.5s tot=124695s eta=2278m
  [5319/6400] d=5 eps=0 g=2.0 tau=5 algo=Nam2025     seed=50 | CHR=0.438 AoI=0.034 | run=164.3s tot=124859s eta=2277m
  [5320/6400] d=5 eps=0 g=2.0 tau=5 algo=Nam2025     seed=51 | CHR=0.438 AoI=0.034 | run=159.8s tot=125019s eta=2275m
[HEARTBEAT] 2026-05-19 23:01:45 | 경과=34h 43m 39s | 진행=5320/6400 (83.1%) | 평균=126.4s/run | ETA=37h 55m | 최근완료: algo=Nam2025 d=5 eps=0 g=2.0 tau=5 seed=51
  [5321/6400] d=5 eps=0 g=2.0 tau=5 algo=Youn2026    seed=42 | CHR=0.438 AoI=0.034 | run=168.8s tot=125188s eta=2274m
  [5322/6400] d=5 eps=0 g=2.0 tau=5 algo=Youn2026    seed=43 | CHR=0.438 AoI=0.034 | run=166.3s tot=125354s eta=2273m
  [5323/6400] d=5 eps=0 g=2.0 tau=5 algo=Youn2026    seed=44 | CHR=0.438 AoI=0.034 | run=172.2s tot=125526s eta=2271m
  [5324/6400] d=5 eps=0 g=2.0 tau=5 algo=Youn2026    seed=45 | CHR=0.438 AoI=0.034 | run=171.0s tot=125697s eta=2270m
  [5325/6400] d=5 eps=0 g=2.0 tau=5 algo=Youn2026    seed=46 | CHR=0.438 AoI=0.034 | run=166.5s tot=125864s eta=2269m
  [5326/6400] d=5 eps=0 g=2.0 tau=5 algo=Youn2026    seed=47 | CHR=0.438 AoI=0.034 | run=167.3s tot=126031s eta=2267m
  [5327/6400] d=5 eps=0 g=2.0 tau=5 algo=Youn2026    seed=48 | CHR=0.438 AoI=0.034 | run=171.8s tot=126203s eta=2266m
  [5328/6400] d=5 eps=0 g=2.0 tau=5 algo=Youn2026    seed=49 | CHR=0.439 AoI=0.034 | run=163.8s tot=126367s eta=2265m
  [5329/6400] d=5 eps=0 g=2.0 tau=5 algo=Youn2026    seed=50 | CHR=0.438 AoI=0.034 | run=168.4s tot=126535s eta=2263m
  [5330/6400] d=5 eps=0 g=2.0 tau=5 algo=Youn2026    seed=51 | CHR=0.438 AoI=0.034 | run=164.5s tot=126700s eta=2262m
  [5331/6400] d=5 eps=0 g=2.0 tau=5 algo=V2I-Base    seed=42 | CHR=0.438 AoI=0.034 | run=158.3s tot=126858s eta=2260m
  [5332/6400] d=5 eps=0 g=2.0 tau=5 algo=V2I-Base    seed=43 | CHR=0.438 AoI=0.034 | run=155.9s tot=127014s eta=2259m
  [5333/6400] d=5 eps=0 g=2.0 tau=5 algo=V2I-Base    seed=44 | CHR=0.438 AoI=0.034 | run=160.6s tot=127174s eta=2257m
  [5334/6400] d=5 eps=0 g=2.0 tau=5 algo=V2I-Base    seed=45 | CHR=0.438 AoI=0.034 | run=161.4s tot=127336s eta=2256m
  [5335/6400] d=5 eps=0 g=2.0 tau=5 algo=V2I-Base    seed=46 | CHR=0.438 AoI=0.034 | run=158.5s tot=127494s eta=2254m
  [5336/6400] d=5 eps=0 g=2.0 tau=5 algo=V2I-Base    seed=47 | CHR=0.438 AoI=0.034 | run=156.3s tot=127651s eta=2252m
  [5337/6400] d=5 eps=0 g=2.0 tau=5 algo=V2I-Base    seed=48 | CHR=0.438 AoI=0.034 | run=161.5s tot=127812s eta=2251m
  [5338/6400] d=5 eps=0 g=2.0 tau=5 algo=V2I-Base    seed=49 | CHR=0.439 AoI=0.034 | run=155.5s tot=127968s eta=2249m
  [5339/6400] d=5 eps=0 g=2.0 tau=5 algo=V2I-Base    seed=50 | CHR=0.438 AoI=0.034 | run=157.8s tot=128125s eta=2248m
  [5340/6400] d=5 eps=0 g=2.0 tau=5 algo=V2I-Base    seed=51 | CHR=0.438 AoI=0.034 | run=154.5s tot=128280s eta=2246m
  [5341/6400] d=5 eps=0 g=2.0 tau=5 algo=V2V-Base    seed=42 | CHR=0.998 AoI=0.000 | run=126.5s tot=128406s eta=2244m
  [5342/6400] d=5 eps=0 g=2.0 tau=5 algo=V2V-Base    seed=43 | CHR=0.998 AoI=0.000 | run=125.6s tot=128532s eta=2242m
  [5343/6400] d=5 eps=0 g=2.0 tau=5 algo=V2V-Base    seed=44 | CHR=0.998 AoI=0.000 | run=126.6s tot=128659s eta=2240m
[HEARTBEAT] 2026-05-20 00:02:25 | 경과=35h 44m 18s | 진행=5343/6400 (83.5%) | 평균=127.1s/run | ETA=37h 19m | 최근완료: algo=V2V-Base d=5 eps=0 g=2.0 tau=5 seed=44
  [5344/6400] d=5 eps=0 g=2.0 tau=5 algo=V2V-Base    seed=45 | CHR=0.998 AoI=0.000 | run=128.1s tot=128787s eta=2238m
  [5345/6400] d=5 eps=0 g=2.0 tau=5 algo=V2V-Base    seed=46 | CHR=0.998 AoI=0.000 | run=125.7s tot=128912s eta=2235m
  [5346/6400] d=5 eps=0 g=2.0 tau=5 algo=V2V-Base    seed=47 | CHR=0.998 AoI=0.000 | run=125.5s tot=129038s eta=2233m
  [5347/6400] d=5 eps=0 g=2.0 tau=5 algo=V2V-Base    seed=48 | CHR=0.998 AoI=0.000 | run=128.0s tot=129166s eta=2231m
  [5348/6400] d=5 eps=0 g=2.0 tau=5 algo=V2V-Base    seed=49 | CHR=0.998 AoI=0.000 | run=124.3s tot=129290s eta=2229m
  [5349/6400] d=5 eps=0 g=2.0 tau=5 algo=V2V-Base    seed=50 | CHR=0.998 AoI=0.000 | run=125.9s tot=129416s eta=2227m
  [5350/6400] d=5 eps=0 g=2.0 tau=5 algo=V2V-Base    seed=51 | CHR=0.986 AoI=0.000 | run=53.3s tot=129469s eta=2223m
  [5351/6400] d=5 eps=0 g=2.0 tau=5 algo=Random-K    seed=42 | CHR=0.987 AoI=0.001 | run=52.8s tot=129522s eta=2220m
  [5352/6400] d=5 eps=0 g=2.0 tau=5 algo=Random-K    seed=43 | CHR=0.988 AoI=0.001 | run=52.6s tot=129575s eta=2217m
  [5353/6400] d=5 eps=0 g=2.0 tau=5 algo=Random-K    seed=44 | CHR=0.989 AoI=0.001 | run=54.0s tot=129629s eta=2213m
  [5354/6400] d=5 eps=0 g=2.0 tau=5 algo=Random-K    seed=45 | CHR=0.988 AoI=0.001 | run=54.2s tot=129683s eta=2210m
  [5355/6400] d=5 eps=0 g=2.0 tau=5 algo=Random-K    seed=46 | CHR=0.988 AoI=0.001 | run=54.9s tot=129738s eta=2207m
  [5356/6400] d=5 eps=0 g=2.0 tau=5 algo=Random-K    seed=47 | CHR=0.987 AoI=0.001 | run=53.3s tot=129791s eta=2203m
  [5357/6400] d=5 eps=0 g=2.0 tau=5 algo=Random-K    seed=48 | CHR=0.988 AoI=0.001 | run=54.2s tot=129845s eta=2200m
  [5358/6400] d=5 eps=0 g=2.0 tau=5 algo=Random-K    seed=49 | CHR=0.987 AoI=0.001 | run=53.3s tot=129899s eta=2197m
  [5359/6400] d=5 eps=0 g=2.0 tau=5 algo=Random-K    seed=50 | CHR=0.988 AoI=0.001 | run=54.0s tot=129953s eta=2193m
  [5360/6400] d=5 eps=0 g=2.0 tau=5 algo=Random-K    seed=51 | CHR=0.987 AoI=0.001 | run=51.4s tot=130004s eta=2190m
  [5361/6400] d=5 eps=0 g=3.0 tau=5 algo=RILP        seed=42 | CHR=0.439 AoI=0.034 | run=56.3s tot=130060s eta=2187m
  [5362/6400] d=5 eps=0 g=3.0 tau=5 algo=RILP        seed=43 | CHR=0.438 AoI=0.034 | run=57.7s tot=130118s eta=2183m
  [5363/6400] d=5 eps=0 g=3.0 tau=5 algo=RILP        seed=44 | CHR=0.438 AoI=0.034 | run=59.0s tot=130177s eta=2180m
  [5364/6400] d=5 eps=0 g=3.0 tau=5 algo=RILP        seed=45 | CHR=0.438 AoI=0.034 | run=58.4s tot=130235s eta=2177m
  [5365/6400] d=5 eps=0 g=3.0 tau=5 algo=RILP        seed=46 | CHR=0.438 AoI=0.035 | run=59.0s tot=130294s eta=2174m
  [5366/6400] d=5 eps=0 g=3.0 tau=5 algo=RILP        seed=47 | CHR=0.438 AoI=0.034 | run=57.1s tot=130351s eta=2170m
  [5367/6400] d=5 eps=0 g=3.0 tau=5 algo=RILP        seed=48 | CHR=0.438 AoI=0.034 | run=58.5s tot=130410s eta=2167m
  [5368/6400] d=5 eps=0 g=3.0 tau=5 algo=RILP        seed=49 | CHR=0.438 AoI=0.035 | run=57.7s tot=130468s eta=2164m
  [5369/6400] d=5 eps=0 g=3.0 tau=5 algo=RILP        seed=50 | CHR=0.439 AoI=0.034 | run=59.4s tot=130527s eta=2161m
  [5370/6400] d=5 eps=0 g=3.0 tau=5 algo=RILP        seed=51 | CHR=0.438 AoI=0.034 | run=55.6s tot=130583s eta=2158m
  [5371/6400] d=5 eps=0 g=3.0 tau=5 algo=RILP-Greedy seed=42 | CHR=0.439 AoI=0.034 | run=55.8s tot=130638s eta=2154m
  [5372/6400] d=5 eps=0 g=3.0 tau=5 algo=RILP-Greedy seed=43 | CHR=0.438 AoI=0.034 | run=56.8s tot=130695s eta=2151m
  [5373/6400] d=5 eps=0 g=3.0 tau=5 algo=RILP-Greedy seed=44 | CHR=0.438 AoI=0.034 | run=58.0s tot=130753s eta=2148m
  [5374/6400] d=5 eps=0 g=3.0 tau=5 algo=RILP-Greedy seed=45 | CHR=0.438 AoI=0.034 | run=58.1s tot=130811s eta=2145m
  [5375/6400] d=5 eps=0 g=3.0 tau=5 algo=RILP-Greedy seed=46 | CHR=0.438 AoI=0.035 | run=58.5s tot=130870s eta=2141m
  [5376/6400] d=5 eps=0 g=3.0 tau=5 algo=RILP-Greedy seed=47 | CHR=0.438 AoI=0.034 | run=57.6s tot=130927s eta=2138m
  [5377/6400] d=5 eps=0 g=3.0 tau=5 algo=RILP-Greedy seed=48 | CHR=0.438 AoI=0.034 | run=58.7s tot=130986s eta=2135m
  [5378/6400] d=5 eps=0 g=3.0 tau=5 algo=RILP-Greedy seed=49 | CHR=0.438 AoI=0.035 | run=57.8s tot=131044s eta=2132m
  [5379/6400] d=5 eps=0 g=3.0 tau=5 algo=RILP-Greedy seed=50 | CHR=0.439 AoI=0.034 | run=58.4s tot=131102s eta=2129m
  [5380/6400] d=5 eps=0 g=3.0 tau=5 algo=RILP-Greedy seed=51 | CHR=0.438 AoI=0.034 | run=55.8s tot=131158s eta=2126m
  [5381/6400] d=5 eps=0 g=3.0 tau=5 algo=Nam2023b    seed=42 | CHR=0.291 AoI=0.198 | run=60.2s tot=131218s eta=2122m
  [5382/6400] d=5 eps=0 g=3.0 tau=5 algo=Nam2023b    seed=43 | CHR=0.291 AoI=0.198 | run=61.4s tot=131280s eta=2119m
  [5383/6400] d=5 eps=0 g=3.0 tau=5 algo=Nam2023b    seed=44 | CHR=0.291 AoI=0.198 | run=62.8s tot=131342s eta=2116m
  [5384/6400] d=5 eps=0 g=3.0 tau=5 algo=Nam2023b    seed=45 | CHR=0.291 AoI=0.199 | run=62.2s tot=131405s eta=2113m
  [5385/6400] d=5 eps=0 g=3.0 tau=5 algo=Nam2023b    seed=46 | CHR=0.291 AoI=0.198 | run=62.9s tot=131467s eta=2110m
  [5386/6400] d=5 eps=0 g=3.0 tau=5 algo=Nam2023b    seed=47 | CHR=0.291 AoI=0.198 | run=61.0s tot=131528s eta=2107m
  [5387/6400] d=5 eps=0 g=3.0 tau=5 algo=Nam2023b    seed=48 | CHR=0.291 AoI=0.199 | run=62.4s tot=131591s eta=2104m
  [5388/6400] d=5 eps=0 g=3.0 tau=5 algo=Nam2023b    seed=49 | CHR=0.291 AoI=0.198 | run=61.8s tot=131653s eta=2101m
  [5389/6400] d=5 eps=0 g=3.0 tau=5 algo=Nam2023b    seed=50 | CHR=0.292 AoI=0.198 | run=62.9s tot=131716s eta=2098m
  [5390/6400] d=5 eps=0 g=3.0 tau=5 algo=Nam2023b    seed=51 | CHR=0.292 AoI=0.198 | run=59.5s tot=131775s eta=2095m
  [5391/6400] d=5 eps=0 g=3.0 tau=5 algo=Nam2025     seed=42 | CHR=0.439 AoI=0.034 | run=57.5s tot=131833s eta=2091m
  [5392/6400] d=5 eps=0 g=3.0 tau=5 algo=Nam2025     seed=43 | CHR=0.438 AoI=0.034 | run=58.8s tot=131891s eta=2088m
  [5393/6400] d=5 eps=0 g=3.0 tau=5 algo=Nam2025     seed=44 | CHR=0.438 AoI=0.034 | run=59.7s tot=131951s eta=2085m
  [5394/6400] d=5 eps=0 g=3.0 tau=5 algo=Nam2025     seed=45 | CHR=0.438 AoI=0.034 | run=59.3s tot=132010s eta=2082m
  [5395/6400] d=5 eps=0 g=3.0 tau=5 algo=Nam2025     seed=46 | CHR=0.438 AoI=0.035 | run=59.9s tot=132070s eta=2079m
  [5396/6400] d=5 eps=0 g=3.0 tau=5 algo=Nam2025     seed=47 | CHR=0.438 AoI=0.034 | run=57.8s tot=132128s eta=2076m
  [5397/6400] d=5 eps=0 g=3.0 tau=5 algo=Nam2025     seed=48 | CHR=0.438 AoI=0.034 | run=59.4s tot=132187s eta=2073m
  [5398/6400] d=5 eps=0 g=3.0 tau=5 algo=Nam2025     seed=49 | CHR=0.438 AoI=0.035 | run=59.3s tot=132247s eta=2070m
  [5399/6400] d=5 eps=0 g=3.0 tau=5 algo=Nam2025     seed=50 | CHR=0.439 AoI=0.034 | run=60.4s tot=132307s eta=2067m
[HEARTBEAT] 2026-05-20 01:03:13 | 경과=36h 45m 07s | 진행=5399/6400 (84.4%) | 평균=123.9s/run | ETA=34h 26m | 최근완료: algo=Nam2025 d=5 eps=0 g=3.0 tau=5 seed=50
  [5400/6400] d=5 eps=0 g=3.0 tau=5 algo=Nam2025     seed=51 | CHR=0.438 AoI=0.034 | run=57.1s tot=132364s eta=2064m
  [5401/6400] d=5 eps=0 g=3.0 tau=5 algo=Youn2026    seed=42 | CHR=0.439 AoI=0.034 | run=59.8s tot=132424s eta=2061m
  [5402/6400] d=5 eps=0 g=3.0 tau=5 algo=Youn2026    seed=43 | CHR=0.438 AoI=0.034 | run=60.5s tot=132484s eta=2058m
  [5403/6400] d=5 eps=0 g=3.0 tau=5 algo=Youn2026    seed=44 | CHR=0.438 AoI=0.034 | run=62.3s tot=132547s eta=2055m
  [5404/6400] d=5 eps=0 g=3.0 tau=5 algo=Youn2026    seed=45 | CHR=0.438 AoI=0.034 | run=62.3s tot=132609s eta=2052m
  [5405/6400] d=5 eps=0 g=3.0 tau=5 algo=Youn2026    seed=46 | CHR=0.438 AoI=0.035 | run=62.3s tot=132671s eta=2049m
  [5406/6400] d=5 eps=0 g=3.0 tau=5 algo=Youn2026    seed=47 | CHR=0.438 AoI=0.034 | run=60.6s tot=132732s eta=2046m
  [5407/6400] d=5 eps=0 g=3.0 tau=5 algo=Youn2026    seed=48 | CHR=0.438 AoI=0.034 | run=62.3s tot=132794s eta=2043m
  [5408/6400] d=5 eps=0 g=3.0 tau=5 algo=Youn2026    seed=49 | CHR=0.438 AoI=0.035 | run=61.6s tot=132856s eta=2040m
  [5409/6400] d=5 eps=0 g=3.0 tau=5 algo=Youn2026    seed=50 | CHR=0.439 AoI=0.034 | run=62.6s tot=132918s eta=2037m
  [5410/6400] d=5 eps=0 g=3.0 tau=5 algo=Youn2026    seed=51 | CHR=0.438 AoI=0.034 | run=59.3s tot=132978s eta=2033m
  [5411/6400] d=5 eps=0 g=3.0 tau=5 algo=V2I-Base    seed=42 | CHR=0.439 AoI=0.034 | run=55.1s tot=133033s eta=2030m
  [5412/6400] d=5 eps=0 g=3.0 tau=5 algo=V2I-Base    seed=43 | CHR=0.438 AoI=0.034 | run=56.0s tot=133089s eta=2027m
  [5413/6400] d=5 eps=0 g=3.0 tau=5 algo=V2I-Base    seed=44 | CHR=0.438 AoI=0.034 | run=57.7s tot=133146s eta=2024m
  [5414/6400] d=5 eps=0 g=3.0 tau=5 algo=V2I-Base    seed=45 | CHR=0.438 AoI=0.034 | run=57.6s tot=133204s eta=2021m
  [5415/6400] d=5 eps=0 g=3.0 tau=5 algo=V2I-Base    seed=46 | CHR=0.438 AoI=0.035 | run=57.9s tot=133262s eta=2018m
  [5416/6400] d=5 eps=0 g=3.0 tau=5 algo=V2I-Base    seed=47 | CHR=0.438 AoI=0.034 | run=55.5s tot=133317s eta=2015m
  [5417/6400] d=5 eps=0 g=3.0 tau=5 algo=V2I-Base    seed=48 | CHR=0.438 AoI=0.034 | run=56.8s tot=133374s eta=2012m
  [5418/6400] d=5 eps=0 g=3.0 tau=5 algo=V2I-Base    seed=49 | CHR=0.438 AoI=0.035 | run=56.0s tot=133430s eta=2009m
  [5419/6400] d=5 eps=0 g=3.0 tau=5 algo=V2I-Base    seed=50 | CHR=0.439 AoI=0.034 | run=57.0s tot=133487s eta=2006m
  [5420/6400] d=5 eps=0 g=3.0 tau=5 algo=V2I-Base    seed=51 | CHR=0.438 AoI=0.034 | run=54.4s tot=133542s eta=2003m
  [5421/6400] d=5 eps=0 g=3.0 tau=5 algo=V2V-Base    seed=42 | CHR=0.987 AoI=0.000 | run=54.3s tot=133596s eta=2000m
  [5422/6400] d=5 eps=0 g=3.0 tau=5 algo=V2V-Base    seed=43 | CHR=0.988 AoI=0.000 | run=54.1s tot=133650s eta=1997m
  [5423/6400] d=5 eps=0 g=3.0 tau=5 algo=V2V-Base    seed=44 | CHR=0.989 AoI=0.000 | run=55.5s tot=133706s eta=1994m
  [5424/6400] d=5 eps=0 g=3.0 tau=5 algo=V2V-Base    seed=45 | CHR=0.988 AoI=0.000 | run=55.5s tot=133761s eta=1991m
  [5425/6400] d=5 eps=0 g=3.0 tau=5 algo=V2V-Base    seed=46 | CHR=0.988 AoI=0.000 | run=56.0s tot=133817s eta=1988m
  [5426/6400] d=5 eps=0 g=3.0 tau=5 algo=V2V-Base    seed=47 | CHR=0.988 AoI=0.000 | run=54.9s tot=133872s eta=1985m
  [5427/6400] d=5 eps=0 g=3.0 tau=5 algo=V2V-Base    seed=48 | CHR=0.988 AoI=0.000 | run=55.9s tot=133928s eta=1982m
  [5428/6400] d=5 eps=0 g=3.0 tau=5 algo=V2V-Base    seed=49 | CHR=0.988 AoI=0.000 | run=55.2s tot=133983s eta=1979m
  [5429/6400] d=5 eps=0 g=3.0 tau=5 algo=V2V-Base    seed=50 | CHR=0.989 AoI=0.000 | run=55.8s tot=134039s eta=1976m
  [5430/6400] d=5 eps=0 g=3.0 tau=5 algo=V2V-Base    seed=51 | CHR=0.986 AoI=0.000 | run=53.8s tot=134093s eta=1973m
  [5431/6400] d=5 eps=0 g=3.0 tau=5 algo=Random-K    seed=42 | CHR=0.987 AoI=0.001 | run=52.8s tot=134145s eta=1969m
  [5432/6400] d=5 eps=0 g=3.0 tau=5 algo=Random-K    seed=43 | CHR=0.988 AoI=0.001 | run=53.0s tot=134198s eta=1966m
  [5433/6400] d=5 eps=0 g=3.0 tau=5 algo=Random-K    seed=44 | CHR=0.989 AoI=0.001 | run=54.0s tot=134253s eta=1963m
  [5434/6400] d=5 eps=0 g=3.0 tau=5 algo=Random-K    seed=45 | CHR=0.988 AoI=0.001 | run=53.9s tot=134306s eta=1960m
  [5435/6400] d=5 eps=0 g=3.0 tau=5 algo=Random-K    seed=46 | CHR=0.988 AoI=0.001 | run=54.3s tot=134361s eta=1957m
  [5436/6400] d=5 eps=0 g=3.0 tau=5 algo=Random-K    seed=47 | CHR=0.987 AoI=0.001 | run=52.7s tot=134413s eta=1954m
  [5437/6400] d=5 eps=0 g=3.0 tau=5 algo=Random-K    seed=48 | CHR=0.988 AoI=0.001 | run=54.3s tot=134468s eta=1951m
  [5438/6400] d=5 eps=0 g=3.0 tau=5 algo=Random-K    seed=49 | CHR=0.987 AoI=0.001 | run=53.3s tot=134521s eta=1948m
  [5439/6400] d=5 eps=0 g=3.0 tau=5 algo=Random-K    seed=50 | CHR=0.988 AoI=0.001 | run=53.9s tot=134575s eta=1945m
  [5440/6400] d=5 eps=0 g=3.0 tau=5 algo=Random-K    seed=51 | CHR=0.987 AoI=0.001 | run=51.6s tot=134627s eta=1942m
  [5441/6400] d=5 eps=10 g=0.0 tau=5 algo=RILP        seed=42 | CHR=0.439 AoI=0.034 | run=56.1s tot=134683s eta=1939m
  [5442/6400] d=5 eps=10 g=0.0 tau=5 algo=RILP        seed=43 | CHR=0.438 AoI=0.034 | run=57.3s tot=134740s eta=1936m
  [5443/6400] d=5 eps=10 g=0.0 tau=5 algo=RILP        seed=44 | CHR=0.438 AoI=0.034 | run=59.3s tot=134799s eta=1933m
  [5444/6400] d=5 eps=10 g=0.0 tau=5 algo=RILP        seed=45 | CHR=0.438 AoI=0.034 | run=58.8s tot=134858s eta=1931m
  [5445/6400] d=5 eps=10 g=0.0 tau=5 algo=RILP        seed=46 | CHR=0.438 AoI=0.035 | run=59.1s tot=134917s eta=1928m
  [5446/6400] d=5 eps=10 g=0.0 tau=5 algo=RILP        seed=47 | CHR=0.438 AoI=0.034 | run=57.0s tot=134974s eta=1925m
  [5447/6400] d=5 eps=10 g=0.0 tau=5 algo=RILP        seed=48 | CHR=0.438 AoI=0.034 | run=58.6s tot=135033s eta=1922m
  [5448/6400] d=5 eps=10 g=0.0 tau=5 algo=RILP        seed=49 | CHR=0.438 AoI=0.035 | run=57.9s tot=135091s eta=1919m
  [5449/6400] d=5 eps=10 g=0.0 tau=5 algo=RILP        seed=50 | CHR=0.439 AoI=0.034 | run=58.7s tot=135149s eta=1916m
  [5450/6400] d=5 eps=10 g=0.0 tau=5 algo=RILP        seed=51 | CHR=0.438 AoI=0.034 | run=55.8s tot=135205s eta=1913m
  [5451/6400] d=5 eps=10 g=0.0 tau=5 algo=RILP-Greedy seed=42 | CHR=0.439 AoI=0.034 | run=57.0s tot=135262s eta=1910m
  [5452/6400] d=5 eps=10 g=0.0 tau=5 algo=RILP-Greedy seed=43 | CHR=0.438 AoI=0.034 | run=57.2s tot=135319s eta=1907m
  [5453/6400] d=5 eps=10 g=0.0 tau=5 algo=RILP-Greedy seed=44 | CHR=0.438 AoI=0.034 | run=59.4s tot=135379s eta=1904m
  [5454/6400] d=5 eps=10 g=0.0 tau=5 algo=RILP-Greedy seed=45 | CHR=0.438 AoI=0.034 | run=58.5s tot=135437s eta=1902m
  [5455/6400] d=5 eps=10 g=0.0 tau=5 algo=RILP-Greedy seed=46 | CHR=0.438 AoI=0.035 | run=58.8s tot=135496s eta=1899m
  [5456/6400] d=5 eps=10 g=0.0 tau=5 algo=RILP-Greedy seed=47 | CHR=0.438 AoI=0.034 | run=57.0s tot=135553s eta=1896m
  [5457/6400] d=5 eps=10 g=0.0 tau=5 algo=RILP-Greedy seed=48 | CHR=0.438 AoI=0.034 | run=48.4s tot=135601s eta=1893m
  [5458/6400] d=5 eps=10 g=0.0 tau=5 algo=RILP-Greedy seed=49 | CHR=0.438 AoI=0.035 | run=50.3s tot=135652s eta=1890m
  [5459/6400] d=5 eps=10 g=0.0 tau=5 algo=RILP-Greedy seed=50 | CHR=0.439 AoI=0.034 | run=54.4s tot=135706s eta=1887m
  [5460/6400] d=5 eps=10 g=0.0 tau=5 algo=RILP-Greedy seed=51 | CHR=0.438 AoI=0.034 | run=51.6s tot=135758s eta=1884m
  [5461/6400] d=5 eps=10 g=0.0 tau=5 algo=Nam2023b    seed=42 | CHR=0.291 AoI=0.198 | run=56.2s tot=135814s eta=1881m
  [5462/6400] d=5 eps=10 g=0.0 tau=5 algo=Nam2023b    seed=43 | CHR=0.291 AoI=0.198 | run=57.8s tot=135872s eta=1878m
  [5463/6400] d=5 eps=10 g=0.0 tau=5 algo=Nam2023b    seed=44 | CHR=0.291 AoI=0.198 | run=58.9s tot=135931s eta=1875m
[HEARTBEAT] 2026-05-20 02:03:36 | 경과=37h 45m 30s | 진행=5463/6400 (85.4%) | 평균=120.1s/run | ETA=31h 15m | 최근완료: algo=Nam2023b d=5 eps=10 g=0.0 tau=5 seed=44
  [5464/6400] d=5 eps=10 g=0.0 tau=5 algo=Nam2023b    seed=45 | CHR=0.291 AoI=0.199 | run=59.2s tot=135990s eta=1872m
  [5465/6400] d=5 eps=10 g=0.0 tau=5 algo=Nam2023b    seed=46 | CHR=0.291 AoI=0.198 | run=59.2s tot=136049s eta=1870m
  [5466/6400] d=5 eps=10 g=0.0 tau=5 algo=Nam2023b    seed=47 | CHR=0.291 AoI=0.198 | run=58.3s tot=136107s eta=1867m
  [5467/6400] d=5 eps=10 g=0.0 tau=5 algo=Nam2023b    seed=48 | CHR=0.291 AoI=0.199 | run=59.9s tot=136167s eta=1864m
  [5468/6400] d=5 eps=10 g=0.0 tau=5 algo=Nam2023b    seed=49 | CHR=0.291 AoI=0.198 | run=58.9s tot=136226s eta=1861m
  [5469/6400] d=5 eps=10 g=0.0 tau=5 algo=Nam2023b    seed=50 | CHR=0.292 AoI=0.198 | run=59.8s tot=136286s eta=1858m
  [5470/6400] d=5 eps=10 g=0.0 tau=5 algo=Nam2023b    seed=51 | CHR=0.292 AoI=0.198 | run=57.3s tot=136343s eta=1855m
  [5471/6400] d=5 eps=10 g=0.0 tau=5 algo=Nam2025     seed=42 | CHR=0.439 AoI=0.034 | run=54.7s tot=136398s eta=1853m
  [5472/6400] d=5 eps=10 g=0.0 tau=5 algo=Nam2025     seed=43 | CHR=0.438 AoI=0.034 | run=56.2s tot=136454s eta=1850m
  [5473/6400] d=5 eps=10 g=0.0 tau=5 algo=Nam2025     seed=44 | CHR=0.438 AoI=0.034 | run=57.9s tot=136512s eta=1847m
  [5474/6400] d=5 eps=10 g=0.0 tau=5 algo=Nam2025     seed=45 | CHR=0.438 AoI=0.034 | run=58.1s tot=136570s eta=1844m
  [5475/6400] d=5 eps=10 g=0.0 tau=5 algo=Nam2025     seed=46 | CHR=0.438 AoI=0.035 | run=58.2s tot=136628s eta=1841m
  [5476/6400] d=5 eps=10 g=0.0 tau=5 algo=Nam2025     seed=47 | CHR=0.438 AoI=0.034 | run=56.2s tot=136684s eta=1838m
  [5477/6400] d=5 eps=10 g=0.0 tau=5 algo=Nam2025     seed=48 | CHR=0.438 AoI=0.034 | run=57.6s tot=136742s eta=1836m
  [5478/6400] d=5 eps=10 g=0.0 tau=5 algo=Nam2025     seed=49 | CHR=0.438 AoI=0.035 | run=56.7s tot=136799s eta=1833m
  [5479/6400] d=5 eps=10 g=0.0 tau=5 algo=Nam2025     seed=50 | CHR=0.439 AoI=0.034 | run=57.6s tot=136856s eta=1830m
  [5480/6400] d=5 eps=10 g=0.0 tau=5 algo=Nam2025     seed=51 | CHR=0.438 AoI=0.034 | run=54.2s tot=136911s eta=1827m
  [5481/6400] d=5 eps=10 g=0.0 tau=5 algo=Youn2026    seed=42 | CHR=0.439 AoI=0.034 | run=57.9s tot=136968s eta=1824m
  [5482/6400] d=5 eps=10 g=0.0 tau=5 algo=Youn2026    seed=43 | CHR=0.438 AoI=0.034 | run=58.9s tot=137027s eta=1821m
  [5483/6400] d=5 eps=10 g=0.0 tau=5 algo=Youn2026    seed=44 | CHR=0.438 AoI=0.034 | run=60.3s tot=137088s eta=1819m
  [5484/6400] d=5 eps=10 g=0.0 tau=5 algo=Youn2026    seed=45 | CHR=0.438 AoI=0.034 | run=60.3s tot=137148s eta=1816m
  [5485/6400] d=5 eps=10 g=0.0 tau=5 algo=Youn2026    seed=46 | CHR=0.438 AoI=0.035 | run=60.6s tot=137209s eta=1813m
  [5486/6400] d=5 eps=10 g=0.0 tau=5 algo=Youn2026    seed=47 | CHR=0.438 AoI=0.034 | run=58.5s tot=137267s eta=1810m
  [5487/6400] d=5 eps=10 g=0.0 tau=5 algo=Youn2026    seed=48 | CHR=0.438 AoI=0.034 | run=59.9s tot=137327s eta=1808m
  [5488/6400] d=5 eps=10 g=0.0 tau=5 algo=Youn2026    seed=49 | CHR=0.438 AoI=0.035 | run=59.4s tot=137386s eta=1805m
  [5489/6400] d=5 eps=10 g=0.0 tau=5 algo=Youn2026    seed=50 | CHR=0.439 AoI=0.034 | run=60.1s tot=137447s eta=1802m
  [5490/6400] d=5 eps=10 g=0.0 tau=5 algo=Youn2026    seed=51 | CHR=0.438 AoI=0.034 | run=57.7s tot=137504s eta=1799m
  [5491/6400] d=5 eps=10 g=0.0 tau=5 algo=V2I-Base    seed=42 | CHR=0.439 AoI=0.034 | run=52.8s tot=137557s eta=1797m
  [5492/6400] d=5 eps=10 g=0.0 tau=5 algo=V2I-Base    seed=43 | CHR=0.438 AoI=0.034 | run=54.6s tot=137612s eta=1794m
  [5493/6400] d=5 eps=10 g=0.0 tau=5 algo=V2I-Base    seed=44 | CHR=0.438 AoI=0.034 | run=56.0s tot=137668s eta=1791m
  [5494/6400] d=5 eps=10 g=0.0 tau=5 algo=V2I-Base    seed=45 | CHR=0.438 AoI=0.034 | run=55.3s tot=137723s eta=1788m
  [5495/6400] d=5 eps=10 g=0.0 tau=5 algo=V2I-Base    seed=46 | CHR=0.438 AoI=0.035 | run=56.5s tot=137779s eta=1785m
  [5496/6400] d=5 eps=10 g=0.0 tau=5 algo=V2I-Base    seed=47 | CHR=0.438 AoI=0.034 | run=54.4s tot=137834s eta=1783m
  [5497/6400] d=5 eps=10 g=0.0 tau=5 algo=V2I-Base    seed=48 | CHR=0.438 AoI=0.034 | run=55.7s tot=137890s eta=1780m
  [5498/6400] d=5 eps=10 g=0.0 tau=5 algo=V2I-Base    seed=49 | CHR=0.438 AoI=0.035 | run=55.0s tot=137945s eta=1777m
  [5499/6400] d=5 eps=10 g=0.0 tau=5 algo=V2I-Base    seed=50 | CHR=0.439 AoI=0.034 | run=55.5s tot=138000s eta=1774m
  [5500/6400] d=5 eps=10 g=0.0 tau=5 algo=V2I-Base    seed=51 | CHR=0.438 AoI=0.034 | run=53.2s tot=138053s eta=1771m
  [5501/6400] d=5 eps=10 g=0.0 tau=5 algo=V2V-Base    seed=42 | CHR=0.987 AoI=0.000 | run=52.2s tot=138105s eta=1769m
  [5502/6400] d=5 eps=10 g=0.0 tau=5 algo=V2V-Base    seed=43 | CHR=0.988 AoI=0.000 | run=53.0s tot=138158s eta=1766m
  [5503/6400] d=5 eps=10 g=0.0 tau=5 algo=V2V-Base    seed=44 | CHR=0.989 AoI=0.000 | run=55.1s tot=138213s eta=1763m
  [5504/6400] d=5 eps=10 g=0.0 tau=5 algo=V2V-Base    seed=45 | CHR=0.988 AoI=0.000 | run=54.7s tot=138268s eta=1760m
  [5505/6400] d=5 eps=10 g=0.0 tau=5 algo=V2V-Base    seed=46 | CHR=0.988 AoI=0.000 | run=55.0s tot=138323s eta=1758m
  [5506/6400] d=5 eps=10 g=0.0 tau=5 algo=V2V-Base    seed=47 | CHR=0.988 AoI=0.000 | run=53.3s tot=138376s eta=1755m
  [5507/6400] d=5 eps=10 g=0.0 tau=5 algo=V2V-Base    seed=48 | CHR=0.988 AoI=0.000 | run=54.8s tot=138431s eta=1752m
  [5508/6400] d=5 eps=10 g=0.0 tau=5 algo=V2V-Base    seed=49 | CHR=0.988 AoI=0.000 | run=54.0s tot=138485s eta=1749m
  [5509/6400] d=5 eps=10 g=0.0 tau=5 algo=V2V-Base    seed=50 | CHR=0.989 AoI=0.000 | run=54.2s tot=138539s eta=1746m
  [5510/6400] d=5 eps=10 g=0.0 tau=5 algo=V2V-Base    seed=51 | CHR=0.986 AoI=0.000 | run=52.6s tot=138592s eta=1744m
  [5511/6400] d=5 eps=10 g=0.0 tau=5 algo=Random-K    seed=42 | CHR=0.987 AoI=0.001 | run=51.0s tot=138643s eta=1741m
  [5512/6400] d=5 eps=10 g=0.0 tau=5 algo=Random-K    seed=43 | CHR=0.988 AoI=0.001 | run=51.2s tot=138694s eta=1738m
  [5513/6400] d=5 eps=10 g=0.0 tau=5 algo=Random-K    seed=44 | CHR=0.989 AoI=0.001 | run=52.6s tot=138747s eta=1735m
  [5514/6400] d=5 eps=10 g=0.0 tau=5 algo=Random-K    seed=45 | CHR=0.988 AoI=0.001 | run=53.0s tot=138800s eta=1733m
  [5515/6400] d=5 eps=10 g=0.0 tau=5 algo=Random-K    seed=46 | CHR=0.988 AoI=0.001 | run=53.2s tot=138853s eta=1730m
  [5516/6400] d=5 eps=10 g=0.0 tau=5 algo=Random-K    seed=47 | CHR=0.987 AoI=0.001 | run=51.5s tot=138905s eta=1727m
  [5517/6400] d=5 eps=10 g=0.0 tau=5 algo=Random-K    seed=48 | CHR=0.988 AoI=0.001 | run=53.9s tot=138958s eta=1724m
  [5518/6400] d=5 eps=10 g=0.0 tau=5 algo=Random-K    seed=49 | CHR=0.987 AoI=0.001 | run=52.7s tot=139011s eta=1722m
  [5519/6400] d=5 eps=10 g=0.0 tau=5 algo=Random-K    seed=50 | CHR=0.988 AoI=0.001 | run=52.7s tot=139064s eta=1719m
  [5520/6400] d=5 eps=10 g=0.0 tau=5 algo=Random-K    seed=51 | CHR=0.987 AoI=0.001 | run=50.7s tot=139114s eta=1716m
  [5521/6400] d=5 eps=10 g=1.0 tau=5 algo=RILP        seed=42 | CHR=0.439 AoI=0.034 | run=55.6s tot=139170s eta=1713m
  [5522/6400] d=5 eps=10 g=1.0 tau=5 algo=RILP        seed=43 | CHR=0.438 AoI=0.034 | run=56.6s tot=139227s eta=1711m
  [5523/6400] d=5 eps=10 g=1.0 tau=5 algo=RILP        seed=44 | CHR=0.438 AoI=0.034 | run=57.9s tot=139285s eta=1708m
  [5524/6400] d=5 eps=10 g=1.0 tau=5 algo=RILP        seed=45 | CHR=0.438 AoI=0.034 | run=57.5s tot=139342s eta=1705m
  [5525/6400] d=5 eps=10 g=1.0 tau=5 algo=RILP        seed=46 | CHR=0.438 AoI=0.035 | run=58.0s tot=139400s eta=1703m
  [5526/6400] d=5 eps=10 g=1.0 tau=5 algo=RILP        seed=47 | CHR=0.438 AoI=0.034 | run=56.3s tot=139456s eta=1700m
  [5527/6400] d=5 eps=10 g=1.0 tau=5 algo=RILP        seed=48 | CHR=0.438 AoI=0.034 | run=57.4s tot=139514s eta=1697m
  [5528/6400] d=5 eps=10 g=1.0 tau=5 algo=RILP        seed=49 | CHR=0.438 AoI=0.035 | run=57.0s tot=139571s eta=1695m
[HEARTBEAT] 2026-05-20 03:04:17 | 경과=38h 46m 10s | 진행=5528/6400 (86.4%) | 평균=116.6s/run | ETA=28h 14m | 최근완료: algo=RILP d=5 eps=10 g=1.0 tau=5 seed=49
  [5529/6400] d=5 eps=10 g=1.0 tau=5 algo=RILP        seed=50 | CHR=0.439 AoI=0.034 | run=57.9s tot=139629s eta=1692m
  [5530/6400] d=5 eps=10 g=1.0 tau=5 algo=RILP        seed=51 | CHR=0.438 AoI=0.034 | run=54.9s tot=139684s eta=1689m
  [5531/6400] d=5 eps=10 g=1.0 tau=5 algo=RILP-Greedy seed=42 | CHR=0.439 AoI=0.034 | run=55.3s tot=139739s eta=1687m
  [5532/6400] d=5 eps=10 g=1.0 tau=5 algo=RILP-Greedy seed=43 | CHR=0.438 AoI=0.034 | run=56.5s tot=139795s eta=1684m
  [5533/6400] d=5 eps=10 g=1.0 tau=5 algo=RILP-Greedy seed=44 | CHR=0.438 AoI=0.034 | run=57.7s tot=139853s eta=1681m
  [5534/6400] d=5 eps=10 g=1.0 tau=5 algo=RILP-Greedy seed=45 | CHR=0.438 AoI=0.034 | run=57.3s tot=139911s eta=1679m
  [5535/6400] d=5 eps=10 g=1.0 tau=5 algo=RILP-Greedy seed=46 | CHR=0.438 AoI=0.035 | run=57.7s tot=139968s eta=1676m
  [5536/6400] d=5 eps=10 g=1.0 tau=5 algo=RILP-Greedy seed=47 | CHR=0.438 AoI=0.034 | run=55.9s tot=140024s eta=1673m
  [5537/6400] d=5 eps=10 g=1.0 tau=5 algo=RILP-Greedy seed=48 | CHR=0.438 AoI=0.034 | run=57.2s tot=140081s eta=1671m
  [5538/6400] d=5 eps=10 g=1.0 tau=5 algo=RILP-Greedy seed=49 | CHR=0.438 AoI=0.035 | run=56.6s tot=140138s eta=1668m
  [5539/6400] d=5 eps=10 g=1.0 tau=5 algo=RILP-Greedy seed=50 | CHR=0.439 AoI=0.034 | run=57.2s tot=140195s eta=1665m
  [5540/6400] d=5 eps=10 g=1.0 tau=5 algo=RILP-Greedy seed=51 | CHR=0.438 AoI=0.034 | run=55.0s tot=140250s eta=1663m
  [5541/6400] d=5 eps=10 g=1.0 tau=5 algo=Nam2023b    seed=42 | CHR=0.291 AoI=0.198 | run=59.1s tot=140309s eta=1660m
  [5542/6400] d=5 eps=10 g=1.0 tau=5 algo=Nam2023b    seed=43 | CHR=0.291 AoI=0.198 | run=60.4s tot=140370s eta=1658m
  [5543/6400] d=5 eps=10 g=1.0 tau=5 algo=Nam2023b    seed=44 | CHR=0.291 AoI=0.198 | run=61.9s tot=140432s eta=1655m
  [5544/6400] d=5 eps=10 g=1.0 tau=5 algo=Nam2023b    seed=45 | CHR=0.291 AoI=0.199 | run=61.6s tot=140493s eta=1652m
  [5545/6400] d=5 eps=10 g=1.0 tau=5 algo=Nam2023b    seed=46 | CHR=0.291 AoI=0.198 | run=61.9s tot=140555s eta=1650m
  [5546/6400] d=5 eps=10 g=1.0 tau=5 algo=Nam2023b    seed=47 | CHR=0.291 AoI=0.198 | run=59.9s tot=140615s eta=1647m
  [5547/6400] d=5 eps=10 g=1.0 tau=5 algo=Nam2023b    seed=48 | CHR=0.291 AoI=0.199 | run=62.3s tot=140678s eta=1645m
  [5548/6400] d=5 eps=10 g=1.0 tau=5 algo=Nam2023b    seed=49 | CHR=0.291 AoI=0.198 | run=61.4s tot=140739s eta=1642m
  [5549/6400] d=5 eps=10 g=1.0 tau=5 algo=Nam2023b    seed=50 | CHR=0.292 AoI=0.198 | run=62.8s tot=140802s eta=1640m
  [5550/6400] d=5 eps=10 g=1.0 tau=5 algo=Nam2023b    seed=51 | CHR=0.292 AoI=0.198 | run=59.6s tot=140861s eta=1637m
  [5551/6400] d=5 eps=10 g=1.0 tau=5 algo=Nam2025     seed=42 | CHR=0.439 AoI=0.034 | run=56.8s tot=140918s eta=1634m
  [5552/6400] d=5 eps=10 g=1.0 tau=5 algo=Nam2025     seed=43 | CHR=0.438 AoI=0.034 | run=57.3s tot=140975s eta=1632m
  [5553/6400] d=5 eps=10 g=1.0 tau=5 algo=Nam2025     seed=44 | CHR=0.438 AoI=0.034 | run=58.8s tot=141034s eta=1629m
  [5554/6400] d=5 eps=10 g=1.0 tau=5 algo=Nam2025     seed=45 | CHR=0.438 AoI=0.034 | run=58.6s tot=141093s eta=1627m
  [5555/6400] d=5 eps=10 g=1.0 tau=5 algo=Nam2025     seed=46 | CHR=0.438 AoI=0.035 | run=59.0s tot=141152s eta=1624m
  [5556/6400] d=5 eps=10 g=1.0 tau=5 algo=Nam2025     seed=47 | CHR=0.438 AoI=0.034 | run=57.1s tot=141209s eta=1622m
  [5557/6400] d=5 eps=10 g=1.0 tau=5 algo=Nam2025     seed=48 | CHR=0.438 AoI=0.034 | run=59.0s tot=141268s eta=1619m
  [5558/6400] d=5 eps=10 g=1.0 tau=5 algo=Nam2025     seed=49 | CHR=0.438 AoI=0.035 | run=58.5s tot=141326s eta=1616m
  [5559/6400] d=5 eps=10 g=1.0 tau=5 algo=Nam2025     seed=50 | CHR=0.439 AoI=0.034 | run=58.5s tot=141385s eta=1614m
  [5560/6400] d=5 eps=10 g=1.0 tau=5 algo=Nam2025     seed=51 | CHR=0.438 AoI=0.034 | run=56.0s tot=141441s eta=1611m
  [5561/6400] d=5 eps=10 g=1.0 tau=5 algo=Youn2026    seed=42 | CHR=0.439 AoI=0.034 | run=58.7s tot=141499s eta=1609m
  [5562/6400] d=5 eps=10 g=1.0 tau=5 algo=Youn2026    seed=43 | CHR=0.438 AoI=0.034 | run=60.1s tot=141560s eta=1606m
  [5563/6400] d=5 eps=10 g=1.0 tau=5 algo=Youn2026    seed=44 | CHR=0.438 AoI=0.034 | run=61.4s tot=141621s eta=1604m
  [5564/6400] d=5 eps=10 g=1.0 tau=5 algo=Youn2026    seed=45 | CHR=0.438 AoI=0.034 | run=61.2s tot=141682s eta=1601m
  [5565/6400] d=5 eps=10 g=1.0 tau=5 algo=Youn2026    seed=46 | CHR=0.438 AoI=0.035 | run=61.4s tot=141744s eta=1599m
  [5566/6400] d=5 eps=10 g=1.0 tau=5 algo=Youn2026    seed=47 | CHR=0.438 AoI=0.034 | run=59.6s tot=141803s eta=1596m
  [5567/6400] d=5 eps=10 g=1.0 tau=5 algo=Youn2026    seed=48 | CHR=0.438 AoI=0.034 | run=60.9s tot=141864s eta=1593m
  [5568/6400] d=5 eps=10 g=1.0 tau=5 algo=Youn2026    seed=49 | CHR=0.438 AoI=0.035 | run=59.7s tot=141924s eta=1591m
  [5569/6400] d=5 eps=10 g=1.0 tau=5 algo=Youn2026    seed=50 | CHR=0.439 AoI=0.034 | run=61.4s tot=141985s eta=1588m
  [5570/6400] d=5 eps=10 g=1.0 tau=5 algo=Youn2026    seed=51 | CHR=0.438 AoI=0.034 | run=58.7s tot=142044s eta=1586m
  [5571/6400] d=5 eps=10 g=1.0 tau=5 algo=V2I-Base    seed=42 | CHR=0.439 AoI=0.034 | run=54.6s tot=142098s eta=1583m
  [5572/6400] d=5 eps=10 g=1.0 tau=5 algo=V2I-Base    seed=43 | CHR=0.438 AoI=0.034 | run=56.0s tot=142154s eta=1581m
  [5573/6400] d=5 eps=10 g=1.0 tau=5 algo=V2I-Base    seed=44 | CHR=0.438 AoI=0.034 | run=56.9s tot=142211s eta=1578m
  [5574/6400] d=5 eps=10 g=1.0 tau=5 algo=V2I-Base    seed=45 | CHR=0.438 AoI=0.034 | run=56.2s tot=142268s eta=1576m
  [5575/6400] d=5 eps=10 g=1.0 tau=5 algo=V2I-Base    seed=46 | CHR=0.438 AoI=0.035 | run=56.8s tot=142324s eta=1573m
  [5576/6400] d=5 eps=10 g=1.0 tau=5 algo=V2I-Base    seed=47 | CHR=0.438 AoI=0.034 | run=55.0s tot=142379s eta=1571m
  [5577/6400] d=5 eps=10 g=1.0 tau=5 algo=V2I-Base    seed=48 | CHR=0.438 AoI=0.034 | run=56.0s tot=142435s eta=1568m
  [5578/6400] d=5 eps=10 g=1.0 tau=5 algo=V2I-Base    seed=49 | CHR=0.438 AoI=0.035 | run=55.4s tot=142491s eta=1565m
  [5579/6400] d=5 eps=10 g=1.0 tau=5 algo=V2I-Base    seed=50 | CHR=0.439 AoI=0.034 | run=56.2s tot=142547s eta=1563m
  [5580/6400] d=5 eps=10 g=1.0 tau=5 algo=V2I-Base    seed=51 | CHR=0.438 AoI=0.034 | run=53.6s tot=142600s eta=1560m
  [5581/6400] d=5 eps=10 g=1.0 tau=5 algo=V2V-Base    seed=42 | CHR=0.987 AoI=0.000 | run=52.8s tot=142653s eta=1558m
  [5582/6400] d=5 eps=10 g=1.0 tau=5 algo=V2V-Base    seed=43 | CHR=0.988 AoI=0.000 | run=54.3s tot=142708s eta=1555m
  [5583/6400] d=5 eps=10 g=1.0 tau=5 algo=V2V-Base    seed=44 | CHR=0.989 AoI=0.000 | run=55.7s tot=142763s eta=1553m
  [5584/6400] d=5 eps=10 g=1.0 tau=5 algo=V2V-Base    seed=45 | CHR=0.988 AoI=0.000 | run=55.0s tot=142818s eta=1550m
  [5585/6400] d=5 eps=10 g=1.0 tau=5 algo=V2V-Base    seed=46 | CHR=0.988 AoI=0.000 | run=55.7s tot=142874s eta=1548m
  [5586/6400] d=5 eps=10 g=1.0 tau=5 algo=V2V-Base    seed=47 | CHR=0.988 AoI=0.000 | run=53.7s tot=142928s eta=1545m
  [5587/6400] d=5 eps=10 g=1.0 tau=5 algo=V2V-Base    seed=48 | CHR=0.988 AoI=0.000 | run=55.3s tot=142983s eta=1543m
  [5588/6400] d=5 eps=10 g=1.0 tau=5 algo=V2V-Base    seed=49 | CHR=0.988 AoI=0.000 | run=54.8s tot=143038s eta=1540m
  [5589/6400] d=5 eps=10 g=1.0 tau=5 algo=V2V-Base    seed=50 | CHR=0.989 AoI=0.000 | run=55.4s tot=143093s eta=1537m
  [5590/6400] d=5 eps=10 g=1.0 tau=5 algo=V2V-Base    seed=51 | CHR=0.986 AoI=0.000 | run=53.2s tot=143147s eta=1535m
  [5591/6400] d=5 eps=10 g=1.0 tau=5 algo=Random-K    seed=42 | CHR=0.987 AoI=0.001 | run=51.9s tot=143198s eta=1532m
[HEARTBEAT] 2026-05-20 04:04:44 | 경과=39h 46m 38s | 진행=5591/6400 (87.4%) | 평균=113.6s/run | ETA=25h 32m | 최근완료: algo=Random-K d=5 eps=10 g=1.0 tau=5 seed=42
  [5592/6400] d=5 eps=10 g=1.0 tau=5 algo=Random-K    seed=43 | CHR=0.988 AoI=0.001 | run=52.2s tot=143251s eta=1530m
  [5593/6400] d=5 eps=10 g=1.0 tau=5 algo=Random-K    seed=44 | CHR=0.989 AoI=0.001 | run=53.7s tot=143304s eta=1527m
  [5594/6400] d=5 eps=10 g=1.0 tau=5 algo=Random-K    seed=45 | CHR=0.988 AoI=0.001 | run=53.6s tot=143358s eta=1525m
  [5595/6400] d=5 eps=10 g=1.0 tau=5 algo=Random-K    seed=46 | CHR=0.988 AoI=0.001 | run=54.0s tot=143412s eta=1522m
  [5596/6400] d=5 eps=10 g=1.0 tau=5 algo=Random-K    seed=47 | CHR=0.987 AoI=0.001 | run=52.3s tot=143464s eta=1520m
  [5597/6400] d=5 eps=10 g=1.0 tau=5 algo=Random-K    seed=48 | CHR=0.988 AoI=0.001 | run=53.0s tot=143517s eta=1517m
  [5598/6400] d=5 eps=10 g=1.0 tau=5 algo=Random-K    seed=49 | CHR=0.987 AoI=0.001 | run=53.1s tot=143570s eta=1515m
  [5599/6400] d=5 eps=10 g=1.0 tau=5 algo=Random-K    seed=50 | CHR=0.988 AoI=0.001 | run=53.2s tot=143624s eta=1512m
  [5600/6400] d=5 eps=10 g=1.0 tau=5 algo=Random-K    seed=51 | CHR=0.987 AoI=0.001 | run=51.2s tot=143675s eta=1510m
  [5601/6400] d=5 eps=10 g=2.0 tau=5 algo=RILP        seed=42 | CHR=0.439 AoI=0.034 | run=55.7s tot=143730s eta=1507m
  [5602/6400] d=5 eps=10 g=2.0 tau=5 algo=RILP        seed=43 | CHR=0.438 AoI=0.034 | run=56.9s tot=143787s eta=1505m
  [5603/6400] d=5 eps=10 g=2.0 tau=5 algo=RILP        seed=44 | CHR=0.438 AoI=0.034 | run=58.4s tot=143846s eta=1502m
  [5604/6400] d=5 eps=10 g=2.0 tau=5 algo=RILP        seed=45 | CHR=0.438 AoI=0.034 | run=57.8s tot=143904s eta=1500m
  [5605/6400] d=5 eps=10 g=2.0 tau=5 algo=RILP        seed=46 | CHR=0.438 AoI=0.035 | run=58.2s tot=143962s eta=1497m
  [5606/6400] d=5 eps=10 g=2.0 tau=5 algo=RILP        seed=47 | CHR=0.438 AoI=0.034 | run=56.9s tot=144019s eta=1495m
  [5607/6400] d=5 eps=10 g=2.0 tau=5 algo=RILP        seed=48 | CHR=0.438 AoI=0.034 | run=58.5s tot=144077s eta=1492m
  [5608/6400] d=5 eps=10 g=2.0 tau=5 algo=RILP        seed=49 | CHR=0.438 AoI=0.035 | run=57.4s tot=144135s eta=1490m
  [5609/6400] d=5 eps=10 g=2.0 tau=5 algo=RILP        seed=50 | CHR=0.439 AoI=0.034 | run=58.1s tot=144193s eta=1487m
  [5610/6400] d=5 eps=10 g=2.0 tau=5 algo=RILP        seed=51 | CHR=0.438 AoI=0.034 | run=55.6s tot=144248s eta=1485m
  [5611/6400] d=5 eps=10 g=2.0 tau=5 algo=RILP-Greedy seed=42 | CHR=0.439 AoI=0.034 | run=56.3s tot=144304s eta=1483m
  [5612/6400] d=5 eps=10 g=2.0 tau=5 algo=RILP-Greedy seed=43 | CHR=0.438 AoI=0.034 | run=56.8s tot=144361s eta=1480m
  [5613/6400] d=5 eps=10 g=2.0 tau=5 algo=RILP-Greedy seed=44 | CHR=0.438 AoI=0.034 | run=58.4s tot=144420s eta=1478m
  [5614/6400] d=5 eps=10 g=2.0 tau=5 algo=RILP-Greedy seed=45 | CHR=0.438 AoI=0.034 | run=57.8s tot=144477s eta=1475m
  [5615/6400] d=5 eps=10 g=2.0 tau=5 algo=RILP-Greedy seed=46 | CHR=0.438 AoI=0.035 | run=57.8s tot=144535s eta=1473m
  [5616/6400] d=5 eps=10 g=2.0 tau=5 algo=RILP-Greedy seed=47 | CHR=0.438 AoI=0.034 | run=57.1s tot=144592s eta=1470m
  [5617/6400] d=5 eps=10 g=2.0 tau=5 algo=RILP-Greedy seed=48 | CHR=0.438 AoI=0.034 | run=58.1s tot=144650s eta=1468m
  [5618/6400] d=5 eps=10 g=2.0 tau=5 algo=RILP-Greedy seed=49 | CHR=0.438 AoI=0.035 | run=57.8s tot=144708s eta=1465m
  [5619/6400] d=5 eps=10 g=2.0 tau=5 algo=RILP-Greedy seed=50 | CHR=0.439 AoI=0.034 | run=57.8s tot=144766s eta=1463m
  [5620/6400] d=5 eps=10 g=2.0 tau=5 algo=RILP-Greedy seed=51 | CHR=0.438 AoI=0.034 | run=54.8s tot=144821s eta=1461m
  [5621/6400] d=5 eps=10 g=2.0 tau=5 algo=Nam2023b    seed=42 | CHR=0.291 AoI=0.198 | run=59.6s tot=144880s eta=1458m
  [5622/6400] d=5 eps=10 g=2.0 tau=5 algo=Nam2023b    seed=43 | CHR=0.291 AoI=0.198 | run=60.1s tot=144941s eta=1456m
  [5623/6400] d=5 eps=10 g=2.0 tau=5 algo=Nam2023b    seed=44 | CHR=0.291 AoI=0.198 | run=62.5s tot=145003s eta=1453m
  [5624/6400] d=5 eps=10 g=2.0 tau=5 algo=Nam2023b    seed=45 | CHR=0.291 AoI=0.199 | run=61.9s tot=145065s eta=1451m
  [5625/6400] d=5 eps=10 g=2.0 tau=5 algo=Nam2023b    seed=46 | CHR=0.291 AoI=0.198 | run=62.5s tot=145128s eta=1449m
  [5626/6400] d=5 eps=10 g=2.0 tau=5 algo=Nam2023b    seed=47 | CHR=0.291 AoI=0.198 | run=60.6s tot=145188s eta=1446m
  [5627/6400] d=5 eps=10 g=2.0 tau=5 algo=Nam2023b    seed=48 | CHR=0.291 AoI=0.199 | run=62.1s tot=145250s eta=1444m
  [5628/6400] d=5 eps=10 g=2.0 tau=5 algo=Nam2023b    seed=49 | CHR=0.291 AoI=0.198 | run=61.9s tot=145312s eta=1442m
  [5629/6400] d=5 eps=10 g=2.0 tau=5 algo=Nam2023b    seed=50 | CHR=0.292 AoI=0.198 | run=62.5s tot=145375s eta=1439m
  [5630/6400] d=5 eps=10 g=2.0 tau=5 algo=Nam2023b    seed=51 | CHR=0.292 AoI=0.198 | run=60.0s tot=145435s eta=1437m
  [5631/6400] d=5 eps=10 g=2.0 tau=5 algo=Nam2025     seed=42 | CHR=0.439 AoI=0.034 | run=57.4s tot=145492s eta=1434m
  [5632/6400] d=5 eps=10 g=2.0 tau=5 algo=Nam2025     seed=43 | CHR=0.438 AoI=0.034 | run=57.8s tot=145550s eta=1432m
  [5633/6400] d=5 eps=10 g=2.0 tau=5 algo=Nam2025     seed=44 | CHR=0.438 AoI=0.034 | run=59.5s tot=145609s eta=1430m
  [5634/6400] d=5 eps=10 g=2.0 tau=5 algo=Nam2025     seed=45 | CHR=0.438 AoI=0.034 | run=59.2s tot=145669s eta=1427m
  [5635/6400] d=5 eps=10 g=2.0 tau=5 algo=Nam2025     seed=46 | CHR=0.438 AoI=0.035 | run=59.8s tot=145728s eta=1425m
  [5636/6400] d=5 eps=10 g=2.0 tau=5 algo=Nam2025     seed=47 | CHR=0.438 AoI=0.034 | run=58.1s tot=145786s eta=1422m
  [5637/6400] d=5 eps=10 g=2.0 tau=5 algo=Nam2025     seed=48 | CHR=0.438 AoI=0.034 | run=59.6s tot=145846s eta=1420m
  [5638/6400] d=5 eps=10 g=2.0 tau=5 algo=Nam2025     seed=49 | CHR=0.438 AoI=0.035 | run=58.3s tot=145904s eta=1418m
  [5639/6400] d=5 eps=10 g=2.0 tau=5 algo=Nam2025     seed=50 | CHR=0.439 AoI=0.034 | run=59.3s tot=145964s eta=1415m
  [5640/6400] d=5 eps=10 g=2.0 tau=5 algo=Nam2025     seed=51 | CHR=0.438 AoI=0.034 | run=56.8s tot=146020s eta=1413m
  [5641/6400] d=5 eps=10 g=2.0 tau=5 algo=Youn2026    seed=42 | CHR=0.439 AoI=0.034 | run=59.2s tot=146080s eta=1411m
  [5642/6400] d=5 eps=10 g=2.0 tau=5 algo=Youn2026    seed=43 | CHR=0.438 AoI=0.034 | run=60.2s tot=146140s eta=1408m
  [5643/6400] d=5 eps=10 g=2.0 tau=5 algo=Youn2026    seed=44 | CHR=0.438 AoI=0.034 | run=62.3s tot=146202s eta=1406m
  [5644/6400] d=5 eps=10 g=2.0 tau=5 algo=Youn2026    seed=45 | CHR=0.438 AoI=0.034 | run=62.0s tot=146264s eta=1404m
  [5645/6400] d=5 eps=10 g=2.0 tau=5 algo=Youn2026    seed=46 | CHR=0.438 AoI=0.035 | run=62.0s tot=146326s eta=1401m
  [5646/6400] d=5 eps=10 g=2.0 tau=5 algo=Youn2026    seed=47 | CHR=0.438 AoI=0.034 | run=60.1s tot=146386s eta=1399m
  [5647/6400] d=5 eps=10 g=2.0 tau=5 algo=Youn2026    seed=48 | CHR=0.438 AoI=0.034 | run=61.3s tot=146448s eta=1397m
  [5648/6400] d=5 eps=10 g=2.0 tau=5 algo=Youn2026    seed=49 | CHR=0.438 AoI=0.035 | run=60.8s tot=146509s eta=1394m
  [5649/6400] d=5 eps=10 g=2.0 tau=5 algo=Youn2026    seed=50 | CHR=0.439 AoI=0.034 | run=61.8s tot=146570s eta=1392m
  [5650/6400] d=5 eps=10 g=2.0 tau=5 algo=Youn2026    seed=51 | CHR=0.438 AoI=0.034 | run=58.6s tot=146629s eta=1390m
  [5651/6400] d=5 eps=10 g=2.0 tau=5 algo=V2I-Base    seed=42 | CHR=0.439 AoI=0.034 | run=54.8s tot=146684s eta=1387m
  [5652/6400] d=5 eps=10 g=2.0 tau=5 algo=V2I-Base    seed=43 | CHR=0.438 AoI=0.034 | run=55.9s tot=146740s eta=1385m
  [5653/6400] d=5 eps=10 g=2.0 tau=5 algo=V2I-Base    seed=44 | CHR=0.438 AoI=0.034 | run=57.7s tot=146797s eta=1382m
  [5654/6400] d=5 eps=10 g=2.0 tau=5 algo=V2I-Base    seed=45 | CHR=0.438 AoI=0.034 | run=57.0s tot=146854s eta=1380m
[HEARTBEAT] 2026-05-20 05:05:40 | 경과=40h 47m 34s | 진행=5654/6400 (88.3%) | 평균=111.0s/run | ETA=23h 00m | 최근완료: algo=V2I-Base d=5 eps=10 g=2.0 tau=5 seed=45
  [5655/6400] d=5 eps=10 g=2.0 tau=5 algo=V2I-Base    seed=46 | CHR=0.438 AoI=0.035 | run=57.3s tot=146912s eta=1378m
  [5656/6400] d=5 eps=10 g=2.0 tau=5 algo=V2I-Base    seed=47 | CHR=0.438 AoI=0.034 | run=55.6s tot=146967s eta=1375m
  [5657/6400] d=5 eps=10 g=2.0 tau=5 algo=V2I-Base    seed=48 | CHR=0.438 AoI=0.034 | run=57.1s tot=147024s eta=1373m
  [5658/6400] d=5 eps=10 g=2.0 tau=5 algo=V2I-Base    seed=49 | CHR=0.438 AoI=0.035 | run=56.4s tot=147081s eta=1371m
  [5659/6400] d=5 eps=10 g=2.0 tau=5 algo=V2I-Base    seed=50 | CHR=0.439 AoI=0.034 | run=57.1s tot=147138s eta=1368m
  [5660/6400] d=5 eps=10 g=2.0 tau=5 algo=V2I-Base    seed=51 | CHR=0.438 AoI=0.034 | run=54.7s tot=147192s eta=1366m
  [5661/6400] d=5 eps=10 g=2.0 tau=5 algo=V2V-Base    seed=42 | CHR=0.987 AoI=0.000 | run=53.6s tot=147246s eta=1364m
  [5662/6400] d=5 eps=10 g=2.0 tau=5 algo=V2V-Base    seed=43 | CHR=0.988 AoI=0.000 | run=54.2s tot=147300s eta=1361m
  [5663/6400] d=5 eps=10 g=2.0 tau=5 algo=V2V-Base    seed=44 | CHR=0.989 AoI=0.000 | run=55.7s tot=147356s eta=1359m
  [5664/6400] d=5 eps=10 g=2.0 tau=5 algo=V2V-Base    seed=45 | CHR=0.988 AoI=0.000 | run=55.5s tot=147411s eta=1357m
  [5665/6400] d=5 eps=10 g=2.0 tau=5 algo=V2V-Base    seed=46 | CHR=0.988 AoI=0.000 | run=55.9s tot=147467s eta=1354m
  [5666/6400] d=5 eps=10 g=2.0 tau=5 algo=V2V-Base    seed=47 | CHR=0.988 AoI=0.000 | run=54.2s tot=147521s eta=1352m
  [5667/6400] d=5 eps=10 g=2.0 tau=5 algo=V2V-Base    seed=48 | CHR=0.988 AoI=0.000 | run=56.0s tot=147577s eta=1349m
  [5668/6400] d=5 eps=10 g=2.0 tau=5 algo=V2V-Base    seed=49 | CHR=0.988 AoI=0.000 | run=55.2s tot=147633s eta=1347m
  [5669/6400] d=5 eps=10 g=2.0 tau=5 algo=V2V-Base    seed=50 | CHR=0.989 AoI=0.000 | run=55.5s tot=147688s eta=1345m
  [5670/6400] d=5 eps=10 g=2.0 tau=5 algo=V2V-Base    seed=51 | CHR=0.986 AoI=0.000 | run=53.4s tot=147742s eta=1342m
  [5671/6400] d=5 eps=10 g=2.0 tau=5 algo=Random-K    seed=42 | CHR=0.987 AoI=0.001 | run=52.3s tot=147794s eta=1340m
  [5672/6400] d=5 eps=10 g=2.0 tau=5 algo=Random-K    seed=43 | CHR=0.988 AoI=0.001 | run=52.6s tot=147846s eta=1338m
  [5673/6400] d=5 eps=10 g=2.0 tau=5 algo=Random-K    seed=44 | CHR=0.989 AoI=0.001 | run=54.1s tot=147901s eta=1335m
  [5674/6400] d=5 eps=10 g=2.0 tau=5 algo=Random-K    seed=45 | CHR=0.988 AoI=0.001 | run=54.2s tot=147955s eta=1333m
  [5675/6400] d=5 eps=10 g=2.0 tau=5 algo=Random-K    seed=46 | CHR=0.988 AoI=0.001 | run=54.3s tot=148009s eta=1331m
  [5676/6400] d=5 eps=10 g=2.0 tau=5 algo=Random-K    seed=47 | CHR=0.987 AoI=0.001 | run=53.1s tot=148062s eta=1328m
  [5677/6400] d=5 eps=10 g=2.0 tau=5 algo=Random-K    seed=48 | CHR=0.988 AoI=0.001 | run=53.5s tot=148116s eta=1326m
  [5678/6400] d=5 eps=10 g=2.0 tau=5 algo=Random-K    seed=49 | CHR=0.987 AoI=0.001 | run=52.9s tot=148169s eta=1324m
  [5679/6400] d=5 eps=10 g=2.0 tau=5 algo=Random-K    seed=50 | CHR=0.988 AoI=0.001 | run=54.3s tot=148223s eta=1321m
  [5680/6400] d=5 eps=10 g=2.0 tau=5 algo=Random-K    seed=51 | CHR=0.987 AoI=0.001 | run=51.3s tot=148274s eta=1319m
  [5681/6400] d=5 eps=10 g=3.0 tau=5 algo=RILP        seed=42 | CHR=0.439 AoI=0.034 | run=56.0s tot=148330s eta=1317m
  [5682/6400] d=5 eps=10 g=3.0 tau=5 algo=RILP        seed=43 | CHR=0.438 AoI=0.034 | run=56.7s tot=148387s eta=1314m
  [5683/6400] d=5 eps=10 g=3.0 tau=5 algo=RILP        seed=44 | CHR=0.438 AoI=0.034 | run=58.7s tot=148446s eta=1312m
  [5684/6400] d=5 eps=10 g=3.0 tau=5 algo=RILP        seed=45 | CHR=0.438 AoI=0.034 | run=58.9s tot=148505s eta=1310m
  [5685/6400] d=5 eps=10 g=3.0 tau=5 algo=RILP        seed=46 | CHR=0.438 AoI=0.035 | run=59.1s tot=148564s eta=1308m
  [5686/6400] d=5 eps=10 g=3.0 tau=5 algo=RILP        seed=47 | CHR=0.438 AoI=0.034 | run=56.5s tot=148620s eta=1305m
  [5687/6400] d=5 eps=10 g=3.0 tau=5 algo=RILP        seed=48 | CHR=0.438 AoI=0.034 | run=58.6s tot=148679s eta=1303m
  [5688/6400] d=5 eps=10 g=3.0 tau=5 algo=RILP        seed=49 | CHR=0.438 AoI=0.035 | run=57.3s tot=148736s eta=1301m
  [5689/6400] d=5 eps=10 g=3.0 tau=5 algo=RILP        seed=50 | CHR=0.439 AoI=0.034 | run=58.4s tot=148794s eta=1298m
  [5690/6400] d=5 eps=10 g=3.0 tau=5 algo=RILP        seed=51 | CHR=0.438 AoI=0.034 | run=56.0s tot=148850s eta=1296m
  [5691/6400] d=5 eps=10 g=3.0 tau=5 algo=RILP-Greedy seed=42 | CHR=0.439 AoI=0.034 | run=56.1s tot=148907s eta=1294m
  [5692/6400] d=5 eps=10 g=3.0 tau=5 algo=RILP-Greedy seed=43 | CHR=0.438 AoI=0.034 | run=56.8s tot=148963s eta=1292m
  [5693/6400] d=5 eps=10 g=3.0 tau=5 algo=RILP-Greedy seed=44 | CHR=0.438 AoI=0.034 | run=58.0s tot=149021s eta=1289m
  [5694/6400] d=5 eps=10 g=3.0 tau=5 algo=RILP-Greedy seed=45 | CHR=0.438 AoI=0.034 | run=58.0s tot=149079s eta=1287m
  [5695/6400] d=5 eps=10 g=3.0 tau=5 algo=RILP-Greedy seed=46 | CHR=0.438 AoI=0.035 | run=58.3s tot=149138s eta=1285m
  [5696/6400] d=5 eps=10 g=3.0 tau=5 algo=RILP-Greedy seed=47 | CHR=0.438 AoI=0.034 | run=56.4s tot=149194s eta=1282m
  [5697/6400] d=5 eps=10 g=3.0 tau=5 algo=RILP-Greedy seed=48 | CHR=0.438 AoI=0.034 | run=57.9s tot=149252s eta=1280m
  [5698/6400] d=5 eps=10 g=3.0 tau=5 algo=RILP-Greedy seed=49 | CHR=0.438 AoI=0.035 | run=56.9s tot=149309s eta=1278m
  [5699/6400] d=5 eps=10 g=3.0 tau=5 algo=RILP-Greedy seed=50 | CHR=0.439 AoI=0.034 | run=58.1s tot=149367s eta=1276m
  [5700/6400] d=5 eps=10 g=3.0 tau=5 algo=RILP-Greedy seed=51 | CHR=0.438 AoI=0.034 | run=55.5s tot=149423s eta=1273m
  [5701/6400] d=5 eps=10 g=3.0 tau=5 algo=Nam2023b    seed=42 | CHR=0.291 AoI=0.198 | run=59.9s tot=149482s eta=1271m
  [5702/6400] d=5 eps=10 g=3.0 tau=5 algo=Nam2023b    seed=43 | CHR=0.291 AoI=0.198 | run=61.5s tot=149544s eta=1269m
  [5703/6400] d=5 eps=10 g=3.0 tau=5 algo=Nam2023b    seed=44 | CHR=0.291 AoI=0.198 | run=62.5s tot=149606s eta=1267m
  [5704/6400] d=5 eps=10 g=3.0 tau=5 algo=Nam2023b    seed=45 | CHR=0.291 AoI=0.199 | run=62.3s tot=149669s eta=1264m
  [5705/6400] d=5 eps=10 g=3.0 tau=5 algo=Nam2023b    seed=46 | CHR=0.291 AoI=0.198 | run=63.0s tot=149732s eta=1262m
  [5706/6400] d=5 eps=10 g=3.0 tau=5 algo=Nam2023b    seed=47 | CHR=0.291 AoI=0.198 | run=61.2s tot=149793s eta=1260m
  [5707/6400] d=5 eps=10 g=3.0 tau=5 algo=Nam2023b    seed=48 | CHR=0.291 AoI=0.199 | run=62.8s tot=149856s eta=1258m
  [5708/6400] d=5 eps=10 g=3.0 tau=5 algo=Nam2023b    seed=49 | CHR=0.291 AoI=0.198 | run=61.5s tot=149917s eta=1256m
  [5709/6400] d=5 eps=10 g=3.0 tau=5 algo=Nam2023b    seed=50 | CHR=0.292 AoI=0.198 | run=62.9s tot=149980s eta=1253m
  [5710/6400] d=5 eps=10 g=3.0 tau=5 algo=Nam2023b    seed=51 | CHR=0.292 AoI=0.198 | run=59.8s tot=150040s eta=1251m
  [5711/6400] d=5 eps=10 g=3.0 tau=5 algo=Nam2025     seed=42 | CHR=0.439 AoI=0.034 | run=57.3s tot=150097s eta=1249m
  [5712/6400] d=5 eps=10 g=3.0 tau=5 algo=Nam2025     seed=43 | CHR=0.438 AoI=0.034 | run=58.1s tot=150155s eta=1247m
  [5713/6400] d=5 eps=10 g=3.0 tau=5 algo=Nam2025     seed=44 | CHR=0.438 AoI=0.034 | run=59.6s tot=150215s eta=1245m
  [5714/6400] d=5 eps=10 g=3.0 tau=5 algo=Nam2025     seed=45 | CHR=0.438 AoI=0.034 | run=59.2s tot=150274s eta=1242m
  [5715/6400] d=5 eps=10 g=3.0 tau=5 algo=Nam2025     seed=46 | CHR=0.438 AoI=0.035 | run=59.8s tot=150334s eta=1240m
  [5716/6400] d=5 eps=10 g=3.0 tau=5 algo=Nam2025     seed=47 | CHR=0.438 AoI=0.034 | run=57.8s tot=150391s eta=1238m
  [5717/6400] d=5 eps=10 g=3.0 tau=5 algo=Nam2025     seed=48 | CHR=0.438 AoI=0.034 | run=60.0s tot=150451s eta=1236m
  [5718/6400] d=5 eps=10 g=3.0 tau=5 algo=Nam2025     seed=49 | CHR=0.438 AoI=0.035 | run=59.4s tot=150511s eta=1233m
[HEARTBEAT] 2026-05-20 06:06:37 | 경과=41h 48m 30s | 진행=5718/6400 (89.3%) | 평균=108.5s/run | ETA=20h 33m | 최근완료: algo=Nam2025 d=5 eps=10 g=3.0 tau=5 seed=49
  [5719/6400] d=5 eps=10 g=3.0 tau=5 algo=Nam2025     seed=50 | CHR=0.439 AoI=0.034 | run=59.4s tot=150570s eta=1231m
  [5720/6400] d=5 eps=10 g=3.0 tau=5 algo=Nam2025     seed=51 | CHR=0.438 AoI=0.034 | run=57.1s tot=150627s eta=1229m
  [5721/6400] d=5 eps=10 g=3.0 tau=5 algo=Youn2026    seed=42 | CHR=0.439 AoI=0.034 | run=60.1s tot=150688s eta=1227m
  [5722/6400] d=5 eps=10 g=3.0 tau=5 algo=Youn2026    seed=43 | CHR=0.438 AoI=0.034 | run=60.6s tot=150748s eta=1225m
  [5723/6400] d=5 eps=10 g=3.0 tau=5 algo=Youn2026    seed=44 | CHR=0.438 AoI=0.034 | run=62.2s tot=150810s eta=1222m
  [5724/6400] d=5 eps=10 g=3.0 tau=5 algo=Youn2026    seed=45 | CHR=0.438 AoI=0.034 | run=62.0s tot=150872s eta=1220m
  [5725/6400] d=5 eps=10 g=3.0 tau=5 algo=Youn2026    seed=46 | CHR=0.438 AoI=0.035 | run=62.3s tot=150935s eta=1218m
  [5726/6400] d=5 eps=10 g=3.0 tau=5 algo=Youn2026    seed=47 | CHR=0.438 AoI=0.034 | run=60.4s tot=150995s eta=1216m
  [5727/6400] d=5 eps=10 g=3.0 tau=5 algo=Youn2026    seed=48 | CHR=0.438 AoI=0.034 | run=61.9s tot=151057s eta=1214m
  [5728/6400] d=5 eps=10 g=3.0 tau=5 algo=Youn2026    seed=49 | CHR=0.438 AoI=0.035 | run=61.3s tot=151118s eta=1212m
  [5729/6400] d=5 eps=10 g=3.0 tau=5 algo=Youn2026    seed=50 | CHR=0.439 AoI=0.034 | run=62.3s tot=151180s eta=1209m
  [5730/6400] d=5 eps=10 g=3.0 tau=5 algo=Youn2026    seed=51 | CHR=0.438 AoI=0.034 | run=58.8s tot=151239s eta=1207m
  [5731/6400] d=5 eps=10 g=3.0 tau=5 algo=V2I-Base    seed=42 | CHR=0.439 AoI=0.034 | run=55.1s tot=151294s eta=1205m
  [5732/6400] d=5 eps=10 g=3.0 tau=5 algo=V2I-Base    seed=43 | CHR=0.438 AoI=0.034 | run=55.5s tot=151350s eta=1203m
  [5733/6400] d=5 eps=10 g=3.0 tau=5 algo=V2I-Base    seed=44 | CHR=0.438 AoI=0.034 | run=57.1s tot=151407s eta=1201m
  [5734/6400] d=5 eps=10 g=3.0 tau=5 algo=V2I-Base    seed=45 | CHR=0.438 AoI=0.034 | run=58.1s tot=151465s eta=1198m
  [5735/6400] d=5 eps=10 g=3.0 tau=5 algo=V2I-Base    seed=46 | CHR=0.438 AoI=0.035 | run=57.6s tot=151523s eta=1196m
  [5736/6400] d=5 eps=10 g=3.0 tau=5 algo=V2I-Base    seed=47 | CHR=0.438 AoI=0.034 | run=56.0s tot=151579s eta=1194m
  [5737/6400] d=5 eps=10 g=3.0 tau=5 algo=V2I-Base    seed=48 | CHR=0.438 AoI=0.034 | run=57.8s tot=151636s eta=1192m
  [5738/6400] d=5 eps=10 g=3.0 tau=5 algo=V2I-Base    seed=49 | CHR=0.438 AoI=0.035 | run=56.8s tot=151693s eta=1190m
  [5739/6400] d=5 eps=10 g=3.0 tau=5 algo=V2I-Base    seed=50 | CHR=0.439 AoI=0.034 | run=57.2s tot=151750s eta=1187m
  [5740/6400] d=5 eps=10 g=3.0 tau=5 algo=V2I-Base    seed=51 | CHR=0.438 AoI=0.034 | run=54.5s tot=151805s eta=1185m
  [5741/6400] d=5 eps=10 g=3.0 tau=5 algo=V2V-Base    seed=42 | CHR=0.987 AoI=0.000 | run=54.0s tot=151859s eta=1183m
  [5742/6400] d=5 eps=10 g=3.0 tau=5 algo=V2V-Base    seed=43 | CHR=0.988 AoI=0.000 | run=54.9s tot=151914s eta=1181m
  [5743/6400] d=5 eps=10 g=3.0 tau=5 algo=V2V-Base    seed=44 | CHR=0.989 AoI=0.000 | run=56.5s tot=151970s eta=1179m
  [5744/6400] d=5 eps=10 g=3.0 tau=5 algo=V2V-Base    seed=45 | CHR=0.988 AoI=0.000 | run=56.1s tot=152027s eta=1176m
  [5745/6400] d=5 eps=10 g=3.0 tau=5 algo=V2V-Base    seed=46 | CHR=0.988 AoI=0.000 | run=56.8s tot=152083s eta=1174m
  [5746/6400] d=5 eps=10 g=3.0 tau=5 algo=V2V-Base    seed=47 | CHR=0.988 AoI=0.000 | run=54.4s tot=152138s eta=1172m
  [5747/6400] d=5 eps=10 g=3.0 tau=5 algo=V2V-Base    seed=48 | CHR=0.988 AoI=0.000 | run=55.9s tot=152194s eta=1170m
  [5748/6400] d=5 eps=10 g=3.0 tau=5 algo=V2V-Base    seed=49 | CHR=0.988 AoI=0.000 | run=55.2s tot=152249s eta=1168m
  [5749/6400] d=5 eps=10 g=3.0 tau=5 algo=V2V-Base    seed=50 | CHR=0.989 AoI=0.000 | run=56.4s tot=152305s eta=1165m
  [5750/6400] d=5 eps=10 g=3.0 tau=5 algo=V2V-Base    seed=51 | CHR=0.986 AoI=0.000 | run=53.4s tot=152359s eta=1163m
  [5751/6400] d=5 eps=10 g=3.0 tau=5 algo=Random-K    seed=42 | CHR=0.987 AoI=0.001 | run=52.2s tot=152411s eta=1161m
  [5752/6400] d=5 eps=10 g=3.0 tau=5 algo=Random-K    seed=43 | CHR=0.988 AoI=0.001 | run=52.6s tot=152464s eta=1159m
  [5753/6400] d=5 eps=10 g=3.0 tau=5 algo=Random-K    seed=44 | CHR=0.989 AoI=0.001 | run=54.1s tot=152518s eta=1157m
  [5754/6400] d=5 eps=10 g=3.0 tau=5 algo=Random-K    seed=45 | CHR=0.988 AoI=0.001 | run=54.2s tot=152572s eta=1154m
  [5755/6400] d=5 eps=10 g=3.0 tau=5 algo=Random-K    seed=46 | CHR=0.988 AoI=0.001 | run=54.1s tot=152626s eta=1152m
  [5756/6400] d=5 eps=10 g=3.0 tau=5 algo=Random-K    seed=47 | CHR=0.987 AoI=0.001 | run=52.8s tot=152679s eta=1150m
  [5757/6400] d=5 eps=10 g=3.0 tau=5 algo=Random-K    seed=48 | CHR=0.988 AoI=0.001 | run=54.1s tot=152733s eta=1148m
  [5758/6400] d=5 eps=10 g=3.0 tau=5 algo=Random-K    seed=49 | CHR=0.987 AoI=0.001 | run=53.4s tot=152786s eta=1146m
  [5759/6400] d=5 eps=10 g=3.0 tau=5 algo=Random-K    seed=50 | CHR=0.988 AoI=0.001 | run=54.1s tot=152840s eta=1143m
  [5760/6400] d=5 eps=10 g=3.0 tau=5 algo=Random-K    seed=51 | CHR=0.987 AoI=0.001 | run=51.9s tot=152892s eta=1141m
  [5761/6400] d=5 eps=20 g=0.0 tau=5 algo=RILP        seed=42 | CHR=0.439 AoI=0.034 | run=56.3s tot=152948s eta=1139m
  [5762/6400] d=5 eps=20 g=0.0 tau=5 algo=RILP        seed=43 | CHR=0.438 AoI=0.034 | run=57.8s tot=153006s eta=1137m
  [5763/6400] d=5 eps=20 g=0.0 tau=5 algo=RILP        seed=44 | CHR=0.438 AoI=0.034 | run=59.5s tot=153066s eta=1135m
  [5764/6400] d=5 eps=20 g=0.0 tau=5 algo=RILP        seed=45 | CHR=0.438 AoI=0.034 | run=58.4s tot=153124s eta=1133m
  [5765/6400] d=5 eps=20 g=0.0 tau=5 algo=RILP        seed=46 | CHR=0.438 AoI=0.035 | run=58.9s tot=153183s eta=1131m
  [5766/6400] d=5 eps=20 g=0.0 tau=5 algo=RILP        seed=47 | CHR=0.438 AoI=0.034 | run=57.0s tot=153240s eta=1128m
  [5767/6400] d=5 eps=20 g=0.0 tau=5 algo=RILP        seed=48 | CHR=0.438 AoI=0.034 | run=58.4s tot=153298s eta=1126m
  [5768/6400] d=5 eps=20 g=0.0 tau=5 algo=RILP        seed=49 | CHR=0.438 AoI=0.035 | run=57.8s tot=153356s eta=1124m
  [5769/6400] d=5 eps=20 g=0.0 tau=5 algo=RILP        seed=50 | CHR=0.439 AoI=0.034 | run=58.1s tot=153414s eta=1122m
  [5770/6400] d=5 eps=20 g=0.0 tau=5 algo=RILP        seed=51 | CHR=0.438 AoI=0.034 | run=56.1s tot=153470s eta=1120m
  [5771/6400] d=5 eps=20 g=0.0 tau=5 algo=RILP-Greedy seed=42 | CHR=0.439 AoI=0.034 | run=56.2s tot=153526s eta=1118m
  [5772/6400] d=5 eps=20 g=0.0 tau=5 algo=RILP-Greedy seed=43 | CHR=0.438 AoI=0.034 | run=57.1s tot=153583s eta=1116m
  [5773/6400] d=5 eps=20 g=0.0 tau=5 algo=RILP-Greedy seed=44 | CHR=0.438 AoI=0.034 | run=58.4s tot=153642s eta=1113m
  [5774/6400] d=5 eps=20 g=0.0 tau=5 algo=RILP-Greedy seed=45 | CHR=0.438 AoI=0.034 | run=58.2s tot=153700s eta=1111m
  [5775/6400] d=5 eps=20 g=0.0 tau=5 algo=RILP-Greedy seed=46 | CHR=0.438 AoI=0.035 | run=58.6s tot=153759s eta=1109m
  [5776/6400] d=5 eps=20 g=0.0 tau=5 algo=RILP-Greedy seed=47 | CHR=0.438 AoI=0.034 | run=56.8s tot=153815s eta=1107m
  [5777/6400] d=5 eps=20 g=0.0 tau=5 algo=RILP-Greedy seed=48 | CHR=0.438 AoI=0.034 | run=57.9s tot=153873s eta=1105m
  [5778/6400] d=5 eps=20 g=0.0 tau=5 algo=RILP-Greedy seed=49 | CHR=0.438 AoI=0.035 | run=57.7s tot=153931s eta=1103m
  [5779/6400] d=5 eps=20 g=0.0 tau=5 algo=RILP-Greedy seed=50 | CHR=0.439 AoI=0.034 | run=58.6s tot=153990s eta=1101m
  [5780/6400] d=5 eps=20 g=0.0 tau=5 algo=RILP-Greedy seed=51 | CHR=0.438 AoI=0.034 | run=56.1s tot=154046s eta=1099m
  [5781/6400] d=5 eps=20 g=0.0 tau=5 algo=Nam2023b    seed=42 | CHR=0.291 AoI=0.198 | run=60.6s tot=154106s eta=1096m
  [5782/6400] d=5 eps=20 g=0.0 tau=5 algo=Nam2023b    seed=43 | CHR=0.291 AoI=0.198 | run=61.1s tot=154167s eta=1094m
[HEARTBEAT] 2026-05-20 07:07:33 | 경과=42h 49m 27s | 진행=5782/6400 (90.3%) | 평균=106.2s/run | ETA=18h 14m | 최근완료: algo=Nam2023b d=5 eps=20 g=0.0 tau=5 seed=43
  [5783/6400] d=5 eps=20 g=0.0 tau=5 algo=Nam2023b    seed=44 | CHR=0.291 AoI=0.198 | run=62.9s tot=154230s eta=1092m
  [5784/6400] d=5 eps=20 g=0.0 tau=5 algo=Nam2023b    seed=45 | CHR=0.291 AoI=0.199 | run=62.4s tot=154293s eta=1090m
  [5785/6400] d=5 eps=20 g=0.0 tau=5 algo=Nam2023b    seed=46 | CHR=0.291 AoI=0.198 | run=63.6s tot=154356s eta=1088m
  [5786/6400] d=5 eps=20 g=0.0 tau=5 algo=Nam2023b    seed=47 | CHR=0.291 AoI=0.198 | run=61.5s tot=154418s eta=1086m
  [5787/6400] d=5 eps=20 g=0.0 tau=5 algo=Nam2023b    seed=48 | CHR=0.291 AoI=0.199 | run=62.7s tot=154480s eta=1084m
  [5788/6400] d=5 eps=20 g=0.0 tau=5 algo=Nam2023b    seed=49 | CHR=0.291 AoI=0.198 | run=61.7s tot=154542s eta=1082m
  [5789/6400] d=5 eps=20 g=0.0 tau=5 algo=Nam2023b    seed=50 | CHR=0.292 AoI=0.198 | run=62.5s tot=154604s eta=1080m
  [5790/6400] d=5 eps=20 g=0.0 tau=5 algo=Nam2023b    seed=51 | CHR=0.292 AoI=0.198 | run=59.7s tot=154664s eta=1078m
  [5791/6400] d=5 eps=20 g=0.0 tau=5 algo=Nam2025     seed=42 | CHR=0.439 AoI=0.034 | run=57.1s tot=154721s eta=1076m
  [5792/6400] d=5 eps=20 g=0.0 tau=5 algo=Nam2025     seed=43 | CHR=0.438 AoI=0.034 | run=58.2s tot=154779s eta=1074m
  [5793/6400] d=5 eps=20 g=0.0 tau=5 algo=Nam2025     seed=44 | CHR=0.438 AoI=0.034 | run=59.3s tot=154839s eta=1071m
  [5794/6400] d=5 eps=20 g=0.0 tau=5 algo=Nam2025     seed=45 | CHR=0.438 AoI=0.034 | run=59.5s tot=154898s eta=1069m
  [5795/6400] d=5 eps=20 g=0.0 tau=5 algo=Nam2025     seed=46 | CHR=0.438 AoI=0.035 | run=60.0s tot=154958s eta=1067m
  [5796/6400] d=5 eps=20 g=0.0 tau=5 algo=Nam2025     seed=47 | CHR=0.438 AoI=0.034 | run=57.9s tot=155016s eta=1065m
  [5797/6400] d=5 eps=20 g=0.0 tau=5 algo=Nam2025     seed=48 | CHR=0.438 AoI=0.034 | run=59.4s tot=155076s eta=1063m
  [5798/6400] d=5 eps=20 g=0.0 tau=5 algo=Nam2025     seed=49 | CHR=0.438 AoI=0.035 | run=58.6s tot=155134s eta=1061m
  [5799/6400] d=5 eps=20 g=0.0 tau=5 algo=Nam2025     seed=50 | CHR=0.439 AoI=0.034 | run=59.9s tot=155194s eta=1059m
  [5800/6400] d=5 eps=20 g=0.0 tau=5 algo=Nam2025     seed=51 | CHR=0.438 AoI=0.034 | run=56.9s tot=155251s eta=1057m
  [5801/6400] d=5 eps=20 g=0.0 tau=5 algo=Youn2026    seed=42 | CHR=0.439 AoI=0.034 | run=59.8s tot=155311s eta=1055m
  [5802/6400] d=5 eps=20 g=0.0 tau=5 algo=Youn2026    seed=43 | CHR=0.438 AoI=0.034 | run=60.5s tot=155371s eta=1053m
  [5803/6400] d=5 eps=20 g=0.0 tau=5 algo=Youn2026    seed=44 | CHR=0.438 AoI=0.034 | run=61.9s tot=155433s eta=1051m
  [5804/6400] d=5 eps=20 g=0.0 tau=5 algo=Youn2026    seed=45 | CHR=0.438 AoI=0.034 | run=62.1s tot=155495s eta=1049m
  [5805/6400] d=5 eps=20 g=0.0 tau=5 algo=Youn2026    seed=46 | CHR=0.438 AoI=0.035 | run=63.0s tot=155558s eta=1047m
  [5806/6400] d=5 eps=20 g=0.0 tau=5 algo=Youn2026    seed=47 | CHR=0.438 AoI=0.034 | run=60.3s tot=155619s eta=1044m
  [5807/6400] d=5 eps=20 g=0.0 tau=5 algo=Youn2026    seed=48 | CHR=0.438 AoI=0.034 | run=61.6s tot=155680s eta=1042m
  [5808/6400] d=5 eps=20 g=0.0 tau=5 algo=Youn2026    seed=49 | CHR=0.438 AoI=0.035 | run=61.1s tot=155741s eta=1040m
  [5809/6400] d=5 eps=20 g=0.0 tau=5 algo=Youn2026    seed=50 | CHR=0.439 AoI=0.034 | run=61.9s tot=155803s eta=1038m
  [5810/6400] d=5 eps=20 g=0.0 tau=5 algo=Youn2026    seed=51 | CHR=0.438 AoI=0.034 | run=59.0s tot=155862s eta=1036m
  [5811/6400] d=5 eps=20 g=0.0 tau=5 algo=V2I-Base    seed=42 | CHR=0.439 AoI=0.034 | run=55.0s tot=155917s eta=1034m
  [5812/6400] d=5 eps=20 g=0.0 tau=5 algo=V2I-Base    seed=43 | CHR=0.438 AoI=0.034 | run=56.2s tot=155973s eta=1032m
  [5813/6400] d=5 eps=20 g=0.0 tau=5 algo=V2I-Base    seed=44 | CHR=0.438 AoI=0.034 | run=57.5s tot=156031s eta=1030m
  [5814/6400] d=5 eps=20 g=0.0 tau=5 algo=V2I-Base    seed=45 | CHR=0.438 AoI=0.034 | run=57.1s tot=156088s eta=1028m
  [5815/6400] d=5 eps=20 g=0.0 tau=5 algo=V2I-Base    seed=46 | CHR=0.438 AoI=0.035 | run=57.7s tot=156146s eta=1026m
  [5816/6400] d=5 eps=20 g=0.0 tau=5 algo=V2I-Base    seed=47 | CHR=0.438 AoI=0.034 | run=55.8s tot=156201s eta=1024m
  [5817/6400] d=5 eps=20 g=0.0 tau=5 algo=V2I-Base    seed=48 | CHR=0.438 AoI=0.034 | run=57.2s tot=156259s eta=1022m
  [5818/6400] d=5 eps=20 g=0.0 tau=5 algo=V2I-Base    seed=49 | CHR=0.438 AoI=0.035 | run=56.5s tot=156315s eta=1020m
  [5819/6400] d=5 eps=20 g=0.0 tau=5 algo=V2I-Base    seed=50 | CHR=0.439 AoI=0.034 | run=57.3s tot=156372s eta=1018m
  [5820/6400] d=5 eps=20 g=0.0 tau=5 algo=V2I-Base    seed=51 | CHR=0.438 AoI=0.034 | run=54.9s tot=156427s eta=1016m
  [5821/6400] d=5 eps=20 g=0.0 tau=5 algo=V2V-Base    seed=42 | CHR=0.987 AoI=0.000 | run=54.2s tot=156481s eta=1013m
  [5822/6400] d=5 eps=20 g=0.0 tau=5 algo=V2V-Base    seed=43 | CHR=0.988 AoI=0.000 | run=55.2s tot=156537s eta=1011m
  [5823/6400] d=5 eps=20 g=0.0 tau=5 algo=V2V-Base    seed=44 | CHR=0.989 AoI=0.000 | run=56.2s tot=156593s eta=1009m
  [5824/6400] d=5 eps=20 g=0.0 tau=5 algo=V2V-Base    seed=45 | CHR=0.988 AoI=0.000 | run=55.8s tot=156649s eta=1007m
  [5825/6400] d=5 eps=20 g=0.0 tau=5 algo=V2V-Base    seed=46 | CHR=0.988 AoI=0.000 | run=56.1s tot=156705s eta=1005m
  [5826/6400] d=5 eps=20 g=0.0 tau=5 algo=V2V-Base    seed=47 | CHR=0.988 AoI=0.000 | run=54.7s tot=156760s eta=1003m
  [5827/6400] d=5 eps=20 g=0.0 tau=5 algo=V2V-Base    seed=48 | CHR=0.988 AoI=0.000 | run=55.9s tot=156815s eta=1001m
  [5828/6400] d=5 eps=20 g=0.0 tau=5 algo=V2V-Base    seed=49 | CHR=0.988 AoI=0.000 | run=55.0s tot=156870s eta=999m
  [5829/6400] d=5 eps=20 g=0.0 tau=5 algo=V2V-Base    seed=50 | CHR=0.989 AoI=0.000 | run=56.1s tot=156927s eta=997m
  [5830/6400] d=5 eps=20 g=0.0 tau=5 algo=V2V-Base    seed=51 | CHR=0.986 AoI=0.000 | run=53.3s tot=156980s eta=995m
  [5831/6400] d=5 eps=20 g=0.0 tau=5 algo=Random-K    seed=42 | CHR=0.987 AoI=0.001 | run=52.2s tot=157032s eta=993m
  [5832/6400] d=5 eps=20 g=0.0 tau=5 algo=Random-K    seed=43 | CHR=0.988 AoI=0.001 | run=45.0s tot=157077s eta=991m
  [5833/6400] d=5 eps=20 g=0.0 tau=5 algo=Random-K    seed=44 | CHR=0.989 AoI=0.001 | run=46.4s tot=157123s eta=989m
  [5834/6400] d=5 eps=20 g=0.0 tau=5 algo=Random-K    seed=45 | CHR=0.988 AoI=0.001 | run=48.7s tot=157172s eta=986m
  [5835/6400] d=5 eps=20 g=0.0 tau=5 algo=Random-K    seed=46 | CHR=0.988 AoI=0.001 | run=50.7s tot=157223s eta=984m
  [5836/6400] d=5 eps=20 g=0.0 tau=5 algo=Random-K    seed=47 | CHR=0.987 AoI=0.001 | run=50.4s tot=157273s eta=982m
  [5837/6400] d=5 eps=20 g=0.0 tau=5 algo=Random-K    seed=48 | CHR=0.988 AoI=0.001 | run=50.7s tot=157324s eta=980m
  [5838/6400] d=5 eps=20 g=0.0 tau=5 algo=Random-K    seed=49 | CHR=0.987 AoI=0.001 | run=50.3s tot=157374s eta=978m
  [5839/6400] d=5 eps=20 g=0.0 tau=5 algo=Random-K    seed=50 | CHR=0.988 AoI=0.001 | run=50.5s tot=157425s eta=976m
  [5840/6400] d=5 eps=20 g=0.0 tau=5 algo=Random-K    seed=51 | CHR=0.987 AoI=0.001 | run=48.7s tot=157473s eta=974m
  [5841/6400] d=5 eps=20 g=1.0 tau=5 algo=RILP        seed=42 | CHR=0.439 AoI=0.034 | run=52.6s tot=157526s eta=972m
  [5842/6400] d=5 eps=20 g=1.0 tau=5 algo=RILP        seed=43 | CHR=0.438 AoI=0.034 | run=53.6s tot=157580s eta=970m
  [5843/6400] d=5 eps=20 g=1.0 tau=5 algo=RILP        seed=44 | CHR=0.438 AoI=0.034 | run=55.6s tot=157635s eta=968m
  [5844/6400] d=5 eps=20 g=1.0 tau=5 algo=RILP        seed=45 | CHR=0.438 AoI=0.034 | run=55.6s tot=157691s eta=966m
  [5845/6400] d=5 eps=20 g=1.0 tau=5 algo=RILP        seed=46 | CHR=0.438 AoI=0.035 | run=55.7s tot=157747s eta=964m
  [5846/6400] d=5 eps=20 g=1.0 tau=5 algo=RILP        seed=47 | CHR=0.438 AoI=0.034 | run=54.4s tot=157801s eta=962m
[HEARTBEAT] 2026-05-20 08:08:07 | 경과=43h 50m 00s | 진행=5846/6400 (91.3%) | 평균=104.2s/run | ETA=16h 01m | 최근완료: algo=RILP d=5 eps=20 g=1.0 tau=5 seed=47
  [5847/6400] d=5 eps=20 g=1.0 tau=5 algo=RILP        seed=48 | CHR=0.438 AoI=0.034 | run=56.4s tot=157857s eta=960m
  [5848/6400] d=5 eps=20 g=1.0 tau=5 algo=RILP        seed=49 | CHR=0.438 AoI=0.035 | run=54.9s tot=157912s eta=958m
  [5849/6400] d=5 eps=20 g=1.0 tau=5 algo=RILP        seed=50 | CHR=0.439 AoI=0.034 | run=56.6s tot=157969s eta=956m
  [5850/6400] d=5 eps=20 g=1.0 tau=5 algo=RILP        seed=51 | CHR=0.438 AoI=0.034 | run=53.4s tot=158022s eta=954m
  [5851/6400] d=5 eps=20 g=1.0 tau=5 algo=RILP-Greedy seed=42 | CHR=0.439 AoI=0.034 | run=54.0s tot=158076s eta=952m
  [5852/6400] d=5 eps=20 g=1.0 tau=5 algo=RILP-Greedy seed=43 | CHR=0.438 AoI=0.034 | run=54.9s tot=158131s eta=950m
  [5853/6400] d=5 eps=20 g=1.0 tau=5 algo=RILP-Greedy seed=44 | CHR=0.438 AoI=0.034 | run=55.9s tot=158187s eta=948m
  [5854/6400] d=5 eps=20 g=1.0 tau=5 algo=RILP-Greedy seed=45 | CHR=0.438 AoI=0.034 | run=56.2s tot=158243s eta=946m
  [5855/6400] d=5 eps=20 g=1.0 tau=5 algo=RILP-Greedy seed=46 | CHR=0.438 AoI=0.035 | run=56.0s tot=158299s eta=943m
  [5856/6400] d=5 eps=20 g=1.0 tau=5 algo=RILP-Greedy seed=47 | CHR=0.438 AoI=0.034 | run=54.0s tot=158353s eta=941m
  [5857/6400] d=5 eps=20 g=1.0 tau=5 algo=RILP-Greedy seed=48 | CHR=0.438 AoI=0.034 | run=56.4s tot=158410s eta=939m
  [5858/6400] d=5 eps=20 g=1.0 tau=5 algo=RILP-Greedy seed=49 | CHR=0.438 AoI=0.035 | run=56.2s tot=158466s eta=937m
  [5859/6400] d=5 eps=20 g=1.0 tau=5 algo=RILP-Greedy seed=50 | CHR=0.439 AoI=0.034 | run=55.2s tot=158521s eta=935m
  [5860/6400] d=5 eps=20 g=1.0 tau=5 algo=RILP-Greedy seed=51 | CHR=0.438 AoI=0.034 | run=53.1s tot=158574s eta=933m
  [5861/6400] d=5 eps=20 g=1.0 tau=5 algo=Nam2023b    seed=42 | CHR=0.291 AoI=0.198 | run=58.8s tot=158633s eta=931m
  [5862/6400] d=5 eps=20 g=1.0 tau=5 algo=Nam2023b    seed=43 | CHR=0.291 AoI=0.198 | run=59.0s tot=158692s eta=929m
  [5863/6400] d=5 eps=20 g=1.0 tau=5 algo=Nam2023b    seed=44 | CHR=0.291 AoI=0.198 | run=60.3s tot=158752s eta=927m
  [5864/6400] d=5 eps=20 g=1.0 tau=5 algo=Nam2023b    seed=45 | CHR=0.291 AoI=0.199 | run=60.6s tot=158813s eta=925m
  [5865/6400] d=5 eps=20 g=1.0 tau=5 algo=Nam2023b    seed=46 | CHR=0.291 AoI=0.198 | run=61.2s tot=158874s eta=923m
  [5866/6400] d=5 eps=20 g=1.0 tau=5 algo=Nam2023b    seed=47 | CHR=0.291 AoI=0.198 | run=59.5s tot=158933s eta=922m
  [5867/6400] d=5 eps=20 g=1.0 tau=5 algo=Nam2023b    seed=48 | CHR=0.291 AoI=0.199 | run=61.4s tot=158995s eta=920m
  [5868/6400] d=5 eps=20 g=1.0 tau=5 algo=Nam2023b    seed=49 | CHR=0.291 AoI=0.198 | run=60.3s tot=159055s eta=918m
  [5869/6400] d=5 eps=20 g=1.0 tau=5 algo=Nam2023b    seed=50 | CHR=0.292 AoI=0.198 | run=61.1s tot=159116s eta=916m
  [5870/6400] d=5 eps=20 g=1.0 tau=5 algo=Nam2023b    seed=51 | CHR=0.292 AoI=0.198 | run=58.2s tot=159174s eta=914m
  [5871/6400] d=5 eps=20 g=1.0 tau=5 algo=Nam2025     seed=42 | CHR=0.439 AoI=0.034 | run=55.8s tot=159230s eta=912m
  [5872/6400] d=5 eps=20 g=1.0 tau=5 algo=Nam2025     seed=43 | CHR=0.438 AoI=0.034 | run=56.3s tot=159286s eta=910m
  [5873/6400] d=5 eps=20 g=1.0 tau=5 algo=Nam2025     seed=44 | CHR=0.438 AoI=0.034 | run=58.9s tot=159345s eta=908m
  [5874/6400] d=5 eps=20 g=1.0 tau=5 algo=Nam2025     seed=45 | CHR=0.438 AoI=0.034 | run=57.5s tot=159403s eta=906m
  [5875/6400] d=5 eps=20 g=1.0 tau=5 algo=Nam2025     seed=46 | CHR=0.438 AoI=0.035 | run=58.3s tot=159461s eta=904m
  [5876/6400] d=5 eps=20 g=1.0 tau=5 algo=Nam2025     seed=47 | CHR=0.438 AoI=0.034 | run=56.9s tot=159518s eta=902m
  [5877/6400] d=5 eps=20 g=1.0 tau=5 algo=Nam2025     seed=48 | CHR=0.438 AoI=0.034 | run=58.2s tot=159576s eta=900m
  [5878/6400] d=5 eps=20 g=1.0 tau=5 algo=Nam2025     seed=49 | CHR=0.438 AoI=0.035 | run=57.6s tot=159634s eta=898m
  [5879/6400] d=5 eps=20 g=1.0 tau=5 algo=Nam2025     seed=50 | CHR=0.439 AoI=0.034 | run=58.3s tot=159692s eta=896m
  [5880/6400] d=5 eps=20 g=1.0 tau=5 algo=Nam2025     seed=51 | CHR=0.438 AoI=0.034 | run=55.4s tot=159747s eta=894m
  [5881/6400] d=5 eps=20 g=1.0 tau=5 algo=Youn2026    seed=42 | CHR=0.439 AoI=0.034 | run=58.6s tot=159806s eta=892m
  [5882/6400] d=5 eps=20 g=1.0 tau=5 algo=Youn2026    seed=43 | CHR=0.438 AoI=0.034 | run=59.2s tot=159865s eta=890m
  [5883/6400] d=5 eps=20 g=1.0 tau=5 algo=Youn2026    seed=44 | CHR=0.438 AoI=0.034 | run=60.8s tot=159926s eta=888m
  [5884/6400] d=5 eps=20 g=1.0 tau=5 algo=Youn2026    seed=45 | CHR=0.438 AoI=0.034 | run=60.5s tot=159986s eta=886m
  [5885/6400] d=5 eps=20 g=1.0 tau=5 algo=Youn2026    seed=46 | CHR=0.438 AoI=0.035 | run=60.9s tot=160047s eta=884m
  [5886/6400] d=5 eps=20 g=1.0 tau=5 algo=Youn2026    seed=47 | CHR=0.438 AoI=0.034 | run=59.1s tot=160106s eta=882m
  [5887/6400] d=5 eps=20 g=1.0 tau=5 algo=Youn2026    seed=48 | CHR=0.438 AoI=0.034 | run=60.6s tot=160167s eta=880m
  [5888/6400] d=5 eps=20 g=1.0 tau=5 algo=Youn2026    seed=49 | CHR=0.438 AoI=0.035 | run=59.9s tot=160227s eta=878m
  [5889/6400] d=5 eps=20 g=1.0 tau=5 algo=Youn2026    seed=50 | CHR=0.439 AoI=0.034 | run=60.7s tot=160288s eta=876m
  [5890/6400] d=5 eps=20 g=1.0 tau=5 algo=Youn2026    seed=51 | CHR=0.438 AoI=0.034 | run=57.8s tot=160345s eta=874m
  [5891/6400] d=5 eps=20 g=1.0 tau=5 algo=V2I-Base    seed=42 | CHR=0.439 AoI=0.034 | run=53.6s tot=160399s eta=872m
  [5892/6400] d=5 eps=20 g=1.0 tau=5 algo=V2I-Base    seed=43 | CHR=0.438 AoI=0.034 | run=54.7s tot=160454s eta=870m
  [5893/6400] d=5 eps=20 g=1.0 tau=5 algo=V2I-Base    seed=44 | CHR=0.438 AoI=0.034 | run=56.7s tot=160510s eta=868m
  [5894/6400] d=5 eps=20 g=1.0 tau=5 algo=V2I-Base    seed=45 | CHR=0.438 AoI=0.034 | run=56.4s tot=160567s eta=866m
  [5895/6400] d=5 eps=20 g=1.0 tau=5 algo=V2I-Base    seed=46 | CHR=0.438 AoI=0.035 | run=56.3s tot=160623s eta=864m
  [5896/6400] d=5 eps=20 g=1.0 tau=5 algo=V2I-Base    seed=47 | CHR=0.438 AoI=0.034 | run=55.2s tot=160678s eta=862m
  [5897/6400] d=5 eps=20 g=1.0 tau=5 algo=V2I-Base    seed=48 | CHR=0.438 AoI=0.034 | run=56.2s tot=160735s eta=860m
  [5898/6400] d=5 eps=20 g=1.0 tau=5 algo=V2I-Base    seed=49 | CHR=0.438 AoI=0.035 | run=55.7s tot=160790s eta=859m
  [5899/6400] d=5 eps=20 g=1.0 tau=5 algo=V2I-Base    seed=50 | CHR=0.439 AoI=0.034 | run=56.3s tot=160846s eta=857m
  [5900/6400] d=5 eps=20 g=1.0 tau=5 algo=V2I-Base    seed=51 | CHR=0.438 AoI=0.034 | run=53.7s tot=160900s eta=855m
  [5901/6400] d=5 eps=20 g=1.0 tau=5 algo=V2V-Base    seed=42 | CHR=0.987 AoI=0.000 | run=53.0s tot=160953s eta=853m
  [5902/6400] d=5 eps=20 g=1.0 tau=5 algo=V2V-Base    seed=43 | CHR=0.988 AoI=0.000 | run=53.7s tot=161007s eta=851m
  [5903/6400] d=5 eps=20 g=1.0 tau=5 algo=V2V-Base    seed=44 | CHR=0.989 AoI=0.000 | run=55.1s tot=161062s eta=849m
  [5904/6400] d=5 eps=20 g=1.0 tau=5 algo=V2V-Base    seed=45 | CHR=0.988 AoI=0.000 | run=55.2s tot=161117s eta=847m
  [5905/6400] d=5 eps=20 g=1.0 tau=5 algo=V2V-Base    seed=46 | CHR=0.988 AoI=0.000 | run=55.8s tot=161173s eta=845m
  [5906/6400] d=5 eps=20 g=1.0 tau=5 algo=V2V-Base    seed=47 | CHR=0.988 AoI=0.000 | run=54.1s tot=161227s eta=843m
  [5907/6400] d=5 eps=20 g=1.0 tau=5 algo=V2V-Base    seed=48 | CHR=0.988 AoI=0.000 | run=54.9s tot=161282s eta=841m
  [5908/6400] d=5 eps=20 g=1.0 tau=5 algo=V2V-Base    seed=49 | CHR=0.988 AoI=0.000 | run=54.3s tot=161336s eta=839m
  [5909/6400] d=5 eps=20 g=1.0 tau=5 algo=V2V-Base    seed=50 | CHR=0.989 AoI=0.000 | run=55.3s tot=161392s eta=837m
  [5910/6400] d=5 eps=20 g=1.0 tau=5 algo=V2V-Base    seed=51 | CHR=0.986 AoI=0.000 | run=53.1s tot=161445s eta=835m
[HEARTBEAT] 2026-05-20 09:08:51 | 경과=44h 50m 44s | 진행=5910/6400 (92.3%) | 평균=102.2s/run | ETA=13h 54m | 최근완료: algo=V2V-Base d=5 eps=20 g=1.0 tau=5 seed=51
  [5911/6400] d=5 eps=20 g=1.0 tau=5 algo=Random-K    seed=42 | CHR=0.987 AoI=0.001 | run=51.5s tot=161496s eta=833m
  [5912/6400] d=5 eps=20 g=1.0 tau=5 algo=Random-K    seed=43 | CHR=0.988 AoI=0.001 | run=52.2s tot=161548s eta=831m
  [5913/6400] d=5 eps=20 g=1.0 tau=5 algo=Random-K    seed=44 | CHR=0.989 AoI=0.001 | run=53.5s tot=161602s eta=829m
  [5914/6400] d=5 eps=20 g=1.0 tau=5 algo=Random-K    seed=45 | CHR=0.988 AoI=0.001 | run=53.1s tot=161655s eta=827m
  [5915/6400] d=5 eps=20 g=1.0 tau=5 algo=Random-K    seed=46 | CHR=0.988 AoI=0.001 | run=53.6s tot=161709s eta=825m
  [5916/6400] d=5 eps=20 g=1.0 tau=5 algo=Random-K    seed=47 | CHR=0.987 AoI=0.001 | run=51.9s tot=161760s eta=823m
  [5917/6400] d=5 eps=20 g=1.0 tau=5 algo=Random-K    seed=48 | CHR=0.988 AoI=0.001 | run=53.1s tot=161814s eta=821m
  [5918/6400] d=5 eps=20 g=1.0 tau=5 algo=Random-K    seed=49 | CHR=0.987 AoI=0.001 | run=52.7s tot=161866s eta=819m
  [5919/6400] d=5 eps=20 g=1.0 tau=5 algo=Random-K    seed=50 | CHR=0.988 AoI=0.001 | run=53.5s tot=161920s eta=817m
  [5920/6400] d=5 eps=20 g=1.0 tau=5 algo=Random-K    seed=51 | CHR=0.987 AoI=0.001 | run=51.4s tot=161971s eta=815m
  [5921/6400] d=5 eps=20 g=2.0 tau=5 algo=RILP        seed=42 | CHR=0.439 AoI=0.034 | run=55.3s tot=162026s eta=814m
  [5922/6400] d=5 eps=20 g=2.0 tau=5 algo=RILP        seed=43 | CHR=0.438 AoI=0.034 | run=56.7s tot=162083s eta=812m
  [5923/6400] d=5 eps=20 g=2.0 tau=5 algo=RILP        seed=44 | CHR=0.438 AoI=0.034 | run=58.6s tot=162142s eta=810m
  [5924/6400] d=5 eps=20 g=2.0 tau=5 algo=RILP        seed=45 | CHR=0.438 AoI=0.034 | run=58.1s tot=162200s eta=808m
  [5925/6400] d=5 eps=20 g=2.0 tau=5 algo=RILP        seed=46 | CHR=0.438 AoI=0.035 | run=57.9s tot=162258s eta=806m
  [5926/6400] d=5 eps=20 g=2.0 tau=5 algo=RILP        seed=47 | CHR=0.438 AoI=0.034 | run=56.1s tot=162314s eta=804m
  [5927/6400] d=5 eps=20 g=2.0 tau=5 algo=RILP        seed=48 | CHR=0.438 AoI=0.034 | run=57.5s tot=162371s eta=802m
  [5928/6400] d=5 eps=20 g=2.0 tau=5 algo=RILP        seed=49 | CHR=0.438 AoI=0.035 | run=57.0s tot=162428s eta=800m
  [5929/6400] d=5 eps=20 g=2.0 tau=5 algo=RILP        seed=50 | CHR=0.439 AoI=0.034 | run=57.8s tot=162486s eta=798m
  [5930/6400] d=5 eps=20 g=2.0 tau=5 algo=RILP        seed=51 | CHR=0.438 AoI=0.034 | run=55.2s tot=162541s eta=796m
  [5931/6400] d=5 eps=20 g=2.0 tau=5 algo=RILP-Greedy seed=42 | CHR=0.439 AoI=0.034 | run=55.0s tot=162596s eta=794m
  [5932/6400] d=5 eps=20 g=2.0 tau=5 algo=RILP-Greedy seed=43 | CHR=0.438 AoI=0.034 | run=56.0s tot=162652s eta=792m
  [5933/6400] d=5 eps=20 g=2.0 tau=5 algo=RILP-Greedy seed=44 | CHR=0.438 AoI=0.034 | run=58.0s tot=162710s eta=791m
  [5934/6400] d=5 eps=20 g=2.0 tau=5 algo=RILP-Greedy seed=45 | CHR=0.438 AoI=0.034 | run=57.4s tot=162768s eta=789m
  [5935/6400] d=5 eps=20 g=2.0 tau=5 algo=RILP-Greedy seed=46 | CHR=0.438 AoI=0.035 | run=57.9s tot=162826s eta=787m
  [5936/6400] d=5 eps=20 g=2.0 tau=5 algo=RILP-Greedy seed=47 | CHR=0.438 AoI=0.034 | run=56.0s tot=162882s eta=785m
  [5937/6400] d=5 eps=20 g=2.0 tau=5 algo=RILP-Greedy seed=48 | CHR=0.438 AoI=0.034 | run=57.8s tot=162939s eta=783m
  [5938/6400] d=5 eps=20 g=2.0 tau=5 algo=RILP-Greedy seed=49 | CHR=0.438 AoI=0.035 | run=57.4s tot=162997s eta=781m
  [5939/6400] d=5 eps=20 g=2.0 tau=5 algo=RILP-Greedy seed=50 | CHR=0.439 AoI=0.034 | run=58.2s tot=163055s eta=779m
  [5940/6400] d=5 eps=20 g=2.0 tau=5 algo=RILP-Greedy seed=51 | CHR=0.438 AoI=0.034 | run=55.3s tot=163110s eta=777m
  [5941/6400] d=5 eps=20 g=2.0 tau=5 algo=Nam2023b    seed=42 | CHR=0.291 AoI=0.198 | run=59.6s tot=163170s eta=775m
  [5942/6400] d=5 eps=20 g=2.0 tau=5 algo=Nam2023b    seed=43 | CHR=0.291 AoI=0.198 | run=60.8s tot=163231s eta=773m
  [5943/6400] d=5 eps=20 g=2.0 tau=5 algo=Nam2023b    seed=44 | CHR=0.291 AoI=0.198 | run=63.0s tot=163294s eta=772m
  [5944/6400] d=5 eps=20 g=2.0 tau=5 algo=Nam2023b    seed=45 | CHR=0.291 AoI=0.199 | run=61.6s tot=163355s eta=770m
  [5945/6400] d=5 eps=20 g=2.0 tau=5 algo=Nam2023b    seed=46 | CHR=0.291 AoI=0.198 | run=62.7s tot=163418s eta=768m
  [5946/6400] d=5 eps=20 g=2.0 tau=5 algo=Nam2023b    seed=47 | CHR=0.291 AoI=0.198 | run=60.5s tot=163478s eta=766m
  [5947/6400] d=5 eps=20 g=2.0 tau=5 algo=Nam2023b    seed=48 | CHR=0.291 AoI=0.199 | run=62.0s tot=163540s eta=764m
  [5948/6400] d=5 eps=20 g=2.0 tau=5 algo=Nam2023b    seed=49 | CHR=0.291 AoI=0.198 | run=61.2s tot=163602s eta=762m
  [5949/6400] d=5 eps=20 g=2.0 tau=5 algo=Nam2023b    seed=50 | CHR=0.292 AoI=0.198 | run=62.1s tot=163664s eta=760m
  [5950/6400] d=5 eps=20 g=2.0 tau=5 algo=Nam2023b    seed=51 | CHR=0.292 AoI=0.198 | run=58.4s tot=163722s eta=758m
  [5951/6400] d=5 eps=20 g=2.0 tau=5 algo=Nam2025     seed=42 | CHR=0.439 AoI=0.034 | run=56.7s tot=163779s eta=757m
  [5952/6400] d=5 eps=20 g=2.0 tau=5 algo=Nam2025     seed=43 | CHR=0.438 AoI=0.034 | run=58.0s tot=163837s eta=755m
  [5953/6400] d=5 eps=20 g=2.0 tau=5 algo=Nam2025     seed=44 | CHR=0.438 AoI=0.034 | run=59.5s tot=163896s eta=753m
  [5954/6400] d=5 eps=20 g=2.0 tau=5 algo=Nam2025     seed=45 | CHR=0.438 AoI=0.034 | run=59.0s tot=163955s eta=751m
  [5955/6400] d=5 eps=20 g=2.0 tau=5 algo=Nam2025     seed=46 | CHR=0.438 AoI=0.035 | run=59.7s tot=164015s eta=749m
  [5956/6400] d=5 eps=20 g=2.0 tau=5 algo=Nam2025     seed=47 | CHR=0.438 AoI=0.034 | run=57.4s tot=164072s eta=747m
  [5957/6400] d=5 eps=20 g=2.0 tau=5 algo=Nam2025     seed=48 | CHR=0.438 AoI=0.034 | run=58.9s tot=164131s eta=745m
  [5958/6400] d=5 eps=20 g=2.0 tau=5 algo=Nam2025     seed=49 | CHR=0.438 AoI=0.035 | run=58.3s tot=164190s eta=743m
  [5959/6400] d=5 eps=20 g=2.0 tau=5 algo=Nam2025     seed=50 | CHR=0.439 AoI=0.034 | run=58.9s tot=164248s eta=742m
  [5960/6400] d=5 eps=20 g=2.0 tau=5 algo=Nam2025     seed=51 | CHR=0.438 AoI=0.034 | run=56.5s tot=164305s eta=740m
  [5961/6400] d=5 eps=20 g=2.0 tau=5 algo=Youn2026    seed=42 | CHR=0.439 AoI=0.034 | run=59.0s tot=164364s eta=738m
  [5962/6400] d=5 eps=20 g=2.0 tau=5 algo=Youn2026    seed=43 | CHR=0.438 AoI=0.034 | run=60.3s tot=164424s eta=736m
  [5963/6400] d=5 eps=20 g=2.0 tau=5 algo=Youn2026    seed=44 | CHR=0.438 AoI=0.034 | run=62.1s tot=164486s eta=734m
  [5964/6400] d=5 eps=20 g=2.0 tau=5 algo=Youn2026    seed=45 | CHR=0.438 AoI=0.034 | run=61.2s tot=164548s eta=732m
  [5965/6400] d=5 eps=20 g=2.0 tau=5 algo=Youn2026    seed=46 | CHR=0.438 AoI=0.035 | run=62.0s tot=164610s eta=730m
  [5966/6400] d=5 eps=20 g=2.0 tau=5 algo=Youn2026    seed=47 | CHR=0.438 AoI=0.034 | run=59.9s tot=164670s eta=729m
  [5967/6400] d=5 eps=20 g=2.0 tau=5 algo=Youn2026    seed=48 | CHR=0.438 AoI=0.034 | run=61.5s tot=164731s eta=727m
  [5968/6400] d=5 eps=20 g=2.0 tau=5 algo=Youn2026    seed=49 | CHR=0.438 AoI=0.035 | run=60.7s tot=164792s eta=725m
  [5969/6400] d=5 eps=20 g=2.0 tau=5 algo=Youn2026    seed=50 | CHR=0.439 AoI=0.034 | run=61.4s tot=164853s eta=723m
  [5970/6400] d=5 eps=20 g=2.0 tau=5 algo=Youn2026    seed=51 | CHR=0.438 AoI=0.034 | run=59.1s tot=164912s eta=721m
  [5971/6400] d=5 eps=20 g=2.0 tau=5 algo=V2I-Base    seed=42 | CHR=0.439 AoI=0.034 | run=54.8s tot=164967s eta=719m
  [5972/6400] d=5 eps=20 g=2.0 tau=5 algo=V2I-Base    seed=43 | CHR=0.438 AoI=0.034 | run=55.8s tot=165023s eta=717m
  [5973/6400] d=5 eps=20 g=2.0 tau=5 algo=V2I-Base    seed=44 | CHR=0.438 AoI=0.034 | run=57.6s tot=165081s eta=715m
[HEARTBEAT] 2026-05-20 10:09:26 | 경과=45h 51m 20s | 진행=5973/6400 (93.3%) | 평균=100.5s/run | ETA=11h 55m | 최근완료: algo=V2I-Base d=5 eps=20 g=2.0 tau=5 seed=44
  [5974/6400] d=5 eps=20 g=2.0 tau=5 algo=V2I-Base    seed=45 | CHR=0.438 AoI=0.034 | run=57.1s tot=165138s eta=714m
  [5975/6400] d=5 eps=20 g=2.0 tau=5 algo=V2I-Base    seed=46 | CHR=0.438 AoI=0.035 | run=57.2s tot=165195s eta=712m
  [5976/6400] d=5 eps=20 g=2.0 tau=5 algo=V2I-Base    seed=47 | CHR=0.438 AoI=0.034 | run=55.3s tot=165250s eta=710m
  [5977/6400] d=5 eps=20 g=2.0 tau=5 algo=V2I-Base    seed=48 | CHR=0.438 AoI=0.034 | run=57.1s tot=165307s eta=708m
  [5978/6400] d=5 eps=20 g=2.0 tau=5 algo=V2I-Base    seed=49 | CHR=0.438 AoI=0.035 | run=56.0s tot=165363s eta=706m
  [5979/6400] d=5 eps=20 g=2.0 tau=5 algo=V2I-Base    seed=50 | CHR=0.439 AoI=0.034 | run=56.5s tot=165420s eta=704m
  [5980/6400] d=5 eps=20 g=2.0 tau=5 algo=V2I-Base    seed=51 | CHR=0.438 AoI=0.034 | run=53.9s tot=165473s eta=702m
  [5981/6400] d=5 eps=20 g=2.0 tau=5 algo=V2V-Base    seed=42 | CHR=0.987 AoI=0.000 | run=53.5s tot=165527s eta=701m
  [5982/6400] d=5 eps=20 g=2.0 tau=5 algo=V2V-Base    seed=43 | CHR=0.988 AoI=0.000 | run=53.9s tot=165581s eta=699m
  [5983/6400] d=5 eps=20 g=2.0 tau=5 algo=V2V-Base    seed=44 | CHR=0.989 AoI=0.000 | run=55.7s tot=165637s eta=697m
  [5984/6400] d=5 eps=20 g=2.0 tau=5 algo=V2V-Base    seed=45 | CHR=0.988 AoI=0.000 | run=55.6s tot=165692s eta=695m
  [5985/6400] d=5 eps=20 g=2.0 tau=5 algo=V2V-Base    seed=46 | CHR=0.988 AoI=0.000 | run=55.7s tot=165748s eta=693m
  [5986/6400] d=5 eps=20 g=2.0 tau=5 algo=V2V-Base    seed=47 | CHR=0.988 AoI=0.000 | run=54.4s tot=165802s eta=691m
  [5987/6400] d=5 eps=20 g=2.0 tau=5 algo=V2V-Base    seed=48 | CHR=0.988 AoI=0.000 | run=55.5s tot=165858s eta=689m
  [5988/6400] d=5 eps=20 g=2.0 tau=5 algo=V2V-Base    seed=49 | CHR=0.988 AoI=0.000 | run=54.9s tot=165913s eta=688m
  [5989/6400] d=5 eps=20 g=2.0 tau=5 algo=V2V-Base    seed=50 | CHR=0.989 AoI=0.000 | run=55.3s tot=165968s eta=686m
  [5990/6400] d=5 eps=20 g=2.0 tau=5 algo=V2V-Base    seed=51 | CHR=0.986 AoI=0.000 | run=52.9s tot=166021s eta=684m
  [5991/6400] d=5 eps=20 g=2.0 tau=5 algo=Random-K    seed=42 | CHR=0.987 AoI=0.001 | run=51.7s tot=166073s eta=682m
  [5992/6400] d=5 eps=20 g=2.0 tau=5 algo=Random-K    seed=43 | CHR=0.988 AoI=0.001 | run=52.6s tot=166125s eta=680m
  [5993/6400] d=5 eps=20 g=2.0 tau=5 algo=Random-K    seed=44 | CHR=0.989 AoI=0.001 | run=53.7s tot=166179s eta=678m
  [5994/6400] d=5 eps=20 g=2.0 tau=5 algo=Random-K    seed=45 | CHR=0.988 AoI=0.001 | run=53.5s tot=166233s eta=676m
  [5995/6400] d=5 eps=20 g=2.0 tau=5 algo=Random-K    seed=46 | CHR=0.988 AoI=0.001 | run=53.9s tot=166286s eta=675m
  [5996/6400] d=5 eps=20 g=2.0 tau=5 algo=Random-K    seed=47 | CHR=0.987 AoI=0.001 | run=52.9s tot=166339s eta=673m
  [5997/6400] d=5 eps=20 g=2.0 tau=5 algo=Random-K    seed=48 | CHR=0.988 AoI=0.001 | run=53.6s tot=166393s eta=671m
  [5998/6400] d=5 eps=20 g=2.0 tau=5 algo=Random-K    seed=49 | CHR=0.987 AoI=0.001 | run=52.8s tot=166446s eta=669m
  [5999/6400] d=5 eps=20 g=2.0 tau=5 algo=Random-K    seed=50 | CHR=0.988 AoI=0.001 | run=53.6s tot=166499s eta=667m
  [6000/6400] d=5 eps=20 g=2.0 tau=5 algo=Random-K    seed=51 | CHR=0.987 AoI=0.001 | run=51.5s tot=166551s eta=665m
  [6001/6400] d=5 eps=20 g=3.0 tau=5 algo=RILP        seed=42 | CHR=0.439 AoI=0.034 | run=55.8s tot=166607s eta=663m
  [6002/6400] d=5 eps=20 g=3.0 tau=5 algo=RILP        seed=43 | CHR=0.438 AoI=0.034 | run=57.0s tot=166664s eta=662m
  [6003/6400] d=5 eps=20 g=3.0 tau=5 algo=RILP        seed=44 | CHR=0.438 AoI=0.034 | run=58.3s tot=166722s eta=660m
  [6004/6400] d=5 eps=20 g=3.0 tau=5 algo=RILP        seed=45 | CHR=0.438 AoI=0.034 | run=58.3s tot=166780s eta=658m
  [6005/6400] d=5 eps=20 g=3.0 tau=5 algo=RILP        seed=46 | CHR=0.438 AoI=0.035 | run=58.2s tot=166838s eta=656m
  [6006/6400] d=5 eps=20 g=3.0 tau=5 algo=RILP        seed=47 | CHR=0.438 AoI=0.034 | run=56.4s tot=166895s eta=654m
  [6007/6400] d=5 eps=20 g=3.0 tau=5 algo=RILP        seed=48 | CHR=0.438 AoI=0.034 | run=58.3s tot=166953s eta=652m
  [6008/6400] d=5 eps=20 g=3.0 tau=5 algo=RILP        seed=49 | CHR=0.438 AoI=0.035 | run=57.6s tot=167011s eta=651m
  [6009/6400] d=5 eps=20 g=3.0 tau=5 algo=RILP        seed=50 | CHR=0.439 AoI=0.034 | run=58.6s tot=167069s eta=649m
  [6010/6400] d=5 eps=20 g=3.0 tau=5 algo=RILP        seed=51 | CHR=0.438 AoI=0.034 | run=55.8s tot=167125s eta=647m
  [6011/6400] d=5 eps=20 g=3.0 tau=5 algo=RILP-Greedy seed=42 | CHR=0.439 AoI=0.034 | run=56.3s tot=167181s eta=645m
  [6012/6400] d=5 eps=20 g=3.0 tau=5 algo=RILP-Greedy seed=43 | CHR=0.438 AoI=0.034 | run=56.8s tot=167238s eta=643m
  [6013/6400] d=5 eps=20 g=3.0 tau=5 algo=RILP-Greedy seed=44 | CHR=0.438 AoI=0.034 | run=58.7s tot=167297s eta=642m
  [6014/6400] d=5 eps=20 g=3.0 tau=5 algo=RILP-Greedy seed=45 | CHR=0.438 AoI=0.034 | run=58.9s tot=167356s eta=640m
  [6015/6400] d=5 eps=20 g=3.0 tau=5 algo=RILP-Greedy seed=46 | CHR=0.438 AoI=0.035 | run=59.6s tot=167415s eta=638m
  [6016/6400] d=5 eps=20 g=3.0 tau=5 algo=RILP-Greedy seed=47 | CHR=0.438 AoI=0.034 | run=57.7s tot=167473s eta=636m
  [6017/6400] d=5 eps=20 g=3.0 tau=5 algo=RILP-Greedy seed=48 | CHR=0.438 AoI=0.034 | run=58.5s tot=167532s eta=634m
  [6018/6400] d=5 eps=20 g=3.0 tau=5 algo=RILP-Greedy seed=49 | CHR=0.438 AoI=0.035 | run=57.9s tot=167589s eta=632m
  [6019/6400] d=5 eps=20 g=3.0 tau=5 algo=RILP-Greedy seed=50 | CHR=0.439 AoI=0.034 | run=59.5s tot=167649s eta=631m
  [6020/6400] d=5 eps=20 g=3.0 tau=5 algo=RILP-Greedy seed=51 | CHR=0.438 AoI=0.034 | run=56.6s tot=167706s eta=629m
  [6021/6400] d=5 eps=20 g=3.0 tau=5 algo=Nam2023b    seed=42 | CHR=0.291 AoI=0.198 | run=61.3s tot=167767s eta=627m
  [6022/6400] d=5 eps=20 g=3.0 tau=5 algo=Nam2023b    seed=43 | CHR=0.291 AoI=0.198 | run=61.7s tot=167828s eta=625m
  [6023/6400] d=5 eps=20 g=3.0 tau=5 algo=Nam2023b    seed=44 | CHR=0.291 AoI=0.198 | run=63.6s tot=167892s eta=623m
  [6024/6400] d=5 eps=20 g=3.0 tau=5 algo=Nam2023b    seed=45 | CHR=0.291 AoI=0.199 | run=63.3s tot=167955s eta=622m
  [6025/6400] d=5 eps=20 g=3.0 tau=5 algo=Nam2023b    seed=46 | CHR=0.291 AoI=0.198 | run=63.4s tot=168019s eta=620m
  [6026/6400] d=5 eps=20 g=3.0 tau=5 algo=Nam2023b    seed=47 | CHR=0.291 AoI=0.198 | run=61.4s tot=168080s eta=618m
  [6027/6400] d=5 eps=20 g=3.0 tau=5 algo=Nam2023b    seed=48 | CHR=0.291 AoI=0.199 | run=63.6s tot=168144s eta=616m
  [6028/6400] d=5 eps=20 g=3.0 tau=5 algo=Nam2023b    seed=49 | CHR=0.291 AoI=0.198 | run=63.1s tot=168207s eta=615m
  [6029/6400] d=5 eps=20 g=3.0 tau=5 algo=Nam2023b    seed=50 | CHR=0.292 AoI=0.198 | run=62.9s tot=168270s eta=613m
  [6030/6400] d=5 eps=20 g=3.0 tau=5 algo=Nam2023b    seed=51 | CHR=0.292 AoI=0.198 | run=60.5s tot=168330s eta=611m
  [6031/6400] d=5 eps=20 g=3.0 tau=5 algo=Nam2025     seed=42 | CHR=0.439 AoI=0.034 | run=58.1s tot=168388s eta=609m
  [6032/6400] d=5 eps=20 g=3.0 tau=5 algo=Nam2025     seed=43 | CHR=0.438 AoI=0.034 | run=58.6s tot=168447s eta=607m
  [6033/6400] d=5 eps=20 g=3.0 tau=5 algo=Nam2025     seed=44 | CHR=0.438 AoI=0.034 | run=60.0s tot=168507s eta=606m
  [6034/6400] d=5 eps=20 g=3.0 tau=5 algo=Nam2025     seed=45 | CHR=0.438 AoI=0.034 | run=60.1s tot=168567s eta=604m
  [6035/6400] d=5 eps=20 g=3.0 tau=5 algo=Nam2025     seed=46 | CHR=0.438 AoI=0.035 | run=60.6s tot=168628s eta=602m
  [6036/6400] d=5 eps=20 g=3.0 tau=5 algo=Nam2025     seed=47 | CHR=0.438 AoI=0.034 | run=59.3s tot=168687s eta=600m
[HEARTBEAT] 2026-05-20 11:09:33 | 경과=46h 51m 27s | 진행=6036/6400 (94.3%) | 평균=98.9s/run | ETA=10h 00m | 최근완료: algo=Nam2025 d=5 eps=20 g=3.0 tau=5 seed=47
  [6037/6400] d=5 eps=20 g=3.0 tau=5 algo=Nam2025     seed=48 | CHR=0.438 AoI=0.034 | run=59.2s tot=168746s eta=598m
  [6038/6400] d=5 eps=20 g=3.0 tau=5 algo=Nam2025     seed=49 | CHR=0.438 AoI=0.035 | run=59.4s tot=168806s eta=597m
  [6039/6400] d=5 eps=20 g=3.0 tau=5 algo=Nam2025     seed=50 | CHR=0.439 AoI=0.034 | run=60.4s tot=168866s eta=595m
  [6040/6400] d=5 eps=20 g=3.0 tau=5 algo=Nam2025     seed=51 | CHR=0.438 AoI=0.034 | run=58.0s tot=168924s eta=593m
  [6041/6400] d=5 eps=20 g=3.0 tau=5 algo=Youn2026    seed=42 | CHR=0.439 AoI=0.034 | run=60.6s tot=168985s eta=591m
  [6042/6400] d=5 eps=20 g=3.0 tau=5 algo=Youn2026    seed=43 | CHR=0.438 AoI=0.034 | run=61.2s tot=169046s eta=590m
  [6043/6400] d=5 eps=20 g=3.0 tau=5 algo=Youn2026    seed=44 | CHR=0.438 AoI=0.034 | run=62.9s tot=169109s eta=588m
  [6044/6400] d=5 eps=20 g=3.0 tau=5 algo=Youn2026    seed=45 | CHR=0.438 AoI=0.034 | run=62.3s tot=169171s eta=586m
  [6045/6400] d=5 eps=20 g=3.0 tau=5 algo=Youn2026    seed=46 | CHR=0.438 AoI=0.035 | run=63.1s tot=169234s eta=584m
  [6046/6400] d=5 eps=20 g=3.0 tau=5 algo=Youn2026    seed=47 | CHR=0.438 AoI=0.034 | run=61.3s tot=169295s eta=582m
  [6047/6400] d=5 eps=20 g=3.0 tau=5 algo=Youn2026    seed=48 | CHR=0.438 AoI=0.034 | run=62.5s tot=169358s eta=581m
  [6048/6400] d=5 eps=20 g=3.0 tau=5 algo=Youn2026    seed=49 | CHR=0.438 AoI=0.035 | run=61.2s tot=169419s eta=579m
  [6049/6400] d=5 eps=20 g=3.0 tau=5 algo=Youn2026    seed=50 | CHR=0.439 AoI=0.034 | run=62.7s tot=169482s eta=577m
  [6050/6400] d=5 eps=20 g=3.0 tau=5 algo=Youn2026    seed=51 | CHR=0.438 AoI=0.034 | run=60.1s tot=169542s eta=575m
  [6051/6400] d=5 eps=20 g=3.0 tau=5 algo=V2I-Base    seed=42 | CHR=0.439 AoI=0.034 | run=55.8s tot=169598s eta=574m
  [6052/6400] d=5 eps=20 g=3.0 tau=5 algo=V2I-Base    seed=43 | CHR=0.438 AoI=0.034 | run=57.0s tot=169655s eta=572m
  [6053/6400] d=5 eps=20 g=3.0 tau=5 algo=V2I-Base    seed=44 | CHR=0.438 AoI=0.034 | run=58.2s tot=169713s eta=570m
  [6054/6400] d=5 eps=20 g=3.0 tau=5 algo=V2I-Base    seed=45 | CHR=0.438 AoI=0.034 | run=57.7s tot=169771s eta=568m
  [6055/6400] d=5 eps=20 g=3.0 tau=5 algo=V2I-Base    seed=46 | CHR=0.438 AoI=0.035 | run=58.9s tot=169830s eta=566m
  [6056/6400] d=5 eps=20 g=3.0 tau=5 algo=V2I-Base    seed=47 | CHR=0.438 AoI=0.034 | run=56.6s tot=169886s eta=565m
  [6057/6400] d=5 eps=20 g=3.0 tau=5 algo=V2I-Base    seed=48 | CHR=0.438 AoI=0.034 | run=58.2s tot=169944s eta=563m
  [6058/6400] d=5 eps=20 g=3.0 tau=5 algo=V2I-Base    seed=49 | CHR=0.438 AoI=0.035 | run=57.7s tot=170002s eta=561m
  [6059/6400] d=5 eps=20 g=3.0 tau=5 algo=V2I-Base    seed=50 | CHR=0.439 AoI=0.034 | run=58.3s tot=170060s eta=559m
  [6060/6400] d=5 eps=20 g=3.0 tau=5 algo=V2I-Base    seed=51 | CHR=0.438 AoI=0.034 | run=55.6s tot=170116s eta=558m
  [6061/6400] d=5 eps=20 g=3.0 tau=5 algo=V2V-Base    seed=42 | CHR=0.987 AoI=0.000 | run=54.3s tot=170170s eta=556m
  [6062/6400] d=5 eps=20 g=3.0 tau=5 algo=V2V-Base    seed=43 | CHR=0.988 AoI=0.000 | run=55.2s tot=170225s eta=554m
  [6063/6400] d=5 eps=20 g=3.0 tau=5 algo=V2V-Base    seed=44 | CHR=0.989 AoI=0.000 | run=56.7s tot=170282s eta=552m
  [6064/6400] d=5 eps=20 g=3.0 tau=5 algo=V2V-Base    seed=45 | CHR=0.988 AoI=0.000 | run=56.3s tot=170338s eta=550m
  [6065/6400] d=5 eps=20 g=3.0 tau=5 algo=V2V-Base    seed=46 | CHR=0.988 AoI=0.000 | run=56.8s tot=170395s eta=549m
  [6066/6400] d=5 eps=20 g=3.0 tau=5 algo=V2V-Base    seed=47 | CHR=0.988 AoI=0.000 | run=54.9s tot=170450s eta=547m
  [6067/6400] d=5 eps=20 g=3.0 tau=5 algo=V2V-Base    seed=48 | CHR=0.988 AoI=0.000 | run=56.2s tot=170506s eta=545m
  [6068/6400] d=5 eps=20 g=3.0 tau=5 algo=V2V-Base    seed=49 | CHR=0.988 AoI=0.000 | run=55.8s tot=170562s eta=543m
  [6069/6400] d=5 eps=20 g=3.0 tau=5 algo=V2V-Base    seed=50 | CHR=0.989 AoI=0.000 | run=55.9s tot=170618s eta=542m
  [6070/6400] d=5 eps=20 g=3.0 tau=5 algo=V2V-Base    seed=51 | CHR=0.986 AoI=0.000 | run=54.0s tot=170672s eta=540m
  [6071/6400] d=5 eps=20 g=3.0 tau=5 algo=Random-K    seed=42 | CHR=0.987 AoI=0.001 | run=53.2s tot=170725s eta=538m
  [6072/6400] d=5 eps=20 g=3.0 tau=5 algo=Random-K    seed=43 | CHR=0.988 AoI=0.001 | run=53.8s tot=170779s eta=536m
  [6073/6400] d=5 eps=20 g=3.0 tau=5 algo=Random-K    seed=44 | CHR=0.989 AoI=0.001 | run=55.0s tot=170834s eta=534m
  [6074/6400] d=5 eps=20 g=3.0 tau=5 algo=Random-K    seed=45 | CHR=0.988 AoI=0.001 | run=55.1s tot=170889s eta=533m
  [6075/6400] d=5 eps=20 g=3.0 tau=5 algo=Random-K    seed=46 | CHR=0.988 AoI=0.001 | run=55.2s tot=170944s eta=531m
  [6076/6400] d=5 eps=20 g=3.0 tau=5 algo=Random-K    seed=47 | CHR=0.987 AoI=0.001 | run=54.0s tot=170998s eta=529m
  [6077/6400] d=5 eps=20 g=3.0 tau=5 algo=Random-K    seed=48 | CHR=0.988 AoI=0.001 | run=54.2s tot=171053s eta=527m
  [6078/6400] d=5 eps=20 g=3.0 tau=5 algo=Random-K    seed=49 | CHR=0.987 AoI=0.001 | run=53.9s tot=171106s eta=526m
  [6079/6400] d=5 eps=20 g=3.0 tau=5 algo=Random-K    seed=50 | CHR=0.988 AoI=0.001 | run=54.7s tot=171161s eta=524m
  [6080/6400] d=5 eps=20 g=3.0 tau=5 algo=Random-K    seed=51 | CHR=0.987 AoI=0.001 | run=52.4s tot=171213s eta=522m
  [6081/6400] d=5 eps=30 g=0.0 tau=5 algo=RILP        seed=42 | CHR=0.439 AoI=0.034 | run=57.0s tot=171270s eta=520m
  [6082/6400] d=5 eps=30 g=0.0 tau=5 algo=RILP        seed=43 | CHR=0.438 AoI=0.034 | run=58.6s tot=171329s eta=519m
  [6083/6400] d=5 eps=30 g=0.0 tau=5 algo=RILP        seed=44 | CHR=0.438 AoI=0.034 | run=59.8s tot=171389s eta=517m
  [6084/6400] d=5 eps=30 g=0.0 tau=5 algo=RILP        seed=45 | CHR=0.438 AoI=0.034 | run=59.9s tot=171449s eta=515m
  [6085/6400] d=5 eps=30 g=0.0 tau=5 algo=RILP        seed=46 | CHR=0.438 AoI=0.035 | run=59.1s tot=171508s eta=513m
  [6086/6400] d=5 eps=30 g=0.0 tau=5 algo=RILP        seed=47 | CHR=0.438 AoI=0.034 | run=58.3s tot=171566s eta=512m
  [6087/6400] d=5 eps=30 g=0.0 tau=5 algo=RILP        seed=48 | CHR=0.438 AoI=0.034 | run=59.3s tot=171625s eta=510m
  [6088/6400] d=5 eps=30 g=0.0 tau=5 algo=RILP        seed=49 | CHR=0.438 AoI=0.035 | run=58.8s tot=171684s eta=508m
  [6089/6400] d=5 eps=30 g=0.0 tau=5 algo=RILP        seed=50 | CHR=0.439 AoI=0.034 | run=59.6s tot=171744s eta=506m
  [6090/6400] d=5 eps=30 g=0.0 tau=5 algo=RILP        seed=51 | CHR=0.438 AoI=0.034 | run=57.0s tot=171801s eta=505m
  [6091/6400] d=5 eps=30 g=0.0 tau=5 algo=RILP-Greedy seed=42 | CHR=0.439 AoI=0.034 | run=56.7s tot=171857s eta=503m
  [6092/6400] d=5 eps=30 g=0.0 tau=5 algo=RILP-Greedy seed=43 | CHR=0.438 AoI=0.034 | run=58.0s tot=171915s eta=501m
  [6093/6400] d=5 eps=30 g=0.0 tau=5 algo=RILP-Greedy seed=44 | CHR=0.438 AoI=0.034 | run=59.7s tot=171975s eta=499m
  [6094/6400] d=5 eps=30 g=0.0 tau=5 algo=RILP-Greedy seed=45 | CHR=0.438 AoI=0.034 | run=59.2s tot=172034s eta=498m
  [6095/6400] d=5 eps=30 g=0.0 tau=5 algo=RILP-Greedy seed=46 | CHR=0.438 AoI=0.035 | run=59.7s tot=172094s eta=496m
  [6096/6400] d=5 eps=30 g=0.0 tau=5 algo=RILP-Greedy seed=47 | CHR=0.438 AoI=0.034 | run=57.5s tot=172151s eta=494m
  [6097/6400] d=5 eps=30 g=0.0 tau=5 algo=RILP-Greedy seed=48 | CHR=0.438 AoI=0.034 | run=58.9s tot=172210s eta=492m
  [6098/6400] d=5 eps=30 g=0.0 tau=5 algo=RILP-Greedy seed=49 | CHR=0.438 AoI=0.035 | run=58.2s tot=172269s eta=491m
  [6099/6400] d=5 eps=30 g=0.0 tau=5 algo=RILP-Greedy seed=50 | CHR=0.439 AoI=0.034 | run=59.2s tot=172328s eta=489m
[HEARTBEAT] 2026-05-20 12:10:14 | 경과=47h 52m 07s | 진행=6099/6400 (95.3%) | 평균=97.5s/run | ETA=8h 08m | 최근완료: algo=RILP-Greedy d=5 eps=30 g=0.0 tau=5 seed=50
  [6100/6400] d=5 eps=30 g=0.0 tau=5 algo=RILP-Greedy seed=51 | CHR=0.438 AoI=0.034 | run=56.4s tot=172384s eta=487m
  [6101/6400] d=5 eps=30 g=0.0 tau=5 algo=Nam2023b    seed=42 | CHR=0.291 AoI=0.198 | run=60.7s tot=172445s eta=486m
  [6102/6400] d=5 eps=30 g=0.0 tau=5 algo=Nam2023b    seed=43 | CHR=0.291 AoI=0.198 | run=62.0s tot=172507s eta=484m
  [6103/6400] d=5 eps=30 g=0.0 tau=5 algo=Nam2023b    seed=44 | CHR=0.291 AoI=0.198 | run=63.7s tot=172571s eta=482m
  [6104/6400] d=5 eps=30 g=0.0 tau=5 algo=Nam2023b    seed=45 | CHR=0.291 AoI=0.199 | run=64.1s tot=172635s eta=480m
  [6105/6400] d=5 eps=30 g=0.0 tau=5 algo=Nam2023b    seed=46 | CHR=0.291 AoI=0.198 | run=64.0s tot=172699s eta=479m
  [6106/6400] d=5 eps=30 g=0.0 tau=5 algo=Nam2023b    seed=47 | CHR=0.291 AoI=0.198 | run=62.4s tot=172761s eta=477m
  [6107/6400] d=5 eps=30 g=0.0 tau=5 algo=Nam2023b    seed=48 | CHR=0.291 AoI=0.199 | run=63.5s tot=172825s eta=475m
  [6108/6400] d=5 eps=30 g=0.0 tau=5 algo=Nam2023b    seed=49 | CHR=0.291 AoI=0.198 | run=62.6s tot=172887s eta=473m
  [6109/6400] d=5 eps=30 g=0.0 tau=5 algo=Nam2023b    seed=50 | CHR=0.292 AoI=0.198 | run=64.2s tot=172951s eta=472m
  [6110/6400] d=5 eps=30 g=0.0 tau=5 algo=Nam2023b    seed=51 | CHR=0.292 AoI=0.198 | run=60.5s tot=173012s eta=470m
  [6111/6400] d=5 eps=30 g=0.0 tau=5 algo=Nam2025     seed=42 | CHR=0.439 AoI=0.034 | run=58.0s tot=173070s eta=468m
  [6112/6400] d=5 eps=30 g=0.0 tau=5 algo=Nam2025     seed=43 | CHR=0.438 AoI=0.034 | run=58.9s tot=173129s eta=467m
  [6113/6400] d=5 eps=30 g=0.0 tau=5 algo=Nam2025     seed=44 | CHR=0.438 AoI=0.034 | run=61.0s tot=173190s eta=465m
  [6114/6400] d=5 eps=30 g=0.0 tau=5 algo=Nam2025     seed=45 | CHR=0.438 AoI=0.034 | run=60.3s tot=173250s eta=463m
  [6115/6400] d=5 eps=30 g=0.0 tau=5 algo=Nam2025     seed=46 | CHR=0.438 AoI=0.035 | run=60.9s tot=173311s eta=461m
  [6116/6400] d=5 eps=30 g=0.0 tau=5 algo=Nam2025     seed=47 | CHR=0.438 AoI=0.034 | run=59.2s tot=173370s eta=460m
  [6117/6400] d=5 eps=30 g=0.0 tau=5 algo=Nam2025     seed=48 | CHR=0.438 AoI=0.034 | run=60.8s tot=173431s eta=458m
  [6118/6400] d=5 eps=30 g=0.0 tau=5 algo=Nam2025     seed=49 | CHR=0.438 AoI=0.035 | run=59.6s tot=173491s eta=456m
  [6119/6400] d=5 eps=30 g=0.0 tau=5 algo=Nam2025     seed=50 | CHR=0.439 AoI=0.034 | run=60.2s tot=173551s eta=455m
  [6120/6400] d=5 eps=30 g=0.0 tau=5 algo=Nam2025     seed=51 | CHR=0.438 AoI=0.034 | run=58.3s tot=173609s eta=453m
  [6121/6400] d=5 eps=30 g=0.0 tau=5 algo=Youn2026    seed=42 | CHR=0.439 AoI=0.034 | run=60.7s tot=173670s eta=451m
  [6122/6400] d=5 eps=30 g=0.0 tau=5 algo=Youn2026    seed=43 | CHR=0.438 AoI=0.034 | run=61.1s tot=173731s eta=449m
  [6123/6400] d=5 eps=30 g=0.0 tau=5 algo=Youn2026    seed=44 | CHR=0.438 AoI=0.034 | run=63.1s tot=173794s eta=448m
  [6124/6400] d=5 eps=30 g=0.0 tau=5 algo=Youn2026    seed=45 | CHR=0.438 AoI=0.034 | run=63.0s tot=173857s eta=446m
  [6125/6400] d=5 eps=30 g=0.0 tau=5 algo=Youn2026    seed=46 | CHR=0.438 AoI=0.035 | run=63.5s tot=173920s eta=444m
  [6126/6400] d=5 eps=30 g=0.0 tau=5 algo=Youn2026    seed=47 | CHR=0.438 AoI=0.034 | run=61.4s tot=173982s eta=443m
  [6127/6400] d=5 eps=30 g=0.0 tau=5 algo=Youn2026    seed=48 | CHR=0.438 AoI=0.034 | run=63.0s tot=174045s eta=441m
  [6128/6400] d=5 eps=30 g=0.0 tau=5 algo=Youn2026    seed=49 | CHR=0.438 AoI=0.035 | run=62.2s tot=174107s eta=439m
  [6129/6400] d=5 eps=30 g=0.0 tau=5 algo=Youn2026    seed=50 | CHR=0.439 AoI=0.034 | run=62.7s tot=174170s eta=438m
  [6130/6400] d=5 eps=30 g=0.0 tau=5 algo=Youn2026    seed=51 | CHR=0.438 AoI=0.034 | run=59.7s tot=174229s eta=436m
  [6131/6400] d=5 eps=30 g=0.0 tau=5 algo=V2I-Base    seed=42 | CHR=0.439 AoI=0.034 | run=56.0s tot=174285s eta=434m
  [6132/6400] d=5 eps=30 g=0.0 tau=5 algo=V2I-Base    seed=43 | CHR=0.438 AoI=0.034 | run=56.5s tot=174342s eta=432m
  [6133/6400] d=5 eps=30 g=0.0 tau=5 algo=V2I-Base    seed=44 | CHR=0.438 AoI=0.034 | run=58.7s tot=174401s eta=431m
  [6134/6400] d=5 eps=30 g=0.0 tau=5 algo=V2I-Base    seed=45 | CHR=0.438 AoI=0.034 | run=58.0s tot=174459s eta=429m
  [6135/6400] d=5 eps=30 g=0.0 tau=5 algo=V2I-Base    seed=46 | CHR=0.438 AoI=0.035 | run=59.1s tot=174518s eta=427m
  [6136/6400] d=5 eps=30 g=0.0 tau=5 algo=V2I-Base    seed=47 | CHR=0.438 AoI=0.034 | run=57.2s tot=174575s eta=426m
  [6137/6400] d=5 eps=30 g=0.0 tau=5 algo=V2I-Base    seed=48 | CHR=0.438 AoI=0.034 | run=58.1s tot=174633s eta=424m
  [6138/6400] d=5 eps=30 g=0.0 tau=5 algo=V2I-Base    seed=49 | CHR=0.438 AoI=0.035 | run=58.1s tot=174691s eta=422m
  [6139/6400] d=5 eps=30 g=0.0 tau=5 algo=V2I-Base    seed=50 | CHR=0.439 AoI=0.034 | run=58.5s tot=174750s eta=420m
  [6140/6400] d=5 eps=30 g=0.0 tau=5 algo=V2I-Base    seed=51 | CHR=0.438 AoI=0.034 | run=55.7s tot=174806s eta=419m
  [6141/6400] d=5 eps=30 g=0.0 tau=5 algo=V2V-Base    seed=42 | CHR=0.987 AoI=0.000 | run=54.9s tot=174860s eta=417m
  [6142/6400] d=5 eps=30 g=0.0 tau=5 algo=V2V-Base    seed=43 | CHR=0.988 AoI=0.000 | run=55.3s tot=174916s eta=415m
  [6143/6400] d=5 eps=30 g=0.0 tau=5 algo=V2V-Base    seed=44 | CHR=0.989 AoI=0.000 | run=57.0s tot=174973s eta=414m
  [6144/6400] d=5 eps=30 g=0.0 tau=5 algo=V2V-Base    seed=45 | CHR=0.988 AoI=0.000 | run=57.0s tot=175030s eta=412m
  [6145/6400] d=5 eps=30 g=0.0 tau=5 algo=V2V-Base    seed=46 | CHR=0.988 AoI=0.000 | run=57.0s tot=175087s eta=410m
  [6146/6400] d=5 eps=30 g=0.0 tau=5 algo=V2V-Base    seed=47 | CHR=0.988 AoI=0.000 | run=55.2s tot=175142s eta=409m
  [6147/6400] d=5 eps=30 g=0.0 tau=5 algo=V2V-Base    seed=48 | CHR=0.988 AoI=0.000 | run=56.5s tot=175198s eta=407m
  [6148/6400] d=5 eps=30 g=0.0 tau=5 algo=V2V-Base    seed=49 | CHR=0.988 AoI=0.000 | run=56.3s tot=175255s eta=405m
  [6149/6400] d=5 eps=30 g=0.0 tau=5 algo=V2V-Base    seed=50 | CHR=0.989 AoI=0.000 | run=56.3s tot=175311s eta=403m
  [6150/6400] d=5 eps=30 g=0.0 tau=5 algo=V2V-Base    seed=51 | CHR=0.986 AoI=0.000 | run=54.0s tot=175365s eta=402m
  [6151/6400] d=5 eps=30 g=0.0 tau=5 algo=Random-K    seed=42 | CHR=0.987 AoI=0.001 | run=52.8s tot=175418s eta=400m
  [6152/6400] d=5 eps=30 g=0.0 tau=5 algo=Random-K    seed=43 | CHR=0.988 AoI=0.001 | run=53.6s tot=175471s eta=398m
  [6153/6400] d=5 eps=30 g=0.0 tau=5 algo=Random-K    seed=44 | CHR=0.989 AoI=0.001 | run=55.2s tot=175527s eta=397m
  [6154/6400] d=5 eps=30 g=0.0 tau=5 algo=Random-K    seed=45 | CHR=0.988 AoI=0.001 | run=54.8s tot=175582s eta=395m
  [6155/6400] d=5 eps=30 g=0.0 tau=5 algo=Random-K    seed=46 | CHR=0.988 AoI=0.001 | run=55.1s tot=175637s eta=393m
  [6156/6400] d=5 eps=30 g=0.0 tau=5 algo=Random-K    seed=47 | CHR=0.987 AoI=0.001 | run=54.2s tot=175691s eta=391m
  [6157/6400] d=5 eps=30 g=0.0 tau=5 algo=Random-K    seed=48 | CHR=0.988 AoI=0.001 | run=54.9s tot=175746s eta=390m
  [6158/6400] d=5 eps=30 g=0.0 tau=5 algo=Random-K    seed=49 | CHR=0.987 AoI=0.001 | run=54.1s tot=175800s eta=388m
  [6159/6400] d=5 eps=30 g=0.0 tau=5 algo=Random-K    seed=50 | CHR=0.988 AoI=0.001 | run=55.0s tot=175855s eta=386m
  [6160/6400] d=5 eps=30 g=0.0 tau=5 algo=Random-K    seed=51 | CHR=0.987 AoI=0.001 | run=52.9s tot=175908s eta=385m
  [6161/6400] d=5 eps=30 g=1.0 tau=5 algo=RILP        seed=42 | CHR=0.439 AoI=0.034 | run=57.5s tot=175965s eta=383m
[HEARTBEAT] 2026-05-20 13:10:51 | 경과=48h 52m 45s | 진행=6161/6400 (96.3%) | 평균=96.2s/run | ETA=6h 23m | 최근완료: algo=RILP d=5 eps=30 g=1.0 tau=5 seed=42
  [6162/6400] d=5 eps=30 g=1.0 tau=5 algo=RILP        seed=43 | CHR=0.438 AoI=0.034 | run=58.6s tot=176024s eta=381m
  [6163/6400] d=5 eps=30 g=1.0 tau=5 algo=RILP        seed=44 | CHR=0.438 AoI=0.034 | run=59.5s tot=176083s eta=380m
  [6164/6400] d=5 eps=30 g=1.0 tau=5 algo=RILP        seed=45 | CHR=0.438 AoI=0.034 | run=59.3s tot=176143s eta=378m
  [6165/6400] d=5 eps=30 g=1.0 tau=5 algo=RILP        seed=46 | CHR=0.438 AoI=0.035 | run=60.2s tot=176203s eta=376m
  [6166/6400] d=5 eps=30 g=1.0 tau=5 algo=RILP        seed=47 | CHR=0.438 AoI=0.034 | run=58.3s tot=176261s eta=375m
  [6167/6400] d=5 eps=30 g=1.0 tau=5 algo=RILP        seed=48 | CHR=0.438 AoI=0.034 | run=59.5s tot=176321s eta=373m
  [6168/6400] d=5 eps=30 g=1.0 tau=5 algo=RILP        seed=49 | CHR=0.438 AoI=0.035 | run=59.1s tot=176380s eta=371m
  [6169/6400] d=5 eps=30 g=1.0 tau=5 algo=RILP        seed=50 | CHR=0.439 AoI=0.034 | run=59.2s tot=176439s eta=370m
  [6170/6400] d=5 eps=30 g=1.0 tau=5 algo=RILP        seed=51 | CHR=0.438 AoI=0.034 | run=56.6s tot=176496s eta=368m
  [6171/6400] d=5 eps=30 g=1.0 tau=5 algo=RILP-Greedy seed=42 | CHR=0.439 AoI=0.034 | run=57.3s tot=176553s eta=366m
  [6172/6400] d=5 eps=30 g=1.0 tau=5 algo=RILP-Greedy seed=43 | CHR=0.438 AoI=0.034 | run=57.4s tot=176610s eta=365m
  [6173/6400] d=5 eps=30 g=1.0 tau=5 algo=RILP-Greedy seed=44 | CHR=0.438 AoI=0.034 | run=59.6s tot=176670s eta=363m
  [6174/6400] d=5 eps=30 g=1.0 tau=5 algo=RILP-Greedy seed=45 | CHR=0.438 AoI=0.034 | run=59.8s tot=176730s eta=361m
  [6175/6400] d=5 eps=30 g=1.0 tau=5 algo=RILP-Greedy seed=46 | CHR=0.438 AoI=0.035 | run=59.5s tot=176789s eta=360m
  [6176/6400] d=5 eps=30 g=1.0 tau=5 algo=RILP-Greedy seed=47 | CHR=0.438 AoI=0.034 | run=57.3s tot=176846s eta=358m
  [6177/6400] d=5 eps=30 g=1.0 tau=5 algo=RILP-Greedy seed=48 | CHR=0.438 AoI=0.034 | run=59.5s tot=176906s eta=356m
  [6178/6400] d=5 eps=30 g=1.0 tau=5 algo=RILP-Greedy seed=49 | CHR=0.438 AoI=0.035 | run=58.5s tot=176964s eta=355m
  [6179/6400] d=5 eps=30 g=1.0 tau=5 algo=RILP-Greedy seed=50 | CHR=0.439 AoI=0.034 | run=59.7s tot=177024s eta=353m
  [6180/6400] d=5 eps=30 g=1.0 tau=5 algo=RILP-Greedy seed=51 | CHR=0.438 AoI=0.034 | run=56.8s tot=177081s eta=351m
  [6181/6400] d=5 eps=30 g=1.0 tau=5 algo=Nam2023b    seed=42 | CHR=0.291 AoI=0.198 | run=61.1s tot=177142s eta=349m
  [6182/6400] d=5 eps=30 g=1.0 tau=5 algo=Nam2023b    seed=43 | CHR=0.291 AoI=0.198 | run=62.8s tot=177205s eta=348m
  [6183/6400] d=5 eps=30 g=1.0 tau=5 algo=Nam2023b    seed=44 | CHR=0.291 AoI=0.198 | run=63.9s tot=177269s eta=346m
  [6184/6400] d=5 eps=30 g=1.0 tau=5 algo=Nam2023b    seed=45 | CHR=0.291 AoI=0.199 | run=63.5s tot=177332s eta=345m
  [6185/6400] d=5 eps=30 g=1.0 tau=5 algo=Nam2023b    seed=46 | CHR=0.291 AoI=0.198 | run=64.1s tot=177396s eta=343m
  [6186/6400] d=5 eps=30 g=1.0 tau=5 algo=Nam2023b    seed=47 | CHR=0.291 AoI=0.198 | run=61.7s tot=177458s eta=341m
  [6187/6400] d=5 eps=30 g=1.0 tau=5 algo=Nam2023b    seed=48 | CHR=0.291 AoI=0.199 | run=63.0s tot=177521s eta=340m
  [6188/6400] d=5 eps=30 g=1.0 tau=5 algo=Nam2023b    seed=49 | CHR=0.291 AoI=0.198 | run=63.0s tot=177584s eta=338m
  [6189/6400] d=5 eps=30 g=1.0 tau=5 algo=Nam2023b    seed=50 | CHR=0.292 AoI=0.198 | run=64.3s tot=177648s eta=336m
  [6190/6400] d=5 eps=30 g=1.0 tau=5 algo=Nam2023b    seed=51 | CHR=0.292 AoI=0.198 | run=61.3s tot=177709s eta=335m
  [6191/6400] d=5 eps=30 g=1.0 tau=5 algo=Nam2025     seed=42 | CHR=0.439 AoI=0.034 | run=58.7s tot=177768s eta=333m
  [6192/6400] d=5 eps=30 g=1.0 tau=5 algo=Nam2025     seed=43 | CHR=0.438 AoI=0.034 | run=59.3s tot=177827s eta=331m
  [6193/6400] d=5 eps=30 g=1.0 tau=5 algo=Nam2025     seed=44 | CHR=0.438 AoI=0.034 | run=60.9s tot=177888s eta=330m
  [6194/6400] d=5 eps=30 g=1.0 tau=5 algo=Nam2025     seed=45 | CHR=0.438 AoI=0.034 | run=60.4s tot=177949s eta=328m
  [6195/6400] d=5 eps=30 g=1.0 tau=5 algo=Nam2025     seed=46 | CHR=0.438 AoI=0.035 | run=61.1s tot=178010s eta=326m
  [6196/6400] d=5 eps=30 g=1.0 tau=5 algo=Nam2025     seed=47 | CHR=0.438 AoI=0.034 | run=58.9s tot=178069s eta=325m
  [6197/6400] d=5 eps=30 g=1.0 tau=5 algo=Nam2025     seed=48 | CHR=0.438 AoI=0.034 | run=60.6s tot=178129s eta=323m
  [6198/6400] d=5 eps=30 g=1.0 tau=5 algo=Nam2025     seed=49 | CHR=0.438 AoI=0.035 | run=60.5s tot=178190s eta=321m
  [6199/6400] d=5 eps=30 g=1.0 tau=5 algo=Nam2025     seed=50 | CHR=0.439 AoI=0.034 | run=60.1s tot=178250s eta=320m
  [6200/6400] d=5 eps=30 g=1.0 tau=5 algo=Nam2025     seed=51 | CHR=0.438 AoI=0.034 | run=58.1s tot=178308s eta=318m
  [6201/6400] d=5 eps=30 g=1.0 tau=5 algo=Youn2026    seed=42 | CHR=0.439 AoI=0.034 | run=60.7s tot=178369s eta=316m
  [6202/6400] d=5 eps=30 g=1.0 tau=5 algo=Youn2026    seed=43 | CHR=0.438 AoI=0.034 | run=61.3s tot=178430s eta=315m
  [6203/6400] d=5 eps=30 g=1.0 tau=5 algo=Youn2026    seed=44 | CHR=0.438 AoI=0.034 | run=63.6s tot=178493s eta=313m
  [6204/6400] d=5 eps=30 g=1.0 tau=5 algo=Youn2026    seed=45 | CHR=0.438 AoI=0.034 | run=58.6s tot=178552s eta=311m
  [6205/6400] d=5 eps=30 g=1.0 tau=5 algo=Youn2026    seed=46 | CHR=0.438 AoI=0.035 | run=57.4s tot=178609s eta=310m
  [6206/6400] d=5 eps=30 g=1.0 tau=5 algo=Youn2026    seed=47 | CHR=0.438 AoI=0.034 | run=57.8s tot=178667s eta=308m
  [6207/6400] d=5 eps=30 g=1.0 tau=5 algo=Youn2026    seed=48 | CHR=0.438 AoI=0.034 | run=58.1s tot=178725s eta=306m
  [6208/6400] d=5 eps=30 g=1.0 tau=5 algo=Youn2026    seed=49 | CHR=0.438 AoI=0.035 | run=58.9s tot=178784s eta=305m
  [6209/6400] d=5 eps=30 g=1.0 tau=5 algo=Youn2026    seed=50 | CHR=0.439 AoI=0.034 | run=59.5s tot=178844s eta=303m
  [6210/6400] d=5 eps=30 g=1.0 tau=5 algo=Youn2026    seed=51 | CHR=0.438 AoI=0.034 | run=56.9s tot=178901s eta=302m
  [6211/6400] d=5 eps=30 g=1.0 tau=5 algo=V2I-Base    seed=42 | CHR=0.439 AoI=0.034 | run=52.0s tot=178953s eta=300m
  [6212/6400] d=5 eps=30 g=1.0 tau=5 algo=V2I-Base    seed=43 | CHR=0.438 AoI=0.034 | run=53.5s tot=179006s eta=298m
  [6213/6400] d=5 eps=30 g=1.0 tau=5 algo=V2I-Base    seed=44 | CHR=0.438 AoI=0.034 | run=55.1s tot=179061s eta=297m
  [6214/6400] d=5 eps=30 g=1.0 tau=5 algo=V2I-Base    seed=45 | CHR=0.438 AoI=0.034 | run=55.9s tot=179117s eta=295m
  [6215/6400] d=5 eps=30 g=1.0 tau=5 algo=V2I-Base    seed=46 | CHR=0.438 AoI=0.035 | run=56.0s tot=179173s eta=293m
  [6216/6400] d=5 eps=30 g=1.0 tau=5 algo=V2I-Base    seed=47 | CHR=0.438 AoI=0.034 | run=54.7s tot=179228s eta=292m
  [6217/6400] d=5 eps=30 g=1.0 tau=5 algo=V2I-Base    seed=48 | CHR=0.438 AoI=0.034 | run=55.4s tot=179283s eta=290m
  [6218/6400] d=5 eps=30 g=1.0 tau=5 algo=V2I-Base    seed=49 | CHR=0.438 AoI=0.035 | run=56.4s tot=179340s eta=288m
  [6219/6400] d=5 eps=30 g=1.0 tau=5 algo=V2I-Base    seed=50 | CHR=0.439 AoI=0.034 | run=56.2s tot=179396s eta=287m
  [6220/6400] d=5 eps=30 g=1.0 tau=5 algo=V2I-Base    seed=51 | CHR=0.438 AoI=0.034 | run=53.4s tot=179449s eta=285m
  [6221/6400] d=5 eps=30 g=1.0 tau=5 algo=V2V-Base    seed=42 | CHR=0.987 AoI=0.000 | run=53.2s tot=179502s eta=283m
  [6222/6400] d=5 eps=30 g=1.0 tau=5 algo=V2V-Base    seed=43 | CHR=0.988 AoI=0.000 | run=53.4s tot=179556s eta=282m
  [6223/6400] d=5 eps=30 g=1.0 tau=5 algo=V2V-Base    seed=44 | CHR=0.989 AoI=0.000 | run=55.6s tot=179611s eta=280m
[HEARTBEAT] 2026-05-20 14:11:37 | 경과=49h 53m 31s | 진행=6223/6400 (97.2%) | 평균=94.9s/run | ETA=4h 40m | 최근완료: algo=V2V-Base d=5 eps=30 g=1.0 tau=5 seed=44
  [6224/6400] d=5 eps=30 g=1.0 tau=5 algo=V2V-Base    seed=45 | CHR=0.988 AoI=0.000 | run=54.7s tot=179666s eta=278m
  [6225/6400] d=5 eps=30 g=1.0 tau=5 algo=V2V-Base    seed=46 | CHR=0.988 AoI=0.000 | run=55.0s tot=179721s eta=277m
  [6226/6400] d=5 eps=30 g=1.0 tau=5 algo=V2V-Base    seed=47 | CHR=0.988 AoI=0.000 | run=53.7s tot=179775s eta=275m
  [6227/6400] d=5 eps=30 g=1.0 tau=5 algo=V2V-Base    seed=48 | CHR=0.988 AoI=0.000 | run=55.3s tot=179830s eta=273m
  [6228/6400] d=5 eps=30 g=1.0 tau=5 algo=V2V-Base    seed=49 | CHR=0.988 AoI=0.000 | run=54.4s tot=179885s eta=272m
  [6229/6400] d=5 eps=30 g=1.0 tau=5 algo=V2V-Base    seed=50 | CHR=0.989 AoI=0.000 | run=55.4s tot=179940s eta=270m
  [6230/6400] d=5 eps=30 g=1.0 tau=5 algo=V2V-Base    seed=51 | CHR=0.986 AoI=0.000 | run=52.9s tot=179993s eta=269m
  [6231/6400] d=5 eps=30 g=1.0 tau=5 algo=Random-K    seed=42 | CHR=0.987 AoI=0.001 | run=51.5s tot=180044s eta=267m
  [6232/6400] d=5 eps=30 g=1.0 tau=5 algo=Random-K    seed=43 | CHR=0.988 AoI=0.001 | run=52.9s tot=180097s eta=265m
  [6233/6400] d=5 eps=30 g=1.0 tau=5 algo=Random-K    seed=44 | CHR=0.989 AoI=0.001 | run=53.7s tot=180151s eta=264m
  [6234/6400] d=5 eps=30 g=1.0 tau=5 algo=Random-K    seed=45 | CHR=0.988 AoI=0.001 | run=53.4s tot=180204s eta=262m
  [6235/6400] d=5 eps=30 g=1.0 tau=5 algo=Random-K    seed=46 | CHR=0.988 AoI=0.001 | run=54.5s tot=180259s eta=260m
  [6236/6400] d=5 eps=30 g=1.0 tau=5 algo=Random-K    seed=47 | CHR=0.987 AoI=0.001 | run=53.1s tot=180312s eta=259m
  [6237/6400] d=5 eps=30 g=1.0 tau=5 algo=Random-K    seed=48 | CHR=0.988 AoI=0.001 | run=53.7s tot=180366s eta=257m
  [6238/6400] d=5 eps=30 g=1.0 tau=5 algo=Random-K    seed=49 | CHR=0.987 AoI=0.001 | run=53.0s tot=180419s eta=255m
  [6239/6400] d=5 eps=30 g=1.0 tau=5 algo=Random-K    seed=50 | CHR=0.988 AoI=0.001 | run=53.4s tot=180472s eta=254m
  [6240/6400] d=5 eps=30 g=1.0 tau=5 algo=Random-K    seed=51 | CHR=0.987 AoI=0.001 | run=51.2s tot=180523s eta=252m
  [6241/6400] d=5 eps=30 g=2.0 tau=5 algo=RILP        seed=42 | CHR=0.439 AoI=0.034 | run=56.3s tot=180579s eta=251m
  [6242/6400] d=5 eps=30 g=2.0 tau=5 algo=RILP        seed=43 | CHR=0.438 AoI=0.034 | run=56.6s tot=180636s eta=249m
  [6243/6400] d=5 eps=30 g=2.0 tau=5 algo=RILP        seed=44 | CHR=0.438 AoI=0.034 | run=58.8s tot=180695s eta=247m
  [6244/6400] d=5 eps=30 g=2.0 tau=5 algo=RILP        seed=45 | CHR=0.438 AoI=0.034 | run=58.4s tot=180753s eta=246m
  [6245/6400] d=5 eps=30 g=2.0 tau=5 algo=RILP        seed=46 | CHR=0.438 AoI=0.035 | run=58.8s tot=180812s eta=244m
  [6246/6400] d=5 eps=30 g=2.0 tau=5 algo=RILP        seed=47 | CHR=0.438 AoI=0.034 | run=57.1s tot=180869s eta=242m
  [6247/6400] d=5 eps=30 g=2.0 tau=5 algo=RILP        seed=48 | CHR=0.438 AoI=0.034 | run=58.2s tot=180927s eta=241m
  [6248/6400] d=5 eps=30 g=2.0 tau=5 algo=RILP        seed=49 | CHR=0.438 AoI=0.035 | run=56.9s tot=180984s eta=239m
  [6249/6400] d=5 eps=30 g=2.0 tau=5 algo=RILP        seed=50 | CHR=0.439 AoI=0.034 | run=58.0s tot=181042s eta=238m
  [6250/6400] d=5 eps=30 g=2.0 tau=5 algo=RILP        seed=51 | CHR=0.438 AoI=0.034 | run=55.2s tot=181097s eta=236m
  [6251/6400] d=5 eps=30 g=2.0 tau=5 algo=RILP-Greedy seed=42 | CHR=0.439 AoI=0.034 | run=55.8s tot=181153s eta=234m
  [6252/6400] d=5 eps=30 g=2.0 tau=5 algo=RILP-Greedy seed=43 | CHR=0.438 AoI=0.034 | run=57.1s tot=181210s eta=233m
  [6253/6400] d=5 eps=30 g=2.0 tau=5 algo=RILP-Greedy seed=44 | CHR=0.438 AoI=0.034 | run=58.8s tot=181269s eta=231m
  [6254/6400] d=5 eps=30 g=2.0 tau=5 algo=RILP-Greedy seed=45 | CHR=0.438 AoI=0.034 | run=58.4s tot=181327s eta=229m
  [6255/6400] d=5 eps=30 g=2.0 tau=5 algo=RILP-Greedy seed=46 | CHR=0.438 AoI=0.035 | run=58.8s tot=181386s eta=228m
  [6256/6400] d=5 eps=30 g=2.0 tau=5 algo=RILP-Greedy seed=47 | CHR=0.438 AoI=0.034 | run=56.7s tot=181443s eta=226m
  [6257/6400] d=5 eps=30 g=2.0 tau=5 algo=RILP-Greedy seed=48 | CHR=0.438 AoI=0.034 | run=58.1s tot=181501s eta=225m
  [6258/6400] d=5 eps=30 g=2.0 tau=5 algo=RILP-Greedy seed=49 | CHR=0.438 AoI=0.035 | run=57.4s tot=181558s eta=223m
  [6259/6400] d=5 eps=30 g=2.0 tau=5 algo=RILP-Greedy seed=50 | CHR=0.439 AoI=0.034 | run=57.9s tot=181616s eta=221m
  [6260/6400] d=5 eps=30 g=2.0 tau=5 algo=RILP-Greedy seed=51 | CHR=0.438 AoI=0.034 | run=55.6s tot=181672s eta=220m
  [6261/6400] d=5 eps=30 g=2.0 tau=5 algo=Nam2023b    seed=42 | CHR=0.291 AoI=0.198 | run=59.5s tot=181731s eta=218m
  [6262/6400] d=5 eps=30 g=2.0 tau=5 algo=Nam2023b    seed=43 | CHR=0.291 AoI=0.198 | run=61.2s tot=181793s eta=217m
  [6263/6400] d=5 eps=30 g=2.0 tau=5 algo=Nam2023b    seed=44 | CHR=0.291 AoI=0.198 | run=62.8s tot=181855s eta=215m
  [6264/6400] d=5 eps=30 g=2.0 tau=5 algo=Nam2023b    seed=45 | CHR=0.291 AoI=0.199 | run=62.7s tot=181918s eta=213m
  [6265/6400] d=5 eps=30 g=2.0 tau=5 algo=Nam2023b    seed=46 | CHR=0.291 AoI=0.198 | run=63.5s tot=181982s eta=212m
  [6266/6400] d=5 eps=30 g=2.0 tau=5 algo=Nam2023b    seed=47 | CHR=0.291 AoI=0.198 | run=60.8s tot=182042s eta=210m
  [6267/6400] d=5 eps=30 g=2.0 tau=5 algo=Nam2023b    seed=48 | CHR=0.291 AoI=0.199 | run=62.2s tot=182105s eta=209m
  [6268/6400] d=5 eps=30 g=2.0 tau=5 algo=Nam2023b    seed=49 | CHR=0.291 AoI=0.198 | run=61.9s tot=182167s eta=207m
  [6269/6400] d=5 eps=30 g=2.0 tau=5 algo=Nam2023b    seed=50 | CHR=0.292 AoI=0.198 | run=62.8s tot=182229s eta=205m
  [6270/6400] d=5 eps=30 g=2.0 tau=5 algo=Nam2023b    seed=51 | CHR=0.292 AoI=0.198 | run=59.4s tot=182289s eta=204m
  [6271/6400] d=5 eps=30 g=2.0 tau=5 algo=Nam2025     seed=42 | CHR=0.439 AoI=0.034 | run=57.3s tot=182346s eta=202m
  [6272/6400] d=5 eps=30 g=2.0 tau=5 algo=Nam2025     seed=43 | CHR=0.438 AoI=0.034 | run=58.6s tot=182405s eta=200m
  [6273/6400] d=5 eps=30 g=2.0 tau=5 algo=Nam2025     seed=44 | CHR=0.438 AoI=0.034 | run=59.7s tot=182464s eta=199m
  [6274/6400] d=5 eps=30 g=2.0 tau=5 algo=Nam2025     seed=45 | CHR=0.438 AoI=0.034 | run=59.7s tot=182524s eta=197m
  [6275/6400] d=5 eps=30 g=2.0 tau=5 algo=Nam2025     seed=46 | CHR=0.438 AoI=0.035 | run=59.7s tot=182584s eta=196m
  [6276/6400] d=5 eps=30 g=2.0 tau=5 algo=Nam2025     seed=47 | CHR=0.438 AoI=0.034 | run=58.6s tot=182642s eta=194m
  [6277/6400] d=5 eps=30 g=2.0 tau=5 algo=Nam2025     seed=48 | CHR=0.438 AoI=0.034 | run=59.5s tot=182702s eta=192m
  [6278/6400] d=5 eps=30 g=2.0 tau=5 algo=Nam2025     seed=49 | CHR=0.438 AoI=0.035 | run=58.5s tot=182760s eta=191m
  [6279/6400] d=5 eps=30 g=2.0 tau=5 algo=Nam2025     seed=50 | CHR=0.439 AoI=0.034 | run=60.4s tot=182821s eta=189m
  [6280/6400] d=5 eps=30 g=2.0 tau=5 algo=Nam2025     seed=51 | CHR=0.438 AoI=0.034 | run=57.2s tot=182878s eta=188m
  [6281/6400] d=5 eps=30 g=2.0 tau=5 algo=Youn2026    seed=42 | CHR=0.439 AoI=0.034 | run=59.8s tot=182938s eta=186m
  [6282/6400] d=5 eps=30 g=2.0 tau=5 algo=Youn2026    seed=43 | CHR=0.438 AoI=0.034 | run=60.4s tot=182998s eta=184m
  [6283/6400] d=5 eps=30 g=2.0 tau=5 algo=Youn2026    seed=44 | CHR=0.438 AoI=0.034 | run=61.9s tot=183060s eta=183m
  [6284/6400] d=5 eps=30 g=2.0 tau=5 algo=Youn2026    seed=45 | CHR=0.438 AoI=0.034 | run=61.9s tot=183122s eta=181m
  [6285/6400] d=5 eps=30 g=2.0 tau=5 algo=Youn2026    seed=46 | CHR=0.438 AoI=0.035 | run=62.4s tot=183184s eta=180m
  [6286/6400] d=5 eps=30 g=2.0 tau=5 algo=Youn2026    seed=47 | CHR=0.438 AoI=0.034 | run=60.9s tot=183245s eta=178m
[HEARTBEAT] 2026-05-20 15:12:11 | 경과=50h 54m 05s | 진행=6286/6400 (98.2%) | 평균=93.7s/run | ETA=2h 58m | 최근완료: algo=Youn2026 d=5 eps=30 g=2.0 tau=5 seed=47
  [6287/6400] d=5 eps=30 g=2.0 tau=5 algo=Youn2026    seed=48 | CHR=0.438 AoI=0.034 | run=61.8s tot=183307s eta=176m
  [6288/6400] d=5 eps=30 g=2.0 tau=5 algo=Youn2026    seed=49 | CHR=0.438 AoI=0.035 | run=61.5s tot=183369s eta=175m
  [6289/6400] d=5 eps=30 g=2.0 tau=5 algo=Youn2026    seed=50 | CHR=0.439 AoI=0.034 | run=61.8s tot=183430s eta=173m
  [6290/6400] d=5 eps=30 g=2.0 tau=5 algo=Youn2026    seed=51 | CHR=0.438 AoI=0.034 | run=59.7s tot=183490s eta=172m
  [6291/6400] d=5 eps=30 g=2.0 tau=5 algo=V2I-Base    seed=42 | CHR=0.439 AoI=0.034 | run=55.7s tot=183546s eta=170m
  [6292/6400] d=5 eps=30 g=2.0 tau=5 algo=V2I-Base    seed=43 | CHR=0.438 AoI=0.034 | run=56.9s tot=183603s eta=169m
  [6293/6400] d=5 eps=30 g=2.0 tau=5 algo=V2I-Base    seed=44 | CHR=0.438 AoI=0.034 | run=58.8s tot=183662s eta=167m
  [6294/6400] d=5 eps=30 g=2.0 tau=5 algo=V2I-Base    seed=45 | CHR=0.438 AoI=0.034 | run=57.8s tot=183719s eta=165m
  [6295/6400] d=5 eps=30 g=2.0 tau=5 algo=V2I-Base    seed=46 | CHR=0.438 AoI=0.035 | run=58.1s tot=183777s eta=164m
  [6296/6400] d=5 eps=30 g=2.0 tau=5 algo=V2I-Base    seed=47 | CHR=0.438 AoI=0.034 | run=56.1s tot=183833s eta=162m
  [6297/6400] d=5 eps=30 g=2.0 tau=5 algo=V2I-Base    seed=48 | CHR=0.438 AoI=0.034 | run=57.8s tot=183891s eta=161m
  [6298/6400] d=5 eps=30 g=2.0 tau=5 algo=V2I-Base    seed=49 | CHR=0.438 AoI=0.035 | run=57.3s tot=183949s eta=159m
  [6299/6400] d=5 eps=30 g=2.0 tau=5 algo=V2I-Base    seed=50 | CHR=0.439 AoI=0.034 | run=58.0s tot=184007s eta=157m
  [6300/6400] d=5 eps=30 g=2.0 tau=5 algo=V2I-Base    seed=51 | CHR=0.438 AoI=0.034 | run=54.5s tot=184061s eta=156m
  [6301/6400] d=5 eps=30 g=2.0 tau=5 algo=V2V-Base    seed=42 | CHR=0.987 AoI=0.000 | run=53.9s tot=184115s eta=154m
  [6302/6400] d=5 eps=30 g=2.0 tau=5 algo=V2V-Base    seed=43 | CHR=0.988 AoI=0.000 | run=55.1s tot=184170s eta=153m
  [6303/6400] d=5 eps=30 g=2.0 tau=5 algo=V2V-Base    seed=44 | CHR=0.989 AoI=0.000 | run=56.2s tot=184226s eta=151m
  [6304/6400] d=5 eps=30 g=2.0 tau=5 algo=V2V-Base    seed=45 | CHR=0.988 AoI=0.000 | run=56.0s tot=184282s eta=149m
  [6305/6400] d=5 eps=30 g=2.0 tau=5 algo=V2V-Base    seed=46 | CHR=0.988 AoI=0.000 | run=56.5s tot=184339s eta=148m
  [6306/6400] d=5 eps=30 g=2.0 tau=5 algo=V2V-Base    seed=47 | CHR=0.988 AoI=0.000 | run=54.9s tot=184394s eta=146m
  [6307/6400] d=5 eps=30 g=2.0 tau=5 algo=V2V-Base    seed=48 | CHR=0.988 AoI=0.000 | run=55.7s tot=184449s eta=145m
  [6308/6400] d=5 eps=30 g=2.0 tau=5 algo=V2V-Base    seed=49 | CHR=0.988 AoI=0.000 | run=55.3s tot=184505s eta=143m
  [6309/6400] d=5 eps=30 g=2.0 tau=5 algo=V2V-Base    seed=50 | CHR=0.989 AoI=0.000 | run=56.2s tot=184561s eta=142m
  [6310/6400] d=5 eps=30 g=2.0 tau=5 algo=V2V-Base    seed=51 | CHR=0.986 AoI=0.000 | run=53.9s tot=184615s eta=140m
  [6311/6400] d=5 eps=30 g=2.0 tau=5 algo=Random-K    seed=42 | CHR=0.987 AoI=0.001 | run=52.2s tot=184667s eta=138m
  [6312/6400] d=5 eps=30 g=2.0 tau=5 algo=Random-K    seed=43 | CHR=0.988 AoI=0.001 | run=53.4s tot=184720s eta=137m
  [6313/6400] d=5 eps=30 g=2.0 tau=5 algo=Random-K    seed=44 | CHR=0.989 AoI=0.001 | run=55.0s tot=184775s eta=135m
  [6314/6400] d=5 eps=30 g=2.0 tau=5 algo=Random-K    seed=45 | CHR=0.988 AoI=0.001 | run=54.7s tot=184830s eta=134m
  [6315/6400] d=5 eps=30 g=2.0 tau=5 algo=Random-K    seed=46 | CHR=0.988 AoI=0.001 | run=55.0s tot=184885s eta=132m
  [6316/6400] d=5 eps=30 g=2.0 tau=5 algo=Random-K    seed=47 | CHR=0.987 AoI=0.001 | run=53.4s tot=184938s eta=130m
  [6317/6400] d=5 eps=30 g=2.0 tau=5 algo=Random-K    seed=48 | CHR=0.988 AoI=0.001 | run=54.7s tot=184993s eta=129m
  [6318/6400] d=5 eps=30 g=2.0 tau=5 algo=Random-K    seed=49 | CHR=0.987 AoI=0.001 | run=53.7s tot=185047s eta=127m
  [6319/6400] d=5 eps=30 g=2.0 tau=5 algo=Random-K    seed=50 | CHR=0.988 AoI=0.001 | run=54.1s tot=185101s eta=126m
  [6320/6400] d=5 eps=30 g=2.0 tau=5 algo=Random-K    seed=51 | CHR=0.987 AoI=0.001 | run=52.6s tot=185153s eta=124m
  [6321/6400] d=5 eps=30 g=3.0 tau=5 algo=RILP        seed=42 | CHR=0.439 AoI=0.034 | run=56.7s tot=185210s eta=123m
  [6322/6400] d=5 eps=30 g=3.0 tau=5 algo=RILP        seed=43 | CHR=0.438 AoI=0.034 | run=57.6s tot=185268s eta=121m
  [6323/6400] d=5 eps=30 g=3.0 tau=5 algo=RILP        seed=44 | CHR=0.438 AoI=0.034 | run=58.8s tot=185326s eta=119m
  [6324/6400] d=5 eps=30 g=3.0 tau=5 algo=RILP        seed=45 | CHR=0.438 AoI=0.034 | run=59.2s tot=185386s eta=118m
  [6325/6400] d=5 eps=30 g=3.0 tau=5 algo=RILP        seed=46 | CHR=0.438 AoI=0.035 | run=59.2s tot=185445s eta=116m
  [6326/6400] d=5 eps=30 g=3.0 tau=5 algo=RILP        seed=47 | CHR=0.438 AoI=0.034 | run=43.7s tot=185489s eta=115m
  [6327/6400] d=5 eps=30 g=3.0 tau=5 algo=RILP        seed=48 | CHR=0.438 AoI=0.034 | run=45.0s tot=185533s eta=113m
  [6328/6400] d=5 eps=30 g=3.0 tau=5 algo=RILP        seed=49 | CHR=0.438 AoI=0.035 | run=43.8s tot=185577s eta=112m
  [6329/6400] d=5 eps=30 g=3.0 tau=5 algo=RILP        seed=50 | CHR=0.439 AoI=0.034 | run=44.8s tot=185622s eta=110m
  [6330/6400] d=5 eps=30 g=3.0 tau=5 algo=RILP        seed=51 | CHR=0.438 AoI=0.034 | run=42.5s tot=185665s eta=108m
  [6331/6400] d=5 eps=30 g=3.0 tau=5 algo=RILP-Greedy seed=42 | CHR=0.439 AoI=0.034 | run=42.8s tot=185707s eta=107m
  [6332/6400] d=5 eps=30 g=3.0 tau=5 algo=RILP-Greedy seed=43 | CHR=0.438 AoI=0.034 | run=43.5s tot=185751s eta=105m
  [6333/6400] d=5 eps=30 g=3.0 tau=5 algo=RILP-Greedy seed=44 | CHR=0.438 AoI=0.034 | run=44.8s tot=185796s eta=104m
  [6334/6400] d=5 eps=30 g=3.0 tau=5 algo=RILP-Greedy seed=45 | CHR=0.438 AoI=0.034 | run=44.9s tot=185841s eta=102m
  [6335/6400] d=5 eps=30 g=3.0 tau=5 algo=RILP-Greedy seed=46 | CHR=0.438 AoI=0.035 | run=44.5s tot=185885s eta=100m
  [6336/6400] d=5 eps=30 g=3.0 tau=5 algo=RILP-Greedy seed=47 | CHR=0.438 AoI=0.034 | run=43.2s tot=185928s eta=99m
  [6337/6400] d=5 eps=30 g=3.0 tau=5 algo=RILP-Greedy seed=48 | CHR=0.438 AoI=0.034 | run=44.3s tot=185973s eta=97m
  [6338/6400] d=5 eps=30 g=3.0 tau=5 algo=RILP-Greedy seed=49 | CHR=0.438 AoI=0.035 | run=43.7s tot=186016s eta=96m
  [6339/6400] d=5 eps=30 g=3.0 tau=5 algo=RILP-Greedy seed=50 | CHR=0.439 AoI=0.034 | run=44.3s tot=186061s eta=94m
  [6340/6400] d=5 eps=30 g=3.0 tau=5 algo=RILP-Greedy seed=51 | CHR=0.438 AoI=0.034 | run=42.2s tot=186103s eta=93m
  [6341/6400] d=5 eps=30 g=3.0 tau=5 algo=Nam2023b    seed=42 | CHR=0.291 AoI=0.198 | run=46.6s tot=186149s eta=91m
  [6342/6400] d=5 eps=30 g=3.0 tau=5 algo=Nam2023b    seed=43 | CHR=0.291 AoI=0.198 | run=47.8s tot=186197s eta=90m
  [6343/6400] d=5 eps=30 g=3.0 tau=5 algo=Nam2023b    seed=44 | CHR=0.291 AoI=0.198 | run=48.7s tot=186246s eta=88m
  [6344/6400] d=5 eps=30 g=3.0 tau=5 algo=Nam2023b    seed=45 | CHR=0.291 AoI=0.199 | run=48.2s tot=186294s eta=86m
  [6345/6400] d=5 eps=30 g=3.0 tau=5 algo=Nam2023b    seed=46 | CHR=0.291 AoI=0.198 | run=48.8s tot=186343s eta=85m
  [6346/6400] d=5 eps=30 g=3.0 tau=5 algo=Nam2023b    seed=47 | CHR=0.291 AoI=0.198 | run=47.5s tot=186390s eta=83m
  [6347/6400] d=5 eps=30 g=3.0 tau=5 algo=Nam2023b    seed=48 | CHR=0.291 AoI=0.199 | run=49.0s tot=186439s eta=82m
  [6348/6400] d=5 eps=30 g=3.0 tau=5 algo=Nam2023b    seed=49 | CHR=0.291 AoI=0.198 | run=48.3s tot=186488s eta=80m
  [6349/6400] d=5 eps=30 g=3.0 tau=5 algo=Nam2023b    seed=50 | CHR=0.292 AoI=0.198 | run=48.2s tot=186536s eta=79m
  [6350/6400] d=5 eps=30 g=3.0 tau=5 algo=Nam2023b    seed=51 | CHR=0.291 AoI=0.198 | run=343.3s tot=186879s eta=77m
[HEARTBEAT] 2026-05-20 16:12:45 | 경과=51h 54m 39s | 진행=6350/6400 (99.2%) | 평균=92.6s/run | ETA=1h 17m | 최근완료: algo=Nam2023b d=5 eps=30 g=3.0 tau=5 seed=51
  [6351/6400] d=5 eps=30 g=3.0 tau=5 algo=Nam2025     seed=42 | CHR=0.438 AoI=0.034 | run=314.3s tot=187193s eta=76m
  [6352/6400] d=5 eps=30 g=3.0 tau=5 algo=Nam2025     seed=43 | CHR=0.438 AoI=0.034 | run=316.2s tot=187510s eta=74m
  [6353/6400] d=5 eps=30 g=3.0 tau=5 algo=Nam2025     seed=44 | CHR=0.438 AoI=0.034 | run=316.7s tot=187826s eta=73m
  [6354/6400] d=5 eps=30 g=3.0 tau=5 algo=Nam2025     seed=45 | CHR=0.438 AoI=0.034 | run=314.1s tot=188140s eta=71m
  [6355/6400] d=5 eps=30 g=3.0 tau=5 algo=Nam2025     seed=46 | CHR=0.438 AoI=0.034 | run=313.1s tot=188454s eta=70m
  [6356/6400] d=5 eps=30 g=3.0 tau=5 algo=Nam2025     seed=47 | CHR=0.438 AoI=0.034 | run=323.3s tot=188777s eta=68m
  [6357/6400] d=5 eps=30 g=3.0 tau=5 algo=Nam2025     seed=48 | CHR=0.438 AoI=0.034 | run=327.1s tot=189104s eta=67m
  [6358/6400] d=5 eps=30 g=3.0 tau=5 algo=Nam2025     seed=49 | CHR=0.438 AoI=0.034 | run=316.5s tot=189420s eta=65m
  [6359/6400] d=5 eps=30 g=3.0 tau=5 algo=Nam2025     seed=50 | CHR=0.438 AoI=0.034 | run=318.1s tot=189738s eta=64m
  [6360/6400] d=5 eps=30 g=3.0 tau=5 algo=Nam2025     seed=51 | CHR=0.438 AoI=0.034 | run=313.5s tot=190052s eta=62m
  [6361/6400] d=5 eps=30 g=3.0 tau=5 algo=Youn2026    seed=42 | CHR=0.438 AoI=0.034 | run=323.8s tot=190376s eta=61m
  [6362/6400] d=5 eps=30 g=3.0 tau=5 algo=Youn2026    seed=43 | CHR=0.438 AoI=0.034 | run=325.7s tot=190702s eta=59m
[HEARTBEAT] 2026-05-20 17:16:28 | 경과=52h 58m 21s | 진행=6362/6400 (99.4%) | 평균=93.9s/run | ETA=59m 28s | 최근완료: algo=Youn2026 d=5 eps=30 g=3.0 tau=5 seed=43
  [6363/6400] d=5 eps=30 g=3.0 tau=5 algo=Youn2026    seed=44 | CHR=0.438 AoI=0.034 | run=326.6s tot=191028s eta=58m
  [6364/6400] d=5 eps=30 g=3.0 tau=5 algo=Youn2026    seed=45 | CHR=0.438 AoI=0.034 | run=325.1s tot=191353s eta=56m
  [6365/6400] d=5 eps=30 g=3.0 tau=5 algo=Youn2026    seed=46 | CHR=0.438 AoI=0.034 | run=321.2s tot=191675s eta=55m
  [6366/6400] d=5 eps=30 g=3.0 tau=5 algo=Youn2026    seed=47 | CHR=0.438 AoI=0.034 | run=328.8s tot=192003s eta=53m
  [6367/6400] d=5 eps=30 g=3.0 tau=5 algo=Youn2026    seed=48 | CHR=0.438 AoI=0.034 | run=336.8s tot=192340s eta=52m
  [6368/6400] d=5 eps=30 g=3.0 tau=5 algo=Youn2026    seed=49 | CHR=0.438 AoI=0.034 | run=325.6s tot=192666s eta=50m
  [6369/6400] d=5 eps=30 g=3.0 tau=5 algo=Youn2026    seed=50 | CHR=0.438 AoI=0.034 | run=327.0s tot=192993s eta=49m
  [6370/6400] d=5 eps=30 g=3.0 tau=5 algo=Youn2026    seed=51 | CHR=0.438 AoI=0.034 | run=321.6s tot=193314s eta=47m
  [6371/6400] d=5 eps=30 g=3.0 tau=5 algo=V2I-Base    seed=42 | CHR=0.438 AoI=0.034 | run=306.6s tot=193621s eta=46m
  [6372/6400] d=5 eps=30 g=3.0 tau=5 algo=V2I-Base    seed=43 | CHR=0.438 AoI=0.034 | run=307.6s tot=193929s eta=44m
  [6373/6400] d=5 eps=30 g=3.0 tau=5 algo=V2I-Base    seed=44 | CHR=0.438 AoI=0.034 | run=310.5s tot=194239s eta=43m
  [6374/6400] d=5 eps=30 g=3.0 tau=5 algo=V2I-Base    seed=45 | CHR=0.438 AoI=0.034 | run=304.8s tot=194544s eta=41m
[HEARTBEAT] 2026-05-20 18:20:30 | 경과=54h 02m 23s | 진행=6374/6400 (99.6%) | 평균=95.2s/run | ETA=41m 15s | 최근완료: algo=V2I-Base d=5 eps=30 g=3.0 tau=5 seed=45
  [6375/6400] d=5 eps=30 g=3.0 tau=5 algo=V2I-Base    seed=46 | CHR=0.438 AoI=0.034 | run=306.2s tot=194850s eta=40m
  [6376/6400] d=5 eps=30 g=3.0 tau=5 algo=V2I-Base    seed=47 | CHR=0.438 AoI=0.034 | run=314.8s tot=195165s eta=38m
  [6377/6400] d=5 eps=30 g=3.0 tau=5 algo=V2I-Base    seed=48 | CHR=0.438 AoI=0.034 | run=316.1s tot=195481s eta=37m
  [6378/6400] d=5 eps=30 g=3.0 tau=5 algo=V2I-Base    seed=49 | CHR=0.438 AoI=0.034 | run=300.2s tot=195781s eta=35m
  [6379/6400] d=5 eps=30 g=3.0 tau=5 algo=V2I-Base    seed=50 | CHR=0.438 AoI=0.034 | run=301.1s tot=196082s eta=34m
  [6380/6400] d=5 eps=30 g=3.0 tau=5 algo=V2I-Base    seed=51 | CHR=0.438 AoI=0.034 | run=296.6s tot=196379s eta=32m
  [6381/6400] d=5 eps=30 g=3.0 tau=5 algo=V2V-Base    seed=42 | CHR=0.999 AoI=0.000 | run=196.0s tot=196575s eta=30m
  [6382/6400] d=5 eps=30 g=3.0 tau=5 algo=V2V-Base    seed=43 | CHR=0.999 AoI=0.000 | run=197.6s tot=196772s eta=29m
  [6383/6400] d=5 eps=30 g=3.0 tau=5 algo=V2V-Base    seed=44 | CHR=0.999 AoI=0.000 | run=198.5s tot=196971s eta=27m
  [6384/6400] d=5 eps=30 g=3.0 tau=5 algo=V2V-Base    seed=45 | CHR=0.999 AoI=0.000 | run=197.3s tot=197168s eta=26m
  [6385/6400] d=5 eps=30 g=3.0 tau=5 algo=V2V-Base    seed=46 | CHR=0.999 AoI=0.000 | run=195.5s tot=197364s eta=24m
  [6386/6400] d=5 eps=30 g=3.0 tau=5 algo=V2V-Base    seed=47 | CHR=0.999 AoI=0.000 | run=199.4s tot=197563s eta=22m
  [6387/6400] d=5 eps=30 g=3.0 tau=5 algo=V2V-Base    seed=48 | CHR=0.999 AoI=0.000 | run=201.7s tot=197765s eta=21m
  [6388/6400] d=5 eps=30 g=3.0 tau=5 algo=V2V-Base    seed=49 | CHR=0.999 AoI=0.000 | run=197.0s tot=197962s eta=19m
  [6389/6400] d=5 eps=30 g=3.0 tau=5 algo=V2V-Base    seed=50 | CHR=0.999 AoI=0.000 | run=198.1s tot=198160s eta=18m
[HEARTBEAT] 2026-05-20 19:20:46 | 경과=55h 02m 39s | 진행=6389/6400 (99.8%) | 평균=96.3s/run | ETA=17m 39s | 최근완료: algo=V2V-Base d=5 eps=30 g=3.0 tau=5 seed=50
  [6390/6400] d=5 eps=30 g=3.0 tau=5 algo=V2V-Base    seed=51 | CHR=0.999 AoI=0.000 | run=196.5s tot=198356s eta=16m
  [6391/6400] d=5 eps=30 g=3.0 tau=5 algo=Random-K    seed=42 | CHR=0.999 AoI=0.000 | run=188.4s tot=198545s eta=14m
  [6392/6400] d=5 eps=30 g=3.0 tau=5 algo=Random-K    seed=43 | CHR=0.999 AoI=0.000 | run=189.2s tot=198734s eta=13m
  [6393/6400] d=5 eps=30 g=3.0 tau=5 algo=Random-K    seed=44 | CHR=0.999 AoI=0.000 | run=190.7s tot=198925s eta=11m
  [6394/6400] d=5 eps=30 g=3.0 tau=5 algo=Random-K    seed=45 | CHR=0.999 AoI=0.000 | run=189.0s tot=199114s eta=10m
  [6395/6400] d=5 eps=30 g=3.0 tau=5 algo=Random-K    seed=46 | CHR=0.999 AoI=0.000 | run=187.6s tot=199301s eta=8m
  [6396/6400] d=5 eps=30 g=3.0 tau=5 algo=Random-K    seed=47 | CHR=0.999 AoI=0.000 | run=191.9s tot=199493s eta=6m
  [6397/6400] d=5 eps=30 g=3.0 tau=5 algo=Random-K    seed=48 | CHR=0.999 AoI=0.000 | run=194.3s tot=199687s eta=5m
  [6398/6400] d=5 eps=30 g=3.0 tau=5 algo=Random-K    seed=49 | CHR=0.999 AoI=0.000 | run=189.6s tot=199877s eta=3m
  [6399/6400] d=5 eps=30 g=3.0 tau=5 algo=Random-K    seed=50 | CHR=0.999 AoI=0.000 | run=189.8s tot=200067s eta=2m
  [6400/6400] d=5 eps=30 g=3.0 tau=5 algo=Random-K    seed=51 | CHR=0.999 AoI=0.000 | run=188.6s tot=200255s eta=0m
[HEARTBEAT] 종료 | 2026-05-20 19:55:41 | 총 경과=55h 37m 35s | 완료=6400/6400 | 신규=2069 | 재개=4331
[run_scenario] Writing per-metric CSVs from /home/imnyj/papers/paper3/paper/experiment/data/A_full.csv ...
  Saved: /home/imnyj/papers/paper3/paper/experiment/data/A_CHR.csv (6400 rows)
  Saved: /home/imnyj/papers/paper3/paper/experiment/data/A_CDSR.csv (6400 rows)
  Saved: /home/imnyj/papers/paper3/paper/experiment/data/A_AoI_violation_rate.csv (6400 rows)
  Saved: /home/imnyj/papers/paper3/paper/experiment/data/A_PCO.csv (6400 rows)
  Saved: /home/imnyj/papers/paper3/paper/experiment/data/A_RLBI.csv (6400 rows)
Scenario A done: 2069 new runs (+4331 resumed) in 200255.6s -> total 6400/6400
