저널 IF 랭킹 600,Unnamed: 1,Unnamed: 2,Unnamed: 3,Unnamed: 4,Unnamed: 5,Unnamed: 6,Unnamed: 7,Unnamed: 8,Unnamed: 9
저널명,약어,기관,ISSN,eISSN,카테고리,2025 JIF,JIF Rank,JCR %,적합성 검토
IEEE Communications Surveys and Tutorials,IEEE COMMUN SURV TUT,IEEE,,1553-877X,"COMPUTER SCIENCE, INFORMATION SYSTEMS",50.6,1/266,0.0037593984962406013,가능 (서베이/매거진 형식으로 작성)
Nature Electronics,NAT ELECTRON,NATURE PORTFOLIO,2520-1131,2520-1131,"ENGINEERING, ELECTRICAL & ELECTRONIC",42.3,1/369,0.0027100271002710027,불일치 (반도체/전자 소자 하드웨어 주력)
PROCEEDINGS OF THE IEEE,P IEEE,IEEE,0018-9219,1558-2256,"ENGINEERING, ELECTRICAL & ELECTRONIC",30.9,3/369,0.008130081300813009,가능 (서베이/매거진 형식으로 작성)
Nature Machine Intelligence,NAT MACH INTELL,NATURE PORTFOLIO,,2522-5839,"COMPUTER SCIENCE, ARTIFICIAL INTELLIGENCE",29.8,2/210,0.009523809523809525,가능 (기존 통신 응용을 넘어선 AI 알고리즘 자체의 독창성 입증 필수)
Green Energy and Intelligent Transportation,GREEN ENERGY INTELL,ELSEVIER,2097-2512,2773-1537,TRANSPORTATION SCIENCE & TECHNOLOGY,21.5,1/80,0.0125,불일치 (배터리/전력망/에너지 하드웨어 주력)
IEEE TRANSACTIONS ON PATTERN ANALYSIS AND MACHINE INTELLIGENCE,IEEE T PATTERN ANAL,IEEE COMPUTER SOC,0162-8828,1939-3539,"ENGINEERING, ELECTRICAL & ELECTRONIC",20.4,4/369,0.01084010840108401,가능 (자율주행 비전/멀티센서 융합 관점 포함 필수)
Radiology-Artificial Intelligence,RADIOL-ARTIF INTELL,RADIOLOGICAL SOC NORTH AMERICA (RSNA),2638-6100,2638-6100,"COMPUTER SCIENCE, ARTIFICIAL INTELLIGENCE",20.1,5/210,0.023809523809523808,불일치 (의료/생명과학 주력)
ARTIFICIAL INTELLIGENCE REVIEW,ARTIF INTELL REV,SPRINGER,0269-2821,1573-7462,"COMPUTER SCIENCE, ARTIFICIAL INTELLIGENCE",18.8,6/210,0.02857142857142857,가능 (서베이/매거진 형식으로 작성)
eTransportation,ETRANSPORTATION,ELSEVIER,2590-1168,2590-1168,"ENGINEERING, ELECTRICAL & ELECTRONIC",18.7,5/369,0.013550135501355014,불일치 (배터리/전력망/에너지 하드웨어 주력)
Computer Science Review,COMPUT SCI REV,ELSEVIER,1574-0137,1876-7745,"COMPUTER SCIENCE, INFORMATION SYSTEMS",17.5,2/266,0.007518796992481203,가능 (서베이/매거진 형식으로 작성)
Information Fusion,INFORM FUSION,ELSEVIER,1566-2535,1872-6305,"COMPUTER SCIENCE, ARTIFICIAL INTELLIGENCE",17.4,7/210,0.03333333333333333,가능 (통신 시스템/알고리즘 기여도 어필)
IEEE JOURNAL ON SELECTED AREAS IN COMMUNICATIONS,IEEE J SEL AREA COMM,IEEE,0733-8716,1558-0008,TELECOMMUNICATIONS,16.8,2/127,0.015748031496062992,가능 (통신 시스템/알고리즘 기여도 어필)
Artificial Intelligence in Agriculture,ARTIF INTELL AGR,KEAI PUBLISHING LTD,2097-2113,2589-7217,"COMPUTER SCIENCE, ARTIFICIAL INTELLIGENCE",16.1,8/210,0.0380952380952381,불일치 (농업/스마트팜 주력)
IEEE TRANSACTIONS ON EVOLUTIONARY COMPUTATION,IEEE T EVOLUT COMPUT,IEEE,1089-778X,1941-0026,"COMPUTER SCIENCE, ARTIFICIAL INTELLIGENCE",15.9,9/210,0.04285714285714286,가능 (기존 통신 응용을 넘어선 AI 알고리즘 자체의 독창성 입증 필수)
npj Flexible Electronics,NPJ FLEX ELECTRON,NATURE PORTFOLIO,,2397-4621,"ENGINEERING, ELECTRICAL & ELECTRONIC",15.4,7/369,0.018970189701897018,불일치 (반도체/전자 소자 하드웨어 주력)
IEEE TRANSACTIONS ON IMAGE PROCESSING,IEEE T IMAGE PROCESS,IEEE,1057-7149,1941-0042,"ENGINEERING, ELECTRICAL & ELECTRONIC",15.3,8/369,0.02168021680216802,가능 (자율주행 비전/멀티센서 융합 관점 포함 필수)
Wiley Interdisciplinary Reviews-Data Mining and Knowledge Discovery,WIRES DATA MIN KNOWL,WILEY,1942-4787,1942-4795,"COMPUTER SCIENCE, ARTIFICIAL INTELLIGENCE",15,11/210,0.05238095238095238,가능 (서베이/매거진 형식으로 작성)
MEDICAL IMAGE ANALYSIS,MED IMAGE ANAL,ELSEVIER,1361-8415,1361-8423,"COMPUTER SCIENCE, ARTIFICIAL INTELLIGENCE",14,12/210,0.05714285714285714,불일치 (의료/생명과학 주력)
Protection and Control of Modern Power Systems,PROT CONTR MOD POW,Power System Protection & Control Press,2367-2617,2367-0983,"ENGINEERING, ELECTRICAL & ELECTRONIC",13.8,9/369,0.024390243902439025,불일치 (배터리/전력망/에너지 하드웨어 주력)
IEEE WIRELESS COMMUNICATIONS,IEEE WIREL COMMUN,IEEE,1536-1284,1558-0687,"COMPUTER SCIENCE, INFORMATION SYSTEMS",13.4,4/266,0.015037593984962405,적합
COMPUTATIONAL LINGUISTICS,COMPUT LINGUIST,MIT PRESS,0891-2017,1530-9312,"COMPUTER SCIENCE, ARTIFICIAL INTELLIGENCE",13.4,13/210,0.06190476190476191,불일치 (자연어/음성 처리 주력)
ARCHIVES OF COMPUTATIONAL METHODS IN ENGINEERING,ARCH COMPUT METHOD E,SPRINGER,1134-3060,1886-1784,"MATHEMATICS, INTERDISCIPLINARY APPLICATIONS",12.9,1/137,0.0072992700729927005,가능 (세부 논문 방향에 따라 융합 포장 필요)
Communications in Transportation Research,COMMUN TRANSP RES,TSINGHUA UNIV PRESS,2097-5023,2772-4247,TRANSPORTATION SCIENCE & TECHNOLOGY,12.7,3/80,0.0375,가능 (미시적 통신보다 거시적 교통량 개선 및 물류 인프라 효과 강조)
IEEE TRANSACTIONS ON MEDICAL IMAGING,IEEE T MED IMAGING,IEEE,0278-0062,1558-254X,"ENGINEERING, ELECTRICAL & ELECTRONIC",12.4,11/369,0.02981029810298103,불일치 (의료/생명과학 주력)
Satellite Navigation,SATELLITE NAVIG,SPRINGERNATURE,2662-9291,2662-1363,TELECOMMUNICATIONS,12.4,4/127,0.031496062992125984,가능 (세부 논문 방향에 따라 융합 포장 필요)
Business & Information Systems Engineering,BUS INFORM SYST ENG+,SPRINGER VIEWEG-SPRINGER FACHMEDIEN WIESBADEN GMBH,2363-7005,1867-0202,"COMPUTER SCIENCE, INFORMATION SYSTEMS",12.2,5/266,0.018796992481203006,가능 (네트워크 구조의 비즈니스적/관리적 효율성 강조)
Transactions of the Association for Computational Linguistics,T ASSOC COMPUT LING,MIT PRESS,,2307-387X,"COMPUTER SCIENCE, ARTIFICIAL INTELLIGENCE",11.7,15/210,0.07142857142857142,불일치 (자연어/음성 처리 주력)
IEEE TRANSACTIONS ON KNOWLEDGE AND DATA ENGINEERING,IEEE T KNOWL DATA EN,IEEE COMPUTER SOC,1041-4347,1558-2191,"COMPUTER SCIENCE, INFORMATION SYSTEMS",11.6,6/266,0.022556390977443608,가능 (RSU/차량 간 분산 데이터 처리 아키텍처 강조)
ADVANCED ENGINEERING INFORMATICS,ADV ENG INFORM,ELSEVIER SCI LTD,1474-0346,1873-5320,"COMPUTER SCIENCE, ARTIFICIAL INTELLIGENCE",11.5,17/210,0.08095238095238096,가능 (세부 논문 방향에 따라 융합 포장 필요)
IEEE Transactions on Affective Computing,IEEE T AFFECT COMPUT,IEEE,1949-3045,1949-3045,"COMPUTER SCIENCE, ARTIFICIAL INTELLIGENCE",11.3,18/210,0.08571428571428572,가능 (통신 시스템/알고리즘 기여도 어필)
IEEE Transactions on Cybernetics,IEEE T CYBERNETICS,IEEE,2168-2267,2168-2275,"COMPUTER SCIENCE, ARTIFICIAL INTELLIGENCE",11.3,18/210,0.08571428571428572,가능 (알고리즘의 수학적 모델링 및 증명 과정 강조)
ACM TRANSACTIONS ON INFORMATION SYSTEMS,ACM T INFORM SYST,ASSOC COMPUTING MACHINERY,1046-8188,1558-2868,"COMPUTER SCIENCE, INFORMATION SYSTEMS",11.2,7/266,0.02631578947368421,가능 (네트워크 구조의 비즈니스적/관리적 효율성 강조)
IEEE TRANSACTIONS ON CIRCUITS AND SYSTEMS FOR VIDEO TECHNOLOGY,IEEE T CIRC SYST VID,IEEE,1051-8215,1558-2205,"ENGINEERING, ELECTRICAL & ELECTRONIC",10.8,13/369,0.03523035230352303,불일치 (반도체/전자 소자 하드웨어 주력)
IEEE SIGNAL PROCESSING MAGAZINE,IEEE SIGNAL PROC MAG,IEEE,1053-5888,1558-0792,"ENGINEERING, ELECTRICAL & ELECTRONIC",10.8,13/369,0.03523035230352303,가능 (서베이/매거진 형식으로 작성)
PROGRESS IN QUANTUM ELECTRONICS,PROG QUANT ELECTRON,PERGAMON-ELSEVIER SCIENCE LTD,0079-6727,1873-1627,"ENGINEERING, ELECTRICAL & ELECTRONIC",10.8,13/369,0.03523035230352303,불일치 (양자/광학 물리 주력)
ACM Transactions on Intelligent Systems and Technology,ACM T INTEL SYST TEC,ASSOC COMPUTING MACHINERY,2157-6904,2157-6912,"COMPUTER SCIENCE, INFORMATION SYSTEMS",10.7,9/266,0.03383458646616541,가능 (세부 논문 방향에 따라 융합 포장 필요)
IEEE TRANSACTIONS ON WIRELESS COMMUNICATIONS,IEEE T WIREL COMMUN,IEEE,1536-1276,1558-2248,TELECOMMUNICATIONS,10.3,5/127,0.03937007874015748,적합
IEEE Transactions on Sustainable Energy,IEEE T SUSTAIN ENERG,IEEE,1949-3029,1949-3037,"ENGINEERING, ELECTRICAL & ELECTRONIC",10.3,16/369,0.04336043360433604,불일치 (배터리/전력망/에너지 하드웨어 주력)
INTERNATIONAL JOURNAL OF COMPUTER VISION,INT J COMPUT VISION,SPRINGER,0920-5691,1573-1405,"COMPUTER SCIENCE, ARTIFICIAL INTELLIGENCE",10.3,22/210,0.10476190476190476,가능 (자율주행 비전/멀티센서 융합 관점 포함 필수)
IEEE TRANSACTIONS ON FUZZY SYSTEMS,IEEE T FUZZY SYST,IEEE,1063-6706,1941-0034,"ENGINEERING, ELECTRICAL & ELECTRONIC",10.2,18/369,0.04878048780487805,가능 (알고리즘의 수학적 모델링 및 증명 과정 강조)
IEEE Transactions on Smart Grid,IEEE T SMART GRID,IEEE,1949-3053,1949-3061,"ENGINEERING, ELECTRICAL & ELECTRONIC",10.1,19/369,0.051490514905149054,불일치 (배터리/전력망/에너지 하드웨어 주력)
IEEE TRANSACTIONS ON MULTIMEDIA,IEEE T MULTIMEDIA,IEEE,1520-9210,1941-0077,"COMPUTER SCIENCE, INFORMATION SYSTEMS",9.9,10/266,0.03759398496240601,가능 (자율주행 비전/멀티센서 융합 관점 포함 필수)
Annual Review of Statistics and Its Application,ANNU REV STAT APPL,ANNUAL REVIEWS,2326-8298,2326-831X,"MATHEMATICS, INTERDISCIPLINARY APPLICATIONS",9.8,2/137,0.014598540145985401,가능 (서베이/매거진 형식으로 작성)
IEEE Transactions on Neural Networks and Learning Systems,IEEE T NEUR NET LEAR,IEEE,2162-237X,2162-2388,"ENGINEERING, ELECTRICAL & ELECTRONIC",9.7,21/369,0.056910569105691054,적합
ACM Transactions on Computer-Human Interaction,ACM T COMPUT-HUM INT,ASSOC COMPUTING MACHINERY,1073-0516,1557-7325,"COMPUTER SCIENCE, INFORMATION SYSTEMS",9.6,11/266,0.041353383458646614,가능 (통신 시스템/알고리즘 기여도 어필)
Swarm and Evolutionary Computation,SWARM EVOL COMPUT,ELSEVIER,2210-6502,2210-6510,"COMPUTER SCIENCE, ARTIFICIAL INTELLIGENCE",9.6,27/210,0.12857142857142856,가능 (기존 통신 응용을 넘어선 AI 알고리즘 자체의 독창성 입증 필수)
IEEE TRANSACTIONS ON GEOSCIENCE AND REMOTE SENSING,IEEE T GEOSCI REMOTE,IEEE,0196-2892,1558-0644,"ENGINEERING, ELECTRICAL & ELECTRONIC",9.4,22/369,0.05962059620596206,가능 (UAV 및 위성 원격탐사 네트워크 연계 관점 필수)
EXPERT SYSTEMS WITH APPLICATIONS,EXPERT SYST APPL,PERGAMON-ELSEVIER SCIENCE LTD,0957-4174,1873-6793,"ENGINEERING, ELECTRICAL & ELECTRONIC",9.4,22/369,0.05962059620596206,적합
TRANSPORTATION RESEARCH PART E-LOGISTICS AND TRANSPORTATION REVIEW,TRANSPORT RES E-LOG,PERGAMON-ELSEVIER SCIENCE LTD,1366-5545,1878-5794,TRANSPORTATION SCIENCE & TECHNOLOGY,9.3,5/80,0.0625,가능 (서베이/매거진 형식으로 작성)
COMPUTER-AIDED CIVIL AND INFRASTRUCTURE ENGINEERING,COMPUT-AIDED CIV INF,ELSEVIER SCIENCE INC,1093-9687,1467-8667,TRANSPORTATION SCIENCE & TECHNOLOGY,9.2,6/80,0.075,불일치 (토목/건축 구조물 주력)
JOURNAL OF STRATEGIC INFORMATION SYSTEMS,J STRATEGIC INF SYST,ELSEVIER,0963-8687,1873-1198,"COMPUTER SCIENCE, INFORMATION SYSTEMS",9.1,12/266,0.045112781954887216,가능 (네트워크 구조의 비즈니스적/관리적 효율성 강조)
IEEE TRANSACTIONS ON INTELLIGENT TRANSPORTATION SYSTEMS,IEEE T INTELL TRANSP,IEEE,1524-9050,1558-0016,"ENGINEERING, ELECTRICAL & ELECTRONIC",9.1,25/369,0.06775067750677506,적합
PATTERN RECOGNITION,PATTERN RECOGN,ELSEVIER SCI LTD,0031-3203,1873-5142,"ENGINEERING, ELECTRICAL & ELECTRONIC",9.1,25/369,0.06775067750677506,가능 (자율주행 비전/멀티센서 융합 관점 포함 필수)
ENGINEERING APPLICATIONS OF ARTIFICIAL INTELLIGENCE,ENG APPL ARTIF INTEL,PERGAMON-ELSEVIER SCIENCE LTD,0952-1976,1873-6769,"ENGINEERING, ELECTRICAL & ELECTRONIC",9,27/369,0.07317073170731707,가능 (기존 통신 응용을 넘어선 AI 알고리즘 자체의 독창성 입증 필수)
IEEE TRANSACTIONS ON MOBILE COMPUTING,IEEE T MOBILE COMPUT,IEEE COMPUTER SOC,1536-1233,1558-0660,"COMPUTER SCIENCE, INFORMATION SYSTEMS",8.8,14/266,0.05263157894736842,적합
IEEE NETWORK,IEEE NETWORK,IEEE,0890-8044,1558-156X,"COMPUTER SCIENCE, INFORMATION SYSTEMS",8.8,14/266,0.05263157894736842,적합
IEEE Internet of Things Journal,IEEE INTERNET THINGS,IEEE,2327-4662,2327-4662,"COMPUTER SCIENCE, INFORMATION SYSTEMS",8.7,16/266,0.06015037593984962,적합
JOURNAL OF INFORMATION TECHNOLOGY,J INF TECHNOL-UK,SAGE PUBLICATIONS LTD,0268-3962,1466-4437,"COMPUTER SCIENCE, INFORMATION SYSTEMS",8.7,16/266,0.06015037593984962,가능 (통신 시스템/알고리즘 기여도 어필)
IEEE TRANSACTIONS ON POWER SYSTEMS,IEEE T POWER SYST,IEEE,0885-8950,1558-0679,"ENGINEERING, ELECTRICAL & ELECTRONIC",8.7,29/369,0.07859078590785908,불일치 (배터리/전력망/에너지 하드웨어 주력)
IEEE Transactions on Information Forensics and Security,IEEE T INF FOREN SEC,IEEE,1556-6013,1556-6021,"ENGINEERING, ELECTRICAL & ELECTRONIC",8.7,29/369,0.07859078590785908,가능 (통신 시스템/알고리즘 기여도 어필)
TRANSPORTATION RESEARCH PART D-TRANSPORT AND ENVIRONMENT,TRANSPORT RES D-TR E,PERGAMON-ELSEVIER SCIENCE LTD,1361-9209,1879-2340,TRANSPORTATION SCIENCE & TECHNOLOGY,8.7,8/80,0.1,가능 (미시적 통신보다 거시적 교통량 개선 및 물류 인프라 효과 강조)
IEEE Journal of Selected Topics in Signal Processing,IEEE J-STSP,IEEE,1932-4553,1941-0484,"ENGINEERING, ELECTRICAL & ELECTRONIC",8.5,33/369,0.08943089430894309,가능 (세부 논문 방향에 따라 융합 포장 필요)
IEEE Vehicular Technology Magazine,IEEE VEH TECHNOL MAG,IEEE,1556-6072,1556-6080,"ENGINEERING, ELECTRICAL & ELECTRONIC",8.5,33/369,0.08943089430894309,가능 (서베이/매거진 형식으로 작성)
IEEE Transactions on Transportation Electrification,IEEE T TRANSP ELECTR,IEEE,2332-7782,2332-7782,"ENGINEERING, ELECTRICAL & ELECTRONIC",8.5,33/369,0.08943089430894309,불일치 (배터리/전력망/에너지 하드웨어 주력)
IEEE TRANSACTIONS ON COMMUNICATIONS,IEEE T COMMUN,IEEE,0090-6778,1558-0857,"ENGINEERING, ELECTRICAL & ELECTRONIC",8.4,36/369,0.0975609756097561,가능 (통신 시스템/알고리즘 기여도 어필)
TRANSPORTATION RESEARCH PART C-EMERGING TECHNOLOGIES,TRANSPORT RES C-EMER,PERGAMON-ELSEVIER SCIENCE LTD,0968-090X,1879-2359,TRANSPORTATION SCIENCE & TECHNOLOGY,8.4,11/80,0.1375,적합
IEEE COMMUNICATIONS MAGAZINE,IEEE COMMUN MAG,IEEE,0163-6804,1558-1896,"ENGINEERING, ELECTRICAL & ELECTRONIC",8.3,38/369,0.10298102981029811,가능 (서베이/매거진 형식으로 작성)
SIAM REVIEW,SIAM REV,SIAM PUBLICATIONS,0036-1445,1095-7200,"MATHEMATICS, APPLIED",8.2,1/345,0.002898550724637681,가능 (서베이/매거진 형식으로 작성)
EUROPEAN JOURNAL OF INFORMATION SYSTEMS,EUR J INFORM SYST,TAYLOR & FRANCIS LTD,0960-085X,1476-9344,"COMPUTER SCIENCE, INFORMATION SYSTEMS",8.1,18/266,0.06766917293233082,가능 (네트워크 구조의 비즈니스적/관리적 효율성 강조)
INFORMATION PROCESSING & MANAGEMENT,INFORM PROCESS MANAG,ELSEVIER SCI LTD,0306-4573,1873-5371,"COMPUTER SCIENCE, INFORMATION SYSTEMS",8.1,18/266,0.06766917293233082,가능 (네트워크 구조의 비즈니스적/관리적 효율성 강조)
IEEE Transactions on Big Data,IEEE T BIG DATA,IEEE,2332-7790,2332-7790,"COMPUTER SCIENCE, INFORMATION SYSTEMS",8.1,18/266,0.06766917293233082,가능 (RSU/차량 간 분산 데이터 처리 아키텍처 강조)
Science China-Information Sciences,SCI CHINA INFORM SCI,SCIENCE PRESS,1674-733X,1869-1919,"COMPUTER SCIENCE, INFORMATION SYSTEMS",8.1,18/266,0.06766917293233082,가능 (통신 시스템/알고리즘 기여도 어필)
IEEE Transactions on Cognitive Communications and Networking,IEEE T COGN COMMUN,IEEE,2332-7731,2332-7731,TELECOMMUNICATIONS,8,15/127,0.11811023622047244,적합
KNOWLEDGE-BASED SYSTEMS,KNOWL-BASED SYST,ELSEVIER,0950-7051,1872-7409,"COMPUTER SCIENCE, ARTIFICIAL INTELLIGENCE",8,34/210,0.1619047619047619,가능 (RSU/차량 간 분산 데이터 처리 아키텍처 강조)
Journal of Cheminformatics,J CHEMINFORMATICS,BMC,1758-2946,1758-2946,"COMPUTER SCIENCE, INFORMATION SYSTEMS",7.9,22/266,0.08270676691729323,불일치 (의료/생명과학 주력)
Artificial Intelligence in Medicine,ARTIF INTELL MED,ELSEVIER,0933-3657,1873-2860,"COMPUTER SCIENCE, ARTIFICIAL INTELLIGENCE",7.8,35/210,0.16666666666666666,불일치 (의료/생명과학 주력)
APPLIED SOFT COMPUTING,APPL SOFT COMPUT,ELSEVIER,1568-4946,1872-9681,"COMPUTER SCIENCE, ARTIFICIAL INTELLIGENCE",7.8,35/210,0.16666666666666666,적합
IEEE Journal of Biomedical and Health Informatics,IEEE J BIOMED HEALTH,IEEE,2168-2194,2168-2208,"COMPUTER SCIENCE, INFORMATION SYSTEMS",7.7,23/266,0.08646616541353383,불일치 (의료/생명과학 주력)
IEEE Computational Intelligence Magazine,IEEE COMPUT INTELL M,IEEE,1556-603X,1556-6048,"COMPUTER SCIENCE, ARTIFICIAL INTELLIGENCE",7.7,37/210,0.1761904761904762,가능 (서베이/매거진 형식으로 작성)
JOURNAL OF INTELLIGENT MANUFACTURING,J INTELL MANUF,SPRINGER,0956-5515,1572-8145,"COMPUTER SCIENCE, ARTIFICIAL INTELLIGENCE",7.7,37/210,0.1761904761904762,가능 (스마트 팩토리/산업용 IoT 인프라로 환경 설정)
COMPUTER METHODS IN APPLIED MECHANICS AND ENGINEERING,COMPUT METHOD APPL M,ELSEVIER SCIENCE SA,0045-7825,1879-2138,"MATHEMATICS, INTERDISCIPLINARY APPLICATIONS",7.6,3/137,0.021897810218978103,불일치 (전산 역학/음향 물리 주력)
Journal of the Association for Information Systems,J ASSOC INF SYST,ASSOC INFORMATION SYSTEMS,1536-9323,1558-3457,"COMPUTER SCIENCE, INFORMATION SYSTEMS",7.5,24/266,0.09022556390977443,가능 (네트워크 구조의 비즈니스적/관리적 효율성 강조)
DECISION SUPPORT SYSTEMS,DECIS SUPPORT SYST,ELSEVIER,0167-9236,1873-5797,"COMPUTER SCIENCE, INFORMATION SYSTEMS",7.5,24/266,0.09022556390977443,가능 (네트워크 구조의 비즈니스적/관리적 효율성 강조)
IEEE TRANSACTIONS ON VEHICULAR TECHNOLOGY,IEEE T VEH TECHNOL,IEEE,0018-9545,1939-9359,"ENGINEERING, ELECTRICAL & ELECTRONIC",7.5,41/369,0.1111111111111111,적합
IEEE TRANSACTIONS ON INDUSTRIAL ELECTRONICS,IEEE T IND ELECTRON,IEEE,0278-0046,1557-9948,"ENGINEERING, ELECTRICAL & ELECTRONIC",7.4,42/369,0.11382113821138211,가능 (스마트 팩토리/산업용 IoT 인프라로 환경 설정)
Cognitive Computation,COGN COMPUT,SPRINGER,1866-9956,1866-9964,"COMPUTER SCIENCE, ARTIFICIAL INTELLIGENCE",7.4,40/210,0.19047619047619047,가능 (세부 논문 방향에 따라 융합 포장 필요)
IEEE Transactions on Network Science and Engineering,IEEE T NETW SCI ENG,IEEE COMPUTER SOC,2327-4697,2327-4697,"MATHEMATICS, INTERDISCIPLINARY APPLICATIONS",7.3,4/137,0.029197080291970802,적합
MIS QUARTERLY,MIS QUART,SOC INFORM MANAGE-MIS RES CENT,0276-7783,,"COMPUTER SCIENCE, INFORMATION SYSTEMS",7.3,27/266,0.10150375939849623,가능 (세부 논문 방향에 따라 융합 포장 필요)
Frontiers of Computer Science,FRONT COMPUT SCI-CHI,HIGHER EDUCATION PRESS,2095-2228,2095-2236,"COMPUTER SCIENCE, INFORMATION SYSTEMS",7.3,27/266,0.10150375939849623,가능 (통신 시스템/알고리즘 기여도 어필)
JOURNAL OF MANAGEMENT INFORMATION SYSTEMS,J MANAGE INFORM SYST,"ROUTLEDGE JOURNALS, TAYLOR & FRANCIS LTD",0742-1222,1557-928X,"COMPUTER SCIENCE, INFORMATION SYSTEMS",7.2,29/266,0.10902255639097744,가능 (네트워크 구조의 비즈니스적/관리적 효율성 강조)
Internet Research,INTERNET RES,EMERALD GROUP PUBLISHING LTD,1066-2243,1066-2243,"COMPUTER SCIENCE, INFORMATION SYSTEMS",7.2,29/266,0.10902255639097744,가능 (세부 논문 방향에 따라 융합 포장 필요)
TRANSPORTATION RESEARCH PART A-POLICY AND PRACTICE,TRANSPORT RES A-POL,PERGAMON-ELSEVIER SCIENCE LTD,0965-8564,1879-2375,TRANSPORTATION SCIENCE & TECHNOLOGY,7.2,14/80,0.175,가능 (미시적 통신보다 거시적 교통량 개선 및 물류 인프라 효과 강조)
NEURAL NETWORKS,NEURAL NETWORKS,PERGAMON-ELSEVIER SCIENCE LTD,0893-6080,1879-2782,"COMPUTER SCIENCE, ARTIFICIAL INTELLIGENCE",7.2,41/210,0.19523809523809524,적합
IEEE TRANSACTIONS ON POWER ELECTRONICS,IEEE T POWER ELECTR,IEEE,0885-8993,1941-0107,"ENGINEERING, ELECTRICAL & ELECTRONIC",7.1,43/369,0.11653116531165311,불일치 (배터리/전력망/에너지 하드웨어 주력)
JOURNAL OF THE AMERICAN MEDICAL INFORMATICS ASSOCIATION,J AM MED INFORM ASSN,OXFORD UNIV PRESS,1067-5027,1527-974X,"COMPUTER SCIENCE, INFORMATION SYSTEMS",7.1,31/266,0.11654135338345864,불일치 (의료/생명과학 주력)
Internet of Things,INTERNET THINGS-NETH,ELSEVIER,2543-1536,2542-6605,"COMPUTER SCIENCE, INFORMATION SYSTEMS",7.1,31/266,0.11654135338345864,적합
IEEE TRANSACTIONS ON AEROSPACE AND ELECTRONIC SYSTEMS,IEEE T AERO ELEC SYS,IEEE,0018-9251,1557-9603,"ENGINEERING, ELECTRICAL & ELECTRONIC",7,45/369,0.12195121951219512,가능 (세부 논문 방향에 따라 융합 포장 필요)
IEEE TRANSACTIONS ON AUTOMATIC CONTROL,IEEE T AUTOMAT CONTR,IEEE,0018-9286,1558-2523,"ENGINEERING, ELECTRICAL & ELECTRONIC",7,45/369,0.12195121951219512,가능 (알고리즘의 수학적 모델링 및 증명 과정 강조)
IEEE TRANSACTIONS ON INSTRUMENTATION AND MEASUREMENT,IEEE T INSTRUM MEAS,IEEE,0018-9456,1557-9662,"ENGINEERING, ELECTRICAL & ELECTRONIC",7,45/369,0.12195121951219512,가능 (세부 논문 방향에 따라 융합 포장 필요)
INFORMATION & MANAGEMENT,INFORM MANAGE-AMSTER,ELSEVIER,0378-7206,1872-7530,"COMPUTER SCIENCE, INFORMATION SYSTEMS",7,33/266,0.12406015037593984,가능 (네트워크 구조의 비즈니스적/관리적 효율성 강조)
ACM Transactions on Knowledge Discovery from Data,ACM T KNOWL DISCOV D,ASSOC COMPUTING MACHINERY,1556-4681,1556-472X,"COMPUTER SCIENCE, INFORMATION SYSTEMS",6.9,34/266,0.12781954887218044,가능 (RSU/차량 간 분산 데이터 처리 아키텍처 강조)
IEEE Transactions on Green Communications and Networking,IEEE T GREEN COMMUN,IEEE,2473-2400,2473-2400,TELECOMMUNICATIONS,6.9,20/127,0.15748031496062992,적합
IEEE Transactions on Dependable and Secure Computing,IEEE T DEPEND SECURE,IEEE COMPUTER SOC,1545-5971,1941-0018,"COMPUTER SCIENCE, INFORMATION SYSTEMS",6.8,35/266,0.13157894736842105,가능 (통신 시스템/알고리즘 기여도 어필)
COMPUTERS & SECURITY,COMPUT SECUR,ELSEVIER ADVANCED TECHNOLOGY,0167-4048,1872-6208,"COMPUTER SCIENCE, INFORMATION SYSTEMS",6.8,35/266,0.13157894736842105,가능 (통신 시스템/알고리즘 기여도 어필)
Electronic Commerce Research and Applications,ELECTRON COMMER R A,ELSEVIER,1567-4223,1873-7846,"COMPUTER SCIENCE, INFORMATION SYSTEMS",6.8,35/266,0.13157894736842105,가능 (세부 논문 방향에 따라 융합 포장 필요)
JOURNAL OF MACHINE LEARNING RESEARCH,J MACH LEARN RES,MICROTOME PUBL,1532-4435,,"COMPUTER SCIENCE, ARTIFICIAL INTELLIGENCE",6.8,42/210,0.2,가능 (기존 통신 응용을 넘어선 AI 알고리즘 자체의 독창성 입증 필수)
Progress in Electromagnetics Research-PIER,PROG ELECTROMAGN RES,EMW PUBLISHING,1070-4698,1559-8985,"ENGINEERING, ELECTRICAL & ELECTRONIC",6.7,48/369,0.13008130081300814,가능 (세부 논문 방향에 따라 융합 포장 필요)
Fuzzy Optimization and Decision Making,FUZZY OPTIM DECIS MA,SPRINGER,1568-4539,1573-2908,"COMPUTER SCIENCE, ARTIFICIAL INTELLIGENCE",6.7,43/210,0.20476190476190476,가능 (알고리즘의 수학적 모델링 및 증명 과정 강조)
Advanced Intelligent Systems,ADV INTELL SYST-GER,WILEY-V C H VERLAG GMBH,,2640-4567,"COMPUTER SCIENCE, ARTIFICIAL INTELLIGENCE",6.7,43/210,0.20476190476190476,가능 (세부 논문 방향에 따라 융합 포장 필요)
NEUROCOMPUTING,NEUROCOMPUTING,ELSEVIER,0925-2312,1872-8286,"COMPUTER SCIENCE, ARTIFICIAL INTELLIGENCE",6.7,43/210,0.20476190476190476,가능 (통신 시스템/알고리즘 기여도 어필)
JOURNAL OF COMPUTER INFORMATION SYSTEMS,J COMPUT INFORM SYST,TAYLOR & FRANCIS INC,0887-4417,2380-2057,"COMPUTER SCIENCE, INFORMATION SYSTEMS",6.6,39/266,0.14661654135338345,가능 (네트워크 구조의 비즈니스적/관리적 효율성 강조)
TELECOMMUNICATIONS POLICY,TELECOMMUN POLICY,ELSEVIER SCI LTD,0308-5961,1879-3258,TELECOMMUNICATIONS,6.5,23/127,0.18110236220472442,적합
TRANSPORTATION RESEARCH PART B-METHODOLOGICAL,TRANSPORT RES B-METH,PERGAMON-ELSEVIER SCIENCE LTD,0191-2615,1879-2367,TRANSPORTATION SCIENCE & TECHNOLOGY,6.5,16/80,0.2,가능 (미시적 통신보다 거시적 교통량 개선 및 물류 인프라 효과 강조)
Journal of King Saud University Computer and Information Sciences,J KING SAUD UNIV COM,SPRINGERNATURE,1319-1578,2213-1248,"COMPUTER SCIENCE, INFORMATION SYSTEMS",6.4,41/266,0.15413533834586465,가능 (통신 시스템/알고리즘 기여도 어필)
Journal of Chemical Information and Modeling,J CHEM INF MODEL,AMER CHEMICAL SOC,1549-9596,1549-960X,"COMPUTER SCIENCE, INFORMATION SYSTEMS",6.4,41/266,0.15413533834586465,가능 (통신 시스템/알고리즘 기여도 어필)
INTEGRATED COMPUTER-AIDED ENGINEERING,INTEGR COMPUT-AID E,SAGE PUBLICATIONS INC,1069-2509,1875-8835,"COMPUTER SCIENCE, ARTIFICIAL INTELLIGENCE",6.4,48/210,0.22857142857142856,가능 (통신 시스템/알고리즘 기여도 어필)
ACM Transactions on Interactive Intelligent Systems,ACM T INTERACT INTEL,ASSOC COMPUTING MACHINERY,2160-6455,2160-6463,"COMPUTER SCIENCE, ARTIFICIAL INTELLIGENCE",6.4,48/210,0.22857142857142856,가능 (세부 논문 방향에 따라 융합 포장 필요)
IEEE-ASME TRANSACTIONS ON MECHATRONICS,IEEE-ASME T MECH,IEEE,1083-4435,1941-014X,"ENGINEERING, ELECTRICAL & ELECTRONIC",6.3,52/369,0.14092140921409213,가능 (세부 논문 방향에 따라 융합 포장 필요)
IEEE Journal of Selected Topics in Applied Earth Observations and Remote Sensing,IEEE J-STARS,IEEE,1939-1404,2151-1535,"ENGINEERING, ELECTRICAL & ELECTRONIC",6.3,52/369,0.14092140921409213,가능 (UAV 및 위성 원격탐사 네트워크 연계 관점 필수)
Digital Communications and Networks,DIGIT COMMUN NETW,KEAI PUBLISHING LTD,2468-5925,2352-8648,TELECOMMUNICATIONS,6.3,24/127,0.1889763779527559,적합
ECONOMETRICA,ECONOMETRICA,WILEY,0012-9682,1468-0262,"MATHEMATICS, INTERDISCIPLINARY APPLICATIONS",6.2,5/137,0.0364963503649635,가능 (세부 논문 방향에 따라 융합 포장 필요)
Journal of Modern Power Systems and Clean Energy,J MOD POWER SYST CLE,STATE GRID ELECTRIC POWER RESEARCH INST,2196-5625,2196-5420,"ENGINEERING, ELECTRICAL & ELECTRONIC",6.2,55/369,0.14905149051490515,불일치 (배터리/전력망/에너지 하드웨어 주력)
AUTOMATICA,AUTOMATICA,PERGAMON-ELSEVIER SCIENCE LTD,0005-1098,1873-2836,"ENGINEERING, ELECTRICAL & ELECTRONIC",6.2,55/369,0.14905149051490515,가능 (알고리즘의 수학적 모델링 및 증명 과정 강조)
INFORMATION SYSTEMS FRONTIERS,INFORM SYST FRONT,SPRINGER,1387-3326,1572-9419,"COMPUTER SCIENCE, INFORMATION SYSTEMS",6.2,43/266,0.16165413533834586,가능 (네트워크 구조의 비즈니스적/관리적 효율성 강조)
IEEE Transactions on Services Computing,IEEE T SERV COMPUT,IEEE COMPUTER SOC,1939-1374,1939-1374,"COMPUTER SCIENCE, INFORMATION SYSTEMS",6.2,43/266,0.16165413533834586,가능 (통신 시스템/알고리즘 기여도 어필)
Sustainable Computing-Informatics & Systems,SUSTAIN COMPUT-INFOR,ELSEVIER,2210-5379,2210-5387,"COMPUTER SCIENCE, INFORMATION SYSTEMS",6.2,43/266,0.16165413533834586,가능 (통신 시스템/알고리즘 기여도 어필)
IEEE TRANSACTIONS ON ENERGY CONVERSION,IEEE T ENERGY CONVER,IEEE,0885-8969,1558-0059,"ENGINEERING, ELECTRICAL & ELECTRONIC",6.1,59/369,0.15989159891598917,불일치 (배터리/전력망/에너지 하드웨어 주력)
International Journal of Neural Systems,INT J NEURAL SYST,WORLD SCIENTIFIC PUBL CO PTE LTD,0129-0657,1793-6462,"COMPUTER SCIENCE, ARTIFICIAL INTELLIGENCE",6.1,53/210,0.2523809523809524,가능 (세부 논문 방향에 따라 융합 포장 필요)
IEEE TRANSACTIONS ON SOFTWARE ENGINEERING,IEEE T SOFTWARE ENG,IEEE COMPUTER SOC,0098-5589,1939-3520,"ENGINEERING, ELECTRICAL & ELECTRONIC",6,60/369,0.16260162601626016,가능 (세부 논문 방향에 따라 융합 포장 필요)
INFORMATION SCIENCES,INFORM SCIENCES,ELSEVIER SCIENCE INC,0020-0255,1872-6291,"COMPUTER SCIENCE, INFORMATION SYSTEMS",6,49/266,0.18421052631578946,가능 (통신 시스템/알고리즘 기여도 어필)
ROBOTICS AND AUTONOMOUS SYSTEMS,ROBOT AUTON SYST,ELSEVIER,0921-8890,1872-793X,"COMPUTER SCIENCE, ARTIFICIAL INTELLIGENCE",6,57/210,0.2714285714285714,가능 (세부 논문 방향에 따라 융합 포장 필요)
IEEE Transactions on Emerging Topics in Computational Intelligence,IEEE T EM TOP COMP I,IEEE,2471-285X,2471-285X,"COMPUTER SCIENCE, ARTIFICIAL INTELLIGENCE",6,57/210,0.2714285714285714,가능 (기존 통신 응용을 넘어선 AI 알고리즘 자체의 독창성 입증 필수)
AUTONOMOUS ROBOTS,AUTON ROBOT,SPRINGER,0929-5593,1573-7527,"COMPUTER SCIENCE, ARTIFICIAL INTELLIGENCE",6,57/210,0.2714285714285714,가능 (세부 논문 방향에 따라 융합 포장 필요)
IEEE TRANSACTIONS ON PARALLEL AND DISTRIBUTED SYSTEMS,IEEE T PARALL DISTR,IEEE COMPUTER SOC,1045-9219,1558-2183,"ENGINEERING, ELECTRICAL & ELECTRONIC",5.9,63/369,0.17073170731707318,가능 (세부 논문 방향에 따라 융합 포장 필요)
IEEE TRANSACTIONS ON ANTENNAS AND PROPAGATION,IEEE T ANTENN PROPAG,IEEE,0018-926X,1558-2221,"ENGINEERING, ELECTRICAL & ELECTRONIC",5.9,63/369,0.17073170731707318,가능 (세부 논문 방향에 따라 융합 포장 필요)
IEEE TRANSACTIONS ON BROADCASTING,IEEE T BROADCAST,IEEE,0018-9316,1557-9611,"ENGINEERING, ELECTRICAL & ELECTRONIC",5.9,63/369,0.17073170731707318,적합
INTERNATIONAL JOURNAL OF GEOGRAPHICAL INFORMATION SCIENCE,INT J GEOGR INF SCI,TAYLOR & FRANCIS LTD,1365-8816,1362-3087,"COMPUTER SCIENCE, INFORMATION SYSTEMS",5.9,51/266,0.19172932330827067,가능 (통신 시스템/알고리즘 기여도 어필)
European Transport Research Review,EUR TRANSP RES REV,SPRINGER,1867-0717,1866-8887,TRANSPORTATION SCIENCE & TECHNOLOGY,5.8,18/80,0.225,가능 (서베이/매거진 형식으로 작성)
CHAOS SOLITONS & FRACTALS,CHAOS SOLITON FRACT,PERGAMON-ELSEVIER SCIENCE LTD,0960-0779,1873-2887,"MATHEMATICS, INTERDISCIPLINARY APPLICATIONS",5.7,6/137,0.043795620437956206,가능 (세부 논문 방향에 따라 융합 포장 필요)
IEEE Journal of Emerging and Selected Topics in Power Electronics,IEEE J EM SEL TOP P,IEEE,2168-6777,2168-6785,"ENGINEERING, ELECTRICAL & ELECTRONIC",5.7,68/369,0.1842818428184282,불일치 (배터리/전력망/에너지 하드웨어 주력)
Sustainable Energy Grids & Networks,SUSTAIN ENERGY GRIDS,ELSEVIER,2352-4677,2352-4677,"ENGINEERING, ELECTRICAL & ELECTRONIC",5.7,68/369,0.1842818428184282,불일치 (배터리/전력망/에너지 하드웨어 주력)
High Voltage,HIGH VOLT,WILEY,2397-7264,2397-7264,"ENGINEERING, ELECTRICAL & ELECTRONIC",5.7,68/369,0.1842818428184282,가능 (세부 논문 방향에 따라 융합 포장 필요)
IEEE Transactions on Network and Service Management,IEEE T NETW SERV MAN,IEEE,1932-4537,1932-4537,"COMPUTER SCIENCE, INFORMATION SYSTEMS",5.7,53/266,0.19924812030075187,적합
Vehicular Communications,VEH COMMUN,ELSEVIER,2214-2096,2214-2096,TELECOMMUNICATIONS,5.7,30/127,0.23622047244094488,적합
IEEE JOURNAL OF OCEANIC ENGINEERING,IEEE J OCEANIC ENG,IEEE,0364-9059,1558-1691,"ENGINEERING, ELECTRICAL & ELECTRONIC",5.6,72/369,0.1951219512195122,가능 (세부 논문 방향에 따라 융합 포장 필요)
IEEE TRANSACTIONS ON CIRCUITS AND SYSTEMS I-REGULAR PAPERS,IEEE T CIRCUITS-I,IEEE,1549-8328,1558-0806,"ENGINEERING, ELECTRICAL & ELECTRONIC",5.6,72/369,0.1951219512195122,불일치 (반도체/전자 소자 하드웨어 주력)
IEEE JOURNAL OF SOLID-STATE CIRCUITS,IEEE J SOLID-ST CIRC,IEEE,0018-9200,1558-173X,"ENGINEERING, ELECTRICAL & ELECTRONIC",5.6,72/369,0.1951219512195122,불일치 (반도체/전자 소자 하드웨어 주력)
CSEE Journal of Power and Energy Systems,CSEE J POWER ENERGY,CHINA ELECTRIC POWER RESEARCH INST,2096-0042,2096-0042,"ENGINEERING, ELECTRICAL & ELECTRONIC",5.6,72/369,0.1951219512195122,불일치 (배터리/전력망/에너지 하드웨어 주력)
IEEE Circuits and Systems Magazine,IEEE CIRC SYST MAG,IEEE,1531-636X,1558-0830,"ENGINEERING, ELECTRICAL & ELECTRONIC",5.6,72/369,0.1951219512195122,가능 (서베이/매거진 형식으로 작성)
ACM Transactions on Multimedia Computing Communications and Applications,ACM T MULTIM COMPUT,ASSOC COMPUTING MACHINERY,1551-6857,1551-6865,"COMPUTER SCIENCE, INFORMATION SYSTEMS",5.6,54/266,0.20300751879699247,가능 (자율주행 비전/멀티센서 융합 관점 포함 필수)
APPLIED MATHEMATICAL MODELLING,APPL MATH MODEL,ELSEVIER SCIENCE INC,0307-904X,1872-8480,"MATHEMATICS, INTERDISCIPLINARY APPLICATIONS",5.5,7/137,0.051094890510948905,가능 (알고리즘의 수학적 모델링 및 증명 과정 강조)
Cluster Computing-The Journal of Networks Software Tools and Applications,CLUSTER COMPUT,SPRINGER,1386-7857,1573-7543,"COMPUTER SCIENCE, INFORMATION SYSTEMS",5.5,55/266,0.20676691729323307,적합
Journal of Cloud Computing-Advances Systems and Applications,J CLOUD COMPUT-ADV S,SPRINGER,,2192-113X,"COMPUTER SCIENCE, INFORMATION SYSTEMS",5.5,55/266,0.20676691729323307,가능 (통신 시스템/알고리즘 기여도 어필)
DATA MINING AND KNOWLEDGE DISCOVERY,DATA MIN KNOWL DISC,SPRINGER,1384-5810,1573-756X,"COMPUTER SCIENCE, INFORMATION SYSTEMS",5.5,55/266,0.20676691729323307,가능 (RSU/차량 간 분산 데이터 처리 아키텍처 강조)
Optical Switching and Networking,OPT SWITCH NETW,ELSEVIER,1573-4277,1872-9770,"COMPUTER SCIENCE, INFORMATION SYSTEMS",5.5,55/266,0.20676691729323307,적합
IEEE TRANSACTIONS ON SIGNAL PROCESSING,IEEE T SIGNAL PROCES,IEEE,1053-587X,1941-0476,"ENGINEERING, ELECTRICAL & ELECTRONIC",5.5,77/369,0.2086720867208672,가능 (세부 논문 방향에 따라 융합 포장 필요)
COMPUTERS & ELECTRICAL ENGINEERING,COMPUT ELECTR ENG,PERGAMON-ELSEVIER SCIENCE LTD,0045-7906,1879-0755,"ENGINEERING, ELECTRICAL & ELECTRONIC",5.5,77/369,0.2086720867208672,가능 (통신 시스템/알고리즘 기여도 어필)
IEEE Intelligent Transportation Systems Magazine,IEEE INTEL TRANSP SY,IEEE,1939-1390,1941-1197,"ENGINEERING, ELECTRICAL & ELECTRONIC",5.5,77/369,0.2086720867208672,가능 (서베이/매거진 형식으로 작성)
TSINGHUA SCIENCE AND TECHNOLOGY,TSINGHUA SCI TECHNOL,TSINGHUA UNIV PRESS,1007-0214,1878-7606,"ENGINEERING, ELECTRICAL & ELECTRONIC",5.4,80/369,0.21680216802168023,가능 (세부 논문 방향에 따라 융합 포장 필요)
IEEE TRANSACTIONS ON RELIABILITY,IEEE T RELIAB,IEEE,0018-9529,1558-1721,"ENGINEERING, ELECTRICAL & ELECTRONIC",5.4,80/369,0.21680216802168023,가능 (세부 논문 방향에 따라 융합 포장 필요)
Ad Hoc Networks,AD HOC NETW,ELSEVIER,1570-8705,1570-8713,"COMPUTER SCIENCE, INFORMATION SYSTEMS",5.4,60/266,0.22556390977443608,적합
INTERNATIONAL JOURNAL OF NUMERICAL METHODS FOR HEAT & FLUID FLOW,INT J NUMER METHOD H,EMERALD GROUP PUBLISHING LTD,0961-5539,1758-6585,"MATHEMATICS, INTERDISCIPLINARY APPLICATIONS",5.3,8/137,0.058394160583941604,가능 (세부 논문 방향에 따라 융합 포장 필요)
INTERNATIONAL JOURNAL OF ELECTRICAL POWER & ENERGY SYSTEMS,INT J ELEC POWER,ELSEVIER SCI LTD,0142-0615,1879-3517,"ENGINEERING, ELECTRICAL & ELECTRONIC",5.3,82/369,0.2222222222222222,불일치 (배터리/전력망/에너지 하드웨어 주력)
CONTROL ENGINEERING PRACTICE,CONTROL ENG PRACT,PERGAMON-ELSEVIER SCIENCE LTD,0967-0661,1873-6939,"ENGINEERING, ELECTRICAL & ELECTRONIC",5.3,82/369,0.2222222222222222,가능 (알고리즘의 수학적 모델링 및 증명 과정 강조)
IEEE-ACM TRANSACTIONS ON NETWORKING,IEEE ACM T NETWORK,IEEE,1063-6692,1558-2566,"ENGINEERING, ELECTRICAL & ELECTRONIC",5.3,82/369,0.2222222222222222,적합
IEEE Transactions on Cloud Computing,IEEE T CLOUD COMPUT,IEEE,2168-7161,2168-7161,"COMPUTER SCIENCE, INFORMATION SYSTEMS",5.3,62/266,0.23308270676691728,가능 (통신 시스템/알고리즘 기여도 어필)
IEEE Transactions on Control of Network Systems,IEEE T CONTROL NETW,IEEE,2325-5870,2372-2533,"COMPUTER SCIENCE, INFORMATION SYSTEMS",5.3,62/266,0.23308270676691728,적합
IEEE Transactions on Sustainable Computing,IEEE T SUST COMPUT,IEEE,2377-3782,2377-3782,"COMPUTER SCIENCE, INFORMATION SYSTEMS",5.3,62/266,0.23308270676691728,가능 (통신 시스템/알고리즘 기여도 어필)
VLDB JOURNAL,VLDB J,SPRINGER,1066-8888,0949-877X,"COMPUTER SCIENCE, INFORMATION SYSTEMS",5.3,62/266,0.23308270676691728,가능 (세부 논문 방향에 따라 융합 포장 필요)
Artificial Intelligence and Law,ARTIF INTELL LAW,SPRINGER,0924-8463,1572-8382,"COMPUTER SCIENCE, ARTIFICIAL INTELLIGENCE",5.3,62/210,0.29523809523809524,가능 (기존 통신 응용을 넘어선 AI 알고리즘 자체의 독창성 입증 필수)
IEEE TRANSACTIONS ON INDUSTRY APPLICATIONS,IEEE T IND APPL,IEEE,0093-9994,1939-9367,"ENGINEERING, ELECTRICAL & ELECTRONIC",5.2,85/369,0.23035230352303523,가능 (스마트 팩토리/산업용 IoT 인프라로 환경 설정)
IEEE-ACM Transactions on Audio Speech and Language Processing,IEEE-ACM T AUDIO SPE,IEEE,2329-9290,,"ENGINEERING, ELECTRICAL & ELECTRONIC",5.2,85/369,0.23035230352303523,불일치 (자연어/음성 처리 주력)
JOURNAL OF LIGHTWAVE TECHNOLOGY,J LIGHTWAVE TECHNOL,IEEE,0733-8724,1558-2213,"ENGINEERING, ELECTRICAL & ELECTRONIC",5.2,85/369,0.23035230352303523,불일치 (양자/광학 물리 주력)
IEEE TRANSACTIONS ON MICROWAVE THEORY AND TECHNIQUES,IEEE T MICROW THEORY,IEEE,0018-9480,1557-9670,"ENGINEERING, ELECTRICAL & ELECTRONIC",5.2,85/369,0.23035230352303523,가능 (세부 논문 방향에 따라 융합 포장 필요)
MATERIALS SCIENCE IN SEMICONDUCTOR PROCESSING,MAT SCI SEMICON PROC,ELSEVIER SCI LTD,1369-8001,1873-4081,"ENGINEERING, ELECTRICAL & ELECTRONIC",5.2,85/369,0.23035230352303523,가능 (세부 논문 방향에 따라 융합 포장 필요)
ACM Transactions on Autonomous and Adaptive Systems,ACM T AUTON ADAP SYS,ASSOC COMPUTING MACHINERY,1556-4665,1556-4703,"COMPUTER SCIENCE, INFORMATION SYSTEMS",5.2,67/266,0.2518796992481203,가능 (세부 논문 방향에 따라 융합 포장 필요)
IEEE AEROSPACE AND ELECTRONIC SYSTEMS MAGAZINE,IEEE AERO EL SYS MAG,IEEE,0885-8985,1557-959X,"ENGINEERING, ELECTRICAL & ELECTRONIC",5.1,90/369,0.24390243902439024,가능 (서베이/매거진 형식으로 작성)
IEEE Wireless Communications Letters,IEEE WIREL COMMUN LE,IEEE,2162-2337,2162-2345,"ENGINEERING, ELECTRICAL & ELECTRONIC",5.1,90/369,0.24390243902439024,적합
SENSORS AND ACTUATORS A-PHYSICAL,SENSOR ACTUAT A-PHYS,ELSEVIER SCIENCE SA,0924-4247,1873-3069,"ENGINEERING, ELECTRICAL & ELECTRONIC",5.1,90/369,0.24390243902439024,가능 (세부 논문 방향에 따라 융합 포장 필요)
IEEE Transactions on Biomedical Circuits and Systems,IEEE T BIOMED CIRC S,IEEE,1932-4545,1940-9990,"ENGINEERING, ELECTRICAL & ELECTRONIC",5.1,90/369,0.24390243902439024,불일치 (의료/생명과학 주력)
Journal of Organizational and End User Computing,J ORGAN END USER COM,IGI GLOBAL,1546-2234,1546-5012,"COMPUTER SCIENCE, INFORMATION SYSTEMS",5.1,69/266,0.2593984962406015,가능 (통신 시스템/알고리즘 기여도 어필)
Journal of Optical Communications and Networking,J OPT COMMUN NETW,Optica Publishing Group,1943-0620,1943-0639,"COMPUTER SCIENCE, INFORMATION SYSTEMS",5.1,69/266,0.2593984962406015,적합
ACM Transactions on Internet Technology,ACM T INTERNET TECHN,ASSOC COMPUTING MACHINERY,1533-5399,1557-6051,"COMPUTER SCIENCE, INFORMATION SYSTEMS",5.1,69/266,0.2593984962406015,가능 (세부 논문 방향에 따라 융합 포장 필요)
Journal of the Association for Information Science and Technology,J ASSOC INF SCI TECH,WILEY,2330-1635,2330-1643,"COMPUTER SCIENCE, INFORMATION SYSTEMS",5.1,69/266,0.2593984962406015,가능 (통신 시스템/알고리즘 기여도 어필)
CAAI Transactions on Intelligence Technology,CAAI T INTELL TECHNO,WILEY,2468-6557,2468-2322,"COMPUTER SCIENCE, ARTIFICIAL INTELLIGENCE",5.1,65/210,0.30952380952380953,가능 (기존 통신 응용을 넘어선 AI 알고리즘 자체의 독창성 입증 필수)
IEEE Consumer Electronics Magazine,IEEE CONSUM ELECTR M,IEEE,2162-2248,2162-2256,"ENGINEERING, ELECTRICAL & ELECTRONIC",5,95/369,0.25745257452574527,가능 (서베이/매거진 형식으로 작성)
IMAGE AND VISION COMPUTING,IMAGE VISION COMPUT,ELSEVIER,0262-8856,1872-8138,"ENGINEERING, ELECTRICAL & ELECTRONIC",5,95/369,0.25745257452574527,가능 (자율주행 비전/멀티센서 융합 관점 포함 필수)
INTERNATIONAL JOURNAL OF MEDICAL INFORMATICS,INT J MED INFORM,ELSEVIER IRELAND LTD,1386-5056,1872-8243,"COMPUTER SCIENCE, INFORMATION SYSTEMS",5,74/266,0.2781954887218045,불일치 (의료/생명과학 주력)
International Journal of Information Security,INT J INF SECUR,SPRINGER,1615-5262,1615-5270,"COMPUTER SCIENCE, INFORMATION SYSTEMS",5,74/266,0.2781954887218045,가능 (통신 시스템/알고리즘 기여도 어필)
TRANSPORTATION SCIENCE,TRANSPORT SCI,INFORMS,0041-1655,,TRANSPORTATION SCIENCE & TECHNOLOGY,5,24/80,0.3,가능 (미시적 통신보다 거시적 교통량 개선 및 물류 인프라 효과 강조)
Journal of Artificial Intelligence and Soft Computing Research,J ARTIF INTELL SOFT,Paradigm Publishing Services-De Gruyter Brill Sp Zoo,2083-2567,2449-6499,"COMPUTER SCIENCE, ARTIFICIAL INTELLIGENCE",5,67/210,0.319047619047619,가능 (기존 통신 응용을 넘어선 AI 알고리즘 자체의 독창성 입증 필수)
APPLIED MATHEMATICS AND MECHANICS-ENGLISH EDITION,APPL MATH MECH-ENGL,SHANGHAI UNIV,0253-4827,1573-2754,"MATHEMATICS, APPLIED",4.9,2/345,0.005797101449275362,불일치 (전산 역학/음향 물리 주력)
Mathematical Programming Computation,MATH PROGRAM COMPUT,SPRINGER HEIDELBERG,1867-2949,1867-2957,"MATHEMATICS, APPLIED",4.9,2/345,0.005797101449275362,가능 (알고리즘의 수학적 모델링 및 증명 과정 강조)
IEEE TRANSACTIONS ON COMPUTERS,IEEE T COMPUT,IEEE COMPUTER SOC,0018-9340,1557-9956,"ENGINEERING, ELECTRICAL & ELECTRONIC",4.9,97/369,0.26287262872628725,가능 (통신 시스템/알고리즘 기여도 어필)
IEEE Systems Journal,IEEE SYST J,IEEE,1932-8184,1937-9234,"ENGINEERING, ELECTRICAL & ELECTRONIC",4.9,97/369,0.26287262872628725,가능 (세부 논문 방향에 따라 융합 포장 필요)
Journal of Real-Time Image Processing,J REAL-TIME IMAGE PR,SPRINGER HEIDELBERG,1861-8200,1861-8219,"ENGINEERING, ELECTRICAL & ELECTRONIC",4.9,97/369,0.26287262872628725,가능 (자율주행 비전/멀티센서 융합 관점 포함 필수)
ACM Transactions on the Web,ACM T WEB,ASSOC COMPUTING MACHINERY,1559-1131,1559-114X,"COMPUTER SCIENCE, INFORMATION SYSTEMS",4.9,77/266,0.2894736842105263,가능 (세부 논문 방향에 따라 융합 포장 필요)
MACHINE LEARNING,MACH LEARN,SPRINGER,0885-6125,1573-0565,"COMPUTER SCIENCE, ARTIFICIAL INTELLIGENCE",4.9,69/210,0.32857142857142857,가능 (기존 통신 응용을 넘어선 AI 알고리즘 자체의 독창성 입증 필수)
IEEE Geoscience and Remote Sensing Letters,IEEE GEOSCI REMOTE S,IEEE,1545-598X,1558-0571,"ENGINEERING, ELECTRICAL & ELECTRONIC",4.8,101/369,0.27371273712737126,가능 (UAV 및 위성 원격탐사 네트워크 연계 관점 필수)
IEEE Transactions on Emerging Topics in Computing,IEEE T EMERG TOP COM,IEEE,2168-6750,2168-6750,"COMPUTER SCIENCE, INFORMATION SYSTEMS",4.8,80/266,0.3007518796992481,가능 (통신 시스템/알고리즘 기여도 어필)
INTERNATIONAL JOURNAL OF INTELLIGENT SYSTEMS,INT J INTELL SYST,WILEY,0884-8173,1098-111X,"COMPUTER SCIENCE, ARTIFICIAL INTELLIGENCE",4.8,73/210,0.3476190476190476,가능 (세부 논문 방향에 따라 융합 포장 필요)
Journal of Econometrics,J ECONOMETRICS,ELSEVIER SCIENCE SA,0304-4076,1872-6895,"MATHEMATICS, INTERDISCIPLINARY APPLICATIONS",4.7,9/137,0.06569343065693431,가능 (세부 논문 방향에 따라 융합 포장 필요)
Computer Networks,COMPUT NETW,ELSEVIER,1389-1286,1872-7069,"ENGINEERING, ELECTRICAL & ELECTRONIC",4.7,104/369,0.28184281842818426,적합
IEEE TRANSACTIONS ON POWER DELIVERY,IEEE T POWER DELIVER,IEEE,0885-8977,1937-4208,"ENGINEERING, ELECTRICAL & ELECTRONIC",4.7,104/369,0.28184281842818426,불일치 (배터리/전력망/에너지 하드웨어 주력)
IEEE Transactions on Computational Imaging,IEEE T COMPUT IMAG,IEEE,2573-0436,2333-9403,"ENGINEERING, ELECTRICAL & ELECTRONIC",4.7,104/369,0.28184281842818426,가능 (세부 논문 방향에 따라 융합 포장 필요)
ACS Applied Electronic Materials,ACS APPL ELECTRON MA,AMER CHEMICAL SOC,,2637-6113,"ENGINEERING, ELECTRICAL & ELECTRONIC",4.7,104/369,0.28184281842818426,가능 (세부 논문 방향에 따라 융합 포장 필요)
ACM Transactions on Sensor Networks,ACM T SENSOR NETWORK,ASSOC COMPUTING MACHINERY,1550-4859,1550-4867,"COMPUTER SCIENCE, INFORMATION SYSTEMS",4.7,82/266,0.3082706766917293,적합
IEEE Transactions on Cognitive and Developmental Systems,IEEE T COGN DEV SYST,IEEE,2379-8920,2379-8939,"COMPUTER SCIENCE, ARTIFICIAL INTELLIGENCE",4.7,74/210,0.3523809523809524,가능 (세부 논문 방향에 따라 융합 포장 필요)
ARTIFICIAL INTELLIGENCE,ARTIF INTELL-AMST,ELSEVIER,0004-3702,1872-7921,"COMPUTER SCIENCE, ARTIFICIAL INTELLIGENCE",4.7,74/210,0.3523809523809524,가능 (기존 통신 응용을 넘어선 AI 알고리즘 자체의 독창성 입증 필수)
MINDS AND MACHINES,MIND MACH,SPRINGER,0924-6495,1572-8641,"COMPUTER SCIENCE, ARTIFICIAL INTELLIGENCE",4.7,74/210,0.3523809523809524,가능 (세부 논문 방향에 따라 융합 포장 필요)
Grey Systems-Theory and Application,GREY SYST,EMERALD GROUP PUBLISHING LTD,2043-9377,2043-9385,"MATHEMATICS, INTERDISCIPLINARY APPLICATIONS",4.6,10/137,0.072992700729927,가능 (세부 논문 방향에 따라 융합 포장 필요)
IEEE TRANSACTIONS ON CIRCUITS AND SYSTEMS II-EXPRESS BRIEFS,IEEE T CIRCUITS-II,IEEE,1549-7747,1558-3791,"ENGINEERING, ELECTRICAL & ELECTRONIC",4.6,108/369,0.2926829268292683,불일치 (반도체/전자 소자 하드웨어 주력)
IEEE Transactions on Signal and Information Processing over Networks,IEEE T SIGNAL INF PR,IEEE,2373-776X,2373-776X,"ENGINEERING, ELECTRICAL & ELECTRONIC",4.6,108/369,0.2926829268292683,적합
IEEE Antennas and Wireless Propagation Letters,IEEE ANTENN WIREL PR,IEEE,1536-1225,1548-5757,"ENGINEERING, ELECTRICAL & ELECTRONIC",4.6,108/369,0.2926829268292683,적합
IEEE ELECTRON DEVICE LETTERS,IEEE ELECTR DEVICE L,IEEE,0741-3106,1558-0563,"ENGINEERING, ELECTRICAL & ELECTRONIC",4.6,108/369,0.2926829268292683,가능 (세부 논문 방향에 따라 융합 포장 필요)
International Journal of Critical Infrastructure Protection,INT J CRIT INFR PROT,ELSEVIER,1874-5482,2212-2087,"COMPUTER SCIENCE, INFORMATION SYSTEMS",4.6,84/266,0.3157894736842105,가능 (세부 논문 방향에 따라 융합 포장 필요)
ICT Express,ICT EXPRESS,ELSEVIER,2405-9595,2405-9595,"COMPUTER SCIENCE, INFORMATION SYSTEMS",4.6,84/266,0.3157894736842105,가능 (세부 논문 방향에 따라 융합 포장 필요)
INFORMATION AND SOFTWARE TECHNOLOGY,INFORM SOFTWARE TECH,ELSEVIER,0950-5849,1873-6025,"COMPUTER SCIENCE, INFORMATION SYSTEMS",4.6,84/266,0.3157894736842105,가능 (통신 시스템/알고리즘 기여도 어필)
IEEE Transactions on Computational Social Systems,IEEE T COMPUT SOC SY,IEEE,2329-924X,2329-924X,"COMPUTER SCIENCE, INFORMATION SYSTEMS",4.6,84/266,0.3157894736842105,가능 (세부 논문 방향에 따라 융합 포장 필요)
Big Data Research,BIG DATA RES,ELSEVIER,2214-5796,2214-5796,"COMPUTER SCIENCE, INFORMATION SYSTEMS",4.6,84/266,0.3157894736842105,가능 (RSU/차량 간 분산 데이터 처리 아키텍처 강조)
COMPUTATIONAL MECHANICS,COMPUT MECH,SPRINGER,0178-7675,1432-0924,"MATHEMATICS, INTERDISCIPLINARY APPLICATIONS",4.5,11/137,0.08029197080291971,불일치 (전산 역학/음향 물리 주력)
IEEE JOURNAL OF SELECTED TOPICS IN QUANTUM ELECTRONICS,IEEE J SEL TOP QUANT,IEEE,1077-260X,1558-4542,"ENGINEERING, ELECTRICAL & ELECTRONIC",4.5,115/369,0.3116531165311653,불일치 (양자/광학 물리 주력)
IEEE SENSORS JOURNAL,IEEE SENS J,IEEE,1530-437X,1558-1748,"ENGINEERING, ELECTRICAL & ELECTRONIC",4.5,115/369,0.3116531165311653,가능 (세부 논문 방향에 따라 융합 포장 필요)
IEEE INTELLIGENT SYSTEMS,IEEE INTELL SYST,IEEE COMPUTER SOC,1541-1672,1941-1294,"ENGINEERING, ELECTRICAL & ELECTRONIC",4.5,115/369,0.3116531165311653,가능 (세부 논문 방향에 따라 융합 포장 필요)
CHINESE JOURNAL OF ELECTRONICS,CHINESE J ELECTRON,Chinese Inst Electronics,1022-4653,2075-5597,"ENGINEERING, ELECTRICAL & ELECTRONIC",4.5,115/369,0.3116531165311653,가능 (세부 논문 방향에 따라 융합 포장 필요)
WORLD WIDE WEB-INTERNET AND WEB INFORMATION SYSTEMS,WORLD WIDE WEB,SPRINGER,1386-145X,1573-1413,"COMPUTER SCIENCE, INFORMATION SYSTEMS",4.5,91/266,0.34210526315789475,가능 (네트워크 구조의 비즈니스적/관리적 효율성 강조)
Complex & Intelligent Systems,COMPLEX INTELL SYST,SPRINGER HEIDELBERG,2199-4536,2198-6053,"COMPUTER SCIENCE, ARTIFICIAL INTELLIGENCE",4.5,81/210,0.38571428571428573,가능 (세부 논문 방향에 따라 융합 포장 필요)
IEEE COMMUNICATIONS LETTERS,IEEE COMMUN LETT,IEEE,1089-7798,1558-2558,TELECOMMUNICATIONS,4.5,50/127,0.3937007874015748,가능 (통신 시스템/알고리즘 기여도 어필)
EDUCATIONAL AND PSYCHOLOGICAL MEASUREMENT,EDUC PSYCHOL MEAS,SAGE PUBLICATIONS INC,0013-1644,1552-3888,"MATHEMATICS, INTERDISCIPLINARY APPLICATIONS",4.4,12/137,0.08759124087591241,가능 (세부 논문 방향에 따라 융합 포장 필요)
IEEE TRANSACTIONS ON CONTROL SYSTEMS TECHNOLOGY,IEEE T CONTR SYST T,IEEE,1063-6536,1558-0865,"ENGINEERING, ELECTRICAL & ELECTRONIC",4.4,120/369,0.3252032520325203,가능 (알고리즘의 수학적 모델링 및 증명 과정 강조)
Foundations and Trends in Information Retrieval,FOUND TRENDS INF RET,NOW PUBLISHERS INC,1554-0669,1554-0677,"COMPUTER SCIENCE, INFORMATION SYSTEMS",4.4,94/266,0.3533834586466165,가능 (통신 시스템/알고리즘 기여도 어필)
Journal of Information Security and Applications,J INF SECUR APPL,ELSEVIER,2214-2126,2214-2134,"COMPUTER SCIENCE, INFORMATION SYSTEMS",4.4,94/266,0.3533834586466165,가능 (통신 시스템/알고리즘 기여도 어필)
IEEE Transactions on Human-Machine Systems,IEEE T HUM-MACH SYST,IEEE,2168-2291,2168-2305,"COMPUTER SCIENCE, ARTIFICIAL INTELLIGENCE",4.4,85/210,0.40476190476190477,가능 (세부 논문 방향에 따라 융합 포장 필요)
ELECTRIC POWER SYSTEMS RESEARCH,ELECTR POW SYST RES,ELSEVIER SCIENCE SA,0378-7796,1873-2046,"ENGINEERING, ELECTRICAL & ELECTRONIC",4.3,121/369,0.32791327913279134,불일치 (배터리/전력망/에너지 하드웨어 주력)
COMPUTER COMMUNICATIONS,COMPUT COMMUN,ELSEVIER,0140-3664,1873-703X,"ENGINEERING, ELECTRICAL & ELECTRONIC",4.2,124/369,0.33604336043360433,가능 (통신 시스템/알고리즘 기여도 어필)
IEEE Access,IEEE ACCESS,IEEE,2169-3536,2169-3536,"ENGINEERING, ELECTRICAL & ELECTRONIC",4.2,124/369,0.33604336043360433,가능 (기존 통신 응용을 넘어선 AI 알고리즘 자체의 독창성 입증 필수)
Transportmetrica B-Transport Dynamics,TRANSPORTMETRICA B,TAYLOR & FRANCIS LTD,2168-0566,2168-0582,TRANSPORTATION SCIENCE & TECHNOLOGY,4.2,27/80,0.3375,가능 (세부 논문 방향에 따라 융합 포장 필요)
Egyptian Informatics Journal,EGYPT INFORM J,"CAIRO UNIV, FAC COMPUTERS & INFORMATION",1110-8665,2090-4754,"COMPUTER SCIENCE, INFORMATION SYSTEMS",4.2,100/266,0.37593984962406013,가능 (세부 논문 방향에 따라 융합 포장 필요)
Machine Learning-Science and Technology,MACH LEARN-SCI TECHN,IOP Publishing Ltd,,2632-2153,"COMPUTER SCIENCE, ARTIFICIAL INTELLIGENCE",4.2,87/210,0.4142857142857143,가능 (기존 통신 응용을 넘어선 AI 알고리즘 자체의 독창성 입증 필수)
Econometrics Journal,ECONOMET J,OXFORD UNIV PRESS,1368-4221,1368-423X,"MATHEMATICS, INTERDISCIPLINARY APPLICATIONS",4.1,13/137,0.0948905109489051,가능 (세부 논문 방향에 따라 융합 포장 필요)
IEEE-ACM Transactions on Computational Biology and Bioinformatics,IEEE ACM T COMPUT BI,IEEE COMPUTER SOC,1545-5963,1557-9964,"MATHEMATICS, INTERDISCIPLINARY APPLICATIONS",4.1,13/137,0.0948905109489051,불일치 (의료/생명과학 주력)
Mathematical Geosciences,MATH GEOSCI,SPRINGER HEIDELBERG,1874-8961,1874-8953,"MATHEMATICS, INTERDISCIPLINARY APPLICATIONS",4.1,13/137,0.0948905109489051,가능 (알고리즘의 수학적 모델링 및 증명 과정 강조)
TRANSPORTATION,TRANSPORTATION,SPRINGER,0049-4488,1572-9435,TRANSPORTATION SCIENCE & TECHNOLOGY,4.1,28/80,0.35,가능 (미시적 통신보다 거시적 교통량 개선 및 물류 인프라 효과 강조)
EVOLUTIONARY COMPUTATION,EVOL COMPUT,MIT PRESS,1063-6560,1530-9304,"COMPUTER SCIENCE, ARTIFICIAL INTELLIGENCE",4.1,89/210,0.4238095238095238,가능 (기존 통신 응용을 넘어선 AI 알고리즘 자체의 독창성 입증 필수)
MATHEMATICS AND COMPUTERS IN SIMULATION,MATH COMPUT SIMULAT,ELSEVIER,0378-4754,1872-7166,"MATHEMATICS, APPLIED",4,4/345,0.011594202898550725,가능 (알고리즘의 수학적 모델링 및 증명 과정 강조)
RISK ANALYSIS,RISK ANAL,WILEY,0272-4332,1539-6924,"MATHEMATICS, INTERDISCIPLINARY APPLICATIONS",4,16/137,0.11678832116788321,가능 (세부 논문 방향에 따라 융합 포장 필요)
IEEE TRANSACTIONS ON ULTRASONICS FERROELECTRICS AND FREQUENCY CONTROL,IEEE T ULTRASON FERR,IEEE,0885-3010,1525-8955,"ENGINEERING, ELECTRICAL & ELECTRONIC",4,127/369,0.34417344173441733,가능 (알고리즘의 수학적 모델링 및 증명 과정 강조)
SENSORS,SENSORS-BASEL,MDPI,,1424-8220,"ENGINEERING, ELECTRICAL & ELECTRONIC",4,127/369,0.34417344173441733,가능 (세부 논문 방향에 따라 융합 포장 필요)
APPLIED ARTIFICIAL INTELLIGENCE,APPL ARTIF INTELL,TAYLOR & FRANCIS INC,0883-9514,1087-6545,"ENGINEERING, ELECTRICAL & ELECTRONIC",4,127/369,0.34417344173441733,가능 (기존 통신 응용을 넘어선 AI 알고리즘 자체의 독창성 입증 필수)
ACM Transactions on Privacy and Security,ACM T PRIV SECUR,ASSOC COMPUTING MACHINERY,2471-2566,2471-2574,"COMPUTER SCIENCE, INFORMATION SYSTEMS",4,105/266,0.39473684210526316,가능 (세부 논문 방향에 따라 융합 포장 필요)
INFORMATION SYSTEMS,INFORM SYST,PERGAMON-ELSEVIER SCIENCE LTD,0306-4379,1873-6076,"COMPUTER SCIENCE, INFORMATION SYSTEMS",4,105/266,0.39473684210526316,가능 (네트워크 구조의 비즈니스적/관리적 효율성 강조)
JOURNAL OF ARTIFICIAL INTELLIGENCE RESEARCH,J ARTIF INTELL RES,AI ACCESS FOUNDATION,1076-9757,1943-5037,"COMPUTER SCIENCE, ARTIFICIAL INTELLIGENCE",4,91/210,0.43333333333333335,가능 (기존 통신 응용을 넘어선 AI 알고리즘 자체의 독창성 입증 필수)
International Journal of Computational Intelligence Systems,INT J COMPUT INT SYS,SPRINGERNATURE,1875-6891,1875-6883,"COMPUTER SCIENCE, ARTIFICIAL INTELLIGENCE",4,91/210,0.43333333333333335,가능 (기존 통신 응용을 넘어선 AI 알고리즘 자체의 독창성 입증 필수)
DISPLAYS,DISPLAYS,ELSEVIER,0141-9382,1872-7387,"ENGINEERING, ELECTRICAL & ELECTRONIC",3.9,132/369,0.35772357723577236,가능 (세부 논문 방향에 따라 융합 포장 필요)
Transportmetrica A-Transport Science,TRANSPORTMETRICA A,TAYLOR & FRANCIS LTD,2324-9935,2324-9943,TRANSPORTATION SCIENCE & TECHNOLOGY,3.9,29/80,0.3625,가능 (세부 논문 방향에 따라 융합 포장 필요)
Journal of Intelligent Transportation Systems,J INTELL TRANSPORT S,TAYLOR & FRANCIS INC,1547-2450,1547-2442,TRANSPORTATION SCIENCE & TECHNOLOGY,3.9,29/80,0.3625,적합
Journal of Grid Computing,J GRID COMPUT,SPRINGER,1570-7873,1572-9184,"COMPUTER SCIENCE, INFORMATION SYSTEMS",3.9,107/266,0.40225563909774437,가능 (통신 시스템/알고리즘 기여도 어필)
Pervasive and Mobile Computing,PERVASIVE MOB COMPUT,ELSEVIER,1574-1192,1873-1589,"COMPUTER SCIENCE, INFORMATION SYSTEMS",3.9,107/266,0.40225563909774437,적합
DATA & KNOWLEDGE ENGINEERING,DATA KNOWL ENG,ELSEVIER,0169-023X,1872-6933,"COMPUTER SCIENCE, INFORMATION SYSTEMS",3.9,107/266,0.40225563909774437,가능 (RSU/차량 간 분산 데이터 처리 아키텍처 강조)
International Journal of Multimedia Information Retrieval,INT J MULTIMED INF R,SPRINGER,2192-6611,2192-662X,"COMPUTER SCIENCE, ARTIFICIAL INTELLIGENCE",3.9,94/210,0.44761904761904764,가능 (자율주행 비전/멀티센서 융합 관점 포함 필수)
Applied and Computational Mathematics,APPL COMPUT MATH-BAK,"BAKU STATE UNIV, INST APPLIED MATHEMATICS",1683-3511,1683-6154,"MATHEMATICS, APPLIED",3.8,5/345,0.014492753623188406,가능 (알고리즘의 수학적 모델링 및 증명 과정 강조)
Communications in Nonlinear Science and Numerical Simulation,COMMUN NONLINEAR SCI,ELSEVIER,1007-5704,1878-7274,"MATHEMATICS, APPLIED",3.8,5/345,0.014492753623188406,가능 (통신 시스템/알고리즘 기여도 어필)
FINITE ELEMENTS IN ANALYSIS AND DESIGN,FINITE ELEM ANAL DES,ELSEVIER,0168-874X,1872-6925,"MATHEMATICS, APPLIED",3.8,5/345,0.014492753623188406,가능 (세부 논문 방향에 따라 융합 포장 필요)
CHEMOMETRICS AND INTELLIGENT LABORATORY SYSTEMS,CHEMOMETR INTELL LAB,ELSEVIER,0169-7439,1873-3239,"MATHEMATICS, INTERDISCIPLINARY APPLICATIONS",3.8,17/137,0.12408759124087591,가능 (세부 논문 방향에 따라 융합 포장 필요)
IEEE Journal on Emerging and Selected Topics in Circuits and Systems,IEEE J EM SEL TOP C,IEEE,2156-3357,2156-3365,"ENGINEERING, ELECTRICAL & ELECTRONIC",3.8,134/369,0.36314363143631434,불일치 (반도체/전자 소자 하드웨어 주력)
INTERNATIONAL JOURNAL OF ADAPTIVE CONTROL AND SIGNAL PROCESSING,INT J ADAPT CONTROL,WILEY,0890-6327,1099-1115,"ENGINEERING, ELECTRICAL & ELECTRONIC",3.8,134/369,0.36314363143631434,가능 (알고리즘의 수학적 모델링 및 증명 과정 강조)
ONLINE INFORMATION REVIEW,ONLINE INFORM REV,EMERALD GROUP PUBLISHING LTD,1468-4527,1468-4535,"COMPUTER SCIENCE, INFORMATION SYSTEMS",3.8,110/266,0.41353383458646614,가능 (서베이/매거진 형식으로 작성)
Proceedings of the VLDB Endowment,PROC VLDB ENDOW,ASSOC COMPUTING MACHINERY,2150-8097,2150-8097,"COMPUTER SCIENCE, INFORMATION SYSTEMS",3.8,110/266,0.41353383458646614,가능 (세부 논문 방향에 따라 융합 포장 필요)
ZAMM-Zeitschrift fur Angewandte Mathematik und Mechanik,ZAMM-Z ANGEW MATH ME,WILEY-V C H VERLAG GMBH,0044-2267,1521-4001,"MATHEMATICS, APPLIED",3.7,9/345,0.02608695652173913,가능 (알고리즘의 수학적 모델링 및 증명 과정 강조)
Journal of the Franklin Institute,J FRANKLIN I,PERGAMON-ELSEVIER SCIENCE LTD,0016-0032,1879-2693,"MATHEMATICS, INTERDISCIPLINARY APPLICATIONS",3.7,19/137,0.1386861313868613,가능 (세부 논문 방향에 따라 융합 포장 필요)
SIGNAL PROCESSING,SIGNAL PROCESS,ELSEVIER,0165-1684,1872-7557,"ENGINEERING, ELECTRICAL & ELECTRONIC",3.7,137/369,0.3712737127371274,가능 (세부 논문 방향에 따라 융합 포장 필요)
International Journal of Rail Transportation,INT J RAIL TRANSP,TAYLOR & FRANCIS LTD,2324-8378,2324-8386,TRANSPORTATION SCIENCE & TECHNOLOGY,3.7,31/80,0.3875,가능 (미시적 통신보다 거시적 교통량 개선 및 물류 인프라 효과 강조)
Evolving Systems,EVOL SYST-GER,SPRINGER HEIDELBERG,1868-6478,1868-6486,"COMPUTER SCIENCE, ARTIFICIAL INTELLIGENCE",3.7,98/210,0.4666666666666667,가능 (세부 논문 방향에 따라 융합 포장 필요)
MATHEMATICAL FINANCE,MATH FINANC,WILEY,0960-1627,1467-9965,"MATHEMATICS, INTERDISCIPLINARY APPLICATIONS",3.6,21/137,0.15328467153284672,가능 (알고리즘의 수학적 모델링 및 증명 과정 강조)
IEEE Transactions on Terahertz Science and Technology,IEEE T THZ SCI TECHN,IEEE,2156-342X,2156-3446,"ENGINEERING, ELECTRICAL & ELECTRONIC",3.6,142/369,0.38482384823848237,가능 (세부 논문 방향에 따라 융합 포장 필요)
IEEE ANTENNAS AND PROPAGATION MAGAZINE,IEEE ANTENN PROPAG M,IEEE,1045-9243,1558-4143,"ENGINEERING, ELECTRICAL & ELECTRONIC",3.6,142/369,0.38482384823848237,가능 (서베이/매거진 형식으로 작성)
IEEE SIGNAL PROCESSING LETTERS,IEEE SIGNAL PROC LET,IEEE,1070-9908,1558-2361,"ENGINEERING, ELECTRICAL & ELECTRONIC",3.6,142/369,0.38482384823848237,가능 (세부 논문 방향에 따라 융합 포장 필요)
COMPUTER VISION AND IMAGE UNDERSTANDING,COMPUT VIS IMAGE UND,ACADEMIC PRESS INC ELSEVIER SCIENCE,1077-3142,1090-235X,"ENGINEERING, ELECTRICAL & ELECTRONIC",3.6,142/369,0.38482384823848237,가능 (자율주행 비전/멀티센서 융합 관점 포함 필수)
IEEE TRANSACTIONS ON COMPUTER-AIDED DESIGN OF INTEGRATED CIRCUITS AND SYSTEMS,IEEE T COMPUT AID D,IEEE,0278-0070,1937-4151,"ENGINEERING, ELECTRICAL & ELECTRONIC",3.6,142/369,0.38482384823848237,불일치 (반도체/전자 소자 하드웨어 주력)
IEEE TRANSACTIONS ON ELECTRON DEVICES,IEEE T ELECTRON DEV,IEEE,0018-9383,1557-9646,"ENGINEERING, ELECTRICAL & ELECTRONIC",3.6,142/369,0.38482384823848237,불일치 (반도체/전자 소자 하드웨어 주력)
Journal of Network and Systems Management,J NETW SYST MANAG,SPRINGER,1064-7570,1573-7705,"COMPUTER SCIENCE, INFORMATION SYSTEMS",3.6,115/266,0.4323308270676692,적합
Enterprise Information Systems,ENTERP INF SYST-UK,TAYLOR & FRANCIS LTD,1751-7575,1751-7583,"COMPUTER SCIENCE, INFORMATION SYSTEMS",3.6,115/266,0.4323308270676692,가능 (네트워크 구조의 비즈니스적/관리적 효율성 강조)
KNOWLEDGE AND INFORMATION SYSTEMS,KNOWL INF SYST,SPRINGER LONDON LTD,0219-1377,0219-3116,"COMPUTER SCIENCE, INFORMATION SYSTEMS",3.6,115/266,0.4323308270676692,가능 (네트워크 구조의 비즈니스적/관리적 효율성 강조)
COMMUNICATIONS ON PURE AND APPLIED MATHEMATICS,COMMUN PUR APPL MATH,WILEY,0010-3640,1097-0312,"MATHEMATICS, APPLIED",3.5,10/345,0.028985507246376812,가능 (알고리즘의 수학적 모델링 및 증명 과정 강조)
MATHEMATICAL AND COMPUTER MODELLING OF DYNAMICAL SYSTEMS,MATH COMP MODEL DYN,TAYLOR & FRANCIS INC,1387-3954,1744-5051,"MATHEMATICS, APPLIED",3.5,10/345,0.028985507246376812,가능 (알고리즘의 수학적 모델링 및 증명 과정 강조)
MULTIVARIATE BEHAVIORAL RESEARCH,MULTIVAR BEHAV RES,"ROUTLEDGE JOURNALS, TAYLOR & FRANCIS LTD",0027-3171,1532-7906,"MATHEMATICS, INTERDISCIPLINARY APPLICATIONS",3.5,22/137,0.16058394160583941,가능 (세부 논문 방향에 따라 융합 포장 필요)
ENGINEERING ANALYSIS WITH BOUNDARY ELEMENTS,ENG ANAL BOUND ELEM,ELSEVIER SCI LTD,0955-7997,1873-197X,"MATHEMATICS, INTERDISCIPLINARY APPLICATIONS",3.5,22/137,0.16058394160583941,가능 (세부 논문 방향에 따라 융합 포장 필요)
Fractal and Fractional,FRACTAL FRACT,MDPI,,2504-3110,"MATHEMATICS, INTERDISCIPLINARY APPLICATIONS",3.5,22/137,0.16058394160583941,가능 (알고리즘의 수학적 모델링 및 증명 과정 강조)
STRUCTURAL EQUATION MODELING-A MULTIDISCIPLINARY JOURNAL,STRUCT EQU MODELING,"ROUTLEDGE JOURNALS, TAYLOR & FRANCIS LTD",1070-5511,1532-8007,"MATHEMATICS, INTERDISCIPLINARY APPLICATIONS",3.5,22/137,0.16058394160583941,불일치 (토목/건축 구조물 주력)
JOURNAL OF SUPERCOMPUTING,J SUPERCOMPUT,SPRINGER,0920-8542,1573-0484,"ENGINEERING, ELECTRICAL & ELECTRONIC",3.5,148/369,0.4010840108401084,가능 (통신 시스템/알고리즘 기여도 어필)
JOURNAL OF MICROELECTROMECHANICAL SYSTEMS,J MICROELECTROMECH S,IEEE,1057-7157,1941-0158,"ENGINEERING, ELECTRICAL & ELECTRONIC",3.5,148/369,0.4010840108401084,불일치 (전산 역학/음향 물리 주력)
Aslib Journal of Information Management,ASLIB J INFORM MANAG,EMERALD GROUP PUBLISHING LTD,2050-3806,1758-3748,"COMPUTER SCIENCE, INFORMATION SYSTEMS",3.5,120/266,0.45112781954887216,가능 (네트워크 구조의 비즈니스적/관리적 효율성 강조)
JOURNAL OF INTELLIGENT INFORMATION SYSTEMS,J INTELL INF SYST,SPRINGER,0925-9902,1573-7675,"COMPUTER SCIENCE, INFORMATION SYSTEMS",3.5,120/266,0.45112781954887216,가능 (네트워크 구조의 비즈니스적/관리적 효율성 강조)
ACM SIGCOMM Computer Communication Review,ACM SIGCOMM COMP COM,ASSOC COMPUTING MACHINERY,0146-4833,1943-5819,"COMPUTER SCIENCE, INFORMATION SYSTEMS",3.5,120/266,0.45112781954887216,가능 (서베이/매거진 형식으로 작성)
Frontiers in Neurorobotics,FRONT NEUROROBOTICS,FRONTIERS MEDIA SA,1662-5218,1662-5218,"COMPUTER SCIENCE, ARTIFICIAL INTELLIGENCE",3.5,102/210,0.4857142857142857,가능 (세부 논문 방향에 따라 융합 포장 필요)
AI MAGAZINE,AI MAG,WILEY,0738-4602,2371-9621,"COMPUTER SCIENCE, ARTIFICIAL INTELLIGENCE",3.5,102/210,0.4857142857142857,가능 (서베이/매거진 형식으로 작성)
APPLIED INTELLIGENCE,APPL INTELL,SPRINGER,0924-669X,1573-7497,"COMPUTER SCIENCE, ARTIFICIAL INTELLIGENCE",3.5,102/210,0.4857142857142857,가능 (기존 통신 응용을 넘어선 AI 알고리즘 자체의 독창성 입증 필수)
PATTERN RECOGNITION LETTERS,PATTERN RECOGN LETT,ELSEVIER,0167-8655,1872-7344,"COMPUTER SCIENCE, ARTIFICIAL INTELLIGENCE",3.5,102/210,0.4857142857142857,가능 (자율주행 비전/멀티센서 융합 관점 포함 필수)
Advances in Nonlinear Analysis,ADV NONLINEAR ANAL,DE GRUYTER POLAND SP Z O O,2191-9496,2191-950X,"MATHEMATICS, APPLIED",3.4,12/345,0.034782608695652174,가능 (세부 논문 방향에 따라 융합 포장 필요)
TWMS Journal of Pure and Applied Mathematics,TWMS J PURE APPL MAT,"BAKU STATE UNIV, INST APPLIED MATHEMATICS",2076-2585,2219-1259,"MATHEMATICS, APPLIED",3.4,12/345,0.034782608695652174,가능 (알고리즘의 수학적 모델링 및 증명 과정 강조)
Computational Particle Mechanics,COMPUT PART MECH,SPRINGER INT PUBL AG,2196-4378,2196-4386,"MATHEMATICS, INTERDISCIPLINARY APPLICATIONS",3.4,27/137,0.19708029197080293,불일치 (전산 역학/음향 물리 주력)
IEEE Microwave and Wireless Technology Letters,IEEE MICROW WIREL TE,IEEE,2771-957X,2771-9588,"ENGINEERING, ELECTRICAL & ELECTRONIC",3.4,151/369,0.4092140921409214,적합
DIGITAL SIGNAL PROCESSING,DIGIT SIGNAL PROCESS,ACADEMIC PRESS INC ELSEVIER SCIENCE,1051-2004,1095-4333,"ENGINEERING, ELECTRICAL & ELECTRONIC",3.4,151/369,0.4092140921409214,가능 (세부 논문 방향에 따라 융합 포장 필요)
Transportation Letters-The International Journal of Transportation Research,TRANSP LETT,TAYLOR & FRANCIS LTD,1942-7867,1942-7875,TRANSPORTATION SCIENCE & TECHNOLOGY,3.4,37/80,0.4625,가능 (미시적 통신보다 거시적 교통량 개선 및 물류 인프라 효과 강조)
EXPERT SYSTEMS,EXPERT SYST,WILEY,0266-4720,1468-0394,"COMPUTER SCIENCE, ARTIFICIAL INTELLIGENCE",3.4,108/210,0.5142857142857142,가능 (세부 논문 방향에 따라 융합 포장 필요)
CHAOS,CHAOS,AIP Publishing,1054-1500,1089-7682,"MATHEMATICS, APPLIED",3.3,14/345,0.04057971014492753,가능 (세부 논문 방향에 따라 융합 포장 필요)
INTERNATIONAL JOURNAL FOR NUMERICAL METHODS IN ENGINEERING,INT J NUMER METH ENG,WILEY,0029-5981,1097-0207,"MATHEMATICS, INTERDISCIPLINARY APPLICATIONS",3.3,28/137,0.20437956204379562,가능 (세부 논문 방향에 따라 융합 포장 필요)
IEEE Industrial Electronics Magazine,IEEE IND ELECTRON M,IEEE,1932-4529,1941-0115,"ENGINEERING, ELECTRICAL & ELECTRONIC",3.3,156/369,0.42276422764227645,가능 (서베이/매거진 형식으로 작성)
IEEE TRANSACTIONS ON DIELECTRICS AND ELECTRICAL INSULATION,IEEE T DIELECT EL IN,IEEE,1070-9878,1558-4135,"ENGINEERING, ELECTRICAL & ELECTRONIC",3.3,156/369,0.42276422764227645,가능 (세부 논문 방향에 따라 융합 포장 필요)
IEEE Transactions on Components Packaging and Manufacturing Technology,IEEE T COMP PACK MAN,IEEE,2156-3950,2156-3985,"ENGINEERING, ELECTRICAL & ELECTRONIC",3.3,156/369,0.42276422764227645,가능 (스마트 팩토리/산업용 IoT 인프라로 환경 설정)
MICROELECTRONIC ENGINEERING,MICROELECTRON ENG,ELSEVIER,0167-9317,1873-5568,"ENGINEERING, ELECTRICAL & ELECTRONIC",3.3,156/369,0.42276422764227645,가능 (세부 논문 방향에 따라 융합 포장 필요)
REQUIREMENTS ENGINEERING,REQUIR ENG,SPRINGER,0947-3602,1432-010X,"COMPUTER SCIENCE, INFORMATION SYSTEMS",3.3,127/266,0.4774436090225564,가능 (세부 논문 방향에 따라 융합 포장 필요)
Qualitative Theory of Dynamical Systems,QUAL THEOR DYN SYST,SPRINGER BASEL AG,1575-5460,1662-3592,"MATHEMATICS, APPLIED",3.2,15/345,0.043478260869565216,가능 (세부 논문 방향에 따라 융합 포장 필요)
APPLIED MATHEMATICS AND COMPUTATION,APPL MATH COMPUT,ELSEVIER SCIENCE INC,0096-3003,1873-5649,"MATHEMATICS, APPLIED",3.2,15/345,0.043478260869565216,가능 (알고리즘의 수학적 모델링 및 증명 과정 강조)
SIAM JOURNAL ON NUMERICAL ANALYSIS,SIAM J NUMER ANAL,SIAM PUBLICATIONS,0036-1429,1095-7170,"MATHEMATICS, APPLIED",3.2,15/345,0.043478260869565216,가능 (세부 논문 방향에 따라 융합 포장 필요)
Nonlinear Analysis-Hybrid Systems,NONLINEAR ANAL-HYBRI,ELSEVIER SCI LTD,1751-570X,1878-7460,"MATHEMATICS, APPLIED",3.2,15/345,0.043478260869565216,가능 (세부 논문 방향에 따라 융합 포장 필요)
INFORMATICA,INFORMATICA-LITHUAN,VILNIUS UNIV PRESS,0868-4952,1822-8844,"MATHEMATICS, APPLIED",3.2,15/345,0.043478260869565216,가능 (세부 논문 방향에 따라 융합 포장 필요)
International Journal of Optomechatronics,INT J OPTOMECHATRONI,TAYLOR & FRANCIS INC,1559-9612,1559-9620,"ENGINEERING, ELECTRICAL & ELECTRONIC",3.2,162/369,0.43902439024390244,가능 (세부 논문 방향에 따라 융합 포장 필요)
MECHATRONICS,MECHATRONICS,PERGAMON-ELSEVIER SCIENCE LTD,0957-4158,0957-4158,"ENGINEERING, ELECTRICAL & ELECTRONIC",3.2,162/369,0.43902439024390244,가능 (세부 논문 방향에 따라 융합 포장 필요)
IEEE TRANSACTIONS ON VERY LARGE SCALE INTEGRATION (VLSI) SYSTEMS,IEEE T VLSI SYST,IEEE,1063-8210,1557-9999,"ENGINEERING, ELECTRICAL & ELECTRONIC",3.2,162/369,0.43902439024390244,가능 (세부 논문 방향에 따라 융합 포장 필요)
JOURNAL OF MATERIALS SCIENCE-MATERIALS IN ELECTRONICS,J MATER SCI-MATER EL,SPRINGER,0957-4522,1573-482X,"ENGINEERING, ELECTRICAL & ELECTRONIC",3.2,162/369,0.43902439024390244,가능 (세부 논문 방향에 따라 융합 포장 필요)
IET Renewable Power Generation,IET RENEW POWER GEN,WILEY,1752-1416,1752-1424,"ENGINEERING, ELECTRICAL & ELECTRONIC",3.2,162/369,0.43902439024390244,불일치 (배터리/전력망/에너지 하드웨어 주력)
Journal of Web Semantics,J WEB SEMANT,ELSEVIER,1570-8268,1873-7749,"COMPUTER SCIENCE, INFORMATION SYSTEMS",3.2,130/266,0.48872180451127817,가능 (세부 논문 방향에 따라 융합 포장 필요)
ISPRS International Journal of Geo-Information,ISPRS INT J GEO-INF,MDPI,,2220-9964,"COMPUTER SCIENCE, INFORMATION SYSTEMS",3.2,130/266,0.48872180451127817,가능 (통신 시스템/알고리즘 기여도 어필)
Peer-to-Peer Networking and Applications,PEER PEER NETW APPL,SPRINGER,1936-6442,1936-6450,"COMPUTER SCIENCE, INFORMATION SYSTEMS",3.2,130/266,0.48872180451127817,적합
JOURNAL OF THE EUROPEAN MATHEMATICAL SOCIETY,J EUR MATH SOC,EUROPEAN MATHEMATICAL SOC-EMS,1435-9855,1435-9863,"MATHEMATICS, APPLIED",3.1,20/345,0.057971014492753624,가능 (알고리즘의 수학적 모델링 및 증명 과정 강조)
Fractional Calculus and Applied Analysis,FRACT CALC APPL ANAL,SPRINGERNATURE,1311-0454,1314-2224,"MATHEMATICS, APPLIED",3.1,20/345,0.057971014492753624,가능 (알고리즘의 수학적 모델링 및 증명 과정 강조)
FUZZY SETS AND SYSTEMS,FUZZY SET SYST,ELSEVIER,0165-0114,1872-6801,"MATHEMATICS, APPLIED",3.1,20/345,0.057971014492753624,가능 (알고리즘의 수학적 모델링 및 증명 과정 강조)
INTERNATIONAL JOURNAL OF ROBUST AND NONLINEAR CONTROL,INT J ROBUST NONLIN,WILEY,1049-8923,1099-1239,"MATHEMATICS, APPLIED",3.1,20/345,0.057971014492753624,가능 (알고리즘의 수학적 모델링 및 증명 과정 강조)
EPJ Data Science,EPJ DATA SCI,SPRINGER,,2193-1127,"MATHEMATICS, INTERDISCIPLINARY APPLICATIONS",3.1,29/137,0.2116788321167883,가능 (RSU/차량 간 분산 데이터 처리 아키텍처 강조)
AEU-INTERNATIONAL JOURNAL OF ELECTRONICS AND COMMUNICATIONS,AEU-INT J ELECTRON C,ELSEVIER GMBH,1434-8411,1618-0399,"ENGINEERING, ELECTRICAL & ELECTRONIC",3.1,167/369,0.45257452574525747,가능 (통신 시스템/알고리즘 기여도 어필)
Journal of Infrared Millimeter and Terahertz Waves,J INFRARED MILLIM TE,SPRINGER,1866-6892,1866-6906,"ENGINEERING, ELECTRICAL & ELECTRONIC",3.1,167/369,0.45257452574525747,가능 (세부 논문 방향에 따라 융합 포장 필요)
International Journal of Fuzzy Systems,INT J FUZZY SYST,SPRINGER HEIDELBERG,1562-2479,2199-3211,"COMPUTER SCIENCE, INFORMATION SYSTEMS",3.1,135/266,0.5075187969924813,가능 (알고리즘의 수학적 모델링 및 증명 과정 강조)
Forensic Science International-Digital Investigation,FORENS SCI INT-DIGIT,ELSEVIER SCI LTD,,2666-2817,"COMPUTER SCIENCE, INFORMATION SYSTEMS",3.1,135/266,0.5075187969924813,가능 (세부 논문 방향에 따라 융합 포장 필요)
Transport,TRANSPORT-VILNIUS,VILNIUS GEDIMINAS TECH UNIV,1648-4142,1648-3480,TRANSPORTATION SCIENCE & TECHNOLOGY,3.1,42/80,0.525,가능 (세부 논문 방향에 따라 융합 포장 필요)
JOURNAL OF INTELLIGENT & ROBOTIC SYSTEMS,J INTELL ROBOT SYST,SPRINGER,0921-0296,1573-0409,"COMPUTER SCIENCE, ARTIFICIAL INTELLIGENCE",3.1,114/210,0.5428571428571428,가능 (세부 논문 방향에 따라 융합 포장 필요)
Journal of Applied Mathematics and Computing,J APPL MATH COMPUT,SPRINGER HEIDELBERG,1598-5865,1865-2085,"MATHEMATICS, APPLIED",3,25/345,0.07246376811594203,가능 (알고리즘의 수학적 모델링 및 증명 과정 강조)
ANNALES DE L INSTITUT HENRI POINCARE-ANALYSE NON LINEAIRE,ANN I H POINCARE-AN,EUROPEAN MATHEMATICAL SOC-EMS,0294-1449,1873-1430,"MATHEMATICS, APPLIED",3,25/345,0.07246376811594203,가능 (세부 논문 방향에 따라 융합 포장 필요)
Bayesian Analysis,BAYESIAN ANAL,INT SOC BAYESIAN ANALYSIS,1931-6690,1936-0975,"MATHEMATICS, INTERDISCIPLINARY APPLICATIONS",3,31/137,0.22627737226277372,가능 (세부 논문 방향에 따라 융합 포장 필요)
IEEE MICROWAVE MAGAZINE,IEEE MICROW MAG,IEEE,1527-3342,1557-9581,"ENGINEERING, ELECTRICAL & ELECTRONIC",3,171/369,0.4634146341463415,가능 (서베이/매거진 형식으로 작성)
INTERNATIONAL JOURNAL OF IMAGING SYSTEMS AND TECHNOLOGY,INT J IMAG SYST TECH,WILEY,0899-9457,1098-1098,"ENGINEERING, ELECTRICAL & ELECTRONIC",3,171/369,0.4634146341463415,가능 (세부 논문 방향에 따라 융합 포장 필요)
Machines,MACHINES,MDPI,,2075-1702,"ENGINEERING, ELECTRICAL & ELECTRONIC",3,171/369,0.4634146341463415,가능 (세부 논문 방향에 따라 융합 포장 필요)
JOURNAL OF THE ACM,J ACM,ASSOC COMPUTING MACHINERY,0004-5411,1557-735X,"COMPUTER SCIENCE, INFORMATION SYSTEMS",3,139/266,0.5225563909774437,가능 (세부 논문 방향에 따라 융합 포장 필요)
IEEE MULTIMEDIA,IEEE MULTIMEDIA,IEEE COMPUTER SOC,1070-986X,1941-0166,"COMPUTER SCIENCE, INFORMATION SYSTEMS",3,139/266,0.5225563909774437,가능 (자율주행 비전/멀티센서 융합 관점 포함 필수)
INFORMATION SYSTEMS MANAGEMENT,INFORM SYST MANAGE,TAYLOR & FRANCIS INC,1058-0530,1934-8703,"COMPUTER SCIENCE, INFORMATION SYSTEMS",3,139/266,0.5225563909774437,가능 (네트워크 구조의 비즈니스적/관리적 효율성 강조)
JOURNAL OF COMMUNICATIONS AND NETWORKS,J COMMUN NETW-S KOR,KOREAN INST COMMUNICATIONS SCIENCES (K I C S),1229-2370,1976-5541,"COMPUTER SCIENCE, INFORMATION SYSTEMS",3,139/266,0.5225563909774437,적합
CONNECTION SCIENCE,CONNECT SCI,TAYLOR & FRANCIS LTD,0954-0091,1360-0494,"COMPUTER SCIENCE, ARTIFICIAL INTELLIGENCE",3,117/210,0.5571428571428572,가능 (세부 논문 방향에 따라 융합 포장 필요)
IEEE Transactions on Games,IEEE T GAMES,IEEE,2475-1502,2475-1510,"COMPUTER SCIENCE, ARTIFICIAL INTELLIGENCE",3,117/210,0.5571428571428572,가능 (세부 논문 방향에 따라 융합 포장 필요)
COMPUTER SPEECH AND LANGUAGE,COMPUT SPEECH LANG,ACADEMIC PRESS LTD- ELSEVIER SCIENCE LTD,0885-2308,1095-8363,"COMPUTER SCIENCE, ARTIFICIAL INTELLIGENCE",3,117/210,0.5571428571428572,불일치 (자연어/음성 처리 주력)
MATHEMATICAL MODELS & METHODS IN APPLIED SCIENCES,MATH MOD METH APPL S,WORLD SCIENTIFIC PUBL CO PTE LTD,0218-2025,1793-6314,"MATHEMATICS, APPLIED",2.9,27/345,0.0782608695652174,가능 (알고리즘의 수학적 모델링 및 증명 과정 강조)
SIAM JOURNAL ON SCIENTIFIC COMPUTING,SIAM J SCI COMPUT,SIAM PUBLICATIONS,1064-8275,1095-7197,"MATHEMATICS, APPLIED",2.9,27/345,0.0782608695652174,가능 (통신 시스템/알고리즘 기여도 어필)
ARCHIVE FOR RATIONAL MECHANICS AND ANALYSIS,ARCH RATION MECH AN,SPRINGER,0003-9527,1432-0673,"MATHEMATICS, APPLIED",2.9,27/345,0.0782608695652174,불일치 (전산 역학/음향 물리 주력)
PHYSICA D-NONLINEAR PHENOMENA,PHYSICA D,ELSEVIER,0167-2789,1872-8022,"MATHEMATICS, APPLIED",2.9,27/345,0.0782608695652174,가능 (세부 논문 방향에 따라 융합 포장 필요)
FRACTALS-COMPLEX GEOMETRY PATTERNS AND SCALING IN NATURE AND SOCIETY,FRACTALS,WORLD SCIENTIFIC PUBL CO PTE LTD,0218-348X,1793-6543,"MATHEMATICS, INTERDISCIPLINARY APPLICATIONS",2.9,32/137,0.23357664233576642,가능 (자율주행 비전/멀티센서 융합 관점 포함 필수)
PSYCHOMETRIKA,PSYCHOMETRIKA,CAMBRIDGE UNIV PRESS,0033-3123,1860-0980,"MATHEMATICS, INTERDISCIPLINARY APPLICATIONS",2.9,32/137,0.23357664233576642,가능 (세부 논문 방향에 따라 융합 포장 필요)
Applied Mathematics in Science and Engineering,APPL MATH SCI ENG,TAYLOR & FRANCIS LTD,,2769-0911,"MATHEMATICS, INTERDISCIPLINARY APPLICATIONS",2.9,32/137,0.23357664233576642,가능 (알고리즘의 수학적 모델링 및 증명 과정 강조)
CMES-COMPUTER MODELING IN ENGINEERING & SCIENCES,CMES-COMP MODEL ENG,TECH SCIENCE PRESS,1526-1492,1526-1506,"MATHEMATICS, INTERDISCIPLINARY APPLICATIONS",2.9,32/137,0.23357664233576642,가능 (통신 시스템/알고리즘 기여도 어필)
IEEE Power & Energy Magazine,IEEE POWER ENERGY M,IEEE,1540-7977,1558-4216,"ENGINEERING, ELECTRICAL & ELECTRONIC",2.9,174/369,0.4715447154471545,가능 (서베이/매거진 형식으로 작성)
IEEE Journal of the Electron Devices Society,IEEE J ELECTRON DEVI,IEEE,2168-6734,2168-6734,"ENGINEERING, ELECTRICAL & ELECTRONIC",2.9,174/369,0.4715447154471545,불일치 (반도체/전자 소자 하드웨어 주력)
Electronics,ELECTRONICS-SWITZ,MDPI,2079-9292,2079-9292,"ENGINEERING, ELECTRICAL & ELECTRONIC",2.9,174/369,0.4715447154471545,가능 (세부 논문 방향에 따라 융합 포장 필요)
Flexible and Printed Electronics,FLEX PRINT ELECTRON,IOP Publishing Ltd,2058-8585,2058-8585,"ENGINEERING, ELECTRICAL & ELECTRONIC",2.9,174/369,0.4715447154471545,가능 (세부 논문 방향에 따라 융합 포장 필요)
Journal of Transportation Engineering Part B-Pavements,J TRANSP ENG B-PAVE,ASCE-AMER SOC CIVIL ENGINEERS,,2573-5438,TRANSPORTATION SCIENCE & TECHNOLOGY,2.9,43/80,0.5375,가능 (미시적 통신보다 거시적 교통량 개선 및 물류 인프라 효과 강조)
Human-centric Computing and Information Sciences,HUM-CENT COMPUT INFO,Korea Computer Industry Assoc-KCIA,,2192-1962,"COMPUTER SCIENCE, INFORMATION SYSTEMS",2.9,143/266,0.5375939849624061,가능 (통신 시스템/알고리즘 기여도 어필)
IEEE SECURITY & PRIVACY,IEEE SECUR PRIV,IEEE COMPUTER SOC,1540-7993,1558-4046,"COMPUTER SCIENCE, INFORMATION SYSTEMS",2.9,143/266,0.5375939849624061,가능 (세부 논문 방향에 따라 융합 포장 필요)
PeerJ Computer Science,PEERJ COMPUT SCI,PEERJ INC,,2376-5992,"COMPUTER SCIENCE, INFORMATION SYSTEMS",2.9,143/266,0.5375939849624061,가능 (통신 시스템/알고리즘 기여도 어필)
Cognitive Systems Research,COGN SYST RES,ELSEVIER,2214-4366,1389-0417,"COMPUTER SCIENCE, ARTIFICIAL INTELLIGENCE",2.9,121/210,0.5761904761904761,가능 (세부 논문 방향에 따라 융합 포장 필요)
International Journal of Interactive Multimedia and Artificial Intelligence,INT J INTERACT MULTI,UNIV INT RIOJA-UNIR,1989-1660,1989-1660,"COMPUTER SCIENCE, ARTIFICIAL INTELLIGENCE",2.9,121/210,0.5761904761904761,가능 (자율주행 비전/멀티센서 융합 관점 포함 필수)
International Journal of Machine Learning and Cybernetics,INT J MACH LEARN CYB,SPRINGER HEIDELBERG,1868-8071,1868-808X,"COMPUTER SCIENCE, ARTIFICIAL INTELLIGENCE",2.9,121/210,0.5761904761904761,가능 (알고리즘의 수학적 모델링 및 증명 과정 강조)
Journal of Numerical Mathematics,J NUMER MATH,WALTER DE GRUYTER GMBH,1570-2820,1569-3953,"MATHEMATICS, APPLIED",2.8,32/345,0.0927536231884058,가능 (알고리즘의 수학적 모델링 및 증명 과정 강조)
IET Optoelectronics,IET OPTOELECTRON,WILEY,1751-8768,1751-8776,"ENGINEERING, ELECTRICAL & ELECTRONIC",2.8,180/369,0.4878048780487805,가능 (세부 논문 방향에 따라 융합 포장 필요)
Journal of Computational Electronics,J COMPUT ELECTRON,SPRINGER,1569-8025,1572-8137,"ENGINEERING, ELECTRICAL & ELECTRONIC",2.8,180/369,0.4878048780487805,가능 (세부 논문 방향에 따라 융합 포장 필요)
IET Generation Transmission & Distribution,IET GENER TRANSM DIS,WILEY,1751-8687,1751-8695,"ENGINEERING, ELECTRICAL & ELECTRONIC",2.8,180/369,0.4878048780487805,가능 (세부 논문 방향에 따라 융합 포장 필요)
JOURNAL OF ELECTRONIC MATERIALS,J ELECTRON MATER,SPRINGER,0361-5235,1543-186X,"ENGINEERING, ELECTRICAL & ELECTRONIC",2.8,180/369,0.4878048780487805,가능 (세부 논문 방향에 따라 융합 포장 필요)
IEEE TECHNOLOGY AND SOCIETY MAGAZINE,IEEE TECHNOL SOC MAG,IEEE,0278-0097,1937-416X,"ENGINEERING, ELECTRICAL & ELECTRONIC",2.8,180/369,0.4878048780487805,가능 (서베이/매거진 형식으로 작성)
JOURNAL OF VISUAL COMMUNICATION AND IMAGE REPRESENTATION,J VIS COMMUN IMAGE R,ACADEMIC PRESS INC ELSEVIER SCIENCE,1047-3203,1095-9076,"COMPUTER SCIENCE, INFORMATION SYSTEMS",2.8,149/266,0.5601503759398496,가능 (자율주행 비전/멀티센서 융합 관점 포함 필수)
MULTIMEDIA SYSTEMS,MULTIMEDIA SYST,SPRINGER,0942-4962,1432-1882,"COMPUTER SCIENCE, INFORMATION SYSTEMS",2.8,149/266,0.5601503759398496,가능 (자율주행 비전/멀티센서 융합 관점 포함 필수)
Information Retrieval Journal,INFORM RETRIEVAL J,SPRINGER,1386-4564,1573-7659,"COMPUTER SCIENCE, INFORMATION SYSTEMS",2.8,149/266,0.5601503759398496,가능 (통신 시스템/알고리즘 기여도 어필)
China Communications,CHINA COMMUN,CHINA INST COMMUNICATIONS,1673-5447,,TELECOMMUNICATIONS,2.8,72/127,0.5669291338582677,가능 (통신 시스템/알고리즘 기여도 어필)
INTERNATIONAL JOURNAL OF APPROXIMATE REASONING,INT J APPROX REASON,ELSEVIER SCIENCE INC,0888-613X,1873-4731,"COMPUTER SCIENCE, ARTIFICIAL INTELLIGENCE",2.8,126/210,0.6,가능 (세부 논문 방향에 따라 융합 포장 필요)
NEURAL PROCESSING LETTERS,NEURAL PROCESS LETT,SPRINGER,1370-4621,1573-773X,"COMPUTER SCIENCE, ARTIFICIAL INTELLIGENCE",2.8,126/210,0.6,가능 (세부 논문 방향에 따라 융합 포장 필요)
Applied Mathematics Letters,APPL MATH LETT,PERGAMON-ELSEVIER SCIENCE LTD,0893-9659,1873-5452,"MATHEMATICS, APPLIED",2.7,33/345,0.09565217391304348,가능 (알고리즘의 수학적 모델링 및 증명 과정 강조)
COMPUTERS & MATHEMATICS WITH APPLICATIONS,COMPUT MATH APPL,PERGAMON-ELSEVIER SCIENCE LTD,0898-1221,1873-7668,"MATHEMATICS, APPLIED",2.7,33/345,0.09565217391304348,가능 (알고리즘의 수학적 모델링 및 증명 과정 강조)
FOUNDATIONS OF COMPUTATIONAL MATHEMATICS,FOUND COMPUT MATH,SPRINGER,1615-3375,1615-3383,"MATHEMATICS, APPLIED",2.7,33/345,0.09565217391304348,가능 (알고리즘의 수학적 모델링 및 증명 과정 강조)
Spatial Statistics,SPAT STAT-NETH,ELSEVIER SCI LTD,2211-6753,,"MATHEMATICS, INTERDISCIPLINARY APPLICATIONS",2.7,36/137,0.26277372262773724,가능 (세부 논문 방향에 따라 융합 포장 필요)
NONLINEAR PROCESSES IN GEOPHYSICS,NONLINEAR PROC GEOPH,COPERNICUS GESELLSCHAFT MBH,1023-5809,1607-7946,"MATHEMATICS, INTERDISCIPLINARY APPLICATIONS",2.7,36/137,0.26277372262773724,가능 (세부 논문 방향에 따라 융합 포장 필요)
INTERNATIONAL JOURNAL OF QUANTUM CHEMISTRY,INT J QUANTUM CHEM,WILEY,0020-7608,1097-461X,"MATHEMATICS, INTERDISCIPLINARY APPLICATIONS",2.7,36/137,0.26277372262773724,불일치 (의료/생명과학 주력)
OPTICAL FIBER TECHNOLOGY,OPT FIBER TECHNOL,ELSEVIER SCIENCE INC,1068-5200,1095-9912,"ENGINEERING, ELECTRICAL & ELECTRONIC",2.7,186/369,0.5040650406504065,가능 (세부 논문 방향에 따라 융합 포장 필요)
EURASIP Journal on Audio Speech and Music Processing,EURASIP J AUDIO SPEE,SPRINGER,1687-4714,1687-4722,"ENGINEERING, ELECTRICAL & ELECTRONIC",2.7,186/369,0.5040650406504065,불일치 (자연어/음성 처리 주력)
IEEE TRANSACTIONS ON DEVICE AND MATERIALS RELIABILITY,IEEE T DEVICE MAT RE,IEEE,1530-4388,1558-2574,"ENGINEERING, ELECTRICAL & ELECTRONIC",2.7,186/369,0.5040650406504065,가능 (세부 논문 방향에 따라 융합 포장 필요)
ELECTRICAL ENGINEERING,ELECTR ENG,SPRINGER,0948-7921,1432-0487,"ENGINEERING, ELECTRICAL & ELECTRONIC",2.7,186/369,0.5040650406504065,가능 (세부 논문 방향에 따라 융합 포장 필요)
Signal Image and Video Processing,SIGNAL IMAGE VIDEO P,SPRINGER LONDON LTD,1863-1703,1863-1711,"ENGINEERING, ELECTRICAL & ELECTRONIC",2.7,186/369,0.5040650406504065,가능 (자율주행 비전/멀티센서 융합 관점 포함 필수)
IET Intelligent Transport Systems,IET INTELL TRANSP SY,WILEY,1751-956X,1751-9578,"ENGINEERING, ELECTRICAL & ELECTRONIC",2.7,186/369,0.5040650406504065,가능 (세부 논문 방향에 따라 융합 포장 필요)
INFORMATION TECHNOLOGY AND LIBRARIES,INFORM TECHNOL LIBR,AMER LIBRARY ASSOC,0730-9295,2163-5226,"COMPUTER SCIENCE, INFORMATION SYSTEMS",2.7,152/266,0.5714285714285714,가능 (통신 시스템/알고리즘 기여도 어필)
Navigation-Journal of the Institute of Navigation,NAVIGATION-US,Inst Navigation - ION,0028-1522,2161-4296,TELECOMMUNICATIONS,2.7,75/127,0.5905511811023622,가능 (세부 논문 방향에 따라 융합 포장 필요)
ACM Transactions on Asian and Low-Resource Language Information Processing,ACM T ASIAN LOW-RESO,ASSOC COMPUTING MACHINERY,2375-4699,2375-4702,"COMPUTER SCIENCE, ARTIFICIAL INTELLIGENCE",2.7,129/210,0.6142857142857143,가능 (통신 시스템/알고리즘 기여도 어필)
Forum of Mathematics Pi,FORUM MATH PI,CAMBRIDGE UNIV PRESS,2050-5086,2050-5086,"MATHEMATICS, APPLIED",2.6,37/345,0.1072463768115942,가능 (알고리즘의 수학적 모델링 및 증명 과정 강조)
JOURNAL OF SCIENTIFIC COMPUTING,J SCI COMPUT,SPRINGER/PLENUM PUBLISHERS,0885-7474,1573-7691,"MATHEMATICS, APPLIED",2.6,37/345,0.1072463768115942,가능 (통신 시스템/알고리즘 기여도 어필)
JOURNAL DE MATHEMATIQUES PURES ET APPLIQUEES,J MATH PURE APPL,ELSEVIER,0021-7824,1776-3371,"MATHEMATICS, APPLIED",2.6,37/345,0.1072463768115942,가능 (알고리즘의 수학적 모델링 및 증명 과정 강조)
APPLIED AND COMPUTATIONAL HARMONIC ANALYSIS,APPL COMPUT HARMON A,ACADEMIC PRESS INC ELSEVIER SCIENCE,1063-5203,1096-603X,"MATHEMATICS, APPLIED",2.6,37/345,0.1072463768115942,가능 (세부 논문 방향에 따라 융합 포장 필요)
SIAM JOURNAL ON OPTIMIZATION,SIAM J OPTIMIZ,SIAM PUBLICATIONS,1052-6234,1095-7189,"MATHEMATICS, APPLIED",2.6,37/345,0.1072463768115942,가능 (세부 논문 방향에 따라 융합 포장 필요)
SIAM JOURNAL ON MATRIX ANALYSIS AND APPLICATIONS,SIAM J MATRIX ANAL A,SIAM PUBLICATIONS,0895-4798,1095-7162,"MATHEMATICS, APPLIED",2.6,37/345,0.1072463768115942,가능 (세부 논문 방향에 따라 융합 포장 필요)
ADVANCES IN COMPUTATIONAL MATHEMATICS,ADV COMPUT MATH,SPRINGER,1019-7168,1572-9044,"MATHEMATICS, APPLIED",2.6,37/345,0.1072463768115942,가능 (알고리즘의 수학적 모델링 및 증명 과정 강조)
JOURNAL OF NONLINEAR SCIENCE,J NONLINEAR SCI,SPRINGER,0938-8974,1432-1467,"MATHEMATICS, APPLIED",2.6,37/345,0.1072463768115942,가능 (세부 논문 방향에 따라 융합 포장 필요)
SIAM JOURNAL ON CONTROL AND OPTIMIZATION,SIAM J CONTROL OPTIM,SIAM PUBLICATIONS,0363-0129,1095-7138,"MATHEMATICS, APPLIED",2.6,37/345,0.1072463768115942,가능 (알고리즘의 수학적 모델링 및 증명 과정 강조)
IEEE TRANSACTIONS ON INFORMATION THEORY,IEEE T INFORM THEORY,IEEE,0018-9448,1557-9654,"MATHEMATICS, APPLIED",2.6,37/345,0.1072463768115942,가능 (통신 시스템/알고리즘 기여도 어필)
IEEE Photonics Journal,IEEE PHOTONICS J,IEEE,1943-0655,1943-0647,"ENGINEERING, ELECTRICAL & ELECTRONIC",2.6,194/369,0.5257452574525745,불일치 (양자/광학 물리 주력)
INTEGRATION-THE VLSI JOURNAL,INTEGRATION,ELSEVIER,0167-9260,1872-7522,"ENGINEERING, ELECTRICAL & ELECTRONIC",2.6,194/369,0.5257452574525745,가능 (세부 논문 방향에 따라 융합 포장 필요)
Nano Communication Networks,NANO COMMUN NETW,ELSEVIER,1878-7789,1878-7797,"ENGINEERING, ELECTRICAL & ELECTRONIC",2.6,194/369,0.5257452574525745,적합
IEEE TRANSACTIONS ON ELECTROMAGNETIC COMPATIBILITY,IEEE T ELECTROMAGN C,IEEE,0018-9375,1558-187X,"ENGINEERING, ELECTRICAL & ELECTRONIC",2.6,194/369,0.5257452574525745,가능 (세부 논문 방향에 따라 융합 포장 필요)
International Transactions on Electrical Energy Systems,INT T ELECTR ENERGY,WILEY,2050-7038,2050-7038,"ENGINEERING, ELECTRICAL & ELECTRONIC",2.6,194/369,0.5257452574525745,불일치 (배터리/전력망/에너지 하드웨어 주력)
Journal of Systems Engineering and Electronics,J SYST ENG ELECTRON,"SYSTEMS ENGINEERING & ELECTRONICS, EDITORIAL DEPT",1004-4132,1004-4132,"ENGINEERING, ELECTRICAL & ELECTRONIC",2.6,194/369,0.5257452574525745,가능 (세부 논문 방향에 따라 융합 포장 필요)
Semantic Web,SEMANT WEB,SAGE PUBLICATIONS INC,1570-0844,2210-4968,"COMPUTER SCIENCE, INFORMATION SYSTEMS",2.6,155/266,0.5827067669172933,가능 (세부 논문 방향에 따라 융합 포장 필요)
JOURNAL OF INFORMATION SCIENCE,J INF SCI,SAGE PUBLICATIONS LTD,0165-5515,1741-6485,"COMPUTER SCIENCE, INFORMATION SYSTEMS",2.6,155/266,0.5827067669172933,가능 (통신 시스템/알고리즘 기여도 어필)
Transactions on Emerging Telecommunications Technologies,T EMERG TELECOMMUN T,WILEY,2161-3915,2161-3915,TELECOMMUNICATIONS,2.6,78/127,0.6141732283464567,적합
PATTERN ANALYSIS AND APPLICATIONS,PATTERN ANAL APPL,SPRINGER,1433-7541,1433-755X,"COMPUTER SCIENCE, ARTIFICIAL INTELLIGENCE",2.6,130/210,0.6190476190476191,가능 (자율주행 비전/멀티센서 융합 관점 포함 필수)
Journal on Multimodal User Interfaces,J MULTIMODAL USER IN,SPRINGER,1783-7677,1783-8738,"COMPUTER SCIENCE, ARTIFICIAL INTELLIGENCE",2.6,130/210,0.6190476190476191,가능 (세부 논문 방향에 따라 융합 포장 필요)
SIAM Journal on Mathematics of Data Science,SIAM J MATH DATA SCI,SIAM PUBLICATIONS,,2577-0187,"MATHEMATICS, APPLIED",2.5,48/345,0.1391304347826087,가능 (알고리즘의 수학적 모델링 및 증명 과정 강조)
NUMERICAL ALGORITHMS,NUMER ALGORITHMS,SPRINGER,1017-1398,1572-9265,"MATHEMATICS, APPLIED",2.5,48/345,0.1391304347826087,가능 (세부 논문 방향에 따라 융합 포장 필요)
COMPUTATIONAL OPTIMIZATION AND APPLICATIONS,COMPUT OPTIM APPL,SPRINGER,0926-6003,1573-2894,"MATHEMATICS, APPLIED",2.5,48/345,0.1391304347826087,가능 (세부 논문 방향에 따라 융합 포장 필요)
SIAM Journal on Imaging Sciences,SIAM J IMAGING SCI,SIAM PUBLICATIONS,1936-4954,1936-4954,"MATHEMATICS, APPLIED",2.5,48/345,0.1391304347826087,가능 (세부 논문 방향에 따라 융합 포장 필요)
IMA Journal of Management Mathematics,IMA J MANAG MATH,OXFORD UNIV PRESS,1471-678X,1471-6798,"MATHEMATICS, INTERDISCIPLINARY APPLICATIONS",2.5,40/137,0.291970802919708,가능 (알고리즘의 수학적 모델링 및 증명 과정 강조)
IEEE TRANSACTIONS ON EDUCATION,IEEE T EDUC,IEEE,0018-9359,1557-9638,"ENGINEERING, ELECTRICAL & ELECTRONIC",2.5,204/369,0.5528455284552846,가능 (세부 논문 방향에 따라 융합 포장 필요)
MICROPROCESSORS AND MICROSYSTEMS,MICROPROCESS MICROSY,ELSEVIER,0141-9331,1872-9436,"ENGINEERING, ELECTRICAL & ELECTRONIC",2.5,204/369,0.5528455284552846,가능 (세부 논문 방향에 따라 융합 포장 필요)
WIRELESS NETWORKS,WIREL NETW,SPRINGER,1022-0038,1572-8196,"ENGINEERING, ELECTRICAL & ELECTRONIC",2.5,204/369,0.5528455284552846,적합
IEEE TRANSACTIONS ON SEMICONDUCTOR MANUFACTURING,IEEE T SEMICONDUCT M,IEEE,0894-6507,1558-2345,"ENGINEERING, ELECTRICAL & ELECTRONIC",2.5,204/369,0.5528455284552846,가능 (스마트 팩토리/산업용 IoT 인프라로 환경 설정)
CIRCUITS SYSTEMS AND SIGNAL PROCESSING,CIRC SYST SIGNAL PR,SPRINGER BIRKHAUSER,0278-081X,1531-5878,"ENGINEERING, ELECTRICAL & ELECTRONIC",2.5,204/369,0.5528455284552846,불일치 (반도체/전자 소자 하드웨어 주력)
IEEE TRANSACTIONS ON NANOTECHNOLOGY,IEEE T NANOTECHNOL,IEEE,1536-125X,1941-0085,"ENGINEERING, ELECTRICAL & ELECTRONIC",2.5,204/369,0.5528455284552846,가능 (세부 논문 방향에 따라 융합 포장 필요)
JOURNAL OF MICROMECHANICS AND MICROENGINEERING,J MICROMECH MICROENG,IOP Publishing Ltd,0960-1317,1361-6439,"ENGINEERING, ELECTRICAL & ELECTRONIC",2.5,204/369,0.5528455284552846,불일치 (전산 역학/음향 물리 주력)
EURASIP Journal on Wireless Communications and Networking,EURASIP J WIREL COMM,SPRINGER,1687-1472,1687-1499,"ENGINEERING, ELECTRICAL & ELECTRONIC",2.5,204/369,0.5528455284552846,적합
MICROELECTRONICS RELIABILITY,MICROELECTRON RELIAB,PERGAMON-ELSEVIER SCIENCE LTD,0026-2714,1872-941X,"ENGINEERING, ELECTRICAL & ELECTRONIC",2.5,204/369,0.5528455284552846,가능 (세부 논문 방향에 따라 융합 포장 필요)
Journal of Transportation Engineering Part A-Systems,J TRANSP ENG A-SYST,ASCE-AMER SOC CIVIL ENGINEERS,2473-2907,2473-2893,TRANSPORTATION SCIENCE & TECHNOLOGY,2.5,47/80,0.5875,가능 (미시적 통신보다 거시적 교통량 개선 및 물류 인프라 효과 강조)
GEOINFORMATICA,GEOINFORMATICA,SPRINGER,1384-6175,1573-7624,"COMPUTER SCIENCE, INFORMATION SYSTEMS",2.5,159/266,0.5977443609022557,가능 (세부 논문 방향에 따라 융합 포장 필요)
International Journal of Network Management,INT J NETW MANAG,WILEY,1055-7148,1099-1190,"COMPUTER SCIENCE, INFORMATION SYSTEMS",2.5,159/266,0.5977443609022557,적합
Natural Language Engineering,NAT LANG ENG,CAMBRIDGE UNIV PRESS,1351-3249,1469-8110,"COMPUTER SCIENCE, ARTIFICIAL INTELLIGENCE",2.5,134/210,0.638095238095238,가능 (세부 논문 방향에 따라 융합 포장 필요)
Swarm Intelligence,SWARM INTELL-US,SPRINGER,1935-3812,1935-3820,"COMPUTER SCIENCE, ARTIFICIAL INTELLIGENCE",2.5,134/210,0.638095238095238,가능 (기존 통신 응용을 넘어선 AI 알고리즘 자체의 독창성 입증 필수)
Memetic Computing,MEMET COMPUT,SPRINGER HEIDELBERG,1865-9284,1865-9292,"COMPUTER SCIENCE, ARTIFICIAL INTELLIGENCE",2.5,134/210,0.638095238095238,가능 (통신 시스템/알고리즘 기여도 어필)
AI EDAM-ARTIFICIAL INTELLIGENCE FOR ENGINEERING DESIGN ANALYSIS AND MANUFACTURING,AI EDAM,CAMBRIDGE UNIV PRESS,0890-0604,1469-1760,"COMPUTER SCIENCE, ARTIFICIAL INTELLIGENCE",2.5,134/210,0.638095238095238,가능 (스마트 팩토리/산업용 IoT 인프라로 환경 설정)
JOURNAL OF COMPUTATIONAL AND APPLIED MATHEMATICS,J COMPUT APPL MATH,ELSEVIER,0377-0427,1879-1778,"MATHEMATICS, APPLIED",2.4,52/345,0.15072463768115943,가능 (알고리즘의 수학적 모델링 및 증명 과정 강조)
STUDIES IN APPLIED MATHEMATICS,STUD APPL MATH,WILEY,0022-2526,1467-9590,"MATHEMATICS, APPLIED",2.4,52/345,0.15072463768115943,가능 (알고리즘의 수학적 모델링 및 증명 과정 강조)
INTERNATIONAL JOURNAL OF BIFURCATION AND CHAOS,INT J BIFURCAT CHAOS,WORLD SCIENTIFIC PUBL CO PTE LTD,0218-1274,1793-6551,"MATHEMATICS, INTERDISCIPLINARY APPLICATIONS",2.4,41/137,0.29927007299270075,가능 (세부 논문 방향에 따라 융합 포장 필요)
IEEE TRANSACTIONS ON NUCLEAR SCIENCE,IEEE T NUCL SCI,IEEE,0018-9499,1558-1578,"ENGINEERING, ELECTRICAL & ELECTRONIC",2.4,215/369,0.5826558265582655,가능 (세부 논문 방향에 따라 융합 포장 필요)
IEEE PHOTONICS TECHNOLOGY LETTERS,IEEE PHOTONIC TECH L,IEEE,1041-1135,1941-0174,"ENGINEERING, ELECTRICAL & ELECTRONIC",2.4,215/369,0.5826558265582655,불일치 (양자/광학 물리 주력)
IET Image Processing,IET IMAGE PROCESS,WILEY,1751-9659,1751-9667,"ENGINEERING, ELECTRICAL & ELECTRONIC",2.4,215/369,0.5826558265582655,가능 (자율주행 비전/멀티센서 융합 관점 포함 필수)
METHODS OF INFORMATION IN MEDICINE,METHOD INFORM MED,GEORG THIEME VERLAG KG,0026-1270,2511-705X,"COMPUTER SCIENCE, INFORMATION SYSTEMS",2.4,162/266,0.6090225563909775,불일치 (의료/생명과학 주력)
CMC-Computers Materials & Continua,CMC-COMPUT MATER CON,TECH SCIENCE PRESS,1546-2218,1546-2226,"COMPUTER SCIENCE, INFORMATION SYSTEMS",2.4,162/266,0.6090225563909775,가능 (통신 시스템/알고리즘 기여도 어필)
AUTONOMOUS AGENTS AND MULTI-AGENT SYSTEMS,AUTON AGENT MULTI-AG,SPRINGER,1387-2532,1573-7454,"COMPUTER SCIENCE, ARTIFICIAL INTELLIGENCE",2.4,139/210,0.6619047619047619,가능 (세부 논문 방향에 따라 융합 포장 필요)
Analysis and Applications,ANAL APPL,WORLD SCIENTIFIC PUBL CO PTE LTD,0219-5305,1793-6861,"MATHEMATICS, APPLIED",2.3,54/345,0.1565217391304348,가능 (세부 논문 방향에 따라 융합 포장 필요)
ADVANCED NONLINEAR STUDIES,ADV NONLINEAR STUD,DE GRUYTER POLAND SP Z O O,1536-1365,2169-0375,"MATHEMATICS, APPLIED",2.3,54/345,0.1565217391304348,가능 (세부 논문 방향에 따라 융합 포장 필요)
COMPUTATIONAL & APPLIED MATHEMATICS,COMPUT APPL MATH,SPRINGER HEIDELBERG,2238-3603,1807-0302,"MATHEMATICS, APPLIED",2.3,54/345,0.1565217391304348,가능 (알고리즘의 수학적 모델링 및 증명 과정 강조)
Boundary Value Problems,BOUND VALUE PROBL,SPRINGER,1687-2770,1687-2770,"MATHEMATICS, APPLIED",2.3,54/345,0.1565217391304348,가능 (세부 논문 방향에 따라 융합 포장 필요)
Applied Numerical Mathematics,APPL NUMER MATH,ELSEVIER,0168-9274,1873-5460,"MATHEMATICS, APPLIED",2.3,54/345,0.1565217391304348,가능 (알고리즘의 수학적 모델링 및 증명 과정 강조)
IMA JOURNAL OF NUMERICAL ANALYSIS,IMA J NUMER ANAL,OXFORD UNIV PRESS,0272-4979,1464-3642,"MATHEMATICS, APPLIED",2.3,54/345,0.1565217391304348,가능 (세부 논문 방향에 따라 융합 포장 필요)
Nonlinear Analysis-Modelling and Control,NONLINEAR ANAL-MODEL,VILNIUS UNIV PRESS,1392-5113,2335-8963,"MATHEMATICS, APPLIED",2.3,54/345,0.1565217391304348,가능 (알고리즘의 수학적 모델링 및 증명 과정 강조)
OPTIMIZATION AND ENGINEERING,OPTIM ENG,SPRINGER,1389-4420,1573-2924,"MATHEMATICS, INTERDISCIPLINARY APPLICATIONS",2.3,43/137,0.31386861313868614,가능 (세부 논문 방향에 따라 융합 포장 필요)
EURASIP Journal on Image and Video Processing,EURASIP J IMAGE VIDE,SPRINGER,1687-5176,1687-5281,"ENGINEERING, ELECTRICAL & ELECTRONIC",2.3,221/369,0.5989159891598916,가능 (자율주행 비전/멀티센서 융합 관점 포함 필수)
ACM Journal on Emerging Technologies in Computing Systems,ACM J EMERG TECH COM,ASSOC COMPUTING MACHINERY,1550-4832,1550-4840,"ENGINEERING, ELECTRICAL & ELECTRONIC",2.3,221/369,0.5989159891598916,가능 (통신 시스템/알고리즘 기여도 어필)
JOURNAL OF ELECTROSTATICS,J ELECTROSTAT,ELSEVIER,0304-3886,1873-5738,"ENGINEERING, ELECTRICAL & ELECTRONIC",2.3,221/369,0.5989159891598916,가능 (세부 논문 방향에 따라 융합 포장 필요)
IET Power Electronics,IET POWER ELECTRON,WILEY,1755-4535,1755-4543,"ENGINEERING, ELECTRICAL & ELECTRONIC",2.3,221/369,0.5989159891598916,불일치 (배터리/전력망/에너지 하드웨어 주력)
Journal of Micro-Nanopatterning Materials and Metrology-JM3,J MICRO-NANOPATTERN,SPIE-SOC PHOTO-OPTICAL INSTRUMENTATION ENGINEERS,1932-5150,2708-8340,"ENGINEERING, ELECTRICAL & ELECTRONIC",2.3,221/369,0.5989159891598916,가능 (자율주행 비전/멀티센서 융합 관점 포함 필수)
IETE TECHNICAL REVIEW,IETE TECH REV,TAYLOR & FRANCIS LTD,0256-4602,0974-5971,"ENGINEERING, ELECTRICAL & ELECTRONIC",2.3,221/369,0.5989159891598916,가능 (서베이/매거진 형식으로 작성)
SIAM JOURNAL ON MATHEMATICAL ANALYSIS,SIAM J MATH ANAL,SIAM PUBLICATIONS,0036-1410,1095-7154,"MATHEMATICS, APPLIED",2.2,61/345,0.17681159420289855,가능 (알고리즘의 수학적 모델링 및 증명 과정 강조)
IMA JOURNAL OF APPLIED MATHEMATICS,IMA J APPL MATH,OXFORD UNIV PRESS,0272-4960,1464-3634,"MATHEMATICS, APPLIED",2.2,61/345,0.17681159420289855,가능 (알고리즘의 수학적 모델링 및 증명 과정 강조)
SIAM JOURNAL ON APPLIED DYNAMICAL SYSTEMS,SIAM J APPL DYN SYST,SIAM PUBLICATIONS,1536-0040,,"MATHEMATICS, APPLIED",2.2,61/345,0.17681159420289855,가능 (세부 논문 방향에 따라 융합 포장 필요)
Stochastics and Partial Differential Equations-Analysis and Computations,STOCH PARTIAL DIFFER,SPRINGER,2194-0401,2194-041X,"MATHEMATICS, APPLIED",2.2,61/345,0.17681159420289855,가능 (세부 논문 방향에 따라 융합 포장 필요)
ENVIRONMENTAL AND ECOLOGICAL STATISTICS,ENVIRON ECOL STAT,SPRINGER,1352-8505,1573-3009,"MATHEMATICS, INTERDISCIPLINARY APPLICATIONS",2.2,46/137,0.3357664233576642,가능 (세부 논문 방향에 따라 융합 포장 필요)
SIAM-ASA Journal on Uncertainty Quantification,SIAM-ASA J UNCERTAIN,SIAM PUBLICATIONS,2166-2525,2166-2525,"MATHEMATICS, INTERDISCIPLINARY APPLICATIONS",2.2,46/137,0.3357664233576642,가능 (세부 논문 방향에 따라 융합 포장 필요)
Journal of Causal Inference,J CAUSAL INFERENCE,DE GRUYTER POLAND SP Z O O,2193-3677,2193-3685,"MATHEMATICS, INTERDISCIPLINARY APPLICATIONS",2.2,46/137,0.3357664233576642,가능 (세부 논문 방향에 따라 융합 포장 필요)
MULTISCALE MODELING & SIMULATION,MULTISCALE MODEL SIM,SIAM PUBLICATIONS,1540-3459,1540-3467,"MATHEMATICS, INTERDISCIPLINARY APPLICATIONS",2.2,46/137,0.3357664233576642,가능 (세부 논문 방향에 따라 융합 포장 필요)
TRANSPORTATION RESEARCH RECORD,TRANSPORT RES REC,SAGE PUBLICATIONS INC,0361-1981,2169-4052,TRANSPORTATION SCIENCE & TECHNOLOGY,2.2,49/80,0.6125,가능 (미시적 통신보다 거시적 교통량 개선 및 물류 인프라 효과 강조)
JOURNAL OF ADVANCED TRANSPORTATION,J ADV TRANSPORT,WILEY,0197-6729,2042-3195,TRANSPORTATION SCIENCE & TECHNOLOGY,2.2,49/80,0.6125,가능 (미시적 통신보다 거시적 교통량 개선 및 물류 인프라 효과 강조)
NETWORKS & SPATIAL ECONOMICS,NETW SPAT ECON,SPRINGER,1566-113X,1572-9427,TRANSPORTATION SCIENCE & TECHNOLOGY,2.2,49/80,0.6125,적합
JOURNAL OF ELECTRONIC PACKAGING,J ELECTRON PACKAGING,ASME,1043-7398,1528-9044,"ENGINEERING, ELECTRICAL & ELECTRONIC",2.2,229/369,0.6205962059620597,가능 (세부 논문 방향에 따라 융합 포장 필요)
EURASIP Journal on Advances in Signal Processing,EURASIP J ADV SIG PR,SPRINGER,1687-6180,1687-6180,"ENGINEERING, ELECTRICAL & ELECTRONIC",2.2,229/369,0.6205962059620597,가능 (세부 논문 방향에 따라 융합 포장 필요)
SOLDERING & SURFACE MOUNT TECHNOLOGY,SOLDER SURF MT TECH,EMERALD GROUP PUBLISHING LTD,0954-0911,1758-6836,"ENGINEERING, ELECTRICAL & ELECTRONIC",2.2,229/369,0.6205962059620597,가능 (세부 논문 방향에 따라 융합 포장 필요)
MICROELECTRONICS JOURNAL,MICROELECTRON J,ELSEVIER SCI LTD,0959-8324,1879-2391,"ENGINEERING, ELECTRICAL & ELECTRONIC",2.2,229/369,0.6205962059620597,가능 (세부 논문 방향에 따라 융합 포장 필요)
IEEE SPECTRUM,IEEE SPECTRUM,IEEE,0018-9235,1939-9340,"ENGINEERING, ELECTRICAL & ELECTRONIC",2.2,229/369,0.6205962059620597,가능 (세부 논문 방향에 따라 융합 포장 필요)
APPLIED COMPUTATIONAL ELECTROMAGNETICS SOCIETY JOURNAL,APPL COMPUT ELECTROM,RIVER PUBLISHERS,1054-4887,1943-5711,"ENGINEERING, ELECTRICAL & ELECTRONIC",2.2,229/369,0.6205962059620597,가능 (세부 논문 방향에 따라 융합 포장 필요)
IT Professional,IT PROF,IEEE COMPUTER SOC,1520-9202,1941-045X,"COMPUTER SCIENCE, INFORMATION SYSTEMS",2.2,167/266,0.6278195488721805,가능 (세부 논문 방향에 따라 융합 포장 필요)
JOURNAL OF ORGANIZATIONAL COMPUTING AND ELECTRONIC COMMERCE,J ORG COMP ELECT COM,TAYLOR & FRANCIS INC,1091-9392,1532-7744,"COMPUTER SCIENCE, INFORMATION SYSTEMS",2.2,167/266,0.6278195488721805,가능 (통신 시스템/알고리즘 기여도 어필)
INFOR,INFOR,TAYLOR & FRANCIS INC,0315-5986,1916-0615,"COMPUTER SCIENCE, INFORMATION SYSTEMS",2.2,167/266,0.6278195488721805,가능 (세부 논문 방향에 따라 융합 포장 필요)
Annals of Telecommunications,ANN TELECOMMUN,SPRINGER INT PUBL AG,0003-4347,1958-9395,TELECOMMUNICATIONS,2.2,88/127,0.6929133858267716,적합
TELECOMMUNICATION SYSTEMS,TELECOMMUN SYST,SPRINGER,1018-4864,1572-9451,TELECOMMUNICATIONS,2.2,88/127,0.6929133858267716,적합
CALCULUS OF VARIATIONS AND PARTIAL DIFFERENTIAL EQUATIONS,CALC VAR PARTIAL DIF,SPRINGER HEIDELBERG,0944-2669,1432-0835,"MATHEMATICS, APPLIED",2.1,65/345,0.18840579710144928,가능 (세부 논문 방향에 따라 융합 포장 필요)
NUMERISCHE MATHEMATIK,NUMER MATH,SPRINGER HEIDELBERG,0029-599X,0945-3245,"MATHEMATICS, APPLIED",2.1,65/345,0.18840579710144928,가능 (알고리즘의 수학적 모델링 및 증명 과정 강조)
INVERSE PROBLEMS,INVERSE PROBL,IOP Publishing Ltd,0266-5611,1361-6420,"MATHEMATICS, APPLIED",2.1,65/345,0.18840579710144928,가능 (세부 논문 방향에 따라 융합 포장 필요)
MATHEMATICAL PROGRAMMING,MATH PROGRAM,SPRINGER HEIDELBERG,0025-5610,1436-4646,"MATHEMATICS, APPLIED",2.1,65/345,0.18840579710144928,가능 (알고리즘의 수학적 모델링 및 증명 과정 강조)
JOURNAL OF CRYPTOLOGY,J CRYPTOL,SPRINGER,0933-2790,1432-1378,"MATHEMATICS, APPLIED",2.1,65/345,0.18840579710144928,가능 (세부 논문 방향에 따라 융합 포장 필요)
OPTIMAL CONTROL APPLICATIONS & METHODS,OPTIM CONTR APPL MET,WILEY,0143-2087,1099-1514,"MATHEMATICS, APPLIED",2.1,65/345,0.18840579710144928,가능 (알고리즘의 수학적 모델링 및 증명 과정 강조)
ENGINEERING COMPUTATIONS,ENG COMPUTATION,EMERALD GROUP PUBLISHING LTD,0264-4401,1758-7077,"MATHEMATICS, INTERDISCIPLINARY APPLICATIONS",2.1,51/137,0.3722627737226277,가능 (세부 논문 방향에 따라 융합 포장 필요)
MATCH-COMMUNICATIONS IN MATHEMATICAL AND IN COMPUTER CHEMISTRY,MATCH-COMMUN MATH CO,"UNIV KRAGUJEVAC, FAC SCIENCE",0340-6253,,"MATHEMATICS, INTERDISCIPLINARY APPLICATIONS",2.1,51/137,0.3722627737226277,불일치 (의료/생명과학 주력)
International Journal for Numerical Methods in Biomedical Engineering,INT J NUMER METH BIO,WILEY,2040-7939,2040-7947,"MATHEMATICS, INTERDISCIPLINARY APPLICATIONS",2.1,51/137,0.3722627737226277,불일치 (의료/생명과학 주력)
Computational Economics,COMPUT ECON,SPRINGER,0927-7099,1572-9974,"MATHEMATICS, INTERDISCIPLINARY APPLICATIONS",2.1,51/137,0.3722627737226277,가능 (세부 논문 방향에 따라 융합 포장 필요)
INTERNATIONAL JOURNAL FOR NUMERICAL METHODS IN FLUIDS,INT J NUMER METH FL,WILEY,0271-2091,1097-0363,"MATHEMATICS, INTERDISCIPLINARY APPLICATIONS",2.1,51/137,0.3722627737226277,가능 (세부 논문 방향에 따라 융합 포장 필요)
SIGNAL PROCESSING-IMAGE COMMUNICATION,SIGNAL PROCESS-IMAGE,ELSEVIER,0923-5965,1879-2677,"ENGINEERING, ELECTRICAL & ELECTRONIC",2.1,235/369,0.6368563685636857,가능 (자율주행 비전/멀티센서 융합 관점 포함 필수)
IET Electrical Systems in Transportation,IET ELECTR SYST TRAN,WILEY,2042-9738,2042-9746,"ENGINEERING, ELECTRICAL & ELECTRONIC",2.1,235/369,0.6368563685636857,가능 (미시적 통신보다 거시적 교통량 개선 및 물류 인프라 효과 강조)
SEMICONDUCTOR SCIENCE AND TECHNOLOGY,SEMICOND SCI TECH,IOP Publishing Ltd,0268-1242,1361-6641,"ENGINEERING, ELECTRICAL & ELECTRONIC",2.1,235/369,0.6368563685636857,가능 (세부 논문 방향에 따라 융합 포장 필요)
Turkish Journal of Electrical Engineering and Computer Sciences,TURK J ELECTR ENG CO,Tubitak Scientific & Technological Research Council Turkey,1300-0632,1303-6203,"ENGINEERING, ELECTRICAL & ELECTRONIC",2.1,235/369,0.6368563685636857,가능 (통신 시스템/알고리즘 기여도 어필)
INTERNATIONAL JOURNAL OF AUTOMOTIVE TECHNOLOGY,INT J AUTO TECH-KOR,KOREAN SOC AUTOMOTIVE ENGINEERS-KSAE,1229-9138,1976-3832,TRANSPORTATION SCIENCE & TECHNOLOGY,2.1,52/80,0.65,가능 (세부 논문 방향에 따라 융합 포장 필요)
International Journal of Engine Research,INT J ENGINE RES,SAGE PUBLICATIONS LTD,1468-0874,2041-3149,TRANSPORTATION SCIENCE & TECHNOLOGY,2.1,52/80,0.65,가능 (세부 논문 방향에 따라 융합 포장 필요)
TRANSPORTATION PLANNING AND TECHNOLOGY,TRANSPORT PLAN TECHN,TAYLOR & FRANCIS LTD,0308-1060,1029-0354,TRANSPORTATION SCIENCE & TECHNOLOGY,2.1,52/80,0.65,가능 (미시적 통신보다 거시적 교통량 개선 및 물류 인프라 효과 강조)
NEURAL COMPUTATION,NEURAL COMPUT,MIT PRESS,0899-7667,1530-888X,"COMPUTER SCIENCE, ARTIFICIAL INTELLIGENCE",2.1,144/210,0.6857142857142857,가능 (세부 논문 방향에 따라 융합 포장 필요)
JOURNAL OF HEURISTICS,J HEURISTICS,SPRINGER,1381-1231,1572-9397,"COMPUTER SCIENCE, ARTIFICIAL INTELLIGENCE",2.1,144/210,0.6857142857142857,가능 (세부 논문 방향에 따라 융합 포장 필요)
JOURNAL OF EXPERIMENTAL & THEORETICAL ARTIFICIAL INTELLIGENCE,J EXP THEOR ARTIF IN,TAYLOR & FRANCIS LTD,0952-813X,1362-3079,"COMPUTER SCIENCE, ARTIFICIAL INTELLIGENCE",2.1,144/210,0.6857142857142857,가능 (기존 통신 응용을 넘어선 AI 알고리즘 자체의 독창성 입증 필수)
Mathematical Sciences,MATH SCI,OICC Press,2008-1359,2251-7456,"MATHEMATICS, APPLIED",2,71/345,0.20579710144927535,가능 (알고리즘의 수학적 모델링 및 증명 과정 강조)
Analysis & PDE,ANAL PDE,MATHEMATICAL SCIENCE PUBL,2157-5045,1948-206X,"MATHEMATICS, APPLIED",2,71/345,0.20579710144927535,가능 (세부 논문 방향에 따라 융합 포장 필요)
Journal of Function Spaces,J FUNCT SPACE,WILEY,2314-8896,2314-8888,"MATHEMATICS, APPLIED",2,71/345,0.20579710144927535,가능 (세부 논문 방향에 따라 융합 포장 필요)
SIAM JOURNAL ON APPLIED MATHEMATICS,SIAM J APPL MATH,SIAM PUBLICATIONS,0036-1399,1095-712X,"MATHEMATICS, APPLIED",2,71/345,0.20579710144927535,가능 (알고리즘의 수학적 모델링 및 증명 과정 강조)
ACM TRANSACTIONS ON MATHEMATICAL SOFTWARE,ACM T MATH SOFTWARE,ASSOC COMPUTING MACHINERY,0098-3500,1557-7295,"MATHEMATICS, APPLIED",2,71/345,0.20579710144927535,가능 (알고리즘의 수학적 모델링 및 증명 과정 강조)
MATHEMATICS OF COMPUTATION,MATH COMPUT,AMER MATHEMATICAL SOC,0025-5718,1088-6842,"MATHEMATICS, APPLIED",2,71/345,0.20579710144927535,가능 (알고리즘의 수학적 모델링 및 증명 과정 강조)
MATHEMATICAL METHODS IN THE APPLIED SCIENCES,MATH METHOD APPL SCI,WILEY,0170-4214,1099-1476,"MATHEMATICS, APPLIED",2,71/345,0.20579710144927535,가능 (알고리즘의 수학적 모델링 및 증명 과정 강조)
ESAIM-Mathematical Modelling and Numerical Analysis,ESAIM-MATH MODEL NUM,EDP SCIENCES S A,2822-7840,2804-7214,"MATHEMATICS, APPLIED",2,71/345,0.20579710144927535,가능 (알고리즘의 수학적 모델링 및 증명 과정 강조)
APPLIED MATHEMATICS AND OPTIMIZATION,APPL MATH OPT,SPRINGER,0095-4616,1432-0606,"MATHEMATICS, APPLIED",2,71/345,0.20579710144927535,가능 (알고리즘의 수학적 모델링 및 증명 과정 강조)
JOURNAL OF NONLINEAR MATHEMATICAL PHYSICS,J NONLINEAR MATH PHY,SPRINGERNATURE,1402-9251,1776-0852,"MATHEMATICS, APPLIED",2,71/345,0.20579710144927535,가능 (알고리즘의 수학적 모델링 및 증명 과정 강조)
SIAM Journal on Financial Mathematics,SIAM J FINANC MATH,SIAM PUBLICATIONS,1945-497X,1945-497X,"MATHEMATICS, INTERDISCIPLINARY APPLICATIONS",2,56/137,0.40875912408759124,가능 (알고리즘의 수학적 모델링 및 증명 과정 강조)
JOURNAL OF CHEMOMETRICS,J CHEMOMETR,WILEY,0886-9383,1099-128X,"MATHEMATICS, INTERDISCIPLINARY APPLICATIONS",2,56/137,0.40875912408759124,가능 (세부 논문 방향에 따라 융합 포장 필요)
JOURNAL OF ENGINEERING MATHEMATICS,J ENG MATH,SPRINGER,0022-0833,1573-2703,"MATHEMATICS, INTERDISCIPLINARY APPLICATIONS",2,56/137,0.40875912408759124,가능 (알고리즘의 수학적 모델링 및 증명 과정 강조)
INTERNATIONAL JOURNAL OF NUMERICAL MODELLING-ELECTRONIC NETWORKS DEVICES AND FIELDS,INT J NUMER MODEL EL,WILEY,0894-3370,1099-1204,"MATHEMATICS, INTERDISCIPLINARY APPLICATIONS",2,56/137,0.40875912408759124,불일치 (반도체/전자 소자 하드웨어 주력)
NATURAL RESOURCE MODELING,NAT RESOUR MODEL,WILEY,0890-8575,1939-7445,"MATHEMATICS, INTERDISCIPLINARY APPLICATIONS",2,56/137,0.40875912408759124,가능 (세부 논문 방향에 따라 융합 포장 필요)
JOURNAL OF MATHEMATICAL CHEMISTRY,J MATH CHEM,SPRINGER,0259-9791,1572-8897,"MATHEMATICS, INTERDISCIPLINARY APPLICATIONS",2,56/137,0.40875912408759124,불일치 (의료/생명과학 주력)
International Journal of Distributed Sensor Networks,INT J DISTRIB SENS N,WILEY,1550-1329,1550-1477,"COMPUTER SCIENCE, INFORMATION SYSTEMS",2,174/266,0.6541353383458647,적합
IET Information Security,IET INFORM SECUR,WILEY,1751-8709,1751-8717,"COMPUTER SCIENCE, INFORMATION SYSTEMS",2,174/266,0.6541353383458647,가능 (통신 시스템/알고리즘 기여도 어필)
MULTIDIMENSIONAL SYSTEMS AND SIGNAL PROCESSING,MULTIDIM SYST SIGN P,SPRINGER,0923-6082,1573-0824,"ENGINEERING, ELECTRICAL & ELECTRONIC",2,243/369,0.6585365853658537,가능 (세부 논문 방향에 따라 융합 포장 필요)
IEEE Design & Test,IEEE DES TEST,IEEE,2168-2356,2168-2364,"ENGINEERING, ELECTRICAL & ELECTRONIC",2,243/369,0.6585365853658537,가능 (세부 논문 방향에 따라 융합 포장 필요)
MACHINE VISION AND APPLICATIONS,MACH VISION APPL,SPRINGER,0932-8092,1432-1769,"ENGINEERING, ELECTRICAL & ELECTRONIC",2,243/369,0.6585365853658537,가능 (자율주행 비전/멀티센서 융합 관점 포함 필수)
IET Control Theory and Applications,IET CONTROL THEORY A,WILEY,1751-8644,1751-8652,"ENGINEERING, ELECTRICAL & ELECTRONIC",2,243/369,0.6585365853658537,가능 (알고리즘의 수학적 모델링 및 증명 과정 강조)
Journal of the Society for Information Display,J SOC INF DISPLAY,WILEY,1071-0922,1938-3657,"ENGINEERING, ELECTRICAL & ELECTRONIC",2,243/369,0.6585365853658537,가능 (통신 시스템/알고리즘 기여도 어필)
ETRI JOURNAL,ETRI J,WILEY,1225-6463,2233-7326,"ENGINEERING, ELECTRICAL & ELECTRONIC",2,243/369,0.6585365853658537,가능 (세부 논문 방향에 따라 융합 포장 필요)
IET Science Measurement & Technology,IET SCI MEAS TECHNOL,WILEY,1751-8822,1751-8830,"ENGINEERING, ELECTRICAL & ELECTRONIC",2,243/369,0.6585365853658537,가능 (세부 논문 방향에 따라 융합 포장 필요)
Journal of Electrical Engineering & Technology,J ELECTR ENG TECHNOL,SPRINGER SINGAPORE PTE LTD,1975-0102,2093-7423,"ENGINEERING, ELECTRICAL & ELECTRONIC",2,243/369,0.6585365853658537,가능 (세부 논문 방향에 따라 융합 포장 필요)
IEEE ELECTRICAL INSULATION MAGAZINE,IEEE ELECTR INSUL M,IEEE,0883-7554,1558-4402,"ENGINEERING, ELECTRICAL & ELECTRONIC",2,243/369,0.6585365853658537,가능 (서베이/매거진 형식으로 작성)
PROCEEDINGS OF THE INSTITUTION OF CIVIL ENGINEERS-TRANSPORT,P I CIVIL ENG-TRANSP,EMERALD GROUP PUBLISHING LTD,0965-092X,1751-7710,TRANSPORTATION SCIENCE & TECHNOLOGY,2,56/80,0.7,불일치 (토목/건축 구조물 주력)
International Journal of Bio-Inspired Computation,INT J BIO-INSPIR COM,INDERSCIENCE ENTERPRISES LTD,1758-0366,1758-0374,"COMPUTER SCIENCE, ARTIFICIAL INTELLIGENCE",2,148/210,0.7047619047619048,불일치 (의료/생명과학 주력)
JOURNAL OF INEQUALITIES AND APPLICATIONS,J INEQUAL APPL,SPRINGER,1029-242X,1029-242X,"MATHEMATICS, APPLIED",1.9,82/345,0.23768115942028986,가능 (세부 논문 방향에 따라 융합 포장 필요)
Communications in Analysis and Mechanics,COMMUN ANAL MECH,AMER INST MATHEMATICAL SCIENCES-AIMS,,2836-3310,"MATHEMATICS, APPLIED",1.9,82/345,0.23768115942028986,불일치 (전산 역학/음향 물리 주력)
ZEITSCHRIFT FUR ANGEWANDTE MATHEMATIK UND PHYSIK,Z ANGEW MATH PHYS,SPRINGER INT PUBL AG,0044-2275,1420-9039,"MATHEMATICS, APPLIED",1.9,82/345,0.23768115942028986,가능 (알고리즘의 수학적 모델링 및 증명 과정 강조)
INTERNATIONAL JOURNAL OF COMPUTER MATHEMATICS,INT J COMPUT MATH,TAYLOR & FRANCIS LTD,0020-7160,1029-0265,"MATHEMATICS, APPLIED",1.9,82/345,0.23768115942028986,가능 (알고리즘의 수학적 모델링 및 증명 과정 강조)
JOURNAL OF OPTIMIZATION THEORY AND APPLICATIONS,J OPTIMIZ THEORY APP,SPRINGER/PLENUM PUBLISHERS,0022-3239,1573-2878,"MATHEMATICS, APPLIED",1.9,82/345,0.23768115942028986,가능 (세부 논문 방향에 따라 융합 포장 필요)
Journal of Systems Science & Complexity,J SYST SCI COMPLEX,SPRINGER HEIDELBERG,1009-6124,1559-7067,"MATHEMATICS, INTERDISCIPLINARY APPLICATIONS",1.9,64/137,0.46715328467153283,가능 (세부 논문 방향에 따라 융합 포장 필요)
BRITISH JOURNAL OF MATHEMATICAL & STATISTICAL PSYCHOLOGY,BRIT J MATH STAT PSY,WILEY,0007-1102,2044-8317,"MATHEMATICS, INTERDISCIPLINARY APPLICATIONS",1.9,64/137,0.46715328467153283,가능 (알고리즘의 수학적 모델링 및 증명 과정 강조)
Extremes,EXTREMES,SPRINGER,1386-1999,1572-915X,"MATHEMATICS, INTERDISCIPLINARY APPLICATIONS",1.9,64/137,0.46715328467153283,가능 (세부 논문 방향에 따라 융합 포장 필요)
QUANTITATIVE FINANCE,QUANT FINANC,"ROUTLEDGE JOURNALS, TAYLOR & FRANCIS LTD",1469-7688,1469-7696,"MATHEMATICS, INTERDISCIPLINARY APPLICATIONS",1.9,64/137,0.46715328467153283,가능 (세부 논문 방향에 따라 융합 포장 필요)
Journal of Complex Networks,J COMPLEX NETW,OXFORD UNIV PRESS,2051-1310,2051-1329,"MATHEMATICS, INTERDISCIPLINARY APPLICATIONS",1.9,64/137,0.46715328467153283,적합
IEEE PERVASIVE COMPUTING,IEEE PERVAS COMPUT,IEEE COMPUTER SOC,1536-1268,1558-2590,"COMPUTER SCIENCE, INFORMATION SYSTEMS",1.9,178/266,0.6691729323308271,가능 (통신 시스템/알고리즘 기여도 어필)
INTERNATIONAL JOURNAL OF INFORMATION TECHNOLOGY & DECISION MAKING,INT J INF TECH DECIS,WORLD SCIENTIFIC PUBL CO PTE LTD,0219-6220,1793-6845,"COMPUTER SCIENCE, INFORMATION SYSTEMS",1.9,178/266,0.6691729323308271,가능 (통신 시스템/알고리즘 기여도 어필)
Information Technology and Control,INF TECHNOL CONTROL,KAUNAS UNIV TECHNOLOGY,1392-124X,1392-124X,"COMPUTER SCIENCE, INFORMATION SYSTEMS",1.9,178/266,0.6691729323308271,가능 (알고리즘의 수학적 모델링 및 증명 과정 강조)
Discover Computing,DISCOV COMPUT,SPRINGER,2948-2984,2948-2992,"COMPUTER SCIENCE, INFORMATION SYSTEMS",1.9,178/266,0.6691729323308271,가능 (통신 시스템/알고리즘 기여도 어필)
Journal of Ambient Intelligence and Smart Environments,J AMB INTEL SMART EN,SAGE PUBLICATIONS INC,1876-1364,1876-1372,"COMPUTER SCIENCE, INFORMATION SYSTEMS",1.9,178/266,0.6691729323308271,가능 (기존 통신 응용을 넘어선 AI 알고리즘 자체의 독창성 입증 필수)
IEEE JOURNAL OF QUANTUM ELECTRONICS,IEEE J QUANTUM ELECT,IEEE,0018-9197,1558-1713,"ENGINEERING, ELECTRICAL & ELECTRONIC",1.9,255/369,0.6910569105691057,불일치 (양자/광학 물리 주력)
Physical Communication,PHYS COMMUN-AMST,ELSEVIER,1874-4907,1874-4907,"ENGINEERING, ELECTRICAL & ELECTRONIC",1.9,255/369,0.6910569105691057,가능 (통신 시스템/알고리즘 기여도 어필)
IEEE TRANSACTIONS ON MAGNETICS,IEEE T MAGN,IEEE,0018-9464,1941-0069,"ENGINEERING, ELECTRICAL & ELECTRONIC",1.9,255/369,0.6910569105691057,가능 (세부 논문 방향에 따라 융합 포장 필요)
ELECTRIC POWER COMPONENTS AND SYSTEMS,ELECTR POW COMPO SYS,TAYLOR & FRANCIS INC,1532-5008,1532-5016,"ENGINEERING, ELECTRICAL & ELECTRONIC",1.9,255/369,0.6910569105691057,불일치 (배터리/전력망/에너지 하드웨어 주력)
Journal of Sensors,J SENSORS,WILEY,1687-725X,1687-7268,"ENGINEERING, ELECTRICAL & ELECTRONIC",1.9,255/369,0.6910569105691057,가능 (세부 논문 방향에 따라 융합 포장 필요)
MICROSYSTEM TECHNOLOGIES-MICRO-AND NANOSYSTEMS-INFORMATION STORAGE AND PROCESSING SYSTEMS,MICROSYST TECHNOL,SPRINGER HEIDELBERG,0946-7076,1432-1858,"ENGINEERING, ELECTRICAL & ELECTRONIC",1.9,255/369,0.6910569105691057,가능 (통신 시스템/알고리즘 기여도 어필)
Revue Roumaine des Sciences Techniques-Serie Electrotechnique et Energetique,REV ROUM SCI TECH-EL,EDITURA ACAD ROMANE,0035-4066,,"ENGINEERING, ELECTRICAL & ELECTRONIC",1.9,255/369,0.6910569105691057,가능 (세부 논문 방향에 따라 융합 포장 필요)
PROCEEDINGS OF THE INSTITUTION OF MECHANICAL ENGINEERS PART F-JOURNAL OF RAIL AND RAPID TRANSIT,P I MECH ENG F-J RAI,SAGE PUBLICATIONS LTD,0954-4097,2041-3017,TRANSPORTATION SCIENCE & TECHNOLOGY,1.9,57/80,0.7125,불일치 (전산 역학/음향 물리 주력)
Genetic Programming and Evolvable Machines,GENET PROGRAM EVOL M,SPRINGER,1389-2576,1573-7632,"COMPUTER SCIENCE, ARTIFICIAL INTELLIGENCE",1.9,152/210,0.7238095238095238,가능 (세부 논문 방향에 따라 융합 포장 필요)
Natural Computing,NAT COMPUT,SPRINGER,1567-7818,1572-9796,"COMPUTER SCIENCE, ARTIFICIAL INTELLIGENCE",1.9,152/210,0.7238095238095238,가능 (통신 시스템/알고리즘 기여도 어필)
COMPUTATIONAL INTELLIGENCE,COMPUT INTELL-US,WILEY,0824-7935,1467-8640,"COMPUTER SCIENCE, ARTIFICIAL INTELLIGENCE",1.9,152/210,0.7238095238095238,가능 (기존 통신 응용을 넘어선 AI 알고리즘 자체의 독창성 입증 필수)
WIRELESS PERSONAL COMMUNICATIONS,WIRELESS PERS COMMUN,SPRINGER,0929-6212,1572-834X,TELECOMMUNICATIONS,1.9,96/127,0.7559055118110236,적합
AIMS Mathematics,AIMS MATH,AMER INST MATHEMATICAL SCIENCES-AIMS,,2473-6988,"MATHEMATICS, APPLIED",1.8,89/345,0.2579710144927536,가능 (알고리즘의 수학적 모델링 및 증명 과정 강조)
COMMUNICATIONS IN PARTIAL DIFFERENTIAL EQUATIONS,COMMUN PART DIFF EQ,TAYLOR & FRANCIS INC,0360-5302,1532-4133,"MATHEMATICS, APPLIED",1.8,89/345,0.2579710144927536,가능 (통신 시스템/알고리즘 기여도 어필)
NONLINEAR ANALYSIS-REAL WORLD APPLICATIONS,NONLINEAR ANAL-REAL,PERGAMON-ELSEVIER SCIENCE LTD,1468-1218,1878-5719,"MATHEMATICS, APPLIED",1.8,89/345,0.2579710144927536,가능 (세부 논문 방향에 따라 융합 포장 필요)
SIAM Journal on Applied Algebra and Geometry,SIAM J APPL ALGEBR G,SIAM PUBLICATIONS,2470-6566,2470-6566,"MATHEMATICS, APPLIED",1.8,89/345,0.2579710144927536,가능 (세부 논문 방향에 따라 융합 포장 필요)
NONLINEARITY,NONLINEARITY,IOP Publishing Ltd,0951-7715,1361-6544,"MATHEMATICS, APPLIED",1.8,89/345,0.2579710144927536,가능 (세부 논문 방향에 따라 융합 포장 필요)
SIAM JOURNAL ON COMPUTING,SIAM J COMPUT,SIAM PUBLICATIONS,0097-5397,1095-7111,"MATHEMATICS, APPLIED",1.8,89/345,0.2579710144927536,가능 (통신 시스템/알고리즘 기여도 어필)
JOURNAL OF GLOBAL OPTIMIZATION,J GLOBAL OPTIM,SPRINGER,0925-5001,1573-2916,"MATHEMATICS, APPLIED",1.8,89/345,0.2579710144927536,가능 (세부 논문 방향에 따라 융합 포장 필요)
OPTIMIZATION,OPTIMIZATION,TAYLOR & FRANCIS LTD,0233-1934,1029-4945,"MATHEMATICS, APPLIED",1.8,89/345,0.2579710144927536,가능 (세부 논문 방향에 따라 융합 포장 필요)
JOURNAL OF MATHEMATICAL IMAGING AND VISION,J MATH IMAGING VIS,SPRINGER,0924-9907,1573-7683,"MATHEMATICS, APPLIED",1.8,89/345,0.2579710144927536,가능 (알고리즘의 수학적 모델링 및 증명 과정 강조)
INSURANCE MATHEMATICS & ECONOMICS,INSUR MATH ECON,ELSEVIER,0167-6687,1873-5959,"MATHEMATICS, INTERDISCIPLINARY APPLICATIONS",1.8,69/137,0.5036496350364964,가능 (알고리즘의 수학적 모델링 및 증명 과정 강조)
JOURNAL OF CLASSIFICATION,J CLASSIF,SPRINGER,0176-4268,1432-1343,"MATHEMATICS, INTERDISCIPLINARY APPLICATIONS",1.8,69/137,0.5036496350364964,가능 (세부 논문 방향에 따라 융합 포장 필요)
Scandinavian Actuarial Journal,SCAND ACTUAR J,TAYLOR & FRANCIS LTD,0346-1238,1651-2030,"MATHEMATICS, INTERDISCIPLINARY APPLICATIONS",1.8,69/137,0.5036496350364964,가능 (세부 논문 방향에 따라 융합 포장 필요)
International Journal of Computational Methods,INT J COMP METH-SING,WORLD SCIENTIFIC PUBL CO PTE LTD,0219-8762,1793-6969,"MATHEMATICS, INTERDISCIPLINARY APPLICATIONS",1.8,69/137,0.5036496350364964,가능 (세부 논문 방향에 따라 융합 포장 필요)
MATHEMATICS AND MECHANICS OF SOLIDS,MATH MECH SOLIDS,SAGE PUBLICATIONS LTD,1081-2865,1741-3028,"MATHEMATICS, INTERDISCIPLINARY APPLICATIONS",1.8,69/137,0.5036496350364964,불일치 (전산 역학/음향 물리 주력)
International Journal of Computers Communications & Control,INT J COMPUT COMMUN,CCC PUBL-AGORA UNIV,1841-9836,1841-9844,"COMPUTER SCIENCE, INFORMATION SYSTEMS",1.8,186/266,0.6992481203007519,가능 (알고리즘의 수학적 모델링 및 증명 과정 강조)
SIGMOD RECORD,SIGMOD REC,ASSOC COMPUTING MACHINERY,0163-5808,1943-5835,"COMPUTER SCIENCE, INFORMATION SYSTEMS",1.8,186/266,0.6992481203007519,가능 (세부 논문 방향에 따라 융합 포장 필요)
IEEE TRANSACTIONS ON APPLIED SUPERCONDUCTIVITY,IEEE T APPL SUPERCON,IEEE,1051-8223,1558-2515,"ENGINEERING, ELECTRICAL & ELECTRONIC",1.8,266/369,0.7208672086720868,가능 (세부 논문 방향에 따라 융합 포장 필요)
INTERNATIONAL JOURNAL OF COMMUNICATION SYSTEMS,INT J COMMUN SYST,WILEY,1074-5351,1099-1131,"ENGINEERING, ELECTRICAL & ELECTRONIC",1.8,266/369,0.7208672086720868,가능 (통신 시스템/알고리즘 기여도 어필)
ANALOG INTEGRATED CIRCUITS AND SIGNAL PROCESSING,ANALOG INTEGR CIRC S,SPRINGER,0925-1030,1573-1979,"ENGINEERING, ELECTRICAL & ELECTRONIC",1.8,266/369,0.7208672086720868,불일치 (반도체/전자 소자 하드웨어 주력)
IET Electric Power Applications,IET ELECTR POWER APP,WILEY,1751-8660,1751-8679,"ENGINEERING, ELECTRICAL & ELECTRONIC",1.8,266/369,0.7208672086720868,불일치 (배터리/전력망/에너지 하드웨어 주력)
IET Circuits Devices & Systems,IET CIRC DEVICE SYST,WILEY,1751-858X,1751-8598,"ENGINEERING, ELECTRICAL & ELECTRONIC",1.8,266/369,0.7208672086720868,불일치 (반도체/전자 소자 하드웨어 주력)
ARTIFICIAL LIFE,ARTIF LIFE,MIT PRESS,1064-5462,1530-9185,"COMPUTER SCIENCE, ARTIFICIAL INTELLIGENCE",1.8,159/210,0.7571428571428571,가능 (세부 논문 방향에 따라 융합 포장 필요)
INTERNATIONAL JOURNAL OF SATELLITE COMMUNICATIONS AND NETWORKING,INT J SATELL COMM N,WILEY,1542-0973,1542-0981,TELECOMMUNICATIONS,1.8,100/127,0.7874015748031497,적합
JOURNAL OF COMPLEXITY,J COMPLEXITY,ACADEMIC PRESS INC ELSEVIER SCIENCE,0885-064X,1090-2708,"MATHEMATICS, APPLIED",1.7,99/345,0.28695652173913044,가능 (세부 논문 방향에 따라 융합 포장 필요)
Information and Inference-A Journal of the IMA,INF INFERENCE,OXFORD UNIV PRESS,2049-8764,2049-8772,"MATHEMATICS, APPLIED",1.7,99/345,0.28695652173913044,가능 (통신 시스템/알고리즘 기여도 어필)
EUROPEAN JOURNAL OF APPLIED MATHEMATICS,EUR J APPL MATH,CAMBRIDGE UNIV PRESS,0956-7925,1469-4425,"MATHEMATICS, APPLIED",1.7,99/345,0.28695652173913044,가능 (알고리즘의 수학적 모델링 및 증명 과정 강조)
COMPUTER AIDED GEOMETRIC DESIGN,COMPUT AIDED GEOM D,ELSEVIER,0167-8396,1879-2332,"MATHEMATICS, APPLIED",1.7,99/345,0.28695652173913044,가능 (통신 시스템/알고리즘 기여도 어필)
Journal of Computational and Theoretical Transport,J COMPUT THEOR TRANS,TAYLOR & FRANCIS INC,2332-4309,2332-4325,"MATHEMATICS, APPLIED",1.7,99/345,0.28695652173913044,가능 (세부 논문 방향에 따라 융합 포장 필요)
Astin Bulletin-The Journal of the International Actuarial Association,ASTIN BULL,CAMBRIDGE UNIV PRESS,0515-0361,1783-1350,"MATHEMATICS, INTERDISCIPLINARY APPLICATIONS",1.7,74/137,0.5401459854014599,가능 (세부 논문 방향에 따라 융합 포장 필요)
ENVIRONMETRICS,ENVIRONMETRICS,WILEY,1180-4009,1099-095X,"MATHEMATICS, INTERDISCIPLINARY APPLICATIONS",1.7,74/137,0.5401459854014599,가능 (세부 논문 방향에 따라 융합 포장 필요)
Networks and Heterogeneous Media,NETW HETEROG MEDIA,AMER INST MATHEMATICAL SCIENCES-AIMS,1556-1801,1556-1801,"MATHEMATICS, INTERDISCIPLINARY APPLICATIONS",1.7,74/137,0.5401459854014599,적합
Journal of Grey System,J GREY SYST-UK,RESEARCH INFORMATION LTD,0957-3720,,"MATHEMATICS, INTERDISCIPLINARY APPLICATIONS",1.7,74/137,0.5401459854014599,가능 (세부 논문 방향에 따라 융합 포장 필요)
Journal of Signal Processing Systems for Signal Image and Video Technology,J SIGNAL PROCESS SYS,SPRINGER,1939-8018,1939-8115,"COMPUTER SCIENCE, INFORMATION SYSTEMS",1.7,189/266,0.7105263157894737,가능 (자율주행 비전/멀티센서 융합 관점 포함 필수)
MOBILE NETWORKS & APPLICATIONS,MOBILE NETW APPL,SPRINGER,1383-469X,1572-8153,"COMPUTER SCIENCE, INFORMATION SYSTEMS",1.7,189/266,0.7105263157894737,적합
IEEE INSTRUMENTATION & MEASUREMENT MAGAZINE,IEEE INSTRU MEAS MAG,IEEE,1094-6969,1941-0123,"ENGINEERING, ELECTRICAL & ELECTRONIC",1.7,275/369,0.7452574525745257,가능 (서베이/매거진 형식으로 작성)
Journal of Electrical Engineering-Elektrotechnicky Casopis,J ELECTR ENG-SLOVAK,SLOVAK UNIV TECHNOLOGY,1335-3632,1339-309X,"ENGINEERING, ELECTRICAL & ELECTRONIC",1.7,275/369,0.7452574525745257,가능 (세부 논문 방향에 따라 융합 포장 필요)
PROCEEDINGS OF THE INSTITUTION OF MECHANICAL ENGINEERS PART D-JOURNAL OF AUTOMOBILE ENGINEERING,P I MECH ENG D-J AUT,SAGE PUBLICATIONS LTD,0954-4070,2041-2991,TRANSPORTATION SCIENCE & TECHNOLOGY,1.7,61/80,0.7625,불일치 (전산 역학/음향 물리 주력)
International Journal on Document Analysis and Recognition,INT J DOC ANAL RECOG,SPRINGER HEIDELBERG,1433-2833,1433-2825,"COMPUTER SCIENCE, ARTIFICIAL INTELLIGENCE",1.7,161/210,0.7666666666666667,가능 (세부 논문 방향에 따라 융합 포장 필요)
Advances in Continuous and Discrete Models,ADV CONTIN DISCRET M,SPRINGER,,2731-4235,"MATHEMATICS, APPLIED",1.6,108/345,0.3130434782608696,가능 (세부 논문 방향에 따라 융합 포장 필요)
Iranian Journal of Fuzzy Systems,IRAN J FUZZY SYST,UNIV SISTAN & BALUCHESTAN,1735-0654,2676-4334,"MATHEMATICS, APPLIED",1.6,108/345,0.3130434782608696,가능 (알고리즘의 수학적 모델링 및 증명 과정 강조)
