density,seed,delta_requested,delta_actual,transmitted,err_m,r_err,feat0_next,next_obs_present
5.0,2001,0.139022780556674,0.20000000000000284,1,0.006375212297825783,4.1085706853893326e-08,2.3115438807508326e-07,1
5.0,2001,0.25843759174593817,0.29999999999999716,1,0.025837634285380773,5.025614049523071e-07,3.796791816057521e-06,1
5.0,2001,0.38369420780914304,0.3999999999999986,1,0.09415999398925123,7.408512578587474e-06,5.0422444473952055e-05,1
5.0,2001,0.37657499823848944,0.3999999999999986,1,4.346796345089388e-06,1.5553447595557178e-14,1.0746116588808766e-13,1
5.0,2001,0.43603780021224786,0.5,1,0.0,0.0,0.0,1
5.0,2001,0.47312197206734574,0.5,1,0.031214547599802245,1.4678320774218672e-06,5.541465725400485e-06,1
5.0,2001,0.14149304028994464,0.20000000000000284,1,0.009628409541164729,7.61094258243466e-08,5.272563612379599e-07,1
5.0,2001,0.785523915111347,0.7999999999999972,1,0.02433736332125136,1.5311539605698024e-06,3.3686706046864856e-06,1
5.0,2001,0.7024286929268958,0.7999999999999972,1,0.2164768778011421,6.247038696182423e-05,0.0002664527855813503,1
5.0,2001,0.19429599309631768,0.19999999999999574,1,0.022479392503100826,3.9969938514541857e-07,2.8739607387251453e-06,1
5.0,2001,0.45500962097266484,0.5,1,0.0,0.0,0.0,1
5.0,2001,1.167980767200442,1.2000000000000028,1,0.04368236411903581,3.615394282442857e-06,1.0852268133021425e-05,1
5.0,2001,0.20329855268219887,0.30000000000000426,1,0.006116039579296739,3.456217078610801e-08,2.1274209416333179e-07,1
5.0,2001,1.3307179701914333,1.3999999999999986,1,7.228466086101588,0.08357844602515901,0.22909113764762878,1
5.0,2001,0.17850541088885497,0.20000000000000284,1,0.008130371889137677,8.609183408492647e-08,3.7595305002469104e-07,1
5.0,2001,1.746845730691129,1.7999999999999972,1,0.042614013934439754,4.879266201445681e-06,1.0327931704523508e-05,1
5.0,2001,2.314007495832209,2.3999999999999986,1,0.03867738472183646,3.0912385250225493e-06,8.50792093842756e-06,1
5.0,2001,1.3635491868289369,1.4000000000000057,1,0.018631509866622764,8.171104876710464e-07,1.974277438421268e-06,1
5.0,2001,2.726536158126684,2.799999999999997,1,5.076337994128494,0.091697160692741,0.12782546877861023,1
5.0,2001,0.28827482013636024,0.30000000000000426,1,0.0004539118170328038,1.7234346043342176e-10,1.1718065406896017e-09,1
5.0,2001,3.367020309554858,3.3999999999999986,1,7.262099994869654,0.09100493769558188,0.2307349592447281,1
5.0,2001,2.407017225086987,2.5,1,0.02190359755195459,2.4948134893401404e-06,2.72861757366627e-06,1
5.0,2001,0.625329119777947,0.7000000000000028,1,0.15006115909068285,2.9156453855751575e-05,0.0001280542346648872,1
5.0,2001,0.4902521532560732,0.5,1,1.4600996728746312,0.007485775351958033,0.011979642324149609,1
5.0,2001,2.4823703102953782,2.5,1,1.2241320998645904,0.01937246530097739,0.008450529538094997,1
5.0,2001,35.70954438619681,4.5,0,0.0,0.00020354128643900132,nan,0
5.0,2001,0.6966971773061295,0.7000000000000028,1,0.09539468901618875,1.254789482529165e-05,5.175339902052656e-05,1
5.0,2001,5.367858393162208,5.400000000000006,1,0.00017695556192620643,2.972209284975998e-10,1.780907643578189e-10,1
5.0,2001,0.2892256281973772,0.29999999999999716,1,0.0,0.0,0.0,1
5.0,2001,3.1349948203776004,3.200000000000003,1,1.2558959732984931,0.029060037951401774,0.008890819735825062,1
5.0,2001,0.1149305749710127,0.5,1,3.386881069308981,0.008986120942214286,0.06124426797032356,1
5.0,2001,0.2927849544854878,0.29999999999999716,1,0.020704836949335004,4.3163321595473967e-07,2.4381224648095667e-06,1
5.0,2001,3.119961175460216,3.200000000000003,1,24.804017401215177,1.4203538864727623,0.777733564376831,1
5.0,2001,0.534749292633043,0.5999999999999943,1,0.05141675302911608,5.472476952758575e-06,1.5035425349196885e-05,1
5.0,2001,1.1789783745639626,1.1999999999999886,1,0.06298112904539721,8.934478064428721e-06,2.255921754112933e-05,1
5.0,2001,8.734070838118479,8.799999999999997,1,0.0,0.0,0.0,1
5.0,2001,5.603976797498814,5.700000000000003,1,0.0157522392626106,2.398987532306171e-06,1.4112272310740082e-06,1
5.0,2001,0.4648813416269097,0.5,1,0.045885280885840984,3.347060596781101e-06,1.1974421795457602e-05,1
5.0,2001,0.7277453504429846,0.7999999999999972,1,0.0,0.0,0.0,1
5.0,2001,8.985118211943787,9.000000000000007,1,3.837082794459047,0.3121574939900888,0.07726655900478363,1
5.0,2001,3.806690646557224,3.8999999999999915,1,0.0,0.0,0.0,1
5.0,2001,7.0495962102488665,7.099999999999994,1,0.16669723125551172,0.00038388895172560255,0.00015801601693965495,1
5.0,2001,4.321025964341481,4.400000000000006,1,0.17683386295567516,0.0002661190904417555,0.00017781426140572876,1
5.0,2001,11.516876365109898,11.599999999999994,1,0.24890193635661717,0.001482698533322252,0.00035222203587181866,1
5.0,2001,24.57300732156749,11.199999999999996,0,0.0,0.0009808020464535426,nan,0
5.0,2001,10.143967440448332,10.399999999999999,1,0.12183802414085676,0.00044605854603376436,8.44193491502665e-05,1
5.0,2001,1.3635289434659401,1.3999999999999915,1,0.0797818939327044,2.2013013288397063e-05,3.6199777241563424e-05,1
5.0,2001,0.2187761961030923,0.29999999999999716,1,0.014924194693776371,1.4412336134927339e-07,1.2667596820392646e-06,1
5.0,2001,2.562341676046039,2.5999999999999943,1,3.8846235738439736,0.13045431563241536,0.0790407806634903,1
5.0,2001,0.41629306445820685,0.5,1,0.024346139002204836,1.1025527412535142e-06,3.371100319782272e-06,1
5.0,2001,2.0337529308015405,0.29999999999999716,0,0.0,1.0886993963368999e-07,nan,0
5.0,2001,1.2027902068971683,1.2999999999999972,1,0.11156269753206516,3.348809354769053e-05,7.078157796058804e-05,1
5.0,2001,0.8987319488436278,1.0,1,1.2997335539214419,0.009147889013647902,0.009516317397356033,1
5.0,2001,0.12091360171698526,0.20000000000000284,1,0.005281118128380058,1.6928950442278392e-08,1.586224414040771e-07,1
5.0,2001,2.703670097290856,2.8000000000000114,1,0.03506342595073875,5.389124986681375e-06,6.992276667006081e-06,1
5.0,2001,4.182805532339885,4.200000000000003,1,0.0,0.0,0.0,1
5.0,2001,0.36845042369921327,0.4000000000000057,1,1.339451076661561,0.004075709317089916,0.010100843384861946,1
5.0,2001,0.1744266861754926,0.20000000000000284,1,0.006581778083727841,5.335897564372276e-08,2.4637651563352847e-07,1
5.0,2001,14.039024230268081,14.099999999999994,1,12.604540844350709,2.6726079202842787,0.474674254655838,1
5.0,2001,1.0815949535654288,1.1000000000000085,1,0.027006482065161208,1.8208122611050686e-06,4.148080734012183e-06,1
5.0,2001,1.305319850754025,1.4000000000000057,1,0.0,0.0,0.0,1
5.0,2001,0.16150265428747157,0.20000000000000284,1,0.0,0.0,0.0,1
5.0,2001,0.1057113249319171,0.19999999999998863,1,0.0,0.0,0.0,1
5.0,2001,0.9581121187726525,1.0,1,0.03952454351528445,3.260017592372571e-06,8.884700946509838e-06,1
5.0,2001,14.031538912140329,14.099999999999994,0,0.0,0.011877774104036669,nan,0
5.0,2001,19.8175757118644,16.700000000000003,0,0.0,0.004862926031223667,nan,0
5.0,2001,17.14726028237093,17.200000000000003,1,10.974185100422801,2.6805583038404737,0.4065098166465759,1
5.0,2001,12.970790225713115,13.0,1,2.061083582469678,0.09716673657669729,0.0235904473811388,1
5.0,2001,15.878015736132678,15.800000000000004,0,0.0,0.01974664459255412,nan,0
5.0,2001,4.992536092061022,5.0,1,0.34303680752873333,0.0012832446348535632,0.0006688116700388491,1
5.0,2001,0.6420407214780917,0.7000000000000028,1,0.0,0.0,0.0,1
5.0,2001,7.8219051046217745,5.5,0,0.0,0.007498133835693443,nan,0
5.0,2001,6.1222359487569715,6.199999999999989,1,17.509163260504977,0.7639994915031313,0.6355137228965759,1
5.0,2001,6.402808348877973,6.5,1,0.20851301876868433,0.0006067740294548612,0.00024721334921196103,1
5.0,2001,2.2241762422069438,2.3000000000000114,1,0.0,0.0,0.0,1
5.0,2001,2.6650739351092176,2.700000000000003,1,0.065220678678088,3.8192905717203795e-05,2.419207157799974e-05,1
5.0,2001,0.4097257555693887,0.5,1,0.0,0.0,0.0,1
5.0,2001,0.7341975855850267,0.7999999999999972,1,0.0012758538988464352,9.375003626818305e-08,9.257949962204748e-09,1
5.0,2001,12.377444398796369,12.400000000000006,1,0.36352823142328816,0.003475045478838729,0.0007510397699661553,1
5.0,2001,2.3351622082566452,2.3999999999999915,1,2.449130288998049,0.021923077516735757,0.03298892453312874,1
5.0,2001,1.459536773132887,1.5,1,0.008755123460559844,7.505540692946401e-07,4.35950624932957e-07,1
5.0,2001,0.5115072037917601,0.7999999999999972,1,1.1510224574385859,0.005895089225565034,0.007478602230548859,1
5.0,2001,0.13224556942361443,0.20000000000000284,1,0.008122500939464317,4.856607365619616e-08,3.752254826849821e-07,1
5.0,2001,0.23360509395367232,0.29999999999999716,1,0.0002243548123317396,1.528006689383754e-08,2.8627519799151457e-10,1
5.0,2001,0.9238923984996852,1.0,1,0.0032355621444821736,2.444337027748278e-07,5.9540493424492524e-08,1
5.0,2001,0.2095255437873175,0.29999999999999716,1,1.061709614638545,0.0019172904743336079,0.006370141636580229,1
5.0,2001,8.535881660380046,3.0,0,0.0,6.388848880223823e-06,nan,0
5.0,2001,3.4790726926406745,3.5,1,3.377760007817816,0.04478672816226524,0.06093491613864899,1
5.0,2001,0.7430965083879782,0.7999999999999972,1,0.05073639794824203,5.481550623764544e-06,1.4640160770795774e-05,1
5.0,2001,19.87334616827638,19.9,1,1.4713181105526019,0.22275612728880315,0.01216218899935484,1
5.0,2001,3.653077819757712,3.700000000000003,1,0.0,0.0,0.0,1
5.0,2001,0.9237560309630247,1.0,1,3.5278326347658657,0.052310445525506934,0.06610395014286041,1
5.0,2001,0.16168455796059042,0.19999999999998863,1,0.13199103471015405,1.279651559615122e-05,9.907378989737481e-05,1
5.0,2001,10.394416580908558,10.400000000000006,1,16.463011897999934,0.6312503854239739,0.6065250039100647,1
5.0,2001,0.20749034352818724,0.29999999999999716,1,0.19483909900100116,3.1409619378122565e-05,0.0002158596325898543,1
5.0,2001,7.517175755026101,7.6000000000000085,1,1.7015211999069493,0.09740454028488128,0.016199247911572456,1
5.0,2001,7.418063049023054,7.5,1,0.0,0.0,0.0,1
5.0,2001,3.0916747847307553,3.0999999999999943,1,0.2653314985075781,0.0003570200106052147,0.00040023651672527194,1
5.0,2001,25.266885281731728,25.299999999999997,1,0.0,0.0,0.0,1
5.0,2001,0.31515246423043514,0.4000000000000057,1,0.0,0.0,0.0,1
5.0,2001,38.454264368551435,4.3999999999999915,0,0.0,7.342453504436555e-05,nan,0
5.0,2001,1.4170513610737723,1.5,1,0.0035128970048958763,3.0340479711584064e-08,7.018491032795282e-08,1
5.0,2001,0.2565305475355589,0.29999999999999716,1,7.082717735329425e-05,4.243527294439139e-12,2.8530726392528294e-11,1
5.0,2001,2.1412207081745045,2.200000000000003,1,0.07577858004515292,2.1328491543604725e-05,3.265815757913515e-05,1
5.0,2001,26.320262853506076,26.400000000000006,1,106.62214149488419,21.792347226232796,0.9847690463066101,1
5.0,2001,0.10941855946397488,0.20000000000000284,1,2.764445389402681e-05,5.475691596241437e-13,4.3463930371467896e-12,1
5.0,2001,0.27922913943518096,0.29999999999999716,1,3.934238247893518e-05,1.330526375346053e-12,8.803071986640543e-12,1
5.0,2001,24.055233650826445,24.099999999999994,1,48.655003341974805,3.284227375358322,0.9308619499206543,1
5.0,2001,5.192673665930952,5.200000000000003,1,0.006938034875020094,1.1777450540238155e-06,2.737699560384499e-07,1
5.0,2001,1.8663400627742772,1.0999999999999943,0,0.0,1.3273199554994482e-05,nan,0
5.0,2001,4.289470280846539,4.300000000000011,1,5.83617940860222,0.2444278054520285,0.16228128969669342,1
5.0,2001,13.917180966257696,14.0,1,3.3394729348805186,0.030739592701890833,0.05964326858520508,1
5.0,2001,0.11454694219417072,0.20000000000000284,1,0.1506053691454099,1.590839213324893e-05,0.0001289845968130976,1
5.0,2001,7.7333080107943655,7.800000000000011,1,0.23368151383471059,0.0007499056214355787,0.0003104751231148839,1
5.0,2001,3.0288893963136143,3.1000000000000085,1,0.19314011085180027,0.00020211270277607137,0.00021211226703599095,1
5.0,2001,0.25286616938869133,0.4000000000000057,1,0.03134050659110699,1.6416227507965983e-06,5.58627789359889e-06,1
5.0,2001,16.700442065403852,16.799999999999997,1,0.39663135361939794,0.0002071929757929694,0.0008939199615269899,1
5.0,2001,5.81002772733573,5.8999999999999915,1,0.1251605387782888,1.7604490985561754e-05,8.908593008527532e-05,1
5.0,2001,22.63600322695792,22.700000000000003,1,0.6288456685664983,0.0005810314152344202,0.002244013361632824,1
5.0,2001,0.885298348304085,0.9000000000000057,1,1.272096902431656,0.002397124159172471,0.009119574911892414,1
5.0,2001,0.7938554786929709,0.7999999999999972,1,0.06303490102652631,6.31412493890558e-06,2.259775465063285e-05,1
5.0,2001,0.15114437619132973,0.20000000000000284,1,0.08610729452084342,5.505880429867736e-06,4.2167175706708804e-05,1
5.0,2001,0.3070627020167156,0.4000000000000057,1,0.2351967904837693,5.233559652071136e-05,0.00031451336690224707,1
5.0,2001,0.33965911402402515,0.3999999999999915,1,0.2549265815101762,6.077412104058673e-05,0.00036947301123291254,1
5.0,2001,9.34433175245004,9.399999999999991,1,4.109700992050421,0.048487342172347306,0.08763949573040009,1
5.0,2001,7.047737169941466,7.1000000000000085,1,16.558771739803248,0.83692124757942,0.609289824962616,1
5.0,2001,3.2267966340912726,3.299999999999997,1,5.645189867038312,0.07872072588734678,0.1534367799758911,1
5.0,2001,1.6565815760292273,1.6999999999999886,1,3.363109879769013,0.027139649390065447,0.06043936312198639,1
5.0,2001,3.6838242786178443,3.6999999999999886,1,13.590242897127837,0.5544430498782729,0.5122975707054138,1
5.0,2001,2.133806621101496,2.200000000000003,1,1.192646020549006,0.018097201967097062,0.008024848997592926,1
5.0,2001,2.648321256788748,2.700000000000003,1,2.9319842894441877,0.042033315247346645,0.04661283642053604,1
5.0,2001,4.119397722831665,4.200000000000003,1,7.392081347620206,0.35144576154970864,0.23709270358085632,1
5.0,2001,39.22026138038682,39.300000000000004,1,307.9600583550007,17.4109234464045,0.9981494545936584,1
5.0,2001,0.13030772037217533,0.20000000000000284,1,0.010197149758141677,1.3825927286233725e-07,5.913850031902257e-07,1
5.0,2001,1.4424950983207956,1.5,1,0.03784000322502834,5.128874559967515e-06,8.143511877278797e-06,1
5.0,2001,32.41992196977753,32.5,1,105.58148157321648,7.6530467287111685,0.9844720363616943,1
5.0,2001,2.46174051886872,2.5,1,1.8577685070844154,0.01168515571268943,0.019251031801104546,1
5.0,2001,0.27483421292718674,0.29999999999999716,1,0.0,0.0,0.0,1
5.0,2001,8.995885396359153,9.0,1,59.24902802035655,5.008882514541629,0.952302098274231,1
5.0,2001,19.18233853808106,19.200000000000003,1,4.552656047784484,1.7614769076862782,0.10545014590024948,1
5.0,2001,16.157967800983833,16.200000000000003,1,25.35961557024784,6.841951278072867,0.7852979302406311,1
5.0,2001,4.594206207630895,4.599999999999994,1,0.281656259935545,0.0007498406213057716,0.00045097852125763893,1
5.0,2001,6.0433291552485,6.099999999999994,1,47.70156210377959,2.429911720112078,0.928270697593689,1
5.0,2001,0.30665783452265394,0.4000000000000057,1,0.021846681698946213,5.582001598271783e-07,2.714455604291288e-06,1
5.0,2001,42.082383958127195,42.099999999999994,1,101.04792532395675,7.574559323129203,0.9830715656280518,1
5.0,2001,10.613902115036879,10.700000000000003,1,0.3953696179627286,0.0032326467813223758,0.0008882466936483979,1
5.0,2001,1.439153427126132,1.5,1,0.0,0.0,0.0,1
5.0,2001,0.34479603700013345,0.4000000000000057,1,1.1108845020280569,0.002795277038141097,0.006969687063246965,1
5.0,2001,0.15948443682493788,0.20000000000000284,1,0.002744745344216426,4.3223971773845394e-09,4.2846668435458923e-08,1
5.0,2001,10.737789727460274,10.799999999999997,1,0.8033075513423,2.8859350239449544,0.0036566690541803837,1
5.0,2001,0.5961876814763091,0.6000000000000085,1,0.00149735193119227,8.124266012443783e-08,1.275148342472221e-08,1
5.0,2001,0.177123625072161,0.20000000000000284,1,0.01375207979890547,1.3763482498454342e-07,1.075596173905069e-06,1
5.0,2001,26.55431582469955,26.599999999999994,1,120.2251375740599,8.948009171462633,0.9879816174507141,1
5.0,2001,0.22796431763799585,0.29999999999999716,1,0.0,0.0,0.0,1
5.0,2001,2.1668271491240425,2.200000000000003,1,3.5097918633891307,0.058423185012403914,0.06547374278306961,1
5.0,2001,2.7105467685565174,2.799999999999997,1,0.1353698188599992,0.00011250575297490059,0.00010421047772979364,1
5.0,2001,0.18831177685393652,0.20000000000000284,1,0.024010367073969974,4.674319795714369e-07,3.2787561394798104e-06,1
5.0,2001,0.46321278407466104,0.5,1,0.0,0.0,0.0,1
5.0,2001,1.811839311780516,1.9000000000000057,1,0.08463756913232601,2.141121821606206e-05,4.074005482834764e-05,1
5.0,2001,3.521838306379051,3.6000000000000085,1,0.19942684318061765,0.00031580536029220216,0.00022614237968809903,1
5.0,2001,0.9843169260143418,1.0,1,0.18142967897034623,5.342035758221873e-05,0.00018717520288191736,1
5.0,2001,0.23440700312562116,0.29999999999999716,1,0.0,0.0,0.0,1
5.0,2001,1.139287155725648,1.2000000000000028,1,0.5752859964325125,0.0007771175477914856,0.0018787278095260262,1
5.0,2001,0.5078912968028503,0.6000000000000085,1,0.05664057333888195,5.320988968155337e-06,1.8245691535412334e-05,1
5.0,2001,1.5636403076669778,1.6000000000000085,1,0.1331219241720305,6.28990142829992e-05,0.0001007786049740389,1
5.0,2001,1.2462896331718463,1.3000000000000114,1,0.039532226355731837,5.5005448416521565e-06,8.888155207387172e-06,1
5.0,2001,2.0178339957153137,2.0999999999999943,1,0.03982648030932978,9.161620910649694e-06,9.02096235222416e-06,1
5.0,2001,16.090381190842013,16.10000000000001,1,78.8677462609952,7.146291903040962,0.9725095629692078,1
5.0,2001,0.45883586098335294,0.5,1,0.01636046743243469,1.62120923926809e-06,1.5223121181406896e-06,1
5.0,2001,0.4401017865650836,0.5,1,0.02249144607390008,5.82908406269006e-07,2.87704369839048e-06,1
5.0,2001,20.754560958985135,20.799999999999997,1,44.689981365392555,10.575933554144566,0.9190861582756042,1
5.0,2001,22.548767874190595,22.599999999999994,1,0.8974898557582378,0.03239293008298119,0.0045602330937981606,1
5.0,2001,3.1399272459484195,3.200000000000003,1,0.12321584801702556,8.230274733693097e-05,8.633931429358199e-05,1
5.0,2001,35.960008379057044,36.0,1,135.82634648551118,17.547227042281936,0.9905593991279602,1
5.0,2001,0.6500585306827684,0.7000000000000028,1,5.491362867360294e-05,3.828166982057622e-08,1.7150359257755987e-11,1
5.0,2001,0.2905732215983858,0.29999999999999716,1,0.005787671189807497,6.916279142735525e-08,1.905112299027678e-07,1
5.0,2001,2.234568877453799,2.299999999999997,1,0.03688728258094898,5.42761469838788e-06,7.738609383522999e-06,1
5.0,2001,15.772789599621548,3.799999999999997,0,0.0,9.755636030414062e-05,nan,0
5.0,2001,1.1422714997546461,1.1999999999999886,1,0.01602634571827366,4.3100289245666335e-07,1.4607683169742813e-06,1
5.0,2001,0.9233581107346358,1.0,1,1.0986897604453816,0.007145955250219493,0.006818545050919056,1
5.0,2001,23.971985631390407,24.0,1,17.271948374012595,5.273575472588009,0.6291713118553162,1
5.0,2001,6.481012187138785,6.5,1,29.022317452430343,1.2657554778925992,0.827302098274231,1
5.0,2001,0.20488494597488785,0.29999999999999716,1,0.09015638667852954,5.6846362180885815e-06,4.62259522464592e-05,1
5.0,2001,0.1011859289427218,0.20000000000000284,1,0.0,0.0,0.0,1
5.0,2001,2.8708107497776547,2.9000000000000057,1,1.0308638809017339,0.01847805536722104,0.006007567513734102,1
5.0,2001,0.10418983427139203,0.19999999999998863,1,0.0,0.0,0.0,1
5.0,2001,0.1689708902914556,0.30000000000001137,1,0.003380450884151287,1.3487392560255584e-08,6.499234217471894e-08,1
5.0,2001,4.70840357017565,4.799999999999997,1,0.37938276426081075,0.00024127185218823403,0.0008179236901924014,1
5.0,2001,6.909555077363975,7.0,1,0.4489803043934444,0.002922485404219192,0.0011451698374003172,1
5.0,2001,5.325073089226742,5.3999999999999915,1,0.0,0.0,0.0,1
5.0,2001,0.22828632244365935,0.29999999999999716,1,0.02371401078426061,7.574950761635746e-07,3.1983176995709073e-06,1
5.0,2001,38.90785251460179,39.0,1,180.11875695744794,14.84008890513574,0.9946095943450928,1
5.0,2001,0.6148574267580961,0.7000000000000028,1,0.0,0.0,0.0,1
5.0,2001,0.363478656923076,0.3999999999999915,1,1.324271816071814,0.0038755391629110673,0.009875454008579254,1
5.0,2001,5.819720685530767,5.900000000000006,1,2.7166714028923025,0.05933990531613338,0.04028376191854477,1
5.0,2001,0.10808876448984646,0.20000000000000284,1,0.0,0.0,0.0,1
5.0,2001,39.34946741421521,26.0,0,0.0,23.126239851213583,nan,0
5.0,2001,20.706273903836568,20.799999999999997,1,33.12061105592102,2.096446106525823,0.8618578910827637,1
5.0,2001,8.481306274030603,8.5,1,1.173589010872547,0.01667876348101426,0.00777242099866271,1
5.0,2001,3.223646528810143,3.4000000000000057,1,0.26873142181693765,0.0003403002835552635,0.00041055516339838505,1
5.0,2001,0.7067874157273865,0.7999999999999972,1,0.0,0.0,0.0,1
5.0,2001,0.41898028751817384,0.5,1,0.02516878235110198,7.611979462812062e-07,3.6027638543600915e-06,1
5.0,2001,3.5272966269012342,3.5999999999999943,1,0.22113585600726537,0.0003679823619335792,0.00027804207638837397,1
5.0,2001,2.8539142067115844,2.8999999999999915,1,0.07953074379747704,3.1854531722283e-05,3.5972236219095066e-05,1
5.0,2001,2.6494417403861674,3.0,1,0.19641803561526672,0.00022333806648596735,0.00021937159181106836,1
5.0,2001,0.10216046063860418,0.20000000000000284,1,0.023997228816028837,4.904975117424018e-07,3.275169092376018e-06,1
5.0,2001,2.725945240542831,2.799999999999997,1,0.978868560904516,0.01798350730980915,0.005420026835054159,1
5.0,2001,1.9323860641743784,2.0,1,1.5910507963442342,0.004345122661165506,0.014192959293723106,1
5.0,2001,1.8971881486296684,1.8999999999999915,1,0.517673414111357,0.0008394404492386947,0.0015218198532238603,1
5.0,2001,1.2983308844437285,1.2999999999999972,1,0.03576253805181295,5.804965856990356e-06,7.273885330505436e-06,1
5.0,2001,0.23744398019902999,0.29999999999999716,1,0.003226044879852452,2.7815142846253412e-08,5.919073586824197e-08,1
5.0,2001,1.5214881993485951,1.5999999999999943,1,0.09271746567117134,2.9895486284194713e-05,4.8889414756558836e-05,1
5.0,2001,0.16245828707999324,0.19999999999998863,1,0.017425872813987553,2.51168039311983e-07,1.727035623844131e-06,1
5.0,2001,1.4069198431326542,1.6000000000000085,1,0.022756800308343372,1.4893345887424066e-06,2.945330834336346e-06,1
5.0,2001,6.718452426779044,6.799999999999997,1,0.05787584384825095,6.219983671960879e-05,1.9050192349823192e-05,1
5.0,2001,2.413892764576728,2.5,1,0.890610036727594,0.0032042197049473933,0.004490899853408337,1
5.0,2001,2.259838348096601,2.299999999999997,1,0.13772103019891802,0.00010051681705987151,0.00010786154598463327,1
5.0,2001,6.277064985521358,6.299999999999997,1,3.631728890072054,0.12983192432234286,0.0697791799902916,1
5.0,2001,21.420392844318485,21.5,1,192.2912361841332,16.957494712452707,0.9952673316001892,1
5.0,2001,0.14954935259081684,0.20000000000000284,1,0.017296829012138915,2.731904899536096e-07,1.7015519233609666e-06,1
5.0,2001,3.7586738431925,3.799999999999997,1,0.31899508099093055,0.00024117913200146933,0.000578401843085885,1
5.0,2001,0.24822124532649012,0.29999999999999716,1,0.016159374383505565,2.154481932927781e-07,1.4851194691800629e-06,1
5.0,2001,0.11991800298852597,0.20000000000000284,1,0.00166059118373596,1.6177540006748563e-08,1.5683333742799732e-08,1
5.0,2001,3.0983170607864565,3.1000000000000085,1,2.037277374458597,0.03176080930296221,0.023061133921146393,1
5.0,2001,1.5297308133734338,1.6000000000000085,1,0.05022728338281013,7.114948109923915e-06,1.4347825526783708e-05,1
5.0,2001,3.6154268661326063,3.700000000000003,1,0.013140250304900292,6.112787503974233e-06,9.82018832473841e-07,1
5.0,2001,19.206687259940132,19.299999999999997,1,44.99602101582161,11.524372834682127,0.9200954437255859,1
5.0,2001,3.3628206189459515,3.3999999999999915,1,0.12091066622019753,8.390060023812969e-05,8.313924627145752e-05,1
5.0,2001,6.198767504106892,6.200000000000003,1,0.0,0.0,0.0,1
5.0,2001,4.26886242724807,4.299999999999997,1,0.04581479881017003,7.259556795945763e-06,1.1937663657590747e-05,1
5.0,2001,4.1021909795992775,4.200000000000003,1,0.07812780685435428,7.360204515740885e-05,3.4714357752818614e-05,1
5.0,2001,1.6884906196440106,1.7000000000000028,1,0.04891934687475441,7.513471279495179e-06,1.3610319911094848e-05,1
5.0,2001,0.6824665535429092,0.7000000000000028,1,0.04799282789474546,3.5176437702501493e-06,1.3099657735438086e-05,1
5.0,2001,1.7613457613348031,1.7999999999999972,1,0.026457502786115583,2.9972346924541786e-06,3.981153440690832e-06,1
5.0,2001,0.682946686409944,0.7000000000000028,1,0.06778393661130622,7.954945255435872e-06,2.61309487541439e-05,1
5.0,2001,0.12408969196898721,0.20000000000000284,1,0.04087270083732619,1.3241136599413946e-06,9.501135536993388e-06,1
5.0,2001,17.24574012772678,15.699999999999989,0,0.0,0.00461145350511918,nan,0
5.0,2001,5.9902607288258976,6.0,1,0.184600527227758,0.0003480156661453506,0.00019377362332306802,1
5.0,2001,1.544833245694335,1.5999999999999943,1,0.10063607858728574,4.102196690049858e-05,5.7596400438342243e-05,1
5.0,2001,0.2179219435034231,0.30000000000001137,1,0.029754449890219803,1.0802829879019214e-06,5.035175490775146e-06,1
5.0,2001,5.574673472624903,5.6000000000000085,1,0.04672815305173117,1.3649912007551445e-05,1.2418375263223425e-05,1
5.0,2001,0.15346878219555432,0.20000000000000284,1,0.0031956700952378014,7.880786485679797e-09,5.808136194218605e-08,1
5.0,2001,21.894588987309284,15.700000000000003,0,0.0,0.005225868700627754,nan,0
5.0,2001,4.976126145512174,4.799999999999997,0,0.0,3.1201884707828466e-06,nan,0
5.0,2001,4.7446156252180725,4.800000000000011,1,0.0,0.0,0.0,1
5.0,2001,16.271799923608235,16.299999999999997,1,1.3379828907778801,0.0450520310429418,0.010078934952616692,1
5.0,2001,15.006159427658618,12.299999999999997,0,0.0,0.007913635570402864,nan,0
5.0,2001,3.5084369647191047,3.6000000000000085,1,0.0002073904929602577,2.5336893783386136e-10,2.446192415295201e-10,1
5.0,2001,7.8049293832950335,7.900000000000006,1,5.089907825929867,0.6681676754883514,0.12842190265655518,1
5.0,2001,0.11181680274126424,0.20000000000000284,1,0.0,0.0,0.0,1
5.0,2001,10.93681386521573,7.200000000000003,0,0.0,0.000646313001376131,nan,0
5.0,2001,33.140549314700785,33.2,1,213.27955290272394,21.679882914455877,0.9961495399475098,1
5.0,2001,11.031006374951803,11.099999999999994,1,3.209320585023846,0.6131463550571599,0.055337052792310715,1
5.0,2001,0.2983798992265769,0.29999999999999716,1,1.4326633390737697e-06,1.7680342775343057e-15,1.1673503994230703e-14,1
5.0,2001,12.484187482286792,12.5,1,1.0707693539861793,0.09578583554953686,0.006478612776845694,1
5.0,2001,42.29327277628713,4.5,0,0.0,2.00738845894289e-06,nan,0
5.0,2001,5.2948617249964425,5.299999999999997,1,0.2881120744111172,0.0009210389664227902,0.0004718792624771595,1
5.0,2001,33.50817300520641,22.39999999999999,0,0.0,0.7366111516114171,nan,0
5.0,2001,1.2706151040018567,1.2999999999999972,1,0.14064920517034807,4.3269195549648775e-05,0.00011249641102040187,1
5.0,2001,3.4589166676370158,3.5,1,0.23295617384223988,0.000418717739991644,0.0003085513017140329,1
5.0,2001,0.4054603641148985,0.5,1,0.030170246932016198,2.147344394027979e-06,5.1768838602583855e-06,1
5.0,2001,2.213804449202855,2.3000000000000114,1,0.0,0.0,0.0,1
5.0,2001,34.198389784317705,18.599999999999994,0,0.0,0.001254996779609428,nan,0
5.0,2001,8.307674861628335,8.400000000000006,1,3.1259145903795797,0.018565185266246606,0.05264761671423912,1
5.0,2001,15.276565430455527,11.5,0,0.0,0.0074686082158530185,nan,0
5.0,2001,0.16561359212347174,0.20000000000000284,1,0.18081248968564978,2.363550489183079e-05,0.0001859041367424652,1
5.0,2001,0.7828790135795469,0.8000000000000114,1,1.267266582098273,0.007098042506547508,0.009051075205206871,1
5.0,2001,16.034351237955306,16.099999999999994,1,0.6480321236725217,0.013650864056027267,0.002382703358307481,1
5.0,2001,5.87267060789652,5.900000000000006,1,0.18703028380036812,0.0004966160937020049,0.0001989071606658399,1
5.0,2001,0.1466758959215079,0.20000000000000284,1,0.004555174216193336,1.4475750244307534e-08,1.1801110844089635e-07,1
5.0,2001,0.5968362069770042,0.5999999999999943,1,0.6922273933319048,0.0005560524908082919,0.002717869123443961,1
5.0,2001,43.73394637010521,43.8,1,139.27124719888178,33.16336756928342,0.9910165071487427,1
5.0,2001,0.1124913917044124,0.19999999999998863,1,0.011406883743120488,1.2951994631293e-07,7.4002548444696e-07,1
5.0,2001,9.897061881291318,9.900000000000006,1,0.5453678924068299,0.0052206738256351335,0.001688721589744091,1
5.0,2001,0.26436615424927584,0.30000000000001137,1,0.24225494919164703,4.94877061789995e-05,0.00033366706338711083,1
5.0,2001,0.19524648294684652,0.20000000000000284,1,0.006747221720274865,2.6154337471182752e-08,2.5891833388413943e-07,1
5.0,2001,38.23710043958296,38.3,1,298.1991454118694,29.91668183327655,0.9980266094207764,1
5.0,2001,22.78052083884756,2.0,0,0.0,0.000305760135840282,nan,0
5.0,2001,0.40170350715381414,0.5,1,0.005736086239267024,5.912866154519784e-08,1.8713033966832882e-07,1
5.0,2001,0.36567479366729394,0.4000000000000057,1,0.27734870740277984,7.377986996469855e-05,0.00043729579192586243,1
5.0,2001,17.62762005008061,13.599999999999994,0,0.0,0.609451042638843,nan,0
5.0,2001,0.38977420069617874,0.4000000000000057,1,0.013208622177330653,2.4645997916353896e-07,9.92264745036664e-07,1
5.0,2001,6.252495781655721,6.400000000000006,1,0.03706531342163544,2.1648071733318626e-05,7.813487172825262e-06,1
5.0,2001,28.16587306808716,24.400000000000006,0,0.0,7.1370228454466265,nan,0
5.0,2001,4.549452780798144,4.599999999999994,1,0.3097112733958056,0.0009352967986477412,0.0005452430341392756,1
5.0,2001,22.742436519020554,22.799999999999983,1,7.239827652519466,2.0321422884412272,0.22964635491371155,1
5.0,2001,3.3599053937163665,3.3999999999999915,1,0.12570448401640988,0.00011793575705941619,8.986187458503991e-05,1
5.0,2001,5.993634663717298,6.000000000000014,1,0.18165326674545668,0.00035279756515555627,0.00018763674597721547,1
5.0,2001,7.136407537746673,7.200000000000003,1,0.5165820668199217,0.0036194971164829623,0.0015154198044911027,1
5.0,2001,0.1573820586701499,0.19999999999998863,1,0.023521378875443588,4.1198803030704926e-07,3.146568133161054e-06,1
5.0,2001,0.8011398472917173,0.5,0,0.0,1.1516041505236812e-06,nan,0
5.0,2001,36.265669086605826,4.900000000000006,0,0.0,3.340807573413252e-05,nan,0
5.0,2001,1.4529717385136083,1.5,1,0.08354067089203454,2.185453893810626e-05,3.969096360378899e-05,1
5.0,2001,0.852011567135993,0.9000000000000057,1,0.04526658007682727,4.719308424724474e-06,1.1653684850898571e-05,1
5.0,2001,21.86076830832424,21.900000000000006,1,1.4644065938970812,0.049193408977539606,0.012049567885696888,1
5.0,2001,10.87266395043323,0.9000000000000057,0,0.0,1.0879204013333625e-06,nan,0
5.0,2001,1.977678961271534,2.0,1,0.444341595943456,0.0006342745804826636,0.0011216554557904601,1
5.0,2001,22.883112492246056,22.89999999999999,1,0.0,0.0,0.0,1
5.0,2001,4.586820483230303,4.599999999999994,1,0.07525552711865657,6.39798244571069e-05,3.2208889024332166e-05,1
5.0,2001,0.5094473790779065,0.6000000000000227,1,1.6376940989016608,0.0027261867867510044,0.015024633146822453,1
5.0,2001,5.039377855874401,0.4000000000000057,0,0.0,1.5087357264335166e-08,nan,0
5.0,2001,2.4289864625924786,2.5,1,0.05244368650710385,1.1358563573872474e-05,1.5642010112060234e-05,1
5.0,2001,40.419498829039476,26.599999999999994,0,0.0,24.48316639897652,nan,0
5.0,2001,7.953292137554645,8.0,1,17.531902657956834,2.1600357090637075,0.636114776134491,1
5.0,2001,12.192111107392071,12.199999999999989,1,44.724555626401525,3.015497660376212,0.9192010760307312,1
5.0,2001,9.042508513831146,9.099999999999994,1,63.79546815893309,4.140757376643297,0.9585868120193481,1
5.0,2001,38.7618053300597,10.500000000000014,0,0.0,0.008277178395157144,nan,0
5.0,2001,14.14464957574802,14.200000000000003,1,1.8618388377522024,0.007343046356662551,0.019333848729729652,1
5.0,2001,0.21570095611488466,0.30000000000001137,1,0.16351721658247698,2.1700628239631665e-05,0.0001520456135040149,1
5.0,2001,3.6621763390488273,3.700000000000017,1,6.784371325161828,0.14219744747815002,0.207467183470726,1
5.0,2001,3.4927645527001374,3.5,1,11.956371549650612,0.43734467107113767,0.4484401047229767,1
5.0,2001,0.33865690424116407,0.4000000000000057,1,0.2835257123820156,7.722727300272921e-05,0.00045698226313106716,1
5.0,2001,0.17178397857382505,0.20000000000001705,1,0.1061909517757158,7.816146452353609e-06,6.412983202608302e-05,1
5.0,2001,0.2743661268963425,0.30000000000001137,1,0.1727170114850196,2.4710447454794417e-05,0.00016963267989922315,1
5.0,2001,30.97536820366631,29.400000000000006,0,0.0,3.9255147344469954,nan,0
5.0,2001,30.090701484107388,30.099999999999994,1,17.083645083609554,6.6371469735243585,0.624041736125946,1
5.0,2001,3.52861542510767,3.5999999999999943,1,11.605834156226996,0.4874176560824762,0.43376946449279785,1
5.0,2001,0.284262567897794,0.30000000000001137,1,1.7343763417116305,0.0030443454907908216,0.016820253804326057,1
5.0,2001,1.9844188748194371,2.0,1,4.895918934426986,0.08412603990749255,0.11997150629758835,1
5.0,2001,21.777176767079773,21.80000000000001,1,57.768535749135026,4.026843879864963,0.9499499201774597,1
5.0,2001,0.47991391515110876,0.5,1,0.030930353573694447,1.4292417577239281e-06,5.441020221041981e-06,1
5.0,2001,1.700497290047979,1.799999999999983,1,1.2118118554923853,0.014902152061770584,0.008282686583697796,1
5.0,2001,1.4025349721629956,1.5,1,8.579904481548054,0.1800814777306619,0.2951173186302185,1
5.0,2001,6.494410639838477,3.4000000000000057,0,0.0,3.6381957129331334e-05,nan,0
5.0,2001,1.5786936324290766,1.5999999999999943,1,1.2269288193110697,0.013076179868024234,0.008488858118653297,1
5.0,2001,1.8898996081783268,1.9000000000000057,1,0.01596978883210909,1.3240985832931338e-06,1.4504763612421812e-06,1
5.0,2001,12.867136008959609,12.899999999999977,1,88.7197134657976,7.26495033631846,0.978149950504303,1
5.0,2001,16.24819575620275,16.299999999999983,1,143.2111421329688,11.364755406145749,0.9914998412132263,1
5.0,2001,0.20481430715569013,0.29999999999998295,1,0.029307384038133932,9.865492603321898e-07,4.8850042730919085e-06,1
5.0,2001,0.12153626031056958,0.20000000000001705,1,0.0,0.0,0.0,1
5.0,2001,0.9282416114574126,1.0,1,1.2615608419837372,0.009055765676800711,0.00897048506885767,1
5.0,2001,0.2003489823075488,0.30000000000001137,1,0.0020445172322069993,2.0912215622259773e-08,2.3773575108521072e-08,1
5.0,2001,0.11442023454155069,0.19999999999998863,1,0.0,0.0,0.0,1
5.0,2001,0.25652830730127146,0.30000000000001137,1,0.02433821174474815,4.91172363082356e-07,3.3689054816932185e-06,1
5.0,2001,2.719937534775315,2.9000000000000057,1,0.12441530631713249,8.715556120195194e-05,8.802830416243523e-05,1
5.0,2001,3.3325772876292032,3.5,1,0.011583380732588466,7.797648106175779e-06,7.631032303834218e-07,1
5.0,2001,2.1578103978138183,2.1999999999999886,1,0.0,0.0,0.0,1
5.0,2001,28.921572193314134,25.0,0,0.0,10.201774016279913,0.0,1
5.0,2001,39.35521296756313,23.799999999999997,0,0.0,2.8031131179005904,7.4002548444696e-07,1
5.0,2001,33.52171555172596,17.099999999999994,0,0.0,1.1312329545575512,0.012049567885696888,1
5.0,2001,24.797495451003176,16.099999999999994,0,0.0,14.242124717647911,0.015024633146822453,1
5.0,2001,28.169500676905972,15.599999999999994,0,0.0,0.48048116955789005,1.5642010112060234e-05,1
5.0,2001,22.053632184197706,14.900000000000006,0,0.0,8.795234417649812,0.636114776134491,1
5.0,2001,19.046174252618258,12.400000000000006,0,0.0,0.09830730627505002,0.0,1
5.0,2001,14.072071438308841,10.0,0,0.0,7.636505680846901,0.00045698226313106716,1
5.0,2001,27.407108361950357,7.099999999999994,0,0.0,0.0011317367178247633,0.9499499201774597,1
5.0,2001,10.814477825939997,6.900000000000006,0,0.0,0.00038170400627380745,5.441020221041981e-06,1
5.0,2001,27.833202895254423,6.699999999999989,0,0.0,0.0754669073087079,0.0,1
5.0,2001,41.38525623699054,6.400000000000006,0,0.0,0.4110255285348737,0.2951173186302185,1
5.0,2001,36.31506492886015,5.099999999999994,0,0.0,0.014708972021892417,0.0,1
5.0,2001,29.846480477717602,2.9000000000000057,0,0.0,0.00010912405071557862,0.00897048506885767,1
5.0,2001,26.18858982991021,2.5,0,0.0,6.81734374055706e-05,3.3689054816932185e-06,1
5.0,2001,6.11860061931593,2.0,0,0.0,1.0190009281182237e-05,8.802830416243523e-05,1
5.0,2001,24.51832801019536,1.5,0,0.0,0.013110022553833485,0.0,1
5.0,2001,6.04956874619384,1.1999999999999886,0,0.0,7.147992745231634e-07,7.631032303834218e-07,1
5.0,2001,1.597287998505081,0.9000000000000057,0,0.0,0.008479846953923882,0.0,1
5.0,2001,10.167846627798006,0.4000000000000057,0,0.0,0.0,0.0,1
5.0,2002,0.1909702780344169,0.20000000000000284,1,0.0,0.0,0.0,1
5.0,2002,0.25195073356990405,0.29999999999999716,1,0.0248693042949526,4.908104281377587e-07,3.5175371522200294e-06,1
5.0,2002,0.23012467794187208,0.29999999999999716,1,0.018652024094990338,2.556710164272377e-07,1.978627551579848e-06,1
5.0,2002,0.25328721556672157,0.29999999999999716,1,0.00412547326686763,6.406128829278291e-08,9.679668266926456e-08,1
5.0,2002,0.22446404195724157,0.29999999999999716,1,0.01689283290579624,3.5771974523665267e-07,1.622995114303194e-06,1
5.0,2002,0.32229866729349704,0.3999999999999986,1,0.3784058212290802,0.00011403075551502626,0.0008137200493365526,1
5.0,2002,0.45356037174006875,0.5,1,0.021875189414458873,6.641516468178372e-07,2.721544433370582e-06,1
5.0,2002,0.6866826654760845,0.7000000000000028,1,0.03676406606246019,2.3673026588432606e-06,7.686996468692087e-06,1
5.0,2002,0.2997457864604771,0.30000000000000426,1,0.021182050905736105,3.9355590478147657e-07,2.5518072561681038e-06,1
5.0,2002,0.18427986378048056,0.20000000000000284,1,0.2699999999999818,5.1808077078937216e-05,0.0004144388367421925,1
5.0,2002,0.4623422986460412,0.5,1,0.02674670080523356,6.268688655555378e-07,4.068662292411318e-06,1
5.0,2002,0.1516713614199082,0.20000000000000284,1,0.26999999999952706,5.180807707879767e-05,0.0004144388367421925,1
5.0,2002,0.6095045699067434,0.7000000000000028,1,0.07209893558774638,9.619842937813118e-06,2.9563634598162025e-05,1
5.0,2002,1.2167676419242235,1.2999999999999972,1,0.06650056767148271,1.1561964047054768e-05,2.5150853616651148e-05,1
5.0,2002,3.317404586577809,3.3999999999999986,1,0.055289073272888345,2.7620161808811636e-05,1.7385373212164268e-05,1
5.0,2002,3.7574175234076437,3.799999999999997,1,0.0,0.0,0.0,1
5.0,2002,2.6972175377420844,2.6999999999999957,1,3.200353850974336,0.09356882487997034,0.05504526197910309,1
5.0,2002,1.586104558329521,1.6000000000000085,1,3.491292778525343,0.09202979403794706,0.0648300051689148,1
5.0,2002,0.37668214971892416,0.4000000000000057,1,0.011428337602410465,1.7864986287707774e-07,7.428117214658414e-07,1
5.0,2002,4.493045448821518,4.5,1,0.24774321960285306,0.0005309048070417947,0.0003489513765089214,1
5.0,2002,5.2393881194643965,5.300000000000004,1,0.24173810799857165,0.0005667148982358024,0.00033224531216546893,1
5.0,2002,0.33807988773339026,0.4000000000000057,1,0.028453400665057416,1.2147148663902534e-06,4.604466539603891e-06,1
5.0,2002,6.3804835907916475,6.400000000000006,1,0.18631373383868777,0.00039738378292297825,0.00019738628179766238,1
5.0,2002,2.1314277142320206,2.200000000000003,1,0.0,0.0,0.0,1
5.0,2002,0.10112296150700131,0.20000000000000284,1,0.00476633121343184,5.153449285564293e-08,1.2920560266138637e-07,1
5.0,2002,0.3668467808868252,0.4000000000000057,1,0.0,0.0,0.0,1
5.0,2002,6.3950174685787635,6.400000000000006,1,0.1779894726460043,0.00037764958504969535,0.0001801454636733979,1
5.0,2002,0.3795408973364995,0.8000000000000114,1,1.1128905069854227,0.0057947364373448365,0.006994704715907574,1
5.0,2002,6.395632162020729,6.399999999999999,1,77.68509169918195,3.706989606294393,0.9716899991035461,1
5.0,2002,6.306021524102884,6.3999999999999915,1,0.04695439839633764,2.3636011069683502e-05,1.2538917872007005e-05,1
5.0,2002,2.3316250640522265,2.4000000000000057,1,0.14160508942404704,0.00011175997917350897,0.00011403053213143721,1
5.0,2002,1.3773037213084531,1.4000000000000057,1,0.046008664928194776,6.249279425390243e-06,1.2038904969813302e-05,1
5.0,2002,19.87982423848906,3.9000000000000057,0,0.0,0.00016696209245684474,nan,0
5.0,2002,7.379060220322963,7.3999999999999915,1,0.04349114824435674,2.8784240034911487e-05,1.0757466952782124e-05,1
5.0,2002,30.0095236648458,13.599999999999994,0,0.0,0.003934239665025832,nan,0
5.0,2002,8.571479451106207,8.600000000000009,1,2.957924600050319,0.03939058872148918,0.04740201681852341,1
5.0,2002,7.877514856212673,7.900000000000006,1,0.0,0.0,0.0,1
5.0,2002,8.961744579529393,9.0,1,0.5167800037588677,0.004563517843455398,0.0015165796503424644,1
5.0,2002,8.34722644881883,8.400000000000006,1,3.2009918665109383,0.15423222886509605,0.055066004395484924,1
5.0,2002,6.16804968028575,6.199999999999989,1,1.4548509486476178,0.056138201765773325,0.011894691735506058,1
5.0,2002,1.763807981401931,1.7999999999999972,1,0.10154092151242367,4.4744806934120865e-05,5.8636724133975804e-05,1
5.0,2002,0.14812064349683476,0.19999999999998863,1,0.02047967785529181,3.69072985275002e-07,2.385383140790509e-06,1
5.0,2002,0.16792790333509178,0.20000000000000284,1,0.018498501282920188,2.2220917032259338e-07,1.94618974092009e-06,1
5.0,2002,8.496449013302925,8.5,1,53.526977654662915,3.729847457635223,0.942180335521698,1
5.0,2002,1.6487906765864437,1.7000000000000028,1,0.024508958302249084,2.6003680793540675e-06,3.4163406326115364e-06,1
5.0,2002,0.12044120433215694,0.20000000000000284,1,0.0005417166921688477,2.711972569848634e-08,1.6690040460787259e-09,1
5.0,2002,12.009113630272163,12.099999999999994,1,0.6631241699324164,0.009898546037751465,0.0024946974590420723,1
5.0,2002,3.7732580494712367,3.799999999999997,1,0.8735200557748612,0.02059289472930982,0.004320938605815172,1
5.0,2002,0.37223713332080227,0.3999999999999915,1,0.0009848232821241254,5.0161415283527496e-08,5.516067602684416e-09,1
5.0,2002,11.343578775941012,11.399999999999991,1,0.9018581829386676,0.05142374461317754,0.004604527726769447,1
5.0,2002,12.167759604861622,12.200000000000003,1,11.433421755277323,0.3505656158435318,0.4264322817325592,1
5.0,2002,1.7265841375693514,1.8000000000000114,1,0.11831029482345912,5.2868762322197314e-05,7.960190123412758e-05,1
5.0,2002,39.73365415184535,8.599999999999994,0,0.0,0.0005912795218766945,nan,0
5.0,2002,0.4878692222838153,0.5,1,0.01739316339353536,6.86030157920348e-07,1.720558202578104e-06,1
5.0,2002,0.15784905450261816,0.20000000000000284,1,0.01294680983573926,2.1494005080358705e-07,9.533186471344379e-07,1
5.0,2002,9.47732129592108,9.5,1,1.5063543614078299,0.10688646079372538,0.012740850448608398,1
5.0,2002,0.5533064289393671,0.5999999999999943,1,0.4999675721701351,0.0002912502176600835,0.0014196446863934398,1
5.0,2002,1.1717320606821267,1.2000000000000028,1,0.06418557713004702,1.5008662834538176e-05,2.343029154872056e-05,1
5.0,2002,40.71209714874581,18.299999999999997,0,0.0,0.0058684169306259795,nan,0
5.0,2002,22.80696250965788,22.400000000000006,0,0.0,0.466543595722911,nan,0
5.0,2002,21.712920418933006,21.800000000000004,1,22.631223323382528,5.204268436812865,0.7444365620613098,1
5.0,2002,1.9172367611282,2.0,1,2.609241192058562,0.020714383113313976,0.03727714717388153,1
5.0,2002,34.7635167394722,14.200000000000003,0,0.0,0.00023438371340647385,nan,0
5.0,2002,23.902528878317963,24.0,1,0.0,0.0,0.0,1
5.0,2002,1.5570899559271123,1.5999999999999943,1,0.107294414815442,3.8381746525594784e-05,6.546945951413363e-05,1
5.0,2002,5.203307403695007,5.299999999999997,1,1.8521705460916564,0.018271424867311446,0.01913740672171116,1
5.0,2002,0.20353231442973455,0.29999999999999716,1,0.13477216993396723,1.5480203144560063e-05,0.00010329244105378166,1
5.0,2002,0.45575269681371144,0.5,1,0.14733490812886885,2.5182055047425596e-05,0.00012344418792054057,1
5.0,2002,25.690512342287303,25.799999999999997,1,29.10608275825689,8.67954388657405,0.8281241059303284,1
5.0,2002,4.356765055008911,4.400000000000006,1,1.3706193908842579,0.013756891297952663,0.010571367107331753,1
5.0,2002,10.798679175747424,10.799999999999997,1,0.6168224036709944,0.007748029050749494,0.002159208059310913,1
5.0,2002,10.65493207706254,10.699999999999989,1,0.7768726908775534,0.011495500472515695,0.0034207748249173164,1
5.0,2002,7.407451435176906,7.5,1,0.44789834751918534,0.0030363314142002177,0.001139663509093225,1
5.0,2002,0.4209343095452578,0.5,1,0.0006373610108312278,4.482096439966345e-10,2.310382773984543e-09,1
5.0,2002,3.799145174037198,3.8000000000000114,1,0.0,0.0,0.0,1
5.0,2002,0.1335456667403081,0.19999999999998863,1,0.00891790759851574,8.003686725973065e-08,4.5231260514810856e-07,1
5.0,2002,0.35762416572579525,0.3999999999999915,1,0.00717718059240724,1.1425993781910719e-07,2.929682523244992e-07,1
5.0,2002,0.9372302916650277,1.0,1,1.2147882026947627,0.007970017743990006,0.008323084563016891,1
5.0,2002,6.667540804073268,6.700000000000003,1,3.215298529767414,0.12225019985780723,0.05553193762898445,1
5.0,2002,4.70151415897011,4.8999999999999915,1,0.15155058269419897,0.00013622829748751483,0.00013060850324109197,1
5.0,2002,15.457043595317483,15.5,1,28.12013973484255,2.099071439937254,0.8180911540985107,1
5.0,2002,11.323477801116345,11.399999999999991,1,5.096936757524504,0.4422326235409629,0.1287311464548111,1
5.0,2002,0.595329729541287,0.6000000000000085,1,0.4455867963365563,0.0002295898650243567,0.0011279437458142638,1
5.0,2002,14.697247681015272,14.700000000000003,1,120.04617300786764,5.840421195377511,0.9879462122917175,1
5.0,2002,1.4404980064736927,1.6000000000000085,1,1.1657742356255767,0.01210041578280804,0.007670045830309391,1
5.0,2002,2.034906786021956,2.0999999999999943,1,0.0821726243862031,2.52340988776854e-05,3.8401711208280176e-05,1
5.0,2002,0.11521511264296812,0.20000000000000284,1,0.017639387247982086,2.067836160559541e-07,1.7696165741654113e-06,1
5.0,2002,13.34820755790383,13.400000000000006,1,3.332180800357065,0.6511474115520317,0.059398531913757324,1
5.0,2002,0.4147225649785988,0.5,1,0.03826295112457956,1.561796260831686e-06,8.326572242367547e-06,1
5.0,2002,0.19986940037034345,0.20000000000000284,1,0.021707990682898526,4.39856587404309e-07,2.6801003514265176e-06,1
5.0,2002,5.94054368642275,6.0,1,0.3464401141991402,0.001242326998292441,0.0006821391289122403,1
5.0,2002,8.774836224409945,1.2000000000000028,0,0.0,1.7544413157443947e-06,nan,0
5.0,2002,3.0941714870807813,3.200000000000003,1,3.200831675845713,0.1761430537285839,0.055060796439647675,1
5.0,2002,3.1639930580653086,3.200000000000003,1,3.204768114355807,0.15980163148540066,0.05518883094191551,1
5.0,2002,3.1033031552123957,3.200000000000003,1,0.21421503308374668,0.00028270904114076714,0.000260915287071839,1
5.0,2002,16.26732532653696,16.299999999999997,1,3.835828913570979,0.730881361929885,0.07721996307373047,1
5.0,2002,0.11993781690205994,0.20000000000000284,1,0.0011587907374632778,1.526272475781038e-08,7.637003029969947e-09,1
5.0,2002,10.464849493645547,5.700000000000003,0,0.0,0.0011769775705787683,nan,0
5.0,2002,0.11385632267190882,0.20000000000000284,1,0.021920743156442768,3.815717231426342e-07,2.7328910618962254e-06,1
5.0,2002,0.4963495270967817,0.5,1,0.0009820784580369946,1.055440140331616e-08,5.485362386536963e-09,1
5.0,2002,10.656282976151266,10.699999999999989,1,35.26529439547745,3.342678126478673,0.8761314153671265,1
5.0,2002,4.080478145986679,4.1000000000000085,1,0.08887769812326951,6.983077793672167e-05,4.492406515055336e-05,1
5.0,2002,0.5130709903766699,0.5999999999999943,1,0.009545852147766709,4.170934387237543e-07,5.182533868719474e-07,1
5.0,2002,7.185816445102148,7.200000000000003,1,37.25203157998067,3.231965176767747,0.8875452876091003,1
5.0,2002,23.735376646990087,23.799999999999997,1,0.7745148158192023,0.030680608022708108,0.0034001122694462538,1
5.0,2002,2.072090748194273,2.0999999999999943,1,0.10850018285236729,4.921572693920002e-05,6.69491128064692e-05,1
5.0,2002,1.0724137515696537,1.0999999999999943,1,2.33225477565702,0.009130319553565013,0.030007734894752502,1
5.0,2002,3.7160948328543464,3.8000000000000114,1,1.2389009225189511,0.03081342259890952,0.00865389034152031,1
5.0,2002,3.386956855822153,3.4000000000000057,1,0.22636917001091206,0.0003918378349989619,0.0002913539938163012,1
5.0,2002,0.3651643540846586,0.4000000000000057,1,0.008078945945726446,1.8566968533747017e-07,3.712121667831525e-07,1
5.0,2002,0.988025905721809,1.0,1,0.028785816325580527,1.364865799519777e-06,4.712680492957588e-06,1
5.0,2002,1.0000326044136398,1.0999999999999943,1,2.065489045299728,0.007299993109286177,0.023689011111855507,1
5.0,2002,1.0282298316903957,1.0999999999999943,1,0.05557907196816814,7.864567856140124e-06,1.756822530296631e-05,1
5.0,2002,0.7088335940230939,0.8000000000000114,1,0.01172593361025065,3.2110213201771245e-07,7.820012797310483e-07,1
5.0,2002,13.630136976061294,13.700000000000003,1,116.91603597638151,7.9161355002086236,0.987300455570221,1
5.0,2002,3.1127344089390463,3.1999999999999886,1,0.040379489586030104,1.0143760690683222e-05,9.2732198027079e-06,1
5.0,2002,12.79072809448288,2.700000000000003,0,0.0,0.0001660609250598705,nan,0
5.0,2002,3.317787034167225,3.4000000000000057,1,1.090427345052376,0.025363949724826855,0.006717062555253506,1
5.0,2002,13.348780414734286,13.399999999999991,1,0.2559489216755537,0.001643866658095931,0.0003724412526935339,1
5.0,2002,0.14445816119084506,0.20000000000000284,1,0.0015790634461154696,2.1209447026218937e-08,1.4181171792415626e-08,1
5.0,2002,0.11166224569716557,0.20000000000000284,1,0.019847236766509013,3.3202871638620853e-07,2.2403303319151746e-06,1
5.0,2002,2.9062108130780953,3.0,1,0.07281089212574443,3.84362171237201e-05,3.015036418219097e-05,1
5.0,2002,17.761213073056524,17.799999999999997,1,68.69578373743225,4.620818222671491,0.964079737663269,1
5.0,2002,2.6920543574961417,2.6999999999999886,1,0.0161260552490603,3.0755121232589435e-06,1.4790014120080741e-06,1
5.0,2002,1.7417767132505075,1.7999999999999972,1,0.06725918152551458,1.6731735724905206e-05,2.5727935280883685e-05,1
5.0,2002,0.5996794644242085,0.5999999999999943,1,0.039380938952490396,2.634886463757053e-06,8.820256880426314e-06,1
5.0,2002,1.02278741092685,1.0999999999999943,1,3.2002732097155366,0.03852889203598227,0.05504264310002327,1
5.0,2002,4.169561315980739,4.199999999999989,1,12.255084680689379,0.6474432188630868,0.4606758654117584,1
5.0,2002,0.4086657876835226,0.5,1,0.02112839960409474,5.027713095343423e-07,2.5388967515027616e-06,1
5.0,2002,5.123580426965066,5.200000000000003,1,12.628271579399552,0.32341466593125606,0.4756124019622803,1
5.0,2002,1.0874262990149246,1.1000000000000085,1,0.034634819518942095,2.3155817014954036e-06,6.82237896398874e-06,1
5.0,2002,4.097466648416108,4.099999999999994,1,0.18859295273887255,0.0003373702054924668,0.00020224417676217854,1
5.0,2002,14.824408150539986,11.600000000000009,0,0.0,0.0002416454054498808,nan,0
5.0,2002,2.9808928597749813,3.0,1,2.0959889500613826,0.015025617292137142,0.024376600980758667,1
5.0,2002,6.144103687812847,6.200000000000003,1,0.9973405702085074,0.03747633966948173,0.005625355523079634,1
5.0,2002,5.581751526724144,5.700000000000003,1,0.2647694830393448,0.0007231322650088954,0.00039854345959611237,1
5.0,2002,28.684112594120066,28.700000000000003,1,48.661571750769816,18.303641308315797,0.9308792948722839,1
5.0,2002,5.235745201098344,5.299999999999997,1,0.20606040657548874,0.0004624967846908543,0.0002414333139313385,1
5.0,2002,37.17245721352969,37.2,1,183.43872922762137,17.880943989150687,0.994801938533783,1
5.0,2002,1.5348986942451663,1.7000000000000028,1,0.045305551096589625,6.236461190573434e-06,1.1673759217956103e-05,1
5.0,2002,0.11710810382910072,0.20000000000000284,1,1.1675545293046525,0.0015299209987749735,0.007693309802561998,1
5.0,2002,0.1408799495656813,0.19999999999998863,1,0.01427361341757205,1.527919296143369e-07,1.1587247854549787e-06,1
5.0,2002,4.1421308927066605,4.200000000000003,1,0.10192962577184517,5.363601491234188e-05,5.9086483815917745e-05,1
5.0,2002,2.38253207804836,2.5,1,0.05126865040165285,1.4666856338342606e-05,1.4948934222047683e-05,1
5.0,2002,25.54195183881712,25.599999999999994,1,168.30804389762034,14.163447349980359,0.9938313364982605,1
5.0,2002,0.6979543210349882,0.7000000000000028,1,0.0009023873153637396,4.2153209903392684e-08,4.631257155551793e-09,1
5.0,2002,0.24639638939136188,0.29999999999999716,1,0.014754741450815345,1.419949778169362e-07,1.2381567557895323e-06,1
5.0,2002,6.63797583435235,6.700000000000003,1,6.793064714586308,0.5210465878713222,0.2078886181116104,1
5.0,2002,0.7399539739460789,0.7999999999999972,1,0.04592069757200079,3.790166753414076e-06,1.1992913641734049e-05,1
5.0,2002,0.4835360876055692,0.5,1,0.0011544999088073382,1.4611026942774904e-07,7.580550409613807e-09,1
5.0,2002,0.32325615252223855,0.4000000000000057,1,0.0,0.0,0.0,1
5.0,2002,6.1058342526452085,6.200000000000003,1,0.3559588941243419,0.0017320796212610195,0.0007201115950010717,1
5.0,2002,23.01374531107104,23.10000000000001,1,2.389341800701459,0.42337185829765767,0.03144795820116997,1
5.0,2002,0.5731013777012823,0.6000000000000085,1,0.0,0.0,0.0,1
5.0,2002,0.7059105749009426,0.8000000000000114,1,1.2758631530432467,0.006809293681809582,0.009173158556222916,1
5.0,2002,0.11835965465352381,0.20000000000000284,1,0.0004795573822775623,4.2718518758470376e-09,1.3079589633591127e-09,1
5.0,2002,1.7009984445597124,1.8999999999999915,1,0.1109971344517362,4.4778297199873704e-05,7.006579835433513e-05,1
5.0,2002,1.828721626072126,1.8999999999999915,1,0.10316679970219411,3.941678249207258e-05,6.052942990208976e-05,1
5.0,2002,1.3274134785162712,1.4000000000000057,1,0.05119162086793949,7.576059496898688e-06,1.4904047930031084e-05,1
5.0,2002,33.677071435380526,14.100000000000009,0,0.0,0.001300751437590654,nan,0
5.0,2002,0.15714855675815678,0.20000000000000284,1,0.02320820592922246,3.838752619014061e-07,3.0633368623966817e-06,1
5.0,2002,8.105964537872065,8.299999999999997,1,0.7067248555595143,0.033799375300996866,0.002832577330991626,1
5.0,2002,0.3621604224272328,0.4000000000000057,1,0.00541242272083764,1.3196142476319024e-07,1.66608174367866e-07,1
5.0,2002,0.4708318061320793,0.5999999999999943,1,0.03574748466053279,2.1297290995350156e-06,7.267763066920452e-06,1
5.0,2002,12.316829286001328,12.400000000000006,1,0.14585720296236104,0.0005526702755008034,0.0001209807232953608,1
5.0,2002,9.463456751923474,9.5,1,0.15036633031422753,0.0003789760218348077,0.00012857552792411298,1
5.0,2002,3.5772310904977536,3.5999999999999943,1,1.1986393555862378,0.028643404239787965,0.008105049841105938,1
5.0,2002,1.0935122719405705,1.1000000000000085,1,0.032271539928842685,3.7490544423844945e-06,5.923109256400494e-06,1
5.0,2002,29.634152357948107,29.700000000000003,1,297.99132359862824,22.808715741032493,0.9980238676071167,1
5.0,2002,0.6867929013270346,0.7000000000000028,1,0.0406578213605826,2.1783833540466323e-06,9.40149857342476e-06,1
5.0,2002,5.735656131695035,5.799999999999997,1,0.22207690914638079,0.0005711869247557682,0.0002804128744173795,1
5.0,2002,2.6138558273200547,2.6999999999999886,1,0.01582668277387711,4.593208313610531e-06,1.4245973716242588e-06,1
5.0,2002,0.17917232935248648,0.19999999999998863,1,0.021970291888465,4.1275679040354635e-07,2.745259507719311e-06,1
5.0,2002,0.9984031569189402,1.1000000000000085,1,0.03650918799212377,2.8358130543155432e-06,7.580782039440237e-06,1
5.0,2002,6.118157089055226,1.5999999999999943,0,0.0,3.740623531964844e-05,nan,0
5.0,2002,0.13942514440509435,0.20000000000000284,1,1.215696470841067,0.0016675153242097984,0.008335431106388569,1
5.0,2002,2.5236874560912472,2.5999999999999943,1,0.04606279262134194,1.4198551225478208e-05,1.2067248462699354e-05,1
5.0,2002,2.241936814387701,2.3000000000000114,1,0.0,0.0,0.0,1
5.0,2002,1.402200049288504,1.5,1,0.11623444847600695,4.272531550906493e-05,7.683326839469373e-05,1
5.0,2002,0.2636716251277843,0.29999999999999716,1,0.001910675907311088,3.5691095873788474e-08,2.07628509940605e-08,1
5.0,2002,38.85522040194937,38.89999999999999,1,15.866690190459849,3.0716032131797295,0.5887838006019592,1
5.0,2002,23.639647159374242,23.700000000000003,1,55.36403008062962,3.8040208278307768,0.945749044418335,1
5.0,2002,0.39103126505010893,0.3999999999999915,1,0.01368754016721141,1.7703062125228992e-07,1.0655242022039602e-06,1
5.0,2002,3.588447326902316,2.8999999999999915,0,0.0,2.293955772697569e-05,nan,0
5.0,2002,20.761285327550702,20.799999999999997,1,1.067779018055262,0.14950795647044102,0.006442710757255554,1
5.0,2002,6.344931559954543,6.400000000000006,1,0.43294993097515544,0.0011551281942640316,0.0010649410542100668,1
5.0,2002,7.85992236606164,7.900000000000006,1,0.40727176010295807,0.0024696046502881703,0.000942479760851711,1
5.0,2002,4.032270275819465,4.099999999999994,1,0.0037682801280425338,3.0814275938719873e-06,8.076055024730522e-08,1
5.0,2002,1.0098419083289945,1.1000000000000085,1,0.0006899517411511624,3.755463715819337e-07,2.7073872033156476e-09,1
5.0,2002,0.1356529609608812,0.19999999999998863,1,0.0030951924845794565,2.426846147515232e-08,5.448641715588565e-08,1
5.0,2002,2.31144645426395,2.3999999999999915,1,0.07538734120362278,2.123819372005712e-05,3.23218155244831e-05,1
5.0,2002,0.8601500809712914,0.9000000000000057,1,0.050450766332687635,4.030304261765105e-06,1.4475787793344352e-05,1
5.0,2002,4.07071341564403,4.1000000000000085,1,0.061369031299363996,6.572772199328549e-05,2.1419147742562927e-05,1
5.0,2002,11.620573924308657,11.0,0,0.0,0.004163641668906623,nan,0
5.0,2002,14.324148257929018,3.8999999999999915,0,0.0,0.0003999470136444825,nan,0
5.0,2002,41.96716210580224,32.599999999999994,0,0.0,25.894154508072052,nan,0
5.0,2002,20.745937627227093,20.799999999999997,1,26.306492202468235,1.3577243539938417,0.7974007725715637,1
5.0,2002,2.331782234049774,2.3999999999999915,1,0.037342118669585034,7.153755379595948e-06,7.930624633445404e-06,1
5.0,2002,8.907874714958464,9.100000000000009,1,0.43355791173780744,0.0031885306418079264,0.0010679308325052261,1
5.0,2002,0.24413222839766605,0.4000000000000057,1,0.021807359931699466,5.957142154583324e-07,2.704692860788782e-06,1
5.0,2002,15.243311609476091,3.5,0,0.0,0.00014155760284038257,nan,0
5.0,2002,0.670553005787913,0.7000000000000028,1,0.024365562100229,1.6843679197925375e-06,3.3764813451853115e-06,1
5.0,2002,2.7832505615063994,2.799999999999983,1,0.045099769121861755,9.3473422849126e-06,1.1567954061320052e-05,1
5.0,2002,7.383973380692716,7.400000000000006,1,0.44406159823665803,0.0025250542162625865,0.0011202439200133085,1
5.0,2002,4.905910062703722,5.000000000000014,1,0.06520352462575829,2.7912262824464395e-05,2.4179347747121938e-05,1
5.0,2002,12.29015639236544,2.299999999999997,0,0.0,5.3052523528290895e-05,nan,0
5.0,2002,19.618428063447148,19.69999999999999,1,0.20911739892835612,0.0020919271318793854,0.000248648168053478,1
5.0,2002,8.968736875767924,9.0,1,0.5577104723352022,0.004590959798333995,0.0017658872529864311,1
5.0,2002,0.213101300915394,0.30000000000001137,1,0.004542566924101266,1.6471438578677735e-08,1.1735877336604972e-07,1
5.0,2002,2.5353605565266326,2.5999999999999943,1,0.11804506366206624,7.480959349231358e-05,7.924542296677828e-05,1
5.0,2002,14.011064689927034,14.100000000000009,1,0.17996469863373932,0.0009234921722646587,0.00018416521197650582,1
5.0,2002,0.18769527340087902,0.20000000000001705,1,8.651524422020884e-05,7.903881204086791e-09,4.256946878333778e-11,1
5.0,2002,6.683331347528609,6.700000000000003,1,8.08233309790694,0.6059848581283862,0.27088385820388794,1
5.0,2002,0.11388343859446928,0.19999999999998863,1,0.006663356681201549,6.360944636841425e-08,2.525218576465704e-07,1
5.0,2002,0.13626820565211345,0.20000000000001705,1,0.009106294156481454,5.6643168874146e-08,4.716242187896569e-07,1
5.0,2002,0.4851210305486057,0.5,1,0.0003101423694715777,1.0849694023075663e-10,5.470602304491479e-10,1
5.0,2002,0.1446912933811959,0.19999999999998863,1,0.017451587817049585,2.905529874288523e-07,1.7321364111921866e-06,1
5.0,2002,0.15512953439967445,0.20000000000001705,1,5.336312187864678e-05,2.057145227027167e-12,1.6195539701002737e-11,1
5.0,2002,9.869053640447726,2.8999999999999773,0,0.0,7.803754829676082e-05,nan,0
5.0,2002,0.2656566097767084,0.29999999999998295,1,0.008509678583322966,6.471556951132283e-08,4.1185001009580446e-07,1
5.0,2002,7.834953994850699,7.8999999999999915,1,1.6208512799830714,0.09648559400403857,0.014721708372235298,1
5.0,2002,25.14136083416981,25.200000000000017,1,33.602774270571445,9.694093935571672,0.8652635216712952,1
5.0,2002,5.115909973287293,5.199999999999989,1,0.27557603926061347,0.0008396994955202988,0.00043172610457986593,1
5.0,2002,1.0513028115472065,1.0999999999999943,1,0.07457822959531768,1.444583887775094e-05,3.1631760066375136e-05,1
5.0,2002,0.22112092795669056,0.30000000000001137,1,0.025575701858087996,5.646404738992713e-07,3.720201448231819e-06,1
5.0,2002,16.642860818223895,0.6999999999999886,0,0.0,1.4729081189642747e-06,nan,0
5.0,2002,35.45092896108365,35.599999999999994,1,22.36827325107288,5.030088041399765,0.7399643063545227,1
5.0,2002,14.001225756817668,4.0,0,0.0,0.00039829212432674325,nan,0
5.0,2002,2.2133705334899596,2.3000000000000114,1,0.17636803732193584,0.000137298259890468,0.0001768788497429341,1
5.0,2002,2.1673802035412835,2.200000000000017,1,1.1840628560739788,0.018946527192791437,0.007910669781267643,1
5.0,2002,24.24804235236619,24.400000000000006,1,38.50464021379457,12.383507843334476,0.8939797878265381,1
5.0,2002,8.23520854657955,8.299999999999983,1,19.16874608345688,0.6631531803145065,0.6763522624969482,1
5.0,2002,0.2430856197528314,0.30000000000001137,1,0.021000708145493263,4.4630084855889603e-07,2.5083015771087958e-06,1
5.0,2002,0.7053264972540942,0.799999999999983,1,0.02638167365330446,2.022762643000852e-06,3.958365596190561e-06,1
5.0,2002,0.31480775268815864,0.39999999999997726,1,0.0,0.0,0.0,1
5.0,2002,20.750216973031257,20.80000000000001,1,17.838722154306204,1.1893609510932124,0.64410799741745,1
5.0,2002,17.728041037649962,17.900000000000006,1,24.74385039476556,6.022639218180213,0.7768927812576294,1
5.0,2002,24.760621452718915,0.6999999999999886,0,0.0,3.6776433667163766e-06,nan,0
5.0,2002,0.5358702263450058,0.6000000000000227,1,3.455539987935023,0.021867065114369578,0.06359301507472992,1
5.0,2002,10.699298075208892,10.699999999999989,1,38.38773271263244,2.3514501386367654,0.8934019804000854,1
5.0,2002,9.878038960963138,9.900000000000006,1,22.01243205669971,1.0985821631826485,0.7337457537651062,1
5.0,2002,0.8046003817206143,0.9000000000000057,1,0.7084371233008824,0.0007521209125949516,0.0028462803456932306,1
5.0,2002,3.0200746542963905,3.0999999999999943,1,0.16919777021530535,0.0001784466029151032,0.0001627914170967415,1
5.0,2002,0.3150990990796925,0.4000000000000057,1,0.13991663406159205,1.9355642383820552e-05,0.00011132771760458127,1
5.0,2002,25.754715769124562,25.80000000000001,1,79.59137487753058,7.636120007295483,0.9729936718940735,1
5.0,2002,0.11793892316588035,0.19999999999998863,1,1.1975171013755244,0.0016244706358934987,0.008090002462267876,1
5.0,2002,29.9323765350956,30.000000000000014,1,80.99127943059945,5.934623603031307,0.9738950729370117,1
5.0,2002,0.13284697531465994,0.19999999999998863,1,0.002304321480096405,6.735337725175029e-09,3.019945182813899e-08,1
5.0,2002,7.593075307405726,6.800000000000011,0,0.0,0.002304644988991921,nan,0
5.0,2002,1.066147704322042,1.1000000000000227,1,0.4663626409073913,0.0004147215187805738,0.0012354454956948757,1
5.0,2002,0.8089710004045634,0.9000000000000057,1,0.05127757118407317,5.24785442148293e-06,1.4954136531741824e-05,1
5.0,2002,0.8529657830470565,0.9000000000000057,1,0.11094709722601692,1.9811772798067374e-05,7.000264304224402e-05,1
5.0,2002,23.318074295541017,23.400000000000006,1,104.90418182538951,7.59510246674573,0.9842740297317505,1
5.0,2002,2.2260525025449036,2.3000000000000114,1,0.1025259525454203,5.214478698211694e-05,5.9779820730909705e-05,1
5.0,2002,0.24480982883801952,0.29999999999998295,1,0.9881293880007433,0.001654548802107005,0.005522497929632664,1
5.0,2002,0.5890186616188152,0.6000000000000227,1,0.01715066091674089,5.432197436744401e-07,1.672915232120431e-06,1
5.0,2002,34.80641219510568,34.900000000000006,1,100.51243505123375,9.098415767654066,0.9828937649726868,1
5.0,2002,36.88869838824682,7.699999999999989,0,0.0,6.370571751397814e-05,nan,0
5.0,2002,0.589805748123117,0.5999999999999943,1,0.9917125929259782,0.0033948796309800273,0.005562399048358202,1
5.0,2002,3.205874914674319,3.3000000000000114,1,0.9744267949699861,0.018427499681610168,0.005371213424950838,1
5.0,2002,0.14303657835739192,0.19999999999998863,1,0.004713252432338777,1.271619142565468e-08,1.2634390600396728e-07,1
5.0,2002,7.34702737614803,7.399999999999977,1,1.6466196033597953,0.0859789626319201,0.015186355449259281,1
5.0,2002,5.461368517696334,5.5,1,0.2777777591772974,0.0009209811727193018,0.0004386492073535919,1
5.0,2002,31.486267338181175,30.599999999999994,0,0.0,22.024963265233584,1.2067248462699354e-05,1
5.0,2002,29.823387906372993,21.599999999999994,0,0.0,10.345704225318517,0.0011202439200133085,1
5.0,2002,18.209097480645028,17.5,0,0.0,9.59629198678136,1.6195539701002737e-11,1
5.0,2002,24.22261801561434,16.0,0,0.0,3.7989904971976713,3.1631760066375136e-05,1
5.0,2002,37.88876524985622,11.199999999999989,0,0.0,0.16981423154904884,0.0,1
5.0,2002,28.000365544889195,9.699999999999989,0,0.0,0.006348559697695161,3.958365596190561e-06,1
5.0,2002,19.367627728033753,9.699999999999989,0,0.0,0.0,0.0,1
5.0,2002,11.999342579602143,9.599999999999994,0,0.0,0.21714416815576612,0.64410799741745,1
5.0,2002,34.21629946711399,8.199999999999989,0,0.0,0.15085307165042713,0.8934019804000854,1
5.0,2002,37.208711024211524,5.400000000000006,0,0.0,0.000610310382235876,0.008090002462267876,1
5.0,2002,4.55623678947087,3.5999999999999943,0,0.0,0.0005601227739600464,7.000264304224402e-05,1
5.0,2002,23.456239876884233,3.5,0,0.0,0.0001217669688673735,5.9779820730909705e-05,1
5.0,2002,8.661637753905334,3.5,0,0.0,0.0,0.9842740297317505,1
5.0,2002,28.523088026018772,3.1999999999999886,0,0.0,8.98756640188084e-05,0.005522497929632664,1
5.0,2002,20.458563026817508,3.0999999999999943,0,0.0,6.936548916741369e-05,1.672915232120431e-06,1
5.0,2002,31.371287987595654,1.9000000000000057,0,0.0,1.7515125077288524e-05,0.9828937649726868,1
5.0,2002,19.210357858877327,1.6999999999999886,0,0.0,2.109090280843764e-05,0.005562399048358202,1
5.0,2002,3.494336463131545,0.8000000000000114,0,0.0,3.752827153165156e-07,1.2634390600396728e-07,1
5.0,2002,1.1751832462805403,0.8000000000000114,0,0.0,0.007270056715123761,0.0,1
5.0,2002,3.0965077846347544,0.6999999999999886,0,0.0,1.1539848899237023e-07,0.015186355449259281,1
5.0,2002,5.122830674239038,0.5999999999999943,0,0.0,0.003693853660197967,0.0,1
20.0,2001,0.139022780556674,0.20000000000000284,1,0.010715570154275156,6.895440445772083e-08,6.530452196784609e-07,1
20.0,2001,0.14149304028994464,0.20000000000000284,1,0.0028296723576204386,8.938334521482757e-09,4.553918486749353e-08,1
20.0,2001,0.17850541088885497,0.20000000000000284,1,0.027485468519955703,4.847567204821228e-07,4.296525276004104e-06,1
20.0,2001,0.19429599309631768,0.20000000000000284,1,0.005407683093835658,1.666153454033309e-08,1.663164965748365e-07,1
20.0,2001,0.25843759174593817,0.29999999999999716,1,0.004798131906113667,2.232164932069342e-08,1.3093546158415847e-07,1
20.0,2001,0.20329855268219887,0.29999999999999716,1,0.0149728228298045,1.7395504308848347e-07,1.2750281257467577e-06,1
20.0,2001,0.2892256281973772,0.29999999999999716,1,3.467077794994111e-05,8.731304776166582e-13,6.836599428933221e-12,1
20.0,2001,0.1149305749710127,0.29999999999999716,1,0.010171390081751497,1.5883462949804665e-07,5.884008942302899e-07,1
20.0,2001,0.2927849544854878,0.29999999999999716,1,0.02312035687629077,4.0264922017020804e-07,3.0401897674892098e-06,1
20.0,2001,0.38369420780914304,0.3999999999999986,1,0.014270412363089235,6.80808626468176e-07,1.1582051229197532e-06,1
20.0,2001,0.37657499823848944,0.3999999999999986,1,0.3768844724262952,0.00013445168290862413,0.0008071954944171011,1
20.0,2001,0.28827482013636024,0.3999999999999986,1,0.010055989419015532,7.420007670277094e-08,5.751251137553481e-07,1
20.0,2001,0.43603780021224786,0.5,1,0.04699241085029371,2.45515909204277e-06,1.2559227798192296e-05,1
20.0,2001,0.4902521532560732,0.5,1,0.3030421781068071,8.378828320055775e-05,0.000522026268299669,1
20.0,2001,0.47312197206734574,0.5,1,0.1768146767075791,2.896772408054823e-05,0.00017777568427845836,1
20.0,2001,0.4648813416269097,0.5,1,0.15632175129547932,2.4276165063088444e-05,0.0001389605167787522,1
20.0,2001,0.45500962097266484,0.5,1,0.02273714193052001,7.322650429952459e-07,2.9402442578430055e-06,1
20.0,2001,0.534749292633043,0.6000000000000014,1,0.11031995864505006,1.2031049960387495e-05,6.921354361111298e-05,1
20.0,2001,0.2187761961030923,0.30000000000000426,1,0.01577636071942834,2.0980076171393405e-07,1.4155525605019648e-06,1
20.0,2001,0.12091360171698526,0.20000000000000284,1,3.287114481054232e-05,7.880396305986495e-13,6.145293041798228e-12,1
20.0,2001,0.625329119777947,0.7000000000000028,1,0.04578804349011989,2.4386760207365425e-06,1.1923724741791375e-05,1
20.0,2001,0.6966971773061295,0.7000000000000028,1,0.016492378824295884,6.798372945841617e-07,1.5469593108718982e-06,1
20.0,2001,0.1744266861754926,0.20000000000000284,1,0.5952457150209604,0.00024172272524389113,0.002011088654398918,1
20.0,2001,0.785523915111347,0.7999999999999972,1,0.039166630976865235,2.2815919927406457e-06,8.72452073963359e-06,1
20.0,2001,0.7024286929268958,0.7999999999999972,1,0.030474080647991286,7.928308832526449e-07,5.281677658786066e-06,1
20.0,2001,0.16150265428747157,0.19999999999999574,1,0.06840310086909085,3.415764400285658e-06,2.661049620655831e-05,1
20.0,2001,0.7277453504429846,0.7999999999999972,1,0.07702287614142733,7.82042739941409e-06,3.3739430364221334e-05,1
20.0,2001,0.41629306445820685,0.5,1,0.006857819994138481,2.0317628450727656e-07,2.674761105936341e-07,1
20.0,2001,0.36845042369921327,0.3999999999999986,1,0.0280749543857155,9.373440617928439e-07,4.482797521632165e-06,1
20.0,2001,0.1057113249319171,0.19999999999999574,1,0.002726694532611873,5.264469837475065e-09,4.228495953384481e-08,1
20.0,2001,1.167980767200442,1.2000000000000028,1,1.0585040780897543,0.0019784225757683896,0.006331976968795061,1
20.0,2001,1.1789783745639626,1.2000000000000028,1,0.023294896194954617,1.4717765838001612e-06,3.0862647690810263e-06,1
20.0,2001,0.8987319488436278,0.9000000000000057,1,0.02365598535470781,1.7342793701529578e-06,3.1826850772631587e-06,1
20.0,2001,7.418063049023054,0.5,0,0.0,9.237405819363475e-09,nan,0
20.0,2001,1.2027902068971683,1.2999999999999972,1,0.554322602771208,0.0006877120338114516,0.001744535518810153,1
20.0,2001,1.3635491868289369,1.3999999999999986,1,0.055286691094806883,1.2692430319232624e-05,1.738387618388515e-05,1
20.0,2001,1.3635289434659401,1.3999999999999986,1,0.0,0.0,0.0,1
20.0,2001,0.4097257555693887,0.5,1,0.024602038737839393,6.568610120757876e-07,3.442339220782742e-06,1
20.0,2001,0.6420407214780917,0.7000000000000028,1,3.8071956483976237,0.019180390121424327,0.07615889608860016,1
20.0,2001,1.3307179701914333,1.6000000000000014,1,0.06720202150381738,1.7089760454712142e-05,2.5684224965516478e-05,1
20.0,2001,1.0815949535654288,1.1000000000000014,1,0.04582278651014349,6.035581152290993e-06,1.1941826414840762e-05,1
20.0,2001,0.9581121187726525,1.0,1,0.5197462569558411,0.0005924949265590561,0.0015340127283707261,1
20.0,2001,0.7341975855850267,0.8000000000000043,1,0.27706757702105733,0.00010847109496800769,0.0004364101041574031,1
20.0,2001,0.13224556942361443,0.20000000000000284,1,0.005193882160540397,1.9586824249352483e-08,1.5342533288276172e-07,1
20.0,2001,1.746845730691129,1.7999999999999972,1,1.5511447612662437,0.005828936300290896,0.01349941547960043,1
20.0,2001,0.5115072037917601,0.6000000000000014,1,0.018601788504042815,4.926220671314636e-07,1.9679837350849994e-06,1
20.0,2001,0.23360509395367232,0.29999999999999716,1,1.7797273081290097,0.003124864094986376,0.017695626243948936,1
20.0,2001,1.305319850754025,1.3999999999999986,1,0.35195268574454985,0.00026147217774080185,0.0007040048949420452,1
20.0,2001,0.2095255437873175,0.29999999999999716,1,0.0009725993695610669,3.049874701775483e-08,5.379983125664012e-09,1
20.0,2001,2.314007495832209,2.3999999999999986,1,0.05078896187933424,1.7155188259641323e-05,1.4670511518488638e-05,1
20.0,2001,0.9238923984996852,1.0,1,0.25776697382025304,8.090914075624246e-05,0.0003777490637730807,1
20.0,2001,2.407017225086987,2.5,1,0.7268633404107163,0.0008096434059681653,0.002995818154886365,1
20.0,2001,2.4823703102953782,2.5,1,0.0,0.0,0.0,1
20.0,2001,0.7430965083879782,0.7999999999999972,1,0.024777780108706793,1.9987263330280196e-06,3.4916943150165025e-06,1
20.0,2001,2.0337529308015405,2.1000000000000014,1,0.14677569190644135,0.00010143895152031955,0.00012250900908838958,1
20.0,2001,2.562341676046039,2.6000000000000014,1,3.466766568997585,0.013565080650751741,0.06398042291402817,1
20.0,2001,0.16168455796059042,0.20000000000000284,1,0.019383559493689972,3.278027217079475e-07,2.136874854841153e-06,1
20.0,2001,2.726536158126684,2.799999999999997,1,0.018318023417123186,0.00011700394118221835,1.908399781314074e-06,1
20.0,2001,2.703670097290856,2.799999999999997,1,2.405520592758876,0.023222809332689276,0.031861670315265656,1
20.0,2001,0.20749034352818724,0.29999999999999716,1,0.026620979899234953,6.250103184416416e-07,4.030503077956382e-06,1
20.0,2001,1.459536773132887,1.5,1,0.07388703818924114,2.311265425378399e-05,3.104817005805671e-05,1
20.0,2001,0.9237560309630247,1.0,1,0.38978636021761304,0.0002488925542450583,0.0008633583784103394,1
20.0,2001,42.082383958127195,3.200000000000003,0,0.0,1.8045838910791251e-06,nan,0
20.0,2001,2.2241762422069438,2.3000000000000043,1,0.1701009203538888,0.00014734511119029336,0.0001645336888032034,1
20.0,2001,0.10941855946397488,0.20000000000000284,1,0.005011221994209336,8.231219990895825e-08,1.4282366578299843e-07,1
20.0,2001,3.1349948203776004,3.200000000000003,1,0.03161950678543235,2.975543049438257e-06,5.686180884367786e-06,1
20.0,2001,3.119961175460216,3.200000000000003,1,0.13653333007886204,9.266680320884809e-05,0.00010600937821436673,1
20.0,2001,0.2565305475355589,0.30000000000000426,1,1.2854563146182159,0.0027894324180944433,0.00931033305823803,1
20.0,2001,2.3351622082566452,2.3999999999999986,1,1.1889973887920178,0.004590826870503312,0.007976214401423931,1
20.0,2001,0.31515246423043514,0.3999999999999986,1,0.1627632171885125,2.534087564618619e-05,0.00015064685430843383,1
20.0,2001,3.367020309554858,3.3999999999999986,1,0.19522153921479912,0.0002143635037669313,0.00021670767455361784,1
20.0,2001,2.6650739351092176,2.700000000000003,1,0.09770174163213596,5.253855643140068e-05,5.428676740848459e-05,1
20.0,2001,0.27922913943518096,0.29999999999999716,1,0.004423059067903523,3.2959599774530116e-08,1.1126495280677773e-07,1
20.0,2001,0.11454694219417072,0.30000000000000426,1,0.052544986798238824,3.244414892776986e-06,1.5702496966696344e-05,1
20.0,2001,5.603976797498814,4.0,0,0.0,0.00015139772617078748,nan,0
20.0,2001,3.806690646557224,3.8999999999999986,1,0.28241004608122466,0.0004915467282538633,0.0004533945466391742,1
20.0,2001,0.25286616938869133,0.29999999999999716,1,0.027659835894610296,9.250886668458842e-07,4.351212282927008e-06,1
20.0,2001,0.15114437619132973,0.20000000000000284,1,0.03421262914446288,9.959446236442705e-07,6.657067388005089e-06,1
20.0,2001,4.182805532339885,4.200000000000003,1,0.020548401094856672,1.099540603051429e-05,2.401419123998494e-06,1
20.0,2001,1.4170513610737723,1.5,1,0.08054041026116465,2.6434383589784473e-05,3.689135337481275e-05,1
20.0,2001,0.885298348304085,0.8999999999999986,1,0.852563880746402,0.001176029774668692,0.0041169459000229836,1
20.0,2001,0.7938554786929709,0.7999999999999972,1,0.06179832852285472,9.400588314345827e-06,2.1719857613788918e-05,1
20.0,2001,4.321025964341481,4.400000000000006,1,1.1180512805499347,0.007635931497363595,0.007059269119054079,1
20.0,2001,3.4790726926406745,3.5,1,2.044467565649768,0.019689936043190776,0.02322041429579258,1
20.0,2001,0.3070627020167156,0.4000000000000057,1,0.07563686118623991,3.7882026223655248e-06,3.2536125218030065e-05,1
20.0,2001,0.33965911402402515,0.4000000000000057,1,0.017737719502747495,4.4854225857830476e-07,1.7894012671604287e-06,1
20.0,2001,39.22026138038682,4.900000000000006,0,0.0,0.022374697853901247,nan,0
20.0,2001,3.0916747847307553,3.0999999999999943,1,0.10836417630480355,8.980648239512837e-05,6.678138743154705e-05,1
20.0,2001,2.1412207081745045,2.1999999999999957,1,0.11870457145687396,6.83140790829147e-05,8.013330079847947e-05,1
20.0,2001,1.8663400627742772,1.9000000000000057,1,0.6899604589445971,0.0014039713605191837,0.002700145123526454,1
20.0,2001,11.516876365109898,5.099999999999994,0,0.0,0.00019986360140070245,nan,0
20.0,2001,3.653077819757712,3.700000000000003,1,28.289992056341784,1.0303397288645513,0.8198766708374023,1
20.0,2001,4.992536092061022,5.0,1,5.044621752896035,0.18476785234536736,0.12643450498580933,1
20.0,2001,5.367858393162208,5.400000000000006,1,4.914818467985015,0.06581052156881606,0.12078744173049927,1
20.0,2001,0.13030772037217533,0.19999999999998863,1,0.0009936525659668405,7.084538476863811e-10,5.615417908444442e-09,1
20.0,2001,3.0288893963136143,3.1000000000000014,1,0.46347224333794657,0.002398801432374942,0.0012201975332573056,1
20.0,2001,1.6565815760292273,1.7000000000000028,1,1.0518048255726171,0.011013933593940421,0.00625258032232523,1
20.0,2001,0.27483421292718674,0.30000000000001137,1,0.10838219311062858,9.783337828088521e-06,6.680359365418553e-05,1
20.0,2001,6.1222359487569715,6.199999999999996,1,1.640459965346622,0.027568509287328975,0.015074660070240498,1
20.0,2001,1.4424950983207956,1.5,1,0.018208511165141772,1.8746586506359622e-06,1.885649680843926e-06,1
20.0,2001,22.63600322695792,6.799999999999997,0,0.0,0.10602553439278814,nan,0
20.0,2001,19.206687259940132,2.0,0,0.0,4.966209754743106e-05,nan,0
20.0,2001,2.133806621101496,2.200000000000003,1,1.5919659917470312,0.004213922808570361,0.014209059998393059,1
20.0,2001,6.402808348877973,6.500000000000007,1,0.3453078449446707,0.0015858265036243471,0.0006776905502192676,1
20.0,2001,4.289470280846539,4.300000000000004,1,6.1056064036959015,0.11410222664197564,0.17492902278900146,1
20.0,2001,7.0495962102488665,7.099999999999994,1,9.5493881258908,0.3081131871045121,0.34151506423950195,1
20.0,2001,0.30665783452265394,0.3999999999999915,1,0.00015628319431471027,2.4332226089104323e-11,1.389112852523411e-10,1
20.0,2001,5.192673665930952,5.200000000000003,1,12.821826559993053,1.3408803666915505,0.48320478200912476,1
20.0,2001,2.648321256788748,2.700000000000003,1,1.6790432773084376,0.014926862487214,0.01578078418970108,1
20.0,2001,0.34479603700013345,0.4000000000000057,1,0.19786374168131715,3.2631745973115534e-05,0.000222612070501782,1
20.0,2001,0.15948443682493788,0.20000000000000284,1,4.479686981539999e-05,1.4770709349721573e-12,1.1413222797407307e-11,1
20.0,2001,2.46174051886872,2.5,1,0.22552363588533808,0.0001963941121492813,0.00028918214957229793,1
20.0,2001,3.2267966340912726,3.299999999999997,1,1.605000048517013,0.011673968420506583,0.014439309015870094,1
20.0,2001,0.22796431763799585,0.29999999999999716,1,0.001016899521346204,4.748338797287429e-09,5.881241715854912e-09,1
20.0,2001,0.177123625072161,0.20000000000000284,1,3.6522471191346995e-05,9.861414747318252e-13,7.586356889910384e-12,1
20.0,2001,0.5961876814763091,0.5999999999999943,1,0.39416324745405973,0.00017388882503091034,0.0008828392601571977,1
20.0,2001,1.439153427126132,1.6000000000000085,1,0.050562707615426916,1.0850968627192365e-05,1.4540096344717313e-05,1
20.0,2001,0.18831177685393652,0.20000000000000284,1,0.00455801573809822,1.2745607445790202e-08,1.1815838263373735e-07,1
20.0,2001,3.6838242786178443,3.6999999999999886,1,11.230295044535978,0.42727113093007046,0.41768744587898254,1
20.0,2001,7.8219051046217745,7.899999999999999,1,7.0776780256240155,0.578578883142306,0.22173015773296356,1
20.0,2001,0.46321278407466104,0.5,1,7.159704790637988e-05,5.4757700090517795e-12,2.9154338665460244e-11,1
20.0,2001,2.1668271491240425,2.200000000000003,1,0.8999790212847074,0.012111727870884272,0.004585447255522013,1
20.0,2001,7.517175755026101,7.600000000000001,1,0.5578182181500324,0.004736739335140468,0.0017665683990344405,1
20.0,2001,2.7105467685565174,2.799999999999997,1,0.03587100885090422,5.7255208569132895e-06,7.318076768569881e-06,1
20.0,2001,0.23440700312562116,0.29999999999999716,1,0.027943741708895686,9.360651416543995e-07,4.440993507159874e-06,1
20.0,2001,5.81002772733573,5.8999999999999915,1,23.301285595704826,1.6718873729028254,0.7553796768188477,1
20.0,2001,0.9843169260143418,1.0,1,0.007889265730852912,1.0846962482989078e-07,3.539859108059318e-07,1
20.0,2001,4.119397722831665,4.200000000000003,1,0.278471929177158,0.0006493072353692578,0.00044084334513172507,1
20.0,2001,8.734070838118479,8.799999999999997,1,32.74618342765092,3.5277165713558194,0.8591282963752747,1
20.0,2001,1.811839311780516,1.8999999999999915,1,3.8007034264881554,0.03574547325119376,0.07591907680034637,1
20.0,2001,8.985118211943787,9.0,1,55.518194059403164,2.731924281278133,0.9460336565971375,1
20.0,2001,0.5078912968028503,0.5999999999999943,1,0.3213634713115425,0.00011679725470005524,0.000587017391808331,1
20.0,2001,3.521838306379051,3.5999999999999943,1,11.236146974370627,0.42581611804390523,0.4179408848285675,1
20.0,2001,1.139287155725648,1.1999999999999886,1,1.1150134446339166,0.002240300712851057,0.0070212287828326225,1
20.0,2001,0.45883586098335294,0.5,1,0.00025787685524392145,7.181733279390561e-11,3.782140711727777e-10,1
20.0,2001,1.2462896331718463,1.2999999999999972,1,0.05496370177661447,8.044360525102061e-06,1.7181355360662565e-05,1
20.0,2001,0.4401017865650836,0.5,1,0.017637786760587915,5.753464973266314e-07,1.7692954088488477e-06,1
20.0,2001,1.5636403076669778,1.6000000000000085,1,17.99983608938802,0.3786587259787453,0.6482193470001221,1
20.0,2001,4.594206207630895,4.599999999999994,1,0.16305568522966496,0.00025609699849812536,0.00015118865121621639,1
20.0,2001,0.2905732215983858,0.29999999999999716,1,6.426698860195756e-05,3.2969717617283048e-12,2.349031559545356e-11,1
20.0,2001,8.535881660380046,8.599999999999994,1,1.6462205010725484,0.01373952033345124,0.015179106965661049,1
20.0,2001,7.7333080107943655,7.799999999999997,1,0.45211093919323275,0.0027418887002700065,0.0011611769441515207,1
20.0,2001,2.0178339957153137,2.0999999999999943,1,4.570496612829345,0.05593984689086877,0.1061902865767479,1
20.0,2001,0.6500585306827684,0.7000000000000028,1,0.36359134000548465,0.00017398685759651794,0.0007513003656640649,1
20.0,2001,0.1011859289427218,0.20000000000000284,1,1.7853947724688624e-06,2.320260712032086e-15,1.8129318914692806e-14,1
20.0,2001,7.047737169941466,7.100000000000001,1,0.43354039551013557,0.0025278364487763974,0.0010678446851670742,1
20.0,2001,0.20488494597488785,0.29999999999999716,1,0.13514319688738397,1.4484680041529264e-05,0.00010386188660049811,1
20.0,2001,10.143967440448332,10.200000000000003,1,0.318509863188865,0.0016785074996186905,0.0005766446120105684,1
20.0,2001,0.10418983427139203,0.20000000000000284,1,0.0040997284791046695,1.2634527509397242e-08,9.559234115386062e-08,1
20.0,2001,0.1689708902914556,0.20000000000000284,1,0.09407847556639126,5.9971277774363075e-06,5.0335180276306346e-05,1
20.0,2001,1.1422714997546461,1.2000000000000028,1,1.1555241516811066,0.009242421247023852,0.007536773104220629,1
20.0,2001,0.9233581107346358,1.0,1,0.055659020846178464,7.467764746333674e-06,1.7618804122321308e-05,1
20.0,2001,0.22828632244365935,0.29999999999999716,1,0.03418968588584903,1.1313823850188395e-06,6.64814206174924e-06,1
20.0,2001,6.0433291552485,6.1000000000000085,1,0.19999930923722786,0.0005667975588959474,0.00022744225861970335,1
20.0,2001,0.363478656923076,0.4000000000000057,1,0.025572512160493943,7.8830672661448e-07,3.7192735362623353e-06,1
20.0,2001,10.394416580908558,10.399999999999999,1,26.930383951836063,4.0579632896351185,0.8048686981201172,1
20.0,2001,2.234568877453799,2.299999999999997,1,0.010497605886882866,3.954439902424545e-07,6.267483740884927e-07,1
20.0,2001,0.6148574267580961,0.7000000000000028,1,0.033865747261643264,2.1927598803012127e-06,6.522760486404877e-06,1
20.0,2001,0.10808876448984646,0.20000000000000284,1,1.2604645266189607,0.0017819529397046594,0.008955040946602821,1
20.0,2001,3.1399272459484195,3.200000000000003,1,0.11134909109273394,6.394887007640747e-05,7.05108031979762e-05,1
20.0,2001,0.7067874157273865,0.7999999999999972,1,0.03921387719219638,2.487516590775399e-06,8.745581908442546e-06,1
20.0,2001,0.41898028751817384,0.5,1,0.0001382301206263037,2.0952539925074363e-11,1.0867216848620131e-10,1
20.0,2001,9.34433175245004,9.400000000000006,1,3.2558914632238545,0.11386531225224387,0.0568627305328846,1
20.0,2001,0.10216046063860418,0.20000000000000284,1,0.01041202458418411,7.807851972245357e-08,6.165709578453971e-07,1
20.0,2001,2.8708107497776547,2.9000000000000057,1,0.5926953664568373,0.0013506638453492914,0.0019939267076551914,1
20.0,2001,12.377444398796369,12.400000000000006,1,25.127881626307442,1.822381322159639,0.7821861505508423,1
20.0,2001,2.6494417403861674,2.700000000000003,1,0.047677093110451096,2.9185998738327344e-05,1.2927866919199005e-05,1
20.0,2001,1.9323860641743784,2.0,1,3.2965371362660107,0.029283890075621814,0.058208152651786804,1
20.0,2001,2.8539142067115844,2.9000000000000057,1,1.6050100554066375,0.005612501008440649,0.014439486898481846,1
20.0,2001,1.2983308844437285,1.2999999999999972,1,1.2156867839703693,0.011086538019839845,0.008335298858582973,1
20.0,2001,3.223646528810143,3.299999999999997,1,0.08357916771092277,6.772730847399756e-05,3.972755075665191e-05,1
20.0,2001,2.725945240542831,2.799999999999997,1,2.9735021521458407,0.035657808173290464,0.04787863790988922,1
20.0,2001,0.23744398019902999,0.29999999999999716,1,0.14101597016343703,1.72598224385246e-05,0.00011308381363051012,1
20.0,2001,0.16245828707999324,0.20000000000000284,1,0.02312647974895299,5.363081360434219e-07,3.041800255232374e-06,1
20.0,2001,1.8971881486296684,1.9000000000000057,1,0.08744626312656578,3.724749259278659e-05,4.3488715164130554e-05,1
20.0,2001,12.970790225713115,13.0,1,21.53663116216026,3.6662698354484817,0.7251207828521729,1
20.0,2001,1.5214881993485951,1.6999999999999886,1,0.06155005026585059,1.4093529714625825e-05,2.1545691197388805e-05,1
20.0,2001,6.481012187138785,6.5,1,0.24088502582640103,0.0006883432958362437,0.00032990527688525617,1
20.0,2001,3.5272966269012342,3.6000000000000085,1,0.5487159931954011,0.014650840195386086,0.0017094843788072467,1
20.0,2001,1.4069198431326542,1.5,1,0.00042240474419941165,4.404602397955162e-10,1.0147768181312244e-09,1
20.0,2001,0.14954935259081684,0.20000000000000284,1,0.007508260233862529,5.5782408971142075e-08,3.206206145023316e-07,1
20.0,2001,8.995885396359153,9.0,1,2.9641695925547538,0.06320651828876392,0.04759284853935242,1
20.0,2001,4.70840357017565,4.800000000000011,1,3.2018134755798533,0.011097299183890942,0.055092718452215195,1
20.0,2001,0.24822124532649012,0.29999999999999716,1,0.009002771199789095,6.216110060687861e-08,4.6096204187051626e-07,1
20.0,2001,0.11991800298852597,0.20000000000000284,1,0.012206931349169281,1.4463666100193533e-07,8.474724495499686e-07,1
20.0,2001,6.198767504106892,2.700000000000003,0,0.0,7.745490639439973e-05,nan,0
20.0,2001,2.413892764576728,2.5,1,0.43967684705205556,0.0006211124694667878,0.0010982543462887406,1
20.0,2001,5.325073089226742,5.400000000000006,1,0.28123097279626563,0.0008196537339253884,0.0004496182664297521,1
20.0,2001,39.34946741421521,12.100000000000001,0,0.0,3.0213162398700457,nan,0
20.0,2001,14.039024230268081,14.099999999999994,1,103.70760804751035,9.422143750484487,0.9839149117469788,1
20.0,2001,14.031538912140329,14.099999999999994,1,0.12462882609838744,0.00039077613104137774,8.833068568492308e-05,1
20.0,2001,10.613902115036879,10.699999999999996,1,7.823447332795695,0.7485411281029403,0.25821757316589355,1
20.0,2001,2.259838348096601,2.299999999999997,1,0.3719302502267965,0.0003164614438282532,0.0007861300837248564,1
20.0,2001,6.909555077363975,7.0,1,0.059166390177551875,3.321223776709965e-05,1.990923010453116e-05,1
20.0,2001,5.819720685530767,5.8999999999999915,1,0.0014190224541721363,1.993488454113353e-08,1.1452267578704323e-08,1
20.0,2001,4.7446156252180725,0.4000000000000057,0,0.0,3.2374315863747793e-07,nan,0
20.0,2001,1.5297308133734338,1.5999999999999943,1,0.08026433423520984,2.0111060282229337e-05,3.66388849215582e-05,1
20.0,2001,0.6824665535429092,0.6999999999999886,1,0.010780099500124152,1.9997334436138382e-07,6.609341767216392e-07,1
20.0,2001,0.12408969196898721,0.19999999999998863,1,0.005901546272525593,5.613844301489742e-08,1.9808176432434266e-07,1
20.0,2001,13.917180966257696,14.0,1,18.115021958595662,3.7088998488667415,0.6511229872703552,1
20.0,2001,10.737789727460274,10.799999999999997,1,39.53332395036426,3.1096383532245233,0.8988747596740723,1
20.0,2001,3.7586738431925,3.8000000000000114,1,0.002907894076372486,5.12836957228197e-08,4.809169595887397e-08,1
20.0,2001,0.15346878219555432,0.20000000000000284,1,0.008587010354858648,7.870660741377077e-08,4.193693996512593e-07,1
20.0,2001,8.481306274030603,8.5,1,64.952451520164,3.4692416840224265,0.9599905014038086,1
20.0,2001,0.2179219435034231,0.29999999999999716,1,0.011606726319456584,1.4879071679308722e-07,7.661822678528551e-07,1
20.0,2001,0.682946686409944,0.6999999999999886,1,0.00666281066423835,1.407214366331462e-06,2.5248047563763976e-07,1
20.0,2001,1.6884906196440106,1.7000000000000028,1,0.13132291862484635,6.933920884810668e-05,9.807344031287357e-05,1
20.0,2001,0.11181680274126424,0.20000000000000284,1,1.6856972706591478e-06,2.081051858449982e-15,1.616114468812324e-14,1
20.0,2001,1.7613457613348031,1.8000000000000114,1,0.0011947491175305913,3.493726845369879e-07,8.118323790995419e-09,1
20.0,2001,0.2983798992265769,0.30000000000001137,1,0.017873449374178563,2.876153034405715e-07,1.8168911992688663e-06,1
20.0,2001,3.0983170607864565,3.0999999999999943,1,5.4610169767371985,0.1143552835282125,0.1450165957212448,1
20.0,2001,6.277064985521358,6.299999999999997,1,0.11469401499152809,0.00014691879302157606,7.481039938284084e-05,1
20.0,2001,15.878015736132678,15.900000000000006,1,43.178514556543576,3.7391751792248233,0.9138189554214478,1
20.0,2001,6.718452426779044,6.800000000000011,1,20.35917722071497,1.833918611217448,0.7021505236625671,1
20.0,2001,1.544833245694335,1.5999999999999943,1,0.06425602766228167,1.5676440628260536e-05,2.3481752577936277e-05,1
20.0,2001,0.4054603641148985,0.5,1,0.04300203739916242,2.640730280537732e-06,1.0516868314880412e-05,1
20.0,2001,3.3628206189459515,3.3999999999999915,1,5.574487407547616,0.11262239291443078,0.150191068649292,1
20.0,2001,0.16561359212347174,0.20000000000000284,1,0.01273296777867472,1.8985843763723345e-07,9.220868832926499e-07,1
20.0,2001,1.2706151040018567,1.2999999999999972,1,0.03693333843102664,5.550948315152956e-06,7.757945240882691e-06,1
20.0,2001,0.7828790135795469,0.7999999999999972,1,0.25746604068876877,9.430416613102958e-05,0.00037686791620217264,1
20.0,2001,3.6154268661326063,3.8999999999999915,1,0.21160340291467605,0.0003748539029496672,0.00025459370226599276,1
20.0,2001,0.1466758959215079,0.19999999999998863,1,0.24086142113937456,4.480242119441012e-05,0.00032984063727781177,1
20.0,2001,0.5968362069770042,0.6000000000000085,1,0.013663962990676737,2.5878970329701156e-07,1.061856551132223e-06,1
20.0,2001,0.1124913917044124,0.20000000000000284,1,0.02525158437151731,4.5350161125479556e-07,3.6265080325392773e-06,1
20.0,2001,0.19524648294684652,0.20000000000000284,1,0.0012966444500648322,9.002024107244424e-09,9.562132419205227e-09,1
20.0,2001,0.26436615424927584,0.29999999999999716,1,0.936671068281539,0.0007278875704367084,0.004965071100741625,1
20.0,2001,4.26886242724807,4.299999999999997,1,0.08889892514616804,8.174097869618302e-05,4.4945525587536395e-05,1
20.0,2001,4.1021909795992775,4.199999999999989,1,0.7772322556779727,0.025171798793722843,0.003423931309953332,1
20.0,2001,17.14726028237093,17.200000000000003,1,7.627449005017297,0.6651159144182243,0.24861791729927063,1
20.0,2001,15.006159427658618,6.5,0,0.0,0.0007114286595655291,nan,0
20.0,2001,16.700442065403852,16.800000000000004,1,4.952274633832985,0.27599998225000477,0.12240929901599884,1
20.0,2001,0.40170350715381414,0.5,1,0.08292587195694523,7.586570165428022e-06,3.910894156433642e-05,1
20.0,2001,0.36567479366729394,0.4000000000000057,1,0.03540229257245642,1.2581391729649699e-06,7.128081051632762e-06,1
20.0,2001,2.213804449202855,2.3000000000000114,1,0.15080745987273758,0.00011813517001372813,0.00012933093239553273,1
20.0,2001,0.38977420069617874,0.3999999999999915,1,0.020099071400181856,6.714928486819407e-07,2.2975445972406305e-06,1
20.0,2001,21.420392844318485,14.0,0,0.0,0.002486092171848432,nan,0
20.0,2001,0.1573820586701499,0.20000000000000284,1,0.002504460724594537,4.1133627151839324e-09,3.5673142662062673e-08,1
20.0,2001,3.5084369647191047,3.6000000000000085,1,1.1184939956970084,0.027725023900894447,0.007064821198582649,1
20.0,2001,10.93681386521573,4.900000000000006,0,0.0,0.0001907271696531691,nan,0
20.0,2001,3.4589166676370158,3.5,1,4.231971858084648,0.08661486615945252,0.09244268387556076,1
20.0,2001,0.8011398472917173,0.9000000000000057,1,0.11619884514601608,2.0881678917872617e-05,7.67862075008452e-05,1
20.0,2001,4.976126145512174,5.0,1,0.9146824160889082,0.029231491240834528,0.004735785070806742,1
20.0,2001,16.157967800983833,16.199999999999996,1,0.0,0.0,0.0,1
20.0,2001,5.9902607288258976,6.0,1,10.66737696145799,0.7590547248740326,0.39290353655815125,1
20.0,2001,0.852011567135993,0.9000000000000057,1,0.05673782793473947,6.296754762898231e-06,1.8308401195099577e-05,1
20.0,2001,38.90785251460179,19.099999999999994,0,0.0,0.8253353693232411,nan,0
20.0,2001,5.574673472624903,5.599999999999994,1,0.21568943489455705,0.000517889695415922,0.0002645183412823826,1
20.0,2001,1.4529717385136083,1.5,1,0.08908215710960121,3.038499709971608e-05,4.5130982471164316e-05,1
20.0,2001,6.252495781655721,4.299999999999997,0,0.0,3.2168589447308584e-05,nan,0
20.0,2001,16.090381190842013,16.10000000000001,1,24.760556957099652,4.266345009614438,0.777126669883728,1
20.0,2001,0.5094473790779065,0.6000000000000085,1,0.03852254999765137,2.8014127213782615e-06,8.43993984744884e-06,1
20.0,2001,5.2948617249964425,5.299999999999997,1,0.0,0.0,0.0,1
20.0,2001,0.21570095611488466,0.29999999999999716,1,0.005681246232597914,1.9098745416917292e-08,1.8356931263951992e-07,1
20.0,2001,19.8175757118644,19.900000000000006,1,99.55435851454683,14.086020451605844,0.9825687408447266,1
20.0,2001,19.87334616827638,19.900000000000006,1,162.9002657350316,9.849760584058519,0.9934177398681641,1
20.0,2001,1.977678961271534,2.0999999999999943,1,1.2456273379764298,0.01930231365689507,0.008747291751205921,1
20.0,2001,22.548767874190595,18.299999999999997,0,0.0,5.289432401636222e-05,nan,0
20.0,2001,0.17178397857382505,0.20000000000000284,1,3.0801476214037393e-06,7.793936352361219e-15,5.3958021454776975e-14,1
20.0,2001,0.2743661268963425,0.30000000000001137,1,0.0101434879859994,6.401549975303735e-08,5.851771334164368e-07,1
20.0,2001,0.33865690424116407,0.5999999999999943,1,0.042559393756164354,1.8383713685825354e-06,1.0301473594154231e-05,1
20.0,2001,19.18233853808106,19.200000000000003,1,2.6260852505406547,0.048012115758504455,0.0377417653799057,1
20.0,2001,3.3599053937163665,3.4000000000000057,1,1.1452665335591519,0.02724567656173546,0.007404544856399298,1
20.0,2001,19.046174252618258,1.4000000000000057,0,0.0,1.7679848244955258e-05,nan,0
20.0,2001,5.87267060789652,6.099999999999994,1,3.3070939965676303,0.12541969358135252,0.05855969712138176,1
20.0,2001,2.4289864625924786,2.5,1,0.1272083364688683,6.847894062471953e-05,9.202463843394071e-05,1
20.0,2001,0.284262567897794,0.30000000000001137,1,0.005586963711721182,2.5776487893432355e-08,1.7752707037743676e-07,1
20.0,2001,4.549452780798144,4.699999999999989,1,0.24883486384874232,0.0005095049745927171,0.00035203227889724076,1
20.0,2001,0.47991391515110876,0.5,1,0.02067029407589871,7.688814040432623e-07,2.4299940832861466e-06,1
20.0,2001,7.8049293832950335,7.900000000000006,1,3.198595605060291,0.03511708391495315,0.05498812347650528,1
20.0,2001,5.993634663717298,6.0,1,0.36177248904004955,0.001659063650175259,0.0007438080501742661,1
20.0,2001,4.586820483230303,4.599999999999994,1,0.20761084776358985,0.00039685451785565634,0.0002450792817398906,1
20.0,2001,1.9844188748194371,2.0,1,1.2076255179845248,0.01523234476083446,0.008226028643548489,1
20.0,2001,1.700497290047979,1.7999999999999972,1,0.08809499753508021,2.8228594975651024e-05,4.41363372374326e-05,1
20.0,2001,1.4025349721629956,1.5,1,4.384657679836175,0.031756719104137035,0.09856418520212173,1
20.0,2001,0.20481430715569013,0.29999999999999716,1,0.0167467588225918,2.0191650819199e-07,1.5950481611071154e-06,1
20.0,2001,8.307674861628335,8.399999999999991,1,0.0,0.0,0.0,1
20.0,2001,0.12153626031056958,0.19999999999998863,1,0.9774014230807049,0.0007771610924317214,0.005403879564255476,1
20.0,2001,0.11442023454155069,0.19999999999998863,1,1.2473304973991617,0.0017564435083449548,0.008771018125116825,1
20.0,2001,7.136407537746673,7.200000000000003,1,0.30421492866150857,0.0013154399484056267,0.0005260723410174251,1
20.0,2001,0.2003489823075488,0.4000000000000057,1,0.0020366135076983483,3.649173375429655e-08,2.359012185593201e-08,1
20.0,2001,0.25652830730127146,0.29999999999999716,1,0.01716124650008055,4.668599431640044e-07,1.6749810356486705e-06,1
20.0,2001,3.6621763390488273,3.700000000000003,1,0.05228738886944484,1.6039531639347132e-05,1.554891605337616e-05,1
20.0,2001,3.4927645527001374,3.5,1,1.2879682323529948,0.033458508522351146,0.009346415288746357,1
20.0,2001,1.8898996081783268,1.8999999999999915,1,1.5524361003326135,0.0050226962561050305,0.013521597720682621,1
20.0,2001,1.5786936324290766,1.5999999999999943,1,0.10988273266548276,5.568502738255341e-05,6.866604235256091e-05,1
20.0,2001,0.9282416114574126,1.0,1,0.02311554611185329,1.8725016266591437e-06,3.0389246603590436e-06,1
20.0,2001,20.754560958985135,20.800000000000004,1,166.89886909798454,12.437340347021282,0.9937273859977722,1
20.0,2001,3.52861542510767,3.6000000000000085,1,0.0,0.0,0.0,1
20.0,2001,0.4602911951416985,0.5,1,0.03660325372720763,2.7950107358429392e-06,7.6198957685846835e-06,1
20.0,2001,11.031006374951803,11.099999999999994,1,3.1039588442649233,0.17863512725197023,0.05194892734289169,1
20.0,2001,24.055233650826445,24.099999999999994,1,0.788929300082998,0.027469176539139006,0.003527398221194744,1
20.0,2001,20.706273903836568,20.799999999999997,1,0.07152028221793216,0.00019382293068882195,2.9091006581438705e-05,1
20.0,2001,9.897061881291318,9.899999999999991,1,0.07743620354472114,0.00010241770743098142,3.410250064916909e-05,1
20.0,2001,1.1564454783554088,1.1999999999999886,1,0.06186003889740732,9.678875335533703e-06,2.1763256881968118e-05,1
20.0,2001,5.039377855874401,5.200000000000003,1,2.613065755542266,0.10007261542341628,0.037382420152425766,1
20.0,2001,6.545148727339694,1.5,0,0.0,3.926507263205924e-07,nan,0
20.0,2001,15.772789599621548,15.799999999999997,1,0.05310406700846215,0.00041119943782632755,1.6038418834796175e-05,1
20.0,2001,2.719937534775315,2.799999999999997,1,0.1819685069553998,0.000992602359250293,0.00018828842439688742,1
20.0,2001,24.57300732156749,24.5,0,0.0,16.00688711986295,nan,0
20.0,2001,1.597287998505081,1.6000000000000085,1,0.10026491630705436,3.9650220598943404e-05,5.717235762858763e-05,1
20.0,2001,12.484187482286792,12.5,1,55.99559586011259,4.093233967875338,0.946901261806488,1
20.0,2001,0.3491321027518645,0.3999999999999915,1,0.034477843253625906,1.259888081956178e-06,6.760677024431061e-06,1
20.0,2001,1.1862140851028795,1.2000000000000028,1,0.028771742012736468,3.324495915711132e-06,4.7080734475457575e-06,1
20.0,2001,0.1696306513960944,0.20000000000000284,1,0.003722951569898214,1.0043476859244382e-08,7.882930219693662e-08,1
20.0,2001,3.3325772876292032,3.4000000000000057,1,1.0977925387062157,0.02457825939779394,0.006807488854974508,1
20.0,2001,2.1578103978138183,2.200000000000003,1,13.242865691051325,0.4886399659319157,0.4993534982204437,1
20.0,2001,0.6243449227128821,0.7000000000000028,1,0.01902610334673227,6.640878069892181e-07,2.0587885956047103e-06,1
20.0,2001,17.24574012772678,17.299999999999997,1,1.044232402075977,0.11680633080218128,0.006163427140563726,1
20.0,2001,16.271799923608235,16.299999999999997,1,84.49476058746632,11.347895734272717,0.9759640693664551,1
20.0,2001,25.266885281731728,25.299999999999997,1,144.01779690339572,19.542519744914816,0.9915940165519714,1
20.0,2001,7.953292137554645,8.0,1,22.73295114638526,1.4985283830196618,0.7461393475532532,1
20.0,2001,0.21666300080911954,0.29999999999999716,1,0.0005315468706612592,3.603282828250801e-09,1.6069267028129275e-09,1
20.0,2001,0.1483727506613179,0.19999999999998863,1,0.0,0.0,0.0,1
20.0,2001,0.5342093963794017,0.6000000000000085,1,0.014802192008573911,1.5549904134448558e-06,1.2461332516977564e-06,1
20.0,2001,1.5174856709883144,1.5999999999999943,1,0.0,0.0,0.0,1
20.0,2001,23.971985631390407,23.999999999999993,1,4.224552892709198,0.17931170452525438,0.09214869141578674,1
20.0,2001,0.4253619913767125,0.5,1,1.0824650540832579,0.0033173563786481146,0.006619971711188555,1
20.0,2001,0.3577409740863932,0.3999999999999915,1,0.0,0.0,0.0,1
20.0,2001,0.10545727059104962,0.19999999999998863,1,0.0,0.0,0.0,1
20.0,2001,9.042508513831146,9.099999999999994,1,11.985397062166442,0.4196364582153085,0.44963985681533813,1
20.0,2001,26.320262853506076,26.400000000000006,1,189.09851499313146,15.651281851166498,0.9951069355010986,1
20.0,2001,1.5924545511960146,1.6000000000000085,1,0.08316739472445533,2.712318052664812e-05,3.933707557735033e-05,1
20.0,2001,44.57187421054516,2.0,0,0.0,1.7599710294234256e-05,nan,0
20.0,2001,16.034351237955306,16.099999999999994,1,0.7025669247641417,0.01507631762011666,0.002799438079819083,1
20.0,2001,0.7739332984917767,0.8999999999999915,1,0.0063040578288564575,3.465233788202455e-07,2.260233031847747e-07,1
20.0,2001,2.4646881629279593,2.5,1,0.0,0.0,0.0,1
20.0,2001,6.494410639838477,6.5,1,0.0,0.0,0.0,1
20.0,2001,0.5648214136060549,0.5999999999999943,1,0.0,0.0,0.0,1
20.0,2001,0.17372826097582153,0.29999999999999716,1,1.2947786031351143,0.0028220053561379536,0.009444582276046276,1
20.0,2001,0.5039624312227952,0.5999999999999943,1,0.004461826952478987,1.0768370975344255e-07,1.1322396176183247e-07,1
20.0,2001,0.2950030339510442,0.29999999999999716,1,0.0018013670249956704,3.237879879551294e-08,1.845514141507465e-08,1
20.0,2001,1.958952948347164,2.0,1,0.06450262713860866,1.3388060286143703e-05,2.3662329112994485e-05,1
20.0,2001,0.4081307505007035,0.5,1,0.3892358581429676,0.00016362011158432884,0.000860923551954329,1
20.0,2001,0.19851933082364834,0.19999999999998863,1,0.0,0.0,0.0,1
20.0,2001,0.10810370561598694,0.19999999999998863,1,0.015286401038963504,2.0670371471509475e-07,1.328993562310643e-06,1
20.0,2001,2.7329798881663256,2.799999999999997,1,13.191167507618527,0.30319242524234047,0.497397780418396,1
20.0,2001,0.1505948018227537,0.20000000000000284,1,0.00038492315189841975,1.0699720072508672e-10,8.426767617031317e-10,1
20.0,2001,26.55431582469955,26.599999999999994,1,0.010162857793545754,5.077700192584699e-06,5.874141493222851e-07,1
20.0,2001,12.192111107392071,12.200000000000003,1,0.7842523635522411,0.014320015555413441,0.0034858451690524817,1
20.0,2001,0.42952195748064503,0.5,1,0.3329499281556423,0.0001168461072925013,0.0006300819804891944,1
20.0,2001,0.19675999858209178,0.20000000000000284,1,0.5366172468397646,0.00020994773297650866,0.0016350517980754375,1
20.0,2001,1.779268686452451,1.7999999999999972,1,0.1161636504875787,4.078227888362551e-05,7.673970685573295e-05,1
20.0,2001,24.51832801019536,5.200000000000003,0,0.0,0.0003260295869279221,nan,0
20.0,2001,1.2758940284527986,1.2999999999999972,1,0.07146712462645155,1.6611098437886058e-05,2.904778011725284e-05,1
20.0,2001,0.2184216316195209,0.29999999999999716,1,0.014230340011636144,3.210941345831902e-07,1.1517096254465287e-06,1
20.0,2001,0.11636401750741725,0.10000000000000853,0,0.0,0.0,nan,0
20.0,2001,1.343722979354345,1.3999999999999915,1,0.05004961381803241,1.0374164331563825e-05,1.4246501450543292e-05,1
20.0,2001,3.83288192229483,3.9000000000000057,1,14.118319493897673,0.6212349751612047,0.5313195586204529,1
20.0,2001,1.1651639510852267,1.2000000000000028,1,0.00013161667658323495,1.9094635323054218e-07,9.852235693941225e-11,1
20.0,2001,3.066571342622057,3.0999999999999943,1,23.176539734137755,1.311726803042025,0.7533904314041138,1
20.0,2001,1.6394306826517218,1.7000000000000028,1,0.0,0.0,0.0,1
20.0,2001,15.276565430455527,15.299999999999997,1,0.26061478244446334,0.001880264159761824,0.00038613867945969105,1
20.0,2001,0.9764267928163725,1.0,1,0.9732365146234088,0.0015808425741644472,0.005358169786632061,1
20.0,2001,6.11860061931593,6.200000000000003,1,0.36091714214035164,0.001718903939554117,0.0007402976043522358,1
20.0,2001,6.04956874619384,6.1000000000000085,1,0.28652265210803307,0.0010018672492711853,0.0004666896420530975,1
20.0,2001,0.16373890051807755,0.30000000000001137,1,1.2841524070774426,0.0027555127764407866,0.009291630238294601,1
20.0,2001,0.1562036923201666,0.20000000000000284,1,0.0804320443057236,4.898066671412473e-06,3.6792152968700975e-05,1
20.0,2001,0.37549639318276484,0.3999999999999915,1,0.029015359052209533,1.160145314839485e-06,4.788139449374285e-06,1
20.0,2001,0.4798510614517029,0.6000000000000085,1,0.0,0.0,0.0,1
20.0,2001,0.12011707103506551,0.20000000000000284,1,0.010213624346249617,7.653776769772303e-08,5.932973863309599e-07,1
20.0,2001,0.13549420676822505,0.20000000000000284,1,0.07180037030587982,3.6207640067927252e-06,2.9319298846530728e-05,1
20.0,2001,5.721923682256845,5.799999999999997,1,0.0,0.0,0.0,1
20.0,2001,0.6067746122209108,0.7000000000000028,1,0.013693038249414258,1.9950032080395577e-07,1.0663803777788416e-06,1
20.0,2001,21.86076830832424,17.5,0,0.0,0.47612873915922294,nan,0
20.0,2001,14.14464957574802,14.200000000000003,1,0.0003079037504107873,2.5049141385737512e-09,5.391913582286634e-10,1
20.0,2001,0.9023110679342708,1.0,1,0.9399197705340043,0.0014317207859052298,0.004999399650841951,1
20.0,2001,10.87266395043323,11.0,1,2.2388849427878768,0.0930902222692074,0.027718424797058105,1
20.0,2001,0.22148586702063922,0.29999999999999716,1,0.022123213823761034,4.098938327876153e-07,2.783608579193242e-06,1
20.0,2001,3.4515764181236865,3.5,1,0.1406399776692524,0.00011503608746251241,0.00011248164810240269,1
20.0,2001,1.2504208982776437,1.2999999999999972,1,0.03839171242566408,6.0518620943218805e-06,8.382707164855674e-06,1
20.0,2001,0.6732712535940545,0.7000000000000028,1,0.03998913940904458,2.3484651705188667e-06,9.094799679587595e-06,1
20.0,2001,0.4164157746622059,0.5,1,0.025174717979098205,1.138914448917652e-06,3.6044632452103542e-06,1
20.0,2001,0.24190206179431825,0.30000000000001137,1,4.634107710899116e-06,1.7725840113803493e-14,1.221364182750831e-13,1
20.0,2001,3.4238222529569864,3.5,1,0.00015183240054739144,1.3229026823198956e-10,1.3111182972647129e-10,1
20.0,2001,0.3385428882915651,0.4000000000000057,1,0.24220230004181076,5.7281465358487e-05,0.00033352209720760584,1
20.0,2001,4.733475031199271,4.799999999999997,1,9.825566627341686e-05,8.297902875409097e-11,5.490705806687757e-11,1
20.0,2001,1.6191166932685084,1.7000000000000028,1,0.05537630745746469,1.0394629578832073e-05,1.7440275769331492e-05,1
20.0,2001,0.17961651576066534,0.20000000000000284,1,1.481912363487936e-06,1.5234495654129908e-15,1.2489871807695556e-14,1
20.0,2001,0.901965472010761,1.0,1,0.018533989059164924,4.6139158154871937e-07,1.9536641957529355e-06,1
20.0,2001,0.2063307351995444,0.30000000000001137,1,0.0,0.0,0.0,1
20.0,2001,1.1052279975236954,1.2000000000000028,1,0.7085431641701234,0.0009414787431568296,0.0028471301775425673,1
20.0,2001,21.894588987309284,21.89999999999999,1,27.52954070652396,9.441121270382597,0.8116878867149353,1
20.0,2001,0.2260717276782467,0.4000000000000057,1,3.5071608976977586e-06,1.211820229848035e-14,6.995589546011927e-14,1
20.0,2001,17.62762005008061,17.700000000000003,1,0.001022537907658716,1.230342866809705e-07,5.9466418456111114e-09,1
20.0,2001,6.0496962752620425,6.099999999999994,1,1.8430726002620759,0.0062069321099825926,0.018953414633870125,1
20.0,2001,13.05590684135263,3.700000000000003,0,0.0,0.00018790787363101683,nan,0
20.0,2001,4.653616088954088,4.700000000000003,1,2.0672946093768587,0.00793920262764307,0.023729462176561356,1
20.0,2001,0.3554302685027232,0.9000000000000057,1,8.003611128515331e-06,1.243705014301133e-13,3.6432158288454697e-13,1
20.0,2001,12.867136008959609,12.899999999999991,1,3.792123088434893,0.03423622771424019,0.07560256868600845,1
20.0,2001,10.814477825939997,10.899999999999991,1,46.122304064079856,3.3914400626687673,0.9236559271812439,1
20.0,2001,0.10213015689509634,0.19999999999998863,1,0.5339010458453337,0.00023127679502517372,0.0016185682034119964,1
20.0,2001,22.742436519020554,22.80000000000001,1,0.04310277869114998,8.930214624964752e-06,1.0566202035988681e-05,1
20.0,2001,2.138572447868017,2.200000000000003,1,1.2358439903437102e-05,3.497034642448613e-13,8.686408797115019e-13,1
20.0,2001,32.41992196977753,32.5,1,131.66167121642206,25.82401593615044,0.9899588227272034,1
20.0,2001,14.072071438308841,12.799999999999997,0,0.0,0.0012021892720048507,nan,0
20.0,2001,2.905479039278377,3.200000000000003,1,0.1648836573160395,0.00017294444793889403,0.00015459698624908924,1
20.0,2001,1.5005339900828858,1.5999999999999943,1,1.065078439760697,0.01044177861062024,0.006410371512174606,1
20.0,2001,10.167846627798006,10.199999999999989,1,30.71083868628159,1.80496747658956,0.842868447303772,1
20.0,2001,1.0606014696086585,1.0999999999999943,1,6.104153413593289,0.06728642216500755,0.17486032843589783,1
20.0,2001,0.17909064168981156,0.20000000000000284,1,0.00991123732509891,6.13389779735314e-08,5.586868496720854e-07,1
20.0,2001,2.9214903709576583,3.0,1,0.16650589566825147,0.00016613593266235805,0.00015765352873131633,1
20.0,2001,3.808193772101645,3.9000000000000057,1,0.15492650648036488,0.00020101186501768497,0.00013649134780280292,1
20.0,2001,16.24819575620275,16.299999999999997,1,105.2745712007374,7.454124352257804,0.9843827486038208,1
20.0,2001,0.2101126676251024,0.30000000000001137,1,0.01284655135043522,2.368728100081865e-07,9.386110377818113e-07,1
20.0,2001,0.1122913885406771,0.20000000000000284,1,0.0105301989885902,9.06051697963612e-08,6.306462978500349e-07,1
20.0,2001,7.847287802287922,7.8999999999999915,1,0.5844036955515435,0.0006644917999771301,0.0019386352505534887,1
20.0,2001,0.27317271338935534,0.29999999999999716,1,1.3698662560146886,0.0030993960751817366,0.010559875518083572,1
20.0,2001,22.883112492246056,22.900000000000006,1,24.946745202735656,6.107167430595517,0.7797109484672546,1
20.0,2001,10.426220304021538,10.5,1,0.6481564936066206,0.053627265613089135,0.0023836158215999603,1
20.0,2001,4.346694387115622,4.400000000000006,1,10.041831110770602,0.4699150726597614,0.3644769489765167,1
20.0,2001,0.31174706896978616,0.4000000000000057,1,0.13971039444925282,2.282889723434318e-05,0.00011099979747086763,1
20.0,2001,38.23710043958296,31.799999999999997,0,0.0,21.483765316621447,nan,0
20.0,2001,24.381068162776746,11.399999999999991,0,0.0,0.006983682007992061,nan,0
20.0,2001,5.146981384756165,5.200000000000003,1,0.29165052572716377,0.000919128453294835,0.000483535579405725,1
20.0,2001,0.1437674685211176,0.20000000000000284,1,0.046553740509722275,1.6835382792812142e-06,1.2325846910243854e-05,1
20.0,2001,2.6590934759368476,2.700000000000003,1,1.308451858816852,0.004013992244426066,0.00964317750185728,1
20.0,2001,10.989300667911317,11.0,1,36.315523810972536,2.2561803626639,0.882361650466919,1
20.0,2001,30.090701484107388,23.099999999999994,0,0.0,0.055121787609678397,nan,0
20.0,2001,0.36155641706941904,0.4000000000000057,1,0.10387399187027313,1.1004074345574947e-05,6.136206502560526e-05,1
20.0,2001,35.70954438619681,35.8,1,262.1264898802144,22.341393707128606,0.9974475502967834,1
20.0,2001,3.944572627123426,4.0,1,0.013730010155768468,3.0179698229528667e-07,1.0721466878749197e-06,1
20.0,2001,0.734599565896217,1.2000000000000028,1,1.0382185869411842,0.008032125893358963,0.006093071307986975,1
20.0,2001,0.16513543959637098,0.20000000000000284,1,1.2532736921433525,0.0017720483560353445,0.00885405857115984,1
20.0,2001,39.35521296756313,19.299999999999997,0,0.0,0.00908791504335554,nan,0
20.0,2001,35.960008379057044,36.0,1,286.59607133098694,24.278362614987998,0.9978638887405396,1
20.0,2001,0.2424467009777076,0.29999999999999716,1,0.006161179997093313,3.0380871269893034e-08,2.1589403331745416e-07,1
20.0,2001,6.732731572625071,6.800000000000011,1,6.380528819108747,0.13890917248090992,0.1880086064338684,1
20.0,2001,33.140549314700785,33.2,1,247.16045617419948,18.896497987480593,0.9971300363540649,1
20.0,2001,0.23014288269275074,0.5,1,0.034192892824734145,2.29983564646132e-06,6.649388978985371e-06,1
20.0,2001,21.777176767079773,21.799999999999997,1,358.0892602940982,20.20045866828956,0.9986306428909302,1
20.0,2001,0.7768427151117224,0.7999999999999972,1,0.04430516102922866,3.0549306264315193e-06,1.1163921044499148e-05,1
20.0,2001,28.16587306808716,28.19999999999999,1,12.588804595785007,0.5248921837921644,0.474051296710968,1
20.0,2001,6.374275192819466,6.3999999999999915,1,3.6464156502232186,0.04238727360299997,0.07030493766069412,1
20.0,2001,6.650696655618483,6.700000000000003,1,0.19430407629857882,7.412548308930272e-05,0.00021467602346092463,1
20.0,2001,3.957140714112277,4.0,1,6.309140600213141,0.21380325580233436,0.18459735810756683,1
20.0,2001,3.117840828613851,3.200000000000003,1,7.594825860461583,0.1858176345342031,0.247019961476326,1
20.0,2001,0.14435362316572045,0.20000000000000284,1,0.024377343400658447,4.0265228127874376e-07,3.379747340659378e-06,1
20.0,2001,2.376813278882642,2.4000000000000057,1,0.6614949529707701,0.0017077920320611381,0.0024824845604598522,1
20.0,2001,0.4350569512132304,0.5,1,0.1966422416351179,3.622687406628774e-05,0.00021987258514855057,1
20.0,2001,4.469466020685236,4.5,1,0.041800082791610293,2.8529543818030305e-06,9.937174581864383e-06,1
20.0,2001,0.24590465662247812,0.30000000000001137,1,0.0751575788111154,4.475683376156759e-06,3.2125106372404844e-05,1
20.0,2001,0.8806165276108778,0.9000000000000057,1,0.3498284575537127,0.0001699851543947422,0.0006955382996238768,1
20.0,2001,29.846480477717602,16.30000000000001,0,0.0,0.024386225451168617,nan,0
20.0,2001,22.78052083884756,22.799999999999997,1,2.0628302384091057,0.1874490882452766,0.023629503324627876,1
20.0,2001,11.328268902810299,11.399999999999991,1,19.407500388835388,1.301013983578165,0.6817477345466614,1
20.0,2001,3.3580201529862523,3.3999999999999915,1,8.878953243878072,0.2665338927314152,0.3095686733722687,1
20.0,2001,0.41921133614874073,0.5,1,0.19279430322580993,3.80317264707448e-05,0.00021135354472789913,1
20.0,2001,11.13024245576915,11.200000000000003,1,29.209994673256915,2.5143539965523263,0.8291362524032593,1
20.0,2001,0.3049861422694924,0.3999999999999915,1,0.13544729009856837,1.859842928225414e-05,0.00010432977433083579,1
20.0,2001,12.309788160393463,12.399999999999991,1,19.401516014338313,1.269582190508477,0.6816138625144958,1
20.0,2001,10.660923241400283,10.700000000000003,1,0.24331142927439942,0.0009243447281424255,0.0003365826851222664,1
20.0,2001,7.985089532678847,8.0,1,3.789490667840255,0.22831807911050858,0.0755055621266365,1
20.0,2001,6.686222502581529,6.700000000000003,1,23.460781483074584,1.432679252063954,0.7578918933868408,1
20.0,2001,3.339016008269405,3.4000000000000057,1,0.2641817156213335,0.00026019013346886854,0.00039677665336057544,1
20.0,2001,1.8402106019160456,1.9000000000000057,1,1.2297001387405544,0.014727100674448842,0.008526922203600407,1
20.0,2001,38.454264368551435,38.5,1,35.21929060349498,11.613201755308705,0.8758477568626404,1
20.0,2001,3.0360663993553243,3.0999999999999943,1,6.040185976577504,0.14953435369773416,0.17184115946292877,1
20.0,2001,1.074422145437124,1.0999999999999943,1,0.9716254331764276,0.0015824719673306039,0.005340539384633303,1
20.0,2001,12.178604433576638,6.5,0,0.0,0.0002159037756182559,nan,0
20.0,2001,3.26854813986156,3.299999999999997,1,2.195078737142012,0.02373107519598606,0.026673004031181335,1
20.0,2001,3.187913480645569,3.200000000000003,1,0.14172419860727814,0.00014664171912376637,0.00011422242096159607,1
20.0,2001,33.50817300520641,33.599999999999994,1,93.39393487279182,26.80450698242613,0.9802402257919312,1
20.0,2001,14.588862652004853,4.200000000000003,0,0.0,0.00027044038742324593,nan,0
20.0,2001,0.14226629328932142,0.20000000000000284,1,0.2888865755258884,6.522844452760679e-05,0.0004744184552691877,1
20.0,2001,0.28477400034385525,0.30000000000001137,1,0.01269714760047691,1.2988769811771478e-07,9.169061740976758e-07,1
20.0,2001,0.6633292738869536,0.6999999999999886,1,0.5706991736740861,0.0004265354207918338,0.0018489437643438578,1
20.0,2001,9.91283354889099,10.0,1,67.0963352373052,6.103335579304127,0.9624118804931641,1
20.0,2001,7.700859356209091,7.799999999999997,1,16.109821742578134,0.8651576913858623,0.5961272716522217,1
20.0,2001,22.053632184197706,22.200000000000003,1,212.14288029422062,16.80884298475377,0.99610835313797,1
20.0,2001,0.8005136831326135,0.8999999999999915,1,0.2079347250344199,0.00010394197737025946,0.00024584433413110673,1
20.0,2001,1.3121846155037504,1.4000000000000057,1,0.17604787554773793,0.00010824877262732965,0.000176237357663922,1
20.0,2001,1.3329172349683365,1.4000000000000057,1,1.36359648882501,0.014259901896003471,0.010464442893862724,1
20.0,2001,38.7618053300597,25.200000000000003,0,0.0,0.04336683210255935,nan,0
20.0,2001,1.689063488993616,1.7000000000000028,1,3.665305358894841,0.031040151102968164,0.0709833949804306,1
20.0,2001,2.100288423195341,2.200000000000003,1,1.723525197310721,0.009714127968166578,0.016613926738500595,1
20.0,2001,12.137670651306,12.200000000000003,1,83.94086020440864,7.113367391473357,0.9756535291671753,1
20.0,2001,0.35118604980385587,0.4000000000000057,1,0.020161768365198895,7.182911626041597e-07,2.3119007437344408e-06,1
20.0,2001,2.977926929282079,3.0999999999999943,1,5.875062481307623,0.13303404041987354,0.16409485042095184,1
20.0,2001,0.3917234846456404,0.4000000000000057,1,0.037917824511168874,1.3930366550827311e-06,8.17704221844906e-06,1
20.0,2001,0.5746431998478864,0.7000000000000028,1,0.4092210632220201,0.0002085365669208346,0.0009515146375633776,1
20.0,2001,0.4690352447823557,0.7000000000000028,1,0.04318452396267958,3.974898065917904e-06,1.060631711879978e-05,1
20.0,2001,36.265669086605826,26.0,0,0.0,23.87959914635659,nan,0
20.0,2001,0.13516932898793882,0.19999999999998863,1,0.014326507018381562,2.0047742522184538e-07,1.1673284916469129e-06,1
20.0,2001,3.766064601089555,3.799999999999997,1,6.209890796172601,0.16267267791571394,0.17987164855003357,1
20.0,2001,1.7894880020585564,1.8999999999999915,1,2.050291297874196,0.01037010934517237,0.02334979735314846,1
20.0,2001,34.198389784317705,34.2,1,42.55481044529222,24.845728563020845,0.9114994406700134,1
20.0,2001,1.9510724258808188,2.0,1,2.7192255753358268,0.0178943852431323,0.04035648703575134,1
20.0,2001,1.3065197134126196,1.5,1,1.1705257416295183,0.005697617715121132,0.007732212543487549,1
20.0,2001,30.97536820366631,31.0,1,232.6763355900232,19.41090678342129,0.996762752532959,1
20.0,2001,0.17421248619767285,0.20000000000000284,1,0.07045489956522033,3.659735587847848e-06,2.8230793759576045e-05,1
20.0,2001,2.9606089639754494,3.0,1,5.789767256114885,0.1183990794656544,0.1601221114397049,1
20.0,2001,24.797495451003176,24.799999999999997,1,137.03331602810294,10.983467044451034,0.9907234311103821,1
20.0,2001,7.802347209251754,7.8999999999999915,1,0.48118061186960404,0.002838823697292804,0.0013150966260582209,1
20.0,2001,0.47055591282820947,0.5,1,0.29330530172529734,8.627618721476329e-05,0.0004890354466624558,1
20.0,2001,0.25283171274401717,0.29999999999999716,1,0.03811773373803362,1.086291436166248e-06,8.263489689852577e-06,1
20.0,2001,4.304727814125446,4.3999999999999915,1,9.245499016377835,0.3893669363380733,0.32712212204933167,1
20.0,2001,0.40864814329196386,0.5,1,0.23838432150989775,5.727564649838609e-05,0.00032309332164004445,1
20.0,2001,38.233562764687555,7.299999999999997,0,0.0,7.1746322747035446e-06,nan,0
20.0,2001,7.468132780863969,7.5,1,39.506441661000395,3.183538669535117,0.8987510204315186,1
20.0,2001,4.134781926939795,4.200000000000003,1,0.30381185748228745,0.000661067496537989,0.000524679955560714,1
20.0,2001,0.2184467310441091,0.29999999999999716,1,0.0,0.0,0.0,1
20.0,2001,3.3784150009563327,3.4000000000000057,1,2.597183044748931,0.024720890512347906,0.03694610670208931,1
20.0,2001,0.4209586796532367,0.5,1,0.15192435740709698,2.510139947221544e-05,0.00013125345867592841,1
20.0,2001,0.5206459675462799,0.5999999999999943,1,0.02306462336855475,1.023544107459084e-06,3.0255503133957973e-06,1
20.0,2001,5.654262765908932,5.699999999999989,1,20.81250970816842,1.5533133922865392,0.7112790942192078,1
20.0,2001,3.466360260340261,3.5,1,1.393349124832639,0.03311894420914527,0.010921034961938858,1
20.0,2001,0.20862215595814187,0.29999999999999716,1,0.11773511864276998,1.2535152557453486e-05,7.88298639236018e-05,1
20.0,2001,28.921572193314134,29.0,1,42.04186656811106,19.507052664063373,0.9095232486724854,1
20.0,2001,1.7908675630579574,1.7999999999999972,1,0.7226282539465103,0.0006010198419022191,0.002961112651973963,1
20.0,2001,43.73394637010521,43.8,1,134.97238739303253,11.35975076535987,0.9904407262802124,1
20.0,2001,14.840361729687306,15.0,1,90.07344282493585,7.142198479195919,0.9787879586219788,1
20.0,2001,4.3915926646075345,4.3999999999999915,1,40.422202642260565,2.1254940393754356,0.9028459787368774,1
20.0,2001,22.263190150590106,22.299999999999997,1,121.1494522641554,10.553447556256302,0.9881621599197388,1
20.0,2001,0.9484030878460867,1.0,1,0.5510957015215467,0.00046919134520699785,0.001724318484775722,1
20.0,2001,9.25553680561852,9.299999999999997,1,1.0657497927759323,0.061424034743971664,0.00641840323805809,1
20.0,2001,15.012333168180184,15.100000000000009,1,3.6707069045374396,0.8315953655772664,0.07117786258459091,1
20.0,2001,2.296167143279439,2.299999999999997,1,6.709498135280768,0.12035806710691137,0.20384147763252258,1
20.0,2001,3.7704428126146605,3.8000000000000114,1,0.9521983811989685,0.008778850518206477,0.005130197387188673,1
20.0,2001,0.10804645600854483,0.30000000000001137,1,0.05556083754100882,2.279272445598496e-06,1.7556700186105445e-05,1
20.0,2001,0.34340849616136315,0.4000000000000057,1,0.12104667865202146,1.4425293285566863e-05,8.332638390129432e-05,1
20.0,2001,9.94422061194673,10.0,1,36.9167935243608,3.436240181493234,0.8857280611991882,1
20.0,2001,0.21854037305045013,0.29999999999999716,1,0.05632872122890831,2.6878493633929796e-06,1.8045333490590565e-05,1
20.0,2001,0.105766279342837,0.20000000000000284,1,0.04892485848887418,1.8284917255799473e-06,1.3613386727229226e-05,1
20.0,2001,12.94411758474327,13.0,1,42.98346039689818,7.584132413885975,0.9131031036376953,1
20.0,2001,1.6734670914563003,1.7000000000000028,1,4.306049153757385,0.04245856787030085,0.09539585560560226,1
20.0,2001,0.3409017964714544,0.3999999999999915,1,0.12332600389680692,1.4664104531153089e-05,8.649374649394304e-05,1
20.0,2001,5.6453282134696,5.700000000000003,1,17.25980585293314,1.2518001476077387,0.6288431286811829,1
20.0,2001,3.078755701351628,3.1000000000000085,1,5.33523826598082,0.10556170331013259,0.13933348655700684,1
20.0,2001,1.1842148561348667,1.1999999999999886,1,1.0559468541021886,0.0021708689322542324,0.006301612127572298,1
20.0,2001,28.169500676905972,28.200000000000003,1,51.37650829277004,4.8765614393636465,0.9375473260879517,1
20.0,2001,0.12745722814341862,0.20000000000000284,1,0.04988790153839773,1.682254319151818e-06,1.4154589734971523e-05,1
20.0,2001,0.4596379547401121,0.5,1,0.41871719723189926,0.00018250954737534283,0.0009961430914700031,1
20.0,2001,0.11450020554239673,0.30000000000001137,1,1.1315763947701214,0.0021614106788720028,0.007229852024465799,1
20.0,2001,17.68598255385605,17.700000000000003,1,72.1266348985705,6.292215898771671,0.9673066139221191,1
20.0,2001,0.11108155125030716,0.20000000000000284,1,0.010022720969573129,6.952734904100185e-08,5.71325983855786e-07,1
20.0,2001,13.4731622715005,12.900000000000006,0,0.0,0.007993821578087874,nan,0
20.0,2001,1.4292896893642733,1.5,1,0.9548712604674279,0.001902077997005372,0.005158890504390001,1
20.0,2001,2.225052089430618,2.299999999999997,1,0.1221682704590421,8.276410882586902e-05,8.487756713293493e-05,1
20.0,2001,0.9020342095530011,1.0,1,1.0021892956578995,0.005530419396249923,0.005679874215275049,1
20.0,2001,0.7923461565662977,0.7999999999999972,1,0.06732600707832148,6.558319539554251e-06,2.577908344392199e-05,1
20.0,2001,0.2115275192520828,0.29999999999999716,1,0.017610515033084084,2.670830500707661e-07,1.763828322509653e-06,1
20.0,2001,0.16757980394780714,0.20000000000000284,1,0.050822598681691034,1.8076414913202912e-06,1.4689949239254929e-05,1
20.0,2001,1.2577332698776984,1.2999999999999972,1,0.9626936799162991,0.0017425024924621183,0.005243316292762756,1
20.0,2001,0.7997065408895794,0.7999999999999972,1,0.024047145112774615,9.277720842852733e-07,3.2888083296711557e-06,1
20.0,2001,27.407108361950357,27.5,1,95.16630889689986,6.229072727646528,0.9809554815292358,1
20.0,2001,0.20321414671200286,0.30000000000001137,1,0.03512525164143199,1.1179176508387665e-06,7.016956715233391e-06,1
20.0,2001,6.4945962334990455,6.5,1,0.21495103040979302,0.0005024179480232235,0.00026271078968420625,1
20.0,2001,0.14679656785414383,0.29999999999999716,1,0.07453655196047748,4.465054233680073e-06,3.159641710226424e-05,1
20.0,2001,4.554606390089461,4.6000000000000085,1,0.09397709823042533,0.0001373349539635921,5.0226764869876206e-05,1
20.0,2001,27.833202895254423,27.900000000000006,1,148.9134508463644,14.001396348489132,0.992133378982544,1
20.0,2001,26.18858982991021,26.200000000000003,1,151.68316315440904,13.540504694182937,0.9924158453941345,1
20.0,2001,26.058653456238662,26.099999999999994,1,204.2943858124886,21.112757159133103,0.9958048462867737,1
20.0,2001,6.852363423235456,6.900000000000006,1,0.2791726508803549,0.0016554441224802953,0.00044306376366876066,1
20.0,2001,1.0662158505798218,1.1000000000000085,1,0.022191171061876958,2.4731313853018884e-06,2.8007359560433542e-06,1
20.0,2001,24.246335231978744,24.299999999999997,1,0.4745400182123376,0.008733801959681375,0.0012790949549525976,1
20.0,2001,5.106143447913481,5.200000000000003,1,0.22128546884380285,0.0004977575714562888,0.0002784183307085186,1
20.0,2001,5.333675229735022,5.400000000000006,1,13.923122687148577,0.8550241511343952,0.5243801474571228,1
20.0,2001,0.9037513169974728,1.0,1,0.20375578962529062,7.56564677121061e-05,0.0002360643120482564,1
20.0,2001,0.12109478603564039,0.20000000000000284,1,0.0027103666084826727,5.329009015900903e-09,4.178005497124104e-08,1
20.0,2001,20.53004333833057,20.599999999999994,1,117.44411839028152,10.850064577004042,0.9874129891395569,1
20.0,2001,18.2769713213205,18.299999999999997,1,126.08817967497089,13.848434470975763,0.9890614151954651,1
20.0,2001,2.845206843942756,2.8999999999999915,1,3.8676074209832905,0.055071354615029613,0.0784040167927742,1
20.0,2001,23.572915105647834,16.099999999999994,0,0.0,0.02034840445085493,nan,0
20.0,2001,0.5394205048111035,0.5999999999999943,1,0.01061819249389373,2.1214724500935838e-07,6.412300308511476e-07,1
20.0,2001,0.17764642255314433,0.19999999999998863,1,0.02683808205955529,6.384833745749424e-07,4.096511020179605e-06,1
20.0,2001,22.3583522898983,22.60000000000001,1,27.247597294684496,13.357858217775242,0.8085207343101501,1
20.0,2001,1.4543209330247042,1.5,1,1.1896822420043804,0.0030822321637310806,0.007985332049429417,1
20.0,2001,0.16080455661566329,0.20000000000000284,1,0.08026528433020985,4.87834083534654e-06,3.6639754398493096e-05,1
20.0,2001,40.419498829039476,40.5,1,174.79111539316915,15.096284580407202,0.9942778944969177,1
20.0,2001,3.976403392092765,4.099999999999994,1,0.13401508072092838,0.00011668083327723106,0.00010213531641056761,1
20.0,2001,0.7686841806662194,0.7999999999999972,1,0.0,0.0,0.0,1
20.0,2001,5.814032344724381,0.8000000000000114,0,0.0,6.378141914205238e-07,nan,0
20.0,2001,3.5310737236998717,3.6000000000000085,1,1.9209491256387992,0.010740537958252227,0.02055533602833748,1
20.0,2001,2.436146919785676,2.5,1,0.0,0.0,0.0,1
20.0,2001,1.433283750163063,1.5,1,0.5884441075725872,0.0009489750165754754,0.0019654815550893545,1
20.0,2001,7.389139525899829,7.400000000000006,1,71.67031482032533,3.6291948989523943,0.9669027924537659,1
20.0,2001,0.5895445206710939,0.6000000000000085,1,0.015253740010962247,5.990646897644067e-07,1.3233205891083344e-06,1
20.0,2001,0.12790119670651343,0.20000000000000284,1,0.0,0.0,0.0,1
20.0,2001,21.680891240681166,21.700000000000003,1,0.7760874911546125,0.0986539082292609,0.003413886995986104,1
20.0,2001,2.662470672849505,2.700000000000003,1,0.007446504557265143,1.0814054179183501e-06,3.153680836476269e-07,1
20.0,2001,1.1651904782650264,1.2000000000000028,1,0.722728893816452,0.0009883355915536582,0.0029619350098073483,1
20.0,2001,0.10432261809045114,0.19999999999998863,1,0.0,0.0,0.0,1
20.0,2001,6.253553983029378,6.299999999999997,1,1.19176187866924,0.006385460703917085,0.008013051003217697,1
20.0,2001,3.2445890869619127,3.299999999999997,1,0.11515636528565665,0.00011355331528381207,7.541471859440207e-05,1
20.0,2001,0.3500388081030349,0.4000000000000057,1,0.00961530415861489,9.583614522690515e-08,5.258220312498452e-07,1
20.0,2001,0.7657475234681308,0.7999999999999972,1,0.04792689720011367,2.825937621707669e-06,1.3063690857961774e-05,1
20.0,2001,0.11769870751109043,0.20000000000000284,1,0.005739053762226831,1.9067978127047523e-08,1.873240194072423e-07,1
20.0,2001,33.52171555172596,33.599999999999994,1,89.88558676885867,8.455100023340663,0.978701114654541,1
20.0,2001,9.776098940877695,9.799999999999997,1,40.075822877231815,2.761536607195829,0.9013257026672363,1
20.0,2001,7.384447893844192,7.3999999999999915,1,0.4827961730628658,0.009169864345449827,0.001323930686339736,1
20.0,2001,0.4807966305054127,0.5,1,0.17654697279039056,3.19079906183668e-05,0.00017723787459544837,1
20.0,2001,5.823805327071459,5.8999999999999915,1,8.224030107516057,0.3938843027390997,0.277803510427475,1
20.0,2001,4.544932585976464,4.599999999999994,1,1.1315765784373468,0.03155806998512127,0.007229854352772236,1
20.0,2001,0.4056768746657857,0.5,1,0.027294269303382634,1.0538414592679315e-06,4.236957011016784e-06,1
20.0,2001,1.8195051421113348,1.9000000000000057,1,1.299642443117591,0.004292867346998313,0.009514996781945229,1
20.0,2001,0.4296498669229643,0.5,1,0.0894034211475514,8.913989412116026e-06,4.545707633951679e-05,1
20.0,2001,0.2093908594058662,0.29999999999999716,1,0.05026234658225803,1.9647454186374823e-06,1.4367864423547871e-05,1
20.0,2001,23.314517838718253,2.4000000000000057,0,0.0,2.3853964538681117e-05,nan,0
20.0,2001,25.22896871986114,25.299999999999997,1,81.26444691740426,7.740058163216169,0.9740657210350037,1
20.0,2001,6.509381852741428,6.599999999999994,1,17.30769187351541,1.3687217795408457,0.6301354765892029,1
20.0,2001,5.27675906506636,5.299999999999997,1,11.215221660398015,0.8837363194439772,0.41703423857688904,1
20.0,2001,3.249499436815033,3.3999999999999915,1,0.9931298810740827,0.021197922124182044,0.00557822035625577,1
20.0,2001,0.2951212721088093,0.29999999999999716,1,1.1386952241991821,0.002159150998914395,0.007320437580347061,1
20.0,2001,13.28777216993441,13.299999999999997,1,21.05629073553763,6.584259981288203,0.7160384058952332,1
20.0,2001,0.5456759589550098,0.5999999999999943,1,0.19637937751667778,4.642662741939932e-05,0.00021928526984993368,1
20.0,2001,0.29117898765944306,0.29999999999999716,1,0.057554858505852735,2.7316903102165057e-06,1.8839473341358826e-05,1
20.0,2001,0.2428137076356188,0.29999999999999716,1,0.003735657232482481,1.318288826129485e-08,7.936827728372009e-08,1
20.0,2001,0.8523997273912649,0.8999999999999915,1,0.046762654215825705,4.254592949804809e-06,1.2436719771358185e-05,1
20.0,2001,0.3784164406417225,0.3999999999999915,1,0.02241621947814565,7.189219650743913e-07,2.8578303954418516e-06,1
20.0,2001,24.084327122871674,24.099999999999994,1,196.88945160322697,16.765326900627908,0.9954848289489746,1
20.0,2001,0.7849132258282051,0.7999999999999972,1,0.16606173258156787,3.454784743982287e-05,0.0001568136940477416,1
20.0,2001,29.58349570479698,29.60000000000001,1,140.7073073886175,12.97412427053066,0.9911973476409912,1
20.0,2001,2.5742528029973224,2.6000000000000085,1,39.49038682718511,1.4890495240518329,0.8986770510673523,1
20.0,2001,0.4835445416311656,0.5,1,0.16782832742802611,2.9409729493713733e-05,0.00016016732843127102,1
20.0,2001,1.4164089930551254,1.5,1,0.025973226388515513,1.278890983206146e-06,3.836746145680081e-06,1
20.0,2001,1.305244685840796,1.4000000000000057,1,0.06529121685781547,1.0700067512217604e-05,2.4244427550002e-05,1
20.0,2001,0.22112705125869217,0.30000000000001137,1,0.022993412374489708,5.918775707024484e-07,3.0068965770624345e-06,1
20.0,2001,4.863589963447232,4.900000000000006,1,8.347832050146224,0.37405159713196995,0.28383851051330566,1
20.0,2001,16.09981704985618,16.099999999999994,1,0.4712449516732704,0.006496147979243247,0.001261415658518672,1
20.0,2001,0.2730429422591656,0.29999999999999716,1,0.021969152713836593,4.746520469923244e-07,2.744974835877656e-06,1
20.0,2001,5.027784035890597,5.099999999999994,1,1.5191064788969015,0.05736962950186909,0.01295467372983694,1
20.0,2001,1.3162599980474827,1.3999999999999915,1,0.42460095656940666,0.00033755936950487827,0.0010243061697110534,1
20.0,2001,15.654637470761804,15.700000000000003,1,63.442977533641624,8.643740815320658,0.9581446647644043,1
20.0,2001,5.748170685161697,5.799999999999997,1,12.00285492133645,0.6802983355864567,0.45036032795906067,1
20.0,2001,0.27361043695682474,0.29999999999999716,1,0.005183837576453243,7.391380496031223e-08,1.5283248444575293e-07,1
20.0,2001,0.36120048678032324,0.4000000000000057,1,0.03780080600711244,1.5114141693715689e-06,8.126649845507927e-06,1
20.0,2001,0.22468594633510958,0.30000000000001137,1,0.1089915447681733,1.1909361206517202e-05,6.755682261427864e-05,1
20.0,2001,0.11885139101910533,0.20000000000000284,1,0.020187004432898448,4.287685421068839e-07,2.31769195124798e-06,1
20.0,2001,0.36587154903338753,0.5,1,0.04216458157395664,3.2582502451082043e-06,1.0111233677889686e-05,1
20.0,2001,0.2745838764493904,0.29999999999999716,1,0.0189345592053769,5.556345824311688e-07,2.0390245936141582e-06,1
20.0,2001,1.2327148824527867,1.3999999999999915,1,0.02132543260535158,2.4076585222534292e-06,2.5864706003631e-06,1
20.0,2001,9.494219863055168,9.5,1,0.30963494255070145,0.0017640910411417202,0.0005449744639918208,1
20.0,2001,2.3392330507555177,2.4000000000000057,1,2.0895194649193627,0.014296472032714001,0.0242299921810627,1
20.0,2001,0.17816034690386062,0.20000000000000284,1,0.028619451252950512,6.99719744022173e-07,4.658365014620358e-06,1
20.0,2001,0.1058016111061205,0.19999999999998863,1,0.004424123514468192,5.7125125882319275e-08,1.1131851351819932e-07,1
20.0,2001,11.24131556117055,11.299999999999997,1,11.205052867483573,1.6909890477861784,0.4165932536125183,1
20.0,2001,0.1396573585876228,0.20000000000000284,1,0.012755650442102251,1.572904540797193e-07,9.253749908566533e-07,1
20.0,2001,11.03886034210699,11.100000000000009,1,0.0,0.0,0.0,1
20.0,2001,0.27444234901895065,0.4000000000000057,1,0.010538684209109306,1.2258401321161281e-07,6.316630560831982e-07,1
20.0,2001,0.14635465291426544,0.20000000000000284,1,1.6038829016906675e-05,1.910228868832241e-13,1.4630469145210379e-12,1
20.0,2001,0.8251798457314309,0.9000000000000057,1,0.01587696729598065,7.980347307748838e-07,1.4336641243062331e-06,1
20.0,2001,0.20541406885969837,0.29999999999999716,1,0.0008945389483301369,3.059255867762754e-08,4.551048427003934e-09,1
20.0,2001,11.860579427387696,11.899999999999991,1,30.37288065633595,4.4812067620295615,0.8399150967597961,1
20.0,2001,3.6455861072228783,3.700000000000003,1,51.126613641200535,2.108306978999356,0.9369738698005676,1
20.0,2001,21.472926625621504,21.5,1,175.40974643816799,14.47368751893492,0.9943179488182068,1
20.0,2001,17.49404516209121,17.5,1,97.10329492959846,10.325665992216221,0.9816939234733582,1
20.0,2001,11.115860022544751,11.200000000000003,1,10.48132113740121,0.444006701953659,0.3845418095588684,1
20.0,2001,29.162861351196437,29.19999999999999,1,145.07525827310138,16.379741746626994,0.9917150735855103,1
20.0,2001,26.95517921903592,27.0,1,211.26621908780567,20.020425895343642,0.9960761070251465,1
20.0,2001,0.34176143359040523,0.3999999999999915,1,0.004676568824379501,2.027544914699494e-08,1.243848686272031e-07,1
20.0,2001,0.15757076780949428,0.20000000000000284,1,0.00013131507603247883,1.2588014026243183e-11,9.807134271344609e-11,1
20.0,2001,0.19309539355719374,0.20000000000000284,1,0.061082779161552025,2.5663450381415727e-06,2.121980105584953e-05,1
20.0,2001,0.3921897339532116,0.4000000000000057,1,0.035927042697039724,1.8107439253375738e-06,7.3409573815297335e-06,1
20.0,2001,0.1566551875693441,0.20000000000000284,1,0.000122520203149179,1.8689284580592985e-09,8.537454077028883e-11,1
20.0,2001,6.583690959700759,6.599999999999994,1,16.912336419585472,1.3230180731539127,0.6193010807037354,1
20.0,2001,1.05087111484531,1.0999999999999943,1,0.0,0.0,0.0,1
20.0,2001,16.929311046346356,17.0,1,144.95303091565347,10.684823846886152,0.9917012453079224,1
20.0,2001,0.32002488718899835,0.3999999999999915,1,0.00020168245737295365,3.8077920656031154e-11,2.31339183920376e-10,1
20.0,2001,2.7122078149393385,2.8999999999999915,1,2.5523766014189846,0.02298518014261028,0.035727471113204956,1
20.0,2001,7.891268931115443,7.900000000000006,1,0.020157368191576097,5.4466126163007896e-06,2.3108916593628237e-06,1
20.0,2001,0.4871222870362743,0.5,1,0.03549451335425147,1.6624725647023207e-06,7.165265742514748e-06,1
20.0,2001,0.15956231937962456,0.5,1,0.039159809847660654,3.1061511959878116e-06,8.721482117834967e-06,1
20.0,2001,5.089360963319715,5.1000000000000085,1,0.20987526599617468,0.000455778757472912,0.00025045324582606554,1
20.0,2001,42.29327277628713,42.3,1,292.3510145184027,32.2039908060724,0.9979470372200012,1
20.0,2001,0.26366433290594576,0.29999999999999716,1,0.0,0.0,0.0,1
20.0,2001,1.4139740816583295,1.5,1,0.0002148253970517544,1.126183756231663e-10,2.624727379885172e-10,1
20.0,2001,0.20769920607288989,0.29999999999999716,1,0.05320165630456586,2.365949082961277e-06,1.609741957508959e-05,1
20.0,2001,0.10078836752851678,0.20000000000000284,1,0.01355654839426279,1.354687113614434e-07,1.0452273500050069e-06,1
20.0,2001,2.7247198933755223,2.799999999999997,1,0.18038371865748104,0.00018517806225163235,0.00018502365855965763,1
20.0,2001,0.1347367886922259,0.20000000000000284,1,0.0,0.0,0.0,1
20.0,2001,0.5933159518296471,0.5999999999999943,1,0.9693195752215615,0.0032996803236651643,0.0053153554908931255,1
20.0,2001,0.17832455830638616,0.20000000000000284,1,3.578459654818289e-06,8.948978087898217e-15,7.282914641368668e-14,1
20.0,2001,5.2950212002663495,5.299999999999997,1,4.69475687261405,0.11957494208268435,0.11139094829559326,1
20.0,2001,5.760154236567761,5.799999999999997,1,0.2548793392988955,0.0006968961519340551,0.0003693361359182745,1
20.0,2001,8.557613869797029,8.600000000000009,1,25.371119604138585,1.919857947647201,0.7854508757591248,1
20.0,2001,0.28737347463861407,0.29999999999999716,1,0.021054343902733308,3.658876519059382e-07,2.5211302272509784e-06,1
20.0,2001,36.31506492886015,36.400000000000006,1,195.3716868636838,22.982607518120254,0.995414674282074,1
20.0,2001,0.1829333636688828,0.20000000000000284,1,0.0061662005209655035,2.7926171810130292e-08,2.162460361887497e-07,1
20.0,2001,2.46546445820256,2.5999999999999943,1,0.11207406432561129,8.112010238381452e-05,7.143189577618614e-05,1
20.0,2001,1.0143166436353022,1.0999999999999943,1,0.10840162190663705,2.5726908216086658e-05,6.682753883069381e-05,1
20.0,2001,3.7151087244554315,3.799999999999997,1,4.544900466492663,0.09784664476936865,0.10512891411781311,1
20.0,2001,25.28955141501963,25.299999999999997,1,47.52018321890876,5.834166885393031,0.9277617335319519,1
20.0,2001,13.285074067887312,13.400000000000006,1,36.759444590546536,5.655682560193596,0.8848605751991272,1
20.0,2001,1.5621661182626196,1.5999999999999943,1,1.1208229727471632,0.012085175473408039,0.007094064261764288,1
20.0,2001,1.0554017749952176,1.0999999999999943,1,0.1389367275960467,2.784071826207891e-05,0.00010977398051181808,1
20.0,2001,0.3274829485382405,0.3999999999999915,1,0.008657132958092006,8.060457975912716e-08,4.2624660068213416e-07,1
20.0,2001,16.654101746279242,16.700000000000003,1,63.42384692374969,11.29733689070289,0.9581204652786255,1
20.0,2001,1.3801752257575295,1.4000000000000057,1,0.49748931802162133,0.0004819169195252052,0.0014056253712624311,1
20.0,2001,2.2624313994970917,2.299999999999997,1,3.7161895835852192,0.0410752613619841,0.0728234276175499,1
20.0,2001,0.10680666155799529,0.20000000000000284,1,0.005506910963617884,5.6635950220937065e-08,1.7247612049686722e-07,1
20.0,2001,22.38349437063692,22.400000000000006,1,142.64958955317093,14.20662692042356,0.9914333820343018,1
20.0,2001,7.077605751825086,7.099999999999994,1,31.42151810506084,1.8902873308737524,0.8488336205482483,1
20.0,2001,1.5143367006610953,1.5999999999999943,1,0.0,0.0,0.0,1
20.0,2001,34.88347049649981,35.0,1,280.1747690603779,24.489005869286977,0.9977651238441467,1
20.0,2001,6.98804592050033,7.0,1,3.185886188528798,0.09315323511921135,0.054575808346271515,1
20.0,2001,18.928661224867085,19.099999999999994,1,12.348141729357167,3.2044098793979536,0.46443694829940796,1
20.0,2001,32.63013133249264,32.69999999999999,1,212.03657621835328,22.52037427678028,0.9961044192314148,1
20.0,2001,0.9076323909544163,1.0,1,0.05010318762558086,7.620998989870242e-06,1.4277016816777177e-05,1
20.0,2001,5.392752062518997,5.400000000000006,1,1.0280730071565358,0.008640687882151768,0.005975277163088322,1
20.0,2001,4.61817367945628,4.700000000000003,1,4.810362289831971,0.1379862305214902,0.11629850417375565,1
20.0,2001,0.16034053003359408,0.20000000000000284,1,0.012952385615449202,9.655600887319706e-08,9.541399776935577e-07,1
20.0,2001,10.653520639856643,10.799999999999997,1,0.27688682346979476,0.0015359687626827852,0.00043584112427197397,1
20.0,2001,0.2300429379295501,0.29999999999999716,1,0.003213685541822997,3.079203992835666e-08,5.8738070407571286e-08,1
20.0,2001,0.8454249301164887,0.9000000000000057,1,0.041624906507763626,4.550505422262178e-06,9.854060408542864e-06,1
20.0,2001,1.4845930955045288,1.5,1,0.49289579717964216,0.0005607432518125977,0.0013798234285786748,1
20.0,2001,0.2609460281179981,0.29999999999999716,1,1.2152116030274556,0.002515129179252878,0.008328838273882866,1
20.0,2001,3.4640533577172263,3.5,1,0.00026048656036437023,3.8858318361272246e-10,3.859078334667032e-10,1
20.0,2001,0.7066318741859698,0.8000000000000114,1,0.003132198546722975,6.079490424914307e-08,5.579708428626873e-08,1
20.0,2001,3.2110553499913443,3.3000000000000114,1,0.20807228622322782,0.00018390240394044457,0.0002461696567479521,1
20.0,2001,0.1813109904537748,0.20000000000000284,1,0.0062916944737025915,5.429041327961538e-08,2.2513764008635917e-07,1
20.0,2001,0.3760335633054395,0.4000000000000057,1,0.04220649262185816,2.3880364155098515e-06,1.0131344424735289e-05,1
20.0,2001,0.18520376322297322,0.20000000000000284,1,0.012331776473274658,1.6983859874891198e-07,8.648959237689269e-07,1
20.0,2001,9.484627483706948,9.5,1,0.11289746098736941,0.0003681640375901479,7.248527981573716e-05,1
20.0,2001,7.29507318009588,7.299999999999997,1,1.2875169101334905,0.05973144788808877,0.009339927695691586,1
20.0,2001,2.6188344231362746,2.700000000000003,1,0.030987483682224592,4.448837514157193e-06,5.461138698592549e-06,1
20.0,2001,0.6651435807162804,0.7000000000000028,1,0.032248267221348215,1.8054922220903694e-06,5.914569555898197e-06,1
20.0,2001,3.44740410153823,3.5,1,0.00014718673173774732,1.2377455313797097e-10,1.2321121900527032e-10,1
20.0,2001,1.9426122323117823,2.0,1,0.08764217215434655,2.2789351959291184e-05,4.368378358776681e-05,1
20.0,2001,26.589754954537327,26.599999999999994,1,144.28263643951277,20.898125381468994,0.9916245937347412,1
20.0,2001,0.6115090492531304,0.6999999999999886,1,0.006817070334363962,2.2202817041523748e-07,2.6430683419675916e-07,1
20.0,2001,2.3939065416242973,2.4000000000000057,1,3.523917838988382,0.04026402018083215,0.06596700102090836,1
20.0,2001,2.1222961702556624,2.200000000000003,1,0.7483878735592953,0.001996902201305361,0.003175303339958191,1
20.0,2001,0.7577808329824681,0.7999999999999972,1,0.0,0.0,0.0,1
20.0,2001,3.4959117825682515,3.5,1,0.04348352095712471,8.929981443830916e-06,1.075369436875917e-05,1
20.0,2001,27.131044318918715,27.200000000000003,1,115.49758493927379,12.010080555550232,0.9869906902313232,1
20.0,2001,7.4414434893205055,0.9000000000000057,0,0.0,2.9707664546602995e-06,nan,0
20.0,2001,20.66617857413818,11.399999999999991,0,0.0,0.002446924428179201,nan,0
20.0,2001,6.227788459038356,6.299999999999997,1,0.4290987946229734,0.0024308768400766066,0.001046099467203021,1
20.0,2001,2.058892345647759,2.0999999999999943,1,0.5789017698729708,0.0011973820644184407,0.0019023732747882605,1
20.0,2001,1.1090633911640986,1.2000000000000028,1,0.04630491974103279,9.138162231695804e-06,1.2194442206237e-05,1
20.0,2001,2.99356950880707,3.0,1,0.005502599395299512,1.0519709638262564e-06,1.7220615688984253e-07,1
20.0,2001,0.6252499918386231,0.7000000000000028,1,0.04554992668454361,3.990813789061087e-06,1.1800032552855555e-05,1
20.0,2001,15.165837862753667,15.200000000000003,1,54.0689417355743,8.440519980796054,0.9432681798934937,1
20.0,2001,7.307432359312226,7.3999999999999915,1,5.045378024407512,0.15251971486308927,0.12646763026714325,1
20.0,2001,1.4784550905691731,1.5999999999999943,1,0.023447572383588522,1.2094708915026147e-06,3.126852334389696e-06,1
20.0,2001,2.4010654226997215,0.3999999999999915,0,0.0,1.6384743905867397e-08,nan,0
20.0,2001,41.38525623699054,41.39999999999999,1,316.70462145288275,26.2542376419349,0.9982500672340393,1
20.0,2001,0.5232907941890406,0.5999999999999943,1,0.02686567670059503,1.687324920613969e-06,4.104939307580935e-06,1
20.0,2001,4.477905392569578,4.5,1,3.298482667069152,0.06295247926981841,0.05827287584543228,1
20.0,2001,0.17545339676390675,0.20000000000000284,1,0.011720272020170341,1.6205298147573665e-07,7.812463422851579e-07,1
20.0,2001,0.9699377192703289,1.0,1,0.011682495770685364,4.4336426583284476e-07,7.76218314513244e-07,1
20.0,2001,0.34420526746245855,0.3999999999999915,1,0.016371398272667648,2.8205950869606975e-07,1.5243469988490688e-06,1
20.0,2001,0.1498752042204622,0.29999999999999716,1,1.1638094049043843,0.002303544227264049,0.007644410245120525,1
20.0,2001,4.74456173895839,4.800000000000011,1,0.10389314255189674,0.0001302700321502031,6.138468597782776e-05,1
20.0,2001,7.670181998997703,7.700000000000003,1,0.38605407263526104,0.0025756879951154077,0.0008469177992083132,1
20.0,2001,38.65669907943383,36.3,0,0.0,28.89923676375847,nan,0
20.0,2001,2.437400478732289,2.5,1,0.0,0.0,0.0,1
20.0,2001,3.2614881941943916,3.299999999999997,1,0.07164943690759173,4.186031943326821e-05,2.91961659968365e-05,1
20.0,2001,4.705501994730307,4.800000000000011,1,0.0,0.0,0.0,1
20.0,2001,16.806877942299373,6.799999999999997,0,0.0,8.713591731606404e-05,nan,0
20.0,2001,7.851668303639015,7.900000000000006,1,16.028791390290394,2.0010136631417605,0.5936968326568604,1
20.0,2001,0.6585228253879031,0.7000000000000028,1,0.007062724234856432,2.2248479907695523e-07,2.836986823240295e-07,1
20.0,2001,5.606605186997942,5.700000000000003,1,1.4495897056021931,0.05374455018811253,0.01180983055382967,1
20.0,2001,4.350167932115996,1.7999999999999972,0,0.0,7.19300367263999e-05,nan,0
20.0,2001,18.59986581273415,18.60000000000001,1,85.35518539070245,11.719056455827491,0.9764348268508911,1
20.0,2001,0.4950324424892535,0.5,1,0.07576616226560873,9.892849347749141e-06,3.264745828346349e-05,1
20.0,2001,11.273504889512077,11.299999999999997,1,19.258832788062193,2.894628866772671,0.678401529788971,1
20.0,2001,0.4935648857231211,0.5,1,0.0,0.0,0.0,1
20.0,2001,0.13673476123533226,0.20000000000000284,1,0.004026590395767471,1.7154726280536666e-08,9.221208330245645e-08,1
20.0,2001,32.20130618423361,32.3,1,310.3508330786293,27.196826022765155,0.9981778264045715,1
20.0,2001,4.249603612482709,4.299999999999997,1,0.3068017511272956,0.0006889337796100252,0.0005350522696971893,1
20.0,2001,7.91295657431702,8.0,1,0.01052235452698369,1.4872968356010772e-06,6.297070171967789e-07,1
20.0,2001,3.4570225518372477,3.5,1,0.12881463607345722,9.534073930752193e-05,9.436313848709688e-05,1
20.0,2001,1.96515767319279,2.0,1,0.12043999991851706,7.445916922424161e-05,8.249328675447032e-05,1
20.0,2001,11.71104931349373,11.799999999999997,1,8.361305879961947,0.552664994531997,0.28449463844299316,1
20.0,2001,23.01555224130602,23.10000000000001,1,40.39995764338254,7.384036897838578,0.9027493596076965,1
20.0,2001,0.7525344375377918,0.7999999999999972,1,0.002109287795065029,2.2197784301675057e-07,2.5303734219050966e-08,1
20.0,2001,1.0003623509204604,1.1000000000000085,1,0.00915898274695337,5.070280826834174e-07,4.770976147483452e-07,1
20.0,2001,36.76932790321549,16.400000000000006,0,0.0,0.0221432532644015,nan,0
20.0,2001,0.2467587823298852,0.29999999999999716,1,0.0,0.0,0.0,1
20.0,2001,0.45096525601552656,0.5,1,0.03095509631873483,1.2578763920562978e-06,5.449729087558808e-06,1
20.0,2001,0.14868062600268736,0.20000000000000284,1,0.014229847804017481,1.3114980673121455e-07,1.1516299309732858e-06,1
20.0,2001,0.20038054957830304,0.29999999999999716,1,0.04400217256790029,1.991798130144263e-06,1.1011751666956116e-05,1
20.0,2001,0.923318319961397,1.0,1,0.0,0.0,0.0,1
20.0,2001,0.24718073244663813,0.29999999999999716,1,0.006843235944529624,3.5524475668476003e-08,2.6633966854205937e-07,1
20.0,2001,0.14126879836192607,0.20000000000000284,1,0.015919685130938888,1.8259434365610987e-07,1.4413892586162547e-06,1
20.0,2001,9.242717750188163,9.300000000000011,1,12.617631020606382,1.3979145441410334,0.47519195079803467,1
20.0,2001,0.6758847993484867,0.7000000000000028,1,0.19748407683511005,5.33824976579129e-05,0.00022175877529662102,1
20.0,2001,0.2818095474388768,0.29999999999999716,1,0.002340852648217151,3.9567106028081366e-08,3.116456781526722e-08,1
20.0,2001,32.71285339796638,5.400000000000006,0,0.0,0.00037055159924730824,nan,0
20.0,2001,0.662104281014961,0.7000000000000028,1,0.1254344261329834,2.5862061506339705e-05,8.947621245170012e-05,1
20.0,2001,0.10756829986912263,0.20000000000000284,1,0.014624860037883991,1.9259081310183786e-07,1.2164545069026644e-06,1
20.0,2001,1.5533415079778439,1.6000000000000085,1,0.03724487820602462,2.193744195895784e-06,7.889375410741195e-06,1
20.0,2001,0.9285500751385554,1.0,1,0.0,0.0,0.0,1
20.0,2001,0.2657073917509317,0.30000000000001137,1,0.03589675326770703,1.0308452387646208e-06,7.328584615606815e-06,1
20.0,2001,9.41410682077851,9.5,1,0.4985718457079429,0.0034415526748495366,0.001411740668118,1
20.0,2001,7.045489326397193,7.099999999999994,1,0.25552652460470426,0.0008384282083496237,0.0003712134202942252,1
20.0,2001,3.792168383676411,3.799999999999997,1,0.5235780135604955,0.0006318482052214019,0.0015566793736070395,1
20.0,2001,0.36188543013357277,0.3999999999999915,1,0.014866783283878249,3.6782182341960283e-07,1.25703229514329e-06,1
20.0,2001,4.656259225347932,4.700000000000003,1,0.0914093591695746,6.611958695303499e-05,4.751969390781596e-05,1
20.0,2001,12.681766044459993,9.400000000000006,0,0.0,0.010055952742379831,nan,0
20.0,2001,17.556768350490806,17.799999999999997,1,24.838357958890924,6.343218814730237,0.7782115340232849,1
20.0,2001,4.318877077485189,4.3999999999999915,1,1.8214732499157549,0.020248727836641625,0.01851995848119259,1
20.0,2001,2.7123460325100117,2.799999999999997,1,0.32911317373384463,0.0006253332910696041,0.0006156530580483377,1
20.0,2001,1.267419133530033,1.2999999999999972,1,0.08070310639828904,5.010886281671546e-06,3.7040543247712776e-05,1
20.0,2001,0.7294648896752138,0.7999999999999972,1,0.0018498782321785256,3.3876128022382044e-08,1.9462527589553247e-08,1
20.0,2001,0.1422649990095043,0.19999999999998863,1,0.0013247939174334533,1.027619867807701e-08,9.98181715061719e-09,1
20.0,2001,0.7728063153551827,0.7999999999999972,1,0.8360276972348402,0.0010341105324128228,0.003959417808800936,1
20.0,2001,1.3379007714151765,1.3999999999999915,1,0.22700893815323298,0.00014468894251079206,0.00029300269670784473,1
20.0,2001,30.55071827453036,3.0999999999999943,0,0.0,0.00023555102699595836,nan,0
20.0,2001,26.52494835846085,26.60000000000001,1,175.92021182397463,18.078902924202833,0.9943506717681885,1
20.0,2001,0.479400506554974,0.5,1,0.08816587464957593,1.3244364397013385e-05,4.420738332555629e-05,1
20.0,2001,0.13378078416717126,0.20000000000000284,1,0.027850035304481935,5.802685476099709e-07,4.411258942127461e-06,1
20.0,2001,32.379004805201404,32.400000000000006,1,164.23156047411698,24.017412261326648,0.9935232996940613,1
20.0,2001,0.18138012410809495,0.20000000000000284,1,0.011082944712825338,8.928645237814164e-08,6.985910090406833e-07,1
20.0,2001,1.4442656598113486,1.4999999999999858,1,1.1223407105407261,0.01123155900473406,0.007113152649253607,1
20.0,2001,7.398243893174491,7.400000000000006,1,0.4237915590533703,0.002485954792592235,0.0010204087011516094,1
20.0,2001,1.3679573759908377,1.4000000000000057,1,0.05690672567783395,1.1426503830719372e-05,1.841756238718517e-05,1
20.0,2001,5.520313366072597,5.6000000000000085,1,0.07202195613666618,0.00351915661078912,2.950053931272123e-05,1
20.0,2001,13.720254468783937,13.800000000000011,1,27.693606208956908,3.1199732163148406,0.8134976625442505,1
20.0,2001,0.46641492029032194,0.5,1,0.04589522793708056,3.269967218925833e-06,1.1979613191215321e-05,1
20.0,2001,8.243325977434393,1.6000000000000085,0,0.0,4.450953648920838e-05,nan,0
20.0,2001,0.8135253008184763,0.9000000000000057,1,0.04739394921432449,3.889805224124925e-06,1.2774773495038971e-05,1
20.0,2001,0.2039793354056743,0.30000000000001137,1,0.010413195931903374,1.0484759173665374e-07,6.167096557874174e-07,1
20.0,2001,10.380602407016381,10.399999999999991,1,4.803513193600679,0.3149114586772775,0.11600594967603683,1
20.0,2001,6.863830108268295,4.799999999999983,0,0.0,1.5644513945770238e-05,nan,0
20.0,2001,0.6884557196880976,0.6999999999999886,1,0.1382708988277841,2.7925680799394772e-05,0.00010872446728171781,1
20.0,2001,0.42422533149727076,0.5,1,0.03892048894635991,2.446981217754805e-06,8.615208571427502e-06,1
20.0,2001,42.14339185159696,39.0,0,0.0,32.86083632350598,nan,0
20.0,2001,3.484461393096597,3.5,1,0.0,0.0,0.0,1
20.0,2001,1.9822022517286226,2.0,1,0.5451219620901497,0.0009050126403770617,0.001687201438471675,1
20.0,2001,13.62910163122051,13.699999999999989,1,0.2657302124925991,0.0021551421319057763,0.0004014398145955056,1
20.0,2001,8.952804405231566,9.000000000000014,1,10.79843614546644,1.2652871866376543,0.39874395728111267,1
20.0,2001,26.82652374820598,8.099999999999994,0,0.0,0.0010801583442124477,nan,0
20.0,2001,1.9515964978222229,2.0,1,0.11821534003320266,6.275241050245097e-05,7.947418635012582e-05,1
20.0,2001,14.947283350651208,9.799999999999997,0,0.0,0.050300823248084776,nan,0
20.0,2001,25.646676557409858,25.69999999999999,1,20.67513626120251,10.977805241389985,0.7085515260696411,1
20.0,2001,17.193861938943623,17.19999999999999,1,0.07660788009616226,0.00013436131926961104,3.337685120641254e-05,1
20.0,2001,0.4714692525090053,0.5,1,0.0,0.0,0.0,1
20.0,2001,1.3247043089163402,0.5,0,0.0,1.1926544601392234e-06,nan,0
20.0,2001,0.9215798692142301,1.0,1,0.018461205721791885,6.639123176693527e-06,1.938350123964483e-06,1
20.0,2001,0.21171608231425118,0.29999999999998295,1,9.498511553829303e-05,7.546113756652374e-12,5.131260347179811e-11,1
20.0,2001,5.864977215789029,5.900000000000006,1,0.00577377903755405,3.3345919089732706e-07,1.8959775616167462e-07,1
20.0,2001,1.5809545139648384,1.5999999999999943,1,1.205597094300856,0.013992317175464026,0.008198644034564495,1
20.0,2001,2.352437475334816,0.5999999999999943,0,0.0,2.3663508943683974e-06,nan,0
20.0,2001,34.982719717746086,35.0,1,308.14074401242965,26.904484086435037,0.9981516599655151,1
20.0,2001,1.116328585193652,1.1999999999999886,1,0.02532279524371006,4.603792123937416e-06,3.6469907627179055e-06,1
20.0,2001,39.26935225748915,39.29999999999998,1,208.95784936430317,22.756548200180973,0.9959892630577087,1
20.0,2001,38.62958963063383,38.69999999999999,1,304.9622735219955,29.287469149448604,0.9981129765510559,1
20.0,2001,0.31714274480475557,0.39999999999997726,1,0.06451911321380521,4.402072767802334e-06,2.3674425392528065e-05,1
20.0,2001,27.327533900619315,27.39999999999999,1,16.578624235349857,8.800830800109267,0.6098601222038269,1
20.0,2001,6.243606472693025,0.20000000000001705,0,0.0,2.3472430564360534e-08,nan,0
20.0,2001,13.741367504951546,13.800000000000011,1,30.51154785413854,5.1335319121367675,0.8411362171173096,1
20.0,2001,3.013077115654603,3.0999999999999943,1,1.0780136859863205,0.005039013188447428,0.006565994583070278,1
20.0,2001,0.19460776168556354,0.19999999999998863,1,0.01764969770067637,2.8643902186793297e-07,1.7716859019856201e-06,1
20.0,2001,0.27144080625671285,0.29999999999998295,1,0.015437699624044399,2.0417333843042031e-07,1.3554314364228048e-06,1
20.0,2001,0.894251752208,0.8999999999999773,1,0.00027703941759682493,1.2097588959335987e-10,4.365118821958447e-10,1
20.0,2001,0.6532945875470234,0.700000000000017,1,0.07250228403995607,1.040867837078986e-05,2.9895329134888016e-05,1
20.0,2001,22.238591130904783,22.299999999999997,1,28.68513627607922,10.20019911714665,0.8239372968673706,1
20.0,2001,0.8405807960425109,1.0999999999999943,1,0.027790966878910695,2.3220809632816074e-06,4.3925665522692725e-06,1
20.0,2001,4.617873009052636,4.699999999999989,1,0.04984703022364556,1.1441007396480463e-05,1.4131406715023331e-05,1
20.0,2001,0.30220750527322143,0.39999999999997726,1,3.773149546759669e-05,1.3379658837529783e-12,8.09694152004159e-12,1
20.0,2001,1.2984925866051875,1.3000000000000114,1,0.0,0.0,0.0,1
20.0,2001,8.794970351550868,8.800000000000011,1,0.17563875636142257,0.0004955357476842936,0.0001754193363012746,1
20.0,2001,1.662831171810238,1.700000000000017,1,1.350410009308689,0.00259898740442351,0.010265098884701729,1
20.0,2001,0.7086870179744283,0.8000000000000114,1,0.06877627038585388,6.481537521120953e-06,2.6901625460595824e-05,1
20.0,2001,1.0910756783622195,1.1000000000000227,1,0.030186689484935414,3.28386464753589e-06,5.182528184377588e-06,1
20.0,2001,22.579717672813317,22.599999999999994,1,50.27748333110184,3.9174356276579694,0.9349666237831116,1
20.0,2001,12.018378242111748,12.099999999999994,1,27.033977913824856,1.4894387801213331,0.8060718178749084,1
20.0,2001,11.84373030106054,11.900000000000006,1,0.0,0.0,0.0,1
20.0,2001,1.3594748940622436,1.4000000000000057,1,0.16615039126656939,0.00010030715680013157,0.00015698115748818964,1
20.0,2001,11.357986587921548,11.399999999999991,1,8.463928704530474,0.7268601447265594,0.28948694467544556,1
20.0,2001,3.3014926584991358,3.4000000000000057,1,0.387174757598018,0.0006141301674876175,0.0008518378017470241,1
20.0,2001,9.36375834439563,9.399999999999991,1,3.219140685602398,0.45322915878355274,0.055657342076301575,1
20.0,2001,1.2581354958219706,1.299999999999983,1,0.0,0.0,0.0,1
20.0,2001,7.911631291917118,8.0,1,3.234616937473529,0.3553624912752026,0.05616365373134613,1
20.0,2001,0.14142553960962112,0.1,0,0.0,0.0,nan,0
20.0,2001,0.14944477262996414,0.19999999999998863,1,0.00548915874605882,2.054513634207362e-08,1.713659258939515e-07,1
20.0,2001,2.4090371089373086,2.5,1,0.6345503486820689,0.0005035751331920483,0.00228481856174767,1
20.0,2001,12.423640341002939,12.499999999999986,1,0.8739783841040207,0.0807678847277549,0.004325454588979483,1
20.0,2001,8.557770941134992,8.600000000000009,1,0.0,0.0,0.0,1
20.0,2001,15.404156592549521,7.900000000000006,0,0.0,1.4322616332515214,nan,0
20.0,2001,25.033001370440196,20.700000000000003,0,0.0,0.04983230403699727,nan,0
20.0,2001,23.65525911957137,23.700000000000003,1,0.0,0.0,0.0,1
20.0,2001,22.08643361792856,22.099999999999994,1,7.086785597484436,1.5904141419646036,0.22217430174350739,1
20.0,2001,0.2856269286689987,0.4000000000000057,1,0.02184453130030306,6.090894089368098e-07,2.7139212761539966e-06,1
20.0,2001,22.88409054117648,22.900000000000006,1,180.98606242717597,16.256954745634697,0.9946608543395996,1
20.0,2001,10.720228738017367,10.799999999999997,1,0.0,0.0,0.0,1
20.0,2001,1.3358204827577198,1.5,1,1.5005862787605508,0.01878148463123378,0.012644695118069649,1
20.0,2001,9.940447258814089,9.999999999999986,1,0.8619154638208784,0.050228717591189305,0.00420737499371171,1
20.0,2001,2.263597451458403,2.5,1,0.00790518284867403,4.1717512085204983e-07,3.554157217422471e-07,1
20.0,2001,0.1798190759854239,0.20000000000001705,1,0.01800952696908098,3.1063884310068847e-07,1.8446618241796386e-06,1
20.0,2001,4.137328158974571,4.200000000000017,1,0.367422185010696,0.0013370930019390905,0.0007672031642869115,1
20.0,2001,0.1228819734988332,0.30000000000001137,1,0.011780783201174927,1.1537828932485398e-07,7.893342512943491e-07,1
20.0,2001,0.2896366452351372,0.30000000000001137,1,0.0,0.0,0.0,1
20.0,2001,0.2804357744659912,0.30000000000001137,1,0.02935991067332111,9.566302263788465e-07,4.902530235995073e-06,1
20.0,2001,0.12689196916541393,0.30000000000001137,1,1.276862356001402,0.0027260213393471636,0.009187400341033936,1
20.0,2001,27.00287761749082,27.099999999999994,1,222.05814579777962,19.46096135361738,0.9964469075202942,1
20.0,2001,0.8100642656949579,0.9000000000000057,1,0.15090071940585403,1.6545107719413452e-05,0.00012949093070346862,1
20.0,2001,0.8347345584730531,0.9000000000000057,1,0.0037170181140027125,8.73436839231188e-09,7.857823902668315e-08,1
20.0,2001,0.1323256219539711,0.19999999999998863,1,0.0,0.0,0.0,1
20.0,2001,31.021593897723317,31.099999999999994,1,261.0446158761383,22.14059654690584,0.9974263906478882,1
20.0,2001,0.8161956943150184,1.0,1,0.011713215861618664,1.2674124575822637e-06,7.803059247635247e-07,1
20.0,2001,2.5121840060587988,2.5999999999999943,1,0.41635696450975956,0.0002004332080641156,0.0009849555790424347,1
20.0,2001,7.685317117897585,7.699999999999989,1,0.21601641550910244,0.0008024418280880804,0.0002653207629919052,1
20.0,2001,0.9706172744923242,1.0,1,0.004200111311462251,1.1459996330275238e-07,1.0033085118266172e-07,1
20.0,2001,3.2069363178315204,3.299999999999983,1,0.03325656154424905,5.846237335625456e-06,6.290206783887697e-06,1
20.0,2001,27.51009884160338,27.60000000000001,1,0.038657765771858976,1.7156687094596723e-06,8.49929256219184e-06,1
20.0,2001,0.20937204773173082,0.30000000000001137,1,0.04334467495766603,2.2231100653983396e-06,1.0685130291676614e-05,1
20.0,2001,19.34415091873655,19.400000000000006,1,0.0010998054740412044,9.772565054229722e-10,6.8793073459971765e-09,1
20.0,2001,3.9541846624059778,4.0,1,8.913006750265197,0.23992294935844918,0.3112073838710785,1
20.0,2001,14.372073998057372,5.399999999999977,0,0.0,0.0006812800441195377,nan,0
20.0,2001,0.9456096421710136,1.0,1,0.4596333421759482,0.0002828071018309452,0.001200091908685863,1
20.0,2001,0.570164295195054,0.5999999999999943,1,0.44597785822861624,0.0002251690447610609,0.0011299222242087126,1
20.0,2001,0.29567105208724526,0.30000000000001137,1,0.13688342520384822,1.5022453616856103e-05,0.00010655367077561095,1
20.0,2001,4.7479443445335505,4.800000000000011,1,0.019952578855054526,3.0901852208664806e-06,2.264175236632582e-06,1
20.0,2001,22.837839181226453,22.89999999999999,1,2.7428191552494354,0.01672758706233247,0.04103098064661026,1
20.0,2001,1.601789667955883,1.6999999999999886,1,3.8709196100707794,0.033074385372724065,0.07852780818939209,1
20.0,2001,4.668951581503615,4.699999999999989,1,24.206530067184758,1.4662222424830356,0.7691895961761475,1
20.0,2001,0.864621044801021,0.9000000000000057,1,0.011959525876363841,4.3576766546853875e-07,8.134680911098258e-07,1
20.0,2001,0.44649712297129207,0.5,1,0.3721674242483459,0.00014445136680068182,0.0007871321868151426,1
20.0,2001,28.986554822154112,21.0,0,0.0,0.005347747331476131,nan,0
20.0,2001,22.806508546380933,22.900000000000006,1,38.99129008599178,8.582299942322638,0.8963371515274048,1
20.0,2001,1.1888410323150298,1.200000000000017,1,0.03165228725069369,2.1823195488978905e-06,5.69797657590243e-06,1
20.0,2001,0.32033050842885935,0.4000000000000057,1,0.21128140355625646,4.289933350568017e-05,0.00025381965679116547,1
20.0,2001,17.580787049445767,17.599999999999994,1,27.04584849029652,4.606123221516558,0.8062090277671814,1
20.0,2001,0.1584923086166316,0.19999999999998863,1,0.13051607813895316,1.2688803388798957e-05,9.687214333098382e-05,1
20.0,2001,19.653761781896705,19.69999999999999,1,17.11836213666311,3.8100383953544665,0.6249938607215881,1
20.0,2001,2.58339448855638,2.6999999999999886,1,0.026029404561882075,1.9467071132875455e-06,3.85336124963942e-06,1
20.0,2001,1.4482214696176392,1.5,1,1.3555968536343244,0.0034889476050940058,0.010343288071453571,1
20.0,2001,0.38175800857647224,0.4000000000000057,1,0.02235771008076881,1.002390628296668e-06,2.842931280611083e-06,1
20.0,2001,4.895801893032426,4.900000000000006,1,3.508060188235504,0.095817966833863,0.06541337817907333,1
20.0,2001,0.37441010139803343,0.4000000000000057,1,0.007606168936945323,1.4361018641907293e-07,3.2903699320741e-07,1
20.0,2001,0.5308766916360581,0.5999999999999943,1,0.03645105404791593,1.904054855626681e-06,7.556659511465114e-06,1
20.0,2001,21.10629009668164,0.5999999999999943,0,0.0,6.258036029297101e-06,nan,0
20.0,2001,19.80653802800341,19.900000000000006,1,87.21325899200292,14.250680384468616,0.9774057865142822,1
20.0,2001,3.58228553866837,3.5999999999999943,1,3.2004352951401485,0.03303917079137987,0.055047910660505295,1
20.0,2001,32.3303624423667,6.300000000000011,0,0.0,0.0004832196153070912,nan,0
20.0,2001,33.245129150862205,33.29999999999998,1,177.8932428226664,26.953895901616942,0.9944746494293213,1
20.0,2001,3.8971117038958782,3.8999999999999773,1,18.160226729885835,0.8622357695722805,0.6522544622421265,1
20.0,2001,0.5447621145737508,0.5999999999999943,1,0.014095219475507292,4.635088159355074e-07,1.1299420066279708e-06,1
20.0,2001,1.5680572050021988,1.6000000000000227,1,7.147365401134341,0.09785997948512579,0.22513015568256378,1
20.0,2001,0.16038211697274957,0.19999999999998863,1,0.004537018462542619,1.1731649816678054e-08,1.1707226121870917e-07,1
20.0,2001,1.5164695544186009,1.5999999999999943,1,1.8533035299262792,0.00810509545922616,0.019160376861691475,1
20.0,2001,0.6196584820974094,0.6999999999999886,1,0.5237283939632107,0.000340128025496982,0.001557572279125452,1
20.0,2001,1.0830446558064544,1.0999999999999943,1,1.185676647780383,0.00819163370355291,0.00793207623064518,1
20.0,2001,5.081390862967137,5.100000000000023,1,27.894980431328747,1.8601886575623923,0.8156861066818237,1
20.0,2001,0.46057758053158904,0.5,1,0.34313260641283705,0.0001325846034052902,0.0006691850139759481,1
20.0,2001,1.7181319040343517,1.8000000000000114,1,3.5511678509060403,0.0308534888134071,0.0669226348400116,1
20.0,2001,0.17068503477832733,0.19999999999998863,1,0.01841597075417667,3.049737354816843e-07,1.928862957356614e-06,1
20.0,2001,3.9500433387074807,4.0,1,0.003368364868038043,1.5472799653277116e-08,6.452844303339589e-08,1
20.0,2001,0.22759692310214716,0.29999999999998295,1,0.13718831586811575,1.644410084931516e-05,0.00010702881263568997,1
20.0,2001,0.16068347550965817,0.19999999999998863,1,1.1392241021940208,0.0014476465075456022,0.007327189203351736,1
20.0,2001,24.911129160225805,3.8999999999999773,0,0.0,4.631781565862618e-05,nan,0
20.0,2001,16.613380906903753,16.69999999999999,1,3.201216256005218,0.8755237004586529,0.05507329851388931,1
20.0,2001,2.0985416718896692,2.0999999999999943,1,4.587479756607081,0.0546958797023267,0.10689640790224075,1
20.0,2001,1.067035112859236,1.0999999999999943,1,0.022037671541056625,5.328888721080887e-07,2.762124040600611e-06,1
20.0,2001,0.38525126574525564,0.39999999999997726,1,0.14438570893616998,1.9714303444991395e-05,0.00011855227057822049,1
20.0,2001,0.5955112882169933,0.6000000000000227,1,0.009228443912434159,8.708072459922797e-08,4.84361578401149e-07,1
20.0,2001,5.831241141522077,2.4000000000000057,0,0.0,0.00017211970103600698,nan,0
20.0,2001,6.558107770952914,6.599999999999994,1,16.83233101170299,0.8267309248481697,0.6170626282691956,1
20.0,2001,2.5942070342787504,2.5999999999999943,1,0.07439056230646202,3.239804762410929e-05,3.147276947856881e-05,1
20.0,2001,13.087765510810076,13.099999999999994,1,105.39853380804485,5.879145128706111,0.9844189286231995,1
20.0,2001,0.37936252022136296,0.4000000000000057,1,0.12565512532455614,2.0649614072248964e-05,8.979131962405518e-05,1
20.0,2001,0.1464366947956711,0.29999999999998295,1,0.09856823632890155,8.38145038029215e-06,5.5253898608498275e-05,1
20.0,2001,7.118351255153823,7.199999999999989,1,0.5789138205667541,0.0036304946250496086,0.001902452320791781,1
20.0,2001,9.442955934943635,9.5,1,0.06481372169332644,0.00010001583017896938,2.389111978118308e-05,1
20.0,2001,5.770156140235718,5.800000000000011,1,0.034042056802718434,1.6309815843351886e-05,6.590853899979265e-06,1
20.0,2001,0.621076022775896,0.6999999999999886,1,0.04420521274278144,2.1669147041937265e-06,1.1113608707091771e-05,1
20.0,2001,0.4345046660908264,0.5,1,0.032309919329691184,1.2836606860567808e-06,5.937205969530623e-06,1
20.0,2001,0.26811623197514245,0.29999999999998295,1,0.008929297211238918,2.9739368359585587e-07,4.5346868660089967e-07,1
20.0,2001,0.3672668437798696,0.4000000000000057,1,0.28822743886576063,8.00707164992363e-05,0.00047225705930031836,1
20.0,2001,1.9252805492904543,2.0,1,1.3552975824609916,0.005539733597461714,0.010338769294321537,1
20.0,2001,27.29752851213242,27.299999999999997,1,163.01750795860698,12.332768513703753,0.9934271574020386,1
20.0,2001,4.757919670717551,4.800000000000011,1,20.140742301613816,1.200710067997029,0.6976190209388733,1
20.0,2001,33.29955264013884,33.3,1,4.355779058528242,2.4450763714261896,0.09739615768194199,1
20.0,2001,5.656796727065847,0.8000000000000114,0,0.0,1.685870310678219e-06,nan,0
20.0,2001,18.924718836444885,19.0,1,8.694465616504203,0.27250284785366485,0.30066555738449097,1
20.0,2001,0.2626259797227405,0.4000000000000057,1,1.087832680780508,0.002661596126411859,0.0066853477619588375,1
20.0,2001,0.2371770278515359,0.30000000000001137,1,1.6901381811909324,0.0028414344504083867,0.01598668284714222,1
20.0,2001,0.18249131814664676,0.20000000000001705,1,0.06196672583337204,2.811677642128991e-06,2.1838386601302773e-05,1
20.0,2001,1.4747711648145077,1.5,1,0.04334373026051708,7.235803862755289e-06,1.0684664630389307e-05,1
20.0,2001,17.46413135613087,17.5,1,19.443598115243276,5.4912035028402455,0.6825535297393799,1
20.0,2001,0.8988518954456862,0.9000000000000057,1,0.22017451035844715,6.565144297988461e-05,0.000275630532996729,1
20.0,2001,7.0857953635209325,7.199999999999989,1,0.3482732721204229,0.001593422162011229,0.0006893721874803305,1
20.0,2001,4.317394654291987,4.400000000000006,1,0.8837454305987649,0.0055997978877090435,0.004422241821885109,1
20.0,2001,1.3721005544761773,1.4000000000000057,1,0.05542046868777106,8.249112085300595e-06,1.7468102669226937e-05,1
20.0,2001,0.3164376365795453,0.4000000000000057,1,0.015326637550003852,4.2993290690671017e-07,1.3359990589378867e-06,1
20.0,2001,2.216555615554635,2.299999999999983,1,0.14897074324244386,0.0001081837640553062,0.00012620021880138665,1
20.0,2001,0.5151128545273643,0.5999999999999943,1,0.09748277026210417,1.5809263326981626e-05,5.40437176823616e-05,1
20.0,2001,27.544124656052066,27.599999999999994,1,108.02668973366417,9.6261773608,0.9851567149162292,1
20.0,2001,1.1291746014025241,1.200000000000017,1,1.276653602067654,0.003212332714433971,0.009184423834085464,1
20.0,2001,0.2495363103188131,0.30000000000001137,1,0.009920569179485028,1.1372017197865689e-07,5.59739419259131e-07,1
20.0,2001,29.316047542854538,29.400000000000006,1,253.43652015491398,19.076539744308295,0.9972699880599976,1
20.0,2001,4.8187055950704565,4.900000000000006,1,0.06820022294505179,7.774012881426056e-06,2.645288623170927e-05,1
20.0,2001,2.66577296436256,2.6999999999999886,1,5.14413753888266,0.11320487306406012,0.1308131068944931,1
20.0,2001,0.26168283969861167,0.29999999999998295,1,0.023573421739001788,3.5656605761807455e-07,3.1605075037077768e-06,1
20.0,2001,0.60089594043021,0.6999999999999886,1,0.08159601876218403,1.0350605974467219e-05,3.786469460465014e-05,1
20.0,2001,10.33403458283271,10.400000000000006,1,9.725112263697156,0.5518110056230686,0.34976300597190857,1
20.0,2001,0.8044969309257873,0.9000000000000057,1,0.8266440738671008,0.0010642835356063733,0.0038713770918548107,1
20.0,2001,31.147441159075555,24.700000000000017,0,0.0,5.483879653611927,nan,0
20.0,2001,23.29972731797341,17.0,0,0.0,0.0024012166136395522,nan,0
20.0,2001,3.0909041220387996,3.1000000000000227,1,1.9471509681352472,0.017938569174767514,0.021107995882630348,1
20.0,2001,1.0736621620267228,1.1000000000000227,1,1.2080943868238307,0.008874030299556567,0.008232365362346172,1
20.0,2001,0.38609437853956385,0.4000000000000057,1,1.1802583924427381,0.0030833437678687925,0.007860315032303333,1
20.0,2001,0.6365690903120935,0.700000000000017,1,0.09917048793249705,1.1579474176395191e-05,5.593112655333243e-05,1
20.0,2001,31.958121973845184,1.6999999999999886,0,0.0,8.319444043601769e-06,nan,0
20.0,2001,0.4844915740516754,0.5999999999999943,1,1.139988907135006,0.004306379042559237,0.007336958311498165,1
20.0,2001,0.3041098733894351,0.4000000000000057,1,0.10755670108437698,1.0235725541839478e-05,6.578991451533511e-05,1
20.0,2001,0.36393627609425694,0.4000000000000057,1,1.359888226467774,0.004189011688757522,0.010408196598291397,1
20.0,2001,0.2568621281964666,0.29999999999998295,1,0.010848104828482974,8.79945049864237e-08,6.692993679280335e-07,1
20.0,2001,25.641618193776306,25.700000000000017,1,118.25077314195323,10.494623561582118,0.9875819683074951,1
20.0,2001,3.648039297475211,3.8000000000000114,1,1.1331721660226322,0.029356238492339072,0.007250110153108835,1
20.0,2001,0.3862614707468057,0.4000000000000057,1,0.11237435285920583,1.282562187762131e-05,7.181516411947086e-05,1
20.0,2001,0.6593535678921301,0.6999999999999886,1,0.03036656083440903,3.7521421865822813e-06,5.244473413767992e-06,1
20.0,2001,35.84958384309402,35.89999999999999,1,127.48607290847929,21.23566964075591,0.9892974495887756,1
20.0,2001,2.1494301261110897,2.1999999999999886,1,0.046714349356221874,1.0789000091495314e-05,1.2411040188453626e-05,1
20.0,2001,0.5685778133968632,0.5999999999999943,1,0.021641159995851922,7.06915307767321e-07,2.6636237180355238e-06,1
20.0,2001,0.16102199208968362,0.19999999999998863,1,0.012022839217934234,1.037086718214333e-07,8.221038569899974e-07,1
20.0,2001,0.34305691636886565,0.39999999999997726,1,0.0012801865784126676,1.522728514694205e-09,9.320935134837782e-09,1
20.0,2001,8.124270539618328,8.200000000000017,1,67.33447700168743,4.542770028735295,0.9626674056053162,1
20.0,2001,0.19427446104999815,0.30000000000001137,1,1.1186224063358168,0.0021303280623608772,0.007066431920975447,1
20.0,2001,0.6222335363371044,0.700000000000017,1,0.03216685617007897,7.540163303403756e-07,5.884744950890308e-06,1
20.0,2001,14.847749805353825,8.5,0,0.0,0.000935306078975077,nan,0
20.0,2001,0.18594913033691113,0.19999999999998863,1,0.00032146480094752405,7.260836488743768e-11,5.877326403336269e-10,1
20.0,2001,1.148408001167234,1.1999999999999886,1,1.2030010518355425,0.009579338505370294,0.008163661696016788,1
20.0,2001,0.18559133353524207,0.19999999999998863,1,0.007402221967595324,3.2695988774648046e-08,3.116283835424838e-07,1
20.0,2001,17.511313469737328,17.599999999999994,1,0.08384808015011913,0.010090063446304084,3.998359534307383e-05,1
20.0,2001,22.646511503675274,22.69999999999999,1,0.6555798808021791,0.01650312802293058,0.00243839411996305,1
20.0,2001,0.3317679382905192,0.4000000000000057,1,0.02952354011353009,1.3027540329027492e-06,4.9573282012715936e-06,1
20.0,2001,10.390936817916835,10.399999999999977,1,14.105395535044408,0.8373171045349465,0.5308634042739868,1
20.0,2001,11.106347250359487,11.200000000000017,1,45.528035628412184,4.6302908983591005,0.9218067526817322,1
20.0,2001,0.22807270239230681,0.30000000000001137,1,1.0720487794860674,0.0019521786922072543,0.006494003813713789,1
20.0,2001,0.42243598685347566,0.5,1,1.1816419628839867,0.003958547342022921,0.00787860993295908,1
20.0,2001,32.65927681779444,32.69999999999999,1,161.45140929329807,23.721724562800993,0.9932998418807983,1
20.0,2001,1.0532995904063016,1.0999999999999943,1,0.002839354815932893,1.524178706225233e-08,4.585136537116341e-08,1
20.0,2001,5.441338950247762,5.5,1,42.590565401861795,2.200244248269979,0.9116348028182983,1
20.0,2001,32.53351170036931,32.400000000000006,0,0.0,10.741326931489866,nan,0
20.0,2001,3.543950062535048,3.5999999999999943,1,0.12129793441408765,0.00010841231182930701,8.367263217223808e-05,1
20.0,2001,3.020379269486258,3.0999999999999943,1,3.3452666102311923,0.03999200549257355,0.059838004410266876,1
20.0,2001,0.5395839811396554,0.5999999999999943,1,0.4206696034216979,0.00028567761583523136,0.0010054450249299407,1
20.0,2001,0.14879887238795148,0.19999999999998863,1,0.01801754705957137,2.5783740720801007e-07,1.8463051674189046e-06,1
20.0,2001,4.67081265185289,4.700000000000017,1,0.0801166159112654,5.480006710051545e-05,3.650415601441637e-05,1
20.0,2001,8.668450456457022,8.699999999999989,1,1.9890266816363464,0.017990018608152757,0.022005466744303703,1
20.0,2001,9.038010264481247,9.099999999999994,1,2.9856002816637783,0.017002007145551733,0.048250194638967514,1
20.0,2001,8.465976440880738,8.5,1,47.207003109591824,4.262763251761271,0.9268704056739807,1
20.0,2001,0.48848484853109747,0.5,1,0.010199716885381349,2.2911561484441781e-07,5.916828058616375e-07,1
20.0,2001,8.95741221253648,9.0,1,35.569149592357306,4.9092330308796654,0.8779815435409546,1
20.0,2001,2.846317454597527,2.9000000000000057,1,0.038809656787634594,1.3157750919524232e-05,8.56621227285359e-06,1
20.0,2001,1.1687419890689834,1.1999999999999886,1,0.0009744283779582474,1.8832364403747613e-09,5.400236702257644e-09,1
20.0,2001,0.19056056482200248,0.19999999999998863,1,0.005041396308570256,1.4715567655934097e-08,1.445488209128598e-07,1
20.0,2001,0.4486771018853425,0.5,1,0.02778896448262458,9.937792410020974e-07,4.3919335439568385e-06,1
20.0,2001,8.678840862523224,8.699999999999989,1,1.5232230691866562,0.03523729229391394,0.01302406471222639,1
20.0,2001,3.2258621626751536,3.299999999999983,1,0.1238732131648419,9.041403740626372e-05,8.726294618099928e-05,1
20.0,2001,0.33547642010950435,0.4000000000000057,1,0.3880926288491082,0.00013787585933998728,0.0008558780536986887,1
20.0,2001,0.14681505685139268,0.19999999999998863,1,1.1590028786705773,0.001517467383627207,0.0075818756595253944,1
20.0,2001,24.799552419454763,7.400000000000006,0,0.0,0.0033887745901323707,nan,0
20.0,2001,34.96080434215114,34.999999999999986,1,142.40246869252678,26.364938168826473,0.9914038777351379,1
20.0,2001,3.544759664775171,3.5999999999999943,1,7.479247632215447,0.23606016709736716,0.2413596659898758,1
20.0,2001,0.6034927822381061,0.700000000000017,1,0.09318578916781917,1.0625733240649009e-05,4.938452548230998e-05,1
20.0,2001,0.10225257346166511,0.20000000000001705,1,0.14431281475123114,1.4907296811488629e-05,0.00011843261017929763,1
20.0,2001,35.84912574765288,16.400000000000006,0,0.0,0.03948899040033707,nan,0
20.0,2001,27.22008464113836,27.299999999999997,1,78.22147030536235,8.941235926321884,0.9720661640167236,1
20.0,2001,13.804184643028877,13.900000000000006,1,92.98218592760506,7.514133715605628,0.9800683259963989,1
20.0,2001,4.540614298339359,4.599999999999994,1,0.5603283205081482,0.0018708029745289237,0.0017824743408709764,1
20.0,2001,0.31089015103998835,0.4000000000000057,1,0.023723907618744988,8.711164538303627e-07,3.200987748641637e-06,1
20.0,2001,0.6559588552250235,0.700000000000017,1,0.036307834719082166,1.896642529651085e-06,7.497395017708186e-06,1
20.0,2001,0.5171970582816178,0.6000000000000227,1,5.463395154947648e-06,3.7293195956701997e-14,1.6976109645620852e-13,1
20.0,2001,0.1539914305793793,0.20000000000001705,1,0.11275286356703873,1.0112602341839105e-05,7.229973562061787e-05,1
20.0,2001,1.8205565588526806,1.9000000000000057,1,1.6561475551407057,0.007411399006606351,0.015359904617071152,1
20.0,2001,1.4600305629015264,1.5,1,0.9396222811441248,0.006969335988655774,0.004996251314878464,1
20.0,2001,0.800729081433598,0.9000000000000057,1,0.036613270229281625,2.9867748873558665e-06,7.624066711287014e-06,1
20.0,2001,0.7844722399100849,0.799999999999983,1,0.047734876912386426,5.766613083714371e-06,1.2959222658537328e-05,1
20.0,2001,0.13728789961341842,0.19999999999998863,1,0.0058794927472263225,2.052633527348609e-08,1.9660410544020124e-07,1
20.0,2001,28.711773048307606,28.799999999999983,1,95.97467258441833,14.15724043653227,0.9812689423561096,1
20.0,2001,2.3314490615132217,2.3999999999999773,1,0.0002088901986780911,1.6990481487621182e-10,2.481698735401494e-10,1
20.0,2001,1.4398030384923106,1.5,1,0.08438907924755767,0.004346746698073426,4.050119605381042e-05,1
20.0,2001,0.5608067066141238,0.6000000000000227,1,0.014952170382940722,2.3886164420164153e-07,1.2715131560980808e-06,1
20.0,2001,11.880609044301455,11.900000000000006,1,13.629733748061426,0.502148943243608,0.5137473940849304,1
20.0,2001,9.17098074454691,9.200000000000017,1,53.121921159327044,3.8905731801977126,0.9413471221923828,1
20.0,2001,0.20276094569022787,0.30000000000001137,1,0.012257845736257877,1.8191519496100056e-07,8.545566743123345e-07,1
20.0,2001,3.2896924162677044,3.3000000000000114,1,0.04986869962192486,1.2879632196073992e-05,1.4143695807433687e-05,1
20.0,2001,0.5428739782256705,0.5999999999999943,1,6.886346170631441e-06,8.487885567231881e-14,2.6970602400727683e-13,1
20.0,2001,0.12504425266125005,0.19999999999998863,1,0.010978384592817747,6.889128215641418e-08,6.854717184978654e-07,1
20.0,2001,21.48212283816893,21.5,1,33.78018466390347,8.305801748009722,0.8664866089820862,1
20.0,2001,0.21089519628729783,0.29999999999998295,1,0.0,0.0,0.0,1
20.0,2001,6.3433581062634845,6.399999999999977,1,0.043782585985582045,1.1756009791898025e-05,1.0902122085099109e-05,1
20.0,2001,3.6541143513227023,3.6999999999999886,1,19.40314190113577,0.9127173385722189,0.6816502213478088,1
20.0,2001,9.685747790263736,9.700000000000017,1,1.3404202419305875,0.03911224268870016,0.010115317068994045,1
20.0,2001,0.10659056685827292,0.20000000000001705,1,0.0,0.0,0.0,1
20.0,2001,0.4791360374939103,0.19999999999998863,0,0.0,4.762553064441654e-09,nan,0
20.0,2001,2.749210306119532,2.8000000000000114,1,0.48620840197099824,0.00033359199143609885,0.0013426856603473425,1
20.0,2001,1.778359330458591,1.8000000000000114,1,0.05627260870141981,1.5957549524230997e-05,1.8009399354923517e-05,1
20.0,2001,0.2066212905479378,0.30000000000001137,1,0.009916783192920775,1.2544795432976636e-07,5.59312240966392e-07,1
20.0,2001,38.244235726227565,38.3,0,0.0,11.088161232399013,0.0,1
20.0,2001,36.29518762554292,32.2,0,0.0,24.681770095846776,0.7854508757591248,1
20.0,2001,40.70582584098787,28.900000000000006,0,0.0,5.943146768206473,1.2321121900527032e-10,1
20.0,2001,36.665361446652476,24.400000000000006,0,0.0,16.07872982245029,1.1516299309732858e-06,1
20.0,2001,36.64954565904439,23.5,0,0.0,5.21681891522084,7.328584615606815e-06,1
20.0,2001,43.955232188477474,22.900000000000006,0,0.0,10.770744821802579,4.751969390781596e-05,1
20.0,2001,22.898756666681436,22.0,0,0.0,9.64380610910864,4.420738332555629e-05,1
20.0,2001,30.578919142068788,22.0,0,0.0,4.163199006877039,0.9943506717681885,1
20.0,2001,34.65188686078537,21.400000000000006,0,0.0,0.015890349246440994,1.1979613191215321e-05,1
20.0,2001,26.666523302251896,21.099999999999994,0,0.0,11.324199441780593,6.167096557874174e-07,1
20.0,2001,28.65264165745164,19.30000000000001,0,0.0,4.441879502227001,0.0,1
20.0,2001,28.396219967172577,18.5,0,0.0,13.718262008985292,0.8411362171173096,1
20.0,2001,37.16164930125041,17.69999999999999,0,0.0,1.7159793580433231,8.09694152004159e-12,1
20.0,2001,28.228282680280916,16.30000000000001,0,0.0,0.004749761887826727,0.28948694467544556,1
20.0,2001,39.10096948929188,16.30000000000001,0,0.0,0.2960074327101707,0.0008518378017470241,1
20.0,2001,30.270682975822673,15.699999999999989,0,0.0,7.070005539389409,0.004325454588979483,1
20.0,2001,36.3790064937433,13.800000000000011,0,0.0,9.86950694665936,0.0002653207629919052,1
20.0,2001,16.11877927517416,13.5,0,0.0,7.410915308143398,6.8793073459971765e-09,1
20.0,2001,23.685116831894714,12.699999999999989,0,0.0,5.65374588711492,0.7691895961761475,1
20.0,2001,36.18455244772887,10.400000000000006,0,0.0,5.559029291373491,0.0669226348400116,1
20.0,2001,38.43757108905835,10.400000000000006,0,0.0,0.001070853937144516,1.928862957356614e-06,1
20.0,2001,20.04563223877834,10.199999999999989,0,0.0,0.09736163123765904,0.0,1
20.0,2001,10.41447453232151,8.800000000000011,0,0.0,0.004026555176577879,5.937205969530623e-06,1
20.0,2001,36.4191203455298,8.699999999999989,0,0.0,0.05346417944815375,0.010338769294321537,1
20.0,2001,40.071383481870974,8.300000000000011,0,0.0,0.21869687685813355,0.0,1
20.0,2001,11.893103418268396,8.0,0,0.0,5.357687804766698,0.01598668284714222,1
20.0,2001,18.006957207637125,8.0,0,0.0,2.6729128315236754,2.1838386601302773e-05,1
20.0,2001,19.919853767128657,7.900000000000006,0,0.0,5.9141587159607707e-05,1.0684664630389307e-05,1
20.0,2001,16.000997339644748,7.800000000000011,0,0.0,2.3374751768230007,0.000275630532996729,1
20.0,2001,31.830655612963383,7.800000000000011,0,0.0,0.005312858233699412,0.6825535297393799,1
20.0,2001,40.55400305668165,7.199999999999989,0,0.0,0.7067514223265833,0.9851567149162292,1
20.0,2001,21.64948499212266,7.099999999999994,0,0.0,0.0014101023808006045,5.59739419259131e-07,1
20.0,2001,42.52465317809846,6.900000000000006,0,0.0,0.0025744641962570894,0.9972699880599976,1
20.0,2001,44.90436752574455,6.699999999999989,0,0.0,1.5851604056642794,3.1605075037077768e-06,1
20.0,2001,9.922567254102168,6.300000000000011,0,0.0,0.4731702366162559,0.0038713770918548107,1
20.0,2001,13.961019339330582,6.099999999999994,0,0.0,0.06893583993046327,0.021107995882630348,1
20.0,2001,7.69107760222395,5.699999999999989,0,0.0,0.0003111190458988672,6.692993679280335e-07,1
20.0,2001,5.676964320262086,5.599999999999994,0,0.0,0.0005182680423872028,0.007250110153108835,1
20.0,2001,34.51296804578108,5.599999999999994,0,0.0,0.33515587991277945,0.9875819683074951,1
20.0,2001,9.674830094816656,4.5,0,0.0,0.007754405681433104,0.007066431920975447,1
20.0,2001,21.257822648663442,4.5,0,0.0,0.00023824803033663244,5.884744950890308e-06,1
20.0,2001,12.399131173673204,4.199999999999989,0,0.0,0.005330978957250735,3.116283835424838e-07,1
20.0,2001,24.67312173638672,3.8000000000000114,0,0.0,0.00034374288773449417,4.9573282012715936e-06,1
20.0,2001,17.872300266043876,3.6999999999999886,0,0.0,0.09108601114300285,0.5308634042739868,1
20.0,2001,29.174007479964185,3.5999999999999943,0,0.0,1.0291906261936623e-05,0.006494003813713789,1
20.0,2001,16.86990527905775,3.5,0,0.0,3.425213938846558e-06,0.00787860993295908,1
20.0,2001,29.60251874800763,3.1999999999999886,0,0.0,0.04411976046665275,0.9116348028182983,1
20.0,2001,2.7693683560293785,2.0999999999999943,0,0.0,1.3074691450191028e-05,5.916828058616375e-07,1
20.0,2001,42.3505894890368,2.0,0,0.0,2.8278628308759234e-05,0.8779815435409546,1
20.0,2001,4.963136583128456,1.9000000000000057,0,0.0,9.520808262431773e-10,5.400236702257644e-09,1
20.0,2001,5.545521417992307,1.8000000000000114,0,0.0,1.9712980901459782e-05,8.726294618099928e-05,1
20.0,2001,9.926476946188426,1.6999999999999886,0,0.0,0.005326851930426572,0.2413596659898758,1
20.0,2001,2.8309418970854896,1.6999999999999886,0,0.0,0.015804625503445142,0.0,1
20.0,2001,16.447857644399164,1.5999999999999943,0,0.0,3.0153196094154102e-05,4.938452548230998e-05,1
20.0,2001,1.5635162363163704,1.5,0,0.0,0.02396662150800232,0.00011843261017929763,1
20.0,2001,8.089615830733138,1.4000000000000057,0,0.0,7.721690089500932e-06,0.9800683259963989,1
20.0,2001,1.2454760789921397,1.3000000000000114,0,0.0,9.322771765722562e-06,0.0017824743408709764,1
20.0,2001,12.82459437504357,1.0999999999999943,0,0.0,5.76491612447988e-05,7.229973562061787e-05,1
20.0,2001,44.66085072653538,0.9000000000000057,0,0.0,3.760105215613544e-06,0.004996251314878464,1
20.0,2001,12.322448149430338,0.9000000000000057,0,0.0,0.00024022027479231512,0.015359904617071152,1
20.0,2001,36.86411523235691,0.8000000000000114,0,0.0,0.008832797053499005,0.0,1
20.0,2001,2.091087183244106,0.8000000000000114,0,0.0,2.4628023644517884e-06,1.9660410544020124e-07,1
20.0,2001,5.397116456496711,0.8000000000000114,0,0.0,6.874233240370484e-06,1.2959222658537328e-05,1
20.0,2001,7.043500713528711,0.6999999999999886,0,0.0,0.0,2.481698735401494e-10,1
20.0,2001,1.3590125620870537,0.5999999999999943,0,0.0,2.7009315949090517e-06,1.2715131560980808e-06,1
20.0,2001,14.372125472314078,0.5,0,0.0,0.00025073359575325006,0.5137473940849304,1
20.0,2001,0.44937423457502657,0.5,0,0.0,1.6421507084425021e-06,0.9413471221923828,1
20.0,2001,1.1052436031133162,0.5,0,0.0,1.078923589411045e-07,8.545566743123345e-07,1
20.0,2001,3.3410510981245136,0.4000000000000057,0,0.0,2.401634729455865e-07,6.854717184978654e-07,1
20.0,2001,10.204567636693366,0.30000000000001137,0,0.0,0.0,0.0,1
20.0,2001,9.316096730014936,0.30000000000001137,0,0.0,1.0838110480329502e-06,0.8664866089820862,1
20.0,2001,0.4807569099633048,0.19999999999998863,0,0.0,1.6936056403627591e-06,0.6816502213478088,1
20.0,2001,0.8712452603807221,0.1,0,0.0,0.0,0.0,1
20.0,2001,8.208833682935916,0.1,0,0.0,1.50598382199818e-06,0.010115317068994045,1
20.0,2002,0.1909702780344169,0.20000000000000284,1,6.0058701819798443e-05,2.2778227636169762e-12,2.0514683701788883e-11,1
20.0,2002,0.18427986378048056,0.20000000000000284,1,0.012266986848828765,1.0496436437121872e-07,8.558317290408013e-07,1
20.0,2002,0.25195073356990405,0.29999999999999716,1,0.004625823847163701,5.9351165979800885e-08,1.2170013974355243e-07,1
20.0,2002,0.23012467794187208,0.29999999999999716,1,0.035874598244390654,8.318956126577629e-07,7.319541509787086e-06,1
20.0,2002,0.1516713614199082,0.29999999999999716,1,0.029706893819820834,8.471095760253973e-07,5.019093350711046e-06,1
20.0,2002,0.10112296150700131,0.29999999999999716,1,0.003483733544271672,1.4634031360379763e-08,6.90244235102e-08,1
20.0,2002,0.25328721556672157,0.29999999999999716,1,0.0110295569347727,1.452571996739392e-07,6.918768349351012e-07,1
20.0,2002,0.22446404195724157,0.29999999999999716,1,4.845497699079715e-05,1.7328280790123931e-12,1.3353334930854555e-11,1
20.0,2002,0.32229866729349704,0.3999999999999986,1,0.019929048859012255,4.550603252644029e-07,2.258838094348903e-06,1
20.0,2002,0.3668467808868252,0.3999999999999986,1,0.03665913022774703,7.817081662856069e-07,7.643177923455369e-06,1
20.0,2002,0.33807988773339026,0.3999999999999986,1,0.01623185910182201,3.303068077072882e-07,1.498472670391493e-06,1
20.0,2002,0.37668214971892416,0.3999999999999986,1,0.014428387116822705,1.657914453578437e-07,1.183989979836042e-06,1
20.0,2002,0.3795408973364995,0.3999999999999986,1,4.634894935406919e-06,1.7979915839057774e-14,1.2217792966576213e-13,1
20.0,2002,0.45356037174006875,0.5,1,3.2000011151488166,0.016510134327883504,0.05503379926085472,1
20.0,2002,0.4623422986460412,0.5,1,0.0,0.0,0.0,1
20.0,2002,0.2997457864604771,0.5,1,0.005160799491193302,5.574446672248984e-08,1.5147705312301696e-07,1
20.0,2002,0.14812064349683476,0.20000000000000284,1,0.029958376121612673,9.461845146128331e-07,5.104430329083698e-06,1
20.0,2002,0.6866826654760845,0.7000000000000028,1,2.1490695985448838e-05,5.747425309239453e-13,2.6267208894092953e-12,1
20.0,2002,0.16792790333509178,0.20000000000000284,1,0.015712154566244863,1.797981472211962e-07,1.404054046361125e-06,1
20.0,2002,0.6095045699067434,0.7000000000000028,1,0.007034905788486867,6.18909352044472e-08,2.814682318330597e-07,1
20.0,2002,0.12044120433215694,0.19999999999999574,1,0.01978427895483037,3.383510449219304e-07,2.226139713457087e-06,1
20.0,2002,0.15784905450261816,0.20000000000000284,1,0.0008082527492092595,4.708435208491675e-10,3.7154150867024782e-09,1
20.0,2002,0.4878692222838153,0.5,1,0.051811162593367044,3.4780557365743944e-06,1.5266974514815956e-05,1
20.0,2002,1.2167676419242235,1.2999999999999972,1,0.07434908183853395,1.618326011999723e-05,3.143768117297441e-05,1
20.0,2002,1.3773037213084531,1.3999999999999986,1,0.031493084294538676,3.6481273484313163e-06,5.640802555717528e-06,1
20.0,2002,0.37223713332080227,0.6999999999999957,1,1.2267766207896784,0.006067864029753013,0.00848677009344101,1
20.0,2002,0.5533064289393671,0.6000000000000014,1,9.437521327981813e-06,1.0657116166719346e-13,5.065576322120513e-13,1
20.0,2002,1.586104558329521,1.6000000000000014,1,2.356491072793517,0.011911018126632311,0.03061544895172119,1
20.0,2002,1.6487906765864437,1.7000000000000028,1,0.4585325851694506,0.0006977954851921595,0.0011943575227633119,1
20.0,2002,2.1314277142320206,2.200000000000003,1,0.41078250078453493,0.0005758875998720488,0.0009587827953509986,1
20.0,2002,1.763807981401931,1.8000000000000043,1,0.050883826507742924,6.717166117024696e-06,1.4725365872436669e-05,1
20.0,2002,2.3316250640522265,2.3999999999999986,1,0.01370266784215346,2.8229745095818567e-06,1.0678807029762538e-06,1
20.0,2002,1.1717320606821267,1.1999999999999957,1,0.8565667192006856,0.005322657618912059,0.004155534319579601,1
20.0,2002,1.7265841375693514,1.7999999999999972,1,0.0,0.0,0.0,1
20.0,2002,0.20353231442973455,0.30000000000000426,1,0.00253792115000806,5.276184741396068e-09,3.663271996856565e-08,1
20.0,2002,2.6972175377420844,2.700000000000003,1,6.298868335052248,0.1299386874092929,0.18410731852054596,1
20.0,2002,0.45575269681371144,0.5,1,0.0,0.0,0.0,1
20.0,2002,0.4209343095452578,0.5,1,0.003319098933332043,1.1574106542566034e-08,6.265464946864086e-08,1
20.0,2002,1.9172367611282,2.0,1,0.12795015750816674,5.517109605710109e-05,9.310096356784925e-05,1
20.0,2002,1.5570899559271123,1.5999999999999943,1,2.129715848749356,0.01034530816190887,0.025147520005702972,1
20.0,2002,3.317404586577809,3.3999999999999986,1,0.014294531726704918,5.193806340459574e-07,1.1621235671555041e-06,1
20.0,2002,0.1335456667403081,0.20000000000000284,1,0.0005513525118203688,2.1529871006956389e-10,1.7289071285730984e-09,1
20.0,2002,3.7574175234076437,3.799999999999997,1,0.47616562365192294,0.0005621192050842583,0.0012878620764240623,1
20.0,2002,0.35762416572579525,0.3999999999999986,1,0.15433204015636193,2.3187824993317114e-05,0.00013544604007620364,1
20.0,2002,3.7732580494712367,3.8000000000000043,1,1.5659126766523643,0.02342436308007729,0.013754133135080338,1
20.0,2002,4.493045448821518,4.5,1,2.2720116477622696,0.036588741490484564,0.02852117456495762,1
20.0,2002,0.9372302916650277,0.9999999999999929,1,0.0039716224262065225,2.7899440722446936e-08,8.971164788817987e-08,1
20.0,2002,5.2393881194643965,5.299999999999997,1,18.697230392823997,1.244901446354503,0.6653541922569275,1
20.0,2002,1.4404980064736927,1.5,1,9.56191484763124,0.15134890257744305,0.3421049416065216,1
20.0,2002,3.799145174037198,3.799999999999997,1,1.0456629767741106,0.006941095911916027,0.006180221680551767,1
20.0,2002,2.034906786021956,2.1000000000000014,1,1.8677959135326319,0.011117709042748548,0.019455354660749435,1
20.0,2002,0.595329729541287,0.5999999999999943,1,0.06795780739798829,5.62997604775379e-06,2.626517198223155e-05,1
20.0,2002,5.203307403695007,5.299999999999997,1,0.10195655428560713,8.674947213385569e-05,5.9117704950040206e-05,1
20.0,2002,6.306021524102884,6.299999999999997,0,0.0,0.001276072191763605,nan,0
20.0,2002,4.356765055008911,4.399999999999999,1,1.2035332209951264,0.03293265376585391,0.008170826360583305,1
20.0,2002,0.11521511264296812,0.20000000000000284,1,0.00860388216847241,5.229129887003946e-08,4.2101899566659995e-07,1
20.0,2002,6.3804835907916475,6.400000000000006,1,0.0,0.0,0.0,1
20.0,2002,6.3950174685787635,6.400000000000006,1,1.7701969447653028,0.028912850870415382,0.017509926110506058,1
20.0,2002,6.395632162020729,6.400000000000006,1,2.412491470545774,0.06263339063513641,0.03204067423939705,1
20.0,2002,6.16804968028575,6.200000000000003,1,0.008847389656466476,8.24343117345381e-07,4.4518759523271e-07,1
20.0,2002,0.4147225649785988,0.5,1,0.04181361235851,1.8422470096151273e-06,9.943608347384725e-06,1
20.0,2002,0.19986940037034345,0.19999999999998863,1,0.005331460763329687,1.9188830218559623e-08,1.6166102057013632e-07,1
20.0,2002,0.11993781690205994,0.20000000000000284,1,0.004349671617376316,1.354982927587628e-08,1.0760336266457671e-07,1
20.0,2002,0.11385632267190882,0.20000000000000284,1,0.009026540107015535,5.908455261499377e-08,4.633993171410111e-07,1
20.0,2002,4.70151415897011,4.799999999999997,1,0.24540419247659884,0.000613506494129218,0.00034239559317938983,1
20.0,2002,7.379060220322963,7.400000000000006,1,8.708824417792757,0.867793565106936,0.3013599216938019,1
20.0,2002,0.4963495270967817,0.5,1,0.02050545216093269,4.5085882250526936e-07,2.3913910354167456e-06,1
20.0,2002,7.877514856212673,7.900000000000006,1,0.20233832678331964,0.0006680994268409879,0.000232792051974684,1
20.0,2002,0.5130709903766699,0.5999999999999943,1,0.030728546006230317,2.048686132169608e-06,5.370251528802328e-06,1
20.0,2002,8.34722644881883,8.400000000000006,1,0.07114727332555049,0.0007482042235176563,2.8788363124476746e-05,1
20.0,2002,8.496449013302925,8.5,1,16.051609908643115,2.1162330890640493,0.5943829417228699,1
20.0,2002,8.571479451106207,8.599999999999994,1,14.697382772046637,1.5251274472390906,0.5512778162956238,1
20.0,2002,7.407451435176906,7.499999999999993,1,0.0728739739894877,6.895988394844103e-05,3.0202629204723053e-05,1
20.0,2002,1.0724137515696537,1.1000000000000085,1,1.360670714499065,0.010942005428297565,0.010420052334666252,1
20.0,2002,0.3651643540846586,0.4000000000000057,1,1.148841051879657,0.0029643839715963504,0.007450493052601814,1
20.0,2002,8.961744579529393,9.0,1,0.0,0.0,0.0,1
20.0,2002,6.667540804073268,6.700000000000003,1,0.1638998749303937,0.0003440494177528374,0.00015275795885827392,1
20.0,2002,3.0941714870807813,3.299999999999997,1,1.390888416186499,0.03467128755756627,0.010882914997637272,1
20.0,2002,0.988025905721809,1.0,1,0.004106997020244307,1.4839538409200751e-07,9.593159688847663e-08,1
20.0,2002,3.1639930580653086,3.200000000000003,1,0.24821714186873578,0.00040770940004247215,0.0003502872714307159,1
20.0,2002,3.1033031552123957,3.200000000000003,1,0.11726054530481633,9.31777220608492e-05,7.819569145794958e-05,1
20.0,2002,5.94054368642275,6.0,1,37.08988399525981,2.08908330557578,0.8866715431213379,1
20.0,2002,2.072090748194273,2.0999999999999943,1,0.09041919196897652,4.0110139665984135e-05,4.6495828428305686e-05,1
20.0,2002,1.0000326044136398,1.0999999999999943,1,0.548687751246689,0.0009660626388857355,0.0017093087080866098,1
20.0,2002,1.0282298316903957,1.1000000000000085,1,0.025194423353298134,1.2063375903227024e-06,3.6101082514505833e-06,1
20.0,2002,0.7088335940230939,0.9000000000000057,1,0.06730647899985343,7.956357740559323e-06,2.5764131351024844e-05,1
20.0,2002,9.47732129592108,9.5,1,3.210414751487421,0.4633728700747093,0.055372703820466995,1
20.0,2002,0.14445816119084506,0.20000000000000284,1,0.016001797847820853,1.9422932789569357e-07,1.4562967862730147e-06,1
20.0,2002,0.11166224569716557,0.20000000000000284,1,0.001393872964399634,3.4359816125766952e-09,1.1049925419115425e-08,1
20.0,2002,3.7160948328543464,3.8000000000000114,1,0.0,0.0,0.0,1
20.0,2002,3.386956855822153,3.4000000000000057,1,0.20059964388366325,0.0002213406402215643,0.00022880941105540842,1
20.0,2002,0.5996794644242085,0.5999999999999943,1,0.013149810362847347,5.650162946391486e-07,9.83448217084515e-07,1
20.0,2002,4.080478145986679,4.099999999999994,1,0.0,0.0,0.0,1
20.0,2002,3.1127344089390463,3.200000000000003,1,0.17639694779876436,0.00015922950883450626,0.00017693682457320392,1
20.0,2002,1.02278741092685,1.0999999999999943,1,1.0328549247751653,0.007110645979273596,0.006030656397342682,1
20.0,2002,0.4086657876835226,0.5,1,0.02240263428848266,6.934431119917463e-07,2.854367494364851e-06,1
20.0,2002,10.65493207706254,10.700000000000003,1,0.00038222829368805833,2.8440436156005887e-09,8.309188337385365e-10,1
20.0,2002,10.798679175747424,10.799999999999997,1,14.790104859377152,1.9986400348568378,0.5543871521949768,1
20.0,2002,11.343578775941012,11.400000000000006,1,143.91554508284358,8.885885394561125,0.9915821552276611,1
20.0,2002,3.317787034167225,3.4000000000000057,1,0.20211338365243137,0.00030204102953659633,0.00023227486235555261,1
20.0,2002,1.7417767132505075,1.8000000000000114,1,1.2709083424750816,0.004629844059110047,0.009102696552872658,1
20.0,2002,0.11710810382910072,0.20000000000000284,1,6.114411007729359e-06,1.0994480051996045e-09,2.126288647106081e-13,1
20.0,2002,1.0874262990149246,1.0999999999999943,1,0.0,0.0,0.0,1
20.0,2002,0.1408799495656813,0.20000000000000284,1,0.007274471317373354,3.669847791639195e-08,3.0096478553787165e-07,1
20.0,2002,2.6920543574961417,2.799999999999997,1,0.1428743134238175,9.954561530474202e-05,0.00011608359636738896,1
20.0,2002,12.009113630272163,12.200000000000003,1,0.6360382533880511,0.010029803525018019,0.0022955213207751513,1
20.0,2002,12.167759604861622,12.200000000000003,1,7.337729751101961,0.9321081135109329,0.2344333529472351,1
20.0,2002,2.9062108130780953,3.1000000000000085,1,0.1935982060549577,0.00020011704019837906,0.00021311943419277668,1
20.0,2002,0.6979543210349882,0.6999999999999886,1,0.0,0.0,0.0,1
20.0,2002,0.24639638939136188,0.29999999999999716,1,0.017525504028526484,2.8430399699562705e-07,1.746840439409425e-06,1
20.0,2002,11.323477801116345,11.400000000000006,1,0.4923477504398761,0.00512655719569062,0.0013767608907073736,1
20.0,2002,0.7399539739460789,0.7999999999999972,1,0.05183931246301654,4.002803503565341e-06,1.5283569155144505e-05,1
20.0,2002,7.185816445102148,7.199999999999989,1,19.523913454251165,2.460657769930938,0.6843371987342834,1
20.0,2002,1.5348986942451663,1.7000000000000028,1,0.8081146336726306,0.008728910241372317,0.0037004014011472464,1
20.0,2002,0.4835360876055692,0.5,1,0.04878629080394603,3.255851650876247e-06,1.3536384358303621e-05,1
20.0,2002,4.169561315980739,4.200000000000003,1,0.0,0.0,0.0,1
20.0,2002,0.32325615252223855,0.4000000000000057,1,0.049365870764631836,3.4942595914499827e-06,1.3859914361091796e-05,1
20.0,2002,2.9808928597749813,3.0,1,0.0,0.0,0.0,1
20.0,2002,0.11835965465352381,0.19999999999998863,1,0.0,0.0,0.0,1
20.0,2002,0.5731013777012823,0.6000000000000085,1,1.1154360577047555,0.00411607082343762,0.00702651496976614,1
20.0,2002,4.097466648416108,4.099999999999994,1,37.708019403225805,1.661559842341058,0.8899511098861694,1
20.0,2002,2.38253207804836,2.4000000000000057,1,0.3389755597004296,0.00044841518812990556,0.000653079419862479,1
20.0,2002,10.656282976151266,10.700000000000003,1,1.1290823511726558,0.07136736308748381,0.0071982466615736485,1
20.0,2002,0.7059105749009426,0.7999999999999972,1,0.06112915058895396,6.770513119862456e-06,2.125203172909096e-05,1
20.0,2002,0.15714855675815678,0.20000000000000284,1,0.029039179408755444,7.184318618105728e-07,4.796004304807866e-06,1
20.0,2002,1.7009984445597124,1.7999999999999972,1,0.7491542628008574,0.003698736717059392,0.0031817893031984568,1
20.0,2002,13.34820755790383,13.399999999999999,1,0.032591157904960255,2.9494240140637484e-05,6.041014785296284e-06,1
20.0,2002,0.3621604224272328,0.3999999999999915,1,0.006172135675342361,8.718968504649863e-08,2.1666251370788814e-07,1
20.0,2002,5.123580426965066,5.200000000000003,1,3.2116572171837,0.18779165343076576,0.055413197726011276,1
20.0,2002,0.4708318061320793,0.5,1,0.0027395978763138373,8.254465833633483e-09,4.268611064617289e-08,1
20.0,2002,1.3274134785162712,1.4000000000000057,1,0.0007355247762461659,1.439138201466309e-07,3.0768587677698633e-09,1
20.0,2002,1.828721626072126,1.9000000000000057,1,1.1581372424794267,0.013519609254512031,0.007570640183985233,1
20.0,2002,0.17917232935248648,0.20000000000000284,1,0.0067959821099066176,5.253846993620511e-08,2.6267412067682017e-07,1
20.0,2002,15.457043595317483,14.700000000000003,0,0.0,5.319948288754648e-05,nan,0
20.0,2002,0.6867929013270346,0.6999999999999886,1,0.04347083981059541,4.022432786367443e-06,1.0747423402790446e-05,1
20.0,2002,10.464849493645547,10.5,1,0.025769347245670815,1.2364822486610736e-05,3.776749281314551e-06,1
20.0,2002,8.774836224409945,8.799999999999997,1,0.5015781294429189,0.004053107515615542,0.0014287924859672785,1
20.0,2002,1.0935122719405705,1.1000000000000085,1,0.0770501380513906,1.5090001184194764e-05,3.37633173330687e-05,1
20.0,2002,14.697247681015272,14.699999999999996,1,52.53875027267924,3.8176112968740017,0.9401162266731262,1
20.0,2002,0.13942514440509435,0.20000000000000284,1,0.0045124701499617,1.1789662966598622e-08,1.1580880965311735e-07,1
20.0,2002,5.581751526724144,5.599999999999994,1,0.2020321594576444,0.00045791651201695276,0.00023208824859466404,1
20.0,2002,4.1421308927066605,4.199999999999989,1,0.33060605673438204,0.0007102213260959362,0.0006212475127540529,1
20.0,2002,0.9984031569189402,1.0,1,0.004413149855054144,3.481586944149464e-08,1.107669618249929e-07,1
20.0,2002,6.144103687812847,6.200000000000003,1,0.3802511578433041,0.002891373252498299,0.0008216692949645221,1
20.0,2002,0.2636716251277843,0.29999999999999716,1,0.007651805448347204,4.8607274613527227e-08,3.3299724577773304e-07,1
20.0,2002,5.235745201098344,5.299999999999997,1,0.013875701424183262,1.7052150542229922e-06,1.095020820685022e-06,1
20.0,2002,34.80641219510568,3.700000000000003,0,0.0,0.0003114691322797736,nan,0
20.0,2002,0.39103126505010893,0.4000000000000057,1,0.0426154709354023,2.3357930999755026e-06,1.0328637472412083e-05,1
20.0,2002,3.5772310904977536,3.5999999999999943,1,0.0,0.0,0.0,1
20.0,2002,0.1356529609608812,0.20000000000000284,1,0.004564783162891217,3.6153517973672276e-08,1.1850951153746792e-07,1
20.0,2002,40.71209714874581,16.5,0,0.0,0.0035248347524381995,nan,0
20.0,2002,2.6138558273200547,2.700000000000003,1,0.0,0.0,0.0,1
20.0,2002,23.735376646990087,16.099999999999994,0,0.0,0.00873962961338767,nan,0
20.0,2002,2.241936814387701,2.299999999999997,1,1.5596840731008388,0.012038414911938434,0.013646423816680908,1
20.0,2002,1.402200049288504,1.5,1,1.5284850202024245,0.004780162064989501,0.013113020919263363,1
20.0,2002,2.5236874560912472,2.6000000000000085,1,0.08977263897213561,2.21608466765757e-05,4.5833290641894564e-05,1
20.0,2002,22.80696250965788,16.900000000000006,0,0.0,0.9068121246220539,nan,0
20.0,2002,0.8601500809712914,0.8999999999999915,1,1.1561482551769586e-05,2.1692565957878797e-13,7.602212587741464e-13,1
20.0,2002,1.0098419083289945,1.1000000000000085,1,0.9649056376410954,0.001918801422867184,0.005267311818897724,1
20.0,2002,13.630136976061294,13.699999999999996,1,54.31402532453751,2.9317266773798956,0.9437503218650818,1
20.0,2002,0.24413222839766605,0.29999999999999716,1,0.0,0.0,0.0,1
20.0,2002,13.348780414734286,13.399999999999999,1,5.408722283800671,0.6608516607400932,0.14264681935310364,1
20.0,2002,5.735656131695035,5.799999999999997,1,0.2611577070865678,0.0008160443416237477,0.00038774858694523573,1
20.0,2002,6.1058342526452085,6.200000000000003,1,0.0,0.0,0.0,1
20.0,2002,28.684112594120066,16.200000000000003,0,0.0,0.09769730239741559,nan,0
20.0,2002,6.63797583435235,6.699999999999989,1,0.021878839932753635,5.460604353108451e-06,2.7224527912039775e-06,1
20.0,2002,16.26732532653696,16.300000000000004,1,3.254402495467478,0.8192311837126912,0.05681368708610535,1
20.0,2002,0.670553005787913,0.7000000000000028,1,0.11190487749081512,1.2589031562355144e-05,7.121640373952687e-05,1
20.0,2002,0.213101300915394,0.30000000000001137,1,0.0,0.0,0.0,1
20.0,2002,0.18769527340087902,0.20000000000000284,1,0.0,0.0,0.0,1
20.0,2002,0.11388343859446928,0.20000000000000284,1,0.11284257405350218,8.955964879068565e-06,7.24148194422014e-05,1
20.0,2002,2.31144645426395,2.3999999999999915,1,0.00471576872081414,8.607890983098722e-08,1.2647885228034284e-07,1
20.0,2002,0.13626820565211345,0.20000000000000284,1,0.0,0.0,0.0,1
20.0,2002,0.1446912933811959,0.20000000000000284,1,0.052518998209961865,2.191047537073415e-06,1.5686968254158273e-05,1
20.0,2002,0.15512953439967445,0.20000000000000284,1,1.0369778210751974,0.0012164658916345107,0.0060786050744354725,1
20.0,2002,3.588447326902316,3.6000000000000085,1,0.8028558079174957,0.01755503168551442,0.0036525726318359375,1
20.0,2002,0.4851210305486057,0.5,1,0.0,0.0,0.0,1
20.0,2002,0.2656566097767084,0.29999999999999716,1,1.8612040094012627e-05,2.9393328341708034e-13,1.970157327210731e-12,1
20.0,2002,23.902528878317963,18.700000000000003,0,0.0,0.03000412183614772,nan,0
20.0,2002,2.331782234049774,2.3999999999999915,1,0.12085589302876087,8.193758451817254e-05,8.306394011015072e-05,1
20.0,2002,0.22112092795669056,0.29999999999999716,1,0.010501613276602484,8.578993347898544e-08,6.272269388318819e-07,1
20.0,2002,4.032270275819465,4.1000000000000085,1,0.7124613690884871,0.022171578087960078,0.002878615166991949,1
20.0,2002,2.1673802035412835,0.5999999999999943,0,0.0,1.8398119474717764e-06,nan,0
20.0,2002,8.105964537872065,8.200000000000003,1,14.701139326333305,1.3018606955687115,0.5514042377471924,1
20.0,2002,4.07071341564403,4.1000000000000085,1,3.2026041309720847,0.06067244486398633,0.05511843040585518,1
20.0,2002,1.0513028115472065,1.0999999999999943,1,0.014383416390955972,2.064511220154209e-07,1.1766209127017646e-06,1
20.0,2002,2.7832505615063994,2.799999999999997,1,0.2359532038199177,0.0002942756255145369,0.00031653899350203574,1
20.0,2002,0.2430856197528314,0.29999999999999716,1,0.42734258285565035,0.00014942194410985605,0.0010375629644840956,1
20.0,2002,19.87982423848906,19.900000000000006,1,70.50832002452415,13.783031742337645,0.9658404588699341,1
20.0,2002,6.344931559954543,6.400000000000006,1,6.5249049377944175,0.22133570995681484,0.1949358880519867,1
20.0,2002,2.5353605565266326,2.5999999999999943,1,0.14848874090512254,0.00012072143224227859,0.0001253849914064631,1
20.0,2002,0.31480775268815864,0.4000000000000057,1,0.25455255611495886,5.537889721478448e-05,0.000368390028597787,1
20.0,2002,17.761213073056524,17.799999999999997,1,8.51276258122732,2.7773240152150307,0.29185929894447327,1
20.0,2002,0.7053264972540942,0.7999999999999972,1,0.01411044994972599,3.591005578876278e-07,1.132385250457446e-06,1
20.0,2002,0.5358702263450058,0.7000000000000028,1,0.9993702013143775,0.004089511144564653,0.0056481449864804745,1
20.0,2002,9.463456751923474,9.5,1,0.3850547412330343,0.0025970493307145683,0.0008425425621680915,1
20.0,2002,6.118157089055226,6.200000000000003,1,0.3418817819282367,0.0015221464150061833,0.0006643183878622949,1
20.0,2002,7.85992236606164,7.900000000000006,1,0.3963434559163943,0.002387615104975224,0.0008926238515414298,1
20.0,2002,0.3150990990796925,0.5,1,0.5412060766389004,0.0012535826583864036,0.0016630886821076274,1
20.0,2002,0.11793892316588035,0.19999999999998863,1,0.0007347538447675106,1.6563618100153552e-08,3.070412146755075e-09,1
20.0,2002,2.2133705334899596,2.299999999999997,1,0.1773839013958991,0.00015748909227723647,0.00017892195319291204,1
20.0,2002,14.824408150539986,14.900000000000006,1,75.59174626986706,5.060835063281699,0.9701477885246277,1
20.0,2002,0.8046003817206143,0.9000000000000057,1,1.1342614457644231,0.006454591474973493,0.007263953797519207,1
20.0,2002,0.13284697531465994,0.20000000000000284,1,0.01222633961651809,8.69792141914387e-08,8.501694424012385e-07,1
20.0,2002,4.905910062703722,5.0,1,0.9677986986298492,0.029040558870346247,0.005298777483403683,1
20.0,2002,12.79072809448288,12.799999999999997,1,0.6861283383153136,0.010460628444751709,0.002670314395800233,1
20.0,2002,21.712920418933006,21.799999999999997,1,249.2506612144951,17.38469235504365,0.99717777967453,1
20.0,2002,1.066147704322042,1.0999999999999943,1,0.04609246474956308,7.805229046251662e-06,1.2082799912604969e-05,1
20.0,2002,0.24480982883801952,0.29999999999999716,1,0.0067107402278452355,3.27152580097804e-08,2.5612601461943996e-07,1
20.0,2002,0.5890186616188152,0.5999999999999943,1,0.03794236869555334,1.9221460237918424e-06,8.187631465261802e-06,1
20.0,2002,0.8089710004045634,0.9000000000000057,1,0.04396026648052498,3.1818413404363005e-06,1.099078781408025e-05,1
20.0,2002,0.8529657830470565,1.0,1,1.3573100669118503,0.010748642343442145,0.010369176976382732,1
20.0,2002,12.316829286001328,12.400000000000006,1,0.4698452523234664,0.005370260380885194,0.0012539427261799574,1
20.0,2002,5.115909973287293,5.200000000000003,1,0.0,0.0,0.0,1
20.0,2002,0.589805748123117,0.5999999999999943,1,0.016824481623473275,4.931698719922186e-07,1.6098879314085934e-06,1
20.0,2002,0.14303657835739192,0.29999999999999716,1,1.1155520455718033,0.002126272485042374,0.007027965970337391,1
20.0,2002,8.23520854657955,5.1000000000000085,0,0.0,0.0009180156194506065,nan,0
20.0,2002,2.2260525025449036,2.3000000000000114,1,0.2168304236492986,0.00014898427474739975,0.0002673235721886158,1
20.0,2002,8.907874714958464,9.0,1,0.1837764027814046,0.0005717227405754009,0.00019204766431357712,1
20.0,2002,7.383973380692716,7.3999999999999915,1,24.327884969054594,1.6720203456670584,0.7709604501724243,1
20.0,2002,3.0200746542963905,3.1000000000000085,1,0.10955998851841287,5.333842637428202e-05,6.826329627074301e-05,1
20.0,2002,6.683331347528609,6.700000000000003,1,74.21415562101679,4.702834303986045,0.9690638780593872,1
20.0,2002,0.6147879646058652,0.7000000000000028,1,0.08281996703334471,5.072921264016875e-06,3.900911542586982e-05,1
20.0,2002,0.4066703564428746,0.5,1,0.020531876165478025,6.892554436843708e-07,2.397558318989468e-06,1
20.0,2002,1.1751832462805403,1.1999999999999886,1,0.9958130533202905,0.005203041951745509,0.0056082336232066154,1
20.0,2002,0.5042847876720039,0.8999999999999915,1,0.16376037115657027,3.7873329994085756e-05,0.00015249807620421052,1
20.0,2002,0.2908361777258237,0.29999999999999716,1,3.2022884291574987,0.016520181434028513,0.05510816350579262,1
20.0,2002,0.2495612692483027,0.29999999999999716,1,0.005102543502175649,3.427458905742993e-08,1.480765661199257e-07,1
20.0,2002,11.620573924308657,11.700000000000003,1,4.458678760303211,0.45042116136435084,0.10157927125692368,1
20.0,2002,0.10605538720344687,0.20000000000000284,1,0.12661127156985685,1.1601670831676612e-05,9.116289584198967e-05,1
20.0,2002,0.2319028667156567,0.29999999999999716,1,0.04277131109097354,2.237841684838614e-06,1.0404316526546609e-05,1
20.0,2002,25.70949421150167,0.29999999999999716,0,0.0,4.91698436491982e-08,nan,0
20.0,2002,0.31356703097330474,0.4000000000000057,1,0.03359436035532326,1.1601071736520595e-06,6.418638349714456e-06,1
20.0,2002,0.11286479846671318,0.20000000000000284,1,0.023120005092863494,6.524708167875807e-07,3.0400972264033044e-06,1
20.0,2002,7.834953994850699,7.8999999999999915,1,29.93961967413634,1.9007607110608529,0.8360136151313782,1
20.0,2002,8.968736875767924,9.0,1,0.5611262808175752,0.004971720661917849,0.0017875457415357232,1
20.0,2002,3.205874914674319,3.299999999999997,1,0.4965974374636062,0.013011291597299772,0.0014005970442667603,1
20.0,2002,1.6090690356779462,1.7000000000000028,1,1.4448545939075643,0.005071803270368246,0.01173370610922575,1
20.0,2002,0.5950916265112569,0.6000000000000085,1,0.012150771548363082,5.526477751021635e-07,8.396925750275841e-07,1
20.0,2002,0.15858515472858348,0.5,1,0.013475941853329232,1.3528273667401387e-07,1.032834575198649e-06,1
20.0,2002,0.4505928464230401,0.5,1,3.0706733247231983,0.02075550080774414,0.05089715123176575,1
20.0,2002,0.11177029125070588,0.20000000000000284,1,0.03850944077055374,1.0615380359688466e-06,8.434196388407145e-06,1
20.0,2002,0.4542653548859716,0.5,1,1.0223265808263022,0.003020735800567773,0.005909059662371874,1
20.0,2002,25.690512342287303,25.700000000000003,1,199.96821332480425,16.98244373433601,0.9956221580505371,1
20.0,2002,3.0965077846347544,3.1000000000000085,1,0.13978612064056506,0.00010701893702637661,0.00011112014180980623,1
20.0,2002,0.8699575544334237,0.8999999999999915,1,0.0,0.0,0.0,1
20.0,2002,3.494336463131545,3.5,1,1.1758735097646422,0.00528917478318707,0.00780247338116169,1
20.0,2002,0.6839597958812506,0.6999999999999886,1,1.1895227168924407,0.005743459623421046,0.007983208633959293,1
20.0,2002,4.55623678947087,4.700000000000003,1,0.2743862709039604,0.0007668362110218263,0.000428007886512205,1
20.0,2002,2.858732888981929,2.9000000000000057,1,0.11201615884874627,6.87218097730725e-05,7.135810301406309e-05,1
20.0,2002,0.6803387358711369,0.7000000000000028,1,0.004104375540919136,1.7303619082108705e-07,9.580917037510517e-08,1
20.0,2002,0.2993352696880107,0.29999999999999716,1,0.0,0.0,0.0,1
20.0,2002,23.639647159374242,20.0,0,0.0,0.025105493678331887,nan,0
20.0,2002,0.4688133310268554,0.5,1,0.06921446804426523,5.83471524135595e-06,2.724550722632557e-05,1
20.0,2002,7.593075307405726,7.599999999999994,1,0.14427440730196395,0.000154351773695973,0.00011836958583444357,1
20.0,2002,5.461368517696334,5.5,1,5.490028176983287,0.10071522471413154,0.1463353931903839,1
20.0,2002,0.32780624263108393,0.4000000000000057,1,0.007195425218924356,6.288036336219328e-08,2.944596246834408e-07,1
20.0,2002,3.565698057697136,3.5999999999999943,1,1.2591424587762958,0.02877198521150635,0.008936433121562004,1
20.0,2002,0.6313144445387029,0.7000000000000028,1,0.0,0.0,0.0,1
20.0,2002,0.3511059506930601,0.4000000000000057,1,0.04926116703336447,2.9139717054896055e-06,1.380118374072481e-05,1
20.0,2002,0.15744605342555051,0.29999999999999716,1,1.0273636749807338,0.0018133712855340919,0.005967083852738142,1
20.0,2002,9.869053640447726,9.899999999999991,1,2.9818796463709987,0.06928811356206066,0.048135798424482346,1
20.0,2002,1.6979779510171487,1.7000000000000028,1,0.9905406725974899,0.002255578241254286,0.005549333523958921,1
20.0,2002,0.13614091525911423,0.19999999999998863,1,0.0025977746640819532,4.489253956801109e-09,3.8380964184625554e-08,1
20.0,2002,23.01374531107104,23.10000000000001,1,0.18065727977398183,0.0013839986800059936,0.00018558517331257463,1
20.0,2002,7.34702737614803,7.3999999999999915,1,0.569793120839563,0.0021142745297139573,0.0018430884229019284,1
20.0,2002,5.122830674239038,5.200000000000003,1,0.0,0.0,0.0,1
20.0,2002,0.9291167085365475,1.1000000000000085,1,0.023385440903666677,1.5603362375788991e-06,3.1103031687962357e-06,1
20.0,2002,0.2257168285974251,0.29999999999999716,1,0.0,0.0,0.0,1
20.0,2002,9.878038960963138,9.900000000000006,1,0.0,0.0,0.0,1
20.0,2002,0.10516141231483356,0.20000000000000284,1,0.019297198004778693,3.202542338307229e-07,2.1178759652684676e-06,1
20.0,2002,2.4934224937800096,2.5,1,0.0,0.0,0.0,1
20.0,2002,0.5397769524770355,0.5999999999999943,1,0.005893160888263083,6.366764240608942e-08,1.9751927027300553e-07,1
20.0,2002,25.54195183881712,25.60000000000001,1,21.88545521872885,9.376106648340455,0.7314792275428772,1
20.0,2002,10.699298075208892,10.700000000000003,1,12.516205552251213,1.322030823137909,0.4711681604385376,1
20.0,2002,1.2228139229240316,1.3000000000000114,1,0.0,0.0,0.0,1
20.0,2002,14.011064689927034,14.099999999999994,1,8.207469375818505,0.5382415562487751,0.27699539065361023,1
20.0,2002,0.14687299043805238,0.20000000000000284,1,0.013371386349717795,1.1527931898721055e-07,1.0168698736379156e-06,1
20.0,2002,0.37604758877158323,0.3999999999999915,1,0.0,0.0,0.0,1
20.0,2002,0.2735095147876484,0.29999999999999716,1,0.16552081954137066,2.2652760774148644e-05,0.00015579393948428333,1
20.0,2002,0.21810274969237353,0.29999999999999716,1,0.0,0.0,0.0,1
20.0,2002,20.458563026817508,7.199999999999989,0,0.0,0.0015203109760116842,nan,0
20.0,2002,4.557221720274601,2.9000000000000057,0,0.0,3.7292615976951883e-06,nan,0
20.0,2002,33.76013131500346,0.6000000000000085,0,0.0,1.7718116108508157e-06,nan,0
20.0,2002,0.11493099792620934,0.19999999999998863,1,0.0,0.0,0.0,1
20.0,2002,0.6854347111168723,0.7000000000000028,1,0.0,0.0,0.0,1
20.0,2002,20.761285327550702,20.799999999999997,1,0.0,0.0,0.0,1
20.0,2002,12.29015639236544,12.299999999999997,1,3.2247065471822856,0.5870223657681359,0.055839214473962784,1
20.0,2002,2.804390613292201,2.8999999999999915,1,0.2269570792977902,0.00025902275684198234,0.00029286887729540467,1
20.0,2002,1.5347137073573587,1.5999999999999943,1,1.1416154572398227,0.012272272390780051,0.007357756141573191,1
20.0,2002,14.324148257929018,14.400000000000006,1,110.39141370834409,9.3437208850986,0.9857769012451172,1
20.0,2002,0.11656259939449189,0.20000000000000284,1,0.010656879184352874,9.599316034928513e-08,6.459110863943351e-07,1
20.0,2002,1.5534841796953,1.6000000000000085,1,0.0,0.0,0.0,1
20.0,2002,30.0095236648458,30.200000000000003,1,300.59829106213743,21.836925341001994,0.9980579018592834,1
20.0,2002,0.1799449264507753,0.20000000000000284,1,8.341162413216807e-06,4.906130951317267e-14,3.957000471645905e-13,1
20.0,2002,0.25017453730746525,0.29999999999999716,1,0.029138399795243686,7.935776956908672e-07,4.8288338803104125e-06,1
20.0,2002,8.661637753905334,8.700000000000003,1,59.74119130205946,4.506041354193205,0.9530479907989502,1
20.0,2002,20.745937627227093,20.799999999999997,1,171.62676249793287,12.82975527241833,0.9940661787986755,1
20.0,2002,6.814284875604778,6.900000000000006,1,5.559702707187029,0.2534839119692141,0.14951440691947937,1
20.0,2002,8.146315108529103,3.1999999999999886,0,0.0,0.039406540161906374,nan,0
20.0,2002,0.3527821575459127,1.0,1,0.9666643276777904,0.005676628125177653,0.005286428611725569,1
20.0,2002,19.618428063447148,19.69999999999999,1,28.46159978769343,2.195103918835625,0.8216559886932373,1
20.0,2002,0.7121538371394293,0.7999999999999972,1,0.04705484043023489,3.7861408879306874e-06,1.259261989616789e-05,1
20.0,2002,1.1310813706052973,1.2000000000000028,1,0.03296851761842845,2.885406446192215e-06,6.181716798892012e-06,1
20.0,2002,0.8117161593533293,0.9000000000000057,1,0.005399346510102987,1.3750724294489026e-07,1.6580410999722517e-07,1
20.0,2002,15.243311609476091,15.299999999999997,1,3.4821614973329247,0.027635131530531605,0.0645131766796112,1
20.0,2002,0.33746243779560287,0.4000000000000057,1,0.044803293225413654,2.5424465480965193e-06,1.1416365850891452e-05,1
20.0,2002,1.0417182274967856,1.0999999999999943,1,1.8945043507301307e-06,4.6689427452884336e-14,2.0412874000711248e-14,1
20.0,2002,0.553116509100059,0.5999999999999943,1,0.2335455985883641,6.24121843512647e-05,0.0003101141774095595,1
20.0,2002,0.12377451293858711,0.20000000000000284,1,0.9928849486359468,0.0011178545819394566,0.005575484596192837,1
20.0,2002,11.999342579602143,12.0,1,0.016260930569842458,2.7601985917942606e-07,1.5038450555948657e-06,1
20.0,2002,0.7636402813755042,0.9000000000000057,1,0.014552723171618709,2.2326056553244352e-07,1.2044838513247669e-06,1
20.0,2002,6.738618778820227,6.799999999999997,1,4.354444550558185,0.2004883268950809,0.09734228998422623,1
20.0,2002,3.343188525401479,3.3999999999999915,1,0.0013770786201803276,1.8560961267154268e-09,1.0785255355472145e-08,1
20.0,2002,2.3501050536759864,2.4000000000000057,1,0.2261713098969267,0.006832268845487523,0.00029084502602927387,1
20.0,2002,14.001225756817668,14.099999999999994,1,3.7675414100467606,0.33570019235106263,0.0746985673904419,1
20.0,2002,4.276656395881101,4.299999999999997,1,0.29030553388258795,0.0001232853665364872,0.00047908819396980107,1
20.0,2002,29.634152357948107,29.699999999999996,1,5.353115767476311,0.08112086239183362,0.14013774693012238,1
20.0,2002,1.6594137120178927,1.7999999999999972,1,0.07440544224317591,1.1565674144143804e-05,3.148536052322015e-05,1
20.0,2002,3.5385753865822447,3.6000000000000085,1,2.1994929227590774,0.011447163452655874,0.026777511462569237,1
20.0,2002,0.5025763383340466,0.6000000000000085,1,0.2919134674671682,9.365192985064832e-05,0.0004844074137508869,1
20.0,2002,8.377279832514551,8.400000000000006,1,17.393056630995233,2.361397277797776,0.6324259042739868,1
20.0,2002,4.942443731470608,5.0,1,0.09908056465656045,0.00010916449330222916,5.582974699791521e-05,1
20.0,2002,5.805456188837748,5.900000000000006,1,45.16291966977815,2.864572757865329,0.9206381440162659,1
20.0,2002,8.023044052538484,8.099999999999994,1,2.9340042634859174,0.09608203640484651,0.04667408764362335,1
20.0,2002,3.818005610495689,4.0,1,0.005440348087063285,5.187922065730244e-07,1.683318373579823e-07,1
20.0,2002,0.14976078028818024,0.20000000000000284,1,0.034873986254353895,8.143583902032562e-07,6.916925940458896e-06,1
20.0,2002,17.728041037649962,17.80000000000001,1,20.9645430408155,2.187851507773941,0.7142592668533325,1
20.0,2002,3.3525499119135933,3.4000000000000057,1,0.47860235372820625,0.0012510623240152086,0.0013010596157982945,1
20.0,2002,0.5598878753659431,0.6000000000000085,1,0.41783853982735764,0.00019689413063804536,0.0009919708827510476,1
20.0,2002,0.13979803035908314,0.20000000000000284,1,0.03063674423938778,5.381750570460728e-07,5.338212304195622e-06,1
20.0,2002,1.7052361211743878,1.9000000000000057,1,0.3906899718740533,0.000501291428308044,0.0008673624834045768,1
20.0,2002,6.089650998068745,2.799999999999997,0,0.0,0.00015240147887062494,nan,0
20.0,2002,0.2930915078533138,0.4000000000000057,1,1.0697649725852898,0.002583726966372812,0.006466543301939964,1
20.0,2002,0.10207791237313323,0.20000000000000284,1,0.0703198664199931,3.5820825066337613e-06,2.8122687581344508e-05,1
20.0,2002,0.15518880253653222,0.20000000000000284,1,0.04283156648671138,1.2635819749223284e-06,1.0433651368657593e-05,1
20.0,2002,5.324432733439213,5.3999999999999915,1,20.80977914441536,1.3332983546417083,0.7112252116203308,1
20.0,2002,1.136892427293972,1.2000000000000028,1,1.1986841681182625,0.002686091984849988,0.00810565147548914,1
20.0,2002,39.73365415184535,34.1,0,0.0,24.262174748849564,nan,0
20.0,2002,0.7223926662905015,0.8000000000000114,1,0.10408209858769624,1.6427102542311722e-05,6.16081670159474e-05,1
20.0,2002,0.7111854122709089,0.7999999999999972,1,0.48639274469906013,0.00033764210413960414,0.0013437026645988226,1
20.0,2002,6.985057373516541,7.0,1,1.7542795876484547,0.007684130007314815,0.01720184087753296,1
20.0,2002,34.7635167394722,34.8,1,147.55369730113802,21.23798489535412,0.9919888973236084,1
20.0,2002,5.133100329938781,5.200000000000003,1,21.114996571697247,1.1436373295559998,0.7171692252159119,1
20.0,2002,0.1313780244764446,0.20000000000000284,1,0.08661911418369073,5.584297814296979e-06,4.266992618795484e-05,1
20.0,2002,16.642860818223895,16.700000000000003,1,1.2764102280968928,0.0038005719628770567,0.009180954657495022,1
20.0,2002,8.271251032721073,8.300000000000011,1,1.0378766257508687,0.0041950601577387635,0.006089082919061184,1
20.0,2002,7.7896921602296585,7.900000000000006,1,7.932322170215684,0.7208895769147503,0.26354727149009705,1
20.0,2002,10.59555911031959,10.599999999999994,1,4.738232422317196,0.08077309555386938,0.11322887986898422,1
20.0,2002,0.3702559877405625,0.4000000000000057,1,0.026098805136939518,6.006554546160077e-07,3.873936748277629e-06,1
20.0,2002,0.29249448549473,0.29999999999999716,1,0.17770818730434712,2.6793203507444484e-05,0.00017957662930712104,1
20.0,2002,24.776423331132023,7.200000000000003,0,0.0,0.011751753049741161,nan,0
20.0,2002,1.9616647188535756,2.0,1,0.034991047879998405,5.850787738058802e-06,6.963439773244318e-06,1
20.0,2002,1.8742640825616674,1.9000000000000057,1,3.5027838152861364,0.030795972924422717,0.06522957980632782,1
20.0,2002,1.5628919813342361,1.5999999999999943,1,1.6601665984591705,0.006228066369930407,0.015433392487466335,1
20.0,2002,0.4942334369863218,0.5,1,0.02917321988030608,8.308325969129362e-07,4.8403812797914725e-06,1
20.0,2002,20.750216973031257,20.799999999999997,1,162.68273142842543,13.907125925935185,0.9934002161026001,1
20.0,2002,4.214006577319617,4.299999999999997,1,7.732281684233385,0.2234525463508856,0.25375285744667053,1
20.0,2002,12.93762383278109,13.0,1,52.204008560168404,3.4528062925952225,0.9393925070762634,1
20.0,2002,3.0012296670827805,3.1000000000000085,1,1.357635370361919,0.02979828199689211,0.010374097153544426,1
20.0,2002,25.14136083416981,25.200000000000003,1,155.552480458682,10.98335036736922,0.9927858114242554,1
20.0,2002,0.13434677531032257,0.20000000000000284,1,0.09263802247960484,6.062927626793288e-06,4.880567212239839e-05,1
20.0,2002,4.478353997513644,4.5,1,3.046349232699015,0.06577762149457908,0.05013425275683403,1
20.0,2002,18.209097480645028,18.299999999999997,1,30.44673088829444,3.0505381065254986,0.8405670523643494,1
20.0,2002,0.13170582695619484,0.20000000000000284,1,0.0,0.0,0.0,1
20.0,2002,4.013118859640192,4.099999999999994,1,0.0740669878410074,0.00010833901124592462,3.119958273600787e-05,1
20.0,2002,2.3042347510231256,2.4000000000000057,1,2.958696343912493,0.027720208949616246,0.04742557927966118,1
20.0,2002,2.13315496456909,2.200000000000003,1,2.656709492978166,0.02027501717814848,0.03859298676252365,1
20.0,2002,0.2889092617214297,0.4000000000000057,1,0.008247880600492863,6.009649565885143e-08,3.868989040256565e-07,1
20.0,2002,0.2331428099917951,0.30000000000001137,1,0.0,0.0,0.0,1
20.0,2002,10.29430547405569,10.299999999999997,1,4.097700460248234,0.12894500102896628,0.0871729701757431,1
20.0,2002,0.11457610840732939,0.20000000000000284,1,0.04850849124170509,1.7822608341219275e-06,1.3382667020778172e-05,1
20.0,2002,1.7641024858734253,1.8000000000000114,1,1.071734164962436,0.0019157532654260983,0.00649021752178669,1
20.0,2002,37.17245721352969,37.199999999999996,1,36.69333676967926,2.563128309971992,0.8844932913780212,1
20.0,2002,0.8803594214804501,0.8999999999999915,1,0.9459189643085324,0.0013776256436735116,0.005063098389655352,1
20.0,2002,0.7220137673725502,0.7999999999999972,1,0.2917618619750897,0.00012070492031193459,0.00048390464507974684,1
20.0,2002,24.24804235236619,24.30000000000001,1,29.78331891763053,2.2319611838190174,0.8345733880996704,1
20.0,2002,13.83273837709926,13.900000000000006,1,2.5563776468084143,5.272051406030473,0.03583555296063423,1
20.0,2002,2.205382881737549,2.4000000000000057,1,0.1757378206038993,0.0002038094888250809,0.0001756172423483804,1
20.0,2002,11.768819453864296,11.799999999999997,1,5.552275160801969,0.08260122189714894,0.1491747349500656,1
20.0,2002,0.2826495271354393,0.29999999999999716,1,0.04438857454323397,1.6579467715274669e-06,1.1205996088392567e-05,1
20.0,2002,14.51865029805407,14.600000000000009,1,8.432032472165638,0.7011847516267037,0.287936270236969,1
20.0,2002,9.052903255030804,9.099999999999994,1,8.633478233358403,0.2683242260609675,0.29771366715431213,1
20.0,2002,1.8145333664066738,1.8999999999999915,1,3.7908866978480997,0.02128537930176494,0.07555700093507767,1
20.0,2002,0.27329012472406544,0.30000000000001137,1,0.15911335924232617,2.0611672013125648e-05,0.0001439672487322241,1
20.0,2002,0.7177875890839918,0.7999999999999972,1,0.2077796767463269,6.231474830034488e-05,0.0002454779460094869,1
20.0,2002,0.17480355204623954,0.20000000000000284,1,0.08544515588619106,5.588480074705169e-06,4.152119072386995e-05,1
20.0,2002,0.8186936114091331,0.8999999999999915,1,0.8435560972898202,0.0010778669965981226,0.004030758980661631,1
20.0,2002,0.627343332341968,0.7000000000000028,1,0.2818488395058125,0.00010345573371332109,0.0004515951732173562,1
20.0,2002,3.06727672514309,3.0999999999999943,1,8.535491740715258,0.23204876906746366,0.2929627299308777,1
20.0,2002,0.330495986911156,0.3999999999999915,1,0.3115785376473639,9.313339939320974e-05,0.0005518337711691856,1
20.0,2002,6.960087076150251,7.0,1,8.117854105383401,0.24035038836869946,0.2726195752620697,1
20.0,2002,2.4257705102666725,2.5,1,1.3832139890074018,0.004943525208662718,0.010764439590275288,1
20.0,2002,1.4148889386399313,1.5,1,2.00554254895178,0.008617984036924882,0.022364221513271332,1
20.0,2002,0.22818217603436453,0.29999999999999716,1,0.18310928245000468,2.950815925010524e-05,0.000190656166523695,1
20.0,2002,0.6499368475352977,0.6999999999999886,1,0.5414963376436503,0.00036278913044689306,0.0016648700693622231,1
20.0,2002,0.22336547584944802,0.29999999999999716,1,0.028577314887513694,8.037406241896206e-07,4.644658474717289e-06,1
20.0,2002,0.17817587355640097,0.19999999999998863,1,0.12543123655785848,1.1094337342359937e-05,8.947165770223364e-05,1
20.0,2002,0.360903894131661,0.4000000000000057,1,1.0099660773912547,0.002299493862827397,0.0057678548619151115,1
20.0,2002,0.3564258634447959,0.3999999999999915,1,0.08653999741113694,1.0220954518691159e-05,4.2592018871800974e-05,1
20.0,2002,19.367627728033753,19.400000000000006,1,201.23672318228094,12.219010497036397,0.9956769347190857,1
20.0,2002,0.33764795860706837,0.4000000000000057,1,0.1320552131753061,1.5890511821503676e-05,9.917015268001705e-05,1
20.0,2002,5.3533172802639415,5.400000000000006,1,0.7976361419391651,0.025390738093074676,0.003605404170230031,1
20.0,2002,14.491116559395875,14.599999999999994,1,0.882232388202965,0.02199584938896444,0.0044071790762245655,1
20.0,2002,4.699882506275636,4.699999999999989,1,1.0433233265476929,0.02807380546593863,0.006152766291052103,1
20.0,2002,2.477536007747298,2.5,1,0.9469770222422085,0.014068676984621666,0.005074373912066221,1
20.0,2002,0.28173071522419596,0.29999999999999716,1,0.03044002234656773,6.620798143697835e-07,5.269878329272615e-06,1
20.0,2002,0.1665996054242488,0.20000000000000284,1,0.003350457503756843,7.368091591581816e-09,6.384415485172212e-08,1
20.0,2002,23.318074295541017,23.400000000000006,1,79.17059196573132,6.03656048986263,0.9727137088775635,1
20.0,2002,3.284853542116923,3.3000000000000114,1,4.141959568151435,0.07404391023481795,0.0888979360461235,1
20.0,2002,1.3838926406244119,1.4000000000000057,1,1.6993126732759265,0.005958464709878495,0.016157900914549828,1
20.0,2002,0.3690347660579118,0.4000000000000057,1,0.0024238685659838666,7.466459798823585e-08,3.341419940738888e-08,1
20.0,2002,3.8435112554260997,3.8999999999999915,1,6.495108535600195,0.14852543446708294,0.19350330531597137,1
20.0,2002,0.331602386639141,0.3999999999999915,1,0.010763425649628289,1.6935868168589891e-07,6.588911674043629e-07,1
20.0,2002,0.11239484772293139,0.20000000000000284,1,0.014356023550647024,1.490184176158115e-07,1.1721434702849365e-06,1
20.0,2002,1.772197773505178,1.7999999999999972,1,3.306787554762934,0.027822140817304105,0.05854947865009308,1
20.0,2002,1.6701894495988163,1.7000000000000028,1,0.36110714232773944,0.00028971759386088846,0.0007410766556859016,1
20.0,2002,38.85522040194937,38.900000000000006,1,65.38112922014494,5.193665312113044,0.9604927897453308,1
20.0,2002,3.1818115760771604,3.200000000000003,1,4.785174548040288,0.09128663452223955,0.11522374302148819,1
20.0,2002,1.3554032717942963,1.4000000000000057,1,1.6203820350137903,0.005286040391647081,0.01471331063657999,1
20.0,2002,0.6633543109941699,0.7999999999999972,1,0.18683861608565167,4.99904884276106e-05,0.00019849977979902178,1
20.0,2002,0.500182056304001,0.5999999999999943,1,0.03244218918325714,1.2633574363494771e-06,5.985916686768178e-06,1
20.0,2002,0.10619812714976787,0.20000000000000284,1,0.017154872818991862,1.7180909258118776e-07,1.6737370742703206e-06,1
20.0,2002,0.5833355427870215,0.5999999999999943,1,0.34436073874985595,0.0001387052795162408,0.0006739806267432868,1
20.0,2002,25.754715769124562,25.80000000000001,1,118.49099970208954,9.759937755994425,0.9876316785812378,1
20.0,2002,1.0132434572364661,1.1000000000000085,1,0.04822374526304429,6.642579739648037e-06,1.3226017472334206e-05,1
20.0,2002,2.809394661921891,2.9000000000000057,1,0.86128088275359,0.004267556838034561,0.004201207775622606,1
20.0,2002,0.31114693932514575,0.4000000000000057,1,0.104589855791005,1.1081281671624001e-05,6.221069634193555e-05,1
20.0,2002,0.3684096428822399,0.3999999999999915,1,0.09694431388493285,9.384703841213143e-06,5.344836608855985e-05,1
20.0,2002,5.9640310403314825,5.5,0,0.0,8.085264903091567e-05,nan,0
20.0,2002,0.2153476157095822,0.29999999999999716,1,0.12484539271952144,1.3791959373507527e-05,8.863790571922436e-05,1
20.0,2002,2.1196428854655958,2.200000000000003,1,4.000237686790172,0.04612278833273864,0.08341731131076813,1
20.0,2002,0.5334882428458897,0.8000000000000114,1,0.5227149380370975,0.0003646176984110594,0.0015515594277530909,1
20.0,2002,0.23740265667948277,0.30000000000001137,1,0.06452239386118208,3.593318513106054e-06,2.367683373449836e-05,1
20.0,2002,0.3079345269538616,0.4000000000000057,1,0.07463860943130385,5.219750315098394e-06,3.1682997359894216e-05,1
20.0,2002,19.210357858877327,19.299999999999997,1,112.23914604128709,9.577682103207325,0.9862349033355713,1
20.0,2002,2.047297919849244,2.0999999999999943,1,2.60298802985659,0.018962518906497163,0.03710531070828438,1
20.0,2002,0.2980211048966932,0.29999999999999716,1,0.11174743876341608,1.0965587499743406e-05,7.101616938598454e-05,1
20.0,2002,1.7285801595929073,1.8000000000000114,1,0.14657269868212097,8.534756954177296e-05,0.00012217041512485594,1
20.0,2002,0.34344893140542154,0.3999999999999915,1,0.18626469154690994,3.09543802167658e-05,0.00019728239567484707,1
20.0,2002,22.615107787132057,2.700000000000003,0,0.0,2.0383876908005466e-05,nan,0
20.0,2002,2.500791457223957,2.700000000000003,1,0.969971781622462,0.014415934782584855,0.005322472658008337,1
20.0,2002,0.39689575660809284,0.3999999999999915,1,0.1177184858788678,1.2431326572844117e-05,7.880759221734479e-05,1
20.0,2002,10.52004833194443,10.599999999999994,1,24.98864232525591,1.997206479292537,0.7802868485450745,1
20.0,2002,8.315625177136145,8.399999999999991,1,11.671329210867214,1.7138010191610586,0.4365358352661133,1
20.0,2002,24.22261801561434,24.30000000000001,1,53.64648372249172,4.787915417799279,0.9424228072166443,1
20.0,2002,8.758253947428454,8.800000000000011,1,0.04618326696618169,0.014684815470576899,1.213045197800966e-05,1
20.0,2002,3.7066851171438073,3.799999999999997,1,4.392377053645873,0.07160117572944458,0.0988771989941597,1
20.0,2002,33.677071435380526,33.69999999999999,1,342.738892884604,22.76303674363799,0.9985054731369019,1
20.0,2002,29.9323765350956,30.0,1,82.48105668974176,6.783505118630309,0.974806010723114,1
20.0,2002,0.15420797096590935,0.20000000000000284,1,0.030269354486335942,5.579644999984111e-07,5.210951258050045e-06,1
20.0,2002,2.9415005419594795,3.0,1,2.636799837200158,0.037396202801248404,0.03803863376379013,1
20.0,2002,2.2509626490140064,2.4000000000000057,1,0.012674650315261715,1.3837421545060279e-06,9.136598464465351e-07,1
20.0,2002,1.828676063122602,1.9000000000000057,1,2.525830130804934,0.016783001143683397,0.035014040768146515,1
20.0,2002,2.4166727041685703,2.5,1,3.8172682990485782,0.047056808817958075,0.07653152942657471,1
20.0,2002,0.768622928859507,0.7999999999999972,1,0.4517883259622977,0.000282359409169979,0.0011595222167670727,1
20.0,2002,0.28330458980558565,0.29999999999999716,1,0.003479886404534227,2.9777918832260525e-08,6.88720547259436e-08,1
20.0,2002,0.6901352958867215,0.6999999999999886,1,0.34288479087001633,0.0001467440624498938,0.0006682194070890546,1
20.0,2002,2.9298116583566833,3.0,1,0.2622264019312297,0.00022853337842248123,0.00039092727820388973,1
20.0,2002,0.26236142513389354,0.7000000000000028,1,1.0665106834067046,0.004522114402758928,0.006427512504160404,1
20.0,2002,17.10980406359817,0.6000000000000085,0,0.0,1.0620332595582445e-07,nan,0
20.0,2002,6.0949459707774745,6.099999999999994,1,11.03984228230911,0.5310651875874253,0.40939125418663025,1
20.0,2002,0.6953091791960505,0.6999999999999886,1,0.004315147378747497,2.4627238079551894e-08,1.0590200361093594e-07,1
20.0,2002,35.45092896108365,35.5,1,196.3800109398337,22.532958731258745,0.9954614639282227,1
20.0,2002,3.406558538789379,3.5,1,0.22262963210926046,0.0003212037698773386,0.0002818100620061159,1
20.0,2002,0.1369766952445318,0.20000000000000284,1,1.1646994531729433,0.0015285399626449828,0.007656017784029245,1
20.0,2002,12.0492195121266,12.100000000000009,1,84.77466722038298,6.821362681358292,0.9761187434196472,1
20.0,2002,2.687584545566026,2.8999999999999915,1,4.401031704366915,0.07742936828066944,0.09922853112220764,1
20.0,2002,0.162556140014085,0.20000000000000284,1,0.000489001547521184,1.754139026239835e-10,1.3599827930477204e-09,1
20.0,2002,24.760621452718915,24.799999999999997,1,87.78052213455612,7.342846386747708,0.9776903986930847,1
20.0,2002,0.11437502157034515,0.20000000000000284,1,0.012936824770463318,9.863014921730928e-08,9.518487331661163e-07,1
20.0,2002,0.2456463052905577,0.29999999999999716,1,0.005900171152461553,6.162897149007896e-08,1.9798946482296742e-07,1
20.0,2002,1.9478415772517323,2.0,1,1.3203951993555165,0.0048958795262389766,0.009818286634981632,1
20.0,2002,1.015097416363556,1.0999999999999943,1,0.10193831294270694,1.9314238560172066e-05,5.909655737923458e-05,1
20.0,2002,1.3474255775329065,1.4000000000000057,1,0.9137436705157711,0.0017894723641578654,0.0047261156141757965,1
20.0,2002,23.456239876884233,23.5,1,66.52653284384587,5.911437625909472,0.9617899656295776,1
20.0,2002,9.517082856158163,9.600000000000009,1,46.54028798159095,4.167427718284424,0.9249185919761658,1
20.0,2002,9.083009037455206,9.100000000000009,1,53.674723129015774,4.723906118560847,0.9424799084663391,1
20.0,2002,18.507538458739656,18.599999999999994,1,158.26346793006178,14.798251643994492,0.9930291175842285,1
20.0,2002,11.247608502946822,11.299999999999997,1,2.9053706255726865,0.11896845940423532,0.045809052884578705,1
20.0,2002,0.8440929400633297,0.9000000000000057,1,0.002465335618126119,9.901650143214259e-09,3.456726815898037e-08,1
20.0,2002,0.15386821765094025,0.20000000000000284,1,0.01737397586020961,2.1785892572131913e-07,1.7167641317428206e-06,1
20.0,2002,15.286568257975969,15.299999999999997,1,61.02533518076167,5.908638435614342,0.9549150466918945,1
20.0,2002,11.090004409980622,11.099999999999994,1,1.140439597792465,0.025598534182581067,0.0073427180759608746,1
20.0,2002,0.44785914237468266,0.5,1,0.0011009137924702372,2.9637579045541516e-08,6.893179360645263e-09,1
20.0,2002,0.21587746052783635,0.29999999999999716,1,1.3286067714477667,0.0029930202504457565,0.009939569979906082,1
20.0,2002,0.5306161325927943,0.6000000000000085,1,0.2254021569433462,6.29539265823778e-05,0.00028887076769024134,1
20.0,2002,0.37143356231801467,0.4000000000000057,1,0.008507383772894173,8.057750832952042e-08,4.116279228583153e-07,1
20.0,2002,2.813127056738059,2.9000000000000057,1,0.8310599666855296,0.0030054384191357778,0.003912686835974455,1
20.0,2002,0.362992395759903,0.4000000000000057,1,0.03038871970056789,9.010139605500416e-07,5.252129994914867e-06,1
20.0,2002,1.3260988098788995,1.4000000000000057,1,0.10716800373859314,3.343123473491371e-05,6.53152892482467e-05,1
20.0,2002,31.371287987595654,24.0,0,0.0,0.00409118707214196,nan,0
20.0,2002,1.7419327114551875,1.7999999999999972,1,0.008931042697042813,1.4840547023180148e-06,4.5364600964603596e-07,1
20.0,2002,0.2208728487930082,0.29999999999999716,1,0.053222917260427494,2.3737383847497607e-06,1.6110288925119676e-05,1
20.0,2002,0.1959555818282393,0.20000000000000284,1,0.010561104073531169,8.298907720605627e-08,6.343534550978802e-07,1
20.0,2002,0.47307507456290476,0.5,1,0.042465048504652714,2.336601320994511e-06,1.02558524304186e-05,1
20.0,2002,0.31864702177247267,0.4000000000000057,1,0.0382518495396198,2.381981033905729e-06,8.32174100651173e-06,1
20.0,2002,13.220616889157197,13.299999999999997,1,84.52542296693377,8.902242332767726,0.9759810566902161,1
20.0,2002,10.399258929354833,10.399999999999991,1,50.16113245940596,5.289967026694886,0.9346843361854553,1
20.0,2002,0.3762951328045247,0.3999999999999915,1,0.12256837404493126,1.552036595768105e-05,8.543438161723316e-05,1
20.0,2002,11.049074404941416,11.100000000000009,1,17.548154628485065,1.0925264688528398,0.6365436315536499,1
20.0,2002,31.486267338181175,31.5,1,125.22622854538741,10.125556019868885,0.9889119863510132,1
20.0,2002,2.7117323119290044,2.799999999999997,1,0.15854395442693203,0.0001365706761094045,0.00014293883577920496,1
20.0,2002,18.38348473830687,18.39999999999999,1,15.596539196820231,1.044346053378408,0.5804434418678284,1
20.0,2002,4.57467060493586,4.599999999999994,1,1.0570960745376112,0.031784008334333334,0.0063152494840323925,1
20.0,2002,2.309221898874156,2.4000000000000057,1,0.05752124828813976,1.2498871833338951e-05,1.8817476302501746e-05,1
20.0,2002,1.9981047186731096,2.0,1,1.1045174269302152,0.013299971510575813,0.006890570744872093,1
20.0,2002,0.2936082277096242,0.29999999999999716,1,0.07048804776331963,4.2280988600866725e-06,2.825736373779364e-05,1
20.0,2002,1.3828813829135063,1.3999999999999915,1,0.02922804183936023,1.4966889296850794e-06,4.858590273215668e-06,1
20.0,2002,0.1874589606254263,0.19999999999998863,1,0.057146404197737866,2.3407324673751217e-06,1.857302777352743e-05,1
20.0,2002,29.823387906372993,29.900000000000006,1,113.65216781490153,7.932844383674297,0.9865704774856567,1
20.0,2002,9.854788970130416,9.900000000000006,1,48.527255820166374,4.123461432281023,0.9305227398872375,1
20.0,2002,0.5226781624355673,0.6000000000000085,1,0.037354485377704805,1.983642961660104e-06,7.935878784337547e-06,1
20.0,2002,0.11858227142905288,0.20000000000000284,1,0.050691987582467846,1.8045431715290568e-06,1.4614543033530936e-05,1
20.0,2002,9.311039664688515,9.400000000000006,1,31.276435553658093,4.793015794235431,0.8476420640945435,1
20.0,2002,1.6501420328319492,1.7000000000000028,1,7.578825090810975,0.1016544072448725,0.24623623490333557,1
20.0,2002,1.1806642737610806,1.2000000000000028,1,0.032527358608717805,5.10924629242508e-06,6.017387022438925e-06,1
20.0,2002,0.17184191076438576,0.20000000000000284,1,0.0001527160839032149,1.698476885800412e-11,1.3264243869937076e-10,1
20.0,2002,6.031756682848359,6.199999999999989,1,10.730926556723716,0.7701723742908283,0.39574071764945984,1
20.0,2002,0.3130219702933612,0.3999999999999915,1,0.009914219395795953,2.0574842309951954e-07,5.590231353380659e-07,1
20.0,2002,41.96716210580224,42.0,1,219.8641389159456,23.392437176759504,0.9963759183883667,1
20.0,2002,7.537088896326078,7.6000000000000085,1,37.0535880975217,3.0282030170063248,0.8864746689796448,1
20.0,2002,1.9375106286229298,2.0,1,0.08967880539100292,3.239471705249798e-05,4.5737531763734296e-05,1
20.0,2002,0.1270561569411889,0.20000000000000284,1,0.031179963779209174,8.227547619357473e-07,5.529193003894761e-06,1
20.0,2002,2.169596882660871,2.200000000000003,1,0.003522566304582142,4.394779144393452e-08,7.057181505842891e-08,1
20.0,2002,0.30144966426789205,0.4000000000000057,1,0.0961582605896183,8.393062974476554e-06,5.258517194306478e-05,1
20.0,2002,0.45714433833175394,0.5,1,0.024892038683901774,1.077161097245404e-06,3.5239711451140465e-06,1
20.0,2002,0.158841753304164,0.20000000000000284,1,0.00011427392973928363,9.28602102358323e-12,7.426895209938777e-11,1
20.0,2002,1.122565063264208,1.2000000000000028,1,0.017473389978476916,6.168601632294224e-07,1.7364669702146784e-06,1
20.0,2002,28.000365544889195,28.099999999999994,1,338.81847751611724,25.42093887665749,0.9984707236289978,1
20.0,2002,0.7661340387744582,0.7999999999999972,1,0.4349979010949028,0.00027261715445089344,0.001075028907507658,1
20.0,2002,7.761854823575328,7.799999999999997,1,1.3724364487525236,0.018226205318061576,0.01059911772608757,1
20.0,2002,0.21995680254153016,0.29999999999999716,1,0.00011812185994131141,1.1905892216582879e-11,7.935485601962e-11,1
20.0,2002,1.1898967542126504,1.2000000000000028,1,0.02524383273703279,7.785345884195976e-07,3.6242818168830127e-06,1
20.0,2002,0.22455569159413444,0.5,1,0.010747086295793906,3.624022541958639e-07,6.568922685801226e-07,1
20.0,2002,32.119927937258666,23.299999999999997,0,0.0,0.06194721319840087,nan,0
20.0,2002,3.7518299841841425,3.799999999999997,1,0.11357872012195003,0.00011213404685200549,7.336265116464347e-05,1
20.0,2002,2.921794453154164,3.0,1,0.0,0.0,0.0,1
20.0,2002,1.0023308156536523,1.0999999999999943,1,0.40698461151441734,0.0002754347452250568,0.0009411525097675622,1
20.0,2002,13.555820979782059,13.599999999999994,1,87.54856512479626,8.65745404701036,0.9775746464729309,1
20.0,2002,1.1563395902573506,1.2000000000000028,1,0.894892117113443,0.001774028723463427,0.004533992148935795,1
20.0,2002,0.14043922914957965,0.5999999999999943,1,0.0031008932625979924,4.337314716898603e-08,5.46873089035671e-08,1
20.0,2002,5.138806395981557,1.1000000000000085,0,0.0,9.664855078087553e-07,nan,0
20.0,2002,0.12478850363690375,0.20000000000000284,1,0.01632486977061376,2.2926852380379809e-07,1.5156947483774275e-06,1
20.0,2002,8.210834841135858,8.299999999999997,1,11.838561599738057,1.4448722899663389,0.4435468018054962,1
20.0,2002,1.0435791173080924,1.0999999999999943,1,0.07428072321908985,1.207042297198543e-05,3.137990279356018e-05,1
20.0,2002,1.8069630319330272,1.8999999999999915,1,0.05944686234283836,7.619715408294971e-06,2.0098428649362177e-05,1
20.0,2002,0.15306981863929708,0.19999999999998863,1,1.334179910083435,0.002001347058081551,0.010022294707596302,1
20.0,2002,6.891276699914804,6.8999999999999915,1,12.738343110727612,0.732034394170867,0.47994306683540344,1
20.0,2002,0.14418860836731673,0.20000000000000284,1,0.011269147117673128,7.499871695445816e-08,7.222619728963764e-07,1
20.0,2002,4.440894534229198,4.5,1,5.334143634038412,0.13654450807973983,0.13928428292274475,1
20.0,2002,1.4468137157147098,1.5,1,1.18027602858092,0.012652954914177117,0.007860548794269562,1
20.0,2002,0.10401707736904198,0.20000000000000284,1,0.013059973228678246,1.1346506282321364e-07,9.700567034087726e-07,1
20.0,2002,1.366785470763395,1.4000000000000057,1,0.9931372389155513,0.001899983848694028,0.005578302778303623,1
20.0,2002,3.427177973428721,3.5,1,5.726186622700425,0.14155712040215082,0.15717434883117676,1
20.0,2002,0.8606684955612823,1.0,1,0.415896029945543,0.0002544674314157649,0.0009827781468629837,1
20.0,2002,0.16679613483424496,0.19999999999998863,1,0.011611822361373925,1.4096747837692705e-07,7.668552370887483e-07,1
20.0,2002,3.347954089085959,3.4000000000000057,1,2.484515166270114,0.03528385177628318,0.03391649201512337,1
20.0,2002,0.10104167230910484,0.20000000000000284,1,0.010573675515843206,1.0997470189117007e-07,6.358645805448759e-07,1
20.0,2002,0.15706133684656362,0.29999999999999716,1,0.013501217558768985,1.433812820082451e-07,1.036712546920171e-06,1
20.0,2002,25.23289517503583,7.0,0,0.0,0.0777654749933001,nan,0
20.0,2002,28.523088026018772,28.599999999999994,1,178.73107258826485,14.763748671549013,0.9945260286331177,1
20.0,2002,0.6007047872959164,0.6999999999999886,1,0.14354203836421675,2.7772305222238798e-05,0.00011717103916453198,1
20.0,2002,0.2467140558312274,0.29999999999999716,1,0.0020423255018613418,1.0485899670279802e-08,2.3722630970723912e-08,1
20.0,2002,0.3347377794038529,0.3999999999999915,1,0.0020819856694060945,3.583197040096739e-08,2.465292325837254e-08,1
20.0,2002,2.946829888378627,3.0,1,0.06186257267984274,1.1395466709795949e-05,2.1765039491583593e-05,1
20.0,2002,0.11395267010030152,0.20000000000000284,1,0.0,0.0,0.0,1
20.0,2002,2.728775476854212,2.799999999999997,1,0.020057958544384746,1.775323079754994e-06,2.288154973939527e-06,1
20.0,2002,36.88869838824682,30.900000000000006,0,0.0,24.485387506812508,nan,0
20.0,2002,9.354812458161819,9.400000000000006,1,16.51975514998759,1.1664590453667467,0.6081660985946655,1
20.0,2002,0.2592860564539638,0.29999999999999716,1,0.015737655663713213,3.7320503515512046e-07,1.4086153896641918e-06,1
20.0,2002,14.064521873830179,14.099999999999994,1,0.0,0.0,0.0,1
20.0,2002,0.42681832851276347,0.5,1,0.03646572251818725,2.3569068067546413e-06,7.562742666777922e-06,1
20.0,2002,0.1033798943567984,0.20000000000000284,1,1.3442553804234763,0.002026772556837423,0.010172693058848381,1
20.0,2002,29.04133166796366,17.900000000000006,0,0.0,0.037638849683465654,nan,0
20.0,2002,18.612951411800896,18.700000000000003,1,117.59099591279755,10.869536138521003,0.9874439835548401,1
20.0,2002,0.109098646146998,0.19999999999998863,1,0.0004138134363529389,1.180719007211651e-10,9.739173911782473e-10,1
20.0,2002,0.38812789434414635,0.4000000000000057,1,1.3370428100934078,0.003998466737481034,0.010064919479191303,1
20.0,2002,0.8182095295012464,0.8999999999999915,1,0.06538221468349548,8.495882417943522e-06,2.431205393804703e-05,1
20.0,2002,5.152539147974467,5.200000000000003,1,0.12688089043058426,9.065496224806179e-05,9.155153384199366e-05,1
20.0,2002,7.633190482877966,7.700000000000003,1,16.343293312101764,1.1530225461297428,0.6030359864234924,1
20.0,2002,4.509575236997324,4.599999999999994,1,0.007396163358407648,2.0664811999017285e-06,3.111184696535929e-07,1
20.0,2002,1.707503517886502,1.7999999999999972,1,0.814737656443242,0.0016948332781339,0.003761075437068939,1
20.0,2002,5.2891064296828425,5.299999999999997,1,0.21776310398473697,0.000521297852142017,0.0002696276642382145,1
20.0,2002,0.18050939145734787,0.20000000000000284,1,0.006677285180103354,3.166861011260339e-08,2.5357866206832114e-07,1
20.0,2002,5.65726976201684,5.699999999999989,1,0.061577110312555305,7.921695120909608e-05,2.1564639610005543e-05,1
20.0,2002,0.5616198440746296,0.5999999999999943,1,0.002004348291848146,3.861913636676526e-08,2.2848585246038056e-08,1
20.0,2002,1.6667989748962297,1.6999999999999886,1,0.0,0.0,0.0,1
20.0,2002,0.7469254399684115,0.7999999999999972,1,0.061496089169850165,6.81278272651829e-06,2.1507928977371193e-05,1
20.0,2002,5.524672620176394,5.6000000000000085,1,0.020274232083011157,3.83511485426061e-06,2.3377644993161084e-06,1
20.0,2002,7.169025374898195,7.200000000000003,1,7.222674697943148,0.29551331725249064,0.22880814969539642,1
20.0,2002,1.046091643460188,1.0999999999999943,1,0.00488882508034294,4.5332627830435763e-08,1.3593205494544236e-07,1
20.0,2002,4.433711432424146,4.5,1,0.003639405423655262,9.993670522935243e-08,7.533100898626799e-08,1
20.0,2002,0.8719346400727677,0.8999999999999915,1,0.00474454657228307,1.2016067787720932e-07,1.280272243775471e-07,1
20.0,2002,1.520902384117815,1.6000000000000085,1,0.05928357822207886,8.762321062861056e-06,1.9988172425655648e-05,1
20.0,2002,0.7027178462701803,0.8000000000000114,1,0.018922741064955062,1.101185368367624e-06,2.036480054812273e-06,1
20.0,2002,0.11582875850978405,0.20000000000000284,1,0.002876108510577069,1.623632374208819e-08,4.704608258521148e-08,1
20.0,2002,4.009150968477912,4.099999999999994,1,5.566134425932432,0.14126730560266618,0.14980868995189667,1
20.0,2002,0.13305879945897667,0.20000000000000284,1,9.792142918740865e-07,7.00916564609091e-16,5.453413684308262e-15,1
20.0,2002,14.29654322993269,14.299999999999997,1,41.26796478038932,5.695466848124556,0.9064185619354248,1
20.0,2002,0.17572386217190597,0.19999999999998863,1,0.0001460316252632765,1.51209296894932e-11,1.2128491266860664e-10,1
20.0,2002,0.522300028750664,0.5999999999999943,1,0.0,0.0,0.0,1
20.0,2002,3.320145226866699,3.4000000000000057,1,5.912851002788557,0.14024282603678978,0.1658613085746765,1
20.0,2002,0.45172561807527295,0.5,1,0.0004974789253537892,2.758695923428539e-10,1.4075450804895695e-09,1
20.0,2002,17.748065739514963,17.799999999999997,1,69.59754637795629,11.523759649597439,0.9649721384048462,1
20.0,2002,0.19613796522686153,0.20000000000000284,1,0.012554582822303928,9.32153429393564e-08,8.964315725279448e-07,1
20.0,2002,6.561630170891843,6.6000000000000085,1,7.780018799662685,0.3629728964478128,0.2560908794403076,1
20.0,2002,13.612307747703335,13.700000000000003,1,56.5072310801832,6.046849977677343,0.9478085041046143,1
20.0,2002,0.8443898293149323,0.9000000000000057,1,0.3470026145387237,0.00018699365363330155,0.0006843545124866068,1
20.0,2002,21.922344695590304,22.0,1,58.949116688560935,6.0629231792815865,0.9518389701843262,1
20.0,2002,6.170523295835955,6.199999999999989,1,0.03596557860748817,2.6580105368131514e-05,7.356713922490599e-06,1
20.0,2002,0.23062388640289047,0.29999999999999716,1,0.00013096368911647005,1.480302076494443e-11,9.754718560683884e-11,1
20.0,2002,10.506485059049847,10.599999999999994,1,39.70353609923842,4.6033250625369675,0.8996531367301941,1
20.0,2002,0.23291861015610807,0.30000000000001137,1,0.01690477258239298,2.3103297741571043e-07,1.625290224183118e-06,1
20.0,2002,0.5517086175360937,0.5999999999999943,1,0.22962731478764908,6.624617775464274e-05,0.0002997987612616271,1
20.0,2002,34.21629946711399,34.3,1,80.08211377363614,28.4628421709733,0.9733148813247681,1
20.0,2002,11.099956823965108,11.100000000000009,1,39.36708715777149,4.822621188697283,0.8981060981750488,1
20.0,2002,0.2936671806008266,0.29999999999999716,1,0.06846912271197425,3.4623074279700537e-06,2.666188811417669e-05,1
20.0,2002,0.10533410405990776,0.20000000000000284,1,0.02523774587382377,4.344829377899061e-07,3.622534222813556e-06,1
20.0,2002,23.91527642087761,24.0,1,90.99413070936316,17.439983088064007,0.9792061448097229,1
20.0,2002,3.7402036508579117,3.8000000000000114,1,0.7110942647451566,0.002665951031111012,0.0028676101937890053,1
20.0,2002,3.6501482368648084,3.700000000000003,1,0.0,0.0,0.0,1
20.0,2002,0.11654312141073035,0.20000000000000284,1,0.025120073645609864,3.8875068870948966e-07,3.5888326692656847e-06,1
20.0,2002,6.947369882381622,7.0,1,17.283857062271636,1.5013846958308,0.6294928789138794,1
20.0,2002,5.629501457057193,5.699999999999989,1,4.692956449245571,0.1359518352393654,0.1113150343298912,1
20.0,2002,0.24118227340355172,0.29999999999999716,1,0.03843833429834831,1.2311201899216375e-06,8.403078936680686e-06,1
20.0,2002,0.13054269196680074,0.20000000000000284,1,0.0,0.0,0.0,1
20.0,2002,4.385149773294579,4.3999999999999915,1,0.0030817280066912645,6.75557471115811e-08,5.401340175126279e-08,1
20.0,2002,1.984913485379875,2.0,1,0.0,0.0,0.0,1
20.0,2002,4.7054934582487835,4.799999999999997,1,0.25399484540832873,0.0005305756741826282,0.0003667781420517713,1
20.0,2002,0.12658226840305375,0.20000000000000284,1,0.0,0.0,0.0,1
20.0,2002,0.6284614656725384,0.7000000000000028,1,0.025573446365342534,1.0235597224962284e-06,3.71954524780449e-06,1
20.0,2002,0.6207097589623922,0.7000000000000028,1,0.10848265568796478,1.8679484284068195e-05,6.692748138448223e-05,1
20.0,2002,0.2454126960112641,0.30000000000001137,1,0.0,0.0,0.0,1
20.0,2002,0.4938409430799961,0.7999999999999972,1,0.20873972349886571,5.309907514241149e-05,0.00024775107158347964,1
20.0,2002,21.781739417414116,21.799999999999997,1,80.97652570937612,15.756594610049003,0.9738857746124268,1
20.0,2002,16.873130520701217,16.89999999999999,1,117.16489889397641,10.572097729174105,0.9873536825180054,1
20.0,2002,8.452012196565923,8.5,1,0.002068637350021163,6.353280031390181e-08,2.4337818871345007e-08,1
20.0,2002,8.058196778781749,8.100000000000009,1,0.6009028998286112,0.005562224335695672,0.002049418166279793,1
20.0,2002,0.9335124064369811,1.0,1,1.1849310794787016e-05,2.8725604356545306e-13,7.985444987548829e-13,1
20.0,2002,0.10844502235459098,0.20000000000000284,1,0.031083446023785655,7.389560498484155e-07,5.495015102496836e-06,1
20.0,2002,3.2506341424608296,3.299999999999997,1,1.6585990924978091,0.011707565119496298,0.015404710546135902,1
20.0,2002,17.5926004741198,17.599999999999994,1,93.24880453254474,11.93053677098165,0.9801799058914185,1
20.0,2002,1.733620568804218,1.7999999999999972,1,0.833121189620651,0.0023007229606356655,0.003932043444365263,1
20.0,2002,7.846638997383171,7.900000000000006,1,0.0,0.0,0.0,1
20.0,2002,20.16993273140755,20.200000000000003,1,37.833159052884184,6.854847297198278,0.8905983567237854,1
20.0,2002,13.254490849319813,13.299999999999997,1,40.02839454381319,6.699752656434498,0.9011148810386658,1
20.0,2002,37.88876524985622,37.900000000000006,1,206.1482033009629,15.692059536903866,0.9958796501159668,1
20.0,2002,11.061745392607941,11.100000000000009,1,30.737869790929835,4.845779032624387,0.8431013226509094,1
20.0,2002,0.3708860362369363,0.4000000000000057,1,0.050999537306211096,2.5447357272187336e-06,1.4792412002861965e-05,1
20.0,2002,1.0745250136471027,1.1000000000000085,1,0.05950861553105824,7.216483835076204e-06,2.0140205378993414e-05,1
20.0,2002,0.12572540774860427,0.20000000000000284,1,0.7601998372046291,0.00036864762741303585,0.003275996306911111,1
20.0,2002,4.546401175087841,4.599999999999994,1,1.0464310566384256,0.02834547040760507,0.006189248058944941,1
20.0,2002,15.371327325359331,15.399999999999991,1,73.76065856554919,8.861580438723966,0.968694269657135,1
20.0,2002,9.736683027853344,9.799999999999997,1,33.99701395381908,3.587209606192626,0.8679600954055786,1
20.0,2002,0.2040789529460124,0.29999999999999716,1,0.05415036161195985,3.151606371907833e-06,1.6676634913892485e-05,1
20.0,2002,0.56250581988472,0.5999999999999943,1,0.025230459203953615,1.057465456402597e-06,3.620442839746829e-06,1
20.0,2002,0.955411555925094,1.0,1,0.0,0.0,0.0,1
20.0,2002,15.144623538689235,15.200000000000003,1,43.41851746384671,6.039573815571889,0.914687991142273,1
20.0,2002,0.3327476282112421,0.4000000000000057,1,0.014338352357498252,3.364109155894954e-07,1.1692595762724523e-06,1
20.0,2002,0.5682739521028228,0.5999999999999943,1,0.0,0.0,0.0,1
20.0,2002,12.557371498205365,12.600000000000009,1,30.524320350807265,5.362487779569403,0.8412480354309082,1
20.0,2002,0.7708419102829227,0.7999999999999972,1,0.019503061058003368,9.988498964549395e-07,2.163304088753648e-06,1
20.0,2002,15.55573628220817,15.599999999999994,1,3.20363821243583,0.6059835445644213,0.05515206605195999,1
20.0,2002,1.4562873700160712,1.5,1,0.07313010861525981,2.092503535978299e-05,3.0415305445785634e-05,1
20.0,2002,1.0405433347033608,1.0999999999999943,1,0.033257390131097964,3.7048569691331226e-06,6.290520104812458e-06,1
20.0,2002,37.208711024211524,37.30000000000001,1,7.984869003739279,16.909329285296586,0.26611822843551636,1
20.0,2002,16.860340691399838,16.900000000000006,1,100.41268058756401,10.900155264425813,0.9828603863716125,1
20.0,2002,3.4929556245763287,3.5,1,0.5580278984789402,0.001676522721162812,0.0017678943695500493,1
20.0,2002,2.440679566917382,2.5,1,1.2345690476089999,0.005224114663385154,0.008593997918069363,1
20.0,2002,1.346757613620496,1.4000000000000057,1,0.4831231404047571,0.0005303945651268468,0.0013257220853120089,1
20.0,2002,0.6229479745545304,0.7000000000000028,1,0.03414213828955326,1.4485656700976906e-06,6.62966385789332e-06,1
20.0,2002,6.1924919375098835,6.200000000000003,1,3.2040779996989395,0.2755063351099208,0.055166374891996384,1
20.0,2002,5.789927328220237,5.800000000000011,1,8.589439676143229e-05,8.038311027482274e-11,4.1960688396125434e-11,1
20.0,2002,0.2983621928371795,0.29999999999999716,1,0.001432871786164469,1.763610434140243e-09,1.167690122372278e-08,1
20.0,2002,1.7738301626411115,1.7999999999999972,1,0.0,0.0,0.0,1
20.0,2002,1.6618180343877873,1.7000000000000028,1,0.0071647523040780925,2.5412977342554796e-07,2.9195450679253554e-07,1
20.0,2002,11.821408379786948,11.900000000000006,1,47.27928864851009,7.651557798969496,0.9270775318145752,1
20.0,2002,0.5171061090233564,0.6000000000000085,1,0.07488345189159418,6.432891815693707e-06,3.189119524904527e-05,1
20.0,2002,0.21763336093596214,0.29999999999999716,1,1.0013543449161943,0.0017111361386893237,0.005670467391610146,1
20.0,2002,5.682070128174981,5.699999999999989,1,0.43270957964955414,0.0020714446118986836,0.0010637602536007762,1
20.0,2002,0.19081568547131045,0.30000000000001137,1,0.009103105524900457,2.5707546632746843e-07,4.71293986947785e-07,1
20.0,2002,1.4855927257406456,1.5,1,1.2168201697459722,0.004353188047033253,0.008350718766450882,1
20.0,2002,28.182816963932176,28.400000000000006,1,198.12804149003966,24.082059080892382,0.9955408573150635,1
20.0,2002,0.6368392198262947,0.7000000000000028,1,0.03590562270801456,2.69941353331195e-06,7.332206678256625e-06,1
20.0,2002,0.1351195525626457,0.20000000000000284,1,0.028609552223315404,6.569157730215948e-07,4.6551431296393275e-06,1
20.0,2002,20.966946955942742,21.0,1,68.00624157990387,7.6840361724538475,0.9633744359016418,1
20.0,2002,0.42280314857268725,0.7000000000000028,1,0.028473564680098207,8.276708746847486e-07,4.610994892573217e-06,1
20.0,2002,0.23000336353722203,0.30000000000001137,1,0.011676924832102031,1.8377092424822478e-07,7.754781563562574e-07,1
20.0,2002,0.1118505088541346,0.20000000000000284,1,0.021928164089331403,4.994371918620751e-07,2.734741656240658e-06,1
20.0,2002,0.19702670380889725,0.20000000000000284,1,1.1922796201970414,0.0016127774536996784,0.00801995862275362,1
20.0,2002,0.8213374931287774,0.5,0,0.0,7.55776040242875e-08,nan,0
20.0,2002,5.117598854853819,5.200000000000003,1,0.0,0.0,0.0,1
20.0,2002,0.19720183265931543,0.20000000000000284,1,0.015597032874211436,1.943158350940523e-07,1.3835547179041896e-06,1
20.0,2002,3.612692126018538,3.700000000000003,1,0.40740692406484413,0.0007232584917757426,0.0009431048529222608,1
20.0,2002,0.3304565083328321,0.4000000000000057,1,0.043218167684813125,1.9405324004548716e-06,1.0622849913488608e-05,1
20.0,2002,24.686334769070267,24.700000000000003,1,117.53270685345566,16.869400704284224,0.9874317049980164,1
20.0,2002,1.5015439535425765,1.5999999999999943,1,0.0,0.0,0.0,1
20.0,2002,0.6694367453223291,0.7000000000000028,1,0.015256909639759897,2.3165992604193202e-07,1.3238706060292316e-06,1
20.0,2002,42.79500992573651,7.0,0,0.0,0.00022670526179587955,nan,0
20.0,2002,21.83297187211183,21.89999999999999,1,275.1983823451456,17.845024673633667,0.9976837635040283,1
20.0,2002,2.8051754495496435,2.8999999999999915,1,0.1377320728978475,0.00012524542666861197,0.00010787884093588218,1
20.0,2002,25.85329260243732,25.900000000000006,1,46.62172324586743,15.706196160225794,0.9251610636711121,1
20.0,2002,15.862736539279561,15.899999999999991,1,81.25371331253427,9.35922880055463,0.9740590453147888,1
20.0,2002,0.11609100047893539,0.30000000000001137,1,1.1056142871420889,0.002053048824246403,0.0069041685201227665,1
20.0,2002,21.298947259818036,21.299999999999997,1,48.65396193762916,12.115702271194543,0.9308591485023499,1
20.0,2002,12.341755203330603,12.400000000000006,1,1.4542444042915577,0.05142263008222005,0.011884893290698528,1
20.0,2002,2.4311939925203108,2.5,1,0.7282870220024051,0.0012639795506730169,0.003007530001923442,1
20.0,2002,0.3221558372808788,0.4000000000000057,1,0.0,0.0,0.0,1
20.0,2002,0.15401399227602044,0.29999999999999716,1,0.031193980089256,1.1108484239703351e-06,5.534165211429354e-06,1
20.0,2002,0.21139595097392133,0.29999999999999716,1,0.0031412817579621333,2.8155665061990172e-08,5.612116993347627e-08,1
20.0,2002,11.9824172875386,12.0,1,37.39150869050974,4.949157510399142,0.8882891535758972,1
20.0,2002,5.082825057601744,5.1000000000000085,1,4.490718316339894,0.12134019524949163,0.1028936356306076,1
20.0,2002,0.14344185457837969,0.7999999999999972,1,0.04743545384189929,3.4853513213943316e-06,1.2797157069144305e-05,1
20.0,2002,0.11635241026880022,0.20000000000000284,1,0.023959531924390376,4.048686648696575e-07,3.264887254772475e-06,1
20.0,2002,0.18084897237525055,0.20000000000000284,1,0.0,0.0,0.0,1
20.0,2002,9.822504453324667,9.5,0,0.0,0.0017459275384182661,nan,0
20.0,2002,35.42602084834935,35.60000000000001,1,175.48653612983935,16.413984531184965,0.9943228960037231,1
20.0,2002,5.886441730985397,5.900000000000006,1,0.0,0.0,0.0,1
20.0,2002,2.9506916887145067,3.0,1,0.14578910588943472,0.00013547643684454908,0.00012086779315723106,1
20.0,2002,6.718092279957524,6.799999999999997,1,7.139451734817953,0.40260517348830266,0.22474388778209686,1
20.0,2002,0.7428735583097414,0.7999999999999972,1,0.003191080769738619,4.6709839091632565e-08,5.791466151094937e-08,1
20.0,2002,0.6025097956205157,0.6999999999999886,1,0.006583682295968174,5.9069692915450836e-08,2.465191073497408e-07,1
20.0,2002,5.143000205383363,5.200000000000003,1,71.13484966214236,3.8206566157662665,0.9664194583892822,1
20.0,2002,0.23768475033015785,0.29999999999999716,1,0.0,0.0,0.0,1
20.0,2002,0.16110893952867855,0.20000000000000284,1,0.023975597807293525,4.2158784256353855e-07,3.269267153882538e-06,1
20.0,2002,1.0421943203743635,1.1000000000000085,1,0.0749706985272951,6.306407786822156e-06,3.1965551897883415e-05,1
20.0,2002,0.1257974345415172,0.20000000000000284,1,8.991736649477389e-06,5.925973085292247e-14,4.598329638068333e-13,1
20.0,2002,4.981746634752043,5.0,1,2.764223123307602,0.056156511283298356,0.041647084057331085,1
20.0,2002,37.29761480308059,29.599999999999994,0,0.0,24.932413688759574,nan,0
20.0,2002,3.5511382268010068,3.6000000000000085,1,2.005704771689011,0.022256032700130553,0.02236775867640972,1
20.0,2002,1.0078968082130273,1.3000000000000114,1,0.011534671941888064,3.4415908854965054e-06,7.5669890975405e-07,1
20.0,2002,18.208934514131425,18.299999999999997,1,97.08607391523765,12.388163130311254,0.9816875457763672,1
20.0,2002,0.28552415174692175,0.29999999999999716,1,1.1843389984278474e-05,1.183734853418027e-13,7.977466885862594e-13,1
20.0,2002,5.83382712875402,5.900000000000006,1,0.0,0.0,0.0,1
20.0,2002,0.37471775817966935,0.4000000000000057,1,0.025172947182966254,6.46544829781982e-07,3.603956201914116e-06,1
20.0,2002,1.7165867693692523,1.7999999999999972,1,0.13050747658417094,8.231401015628548e-05,9.685937402537093e-05,1
20.0,2002,0.22574279280362355,0.29999999999999716,1,0.0012237925667761829,6.265684311115231e-08,8.517822003284437e-09,1
20.0,2002,0.1408519414032592,0.20000000000000284,1,5.0793105401680805e-06,1.830463800664059e-14,1.4673120574473786e-13,1
20.0,2002,12.62775871483777,12.700000000000003,1,1.0263811291986258,0.024333414896442043,0.005955743603408337,1
20.0,2002,1.310410596867389,1.4000000000000057,1,0.013325626149708114,1.584260739927413e-06,1.0099217888637213e-06,1
20.0,2002,0.17828793173406163,0.20000000000000284,1,0.0,0.0,0.0,1
20.0,2002,35.99769158581067,36.0,1,290.34710553922514,22.3899692497187,0.9979186654090881,1
20.0,2002,0.18214835716922662,0.19999999999998863,1,0.00897142095811887,4.671878806071553e-08,4.5775723833685333e-07,1
20.0,2002,6.944161587337664,1.0999999999999943,0,0.0,2.3597704236918733e-06,nan,0
20.0,2002,0.9594569812166802,1.0,1,0.006413453440472949,7.055534959748538e-08,2.339358360359256e-07,1
20.0,2002,1.3901159563649987,1.3999999999999915,1,0.1031843725823478,7.900532410150302e-05,6.0550049965968356e-05,1
20.0,2002,0.848860736465955,0.8999999999999915,1,0.012671209562540753,2.5971852958611393e-07,9.131638307735557e-07,1
20.0,2002,0.12775193053727749,0.20000000000000284,1,0.005619966235371976,2.5014384684590323e-08,1.796305895140904e-07,1
20.0,2002,5.824141088246898,6.0,1,1.190798783213154,0.041626660951074826,0.00800020806491375,1
20.0,2002,2.797933654139956,2.8000000000000114,1,0.09435723449013267,4.959789828830746e-05,5.0633898354135454e-05,1
20.0,2002,0.29104987122130477,0.30000000000001137,1,1.3132959511514741,0.0029197079212896306,0.009714015759527683,1
20.0,2002,0.30181915810913956,0.4000000000000057,1,0.014685422228581047,1.684895028809401e-07,1.2265501254660194e-06,1
20.0,2002,16.644736687070516,16.69999999999999,1,0.6844567718571852,0.015233296592805805,0.0026573538780212402,1
20.0,2002,0.98744008169548,1.0,1,0.0001953721857717028,6.594527118004127e-11,2.1708930486585842e-10,1
20.0,2002,11.346504165917004,11.399999999999991,1,27.468808920506376,3.5846317189339936,0.8110118508338928,1
20.0,2002,0.28811207501894376,0.30000000000001137,1,0.027539182270174933,7.100275131420254e-07,4.313334557082271e-06,1
20.0,2002,13.724331763614275,13.799999999999997,1,11.184322020832042,1.2108003897289246,0.41569337248802185,1
20.0,2002,5.336990785137072,5.400000000000006,1,56.71077220463456,2.550797866326493,0.9481630921363831,1
20.0,2002,11.82671397698841,0.20000000000000284,0,0.0,8.687833518256918e-08,nan,0
20.0,2002,8.251203708758863,8.299999999999997,1,80.77519617663847,4.2751408560465585,0.9737588763237,1
20.0,2002,13.904130755369845,14.099999999999994,1,10.072643937805363,2.4385788836391127,0.3658974766731262,1
20.0,2002,11.36420977640705,11.400000000000006,1,0.33058760936103226,0.0021885398495647135,0.0006211782456375659,1
20.0,2002,9.676232169319556,9.700000000000003,1,2.3143644048952865,0.07089873528167324,0.029562687501311302,1
20.0,2002,0.16509090490268538,0.20000000000000284,1,0.020759146676937235,3.3366916520973863e-07,2.450929969199933e-06,1
20.0,2002,2.3319875160861185,2.3999999999999915,1,10.46501147643834,0.1450591348958777,0.38380494713783264,1
20.0,2002,2.801588923767376,2.9000000000000057,1,0.4255391009758114,0.000840958241063378,0.001028832863084972,1
20.0,2002,0.25209874439722524,0.29999999999999716,1,0.02660720854146348,5.274269465906795e-07,4.026334408990806e-06,1
20.0,2002,27.473157411127158,8.0,0,0.0,0.0056165416598698125,nan,0
20.0,2002,11.896848807263707,12.0,1,0.049367701269716235,6.460616574431686e-05,1.38609420901048e-05,1
20.0,2002,1.2437857856574002,1.5,1,0.08580143324465439,2.6650140853933976e-05,4.1868159314617515e-05,1
20.0,2002,1.2914605390445775,1.2999999999999972,1,0.00012942414923600154,3.5600614877860894e-11,9.526723854236252e-11,1
20.0,2002,1.685348586076983,1.7000000000000028,1,0.10912039626111891,3.773189875364072e-05,6.771663902327418e-05,1
20.0,2002,1.0805332777333647,1.1000000000000085,1,0.38141917895791266,0.00015172268471319166,0.0008267207304015756,1
20.0,2002,28.205457089830002,28.299999999999997,1,215.42060638637764,21.297927521616074,0.9962254166603088,1
20.0,2002,1.890669506927068,1.8999999999999915,1,0.053669777165850974,9.86493273200928e-06,1.6381944078602828e-05,1
20.0,2002,17.58330164098903,17.60000000000001,1,13.134864671495507,3.5141545321553522,0.49525919556617737,1
20.0,2002,2.7539498238489295,2.799999999999997,1,0.278835341656162,0.0004468540308662555,0.00044199422700330615,1
20.0,2002,2.219150034674719,2.299999999999997,1,0.7652548586821695,0.003939588930345107,0.003319564275443554,1
20.0,2002,0.3576530049976141,0.4000000000000057,1,0.2340475013188552,5.2320066218904004e-05,0.00031144809327088296,1
20.0,2002,15.205511599826467,13.399999999999991,0,0.0,0.007276361808711343,nan,0
20.0,2002,11.265746088509173,11.299999999999997,1,43.98675416839524,4.9939109273548326,0.9166955351829529,1
20.0,2002,4.0105186631329675,4.099999999999994,1,0.06680214559571596,2.445233481038804e-05,2.5379482394782826e-05,1
20.0,2002,1.32146421207144,1.4000000000000057,1,0.007995829144874733,2.504231354694267e-07,3.636133385498397e-07,1
20.0,2002,0.31251677766852526,0.4000000000000057,1,0.03240202925880453,1.479112094684909e-06,5.971106020297157e-06,1
20.0,2002,3.1371220533638233,3.200000000000003,1,0.0,0.0,0.0,1
20.0,2002,0.4167648198788365,0.5,1,0.029667683067089,1.1111849631516293e-06,5.005852472095285e-06,1
20.0,2002,20.912683513540735,21.0,1,0.0,0.0,0.0,1
20.0,2002,20.048232133776793,20.10000000000001,1,3.2437898784937715,0.36826365585534915,0.05646463856101036,1
20.0,2002,9.182588204412173,9.199999999999989,1,0.09033393143522517,7.444309220271827e-05,4.6408189518842846e-05,1
20.0,2002,2.0634487108421067,2.0999999999999943,1,1.224867931080098,0.017592201276470223,0.008460605517029762,1
20.0,2002,6.121456516710066,1.7000000000000028,0,0.0,3.3121067991600363e-05,nan,0
20.0,2002,15.321493423274491,15.400000000000006,1,5.938841171394415,0.09827538269095593,0.16707846522331238,1
20.0,2002,0.19770326125878185,0.20000000000000284,1,0.0,0.0,0.0,1
20.0,2002,9.224775237889338,9.299999999999997,1,1.0025601113738958e-06,3.372762856238948e-14,5.716547010471652e-15,1
20.0,2002,1.3462551002653134,1.4000000000000057,1,1.263403630715402,0.011937363740247064,0.008996475487947464,1
20.0,2002,4.763355424870995,4.799999999999997,1,0.23308670061669545,0.0005276810441334062,0.0003088970552198589,1
20.0,2002,0.3760596376698938,0.3999999999999915,1,0.05707849600923964,2.902363519199448e-06,1.8528913642512634e-05,1
20.0,2002,0.48894399961157675,0.9000000000000057,1,1.3134878661981588,0.008680989538106637,0.009716827422380447,1
20.0,2002,14.98979608074149,15.0,1,14.080745133323262,3.668226531717381,0.5299921035766602,1
20.0,2002,25.40006678303744,25.5,1,49.66983731012988,3.284951640067602,0.933472216129303,1
20.0,2002,0.13028452650742386,0.20000000000000284,1,0.011493336311019675,1.4577740602209312e-07,7.512852562285843e-07,1
20.0,2002,22.614654703539724,14.899999999999991,0,0.0,0.018151969412972747,nan,0
20.0,2002,12.537078497072445,2.5,0,0.0,1.4555216851036058e-05,nan,0
20.0,2002,11.524936559245301,11.600000000000009,1,3.704342285078927,0.7549050767394376,0.07239340245723724,1
20.0,2002,2.1343542009974676,2.200000000000003,1,4.089067138879727,0.048056070269714694,0.08683790266513824,1
20.0,2002,3.901403860027761,4.0,1,0.05867587039392674,3.6126473911329904e-05,1.958048960659653e-05,1
20.0,2002,1.0489205284944436,1.0999999999999943,1,1.2064392738811875,0.00884334038857306,0.008210008032619953,1
20.0,2002,0.3295876814403416,0.3999999999999915,1,1.1724352918409409,0.003154270961956771,0.007757265120744705,1
20.0,2002,3.5946773395333866,3.6000000000000085,1,3.547237326480669,0.08647434248410883,0.06678445637226105,1
20.0,2002,31.159262289185804,2.4000000000000057,0,0.0,0.00010118767380390817,nan,0
20.0,2002,7.47447167841461,7.5,1,0.12116775126196444,0.0002174877364287699,8.349314157385379e-05,1
20.0,2002,0.10289152021552976,0.20000000000001705,1,0.02210629868582714,3.9687235873168433e-07,2.7793537356046727e-06,1
20.0,2002,3.0280987348514343,3.0999999999999943,1,0.1358070672042686,0.00012330997161038985,0.00010488469706615433,1
20.0,2002,3.2802711207016895,3.299999999999997,1,1.763187360259792,0.00892175666286646,0.017373934388160706,1
20.0,2002,6.673696311113413,6.699999999999989,1,0.0,0.0,0.0,1
20.0,2002,1.0431893978833753,1.0999999999999943,1,0.0,0.0,0.0,1
20.0,2002,0.33750232211953984,0.5,1,6.0734074395440985e-05,3.6828239863593385e-08,2.097866151629102e-11,1
20.0,2002,1.5617990215475186,1.6000000000000085,1,0.5146999705592634,0.0006140171659593217,0.001504414132796228,1
20.0,2002,2.3588192776604036,2.4000000000000057,1,0.0,0.0,0.0,1
20.0,2002,0.3356316892926526,0.4000000000000057,1,0.03790481871328666,1.5016060485910597e-06,8.171433364623226e-06,1
20.0,2002,0.17309068432763758,0.20000000000001705,1,0.01073778488742505,6.794060832168224e-08,6.557556844200008e-07,1
20.0,2002,9.725712056602276,9.799999999999997,1,0.15091752400167024,0.0003771317345757189,0.00012951975804753602,1
20.0,2002,0.728022306327832,0.8000000000000114,1,0.015304780448786914,5.39139136190893e-07,1.332191231995239e-06,1
20.0,2002,3.527762758911562,3.5999999999999943,1,0.0,0.0,0.0,1
20.0,2002,4.574363291782621,4.599999999999994,1,0.18735663131155889,0.00034599430742293067,0.00019960176723543555,1
20.0,2002,2.8280101871210244,2.9000000000000057,1,2.710753937331284,0.008312272195651886,0.04011549428105354,1
20.0,2002,2.987058119821768,3.0,1,0.0,0.0,0.0,1
20.0,2002,0.15269821875621237,0.20000000000001705,1,0.0,0.0,0.0,1
20.0,2002,18.55084906794981,18.599999999999994,1,49.08965717918486,10.13875177159724,0.9319979548454285,1
20.0,2002,5.0556397254293195,5.099999999999994,1,0.8257347784117428,0.002927303804164759,0.003862897865474224,1
20.0,2002,0.22848152667366897,0.29999999999998295,1,1.1902327697910096,0.0024225900955712034,0.007992665283381939,1
20.0,2002,0.10315953595524856,0.19999999999998863,1,0.0,0.0,0.0,1
20.0,2002,16.742584789376878,16.80000000000001,1,6.517268625798854,1.9003770775751914,0.19456860423088074,1
20.0,2002,0.6992837766059915,0.6999999999999886,1,0.0026810086346813478,5.498418166850983e-08,4.0879857721165536e-08,1
20.0,2002,28.113455904417975,14.599999999999994,0,0.0,2.249756468548903,nan,0
20.0,2002,13.13770027719945,13.199999999999989,1,0.008437730582954828,1.6616717346634842e-06,4.049151982599142e-07,1
20.0,2002,5.2545236672201305,5.299999999999997,1,1.3759241298583333,0.03741125990725736,0.010652481578290462,1
20.0,2002,13.693938169891785,13.699999999999989,1,0.0,0.0,0.0,1
20.0,2002,7.7848680448892855,7.800000000000011,1,9.562336714709318,0.4916218753810575,0.3421247899532318,1
20.0,2002,2.2833740568442593,2.3000000000000114,1,1.1083425056966973,0.017866848101028072,0.006938047707080841,1
20.0,2002,4.069631059972825,4.1000000000000085,1,0.026779799465089127,4.507060541233211e-06,4.0787381294649094e-06,1
20.0,2002,0.10208675102420843,0.20000000000001705,1,0.020880898537484427,2.5569887736794e-07,2.479763452356565e-06,1
20.0,2002,0.14567816279115353,0.20000000000001705,1,0.0,0.0,0.0,1
20.0,2002,16.406029130463832,16.499999999999986,1,14.218980352348808,3.537730731090367,0.5348562598228455,1
20.0,2002,5.934338789847174,5.999999999999986,1,1.1316966396795465,0.04877151562623594,0.0072313775308430195,1
20.0,2002,8.05256266055651,8.100000000000009,1,7.040744465028581,0.5362359977916933,0.21992969512939453,1
20.0,2002,1.1504772916547181,1.1999999999999886,1,0.09723834430712941,1.534768955784814e-05,5.3773055697092786e-05,1
20.0,2002,0.15683253358785168,0.19999999999998863,1,0.0,0.0,0.0,1
20.0,2002,0.7544650165822809,0.799999999999983,1,0.0,0.0,0.0,1
20.0,2002,0.23143781759134538,0.29999999999998295,1,0.005065321715477467,2.9770081590060903e-08,1.4592407637792348e-07,1
20.0,2002,41.71912310490088,41.89999999999999,1,338.5441769860581,33.57019754322884,0.9984682202339172,1
20.0,2002,1.274228667000072,1.299999999999983,1,0.05052933830353368,7.5512950410152645e-06,1.4520911463478114e-05,1
20.0,2002,2.4385868514806512,2.5,1,0.9637883968204051,0.003564627341256632,0.005255185067653656,1
20.0,2002,0.21168126319536468,0.30000000000001137,1,0.0,0.0,0.0,1
20.0,2002,15.498061755801382,15.5,1,13.147926860502082,2.618562883751352,0.4957561492919922,1
20.0,2002,0.39234474022199295,0.4000000000000057,1,0.010298401620985942,2.0296651501899194e-07,6.03187515935133e-07,1
20.0,2002,13.415443104624883,13.5,1,30.13076765654887,1.5765518073335165,0.8377511501312256,1
20.0,2002,3.100931675993644,3.1999999999999886,1,0.18028911383362356,0.00020449536864142754,0.00018482966697774827,1
20.0,2002,4.276343249859014,4.299999999999983,1,32.19902404799077,1.4076216953133962,0.8550000786781311,1
20.0,2002,6.783913280245596,5.6000000000000085,0,0.0,0.004818205883382481,nan,0
20.0,2002,0.150538370448333,0.30000000000001137,1,0.0,0.0,0.0,1
20.0,2002,3.790312424050636,3.8000000000000114,1,9.903834459011705,0.38014875455126584,0.358090877532959,1
20.0,2002,3.181935435287252,3.1999999999999886,1,0.09789742614429997,4.488005519637178e-05,5.4504434956470504e-05,1
20.0,2002,0.3323949914252402,0.4000000000000057,1,1.1396514003072298,0.0029124310161046645,0.0073326462879776955,1
20.0,2002,0.17972086682330762,0.19999999999998863,1,0.0,0.0,0.0,1
20.0,2002,27.34775255518107,1.0,0,0.0,9.830910840935826e-06,nan,0
20.0,2002,5.096276350590719,5.099999999999994,1,0.227657886290217,0.0005105725798572061,0.000294679804937914,1
20.0,2002,2.0364549853769556,2.0999999999999943,1,0.03946029215285307,9.092874720450663e-06,8.855839041643776e-06,1
20.0,2002,0.5371698651556981,0.6000000000000227,1,0.026681768680191453,1.124289821083404e-06,4.048931259603705e-06,1
20.0,2002,1.38527627337935,1.4000000000000057,1,1.2303737834944286,0.011015745920473148,0.008536187931895256,1
20.0,2002,1.3904388324269952,1.4000000000000057,1,0.1736436692801817,7.926776143511091e-05,0.0001714574609650299,1
20.0,2002,0.7370889311970302,0.8000000000000114,1,0.849703809926666,0.0011079903964371246,0.004089483059942722,1
20.0,2002,0.7176953397104873,0.8000000000000114,1,0.0,0.0,0.0,1
20.0,2002,44.06727974382877,40.400000000000006,0,0.0,33.60269989553913,nan,0
20.0,2002,22.96694119299202,22.999999999999986,1,35.82311149849443,6.942858840633846,0.879497766494751,1
20.0,2002,0.9143423645400767,1.0,1,0.006605378245637894,1.3080117204215947e-07,2.4814653443172574e-07,1
20.0,2002,0.2827693653641847,0.29999999999998295,1,0.024023747062528855,6.416758326219989e-07,3.2824113986862358e-06,1
20.0,2002,29.356055781069028,29.400000000000006,1,179.9685230995104,22.49855944366215,0.9946006536483765,1
20.0,2002,3.0413251530881853,3.1000000000000227,1,0.16100591240137874,0.0001796425614346027,0.00014741190534550697,1
20.0,2002,3.797105343965894,3.8000000000000114,1,0.0,0.0,0.0,1
20.0,2002,1.5393868811947629,1.5999999999999943,1,0.05969922640412051,1.2764510816661717e-05,2.026943002420012e-05,1
20.0,2002,20.01869908503438,20.099999999999994,1,1.0006110642279964e-06,7.174871023308644e-14,5.6943420417593805e-15,1
20.0,2002,9.657180764138007,9.700000000000003,1,0.07683441869721719,9.615774641220175e-05,3.3574535336811095e-05,1
20.0,2002,0.3154971048552484,0.39999999999997726,1,0.03523269154368336,1.426288080195284e-06,7.0599485297861975e-06,1
20.0,2002,0.4101507624120721,0.5,1,0.010464344852152863,7.02069355096138e-08,6.227830340321816e-07,1
20.0,2002,0.11560324203174423,0.20000000000001705,1,0.0,0.0,0.0,1
20.0,2002,6.117032517863136,6.200000000000003,1,0.3743658126245464,0.0017786056394323573,0.0007964514079503715,1
20.0,2002,0.24466099870546215,0.30000000000001137,1,0.0,0.0,0.0,1
20.0,2002,32.68576136190611,9.199999999999989,0,0.0,0.19280408953655326,nan,0
20.0,2002,10.085526010162406,10.099999999999994,1,0.41937944119564463,0.0034489491425558133,0.0009992934064939618,1
20.0,2002,0.2152854771915039,0.29999999999998295,1,0.0012106157728908329,8.6995627923937e-09,8.335383938629093e-09,1
20.0,2002,1.4480065325460647,1.5999999999999943,1,0.06885961018815578,1.680380969228764e-05,2.6966858058585785e-05,1
20.0,2002,0.12236538513769517,0.19999999999998863,1,0.0,0.0,0.0,1
20.0,2002,0.9725451434748111,1.0,1,2.913775169122289,0.013157181151913649,0.04606224223971367,1
20.0,2002,0.7984796393578995,0.8000000000000114,1,1.1961245076890918,0.0063778953179737495,0.008071349933743477,1
20.0,2002,4.2817277058983265,2.5999999999999943,0,0.0,0.00020995724037031936,nan,0
20.0,2002,4.569827695626069,4.599999999999994,1,42.36458645052921,2.7999142177657053,0.9107739329338074,1
20.0,2002,19.941643142094527,20.0,1,87.34482615881916,12.994364302803035,0.9774723052978516,1
20.0,2002,0.3663142442071402,0.39999999999997726,1,0.018959790209009952,4.03657977833265e-07,2.0444624624360586e-06,1
20.0,2002,0.32362465651931777,0.39999999999997726,1,0.0,0.0,0.0,1
20.0,2002,0.11194418917494184,0.19999999999998863,1,0.017976347748117405,2.7412862604031705e-07,1.8378711956756888e-06,1
20.0,2002,0.34883907611786624,0.4000000000000057,1,0.6750000000000114,0.0004253071367717601,0.002584619214758277,1
20.0,2002,5.642499974932731,5.699999999999989,1,0.0,0.0,0.0,1
20.0,2002,0.8425876199801787,0.9000000000000057,1,0.018752152028639557,7.370708525500399e-07,1.9999276901216945e-06,1
20.0,2002,1.3358305904001906,1.4000000000000057,1,0.0,0.0,0.0,1
20.0,2002,0.18460355075955512,0.20000000000001705,1,0.0,0.0,0.0,1
20.0,2002,5.877207168561175,5.900000000000006,1,5.287154463688864,0.21205984204679268,0.1371762752532959,1
20.0,2002,2.0598224902141786,2.0999999999999943,1,1.110689036934673,0.0029174155982180923,0.006967251654714346,1
20.0,2002,41.067388527220594,41.099999999999994,1,248.79423267260307,31.50655831579677,0.9971674680709839,1
20.0,2002,6.0081182214981705,6.099999999999994,1,0.35596474923841015,0.0015566641740181126,0.0007201352273114026,1
20.0,2002,0.7145772505461604,0.799999999999983,1,0.03215891112722602,1.4912992896512763e-06,5.881838205823442e-06,1
20.0,2002,0.33124281080559215,0.4000000000000057,1,1.3337896223910661,0.003951143064821512,0.010016490705311298,1
20.0,2002,0.15411209013928018,0.20000000000001705,1,0.0236582965717389,3.9749979726582065e-07,3.183306944265496e-06,1
20.0,2002,25.188919814708495,17.599999999999994,0,0.0,0.17029689523645672,nan,0
20.0,2002,6.809214166999115,6.900000000000006,1,3.197770863603978,0.06877384760658774,0.05496132746338844,1
20.0,2002,0.19091482814908262,0.20000000000001705,1,1.1653451238034904,0.001532695498528715,0.007664443459361792,1
20.0,2002,0.1587424202688404,0.20000000000001705,1,0.01624265748068865,1.946904763038616e-07,1.5004670785856433e-06,1
20.0,2002,13.352569939281066,2.0999999999999943,0,0.0,8.157426565946746e-06,nan,0
20.0,2002,0.31430906146277304,0.4000000000000057,1,0.03266928247649048,1.512136750195419e-06,6.070011295378208e-06,1
20.0,2002,0.10681174357576018,0.19999999999998863,1,0.04793398770402746,1.7435939880050783e-06,1.306755711993901e-05,1
20.0,2002,20.945051900421966,21.000000000000014,1,189.22314715462755,12.829360421767257,0.9951133728027344,1
20.0,2002,2.7690892672131033,2.8000000000000114,1,15.38746968133131,0.48174656086003187,0.5738564729690552,1
20.0,2002,1.5734449109816853,1.6000000000000227,1,0.0007732349149591755,1.4802392807974542e-09,3.400445924839346e-09,1
20.0,2002,35.99848065607082,14.400000000000006,0,0.0,1.1553586643486096,nan,0
20.0,2002,0.12153251241199121,0.20000000000001705,1,0.009118529777424556,4.943038459796275e-08,4.7289245230786037e-07,1
20.0,2002,1.2219144225877623,1.3000000000000114,1,0.08473605035823084,2.0640262260487435e-05,4.0834915125742555e-05,1
20.0,2002,3.1807509824659586,3.1999999999999886,1,0.0,0.0,0.0,1
20.0,2002,5.909748349207274,6.0,1,0.338864793225639,0.0017408404650665855,0.0006526529905386269,1
20.0,2002,3.7789734794089047,3.8000000000000114,1,2.435921341748516,0.011521604107313663,0.032645631581544876,1
20.0,2002,7.3567297468596795,7.400000000000006,1,0.40106879706036125,0.002286302472115159,0.0009140155161730945,1
20.0,2002,2.3488601550060224,2.4000000000000057,1,0.1338601534771442,8.355580750519931e-05,0.00010189932800130919,1
20.0,2002,6.619604669191234,6.699999999999989,1,4.552060425549314,0.167736144831662,0.10542546212673187,1
20.0,2002,9.767867599957206,9.799999999999997,1,46.87657125917303,5.149308403894356,0.9259124398231506,1
20.0,2002,1.1345500564778697,1.1999999999999886,1,0.04476012735207746,7.812097062108143e-06,1.139437790698139e-05,1
20.0,2002,15.02095167694244,15.099999999999994,1,4.178985728438467,0.4458795571843742,0.09035016596317291,1
20.0,2002,15.069002566820762,15.099999999999994,1,98.92806865297143,8.273537020946641,0.9823512434959412,1
20.0,2002,26.22022287528135,26.30000000000001,1,10.384022037287082,0.405746972759359,0.3801368474960327,1
20.0,2002,0.23154994029572967,0.30000000000001137,1,0.0072307580546748795,9.00994378866835e-08,2.9735858220192313e-07,1
20.0,2002,0.14393185564570715,0.20000000000001705,1,0.010011573109295568,7.751229476557233e-08,5.700557608179224e-07,1
20.0,2002,41.54455524997083,41.60000000000001,1,258.72893986218196,26.080478864795268,0.997380256652832,1
20.0,2002,9.181885914416432,9.300000000000011,1,0.1661612872767364,0.00023705710631871202,0.00015700173389632255,1
20.0,2002,4.581550698197791,4.599999999999994,1,0.30667803872347577,0.0008481298003145792,0.0005346210673451424,1
20.0,2002,6.613229906405731,4.599999999999994,0,0.0,0.012452165834845961,nan,0
20.0,2002,15.582713235713504,15.599999999999994,1,58.02520771849959,4.12876332891497,0.9503697752952576,1
20.0,2002,0.16005982303453023,0.19999999999998863,1,0.006483307306211827,4.049991406493911e-08,2.3905951707092754e-07,1
20.0,2002,0.24450198059508943,0.29999999999998295,1,0.0003594657855501282,5.852734111567321e-09,7.348996966527466e-10,1
20.0,2002,0.11887798005334943,0.19999999999998863,1,3.775858203880489e-08,1.3756244916338104e-18,8.108570303449062e-18,1
20.0,2002,5.4214052984066905,5.5,1,0.165065737207442,0.0002475892441293865,0.0001549385633552447,1
20.0,2002,3.57404816829656,3.6000000000000227,1,0.11112806679977894,7.36539892247688e-05,7.023118087090552e-05,1
20.0,2002,1.018714575291854,1.0999999999999943,1,1.0535249202803243e-05,2.435909473047268e-13,6.312517240696092e-13,1
20.0,2002,0.1983951722710902,0.20000000000001705,1,0.0031532977027382003,7.404114910586162e-09,5.655133605841911e-08,1
20.0,2002,4.072796318854028,4.099999999999994,1,0.26371572752668726,0.0006033641551849586,0.00039537870907224715,1
20.0,2002,0.3055482645552047,0.4000000000000057,1,0.010174517437008035,1.368190337934607e-07,5.887627594347578e-07,1
20.0,2002,2.1611082095720016,2.1999999999999886,1,0.7453469596193827,0.0009233933246205204,0.0031496325973421335,1
20.0,2002,0.26341498307095523,0.29999999999998295,1,0.002364685773329711,1.3299337512103645e-08,3.180239360744963e-08,1
20.0,2002,0.12036619779152494,0.19999999999998863,1,3.0650244298158213e-07,6.291160806997355e-17,5.34294671782179e-16,1
20.0,2002,1.0391425341393392,1.1000000000000227,1,0.033065364021240384,1.2978465359636817e-06,6.218087946763262e-06,1
20.0,2002,0.12315267859502517,0.20000000000001705,1,0.008995677796292512,7.75478031021123e-08,4.6023595245969773e-07,1
20.0,2002,2.0759606757389766,2.0999999999999943,1,0.0,0.0,0.0,1
20.0,2002,0.13091397215055833,0.19999999999998863,1,0.0008675000982520942,2.1984042060607555e-09,4.280081178364981e-09,1
20.0,2002,8.257334551689482,8.299999999999983,1,6.856713483036856,0.14049438553182064,0.21097680926322937,1
20.0,2002,0.2885467194341257,0.29999999999998295,1,1.7678439689916559e-06,2.2543001988748133e-15,1.7774640808689013e-14,1
20.0,2002,1.0148456240060804,1.0999999999999943,1,0.007776414231386752,2.05089844143507e-07,3.439311910824472e-07,1
20.0,2002,8.621876897384782,8.699999999999989,1,0.9853418535963101,0.0019351444811893602,0.005491554271429777,1
20.0,2002,0.24947360673248598,0.30000000000001137,1,0.0,0.0,0.0,1
20.0,2002,1.835084518863912,1.9000000000000057,1,0.3311189191225594,0.0003188767314591844,0.000623175292275846,1
20.0,2002,1.759367419547592,1.799999999999983,1,0.11484309680599836,4.216632568762536e-05,7.500499486923218e-05,1
20.0,2002,0.34195440819519535,0.4000000000000057,1,0.016110767532211412,3.271543121225504e-07,1.4761985767108854e-06,1
20.0,2002,14.919752687374283,14.999999999999986,1,131.2411790459537,10.897871842946738,0.9898949861526489,1
20.0,2002,0.8062184862813401,0.8999999999999773,1,0.5723445124212958,0.0004691122201423148,0.0018596004229038954,1
20.0,2002,0.16848658820332926,0.19999999999998863,1,0.0,0.0,0.0,1
20.0,2002,22.420500957108985,15.700000000000003,0,0.0,0.36639549818788786,nan,0
20.0,2002,9.612562200533219,9.700000000000017,1,12.265337327429734,0.48121160234829935,0.46109142899513245,1
20.0,2002,7.740632674219079,7.800000000000011,1,0.012389716533789397,5.833412281153049e-06,8.730423814995447e-07,1
20.0,2002,0.5311851838408463,0.6000000000000227,1,0.6325733950350557,0.0004406992534932812,0.002270636148750782,1
20.0,2002,1.5192787029918207,1.5999999999999943,1,5.288056854624301e-07,8.363986211396111e-16,1.5903956262700155e-15,1
20.0,2002,39.27022457297014,39.3,1,269.7934788814282,27.210157065747516,0.9975902438163757,1
20.0,2002,0.25292481228491803,0.30000000000001137,1,3.478908183751628e-08,2.165091142690695e-18,6.883334663703879e-18,1
20.0,2002,1.5398538974715787,1.5999999999999943,1,0.8333129080547224,0.0013402917186420432,0.003933846019208431,1
20.0,2002,3.4795306786805003,3.5,1,0.11581682773856983,0.00012701811766288712,7.628218736499548e-05,1
20.0,2002,0.8197977301736774,0.8999999999999773,1,0.0,0.0,0.0,1
20.0,2002,0.7242522027980735,0.799999999999983,1,0.7065835855728437,0.000687532730903445,0.0028314481023699045,1
20.0,2002,9.249883787464968,9.300000000000011,1,96.7136898960079,5.52816531644113,0.9815488457679749,1
20.0,2002,5.60323185226667,5.699999999999989,1,0.00015525770868407562,4.171162331363717e-11,1.3709426649466394e-10,1
20.0,2002,1.9199003914639836,2.0,1,0.049325857327573885,8.225835284668864e-06,1.3837455298926216e-05,1
20.0,2002,0.21888708067541288,0.29999999999998295,1,0.11540478350980266,1.0819888412545644e-05,7.574041228508577e-05,1
20.0,2002,38.83140693559168,38.60000000000001,0,0.0,30.947051547132894,nan,0
20.0,2002,3.4791379484067897,3.5,1,0.09998056963678437,7.608430782702212e-05,5.6848559324862435e-05,1
20.0,2002,0.5147373808384389,0.5999999999999943,1,0.4058497115993305,0.00018542217470877306,0.0009359157993458211,1
20.0,2002,0.2390340155832134,0.29999999999998295,1,0.007880862530328159,8.759281873683924e-08,3.5323222391525633e-07,1
20.0,2002,0.1696449279986405,0.20000000000001705,1,0.003657695096308089,8.730301421601562e-09,7.609006047459843e-08,1
20.0,2002,1.5943917806472634,1.5999999999999943,1,0.0007783471568245659,1.9263836611151423e-07,3.4455585051773596e-09,1
20.0,2002,0.16245312072757034,0.19999999999998863,1,0.008231636615590787,4.968187094186969e-08,3.8537643831659807e-07,1
20.0,2002,26.6485164351494,26.69999999999999,1,149.87326472878112,20.077509740547026,0.9922330379486084,1
20.0,2002,17.52500203325991,17.599999999999994,1,0.11134788311574084,2.1389329283137678e-05,7.050927524687722e-05,1
20.0,2002,7.248600620995626,7.299999999999983,1,12.601683124846204,0.6199690830912946,0.4745611846446991,1
20.0,2002,4.613828373581896,4.699999999999989,1,0.0013552666323448648,1.3743243542405053e-08,1.0446298936983567e-08,1
20.0,2002,17.276463849765353,17.299999999999983,1,0.37299306690511,0.00424526659687795,0.000790625752415508,1
20.0,2002,2.090961393839878,2.1000000000000227,1,0.8892828006264608,0.001656337983148201,0.004477584268897772,1
20.0,2002,0.207466937632617,0.30000000000001137,1,0.05453390745003617,1.8651486883508514e-06,1.6913709259824827e-05,1
20.0,2002,30.483491301637567,23.299999999999997,0,0.0,9.286324655947707,nan,0
20.0,2002,2.9214550907512624,3.0,1,0.06015365903374459,1.969106773069506e-05,2.0579182091751136e-05,1
20.0,2002,0.2406212011151683,0.30000000000001137,1,2.5870367608149536e-06,5.575760243013494e-15,3.8064325725683384e-14,1
20.0,2002,0.2299393393089289,0.30000000000001137,1,1.2062992027495056e-07,1.9558752004272957e-17,8.276048569455939e-17,1
20.0,2002,0.14483494240692257,0.19999999999998863,1,0.0603673984969646,2.6261951597511525e-06,2.072568349831272e-05,1
20.0,2002,1.0906290320402485,1.0999999999999943,1,0.0023073154407029506,6.8770331775355745e-09,3.027797745858152e-08,1
20.0,2002,0.10355044029950564,0.5999999999999943,1,1.251425469723472,0.0052925241220130245,0.008828193880617619,1
20.0,2002,5.769581466602395,5.800000000000011,1,1.4189281140980938,0.053794464385650644,0.011321109719574451,1
20.0,2002,0.44830137580194085,0.5,1,0.6086633691361953,0.00038434744851475897,0.0021025831811130047,1
20.0,2002,4.932950632269304,4.799999999999983,0,0.0,4.0701361811677416e-05,nan,0
20.0,2002,0.17243062928761807,0.19999999999998863,1,0.01705599973229255,2.26083190608462e-07,1.6544993286515819e-06,1
20.0,2002,7.511336695786038,5.699999999999989,0,0.0,0.00046289417075735817,nan,0
20.0,2002,0.49268840071738296,0.5,1,2.8718304747599177e-06,6.923860276199219e-15,4.6906231611527904e-14,1
20.0,2002,37.21623955507799,37.29999999999998,1,222.3083010348608,27.59680131129171,0.9964548349380493,1
20.0,2002,9.015604833789794,9.099999999999994,1,6.268097924790254,0.41270822568050775,0.1826406866312027,1
20.0,2002,0.40904767340493897,0.5,1,0.3044586815212824,9.906698445275413e-05,0.000526915246155113,1
20.0,2002,9.606276647897541,9.699999999999989,1,0.2638461880133036,0.00013124429564212515,0.0003957698354497552,1
20.0,2002,1.126009055728262,1.1999999999999886,1,0.003678859648971411,1.858640879060263e-08,7.697316561916523e-08,1
20.0,2002,7.41021963178426,6.5,0,0.0,0.2771809478686316,nan,0
20.0,2002,0.2749905234838806,0.29999999999998295,1,0.005759930789622558,1.8629044207299e-07,1.8868935569571477e-07,1
20.0,2002,10.099772825480663,10.099999999999994,1,70.91806650022136,4.9736497165364435,0.9662207961082458,1
20.0,2002,0.3284684466780246,0.39999999999997726,1,0.2074963450058931,3.927084216227062e-05,0.00024480908177793026,1
20.0,2002,7.061453917648426,7.100000000000023,1,30.611844965731507,2.0099245598574873,0.8420113325119019,1
20.0,2002,0.1670155593098504,0.20000000000001705,1,0.15402626149534626,1.6998769284829573e-05,0.00013490993296727538,1
20.0,2002,4.237529718728383,4.300000000000011,1,0.3082441243068388,0.0002020787379652397,0.0005400922382250428,1
20.0,2002,1.211866342210447,1.299999999999983,1,0.034678657282711356,1.813632019526697e-06,6.839660272817127e-06,1
20.0,2002,0.2629639246089488,0.30000000000001137,1,1.1086086168916154,0.0020817803157623938,0.0069413562305271626,1
20.0,2002,5.480136734200885,5.5,1,3.2000097992164274,0.29167981985458874,0.055034078657627106,1
20.0,2002,23.57065772891985,7.599999999999994,0,0.0,0.0005558588821298716,nan,0
20.0,2002,7.784954642807531,6.099999999999994,0,0.0,0.0015875283390860016,nan,0
20.0,2002,0.16503984329163007,0.19999999999998863,1,0.023162256497016642,4.950986680470534e-07,3.051218754990259e-06,1
20.0,2002,36.00003005591778,21.200000000000003,0,0.0,1.3907659954155165,nan,0
20.0,2002,2.6445196692813537,2.700000000000017,1,2.710251846311621,0.02277868371690497,0.04010123014450073,1
20.0,2002,4.776280357154032,4.799999999999983,1,19.471080386626,1.047522857185802,0.6831653118133545,1
20.0,2002,1.2673247629272026,1.299999999999983,1,0.9618428103412953,0.0019358142233475198,0.005234100390225649,1
20.0,2002,37.28560785384277,23.400000000000006,0,0.0,7.362291439875356,nan,0
20.0,2002,19.88027512086373,15.400000000000006,0,0.0,0.018488092866219268,nan,0
20.0,2002,0.5342599664424982,0.5999999999999943,1,0.008343935644006706,7.874106345088926e-08,3.959630703320727e-07,1
20.0,2002,1.4450856293798253,1.5,1,0.857186003244351,0.0015148159515732053,0.004161519929766655,1
20.0,2002,1.9134478329306208,2.0,1,1.6537874001041928,0.018395552644611166,0.015316827222704887,1
20.0,2002,19.353868095293745,19.400000000000006,1,4.235207921848996,0.06870351533311543,0.09257102757692337,1
20.0,2002,3.8187829781366416,3.9000000000000057,1,0.17308062299775884,0.0002862815666038011,0.00017034754273481667,1
20.0,2002,3.088030579991044,3.0999999999999943,1,2.082063349503187,0.00734099575111744,0.024061530828475952,1
20.0,2002,0.9966492803424427,1.0,1,1.1354798463044062,0.002355403456594921,0.00727945426478982,1
20.0,2002,5.280506108858385,5.300000000000011,1,0.06530848354850605,9.171180177331428e-06,2.4257253244286403e-05,1
20.0,2002,14.320732797778284,14.400000000000006,1,5.5625374799153064,0.0854779977945348,0.14964409172534943,1
20.0,2002,6.03159435837579,6.099999999999994,1,23.64318605279641,1.6959535392488907,0.7607227563858032,1
20.0,2002,24.3077718960829,24.39999999999999,1,48.95621350779381,4.866568476413225,0.9316521286964417,1
20.0,2002,41.882837155152465,41.900000000000006,1,289.5603724044898,34.72199696143942,0.9979073405265808,1
20.0,2002,32.42579320042501,32.5,1,223.5892309351011,25.938300694143077,0.996495246887207,1
20.0,2002,11.085038189083608,11.199999999999989,1,0.1156852629083005,0.0001693712809252159,7.610899046994746e-05,1
20.0,2002,18.196743353083757,9.099999999999994,0,0.0,0.005143888891215082,nan,0
20.0,2002,3.298388124284891,3.299999999999983,1,9.672643778520978,0.3155696785503116,0.34730634093284607,1
20.0,2002,0.9465361840149629,1.0,1,3.2002864343762627,0.011012412379737126,0.05504307150840759,1
20.0,2002,2.6692537402887893,0.30000000000001137,0,0.0,6.946815051977533e-08,nan,0
20.0,2002,41.93075290911758,35.900000000000006,0,0.0,28.156744284789447,nan,0
20.0,2002,24.040686050323504,24.200000000000003,1,8.680698802826669,3.074063374911598,0.29999956488609314,1
20.0,2002,0.854593975254004,0.9000000000000057,1,0.8871607068864478,0.0011746356449131412,0.004456335213035345,1
20.0,2002,0.26639764817284733,0.30000000000001137,1,0.04924228606569159,2.0629646450057627e-06,1.3790607226837892e-05,1
20.0,2002,3.107723751769008,3.1999999999999886,1,0.08880983988547086,6.142520509748141e-05,4.485549288801849e-05,1
20.0,2002,0.1529225182004798,0.19999999999998863,1,0.056891111517927584,2.201360141749696e-06,1.8407457901048474e-05,1
20.0,2002,4.207600222031118,4.300000000000011,1,1.6735044002558652,0.01366384491764287,0.015678469091653824,1
20.0,2002,8.002444597486138,8.200000000000017,1,3.4410336160851784,0.1338983215937041,0.06309382617473602,1
20.0,2002,11.35653711065685,11.400000000000006,1,4.8509281436776455,0.5189103298579976,0.11803576350212097,1
20.0,2002,6.588967007000175,6.599999999999994,1,3.2196632900982456,0.18729425839559286,0.05567441135644913,1
20.0,2002,0.16929897155804055,0.19999999999998863,1,0.07008471735559851,3.553722284612169e-06,2.7934922400163487e-05,1
20.0,2002,2.396360998685037,2.4000000000000057,1,0.8884030103745317,0.002098139941048324,0.004468768835067749,1
20.0,2002,2.2499132204248107,2.3000000000000114,1,2.35442457112822,0.018190437729442635,0.030563417822122574,1
20.0,2002,0.30690615456664266,0.4000000000000057,1,0.22466937832683698,4.5661743815702846e-05,0.0002869961317628622,1
20.0,2002,1.3989161452484697,1.4000000000000057,1,0.040124614182559526,5.1035274222796954e-06,9.15652526600752e-06,1
20.0,2002,22.533160359405237,1.0,0,0.0,3.257502217930014e-05,nan,0
20.0,2002,3.923323785863409,4.0,1,7.54667585158586,0.25968277346585794,0.24466164410114288,1
20.0,2002,25.221018713977102,25.299999999999997,1,62.56979131506406,6.500800291902981,0.9570188522338867,1
20.0,2002,8.894173317856612,8.900000000000006,1,25.795538397015036,1.5842658907318667,0.790989339351654,1
20.0,2002,0.18653524495173007,0.19999999999998863,1,0.062063991118805006,2.56936883254169e-06,2.190699706261512e-05,1
20.0,2002,0.2181051491742836,0.39999999999997726,1,0.21708941380637725,4.253938149907744e-05,0.0002679624012671411,1
20.0,2002,0.1702154601280802,0.20000000000001705,1,1.215909933272087,0.00166596454745994,0.008338334038853645,1
20.0,2002,9.597985809537546,9.599999999999994,1,71.00912295660146,5.40025801573299,0.9663044214248657,1
20.0,2002,0.128300342326927,0.20000000000001705,1,0.07410346301810478,3.841369955856716e-06,3.123031638097018e-05,1
20.0,2002,0.6564739417741637,0.6999999999999886,1,0.02358361153159194,1.4217299442464524e-06,3.1632405352866044e-06,1
20.0,2002,30.540222151605974,30.599999999999994,1,60.05994298412877,17.83994187897559,0.9535219669342041,1
20.0,2002,0.7220188520189867,0.8000000000000114,1,0.017026954296966323,4.001839985187538e-07,1.6488691017002566e-06,1
20.0,2002,0.48564903534064924,0.5,1,0.23535215794305486,5.6165523559349204e-05,0.0003149289113935083,1
20.0,2002,28.934734724976206,12.599999999999994,0,0.0,0.016270567448208602,nan,0
20.0,2002,0.47318531700607913,0.5,1,0.3162632854075582,0.0001060230032303523,0.000568543269764632,1
20.0,2002,8.202301304028307,8.299999999999983,1,6.29308911854605,0.3316707103651928,0.18383170664310455,1
20.0,2002,0.1179597444980271,0.19999999999998863,1,0.011143825792601092,1.0774108895256175e-07,7.062870963636669e-07,1
20.0,2002,29.6802600764247,29.69999999999999,1,60.72431689243167,6.826141007140817,0.9544873833656311,1
20.0,2002,4.792155693371047,4.800000000000011,1,0.2919818516520536,0.0008398074603560503,0.0004846343072131276,1
20.0,2002,0.19883833715192809,0.20000000000001705,1,0.07783586748007565,4.197426194366118e-06,3.445541733526625e-05,1
20.0,2002,0.16703235062147884,0.20000000000001705,1,0.012018415861803078,8.215756796731096e-08,8.214990430133184e-07,1
20.0,2002,0.5029883058215446,0.6999999999999886,1,0.05701390276772145,6.031466398042047e-06,1.848700048867613e-05,1
20.0,2002,11.468752523338425,11.5,1,0.23771414320935946,0.0013606285290460025,0.00032127980375662446,1
20.0,2002,1.673415393004472,1.6999999999999886,1,1.0981144273455357,0.0028490868691212613,0.006811454426497221,1
20.0,2002,29.70762016405296,29.80000000000001,1,233.26067425845844,18.05853535548306,0.9967789053916931,1
20.0,2002,0.26085908348098863,0.4000000000000057,1,0.024445992233268043,1.0008475781451006e-06,3.398809440113837e-06,1
20.0,2002,18.877451220433286,18.900000000000006,1,44.28151287728315,4.544162962444273,0.9177098870277405,1
20.0,2002,3.7230316009750934,3.8000000000000114,1,0.11972808949303726,9.514875666680544e-05,8.152102964231744e-05,1
20.0,2002,9.79321347269084,9.800000000000011,1,58.21738566721854,3.8756729343216763,0.9506807327270508,1
20.0,2002,0.7335145150111034,0.799999999999983,1,0.6039069624965805,0.0005025126477173103,0.0020699179731309414,1
20.0,2002,0.6523122151089666,0.6999999999999886,1,0.07123023672556883,7.17524271703818e-06,2.8855538403149694e-05,1
20.0,2002,0.4490322870408835,0.5,1,0.12376134500937042,1.4088201304989848e-05,8.71054144226946e-05,1
20.0,2002,9.09696639351502,9.100000000000023,1,37.962358543434675,4.115751089953541,0.8912609219551086,1
20.0,2002,0.39571465467399763,0.4000000000000057,1,0.03176462851843098,1.5841971529365566e-06,5.738495019613765e-06,1
20.0,2002,0.2300623966852751,0.30000000000001137,1,0.02870025217168859,6.944283412885162e-07,4.684705800173106e-06,1
20.0,2002,0.5831276387716224,0.5999999999999943,1,1.4202111549080882,0.006670869693887581,0.01134136039763689,1
20.0,2002,43.23714069655915,42.2,0,0.0,25.279224715311134,5.258517194306478e-05,1
20.0,2002,41.8978152033996,35.8,0,0.0,5.847227316472029,9.754718560683884e-11,1
20.0,2002,39.67131212883596,30.599999999999994,0,0.0,9.783743484009072,2.9195450679253554e-07,1
20.0,2002,40.24003741044699,29.599999999999994,0,0.0,13.785071339876877,0.9633744359016418,1
20.0,2002,31.953993107156855,26.799999999999997,0,0.0,9.02902290618305,0.9979186654090881,1
20.0,2002,32.79052257459866,26.299999999999997,0,0.0,10.870922139826586,0.8110118508338928,1
20.0,2002,37.95731357167034,24.900000000000006,0,0.0,4.123679512025211,4.1868159314617515e-05,1
20.0,2002,30.265563029372355,23.900000000000006,0,0.0,7.805892730272703,0.9166955351829529,1
20.0,2002,39.63893424219063,23.900000000000006,0,0.0,9.137270641146173,0.0,1
20.0,2002,26.505727817942272,23.299999999999997,0,0.0,9.92613352828645,0.008460605517029762,1
20.0,2002,30.406931883724564,23.200000000000003,0,0.0,6.613602991338573,0.0,1
20.0,2002,28.556462136929497,22.900000000000006,0,0.0,9.423618103151908,5.716547010471652e-15,1
20.0,2002,25.411763144855236,22.0,0,0.0,17.9832165039736,0.07239340245723724,1
20.0,2002,33.45103416089046,21.19999999999999,0,0.0,10.80798835004901,0.0,1
20.0,2002,22.095174056455274,21.0,0,0.0,11.079071978875483,0.0,1
20.0,2002,33.42271557402683,19.599999999999994,0,0.0,1.9493678168558446,0.006938047707080841,1
20.0,2002,20.798477121875084,18.80000000000001,0,0.0,7.349154191000984,0.0,1
20.0,2002,26.673140185179165,18.0,0,0.0,5.4530255946651485,0.358090877532959,1
20.0,2002,26.878331355961325,17.80000000000001,0,0.0,1.6463978398110672,0.0,1
20.0,2002,27.36345235759315,17.400000000000006,0,0.0,0.7926970505682611,0.004089483059942722,1
20.0,2002,21.040933271368235,17.099999999999994,0,0.0,0.004159800769075481,0.00014741190534550697,1
20.0,2002,24.654238262980794,15.599999999999994,0,0.0,10.586329457964109,0.002584619214758277,1
20.0,2002,40.75266556463663,15.099999999999994,0,0.0,11.041631770541361,0.0,1
20.0,2002,18.522367626926503,15.099999999999994,0,0.0,10.364838744503405,0.0,1
20.0,2002,32.016473735084865,15.0,0,0.0,3.25137260190607,0.1371762752532959,1
20.0,2002,26.349108338984035,13.5,0,0.0,7.285177157567548,0.032645631581544876,1
20.0,2002,37.964516902590375,13.099999999999994,0,0.0,7.569820755733106,0.3801368474960327,1
20.0,2002,37.56589746755438,12.699999999999989,0,0.0,0.0016269512924820284,7.348996966527466e-10,1
20.0,2002,12.482463915973373,12.5,0,0.0,0.0047902639027283846,5.655133605841911e-08,1
20.0,2002,20.367063985424323,11.199999999999989,0,0.0,0.13024448758445795,0.0,1
20.0,2002,29.844418241533916,11.099999999999994,0,0.0,8.636195031535996,0.002270636148750782,1
20.0,2002,43.98543535705008,11.0,0,0.0,0.3869865616493877,1.5903956262700155e-15,1
20.0,2002,14.384545035820654,10.199999999999989,0,0.0,0.0,0.0,1
20.0,2002,13.295965316248346,10.099999999999994,0,0.0,0.07161484312765451,0.0,1
20.0,2002,13.451664845400993,9.800000000000011,0,0.0,2.83265166755057,7.574041228508577e-05,1
20.0,2002,39.34343479929252,9.699999999999989,0,0.0,5.381435043570977,0.0009359157993458211,1
20.0,2002,28.75744746436141,9.400000000000006,0,0.0,0.0005016584677338903,3.8537643831659807e-07,1
20.0,2002,15.7872215683365,8.900000000000006,0,0.0,0.009522228891282949,3.8064325725683384e-14,1
20.0,2002,34.52158237738479,8.900000000000006,0,0.0,0.011331349728015359,2.0579182091751136e-05,1
20.0,2002,35.194235416509024,8.599999999999994,0,0.0,0.005280017724864312,0.011321109719574451,1
20.0,2002,9.68429733520383,8.5,0,0.0,5.066694451455451,0.0021025831811130047,1
20.0,2002,13.093615446760147,8.300000000000011,0,0.0,0.03003228512219415,4.6906231611527904e-14,1
20.0,2002,24.040646761956605,8.199999999999989,0,0.0,0.39677077620249457,0.1826406866312027,1
20.0,2002,35.78431923656659,7.900000000000006,0,0.0,0.6853931673410008,7.697316561916523e-08,1
20.0,2002,10.343991831882665,7.699999999999989,0,0.0,0.0005476500151122469,0.9662207961082458,1
20.0,2002,42.87687022357216,7.599999999999994,0,0.0,1.9237345787728537,0.00013490993296727538,1
20.0,2002,19.80856260247915,7.300000000000011,0,0.0,1.038295819525553,6.839660272817127e-06,1
20.0,2002,27.122144751045457,6.199999999999989,0,0.0,0.11874739703717213,0.005234100390225649,1
20.0,2002,11.957576975176924,5.800000000000011,0,0.0,0.9348651921679519,0.004161519929766655,1
20.0,2002,6.891089414184485,5.699999999999989,0,0.0,1.9323171475144632,0.015316827222704887,1
20.0,2002,9.814600528718085,5.400000000000006,0,0.0,0.6373127621381097,0.09257102757692337,1
20.0,2002,37.613999333492,5.199999999999989,0,0.0,1.8133198886462032,0.024061530828475952,1
20.0,2002,16.304699617593844,5.199999999999989,0,0.0,0.07177569142132645,0.00727945426478982,1
20.0,2002,14.063094138431456,4.699999999999989,0,0.0,0.0006826580269916102,0.9316521286964417,1
20.0,2002,7.647349268085755,4.5,0,0.0,0.002414544651808804,0.996495246887207,1
20.0,2002,26.11470488653978,4.300000000000011,0,0.0,0.0009839427286167251,0.05504307150840759,1
20.0,2002,5.8414461659283115,3.9000000000000057,0,0.0,0.07793795988668513,1.3790607226837892e-05,1
20.0,2002,10.707013154857165,3.8000000000000114,0,0.0,0.00010408558645596372,4.485549288801849e-05,1
20.0,2002,28.580225551265606,3.6999999999999886,0,0.0,0.28626250833805456,1.8407457901048474e-05,1
20.0,2002,6.701375432360499,2.6999999999999886,0,0.0,0.03632379653443926,0.0,1
20.0,2002,2.2530652299527603,2.5999999999999943,0,0.0,0.0036291731454759137,0.030563417822122574,1
20.0,2002,13.184038278189924,2.4000000000000057,0,0.0,0.008292572235908869,0.24466164410114288,1
20.0,2002,21.422574281529315,2.3000000000000114,0,0.0,6.897140827613987e-05,0.9570188522338867,1
20.0,2002,18.3055390817833,2.3000000000000114,0,0.0,0.045273712710371374,0.790989339351654,1
20.0,2002,2.7989381576584464,2.0999999999999943,0,0.0,1.116420701833064e-05,0.008338334038853645,1
20.0,2002,3.2878912567099423,2.0,0,0.0,0.000495560315757583,0.9663044214248657,1
20.0,2002,23.31567204086358,1.9000000000000057,0,0.0,0.00010769714747654898,3.1632405352866044e-06,1
20.0,2002,1.5091838008627487,1.5999999999999943,0,0.0,0.009789918540712768,0.0003149289113935083,1
20.0,2002,38.75474588413513,1.3000000000000114,0,0.0,8.605203813915865e-07,7.062870963636669e-07,1
20.0,2002,10.036699458277853,1.1999999999999886,0,0.0,3.6018834755240784e-06,0.9544873833656311,1
20.0,2002,2.060713653894989,0.9000000000000057,0,0.0,1.8693485678998632e-06,1.848700048867613e-05,1
20.0,2002,0.9865892503011034,0.8000000000000114,0,0.0,4.4588628771523013e-07,0.00032127980375662446,1
20.0,2002,0.6961406610512118,0.5999999999999943,0,0.0,2.9177707597619885e-06,0.9967789053916931,1
20.0,2002,38.373973150026906,0.5,0,0.0,0.0002779010203758392,0.9177098870277405,1
20.0,2002,0.8569074307895607,0.5,0,0.0,6.112385393206214e-07,8.152102964231744e-05,1
20.0,2002,0.7330344775778135,0.4000000000000057,0,0.0,0.004114442012327621,0.0,1
20.0,2002,10.511615166045598,0.19999999999998863,0,0.0,1.0240482099221764e-07,2.8855538403149694e-05,1
20.0,2002,11.669837893618551,0.19999999999998863,0,0.0,3.7996712465544143e-06,0.0020699179731309414,1
20.0,2002,12.120814524335609,0.19999999999998863,0,0.0,4.865606537055533e-07,8.71054144226946e-05,1
20.0,2002,5.917553509688937,0.1,0,0.0,6.690666826626678e-08,5.738495019613765e-06,1
20.0,2002,0.8382058146025949,0.1,0,0.0,2.6874787329145023e-12,0.8912609219551086,1
35.0,2001,0.139022780556674,0.20000000000000284,1,0.019660961241811492,2.412079310767676e-07,2.198474703618558e-06,1
35.0,2001,0.14149304028994464,0.20000000000000284,1,0.06188520231592065,2.387137129073141e-06,2.1780964743811637e-05,1
35.0,2001,0.17850541088885497,0.20000000000000284,1,0.010970364881870864,7.046508700689016e-08,6.844705922048888e-07,1
35.0,2001,0.19429599309631768,0.20000000000000284,1,0.013024791799921331,1.0585333705885785e-07,9.648373406889732e-07,1
35.0,2001,0.16150265428747157,0.20000000000000284,1,0.003419392038836122,9.883442553905776e-09,6.649832329230776e-08,1
35.0,2001,0.1057113249319171,0.20000000000000284,1,0.01146559548243431,9.208070692286718e-08,7.476629662050982e-07,1
35.0,2001,0.1149305749710127,0.20000000000000284,1,0.00911039501158939,6.77820758306867e-08,4.72049094923932e-07,1
35.0,2001,0.12091360171698526,0.20000000000000284,1,0.022561660101587222,3.277542121684432e-07,2.8950348678336013e-06,1
35.0,2001,0.25843759174593817,0.29999999999999716,1,0.0,9.188472878505038e-31,0.0,1
35.0,2001,0.20329855268219887,0.29999999999999716,1,0.0054304713320334486,2.9656438199529435e-08,1.6772118272001535e-07,1
35.0,2001,0.2187761961030923,0.29999999999999716,1,2.3212948008222156e-06,3.972173744098806e-15,3.064598406857591e-14,1
35.0,2001,0.1744266861754926,0.29999999999999716,1,0.03407784610425324,1.15871021739784e-06,6.604719146707794e-06,1
35.0,2001,0.28827482013636024,0.29999999999999716,1,0.003708375774806427,1.0096034528169853e-07,7.821326164503262e-08,1
35.0,2001,0.2892256281973772,0.29999999999999716,1,0.019491157430593375,3.6764370737125775e-07,2.160664280381752e-06,1
35.0,2001,0.2927849544854878,0.29999999999999716,1,0.012662344612181187,1.3559088604167793e-07,9.118865591517533e-07,1
35.0,2001,0.38369420780914304,0.3999999999999986,1,0.0036839243169310976,5.247227904050492e-08,7.71852484149349e-08,1
35.0,2001,0.36845042369921327,0.3999999999999986,1,0.0034436254273941813,3.057889320826349e-08,6.744421909843368e-08,1
35.0,2001,0.37657499823848944,0.3999999999999986,1,0.09556899209243852,7.021440924782582e-06,5.194268669583835e-05,1
35.0,2001,0.43603780021224786,0.5,1,0.013640178471860054,2.0887846590801272e-07,1.0581630931483232e-06,1
35.0,2001,0.4902521532560732,0.5,1,0.0006854168073004985,1.5567248958437581e-09,2.6719138013220345e-09,1
35.0,2001,0.47312197206734574,0.5,1,0.017981913493201773,3.2681388551419935e-07,1.8390094282949576e-06,1
35.0,2001,0.4648813416269097,0.5,1,0.008361785836996205,6.480769543490116e-08,3.9765905057720374e-07,1
35.0,2001,0.41629306445820685,0.5,1,0.004282154130976323,1.324236529300185e-07,1.0428875896195677e-07,1
35.0,2001,0.45500962097266484,0.5,1,0.02790272547326822,1.017975772367407e-06,4.427965905051678e-06,1
35.0,2001,0.534749292633043,0.6000000000000014,1,0.0289002152322837,1.126266764436214e-06,4.750212610815652e-06,1
35.0,2001,0.625329119777947,0.7000000000000028,1,0.011849642077095268,1.570589942265466e-07,7.985885304151452e-07,1
35.0,2001,0.6966971773061295,0.7000000000000028,1,0.21560913871894627,5.6419810568960507e-05,0.00026432148297317326,1
35.0,2001,0.785523915111347,0.7999999999999972,1,0.003845626041140804,2.021317424578885e-08,8.410987817342175e-08,1
35.0,2001,0.7024286929268958,0.7999999999999972,1,8.526512829121202e-14,2.2052334908412088e-29,4.1348127013789834e-29,1
35.0,2001,0.13224556942361443,0.29999999999999716,1,0.03569470247234108,7.676465539037036e-07,7.246317181852646e-06,1
35.0,2001,0.7277453504429846,0.8999999999999986,1,0.027880802654181025,1.6870063508742228e-06,4.421010999067221e-06,1
35.0,2001,0.4097257555693887,0.5,1,0.018563726816267945,3.674886527930377e-07,1.9599385723267915e-06,1
35.0,2001,0.2095255437873175,0.29999999999999716,1,0.002635280957406394,5.5012822725422745e-09,3.9497244586073066e-08,1
35.0,2001,0.6420407214780917,0.7000000000000028,1,0.6244920007338806,0.00048708312410206936,0.00221311766654253,1
35.0,2001,0.5115072037917601,0.6000000000000014,1,6.2608302187072695e-06,4.812592580794095e-14,2.2293426057019144e-13,1
35.0,2001,1.0815949535654288,1.1000000000000014,1,0.02374812901854284,9.485245914559901e-07,3.20752724292106e-06,1
35.0,2001,0.16168455796059042,0.20000000000000284,1,5.684341886080802e-14,3.675389151402015e-30,1.837694517228073e-29,1
35.0,2001,0.9581121187726525,1.1000000000000014,1,0.1922927379134194,6.171045000754405e-05,0.00021025551541242748,1
35.0,2001,0.23360509395367232,0.5,1,0.056165387971560676,4.329990584875998e-06,1.7940836187335663e-05,1
35.0,2001,1.167980767200442,1.2000000000000028,1,0.05397437742874445,2.1144832055319314e-05,1.656841777730733e-05,1
35.0,2001,1.1789783745639626,1.2000000000000028,1,0.167564507712882,8.157223993959315e-05,0.00015966423961799592,1
35.0,2001,0.8987319488436278,1.2000000000000028,1,0.022440716236474145,5.916651690763364e-07,2.8640799882850843e-06,1
35.0,2001,0.7341975855850267,0.9000000000000057,1,0.035677172906503074,2.0041601392525058e-06,7.239201750053326e-06,1
35.0,2001,1.2027902068971683,1.2999999999999972,1,0.0015373888172121042,4.763897023686072e-09,1.3442510216066239e-08,1
35.0,2001,0.20749034352818724,0.29999999999999716,1,0.017720758986229157,2.9276648093316607e-07,1.7859808849607361e-06,1
35.0,2001,1.3307179701914333,1.3999999999999986,1,0.018681765700193864,2.7711395148305976e-06,1.984942400667933e-06,1
35.0,2001,1.3635491868289369,1.3999999999999986,1,0.5844912175000445,0.0006816812017015968,0.001939214882440865,1
35.0,2001,1.305319850754025,1.3999999999999986,1,0.09051558514414637,1.3124140417682048e-05,4.6595014282502234e-05,1
35.0,2001,0.9238923984996852,1.0,1,0.03316615449693927,3.164517736325777e-06,6.256053893594071e-06,1
35.0,2001,1.3635289434659401,1.3999999999999986,1,0.8225945134155892,0.001391565420268091,0.0038336850702762604,1
35.0,2001,0.7430965083879782,0.7999999999999972,1,0.010252279476276271,2.5108647878913103e-07,5.977967703074683e-07,1
35.0,2001,0.10941855946397488,0.20000000000000284,1,0.007618151054344935,3.845517425248262e-08,3.3007449928845745e-07,1
35.0,2001,0.31515246423043514,0.3999999999999986,1,0.026734912767722108,6.851132395973603e-07,4.065076609549578e-06,1
35.0,2001,0.2565305475355589,0.30000000000000426,1,0.011906863653052824,9.274304427614824e-08,8.063198606578226e-07,1
35.0,2001,0.9237560309630247,1.0,1,0.03904557317426338,3.502469077419607e-06,8.67067228682572e-06,1
35.0,2001,0.27922913943518096,0.30000000000000426,1,5.9962814304981293e-05,2.9230269790909556e-12,2.0449230850316802e-11,1
35.0,2001,0.11454694219417072,0.20000000000000284,1,0.011990109224370826,2.2730394459127997e-07,8.176338610610401e-07,1
35.0,2001,1.746845730691129,1.7999999999999972,1,0.13451099957578094,5.536072944012611e-05,0.0001028925325954333,1
35.0,2001,1.459536773132887,1.5,1,0.007066420399837625,8.337036284828584e-07,2.8399571760928666e-07,1
35.0,2001,0.25286616938869133,0.29999999999999716,1,1.1155413082470602,0.0021304900001927647,0.007027831394225359,1
35.0,2001,0.15114437619132973,0.19999999999999574,1,0.009212686751823185,6.16535741986621e-08,4.827089696846087e-07,1
35.0,2001,2.0337529308015405,2.1000000000000014,1,0.07405636977705399,1.682355700448726e-05,3.119063694612123e-05,1
35.0,2001,0.3070627020167156,0.4000000000000057,1,6.197820977149604e-05,3.672715642951508e-12,2.184696000495645e-11,1
35.0,2001,0.33965911402402515,0.4000000000000057,1,0.038305103866207446,1.4255496400749324e-06,8.34492857393343e-06,1
35.0,2001,2.314007495832209,2.3999999999999986,1,3.838774438236214e-05,5.947455357136428e-12,8.381044122596215e-12,1
35.0,2001,0.7938554786929709,0.7999999999999972,1,0.0887343054774874,1.5700606171708357e-05,4.4779229938285425e-05,1
35.0,2001,0.885298348304085,0.8999999999999986,1,0.05386801584310774,7.56457568168679e-06,1.6503183360327967e-05,1
35.0,2001,2.407017225086987,2.5,1,0.0,0.0,0.0,1
35.0,2001,2.4823703102953782,2.5,1,1.8354469230587256,0.011599632637589511,0.01879984326660633,1
35.0,2001,2.562341676046039,2.6000000000000014,1,0.30794131608030284,0.0003603725034166053,0.0005390322185121477,1
35.0,2001,2.2241762422069438,2.3000000000000043,1,0.11772586562116771,9.643913277703622e-05,7.881747296778485e-05,1
35.0,2001,2.3351622082566452,2.4000000000000057,1,0.0527304137608553,1.5327215514962702e-05,1.581351534696296e-05,1
35.0,2001,1.4170513610737723,1.5,1,0.019733515885661745,9.327764170450238e-07,2.214730784544372e-06,1
35.0,2001,2.726536158126684,2.799999999999997,1,0.0009202464271425015,3.6372665973190075e-09,4.816385512640409e-09,1
35.0,2001,2.703670097290856,2.799999999999997,1,0.19770055386936747,0.00011101124655247781,0.00022224510030355304,1
35.0,2001,0.13030772037217533,0.19999999999999574,1,0.0,0.0,0.0,1
35.0,2001,2.6650739351092176,2.700000000000003,1,0.32771170439303887,0.0002821337355668428,0.0006104240892454982,1
35.0,2001,0.27483421292718674,0.29999999999999716,1,0.002304371982631892,4.439321433263569e-09,3.020077699034118e-08,1
35.0,2001,3.1349948203776004,3.200000000000003,1,0.22916928728636776,0.00029432237520478116,0.00029860431095585227,1
35.0,2001,3.119961175460216,3.200000000000003,1,0.16082681479275607,0.00014440851043416727,0.00014708419621456414,1
35.0,2001,1.8663400627742772,1.8999999999999986,1,0.06947550303846128,2.459176543302181e-05,2.745139499893412e-05,1
35.0,2001,0.30665783452265394,0.3999999999999986,1,0.017569980285713882,2.343674652633254e-07,1.7557179035065928e-06,1
35.0,2001,3.367020309554858,3.3999999999999986,1,0.14157282562996443,0.00010351859305468045,0.00011397858179407194,1
35.0,2001,2.1412207081745045,2.1999999999999957,1,0.12692767335107646,6.469339621998048e-05,9.161905472865328e-05,1
35.0,2001,0.15948443682493788,0.20000000000000284,1,1.1298248166285703,0.001444599504291614,0.007207648362964392,1
35.0,2001,1.6565815760292273,1.7000000000000028,1,0.8458749666664005,0.007864036481927286,0.004052859731018543,1
35.0,2001,0.34479603700013345,0.4000000000000057,1,0.2631720706777685,7.054953311020277e-05,0.00039375084452331066,1
35.0,2001,0.22796431763799585,0.30000000000000426,1,0.02860994226944058,8.036187590557925e-07,4.655270004150225e-06,1
35.0,2001,0.177123625072161,0.20000000000000284,1,0.013016422003488515,1.4789692237578225e-07,9.635976994104567e-07,1
35.0,2001,3.0916747847307553,3.1999999999999957,1,0.11283637388208945,5.314937602770971e-05,7.24068668205291e-05,1
35.0,2001,3.806690646557224,3.8999999999999986,1,0.0,0.0,0.0,1
35.0,2001,3.4790726926406745,3.5,1,0.010378163651012073,9.13017286428557e-06,6.12567191637936e-07,1
35.0,2001,0.5961876814763091,0.6000000000000014,1,0.07750701141537775,7.152614146747224e-06,3.416489562368952e-05,1
35.0,2001,1.4424950983207956,1.5,1,0.11212070471066227,5.416017844681098e-05,7.149135490180925e-05,1
35.0,2001,0.18831177685393652,0.20000000000000284,1,0.0066942016715074715,2.842021859768022e-08,2.5486514232397894e-07,1
35.0,2001,3.653077819757712,3.6999999999999957,1,1.2426719572460456,0.008176991132586143,0.00870619434863329,1
35.0,2001,4.182805532339885,4.200000000000003,1,0.2540681619377665,0.0005887644562056578,0.00036698984331451356,1
35.0,2001,2.133806621101496,2.200000000000003,1,0.11566771568016065,5.551726041357224e-05,7.608590385643765e-05,1
35.0,2001,0.23440700312562116,0.29999999999999716,1,0.012663276584589767,2.0115282901941226e-07,9.120208233071025e-07,1
35.0,2001,0.46321278407466104,0.5,1,0.06713136846622092,6.2309201950229915e-06,2.5630248273955658e-05,1
35.0,2001,4.321025964341481,4.400000000000006,1,0.01955469734889448,3.1691769431182225e-06,2.174774408558733e-06,1
35.0,2001,3.0288893963136143,3.1000000000000085,1,0.5779489938801987,0.0006519971677685858,0.0018961282912641764,1
35.0,2001,1.439153427126132,1.7000000000000028,1,0.053611868584653166,7.050383785095291e-06,1.6346612028428353e-05,1
35.0,2001,0.9843169260143418,0.9999999999999929,1,0.03135765358950948,2.7613120615458773e-06,5.592392426478909e-06,1
35.0,2001,0.5078912968028503,0.5999999999999943,1,0.060688541052172695,3.7465515309678207e-06,2.094677802233491e-05,1
35.0,2001,0.45883586098335294,0.5,1,0.051718035299188614,3.675148145199869e-06,1.5212141988740768e-05,1
35.0,2001,2.648321256788748,2.700000000000003,1,0.16173428529862122,0.00010780567079159199,0.00014874848420731723,1
35.0,2001,0.4401017865650836,0.5,1,0.03917323508176196,1.5920239154217807e-06,8.727463864488527e-06,1
35.0,2001,4.992536092061022,5.0,1,0.04433947029713181,2.6808303405217852e-05,1.1181217814737465e-05,1
35.0,2001,2.1668271491240425,2.200000000000003,1,0.009825604707771163,3.3325031736789545e-07,5.49074513855885e-07,1
35.0,2001,1.811839311780516,1.8999999999999986,1,0.16770753887811907,5.489583816876907e-05,0.00015993689885362983,1
35.0,2001,2.46174051886872,2.5999999999999943,1,0.2925303780863828,0.00021293888030727307,0.00048645600327290595,1
35.0,2001,1.139287155725648,1.2999999999999972,1,0.06258311662395499,3.5048840108168908e-06,2.227499680884648e-05,1
35.0,2001,0.2905732215983858,0.29999999999999716,1,0.01868111409839912,6.934018347748317e-07,1.984803930099588e-06,1
35.0,2001,3.2267966340912726,3.3000000000000043,1,1.139912355579753,0.012659825726381876,0.007335980422794819,1
35.0,2001,1.2462896331718463,1.4000000000000057,1,1.0625127225507356,0.007727169587815235,0.006379720754921436,1
35.0,2001,5.367858393162208,5.400000000000006,1,22.665514118312956,1.4277890249620544,0.7450122237205505,1
35.0,2001,4.289470280846539,4.300000000000004,1,17.019658964938742,0.8791214086962529,0.6222793459892273,1
35.0,2001,1.5636403076669778,1.6000000000000085,1,1.2100610226275421,0.010206559319322888,0.008258967660367489,1
35.0,2001,0.6500585306827684,0.7000000000000028,1,0.11127347125813003,1.8335126286632993e-05,7.041507342364639e-05,1
35.0,2001,2.7105467685565174,2.799999999999997,1,0.22932286977544436,0.00022423663103872355,0.00029900454683229327,1
35.0,2001,0.20488494597488785,0.29999999999999716,1,2.842170943040401e-14,9.188472878505038e-31,4.5942362930701824e-30,1
35.0,2001,0.1011859289427218,0.20000000000000284,1,0.007396938868481584,3.111837254090257e-08,3.111837258984451e-07,1
35.0,2001,2.0178339957153137,2.0999999999999943,1,0.5192044082201335,0.0007619777885441953,0.0015308208530768752,1
35.0,2001,5.603976797498814,5.700000000000003,1,1.6654042465624457,0.027945860281976095,0.015529412776231766,1
35.0,2001,0.1689708902914556,0.20000000000000284,1,0.08041596035099019,4.651801278699735e-06,3.677743734442629e-05,1
35.0,2001,3.6838242786178443,3.700000000000003,1,0.111671413636941,0.00011706752305411594,7.091958104865626e-05,1
35.0,2001,0.10418983427139203,0.20000000000000284,1,0.08340363012302987,4.856767758520781e-06,3.956085492973216e-05,1
35.0,2001,1.1422714997546461,1.2000000000000028,1,0.0922494366848241,2.27747545112114e-05,4.839710527448915e-05,1
35.0,2001,0.22828632244365935,0.30000000000001137,1,2.842170943040401e-14,1.3782709317757557e-30,4.5942362930701824e-30,1
35.0,2001,5.192673665930952,5.200000000000003,1,0.10082369587519224,6.682870055427715e-05,5.781134314020164e-05,1
35.0,2001,0.9233581107346358,1.0,1,1.1256592509037944,0.007218234908006503,0.007154977880418301,1
35.0,2001,0.10808876448984646,0.20000000000000284,1,0.06371003425795152,3.158099952444473e-06,2.3084399799699895e-05,1
35.0,2001,0.363478656923076,0.4000000000000057,1,0.01840925722819975,2.5736238909240463e-07,1.927456878547673e-06,1
35.0,2001,6.1222359487569715,6.200000000000003,1,1.0370398250894368,0.010811260701475273,0.006079327780753374,1
35.0,2001,4.119397722831665,4.200000000000003,1,0.5214299408760326,0.0017850001526022027,0.001543952152132988,1
35.0,2001,3.521838306379051,3.6000000000000014,1,0.027202084266093607,8.255331258107744e-05,4.208385234960588e-06,1
35.0,2001,0.6148574267580961,0.7000000000000028,1,0.08326530680005817,1.2946825815034964e-05,3.942974944948219e-05,1
35.0,2001,0.41898028751817384,0.5,1,0.08287485864184418,1.43261802312329e-05,3.906084020854905e-05,1
35.0,2001,0.7067874157273865,0.8000000000000114,1,0.8759155290208298,0.0035242063267558483,0.004344566725194454,1
35.0,2001,6.402808348877973,6.5,1,11.4208497994139,0.9671392222307678,0.42589420080184937,1
35.0,2001,0.10216046063860418,0.20000000000000284,1,0.010026599880745835,5.733167936227835e-08,5.71768282497942e-07,1
35.0,2001,2.234568877453799,2.299999999999997,1,3.94148316467664,0.039982089355457565,0.08118235319852829,1
35.0,2001,0.23744398019902999,0.29999999999999716,1,0.03332703564529993,1.1476715231964318e-06,6.31689408692182e-06,1
35.0,2001,0.16245828707999324,0.20000000000000284,1,0.0058913390350880945,4.5771380838093397e-08,1.973971563984378e-07,1
35.0,2001,20.754560958985135,6.200000000000003,0,0.0,0.00011605579770731935,nan,0
35.0,2001,7.0495962102488665,7.099999999999994,1,1.0168557891839214,0.00217493099334631,0.005846355110406876,1
35.0,2001,4.594206207630895,4.599999999999994,1,0.0,0.0,0.0,1
35.0,2001,3.1399272459484195,3.1999999999999957,1,4.101384101774443,0.04973857698505108,0.08731608092784882,1
35.0,2001,5.81002772733573,6.0,1,2.4196274591832605,0.03710047214488664,0.0322243832051754,1
35.0,2001,1.2983308844437285,1.3000000000000114,1,1.0086806353560291,0.002126408309678117,0.005753266625106335,1
35.0,2001,2.8708107497776547,2.9000000000000057,1,0.03537654476087937,5.586939265575619e-06,7.117716450011358e-06,1
35.0,2001,0.14954935259081684,0.20000000000000284,1,0.06595280590960328,2.7497304645973942e-06,2.4738237698329613e-05,1
35.0,2001,1.9323860641743784,2.0,1,1.2187756577793039,0.002390509394059912,0.00837735552340746,1
35.0,2001,1.8971881486296684,1.8999999999999915,1,0.3573901387387366,0.0004114271542433186,0.0007259098929353058,1
35.0,2001,1.4069198431326542,1.5,1,0.007217015117475967,2.806699650447628e-07,2.962293308428343e-07,1
35.0,2001,1.5214881993485951,1.6000000000000085,1,0.016411856129707303,1.5956596690079561e-06,1.5318903479055734e-06,1
35.0,2001,0.24822124532649012,0.29999999999999716,1,0.8825107682287694,0.0013342423094969919,0.004409948363900185,1
35.0,2001,7.418063049023054,7.5,1,9.62726782298546,0.8529489741042632,0.3451775908470154,1
35.0,2001,7.8219051046217745,7.900000000000006,1,19.60886318259537,1.879545906327088,0.6862099170684814,1
35.0,2001,7.517175755026101,7.6000000000000085,1,0.17784808884550785,0.0005591464243749969,0.00017985944577958435,1
35.0,2001,2.6494417403861674,2.700000000000003,1,1.498799205145474,0.011814934600430226,0.01261497475206852,1
35.0,2001,0.11991800298852597,0.5999999999999943,1,0.910121815071733,0.003047119476369913,0.0046888985671103,1
35.0,2001,2.8539142067115844,2.8999999999999915,1,1.1772544480329543,0.006707686675283724,0.007820667698979378,1
35.0,2001,2.725945240542831,2.9000000000000057,1,0.18683874403865275,0.00012364066501696375,0.0001985000417334959,1
35.0,2001,3.223646528810143,3.299999999999997,1,0.30188050778713205,0.0005768192576092426,0.0005180337466299534,1
35.0,2001,7.7333080107943655,7.800000000000004,1,3.2036397419294307,0.3030238088625578,0.05515211820602417,1
35.0,2001,7.047737169941466,7.1000000000000085,1,34.31918323568575,1.6063219820700825,0.8701069951057434,1
35.0,2001,6.0433291552485,6.1000000000000085,1,0.0019604398870001205,3.9686523724772126e-08,2.1858483023606823e-08,1
35.0,2001,2.413892764576728,2.5,1,0.009731047082482291,2.0310243920449314e-06,5.385572308114206e-07,1
35.0,2001,0.12408969196898721,0.20000000000000284,1,0.01906941328181233,2.926549748254867e-07,2.0681723071902525e-06,1
35.0,2001,2.259838348096601,2.299999999999997,1,0.14958815386518154,7.813224367616366e-05,0.000127248335047625,1
35.0,2001,0.6824665535429092,0.6999999999999886,1,0.0016169945595834179,3.420882191167273e-09,1.4870654041487796e-08,1
35.0,2001,3.5272966269012342,3.6000000000000085,1,0.03579833151684397,8.83882984537817e-06,7.288453161891084e-06,1
35.0,2001,0.15346878219555432,0.20000000000000284,1,0.013776880700334004,2.3106742068033586e-07,1.0794791478474508e-06,1
35.0,2001,8.734070838118479,8.799999999999997,1,0.5169254338028964,0.004428776176945848,0.0015174320433288813,1
35.0,2001,1.5297308133734338,1.5999999999999943,1,3.4855882180669937,0.027190369480051383,0.06463200598955154,1
35.0,2001,0.2179219435034231,0.29999999999999716,1,0.6404488567576152,0.000698153295227615,0.0023273939732462168,1
35.0,2001,4.70840357017565,4.800000000000011,1,8.614375782921172,0.2935085545006085,0.2967882454395294,1
35.0,2001,0.11181680274126424,0.20000000000000284,1,0.005761379418459001,2.203740330712823e-08,1.8878428420521232e-07,1
35.0,2001,0.682946686409944,0.7000000000000028,1,0.05422426810440584,1.637186564817521e-05,1.6722187865525484e-05,1
35.0,2001,6.909555077363975,5.699999999999996,0,0.0,0.00033613179987309705,nan,0
35.0,2001,8.985118211943787,9.0,1,0.8156810766604394,0.008160298862277982,0.003769757691770792,1
35.0,2001,8.535881660380046,8.600000000000001,1,10.081197480740684,1.079068002459839,0.36629143357276917,1
35.0,2001,0.2983798992265769,0.5,1,0.042449794323147216,2.2404206134961617e-06,1.0248485523334239e-05,1
35.0,2001,6.481012187138785,6.500000000000007,1,0.0,0.0,0.0,1
35.0,2001,1.6884906196440106,1.7000000000000028,1,2.7474706552831094,0.0176035480656793,0.04116453230381012,1
35.0,2001,5.325073089226742,5.400000000000006,1,2.193628673018395,0.046376152975336225,0.026638712733983994,1
35.0,2001,1.7613457613348031,1.7999999999999972,1,0.42337004470073225,0.000225756281966049,0.0010183820268139243,1
35.0,2001,0.4054603641148985,0.5,1,0.03394551799561896,1.6226652846127114e-06,6.553525508934399e-06,1
35.0,2001,3.7586738431925,3.799999999999997,1,0.19780963438961408,0.00026737828301771677,0.00022249035828281194,1
35.0,2001,1.544833245694335,1.6000000000000085,1,0.24686852327150177,0.0001540747301665194,0.00034649253939278424,1
35.0,2001,0.1466758959215079,0.20000000000000284,1,0.0,0.0,0.0,1
35.0,2001,3.0983170607864565,3.299999999999997,1,0.3643529514745012,0.0003183519563240144,0.0007544487598352134,1
35.0,2001,0.7828790135795469,0.7999999999999972,1,0.5082058388000519,0.0003645046634263041,0.0014667456271126866,1
35.0,2001,0.1124913917044124,0.20000000000000284,1,0.030871698452472174,5.433767739506354e-07,5.420403795142192e-06,1
35.0,2001,5.819720685530767,5.900000000000006,1,0.0,0.0,0.0,1
35.0,2001,0.26436615424927584,0.30000000000001137,1,0.15973476095703631,2.2136620956479384e-05,0.00014509378524962813,1
35.0,2001,0.19524648294684652,0.20000000000000284,1,0.009816478347488555,6.177756571697818e-08,5.480549702951976e-07,1
35.0,2001,0.5968362069770042,0.5999999999999943,1,0.024372159280119376,8.793523930432368e-07,3.3783101116569014e-06,1
35.0,2001,0.16561359212347174,0.7999999999999972,1,0.9980864827535356,0.003767544563933113,0.005633725319057703,1
35.0,2001,10.143967440448332,10.200000000000003,1,49.310711183966646,3.762441087848522,0.9325652718544006,1
35.0,2001,1.2706151040018567,1.2999999999999972,1,0.0237376311934554,2.530249579564084e-06,3.2046921205619583e-06,1
35.0,2001,0.40170350715381414,0.5,1,0.0,0.0,0.0,1
35.0,2001,0.36567479366729394,0.3999999999999915,1,0.07334035027383834,6.088132966243051e-06,3.059043228859082e-05,1
35.0,2001,0.38977420069617874,0.3999999999999915,1,0.16883345029145858,2.628756504423486e-05,0.0001620912371436134,1
35.0,2001,10.394416580908558,10.400000000000006,1,26.19873664994151,3.4742576061853017,0.7960712909698486,1
35.0,2001,9.34433175245004,9.400000000000006,1,5.046138224517989,0.25769305554901817,0.1265009194612503,1
35.0,2001,3.6154268661326063,3.799999999999997,1,11.091398696115618,0.44705144299943844,0.4116462171077728,1
35.0,2001,0.1573820586701499,0.20000000000000284,1,0.028882290545311662,6.068431134660305e-07,4.7443218136322685e-06,1
35.0,2001,3.3628206189459515,3.3999999999999915,1,0.0,0.0,0.0,1
35.0,2001,8.995885396359153,9.000000000000007,1,1.5420740379638573,0.11516456063729787,0.013344095088541508,1
35.0,2001,4.26886242724807,4.299999999999997,1,1.7280851077941155,0.005283597241236881,0.016700483858585358,1
35.0,2001,2.213804449202855,2.299999999999997,1,0.10383375706476272,5.6365122801103264e-05,6.131453847046942e-05,1
35.0,2001,0.8011398472917173,0.9000000000000057,1,0.021554662129801727,1.0576673521132064e-06,2.64237382907595e-06,1
35.0,2001,0.5094473790779065,0.6000000000000085,1,0.1498251739513421,2.7332798106275738e-05,0.0001276518451049924,1
35.0,2001,6.718452426779044,6.799999999999997,1,16.425910966861977,1.410062620979372,0.6054475903511047,1
35.0,2001,4.1021909795992775,4.200000000000003,1,4.732751469023924,0.11296417278307137,0.1129966601729393,1
35.0,2001,0.852011567135993,0.8999999999999915,1,0.14359805362352063,3.946572479853425e-05,0.00011726249795174226,1
35.0,2001,7.953292137554645,1.5,0,0.0,5.860151398284931e-07,nan,0
35.0,2001,8.481306274030603,8.500000000000007,1,0.0002506137275304354,9.668299666419008e-10,3.572092344139577e-10,1
35.0,2001,6.277064985521358,6.300000000000011,1,0.6596054975013317,0.0075828232158889584,0.002468358026817441,1
35.0,2001,11.516876365109898,11.599999999999994,1,3.702128219357803,0.8299728207272383,0.07231314480304718,1
35.0,2001,0.21570095611488466,0.29999999999999716,1,0.038644397611506065,1.2450691874335107e-06,8.493415407428984e-06,1
35.0,2001,0.17178397857382505,0.19999999999998863,1,0.025708312563921254,5.664446633697513e-07,3.7588799841614673e-06,1
35.0,2001,1.4529717385136083,1.5,1,1.718824685420941,0.015232033069063474,0.016524923965334892,1
35.0,2001,0.33865690424116407,0.3999999999999915,1,0.005629959913790117,2.687217228932019e-08,1.802700069220009e-07,1
35.0,2001,0.2743661268963425,0.29999999999999716,1,0.0,0.0,0.0,1
35.0,2001,3.5084369647191047,3.5999999999999943,1,0.08694196525391362,5.9542366646904345e-05,4.298858766560443e-05,1
35.0,2001,0.284262567897794,0.29999999999999716,1,0.021974659950728892,3.167389339359921e-07,2.7463513561087893e-06,1
35.0,2001,5.574673472624903,4.700000000000003,0,0.0,0.0004826868949832638,nan,0
35.0,2001,6.198767504106892,6.200000000000003,1,1.473377128091272,0.027325496905621978,0.012195837683975697,1
35.0,2001,3.4589166676370158,3.5,1,5.272915274578395,0.1544830403226463,0.13653914630413055,1
35.0,2001,12.377444398796369,12.400000000000006,1,43.1345698188174,5.680405329945477,0.9136584401130676,1
35.0,2001,10.613902115036879,10.700000000000003,1,61.48573201720133,3.640816395043945,0.9555578231811523,1
35.0,2001,1.977678961271534,2.0,1,0.0,0.0,0.0,1
35.0,2001,0.47991391515110876,0.5,1,0.0,0.0,0.0,1
35.0,2001,10.737789727460274,10.799999999999997,1,0.20721793901884666,0.0008746036216375131,0.00024415273219347,1
35.0,2001,4.976126145512174,5.0,1,0.2509164538643063,0.0006638971116639129,0.00035794454743154347,1
35.0,2001,4.7446156252180725,4.799999999999997,1,0.3348073579411448,0.0009905551915047018,0.0006371272029355168,1
35.0,2001,2.4289864625924786,2.5,1,3.39664514157613,0.03699241327994922,0.06157612428069115,1
35.0,2001,12.970790225713115,13.0,1,114.64536816278411,7.743606133240163,0.9867991209030151,1
35.0,2001,0.20481430715569013,0.29999999999999716,1,0.024892725189033627,6.260218376403231e-07,3.5241655496065505e-06,1
35.0,2001,0.12153626031056958,0.19999999999998863,1,0.009216779540565767,5.074710166593415e-08,4.831379101233324e-07,1
35.0,2001,5.9902607288258976,6.0,1,21.57965902241216,1.5624848379192162,0.7259157299995422,1
35.0,2001,0.2003489823075488,0.29999999999999716,1,0.008247078847603007,8.884541679099404e-08,3.8682370018250367e-07,1
35.0,2001,0.11442023454155069,0.29999999999999716,1,0.0843954346100304,5.7849303621426566e-06,4.050729694426991e-05,1
35.0,2001,0.25652830730127146,0.29999999999999716,1,1.0587420408628248,0.0018655617829756916,0.006334806326776743,1
35.0,2001,3.3599053937163665,3.4000000000000057,1,0.18569395289026147,0.019167206592797414,0.00019607548892963678,1
35.0,2001,1.4025349721629956,1.5,1,0.3603635858535199,0.00021035788701620435,0.0007380301831290126,1
35.0,2001,1.700497290047979,1.7999999999999972,1,2.210506245252418,0.011259079870969038,0.027039075270295143,1
35.0,2001,5.2948617249964425,5.299999999999997,1,0.0032054306072950567,1.4480455771909932e-06,5.8436700811626e-08,1
35.0,2001,1.9844188748194371,2.0,1,0.7323393968467826,0.0016000938730421853,0.003040990326553583,1
35.0,2001,0.9282416114574126,1.1000000000000085,1,1.7421338946115839,0.010300268521350128,0.0169684998691082,1
35.0,2001,1.5786936324290766,1.6000000000000085,1,3.326207145304492,0.0232357150756621,0.059198349714279175,1
35.0,2001,14.039024230268081,14.099999999999994,1,0.07047866850143691,0.0001244862535099664,2.824984403559938e-05,1
35.0,2001,14.031538912140329,14.099999999999994,1,54.25200649324739,7.154710233685642,0.9436289072036743,1
35.0,2001,4.549452780798144,4.599999999999994,1,14.132121439127332,0.7641523372608505,0.5318061709403992,1
35.0,2001,1.8898996081783268,1.8999999999999915,1,1.5419788492060889,0.005734889394249492,0.013342469930648804,1
35.0,2001,20.706273903836568,12.799999999999997,0,0.0,0.0017456937482997767,nan,0
35.0,2001,13.917180966257696,14.0,1,13.558170489145652,2.76685056310919,0.5111168622970581,1
35.0,2001,5.87267060789652,5.900000000000006,1,22.14658213622288,1.6804508293010858,0.7361129522323608,1
35.0,2001,0.4602911951416985,0.7000000000000028,1,0.05703562156344333,4.356777330469516e-06,1.8501088561606593e-05,1
35.0,2001,0.3491321027518645,0.3999999999999915,1,0.06419183186181954,3.989170013792841e-06,2.343485721212346e-05,1
35.0,2001,4.586820483230303,4.6000000000000085,1,0.13216165720746176,0.00018582797036504757,9.93300782283768e-05,1
35.0,2001,1.1564454783554088,1.2000000000000028,1,0.3480700900163356,0.00022098004132865612,0.00068856863072142,1
35.0,2001,3.4927645527001374,3.5,1,0.025306414148190015,2.3442597668115597e-06,3.6422738958208356e-06,1
35.0,2001,16.700442065403852,14.900000000000006,0,0.0,0.023056101699309817,nan,0
35.0,2001,3.6621763390488273,3.700000000000003,1,32.57326015907185,1.8177615344645839,0.8578418493270874,1
35.0,2001,6.252495781655721,6.299999999999997,1,0.019539164324271496,3.9760787436632704e-06,2.1713208298024256e-06,1
35.0,2001,3.52861542510767,3.5999999999999943,1,22.332664113122142,0.7848196453595424,0.7393507361412048,1
35.0,2001,1.597287998505081,1.5999999999999943,1,1.1915130447295041,0.00342825728495038,0.008009731769561768,1
35.0,2001,1.1862140851028795,1.2000000000000028,1,0.03412769246085645,3.0613128730968284e-06,6.624055004067486e-06,1
35.0,2001,0.1696306513960944,0.20000000000000284,1,0.9775517924920791,0.0010719311271680761,0.005405533127486706,1
35.0,2001,5.993634663717298,6.0,1,0.14205191097704528,0.00013937297461511877,0.00011475120845716447,1
35.0,2001,2.719937534775315,2.799999999999997,1,0.0,0.0,0.0,1
35.0,2001,0.6243449227128821,0.7000000000000028,1,0.24585897251716915,7.177019524312974e-05,0.0003436653933022171,1
35.0,2001,2.1578103978138183,2.200000000000003,1,0.03406953624448761,3.0083733981398665e-06,6.601498625968816e-06,1
35.0,2001,0.21666300080911954,0.29999999999999716,1,0.009539138457057561,1.4870134382998916e-07,5.175246542421519e-07,1
35.0,2001,7.8049293832950335,7.8999999999999915,1,4.29186738320891,0.3210727082053042,0.09482800960540771,1
35.0,2001,0.1483727506613179,0.19999999999998863,1,0.06373610993068723,2.864897922470107e-06,2.310330091859214e-05,1
35.0,2001,0.5342093963794017,0.6000000000000085,1,0.16632162092463432,3.24146089361563e-05,0.00015730482118669897,1
35.0,2001,5.039377855874401,5.099999999999994,1,0.0,0.0,0.0,1
35.0,2001,4.733475031199271,0.9000000000000057,0,0.0,2.6734900198690717e-06,nan,0
35.0,2001,15.878015736132678,15.900000000000006,1,0.351480640552154,0.2575110883851466,0.0007021190249361098,1
35.0,2001,0.10545727059104962,0.20000000000000284,1,0.04443295211149234,1.2692973702635952e-06,1.1228414223296568e-05,1
35.0,2001,3.3325772876292032,3.4000000000000057,1,0.0,0.0,0.0,1
35.0,2001,0.4253619913767125,0.5,1,0.0,0.0,0.0,1
35.0,2001,1.5174856709883144,1.5999999999999943,1,4.8624568535160506e-05,5.95619284819709e-12,1.3446970967279093e-11,1
35.0,2001,0.3577409740863932,0.5999999999999943,1,0.6213587847032045,0.0011717090443751819,0.002191014587879181,1
35.0,2001,7.136407537746673,7.200000000000003,1,1.8317254482562362,0.016460827564906234,0.018725110217928886,1
35.0,2001,0.17372826097582153,0.20000000000000284,1,0.0,0.0,0.0,1
35.0,2001,0.7739332984917767,0.8000000000000114,1,0.09249406435264973,1.5932501232525187e-05,4.8654110287316144e-05,1
35.0,2001,0.5648214136060549,0.6000000000000085,1,0.1446899150630543,2.612431123986404e-05,0.00011905229621334001,1
35.0,2001,8.307674861628335,8.5,1,2.6982442146277776,0.09810615103205357,0.0397607795894146,1
35.0,2001,0.2950030339510442,0.4000000000000057,1,0.0,0.0,0.0,1
35.0,2001,0.5039624312227952,0.5999999999999943,1,0.0,0.0,0.0,1
35.0,2001,0.4081307505007035,0.5,1,0.0,0.0,0.0,1
35.0,2001,1.5924545511960146,1.5999999999999943,1,0.01614560632674511,1.0609469014222157e-06,1.4825898233539192e-06,1
35.0,2001,0.19851933082364834,0.20000000000000284,1,0.0,0.0,0.0,1
35.0,2001,0.10810370561598694,0.20000000000000284,1,6.728873506745003e-05,3.3198862842884876e-12,2.57512119267167e-11,1
35.0,2001,0.1505948018227537,0.20000000000000284,1,0.0,0.0,0.0,1
35.0,2001,2.4646881629279593,2.5,1,0.27918490197944834,0.007602358360788092,0.0004431026172824204,1
35.0,2001,1.958952948347164,2.0,1,0.048401878445872626,8.188741556097668e-06,1.3323907296580728e-05,1
35.0,2001,0.19675999858209178,0.19999999999998863,1,6.151449764502104e-05,2.730682447345511e-12,2.1521270876512233e-11,1
35.0,2001,17.14726028237093,17.200000000000003,1,29.582628847151966,7.360722839875947,0.8326980471611023,1
35.0,2001,0.42952195748064503,0.5,1,0.0026771029387191447,1.0742483354014805e-07,4.076083470749836e-08,1
35.0,2001,16.157967800983833,16.199999999999996,1,0.00023073591484035205,1.6358179647333676e-09,3.02791264283897e-10,1
35.0,2001,1.779268686452451,1.7999999999999972,1,0.21900125085124955,9.23245812342961e-05,0.0002727016108110547,1
35.0,2001,6.11860061931593,4.5,0,0.0,0.0006042736494649909,nan,0
35.0,2001,16.090381190842013,16.099999999999994,1,20.01719834862905,2.8728539819157257,0.6950168609619141,1
35.0,2001,2.7329798881663256,2.799999999999997,1,0.1946701040641301,0.00020706771957022216,0.00021548541553784162,1
35.0,2001,1.2758940284527986,1.2999999999999972,1,0.0,0.0,0.0,1
35.0,2001,0.2184216316195209,0.29999999999999716,1,0.0,0.0,0.0,1
35.0,2001,9.897061881291318,9.900000000000006,1,101.59928442375937,7.2242854637884175,0.983251690864563,1
35.0,2001,0.11636401750741725,0.20000000000000284,1,0.010347581600626654,7.344139405410246e-08,6.089622957006213e-07,1
35.0,2001,11.031006374951803,11.099999999999994,1,1.72628601577253,0.02482135066111933,0.01666630618274212,1
35.0,2001,1.343722979354345,1.4000000000000057,1,0.0,0.0,0.0,1
35.0,2001,1.6394306826517218,1.6999999999999886,1,0.21272081897171802,0.003462321325321368,0.0002572889789007604,1
35.0,2001,1.1651639510852267,1.1999999999999886,1,0.0,0.0,0.0,1
35.0,2001,6.494410639838477,6.5,1,39.63118361347017,2.93880169652017,0.8993233442306519,1
35.0,2001,0.16373890051807755,0.20000000000000284,1,0.013571058490128962,1.4705105675954583e-07,1.047466071213421e-06,1
35.0,2001,0.1562036923201666,0.20000000000000284,1,0.0,0.0,0.0,1
35.0,2001,0.9764267928163725,1.1000000000000085,1,0.037792138779991546,4.454153039413721e-06,8.122923645714764e-06,1
35.0,2001,0.13549420676822505,0.20000000000000284,1,0.020381717719345716,5.11838030914542e-07,2.3626178062841063e-06,1
35.0,2001,3.066571342622057,3.0999999999999943,1,0.11528646591773395,9.134130051154232e-05,7.558520155726e-05,1
35.0,2001,0.12011707103506551,0.20000000000000284,1,0.008741431677094624,5.520502602326988e-08,4.345881734479917e-07,1
35.0,2001,0.37549639318276484,0.4000000000000057,1,0.0016478403003361564,1.7298415586776036e-08,1.5443410106286137e-08,1
35.0,2001,0.4798510614517029,0.5999999999999943,1,0.5656106056530916,0.0010319495073141782,0.001816178672015667,1
35.0,2001,3.83288192229483,3.9000000000000057,1,6.816718739065897,0.20174394719897362,0.2090357393026352,1
35.0,2001,0.6067746122209108,0.7000000000000028,1,0.03034067581245381,1.3120855279831734e-06,5.23553626408102e-06,1
35.0,2001,12.484187482286792,12.5,1,12.591325282289745,1.83728605743394,0.4741511344909668,1
35.0,2001,10.93681386521573,11.0,1,27.21736547692109,3.3349377184607913,0.8081767559051514,1
35.0,2001,0.9023110679342708,1.0,1,0.0,0.0,0.0,1
35.0,2001,0.6732712535940545,0.7000000000000028,1,0.0,0.0,0.0,1
35.0,2001,0.4164157746622059,0.5,1,0.0,0.0,0.0,1
35.0,2001,0.22148586702063922,0.30000000000001137,1,0.02578325625438538,7.20635351991336e-07,3.7808272281836253e-06,1
35.0,2001,24.57300732156749,19.099999999999994,0,0.0,0.03552913468735281,nan,0
35.0,2001,1.2504208982776437,1.2999999999999972,1,0.0,0.0,0.0,1
35.0,2001,0.24190206179431825,0.29999999999999716,1,0.023013126302913633,5.011622164108425e-07,3.012055003637215e-06,1
35.0,2001,24.055233650826445,19.200000000000003,0,0.0,0.06709452571357503,nan,0
35.0,2001,9.042508513831146,9.099999999999994,1,0.0,0.0,0.0,1
35.0,2001,0.3385428882915651,0.4000000000000057,1,0.02723518989182594,8.695520411866156e-07,4.218634785502218e-06,1
35.0,2001,0.17961651576066534,0.20000000000000284,1,0.0,0.0,0.0,1
35.0,2001,6.04956874619384,6.1000000000000085,1,0.06733982703281072,6.457977496931719e-05,2.5789668143261224e-05,1
35.0,2001,1.6191166932685084,1.7000000000000028,1,3.028685597557419,0.013059377558398375,0.04958329722285271,1
35.0,2001,3.4515764181236865,3.5,1,0.09223369219193955,6.728453088667626e-05,4.8380585212726146e-05,1
35.0,2001,0.2063307351995444,0.4000000000000057,1,0.02566773060448213,4.142431564585658e-07,3.7470222196134273e-06,1
35.0,2001,0.901965472010761,1.0,1,0.012962250412329013,1.924193348415986e-07,9.555938049743418e-07,1
35.0,2001,0.2260717276782467,0.29999999999999716,1,0.0,0.0,0.0,1
35.0,2001,19.18233853808106,19.200000000000003,1,6.654051087456214,1.9226594086237305,0.2011612504720688,1
35.0,2001,1.1052279975236954,1.2000000000000028,1,0.1457566535191006,0.00010701290369569442,0.00012081399472663179,1
35.0,2001,5.721923682256845,5.799999999999997,1,9.62608897042685,0.6752667318035159,0.34512224793434143,1
35.0,2001,3.4238222529569864,3.5999999999999943,1,0.27307500780347027,0.001439129378057397,0.00042392860632389784,1
35.0,2001,19.8175757118644,19.900000000000006,1,0.006013991512816119,1.3099059575586793e-06,2.0570197989400185e-07,1
35.0,2001,19.87334616827638,19.900000000000006,1,0.7565322218788992,0.020537406704681033,0.003244564635679126,1
35.0,2001,15.772789599621548,15.800000000000011,1,0.31640644363119463,0.0026884084780661685,0.000569057825487107,1
35.0,2001,6.545148727339694,6.599999999999994,1,16.55951854966594,0.6776201492805072,0.6093112826347351,1
35.0,2001,0.3554302685027232,0.3999999999999915,1,0.01751539102258448,3.092634847236353e-07,1.7448249991502962e-06,1
35.0,2001,0.10213015689509634,0.29999999999999716,1,0.9863423512520058,0.0015726093400606146,0.005502650514245033,1
35.0,2001,16.271799923608235,16.299999999999997,1,10.883862833835623,2.196251400261272,0.4025282859802246,1
35.0,2001,15.006159427658618,15.100000000000009,1,56.5577193030951,9.168027788816438,0.9478967785835266,1
35.0,2001,4.653616088954088,4.700000000000003,1,0.1531295745202783,0.00024221741497228486,0.00013334391405805945,1
35.0,2001,17.24574012772678,17.299999999999997,1,12.942860028307223,2.3399792506621413,0.4878985285758972,1
35.0,2001,12.192111107392071,12.199999999999989,1,9.027643977613474,1.829066527286547,0.31671252846717834,1
35.0,2001,6.0496962752620425,6.1000000000000085,1,7.530802230348854e-05,6.637883561090972e-11,3.225487932301263e-11,1
35.0,2001,0.17909064168981156,0.29999999999999716,1,0.7407620120008858,0.000888401743687573,0.0031111224088817835,1
35.0,2001,1.0606014696086585,1.2000000000000028,1,0.016364623101708275,5.579657419653601e-07,1.5230855296977097e-06,1
35.0,2001,10.87266395043323,10.900000000000006,1,1.843491464894953,0.5465761686774339,0.018961867317557335,1
35.0,2001,2.138572447868017,2.200000000000003,1,0.0,0.0,0.0,1
35.0,2001,1.5005339900828858,1.6000000000000085,1,2.408906380971871,0.012677597721234496,0.03194855526089668,1
35.0,2001,0.1122913885406771,0.20000000000000284,1,0.09065590738291007,5.977894904920259e-06,4.673958756029606e-05,1
35.0,2001,0.2101126676251024,0.29999999999999716,1,0.19444444444451392,3.117444763892336e-05,0.00021498624118976295,1
35.0,2001,19.206687259940132,19.299999999999997,1,8.980449281413238,1.372406712349096,0.3144483268260956,1
35.0,2001,0.27317271338935534,0.29999999999999716,1,0.0239371327330673,3.779874684799436e-07,3.258785682191956e-06,1
35.0,2001,16.034351237955306,16.10000000000001,1,10.923560394125161,2.3469597218153875,0.40428072214126587,1
35.0,2001,2.905479039278377,3.0,1,0.024621405382504236,0.00018014504265601456,3.4477609460736858e-06,1
35.0,2001,0.31174706896978616,0.4000000000000057,1,0.0,0.0,0.0,1
35.0,2001,0.1437674685211176,0.20000000000000284,1,0.00573474637246818,7.550128623216088e-08,1.870429287009756e-07,1
35.0,2001,0.36155641706941904,0.3999999999999915,1,0.026296666492442,6.976958500739724e-07,3.932897470804164e-06,1
35.0,2001,44.57187421054516,7.799999999999997,0,0.0,0.0006975422656245231,nan,0
35.0,2001,2.9214903709576583,3.0,1,28.61458882323939,1.356076067521538,0.823221743106842,1
35.0,2001,22.63600322695792,22.700000000000003,1,128.73536363505036,17.821011485451887,0.989501953125,1
35.0,2001,0.734599565896217,1.0,1,0.3456339088045013,0.00018644183664184968,0.0006789701292291284,1
35.0,2001,0.16513543959637098,0.20000000000000284,1,0.011246072058554546,1.491101515030499e-07,7.193071382971539e-07,1
35.0,2001,15.276565430455527,15.300000000000011,1,7.199385830916071,1.1109073755328354,0.22767038643360138,1
35.0,2001,3.808193772101645,3.9000000000000057,1,0.0,0.0,0.0,1
35.0,2001,14.14464957574802,14.199999999999989,1,64.56320223685594,9.211186043778854,0.9595262408256531,1
35.0,2001,10.814477825939997,10.899999999999991,1,10.586148526635611,1.2860711997334247,0.38926300406455994,1
35.0,2001,0.2424467009777076,0.29999999999999716,1,0.06368301177067792,3.998721961548582e-06,2.306482201674953e-05,1
35.0,2001,0.23014288269275074,0.29999999999999716,1,0.0,0.0,0.0,1
35.0,2001,2.6590934759368476,2.799999999999997,1,1.968321386981529,0.020284807438590624,0.02155953459441662,1
35.0,2001,21.420392844318485,21.5,1,77.45293957275618,9.811584668521302,0.9715248942375183,1
35.0,2001,22.548767874190595,22.60000000000001,1,48.24421321585197,13.14040986961251,0.9297625422477722,1
35.0,2001,12.867136008959609,12.900000000000006,1,29.76508699207733,5.41234226678705,0.8344042301177979,1
35.0,2001,0.7768427151117224,0.9000000000000057,1,0.36862658681246785,0.0014323014163484607,0.0007722372538410127,1
35.0,2001,4.346694387115622,4.400000000000006,1,0.0,0.0,0.0,1
35.0,2001,10.167846627798006,10.199999999999989,1,40.79955455557902,4.156203250747599,0.9044638872146606,1
35.0,2001,0.14435362316572045,0.20000000000000284,1,0.00010505741096267229,7.898656183630331e-12,6.277205144566977e-11,1
35.0,2001,38.454264368551435,23.4,0,0.0,1.06141829565422,nan,0
35.0,2001,3.944572627123426,4.0,1,0.0,0.0,0.0,1
35.0,2001,7.847287802287922,8.099999999999994,1,18.920549529189998,1.951467563396069,0.6706206202507019,1
35.0,2001,0.4350569512132304,0.5,1,0.0,0.0,0.0,1
35.0,2001,0.24590465662247812,0.29999999999999716,1,0.8593166189467354,0.0012588165110521924,0.004182146862149239,1
35.0,2001,5.146981384756165,5.200000000000003,1,5.798279389657772,0.0734358497463177,0.1605176478624344,1
35.0,2001,34.198389784317705,19.5,0,0.0,0.09390180377240165,nan,0
35.0,2001,2.376813278882642,2.4000000000000057,1,4.520381095537289,0.06517704116884059,0.10411543399095535,1
35.0,2001,0.8806165276108778,0.9000000000000057,1,0.0335039660538996,1.5679731610676106e-06,6.3841430346656125e-06,1
35.0,2001,0.3049861422694924,0.3999999999999915,1,0.0,0.0,0.0,1
35.0,2001,10.426220304021538,10.5,1,0.5168402030450352,0.004710970659707202,0.0015169323887676,1
35.0,2001,3.117840828613851,3.200000000000003,1,0.20036835806604358,0.0002591519881130666,0.00022828220971859992,1
35.0,2001,0.41921133614874073,0.5,1,0.016112759409793398,2.82872073786018e-07,1.4765636251468095e-06,1
35.0,2001,14.840361729687306,5.700000000000003,0,0.0,0.0010579333517430239,nan,0
35.0,2001,23.971985631390407,24.000000000000007,1,86.75678255343047,10.01854477813679,0.9771728515625,1
35.0,2001,3.957140714112277,4.0,1,0.0002840603067397751,5.224273510330127e-10,4.5891690447774636e-10,1
35.0,2001,17.62762005008061,17.700000000000003,1,15.823806400244678,4.466143486157416,0.5874726176261902,1
35.0,2001,25.266885281731728,25.299999999999997,1,18.883463007367368,9.091553408972619,0.6697532534599304,1
35.0,2001,3.3580201529862523,3.4000000000000057,1,0.0,0.0,0.0,1
35.0,2001,6.732731572625071,6.799999999999997,1,14.322959033677733,1.1227644316771843,0.5384796857833862,1
35.0,2001,14.072071438308841,14.099999999999994,1,92.83699963897347,7.485525327304506,0.9800071716308594,1
35.0,2001,10.989300667911317,11.0,1,4.727003215653269,0.3993296408720067,0.11275327205657959,1
35.0,2001,1.074422145437124,1.1000000000000085,1,0.5157054299415336,0.0022975053250416187,0.0015102886827662587,1
35.0,2001,4.469466020685236,4.5,1,0.0,0.0,0.0,1
35.0,2001,1.8402106019160456,1.8999999999999915,1,0.0020582907719699506,1.2436688835918316e-08,2.409496957511692e-08,1
35.0,2001,0.28477400034385525,0.30000000000001137,1,0.07431821555874762,4.685256151856676e-06,3.141158595099114e-05,1
35.0,2001,0.14226629328932142,0.20000000000000284,1,0.0018841272168401701,2.3647196553570236e-08,2.0189864002873037e-08,1
35.0,2001,6.374275192819466,6.400000000000006,1,10.164539477939286,0.7309626056845778,0.37012195587158203,1
35.0,2001,6.650696655618483,6.700000000000003,0,0.0,0.0014381224523917486,nan,0
35.0,2001,0.6633292738869536,0.6999999999999886,1,0.22258553139749893,6.279055118601144e-05,0.00028169844881631434,1
35.0,2001,21.894588987309284,21.900000000000006,1,110.90313794706299,8.68481634024254,0.9859060049057007,1
35.0,2001,26.320262853506076,26.400000000000006,1,0.0,0.0,0.0,1
35.0,2001,0.8005136831326135,0.9000000000000057,1,0.0,0.0,0.0,1
35.0,2001,16.24819575620275,16.299999999999997,1,57.12717041263258,8.273118109527386,0.9488775134086609,1
35.0,2001,3.0360663993553243,3.0999999999999943,1,0.8134076377305064,0.003032136962249606,0.003748851828277111,1
35.0,2001,1.3121846155037504,1.4000000000000057,1,0.0,0.0,0.0,1
35.0,2001,3.26854813986156,3.299999999999997,1,0.4594561856600876,0.0007388686970232865,0.0011991680366918445,1
35.0,2001,3.339016008269405,3.5,1,3.855721517355505,0.0656289407365365,0.07796036452054977,1
35.0,2001,3.187913480645569,3.200000000000003,1,0.0,0.0,0.0,1
35.0,2001,0.5746431998478864,0.6000000000000085,1,0.08318195369420778,7.277417227526656e-06,3.935084896511398e-05,1
35.0,2001,1.689063488993616,1.7000000000000028,1,0.026605699738126987,1.8172218183736585e-06,4.025877842650516e-06,1
35.0,2001,26.55431582469955,26.599999999999994,1,17.407322473451547,4.577015980796165,0.6328070163726807,1
35.0,2001,1.3329172349683365,1.5,1,0.0,0.0,0.0,1
35.0,2001,2.100288423195341,2.200000000000003,1,0.0,0.0,0.0,1
35.0,2001,0.3917234846456404,0.4000000000000057,1,0.0,0.0,0.0,1
35.0,2001,0.35118604980385587,0.4000000000000057,1,0.0,0.0,0.0,1
35.0,2001,0.13516932898793882,0.20000000000000284,1,0.0,0.0,0.0,1
35.0,2001,0.17421248619767285,0.20000000000000284,1,0.0,0.0,0.0,1
35.0,2001,2.977926929282079,3.0,1,17.216923878755086,0.9454430163353179,0.6276811361312866,1
35.0,2001,0.4690352447823557,0.5,1,0.0014435751753580917,2.19943548028914e-09,1.18520029346314e-08,1
35.0,2001,0.25283171274401717,0.29999999999999716,1,0.0,0.0,0.0,1
35.0,2001,0.47055591282820947,0.5,1,0.1893675147661611,3.947087900089568e-05,0.00020390850841067731,1
35.0,2001,0.40864814329196386,0.5,1,0.0,0.0,0.0,1
35.0,2001,6.686222502581529,6.700000000000003,1,2.639751368459354,0.07818479881412277,0.03812059015035629,1
35.0,2001,0.2184467310441091,0.29999999999999716,1,0.000552234685642361,2.541336878637799e-10,1.7344441438638114e-09,1
35.0,2001,39.22026138038682,27.900000000000006,0,0.0,0.3007899239560244,nan,0
35.0,2001,22.742436519020554,22.80000000000001,1,0.025622626912593205,2.7354840084224393e-05,3.7338652418839047e-06,1
35.0,2001,7.985089532678847,8.0,1,0.4168253117514382,0.0494514360815972,0.000987170496955514,1
35.0,2001,1.7894880020585564,1.7999999999999972,1,1.1168272714563727,0.0033639051787884306,0.007043929770588875,1
35.0,2001,1.3065197134126196,1.4000000000000057,1,0.04181884888220111,3.852321063082443e-06,9.94609945337288e-06,1
35.0,2001,0.4209586796532367,0.5,1,1.2034022145400627,0.004041902335582878,0.008169062435626984,1
35.0,2001,0.5206459675462799,0.5999999999999943,1,0.0,0.0,0.0,1
35.0,2001,21.86076830832424,21.900000000000006,1,0.022569492062814334,2.0362575164743696e-05,2.897045078498195e-06,1
35.0,2001,1.9510724258808188,2.0,1,0.0019505368915702093,1.2090264436772677e-08,2.1638207670093834e-08,1
35.0,2001,0.20862215595814187,0.30000000000001137,1,0.0200119005274928,4.0952615530807135e-07,2.277658722960041e-06,1
35.0,2001,3.766064601089555,3.9000000000000057,1,0.2707961739307052,0.00021083170077687303,0.00041688562487252057,1
35.0,2001,11.328268902810299,11.5,1,7.716194718344809,0.5869810384486194,0.25296491384506226,1
35.0,2001,1.7908675630579574,1.7999999999999972,1,1.0770664029042507,0.011497798985117337,0.006554535590112209,1
35.0,2001,11.13024245576915,11.200000000000003,1,3.9493184276816464,0.9093028562896222,0.08147910982370377,1
35.0,2001,10.660923241400283,10.700000000000003,1,10.490769037399048,1.9140125378766575,0.3849683701992035,1
35.0,2001,7.700859356209091,7.800000000000011,1,1.3934939044565908,0.059735044419385416,0.010923280380666256,1
35.0,2001,2.9606089639754494,3.1000000000000085,1,0.04965158708398576,2.309120007283226e-05,1.4020811249793041e-05,1
35.0,2001,4.304727814125446,4.400000000000006,1,10.978488312217166,0.6462890084488476,0.406699001789093,1
35.0,2001,4.134781926939795,4.200000000000003,1,1.1421253693691256,0.005992878841083726,0.007364281918853521,1
35.0,2001,0.10804645600854483,0.20000000000000284,1,0.012091958914879797,1.041518551146081e-07,8.315835771099955e-07,1
35.0,2001,22.883112492246056,23.0,1,11.11596381460106,2.0529789894019155,0.412718266248703,1
35.0,2001,0.9484030878460867,1.0,1,0.010689376157642982,1.9460453235834783e-07,6.498563607237884e-07,1
35.0,2001,12.309788160393463,12.399999999999991,1,45.66306876004026,5.804689903876346,0.9222326278686523,1
35.0,2001,0.34340849616136315,0.4000000000000057,1,0.7384415866181371,0.0011846219246426188,0.0030917220283299685,1
35.0,2001,3.3784150009563327,3.3999999999999915,1,0.0013523995843911507,9.453257113616638e-09,1.0402147587740274e-08,1
35.0,2001,0.105766279342837,0.20000000000000284,1,0.008702977516577448,4.416754519879978e-08,4.3077301370431087e-07,1
35.0,2001,2.296167143279439,2.299999999999997,1,0.0,0.0,0.0,1
35.0,2001,0.21854037305045013,0.30000000000001137,1,0.003877453525205965,6.321857410832132e-08,8.55078781114571e-08,1
35.0,2001,3.466360260340261,3.5,1,0.1393668274004085,0.00016407289752598382,0.00011045460269087926,1
35.0,2001,0.3409017964714544,0.4000000000000057,1,0.03510105319503509,1.3949742509775368e-06,7.007291969785001e-06,1
35.0,2001,0.12745722814341862,0.19999999999998863,1,0.0,0.0,0.0,1
35.0,2001,9.91283354889099,10.0,1,8.021522460822041,1.8159346326244294,0.2679109573364258,1
35.0,2001,0.11450020554239673,0.20000000000000284,1,0.012649082849407023,1.1363727324446173e-07,9.099774729293131e-07,1
35.0,2001,0.4596379547401121,0.5,1,8.993646929411625e-06,8.819440076229406e-14,4.600283912484238e-13,1
35.0,2001,23.572915105647834,8.900000000000006,0,0.0,2.079879779361716e-05,nan,0
35.0,2001,5.654262765908932,5.699999999999989,1,2.221571651044286,0.041332020454810915,0.027303049340844154,1
35.0,2001,4.3915926646075345,4.400000000000006,1,0.0001533825200681349,1.7582412217697582e-10,1.3380263563789185e-10,1
35.0,2001,3.078755701351628,3.1000000000000085,1,0.0,0.0,0.0,1
35.0,2001,1.1842148561348667,1.2000000000000028,1,0.15521960014922342,4.50686636460049e-05,0.00013700820272788405,1
35.0,2001,1.6734670914563003,1.7000000000000028,1,0.06261294178830212,0.0003637715359102716,2.229623351013288e-05,1
35.0,2001,0.11108155125030716,0.20000000000000284,1,1.4544386885972926e-06,1.496235917112271e-15,1.2031056930057477e-14,1
35.0,2001,21.777176767079773,21.80000000000001,1,117.989316066698,15.838259877124397,0.9875275492668152,1
35.0,2001,0.7923461565662977,0.8000000000000114,1,0.023235567935273593,1.159693294220687e-06,3.0705643894179957e-06,1
35.0,2001,19.046174252618258,19.10000000000001,1,16.22003502952377,7.262946865745247,0.5994059443473816,1
35.0,2001,13.05590684135263,13.100000000000009,1,0.00019961885567454374,9.847486111171371e-10,2.2662931253858432e-10,1
35.0,2001,0.9020342095530011,1.0,1,0.7850997774002622,0.0010876515758463752,0.003493356052786112,1
35.0,2001,0.16757980394780714,0.20000000000000284,1,1.0280542710461305e-06,7.404752499339155e-16,6.010976509970194e-15,1
35.0,2001,7.802347209251754,7.8999999999999915,1,4.701823394907564,0.10064951842221818,0.11168904602527618,1
35.0,2001,7.468132780863969,7.5,1,13.962793499007148,1.2242376107604778,0.5257991552352905,1
35.0,2001,0.2115275192520828,0.29999999999999716,1,0.9953019395955209,0.0017077717070570213,0.005602510180324316,1
35.0,2001,3.7704428126146605,3.799999999999997,1,2.5604208287429913,0.031254265685938275,0.035944920033216476,1
35.0,2001,0.20321414671200286,0.29999999999999716,1,0.07934404694793784,5.659932038774184e-06,3.580355041776784e-05,1
35.0,2001,38.23710043958296,29.299999999999997,0,0.0,0.10222423479810536,nan,0
35.0,2001,1.4292896893642733,1.5,1,1.8350053109019768,0.009079223769405894,0.018790967762470245,1
35.0,2001,0.7997065408895794,0.7999999999999972,1,0.028835854893031865,1.1799986952158146e-06,4.729079137177905e-06,1
35.0,2001,1.2577332698776984,1.2999999999999972,1,0.031975260438798614,2.6394946807025995e-06,5.8148511925537605e-06,1
35.0,2001,0.14679656785414383,0.29999999999999716,1,0.06049469411397013,3.1537430955031555e-06,2.0813182345591486e-05,1
35.0,2001,12.137670651306,12.199999999999989,1,11.401397271806388,1.3328034590111906,0.42506077885627747,1
35.0,2001,2.225052089430618,2.299999999999997,1,0.5100018397913573,0.0007830285195904686,0.0014771155547350645,1
35.0,2001,1.0662158505798218,1.2000000000000028,1,1.0602976396610302,0.002631037639737246,0.006353316828608513,1
35.0,2001,0.12109478603564039,0.20000000000000284,1,0.03244902348257028,6.807532050860836e-07,5.988438715576194e-06,1
35.0,2001,0.9037513169974728,1.0,1,6.331455097097205e-06,5.651374019897448e-14,2.2799221278263504e-13,1
35.0,2001,5.6453282134696,5.699999999999989,1,1.1150012937832798e-05,1.7311749117128478e-13,7.070720961857568e-13,1
35.0,2001,0.5394205048111035,0.5999999999999943,1,0.6986776768223137,0.0016245755827711166,0.002768615260720253,1
35.0,2001,22.78052083884756,22.80000000000001,1,1.76137281347809,1.4845872964778475,0.017338812351226807,1
35.0,2001,0.17764642255314433,0.20000000000000284,1,1.5123842274533672e-05,1.5042638045087075e-13,1.3008799766567325e-12,1
35.0,2001,2.845206843942756,2.9000000000000057,1,0.38227574585883417,0.00047006588488038824,0.0008304349612444639,1
35.0,2001,1.4543209330247042,1.5,1,0.008874695492551155,1.1182909561778119e-06,4.479398398871126e-07,1
35.0,2001,0.16080455661566329,0.20000000000000284,1,6.594645509494512e-05,2.9118923724002765e-12,2.473408630687679e-11,1
35.0,2001,9.25553680561852,9.299999999999997,1,3.481982874544883,0.029067358596019343,0.06450698524713516,1
35.0,2001,32.41992196977753,32.5,1,177.09428353660417,25.145820733212098,0.9944249391555786,1
35.0,2001,0.7686841806662194,0.7999999999999972,1,1.0880556024513623,0.00511643912606057,0.006688069552183151,1
35.0,2001,4.554606390089461,4.599999999999994,1,0.834283600900676,0.005019288433481059,0.0039429799653589725,1
35.0,2001,28.16587306808716,28.200000000000003,1,2.0354777532954813,0.20981605216640878,0.02302134782075882,1
35.0,2001,0.5895445206710939,0.6000000000000085,1,0.01928923503982105,8.339966090204198e-07,2.1161285985726863e-06,1
35.0,2001,0.12790119670651343,0.20000000000000284,1,0.19531251321632226,2.6942070173332352e-05,0.00021690965513698757,1
35.0,2001,9.94422061194673,10.0,1,3.3262436837537734,0.378481001447364,0.05919957533478737,1
35.0,2001,5.333675229735022,5.400000000000006,1,65.4472160976838,3.7832489134694973,0.9605693817138672,1
35.0,2001,5.106143447913481,5.200000000000003,1,0.028639704399154198,6.608621654886809e-06,4.664960670197615e-06,1
35.0,2001,2.436146919785676,2.5,1,0.7778473918776285,0.0006628968696955079,0.0034293346107006073,1
35.0,2001,22.053632184197706,22.099999999999994,1,26.70109758971455,10.192399384561693,0.8021688461303711,1
35.0,2001,6.4945962334990455,6.5,1,2.1982734551784233e-05,1.5247751306236945e-12,2.7483774804604177e-12,1
35.0,2001,1.433283750163063,1.5,1,0.5352746689802643,0.0005381217780599804,0.0016268937615677714,1
35.0,2001,3.976403392092765,4.099999999999994,1,2.769670981102877,0.035363345070499506,0.041804537177085876,1
35.0,2001,1.1651904782650264,1.2000000000000028,1,1.0630558283640994,0.0073781340425046575,0.00638620276004076,1
35.0,2001,0.10432261809045114,0.20000000000000284,1,0.03723350156150218,8.902315685108075e-07,7.884556907811202e-06,1
35.0,2001,3.5310737236998717,3.5999999999999943,1,4.125776717206492,0.08729822029159187,0.08826583623886108,1
35.0,2001,0.11769870751109043,0.20000000000000284,1,0.0036317060280453006,1.2873454583778116e-08,7.501261478637389e-08,1
35.0,2001,2.662470672849505,2.700000000000003,1,6.928643525699755,0.15061379029409863,0.21447217464447021,1
35.0,2001,0.7657475234681308,0.8000000000000114,1,2.201324491579726e-07,9.912302808890666e-17,2.7560117469094063e-16,1
35.0,2001,0.3500388081030349,0.4000000000000057,1,0.01498385064266472,1.2965668762989566e-07,1.2769070281137829e-06,1
35.0,2001,6.852363423235456,6.8999999999999915,1,2.85249750656763,0.08557847934827217,0.04422999545931816,1
35.0,2001,0.4807966305054127,0.5,1,3.417796165194886e-05,1.2341172844167812e-12,6.643627488422954e-12,1
35.0,2001,12.178604433576638,12.200000000000003,1,56.35643498478254,4.373097610679051,0.9475435018539429,1
35.0,2001,0.4056768746657857,0.5,1,2.925513632590082e-05,7.399064725584995e-13,4.86762583365441e-12,1
35.0,2001,0.2093908594058662,0.29999999999999716,1,0.16981850487053407,2.420308218951605e-05,0.00016398787556681782,1
35.0,2001,3.2445890869619127,3.299999999999997,1,0.9246901728999433,0.002647329656303517,0.004839478526264429,1
35.0,2001,0.4296498669229643,0.5,1,0.03882998021072126,1.5252728943229709e-06,8.575186257075984e-06,1
35.0,2001,0.2951212721088093,0.29999999999999716,1,1.2747559765102778e-05,1.3907199618094064e-13,9.24202337923563e-13,1
35.0,2001,12.94411758474327,13.0,1,145.87444843978196,10.74029713060302,0.9918048977851868,1
35.0,2001,1.8195051421113348,1.9000000000000057,1,0.0755746900546228,8.647577857349452e-06,3.2482661481481045e-05,1
35.0,2001,0.8523997273912649,0.9000000000000057,1,0.04280725422881915,8.818631435416121e-06,1.0421810657135211e-05,1
35.0,2001,0.3784164406417225,0.4000000000000057,1,0.03867724111546522,1.6487001011561182e-06,8.507858183293138e-06,1
35.0,2001,0.29117898765944306,0.30000000000001137,1,9.917460886299523e-06,8.309540198644772e-14,5.593890151436853e-13,1
35.0,2001,0.2428137076356188,0.30000000000001137,1,0.3678100511625644,0.00021907784153692183,0.0007688225596211851,1
35.0,2001,3.249499436815033,3.299999999999997,1,0.7126675778306435,0.003328859222172302,0.0028802771121263504,1
35.0,2001,0.5456759589550098,0.7000000000000028,1,1.024268231270213,0.004110791413160689,0.00593139324337244,1
35.0,2001,0.7849132258282051,0.7999999999999972,1,0.72661858744749,0.0007380558629221032,0.0029938071966171265,1
35.0,2001,33.140549314700785,33.2,1,359.40691766726695,31.17881744121546,0.9986406564712524,1
35.0,2001,7.389139525899829,7.400000000000006,1,23.39810323161271,1.3211691776687593,0.7569087743759155,1
35.0,2001,15.012333168180184,15.100000000000009,1,0.7883576001590882,0.009629215167606488,0.0035223057493567467,1
35.0,2001,6.253553983029378,6.299999999999997,1,0.10671262992698871,0.016468059789591167,6.476143607869744e-05,1
35.0,2001,0.4835445416311656,0.5,1,1.0506733006218383,0.003074565494421999,0.006239218637347221,1
35.0,2001,4.544932585976464,4.700000000000003,1,16.615704380360143,0.9153587598550689,0.6109227538108826,1
35.0,2001,0.22112705125869217,0.30000000000001137,1,0.011087909991658762,7.280448183327315e-08,6.992170824560162e-07,1
35.0,2001,0.2730429422591656,0.29999999999999716,1,0.14296852349295364,1.6515981914090242e-05,0.00011623671889537945,1
35.0,2001,5.823805327071459,5.8999999999999915,1,0.08362092417559097,6.501221069665224e-05,3.976725565735251e-05,1
35.0,2001,0.27361043695682474,0.29999999999999716,1,0.018418776500539025,3.284712068699861e-07,1.929450718307635e-06,1
35.0,2001,5.27675906506636,5.299999999999997,1,0.5925995460042373,0.0025997444245856134,0.0019932833965867758,1
35.0,2001,1.4164089930551254,1.5,1,0.23508207333134123,0.0001444919269402062,0.0003142067289445549,1
35.0,2001,1.305244685840796,1.4000000000000057,1,0.0,0.0,0.0,1
35.0,2001,38.62958963063383,15.200000000000003,0,0.0,0.0010038791024938236,nan,0
35.0,2001,1.3162599980474827,1.3999999999999915,1,0.8020869188205779,0.0013787829677001592,0.003645605407655239,1
35.0,2001,0.36120048678032324,0.3999999999999915,1,0.019836542155587722,5.619060708654485e-07,2.2379167603503447e-06,1
35.0,2001,0.22468594633510958,0.4000000000000057,1,0.14493017635882666,1.8295230401821923e-05,0.0001194479555124417,1
35.0,2001,0.11885139101910533,0.20000000000000284,1,2.206909414326219e-05,3.569411453718038e-13,2.770014035854973e-12,1
35.0,2001,38.90785251460179,35.599999999999994,0,0.0,33.06953865772942,nan,0
35.0,2001,13.4731622715005,13.599999999999994,1,7.657045315632843,0.650780463682804,0.2500676214694977,1
35.0,2001,7.384447893844192,7.400000000000006,1,13.154902874949158,0.5390325593275468,0.4960213601589203,1
35.0,2001,2.5742528029973224,2.700000000000003,1,0.0015962108554958832,3.0046479181768616e-07,1.4490836974800914e-08,1
35.0,2001,24.797495451003176,24.799999999999997,1,6.113268963334463,1.398456763156338,0.17529135942459106,1
35.0,2001,6.509381852741428,6.599999999999994,1,47.35840478376633,3.272759333689051,0.9273033142089844,1
35.0,2001,0.36587154903338753,0.3999999999999915,1,0.022921995634874293,5.867670519357572e-07,2.988247160828905e-06,1
35.0,2001,0.2745838764493904,0.29999999999999716,1,0.015743575448226466,2.6028200548104157e-07,1.4096752920522704e-06,1
35.0,2001,35.70954438619681,35.8,1,247.2507197189887,30.745753001681475,0.9971321225166321,1
35.0,2001,0.1058016111061205,0.20000000000000284,1,0.021791676246152747,3.577524300719313e-07,2.700803861444001e-06,1
35.0,2001,5.027784035890597,5.099999999999994,1,0.9706919431205279,0.002681656542238597,0.005330337211489677,1
35.0,2001,0.17816034690386062,0.20000000000000284,1,1.0133791879685248,0.0011703393287224194,0.005806677974760532,1
35.0,2001,1.2327148824527867,1.2999999999999972,1,0.42813459204396054,0.00038888475189730585,0.0010414083953946829,1
35.0,2001,4.863589963447232,5.0,1,4.55998726903772,0.13030296542819586,0.10575409233570099,1
35.0,2001,0.27444234901895065,0.30000000000001137,1,0.15415655800785544,2.0116590296793117e-05,0.00013513823796529323,1
35.0,2001,0.1396573585876228,0.20000000000000284,1,0.20261288682769418,3.0744118422671255e-05,0.00023342409986071289,1
35.0,2001,0.14635465291426544,0.20000000000000284,1,0.008683469024617807,4.297077197183141e-08,4.2884394702014106e-07,1
35.0,2001,35.960008379057044,36.0,1,26.663620870146556,11.618658242791042,0.8017227053642273,1
35.0,2001,22.263190150590106,22.299999999999997,1,29.6921930067615,11.276298569400302,0.8337255120277405,1
35.0,2001,2.3392330507555177,2.4000000000000057,1,0.0331745462294748,1.83633659992224e-06,6.259219844650943e-06,1
35.0,2001,0.15757076780949428,0.20000000000000284,1,0.08955975670090766,5.6610496494869335e-06,4.5616183342644945e-05,1
35.0,2001,5.748170685161697,5.799999999999997,1,1.3762863732313235,0.014395406141246299,0.010658031329512596,1
35.0,2001,30.090701484107388,30.10000000000001,1,3.6937548207054647,0.04306980661783347,0.07200993597507477,1
35.0,2001,0.19309539355719374,0.30000000000001137,1,0.030280081969749517,1.1959157657747982e-06,5.214645170781296e-06,1
35.0,2001,0.8251798457314309,0.9000000000000057,1,0.599221012050549,0.0005506458469831828,0.002037985250353813,1
35.0,2001,0.34176143359040523,0.4000000000000057,1,0.29166666666662877,7.953335476764258e-05,0.0004835890722461045,1
35.0,2001,0.20541406885969837,0.5,1,0.07418172325228056,6.366020510049237e-06,3.129631295450963e-05,1
35.0,2001,0.1566551875693441,0.20000000000000284,1,0.09303600027931225,5.821152250679507e-06,4.9225895054405555e-05,1
35.0,2001,0.3921897339532116,0.5,1,1.0649137719908026,0.0031833302739146417,0.006408402230590582,1
35.0,2001,17.68598255385605,17.69999999999999,1,46.19211265281024,8.391974656352653,0.9238689541816711,1
35.0,2001,9.776098940877695,9.799999999999997,1,8.813639903525313,0.8863446447394989,0.3064214587211609,1
35.0,2001,33.50817300520641,33.6,1,6.9804254796125065,0.18572976120918583,0.21699169278144836,1
35.0,2001,0.32002488718899835,0.4000000000000057,1,0.250055275177516,6.16896369410796e-05,0.00035549260792322457,1
35.0,2001,0.4871222870362743,0.5,1,0.030298635084420766,9.083983889071078e-07,5.221037554292707e-06,1
35.0,2001,0.26366433290594576,0.29999999999999716,1,0.14371385931889336,1.7678671165865607e-05,0.00011745168012566864,1
35.0,2001,41.38525623699054,24.700000000000003,0,0.0,1.4895163551991535,nan,0
35.0,2001,0.15956231937962456,0.6999999999999886,1,0.029034791877393218,1.0491820589817755e-06,4.794555025000591e-06,1
35.0,2001,0.5933159518296471,0.5999999999999943,1,0.19476398332696476,4.2761548875018724e-05,0.00021569326054304838,1
35.0,2001,0.10078836752851678,0.19999999999998863,1,0.11560203296903637,1.027336588384191e-05,7.599952368764207e-05,1
35.0,2001,3.6455861072228783,3.700000000000003,1,7.426104655708514,0.2470855565645178,0.23875795304775238,1
35.0,2001,1.05087111484531,1.2999999999999972,1,0.05326594434870913,5.7446890924576105e-06,1.613634594832547e-05,1
35.0,2001,0.20769920607288989,0.5,1,0.0540105605451231,4.031465170131616e-06,1.6590638551861048e-05,1
35.0,2001,1.4139740816583295,1.5,1,0.8091721565015177,0.0013193557663325872,0.0037100568879395723,1
35.0,2001,0.17832455830638616,0.20000000000000284,1,0.008436105869350286,5.1696168151798484e-08,4.04759276761979e-07,1
35.0,2001,30.97536820366631,31.0,1,241.73168086926142,24.790898958376843,0.9970000386238098,1
35.0,2001,0.1347367886922259,0.3999999999999915,1,0.05392987840264141,3.1767513313183933e-06,1.6541109289391898e-05,1
35.0,2001,5.814032344724381,5.8999999999999915,1,2.074091320363806,0.030709590213764265,0.02388201840221882,1
35.0,2001,2.7122078149393385,2.9000000000000057,1,0.14468689957220704,0.00010266011470380434,0.00011904733401024714,1
35.0,2001,14.588862652004853,14.599999999999994,1,3.5822416888637463,0.04428557400733676,0.06801893562078476,1
35.0,2001,0.28737347463861407,0.29999999999999716,1,0.11253992291017312,1.0353494401554085e-05,7.202693086583167e-05,1
35.0,2001,24.51832801019536,24.60000000000001,1,41.21995603562243,13.59046343770377,0.9062209129333496,1
35.0,2001,0.1829333636688828,0.20000000000000284,1,1.064557585550574e-05,7.884519370298171e-14,6.44542091140371e-13,1
35.0,2001,28.986554822154112,1.7000000000000028,0,0.0,1.3504656008835356e-05,nan,0
35.0,2001,28.921572193314134,29.0,1,48.45109619312934,11.143555591784711,0.9303193688392639,1
35.0,2001,13.28777216993441,13.299999999999997,1,1.1941560981409225,0.032179861793794944,0.008045019581913948,1
35.0,2001,18.2769713213205,18.299999999999997,1,15.113159710638513,7.560949214793779,0.565036416053772,1
35.0,2001,6.583690959700759,6.6000000000000085,1,7.659037356166095,0.3447695910517932,0.2501652240753174,1
35.0,2001,2.7247198933755223,2.799999999999997,1,0.38951617092283186,0.00016140854661266495,0.0008621629094704986,1
35.0,2001,9.494219863055168,9.5,1,2.8666564618829966,0.038997068997985,0.044650521129369736,1
35.0,2001,1.5621661182626196,1.5999999999999943,1,0.0017960454667900194,8.200866930180678e-09,1.834626139896045e-08,1
35.0,2001,0.3274829485382405,0.3999999999999915,1,0.1798796457084677,2.9994063837863135e-05,0.00018399121472612023,1
35.0,2001,1.0143166436353022,1.0999999999999943,1,0.5987869661029208,0.0005561890419071645,0.0020350399427115917,1
35.0,2001,5.089360963319715,5.200000000000003,1,11.380106552830114,0.602114642598121,0.42414748668670654,1
35.0,2001,2.46546445820256,2.5,1,2.8222618465325695,0.025903200047493594,0.043337736278772354,1
35.0,2001,0.10680666155799529,0.20000000000000284,1,0.10384737116268639,7.670411479422222e-06,6.133061833679676e-05,1
35.0,2001,24.381068162776746,24.39999999999999,1,29.302540108312087,2.157069187164278,0.830030620098114,1
35.0,2001,7.891268931115443,7.8999999999999915,1,10.229370582740103,0.7471064962600804,0.37309128046035767,1
35.0,2001,1.0554017749952176,1.0999999999999943,1,0.8185829792166714,0.003332062240215105,0.003796526463702321,1
35.0,2001,5.2950212002663495,5.299999999999997,1,1.0802521639600116,0.004342266381293702,0.00659311143681407,1
35.0,2001,1.3801752257575295,1.4000000000000057,1,0.21110575131604037,9.14735693339573e-05,0.00025339791318401694,1
35.0,2001,11.24131556117055,11.299999999999997,1,62.75209718152047,5.898909494097515,0.9572575688362122,1
35.0,2001,2.2624313994970917,2.299999999999997,1,0.19330886707388117,6.743030601465816e-05,0.00021248300618026406,1
35.0,2001,20.53004333833057,20.60000000000001,1,0.2696395600669348,0.0021065949788578887,0.0004133335314691067,1
35.0,2001,28.169500676905972,28.200000000000003,1,3.9920343776770437,1.7918303417341894,0.08310393989086151,1
35.0,2001,1.5143367006610953,1.7000000000000028,1,1.228251124036376,0.011450153365545458,0.008507009595632553,1
35.0,2001,5.760154236567761,5.799999999999997,1,6.274523842240569,0.26278815715551695,0.1829468011856079,1
35.0,2001,0.16034053003359408,0.20000000000000284,1,0.05492855924759965,2.316613260473867e-06,1.7159392882604152e-05,1
35.0,2001,11.03886034210699,11.099999999999994,1,26.591315045078318,2.0296301006131996,0.8008579611778259,1
35.0,2001,3.7151087244554315,3.799999999999997,1,0.0,0.0,0.0,1
35.0,2001,38.233562764687555,16.200000000000003,0,0.0,4.689776463662874,nan,0
35.0,2001,16.806877942299373,2.1000000000000085,0,0.0,5.3991125914662925e-05,nan,0
35.0,2001,26.18858982991021,26.200000000000003,1,3.3116167220893544,3.2110355346145774,0.05871056765317917,1
35.0,2001,0.2300429379295501,0.3999999999999915,1,0.04373971673501842,1.8518041099137507e-06,1.0880783520406112e-05,1
35.0,2001,0.1813109904537748,0.20000000000000284,1,0.009069193676054965,4.6786102304739206e-08,4.677891070059559e-07,1
35.0,2001,11.860579427387696,11.899999999999991,1,57.56821636885835,4.761096686096307,0.9496185183525085,1
35.0,2001,24.246335231978744,24.30000000000001,1,157.33440403058762,18.003860029683928,0.9929471611976624,1
35.0,2001,11.115860022544751,11.200000000000003,1,3.950792148617438,0.05764197189972934,0.0815349742770195,1
35.0,2001,8.557613869797029,8.600000000000009,1,21.014335219374118,1.8829807183641742,0.7152265906333923,1
35.0,2001,0.9076323909544163,1.2000000000000028,1,0.12865093820153106,2.7958502712153364e-05,9.41234829952009e-05,1
35.0,2001,0.2609460281179981,0.30000000000001137,1,0.1116572304393344,1.068849844425594e-05,7.090157305356115e-05,1
35.0,2001,0.7066318741859698,0.7999999999999972,1,0.02379713890172752,8.143746868786737e-07,3.220779944967944e-06,1
35.0,2001,0.3760335633054395,0.4000000000000057,1,1.0088332382390206,0.0022619098642832226,0.0057549974881112576,1
35.0,2001,27.407108361950357,27.5,1,167.72051463777956,15.22775361011941,0.9937883019447327,1
35.0,2001,22.3583522898983,22.39999999999999,1,2.828313067307363,0.027641722294390075,0.043515678495168686,1
35.0,2001,0.8454249301164887,0.8999999999999915,1,0.10403969697514981,1.645049788482355e-05,6.155798473628238e-05,1
35.0,2001,0.18520376322297322,0.19999999999998863,1,0.02637510519053876,5.09305749594827e-07,3.956394721171819e-06,1
35.0,2001,25.033001370440196,5.0,0,0.0,0.0009324829531166924,nan,0
35.0,2001,26.058653456238662,26.10000000000001,1,236.24315975785453,18.83299078137049,0.9968594908714294,1
35.0,2001,36.29518762554292,2.200000000000003,0,0.0,1.937542885871605e-06,nan,0
35.0,2001,16.09981704985618,16.099999999999994,1,28.997107671468598,5.085749419256605,0.8270536661148071,1
35.0,2001,15.654637470761804,15.700000000000003,1,33.279341706910714,2.549299964648888,0.8629924058914185,1
35.0,2001,0.6651435807162804,0.7000000000000028,1,0.12390384323171588,1.792253325144312e-05,8.7306099885609e-05,1
35.0,2001,0.6115090492531304,0.7000000000000028,1,0.09070344254112683,1.2001644560525473e-05,4.6788612962700427e-05,1
35.0,2001,1.4845930955045288,1.5,1,0.0004325648296230611,4.426154470912995e-10,1.0641806325040193e-09,1
35.0,2001,27.833202895254423,27.900000000000006,1,185.43504526717345,17.268812479704216,0.9949126839637756,1
35.0,2001,0.7577808329824681,0.7999999999999972,1,0.18882475523497533,5.0141069991244984e-05,0.0002027415466727689,1
35.0,2001,39.34946741421521,39.4,1,40.652663881345,3.668761834892523,0.9038387537002563,1
35.0,2001,6.98804592050033,7.0,1,5.270661343314117,0.2691111462124443,0.13643836975097656,1
35.0,2001,3.4640533577172263,3.6000000000000085,1,7.187888047555674,0.22894665266392655,0.22710877656936646,1
35.0,2001,4.61817367945628,4.700000000000003,1,1.0725801129020738,0.005649257204287373,0.006500400602817535,1
35.0,2001,1.9426122323117823,2.0,1,2.8066113447121097,0.020069494475518715,0.04287897050380707,1
35.0,2001,7.077605751825086,7.099999999999994,1,11.850503664099849,1.1166070504570218,0.4440445601940155,1
35.0,2001,3.2110553499913443,3.299999999999997,1,2.0575908248530084,0.021398638209800903,0.02351243980228901,1
35.0,2001,0.6252499918386231,0.7000000000000028,1,0.02225642051922705,5.766672053394896e-07,2.8172303245810326e-06,1
35.0,2001,0.5232907941890406,0.5999999999999943,1,0.08506308487292813,8.875716182619159e-06,4.115070987609215e-05,1
35.0,2001,21.680891240681166,21.69999999999999,1,60.42526019155819,5.311382147987494,0.9540565013885498,1
35.0,2001,2.6188344231362746,2.6999999999999886,1,4.6369394805362845,0.06778135202518747,0.108961321413517,1
35.0,2001,0.17545339676390675,0.19999999999998863,1,0.9692137001597637,0.0007639667594161276,0.005314200650900602,1
35.0,2001,5.392752062518997,5.400000000000006,1,12.232655756138968,0.7534505060244681,0.4597657322883606,1
35.0,2001,2.1222961702556624,2.200000000000003,1,1.366162244231532,0.006617724901655895,0.010503445751965046,1
35.0,2001,1.1090633911640986,1.2000000000000028,1,0.19994783049304488,6.58113550932341e-05,0.0002273252175655216,1
35.0,2001,2.3939065416242973,2.3999999999999915,1,2.2945897862169886,0.015486609350425562,0.02907428704202175,1
35.0,2001,0.1498752042204622,0.20000000000000284,1,0.007629998555586326,3.572661103540176e-08,3.3110194408436655e-07,1
35.0,2001,0.9699377192703289,1.0,1,0.08036080848103211,7.519299232150175e-06,3.672701132018119e-05,1
35.0,2001,1.4784550905691731,1.5,1,0.25433942301083334,0.00014029780988026648,0.0003677736094687134,1
35.0,2001,0.34420526746245855,0.4000000000000057,1,0.06315258902537835,3.5857592357115857e-06,2.268221214762889e-05,1
35.0,2001,3.44740410153823,3.5,1,0.2983431379337844,0.0005127282657825757,0.0005059705581516027,1
35.0,2001,2.058892345647759,2.0999999999999943,1,0.10698017258800974,6.107384129586811e-05,6.508655496872962e-05,1
35.0,2001,5.606605186997942,3.0,0,0.0,0.0011620351086135692,nan,0
35.0,2001,0.13673476123533226,0.20000000000000284,1,0.026857925291608353,5.594212730716896e-07,4.102570983377518e-06,1
35.0,2001,0.4950324424892535,0.5,1,0.15611196595853016,2.7297412006845666e-05,0.00013858784222975373,1
35.0,2001,0.4935648857231211,0.5,1,0.04631913996865933,2.415027574273583e-06,1.2201932804600801e-05,1
35.0,2001,3.4959117825682515,3.5,1,6.95787068593421,0.24696273190084425,0.2158939391374588,1
35.0,2001,0.6585228253879031,0.7000000000000028,1,4.152818550608767,0.026064214060074448,0.08932298421859741,1
35.0,2001,10.653520639856643,10.699999999999989,1,0.47419990951493673,0.006329190846340748,0.001277264440432191,1
35.0,2001,17.49404516209121,17.5,1,3.414192440223985,1.54824955161673,0.062174323946237564,1
35.0,2001,13.285074067887312,13.299999999999997,1,1.375473816854253,0.005928654886595277,0.01064558420330286,1
35.0,2001,2.99356950880707,3.0,1,35.69307505116956,1.3349806186559696,0.8787248134613037,1
35.0,2001,16.929311046346356,17.0,1,4.365702281642996,0.07992643875123648,0.0977969840168953,1
35.0,2001,7.29507318009588,7.299999999999997,1,2.287111101375217,0.03775453411519388,0.028890540823340416,1
35.0,2001,0.7525344375377918,0.8999999999999915,1,0.13062755963082395,2.5079973925992657e-05,9.703768591862172e-05,1
35.0,2001,0.2467587823298852,0.29999999999999716,1,0.3056825368037511,9.163833160202056e-05,0.000531157711520791,1
35.0,2001,1.0003623509204604,1.0999999999999943,1,1.1239014351681362,0.0023175097496783556,0.007132808677852154,1
35.0,2001,0.20038054957830304,0.29999999999999716,1,0.02432404592536841,9.878619875185044e-07,3.364984877407551e-06,1
35.0,2001,0.14868062600268736,0.20000000000000284,1,0.06045617228693345,2.6984629353544875e-06,2.078668330796063e-05,1
35.0,2001,42.082383958127195,42.099999999999994,1,10.154817698604859,17.868323992150096,0.3696759045124054,1
35.0,2001,0.45096525601552656,0.5,1,1.1084853892640467,0.0035610782104160184,0.00693982420489192,1
35.0,2001,0.923318319961397,1.0,1,0.024864200739216358,6.109767188847071e-07,3.5160935567546403e-06,1
35.0,2001,0.14126879836192607,0.19999999999998863,1,0.0004970691616676959,2.4942135355736195e-08,1.405227378903362e-09,1
35.0,2001,0.24718073244663813,0.29999999999999716,1,0.07772921095266838,5.856918213172696e-06,3.436105907894671e-05,1
35.0,2001,25.22896871986114,25.299999999999997,1,74.23511764767039,6.172630100662639,0.9690808057785034,1
35.0,2001,6.227788459038356,6.299999999999997,1,6.797568554216269,0.31710669336503516,0.20810697972774506,1
35.0,2001,2.437400478732289,2.5,1,1.578103707743992,0.008119635933077008,0.013966123573482037,1
35.0,2001,0.2818095474388768,0.29999999999999716,1,0.9214184633370053,0.0013669665767402461,0.004805457778275013,1
35.0,2001,27.131044318918715,20.799999999999997,0,0.0,0.011470407151574193,nan,0
35.0,2001,0.2657073917509317,0.30000000000001137,1,0.08458285458777937,5.715354535229891e-06,4.06874023610726e-05,1
35.0,2001,0.10756829986912263,0.20000000000000284,1,0.032946152863416955,7.381631378908023e-07,6.173332621983718e-06,1
35.0,2001,9.484627483706948,9.5,1,76.15578225232429,6.142032971501819,0.9705753922462463,1
35.0,2001,4.477905392569578,4.5,1,0.15857410488945334,6.332850114018352e-05,0.00014299320173449814,1
35.0,2001,3.2614881941943916,3.299999999999997,1,9.35623709429268,0.31646992674195723,0.33238503336906433,1
35.0,2001,1.96515767319279,2.0,1,0.020215373725562813,1.2751056295395156e-06,2.3242107545229373e-06,1
35.0,2001,0.6758847993484867,0.7000000000000028,1,0.04813608380663936,4.896599428271858e-06,1.3177977052691858e-05,1
35.0,2001,0.662104281014961,0.6999999999999886,1,0.03637186539526738,4.269305628578147e-06,7.52386222302448e-06,1
35.0,2001,0.36188543013357277,0.3999999999999915,1,0.02207946922325732,5.771607468390202e-07,2.7726114240067545e-06,1
35.0,2001,24.084327122871674,24.10000000000001,1,1.3733032788780406,0.40281584797966297,0.0106123685836792,1
35.0,2001,0.1422649990095043,0.20000000000000284,1,0.0001481147704396335,1.634070044010362e-11,1.2476986110954158e-10,1
35.0,2001,2.4010654226997215,2.6000000000000085,1,1.47777359866825,0.007187454786700526,0.012267835438251495,1
35.0,2001,0.13378078416717126,0.20000000000000284,1,0.02022330253413429,3.0897599734732024e-07,2.326034291399992e-06,1
35.0,2001,0.18138012410809495,0.20000000000000284,1,0.01939860925867265,2.4871451884708317e-07,2.140194283128949e-06,1
35.0,2001,0.9285500751385554,1.0,1,0.7053302309068954,0.0008092040595221038,0.0028214403428137302,1
35.0,2001,43.73394637010521,42.599999999999994,0,0.0,20.718833723212636,nan,0
35.0,2001,29.846480477717602,29.900000000000006,1,3.350627929726165,1.2581722069261785,0.06001843884587288,1
35.0,2001,4.74456173895839,4.799999999999997,1,0.05168337385242694,6.358618740955352e-06,1.5191759302979335e-05,1
35.0,2001,1.5533415079778439,1.7000000000000028,1,0.5877948552389114,0.0008250131203850587,0.0019611550960689783,1
35.0,2001,0.7294648896752138,0.7999999999999972,1,0.005653871192066617,4.357553371226865e-07,1.8180452343585785e-07,1
35.0,2001,21.472926625621504,21.5,1,184.3587465562975,16.22336059254372,0.9948534369468689,1
35.0,2001,0.479400506554974,0.5,1,0.04507508277629313,1.9669690788134267e-06,1.1555293895071372e-05,1
35.0,2001,7.307432359312226,7.3999999999999915,1,0.0,0.0,0.0,1
35.0,2001,3.4570225518372477,3.5,1,0.7041908157500529,0.002574503186443368,0.002812357619404793,1
35.0,2001,16.654101746279242,16.700000000000003,1,35.364658177685925,7.677715762956664,0.8767408132553101,1
35.0,2001,4.705501994730307,4.799999999999997,1,2.162333066366614,0.023904669613298093,0.025903597474098206,1
35.0,2001,0.7728063153551827,0.7999999999999972,1,0.4630731440527711,0.0002938703155296079,0.0012180996127426624,1
35.0,2001,1.267419133530033,1.3000000000000114,1,0.03875917587134836,9.856788363716974e-05,8.543942385585979e-06,1
35.0,2001,0.46641492029032194,0.5,1,0.14861303056335373,2.1996810732820773e-05,0.00012559494643937796,1
35.0,2001,0.2039793354056743,0.29999999999999716,1,2.029251731983095e-06,2.6659487426321753e-15,2.3419886703243166e-14,1
35.0,2001,1.3379007714151765,1.3999999999999915,1,0.911559341772886,0.0013992927810528497,0.0047036525793373585,1
35.0,2001,0.8135253008184763,0.9000000000000057,1,0.4696012043552287,0.00031076367419114457,0.0012526421342045069,1
35.0,2001,29.58349570479698,29.599999999999994,1,249.99512094936136,21.41752384840525,0.9971945285797119,1
35.0,2001,7.670181998997703,7.799999999999997,1,9.378395521665738,0.6791922686249197,0.33343568444252014,1
35.0,2001,4.249603612482709,4.3999999999999915,1,2.9355903070025704,0.04557570265510212,0.046722203493118286,1
35.0,2001,1.4442656598113486,1.5,1,0.05594678152738197,7.182309294576997e-06,1.7801452486310154e-05,1
35.0,2001,7.851668303639015,7.900000000000006,1,0.5134179562300005,0.003696734196938255,0.0014969402691349387,1
35.0,2001,1.3679573759908377,1.4000000000000057,1,0.464279499545853,0.0004212518324832687,0.0012244466925039887,1
35.0,2001,2.7123460325100117,2.8000000000000114,1,0.9964110299811182,0.004181778322951245,0.005614933092147112,1
35.0,2001,0.42422533149727076,0.5,1,0.03933947565963081,1.6369747854902649e-06,8.801694093563128e-06,1
35.0,2001,0.6884557196880976,0.7000000000000028,1,0.009386246041913182,1.171965803065926e-07,5.010679160477594e-07,1
35.0,2001,33.52171555172596,33.599999999999994,1,25.409305752025432,2.119353434140856,0.7859573364257812,1
35.0,2001,0.21171608231425118,0.29999999999999716,1,0.15450331818760787,2.1092878583014278e-05,0.00013574679906014353,1
35.0,2001,0.4714692525090053,0.5,1,0.13911979623861725,1.8414275300426743e-05,0.00011006342538166791,1
35.0,2001,19.653761781896705,6.5,0,0.0,0.005073866843619233,nan,0
35.0,2001,3.792168383676411,3.8000000000000114,1,3.061038634464353,0.033901511851411964,0.05059438943862915,1
35.0,2001,0.9215798692142301,1.0,1,0.6404856280188369,0.0006074009341134098,0.0023276605643332005,1
35.0,2001,0.31714274480475557,0.4000000000000057,1,0.01713471155926527,2.670824408605541e-07,1.6698052149877185e-06,1
35.0,2001,0.19460776168556354,0.20000000000000284,1,0.09694649679829581,7.008913764874421e-06,5.345077079255134e-05,1
35.0,2001,18.928661224867085,19.0,1,64.09444631832778,10.448243922340204,0.9589564204216003,1
35.0,2001,7.91295657431702,8.0,1,31.01115204680292,2.3870706047548387,0.8454288840293884,1
35.0,2001,0.27144080625671285,0.29999999999999716,1,0.6579274908405353,0.0007195097192810003,0.0024558461736887693,1
35.0,2001,4.656259225347932,4.700000000000003,1,0.03068340393619451,2.274800014516331e-06,5.354484983399743e-06,1
35.0,2001,1.116328585193652,1.2000000000000028,1,0.23942623876206426,0.00013443203612705318,0.00032592288334853947,1
35.0,2001,15.165837862753667,15.200000000000003,1,149.8156324116549,11.00756744969449,0.9922270774841309,1
35.0,2001,4.318877077485189,4.400000000000006,1,10.888675533845458,0.5163419352806708,0.4027409553527832,1
35.0,2001,0.894251752208,0.9000000000000057,1,0.021944841787160385,7.604990013534819e-07,2.73890304924862e-06,1
35.0,2001,0.8405807960425109,0.9000000000000057,1,0.07071534243755195,1.0516834652788547e-05,2.8439888410503045e-05,1
35.0,2001,0.6532945875470234,0.7000000000000028,1,0.21134515210383142,4.982835557203128e-05,0.0002539728011470288,1
35.0,2001,4.350167932115996,4.5,1,1.129924450605472,0.009232555081266742,0.007208910305052996,1
35.0,2001,1.9822022517286226,2.0,1,1.0255612835178454,0.002883184684358349,0.005946289282292128,1
35.0,2001,1.5809545139648384,1.5999999999999943,1,0.013104005865898216,3.127988633124857e-07,9.766089306140202e-07,1
35.0,2001,0.30220750527322143,0.4000000000000057,1,0.004630777318539003,2.121201399591071e-08,1.219609231384311e-07,1
35.0,2001,1.9515964978222229,2.0,1,0.8274918070762283,0.0018288079128962848,0.003879290772601962,1
35.0,2001,1.3247043089163402,1.3999999999999915,1,0.08302300298777254,5.763636052754155e-06,3.920060771633871e-05,1
35.0,2001,0.7086870179744283,0.7999999999999972,1,0.37169542600679506,0.00017309057929465075,0.0007851385162211955,1
35.0,2001,11.273504889512077,11.299999999999997,1,0.36138949581788893,0.0027397941071547124,0.0007422351627610624,1
35.0,2001,1.2984925866051875,1.5,1,0.6795409561177053,0.0009704422388415383,0.0026194199454039335,1
35.0,2001,26.95517921903592,27.099999999999994,1,1.3128348028146775,0.0928364630757381,0.009707260876893997,1
35.0,2001,22.38349437063692,22.39999999999999,1,28.86628952579997,2.380081847016656,0.825756311416626,1
35.0,2001,1.662831171810238,1.6999999999999886,1,1.051338181666324,0.002478439401981061,0.006247068289667368,1
35.0,2001,1.0910756783622195,1.0999999999999943,1,0.7507854981186597,0.0009695694303314185,0.003195616416633129,1
35.0,2001,29.162861351196437,29.200000000000003,1,23.22001479882647,9.738965186708569,0.7540861368179321,1
35.0,2001,25.28955141501963,25.299999999999997,1,7.527472175812363,9.486730570925888,0.2437211573123932,1
35.0,2001,9.242717750188163,9.299999999999997,1,17.20350890171784,1.4279194099568682,0.6273167729377747,1
35.0,2001,3.484461393096597,3.5999999999999943,1,0.1615357371229038,0.00021625598405275627,0.00014838355127722025,1
35.0,2001,0.14944477262996414,0.20000000000000284,1,0.02250726775343992,2.9576419925637727e-07,2.881092768802773e-06,1
35.0,2001,7.045489326397193,7.1000000000000085,1,8.298613557065778,0.45703280860181567,0.2814405858516693,1
35.0,2001,40.419498829039476,40.5,1,124.2334592971984,19.6075682843571,0.9887360334396362,1
35.0,2001,1.3594748940622436,1.4000000000000057,1,1.1235648316326774,0.007816400918373979,0.007128566969186068,1
35.0,2001,0.2856269286689987,0.29999999999999716,1,0.013814165042902005,1.692570240281919e-07,1.085329927263956e-06,1
35.0,2001,5.520313366072597,5.599999999999994,1,3.2907043869421955,0.06631930740941913,0.058014292269945145,1
35.0,2001,0.1228819734988332,0.19999999999998863,1,0.02345432706056272,3.846650993718517e-07,3.128654043393908e-06,1
35.0,2001,0.14142553960962112,0.5,1,1.2447035864095426,0.0034279531926248285,0.008734435774385929,1
35.0,2001,0.1798190759854239,0.19999999999998863,1,0.006738988419613179,3.280581957978027e-08,2.582868319223053e-07,1
35.0,2001,3.013077115654603,3.1000000000000085,1,1.081023398313505,0.0036514548661925393,0.006602466572076082,1
35.0,2001,0.2896366452351372,0.29999999999999716,1,0.007693656422134154,1.3380832586570776e-07,3.3664980492176255e-07,1
35.0,2001,36.265669086605826,36.39999999999999,1,214.6267754424041,28.79193134883549,0.996197521686554,1
35.0,2001,11.71104931349373,11.799999999999997,1,0.7414182118162671,0.012250995481498361,0.003116619773209095,1
35.0,2001,9.41410682077851,9.5,1,30.662855865500205,3.64538508758691,0.8424537777900696,1
35.0,2001,2.352437475334816,2.3999999999999915,1,1.2472962296263574,0.00492926990491513,0.008770540356636047,1
35.0,2001,1.2581354958219706,1.2999999999999972,1,0.016909099996723853,6.082598773356036e-07,1.6261224118352402e-06,1
35.0,2001,0.2804357744659912,0.29999999999999716,1,0.008855451556939897,8.693792748327946e-08,4.459992908323329e-07,1
35.0,2001,0.12689196916541393,0.20000000000000284,1,5.621429863822414e-06,2.1885722198014878e-14,1.7972419613741103e-13,1
35.0,2001,1.3358204827577198,1.4000000000000057,1,0.05562507737531064,5.483741799993793e-06,1.759732185746543e-05,1
35.0,2001,0.8100642656949579,0.8999999999999915,1,0.47707565474507874,0.00034547158464975013,0.0012927830684930086,1
35.0,2001,0.1323256219539711,0.19999999999998863,1,5.3309290137804055e-06,2.0169108127039262e-14,1.6162879411599218e-13,1
35.0,2001,0.20937204773173082,0.29999999999999716,1,0.008495525405578519,4.417031557706487e-08,4.104811921479268e-07,1
35.0,2001,0.8347345584730531,1.0,1,0.06131185977972109,7.356483151883719e-06,2.137925912393257e-05,1
35.0,2001,7.398243893174491,7.400000000000006,1,0.04333673186459919,5.3904659570685636e-05,1.068121400749078e-05,1
35.0,2001,3.3014926584991358,3.4000000000000057,1,0.0,0.0,0.0,1
35.0,2001,0.570164295195054,0.5999999999999943,1,0.12902903796396004,2.0020652494429894e-05,9.467749623581767e-05,1
35.0,2001,7.4414434893205055,7.5,1,3.8617486931601945,0.12421006192104198,0.07818521559238434,1
35.0,2001,2.263597451458403,2.299999999999997,1,0.2999683714148773,0.00021643855877487772,0.0005114953382872045,1
35.0,2001,0.8161956943150184,0.8999999999999915,1,0.2843586667607383,0.0001183589120860761,0.00045967006008140743,1
35.0,2001,2.4090371089373086,2.700000000000003,1,3.6402756321674614,0.041380359586800766,0.07008495181798935,1
35.0,2001,0.29567105208724526,0.29999999999999716,1,0.03102264792380538,8.751904982681205e-07,5.473540113598574e-06,1
35.0,2001,4.617873009052636,4.700000000000003,1,6.542375757842763,0.33777010277703795,0.1957765370607376,1
35.0,2001,0.9706172744923242,1.0,1,0.3894173116930233,0.0002419974123018826,0.0008617257117293775,1
35.0,2001,5.864977215789029,5.900000000000006,1,16.7186634010595,1.094403652763866,0.6138553619384766,1
35.0,2001,0.9456096421710136,1.0,1,0.07042169137992005,1.3722151896767522e-05,2.8204189220559783e-05,1
35.0,2001,0.32033050842885935,0.4000000000000057,1,0.03900432854089786,1.2164967014942102e-06,8.652364158479031e-06,1
35.0,2001,18.59986581273415,18.599999999999994,1,24.789849809515317,4.809795610145686,0.7775359749794006,1
35.0,2001,0.864621044801021,0.8999999999999915,1,0.4871096454209578,0.00037603352551219117,0.0013476612512022257,1
35.0,2001,1.1888410323150298,1.1999999999999886,1,0.3159402852630251,0.00017291062371357994,0.0005673831910826266,1
35.0,2001,0.44649712297129207,0.5,1,0.0,0.0,0.0,1
35.0,2001,0.1584923086166316,0.19999999999998863,1,0.03541026087651744,9.38638602937546e-07,7.131290203687968e-06,1
35.0,2001,5.081390862967137,2.0999999999999943,0,0.0,1.0330070558103375e-06,nan,0
35.0,2001,2.5121840060587988,2.700000000000003,1,0.010971775126051853,5.187384384592448e-07,6.846465794296819e-07,1
35.0,2001,0.38175800857647224,0.3999999999999915,1,0.02585753220876086,1.0113282431792258e-06,3.8026421407266753e-06,1
35.0,2001,0.5308766916360581,0.6000000000000085,1,0.02139263316803408,4.851673897347462e-07,2.6027971671283012e-06,1
35.0,2001,0.37441010139803343,0.4000000000000057,1,0.03996902412472991,1.51478321775978e-06,9.085651981877163e-06,1
35.0,2001,26.589754954537327,26.599999999999994,1,49.21755581800039,9.76426301560651,0.9323270320892334,1
35.0,2001,4.137328158974571,4.199999999999989,1,3.2450621438784992,0.04416627920735322,0.0565064363181591,1
35.0,2001,1.601789667955883,1.6999999999999886,1,0.4887112465800669,0.00048325241382394797,0.0013565259287133813,1
35.0,2001,1.4482214696176392,1.5,1,5.74223445255484e-05,8.11238801889299e-12,1.8753174360619518e-11,1
35.0,2001,6.863830108268295,6.8999999999999915,1,14.071350216978942,0.9833949221831955,0.5296595692634583,1
35.0,2001,3.2069363178315204,3.299999999999997,1,0.03881117126798017,9.58085963106536e-06,8.566880751459394e-06,1
35.0,2001,38.7618053300597,38.80000000000001,1,54.0698388915726,12.103057060336427,0.9432699680328369,1
35.0,2001,0.16038211697274957,0.20000000000000284,1,0.0038674387248534003,1.050450644343879e-08,8.50667447593878e-08,1
35.0,2001,17.556768350490806,17.599999999999994,1,8.881101746785248,2.021019515793793,0.309672087430954,1
35.0,2001,0.5447621145737508,0.5999999999999943,1,8.921387049554141e-05,9.461652036781952e-12,4.5266582149317e-11,1
35.0,2001,8.952804405231566,9.0,1,0.48592537342477726,0.0002573826095214294,0.0013411249965429306,1
35.0,2001,10.380602407016381,10.399999999999991,1,25.919234496470665,3.038257393401154,0.7925666570663452,1
35.0,2001,2.58339448855638,2.5999999999999943,1,1.0949272897453284,0.0038774595044553067,0.006772240158170462,1
35.0,2001,0.17068503477832733,0.20000000000000284,1,1.3822052693512887e-05,1.4252721344535057e-13,1.0865708289717335e-12,1
35.0,2001,1.5680572050021988,1.5999999999999943,1,0.8921819281872558,0.0018319514837342801,0.004506694618612528,1
35.0,2001,9.940447258814089,7.799999999999997,0,0.0,0.0016928897995658679,nan,0
35.0,2001,36.31506492886015,36.400000000000006,1,45.071956470010946,4.795030977972708,0.9203429818153381,1
35.0,2001,0.6196584820974094,0.7000000000000028,1,0.19848350134566317,5.9472817882328055e-05,0.0002240084868390113,1
35.0,2001,0.46057758053158904,0.5,1,0.13280769900239875,1.92350604316236e-05,0.00010030345583800226,1
35.0,2001,3.9541846624059778,4.0,1,4.20388047476024,0.08263508471565512,0.09133122116327286,1
35.0,2001,1.5164695544186009,1.5999999999999943,1,1.0642375974435367,0.0026897817185689774,0.0064003183506429195,1
35.0,2001,39.35521296756313,39.400000000000006,1,203.59010288204152,30.348645777422814,0.9957758784294128,1
35.0,2001,32.63013133249264,32.7,1,10.750015097063681,13.376018303852964,0.3965910077095032,1
35.0,2001,0.22759692310214716,0.29999999999999716,1,0.05883211271759592,2.5394570986928573e-06,1.968490323633887e-05,1
35.0,2001,1.0830446558064544,1.1000000000000085,1,0.3600678633687835,0.00023371517115951105,0.0007368202786892653,1
35.0,2001,0.16068347550965817,0.20000000000000284,1,0.03476041477455283,8.935600114418922e-07,6.871948244224768e-06,1
35.0,2001,13.720254468783937,13.799999999999997,1,4.229335651282042,0.12094596677753058,0.0923381820321083,1
35.0,2001,0.38525126574525564,0.4000000000000057,1,0.17750253769594337,2.9202509873091538e-05,0.00017916133219841868,1
35.0,2001,34.88347049649981,34.900000000000006,1,25.33254076969382,3.552279803780318,0.7849375009536743,1
35.0,2001,0.1464366947956711,0.20000000000000284,1,0.028775895243143168,6.23840152967728e-07,4.709432687377557e-06,1
35.0,2001,8.794970351550868,8.799999999999997,1,34.20028535408858,3.9792028376710995,0.8693205118179321,1
35.0,2001,4.7479443445335505,4.799999999999997,1,6.501518089758321,0.2661543176658902,0.1938113421201706,1
35.0,2001,1.7181319040343517,1.7999999999999972,1,0.6518831580263509,0.0010711367788510152,0.0024110383819788694,1
35.0,2001,0.5955112882169933,0.5999999999999943,1,4.062084934730592e-05,2.0074846888284542e-12,9.384495784636737e-12,1
35.0,2001,1.067035112859236,1.0999999999999943,1,0.0973330387651572,1.6798915484393986e-05,5.3877833124715835e-05,1
35.0,2001,0.37936252022136296,0.3999999999999915,1,0.07628812251590489,5.479645062146129e-06,3.309881503810175e-05,1
35.0,2001,34.982719717746086,26.89999999999999,0,0.0,2.8878461604990537,nan,0
35.0,2001,4.668951581503615,4.700000000000003,1,4.289986315133831,0.09689735414824448,0.09475278109312057,1
35.0,2001,3.58228553866837,3.6000000000000085,1,1.9921612941563467,0.01808218514332295,0.022073348984122276,1
35.0,2001,23.01555224130602,23.099999999999994,1,43.93297609029145,5.839681594606565,0.9165084958076477,1
35.0,2001,2.0985416718896692,2.0999999999999943,1,1.5835280544998795,0.007269397996539988,0.014060946181416512,1
35.0,2001,0.26811623197514245,0.30000000000001137,1,0.04468073428813568,1.624057040655532e-06,1.1353992704243865e-05,1
35.0,2001,4.895801893032426,4.900000000000006,1,4.488226053513301,0.11632656876090319,0.1027911975979805,1
35.0,2001,3.8971117038958782,3.9000000000000057,1,2.413209607264889,0.035710398612771824,0.032059140503406525,1
35.0,2001,0.4345046660908264,0.5,1,0.14646474354981365,2.2644382707675252e-05,0.00012199053890071809,1
35.0,2001,0.621076022775896,0.7000000000000028,1,0.018248682440628272,4.3637374437611896e-07,1.8939789470096002e-06,1
35.0,2001,0.3672668437798696,0.4000000000000057,1,0.036345653085959384,1.2347189417915102e-06,7.513021500926698e-06,1
35.0,2001,4.8187055950704565,2.200000000000003,0,0.0,3.466492874427877e-05,nan,0
35.0,2001,7.911631291917118,8.0,1,0.4102876506856319,0.003111861308712796,0.0009564763749949634,1
35.0,2001,13.62910163122051,13.700000000000003,1,30.012241832877788,6.1800844733434115,0.8366767764091492,1
35.0,2001,0.2626259797227405,0.29999999999999716,1,0.038446761786133266,1.1160405496246254e-06,8.406763299717568e-06,1
35.0,2001,9.36375834439563,9.399999999999991,1,12.068773755461251,1.1892856370973701,0.4530732333660126,1
35.0,2001,0.2371770278515359,0.29999999999999716,1,0.027887607929187652,6.067812641148731e-07,4.423169229994528e-06,1
35.0,2001,0.18249131814664676,0.20000000000000284,1,0.015880838001748998,2.0982305837715464e-07,1.434363298358221e-06,1
35.0,2001,6.243606472693025,6.300000000000011,1,0.08597577234985465,0.00014650477377484215,4.2038467654492706e-05,1
35.0,2001,3.9500433387074807,4.0,1,0.026040724454617248,4.387102283086248e-06,3.856713647110155e-06,1
35.0,2001,2.5942070342787504,2.700000000000003,1,3.224594137133579,0.04060007392668952,0.0558355413377285,1
35.0,2001,12.681766044459993,12.700000000000003,1,79.37244076685195,7.451277797639695,0.9728485345840454,1
35.0,2001,1.9252805492904543,2.0,1,0.0816578246818267,2.090042673662147e-05,3.79220764443744e-05,1
35.0,2001,0.3164376365795453,0.4000000000000057,1,0.07019613383926071,5.164888270033519e-06,2.802380913635716e-05,1
35.0,2001,0.8988518954456862,0.9000000000000057,1,0.014938948336919111,3.5414368819430185e-07,1.2692654536294867e-06,1
35.0,2001,8.557770941134992,8.599999999999994,1,7.37846803167713,0.5370630881234406,0.23642651736736298,1
35.0,2001,42.29327277628713,42.3,1,149.76427872426936,14.581906840736355,0.9922217726707458,1
35.0,2001,1.4747711648145077,1.5,1,0.4687656134776148,0.0004956736880340426,0.0012481937883421779,1
35.0,2001,0.5151128545273643,0.5999999999999943,1,0.015087661812344777,3.114670759846019e-07,1.2946616152476054e-06,1
35.0,2001,0.2495363103188131,0.29999999999999716,1,0.08743402963102653,6.242846733513279e-06,4.347654976299964e-05,1
35.0,2001,8.243325977434393,8.300000000000011,1,0.03044909998533285,1.3482329211720536e-05,5.273021997709293e-06,1
35.0,2001,0.26168283969861167,0.30000000000001137,1,0.0015721484342066105,2.1022618317430588e-09,1.4057239816622769e-08,1
35.0,2001,42.52465317809846,0.19999999999998863,0,0.0,6.581055846735111e-08,nan,0
35.0,2001,17.511313469737328,8.0,0,0.0,0.0035788610043063964,nan,0
35.0,2001,7.685317117897585,7.900000000000006,1,0.31715591829697587,0.0008430420177875544,0.0005717553431168199,1
35.0,2001,1.3721005544761773,1.4000000000000057,1,7.403346313594739e-05,1.276189035334693e-11,3.11723181989354e-11,1
35.0,2001,1.1291746014025241,1.1999999999999886,1,0.366662767443529,0.00027577038373255024,0.0007640374242328107,1
35.0,2001,0.60089594043021,0.7000000000000028,1,5.934503809612579e-05,4.79771757224752e-12,2.003003839179396e-11,1
35.0,2001,11.357986587921548,11.399999999999991,1,2.1614434616895153,0.02669958725773749,0.025882838293910027,1
35.0,2001,13.741367504951546,13.799999999999997,1,17.502373011636053,2.400299813616043,0.6353340148925781,1
35.0,2001,0.8044969309257873,0.9000000000000057,1,0.20313577888049394,6.680310655622282e-05,0.0002346301916986704,1
35.0,2001,0.4844915740516754,0.5,1,0.0028325004921612162,9.5486542320882e-09,4.563025868264958e-08,1
35.0,2001,0.3041098733894351,0.4000000000000057,1,0.027239076371643023,7.46165739768049e-07,4.219838956487365e-06,1
35.0,2001,36.76932790321549,20.900000000000006,0,0.0,6.143471563471432,nan,0
35.0,2001,12.018378242111748,12.099999999999994,1,58.19449529106191,7.035193345120791,0.9506438970565796,1
35.0,2001,10.720228738017367,10.799999999999997,1,36.17836259515701,4.200812502638566,0.8815737962722778,1
35.0,2001,0.38609437853956385,0.5,1,3.3323566412946093e-06,1.1862381881637467e-14,6.315618601010486e-14,1
35.0,2001,2.216555615554635,2.299999999999997,1,1.5538373096903229,0.007230015405216873,0.01354568637907505,1
35.0,2001,0.36393627609425694,0.3999999999999915,1,0.02246405503223059,4.305307823788534e-07,2.870040361813153e-06,1
35.0,2001,0.6365690903120935,0.6999999999999886,1,0.8240920144055508,0.0008921551397342914,0.003847602056339383,1
35.0,2001,17.193861938943623,17.200000000000003,1,20.31202127265169,1.862117153611373,0.7011796832084656,1
35.0,2001,0.2568621281964666,0.29999999999999716,1,0.0028767524354407215,1.0993652432424313e-08,4.7067150177326766e-08,1
35.0,2001,1.0736621620267228,1.2000000000000028,1,0.06473799432328065,7.0715910644825335e-06,2.3835325919208117e-05,1
35.0,2001,4.540614298339359,0.30000000000001137,0,0.0,8.870470122357229e-07,nan,0
35.0,2001,11.84373030106054,12.0,1,14.257792951360642,1.9318813488275348,0.5362123250961304,1
35.0,2001,4.757919670717551,4.799999999999997,1,1.6184071131833946,0.013458313433296001,0.014677993953227997,1
35.0,2001,0.3862614707468057,0.4000000000000057,1,0.0011292148308541528,1.386796102027824e-09,7.252138445323908e-09,1
35.0,2001,5.770156140235718,5.799999999999997,1,0.39890993250719475,0.0017927699788590579,0.0009042109595611691,1
35.0,2001,2.66577296436256,2.6999999999999886,1,0.20807860404971734,0.0017539271395897835,0.0002461845870129764,1
35.0,2001,0.19427446104999815,0.19999999999998863,1,0.004827561082493048,1.7101629313870614e-08,1.3254656039407564e-07,1
35.0,2001,0.16102199208968362,0.19999999999998863,1,0.9564368726359476,0.001033160731106809,0.0051757339388132095,1
35.0,2001,6.558107770952914,6.6000000000000085,1,0.2912887868337748,0.001089130328114512,0.0004823374329134822,1
35.0,2001,4.317394654291987,4.5,1,0.17103111514575176,0.00238456900297588,0.00016633780614938587,1
35.0,2001,0.6593535678921301,0.7000000000000028,1,0.999374288116968,0.003824455250739853,0.005648191086947918,1
35.0,2001,0.34305691636886565,0.4000000000000057,1,0.005149660003752388,2.690316161673715e-08,1.5082383697517798e-07,1
35.0,2001,0.5685778133968632,0.5999999999999943,1,0.1666815775760142,3.1927743202003596e-05,0.0001579863455845043,1
35.0,2001,0.18594913033691113,0.20000000000000284,1,0.00011948986278298435,1.0502374982408378e-11,8.120356470575629e-11,1
35.0,2001,12.423640341002939,12.5,1,1.354576897017182,0.28262675882060406,0.010327890515327454,1
35.0,2001,0.18559133353524207,0.20000000000000284,1,0.0009475291406033648,5.676294130820884e-10,5.106203460059078e-09,1
35.0,2001,7.118351255153823,7.200000000000003,1,12.381558981277465,0.8798819239163604,0.46578165888786316,1
35.0,2001,32.20130618423361,32.3,1,58.15415666340397,25.60840824212764,0.9505787491798401,1
35.0,2001,0.6222335363371044,0.7000000000000028,1,0.15964186669600622,2.5910502362070228e-05,0.0001449250994483009,1
35.0,2001,26.52494835846085,26.599999999999994,1,74.72323956698025,16.318344104378614,0.9694711565971375,1
35.0,2001,2.1494301261110897,2.1999999999999886,1,1.2082316998567535,0.004538638276383854,0.008234221488237381,1
35.0,2001,0.22807270239230681,0.29999999999999716,1,0.30722299128484565,9.109540893656462e-05,0.0005365217220969498,1
35.0,2001,0.3317679382905192,0.3999999999999915,1,0.013898800741117157,2.5625126641415175e-07,1.098669713428535e-06,1
35.0,2001,3.0909041220387996,3.1000000000000085,1,2.8305111986858833,0.03499714892764184,0.043580397963523865,1
35.0,2001,0.42243598685347566,0.5,1,0.000748330312745793,5.974072643069907e-08,3.184928099031481e-09,1
35.0,2001,0.14879887238795148,0.20000000000000284,1,0.0,0.0,0.0,1
35.0,2001,3.648039297475211,3.700000000000003,1,4.436790024073048,0.08996037290172121,0.10068453103303909,1
35.0,2001,1.148408001167234,1.2999999999999972,1,0.010017341982376138,8.33190611122426e-08,5.707129275833722e-07,1
35.0,2001,20.66617857413818,20.69999999999999,1,214.8178859615919,17.04084174858618,0.9962042570114136,1
35.0,2001,0.5395839811396554,0.5999999999999943,1,0.12109796415182927,1.536086670001586e-05,8.339699706993997e-05,1
35.0,2001,7.0857953635209325,7.099999999999994,1,0.6069848432441063,0.004438463624810516,0.002091026632115245,1
35.0,2001,1.0532995904063016,1.0999999999999943,1,2.261502525559081,0.012965867860749141,0.02826537750661373,1
35.0,2001,0.48848484853109747,0.5,1,0.008331176914822436,7.52891147768533e-08,3.9475304447478266e-07,1
35.0,2001,0.4486771018853425,0.5,1,0.0,0.0,0.0,1
35.0,2001,0.19056056482200248,0.20000000000000284,1,0.9519582923257985,0.0010261093485513426,0.0051276241429150105,1
35.0,2001,0.33547642010950435,0.3999999999999915,1,0.04935843550390473,2.177864324676766e-06,1.3855739780410659e-05,1
35.0,2001,0.14681505685139268,0.19999999999998863,1,0.13448144829519038,1.3325292910401414e-05,0.00010284733434673399,1
35.0,2001,9.442955934943635,9.5,1,18.342104217044664,2.0942623831389318,0.6567612886428833,1
35.0,2001,5.831241141522077,5.8999999999999915,1,0.23162204107381967,0.0006862800720464036,0.00030502837034873664,1
35.0,2001,0.6034927822381061,0.7000000000000028,1,0.18966153849805778,5.178938124779885e-05,0.00020454206969588995,1
35.0,2001,22.238591130904783,22.30000000000001,1,129.26495618527076,13.111533632549778,0.9895868897438049,1
35.0,2001,1.1687419890689834,1.2000000000000028,1,0.4080803948199332,0.0003203854666337475,0.000946222513448447,1
35.0,2001,25.646676557409858,25.700000000000003,1,164.765969438456,15.538063830350572,0.993565022945404,1
35.0,2001,0.10225257346166511,0.19999999999998863,1,0.04689991908622915,1.6915480379087117e-06,1.2509838597907219e-05,1
35.0,2001,0.31089015103998835,0.4000000000000057,1,0.009242672539016894,5.963502806285808e-08,4.858563329435128e-07,1
35.0,2001,0.6559588552250235,0.7000000000000028,1,0.6322934422945252,0.0005052121991993043,0.002268631476908922,1
35.0,2001,14.947283350651208,15.0,1,15.525862923410841,3.7193988016360437,0.5782297253608704,1
35.0,2001,3.543950062535048,3.5999999999999943,1,1.86757021845375,0.01705501168520169,0.01945074461400509,1
35.0,2001,0.5171970582816178,0.5999999999999943,1,0.011898489009013247,4.2096993778833634e-07,8.05186004981806e-07,1
35.0,2001,1.4600305629015264,1.5,1,0.6885806484246757,0.0008710270062350942,0.0026893853209912777,1
35.0,2001,0.800729081433598,0.8999999999999915,1,0.3335146376674061,0.00018381128721102938,0.0006322197732515633,1
35.0,2001,3.020379269486258,3.1000000000000085,1,0.15920749820566016,6.717257430289338e-05,0.00014413763710763305,1
35.0,2001,1.8205565588526806,1.9000000000000057,1,0.3783866132392859,0.0003462729039670415,0.0008136375108733773,1
35.0,2001,1.4398030384923106,1.5,1,0.02996760381142849,4.359678932829591e-06,5.107575361762429e-06,1
35.0,2001,0.1539914305793793,0.20000000000000284,1,0.09929705163611402,7.201607837596923e-06,5.607397179119289e-05,1
35.0,2001,32.379004805201404,32.39999999999999,1,341.0548220585949,27.43850693115076,0.9984906911849976,1
35.0,2001,2.846317454597527,2.8999999999999915,1,1.3622872950701321,0.008563681683166551,0.01044456847012043,1
35.0,2001,27.327533900619315,27.39999999999999,1,3.5695002032484884,0.6310807137786055,0.06756856292486191,1
35.0,2001,22.579717672813317,22.60000000000001,1,75.29816130840544,10.270797775450918,0.9699215888977051,1
35.0,2001,0.7844722399100849,0.8000000000000114,1,0.034515924808431464,1.7074006379054221e-06,6.77562002238119e-06,1
35.0,2001,2.3314490615132217,2.4000000000000057,1,0.597916006384537,0.0009310221688911158,0.0020291360560804605,1
35.0,2001,0.13728789961341842,0.20000000000000284,1,0.00995989454361279,8.371477684026944e-08,5.641858251692611e-07,1
35.0,2001,3.2258621626751536,3.299999999999997,1,0.7675838149399397,0.002537093345517757,0.003339732764288783,1
35.0,2001,0.20276094569022787,0.29999999999999716,1,0.1393898395067481,1.6082771365747094e-05,0.00011049107706639916,1
35.0,2001,0.5608067066141238,0.6000000000000085,1,0.043816242480829715,2.3243974379311747e-06,1.0918889529420994e-05,1
35.0,2001,0.12504425266125005,0.20000000000000284,1,0.027554051071433605,6.741190133090957e-07,4.317993443692103e-06,1
35.0,2001,5.441338950247762,5.5,1,0.006640015415655398,8.494398958653256e-06,2.507558178876934e-07,1
35.0,2001,4.67081265185289,4.700000000000003,1,0.3760451950664958,0.001063635644031407,0.0008036073413677514,1
35.0,2001,3.544759664775171,3.5999999999999943,1,1.864590633139187,0.015840592462682615,0.019389932975172997,1
35.0,2001,0.5428739782256705,0.5999999999999943,1,0.15964297900023894,3.0483140398352042e-05,0.00014492712216451764,1
35.0,2001,23.314517838718253,23.400000000000006,1,212.32382939034733,18.560792123496476,0.9961149096488953,1
35.0,2001,8.124270539618328,8.200000000000003,1,8.841477393779229,0.5847637457829257,0.3077635169029236,1
35.0,2001,0.21089519628729783,0.30000000000001137,1,5.839428968101856e-05,1.2923040679912226e-08,1.9393389671940042e-11,1
35.0,2001,10.33403458283271,10.400000000000006,1,0.9086779596779024,0.003866515716117746,0.004674102645367384,1
35.0,2001,2.749210306119532,2.799999999999997,1,0.044962036223409996,1.92827950277446e-05,1.149740728578763e-05,1
35.0,2001,5.656796727065847,5.799999999999997,1,0.7317787020900255,0.004795249024625559,0.003036349778994918,1
35.0,2001,1.778359330458591,1.9000000000000057,1,0.015676454518086302,3.288755043684013e-06,1.397680875925289e-06,1
35.0,2001,0.10659056685827292,0.20000000000000284,1,0.006144447371241313,2.581275478168491e-08,2.1472297362379322e-07,1
35.0,2001,22.08643361792856,22.099999999999994,1,88.88342465451854,9.950335661245997,0.9782286286354065,1
35.0,2001,3.2896924162677044,3.299999999999997,1,0.13069936028901452,5.1359818993674874e-05,9.71443805610761e-05,1
35.0,2001,0.44937423457502657,0.5,1,0.02198644575909725,5.827609527326038e-07,2.749297891568858e-06,1
35.0,2001,0.2066212905479378,0.29999999999999716,1,0.00014847678033902412,1.8194116261293355e-11,1.2538051152866103e-10,1
35.0,2001,38.65669907943383,38.7,1,141.30198221626046,16.69325521806796,0.9912706613540649,1
35.0,2001,13.087765510810076,13.099999999999994,1,24.872550699427677,3.5081531023164167,0.7786860466003418,1
35.0,2001,0.15735225804380865,0.20000000000000284,1,0.00021938013441058501,3.631080767981736e-11,2.737206294955996e-10,1
35.0,2001,0.10123059260704392,0.20000000000000284,1,0.005218517088280805,1.808982164034528e-08,1.5488419080611493e-07,1
35.0,2001,1.5635162363163704,1.6000000000000085,1,0.002048166983797728,7.465604462112262e-07,2.385852937436539e-08,1
35.0,2001,0.4791360374939103,0.5,1,0.0028546779189468907,1.95548103602032e-07,4.634759065424987e-08,1
35.0,2001,22.88409054117648,22.900000000000006,1,194.14501602595794,19.87825531189685,0.9953568577766418,1
35.0,2001,3.6541143513227023,3.700000000000003,1,0.6398456884145673,0.001922872042353892,0.0023230223450809717,1
35.0,2001,0.4807569099633048,0.5,1,0.025356857071756167,1.031851680532429e-06,3.6568085306498688e-06,1
35.0,2001,1.2454760789921397,1.5,1,0.05400559513554981,1.3896109278749414e-05,1.65875881066313e-05,1
35.0,2001,0.486727514028281,0.5,1,0.04226802066455093,2.890003157355215e-06,1.0160903912037611e-05,1
35.0,2001,0.1872003986396206,0.29999999999999716,1,0.006249617168350596,2.912990886883344e-08,2.2213637862478208e-07,1
35.0,2001,0.10393878249178325,0.19999999999998863,1,0.0032676940530222964,2.6546048390734856e-08,6.072893654618383e-08,1
35.0,2001,2.7693683560293785,2.799999999999997,1,0.00028255147475420017,3.5497615603403815e-10,4.5405462723024925e-10,1
35.0,2001,19.34415091873655,19.39999999999999,1,119.70489127914664,13.140345644634426,0.9878782033920288,1
35.0,2001,23.65525911957137,23.80000000000001,1,181.25924903242802,16.281563480003076,0.9946768283843994,1
35.0,2001,1.1052436031133162,1.2000000000000028,1,0.9573063537164046,0.0017390917941142881,0.00518509978428483,1
35.0,2001,0.8712452603807221,0.9000000000000057,1,0.0,0.0,0.0,1
35.0,2001,32.3303624423667,11.599999999999994,0,0.0,0.006580008967224674,nan,0
35.0,2001,17.580787049445767,17.599999999999994,1,0.2121881823281342,0.0014352754236494274,0.00025600247317925096,1
35.0,2001,0.2955695303425303,0.29999999999999716,1,0.026331176114240407,6.677737474054369e-07,3.943226602132199e-06,1
35.0,2001,1.3590125620870537,1.4000000000000057,1,1.0364025440415219,0.007890218349419454,0.0060719032771885395,1
35.0,2001,0.8788979567138957,0.8999999999999915,1,0.6251957742004493,0.0006100806093951695,0.002218097448348999,1
35.0,2001,0.7402323970839354,0.7999999999999972,1,0.0010289069639384252,1.5524702530551217e-09,6.020952181273742e-09,1
35.0,2001,10.390936817916835,10.5,1,16.816436410040893,1.9546341206567193,0.6166160702705383,1
35.0,2001,2.8309418970854896,2.9000000000000057,1,2.153576062096249,0.017131361364276558,0.025699594989418983,1
35.0,2001,8.668450456457022,8.700000000000003,1,0.00011635673888577003,2.2329766811719455e-10,7.700094034612803e-11,1
35.0,2001,2.091087183244106,2.0999999999999943,1,0.196783643065487,0.00012091912277777396,0.00022018884192220867,1
35.0,2001,0.4901279466058266,0.5,1,0.11075575816113314,1.2439198289529498e-05,6.976141594350338e-05,1
35.0,2001,0.3588170085221095,0.4000000000000057,1,0.02073710245917937,3.8944949964805487e-07,2.4457274321321165e-06,1
35.0,2001,8.465976440880738,8.5,1,55.68253325354567,3.962086047716616,0.9463346600532532,1
35.0,2001,1.5846186573625065,1.6000000000000085,1,0.10830919361876568,2.990855619451362e-05,6.671364099020138e-05,1
35.0,2001,0.7267715703527269,0.7999999999999972,1,0.050260647419122506,4.754394865362896e-06,1.4366893083206378e-05,1
35.0,2001,0.5714871030122733,0.6000000000000085,1,0.007382493918271393,4.276148110423286e-08,3.0996952204986883e-07,1
35.0,2001,9.038010264481247,9.099999999999994,1,5.346635598809712,0.3457410957575304,0.1398460865020752,1
35.0,2001,1.356214856192374,1.3999999999999915,1,0.07753586276004398,1.2681220392746937e-05,3.419033600948751e-05,1
35.0,2001,27.00287761749082,27.10000000000001,1,121.57468058033936,12.863606496523756,0.9882438778877258,1
35.0,2001,16.613380906903753,16.700000000000003,1,0.6183219060907277,0.013033117818684579,0.0021696961484849453,1
35.0,2001,5.676964320262086,5.700000000000003,1,15.187630805970002,1.1056861261047706,0.567451000213623,1
35.0,2001,6.3433581062634845,6.400000000000006,1,0.0,0.0,0.0,1
35.0,2001,0.8742516298944489,1.2000000000000028,1,0.3850541828102223,0.000259943146690687,0.0008425401174463332,1
35.0,2001,8.678840862523224,8.700000000000003,1,32.17989014128146,3.537578600369297,0.8548526167869568,1
35.0,2001,8.95741221253648,9.099999999999994,1,0.4484622619020229,0.004228655601896926,0.001142531749792397,1
35.0,2001,0.4950387789376923,0.5,1,0.0754697710935659,5.485159596475081e-06,3.2392534194514155e-05,1
35.0,2001,0.44166749509295494,0.5,1,0.07835906295525774,6.629496520582008e-06,3.49201618519146e-05,1
35.0,2001,36.86411523235691,2.799999999999997,0,0.0,5.2817992450930925e-05,nan,0
35.0,2001,11.106347250359487,11.399999999999991,1,75.01372455651745,7.083796431434672,0.9696999788284302,1
35.0,2001,0.363928414114,0.5,1,0.01306506436969812,4.3387210373763516e-07,9.708131756269722e-07,1
35.0,2001,0.16063862016199418,0.19999999999998863,1,0.0036374352560528678,1.000900545902268e-08,7.524947420733952e-08,1
35.0,2001,0.13971176863245163,0.20000000000000284,1,0.036319021047575006,9.357416358138204e-07,7.502015705540543e-06,1
35.0,2001,15.404156592549521,15.5,1,9.640337424874417,2.0254361124587636,0.34579113125801086,1
35.0,2001,0.20742613232308776,0.29999999999999716,1,0.12617899388106935,1.0794735737559605e-05,9.054151450982317e-05,1
35.0,2001,0.16724343347322107,0.20000000000000284,1,0.013349959390097865,1.521997085210637e-07,1.0136135415450553e-06,1
35.0,2001,22.837839181226453,22.900000000000006,1,88.23002240916202,13.7977544566623,0.9779121279716492,1
35.0,2001,0.26510778848016336,0.30000000000001137,1,0.020900312010411426,2.8410502031035685e-07,2.484376409483957e-06,1
35.0,2001,19.80653802800341,19.900000000000006,1,82.8149421041079,9.735010760159678,0.975003719329834,1
35.0,2001,1.953319733935278,2.1000000000000085,1,8.33389967453968e-05,6.162613769133092e-09,3.950112806294648e-11,1
35.0,2001,0.6996951189807379,0.7000000000000028,1,0.00839880378845237,1.2590539020025346e-07,4.0118774791153555e-07,1
35.0,2001,0.6157817601486699,0.7000000000000028,1,0.017749366149132584,3.909029619126894e-07,1.7917518562171608e-06,1
35.0,2001,0.4105107616012118,0.5,1,1.2318674240376595,0.003904712899625911,0.008556747809052467,1
35.0,2001,2.286323446585032,2.299999999999997,1,2.7676503001419235,0.03334310769189089,0.0417461059987545,1
35.0,2001,2.023302328987017,2.0999999999999943,1,0.09160208220475852,3.733214803869609e-05,4.7720273869344965e-05,1
35.0,2001,0.9967008327341235,1.0,1,0.050862301361462414,6.825791151194746e-06,1.4712910342495888e-05,1
35.0,2001,27.51009884160338,27.60000000000001,1,93.2189270476178,10.855580033653084,0.9801674485206604,1
35.0,2001,0.2519770561116218,0.29999999999999716,1,0.02885454023692091,8.695204907087202e-07,4.7352095862152055e-06,1
35.0,2001,0.10842639237018294,0.20000000000000284,1,9.221898000077999e-05,5.862879123613856e-12,4.836749403769325e-11,1
35.0,2001,22.806508546380933,22.89999999999999,1,88.39086341508141,15.322731413104556,0.9779906868934631,1
35.0,2001,0.762318938238377,0.7999999999999972,1,0.0,0.0,0.0,1
35.0,2001,9.17098074454691,9.200000000000003,1,9.805573458864632,1.4316493070851792,0.3535200357437134,1
35.0,2001,1.180428747147195,1.2000000000000028,1,0.0,0.0,0.0,1
35.0,2001,0.2570895701511725,0.30000000000001137,1,0.08594892212582295,6.750358868019125e-06,4.201221599942073e-05,1
35.0,2001,0.2660725762951822,0.30000000000001137,1,0.0025045633991851446,7.408651310793992e-09,3.5676070098134005e-08,1
35.0,2001,0.16308899690697481,0.20000000000000284,1,7.724995214175578e-05,4.130745251386331e-12,3.3939809296335e-11,1
35.0,2001,0.5137918698279781,0.5999999999999943,1,0.7680574709070243,0.0017133655873803992,0.0033438419923186302,1
35.0,2001,0.5180052666298354,0.5999999999999943,1,0.08623545157658441,7.36995641134529e-06,4.229278420098126e-05,1
35.0,2001,0.30350731388504054,0.3999999999999915,1,0.02430238381396066,6.863038806891558e-07,3.3589940358069725e-06,1
35.0,2001,17.46413135613087,17.5,1,30.0302788520151,1.9526490796015648,0.8368409276008606,1
35.0,2001,9.685747790263736,9.700000000000003,1,21.553675655370085,3.320162051094243,0.7254360318183899,1
35.0,2001,3.3410510981245136,3.4000000000000057,1,0.04955627447807842,2.1398097044608048e-05,1.396703373757191e-05,1
35.0,2001,4.963136583128456,5.1000000000000085,1,15.278592001883169,0.8464571939507816,0.570379912853241,1
35.0,2001,1.5975550558587843,1.6000000000000085,1,0.5373575115271478,0.0007419366256959184,0.0016395587008446455,1
35.0,2001,14.372073998057372,14.400000000000006,1,2.035865441227486,0.10318246735186723,0.023029915988445282,1
35.0,2001,0.4117569902930797,0.5,1,2.883601244846595,0.010199030848719055,0.04515603184700012,1
35.0,2001,0.12332350266233627,0.20000000000000284,1,0.008141742527215001,4.8230830981248344e-08,3.7700536381635175e-07,1
35.0,2001,2.832209793417056,2.8999999999999915,1,0.07328583900437025,2.1811177894309443e-05,3.0544979381375015e-05,1
35.0,2001,31.021593897723317,31.10000000000001,1,114.19868410319461,21.90415228823432,0.9866970181465149,1
35.0,2001,0.1915787084872273,0.20000000000000284,1,0.44212162639926494,0.00015318859448702846,0.0011104880832135677,1
35.0,2001,39.26935225748915,39.3,1,294.5602854216997,23.85944049608785,0.997977614402771,1
35.0,2001,11.880609044301455,11.900000000000006,1,0.7008948324128141,0.011265418098802096,0.002786165801808238,1
35.0,2001,7.69107760222395,7.700000000000003,1,0.5694704739043459,0.004184935296702373,0.001841005519963801,1
35.0,2001,0.5959691845180145,0.6000000000000085,1,0.5279351397833807,0.00031846473303533026,0.0015826548915356398,1
35.0,2001,0.3035862134118637,0.4000000000000057,1,0.0,0.0,0.0,1
35.0,2001,5.545521417992307,5.700000000000003,1,15.515193473013909,1.1188829116974102,0.577894389629364,1
35.0,2001,1.6288841976910882,1.7000000000000028,1,0.7745739587423373,0.0014003479457547743,0.0034006296191364527,1
35.0,2001,1.1778720341901752,1.2000000000000028,1,0.22426614935181988,0.00010909323430667765,0.0002859671658370644,1
35.0,2001,0.13301220031275027,0.20000000000000284,1,0.003436504516429295,1.1127386645876645e-08,6.716557976460535e-08,1
35.0,2001,18.924718836444885,19.0,1,30.714523380524298,1.9943085169218837,0.8429002165794373,1
35.0,2001,0.20316886352530975,0.29999999999999716,1,0.2688519605454924,7.421617296564748e-05,0.00041092338506132364,1
35.0,2001,3.2740779350318716,3.299999999999997,1,1.0024846233136486e-06,1.886176508088035e-14,5.7156864249972416e-15,1
35.0,2001,0.3086986572235486,0.29999999999999716,0,0.0,6.102469261471948e-09,nan,0
35.0,2001,13.804184643028877,13.900000000000006,1,30.868834310416503,5.099092089501469,0.8442228436470032,1
35.0,2001,0.2646672695063233,0.29999999999999716,1,0.009562063946418675,1.3067446387943358e-07,5.200151917961193e-07,1
35.0,2001,1.6069789875906988,1.7000000000000028,1,0.27351257145028285,0.00013152123911641623,0.00042528766789473593,1
35.0,2001,2.1538940624784466,2.200000000000003,1,0.11481774244225562,5.799490153224987e-05,7.497188198613003e-05,1
35.0,2001,0.9582796634721344,1.0,1,0.05445223230347551,4.696430964075482e-06,1.6863084965734743e-05,1
35.0,2001,1.2511903092274166,1.2999999999999972,1,0.061101491690862986,6.880413594695659e-06,2.123280501109548e-05,1
35.0,2001,0.6906030538014472,0.7000000000000028,1,0.03219522510812567,1.41389413186791e-06,5.895129106647801e-06,1
35.0,2001,3.7412992248033383,0.20000000000000284,0,0.0,1.757711603314953e-07,nan,0
35.0,2001,0.11487685544252943,0.30000000000001137,1,0.008272470419285582,6.485351244023734e-08,3.8920930478525406e-07,1
35.0,2001,3.180448657626152,3.200000000000003,1,0.004381359160277043,9.47432669208915e-08,1.0917686665834481e-07,1
35.0,2001,2.022588512749899,2.0999999999999943,1,1.7222636271246188,0.012877422567105135,0.016590015962719917,1
35.0,2001,0.1035840278715215,0.20000000000000284,1,0.0377331848132485,9.992524843224872e-07,8.0976005847333e-06,1
35.0,2001,0.4233038983716553,0.5,1,0.363172859847225,0.00015461460751440618,0.0007495732279494405,1
35.0,2001,0.2565720543212669,0.29999999999999716,1,0.0,0.0,0.0,1
35.0,2001,10.41447453232151,10.5,1,5.72197842519472,0.5582997406171296,0.15697968006134033,1
35.0,2001,0.5839077420969218,0.6000000000000085,1,0.10254018639835749,1.1834673330400561e-05,5.9796420828206465e-05,1
35.0,2001,5.397116456496711,5.3999999999999915,1,5.291682087889399,0.18308531739198375,0.13737903535366058,1
35.0,2001,2.7319692574653414,2.8000000000000114,1,2.2019107798163304,0.01821974049424678,0.02683483622968197,1
35.0,2001,0.28656911173224847,0.30000000000001137,1,0.06119630232382178,3.0675951750059886e-06,2.1298747014952824e-05,1
35.0,2001,1.509858184258092,1.6000000000000085,1,0.7500074780587056,0.0013134060009591124,0.003189017763361335,1
35.0,2001,4.257190208397216,4.299999999999997,1,0.8629075354975271,0.004083944818512135,0.004217024892568588,1
35.0,2001,3.170735614497804,3.200000000000003,1,1.4944065600170688,0.010263803440740061,0.012542066164314747,1
35.0,2001,0.9644656152203804,1.1000000000000085,1,0.49731605112506827,0.0004754136488643501,0.0014046478318050504,1
35.0,2001,0.7002937760225539,0.7999999999999972,1,0.028129132970349247,8.695671530536276e-07,4.500115664995974e-06,1
35.0,2001,0.18777536154270424,0.20000000000000284,1,0.0021045975335027833,2.5271339173712265e-09,2.5191328134610558e-08,1
35.0,2001,5.0523248496684365,5.099999999999994,1,5.229377048960259,0.20876180994007326,0.13459590077400208,1
35.0,2001,0.9388357585421587,1.0,1,0.0,0.0,0.0,1
35.0,2001,0.19718045333975903,0.19999999999998863,1,0.0008323626547053209,3.9911756917391017e-10,3.9403800222714835e-09,1
35.0,2001,43.955232188477474,18.700000000000003,0,0.0,0.019189336073742902,nan,0
35.0,2001,1.2325401092605206,1.2999999999999972,1,0.0665762987025289,8.095185384592693e-06,2.5208168153767474e-05,1
35.0,2001,9.922567254102168,10.0,1,0.0009513161389236302,1.613805600159246e-08,5.1471009676618e-09,1
35.0,2001,3.2004372450408693,3.299999999999997,1,0.07446480950522982,0.00038752564289551726,3.153562283841893e-05,1
35.0,2001,0.13539360844407566,0.20000000000000284,1,0.005517746401494605,2.5259474035836436e-08,1.7315552724994632e-07,1
35.0,2001,39.869043162606,5.5,0,0.0,0.18169138317410644,nan,0
35.0,2001,13.155153968731915,3.8999999999999915,0,0.0,0.00011157376897448139,nan,0
35.0,2001,1.0513307831210752,1.0999999999999943,1,0.28097198221050235,0.00014300711752796897,0.0004487909027375281,1
35.0,2001,4.902011916980682,5.0,1,23.760488588317955,0.8050910322180174,0.7625197768211365,1
35.0,2001,1.8858479554143717,1.9000000000000057,1,0.04436026241148738,5.653008413655044e-06,1.119170610763831e-05,1
35.0,2001,0.1866688152280772,0.20000000000000284,1,0.10594950930573077,8.814606662516132e-06,6.383856816682965e-05,1
35.0,2001,4.3099772667512575,4.5,1,5.738754068161512,0.13911650401533018,0.15775606036186218,1
35.0,2001,3.1799398376668675,3.299999999999997,1,5.1877174380783515,0.10636789379190051,0.1327434629201889,1
35.0,2001,3.020134884426319,3.0999999999999943,1,0.13352252140191467,7.97847775413741e-05,0.00010138599463971332,1
35.0,2001,0.548747535210035,0.5999999999999943,1,0.0,0.0,0.0,1
35.0,2001,0.385059575810613,0.3999999999999915,1,0.0,0.0,0.0,1
35.0,2001,12.399131173673204,9.700000000000003,0,0.0,0.00019371550767872578,nan,0
35.0,2001,33.245129150862205,33.30000000000001,1,111.50536347624785,19.03834952338203,0.9860556721687317,1
35.0,2001,9.674830094816656,9.700000000000003,1,33.504102944329304,4.010051799785891,0.8645763993263245,1
35.0,2001,1.7944786064333926,1.8000000000000114,1,0.0182510378273264,7.662240686516778e-07,1.894467914098641e-06,1
35.0,2001,42.14339185159696,42.3,1,191.86061680289015,21.891371664313823,0.995246171951294,1
35.0,2001,11.893103418268396,11.900000000000006,1,7.270827228443181,0.8578875092270071,0.23116159439086914,1
35.0,2001,1.1974442901412221,1.2000000000000028,1,0.08298577221242454,1.4380724010079182e-05,3.916545756510459e-05,1
35.0,2001,14.847749805353825,14.899999999999991,1,29.50518646563546,3.05041914117825,0.8319664001464844,1
35.0,2001,0.11980208124212054,0.19999999999998863,1,0.0,0.0,0.0,1
35.0,2001,7.043500713528711,7.099999999999994,1,8.539111774679952,0.5912993320775091,0.29313841462135315,1
35.0,2001,2.512422327270069,2.5999999999999943,1,0.0,0.0,0.0,1
35.0,2001,0.3403723736600854,0.3999999999999915,1,0.138061845200383,1.736609560727742e-05,0.0001083959941752255,1
35.0,2001,0.15680752047594096,0.20000000000000284,1,0.002881425141993077,6.185618392160646e-09,4.722017621361374e-08,1
35.0,2001,27.29752851213242,27.400000000000006,1,177.0214987171901,22.542845797509155,0.9944203495979309,1
35.0,2001,8.089615830733138,8.100000000000009,1,0.0,0.0,0.0,1
35.0,2001,2.162001550414997,2.200000000000003,1,1.177995365485799,0.004113955346943916,0.007830437272787094,1
35.0,2001,0.7070032066734848,0.7999999999999972,1,0.0331968428079108,1.9339787393779534e-06,6.2676363086211495e-06,1
35.0,2001,0.7362606113955295,0.7999999999999972,1,0.007298707964139339,7.673830125829392e-08,3.0297360353870317e-07,1
35.0,2001,0.1479672775325821,0.20000000000000284,1,0.019194468040097945,2.1996093344323912e-07,2.0953868897777284e-06,1
35.0,2001,0.46380070343902047,0.5,1,0.15286728990369625,2.351915466787756e-05,0.00013288756599649787,1
35.0,2001,16.11877927517416,16.200000000000003,1,0.11148013212982733,0.00031862052013964407,7.06768551026471e-05,1
35.0,2001,4.699871670357824,4.700000000000003,1,2.385863489334975,0.03833069063088596,0.03135933354496956,1
35.0,2001,0.11539579429329914,0.20000000000000284,1,0.0,0.0,0.0,1
35.0,2001,5.540245621576947,5.599999999999994,1,0.08142720105570334,6.403067570727981e-05,3.770818148041144e-05,1
35.0,2001,3.277868796894117,3.299999999999997,1,0.030606876209219536,2.119490776583875e-06,5.327809049049392e-06,1
35.0,2001,0.48022550782154294,0.5,1,0.945931045423805,0.002655594477238001,0.005063226912170649,1
35.0,2001,27.544124656052066,27.60000000000001,1,173.18951641432966,19.720889940010917,0.994172215461731,1
35.0,2001,2.7005785483299753,2.799999999999997,1,2.7094736938675794,0.03424229029254876,0.04007912799715996,1
35.0,2001,0.23154881241624625,0.29999999999999716,1,0.058947380091808554,2.8475256247856684e-06,1.976211387955118e-05,1
35.0,2001,22.646511503675274,22.700000000000003,1,66.20391074169498,16.229823113004503,0.9614310264587402,1
35.0,2001,1.2097138846403335,1.3000000000000114,1,0.286000484703294,0.00012904191655633881,0.0004649909387808293,1
35.0,2001,1.912445315872515,2.200000000000003,1,0.0035571931709625915,5.631735857392881e-07,7.196607754167417e-08,1
35.0,2001,0.36533850972741577,0.4000000000000057,1,0.029570190954927966,1.117808709468589e-06,4.973006980435457e-06,1
35.0,2001,33.29955264013884,33.3,1,209.29878336881086,21.945560093186884,0.9960022568702698,1
35.0,2001,0.20924585274266508,0.29999999999999716,1,3.531946526891261e-05,9.904697901896646e-13,7.09481692146019e-12,1
35.0,2001,1.8770486379077198,1.9000000000000057,1,0.01611729432698894,7.512795329479958e-07,1.47739490330423e-06,1
35.0,2001,1.8620732660005117,1.8999999999999915,1,1.6663893141688106,0.007465297022621562,0.015547503717243671,1
35.0,2001,8.208833682935916,8.400000000000006,1,10.463063893799017,0.830669045982355,0.3837169110774994,1
35.0,2001,1.873095225551957,1.9000000000000057,1,0.09519798767331622,3.710246164499837e-05,5.1540198910515755e-05,1
35.0,2001,0.2297424763356395,0.8000000000000114,1,0.023773188790528366,5.744867012034441e-07,3.214300249965163e-06,1
35.0,2001,29.316047542854538,29.400000000000006,1,139.36419714242953,17.20894430577582,0.991028368473053,1
35.0,2001,25.641618193776306,25.700000000000003,1,96.436729600293,16.153621005018667,0.9814447164535522,1
35.0,2001,9.926476946188426,10.0,1,4.418095577387703,0.16943767978785915,0.09992245584726334,1
35.0,2001,3.164390251007231,3.200000000000003,1,0.39425486152060785,0.0007632925933398739,0.0008832493331283331,1
35.0,2001,22.813824709356712,5.5,0,0.0,9.55367900745973e-05,nan,0
35.0,2001,0.5238101538789464,0.6000000000000085,1,3.2001135054775647,0.01651106475788048,0.055037450045347214,1
35.0,2001,0.2790933794771502,0.29999999999999716,1,0.12595603490902363,1.4528362531180772e-05,9.022185258800164e-05,1
35.0,2001,1.1512943780255054,1.2000000000000028,1,4.979450834252924,0.037895143850012206,0.12358996272087097,1
35.0,2001,44.90436752574455,13.699999999999989,0,0.0,0.013786182157403511,nan,0
35.0,2001,21.48212283816893,21.5,1,64.47669107344939,10.838961402230641,0.9594219326972961,1
35.0,2001,2.851166825474148,2.9000000000000057,1,1.2452728183802435,0.00614092220208609,0.008742356672883034,1
35.0,2001,0.6098790631133668,0.7000000000000028,1,0.001118865802993696,1.6356692086454016e-09,7.119818956624613e-09,1
35.0,2001,0.3991099407714205,0.4000000000000057,1,7.772627293434198e-05,5.869124931739618e-12,3.4359643602543954e-11,1
35.0,2001,6.184156102759884,6.199999999999989,1,0.0002244142359018042,5.496719535908046e-10,2.86426882212254e-10,1
35.0,2001,1.6811472913453962,1.6999999999999886,1,0.014333872316171892,5.266341208518796e-07,1.1685290246532531e-06,1
35.0,2001,1.0246370410947185,1.0999999999999943,1,0.07364145046028625,1.3149044436720653e-05,3.0842118576401845e-05,1
35.0,2001,1.8436209577329912,1.9000000000000057,1,0.8131698955124875,0.0018449894077199815,0.003746669040992856,1
35.0,2001,1.1644942293333342,1.2000000000000028,1,0.6741501752292436,0.000821659458109712,0.002578131854534149,1
35.0,2001,9.316096730014936,9.399999999999991,1,0.1422661873261859,0.00027416422108785123,0.00011509762407513335,1
35.0,2001,4.578539801073902,4.599999999999994,1,14.142134168285452,0.6471698495875889,0.5321588516235352,1
35.0,2001,1.0223811315037217,1.0999999999999943,1,0.05887198730221144,8.488800308619957e-06,1.97115950868465e-05,1
35.0,2001,0.7775334509378214,0.7999999999999972,1,0.2433156904682221,7.536332569275253e-05,0.0003365944721736014,1
35.0,2001,0.5202833178034778,0.6000000000000085,1,0.007898894535230738,6.548168884505793e-08,3.5485049920680467e-07,1
35.0,2001,0.10049952708214253,0.20000000000000284,1,0.03575030390280176,1.0301934291561532e-06,7.268909484992037e-06,1
35.0,2001,6.7258309340543345,6.799999999999997,1,13.70343305411754,1.0486401514173789,0.516441285610199,1
35.0,2001,13.961019339330582,14.0,1,27.609297265211637,4.630202059907386,0.8125706911087036,1
35.0,2001,2.551293440780985,2.5999999999999943,1,3.7547153013571593,0.11961631545225815,0.07422851771116257,1
35.0,2001,0.2200242596631088,0.29999999999999716,1,0.004376450491349715,1.662222823882531e-08,1.0893236890296976e-07,1
35.0,2001,23.29972731797341,23.299999999999997,1,148.3947732897044,17.831935133038897,0.9920787215232849,1
35.0,2001,10.204567636693366,10.299999999999997,1,16.670331257965984,2.2839484905172163,0.612481951713562,1
35.0,2001,30.578919142068788,22.900000000000006,0,0.0,0.03859964567523557,nan,0
35.0,2001,22.898756666681436,22.89999999999999,1,23.595012359502192,3.042735489610147,0.7599794268608093,1
35.0,2001,3.2145708674891926,3.299999999999997,1,0.13356913322490982,8.903810954431228e-05,0.00010145678970729932,1
35.0,2001,0.36078203004689635,0.5999999999999943,1,0.23452835489536028,6.924438390876923e-05,0.0003127287782263011,1
35.0,2001,1.0260150883821755,1.0999999999999943,1,0.0,0.0,0.0,1
35.0,2001,5.706570070673338,5.800000000000011,1,0.0009347967965140924,8.345165574598802e-09,4.969896938433749e-09,1
35.0,2001,5.707708112503623,5.800000000000011,1,5.149285950983767,0.19212912214753022,0.1310407519340515,1
35.0,2001,0.22742960355630562,0.29999999999999716,1,0.002237658234321316,1.0375644685478372e-08,2.8477407099103402e-08,1
35.0,2001,0.19042640038900127,0.20000000000000284,1,0.03613961563823409,8.637397229153494e-07,7.428083790728124e-06,1
35.0,2001,1.2950883023336834,1.5,1,0.23056350863339503,0.0001161272213037497,0.00030224755755625665,1
35.0,2001,8.191448890132516,8.200000000000003,1,0.04384687471622328,0.00040521464449019525,1.0934161764453165e-05,1
35.0,2001,0.24267449469047592,0.29999999999999716,1,0.04558939816070051,1.8669346450094487e-06,1.1820491636171937e-05,1
35.0,2001,16.000997339644748,16.10000000000001,1,16.13112243398615,3.980576182152058,0.5967633128166199,1
35.0,2001,1.9292352489413342,2.0,1,13.590588867400427,0.4493311639950613,0.5123103260993958,1
35.0,2001,4.212838463312931,4.300000000000011,1,0.004119717663115807,1.1330280641171826e-07,9.652678301108608e-08,1
35.0,2001,1.568049570468395,1.6000000000000085,1,0.5020314707641091,0.0005503434102499339,0.0014313728315755725,1
35.0,2001,32.71285339796638,27.19999999999999,0,0.0,0.09451754984910996,nan,0
35.0,2001,35.84958384309402,35.89999999999999,1,67.08032272047413,25.07754686876889,0.9623945951461792,1
35.0,2001,9.366101518063264,9.399999999999991,1,10.551187279412602,1.5934180765861272,0.38769128918647766,1
35.0,2001,7.123658273369015,7.200000000000003,1,0.0010681800899305927,1.4053127719938004e-08,6.489360604433614e-09,1
35.0,2001,4.528192879516806,4.599999999999994,1,2.5116898092375664,0.038395524184984334,0.034636642783880234,1
35.0,2001,2.6208832834765214,2.8000000000000114,1,0.059950359000708886,1.2617656458078388e-05,2.044031862169504e-05,1
35.0,2001,1.1039636572504645,1.2000000000000028,1,0.34579456370227035,0.000215052308559049,0.0006796010420657694,1
35.0,2001,0.3085364144342117,0.4000000000000057,1,0.0007215773379698476,2.3231933857449763e-08,2.961274780943768e-09,1
35.0,2001,0.49242210598439967,0.5,1,0.010674593722114878,2.8608255723577177e-07,6.480602223746246e-07,1
35.0,2001,27.22008464113836,27.299999999999997,1,154.49871306124265,21.074961044031898,0.9926877617835999,1
35.0,2001,3.2475322342092237,3.299999999999997,1,0.555619523102564,0.0011628475557053102,0.0017526940209791064,1
35.0,2001,0.5713738671078442,0.5999999999999943,1,0.0459222292100776,3.4201407689908563e-06,1.1993713087576907e-05,1
35.0,2001,0.573054556731194,0.5999999999999943,1,0.07505493090724258,7.066232165158588e-06,3.2037416531238705e-05,1
35.0,2001,26.82652374820598,26.900000000000006,1,151.36194355693823,18.497383630684002,0.9923838973045349,1
35.0,2001,12.322448149430338,12.400000000000006,1,5.337142771483286,0.5779478405775891,0.13941910862922668,1
35.0,2001,3.4767042986808523,3.5,1,0.0011210532733798573,6.84817329978841e-09,7.147685554542704e-09,1
35.0,2001,2.4632230091998504,2.5,1,0.0049416708374110385,5.217812724310247e-07,1.3888666217098944e-07,1
35.0,2001,5.8312025656455955,6.0,1,0.5017560650654218,0.0006823969953380627,0.0014298049500212073,1
35.0,2001,1.3523214765487213,1.3999999999999915,1,0.5146612625366913,0.0005846124032525082,0.0015041881706565619,1
35.0,2001,0.8592907837675084,0.8999999999999915,1,0.006282535432063696,1.0237122249559577e-05,2.2448263337082608e-07,1
35.0,2001,6.513990173733309,6.6000000000000085,1,8.640193873745801,0.5166300658226051,0.29803889989852905,1
35.0,2001,1.1571836554997021,1.4000000000000057,1,1.1610011514117673,0.002963832702713678,0.007607843726873398,1
35.0,2001,0.11647440578621751,0.20000000000000284,1,0.009328006331770666,5.6096177458965195e-08,4.948691980644071e-07,1
35.0,2001,32.65927681779444,32.69999999999999,1,204.0481625527396,22.88730033955346,0.9957947731018066,1
35.0,2001,0.544967788748046,0.5999999999999943,1,0.08982851626100796,7.607550850231862e-06,4.589035961544141e-05,1
35.0,2001,12.82459437504357,12.899999999999991,1,100.81103196164918,8.30719872699042,0.9829932451248169,1
35.0,2001,3.417004955476374,3.5,1,0.2362295349236092,0.000503357103427995,0.0003172806173097342,1
35.0,2001,1.6196500071344384,1.7999999999999972,1,0.006775869659975342,1.2623452832331086e-07,2.6112167006431264e-07,1
35.0,2001,0.5242777810299615,0.6000000000000085,1,0.054180282452421125,4.048024181100632e-06,1.6695070371497422e-05,1
35.0,2001,0.2828027807913232,0.5999999999999943,1,0.6646261733799008,0.0012974543205874504,0.002505982993170619,1
35.0,2001,12.25197013113588,12.300000000000011,1,45.267865056830175,4.709861099970467,0.9209766387939453,1
35.0,2001,5.904722688182981,6.0,1,0.0,0.0,0.0,1
35.0,2001,6.423093541664699,6.5,1,25.900343176095927,0.9492243031355384,0.792326807975769,1
35.0,2001,1.3941901186359331,1.4000000000000057,1,4.146277854033542e-05,3.865491928241141e-12,9.777543358291396e-12,1
35.0,2001,0.3823302140548057,0.4000000000000057,1,0.6711667398458872,0.0008868135150276377,0.0025554217863827944,1
35.0,2001,28.711773048307606,28.799999999999997,1,0.0,0.0,0.0,1
35.0,2001,32.53351170036931,32.8,1,102.951802699842,18.030725529154566,0.9836817383766174,1
35.0,2001,11.933747017556756,12.0,1,0.0,0.0,0.0,1
35.0,2001,1.156501828432407,1.1999999999999886,1,0.13811327495761816,4.509378503164711e-05,0.00010847675730474293,1
35.0,2001,18.006957207637125,18.099999999999994,1,1.083309437742571,0.03743812638256451,0.006630235351622105,1
35.0,2001,0.2481568867692858,0.29999999999998295,1,0.017826404016545894,4.194722583635347e-07,1.8073391174766584e-06,1
35.0,2001,2.1519235706702204,2.299999999999983,1,1.680173735756,0.009418584384383814,0.015801705420017242,1
35.0,2001,0.37187697008199777,0.4000000000000057,1,4.126430667383829e-06,1.573107976965648e-14,9.684162244902664e-14,1
35.0,2001,4.626158079912889,5.200000000000003,1,6.219285967973406,0.22875031848033558,0.18031810224056244,1
35.0,2001,0.7625561429556724,0.7999999999999972,1,0.00021381658905283984,6.336507959385953e-11,2.600133996999432e-10,1
35.0,2001,0.16734188162154967,0.19999999999998863,1,0.013967705575225864,1.8939145351426878e-07,1.109590243686398e-06,1
35.0,2001,0.4220128377059399,0.5,1,0.0,0.0,0.0,1
35.0,2001,21.10629009668164,21.200000000000003,1,0.0,0.0,0.0,1
35.0,2001,6.858416956164186,6.900000000000006,1,2.464255558133061,0.059807337068673604,0.03338400274515152,1
35.0,2001,2.42863181184649,2.5,1,2.6415020101921982e-05,3.639651792669757e-12,3.968394623327098e-12,1
35.0,2001,0.21087430814472488,0.30000000000001137,1,0.0,0.0,0.0,1
35.0,2001,20.04563223877834,20.099999999999994,1,85.84692459912924,12.160114914437312,0.9766977429389954,1
35.0,2001,1.9238763612010839,2.0,1,0.057996865350219196,1.5324398094465237e-05,1.9129944121232256e-05,1
35.0,2001,0.8269582249718165,0.9000000000000057,1,0.022357117943840876,1.0661332022418895e-06,2.8427807592379395e-06,1
35.0,2001,9.179018679180649,9.199999999999989,1,10.561410953585522,0.5394151809548179,0.3881511986255646,1
35.0,2001,0.5763730206688112,0.5999999999999943,1,0.10053265351183427,1.238235790845074e-05,5.74780824535992e-05,1
35.0,2001,34.96080434215114,35.000000000000014,1,285.42070181372225,29.19872947612012,0.9978463053703308,1
35.0,2001,0.1719056630355723,0.20000000000001705,1,0.0,0.0,0.0,1
35.0,2001,16.86990527905775,16.900000000000006,1,30.247668310476513,7.129455584274973,0.8388010263442993,1
35.0,2001,0.2214550666000168,0.30000000000001137,1,0.0004610502747368628,2.4316218987488537e-10,1.2089532708259298e-09,1
35.0,2001,14.372125472314078,14.400000000000006,1,20.600748272990757,4.6588029672592155,0.7070606350898743,1
35.0,2001,0.33916548387937084,0.4000000000000057,1,0.0,0.0,0.0,1
35.0,2001,1.1448691225638044,1.1999999999999886,1,0.0868768431351441,7.834717733821168e-06,4.292421726859175e-05,1
35.0,2001,0.9782711318070662,1.0,1,0.23230494931721068,9.925560924055183e-05,0.0003068291407544166,1
35.0,2001,0.2719539337246496,0.29999999999998295,1,0.02437434949456474,4.597903481043364e-07,3.378917199370335e-06,1
35.0,2001,31.147441159075555,31.200000000000017,1,168.06357794938066,26.62258817812707,0.9938135147094727,1
35.0,2001,2.3824442426148873,2.4000000000000057,1,1.0944431212677728,0.00419498684252886,0.006766292732208967,1
35.0,2001,26.666523302251896,26.700000000000003,1,107.23026244024132,12.914314993175319,0.9849387407302856,1
35.0,2001,0.40005632159318877,0.5,1,0.0,0.0,0.0,1
35.0,2001,6.893857541028432,6.900000000000006,1,0.5093757172051028,0.003677129972127322,0.001473496202379465,1
35.0,2001,4.801565225561231,5.099999999999994,1,0.29724959937141193,0.0009210458904130099,0.0005022701225243509,1
35.0,2001,1.9377367598798036,2.0,1,0.0,0.0,0.0,1
35.0,2001,0.9675148431575947,1.0,1,0.19771306056054527,0.00012643773402363766,0.00022227321460377425,1
35.0,2001,0.7624537175518398,0.8000000000000114,1,0.0038945956520706204,2.2579674116926257e-08,8.626560088487167e-08,1
35.0,2001,0.30533598339440027,0.4000000000000057,1,0.08927000745040914,8.520117989518129e-06,4.532151433522813e-05,1
35.0,2001,0.37178433929249255,0.4000000000000057,1,0.06646252021636201,3.4064936695205684e-06,2.5122082661255263e-05,1
35.0,2001,19.919853767128657,20.000000000000014,1,0.006068609160763572,1.3450884047318936e-06,2.0945522294368857e-07,1
35.0,2001,0.4339027080601696,0.5,1,0.5415559819376199,0.0009236373975713595,0.0016652363119646907,1
35.0,2001,0.19074716653826554,0.20000000000001705,1,0.0,0.0,0.0,1
35.0,2001,17.872300266043876,17.900000000000006,1,8.977194411818118,0.8852437127422529,0.3142920434474945,1
35.0,2001,12.93988003912458,13.0,1,0.21180597610225504,0.0015220501333319599,0.0002550812787376344,1
35.0,2001,0.42378193987244,0.5,1,0.0011370221477022824,1.3701231668636443e-09,7.352766839829883e-09,1
35.0,2001,16.447857644399164,16.499999999999986,1,32.72191967612872,2.6848025498890005,0.858948826789856,1
35.0,2001,12.225682452765772,12.299999999999983,1,0.0,0.0,0.0,1
35.0,2001,0.15734380305754678,0.29999999999998295,1,0.011870444662321233,1.6082489497620256e-07,8.013948900043033e-07,1
35.0,2001,0.28702020308018833,0.29999999999998295,1,0.0,0.0,0.0,1
35.0,2001,14.901474973719502,15.0,1,0.009852755663246171,2.6133739028550995e-06,5.521131924979272e-07,1
35.0,2001,12.962764980637116,13.0,1,12.404089206776149,0.8490521010920882,0.46668651700019836,1
35.0,2001,4.852327345013786,4.900000000000006,1,0.0,0.0,0.0,1
35.0,2001,23.685116831894714,23.700000000000003,1,26.78055326999592,5.151856375963406,0.8031102418899536,1
35.0,2001,2.917837931596197,3.0,1,2.1593205711310475,0.018176901215694354,0.025833334773778915,1
35.0,2001,0.7535131211640356,0.8000000000000114,1,0.11822266582279894,1.4244166260765739e-05,7.948403799673542e-05,1
35.0,2001,0.18311541643400958,0.19999999999998863,1,0.0,0.0,0.0,1
35.0,2001,12.720626555306907,12.799999999999983,1,0.0,0.0,0.0,1
35.0,2001,0.4071364183479502,0.5,1,0.0006199578296559594,3.776930358501042e-10,2.185934988574445e-09,1
35.0,2001,31.148352442128743,11.5,0,0.0,0.0001627214193003127,nan,0
35.0,2001,6.6096164115834535,6.700000000000017,1,0.003961427837054998,1.7073723746918461e-07,8.925168515361293e-08,1
35.0,2001,3.5862831240488293,3.6000000000000085,1,4.505278155865426,0.08586998942892363,0.10349275916814804,1
35.0,2001,38.244235726227565,38.30000000000001,1,138.48042259882646,23.42532058161264,0.990914523601532,1
35.0,2001,5.528100918719294,5.599999999999994,1,0.0,0.0,0.0,1
35.0,2001,2.980935503050075,3.0,1,0.0,0.0,0.0,1
35.0,2001,24.911129160225805,25.0,1,76.51280951047335,13.525478834151894,0.9708413481712341,1
35.0,2001,0.14726194794229494,0.19999999999998863,1,0.0,0.0,0.0,1
35.0,2001,4.054691860329664,1.3000000000000114,0,0.0,7.869740700340166e-06,nan,0
35.0,2001,5.510979842047223,5.6000000000000085,1,1.6809708653669304,0.022943049951983208,0.01581646502017975,1
35.0,2001,1.6992227085198235,1.700000000000017,1,0.08815776362240513,4.4739631841626186e-05,4.4199248804943636e-05,1
35.0,2001,0.22851493667300093,0.30000000000001137,1,0.0,0.0,0.0,1
35.0,2001,0.10758179293888775,0.20000000000001705,1,0.0,0.0,0.0,1
35.0,2001,0.11527408687126478,0.20000000000001705,1,0.005190538455849492,1.9741342372195347e-08,1.5322784463478456e-07,1
35.0,2001,30.55071827453036,30.599999999999994,1,32.085152392076964,14.573572522302234,0.8541194200515747,1
35.0,2001,2.3478793560168647,2.4000000000000057,1,1.4865489230609796,0.00671479457184626,0.012412152253091335,1
35.0,2001,5.067677581685732,5.099999999999994,1,3.200010528074897,0.12107999278051468,0.055034104734659195,1
35.0,2001,9.299113102929063,9.399999999999991,1,0.04436828911309476,4.1416775648216254e-05,1.1195756997040007e-05,1
35.0,2001,4.91473374688343,4.999999999999986,1,0.6233177239027441,0.0032588632249590612,0.0022048207465559244,1
35.0,2001,1.3960877449648008,1.3999999999999773,1,0.4593009234701526,0.0004419324408061224,0.0011983587173745036,1
35.0,2001,0.10516140043697716,0.19999999999998863,1,0.0,0.0,0.0,1
35.0,2001,5.273807621083873,5.300000000000011,1,0.49771360249951613,0.0022801965861980805,0.0014068912714719772,1
35.0,2001,44.863280413622356,10.400000000000006,0,0.0,0.00794145410737346,nan,0
35.0,2001,21.64948499212266,21.700000000000003,1,60.87180596159914,10.943281465942441,0.9546976685523987,1
35.0,2001,2.064985011944477,2.0999999999999943,1,2.06431569394573,0.015414938607128097,0.023662740364670753,1
35.0,2001,12.761559138744847,12.799999999999997,1,18.652229857202087,4.124493725869271,0.6642802357673645,1
35.0,2001,0.18962250428106023,0.19999999999998863,1,4.0455837392983085e-05,1.1694324171002155e-12,9.308406476171704e-12,1
35.0,2001,0.4648998486858709,0.5,1,0.08172627439836333,5.869368422341461e-06,3.7985675589879975e-05,1
35.0,2001,28.65264165745164,28.799999999999983,1,24.323152831618643,2.666105523098908,0.7708917856216431,1
35.0,2001,8.527015272104476,8.599999999999994,1,0.9097109314694762,0.011518421956491061,0.004684685729444027,1
35.0,2001,1.6953472941076484,1.6999999999999886,1,0.7178743105254739,0.0012283377016002836,0.002922393847256899,1
35.0,2001,28.396219967172577,28.400000000000006,1,105.73937158327495,20.726826937876137,0.9845176339149475,1
35.0,2001,6.148516057253779,6.200000000000003,1,8.63726759509101,0.6254844620832354,0.29789718985557556,1
35.0,2001,0.6274536932559116,0.6999999999999886,1,0.14243355310441075,2.619739766574435e-05,0.0001153685589088127,1
35.0,2001,0.688351250963365,0.6999999999999886,1,0.0,0.0,0.0,1
35.0,2001,1.010962458869652,1.0999999999999943,1,0.0,0.0,0.0,1
35.0,2001,28.772427133613327,9.300000000000011,0,0.0,0.0130449372370701,nan,0
35.0,2001,3.1764722873430142,3.1999999999999886,1,0.0,0.0,0.0,1
35.0,2001,0.6411099494422016,0.6999999999999886,1,0.006416563072377812,4.885437990990842e-08,2.3416274075316323e-07,1
35.0,2001,2.189961895495353,2.200000000000017,1,0.0,0.0,0.0,1
35.0,2001,28.228282680280916,28.299999999999997,1,33.64250499759237,12.816687359407803,0.8655388355255127,1
35.0,2001,21.257822648663442,21.299999999999997,1,135.9718198245431,15.144181445125023,0.9905794262886047,1
35.0,2001,5.217234824458457,5.300000000000011,1,0.9030088647961065,0.0034650600977232148,0.004616231191903353,1
35.0,2001,6.436130592474259,6.5,1,0.06360219583905291,6.639980995565189e-05,2.3006321498542093e-05,1
35.0,2001,10.30361372406491,10.399999999999991,1,46.32899753871271,4.482985863868153,0.9242841601371765,1
35.0,2001,0.1786269432956766,0.19999999999998863,1,0.0,0.0,0.0,1
35.0,2001,8.747378257837642,8.899999999999991,1,0.06457418304108842,6.035872913252864e-05,2.3714856070000678e-05,1
35.0,2001,0.6691565519509206,0.6999999999999886,1,0.006245463255595496,1.169178785354434e-07,2.218411765397832e-07,1
35.0,2001,0.4282435684919971,0.5,1,0.0,0.0,0.0,1
35.0,2001,3.2011630718808846,3.3000000000000114,1,0.2549931031152255,0.000362780902396254,0.0003696657659020275,1
35.0,2001,1.2881803269364758,1.3000000000000114,1,0.5496081405549944,0.0005779598470399381,0.0017150382045656443,1
35.0,2001,0.6706955241177277,0.700000000000017,1,0.12866388550332886,1.798208677011605e-05,9.414242958882824e-05,1
35.0,2001,0.10110318701168333,0.20000000000001705,1,0.00477917104811354,1.585901124686922e-08,1.2990265929602174e-07,1
35.0,2001,0.16754602712690872,0.20000000000001705,1,0.015736616400090497,2.4921489107353125e-07,1.4084292843108415e-06,1
35.0,2001,0.17167902766744308,0.20000000000001705,1,0.020307024580574762,3.5601755907160845e-07,2.3453330868505873e-06,1
35.0,2001,1.0800718949825021,1.0999999999999943,1,0.21318978058926064,6.786807459697723e-05,0.0002584243775345385,1
35.0,2001,4.0241115734312585,4.099999999999994,1,1.658590991378901,0.014721623910840288,0.015404562465846539,1
35.0,2001,0.2732149000605596,0.30000000000001137,1,0.05231573401215428,2.295260109394659e-06,1.556577808514703e-05,1
35.0,2001,2.705041233361096,2.799999999999983,1,0.0,0.0,0.0,1
35.0,2001,0.27989070466398297,0.29999999999998295,1,0.009740619110459647,6.97258858054968e-08,5.396172468863369e-07,1
35.0,2001,2.702542745931927,2.799999999999983,1,2.7947096333537047,0.028400114716162703,0.042531512677669525,1
35.0,2001,1.1885418644516401,1.200000000000017,1,0.0,0.0,0.0,1
35.0,2001,0.20756637760775049,0.4000000000000057,1,0.00654918069014343,3.4162927813251896e-08,2.439421109556861e-07,1
35.0,2001,0.1359358267696073,0.20000000000001705,1,0.7302920101683981,0.0006090992357758675,0.003024062141776085,1
35.0,2001,0.3667821645312942,0.4000000000000057,1,0.02277506758886716,5.084150169314285e-07,2.950061116280267e-06,1
35.0,2001,24.799552419454763,24.80000000000001,1,115.36870273056948,10.31391818472402,0.9869619607925415,1
35.0,2001,1.7439423995880508,1.8000000000000114,1,1.7864690225906656,0.011543508450489477,0.017827549949288368,1
35.0,2001,0.38439705428367593,0.4000000000000057,1,0.060233821518352215,3.236942862853806e-06,2.0634066459024325e-05,1
35.0,2001,2.1374406065922233,2.1999999999999886,1,0.05110036544840568,8.961173538760886e-06,1.4850959814793896e-05,1
35.0,2001,0.7664861396341726,0.8000000000000114,1,9.085136923658865e-06,1.0774210722197229e-13,4.694354713979942e-13,1
35.0,2001,2.0056193005674,2.0999999999999943,1,0.0918177442281376,3.4908051239824455e-05,4.7945224650902674e-05,1
35.0,2001,0.18121663148789002,0.29999999999998295,1,0.07011879989821068,4.13953086714374e-06,2.7962098101852462e-05,1
35.0,2001,0.14656699705440795,0.19999999999998863,1,0.0,0.0,0.0,1
35.0,2001,1.6011462563026246,1.6999999999999886,1,2.701785780381101,0.026706634911612303,0.03986106067895889,1
35.0,2001,16.41513634603977,16.60000000000001,1,2.881437141182005,0.09533651775050765,0.045091334730386734,1
35.0,2001,0.21164610491073058,0.30000000000001137,1,0.009515404157525609,5.170029575975747e-08,5.149525463821192e-07,1
35.0,2001,15.467161464018957,15.5,1,26.00918545487727,10.235188831966795,0.7937034964561462,1
35.0,2001,0.6857094749754896,0.700000000000017,1,0.0,0.0,0.0,1
35.0,2001,14.681736102501377,14.700000000000003,1,34.503646692026905,6.148569966081696,0.8713138699531555,1
35.0,2001,1.637887199599918,1.6999999999999886,1,0.023610913393753208,1.3728375480090318e-06,3.1705685614724644e-06,1
35.0,2001,7.394073009539094,7.3999999999999915,1,7.978143367614734,0.12571588551633478,0.2657892405986786,1
35.0,2001,2.062875939816584,2.0999999999999943,1,0.13160802153709028,6.791030075275968e-05,9.84996950137429e-05,1
35.0,2001,0.9459724238295644,1.0,1,0.29074784390036257,0.0001349419398272818,0.0004805484786629677,1
35.0,2001,0.3225889186575273,0.5,1,0.016003287248167908,2.7064741291629424e-07,1.456567815694143e-06,1
35.0,2001,33.94832933988003,1.4000000000000057,0,0.0,1.8213699540371135e-05,nan,0
35.0,2001,9.345278652110201,9.399999999999991,1,0.18003687981439498,0.000507108658715787,0.00018431295757181942,1
35.0,2001,0.6123340889736338,0.799999999999983,1,0.08099436846069352,8.096841121277716e-06,3.730838216142729e-05,1
35.0,2001,9.608197157983552,9.700000000000017,1,13.983395154782187,1.5520240409999595,0.5265343189239502,1
35.0,2001,0.26820470058330165,0.30000000000001137,1,0.44031964174735094,0.0001594459506715819,0.0011014643823727965,1
35.0,2001,16.42406731388383,16.499999999999986,1,100.90258784128889,7.360559139463447,0.9830235838890076,1
35.0,2001,8.564242334550613,8.599999999999994,1,2.5502018196567633,0.08901851732810355,0.03566878288984299,1
35.0,2001,1.338425032245344,1.4000000000000057,1,0.04627202771351335,4.455980249516992e-06,1.217712360812584e-05,1
35.0,2001,0.18772625234053072,0.20000000000001705,1,0.26812245352215314,5.123392465191981e-05,0.00040869732038117945,1
35.0,2001,30.270682975822673,30.299999999999997,1,190.59731022759684,23.809102005659238,0.9951832294464111,1
35.0,2001,0.18780686403705044,0.19999999999998863,1,0.0036113674800617446,1.672696749751676e-08,7.417478542492972e-08,1
35.0,2001,2.2401676275612386,2.3000000000000114,1,6.932280717819594e-05,3.2734848610602512e-12,2.7331610932823658e-11,1
35.0,2001,0.9376842100138533,1.0,1,0.010350654679029958,8.500148614787329e-08,6.093240472182515e-07,1
35.0,2001,0.8480840234488427,0.9000000000000057,1,0.0,0.0,0.0,1
35.0,2001,5.111970375153223,1.5999999999999943,0,0.0,1.3279058202382576e-06,nan,0
35.0,2001,14.240887163878362,14.299999999999997,1,3.1650859240212412,0.8439026477446677,0.05390378460288048,1
35.0,2001,11.491602474638173,11.5,1,0.04379357173928611,3.733073854552457e-05,1.0907593605224974e-05,1
35.0,2001,8.502301752083302,8.599999999999994,1,7.297717717607725,0.5291099038450036,0.2324763685464859,1
35.0,2001,0.7940810808748141,0.799999999999983,1,1.227528636239839,0.004414375839716836,0.008497090078890324,1
35.0,2001,0.12401124576521622,0.19999999999998863,1,0.05971824942884041,2.9264122969261888e-06,2.0282350305933505e-05,1
35.0,2001,3.2202434539812494,3.3999999999999773,1,2.3219229904404983,0.024335674108363514,0.02975034900009632,1
35.0,2001,0.4941303454811274,0.5,1,0.35970906328935826,0.0004233883708787754,0.0007353536202572286,1
35.0,2001,0.1379652476531902,0.20000000000001705,1,0.012973021553079889,1.2077194256726042e-07,9.57182692218339e-07,1
35.0,2001,1.8844136471114727,1.9000000000000057,1,2.557178618940327,0.02464678202021301,0.03585720434784889,1
35.0,2001,1.1708732108750068,1.200000000000017,1,0.035186526004963525,4.585288362260529e-06,7.041459411993856e-06,1
35.0,2001,0.1861416451101183,0.20000000000001705,1,0.0,0.0,0.0,1
35.0,2001,0.14517024713421425,0.20000000000001705,1,0.8167679913876498,0.0007527250431872073,0.003779773134738207,1
35.0,2001,1.4005236846958438,1.8000000000000114,1,0.8186387347931259,0.001636462095226686,0.003797041717916727,1
35.0,2001,6.403539368852015,6.5,1,0.04339780963721296,4.130606791712932e-05,1.0711342838476412e-05,1
35.0,2001,0.34093932257507353,0.4000000000000057,1,0.17796382742082528,3.1564801212366524e-05,0.00018009357154369354,1
35.0,2001,0.31936438180524207,0.4000000000000057,1,0.0,0.0,0.0,1
35.0,2001,0.5455834610723697,0.5999999999999943,1,0.11949520181457274,1.444393661212439e-05,8.120421989588067e-05,1
35.0,2001,0.12932815017898452,0.19999999999998863,1,0.007938574206661997,8.464320360950759e-08,3.5842461443280627e-07,1
35.0,2001,0.24834014392010081,0.29999999999998295,1,0.04222444812063486,1.9861106472247095e-06,1.0139966434508096e-05,1
35.0,2001,0.2227414074965558,0.29999999999998295,1,0.02789239632738827,7.663974617154828e-07,4.42468854089384e-06,1
35.0,2001,5.65860138173696,5.700000000000017,1,2.973287546128148,0.07695251640215295,0.04787205532193184,1
35.0,2001,1.4248445742307239,1.5,1,2.9769110710731184e-05,2.1101535672850766e-12,5.040164032660277e-12,1
35.0,2001,4.851085227289212,4.900000000000006,1,2.8790081151310005,0.03967337162015567,0.0450187623500824,1
35.0,2001,2.7029733308700097,2.8000000000000114,1,0.16657596869504232,5.157133059391929e-05,0.00015778624219819903,1
35.0,2001,0.13817932639851213,0.20000000000001705,1,0.0016161055775683053,3.134799087821688e-09,1.4854307117673216e-08,1
35.0,2001,8.76009486318363,8.800000000000011,1,4.642826211128465,0.054058259494156664,0.10920792073011398,1
35.0,2001,0.4430432878685886,0.5,1,1.0946139923362352e-06,6.814514855564563e-16,6.81451473889946e-15,1
35.0,2001,24.67312173638672,24.69999999999999,1,42.51788841874941,13.53365917054237,0.9113592505455017,1
35.0,2001,13.039070288404146,3.4000000000000057,0,0.0,0.00014422458374292198,nan,0
35.0,2001,13.164551786848147,13.199999999999989,1,6.8247935969579885,0.8444300702249863,0.20942749083042145,1
35.0,2001,6.950731749928956,7.099999999999994,1,0.24641179097625354,0.0006611021020575924,0.0003452120581641793,1
35.0,2001,0.40598975670828685,0.5,1,0.25898563089717186,7.14993904949951e-05,0.00038132796180434525,1
35.0,2001,16.967900777051987,17.10000000000001,1,120.59976213096039,11.572082494682034,0.9880552887916565,1
35.0,2001,6.354207549974619,6.400000000000006,1,0.011433480424955178,1.4449105887336542e-07,7.434804274453199e-07,1
35.0,2001,0.35906151570473316,0.4000000000000057,1,0.04467848286424214,2.1176884884698744e-06,1.1352848559909035e-05,1
35.0,2001,6.117749482060203,6.300000000000011,1,5.95232142159054,0.2666145528378082,0.16771045327186584,1
35.0,2001,1.0219782864144444,1.0999999999999943,1,0.19436603404173525,7.194226368665931e-05,0.00021481291332747787,1
35.0,2001,9.573601306898176,9.599999999999994,1,4.594916546479681,0.24933869159039454,0.1072060838341713,1
35.0,2001,7.992671615418117,8.0,1,72.94196822959614,4.342358934646799,0.9680101871490479,1
35.0,2001,0.43652891646201786,0.5,1,6.382060746545903e-08,2.928481162757311e-18,2.3165133497543436e-17,1
35.0,2001,0.25616547444010945,0.29999999999998295,1,8.786300088559074e-05,5.952568361472105e-12,4.3906114854941336e-11,1
35.0,2001,11.84011567972564,11.999999999999986,1,0.6990105230862014,0.009540244767502634,0.0027712464798241854,1
35.0,2001,5.781640913933083,5.800000000000011,1,0.7624314952056466,0.004969819737634268,0.0032951952889561653,1
35.0,2001,1.0390055392825037,1.1000000000000227,1,0.0,0.0,0.0,1
35.0,2001,0.24258466769290407,0.30000000000001137,1,0.013842395199162638,1.483654834639935e-07,1.089770307771687e-06,1
35.0,2001,40.35474852826774,0.6999999999999886,0,0.0,3.056872249093778e-07,nan,0
35.0,2001,34.65188686078537,34.7,1,176.009013910956,27.230759493758455,0.9943563342094421,1
35.0,2001,12.385800266246655,12.400000000000006,1,34.43769128622418,5.092305762037249,0.8708841800689697,1
35.0,2001,2.9235246323171724,3.0,1,0.12648903891272312,8.011387626970413e-05,9.098697046283633e-05,1
35.0,2001,8.681856084251818,8.699999999999989,1,9.114824115593876,0.7529996995889083,0.3208867311477661,1
35.0,2001,6.921175978965782,7.0,1,7.563510326826929,0.4582062395436636,0.24548614025115967,1
35.0,2001,0.35860380998368785,0.4000000000000057,1,0.0037689383267434096,2.214730737250715e-08,8.078876589934225e-08,1
35.0,2001,0.277128637849574,0.29999999999998295,1,6.648437590683898e-06,3.635696068947727e-14,2.513924127461181e-13,1
35.0,2001,0.24757922037642946,0.29999999999998295,1,0.03116764617499257,7.636810176655858e-07,5.524825610336848e-06,1
35.0,2001,0.12208497545240343,0.19999999999998863,1,0.008464648525773555,1.8734719554027272e-07,4.075028243732959e-07,1
35.0,2001,20.540988876085184,20.60000000000001,1,1.5402522634095703,0.08487219519228967,0.013313003815710545,1
35.0,2001,10.563045594641743,10.600000000000009,1,27.322069665482616,1.7326044480859175,0.8093644380569458,1
35.0,2001,0.1509487353300537,0.20000000000001705,1,3.0174108474056993e-06,6.362533798605471e-15,5.178235973151389e-14,1
35.0,2001,11.610883087869702,11.799999999999997,1,21.523624144929727,3.443666891523912,0.7248799204826355,1
35.0,2001,10.424290563122767,10.5,1,35.28161494851881,4.42703870685084,0.8762317895889282,1
35.0,2001,36.665361446652476,36.69999999999999,1,229.71146015240475,27.10888543984677,0.9966789484024048,1
35.0,2001,4.077093874534031,4.099999999999994,1,1.7993567894336593e-05,1.130657998081076e-12,1.8413974772063524e-12,1
35.0,2001,0.1258724817020444,0.19999999999998863,1,0.42840978317676104,0.00021057492113162317,0.001042746240273118,1
35.0,2001,7.441725828444816,7.5,1,0.027944586526530202,9.465354830115892e-06,4.441262262844248e-06,1
35.0,2001,0.43018648501193046,0.5,1,2.705470478758798e-07,5.592783077094733e-17,4.1629247372715306e-16,1
35.0,2001,0.1948143385614091,0.20000000000001705,1,0.0,0.0,0.0,1
35.0,2001,16.241363438369675,9.699999999999989,0,0.0,0.22241781983082212,nan,0
35.0,2001,36.64954565904439,36.7,1,102.7938468662336,26.902081347501,0.9836323857307434,1
35.0,2001,2.087014635909727,2.0999999999999943,1,0.012329692557756289,5.052227082369214e-07,8.646036917525635e-07,1
35.0,2001,0.1075798195693089,0.19999999999998863,1,1.0209913625658373e-07,8.174021053497435e-18,5.928667486219076e-17,1
35.0,2001,5.011780668020179,5.099999999999994,1,4.924062094838007,0.15571389193236038,0.12118710577487946,1
35.0,2001,4.31332468007814,4.400000000000006,1,0.05508838155594731,4.638336885955869e-06,1.7259391825064085e-05,1
35.0,2001,2.9665414365402194,3.0,1,1.3252386490952972,0.004040271066965808,0.009889735840260983,1
35.0,2001,1.3282889129821678,1.5,1,1.7818899742615883,0.010771845892057638,0.017737897112965584,1
35.0,2001,2.39403671005067,2.3999999999999773,1,0.09854644119434397,4.927631892132945e-05,5.522946594282985e-05,1
35.0,2001,0.11738120945660133,0.19999999999998863,1,4.3322228293618537e-07,1.240602071509445e-16,1.0674180028774237e-15,1
35.0,2001,0.7299618653580409,0.8000000000000114,1,1.617461271052889e-05,3.753358538039055e-13,1.4879239333687178e-12,1
35.0,2001,4.9740466376699155,5.0,1,4.546993612236605,0.13100621097377835,0.10521557927131653,1
35.0,2001,0.1099572382531086,0.20000000000001705,1,0.08434441354512501,5.369996439724744e-06,4.045833702548407e-05,1
35.0,2001,2.6848075525157866,2.6999999999999886,1,1.1428201257675425,0.0044198780240888285,0.007373177912086248,1
35.0,2001,0.8624580806083909,0.9000000000000057,1,0.07012080271431387,7.628356059222054e-06,2.7963695174548775e-05,1
35.0,2001,0.2511361667961686,0.30000000000001137,1,0.08549385710264801,5.957865583246212e-06,4.156853538006544e-05,1
35.0,2001,0.6188956183780938,0.799999999999983,1,0.11986348149733317,2.7435235086202506e-05,8.170548971975222e-05,1
35.0,2001,23.882765516493915,23.89999999999999,1,79.14029723555021,10.665572245469034,0.9726933836936951,1
35.0,2001,3.0899310126642754,3.0999999999999943,1,1.5259000463655354,0.010139466093978118,0.01306928414851427,1
35.0,2001,0.598520069397332,0.5999999999999943,1,0.0006129248832849044,3.689160533284605e-10,2.13662088022204e-09,1
35.0,2001,0.5181777179151985,0.5999999999999943,1,4.785289320352604e-08,6.685016815732465e-18,1.3023549290244207e-17,1
35.0,2001,37.16164930125041,35.10000000000001,0,0.0,2.7118751775561623,nan,0
35.0,2001,16.39365284519167,16.400000000000006,1,72.91013765120124,9.758940930806567,0.9679831266403198,1
35.0,2001,10.436821726798815,10.5,1,61.84132019548355,5.068937514882845,0.9560450315475464,1
35.0,2001,7.799770588661549,7.800000000000011,1,0.690715180842119,0.0010072036143653521,0.0027060394641011953,1
35.0,2001,1.229103528336879,1.3000000000000114,1,0.24246512880421278,0.00011075492732335763,0.00033424608409404755,1
35.0,2001,3.653967752524849,3.8000000000000114,1,3.3722967847950343,0.0862116988793034,0.060749929398298264,1
35.0,2001,9.172828187121802,9.199999999999989,1,16.130970782185184,0.9602135423711015,0.5967588424682617,1
35.0,2001,0.607833827441134,0.6999999999999886,1,1.810330667240123e-05,3.2371316985301147e-13,1.8639265478292977e-12,1
35.0,2001,0.1345381077112412,0.19999999999998863,1,0.0004422546131763738,1.358802951245543e-10,1.1123916232591569e-09,1
35.0,2001,0.5714469322428314,0.5999999999999943,1,0.448957357534141,0.00023083704236142512,0.001145052956417203,1
35.0,2001,19.370804373678094,19.39999999999999,1,118.44217532519536,11.700254385522793,0.9876216053962708,1
35.0,2001,31.830655612963383,30.0,0,0.0,24.074646114232603,nan,0
35.0,2001,0.6021821245322344,0.700000000000017,1,0.17693106062932884,3.578687538301895e-05,0.00017800975183490664,1
35.0,2001,0.13977599590213213,0.20000000000001705,1,0.0008354638878245169,4.899834966954046e-10,3.9697969356211615e-09,1
35.0,2001,40.70582584098787,40.80000000000001,1,259.6609481685995,29.81476309362751,0.9973989725112915,1
35.0,2001,0.2734380463481123,0.30000000000001137,1,2.858000880223699e-05,6.163184239656831e-13,4.645555641558108e-12,1
35.0,2001,12.762583816104474,12.800000000000011,1,25.827359820333072,4.566382725119909,0.7913966774940491,1
35.0,2001,0.22206347611397678,0.30000000000001137,1,0.820096187884329,0.000507695713973805,0.003810522146522999,1
35.0,2001,0.2032794845908653,0.30000000000001137,1,0.5307828342627943,0.00044431016355660387,0.001599747221916914,1
35.0,2001,35.84912574765288,35.89999999999999,1,144.38638552563893,24.006229805560938,0.9916365146636963,1
35.0,2001,0.42288745011083817,0.5999999999999943,1,0.04700682827080982,3.277574556415824e-06,1.2566935765789822e-05,1
35.0,2001,2.1521583988969257,2.1999999999999886,1,0.0,0.0,0.0,1
35.0,2001,7.044924893709763,7.099999999999994,1,22.33979093224326,1.7660366354222932,0.7394737005233765,1
35.0,2001,17.38118671318642,17.400000000000006,1,57.281031053829764,7.9545328102623,0.9491378664970398,1
35.0,2001,13.053687427804912,13.100000000000009,1,0.027755423204268936,1.9052114537653992e-05,4.381337930681184e-06,1
35.0,2001,0.3629542621171567,0.4000000000000057,1,0.10918631276615542,1.188667467450093e-05,6.77984717185609e-05,1
35.0,2001,0.21131388311573307,0.30000000000001137,1,0.06029210996115353,2.6979137087477766e-06,2.067402056127321e-05,1
35.0,2001,0.32993844575911163,0.4000000000000057,1,0.0,0.0,0.0,1
35.0,2001,1.0005789138389767,1.1999999999999886,1,0.2510702662781341,0.00012507541306761225,0.0003583833749871701,1
35.0,2001,0.2429478736753124,0.30000000000001137,1,0.0,0.0,0.0,1
35.0,2001,0.24258753851444903,0.30000000000001137,1,0.006873241011248865,4.713592106971204e-08,2.6868039526561915e-07,1
35.0,2001,10.018525355980303,10.099999999999994,1,0.22584224996933244,9.849192871483236e-05,0.0002899995888583362,1
35.0,2001,1.250083655803893,1.299999999999983,1,0.108190691379491,2.4791649752015026e-05,6.656774348812178e-05,1
35.0,2001,0.6248448965779803,0.6999999999999886,1,0.01233908854129595,1.7132087604605506e-07,8.659219474793645e-07,1
35.0,2001,1.1625491042196372,1.1999999999999886,1,0.29075617523233177,0.00015554642692033966,0.00048057601088657975,1
35.0,2001,24.18332311948205,6.200000000000017,0,0.0,0.23246892353431517,nan,0
35.0,2001,0.16285801188555057,0.30000000000001137,1,5.684341886080802e-14,1.5160980249533312e-29,1.837694517228073e-29,1
35.0,2001,3.997495289926742,4.099999999999994,1,8.605206906679712,0.316895957107421,0.29634392261505127,1
35.0,2001,0.20050253642653146,0.30000000000001137,1,0.0,0.0,0.0,1
35.0,2001,5.282044729944536,5.300000000000011,1,0.3381815449393457,0.000877560331857182,0.0006500254385173321,1
35.0,2001,10.482690262457227,10.5,1,69.50074680194462,6.114377789859734,0.9648779034614563,1
35.0,2001,6.109111722016685,6.199999999999989,1,1.39773206930181,0.017645606807629215,0.010989094153046608,1
35.0,2001,29.174007479964185,29.19999999999999,1,109.28862389364161,15.740192329622921,0.9854925870895386,1
35.0,2001,0.2540183031540685,0.29999999999998295,1,1.9895196601282805e-13,4.134812795327268e-29,2.2511759378292482e-28,1
35.0,2001,0.25173011111794746,0.30000000000001137,1,0.0,0.0,0.0,1
35.0,2001,0.16644268909640175,0.20000000000001705,1,0.00025951022976755667,4.455771290565609e-11,3.8302042093540933e-10,1
35.0,2001,5.320458214186334,5.400000000000006,1,2.4311471160615383,0.03906421405843649,0.03252194821834564,1
35.0,2001,2.3555348439218755,2.4000000000000057,1,0.2610452662154046,0.00024051044687464372,0.0003874148824252188,1
35.0,2001,0.16497880766089068,0.19999999999998863,1,0.0,0.0,0.0,1
35.0,2001,2.1634333432562327,2.1999999999999886,1,3.4644708775804247,0.03316680744505792,0.06390112638473511,1
35.0,2001,7.100088917644689,7.200000000000017,1,0.11673854480056889,0.00014947484091248984,7.750109216431156e-05,1
35.0,2001,2.8090418948090288,2.9000000000000057,1,5.4397548467477463e-05,1.423729493013498e-11,1.6829515211980173e-11,1
35.0,2001,3.268881426286661,3.4000000000000057,1,1.4561615797697698,0.01035407339958954,0.011915876530110836,1
35.0,2001,0.5099330207737169,0.6000000000000227,1,0.003412727314895392,1.3639726478630049e-08,6.623935888683263e-08,1
35.0,2001,31.958121973845184,32.0,1,13.518606833501508,9.013565092566163,0.5096563100814819,1
35.0,2001,29.60251874800763,29.700000000000003,1,107.72227913337426,15.233496051131693,0.9850739240646362,1
35.0,2001,15.501762206884953,15.600000000000009,1,6.072253775478885,0.14621489537118804,0.17335349321365356,1
35.0,2001,2.718522607559067,2.8000000000000114,1,3.7579119969377928,0.05058981590241712,0.07434555888175964,1
35.0,2001,4.485875294261779,4.5,1,0.0,0.0,0.0,1
35.0,2001,0.1653469886109298,0.19999999999998863,1,0.054690819068127894,2.1938011020362742e-06,1.7011179807013832e-05,1
35.0,2001,1.3156670843651683,1.4000000000000057,1,0.05777448308109001,7.5515262873852354e-06,1.8983524569193833e-05,1
35.0,2001,0.2029265702725645,0.29999999999998295,1,3.253594934449211e-05,9.089320815130788e-13,6.020601985706753e-12,1
35.0,2001,0.8711475720068222,0.8999999999999773,1,0.4010657097192052,0.0002505268110484126,0.0009140014881268144,1
35.0,2001,10.001765876139379,10.100000000000023,1,14.74079074696101,1.8865357544263237,0.5527364015579224,1
35.0,2001,0.9190545816264509,1.0,1,2.842170943040401e-14,2.2052334908412088e-29,4.5942362930701824e-30,1
35.0,2001,15.048617157651607,15.5,1,52.27284548323047,7.347152031065858,0.9395423531532288,1
35.0,2001,2.476040239193774,2.5,1,0.8398569605827788,0.011782593707825124,0.003995626233518124,1
35.0,2001,36.3790064937433,36.400000000000006,1,151.4958462498994,23.505556798957006,0.9923972487449646,1
35.0,2001,4.4372686548808735,4.699999999999989,1,4.611922940284217,0.17448779521636543,0.10791531950235367,1
35.0,2001,1.930310423278153,2.0,1,0.0,0.0,0.0,1
35.0,2001,0.11942914417079432,0.19999999999998863,1,1.3056441076741976e-05,1.1786834553652187e-13,9.695329391753993e-13,1
35.0,2001,38.06138578079712,2.200000000000017,0,0.0,4.3728303416889657e-07,nan,0
35.0,2001,3.6218909618838193,3.6999999999999886,1,0.48917071900422116,0.0019928100304156884,0.0013590743765234947,1
35.0,2001,0.7702087103529295,0.8000000000000114,1,0.0,0.0,0.0,1
35.0,2001,2.8353565513613677,2.9000000000000057,1,21.4257522182568,0.947683633166519,0.7230583429336548,1
35.0,2001,16.10795073331043,16.200000000000003,1,1.615741657296212,0.08076973954918952,0.01463039219379425,1
35.0,2001,6.66734880556751,6.699999999999989,1,30.278640058062926,2.3523523307108722,0.8390775918960571,1
35.0,2001,0.18736756625858622,0.19999999999998863,1,0.0,0.0,0.0,1
35.0,2001,11.027845132692187,11.099999999999994,1,0.006252959510788969,7.760571934114486e-07,2.2237404095903912e-07,1
35.0,2001,0.5265220124611854,0.5999999999999943,1,5.3622109220441416e-05,3.4323683309579143e-12,1.6353123716283946e-11,1
35.0,2001,0.4579871892313504,0.5,1,0.12316662615933183,1.8169450281709764e-05,8.627035276731476e-05,1
35.0,2001,0.35929804392017656,0.4000000000000057,1,0.36817604331378107,0.0002691880342141169,0.0007703521987423301,1
35.0,2001,0.7919126863943106,0.8000000000000114,1,0.24493620605471733,8.48332661734961e-05,0.0003410913923289627,1
35.0,2001,0.2637792775875985,0.30000000000001137,1,2.191609426739665,0.0048546114691215255,0.026590997353196144,1
35.0,2001,0.9569507566361236,1.0,1,0.03648975702765256,2.6727570070623116e-06,7.572714821435511e-06,1
35.0,2001,2.1306491203018467,2.1999999999999886,1,0.009045490736781403,2.613179120830138e-07,4.6534711373169557e-07,1
35.0,2001,1.2114008401216434,1.4000000000000057,1,0.024011813049867214,1.3073777370881837e-06,3.2791510875540553e-06,1
35.0,2001,44.721755720167266,20.000000000000014,0,0.0,0.00886891963803288,nan,0
35.0,2001,7.663160357904627,7.699999999999989,1,0.39786472959406183,0.002203031097049353,0.0008994831005111337,1
35.0,2001,5.163667258336816,5.200000000000017,1,12.172082310088513,0.5783208025342318,0.45730075240135193,1
35.0,2001,1.8367995498957295,1.9000000000000057,1,0.9731417132974798,0.0022563396070711355,0.005357131361961365,1
35.0,2001,0.5534921000283318,0.5999999999999943,1,3.957404788934582e-05,1.9168904883400833e-12,8.907050444428855e-12,1
35.0,2001,24.8143416575547,24.900000000000006,1,142.13519722283166,10.014596107634247,0.9913718104362488,1
35.0,2001,0.23144042665403167,0.30000000000001137,1,0.0009683818217069984,7.788710831800153e-10,5.333425256992541e-09,1
35.0,2001,4.767562011492301,1.5999999999999943,0,0.0,7.691661073190062e-06,nan,0
35.0,2001,39.10096948929188,39.19999999999999,1,137.93750773369888,31.13022239358568,0.9908435344696045,1
35.0,2001,0.32738167292845477,0.4000000000000057,1,0.0002741376042365573,7.25799896567405e-11,4.2741540862145655e-10,1
35.0,2001,1.0900980215132612,1.0999999999999943,1,0.04646507793552246,7.889201539027976e-06,1.227894244948402e-05,1
35.0,2001,5.641572672512473,5.700000000000017,1,1.709164272990705,0.023545934182436053,0.01634272187948227,1
35.0,2001,3.224745143726701,3.3000000000000114,1,3.141419007794042,0.04480523267330265,0.053143348544836044,1
35.0,2001,0.22456965860500763,0.30000000000001137,1,9.519429141846558e-06,7.967845004677733e-14,5.15388567327163e-13,1
35.0,2001,1.9623768907081636,2.0,1,0.3821056010403936,0.00033830011114982365,0.0008296965388581157,1
35.0,2001,2.42453110311998,2.5,1,5.186539664631255,0.08203419344957881,0.13269120454788208,1
35.0,2001,36.18455244772887,36.19999999999999,1,99.81488058981597,27.225898257959425,0.9826580286026001,1
35.0,2001,27.3222996229846,27.39999999999999,1,175.1608112219095,18.028197104947335,0.9943018555641174,1
35.0,2001,2.755595978541371,2.9000000000000057,1,0.0019340205855655768,6.7719294871812135e-09,2.1273312000857914e-08,1
35.0,2001,1.4289968794728443,1.5,1,0.0,0.0,0.0,1
35.0,2001,0.2305463918482059,0.4000000000000057,1,0.0472250953224318,1.588981827555891e-06,1.2683909517363645e-05,1
35.0,2001,9.33194860684901,9.400000000000006,1,0.1403032174416694,0.0003549399102058787,0.00011194368562428281,1
35.0,2001,1.035955668381609,1.0999999999999943,1,0.004787965026622487,4.1765539494239225e-08,1.303811529851373e-07,1
35.0,2001,0.164705195963326,0.29999999999998295,1,0.04052473861349881,1.692888386821334e-06,9.340053111372981e-06,1
35.0,2001,9.26762311101686,9.0,0,0.0,0.00036922552138903003,nan,0
35.0,2001,9.710358892431795,9.800000000000011,1,0.0,0.0,0.0,1
35.0,2001,2.1586638735407293,2.200000000000017,1,0.0,0.0,0.0,1
35.0,2001,2.032072944953406,2.0999999999999943,1,1.0444886550008619,0.011278692906917883,0.0061664339154958725,1
35.0,2001,10.268115340805988,10.299999999999983,1,93.13494304712361,6.563377022939141,0.9801323413848877,1
35.0,2001,5.969110009477717,6.0,1,0.18705689184838548,0.010137744744354188,0.00019896375306416303,1
35.0,2001,5.09553191586754,5.099999999999994,1,10.199058841930082,0.5235666286798799,0.3717041015625,1
35.0,2001,4.857443046908905,4.900000000000006,1,4.877447522740397,0.114833196514688,0.11917563527822495,1
35.0,2001,0.20243004551508023,0.29999999999998295,1,0.0,0.0,0.0,1
35.0,2001,43.500909806257354,19.000000000000014,0,0.0,0.005299261040491273,nan,0
35.0,2001,4.00757952064365,4.099999999999994,1,0.2928245503026403,0.0004601198001714034,0.0004874344158452004,1
35.0,2001,1.6173600362309113,1.6999999999999886,1,1.0414949045540425,0.002628542323484218,0.006131351925432682,1
35.0,2001,0.1396737917173094,0.19999999999998863,1,0.0,0.0,0.0,1
35.0,2001,27.14011778353482,24.60000000000001,0,0.0,1.11778960309037,nan,0
35.0,2001,36.4191203455298,36.500000000000014,1,209.73933703662271,27.278520103400464,0.9960189461708069,1
35.0,2001,34.51296804578108,34.60000000000001,1,6.129724024651978,1.987341018490046,0.17606991529464722,1
35.0,2001,0.2695715717399182,0.5,1,0.8601616619301069,0.0021254359777318223,0.0041903420351445675,1
35.0,2001,24.10814628845494,24.200000000000003,1,38.23195320746066,3.250116612543162,0.8926250338554382,1
35.0,2001,11.872358860246534,11.900000000000006,1,3.986821616681084,0.6289668881333017,0.08290503174066544,1
35.0,2001,0.6614232258221863,0.700000000000017,1,0.09422660956659001,1.0098488367184421e-05,5.049381070421077e-05,1
35.0,2001,1.6822741895256628,1.700000000000017,1,0.0018216239701587256,8.570893739198745e-09,1.8872542639769563e-08,1
35.0,2001,0.11539915358727827,0.20000000000001705,1,0.018926571264955783,2.677350782095285e-07,2.03730451175943e-06,1
35.0,2001,0.1828831402766788,0.20000000000001705,1,0.02296013317712209,3.723262151064205e-07,2.99819907922938e-06,1
35.0,2001,0.28904845390328726,0.30000000000001137,1,0.011872598608135831,2.0178187832441243e-07,8.016857577786141e-07,1
35.0,2001,6.744317990363587,6.799999999999983,1,0.07257859173122938,5.902464818246309e-05,2.995828981511295e-05,1
35.0,2001,2.4744819466931522,2.5999999999999943,1,0.08930712753647185,4.928760936369311e-05,4.5359211071627215e-05,1
35.0,2001,2.136967926290905,2.1999999999999886,1,2.8189380569338596,0.025988807508397403,0.043240126222372055,1
35.0,2001,0.2096033852734694,0.29999999999998295,1,0.015324136773870123,2.4554947472204156e-07,1.3355630699152243e-06,1
35.0,2001,0.15073580227088437,0.30000000000001137,1,0.010112590515205966,1.7714451537068761e-07,5.81617598527373e-07,1
35.0,2001,17.82099700430322,17.900000000000006,1,77.85320697102217,6.934309741679231,0.9718087315559387,1
35.0,2001,4.416657110332589,4.5,1,0.9288642694581029,0.005470897831688151,0.0048830546438694,1
35.0,2001,0.9738149471844344,1.0,1,0.0,0.0,0.0,1
35.0,2001,0.16823657341226458,0.19999999999998863,1,0.012271440192307637,1.741521141532356e-07,8.564532549826254e-07,1
35.0,2001,30.580853260976934,30.599999999999994,1,83.27562664270249,6.567059191776054,0.9752726554870605,1
35.0,2001,0.7500054019597299,0.799999999999983,1,0.2314925084862125,6.801511417204034e-05,0.00030468738987110555,1
35.0,2001,17.27479389607067,17.299999999999983,1,56.15185544897054,4.419451179617909,0.9471808075904846,1
35.0,2001,15.691442376738227,15.699999999999989,1,0.1519347328769527,0.0007384090599820357,0.00013127138663548976,1
35.0,2001,0.23960119439457828,0.29999999999998295,1,0.001330144938435751,9.108805261809652e-09,1.006261562963573e-08,1
35.0,2001,1.8858086440387414,1.9000000000000057,1,0.0,0.0,0.0,1
35.0,2001,0.8618168549974843,0.9000000000000057,1,0.039745619094873064,2.8942482271939145e-06,8.984368832898326e-06,1
35.0,2001,0.4175908865389784,0.5,1,0.18035819075225845,3.340508729289924e-05,0.00018497130076866597,1
35.0,2001,38.43757108905835,38.5,1,113.05944118948656,28.195571552320565,0.9864312410354614,1
35.0,2001,28.643761915010675,28.700000000000003,1,111.49925378966589,20.044400087531113,0.9860541820526123,1
35.0,2001,0.5533219758079666,0.5999999999999943,1,1.2049693452809151e-05,1.7779001429068825e-13,8.257811210006516e-13,1
35.0,2001,3.1743002808677128,3.1999999999999886,1,0.10737396116826403,9.689588277151035e-05,6.556656444445252e-05,1
35.0,2001,0.11025628866347197,0.19999999999998863,1,0.0018402785202624727,2.3601654368346024e-09,1.926105497318531e-08,1
35.0,2001,0.23954014456497266,0.30000000000001137,1,0.051528862507439044,2.221996315818329e-06,1.5101062672329135e-05,1
35.0,2001,9.587030406820631,9.599999999999994,1,0.511379797968516,0.004453303202124895,0.00148509640712291,1
35.0,2001,2.5735547421858365,2.5999999999999943,1,1.3073598522922794,0.0059655824155308585,0.00962724257260561,1
35.0,2001,9.386510628522222,9.400000000000006,1,14.403373982527114,1.0245643818026458,0.5412611961364746,1
35.0,2001,9.524176330320186,9.599999999999994,1,1.453492266812816,0.030685687774844962,0.011872748844325542,1
35.0,2001,7.208622613556023,7.299999999999983,1,2.299913368546129,0.06759980095195338,0.029205406084656715,1
35.0,2001,1.1136850832635459,1.1999999999999886,1,1.2346909957583103,0.0015654177923846509,0.008595681749284267,1
35.0,2001,0.5465631304188848,0.6999999999999886,1,0.010028906372241408,1.4006406884723048e-07,5.720314106838487e-07,1
35.0,2001,19.204724376159067,3.0999999999999943,0,0.0,0.00016020327642756474,nan,0
35.0,2001,1.2131164859703947,1.3000000000000114,1,0.47021019207295467,0.00048115750545524175,0.00125588895753026,1
35.0,2001,0.27154844285469176,0.30000000000001137,1,1.8778754622417182e-06,2.9282131348128303e-15,2.0056102029261842e-14,1
35.0,2001,8.699792911270293,8.699999999999989,1,0.20009721083988552,8.078140861356362e-05,0.00022766493202652782,1
35.0,2001,0.15303801350757187,0.19999999999998863,1,0.0014111789179764855,1.433092038045602e-09,1.132601390452237e-08,1
35.0,2001,0.12270769090140818,0.19999999999998863,1,0.00012350013858508646,1.0701052092212651e-11,8.674568008348871e-11,1
35.0,2001,0.6173521694910065,0.6999999999999886,1,0.033107050035482644,1.4388988994163093e-06,6.233776275621494e-06,1
35.0,2001,22.83580924637178,22.89999999999999,1,306.3467038614407,15.661060137941934,0.9981299638748169,1
35.0,2001,1.8151922769251096,1.9000000000000057,1,1.0789078673933261,0.0077172411880712544,0.0065768202766776085,1
35.0,2001,22.800392957625196,22.89999999999999,1,161.56970947737923,18.23954201649131,0.9933096170425415,1
35.0,2001,12.456254773081543,12.5,1,0.5433144772463265,0.043316898277793316,0.0016760501312091947,1
35.0,2001,44.66085072653538,33.60000000000001,0,0.0,25.211827719179865,nan,0
35.0,2001,0.10864934362275025,0.20000000000001705,1,0.0034209443986696897,8.534153847100733e-09,6.655871942484737e-08,1
35.0,2001,19.00660369770956,19.200000000000017,1,1.1351499192127221,0.04722082232794603,0.007275255396962166,1
35.0,2001,10.620251322197474,10.700000000000017,1,4.336264392270664,0.0797096156584099,0.09660953283309937,1
35.0,2001,5.293988529895859,5.400000000000006,1,0.6717483737335783,0.001317858163464653,0.002559841377660632,1
35.0,2001,16.284998910002994,16.30000000000001,1,0.4608741699739767,0.007020753291421804,0.0012065722839906812,1
35.0,2001,3.8530665656721768,3.9000000000000057,1,0.19000090781992185,0.00030782299738746,0.00020527456945274025,1
35.0,2001,0.8124692322414364,0.9000000000000057,1,0.00681396925278932,6.01494987411261e-07,2.6406641495668737e-07,1
35.0,2001,0.6113023099593303,0.6999999999999886,1,8.240618086574614e-06,8.510691643360652e-14,3.8621802153984697e-13,1
35.0,2001,11.15798803765327,11.199999999999989,1,2.5599734442467366,0.05179840728723839,0.03593280911445618,1
35.0,2001,0.11904646456183197,0.19999999999998863,1,0.1066686554430305,1.1635323935619444e-05,6.470807420555502e-05,1
35.0,2001,0.10704182284295939,0.19999999999998863,1,0.051144271128634955,1.8415490433254472e-06,1.4876490240567364e-05,1
35.0,2001,0.5891329845883951,0.4000000000000057,0,0.0,5.668220827835243e-08,nan,0
35.0,2001,1.2490514011154785,1.3000000000000114,1,0.0,0.0,0.0,1
35.0,2001,1.1104509488711407,1.3000000000000114,1,0.4299536146721721,0.00033750427601749995,0.0010502671357244253,1
35.0,2001,0.5461503860956337,0.700000000000017,1,1.1327847886248037,0.004918849911614191,0.007245189975947142,1
35.0,2001,18.857776318753277,18.900000000000006,1,92.010754351358,10.08571178042916,0.9796538352966309,1
35.0,2001,16.9125870930359,17.0,1,103.50182854497348,11.113088083035306,0.9838519096374512,1
35.0,2001,7.60805772969078,7.700000000000017,1,19.781347882844955,1.4679385157331957,0.6899691224098206,1
35.0,2001,0.2924556784350044,0.30000000000001137,1,0.033889319443915156,1.4431300588056484e-06,6.531844064738834e-06,1
35.0,2001,1.0044701383026022,1.0999999999999943,1,0.0953715824592507,1.7618507112584143e-05,5.172832970856689e-05,1
35.0,2001,0.45883070999327563,0.5999999999999943,1,0.6087897601989312,0.001262072778026205,0.002103454666212201,1
35.0,2001,7.735140899243214,7.799999999999983,1,15.792087897753674,1.3240163591810548,0.5864997506141663,1
35.0,2001,0.12808635557695822,0.19999999999998863,1,0.0,0.0,0.0,1
35.0,2001,21.885634500753596,21.89999999999999,1,32.21673576896961,2.843314615311629,0.8551363945007324,1
35.0,2001,0.6667797939447587,0.6999999999999886,1,0.10430110210708676,1.4498009524794238e-05,6.18676858721301e-05,1
35.0,2001,0.17996484673956328,0.19999999999998863,1,5.981345339023392e-06,2.5904311561221597e-14,2.0347483734809574e-13,1
35.0,2001,1.3528008500442632,1.3999999999999773,1,16.34180759055454,0.41350965968347025,0.6029924750328064,1
35.0,2001,0.1117448257025361,0.19999999999998863,1,0.011502694357545806,1.6668929665610148e-07,7.525091518800764e-07,1
35.0,2001,8.144675516846284,8.200000000000017,1,14.769753844591435,1.2247558589521363,0.553706705570221,1
35.0,2001,0.10171242490772413,0.20000000000001705,1,5.684341886080802e-14,5.9725073710282745e-30,1.837694517228073e-29,1
35.0,2001,1.9252458650059832,2.0,1,0.12004116694748745,2.9899818794231614e-05,8.194788824766874e-05,1
35.0,2001,0.5688529069669286,0.5999999999999943,1,0.1271500432993662,2.043187411620026e-05,9.194032463710755e-05,1
35.0,2001,0.445061596610533,0.5,1,0.13808425257451518,1.9439007933307516e-05,0.00010843117343029007,1
35.0,2001,4.3830760280620105,4.400000000000006,1,5.188509694836057,0.08394057930048064,0.13277862966060638,1
35.0,2001,0.4444012048878189,0.5,1,0.10340589085387819,1.085053501635443e-05,6.081029277993366e-05,1
35.0,2001,1.244835042296526,1.299999999999983,1,0.0022444174340989775,1.0170127409483562e-08,2.864970838345471e-08,1
35.0,2001,12.168897017441411,12.199999999999989,1,13.446468425261003,1.1671970388931756,0.5069817900657654,1
35.0,2001,0.405383103241793,0.5,1,0.0,0.0,0.0,1
35.0,2001,19.460589521240774,3.0999999999999943,0,0.0,9.160110424061955e-05,nan,0
35.0,2001,14.796677937887923,14.800000000000011,1,2.521069561820923,1.0856388222039157,0.03488677740097046,1
35.0,2001,3.128729395762998,3.200000000000017,1,0.09686010328869088,6.441952144974959e-05,5.335555397323333e-05,1
35.0,2001,0.45341982430326383,0.5,1,0.018687389476667704,8.305022215646515e-07,1.986137704079738e-06,1
35.0,2001,0.3735121011066741,0.4000000000000057,1,0.07647122928761974,5.560793163827291e-06,3.325788566144183e-05,1
35.0,2001,0.3164954169873292,0.4000000000000057,1,0.05069287160679892,2.7658326354959126e-06,1.461505326005863e-05,1
35.0,2001,40.071383481870974,39.900000000000006,0,0.0,29.01036292821919,7.513021500926698e-06,1
35.0,2001,40.55400305668165,39.400000000000006,0,0.0,7.0578941512320625,3.79220764443744e-05,1
35.0,2001,42.3505894890368,36.5,0,0.0,27.04106980161251,3.9475304447478266e-07,1
35.0,2001,44.117032974408026,33.900000000000006,0,0.0,27.58646064701005,0.0023230223450809717,1
35.0,2001,35.99513739668677,33.5,0,0.0,27.426329166192996,0.9946768283843994,1
35.0,2001,37.08589022651692,33.400000000000006,0,0.0,9.197817859217322,0.00025600247317925096,1
35.0,2001,39.83610938562124,31.799999999999997,0,0.0,24.118236142442605,0.0417461059987545,1
35.0,2001,44.52579011080919,31.400000000000006,0,0.0,3.0062623213587885,3.3939809296335e-11,1
35.0,2001,39.52122883352839,30.099999999999994,0,0.0,21.274318597874952,5.895129106647801e-06,1
35.0,2001,38.242000568972266,29.5,0,0.0,11.343663025115706,0.003189017763361335,1
35.0,2001,42.182039507745785,27.799999999999997,0,0.0,8.672772846953915,0.0,1
35.0,2001,41.51288946579439,27.099999999999994,0,0.0,11.164871127455278,2.0953868897777284e-06,1
35.0,2001,28.06405835869308,26.900000000000006,0,0.0,7.949634109880469,0.0,1
35.0,2001,39.16717470966232,25.200000000000003,0,0.0,18.118318325809916,0.002578131854534149,1
35.0,2001,24.61843812694602,23.900000000000006,0,0.0,0.014649554222157059,2.8477407099103402e-08,1
35.0,2001,32.13658461209893,22.599999999999994,0,0.0,14.743116660724823,0.0014298049500212073,1
35.0,2001,39.796117238698976,22.400000000000006,0,0.0,0.13559106153315326,4.948691980644071e-07,1
35.0,2001,29.335847676572286,22.200000000000003,0,0.0,0.025947918939068008,1.6695070371497422e-05,1
35.0,2001,44.60482610826771,21.69999999999999,0,0.0,4.430317179313688,0.006630235351622105,1
35.0,2001,28.39995219059829,21.400000000000006,0,0.0,1.5995129677622673,2.600133996999432e-10,1
35.0,2001,40.69772392534192,20.400000000000006,0,0.0,10.687367314931928,0.0,1
35.0,2001,30.01527742933204,20.400000000000006,0,0.0,2.087330131635813,0.7070606350898743,1
35.0,2001,20.59673005191144,20.400000000000006,0,0.0,0.0223259105778363,1.2089532708259298e-09,1
35.0,2001,38.634423157480136,19.80000000000001,0,0.0,4.875520487763185,4.532151433522813e-05,1
35.0,2001,39.742233041505514,19.599999999999994,0,0.0,7.931874314370754,0.0,1
35.0,2001,36.10153675163803,19.19999999999999,0,0.0,0.8875771275319856,0.858948826789856,1
35.0,2001,43.6667766777085,18.400000000000006,0,0.0,1.7396310650578035,0.0,1
35.0,2001,38.68346241529925,18.099999999999994,0,0.0,0.018175128874329774,0.01581646502017975,1
35.0,2001,41.91903214795189,17.400000000000006,0,0.0,7.687028190820681,0.0,1
35.0,2001,30.143852975708427,17.19999999999999,0,0.0,0.35650698842216066,0.004684685729444027,1
35.0,2001,39.896765795339974,16.69999999999999,0,0.0,4.254894016008637,0.0,1
35.0,2001,25.318728819940326,16.30000000000001,0,0.0,7.403331202382349,0.0,1
35.0,2001,39.665935890941924,16.19999999999999,0,0.0,1.1984245706963939,0.0,1
35.0,2001,22.61258399115707,16.099999999999994,0,0.0,0.017649789773008982,1.4084292843108415e-06,1
35.0,2001,21.97453910127818,15.800000000000011,0,0.0,0.8534739126666793,5.396172468863369e-07,1
35.0,2001,42.983249815202335,15.199999999999989,0,0.0,9.762628064278797,0.03986106067895889,1
35.0,2001,41.626121503482274,15.099999999999994,0,0.0,6.189995062686023,5.149525463821192e-07,1
35.0,2001,29.633421839402423,14.800000000000011,0,0.0,2.8557187365828014,0.0004805484786629677,1
35.0,2001,24.060769242644234,14.699999999999989,0,0.0,3.2913747976395027,3.730838216142729e-05,1
35.0,2001,36.37909351562692,14.099999999999994,0,0.0,0.017223064894873356,1.217712360812584e-05,1
35.0,2001,28.409440001196394,13.199999999999989,0,0.0,0.020962370326654083,3.5842461443280627e-07,1
35.0,2001,30.848195214354437,13.099999999999994,0,0.0,0.6600847839742346,5.040164032660277e-12,1
35.0,2001,31.338012647387835,13.0,0,0.0,1.3079793474618309,0.0450187623500824,1
35.0,2001,13.975812142532732,12.900000000000006,0,0.0,8.812291757380242,0.10920792073011398,1
35.0,2001,38.69294884955036,12.800000000000011,0,0.0,2.20189248282942,0.9113592505455017,1
35.0,2001,25.246053035542726,12.5,0,0.0,4.977537890759473,0.9880552887916565,1
35.0,2001,19.62701782347318,12.5,0,0.0,4.797689393510821,1.1352848559909035e-05,1
35.0,2001,12.6142690205261,12.300000000000011,0,0.0,0.6659417284197766,0.9680101871490479,1
35.0,2001,24.111308751152542,12.300000000000011,0,0.0,1.4955526210238557e-05,4.3906114854941336e-11,1
35.0,2001,17.365664102718032,12.099999999999994,0,0.0,0.0007486993971820947,0.0032951952889561653,1
35.0,2001,23.659623036947668,12.0,0,0.0,0.0006330206595672694,0.8708841800689697,1
35.0,2001,43.01101483624843,11.800000000000011,0,0.0,0.15458917022612917,0.0,1
35.0,2001,25.97128116888098,11.800000000000011,0,0.0,0.003011987233626243,8.078876589934225e-08,1
35.0,2001,13.039680182727524,11.699999999999989,0,0.0,6.2036538696113555,5.524825610336848e-06,1
35.0,2001,41.926249448250054,11.099999999999994,0,0.0,0.16863191122206841,4.441262262844248e-06,1
35.0,2001,30.475110999709102,11.0,0,0.0,0.0,0.0,1
35.0,2001,31.631448372027577,10.900000000000006,0,0.0,4.44380019007701e-06,8.646036917525635e-07,1
35.0,2001,13.029024472322929,10.300000000000011,0,0.0,1.8917700921814204,8.170548971975222e-05,1
35.0,2001,22.737619965722036,10.199999999999989,0,0.0,0.2048400404302521,1.3023549290244207e-17,1
35.0,2001,15.318125311370018,10.0,0,0.0,0.2254971222487895,0.9560450315475464,1
35.0,2001,11.742403339241303,9.800000000000011,0,0.0,4.7885974228613835,0.001145052956417203,1
35.0,2001,14.445516177767624,9.699999999999989,0,0.0,0.0010114212538850612,0.9876216053962708,1
35.0,2001,22.97892713705527,9.5,0,0.0,0.7527152375061813,4.645555641558108e-12,1
35.0,2001,38.57181945163519,9.300000000000011,0,0.0,6.416751993824962e-06,0.9916365146636963,1
35.0,2001,16.657727458651543,9.199999999999989,0,0.0,1.8579584805115916,0.7394737005233765,1
35.0,2001,13.270478683886111,9.0,0,0.0,1.0764243006720768,4.381337930681184e-06,1
35.0,2001,21.08213790499035,9.0,0,0.0,3.2719187659687243,6.77984717185609e-05,1
35.0,2001,10.30895593001081,8.800000000000011,0,0.0,3.3519879999068367,0.0002899995888583362,1
35.0,2001,20.212215456077484,8.300000000000011,0,0.0,0.10374601118007777,0.9648779034614563,1
35.0,2001,31.740137133525856,8.0,0,0.0,0.024489423768851066,0.0,1
35.0,2001,26.348558396969825,8.0,0,0.0,0.035941872733773014,0.03252194821834564,1
35.0,2001,36.1031353548901,7.800000000000011,0,0.0,0.0,0.0,1
35.0,2001,13.76542927955921,7.599999999999994,0,0.0,0.00022129659510553972,6.623935888683263e-08,1
35.0,2001,16.273905074724524,7.5,0,0.0,1.1155151174593523,0.07434555888175964,1
35.0,2001,19.172137258294494,7.5,0,0.0,2.7303312230557446,0.5096563100814819,1
35.0,2001,42.486755600371644,7.400000000000006,0,0.0,2.222256938923724,1.7011179807013832e-05,1
35.0,2001,9.108471609902555,7.199999999999989,0,0.0,1.342565303847201,0.0009140014881268144,1
35.0,2001,15.89811935118267,7.099999999999994,0,0.0,0.6085492040441989,0.5527364015579224,1
35.0,2001,12.82214416091941,6.900000000000006,0,0.0,0.0,0.0,1
35.0,2001,7.761726071083321,6.5,0,0.0,0.0008489094959317382,0.7230583429336548,1
35.0,2001,17.481142873356536,6.199999999999989,0,0.0,0.05611572185463234,0.0,1
35.0,2001,17.288034021199213,6.099999999999994,0,0.0,0.23721075329574381,8.627035276731476e-05,1
35.0,2001,12.136471677577038,6.099999999999994,0,0.0,0.7419878049190834,0.0007703521987423301,1
35.0,2001,11.352210515522652,6.0,0,0.0,0.00015386664431051275,0.026590997353196144,1
35.0,2001,8.650443096373508,6.0,0,0.0,0.10395308483612155,0.0003410913923289627,1
35.0,2001,40.43838340181162,5.300000000000011,0,0.0,0.00012306287082808684,0.9908435344696045,1
35.0,2001,36.97967148956401,5.099999999999994,0,0.0,5.969365469982682e-07,5.15388567327163e-13,1
35.0,2001,5.866230193538559,5.099999999999994,0,0.0,0.00036845759246899014,0.01634272187948227,1
35.0,2001,16.63128770900933,4.800000000000011,0,0.0,0.5260356160275199,0.9826580286026001,1
35.0,2001,34.72055081876923,4.800000000000011,0,0.0,0.42195017960004166,0.9943018555641174,1
35.0,2001,28.953454054366308,4.599999999999994,0,0.0,0.002509567974435801,2.1273312000857914e-08,1
35.0,2001,17.830581295122425,4.199999999999989,0,0.0,1.8314912925993562e-06,1.303811529851373e-07,1
35.0,2001,7.134436220953864,3.9000000000000057,0,0.0,0.002556530565555443,0.0061664339154958725,1
35.0,2001,23.316812169493954,3.8000000000000114,0,0.0,0.003724225134627731,0.00019896375306416303,1
35.0,2001,5.66337200607923,3.8000000000000114,0,0.0,0.0,0.0,1
35.0,2001,4.466639599857458,3.6999999999999886,0,0.0,0.0,0.0,1
35.0,2001,13.189640190960251,3.6999999999999886,0,0.0,6.28794366325787e-05,0.0004874344158452004,1
35.0,2001,18.392185366305675,3.5999999999999943,0,0.0,0.0,0.9960189461708069,1
35.0,2001,18.103656589582798,3.5,0,0.0,0.03898742833461855,0.08290503174066544,1
35.0,2001,11.78025449616322,3.5,0,0.0,2.3771677545186505e-08,1.8872542639769563e-08,1
35.0,2001,10.7929935548998,3.5,0,0.0,0.013366905003996659,5.049381070421077e-05,1
35.0,2001,43.95449864916328,3.0,0,0.0,0.027777813890017242,0.0,1
35.0,2001,10.432499765132935,3.0,0,0.0,4.883468118017133e-05,0.9718087315559387,1
35.0,2001,16.156490818974873,2.9000000000000057,0,0.0,0.0001382914680868155,8.564532549826254e-07,1
35.0,2001,15.181991345550882,2.9000000000000057,0,0.0,0.0,0.0,1
35.0,2001,16.967126419503,2.8000000000000114,0,0.0,2.367650440549126e-05,0.9752726554870605,1
35.0,2001,7.302197735567594,2.6999999999999886,0,0.0,5.479445111949917e-05,1.006261562963573e-08,1
35.0,2001,10.824863036416799,2.5999999999999943,0,0.0,0.020307962393293577,0.00018497130076866597,1
35.0,2001,3.7408400464090805,2.5999999999999943,0,0.0,0.0,0.0,1
35.0,2001,3.2721119183812215,2.4000000000000057,0,0.0,0.00975158155646642,1.5101062672329135e-05,1
35.0,2001,2.6079579463820486,2.4000000000000057,0,0.0,0.013251643627816145,0.0,1
35.0,2001,2.347497636068417,2.4000000000000057,0,0.0,0.00015756195242960054,6.556656444445252e-05,1
35.0,2001,34.64382554438823,2.4000000000000057,0,0.0,0.00030974697973534744,1.926105497318531e-08,1
35.0,2001,2.2175520169461356,2.3000000000000114,0,0.0,0.014439958657521634,0.5412611961364746,1
35.0,2001,27.732462621617564,2.3000000000000114,0,0.0,0.0056291996265905465,0.00962724257260561,1
35.0,2001,4.438258500776036,2.1999999999999886,0,0.0,0.0007071082098657984,0.029205406084656715,1
35.0,2001,3.4582814355838165,1.9000000000000057,0,0.0,1.4382937134621228e-06,1.132601390452237e-08,1
35.0,2001,3.3896319293281225,1.9000000000000057,0,0.0,2.0487160867674295e-08,8.674568008348871e-11,1
35.0,2001,28.38697502065663,1.9000000000000057,0,0.0,0.0017423147451061773,0.00022766493202652782,1
35.0,2001,7.758171585928793,1.8000000000000114,0,0.0,1.8850615067113729e-06,0.9981299638748169,1
35.0,2001,10.18453812017019,1.8000000000000114,0,0.0,7.569321124685155e-06,0.0065768202766776085,1
35.0,2001,1.6407340832885928,1.6999999999999886,0,0.0,1.917515509057152e-05,0.0016760501312091947,1
35.0,2001,4.92416512473833,1.5999999999999943,0,0.0,5.254799887344953e-06,6.655871942484737e-08,1
35.0,2001,4.63918797906165,1.4000000000000057,0,0.0,1.3773085864849046e-05,0.0012065722839906812,1
35.0,2001,3.1246794533517424,1.3000000000000114,0,0.0,0.0,3.8621802153984697e-13,1
35.0,2001,2.9995001691405396,1.3000000000000114,0,0.0,2.177608335112434e-05,2.6406641495668737e-07,1
35.0,2001,27.861084250990167,1.1999999999999886,0,0.0,0.0001947971855993446,6.470807420555502e-05,1
35.0,2001,14.364155555491248,1.1999999999999886,0,0.0,0.0012225287539826299,1.4876490240567364e-05,1
35.0,2001,3.017173826312618,1.0999999999999943,0,0.0,6.386562887928716e-06,0.007245189975947142,1
35.0,2001,9.779166165269766,1.0,0,0.0,2.8549533314712987e-15,0.9838519096374512,1
35.0,2001,1.7785988539120137,0.9000000000000057,0,0.0,7.050240959636057e-07,5.172832970856689e-05,1
35.0,2001,1.797220035988024,0.8000000000000114,0,0.0,7.17727829597306e-05,0.5864997506141663,1
35.0,2001,2.0806040131196935,0.6999999999999886,0,0.0,2.6233450379524307e-06,7.525091518800764e-07,1
35.0,2001,41.53379200023513,0.6999999999999886,0,0.0,5.000886523460937e-13,2.0347483734809574e-13,1
35.0,2001,3.7219865362607325,0.6999999999999886,0,0.0,7.31136711010634e-05,0.8551363945007324,1
35.0,2001,0.6550096849854539,0.6999999999999886,0,0.0,2.485147561575182e-06,6.18676858721301e-05,1
35.0,2001,0.6682067457969797,0.5999999999999943,0,0.0,3.996985702149691e-29,1.837694517228073e-29,1
35.0,2001,1.9681376977282503,0.5999999999999943,0,0.0,2.5144797279446244e-05,0.553706705570221,1
35.0,2001,0.6235505245158782,0.5,0,0.0,1.9163052537346916e-05,0.00010843117343029007,1
35.0,2001,7.330286197712248,0.5,0,0.0,0.002139656184485359,0.0,1
35.0,2001,42.348044194257966,0.4000000000000057,0,0.0,2.410637784326851e-06,0.13277862966060638,1
35.0,2001,1.1389046372648337,0.4000000000000057,0,0.0,8.152503705352838e-06,6.081029277993366e-05,1
35.0,2001,0.7885421621965075,0.30000000000001137,0,0.0,2.2850140943159316e-11,2.864970838345471e-08,1
35.0,2001,36.72454020501412,0.19999999999998863,0,0.0,0.0,0.0,1
35.0,2001,0.21273394105951907,0.19999999999998863,0,0.0,9.741518390642907e-07,0.5069817900657654,1
35.0,2001,0.18476128724177218,0.1,0,0.0,4.404724503272587e-08,1.986137704079738e-06,1
35.0,2001,0.4081618215532597,0.1,0,0.0,7.311100020794227e-07,0.03488677740097046,1
35.0,2001,1.2364661872906202,0.1,0,0.0,6.958518725198202e-09,5.335555397323333e-05,1
35.0,2002,0.1909702780344169,0.20000000000000284,1,0.0,0.0,0.0,1
35.0,2002,0.16792790333509178,0.20000000000000284,1,0.0014953983279610839,1.460757658545341e-09,1.2718231801045476e-08,1
35.0,2002,0.15784905450261816,0.20000000000000284,1,0.003538500324054894,2.5252122412613074e-08,7.121170852997238e-08,1
35.0,2002,0.18427986378048056,0.20000000000000284,1,0.06415215057882051,2.613692208656933e-06,2.34058934438508e-05,1
35.0,2002,0.12044120433215694,0.20000000000000284,1,0.005401581080491269,1.6967555397108425e-08,1.659413726429193e-07,1
35.0,2002,0.1516713614199082,0.20000000000000284,1,0.029294261017582812,5.834419020544127e-07,4.8806305130710825e-06,1
35.0,2002,0.10112296150700131,0.20000000000000284,1,0.01250733122606107,9.845469389182594e-08,8.89696480044222e-07,1
35.0,2002,0.14812064349683476,0.20000000000000284,1,0.017479766724136425,2.577381771077543e-07,1.7377346921421122e-06,1
35.0,2002,0.25195073356990405,0.29999999999999716,1,1.7883592533962656e-05,2.4272167472116204e-13,1.8189572027413337e-12,1
35.0,2002,0.23012467794187208,0.29999999999999716,1,0.007270828222090131,3.834451050013748e-08,3.006634301527811e-07,1
35.0,2002,0.25328721556672157,0.29999999999999716,1,0.0,0.0,0.0,1
35.0,2002,0.22446404195724157,0.29999999999999716,1,0.014042417693531206,1.8413695964917064e-07,1.121492118727474e-06,1
35.0,2002,0.2997457864604771,0.29999999999999716,1,1.042546728058369e-06,8.117530681946509e-16,6.181644331479516e-15,1
35.0,2002,0.32229866729349704,0.3999999999999986,1,0.02678329681350533,6.318726121197506e-07,4.079803602508036e-06,1
35.0,2002,0.3668467808868252,0.3999999999999986,1,0.014108194531047502,1.5655400324551615e-07,1.1320232715661405e-06,1
35.0,2002,0.37668214971892416,0.3999999999999986,1,0.009010035231398206,5.8507454012793025e-08,4.6170623591024196e-07,1
35.0,2002,0.3795408973364995,0.3999999999999986,1,0.7969958565958363,0.0006756106892481322,0.0035996390506625175,1
35.0,2002,0.33807988773339026,0.3999999999999986,1,0.0032323419345061666,1.0911139019528476e-08,5.942203529230028e-08,1
35.0,2002,0.20353231442973455,0.3999999999999986,1,0.1006745400546265,8.210594391053822e-06,5.7640430895844474e-05,1
35.0,2002,0.37223713332080227,0.3999999999999986,1,0.003526379925204992,8.380031941158279e-08,7.072470253888241e-08,1
35.0,2002,0.45356037174006875,0.5,1,0.10606511690201614,1.0817793076153464e-05,6.397794641088694e-05,1
35.0,2002,0.4623422986460412,0.5,1,0.001067903843249951,4.3743601695768e-08,6.486004622274777e-09,1
35.0,2002,0.4878692222838153,0.5,1,0.03798036161975915,1.8953190727430669e-06,8.20403602119768e-06,1
35.0,2002,0.1335456667403081,0.20000000000000284,1,0.07012220409416159,3.309220976504156e-06,2.7964813853031956e-05,1
35.0,2002,0.45575269681371144,0.5,1,0.04529875178587872,2.1077868336179774e-06,1.1670254934870172e-05,1
35.0,2002,0.5533064289393671,0.6000000000000014,1,0.04588644390742047,2.889825495886719e-06,1.1975028428423684e-05,1
35.0,2002,0.4209343095452578,0.5,1,1.2088016101741346,0.00398505866876065,0.00824192725121975,1
35.0,2002,0.6866826654760845,0.7000000000000028,1,0.177203714246275,3.567964163674921e-05,0.00017855870828498155,1
35.0,2002,0.35762416572579525,0.4000000000000057,1,0.004919232933104922,2.2478663371968984e-08,1.3762827677510359e-07,1
35.0,2002,0.11521511264296812,0.20000000000000284,1,0.03281149449487967,9.395306650618502e-07,6.1229725361044984e-06,1
35.0,2002,0.6095045699067434,0.7999999999999972,1,0.34940024417511495,0.00011073484526969354,0.0006938377628102899,1
35.0,2002,0.19986940037034345,0.19999999999999574,1,0.018443706891787315,2.928205312003515e-07,1.9346773569850484e-06,1
35.0,2002,0.4147225649785988,0.5,1,0.00028925377716859657,2.0777653266504733e-07,4.758510252500514e-10,1
35.0,2002,0.11993781690205994,0.20000000000000284,1,0.023143287877985586,3.262643749304781e-07,3.0462233553407714e-06,1
35.0,2002,0.11385632267190882,0.20000000000000284,1,0.018229712722302338,2.469420968852663e-07,1.890043449748191e-06,1
35.0,2002,0.595329729541287,0.6000000000000014,1,0.07843809165910898,9.475365104351425e-06,3.499063313938677e-05,1
35.0,2002,1.1717320606821267,1.2000000000000028,1,0.12500784593646586,5.291535592623059e-05,8.886871364666149e-05,1
35.0,2002,1.2167676419242235,1.2999999999999972,1,0.7425016334757402,0.0012075787217798542,0.0031257064547389746,1
35.0,2002,0.9372302916650277,1.0,1,0.0012016467208013637,2.1224003614953152e-07,8.212333035828578e-09,1
35.0,2002,1.3773037213084531,1.3999999999999986,1,0.04776013760033493,9.112312031605429e-06,1.2972941476618871e-05,1
35.0,2002,0.4963495270967817,0.5,1,0.2788792245423224,9.207782323855445e-05,0.0004421332851052284,1
35.0,2002,1.586104558329521,1.6000000000000014,1,0.0,0.0,0.0,1
35.0,2002,1.5570899559271123,1.6000000000000014,1,0.023068383535189696,4.8255900105272805e-06,3.0265368877735455e-06,1
35.0,2002,1.6487906765864437,1.7000000000000028,1,0.0707782906807779,2.783901169611981e-05,2.8490541808423586e-05,1
35.0,2002,0.5130709903766699,0.6000000000000014,1,0.12602579496490307,1.7899855363766808e-05,9.032180969370529e-05,1
35.0,2002,1.763807981401931,1.7999999999999972,1,1.1178797612340645,0.0032159752018544696,0.007057118229568005,1
35.0,2002,1.7265841375693514,1.7999999999999972,1,0.7025625841145029,0.001525681611546267,0.0027994036208838224,1
35.0,2002,0.3651643540846586,0.3999999999999986,1,0.2916666666666856,7.953335476772801e-05,0.0004835890722461045,1
35.0,2002,1.4404980064736927,1.5,1,0.12288057801333707,4.819018668256614e-05,8.58701387187466e-05,1
35.0,2002,1.9172367611282,2.0,1,0.034309579316072814,3.104349576596958e-06,6.69484961690614e-06,1
35.0,2002,2.1314277142320206,2.200000000000003,1,0.49232660314265786,0.0004318814092059563,0.001376642845571041,1
35.0,2002,1.0724137515696537,1.1000000000000014,1,0.024563799093698435,2.9633908058791498e-06,3.431646518947673e-06,1
35.0,2002,0.988025905721809,1.0,1,0.08727284781818412,1.0184245943334164e-05,4.331640957389027e-05,1
35.0,2002,2.3316250640522265,2.3999999999999986,1,0.060129765068012375,9.706611365266114e-06,2.0562836652970873e-05,1
35.0,2002,2.034906786021956,2.1000000000000014,1,0.0,0.0,0.0,1
35.0,2002,0.14445816119084506,0.20000000000000284,1,0.05744233202091209,3.272267801766778e-06,1.8765878849080764e-05,1
35.0,2002,1.0000326044136398,1.1000000000000014,1,0.030070886999169488,2.448599068876984e-06,5.142842383065727e-06,1
35.0,2002,1.0282298316903957,1.1000000000000014,1,1.4556578710722476,0.0037199060266992646,0.011907733045518398,1
35.0,2002,0.7088335940230939,0.8000000000000043,1,0.15990251518093146,3.365891430457922e-05,0.00014539866242557764,1
35.0,2002,0.11166224569716557,0.20000000000000284,1,1.1776935518281277,0.0014852195589317302,0.007826456800103188,1
35.0,2002,2.6972175377420844,2.700000000000003,1,1.9901749153432888,0.012601463600339338,0.02203032188117504,1
35.0,2002,7.379060220322963,3.0,0,0.0,0.0001054774629992528,nan,0
35.0,2002,2.072090748194273,2.1000000000000014,1,0.017562863385705896,1.407224695180702e-06,1.7542957948535332e-06,1
35.0,2002,0.5996794644242085,0.6000000000000014,1,0.18856836787057318,5.0554327640190475e-05,0.0002021914697252214,1
35.0,2002,0.4086657876835226,0.5,1,0.06362688365067015,4.349478464185149e-06,2.3024183974484913e-05,1
35.0,2002,3.317404586577809,3.3999999999999986,1,1.2026889744110463,0.007091778835963634,0.008159460499882698,1
35.0,2002,3.0941714870807813,3.1000000000000014,1,0.4318215280746358,0.0010414383243712085,0.0010594029445201159,1
35.0,2002,1.02278741092685,1.1000000000000014,1,0.10845616072788289,1.8753436969086113e-05,6.689479778287932e-05,1
35.0,2002,3.1639930580653086,3.200000000000003,1,3.9333235824358894,0.05722834227775338,0.08087373524904251,1
35.0,2002,3.7574175234076437,3.799999999999997,1,4.855712220218379,0.10463533761777749,0.11824115365743637,1
35.0,2002,3.7732580494712367,3.799999999999997,1,0.14916102412598775,0.00018433116656185926,0.00012652277655433863,1
35.0,2002,1.0874262990149246,1.0999999999999943,1,0.6779244947159668,0.0009446999119987255,0.002607005415484309,1
35.0,2002,3.799145174037198,3.799999999999997,1,1.2914444468708552,0.009293614747584006,0.00939645990729332,1
35.0,2002,3.1033031552123957,3.1999999999999957,1,3.4060727289311785,0.04901178928314184,0.06189722940325737,1
35.0,2002,1.7417767132505075,1.7999999999999972,1,0.10142544513530538,3.853342013581027e-05,5.8503439504420385e-05,1
35.0,2002,0.11710810382910072,0.19999999999999574,1,0.04509170808228191,1.4805562540192494e-06,1.1563819498405792e-05,1
35.0,2002,3.386956855822153,3.4000000000000057,1,0.08455416960401863,3.788649940575297e-05,4.0659811929799616e-05,1
35.0,2002,0.1408799495656813,0.30000000000000426,1,0.07882425323987263,4.812178181823724e-06,3.533599738148041e-05,1
35.0,2002,8.496449013302925,4.400000000000006,0,0.0,7.294423938381676e-05,nan,0
35.0,2002,3.1127344089390463,3.1999999999999957,1,1.5324542718045109,0.009117225095419958,0.013180315494537354,1
35.0,2002,4.356765055008911,4.400000000000006,1,0.09217044367812832,7.657761803616173e-05,4.831425758311525e-05,1
35.0,2002,4.493045448821518,4.5,1,2.657230712033595,0.04110102125990983,0.03860754519701004,1
35.0,2002,3.7160948328543464,3.799999999999997,1,0.30193640665595467,0.0006839113466922877,0.0005182255408726633,1
35.0,2002,3.317787034167225,3.3999999999999915,1,0.019200866234314162,1.928769854932554e-05,2.0967838736396516e-06,1
35.0,2002,2.6920543574961417,2.6999999999999957,1,5.700213523588931,0.18472055373017982,0.1559736430644989,1
35.0,2002,0.6979543210349882,0.6999999999999957,1,0.006555313123726592,1.2667073052426475e-07,2.443991604650364e-07,1
35.0,2002,0.24639638939136188,0.3999999999999915,1,0.06865894886311708,4.022836188488711e-06,2.6809924747794867e-05,1
35.0,2002,4.080478145986679,4.100000000000001,1,0.014196526132650433,5.245164839034978e-06,1.1462427664810093e-06,1
35.0,2002,2.9062108130780953,3.0,1,3.2122695952960743,0.12263875116456102,0.055433157831430435,1
35.0,2002,0.7399539739460789,0.7999999999999972,1,0.0032021891651083934,9.723324570799814e-08,5.831857308180588e-08,1
35.0,2002,0.4835360876055692,0.5,1,0.11994385094260451,1.51240015149754e-05,8.181508746929467e-05,1
35.0,2002,4.70151415897011,4.899999999999999,1,13.914112322784632,0.672826888544504,0.5240572094917297,1
35.0,2002,0.32325615252223855,0.4000000000000057,1,0.3489885662733627,0.00011469726227873957,0.0006922048050910234,1
35.0,2002,0.11835965465352381,0.19999999999998863,1,0.029761188142856554,7.354815062881437e-07,5.037456503487192e-06,1
35.0,2002,5.2393881194643965,5.299999999999997,1,0.41237993688068286,0.0007579073614381118,0.0009662469965405762,1
35.0,2002,0.5731013777012823,0.5999999999999943,1,0.026998587273283192,9.78270113003771e-07,4.145655566389905e-06,1
35.0,2002,0.15714855675815678,0.20000000000000284,1,0.1224868667512169,1.0744641401734626e-05,8.532080391887575e-05,1
35.0,2002,5.203307403695007,5.299999999999997,1,0.015283806974935032,2.021600786512596e-06,1.3285425666254014e-06,1
35.0,2002,1.5348986942451663,1.6000000000000085,1,1.3112586357137275,0.003935764046756025,0.009684192016720772,1
35.0,2002,0.7059105749009426,0.7999999999999972,1,0.2220042199782597,6.713769158878525e-05,0.00028022940387018025,1
35.0,2002,2.9808928597749813,2.999999999999993,1,0.20793465558745083,0.0002638806303669598,0.00024584418861195445,1
35.0,2002,0.3621604224272328,0.3999999999999915,1,0.02865268339235172,9.739998409602088e-07,4.6691898205608595e-06,1
35.0,2002,0.4708318061320793,0.5,1,0.04641229372964517,2.823107146304776e-06,1.225106097990647e-05,1
35.0,2002,4.169561315980739,4.200000000000003,1,5.8218112335662795,0.2128016641600594,0.16161219775676727,1
35.0,2002,2.38253207804836,2.3999999999999915,1,0.18068889759035756,0.00016003509739815432,0.00018565013306215405,1
35.0,2002,1.3274134785162712,1.3999999999999915,1,0.015906891438362436,1.1501063279092805e-06,1.4390734577318653e-06,1
35.0,2002,1.7009984445597124,1.7999999999999972,1,0.0024016201806489335,1.66474464983462e-08,3.280360516555447e-08,1
35.0,2002,6.16804968028575,6.200000000000003,1,0.07027615575833579,5.989929652149032e-05,2.8087737518944778e-05,1
35.0,2002,0.6867929013270346,0.7000000000000028,1,0.25850710441204683,8.260703452988902e-05,0.0003799206460826099,1
35.0,2002,0.17917232935248648,0.20000000000000284,1,0.020352819572281078,2.66806163890606e-07,2.355923015784356e-06,1
35.0,2002,5.94054368642275,6.0,1,0.16087790029337157,0.0002516862203597071,0.0001471776340622455,1
35.0,2002,6.3804835907916475,6.400000000000006,1,25.267483929046477,1.876977642790006,0.7840681076049805,1
35.0,2002,6.3950174685787635,6.400000000000006,1,27.573778157066045,2.1072736819228566,0.8121782541275024,1
35.0,2002,6.395632162020729,6.400000000000006,1,3.8708941416589937,0.13787806967425953,0.07852686196565628,1
35.0,2002,6.306021524102884,6.400000000000006,1,9.876259631961148,0.7514517211305981,0.3568101227283478,1
35.0,2002,4.097466648416108,4.1000000000000085,1,0.17385264485119478,0.00023777029734085473,0.00017187032790388912,1
35.0,2002,1.828721626072126,1.9000000000000057,1,0.014674440687485912,1.0666639854128367e-06,1.2247163567735697e-06,1
35.0,2002,1.0935122719405705,1.0999999999999943,1,1.3234457675220312,0.010269458486513892,0.009863258339464664,1
35.0,2002,0.13942514440509435,0.20000000000000284,1,0.04072280180821508,1.2906331456708669e-06,9.431573744222987e-06,1
35.0,2002,1.402200049288504,0.5,0,0.0,3.8255811552794415e-07,nan,0
35.0,2002,6.667540804073268,6.700000000000003,1,2.2594272510585256,0.35853060249830354,0.028214987367391586,1
35.0,2002,0.9984031569189402,1.0,1,0.002536146836689568,5.426095643047432e-08,3.658151825902678e-08,1
35.0,2002,0.2636716251277843,0.29999999999999716,1,0.07263225816382146,4.554121445008831e-06,3.000260767294094e-05,1
35.0,2002,0.1356529609608812,0.20000000000000284,1,0.013797800692486817,1.1264608862413213e-07,1.082760036297259e-06,1
35.0,2002,0.39103126505010893,0.4000000000000057,1,1.0056583678356568,0.0007988609868716136,0.005719038657844067,1
35.0,2002,5.123580426965066,5.199999999999996,1,9.354385121788823,0.44120186514775894,0.3322971761226654,1
35.0,2002,7.407451435176906,7.5,1,0.00039849696111105004,2.079501422892771e-09,9.031564385253432e-10,1
35.0,2002,7.185816445102148,7.200000000000003,1,81.08208725237523,4.975450821967569,0.9739519953727722,1
35.0,2002,2.241936814387701,2.299999999999997,1,4.078931397089036e-05,6.576253366660168e-12,9.462496758372296e-12,1
35.0,2002,0.8601500809712914,1.1000000000000085,1,2.1806019137168278,0.013541282690056416,0.026331573724746704,1
35.0,2002,2.6138558273200547,2.700000000000003,1,7.345228677486065,0.24178995393967317,0.23480018973350525,1
35.0,2002,1.0098419083289945,1.2000000000000028,1,0.07121762270139698,1.2482048646556793e-05,2.8845321139669977e-05,1
35.0,2002,7.877514856212673,7.900000000000006,1,0.792530504742615,0.008295038736762165,0.0035595595836639404,1
35.0,2002,5.235745201098344,5.299999999999997,1,15.829170936452044,1.270782800696751,0.5876368880271912,1
35.0,2002,4.1421308927066605,4.299999999999997,1,10.368176678947423,0.5393760489266507,0.37941744923591614,1
35.0,2002,2.5236874560912472,2.5999999999999943,1,0.4176188370017826,0.0009734717260947302,0.0009909289656206965,1
35.0,2002,3.5772310904977536,3.5999999999999943,1,0.016569776801361513,5.635865291602286e-06,1.5615129314028309e-06,1
35.0,2002,0.24413222839766605,0.29999999999999716,1,0.01703942013887172,2.6302866528482814e-07,1.6512843785676523e-06,1
35.0,2002,6.144103687812847,6.200000000000003,1,1.0856602628365408,0.007653010429886,0.0066588507033884525,1
35.0,2002,5.581751526724144,5.600000000000001,1,0.0,0.0,0.0,1
35.0,2002,0.18769527340087902,0.20000000000000284,1,0.008908492801936063,9.794001338034679e-08,4.5135809045859787e-07,1
35.0,2002,8.34722644881883,8.400000000000006,1,31.584346260178616,3.180624096861911,0.850155234336853,1
35.0,2002,0.11388343859446928,0.20000000000000284,1,0.022130786591560536,4.2782156180807237e-07,2.7855146527144825e-06,1
35.0,2002,0.213101300915394,0.30000000000001137,1,0.07306607133872944,4.861008651263961e-06,3.0362063625943847e-05,1
35.0,2002,6.344931559954543,3.6999999999999886,0,0.0,0.00020694044046645836,nan,0
35.0,2002,0.670553005787913,0.7000000000000028,1,0.18375450328497323,0.00010776838342117051,0.00019200191309209913,1
35.0,2002,0.13626820565211345,0.20000000000000284,1,0.008269766345051721,4.8409885817217e-08,3.889549020641425e-07,1
35.0,2002,8.571479451106207,8.599999999999994,1,0.43657191446999377,0.00345386465380437,0.001082814414985478,1
35.0,2002,0.1446912933811959,0.19999999999998863,1,0.010715524682723299,9.22014300484688e-08,6.530396490234125e-07,1
35.0,2002,0.15512953439967445,0.20000000000000284,1,0.03273974410291203,7.546389564679653e-07,6.096223387430655e-06,1
35.0,2002,0.4851210305486057,0.5,1,0.0,0.0,0.0,1
35.0,2002,0.2656566097767084,0.29999999999999716,1,0.010032335738543452,2.9968163474341905e-07,5.724226639358676e-07,1
35.0,2002,2.31144645426395,2.4000000000000057,1,0.02000558586439638,1.4916136477885067e-06,2.2762214939575642e-06,1
35.0,2002,8.961744579529393,9.0,1,0.22511969836205026,0.001112023787859726,0.00028814745019190013,1
35.0,2002,0.22112092795669056,0.29999999999999716,1,0.0505121927832306,2.843328214195001e-06,1.4511058907373808e-05,1
35.0,2002,2.331782234049774,2.3999999999999915,1,1.5323153775156015,0.008509672405948746,0.013177957385778427,1
35.0,2002,8.774836224409945,8.800000000000004,1,40.53876675907645,3.673449355320014,0.9033499360084534,1
35.0,2002,9.47732129592108,9.5,1,1.6608509744324351,0.016554011324667314,0.015445922501385212,1
35.0,2002,6.63797583435235,6.700000000000003,1,12.980542312608463,0.9525127064622728,0.489351361989975,1
35.0,2002,0.2430856197528314,0.29999999999999716,1,1.0721398682127585,0.0019440035441206024,0.006495100446045399,1
35.0,2002,6.1058342526452085,6.200000000000003,1,8.762585104760204,0.1365603628273895,0.30395767092704773,1
35.0,2002,5.735656131695035,5.800000000000004,1,2.9802089037410724,0.07687903174485293,0.04808446392416954,1
35.0,2002,3.588447326902316,3.6000000000000085,1,0.8580874459449319,0.003010002851393497,0.004170240834355354,1
35.0,2002,1.0513028115472065,1.1000000000000085,1,0.20911993346061308,9.7000590623335e-05,0.000248654221650213,1
35.0,2002,0.31480775268815864,0.3999999999999915,1,0.02190305373733281,4.769759664284747e-07,2.7284820589557057e-06,1
35.0,2002,0.7053264972540942,0.8000000000000114,1,0.007562715877497794,2.2645051367608963e-07,3.25288254998668e-07,1
35.0,2002,0.5358702263450058,0.6000000000000085,1,0.1171154887952639,1.1159577576909398e-05,7.800236198818311e-05,1
35.0,2002,4.032270275819465,4.099999999999994,1,0.12346054496549641,0.00010524583836302517,8.668255031807348e-05,1
35.0,2002,4.07071341564403,4.1000000000000085,1,0.1476633179567557,0.00017847349645077,0.0001239950506715104,1
35.0,2002,2.7832505615063994,2.8000000000000114,1,0.0,0.0,0.0,1
35.0,2002,2.5353605565266326,2.5999999999999943,1,0.9999940990618654,0.013596587512321017,0.005655159242451191,1
35.0,2002,10.65493207706254,10.700000000000003,1,1.3809251111908338,0.04672243758436455,0.010729225352406502,1
35.0,2002,0.11793892316588035,0.20000000000000284,1,0.0,0.0,0.0,1
35.0,2002,0.3150990990796925,0.4000000000000057,1,0.16710480614449352,2.9309867968461688e-05,0.00015878953854553401,1
35.0,2002,10.798679175747424,10.799999999999997,1,0.63299478004501,0.006967563640108654,0.0022736554965376854,1
35.0,2002,10.464849493645547,10.500000000000007,1,0.00015676192361979702,4.865208696744153e-10,1.3976361734613363e-10,1
35.0,2002,0.8046003817206143,0.9000000000000057,1,0.012885545908829954,7.895751041286801e-07,9.443178328183421e-07,1
35.0,2002,10.656282976151266,10.700000000000003,1,0.313259466080126,0.001732848223990324,0.0005578006966970861,1
35.0,2002,0.13284697531465994,0.20000000000000284,1,0.013841635028370547,1.2628980960596768e-07,1.089650595531566e-06,1
35.0,2002,2.1673802035412835,2.1999999999999886,1,0.384795618022423,0.0006290666197874923,0.0008414098992943764,1
35.0,2002,2.2133705334899596,2.299999999999997,1,0.0,0.0,0.0,1
35.0,2002,0.24480982883801952,0.29999999999999716,1,0.005344375587696959,4.364044041129062e-08,1.6244517553332116e-07,1
35.0,2002,11.343578775941012,11.400000000000006,1,0.02194982291064207,4.685414760681802e-05,2.740146555879619e-06,1
35.0,2002,11.323477801116345,11.400000000000006,1,0.45875789031595104,0.005021250218579161,0.0011955301743000746,1
35.0,2002,0.5890186616188152,0.6000000000000085,1,0.008123835000503732,2.2726899968131436e-07,3.753487476387818e-07,1
35.0,2002,8.105964537872065,8.200000000000003,1,7.427362973304014,0.45898189669462075,0.23881955444812775,1
35.0,2002,1.066147704322042,1.0999999999999943,1,0.0481324905360907,4.296126385348821e-06,1.3176009815651923e-05,1
35.0,2002,0.8089710004045634,0.9000000000000057,1,1.4131908777597744,0.010313217412541407,0.011230770498514175,1
35.0,2002,0.8529657830470565,0.9000000000000057,1,0.0,0.0,0.0,1
35.0,2002,0.14303657835739192,0.20000000000000284,1,0.014624351934003244,2.1041833277503333e-07,1.2163699238953996e-06,1
35.0,2002,0.589805748123117,0.5999999999999943,1,0.06914120279139979,1.014947591834654e-05,2.7187857995158993e-05,1
35.0,2002,6.118157089055226,6.200000000000003,1,0.1724377529467347,0.0003001219587435611,0.00016908466932363808,1
35.0,2002,4.905910062703722,5.0,1,53.42422549506181,3.347570832218548,0.9419706463813782,1
35.0,2002,12.009113630272163,12.099999999999994,1,1.5673685912860833,0.04948602298977758,0.013779368251562119,1
35.0,2002,12.167759604861622,12.299999999999997,1,79.22716843286975,7.526572458438817,0.9727516174316406,1
35.0,2002,0.4066703564428746,0.5,1,0.0,0.0,0.0,1
35.0,2002,0.5042847876720039,0.6000000000000085,1,0.008785815731897628,6.559337179894333e-08,4.390125525333133e-07,1
35.0,2002,9.463456751923474,9.499999999999993,1,0.5541559607694353,0.005865149385817099,0.0017434885958209634,1
35.0,2002,7.85992236606164,7.8999999999999915,1,11.214391965703896,1.8119778005382245,0.4169982671737671,1
35.0,2002,0.6147879646058652,0.7999999999999972,1,0.0035489489008568853,4.2816138214000134e-07,7.163288273659418e-08,1
35.0,2002,2.2260525025449036,2.299999999999997,1,0.002331385275624598,3.2086792501890406e-07,3.0912993054244e-08,1
35.0,2002,0.2908361777258237,0.29999999999999716,1,0.0,0.0,0.0,1
35.0,2002,0.10605538720344687,0.20000000000000284,1,0.0047219121116484075,3.777653935074685e-08,1.2680860095315438e-07,1
35.0,2002,1.1751832462805403,1.2000000000000028,1,0.04070324041617823,4.585407000475169e-06,9.422515176993329e-06,1
35.0,2002,0.2495612692483027,0.29999999999999716,1,0.01607153346543555,2.1676163204128196e-07,1.4690174339193618e-06,1
35.0,2002,3.0200746542963905,3.1000000000000085,1,0.038088742463742165,6.94705943576556e-06,8.250925020547584e-06,1
35.0,2002,0.2319028667156567,0.29999999999999716,1,1.0285013172084803,0.0018024044785515912,0.005980227142572403,1
35.0,2002,0.11286479846671318,0.20000000000000284,1,0.018000275246578212,2.450428089231297e-07,1.8427671193421702e-06,1
35.0,2002,0.15858515472858348,0.20000000000000284,1,0.009340743897155335,6.466593586040276e-08,4.962216166859434e-07,1
35.0,2002,5.115909973287293,5.199999999999989,1,0.08252771225897959,5.570237735976075e-05,3.8734302506782115e-05,1
35.0,2002,0.31356703097330474,0.3999999999999915,1,0.007352491484482471,4.8989833350866485e-08,3.0745522394681757e-07,1
35.0,2002,0.4505928464230401,0.5,1,0.021721730208469126,4.637687130944621e-07,2.683493903532508e-06,1
35.0,2002,0.11177029125070588,0.20000000000000284,1,0.013274327008247155,1.4850129314420087e-07,1.002161070573493e-06,1
35.0,2002,0.4542653548859716,0.5,1,0.021325376709455668,7.25148444946334e-07,2.5864569579425734e-06,1
35.0,2002,13.34820755790383,13.400000000000006,1,8.832807933562112,1.805540148253231,0.3073456585407257,1
35.0,2002,0.5950916265112569,0.6000000000000085,1,0.0,0.0,0.0,1
35.0,2002,1.6090690356779462,1.7000000000000028,1,0.06285349626853076,1.2660269878555582e-05,2.2467878807219677e-05,1
35.0,2002,13.348780414734286,13.399999999999999,1,0.003220475538228129,2.506870931827605e-07,5.8986540096839235e-08,1
35.0,2002,7.383973380692716,7.400000000000006,1,0.21158071475156248,0.000796429025034644,0.0002545391325838864,1
35.0,2002,6.683331347528609,6.700000000000003,1,13.898533755383141,0.7628440502541751,0.5234983563423157,1
35.0,2002,13.630136976061294,13.700000000000003,1,32.21658288638492,4.712099465916135,0.8551352024078369,1
35.0,2002,0.8699575544334237,1.0,1,3.2572665611735623,0.04121128486480671,0.05690803751349449,1
35.0,2002,3.205874914674319,3.299999999999997,1,0.6561869067561474,0.006026851835844699,0.002442900789901614,1
35.0,2002,0.6803387358711369,0.6999999999999886,1,0.028046316981317432,9.975275870839359e-07,4.473657099879347e-06,1
35.0,2002,0.2993352696880107,0.29999999999999716,1,0.0030675578238970047,1.8508840083620104e-08,5.351782306206587e-08,1
35.0,2002,0.6839597958812506,0.6999999999999886,1,0.015940884860015103,4.1285334247775077e-07,1.445230736862868e-06,1
35.0,2002,8.907874714958464,9.0,1,3.956620004021204,0.15818317940745322,0.08175601810216904,1
35.0,2002,0.4688133310268554,0.5,1,0.0,0.0,0.0,1
35.0,2002,12.79072809448288,12.799999999999997,1,17.42088520183688,1.850931389886413,0.6331688761711121,1
35.0,2002,0.32780624263108393,0.3999999999999915,1,0.0026945291679112415,4.0910882639230815e-08,4.1293215957693974e-08,1
35.0,2002,0.3511059506930601,0.3999999999999915,1,0.023278639391008937,6.085186284977689e-07,3.081958539041807e-06,1
35.0,2002,0.15744605342555051,0.19999999999998863,1,0.9719372862904834,0.0010637495886075769,0.005343949887901545,1
35.0,2002,14.697247681015272,14.700000000000003,1,163.02600869293835,10.056126484189495,0.9934278130531311,1
35.0,2002,3.0965077846347544,3.1000000000000085,1,0.4540286480747113,0.0014387806511159413,0.0011710369726642966,1
35.0,2002,0.6313144445387029,0.7000000000000028,1,0.2578670156132148,7.774021911090639e-05,0.0003780422266572714,1
35.0,2002,0.13614091525911423,0.20000000000000284,1,0.0211693079594113,2.8608081145223127e-07,2.5487379389232956e-06,1
35.0,2002,12.316829286001328,12.399999999999999,1,43.90557541203632,7.548685955363854,0.9164129495620728,1
35.0,2002,3.494336463131545,3.5,1,0.10712420845112547,8.487344485694157e-05,6.526192009914666e-05,1
35.0,2002,2.858732888981929,2.8999999999999915,1,0.13957735504521906,0.0001279120992565521,0.00011078851821366698,1
35.0,2002,1.6979779510171487,1.7000000000000028,1,0.0,0.0,0.0,1
35.0,2002,0.2257168285974251,0.29999999999999716,1,0.7215830300082757,0.0008857734190882867,0.0029525780119001865,1
35.0,2002,0.10516141231483356,0.20000000000000284,1,0.0020817202010334768,1.0276753908667446e-08,2.46466367315179e-08,1
35.0,2002,23.456239876884233,4.599999999999994,0,0.0,2.105924870865569e-06,nan,0
35.0,2002,15.457043595317483,15.5,1,0.3784053771697131,0.5368153198264586,0.0008137181866914034,1
35.0,2002,14.824408150539986,14.899999999999999,1,4.123854665196177,0.42516739190533276,0.08819086104631424,1
35.0,2002,7.834953994850699,7.900000000000006,1,6.361993532633392,0.21082917751819272,0.18712197244167328,1
35.0,2002,0.9291167085365475,1.0,1,0.15852649631995064,4.635730430625167e-05,0.000142907359986566,1
35.0,2002,0.5397769524770355,0.5999999999999943,1,0.15604305234762705,2.627963042726936e-05,0.0001384655333822593,1
35.0,2002,11.620573924308657,11.699999999999996,1,0.4418787479597768,0.003947849843654117,0.001109269680455327,1
35.0,2002,8.968736875767924,9.0,1,30.268138445795387,2.857973353952532,0.8389838933944702,1
35.0,2002,4.55623678947087,4.599999999999994,1,0.0,0.0,0.0,1
35.0,2002,0.14687299043805238,0.19999999999998863,1,0.0,4.594236439252519e-31,0.0,1
35.0,2002,3.565698057697136,3.6000000000000085,1,0.44265738357535156,0.0014028325609521963,0.0011131780920550227,1
35.0,2002,1.2228139229240316,1.3000000000000114,1,0.9749535996405143,0.0018768774276649949,0.0053769913502037525,1
35.0,2002,0.11493099792620934,0.20000000000000284,1,1.1368683772161603e-13,7.810201946729282e-30,7.350778068912292e-29,1
35.0,2002,0.2735095147876484,0.30000000000001137,1,0.0020711262122290464,1.6889413085275217e-08,2.4396419107119982e-08,1
35.0,2002,0.21810274969237353,0.30000000000001137,1,0.0,0.0,0.0,1
35.0,2002,2.4934224937800096,2.5,1,0.0072198300483137245,1.0550632086945804e-06,2.9646045618392236e-07,1
35.0,2002,0.37604758877158323,0.4000000000000057,1,0.050937895752610984,2.743524472450884e-06,1.4756676137039904e-05,1
35.0,2002,5.461368517696334,5.5,1,5.810848558021803,0.22998031239214503,0.1611020863056183,1
35.0,2002,16.26732532653696,16.299999999999997,1,0.371906573692911,0.004031043505299401,0.000786030082963407,1
35.0,2002,0.6854347111168723,0.7000000000000028,1,0.4060593006522879,0.00021813185641164664,0.000936881813686341,1
35.0,2002,0.11656259939449189,0.20000000000000284,1,0.01461580043212507,2.2363430436090204e-07,1.2149478152423399e-06,1
35.0,2002,0.25017453730746525,0.30000000000001137,1,0.010014631597186963,9.061635626461885e-08,5.704041541321203e-07,1
35.0,2002,8.23520854657955,8.299999999999997,1,0.10184431491404666,0.00018048104819571255,5.8987625379813835e-05,1
35.0,2002,7.593075307405726,7.599999999999994,1,0.01179690326682703,1.7819209127164076e-06,7.91495835983369e-07,1
35.0,2002,0.1799449264507753,0.3999999999999915,1,0.9499064135879678,0.0019798252801200983,0.0051056561060249805,1
35.0,2002,0.3527821575459127,0.3999999999999915,1,0.002732656407658851,7.637041394510283e-09,4.2470070127365034e-08,1
35.0,2002,9.878038960963138,8.5,0,0.0,0.0009271792244181052,nan,0
35.0,2002,5.122830674239038,5.200000000000003,1,0.2751267368605568,0.0007600875347738159,0.00043032009853050113,1
35.0,2002,1.5347137073573587,1.6000000000000085,1,0.0,0.0,0.0,1
35.0,2002,1.5534841796953,1.5999999999999943,1,0.025275771374765554,3.3952748900865525e-06,3.6334586184239015e-06,1
35.0,2002,6.814284875604778,4.5,0,0.0,0.0004751518794688797,nan,0
35.0,2002,2.804390613292201,2.8999999999999915,1,0.17807209023789028,0.0001356130598256088,0.00018031270883511752,1
35.0,2002,7.34702737614803,7.400000000000006,1,21.031306434491626,1.7134287083793445,0.7155553698539734,1
35.0,2002,0.8117161593533293,0.9000000000000057,1,0.04412261172416265,5.877358663278315e-06,1.1072114830312785e-05,1
35.0,2002,1.1310813706052973,1.2000000000000028,1,0.33299496524753636,0.00020612923651585876,0.0006302523543126881,1
35.0,2002,0.7121538371394293,0.7999999999999972,1,0.0,0.0,0.0,1
35.0,2002,0.553116509100059,0.6000000000000085,1,0.009740951810101706,2.2730367250710474e-07,5.396541382651776e-07,1
35.0,2002,0.33746243779560287,0.4000000000000057,1,0.12665935648624327,1.5879277103093792e-05,9.123214113060385e-05,1
35.0,2002,0.12377451293858711,0.20000000000000284,1,0.0015301470517101734,2.2660482600925007e-08,1.3316168612220736e-08,1
35.0,2002,17.761213073056524,17.799999999999997,1,0.9605677655070508,0.8109081351191986,0.005220305174589157,1
35.0,2002,0.7636402813755042,0.7999999999999972,1,0.010596294737865719,6.512069306871749e-07,6.385879487424972e-07,1
35.0,2002,9.869053640447726,9.900000000000006,1,0.0013246236188138028,3.078006779524669e-08,9.979251203162676e-09,1
35.0,2002,1.0417182274967856,1.0999999999999943,1,0.245275025075955,7.989272664084659e-05,0.00034203537506982684,1
35.0,2002,23.318074295541017,11.899999999999991,0,0.0,0.0243519507412069,nan,0
35.0,2002,4.557221720274601,4.6000000000000085,1,5.5470815521251495,0.19452400523798513,0.14893734455108643,1
35.0,2002,1.6594137120178927,1.7000000000000028,1,0.0,0.0,0.0,1
35.0,2002,6.738618778820227,5.700000000000003,0,0.0,0.0001891975164318722,nan,0
35.0,2002,20.761285327550702,17.400000000000006,0,0.0,0.008900906527715321,nan,0
35.0,2002,10.699298075208892,10.700000000000003,1,64.69159781913629,4.984054197764826,0.9596802592277527,1
35.0,2002,2.3501050536759864,2.3999999999999915,1,0.0,0.0,0.0,1
35.0,2002,3.343188525401479,3.4000000000000057,1,0.27974366638852644,0.000550675667719855,0.00044487728155218065,1
35.0,2002,0.5025763383340466,0.9000000000000057,1,1.394879203140647,0.006906121002211997,0.010944771580398083,1
35.0,2002,4.276656395881101,4.299999999999997,1,0.8455096666301642,0.0013468888887934146,0.004049374256283045,1
35.0,2002,0.14976078028818024,0.20000000000000284,1,0.018956700464883625,3.201285856289781e-07,2.0437960301933344e-06,1
35.0,2002,3.5385753865822447,3.5999999999999943,1,0.0,0.0,0.0,1
35.0,2002,1.7052361211743878,1.7999999999999972,1,0.16352338773293695,8.713945130570382e-05,0.00015205708041321486,1
35.0,2002,14.011064689927034,14.100000000000009,1,20.768740034434472,4.377958858092873,0.7104136943817139,1
35.0,2002,8.661637753905334,8.700000000000003,1,18.472724914231804,1.4888647537079767,0.6599534153938293,1
35.0,2002,19.87982423848906,19.900000000000006,1,112.9145589583789,15.128330295378307,0.986396849155426,1
35.0,2002,3.818005610495689,3.9000000000000057,1,0.23189082582393894,0.0022971552007211185,0.00030573649564757943,1
35.0,2002,0.5598878753659431,0.6000000000000085,1,0.06180913780144692,6.031204763314982e-06,2.172745553252753e-05,1
35.0,2002,0.13979803035908314,0.20000000000000284,1,0.0018454206652904759,2.4544695048901552e-09,1.9368844306200117e-08,1
35.0,2002,12.29015639236544,12.299999999999997,1,0.0,0.0,0.0,1
35.0,2002,1.136892427293972,1.1999999999999886,1,0.525230645034128,0.0005038834636012125,0.0015665065729990602,1
35.0,2002,0.10207791237313323,0.20000000000000284,1,0.11328550864243425,9.097844131213752e-06,7.29843886801973e-05,1
35.0,2002,0.15518880253653222,0.20000000000000284,1,0.0,0.0,0.0,1
35.0,2002,0.2930915078533138,0.5999999999999943,1,1.0681178190399123,0.003930450079545457,0.006446773651987314,1
35.0,2002,3.3525499119135933,3.700000000000003,1,4.1566875725441434,0.07546111784647971,0.08947460353374481,1
35.0,2002,0.7223926662905015,0.8000000000000114,1,0.140522039692911,2.4382176052595545e-05,0.00011229309893678874,1
35.0,2002,4.942443731470608,5.0,1,5.98910769316592,0.22572140293803997,0.1694374978542328,1
35.0,2002,0.7111854122709089,0.7999999999999972,1,0.36554449012902523,0.000176170197923349,0.0007593876216560602,1
35.0,2002,5.805456188837748,5.900000000000006,1,0.184372369258881,0.00034113451111619634,0.00019329502538312227,1
35.0,2002,14.324148257929018,14.400000000000006,1,6.4196484535411855,0.9284631108073946,0.18988198041915894,1
35.0,2002,0.1313780244764446,0.20000000000000284,1,0.006779938806971586,3.51941761131621e-08,2.6143538889300544e-07,1
35.0,2002,5.324432733439213,5.3999999999999915,1,0.0,0.0,0.0,1
35.0,2002,0.29249448549473,0.29999999999999716,1,0.022362416855685296,6.055692787287976e-07,2.8441284030122915e-06,1
35.0,2002,0.3702559877405625,0.3999999999999915,1,0.12487317826628441,1.5151698815538521e-05,8.867736323736608e-05,1
35.0,2002,37.17245721352969,21.599999999999994,0,0.0,0.9964350567155451,nan,0
35.0,2002,8.377279832514551,8.400000000000006,1,22.597828577476804,2.047719294104602,0.7438743114471436,1
35.0,2002,8.023044052538484,8.199999999999989,1,0.2057347985993374,0.0009102506153167973,0.00024067109916359186,1
35.0,2002,5.133100329938781,5.199999999999989,1,13.93956140407684,0.8330413222045665,0.524968683719635,1
35.0,2002,1.9616647188535756,2.0,1,0.0,0.0,0.0,1
35.0,2002,21.712920418933006,21.799999999999997,1,174.16880401205873,15.708274818627087,0.9942371845245361,1
35.0,2002,0.4942334369863218,0.5999999999999943,1,0.21540892093602793,5.034819774717753e-05,0.000263830937910825,1
35.0,2002,11.999342579602143,12.0,1,74.69294725536302,9.12818662532626,0.969447135925293,1
35.0,2002,20.750216973031257,15.599999999999994,0,0.0,0.6677299185587424,nan,0
35.0,2002,4.214006577319617,4.300000000000011,1,2.0530940538208426,0.02784083329449155,0.023412184789776802,1
35.0,2002,3.0012296670827805,3.1000000000000085,1,0.0,0.0,0.0,1
35.0,2002,1.5628919813342361,1.6000000000000085,1,0.0,0.0,0.0,1
35.0,2002,1.8742640825616674,1.9000000000000057,1,0.0610263057596967,2.4279191727199342e-05,2.118058364430908e-05,1
35.0,2002,15.243311609476091,15.299999999999997,1,67.2285365376797,9.083017216242668,0.9625540375709534,1
35.0,2002,6.985057373516541,7.0,1,2.0179495074030456,0.024683108773484043,0.022635500878095627,1
35.0,2002,0.13434677531032257,0.19999999999998863,1,0.010609952822164814,1.57936274176167e-07,6.402352710210835e-07,1
35.0,2002,4.013118859640192,4.1000000000000085,1,3.6631555125563295,0.10807001459494289,0.07090605050325394,1
35.0,2002,0.13170582695619484,0.20000000000000284,1,0.0,0.0,0.0,1
35.0,2002,4.478353997513644,4.5,1,3.2000137826051995,0.22013638552712053,0.05503420904278755,1
35.0,2002,0.2889092617214297,0.29999999999999716,1,0.010102344403605912,6.609777138567007e-08,5.804396323583205e-07,1
35.0,2002,7.7896921602296585,7.799999999999997,1,11.37054296915904,0.895210691149036,0.4237368404865265,1
35.0,2002,0.2331428099917951,0.29999999999999716,1,0.021497859408214026,4.546343515794844e-07,2.6284653813490877e-06,1
35.0,2002,2.3042347510231256,2.3999999999999915,1,1.25692199998025,0.005575447465518336,0.00890522263944149,1
35.0,2002,14.001225756817668,14.100000000000009,1,26.93282520996695,6.255947343213089,0.804897129535675,1
35.0,2002,2.13315496456909,2.200000000000003,1,1.7333797545989853,0.008587254691891748,0.0168012548238039,1
35.0,2002,22.80696250965788,22.900000000000006,1,156.50961804042245,11.438508454864646,0.9928731322288513,1
35.0,2002,0.11457610840732939,0.20000000000000284,1,0.007793891928940866,9.000711233443876e-08,3.4547892369118927e-07,1
35.0,2002,8.271251032721073,8.299999999999997,1,40.504845474623494,2.380911679796772,0.9032036662101746,1
35.0,2002,1.7641024858734253,1.8999999999999915,1,0.003682209521002733,5.826674476403921e-07,7.711341254434956e-08,1
35.0,2002,20.745937627227093,20.800000000000004,1,94.43087090598425,9.915781128135638,0.9806634187698364,1
35.0,2002,8.146315108529103,8.200000000000003,1,20.536957966449336,1.812453299776374,0.7057742476463318,1
35.0,2002,6.089650998068745,6.099999999999994,1,0.0935557265938769,8.404579773409315e-05,4.977738717570901e-05,1
35.0,2002,0.8803594214804501,0.8999999999999915,1,0.008876638887954869,5.961090476813253e-07,4.481360349473107e-07,1
35.0,2002,0.2826495271354393,0.29999999999999716,1,0.01936726390124477,5.355742597144057e-07,2.1332834876375273e-06,1
35.0,2002,19.618428063447148,19.700000000000003,1,20.637958252737178,3.5099791746556233,0.7078076601028442,1
35.0,2002,23.01374531107104,23.1,1,123.58275955265424,13.505941520381928,0.9886184930801392,1
35.0,2002,2.205382881737549,2.299999999999997,1,0.0,0.0,0.0,1
35.0,2002,10.59555911031959,10.599999999999994,1,0.019957301951876616,7.228458044807535e-06,2.2652473035122966e-06,1
35.0,2002,0.7220137673725502,1.1999999999999886,1,1.0452087996181376,0.006869880785337487,0.00617488706484437,1
35.0,2002,0.27329012472406544,0.29999999999999716,1,0.0004900475395288595,1.95072038214372e-10,1.3658071340572064e-09,1
35.0,2002,0.17480355204623954,0.19999999999998863,1,1.945371917599914e-05,2.750153577873668e-13,2.152376367414721e-12,1
35.0,2002,23.735376646990087,23.799999999999997,1,0.013015596155184994,7.3752359908331234e-06,9.63475486059906e-07,1
35.0,2002,0.7177875890839918,0.7999999999999972,1,0.28158067557149025,0.0001876807645172744,0.000450736639322713,1
35.0,2002,0.627343332341968,0.7000000000000028,1,0.0024890887182209553,6.182870615223485e-08,3.523657454707063e-08,1
35.0,2002,0.330495986911156,0.4000000000000057,1,0.2864028856315599,0.00010308563508332883,0.0004662997380364686,1
35.0,2002,23.902528878317963,24.0,1,4.3835161141198,0.7791443112009288,0.09851792454719543,1
35.0,2002,0.22818217603436453,0.29999999999999716,1,1.744260470104564e-05,2.4002061917045804e-13,1.7303566348866872e-12,1
35.0,2002,0.8186936114091331,0.9000000000000057,1,0.5499389488731481,0.0004731300496154192,0.0017170998034998775,1
35.0,2002,1.8145333664066738,1.8999999999999915,1,0.12808471088601436,6.78160724590762e-05,9.329685417469591e-05,1
35.0,2002,0.6499368475352977,0.6999999999999886,1,0.05747726664867514,6.302102273532298e-06,1.8788712623063475e-05,1
35.0,2002,0.360903894131661,0.3999999999999915,1,0.04076768392883423,2.1461290765024588e-06,9.452374797547236e-06,1
35.0,2002,0.17817587355640097,0.19999999999998863,1,0.0,0.0,0.0,1
35.0,2002,0.22336547584944802,0.29999999999999716,1,0.14856701157509633,1.9203813686041267e-05,0.0001255171955563128,1
35.0,2002,1.4148889386399313,1.5,1,0.07696075828761195,1.875101795477879e-05,3.36850353050977e-05,1
35.0,2002,23.639647159374242,23.700000000000003,1,129.30990575616272,11.301241789588731,0.9895941019058228,1
35.0,2002,0.3564258634447959,0.4000000000000057,1,0.23159393657601868,4.754747202660961e-05,0.00030495435930788517,1
35.0,2002,0.33764795860706837,0.4000000000000057,1,0.011938369644440172,1.3446718428990183e-07,8.105926099233329e-07,1
35.0,2002,2.4257705102666725,2.5,1,0.0,0.0,0.0,1
35.0,2002,17.728041037649962,17.799999999999997,1,31.61240180083655,7.6153617772182125,0.8503813147544861,1
35.0,2002,0.28173071522419596,0.29999999999999716,1,0.14770837683289528,1.9067537962667433e-05,0.0001240707206306979,1
35.0,2002,0.1665996054242488,0.19999999999998863,1,0.0029995779854061766,2.3105316982472714e-08,5.1172101223073696e-08,1
35.0,2002,10.29430547405569,10.299999999999997,1,0.0,0.0,0.0,1
35.0,2002,6.960087076150251,7.0,1,12.01018814463066,1.0102749784647962,0.4506627321243286,1
35.0,2002,3.06727672514309,3.0999999999999943,1,2.415269766766869,0.02439355350253793,0.03211214393377304,1
35.0,2002,12.93762383278109,13.0,1,3.4636514011464214,0.09942160092308129,0.06387282907962799,1
35.0,2002,1.3838926406244119,1.4000000000000057,1,0.00808953253965683,4.729466346391929e-07,3.721856671745627e-07,1
35.0,2002,0.3690347660579118,0.5,1,0.01616749087190783,3.1723271153567335e-07,1.4866117226119968e-06,1
35.0,2002,9.052903255030804,9.099999999999994,1,77.98198033463423,5.1448645777859845,0.971899151802063,1
35.0,2002,0.331602386639141,0.3999999999999915,1,0.00147594382144689,5.154878132755494e-09,1.2389466341744537e-08,1
35.0,2002,0.11239484772293139,0.19999999999998863,1,0.0,0.0,0.0,1
35.0,2002,4.699882506275636,4.700000000000003,1,5.968558980384842e-13,3.905560397008566e-27,2.0260582718239505e-27,1
35.0,2002,2.477536007747298,2.5,1,0.37505976510078654,0.000526486009039896,0.0007994045154191554,1
35.0,2002,16.642860818223895,16.700000000000003,1,0.09884903997181027,0.00160705413897491,5.556914766202681e-05,1
35.0,2002,1.6701894495988163,1.7000000000000028,1,0.0,0.0,0.0,1
35.0,2002,1.772197773505178,1.8000000000000114,1,0.0,0.0,0.0,1
35.0,2002,0.10619812714976787,0.20000000000000284,1,0.0,0.0,0.0,1
35.0,2002,1.3554032717942963,1.4000000000000057,1,0.0,0.0,0.0,1
35.0,2002,0.500182056304001,0.5999999999999943,1,0.05613332502701951,3.8123502311052355e-06,1.7920359823619947e-05,1
35.0,2002,25.70949421150167,13.0,0,0.0,0.00019924807777152204,nan,0
35.0,2002,5.3533172802639415,5.3999999999999915,1,1.149768729408862,0.025501172122350542,0.007462440524250269,1
35.0,2002,3.284853542116923,3.299999999999997,1,0.0,0.0,0.0,1
35.0,2002,0.5833355427870215,0.5999999999999943,1,0.1709911840755467,3.7338265981781875e-05,0.0001662601571297273,1
35.0,2002,0.6633543109941699,0.6999999999999886,1,0.9636714875003349,0.0027906411842834092,0.005253917071968317,1
35.0,2002,25.690512342287303,25.700000000000003,1,0.08364339639194895,0.00032808346071776186,3.978862878284417e-05,1
35.0,2002,0.3684096428822399,0.4000000000000057,1,0.005381271963955214,1.6469589063817245e-08,1.6469589070311486e-07,1
35.0,2002,0.31114693932514575,0.4000000000000057,1,1.2260170686536185,0.0033635186142948266,0.008476353250443935,1
35.0,2002,20.458563026817508,14.800000000000011,0,0.0,0.027726354895966025,nan,0
35.0,2002,11.768819453864296,11.799999999999997,1,0.43882473288965684,0.004265128771723289,0.0010940061183646321,1
35.0,2002,1.0132434572364661,1.0999999999999943,1,0.00010137052532854796,5.347510935834419e-07,5.844352085615512e-11,1
35.0,2002,0.2153476157095822,0.29999999999999716,1,0.0,0.0,0.0,1
35.0,2002,5.9640310403314825,4.299999999999997,0,0.0,7.620692165174111e-05,nan,0
35.0,2002,25.54195183881712,25.60000000000001,1,0.0,0.0,0.0,1
35.0,2002,3.8435112554260997,3.9000000000000057,1,0.21699957623275168,0.00041035630124676545,0.00026774071739055216,1
35.0,2002,0.5334882428458897,0.6000000000000085,1,0.00828448844720242,8.158588176712663e-08,3.903410004113539e-07,1
35.0,2002,3.1818115760771604,3.200000000000003,1,3.795191850419542,0.0552638154878463,0.07571570575237274,1
35.0,2002,0.3079345269538616,0.4000000000000057,1,0.0,0.0,0.0,1
35.0,2002,0.23740265667948277,0.29999999999999716,1,0.08638529882188095,6.058553310241587e-06,4.243988587404601e-05,1
35.0,2002,0.2980211048966932,0.29999999999999716,1,0.022082127507928817,3.08786090679314e-07,2.773278993117856e-06,1
35.0,2002,2.809394661921891,2.8999999999999915,1,0.08643446206258432,4.016731166845711e-05,4.2488201870583e-05,1
35.0,2002,0.34344893140542154,0.3999999999999915,1,0.0,0.0,0.0,1
35.0,2002,2.1196428854655958,2.200000000000003,1,0.00029406938051579345,2.8859647283816396e-10,4.918272455967099e-10,1
35.0,2002,0.39689575660809284,0.4000000000000057,1,0.0034667345045136244,1.165090036683739e-08,6.835244903413695e-08,1
35.0,2002,2.047297919849244,2.0999999999999943,1,1.1840303228252083,0.006006834393679127,0.007910238578915596,1
35.0,2002,13.83273837709926,13.900000000000006,1,52.3593810407998,3.668692665246472,0.9397299885749817,1
35.0,2002,18.209097480645028,18.299999999999997,1,3.726539139764955,1.6476831683193383,0.07319988310337067,1
35.0,2002,0.15420797096590935,0.20000000000000284,1,1.323450021794116,0.0019715815252276427,0.009863321669399738,1
35.0,2002,1.7285801595929073,1.9000000000000057,1,1.1415944713651243,0.013457881829880475,0.007357487455010414,1
35.0,2002,0.768622928859507,0.8000000000000114,1,0.0,0.0,0.0,1
35.0,2002,0.26236142513389354,0.30000000000001137,1,1.0392834253819387,0.0018242039442599414,0.006105500273406506,1
35.0,2002,14.51865029805407,14.599999999999994,1,7.544881430543553,1.711070616231866,0.24457375705242157,1
35.0,2002,0.28330458980558565,0.29999999999999716,1,0.005463368595485463,4.5954576742406155e-08,1.6975941719010734e-07,1
35.0,2002,2.500791457223957,2.5999999999999943,1,0.055349350532196695,1.2236080832885954e-05,1.7423300960217603e-05,1
35.0,2002,0.6901352958867215,0.6999999999999886,1,0.022983035237416516,8.581883209196287e-07,3.004183099619695e-06,1
35.0,2002,14.491116559395875,14.300000000000011,0,0.0,0.018996141784951327,nan,0
35.0,2002,0.1369766952445318,0.20000000000000284,1,0.6565498762039965,0.000475907767358076,0.0024455974344164133,1
35.0,2002,35.99769158581067,13.0,0,0.0,0.000525337507148647,nan,0
35.0,2002,0.6953091791960505,0.6999999999999886,1,0.005770935709847436,1.0547727706419434e-07,1.8941106816328102e-07,1
35.0,2002,1.828676063122602,1.9000000000000057,1,0.08393682771804833,2.1801236738400585e-05,4.0068276575766504e-05,1
35.0,2002,2.2509626490140064,2.299999999999997,1,0.006838921787903018,1.358357927485081e-06,2.6600395131026744e-07,1
35.0,2002,0.162556140014085,0.20000000000000284,1,0.01581752801050129,1.888252739712878e-07,1.4229497082851594e-06,1
35.0,2002,3.7066851171438073,3.8999999999999915,1,0.23283451957183843,0.0004825445677057573,0.0003082292096223682,1
35.0,2002,2.4166727041685703,2.5,1,0.36303200594414875,0.0005055422742608906,0.0007489923154935241,1
35.0,2002,0.2456463052905577,0.29999999999999716,1,8.68092035943846e-05,9.928890044209952e-09,4.285924393165885e-11,1
35.0,2002,0.11437502157034515,0.20000000000000284,1,1.0890008794739572,0.001342191471849214,0.006699617486447096,1
35.0,2002,2.9415005419594795,3.0999999999999943,1,0.026935120447660665,8.87976498730345e-06,4.126187832298456e-06,1
35.0,2002,1.015097416363556,1.0999999999999943,1,0.0025335561742849677,1.1839344828040357e-08,3.650681890121632e-08,1
35.0,2002,1.3474255775329065,1.4000000000000057,1,0.0,0.0,0.0,1
35.0,2002,25.14136083416981,25.200000000000003,1,11.222284393972984,4.068970779800599,0.41734039783477783,1
35.0,2002,2.9298116583566833,3.0,1,0.0,0.0,0.0,1
35.0,2002,2.687584545566026,2.700000000000003,1,0.0,0.0,0.0,1
35.0,2002,1.9478415772517323,2.0,1,0.02658276293396966,2.1671039308061234e-06,4.01893930757069e-06,1
35.0,2002,10.52004833194443,10.599999999999994,1,0.0,0.0,0.0,1
35.0,2002,28.684112594120066,28.700000000000003,1,0.21832461594590313,0.0011763072721717662,0.0002710195549298078,1
35.0,2002,8.315625177136145,8.400000000000006,1,2.612478190048364,0.6311724444918219,0.03736623749136925,1
35.0,2002,0.15386821765094025,0.20000000000000284,1,0.0,0.0,0.0,1
35.0,2002,0.21587746052783635,0.30000000000001137,1,0.0004662233576482322,1.8951649771140626e-10,1.2362348922323463e-09,1
35.0,2002,8.758253947428454,8.799999999999997,1,0.0,0.0,0.0,1
35.0,2002,3.406558538789379,3.5,1,0.0,0.0,0.0,1
35.0,2002,19.210357858877327,17.900000000000006,0,0.0,0.004044557854006253,nan,0
35.0,2002,19.367627728033753,19.39999999999999,1,108.9118952901899,10.530789667312826,0.9853935241699219,1
35.0,2002,0.8440929400633297,0.8999999999999915,1,0.014986802427131352,3.558636284974388e-07,1.277410092370701e-06,1
35.0,2002,0.44785914237468266,0.5,1,0.0,0.0,0.0,1
35.0,2002,0.37143356231801467,0.3999999999999915,1,0.0,0.0,0.0,1
35.0,2002,0.5306161325927943,0.6000000000000085,1,0.0,0.0,0.0,1
35.0,2002,24.24804235236619,24.299999999999997,1,120.74467063790183,13.480651134393252,0.9880836009979248,1
35.0,2002,2.813127056738059,2.8999999999999915,1,9.250163020624314e-05,3.9768078204674176e-11,4.8664440532864006e-11,1
35.0,2002,7.761854823575328,4.299999999999997,0,0.0,0.00016336647399951018,nan,0
35.0,2002,6.0949459707774745,6.1000000000000085,1,12.637450120928207,0.8571694677234445,0.47597482800483704,1
35.0,2002,0.362992395759903,0.4000000000000057,1,0.0004815474906649797,2.2185826504761324e-10,1.3188372616212973e-09,1
35.0,2002,0.2208728487930082,0.29999999999999716,1,0.0,0.0,0.0,1
35.0,2002,0.1959555818282393,0.19999999999998863,1,0.0,0.0,0.0,1
35.0,2002,1.3260988098788995,1.4000000000000057,1,0.029417457268550606,2.9736584681793433e-06,4.921767413179623e-06,1
35.0,2002,0.47307507456290476,0.5,1,5.24909115142691e-05,2.8693168974634696e-12,1.5670438904824557e-11,1
35.0,2002,0.31864702177247267,0.4000000000000057,1,0.00039079217128801247,1.5126401715925348e-10,8.685696606391957e-10,1
35.0,2002,0.3762951328045247,0.4000000000000057,1,0.05213591670874962,2.7514990995905446e-06,1.5458959751413204e-05,1
35.0,2002,29.634152357948107,29.700000000000003,1,174.3398921546576,20.13094555196678,0.9942483901977539,1
35.0,2002,12.0492195121266,12.099999999999994,1,116.8759826544927,7.374762496857153,0.9872918725013733,1
35.0,2002,1.7419327114551875,1.9000000000000057,1,1.5138961288625978,0.013566623809885051,0.012867101468145847,1
35.0,2002,30.0095236648458,30.200000000000003,1,212.0679374059373,18.65304330481686,0.9961056113243103,1
35.0,2002,0.2936082277096242,0.29999999999999716,1,0.025111497569298535,5.069045361946009e-07,3.586382717912784e-06,1
35.0,2002,2.7117323119290044,2.8000000000000114,1,2.8746475629792485,0.029622734870876327,0.044888611882925034,1
35.0,2002,1.9981047186731096,2.0,1,0.0029681447259690685,2.7664318129284668e-08,5.010523196347094e-08,1
35.0,2002,0.5226781624355673,0.7000000000000028,1,0.008001198353213113,1.5224074281319801e-07,3.6410182246982004e-07,1
35.0,2002,0.1874589606254263,0.20000000000000284,1,3.338309682021645e-06,7.909130630855701e-15,6.338203887516075e-14,1
35.0,2002,1.3828813829135063,1.3999999999999915,1,0.041674053319468385,3.931888293052409e-06,9.877343472908251e-06,1
35.0,2002,4.57467060493586,4.6000000000000085,1,7.3478284525410515,0.25913049996735865,0.23492737114429474,1
35.0,2002,2.309221898874156,2.4000000000000057,1,0.04082746678938065,6.672484578153395e-06,9.480117114435416e-06,1
35.0,2002,0.11858227142905288,0.20000000000000284,1,0.04677364945493423,1.7366645982473687e-06,1.2442568731785286e-05,1
35.0,2002,13.612307747703335,5.800000000000011,0,0.0,4.1084702840462874e-05,nan,0
35.0,2002,1.6501420328319492,1.7000000000000028,1,0.0,0.0,0.0,1
35.0,2002,1.1806642737610806,1.2000000000000028,1,0.0,0.0,0.0,1
35.0,2002,9.517082856158163,9.599999999999994,1,12.574458723838887,0.6138295893361865,0.47348275780677795,1
35.0,2002,9.083009037455206,9.099999999999994,1,0.0013032595585400486,2.698644337015228e-08,9.659947508566802e-09,1
35.0,2002,0.3130219702933612,0.4000000000000057,1,4.891844184840011e-06,2.2584473266530452e-14,1.3610002068484978e-13,1
35.0,2002,0.17184191076438576,0.29999999999999716,1,0.06577738517458442,3.421664208024672e-06,2.460681935190223e-05,1
35.0,2002,2.169596882660871,2.200000000000003,1,1.2629046066240903,0.018424912764706373,0.008989433757960796,1
35.0,2002,0.30144966426789205,0.4000000000000057,1,0.009609875662022205,1.1250378408758003e-07,5.252284722701006e-07,1
35.0,2002,1.9375106286229298,2.0,1,0.026499744670843484,2.1383403208349027e-06,3.993876362073934e-06,1
35.0,2002,1.122565063264208,1.2000000000000028,1,0.001277235250540798,3.203361903197302e-09,9.278007695456836e-09,1
35.0,2002,11.247608502946822,11.299999999999997,1,3.2026995818972814,0.038686852219114776,0.055121537297964096,1
35.0,2002,0.158841753304164,0.20000000000000284,1,0.06280309448641219,2.8893096859737125e-06,2.2431860998040065e-05,1
35.0,2002,0.45714433833175394,0.5,1,0.15682626640938224,2.7783983490604313e-05,0.0001398588065057993,1
35.0,2002,0.1270561569411889,0.20000000000000284,1,1.066425568296836e-06,6.468060149357794e-16,6.468060052264085e-15,1
35.0,2002,0.7661340387744582,0.8000000000000114,1,0.025252261047853608,1.8368804021581957e-06,3.6267024370317813e-06,1
35.0,2002,11.090004409980622,11.099999999999994,1,19.41358080891814,1.0206833356191043,0.6818836331367493,1
35.0,2002,1.1898967542126504,1.1999999999999886,1,0.16170369205485713,4.940585243964049e-05,0.00014869221195112914,1
35.0,2002,0.22455569159413444,0.29999999999999716,1,7.032942539808573e-05,4.067598894709035e-12,2.8131124166219657e-11,1
35.0,2002,0.21995680254153016,0.29999999999999716,1,0.006392610162436085,8.774286445775061e-08,2.3241774727011943e-07,1
35.0,2002,6.031756682848359,6.099999999999994,1,0.7897057095877358,0.0009708869755695312,0.0035343198105692863,1
35.0,2002,15.286568257975969,15.300000000000011,1,0.7762177452528931,0.017661683424688424,0.00341502926312387,1
35.0,2002,25.754715769124562,25.799999999999997,1,0.010364866756674473,7.973510812628991e-06,6.109984838076343e-07,1
35.0,2002,13.220616889157197,13.299999999999997,1,0.14027424804498878,2.522058655011447e-05,0.00011189746874151751,1
35.0,2002,3.7518299841841425,3.799999999999997,1,0.009358528757616114,4.1094892582694175e-06,4.98113024605118e-07,1
35.0,2002,2.921794453154164,3.0,1,0.029918700083726435,1.0172413989333435e-06,5.090918875794159e-06,1
35.0,2002,0.14043922914957965,0.20000000000000284,1,0.006576682220497787,2.6223035074731484e-08,2.459951531363913e-07,1
35.0,2002,1.0023308156536523,1.1000000000000085,1,0.003145357691892059,1.8360331234400665e-08,5.6266902248580664e-08,1
35.0,2002,10.399258929354833,10.599999999999994,1,26.440943837861568,3.715939049131066,0.7990429401397705,1
35.0,2002,7.537088896326078,7.599999999999994,1,0.38004026186285955,0.001787133354481742,0.0008207588689401746,1
35.0,2002,1.1563395902573506,1.1999999999999886,1,1.0053834671452933e-06,7.885348918793347e-15,5.7487897431253605e-15,1
35.0,2002,11.049074404941416,11.100000000000009,1,35.53471263476712,4.684815274792726,0.8777738809585571,1
35.0,2002,9.854788970130416,9.900000000000006,1,35.37788428244863,3.8665584891329106,0.8768215775489807,1
35.0,2002,0.12478850363690375,0.20000000000000284,1,0.6266962719850824,0.0004519072622077227,0.002228733617812395,1
35.0,2002,9.311039664688515,9.600000000000009,1,19.49481420677708,1.4144221920092748,0.6836923956871033,1
35.0,2002,18.507538458739656,18.599999999999994,1,8.278593711505147,1.1642288611409812,0.28046470880508423,1
35.0,2002,0.15306981863929708,0.20000000000000284,1,0.000846093140381754,5.130551963404935e-10,4.0714516202911e-09,1
35.0,2002,16.860340691399838,7.099999999999994,0,0.0,0.0018624036799983236,nan,0
35.0,2002,0.14418860836731673,0.20000000000000284,1,5.501614168679225e-07,1.977521899722923e-16,1.7214452816165303e-15,1
35.0,2002,0.10401707736904198,0.20000000000000284,1,0.0722151430553879,3.778696121025839e-06,2.965900785056874e-05,1
35.0,2002,0.16679613483424496,0.20000000000000284,1,0.025110048620064163,4.2174864748319083e-07,3.5859686704498017e-06,1
35.0,2002,0.15706133684656362,0.20000000000000284,1,0.05579936435489685,2.145153160952982e-06,1.7707765437080525e-05,1
35.0,2002,24.22261801561434,24.299999999999997,1,92.07211116161909,16.86948763969388,0.9796804189682007,1
35.0,2002,1.8069630319330272,1.8999999999999915,1,1.151040130124045,0.003483937597823878,0.007478829938918352,1
35.0,2002,1.0435791173080924,1.1000000000000085,1,0.10665022380544542,1.4458748085099764e-05,6.468571518780664e-05,1
35.0,2002,0.10104167230910484,0.20000000000000284,1,2.2379143160833337e-06,3.4405273377375367e-15,2.848392569444573e-14,1
35.0,2002,0.8606684955612823,0.9000000000000057,1,0.5090898395243357,0.00035583756277305804,0.0014718452002853155,1
35.0,2002,6.891276699914804,6.8999999999999915,1,4.49202815057123,0.05748774229428551,0.10294748842716217,1
35.0,2002,4.440894534229198,4.5,1,2.318982972020194,0.041398706903222275,0.029677292332053185,1
35.0,2002,3.427177973428721,3.6000000000000085,1,0.29442478246309634,0.025877516093315674,0.0004927738336846232,1
35.0,2002,3.347954089085959,3.4000000000000057,1,2.944211194902607,0.05905663047192131,0.04698411002755165,1
35.0,2002,1.4468137157147098,1.5,1,2.4355919570846822,0.012576544929453808,0.0326370894908905,1
35.0,2002,0.3347377794038529,0.4000000000000057,1,0.2032161897170397,4.012995227395737e-05,0.00023481593234464526,1
35.0,2002,0.2467140558312274,0.29999999999999716,1,0.06420627470257045,3.508136198191009e-06,2.344540371268522e-05,1
35.0,2002,0.11395267010030152,0.20000000000000284,1,0.06716672530194501,3.22605700700059e-06,2.56572529906407e-05,1
35.0,2002,0.6007047872959164,0.6999999999999886,1,0.003448871994066849,1.5964770602722007e-08,6.764988569329944e-08,1
35.0,2002,1.366785470763395,1.4000000000000057,1,0.019435144319231767,1.7190441571920249e-06,2.1482635474967537e-06,1
35.0,2002,0.2592860564539638,0.29999999999999716,1,0.16502426876701293,2.2741188000569374e-05,0.0001548607397126034,1
35.0,2002,0.1033798943567984,0.20000000000000284,1,0.04493621472474274,1.3484909775696797e-06,1.1484205060696695e-05,1
35.0,2002,0.42681832851276347,0.5,1,0.07079167600238634,4.886528706528345e-06,2.8501319320639595e-05,1
35.0,2002,18.38348473830687,18.400000000000006,1,3.7509187270333215,0.7403500638898444,0.07408959418535233,1
35.0,2002,8.210834841135858,8.299999999999997,1,20.47455341477172,2.4921897947650744,0.7045087814331055,1
35.0,2002,0.109098646146998,0.20000000000000284,1,0.015810883651113272,1.4869412398611448e-07,1.421754518560192e-06,1
35.0,2002,24.760621452718915,24.799999999999997,1,13.595949339163155,5.248457773943072,0.5125073790550232,1
35.0,2002,0.38812789434414635,0.3999999999999915,1,0.32419171718066764,0.00010109484749318115,0.0005973890656605363,1
35.0,2002,2.946829888378627,3.0,1,6.157890641641188,0.137145860103609,0.1774040311574936,1
35.0,2002,2.728775476854212,2.8000000000000114,1,4.320592308216192,0.06951548920628466,0.09597936272621155,1
35.0,2002,0.8182095295012464,0.9000000000000057,1,0.2328901683508775,7.766929946565487e-05,0.0003083765332121402,1
35.0,2002,13.555820979782059,13.599999999999994,1,0.046164337688253454,3.3283180175836027e-06,1.212051029142458e-05,1
35.0,2002,0.18050939145734787,0.20000000000000284,1,0.02073597700660912,3.100265379072325e-07,2.445461859679199e-06,1
35.0,2002,34.7635167394722,34.8,1,113.28356920498788,26.526919511047296,0.986484169960022,1
35.0,2002,3.6501482368648084,1.2000000000000028,0,0.0,1.0202142409034243e-05,nan,0
35.0,2002,29.9323765350956,30.10000000000001,1,3.4930671356972445,1.0733093158330125,0.06489164382219315,1
35.0,2002,0.7469254399684115,0.8000000000000114,1,0.29078349836868256,0.00012017161686407758,0.00048066629096865654,1
35.0,2002,0.5616198440746296,0.5999999999999943,1,0.004485967643120148,2.0579841108149466e-08,1.1445246883567961e-07,1
35.0,2002,1.707503517886502,1.7999999999999972,1,0.0026833175842284618,9.948409787539704e-09,4.095030092798879e-08,1
35.0,2002,9.354812458161819,9.400000000000006,1,24.521898471024826,3.859567006724468,0.7737536430358887,1
35.0,2002,1.6667989748962297,1.7000000000000028,1,2.9740024782741443,0.021229799862978703,0.04789397865533829,1
35.0,2002,5.152539147974467,5.200000000000003,1,0.0012406964111733032,1.2799513459194415e-08,8.754755143058901e-09,1
35.0,2002,1.046091643460188,1.1000000000000085,1,0.046894179754076504,1.063525118558308e-05,1.2506777238741051e-05,1
35.0,2002,0.7027178462701803,0.7999999999999972,1,0.7346354371102802,0.000819846123524568,0.0030600300524383783,1
35.0,2002,0.8719346400727677,0.9000000000000057,1,0.10950288416682952,1.749886633780703e-05,6.819215923314914e-05,1
35.0,2002,0.11582875850978405,0.29999999999999716,1,0.07424115190565317,4.247485420591484e-06,3.134647704428062e-05,1
35.0,2002,0.13305879945897667,0.20000000000000284,1,0.002916785575564518,5.9656809879860845e-09,4.838624789726964e-08,1
35.0,2002,5.2891064296828425,5.400000000000006,1,0.001888702448127333,5.176950944523236e-09,2.028803791631617e-08,1
35.0,2002,1.520902384117815,1.7000000000000028,1,0.6492903710043834,0.003157000281526092,0.002391943009570241,1
35.0,2002,0.17572386217190597,0.20000000000000284,1,5.72759404349199e-08,3.354259920917798e-18,1.8657670829786828e-17,1
35.0,2002,33.677071435380526,33.699999999999996,1,384.00211956179686,29.00553682629966,0.9988090395927429,1
35.0,2002,4.509575236997324,4.700000000000003,1,0.14545660255504345,3.775061841984486e-05,0.00012031716323690489,1
35.0,2002,5.65726976201684,5.700000000000003,1,0.27160287684648665,0.0008733514293073504,0.00041937208152376115,1
35.0,2002,0.522300028750664,0.8999999999999915,1,0.47727979412752575,0.0016582630722851378,0.0012938881991431117,1
35.0,2002,7.633190482877966,7.900000000000006,1,36.20612494003768,2.6088528999686686,0.8817338347434998,1
35.0,2002,0.19613796522686153,0.20000000000000284,1,0.013861472998087265,1.4765844333043396e-07,1.0927761877610465e-06,1
35.0,2002,5.524672620176394,5.599999999999994,1,0.002842442819712687,7.328157587948281e-08,4.595115399297356e-08,1
35.0,2002,0.45172561807527295,0.5,1,0.0029403375391439113,8.21861747772906e-09,4.917080431710019e-08,1
35.0,2002,0.23062388640289047,0.29999999999999716,1,0.04637302020444167,1.7124746247373506e-06,1.223033632413717e-05,1
35.0,2002,7.169025374898195,7.200000000000003,1,18.035087858567692,0.9439884712028294,0.6491111516952515,1
35.0,2002,0.23291861015610807,0.29999999999999716,1,0.010700409684091028,1.3144650263547487e-07,6.511986612167675e-07,1
35.0,2002,0.8443898293149323,0.8999999999999915,1,0.06490575288017908,5.3752956871590086e-06,2.3959013560670428e-05,1
35.0,2002,4.433711432424146,4.5,1,2.1337198917715057,0.029987649155806963,0.02523978054523468,1
35.0,2002,4.009150968477912,4.1000000000000085,1,0.07251577232636919,6.17993089302545e-05,2.9906454074080102e-05,1
35.0,2002,3.320145226866699,3.4000000000000057,1,5.9983192835465236,0.21655481033988164,0.1698704957962036,1
35.0,2002,0.5517086175360937,0.5999999999999943,1,0.5198036557124226,0.0003049294358759406,0.0015343510312959552,1
35.0,2002,0.10533410405990776,0.19999999999998863,1,0.007718361465094858,4.5653498240299494e-08,3.388153118066839e-07,1
35.0,2002,14.064521873830179,14.100000000000009,1,28.13746528027741,2.1808117851061573,0.8182744383811951,1
35.0,2002,0.2936671806008266,0.29999999999999716,1,0.03754026428214274,1.1437520959125577e-06,8.015011189854704e-06,1
35.0,2002,0.11654312141073035,0.20000000000000284,1,0.009913319753195537,8.5550841015115e-08,5.589216698353994e-07,1
35.0,2002,5.138806395981557,5.200000000000003,1,0.7729289153958803,0.004753791561841558,0.0033862493000924587,1
35.0,2002,0.24118227340355172,0.29999999999999716,1,0.007034968716993717,1.1117890315298639e-07,2.814732908973383e-07,1
35.0,2002,0.13054269196680074,0.20000000000000284,1,0.03072880972359826,6.579624380161251e-07,5.370343842514558e-06,1
35.0,2002,35.45092896108365,35.5,1,42.570142352862774,3.383097336083611,0.9115574955940247,1
35.0,2002,18.612951411800896,18.700000000000003,1,114.33093227977096,12.516630237275159,0.9867273569107056,1
35.0,2002,6.561630170891843,6.599999999999994,1,0.14410220289116182,0.00021800162447645655,0.00011808722047135234,1
35.0,2002,0.12658226840305375,0.20000000000000284,1,0.6660270654014653,0.0004872449871975634,0.002516531851142645,1
35.0,2002,3.7402036508579117,3.799999999999997,1,0.029242734788965663,5.002363618957968e-06,4.863476533500943e-06,1
35.0,2002,0.4938409430799961,0.5,1,0.0010678148649390096,1.1976738228986275e-09,6.484923709138002e-09,1
35.0,2002,0.6284614656725384,0.7000000000000028,1,0.2757503044359737,0.00010081144997107233,0.0004322720633354038,1
35.0,2002,0.6207097589623922,0.7000000000000028,1,0.004039524321228782,4.23556661505515e-08,9.280542201395292e-08,1
35.0,2002,37.21623955507799,9.5,0,0.0,3.274371767699172e-05,nan,0
35.0,2002,1.984913485379875,2.0,1,0.2767113507536294,0.00013476636117996452,0.0004352891119197011,1
35.0,2002,28.000365544889195,28.10000000000001,1,16.763324169410055,7.616604758124916,0.6151193380355835,1
35.0,2002,6.170523295835955,6.200000000000003,1,0.2370710012494328,0.0007870793432762655,0.00031954425503499806,1
35.0,2002,31.486267338181175,31.5,1,130.23088474160733,22.575049997675208,0.9897392392158508,1
35.0,2002,29.823387906372993,29.89999999999999,1,35.75809390049119,6.6904738487927125,0.879112184047699,1
35.0,2002,10.506485059049847,10.599999999999994,1,0.16792402832254538,0.0006658079309959088,0.00016035001317504793,1
35.0,2002,0.2454126960112641,0.29999999999999716,1,1.0029178520618132,0.0016795144429364952,0.00568808801472187,1
35.0,2002,0.10844502235459098,0.20000000000000284,1,0.00020665538400521655,3.08698333371798e-11,2.4288818178952454e-10,1
35.0,2002,11.524936559245301,0.20000000000000284,0,0.0,1.599102902742624e-08,nan,0
35.0,2002,4.385149773294579,4.400000000000006,1,8.848447560080842,0.5377657638140216,0.3080993890762329,1
35.0,2002,14.29654322993269,14.299999999999997,1,0.0811650195026914,0.00016402045466607133,3.746575384866446e-05,1
35.0,2002,0.12572540774860427,0.19999999999998863,1,0.0005383003838801415,1.9853044826124037e-10,1.6480193876233784e-09,1
35.0,2002,15.205511599826467,3.299999999999997,0,0.0,2.994980899038286e-06,nan,0
35.0,2002,11.099956823965108,11.100000000000009,1,0.16880957310638678,0.00048456835190443967,0.00016204539861064404,1
35.0,2002,4.7054934582487835,4.799999999999997,1,20.845000326011814,1.2797547004066032,0.711919367313385,1
35.0,2002,5.629501457057193,5.700000000000003,1,0.0019627899337137933,3.560850614334026e-08,2.191091930114908e-08,1
35.0,2002,1.733620568804218,1.7999999999999972,1,1.2698174348195153,0.004202422208638507,0.009087217971682549,1
35.0,2002,0.9335124064369811,1.0,1,0.012715087545302595,2.671527879398957e-07,9.194990298055927e-07,1
35.0,2002,0.3708860362369363,0.3999999999999915,1,0.005505544907123294,2.9049824666342743e-08,1.723905711514817e-07,1
35.0,2002,0.2040789529460124,0.29999999999999716,1,0.0015481973001101323,1.908643785762003e-09,1.3632187823020558e-08,1
35.0,2002,1.0745250136471027,1.0999999999999943,1,1.0303457794828432,0.0018363002223085565,0.006001567002385855,1
35.0,2002,0.56250581988472,0.5999999999999943,1,0.9910623061425952,0.0033344681563131882,0.0055551473051309586,1
35.0,2002,6.947369882381622,7.0,1,0.0040320787465475405,2.634272582006399e-07,9.246362964177024e-08,1
35.0,2002,0.955411555925094,1.0,1,0.06154571702046496,5.318642450691495e-06,2.154265712306369e-05,1
35.0,2002,0.3327476282112421,0.3999999999999915,1,1.1949682118483906e-05,1.2472751063873078e-13,8.121302024974297e-13,1
35.0,2002,38.85522040194937,38.900000000000006,1,152.73386250982566,31.118292782429922,0.9925190806388855,1
35.0,2002,3.2506341424608296,3.3000000000000114,1,0.0005149727032858209,4.255671555839932e-10,1.5082779469821617e-09,1
35.0,2002,0.5682739521028228,0.5999999999999943,1,0.16663816943838583,3.313881334348407e-05,0.00015790408360771835,1
35.0,2002,34.80641219510568,34.900000000000006,1,3.98410038699933,23.142980475254472,0.08280126005411148,1
35.0,2002,0.7708419102829227,0.7999999999999972,1,0.005586110330654037,4.578436986383853e-08,1.7747284175584355e-07,1
35.0,2002,4.546401175087841,4.599999999999994,1,8.960216705941548,0.3033830561175319,0.31347671151161194,1
35.0,2002,1.4562873700160712,1.5,1,0.003022137869947983,1.6896223851724566e-07,5.1944727630370835e-08,1
35.0,2002,1.0405433347033608,1.0999999999999943,1,0.01682593789070097,5.421298326245572e-07,1.6101665778478491e-06,1
35.0,2002,17.748065739514963,17.799999999999997,1,26.185653589376216,1.8312581202226679,0.7959091067314148,1
35.0,2002,28.523088026018772,28.60000000000001,1,334.1747482196791,25.273404037192325,0.9984279870986938,1
35.0,2002,6.718092279957524,2.8000000000000114,0,0.0,9.903553545108607e-05,nan,0
35.0,2002,39.73365415184535,39.8,1,30.53531220126689,2.517721038295313,0.8413441777229309,1
35.0,2002,21.922344695590304,22.0,1,0.20049265743512024,0.0014745634851475358,0.00022856546274852008,1
35.0,2002,8.452012196565923,8.600000000000009,1,0.09751798785725896,0.00014783099750243064,5.408277138485573e-05,1
35.0,2002,8.058196778781749,8.100000000000009,1,0.23413166776595062,0.0007755543117294343,0.000311672076350078,1
35.0,2002,1.346757613620496,1.3999999999999915,1,1.489633011077359,0.0047270193233409,0.012463065795600414,1
35.0,2002,0.6229479745545304,0.6999999999999886,1,0.4120310384819845,0.00021819632181673888,0.0009646142716519535,1
35.0,2002,7.846638997383171,7.900000000000006,1,37.779159852214775,2.8922554496807114,0.8903197646141052,1
35.0,2002,2.440679566917382,2.5,1,1.4379123982357669,0.0066761868603499655,0.011622529476881027,1
35.0,2002,0.2983621928371795,0.29999999999999716,1,0.14062941193310508,1.6365224169587878e-05,0.00011246475332882255,1
35.0,2002,13.254490849319813,13.299999999999997,1,29.827209656462742,4.896875233612194,0.8349795937538147,1
35.0,2002,11.061745392607941,11.099999999999994,1,6.883272502382567,0.20294387076874715,0.21226678788661957,1
35.0,2002,0.21763336093596214,0.29999999999999716,1,0.002895390600542669,3.643711255159878e-08,4.7679012737944504e-08,1
35.0,2002,0.5171061090233564,0.6000000000000085,1,0.9628329607880914,0.0032003714189795924,0.005244825500994921,1
35.0,2002,24.776423331132023,24.799999999999997,1,80.58771300624419,5.658451741768757,0.9736398458480835,1
35.0,2002,3.4929556245763287,3.5,1,6.356261709686635,0.1479214802539556,0.18684792518615723,1
35.0,2002,0.1351195525626457,0.19999999999998863,1,0.01946044930991775,3.6178331102995934e-07,2.1538612600124907e-06,1
35.0,2002,0.19081568547131045,0.19999999999998863,1,0.0272959398647572,5.219367702650053e-07,4.237475877744146e-06,1
35.0,2002,9.736683027853344,9.799999999999997,1,20.281366637307542,1.4989038510205788,0.700546383857727,1
35.0,2002,0.1118505088541346,0.20000000000000284,1,1.2732187047613195,0.0018283018969314482,0.009135519154369831,1
35.0,2002,1.7738301626411115,1.7999999999999972,1,0.001430566341298345,3.427319732937595e-09,1.1639356145565216e-08,1
35.0,2002,1.6618180343877873,1.7000000000000028,1,0.011196247459281494,2.177986948109814e-07,7.129476102818444e-07,1
35.0,2002,40.71209714874581,40.8,1,27.85733870675233,23.878939239165664,0.8152797818183899,1
35.0,2002,0.23000336353722203,0.29999999999999716,1,0.0020476458278437804,9.081270202474708e-09,2.3846389751724928e-08,1
35.0,2002,0.19702670380889725,0.20000000000000284,1,0.01844877089484953,2.655157789192332e-07,1.9357398741703946e-06,1
35.0,2002,23.91527642087761,24.0,1,51.8811145137488,13.855659436318081,0.9386821389198303,1
35.0,2002,0.42280314857268725,0.5,1,0.1487224978239965,2.2313170388638015e-05,0.00012578001769725233,1
35.0,2002,0.6368392198262947,0.7000000000000028,1,0.131249156072073,2.1851018642053563e-05,9.796331141842529e-05,1
35.0,2002,16.873130520701217,16.89999999999999,1,0.9512154562360138,0.03023699450037419,0.005119665525853634,1
35.0,2002,12.557371498205365,12.599999999999994,1,28.12784131457431,2.4061012195230167,0.8181726336479187,1
35.0,2002,6.1924919375098835,6.199999999999989,1,6.88452625695902,0.20862518822706375,0.21232770383358002,1
35.0,2002,1.4855927257406456,1.5,1,0.008292388151232899,1.690516181261527e-07,3.910857913069776e-07,1
35.0,2002,0.19720183265931543,0.29999999999999716,1,0.1383005046413075,1.3692205614938599e-05,0.00010877103341044858,1
35.0,2002,5.789927328220237,5.799999999999997,1,13.524354556626065,0.831200841325883,0.5098688006401062,1
35.0,2002,0.14344185457837969,0.20000000000000284,1,0.07242054647036866,3.847427173790705e-06,2.9827962862327695e-05,1
35.0,2002,0.3304565083328321,0.4000000000000057,1,0.005218681628548438,2.441874446073049e-08,1.54893967874159e-07,1
35.0,2002,15.371327325359331,15.399999999999991,1,76.87717577688733,5.6044622704640705,0.97110915184021,1
35.0,2002,15.144623538689235,15.200000000000003,1,37.08500084878352,7.117819552883351,0.8866450786590576,1
35.0,2002,0.11609100047893539,0.20000000000000284,1,0.04981017492002593,1.8686730748039765e-06,1.4110518350207713e-05,1
35.0,2002,0.6694367453223291,0.7000000000000028,1,0.07708932897531895,6.073509002225793e-06,3.379767440492287e-05,1
35.0,2002,0.15401399227602044,0.20000000000000284,1,0.04485346594657358,1.4485192452430997e-06,1.1441949027357623e-05,1
35.0,2002,0.21139595097392133,0.29999999999999716,1,0.011600136144124917,2.5707750273024724e-07,7.653124498574471e-07,1
35.0,2002,5.682070128174981,5.699999999999989,1,0.1746294918661988,0.00032388173828462515,0.00017340946942567825,1
35.0,2002,0.8213374931287774,0.8999999999999915,1,0.6918089082739698,0.0007023062956790329,0.0027145929634571075,1
35.0,2002,0.3221558372808788,0.3999999999999915,1,0.0002642048439724931,6.805270588358856e-11,3.9700365217498756e-10,1
35.0,2002,38.83140693559168,15.799999999999997,0,0.0,0.002935131077310294,nan,0
35.0,2002,17.5926004741198,17.60000000000001,1,14.356266089357291,3.9760142549298303,0.5396339297294617,1
35.0,2002,15.55573628220817,15.600000000000009,1,93.3787766043447,8.402755287064988,0.980233907699585,1
35.0,2002,0.18084897237525055,0.29999999999999716,1,0.022918190686084472,3.587636826997314e-07,2.9872551294829464e-06,1
35.0,2002,0.11635241026880022,0.20000000000000284,1,0.0009136151379607327,2.8630898449772835e-08,4.74722172683073e-09,1
35.0,2002,1.5015439535425765,1.5999999999999943,1,1.9558419135146323,0.008261180877585959,0.021292822435498238,1
35.0,2002,21.781739417414116,21.799999999999997,1,93.41173203725492,12.720203489814393,0.9802476167678833,1
35.0,2002,0.23768475033015785,0.29999999999999716,1,0.00011459516292688932,1.098507673291167e-11,7.468708984603722e-11,1
35.0,2002,0.16110893952867855,0.20000000000000284,1,0.023517456595072872,4.000991038678163e-07,3.1455188036488835e-06,1
35.0,2002,0.7428735583097414,0.7999999999999972,1,1.0777325611719561,0.0016716429531964205,0.006562592927366495,1
35.0,2002,0.6025097956205157,0.7000000000000028,1,0.025376932267192842,7.553569335942359e-07,3.662600875031785e-06,1
35.0,2002,0.1257974345415172,0.20000000000000284,1,0.0004928051645265441,1.727332185971501e-10,1.381221914620312e-09,1
35.0,2002,1.0078968082130273,1.0999999999999943,1,1.1347806084842205,0.002206349302495912,0.007270556874573231,1
35.0,2002,3.612692126018538,3.700000000000003,1,1.176539598280101,0.004361918014410215,0.0078112464398145676,1
35.0,2002,1.0421943203743635,1.0999999999999943,1,0.9578561344649188,0.0015371874938875714,0.005191026255488396,1
35.0,2002,20.16993273140755,20.200000000000003,1,6.680296139607265,0.18226946893314463,0.2024293690919876,1
35.0,2002,0.28552415174692175,0.30000000000001137,1,0.0005164913659427839,2.2412489679625815e-10,1.5171869316432662e-09,1
35.0,2002,2.8051754495496435,2.9000000000000057,1,0.09766843946772497,6.808957894473654e-05,5.424976916401647e-05,1
35.0,2002,41.96716210580224,42.0,1,229.59570591206594,19.3998291914207,0.9966756105422974,1
35.0,2002,5.117598854853819,5.200000000000003,1,0.008628076159880038,1.245777981197581e-06,4.2339010519754083e-07,1
35.0,2002,2.4311939925203108,2.5,1,3.5966589416112242,0.05287227919739626,0.06852994114160538,1
35.0,2002,0.37471775817966935,0.4000000000000057,1,0.2475520504511337,5.468689058998361e-05,0.0003484132466837764,1
35.0,2002,29.04133166796366,23.10000000000001,0,0.0,0.010410375059184171,nan,0
35.0,2002,31.371287987595654,31.400000000000006,1,88.11189837650527,8.018323684019897,0.9778541922569275,1
35.0,2002,1.7165867693692523,1.7999999999999972,1,0.727812953307307,0.0008727928978950115,0.0030036275275051594,1
35.0,2002,0.22574279280362355,0.29999999999999716,1,0.1144845687613838,1.0772859250608056e-05,7.453744183294475e-05,1
35.0,2002,0.17828793173406163,0.20000000000000284,1,0.08543130423089451,5.357341084550356e-06,4.150773020228371e-05,1
35.0,2002,0.1408519414032592,0.20000000000000284,1,0.00809395896294518,5.19881555960334e-08,3.7259309237924754e-07,1
35.0,2002,1.310410596867389,1.3999999999999915,1,1.4524534323012688,0.010811705825782888,0.011855985037982464,1
35.0,2002,0.18214835716922662,0.20000000000000284,1,0.01441973261091789,1.4186253451445087e-07,1.182570031232899e-06,1
35.0,2002,11.821408379786948,11.900000000000006,1,3.9417798656763807,0.05986245852164662,0.08119358122348785,1
35.0,2002,0.12775193053727749,0.20000000000000284,1,0.040703951178272746,1.1089599817950786e-06,9.422843504580669e-06,1
35.0,2002,2.9506916887145067,3.0,1,7.235980986117966,0.2139164534330374,0.22945836186408997,1
35.0,2002,0.9594569812166802,1.0,1,0.0004222103457891535,3.1143076537150876e-10,1.0138430095452122e-09,1
35.0,2002,1.3901159563649987,1.3999999999999915,1,0.10197214535048715,3.694288218158818e-05,5.913578570471145e-05,1
35.0,2002,0.848860736465955,0.8999999999999915,1,0.5777629513299871,0.0004985618772915281,0.0018949100049212575,1
35.0,2002,0.29104987122130477,0.3999999999999915,1,1.2381789713550972,0.0034841996150551343,0.008643895387649536,1
35.0,2002,2.801588923767376,1.7000000000000028,0,0.0,1.6706729293168203e-05,nan,0
35.0,2002,5.082825057601744,5.299999999999997,1,0.02219339133705489,4.158418279763746e-06,2.801296432153322e-06,1
35.0,2002,0.30181915810913956,0.4000000000000057,1,0.019244604244249786,4.3810373561462985e-07,2.1063474378024694e-06,1
35.0,2002,5.886441730985397,5.900000000000006,1,0.09064652773838588,0.00010042305711932382,4.672991781262681e-05,1
35.0,2002,5.143000205383363,5.200000000000003,1,3.8623447838373814,0.06781094465389988,0.07820746302604675,1
35.0,2002,0.98744008169548,1.0,1,0.0022927676822064313,9.284022185831969e-09,2.989737524217162e-08,1
35.0,2002,3.5511382268010068,3.700000000000003,1,0.19633436148740202,0.00027347795522866575,0.00021918477432336658,1
35.0,2002,0.28811207501894376,0.29999999999999716,1,0.004561238070778018,8.765836388348845e-08,1.1832550939061548e-07,1
35.0,2002,4.981746634752043,5.0,1,0.14850690461040017,0.00028389049574349364,0.00012541566684376448,1
35.0,2002,2.797933654139956,2.9000000000000057,1,0.1106877027682458,2.9820478880503613e-05,6.967571243876591e-05,1
35.0,2002,0.16509090490268538,0.20000000000000284,1,0.002936722670256131,3.251033467684768e-08,4.904997652488419e-08,1
35.0,2002,5.83382712875402,5.900000000000006,1,10.529512204751711,0.6311951530005493,0.3867154121398926,1
35.0,2002,0.25209874439722524,0.30000000000001137,1,0.01382911836412859,2.2934054067554328e-07,1.0876808573812013e-06,1
35.0,2002,34.21629946711399,34.3,1,34.396267148557,3.1152221639649893,0.8706132769584656,1
35.0,2002,2.3319875160861185,2.4000000000000057,1,0.7776322168484171,0.001525109264286912,0.003427444025874138,1
35.0,2002,17.10980406359817,17.200000000000003,1,95.11139013470375,9.31560476546579,0.9809339046478271,1
35.0,2002,1.2437857856574002,1.2999999999999972,1,0.0002147928864815185,9.852388685437648e-11,2.623933015311053e-10,1
35.0,2002,1.2914605390445775,1.2999999999999972,1,0.8109077699360228,0.001352995799893731,0.003725930117070675,1
35.0,2002,5.824141088246898,5.900000000000006,1,2.7207435039140933,0.027552261240620424,0.04039973393082619,1
35.0,2002,1.0805332777333647,1.1000000000000085,1,0.0009231460830960714,1.5806595176077558e-09,4.846785639500695e-09,1
35.0,2002,15.862736539279561,15.899999999999991,1,71.26405185914491,7.947400197602605,0.9665369987487793,1
35.0,2002,1.890669506927068,1.8999999999999915,1,0.11360329289016136,5.124375774045262e-05,7.339439616771415e-05,1
35.0,2002,11.9824172875386,12.0,1,0.4945639587692199,0.0050517695818630345,0.00138916599098593,1
35.0,2002,9.822504453324667,10.0,1,3.055139541542985,0.17307315585348818,0.05040939152240753,1
35.0,2002,1.685348586076983,1.7000000000000028,1,1.7241401821448221,0.006938322653065264,0.01662558689713478,1
35.0,2002,12.341755203330603,12.400000000000006,1,0.052720095827965,2.235761550857395e-05,1.58073289640015e-05,1
35.0,2002,0.3576530049976141,0.4000000000000057,1,1.1307082729672402e-05,1.2471342640971447e-13,7.271334142439079e-13,1
35.0,2002,5.336990785137072,5.3999999999999915,1,11.215957912790133,0.8834812525935767,0.41706615686416626,1
35.0,2002,20.966946955942742,21.0,1,48.471525836013484,9.485768964696163,0.930374026298523,1
35.0,2002,0.31251677766852526,0.3999999999999915,1,0.1636335260544115,2.813125351274332e-05,0.00015226195682771504,1
35.0,2002,32.119927937258666,32.2,1,124.84649203838984,14.56142839018916,0.98884516954422,1
35.0,2002,0.4167648198788365,0.5,1,0.010427645469178515,2.733553611303721e-07,6.184224048411124e-07,1
35.0,2002,2.7539498238489295,2.8000000000000114,1,0.12145932475471,7.468184900808936e-05,8.389541471842676e-05,1
35.0,2002,2.219150034674719,2.3000000000000114,1,0.1365912402519598,8.990230055919771e-05,0.00010609930905047804,1
35.0,2002,1.32146421207144,1.4000000000000057,1,0.6299805960680374,0.0008576762528773302,0.0022521023638546467,1
35.0,2002,2.0634487108421067,2.1000000000000085,1,0.03300391224036048,6.98101778562732e-06,6.1949972405273e-06,1
35.0,2002,0.19770326125878185,0.20000000000000284,1,0.006578492421340343,4.223520460345734e-08,2.461305825818272e-07,1
35.0,2002,28.205457089830002,23.200000000000003,0,0.0,1.0935951273655966,nan,0
35.0,2002,28.182816963932176,28.200000000000003,1,65.02565671519028,6.860865461450273,0.9600769877433777,1
35.0,2002,4.0105186631329675,4.099999999999994,1,8.481166536927901,0.3478777378776285,0.2903246283531189,1
35.0,2002,0.48894399961157675,0.5,1,0.09169145419781444,7.972946075626138e-06,4.781343159265816e-05,1
35.0,2002,12.62775871483777,12.700000000000003,1,20.400785594525644,1.500657844923126,0.7030037641525269,1
35.0,2002,11.346504165917004,11.400000000000006,1,15.478905464148454,2.7446023811373936,0.5767515897750854,1
35.0,2002,8.251203708758863,8.300000000000011,1,7.206341553034235,0.6078256644976494,0.2280101627111435,1
35.0,2002,0.3760596376698938,0.4000000000000057,1,0.07808001406095855,5.366955449947286e-06,3.4671902540139854e-05,1
35.0,2002,3.1371220533638233,3.200000000000003,1,0.12232440672676148,0.00010276503293474432,8.509464532835409e-05,1
35.0,2002,21.83297187211183,21.89999999999999,1,95.51806360581251,9.920088341570008,0.9810928702354431,1
35.0,2002,18.208934514131425,18.299999999999997,1,1.0085121745501624,0.035318684117850024,0.005751356016844511,1
35.0,2002,0.13028452650742386,0.20000000000000284,1,7.396985870400385e-05,3.955530759107019e-12,3.111877769357285e-11,1
35.0,2002,9.676232169319556,9.700000000000003,1,22.334284729069452,1.7507546280103348,0.7393786907196045,1
35.0,2002,1.3462551002653134,1.3999999999999915,1,0.021742067032647583,8.33723004780722e-07,2.6885211354965577e-06,1
35.0,2002,21.298947259818036,21.30000000000001,1,0.8215834180747379,0.026776201459835957,0.0038243024609982967,1
35.0,2002,0.3295876814403416,0.3999999999999915,1,0.0004221487217819231,1.8315152115468945e-08,1.0135470240868472e-09,1
35.0,2002,0.10289152021552976,0.19999999999998863,1,0.018291695198939806,2.4797595564262216e-07,1.9029178019991377e-06,1
35.0,2002,36.88869838824682,36.900000000000006,1,390.78847209817485,30.51933048153634,0.9988499879837036,1
35.0,2002,24.686334769070267,24.700000000000003,1,35.9073547389645,4.631180998793253,0.8799947500228882,1
35.0,2002,11.36420977640705,11.400000000000006,1,26.730409435395757,2.9406464806430144,0.8025168776512146,1
35.0,2002,5.934338789847174,3.0,0,0.0,0.0002245610912021761,nan,0
35.0,2002,16.644736687070516,16.700000000000003,1,22.028383183897166,4.524671478760882,0.734028697013855,1
35.0,2002,0.33750232211953984,0.3999999999999915,1,0.007880931455105156,5.772402462352319e-08,3.532383914262027e-07,1
35.0,2002,25.85329260243732,25.900000000000006,1,13.409457815838323,0.9053954862965277,0.5056039094924927,1
35.0,2002,13.724331763614275,13.800000000000011,1,15.140218248803393,3.0150917433807374,0.5659154653549194,1
35.0,2002,1.0489205284944436,1.1000000000000085,1,0.01531967411574442,1.504776207739185e-06,1.3347853382583708e-06,1
35.0,2002,4.763355424870995,4.900000000000006,1,5.150023929807446,0.14194637095362883,0.13107340037822723,1
35.0,2002,0.17309068432763758,0.20000000000000284,1,0.041972473619125594,1.2763825826065036e-06,1.0019308319897391e-05,1
35.0,2002,37.88876524985622,38.0,1,227.05942933772775,22.640631301345373,0.9966011643409729,1
35.0,2002,2.1343542009974676,2.1999999999999886,1,1.082427422899059,0.003082895592744067,0.006619514897465706,1
35.0,2002,0.3356316892926526,0.3999999999999915,1,0.036409246726208266,1.2800007588636316e-06,7.539335456385743e-06,1
35.0,2002,13.904130755369845,14.0,1,86.26915315470902,7.4233341260982,0.9769200682640076,1
35.0,2002,1.0431893978833753,1.0999999999999943,1,0.28579585686975406,0.00013072028315821188,0.00046432611998170614,1
35.0,2002,11.896848807263707,11.900000000000006,1,43.26390676169888,4.957876603263267,0.9141296148300171,1
35.0,2002,0.728022306327832,0.7999999999999972,1,0.03433941934667928,2.198565662727552e-06,6.706500244035851e-06,1
35.0,2002,22.615107787132057,22.700000000000003,1,304.41942525442727,19.7431621155958,0.9981062412261963,1
35.0,2002,0.15269821875621237,0.20000000000000284,1,0.013947431431432733,1.4692350483993002e-07,1.106371428249986e-06,1
35.0,2002,3.5946773395333866,3.5999999999999943,1,14.68666560655845,0.6503943618441779,0.5509169101715088,1
35.0,2002,0.22848152667366897,0.29999999999999716,1,0.05471437404048629,2.393813521580261e-06,1.70258354046382e-05,1
35.0,2002,3.901403860027761,4.0,1,3.397437001960185,0.05905905164327323,0.06160306930541992,1
35.0,2002,1.5617990215475186,1.5999999999999943,1,0.9215399298800548,0.0020375693429365263,0.004806718789041042,1
35.0,2002,11.265746088509173,11.299999999999997,1,1.5832334383559328,0.5640902867838368,0.014055788516998291,1
35.0,2002,0.10315953595524856,0.20000000000000284,1,0.010554776173421487,1.8028565479756214e-07,6.335935154311301e-07,1
35.0,2002,3.2802711207016895,3.299999999999997,1,1.1666741225391206,0.023977319327879793,0.007681800983846188,1
35.0,2002,3.0280987348514343,3.1000000000000085,1,0.001390680004362821,9.533641681136802e-09,1.0999358757146638e-08,1
35.0,2002,2.3588192776604036,2.4000000000000057,1,0.0,0.0,0.0,1
35.0,2002,0.6992837766059915,0.7000000000000028,1,0.00520734683362889,3.912146888995192e-08,1.542218512895488e-07,1
35.0,2002,37.208711024211524,37.3,1,94.39387186721804,9.945469511924717,0.9806485772132874,1
35.0,2002,0.10208675102420843,0.20000000000000284,1,0.012784524143171438,1.528394717893811e-07,9.295691256738792e-07,1
35.0,2002,14.919752687374283,4.900000000000006,0,0.0,8.871308636586078e-05,nan,0
35.0,2002,9.182588204412173,9.199999999999989,1,26.90493854983623,2.6156132335302895,0.8045715689659119,1
35.0,2002,0.14567816279115353,0.19999999999998863,1,1.233771258794718,0.0017162761109338178,0.008582990616559982,1
35.0,2002,0.15683253358785168,0.20000000000000284,1,1.3040840201483661e-05,1.2129403333821353e-13,9.67217408595622e-13,1
35.0,2002,9.224775237889338,9.300000000000011,1,20.98868313878944,2.235747230120355,0.7147287726402283,1
35.0,2002,2.987058119821768,3.0,1,3.420222753382177,0.046970590822176195,0.062380433082580566,1
35.0,2002,7.47447167841461,7.5,1,0.14137904555195746,0.00026474012933111273,0.0001136668142862618,1
35.0,2002,4.574363291782621,4.6000000000000085,1,3.9616159498855836,0.07184216813188389,0.08194568008184433,1
35.0,2002,3.527762758911562,3.6000000000000085,1,6.477506661232269,0.17649130844025399,0.1926577091217041,1
35.0,2002,2.8280101871210244,2.9000000000000057,1,0.01792431590729393,5.418643072771108e-06,1.8272473880642792e-06,1
35.0,2002,0.23143781759134538,0.30000000000001137,1,0.0013047818645191,3.479409233078911e-08,9.682528556709258e-09,1
35.0,2002,6.673696311113413,6.700000000000003,1,10.467159930910498,0.656739118920231,0.38390204310417175,1
35.0,2002,2.2833740568442593,2.299999999999997,1,1.1641992864753092,0.016746624673866926,0.007649493869394064,1
35.0,2002,0.21168126319536468,0.29999999999999716,1,0.008462706870489,2.40210167033642e-07,4.073158947903721e-07,1
35.0,2002,0.7544650165822809,0.7999999999999972,1,0.008780091567388126,1.5778859016975052e-07,4.384406793178641e-07,1
35.0,2002,0.150538370448333,0.20000000000000284,1,0.04047697736285727,1.193883897525206e-06,9.31805061554769e-06,1
35.0,2002,17.58330164098903,17.60000000000001,1,147.04475921600582,12.014783808283195,0.9919337630271912,1
35.0,2002,5.0556397254293195,5.1000000000000085,1,0.1623582911149697,0.0002659731443242114,0.0001498983328929171,1
35.0,2002,1.1504772916547181,1.2000000000000028,1,0.18357040313856032,5.38861295569417e-05,0.00019161745149176568,1
35.0,2002,0.3323949914252402,0.4000000000000057,1,0.11130575504495255,1.1679712715325765e-05,7.045593520160764e-05,1
35.0,2002,6.944161587337664,7.0,1,7.723277843023368,0.7393483254829208,0.2533118724822998,1
35.0,2002,0.39234474022199295,0.4000000000000057,1,0.03767175595046979,1.9356082081333944e-06,8.071257070696447e-06,1
35.0,2002,1.274228667000072,1.2999999999999972,1,0.36029417042337286,0.00024433545186759313,0.000737746071536094,1
35.0,2002,0.17972086682330762,0.19999999999998863,1,0.7941517087939758,0.000713775098306756,0.003574085421860218,1
35.0,2002,4.069631059972825,4.1000000000000085,1,4.604350680492331,0.13634537344171554,0.10759934037923813,1
35.0,2002,0.5371698651556981,0.6000000000000085,1,0.0015931845712771064,3.4324392918623047e-07,1.4435942219392928e-08,1
35.0,2002,15.321493423274491,15.399999999999991,1,44.18636964454848,8.635493026851607,0.9173844456672668,1
35.0,2002,5.2545236672201305,5.299999999999997,1,0.1694831150389291,0.00031296436066276316,0.0001633408828638494,1
35.0,2002,0.7370889311970302,0.8000000000000114,1,0.15881192767960783,3.201149713751225e-05,0.00014342236681841314,1
35.0,2002,0.2827693653641847,0.30000000000001137,1,0.03287733288888717,8.765134525054801e-07,6.147569365566596e-06,1
35.0,2002,35.42602084834935,35.5,1,11.179084698747374,16.694427686796562,0.4154658615589142,1
35.0,2002,33.76013131500346,33.8,1,157.22666942626472,27.240805171948704,0.9929375052452087,1
35.0,2002,2.4385868514806512,2.5,1,2.1922151623951436,0.01726509730655674,0.026605308055877686,1
35.0,2002,14.98979608074149,15.0,1,3.301891129397862,0.8686032362320992,0.05838633328676224,1
35.0,2002,0.9143423645400767,1.0,1,0.0615730450148817,1.040808840511484e-05,2.156179107259959e-05,1
35.0,2002,0.7176953397104873,0.7999999999999972,1,0.18087648812354473,3.8965035463891844e-05,0.00018603574426379055,1
35.0,2002,1.38527627337935,1.4000000000000057,1,0.5843022956705681,0.0009479402959554933,0.0019379638833925128,1
35.0,2002,8.621876897384782,2.5,0,0.0,6.281184747460738e-06,nan,0
35.0,2002,20.912683513540735,21.0,1,3.227135081602146,0.5784330860670835,0.05591864883899689,1
35.0,2002,20.048232133776793,20.099999999999994,1,33.186412368194055,3.579996529472801,0.8623298406600952,1
35.0,2002,1.3904388324269952,1.3999999999999915,1,0.00015047749184304848,5.353542841647788e-11,1.2878226263168813e-10,1
35.0,2002,3.100931675993644,3.200000000000003,1,0.18969158575612255,0.0002454200606729659,0.00020460686937440187,1
35.0,2002,2.0364549853769556,2.1000000000000085,1,0.1670566528072186,8.65226818316963e-05,0.00015869805065449327,1
35.0,2002,0.3154971048552484,0.4000000000000057,1,0.037488861599996426,1.2986102999531733e-06,7.993076906132046e-06,1
35.0,2002,0.11560324203174423,0.20000000000000284,1,0.004339721052815548,4.080449704171633e-08,1.0711161024801186e-07,1
35.0,2002,9.725712056602276,9.799999999999997,1,15.741035933829608,1.7781230599467892,0.5849283337593079,1
35.0,2002,0.24466099870546215,0.29999999999999716,1,0.002960611657698564,9.863293012086695e-09,4.985122359357774e-08,1
35.0,2002,0.4101507624120721,0.5,1,0.10162145614867768,1.01041639739728e-05,5.8729765441967174e-05,1
35.0,2002,0.2152854771915039,0.29999999999999716,1,1.0613433396257506,0.0018973957012818365,0.006365775130689144,1
35.0,2002,19.88027512086373,3.4000000000000057,0,0.0,0.00022263033166037736,nan,0
35.0,2002,3.790312424050636,3.799999999999997,1,0.0030202214854853082,5.5531851104581245e-08,5.187887097690691e-08,1
35.0,2002,3.181935435287252,3.1999999999999886,1,0.9345674707951162,0.0013139427480014457,0.004942905157804489,1
35.0,2002,1.5393868811947629,1.5999999999999943,1,0.7612876829999777,0.001354460790024607,0.003285348182544112,1
35.0,2002,7.7848680448892855,7.799999999999997,1,21.218606114033832,1.9651407304515365,0.719150722026825,1
35.0,2002,0.12236538513769517,0.20000000000000284,1,0.01054431890338492,8.21326316794434e-08,6.323386969597777e-07,1
35.0,2002,4.276343249859014,4.299999999999997,1,4.565954018188279,0.10176460055173327,0.10600167512893677,1
35.0,2002,0.11194418917494184,0.20000000000000284,1,0.0032133841132520047,7.382039937645991e-09,5.8727053442453325e-08,1
35.0,2002,0.9725451434748111,1.0,1,0.4969842993938016,0.0004042890459793175,0.0014027770375832915,1
35.0,2002,0.3663142442071402,0.4000000000000057,1,0.013779686617340303,1.834176348420782e-07,1.0799190022225957e-06,1
35.0,2002,6.121456516710066,6.200000000000003,1,1.914885507866984,0.014977676413577605,0.02042841911315918,1
35.0,2002,1.4480065325460647,1.5,1,0.08375020361512497,2.134264803271774e-05,3.989030665252358e-05,1
35.0,2002,0.7984796393578995,0.7999999999999972,1,0.21461702705039443,5.995848620344145e-05,0.0002618952130433172,1
35.0,2002,0.32362465651931777,0.4000000000000057,1,0.004908130640188801,1.871517383747736e-08,1.3700774559310958e-07,1
35.0,2002,0.34883907611786624,0.4000000000000057,1,0.04155347590989322,1.3422958042808019e-06,9.820269042393193e-06,1
35.0,2002,3.0413251530881853,3.0999999999999943,1,0.1428394835845097,0.0002678488713666011,0.00011602701124502346,1
35.0,2002,0.18460355075955512,0.19999999999998863,1,0.0017960506950203126,2.3881235886560113e-09,1.8346369756727654e-08,1
35.0,2002,8.05256266055651,8.100000000000009,1,11.003794915386464,0.8510561791174183,0.40781062841415405,1
35.0,2002,0.15411209013928018,0.20000000000000284,1,0.17198855970758586,2.2730171921563507e-05,0.000168205049703829,1
35.0,2002,0.1587424202688404,0.20000000000000284,1,0.03700283673350668,9.031306783926888e-07,7.787169124640059e-06,1
35.0,2002,0.8425876199801787,0.9000000000000057,1,0.1184242974229619,3.269582408712685e-05,7.975537300808355e-05,1
35.0,2002,0.33124281080559215,0.4000000000000057,1,0.030153529023465353,1.2838705548072222e-06,5.1711485866690055e-06,1
35.0,2002,0.19091482814908262,0.20000000000000284,1,0.01729453504214007,2.2267979454565685e-07,1.7011005866152118e-06,1
35.0,2002,5.096276350590719,5.099999999999994,1,5.612872376098919,0.049349494818540736,0.15195119380950928,1
35.0,2002,0.7145772505461604,0.7999999999999972,1,0.3657630875568998,0.0001730018280817682,0.0007602954283356667,1
35.0,2002,0.10681174357576018,0.20000000000000284,1,0.005627170503146317,2.317525538553618e-08,1.8009141911079496e-07,1
35.0,2002,3.797105343965894,3.8999999999999915,1,3.649042602503258,0.17190757359397318,0.07039913535118103,1
35.0,2002,0.31430906146277304,0.3999999999999915,1,0.0033135509695512155,1.0558293483636528e-08,6.244536621125008e-08,1
35.0,2002,13.13770027719945,13.200000000000003,1,25.981189340770527,2.7194106205511837,0.7933505773544312,1
35.0,2002,1.3358305904001906,1.3999999999999915,1,0.052212592526814205,6.00056130972502e-06,1.5504463590332307e-05,1
35.0,2002,0.12153251241199121,0.20000000000000284,1,1.2898813955090853,0.001350855830245825,0.009373941458761692,1
35.0,2002,25.40006678303744,25.5,1,207.60181818956107,17.561292782215272,0.995936930179596,1
35.0,2002,13.693938169891785,13.699999999999989,1,31.283545626607065,4.121656473277744,0.8477007746696472,1
35.0,2002,2.0598224902141786,2.1000000000000085,1,1.417830158333004,0.005737786906577492,0.0113037945702672,1
35.0,2002,1.2219144225877623,1.2999999999999972,1,0.48939137208026295,0.0004671847011012389,0.001360299065709114,1
35.0,2002,0.23154994029572967,0.29999999999999716,1,0.050227653979675324,2.058286567364188e-06,1.4348037439049222e-05,1
35.0,2002,27.473157411127158,13.600000000000009,0,0.0,0.004382042415112028,nan,0
35.0,2002,1.5734449109816853,1.5999999999999943,1,3.209008616522624e-05,2.5381130809305665e-12,5.856723526292962e-12,1
35.0,2002,4.569827695626069,4.6000000000000085,1,1.7950195008314722,0.02211237447121093,0.01799553446471691,1
35.0,2002,0.14393185564570715,0.20000000000000284,1,0.009912955408935886,6.627950470224898e-08,5.58880572043563e-07,1
35.0,2002,6.783913280245596,6.799999999999997,1,0.418012203962121,0.002249857696650636,0.0009927947539836168,1
35.0,2002,16.742584789376878,16.799999999999997,1,36.345229326189866,8.168795838666837,0.8825312852859497,1
35.0,2002,6.117032517863136,6.199999999999989,1,10.437866004424393,0.6469979624379442,0.38257718086242676,1
35.0,2002,1.1345500564778697,1.1999999999999886,1,0.9303289717670111,0.00454321176886776,0.00489839119836688,1
35.0,2002,20.798477121875084,3.799999999999997,0,0.0,1.6684544787174894e-05,nan,0
35.0,2002,25.23289517503583,25.299999999999997,1,148.21882145863339,15.281013468184998,0.9920600652694702,1
35.0,2002,18.55084906794981,18.60000000000001,1,158.44242305121432,13.973243180862529,0.9930447340011597,1
35.0,2002,0.16005982303453023,0.20000000000000284,1,0.003158100269388342,1.612100281583947e-08,5.6723727936969226e-08,1
35.0,2002,2.7690892672131033,2.8000000000000114,1,0.717987576415851,0.0026481236876463457,0.002923313295468688,1
35.0,2002,0.11887798005334943,0.20000000000000284,1,0.006915350960923661,3.57663354925573e-08,2.719827136843378e-07,1
35.0,2002,2.3488601550060224,2.4000000000000057,1,0.136574440746017,9.650096827552724e-05,0.00010607321746647358,1
35.0,2002,0.1983951722710902,0.20000000000000284,1,0.8686278700702985,0.000804822799767206,0.004272880963981152,1
35.0,2002,1.018714575291854,1.0999999999999943,1,1.139427196527123,0.007637969682580839,0.00732978293672204,1
35.0,2002,9.657180764138007,9.699999999999989,1,21.472839526745446,2.376475106067965,0.7239366769790649,1
35.0,2002,5.642499974932731,5.699999999999989,1,6.0979980674348155,0.2686468324178655,0.17456938326358795,1
35.0,2002,0.24450198059508943,0.3999999999999915,1,0.0755071347936962,5.687064909045278e-06,3.24246175296139e-05,1
35.0,2002,16.406029130463832,16.5,1,90.91043399302492,9.104887881536724,0.9791686534881592,1
35.0,2002,0.3055482645552047,0.4000000000000057,1,0.009529675678322747,1.9298174364559543e-07,5.164984031580389e-07,1
35.0,2002,13.415443104624883,13.5,1,0.014046415403640822,4.809977780132365e-06,1.122130811381794e-06,1
35.0,2002,4.2817277058983265,4.299999999999997,1,5.511124689635437,0.14308227177077487,0.1472962200641632,1
35.0,2002,0.12036619779152494,0.20000000000000284,1,0.12363155760311884,1.0652811908992344e-05,8.692283154232427e-05,1
35.0,2002,3.1807509824659586,3.200000000000003,1,1.018273458792521,0.019301608317062402,0.005862572696059942,1
35.0,2002,0.12315267859502517,0.20000000000000284,1,0.025408391131946928,4.5002288017993036e-07,3.671687409223523e-06,1
35.0,2002,1.0391425341393392,1.1000000000000085,1,0.3333546180511462,0.0001870765737724441,0.0006316136568784714,1
35.0,2002,0.26341498307095523,0.30000000000001137,1,0.0189045918626789,4.3463230648052975e-07,2.0325753666838864e-06,1
35.0,2002,0.13091397215055833,0.20000000000000284,1,0.018883304466783102,3.0848966549454514e-07,2.0280006083339686e-06,1
35.0,2002,5.877207168561175,5.900000000000006,1,8.68127662714977,0.43989142970017825,0.3000275194644928,1
35.0,2002,15.498061755801382,15.5,1,8.00672590643859,0.3790379937938302,0.26718732714653015,1
35.0,2002,6.0081182214981705,6.099999999999994,1,0.599521743170726,0.0013584306672989703,0.0020400271750986576,1
35.0,2002,0.2885467194341257,0.29999999999999716,1,0.019628917701822957,2.8012394034082885e-07,2.1913144792051753e-06,1
35.0,2002,30.406931883724564,7.5,0,0.0,0.0019361468216816682,nan,0
35.0,2002,10.085526010162406,10.100000000000009,1,21.398876924074695,1.8451218311393176,0.72255539894104,1
35.0,2002,3.7789734794089047,3.799999999999997,1,0.05842483496201112,3.0035443295010755e-05,1.941330629051663e-05,1
35.0,2002,2.1611082095720016,2.200000000000003,1,0.13867831391144136,0.00010118876871871577,0.0001093660612241365,1
35.0,2002,0.16848658820332926,0.20000000000000284,1,0.0182115833640637,2.4260635960152844e-07,1.886285986074654e-06,1
35.0,2002,0.24947360673248598,0.3999999999999915,1,0.2725949959468039,6.56727491083945e-05,0.00042244017822667956,1
35.0,2002,2.0759606757389766,2.3000000000000114,1,0.09202409988728277,3.520215052629887e-05,4.8160967708099633e-05,1
35.0,2002,1.0148456240060804,1.1000000000000085,1,0.0003608291788737006,2.4406887557378946e-10,7.404849511338796e-10,1
35.0,2002,0.34195440819519535,0.4000000000000057,1,0.0010275405331015008,5.395763376188457e-08,6.004970298789658e-09,1
35.0,2002,1.835084518863912,1.9000000000000057,1,0.05052330622197587,1.5533538455578263e-05,1.4517444469674956e-05,1
35.0,2002,4.581550698197791,4.599999999999994,1,5.653148551179072,0.17999054423938823,0.15380312502384186,1
35.0,2002,3.57404816829656,3.5999999999999943,1,1.0356298141007585,0.005787172248436802,0.006062907632440329,1
35.0,2002,0.5311851838408463,0.5999999999999943,1,0.10412930472301696,1.1352302102475574e-05,6.166406092233956e-05,1
35.0,2002,6.809214166999115,6.900000000000006,1,2.0033272631740147,0.04417632678944634,0.022315945476293564,1
35.0,2002,0.8062184862813401,0.9000000000000057,1,0.6892296700451084,0.0007872622314699848,0.0026944437995553017,1
35.0,2002,1.759367419547592,1.7999999999999972,1,0.8116953737379617,0.0015974669220955814,0.00373314437456429,1
35.0,2002,0.25292481228491803,0.29999999999999716,1,0.020589478846886777,5.301664073173223e-07,2.411029981885804e-06,1
35.0,2002,5.909748349207274,6.0,1,0.0,0.0,0.0,1
35.0,2002,4.072796318854028,4.099999999999994,1,0.0001489050834493355,1.5540861583397713e-10,1.2610490429665333e-10,1
35.0,2002,0.21888708067541288,0.29999999999999716,1,0.0382552156094107,1.2484028679375216e-06,8.323206202476285e-06,1
35.0,2002,1.5192787029918207,1.5999999999999943,1,0.04227620670428678,5.799326329800117e-06,1.0164840205106884e-05,1
35.0,2002,0.8197977301736774,0.8999999999999915,1,0.08350056430634822,1.3584836922739152e-05,3.9652863051742315e-05,1
35.0,2002,0.7242522027980735,0.7999999999999972,1,0.20816343574824714,6.150185032784647e-05,0.0002463853161316365,1
35.0,2002,0.2390340155832134,0.29999999999999716,1,0.00024543036118984674,5.2859964717956664e-11,3.4258593184510744e-10,1
35.0,2002,24.3077718960829,13.5,0,0.0,0.00038983779735852613,nan,0
35.0,2002,6.619604669191234,6.700000000000003,1,23.41476604048694,2.2105142452982687,0.7571706771850586,1
35.0,2002,5.4214052984066905,5.5,1,0.236361620546802,0.00010961346092852741,0.0003176353930030018,1
35.0,2002,0.5147373808384389,0.5999999999999943,1,0.0010912455132086052,8.430986887052302e-10,6.772638450058821e-09,1
35.0,2002,0.16245312072757034,0.20000000000000284,1,0.0028283450665753662,7.82301329955092e-09,4.5496470590933313e-08,1
35.0,2002,0.1696449279986405,0.20000000000000284,1,0.0,0.0,0.0,1
35.0,2002,0.10355044029950564,0.20000000000000284,1,0.021434652736445514,3.168963547599562e-07,2.6130319383810274e-06,1
35.0,2002,1.5398538974715787,1.5999999999999943,1,0.7572291466836987,0.0013451119024335194,0.003250525798648596,1
35.0,2002,0.207466937632617,0.29999999999999716,1,0.00019050180657131932,3.178744647650485e-11,2.0640068820743096e-10,1
35.0,2002,7.3567297468596795,7.3999999999999915,1,20.13480232083117,1.7457966928690694,0.6974945664405823,1
35.0,2002,0.2406212011151683,0.29999999999999716,1,0.0062454295543830085,7.273743261201674e-08,2.2183878911619104e-07,1
35.0,2002,0.2299393393089289,0.29999999999999716,1,0.02328138016724779,5.901495792971105e-07,3.0826843158138217e-06,1
35.0,2002,3.4795306786805003,3.5,1,7.584853530290733,0.29456426209980735,0.24653151631355286,1
35.0,2002,0.14483494240692257,0.20000000000000284,1,0.038679472327658004,1.2748314438386188e-06,8.50883952807635e-06,1
35.0,2002,26.505727817942272,9.599999999999994,0,0.0,0.0016475191878986474,nan,0
35.0,2002,13.352569939281066,5.199999999999989,0,0.0,9.208990334041924e-06,nan,0
35.0,2002,1.9199003914639836,2.0,1,0.1334458388292319,7.43581354428778e-05,0.000101269586593844,1
35.0,2002,1.0906290320402485,1.0999999999999943,1,0.30210850714121307,0.0001425859948092219,0.0005188161740079522,1
35.0,2002,1.5943917806472634,1.5999999999999943,1,0.08490856441721917,1.3825636681494914e-05,4.1001349018188193e-05,1
35.0,2002,0.44830137580194085,0.5,1,0.1433205100946111,2.5543045840364005e-05,0.0001168097005574964,1
35.0,2002,11.82671397698841,11.900000000000006,1,8.98125180778905,0.4991592535914037,0.31448686122894287,1
35.0,2002,0.17243062928761807,0.20000000000000284,1,0.07497010671215776,4.45875977396352e-06,3.196504621882923e-05,1
35.0,2002,9.181885914416432,9.200000000000003,1,0.5291412321788584,0.005162875993268124,0.0015898828860372305,1
35.0,2002,3.4791379484067897,3.5,1,2.1504433226594983,0.021290791010601752,0.02562679536640644,1
35.0,2002,2.090961393839878,2.0999999999999943,1,1.1820840474852048,0.004152682870957218,0.00788445957005024,1
35.0,2002,0.49268840071738296,0.5,1,0.055040356114318456,3.2171372493500728e-06,1.722931301628705e-05,1
35.0,2002,9.767867599957206,9.800000000000011,1,58.593984256709604,5.397561867955895,0.9512819051742554,1
35.0,2002,20.01869908503438,20.200000000000003,1,78.48720440192199,10.270124689981646,0.9722497463226318,1
35.0,2002,0.40904767340493897,0.5,1,0.005056080664132878,2.139314747305587e-08,1.4539212145336933e-07,1
35.0,2002,0.2749905234838806,0.29999999999999716,1,0.018776021240739738,2.1829008358886624e-07,2.005022452067351e-06,1
35.0,2002,0.1670155593098504,0.19999999999998863,1,0.011639973132901105,1.235585860212392e-07,7.705779694333614e-07,1
35.0,2002,22.96694119299202,23.0,1,2.8188482322838695,0.35578447949578784,0.04323749244213104,1
35.0,2002,4.613828373581896,4.700000000000003,1,3.865931332424168,0.09606616137047959,0.07834139466285706,1
35.0,2002,1.126009055728262,1.2000000000000028,1,0.000887406824745085,1.5495375766596006e-09,4.4787671349411085e-09,1
35.0,2002,0.3284684466780246,0.3999999999999915,1,0.01872004079450562,4.4475047240963945e-07,1.993084197238204e-06,1
35.0,2002,8.257334551689482,8.300000000000011,1,24.032883126833838,2.292188077670469,0.7666233777999878,1
35.0,2002,2.9214550907512624,3.0,1,0.0,0.0,0.0,1
35.0,2002,5.60323185226667,5.700000000000003,1,29.06967603198899,2.007827198715038,0.827767550945282,1
35.0,2002,20.367063985424323,2.799999999999997,0,0.0,1.8727097456784527e-05,nan,0
35.0,2002,19.941643142094527,20.0,1,34.25572588569872,12.47566443908659,0.8696880340576172,1
35.0,2002,7.740632674219079,7.799999999999997,1,0.4394783549207659,0.002980893469424683,0.001097264001145959,1
35.0,2002,0.2629639246089488,0.29999999999999716,1,0.05075903875979293,1.9142624859317365e-06,1.465323020966025e-05,1
35.0,2002,6.613229906405731,6.700000000000003,1,6.944849972536758,0.34368589064457267,0.21526044607162476,1
35.0,2002,37.29761480308059,37.3,1,124.03973681935616,24.6901589977356,0.9887012243270874,1
35.0,2002,0.16503984329163007,0.19999999999998863,1,0.14602275380434548,1.473849803911818e-05,0.0001212554780067876,1
35.0,2002,29.356055781069028,29.400000000000006,1,35.367091520051815,7.666594224569529,0.8767556548118591,1
35.0,2002,15.02095167694244,15.099999999999994,1,10.175373656097548,0.6503178909018059,0.3706187903881073,1
35.0,2002,15.069002566820762,15.099999999999994,1,0.0,0.0,0.0,1
35.0,2002,1.211866342210447,1.4000000000000057,1,0.058364509450427704,1.1847513874491525e-05,1.937323759193532e-05,1
35.0,2002,0.5342599664424982,0.5999999999999943,1,0.14450057648821257,2.5074675962422854e-05,0.0001187409579870291,1
35.0,2002,9.612562200533219,9.700000000000003,1,12.824321384521568,1.6002680657355361,0.48330196738243103,1
35.0,2002,5.769581466602395,5.799999999999997,1,8.748527891324471,0.398941134387904,0.30327874422073364,1
35.0,2002,15.582713235713504,15.600000000000009,1,30.24027851787457,6.752328883606089,0.8387349843978882,1
35.0,2002,4.932950632269304,5.0,1,0.0,0.0,0.0,1
35.0,2002,1.2673247629272026,1.2999999999999972,1,0.410962844027722,0.0003411359005559265,0.0009596240124665201,1
35.0,2002,0.9966492803424427,1.0,1,0.14704291147882032,2.5446077888051504e-05,0.00012295543274376541,1
35.0,2002,7.248600620995626,7.299999999999997,1,4.592922639204602,0.23249273126106432,0.10712302476167679,1
35.0,2002,2.6445196692813537,2.6999999999999886,1,1.83044172356864,0.010984623292970957,0.018699364736676216,1
35.0,2002,40.24003741044699,16.599999999999994,0,0.0,0.001190528009259201,nan,0
35.0,2002,12.537078497072445,12.600000000000009,1,6.622711132620736,0.8498035126012157,0.19964823126792908,1
35.0,2002,0.9465361840149629,1.0,1,0.0,0.0,0.0,1
35.0,2002,9.249883787464968,9.299999999999997,1,16.501133896800297,1.3499172571157818,0.6076284050941467,1
35.0,2002,0.26639764817284733,0.30000000000001137,1,0.04980541085484447,1.9343753874571147e-06,1.410781896993285e-05,1
35.0,2002,1.4450856293798253,1.5,1,0.04726143083280476,4.945728454175038e-06,1.2703434549621306e-05,1
35.0,2002,0.1529225182004798,0.20000000000000284,1,0.010136604194542542,7.447057157919931e-08,5.843831445417891e-07,1
35.0,2002,1.9134478329306208,2.0,1,0.9631164280608857,0.0023580509968035464,0.005247897934168577,1
35.0,2002,20.945051900421966,21.0,1,128.8719881013524,16.419488128735363,0.9895240068435669,1
35.0,2002,4.237529718728383,4.599999999999994,1,5.149445026791568,0.14245247878636358,0.131047785282135,1
35.0,2002,0.854593975254004,0.8999999999999915,1,0.17038925340733613,4.671397813128444e-05,0.00016509185661561787,1
35.0,2002,7.061453917648426,7.1000000000000085,1,11.032709169473605,0.7782623134924902,0.4090787470340729,1
35.0,2002,0.16929897155804055,0.20000000000000284,1,0.012813970353107607,1.1537748518056412e-07,9.338561426375236e-07,1
35.0,2002,28.934734724976206,6.700000000000003,0,0.0,0.00019517949034847574,nan,0
35.0,2002,41.71912310490088,41.8,1,69.25220942398823,33.161209145636676,0.9646342992782593,1
35.0,2002,0.2181051491742836,0.29999999999999716,1,0.0071044807222619966,6.841988809750354e-08,2.8706318744298187e-07,1
35.0,2002,0.18653524495173007,0.20000000000000284,1,0.006583380392754634,2.700426428708691e-08,2.464964836690342e-07,1
35.0,2002,11.085038189083608,7.799999999999997,0,0.0,0.005339296297076808,nan,0
35.0,2002,22.614654703539724,22.700000000000003,1,283.65911693496156,20.059864086538234,0.9978195428848267,1
35.0,2002,5.480136734200885,5.5,1,1.417345037963969,0.01792902013365922,0.011296147480607033,1
35.0,2002,0.30690615456664266,0.5,1,0.025767689438680463,1.0916899032287078e-06,3.7762633837701287e-06,1
35.0,2002,4.776280357154032,4.799999999999997,1,32.98208991019463,2.107922010197664,0.8608568906784058,1
35.0,2002,0.1702154601280802,0.19999999999998863,1,0.001648542472310055,2.638239181138022e-08,1.5456572910466093e-08,1
35.0,2002,0.128300342326927,0.20000000000000284,1,0.04006789523657517,1.3934069590761085e-06,9.130657417699695e-06,1
35.0,2002,9.015604833789794,9.100000000000009,1,17.801145625031467,1.7747962217894133,0.6431406140327454,1
35.0,2002,3.088030579991044,3.200000000000003,1,2.5883359572595452,0.039424536060395074,0.03670404851436615,1
35.0,2002,3.8187829781366416,4.0,1,0.936445868506695,0.003331529552232123,0.004962695762515068,1
35.0,2002,0.6564739417741637,0.7000000000000028,1,0.043705344914542366,2.526182001115922e-06,1.086368956748629e-05,1
35.0,2002,7.41021963178426,7.5,1,2.451708824979164,0.04294762973969356,0.03305612877011299,1
35.0,2002,1.3989161452484697,1.3999999999999915,1,0.6487241621458679,0.0008387933446229946,0.0023877830244600773,1
35.0,2002,0.48564903534064924,0.5,1,0.08280595230161225,7.041518038841153e-06,3.8995916838757694e-05,1
35.0,2002,0.7220188520189867,0.7999999999999972,1,0.08815053978787546,1.0431511750680314e-05,4.4192005589138716e-05,1
35.0,2002,9.606276647897541,9.700000000000003,1,4.4639159900881396,0.7875591825026308,0.10179373621940613,1
35.0,2002,0.1179597444980271,0.20000000000000284,1,0.018045314447874716,2.416595068516781e-07,1.852000309554569e-06,1
35.0,2002,0.19883833715192809,0.20000000000000284,1,0.003913735261960483,1.0854812124522055e-08,8.711557342166998e-08,1
35.0,2002,7.511336695786038,7.599999999999994,1,3.320803453245759,0.061638256037544845,0.05901750549674034,1
35.0,2002,0.47318531700607913,0.5,1,0.13586458900016396,2.0480825440375618e-05,0.00010497355833649635,1
35.0,2002,0.16703235062147884,0.20000000000000284,1,0.004308571446131282,1.4201156795825444e-08,1.0557947405231971e-07,1
35.0,2002,5.280506108858385,5.300000000000011,1,0.021531270788159418,6.056674096994105e-06,2.6366417387180263e-06,1
35.0,2002,3.298388124284891,3.3000000000000114,1,0.11346313484756365,6.439375495463382e-05,7.321342127397656e-05,1
35.0,2002,2.2499132204248107,2.3000000000000114,1,0.0,0.0,0.0,1
35.0,2002,2.396360998685037,2.4000000000000057,1,1.185055294893317,0.004828338370714808,0.007923831231892109,1
35.0,2002,0.26085908348098863,0.29999999999999716,1,0.10177678632828702,9.743283603545024e-06,5.8909430663334206e-05,1
35.0,2002,10.099772825480663,10.099999999999994,1,16.463701971961314,2.7484415295013362,0.6065449714660645,1
35.0,2002,3.107723751769008,3.1999999999999886,1,1.310591068419967,0.0056977095228851445,0.009674428962171078,1
35.0,2002,0.5029883058215446,0.5999999999999943,1,0.08780946660769473,8.218514811796674e-06,4.38507049693726e-05,1
35.0,2002,6.03159435837579,6.1000000000000085,1,0.3640431847547916,0.0016775976234614431,0.0007531674345955253,1
35.0,2002,0.39571465467399763,0.4000000000000057,1,0.0005963812969866922,3.382965038883007e-10,2.0228374530972815e-09,1
35.0,2002,0.4490322870408835,0.5,1,0.08446949689096073,8.094653391132017e-06,4.0578419429948553e-05,1
35.0,2002,1.673415393004472,1.7000000000000028,1,0.32095645424448094,0.00025253154625945896,0.0005855322233401239,1
35.0,2002,0.6523122151089666,0.7000000000000028,1,0.01745196552218431,4.1467969774193476e-07,1.732211444505083e-06,1
35.0,2002,0.2300623966852751,0.29999999999999716,1,0.0452189097955511,2.0738936548202267e-06,1.162915305030765e-05,1
35.0,2002,2.6692537402887893,2.6999999999999886,1,0.015126646764713314,9.360132583541206e-07,1.301360839534027e-06,1
35.0,2002,0.5831276387716224,0.6999999999999886,1,0.013700961996960359,7.672207918665406e-07,1.0676149031496607e-06,1
35.0,2002,0.7335145150111034,0.7999999999999972,1,0.29074138860625,9.794565430442321e-05,0.0004805271455552429,1
35.0,2002,26.22022287528135,26.400000000000006,1,181.86578633603824,20.913199399611948,0.9947121143341064,1
35.0,2002,4.207600222031118,4.299999999999997,1,0.8926202116262516,0.004716797746894415,0.0045111034996807575,1
35.0,2002,0.6961406610512118,0.7000000000000028,1,0.00652960815057213,1.2146576213997335e-07,2.4248623731182306e-07,1
35.0,2002,4.800568785185371,0.20000000000000284,0,0.0,1.9335702905381226e-09,nan,0
35.0,2002,0.9865892503011034,1.0,1,0.2786571810730152,0.00012745284837107512,0.0004414298164192587,1
35.0,2002,0.7330344775778135,0.8000000000000114,1,0.24711904633704762,8.199903521940206e-05,0.0003471958916634321,1
35.0,2002,7.784954642807531,7.799999999999997,1,4.290859239125723,0.21110756529922428,0.09478768706321716,1
35.0,2002,3.923323785863409,4.0,1,0.0,0.0,0.0,1
35.0,2002,2.2530652299527603,2.299999999999997,1,1.1296215172078234,0.0037951607846504133,0.00720507325604558,1
35.0,2002,0.8569074307895607,0.9000000000000057,1,0.129960059434012,2.7692926875071854e-05,9.604859951650724e-05,1
35.0,2002,0.25157664574000144,0.29999999999999716,1,0.162716957165145,2.2547088000475514e-05,0.00015056124539114535,1
35.0,2002,0.1738705090531812,0.29999999999999716,1,0.5930178366928942,0.0006447444336084479,0.0019960927311331034,1
35.0,2002,17.52500203325991,17.60000000000001,1,115.38920572159404,13.313691745481458,0.9869665503501892,1
35.0,2002,0.1636282498992302,0.20000000000000284,1,0.03655114637587076,8.655066381879555e-07,7.598216598125873e-06,1
35.0,2002,17.276463849765353,17.299999999999997,1,47.999615831053234,6.965143402408268,0.9290958046913147,1
35.0,2002,1.5091838008627487,1.7000000000000028,1,0.5374479108731975,0.0006554038284480486,0.0016401094617322087,1
35.0,2002,0.4220545550527502,0.5,1,0.021495726748355537,6.903176161421943e-07,2.627943786137621e-06,1
35.0,2002,0.116801103786136,0.20000000000000284,1,0.011213223384316962,7.159792626527337e-08,7.151112413339433e-07,1
35.0,2002,0.8382058146025949,0.9000000000000057,1,0.24734727023951564,9.312237663000004e-05,0.00034783725277520716,1
35.0,2002,0.2882502233289498,0.30000000000001137,1,0.13717954666577725,1.4424358536142794e-05,0.00010701513383537531,1
35.0,2002,0.25324201482809566,0.30000000000001137,1,0.03852187860371714,9.72904736893579e-07,8.439645171165466e-06,1
35.0,2002,0.4281156027074439,0.5,1,0.06630223313027273,3.287608894338591e-06,2.5001059839269146e-05,1
35.0,2002,0.22637171921707036,0.29999999999999716,1,0.031009369730611525,7.660176563626098e-07,5.4688557611370925e-06,1
35.0,2002,0.8703267987857186,0.9000000000000057,1,0.04223356837724168,5.06451353695742e-06,1.0144347470486537e-05,1
35.0,2002,3.7230316009750934,3.799999999999997,1,0.00022651432834663865,3.191856912649322e-10,2.9181276839373993e-10,1
35.0,2002,1.0607980347632426,1.0999999999999943,1,0.0006716446762879968,8.423771255199888e-10,2.565618606453768e-09,1
35.0,2002,41.067388527220594,41.10000000000001,1,108.63601441594477,15.770014707700103,0.9853203296661377,1
35.0,2002,4.792155693371047,4.800000000000011,1,1.9302821917696065,0.020927904862495673,0.020751405507326126,1
35.0,2002,6.588967007000175,6.599999999999994,1,0.0,0.0,0.0,1
35.0,2002,2.7989381576584464,2.799999999999997,1,0.7429655149574046,0.0015051013694968867,0.003129601012915373,1
35.0,2002,2.060713653894989,2.200000000000003,1,0.40403057313517365,0.0005127754910566341,0.0009275522897951305,1
35.0,2002,0.637048118652521,0.7000000000000028,1,0.21203777146820357,5.2084395571851125e-05,0.0002556397521402687,1
35.0,2002,8.002444597486138,8.100000000000009,1,7.4402710845254205,0.5652851776336801,0.23945142328739166,1
35.0,2002,0.8005730246233085,0.9000000000000057,1,0.18628577343559982,5.032938144429927e-05,0.00019732705550268292,1
35.0,2002,0.25274097329422907,0.4000000000000057,1,0.004707682841967653,2.4622665293611273e-08,1.2604547805494803e-07,1
35.0,2002,0.7989484026550144,0.9000000000000057,1,0.48545940191760906,0.00033071234844323156,0.0013385575730353594,1
35.0,2002,3.2878912567099423,3.299999999999997,1,3.205352124576315,0.11028951051217249,0.055207837373018265,1
35.0,2002,0.31724039340183435,0.4000000000000057,1,0.12287405451587574,1.4909732469439725e-05,8.586102194385603e-05,1
35.0,2002,0.3027326027272138,0.4000000000000057,1,0.05223223425514334,2.345829262082074e-06,1.551613058836665e-05,1
35.0,2002,0.42068732232245715,0.5,1,0.0027620408916959605,8.24480993903195e-09,4.3388350690065636e-08,1
35.0,2002,0.8421253725784502,0.9000000000000057,1,0.0,0.0,0.0,1
35.0,2002,0.17906255667729684,0.20000000000000284,1,0.012040364317186913,1.1208646751049899e-07,8.245022513619915e-07,1
35.0,2002,44.06727974382877,44.099999999999994,1,270.77919838681066,31.934963883905453,0.9976077079772949,1
35.0,2002,8.894173317856612,8.899999999999991,1,15.021392854389973,1.4258143871345181,0.5620403289794922,1
35.0,2002,0.4506124238233855,0.5,1,0.1934425797216477,4.0816961616050484e-05,0.00021277699852362275,1
35.0,2002,11.35653711065685,11.399999999999991,1,26.1305297259359,3.5927803124535163,0.795223593711853,1
35.0,2002,39.67131212883596,22.200000000000003,0,0.0,20.44635660315141,nan,0
35.0,2002,41.54455524997083,41.60000000000001,1,300.73640181825834,35.55989731531355,0.9980596899986267,1
35.0,2002,14.320732797778284,14.400000000000006,1,1.6442667791285999,0.04384364481452248,0.015143644995987415,1
35.0,2002,8.202301304028307,8.300000000000011,1,0.1149295079978856,0.000145364128013543,7.511789590353146e-05,1
35.0,2002,1.2711974164557398,1.3000000000000114,1,0.326550440189294,0.00018971714271526875,0.0006061082240194082,1
35.0,2002,0.3935059149829248,0.4000000000000057,1,0.0,0.0,0.0,1
35.0,2002,26.6485164351494,26.69999999999999,1,147.923992718198,17.808727719528864,0.9920285940170288,1
35.0,2002,0.39384640627367806,0.3999999999999915,1,0.033918369887715016,1.4890810309558926e-06,6.543047220475273e-06,1
35.0,2002,9.597985809537546,9.599999999999994,1,8.836154677603133,1.1649934946709934,0.3075069785118103,1
35.0,2002,0.21242229157350792,0.29999999999999716,1,0.2658458121014462,0.00012388998005591573,0.00040178903145715594,1
35.0,2002,0.1477367995143621,0.19999999999998863,1,0.0031819838802675804,7.559543500051546e-09,5.75849341544199e-08,1
35.0,2002,18.3055390817833,4.900000000000006,0,0.0,8.968317360135018e-06,nan,0
35.0,2002,1.7130136700948284,1.8000000000000114,1,0.18620181134065206,0.00010098920609464277,0.0001971492456505075,1
35.0,2002,0.2565497982012143,0.30000000000001137,1,0.0,0.0,0.0,1
35.0,2002,0.17997192687188152,0.20000000000000284,1,0.02119421046353409,4.239327297195331e-07,2.5547378754708916e-06,1
35.0,2002,6.891089414184485,6.900000000000006,1,15.34957654571275,1.449952737572225,0.572650134563446,1
35.0,2002,2.6667346447319824,2.700000000000003,1,1.9426242935151379,0.013863375837567688,0.02101202681660652,1
35.0,2002,2.2394597716949693,2.299999999999997,1,0.8457696138015081,0.010354226141809725,0.004051854368299246,1
35.0,2002,5.8414461659283115,5.900000000000006,1,0.0,0.0,0.0,1
35.0,2002,0.3012417469782754,0.5,1,0.23499152472885498,5.8765116535341975e-05,0.00031396481790579855,1
35.0,2002,28.75744746436141,9.200000000000003,0,0.0,0.0055449989702411545,nan,0
35.0,2002,3.1704341369580593,3.200000000000003,1,0.0,0.0,0.0,1
35.0,2002,0.23384610273637066,0.29999999999999716,1,0.0,0.0,0.0,1
35.0,2002,0.8550095209139831,0.9000000000000057,1,0.02404597985594137,1.4261402478121619e-06,3.2884897791518597e-06,1
35.0,2002,21.422574281529315,5.5,0,0.0,0.0004924060975492946,nan,0
35.0,2002,9.79321347269084,9.799999999999997,1,4.139142974929314,0.15340837556465348,0.08878780901432037,1
35.0,2002,3.8041908672968496,3.9000000000000057,1,0.0976527270500469,6.086585147284877e-05,5.4232314141700044e-05,1
35.0,2002,0.3212121943971849,0.4000000000000057,1,0.11891912608774646,1.3790319244258211e-05,8.042321860557422e-05,1
35.0,2002,0.11219123754679693,0.20000000000000284,1,0.0,0.0,0.0,1
35.0,2002,9.09696639351502,9.099999999999994,1,8.01542692235671,0.7272472811805721,0.26761287450790405,1
35.0,2002,19.353868095293745,19.39999999999999,1,1.5162033516065776,0.07944270916910634,0.012905844487249851,1
35.0,2002,39.27022457297014,39.30000000000001,1,219.51799695980182,24.059497045018844,0.9963644742965698,1
35.0,2002,3.5917746872347704,3.6000000000000085,1,2.814257490816942,0.03518308880997853,0.04310283809900284,1
35.0,2002,0.870051624605171,0.9000000000000057,1,0.0072987783246958315,1.7989569635179647e-07,3.0297945841084584e-07,1
35.0,2002,1.90405436740471,2.0,1,0.01645772415281499,8.2987530456573e-07,1.5404650639538886e-06,1
35.0,2002,3.247214447189998,3.299999999999997,1,2.066356433613521,0.01529807605798369,0.023708438500761986,1
35.0,2002,3.1226595587875323,3.1999999999999886,1,0.0,0.0,0.0,1
35.0,2002,11.468752523338425,11.599999999999994,1,4.372856966714574,1.2091102668132787,0.09808632731437683,1
35.0,2002,4.697452695881324,4.700000000000003,1,0.7664737729720628,0.004078078291449893,0.003330112434923649,1
35.0,2002,0.6051115712665862,0.7000000000000028,1,0.9850158862631133,0.003910773319422699,0.005487941671162844,1
35.0,2002,0.6482767313210517,0.7000000000000028,1,0.2107155057495902,5.953947200615558e-05,0.00025246216682717204,1
35.0,2002,0.203720224709623,0.29999999999999716,1,0.020826573090744205,2.744120695980574e-07,2.4668770493008196e-06,1
35.0,2002,6.701375432360499,6.800000000000011,1,13.334653045166164,0.9822837308475585,0.5028070211410522,1
35.0,2002,0.6506911690715168,0.7000000000000028,1,0.0023334897409199584,7.057984534424131e-09,3.096882394970635e-08,1
35.0,2002,3.460751820468572,3.5,1,0.0015368441918326425,1.2630253044483405e-08,1.3432988055228634e-08,1
35.0,2002,25.188919814708495,25.200000000000003,1,37.56630684826567,5.610050092499079,0.8892114162445068,1
35.0,2002,3.18073217549221,3.200000000000003,1,0.17594487400242542,0.00018741205989238207,0.0001760312297847122,1
35.0,2002,1.7025138400073843,1.7999999999999972,1,0.7178554646371254,0.001326331226425553,0.0029222408775240183,1
35.0,2002,5.917553509688937,5.200000000000003,0,0.0,0.00021150005361078708,nan,0
35.0,2002,0.1208182159209733,0.19999999999998863,1,0.00080492388519815,4.5110959419158606e-10,3.684873517428855e-09,1
35.0,2002,7.647349268085755,7.700000000000003,1,0.0,0.0,0.0,1
35.0,2002,2.0782221019454,2.200000000000003,1,0.7767190934617076,0.00914082643185869,0.003419426968321204,1
35.0,2002,0.14147499075084172,0.20000000000000284,1,0.00022821724945742972,3.470915818785267e-11,2.962169398657011e-10,1
35.0,2002,0.3588415206207367,0.3999999999999915,1,0.01868365843290576,4.065212999235737e-07,1.985344624699792e-06,1
35.0,2002,0.20870346980517476,0.29999999999999716,1,3.3397654419786704e-06,9.412335771256788e-15,6.343732640969393e-14,1
35.0,2002,0.16307562644492463,0.20000000000000284,1,0.01171414267179216,9.266765494544449e-08,7.804294455127092e-07,1
35.0,2002,9.68429733520383,9.700000000000003,1,14.227976847135125,1.3492036669527778,0.5351709127426147,1
35.0,2002,0.31769345100805363,0.4000000000000057,1,0.0559654862669845,2.886306515829588e-06,1.7813357771956362e-05,1
35.0,2002,0.1750086309950643,0.20000000000000284,1,0.00035997867001924533,8.890635602146655e-11,7.369982957250443e-10,1
35.0,2002,3.3630019025695144,3.4000000000000057,1,0.18008421510853623,0.00018441389667696147,0.00018440985877532512,1
35.0,2002,0.21065705059015188,0.4000000000000057,1,0.00579696671752572,1.2419393583976602e-07,1.9112367510842887e-07,1
35.0,2002,12.482463915973373,12.5,1,0.5099221824935967,0.005763735928384396,0.0014766547828912735,1
35.0,2002,0.28914061886188996,0.29999999999999716,1,2.524123885905283e-06,5.434136222523182e-15,3.62355036655302e-14,1
35.0,2002,22.420500957108985,22.5,1,92.77784659639013,16.099492020182755,0.9799821972846985,1
35.0,2002,0.4269664317062568,0.5,1,0.0007410161597931619,5.869205053470492e-10,3.1229736574545086e-09,1
35.0,2002,0.791597195792509,0.8000000000000114,1,0.1845134996713682,4.6448731711981526e-05,0.00019359099678695202,1
35.0,2002,1.3699651928514887,1.4000000000000057,1,1.0615607627283055,0.005035777747239306,0.006368367001414299,1
35.0,2002,28.113455904417975,28.19999999999999,1,69.50873289259422,10.951560740177074,0.9648857116699219,1
35.0,2002,1.5502986136631585,1.5999999999999943,1,0.11299200111011487,4.2847170811305094e-05,7.26067228242755e-05,1
35.0,2002,0.5452413669552145,0.5999999999999943,1,0.051423845356083575,2.236130152297343e-06,1.5039573554531671e-05,1
35.0,2002,24.040686050323504,24.099999999999994,1,70.95879107385394,15.524048322466742,0.9662582278251648,1
35.0,2002,28.556462136929497,19.89999999999999,0,0.0,0.021461819797847816,nan,0
35.0,2002,0.2866586917537126,0.29999999999999716,1,0.015044144652108571,1.6196010968073174e-07,1.2872039860667428e-06,1
35.0,2002,22.095174056455274,19.0,0,0.0,0.009433955211883033,nan,0
35.0,2002,4.330010609411289,4.400000000000006,1,9.003338976378501,0.3627683911373544,0.3155468702316284,1
35.0,2002,10.343991831882665,10.400000000000006,1,0.6102749424281626,0.007269673787224804,0.0021137085277587175,1
35.0,2002,3.425070234783521,3.5,1,1.2732454775451743,0.006813138240494683,0.009135900065302849,1
35.0,2002,4.971462194737057,5.0,1,1.6159149733809386,0.01925143811351221,0.014633485116064548,1
35.0,2002,9.814600528718085,9.899999999999991,1,61.39421200947453,6.052328502386108,0.9554311633110046,1
35.0,2002,0.6599340139864937,0.6999999999999886,1,0.0010659141183282372,1.5593427763914933e-09,6.46185771557839e-09,1
35.0,2002,0.34829608789719185,0.3999999999999915,1,0.010170614080237783,7.625119281940278e-08,5.883110816284898e-07,1
35.0,2002,1.6794126127267577,1.7999999999999972,1,0.8217335458342632,0.0016150624744591775,0.003825694788247347,1
35.0,2002,0.3290087168932834,0.3999999999999915,1,0.08718756050484444,6.9461641213404355e-06,4.3231790186837316e-05,1
35.0,2002,0.1296551044452857,0.20000000000000284,1,0.01585931263406337,2.3150057290804652e-07,1.430477595931734e-06,1
35.0,2002,2.1591340417661384,2.200000000000003,1,0.8427932956544737,0.00971187311121072,0.0040235016494989395,1
35.0,2002,2.196412570274301,2.1999999999999886,1,0.7967135094930882,0.0018617854081419238,0.003597098169848323,1
35.0,2002,0.8095099444151146,0.8999999999999915,1,0.00909501528343526,3.510019824218071e-07,4.704566549662559e-07,1
35.0,2002,4.024678037190546,4.200000000000003,1,2.9658601217122396,0.04157545211430451,0.047644563019275665,1
35.0,2002,1.4543399812218234,1.5,1,0.028460639555646594,2.948160745644784e-06,4.606809397955658e-06,1
35.0,2002,2.8611705866631842,2.8999999999999915,1,0.0,0.0,0.0,1
35.0,2002,0.5448381840699649,0.6000000000000085,1,0.2013063830170836,4.890522000902867e-05,0.0002304241352248937,1
35.0,2002,18.877451220433286,18.900000000000006,1,83.24370609233847,13.89565243541283,0.9752541780471802,1
35.0,2002,0.21494642879555972,0.29999999999999716,1,0.033559999466177715,1.003118946114924e-06,6.4055152506625745e-06,1
35.0,2002,13.295965316248346,13.299999999999997,1,18.241937956619154,3.7722551572134857,0.6542882323265076,1
35.0,2002,7.463639451873319,7.5,1,11.286905500436461,0.8916603493783248,0.4201354384422302,1
35.0,2002,3.6262759584249555,3.6999999999999886,1,0.0,0.0,0.0,1
35.0,2002,1.0046343759702645,1.0999999999999943,1,0.5015667472713119,0.00043822455421686486,0.0014287277590483427,1
35.0,2002,0.1037185923162637,0.19999999999998863,1,0.0,0.0,0.0,1
35.0,2002,3.6631666095730875,3.700000000000003,1,0.0,0.0,0.0,1
35.0,2002,0.8047336653311136,0.8999999999999915,1,0.17138929702463201,3.990722094053764e-05,0.00016703511937521398,1
35.0,2002,0.5231820487327659,0.5999999999999943,1,0.21407414122330692,4.4606144265661916e-05,0.0002605722693260759,1
35.0,2002,25.221018713977102,25.30000000000001,1,87.47392611736387,17.503640539978644,0.977537214756012,1
35.0,2002,13.451664845400993,13.5,1,13.54274053477036,0.9588293889604401,0.5105477571487427,1
35.0,2002,4.826939760048115,4.900000000000006,1,2.352263460018605,0.03385559798798896,0.030509047210216522,1
35.0,2002,0.21096609523762322,0.30000000000001137,1,0.01829634207169306,2.038819565831164e-07,1.9038848222407978e-06,1
35.0,2002,1.7186137948413027,1.8000000000000114,1,0.14315600081934576,0.0006654385134953685,0.00011654172703856602,1
35.0,2002,6.67790372355055,6.799999999999997,1,8.334725871303533,0.48394530067549874,0.28320014476776123,1
35.0,2002,2.6109431998544737,2.700000000000003,1,0.0,0.0,0.0,1
35.0,2002,0.2345453506005713,0.29999999999999716,1,0.008296430356153905,5.850927649811441e-08,3.914671538041148e-07,1
35.0,2002,29.70762016405296,27.400000000000006,0,0.0,24.173189990660394,nan,0
35.0,2002,0.33288573304925617,0.3999999999999915,1,0.04686300629066409,1.7065418389445021e-06,1.2490154404076748e-05,1
35.0,2002,32.42579320042501,32.5,1,219.08147284853666,24.733799982735867,0.9963500499725342,1
35.0,2002,0.4838845624960302,0.5,1,0.0,0.0,0.0,1
35.0,2002,0.18673656907568809,0.20000000000000284,1,0.03848188675388542,1.2061296223771188e-06,8.422131031693425e-06,1
35.0,2002,0.32397138225589345,0.4000000000000057,1,0.06608217266102656,3.802631302929499e-06,2.4835379008436576e-05,1
35.0,2002,0.4716591161611756,0.5,1,0.20989460359146506,5.0470531992591645e-05,0.0002504994045011699,1
35.0,2002,0.29267763417266257,0.29999999999999716,1,0.05631943693327912,2.677951347982889e-06,1.803938539524097e-05,1
35.0,2002,32.68576136190611,24.599999999999994,0,0.0,0.3027016130450852,nan,0
35.0,2002,14.384545035820654,14.399999999999991,1,41.19867116600727,6.320481527433773,0.9061330556869507,1
35.0,2002,11.957576975176924,12.0,1,0.229693583683229,0.0014659472312373643,0.0002999717544298619,1
35.0,2002,3.9954928453573637,4.0,1,5.05045451511549,0.11655445414277313,0.12669000029563904,1
35.0,2002,0.8136850874735707,0.8999999999999915,1,0.0,0.0,0.0,1
35.0,2002,10.707013154857165,10.799999999999997,1,0.0,0.0,0.0,1
35.0,2002,1.8588800294085983,1.8999999999999915,1,0.6923834398175757,0.0013581342949219512,0.0027190912514925003,1
35.0,2002,0.9121899421072222,1.0,1,0.14473710419892427,3.411218352854894e-05,0.0001191299525089562,1
35.0,2002,0.5227968459215196,0.5999999999999943,1,0.0043480968863605085,5.694042963633397e-08,1.0752546586445533e-07,1
35.0,2002,13.093615446760147,13.100000000000009,1,3.6129591427196615,0.14528150547422256,0.0691094845533371,1
35.0,2002,0.44494586209117215,0.5,1,0.05007129722116588,2.565344237266846e-06,1.425884784111986e-05,1
35.0,2002,0.12458052911544476,0.20000000000001705,1,0.044165633224281464,1.385519248442542e-06,1.1093716238974594e-05,1
35.0,2002,0.43298279923830807,0.5,1,0.07325443925412856,6.4215070214283245e-06,3.0518811399815604e-05,1
35.0,2002,0.9620795384292634,1.0,1,0.0,0.0,0.0,1
35.0,2002,0.49022853935684557,0.5,1,0.0,0.0,0.0,1
35.0,2002,10.036699458277853,10.100000000000009,1,17.00641605224726,1.8968815627009004,0.6219133734703064,1
35.0,2002,41.882837155152465,41.900000000000006,1,304.9921809449694,34.548378737148056,0.9981133341789246,1
35.0,2002,1.4694347926973108,1.5,1,0.6895612829624156,0.001104947852873113,0.002697030082345009,1
35.0,2002,1.0299270465020016,1.1000000000000085,1,0.05926600366439061,9.8811294141855e-06,1.997632352868095e-05,1
35.0,2002,0.7495132335015506,0.8000000000000114,1,0.14556863840104484,2.5781357066567048e-05,0.00012050255463691428,1
35.0,2002,6.4368356033232415,6.5,1,19.568133809718972,1.4375411538841456,0.6853138208389282,1
35.0,2002,0.5069644381328634,0.5999999999999943,1,0.01979625720986178,3.83612886646277e-07,2.2288361378741683e-06,1
35.0,2002,18.522367626926503,18.599999999999994,1,78.09074990625498,10.062813085607702,0.9719751477241516,1
35.0,2002,0.10561956534096936,0.19999999999998863,1,2.32292774171583e-06,3.679431704310288e-15,3.06891149862501e-14,1
35.0,2002,1.8964731154369434,1.9000000000000057,1,0.0,0.0,0.0,1
35.0,2002,0.30036334226384503,0.4000000000000057,1,0.058503418724740186,3.6446771049818264e-06,1.94655640370911e-05,1
35.0,2002,30.540222151605974,30.599999999999994,1,163.14010417634768,23.952389977148815,0.9934369325637817,1
35.0,2002,7.322571989685423,7.3999999999999915,1,6.778906648562668,0.3710757620755164,0.20720233023166656,1
35.0,2002,0.5861471914796046,0.5999999999999943,1,0.035829667357802464,3.4385240991522762e-06,7.301218374777818e-06,1
35.0,2002,29.6802600764247,29.69999999999999,1,201.61807087457248,16.94906720128538,0.9956932067871094,1
35.0,2002,0.5081988319192317,0.5999999999999943,1,0.0202010510593027,6.269121910625713e-07,2.3209183837025193e-06,1
35.0,2002,0.16093312365328666,0.19999999999998863,1,0.023794585111801325,4.062260141779757e-07,3.2200887289945967e-06,1
35.0,2002,30.483491301637567,30.500000000000014,1,167.53163903910863,20.908659009919617,0.9937744140625,1
35.0,2002,10.511615166045598,10.600000000000009,1,1.5603531037157836,0.038869412091043574,0.013657973147928715,1
35.0,2002,2.9376720763059185,3.000000000000014,1,1.2726005165656318,0.005962107607930978,0.00912673119455576,1
35.0,2002,0.7754357204670267,0.8000000000000114,1,0.13909307414718342,2.5606199652221627e-05,0.0001100211520679295,1
35.0,2002,18.196743353083757,18.200000000000003,1,34.123062882067984,6.921613585124669,0.868806004524231,1
35.0,2002,1.9780471592946949,2.1000000000000227,1,4.20990775162835,0.05050872474730403,0.09156930446624756,1
35.0,2002,7.338257449228776,7.5,1,0.3101958338758095,0.0008426945598606449,0.0005469495663419366,1
35.0,2002,4.723831773887942,4.799999999999997,1,2.3104754312910245,0.03242486353948737,0.02946634404361248,1
35.0,2002,15.7872215683365,15.799999999999997,1,18.373989595079422,2.716439367967012,0.6575438976287842,1
35.0,2002,6.526049077372359,6.599999999999994,1,0.15353332305915046,0.00032024090206809184,0.00013404790661297739,1
35.0,2002,1.7072944202398344,1.799999999999983,1,0.0,0.0,0.0,1
35.0,2002,31.159262289185804,25.900000000000006,0,0.0,0.027271134538091164,nan,0
35.0,2002,21.040933271368235,21.099999999999994,1,35.01636070201016,11.710836848188656,0.8745856285095215,1
35.0,2002,10.136058511972948,10.199999999999989,1,14.492067133839043,1.6470305613992278,0.5443081855773926,1
35.0,2002,1.7522465260819902,1.799999999999983,1,0.5923809770577293,0.0009585043332830341,0.001991816097870469,1
35.0,2002,0.8685884924340836,0.8999999999999773,1,0.0,0.0,0.0,1
35.0,2002,0.9386687401031519,1.0,1,0.0754064323066359,6.737292884686959e-06,3.233819006709382e-05,1
35.0,2002,0.8931559422139356,0.8999999999999773,1,0.1609433386938406,3.460635065847349e-05,0.0001472973672207445,1
35.0,2002,11.669837893618551,11.700000000000003,1,4.312500464937216,0.32507994818992136,0.09565454721450806,1
35.0,2002,0.18724978931967506,0.20000000000001705,1,0.07498991185099158,3.950985782702201e-06,3.1981937354430556e-05,1
35.0,2002,14.063094138431456,14.099999999999994,1,41.98199605323646,6.572529466794233,0.9092884659767151,1
35.0,2002,2.701533183327525,2.8000000000000114,1,1.4646774298765877,0.0027662498780368135,0.01205397117882967,1
35.0,2002,1.0760710560161255,1.0999999999999943,1,0.0008748915205387675,2.25759353558867e-07,4.35332792037002e-09,1
35.0,2002,13.184038278189924,13.199999999999989,1,13.754476099256067,1.7655840455538676,0.5182979702949524,1
35.0,2002,6.26500850090782,6.299999999999997,1,0.04901793919236752,1.0810470246971857e-05,1.3665235201187897e-05,1
35.0,2002,31.953993107156855,28.500000000000014,0,0.0,24.19370253250612,nan,0
35.0,2002,1.8412325053553487,1.8999999999999773,1,5.723355457121215e-05,9.446207099098651e-12,1.8630066239699872e-11,1
35.0,2002,0.6361418829188819,0.700000000000017,1,0.06885104048353696,8.716361424109935e-06,2.6960147806676105e-05,1
35.0,2002,0.5450010660271877,0.6000000000000227,1,0.036344266545370374,2.5788753280559913e-06,7.512448519264581e-06,1
35.0,2002,0.26540077468366124,0.30000000000001137,1,0.07572366234063566,5.482589557842762e-06,3.2610842026770115e-05,1
35.0,2002,6.027274901686684,6.099999999999994,1,0.12962146349741488,0.00016357448217003422,9.554881398798898e-05,1
35.0,2002,1.7057671611948435,1.8000000000000114,1,0.9220784827793977,0.009450166172627908,0.004812311381101608,1
35.0,2002,1.5681257303309888,1.5999999999999943,1,0.33803586173385725,0.0003046084572366058,0.0006494658882729709,1
35.0,2002,0.7597306449216983,0.8000000000000114,1,0.0,0.0,0.0,1
35.0,2002,8.867480231662816,8.899999999999991,1,0.7792663780797398,0.008686607100707061,0.003441814798861742,1
35.0,2002,0.11360016036534769,0.19999999999998863,1,0.008260775712415125,3.8902378708817514e-08,3.881096404256823e-07,1
35.0,2002,25.411763144855236,25.499999999999986,1,6.85007954580098,1.6086803657299527,0.21065472066402435,1
35.0,2002,12.120814524335609,12.199999999999989,1,0.05454019914691344,6.249451963878674e-05,1.6917610992095433e-05,1
35.0,2002,4.267157276895245,4.299999999999983,1,3.463780880317131,0.11693297067423679,0.06387729942798615,1
35.0,2002,14.560520092037997,5.800000000000011,0,0.0,0.001071011645564727,nan,0
35.0,2002,0.9173470536608611,1.0,1,0.22057128782591917,7.592701700609634e-05,0.00027662457432597876,1
35.0,2002,0.14895707790872645,0.20000000000001705,1,0.019807464390510177,3.109755166034321e-07,2.231360440418939e-06,1
35.0,2002,3.365738996426716,3.4000000000000057,1,1.6204887385578957,0.011824892375181304,0.014715219847857952,1
35.0,2002,0.5693839810744361,0.5999999999999943,1,0.0,0.0,0.0,1
35.0,2002,6.8003998348642725,6.900000000000006,1,0.2505296475508203,0.0008231144945809621,0.0003568422107491642,1
35.0,2002,1.2638480342567144,1.299999999999983,1,0.0189843564722878,4.623670914491585e-06,2.049763907052693e-06,1
35.0,2002,0.10402720847704357,0.19999999999998863,1,0.003753198000140401,1.4899054634022479e-08,8.011537744323505e-08,1
35.0,2002,0.4877092386050588,0.5999999999999943,1,0.003951168950010242,3.897906041109253e-08,8.87900100110528e-08,1
35.0,2002,0.18016609632696834,0.20000000000001705,1,0.004270363119303511,1.059354774154918e-08,1.0371522307650594e-07,1
35.0,2002,0.2845681773973517,0.30000000000001137,1,0.03226862820633869,1.1550363645118927e-06,5.922040600125911e-06,1
35.0,2002,0.7336124735051065,0.9000000000000057,1,0.02381463885251378,1.444948305060629e-06,3.2255186397378566e-06,1
35.0,2002,0.2538486710387565,0.4000000000000057,1,0.4539324592058449,0.00040787106620839746,0.0011705413926392794,1
35.0,2002,4.295893873980251,4.299999999999983,1,0.06234719480323747,2.599170366041237e-05,2.2107375116320327e-05,1
35.0,2002,0.33502140036217043,0.39999999999997726,1,0.03688181431775206,1.5241915795827724e-06,7.736314728390425e-06,1
35.0,2002,6.433470820086558,6.499999999999986,1,0.009757544250248884,1.05607960358952e-06,5.41494159733702e-07,1
35.0,2002,6.9111978836752,7.200000000000017,1,13.581832659270162,1.0254696470477547,0.5119882225990295,1
35.0,2002,5.9279967866773156,6.000000000000014,1,0.41921450481135025,0.002199425341457577,0.000998508301563561,1
35.0,2002,4.740733687337848,4.800000000000011,1,0.7872133133550108,0.01933819180687035,0.0035121238324791193,1
35.0,2002,16.304699617593844,16.400000000000006,1,57.72701725494352,5.81143928559944,0.9498814940452576,1
35.0,2002,1.8770856749004965,1.9000000000000057,1,0.5499827488666824,0.0009285632122938719,0.0017173729138448834,1
35.0,2002,0.20131265682491095,0.29999999999998295,1,0.041728245369881733,2.0494026620307083e-06,9.90304852166446e-06,1
35.0,2002,0.5016397018135398,0.6999999999999886,1,0.028404331868273403,1.9441246756666937e-06,4.5885990402894095e-06,1
35.0,2002,8.343097087755092,8.400000000000006,1,0.289672040086316,0.0013275051424642065,0.00047700057621113956,1
35.0,2002,3.5501728609023044,3.6000000000000227,1,0.08329520234315169,0.00010106743532318409,3.945806383853778e-05,1
35.0,2002,1.5903065006808592,1.700000000000017,1,0.23552185439078244,0.00013219449937786166,0.00031538307666778564,1
35.0,2002,1.6679234959935063,1.700000000000017,1,0.04749150921486489,1.4861693723768298e-05,1.2827420505345799e-05,1
35.0,2002,0.7525025374793956,0.8000000000000114,1,0.16678683197048372,3.455553025284852e-05,0.0001581858959980309,1
35.0,2002,5.074037398785792,5.099999999999994,1,3.2011328087288855,0.12747567713224248,0.05507058650255203,1
35.0,2002,0.11192249120878683,0.19999999999998863,1,0.004838437165631149,3.4499088164171686e-08,1.3314446789536305e-07,1
35.0,2002,0.954606423860706,1.0,1,0.0,0.0,0.0,1
35.0,2002,0.14606876434045993,0.30000000000001137,1,0.05870798479256223,2.9708162853889606e-06,1.960192821570672e-05,1
35.0,2002,0.18488991560217688,0.5,1,0.00947631208509847,2.395256407657044e-07,5.107301035423006e-07,1
35.0,2002,7.763539327446576,7.800000000000011,1,0.06619018048547787,7.415270548669332e-05,2.4916627808124758e-05,1
35.0,2002,0.9021664001891382,1.0,1,0.003261035576656468,3.484393328843174e-08,6.04817032012761e-08,1
35.0,2002,3.3904828394728885,3.4000000000000057,1,0.8820339150729524,0.0029058095622022328,0.004405205138027668,1
35.0,2002,32.130549337332816,10.699999999999989,0,0.0,0.006747617862568249,nan,0
35.0,2002,0.8375210628303792,0.9000000000000057,1,0.1770361132258813,5.301379611460031e-05,0.00017822116205934435,1
35.0,2002,12.230765902686741,12.299999999999983,1,37.44550548994266,4.76585314314201,0.8885751962661743,1
35.0,2002,0.10117749095517804,0.19999999999998863,1,0.00268258029154822,5.494623080628233e-09,4.092779803954727e-08,1
35.0,2002,9.985836865054837,9.999999999999986,1,0.0,0.0,0.0,1
35.0,2002,0.5882006986414834,0.5999999999999943,1,0.00408322201681699,1.3763608463832722e-07,9.482413787509358e-08,1
35.0,2002,0.6633642275718322,0.6999999999999886,1,0.05317755234443666,5.36469786407114e-06,1.608283673704136e-05,1
35.0,2002,2.583275681494143,2.5999999999999943,1,3.6274134544319736,0.06313371950529045,0.06962498277425766,1
35.0,2002,5.817001856433068,5.900000000000006,1,1.5869597181771269,0.01207996159294458,0.014121093787252903,1
35.0,2002,43.23714069655915,43.29999999999998,1,52.8512891496255,21.437766294586993,0.9407805800437927,1
35.0,2002,1.9449789292352628,2.0,1,0.10838969176097635,5.681735752453892e-05,6.681283412035555e-05,1
35.0,2002,23.57065772891985,23.900000000000006,1,10.555681962685526,1.5995008818343193,0.38789352774620056,1
35.0,2002,0.18508350607101515,0.20000000000001705,1,0.27000000000003865,5.180807707898957e-05,0.0004144388367421925,1
35.0,2002,41.93075290911758,42.0,1,252.48261570227885,36.09112585200095,0.99724942445755,1
35.0,2002,24.654238262980794,24.700000000000003,1,87.62984118037873,7.0689489777833145,0.9776152968406677,1
35.0,2002,21.10539866655741,5.700000000000017,0,0.0,0.000900802747957885,nan,0
35.0,2002,30.265563029372355,30.30000000000001,1,138.19871341203736,21.088351082633533,0.9908778071403503,1
35.0,2002,3.261373220193864,3.3000000000000114,1,0.0,0.0,0.0,1
35.0,2002,0.12516844691145557,0.20000000000001705,1,0.0025577539939831695,1.1712154503495394e-08,3.720749930380407e-08,1
35.0,2002,10.24165989114533,10.300000000000011,1,0.34631680256154596,0.0022102225710776096,0.0006816539098508656,1
35.0,2002,3.5178041485402702,3.5999999999999943,1,0.07726585852446988,6.775395498176912e-05,3.3952634112210944e-05,1
35.0,2002,1.4104188991161133,1.5,1,4.409695240702506,0.04009639074858612,0.09958064556121826,1
35.0,2002,26.673140185179165,26.69999999999999,1,127.1827336659369,11.563571147332864,0.9892468452453613,1
35.0,2002,7.537738753354743,7.599999999999994,1,23.3069161750509,2.091064012784929,0.7554689645767212,1
35.0,2002,3.9419386570796573,4.0,1,0.0018620519742853503,2.128687136527986e-08,1.9719529120720836e-08,1
35.0,2002,3.1545093268940247,3.1999999999999886,1,0.09775109478698596,4.8806405962991346e-05,5.434162449091673e-05,1
35.0,2002,0.2287900945908633,0.29999999999998295,1,0.0,0.0,0.0,1
35.0,2002,2.6174560334246966,0.1,0,0.0,0.0,nan,0
35.0,2002,19.80856260247915,19.900000000000006,1,0.013372213092168295,6.43525241670101e-06,1.0169956112804357e-06,1
35.0,2002,1.8245395531221906,1.9000000000000057,1,1.2270261890989786e-06,8.562894953549669e-16,8.562894927084848e-15,1
35.0,2002,27.34775255518107,27.400000000000006,1,1.2262181398635903,0.07405690340279979,0.008479110896587372,1
35.0,2002,26.878331355961325,26.900000000000006,1,153.09291775361,19.588572768624964,0.9925538897514343,1
35.0,2002,2.4393872545925954,2.5,1,0.3954916624495297,0.0006827532930032065,0.0008887946605682373,1
35.0,2002,5.975747025374083,6.0,1,4.564910473096347,0.14819160076588356,0.10595835745334625,1
35.0,2002,1.0754335785721334,1.0999999999999943,1,0.01676534949717734,9.025774747115725e-07,1.598591438778385e-06,1
35.0,2002,32.79052257459866,32.8,1,197.81456122806918,23.193125010128483,0.9955267310142517,1
35.0,2002,4.927964758598584,5.0,1,0.3594837534707267,0.0014066358998118945,0.0007344333571381867,1
35.0,2002,0.13713776761388788,0.19999999999998863,1,0.01616594582083053,1.8683104087050198e-07,1.4863276192045305e-06,1
35.0,2002,0.13929037148604292,0.19999999999998863,1,2.138190666300943e-06,3.2467485753553846e-15,2.60019429761376e-14,1
35.0,2002,0.32406585190438425,0.6999999999999886,1,0.36278147172205877,0.00037170169020811034,0.0007479597115889192,1
35.0,2002,11.269791458016405,11.300000000000011,1,0.15003604336402532,0.0004278388820898135,0.00012801137927453965,1
35.0,2002,0.2625638974232721,0.30000000000001137,1,0.029350426376026917,9.548852495714933e-07,4.8993633754434995e-06,1
35.0,2002,2.4978994580142277,2.5,1,0.13742290126879197,9.134472906926424e-05,0.00010739511344581842,1
35.0,2002,12.898249668786681,12.900000000000006,1,17.991358398993725,2.9817170845798073,0.6480044722557068,1
35.0,2002,0.48443809319295766,0.5,1,0.0015894298434204757,3.053993633880328e-08,1.4367978806717474e-08,1
35.0,2002,0.31886475227694944,0.4000000000000057,1,7.600109296390656e-05,5.392394610765941e-12,3.285130500962907e-11,1
35.0,2002,27.36345235759315,27.39999999999999,1,127.19007860547288,18.051217945473862,0.9892480969429016,1
35.0,2002,8.32727611696962,8.400000000000006,1,1.3893285366864916,0.0034608569567369557,0.01085878349840641,1
35.0,2002,0.17383815785100484,0.19999999999998863,1,0.406623050346667,0.0001946364781237718,0.0009394825901836157,1
35.0,2002,0.8015548404778919,0.8999999999999773,1,1.0359466386944405e-06,6.103623311825351e-16,6.103623279674975e-15,1
35.0,2002,7.744032129288646,7.800000000000011,1,17.967059315433062,1.972281664260821,0.647387683391571,1
35.0,2002,0.144103395030359,0.20000000000001705,1,0.014462981818041953,1.5474359631356373e-07,1.1896744354089606e-06,1
35.0,2002,2.789725164845908,2.8000000000000114,1,0.9482655762988372,0.0035318358887989685,0.005088122095912695,1
35.0,2002,1.1504539470378214,1.1999999999999886,1,1.71848433865307e-05,3.4904146482374297e-12,1.6795932049687434e-12,1
35.0,2002,16.54478554276726,16.599999999999994,1,38.34076268972399,6.940351480896129,0.893168568611145,1
35.0,2002,14.06483662494682,14.099999999999994,1,170.94323537355177,11.893682109879167,0.9940189719200134,1
35.0,2002,3.087124186541929,3.0999999999999943,1,4.214883631613986,0.06568746142880202,0.09176601469516754,1
35.0,2002,35.99848065607082,36.000000000000014,1,131.03277665354756,25.61801319692085,0.9898631572723389,1
35.0,2002,0.5236846810190217,0.6000000000000227,1,0.5088902822551518,0.0002974139806905306,0.0014706931542605162,1
35.0,2002,0.9594311206351982,1.0,1,0.011518996929794412,3.465159357233563e-07,7.546436791017186e-07,1
35.0,2002,0.7338847015463027,0.8000000000000114,1,8.876425687276424e-05,1.487996420985091e-11,4.4811470506500584e-11,1
35.0,2002,40.52073403590714,1.0,0,0.0,1.5964123503909737e-06,nan,0
35.0,2002,2.049953910660136,2.0999999999999943,1,4.44996585647084,0.059321673000662684,0.10122280567884445,1
35.0,2002,0.1612557382856448,0.29999999999998295,1,0.014290493953240002,2.883634263896187e-07,1.1614671393544995e-06,1
35.0,2002,26.349108338984035,26.400000000000006,1,67.68655686545165,9.435223415743868,0.9630404710769653,1
35.0,2002,8.209737922400773,8.300000000000011,1,2.2148321136228333e-05,1.2215551188052962e-12,2.7899382023383046e-12,1
35.0,2002,1.161520798452026,1.200000000000017,1,0.4561732648709267,0.0003670400173630839,0.001182112842798233,1
35.0,2002,15.710620450524832,15.800000000000011,1,12.886499061350264,2.6871624067032718,0.4857179820537567,1
35.0,2002,6.102825303541792,6.199999999999989,1,1.703092198113154e-05,9.458549204285808e-13,1.6496403852303554e-12,1
35.0,2002,41.8978152033996,41.89999999999999,1,261.72120258825584,35.51107111065849,0.9974396824836731,1
35.0,2002,37.28560785384277,37.3,1,71.9979778999965,26.77939186395826,0.9671934843063354,1
35.0,2002,11.480765140440386,11.5,1,8.052821214230164,0.25861750892422614,0.26944130659103394,1
35.0,2002,1.8611963737616526,1.9000000000000057,1,0.0008147640717197646,7.057803481529507e-10,3.775519452631215e-09,1
35.0,2002,36.00003005591778,36.099999999999994,1,172.50285864239103,27.533769697788856,0.9941259622573853,1
35.0,2002,1.7695567917880155,1.799999999999983,1,1.0663614204986516e-05,2.527619872024781e-13,6.467282221908621e-13,1
35.0,2002,1.3310196424493852,1.3999999999999773,1,8.220502536460117e-07,6.8859995876451275e-15,3.8433476236623965e-15,1
35.0,2002,0.6274814841435318,0.6999999999999886,1,0.07806574362825813,1.3171222981143832e-05,3.4659227821975946e-05,1
35.0,2002,12.158955374474115,12.200000000000003,1,7.754213644517165,0.3256983090636152,0.2548270523548126,1
35.0,2002,0.5783371252284789,0.5999999999999943,1,0.03878758772339097,2.0685161278868138e-06,8.556472494092304e-06,1
35.0,2002,0.14381075691625836,0.20000000000001705,1,0.0006890873069664849,3.2717443058390623e-10,2.7006072933488667e-09,1
35.0,2002,0.42423911308548273,0.5,1,0.005655817030515209,4.4230320560762495e-08,1.8192969264418934e-07,1
35.0,2002,0.2766248549526532,0.30000000000001137,1,9.65648439432698e-07,6.575356101415163e-16,5.303359256603321e-15,1
35.0,2002,0.5645493601859022,0.5999999999999943,1,0.003272353147792728,1.3234786075438381e-08,6.090223791943572e-08,1
35.0,2002,4.188402608784538,4.199999999999989,1,0.2235537678458286,0.00047148895556833593,0.00028415382257662714,1
35.0,2002,0.1926184126501543,0.19999999999998863,1,0.0013815617390378065,1.3160257573255214e-09,1.0855592869063457e-08,1
35.0,2002,2.762735041441022,2.8000000000000114,1,0.07306535371117207,3.1959588408158274e-05,3.0361466997419484e-05,1
35.0,2002,0.32049016721627294,0.4000000000000057,1,9.366124686494004e-06,7.123824492159205e-14,4.989221926224308e-13,1
35.0,2002,42.79500992573651,42.8,1,266.31428357359425,31.238154435257833,0.997527003288269,1
35.0,2002,0.18630429802762694,0.19999999999998863,1,0.0027343198849507644,5.1107232176687786e-09,4.252179408581469e-08,1
35.0,2002,0.10329722802129573,0.19999999999998863,1,0.010123132085823272,7.075710465912345e-08,5.828308076161193e-07,1
35.0,2002,1.0526254203760739,1.0999999999999943,1,0.41461333610919837,0.00029349275119423454,0.000976731302216649,1
35.0,2002,7.187132200856302,7.199999999999989,1,5.743575004222066,0.30643859341281404,0.1579793393611908,1
35.0,2002,10.092056862883538,10.099999999999994,1,22.2265031069839,2.7855716214340305,0.7375100255012512,1
35.0,2002,0.12718251068359412,0.19999999999998863,1,1.5223327466173942e-05,1.5774344067304858e-13,1.31805070330282e-12,1
35.0,2002,0.12842888784753223,0.19999999999998863,1,0.021523122101370973,4.091415116831907e-07,2.634646534716012e-06,1
35.0,2002,11.369651177791608,11.400000000000006,1,19.162329207946783,2.0102058712801996,0.6762056350708008,1
35.0,2002,4.144951428246691,4.400000000000006,1,0.17612486181565146,0.00025549187178438085,0.0001763915061019361,1
35.0,2002,24.040646761956605,24.10000000000001,1,59.969315935185136,13.374145557354153,0.9533879160881042,1
35.0,2002,8.277647371159858,8.300000000000011,1,28.559095503966745,3.5730966452930493,0.8226560354232788,1
35.0,2002,0.8087537092752997,0.9000000000000057,1,0.015430907248742187,1.1486720012902884e-06,1.354238861495105e-06,1
35.0,2002,6.290377176885152,6.300000000000011,1,5.124046870927543,0.3292194317515453,0.12992580235004425,1
35.0,2002,3.488059828021629,3.5,1,1.3339622449956892,0.008915824228797966,0.010019057430326939,1
35.0,2002,0.617325203706319,0.6999999999999886,1,0.6585900216604728,0.0019347560657431008,0.002460782416164875,1
35.0,2002,3.4131741616747413,3.5,1,1.008900352570123,0.003959956075817162,0.005755758844316006,1
35.0,2002,0.1389788985534988,0.19999999999998863,1,3.682908516111638e-05,9.301900330869186e-13,7.714269327496748e-12,1
35.0,2002,8.134282725852444,8.200000000000017,1,6.610476291539555,0.293854717435299,0.1990579515695572,1
35.0,2002,18.83131650954866,18.900000000000006,1,19.633680773915785,6.474753840522924,0.6867543458938599,1
35.0,2002,12.319687425816166,12.400000000000006,1,13.159283168945592,2.2970619742937086,0.49618780612945557,1
35.0,2002,7.294729235251282,7.400000000000006,1,0.4489072142848727,0.002750141937317899,0.0011447974247857928,1
35.0,2002,0.3742949226807262,0.4000000000000057,1,0.01915361370629398,5.301995447091086e-07,2.086476570184459e-06,1
35.0,2002,4.5848036489269965,3.5999999999999943,0,0.0,1.534801018432579e-06,nan,0
35.0,2002,22.533160359405237,22.599999999999994,1,75.31378386246263,11.172540440420335,0.9699336886405945,1
35.0,2002,0.9462218043948694,1.0,1,0.07833332825862271,1.6241780545120528e-05,3.48972316714935e-05,1
35.0,2002,0.6103989544344219,0.6999999999999886,1,0.02680271026315495,1.3798766410887637e-06,4.085719865543069e-06,1
35.0,2002,0.26304294704648323,0.5,1,0.00041387939833725795,9.864337576616658e-08,9.74227920558235e-10,1
35.0,2002,0.10722205346152676,0.19999999999998863,1,0.06267280543329434,2.999328112778783e-06,2.2338886992656626e-05,1
35.0,2002,12.715945320619777,12.799999999999983,1,13.215693931305225,0.6526786368194135,0.49832653999328613,1
35.0,2002,5.25036747820828,5.299999999999983,1,5.912250653791716,0.32404393859484487,0.1658332198858261,1
35.0,2002,36.600185484563106,4.900000000000006,0,0.0,2.678675270172377e-06,nan,0
35.0,2002,4.827149765066923,4.900000000000006,1,13.18648106088898,0.7177236986176628,0.49722009897232056,1
35.0,2002,1.7217716306335593,1.8000000000000114,1,0.008306617793664373,1.479061269055453e-07,3.9242914340320567e-07,1
35.0,2002,1.1388598611529275,1.200000000000017,1,0.14876126080855556,3.17075905103327e-05,0.00012584558862727135,1
35.0,2002,33.45103416089046,33.5,1,144.92621429589317,23.52090506994922,0.9916982054710388,1
35.0,2002,4.113342195155243,4.199999999999989,1,2.8351339226483105,0.0445944117958846,0.04371663182973862,1
35.0,2002,1.1201953928462038,1.1999999999999886,1,0.028988387543677163,2.6998764281034077e-06,4.77924186270684e-06,1
35.0,2002,1.4422282364537753,1.5,1,0.9158583027538043,0.0018007487292842383,0.0047479113563895226,1
35.0,2002,13.058108537042942,13.199999999999989,1,27.507099040357076,4.556124898867563,0.8114385008811951,1
35.0,2002,2.8281941301664206,2.8999999999999773,1,4.0926786972029845,0.06462430507648911,0.0869780108332634,1
35.0,2002,2.341098667376496,2.3999999999999773,1,0.060871517663144914,1.5034832259740815e-05,2.10732760024257e-05,1
35.0,2002,1.7628170052863394,1.8000000000000114,1,0.1067014300052449,0.001229811991681471,6.474784458987415e-05,1
35.0,2002,0.5643732749801653,0.6000000000000227,1,0.16766375026020341,3.136331888337174e-05,0.00015985339996404946,1
35.0,2002,0.5981444405655122,0.6000000000000227,1,0.0018127127773368557,2.0040305324239266e-08,1.8688348646378472e-08,1
35.0,2002,1.3057177997303089,1.4000000000000057,1,0.4044622414900516,0.00019861246368027362,0.0009295335039496422,1
35.0,2002,7.406835585292457,7.5,1,17.01524052313144,1.8148832744694139,0.6221572756767273,1
35.0,2002,0.7384304373682142,0.8000000000000114,1,0.006041212174864086,7.517582618470651e-08,2.0756830565460405e-07,1
35.0,2002,0.1033392410013335,0.19999999999998863,1,0.01065150737906606,8.414153690964125e-08,6.452601155615412e-07,1
35.0,2002,20.82854728595047,20.89999999999999,1,56.0829541104182,12.102206516629453,0.947057843208313,1
35.0,2002,3.9525801649357293,4.0,1,0.060325084416774644,2.9101963998697458e-05,2.0696639694506302e-05,1
35.0,2002,2.117559287484205,2.200000000000017,1,0.01491481287894203,1.1896179648766602e-06,1.2651674978769734e-06,1
35.0,2002,0.594788847769044,0.6000000000000227,1,0.1576940174592778,2.6479816774719167e-05,0.0001414106081938371,1
35.0,2002,0.32117725389127944,0.4000000000000057,1,0.09051103861060028,7.60357200988574e-06,4.659033220377751e-05,1
35.0,2002,0.10002311928567868,0.20000000000001705,1,0.00479548866735513,3.897884348448327e-08,1.307912356196539e-07,1
35.0,2002,21.27167760704454,21.30000000000001,1,34.25300578097517,9.255174257013296,0.869670033454895,1
35.0,2002,3.6692812129662946,3.700000000000017,1,4.910915601766504,0.12778712858345445,0.12061881273984909,1
35.0,2002,0.7506294989300066,0.8000000000000114,1,0.0026065241022479313,8.078222105889033e-08,3.863993924824172e-08,1
35.0,2002,33.42271557402683,33.5,1,20.223744535787944,1.1270934113964883,0.6993513107299805,1
35.0,2002,4.354718437679943,4.400000000000006,1,0.9856427179862237,0.00704265584050788,0.00549489026889205,1
35.0,2002,0.9844909945460822,1.0,1,0.5334230031278366,0.0004766860370198205,0.0016156756319105625,1
35.0,2002,23.31567204086358,23.39999999999999,1,56.54892642824774,9.721205193857006,0.9478814601898193,1
35.0,2002,19.437119766219645,19.499999999999986,1,130.00138139455538,13.881286153823034,0.989703357219696,1
35.0,2002,1.2011394716092267,1.299999999999983,1,0.7612038086950292,0.0010331174427845335,0.003284626640379429,1
35.0,2002,2.146005697225497,2.200000000000017,1,0.10617410053347953,5.6329887839774426e-05,6.410948844859377e-05,1
35.0,2002,3.1846269509844927,3.200000000000017,1,0.01970721049298163,2.0013608482938534e-06,2.2088299829192692e-06,1
35.0,2002,0.3762920550535155,0.4000000000000057,1,0.005851102742553849,9.5907878944317e-08,1.9471002588034025e-07,1
35.0,2002,0.4904103718947668,0.5,1,0.14735466987698942,2.4078435763405475e-05,0.00012347730807960033,1
35.0,2002,21.782510541846417,10.699999999999989,0,0.0,0.0030002141261873385,nan,0
35.0,2002,0.45100202756457575,0.5,1,0.08735008120038401,7.182129172800526e-06,4.3393105443101376e-05,1
35.0,2002,11.64418220612326,11.699999999999989,1,29.025592490556278,5.144807392359329,0.8273343443870544,1
35.0,2002,3.727501668605406,3.799999999999983,1,0.005383378807096051,4.738999942446667e-08,1.6482488263136474e-07,1
35.0,2002,0.2029832658903847,0.29999999999998295,1,3.067826429514753e-05,7.896731121812589e-13,5.352720003348743e-12,1
35.0,2002,0.16333119842835775,0.29999999999998295,1,1.1368683772161603e-13,1.3323285673832306e-29,7.350778068912292e-29,1
35.0,2002,37.95731357167034,38.000000000000014,1,257.15362307269066,31.579467778278907,0.9973481297492981,1
35.0,2002,7.4161577056262,7.5,1,27.599042945493466,2.38293068873531,0.8124575018882751,1
35.0,2002,0.10713500680242943,0.20000000000001705,1,0.029859869980327858,5.466928266497301e-07,5.07091772306012e-06,1
35.0,2002,15.833381196798447,15.900000000000006,1,49.95722339515942,8.02026221101099,0.9341852068901062,1
35.0,2002,0.107909859868508,0.20000000000001705,1,1.8234532603855769e-06,2.399367568831926e-15,1.8910466251177878e-14,1
35.0,2002,0.10099283426550838,0.20000000000001705,1,1.6338395141701767e-05,1.9787649783933286e-13,1.5182096031740588e-12,1
35.0,2002,6.992044017067581,7.0,1,0.30308497120824995,0.0011556485299922072,0.000522173591889441,1
35.0,2002,2.3771116727098587,2.4000000000000057,1,1.6324732891259828,0.008637975847909759,0.01493042055517435,1
35.0,2002,2.8742108704551677,2.9000000000000057,1,3.2432249220449876,0.039122956332209496,0.05644608289003372,1
35.0,2002,32.00081217321897,8.299999999999983,0,0.0,0.002913919493809245,nan,0
35.0,2002,4.910911327792755,5.0,1,2.379078528076718,0.018652051249719234,0.0311867818236351,1
35.0,2002,0.7198496448971484,0.9000000000000057,1,0.06040723543384274,5.638638199022549e-06,2.075304655591026e-05,1
35.0,2002,20.772593285894214,4.5,0,0.0,4.227522937929953e-05,nan,0
35.0,2002,1.7014338657096804,1.799999999999983,1,0.06961827017391897,1.7225163228508992e-05,2.756433059403207e-05,1
35.0,2002,1.2457225959070648,1.299999999999983,1,0.16201325621960905,4.856944390046682e-05,0.00014926199219189584,1
35.0,2002,32.016473735084865,32.099999999999994,1,206.0908997018674,19.687280528779997,0.9958773851394653,1
35.0,2002,7.698812232982418,7.699999999999989,1,17.90727105067498,1.0004149081796503,0.6458644270896912,1
35.0,2002,17.450198367810618,17.500000000000014,1,0.47142348788037225,0.000494218552846077,0.0012623703805729747,1
35.0,2002,0.26242776247392224,0.30000000000001137,1,0.02649814833483788,6.325802022194165e-07,3.993395239376696e-06,1
35.0,2002,0.29226165471808174,0.30000000000001137,1,1.6212642321988824e-05,2.1902239103377654e-13,1.4949289636051466e-12,1
35.0,2002,20.177480837614294,20.200000000000003,1,3.7810374351280984,0.47966285079165566,0.07519437372684479,1
35.0,2002,0.8188060831657352,0.9000000000000057,1,0.00014657272328122417,3.446760041802258e-11,1.2218538680830449e-10,1
35.0,2002,22.800892554038185,22.900000000000006,1,0.10465979661415759,0.001424033219216023,6.229391874512658e-05,1
35.0,2002,0.3664634730282574,0.4000000000000057,1,0.18409242577240548,3.2924329682727975e-05,0.0001927085977513343,1
35.0,2002,0.13407739647179015,0.19999999999998863,1,0.004058468796245052,2.667706481744487e-08,9.367794007175689e-08,1
35.0,2002,6.011760319868876,6.099999999999994,1,2.6961474681829714,0.06506388942094374,0.03970146179199219,1
35.0,2002,0.47416985106350523,0.5,1,0.04530627481483407,1.8715217344761016e-06,1.167413211078383e-05,1
35.0,2002,6.150671194851428,6.199999999999989,1,0.4786181749566367,0.0022330212702538796,0.0013011455303058028,1
35.0,2002,6.000610874141654,6.099999999999994,1,6.36806718199216,0.15935419077209703,0.18741242587566376,1
35.0,2002,0.10863957960417872,0.19999999999998863,1,1.9781995490575355e-05,2.730009827376981e-13,2.2256309208795733e-12,1
35.0,2002,0.11525710712367332,0.19999999999998863,1,6.688696430501295e-06,3.0748971738278214e-14,2.544461765851408e-13,1
35.0,2002,29.844418241533916,29.900000000000006,1,13.216379877061513,19.648610034431247,0.4983524978160858,1
35.0,2002,26.11470488653978,26.200000000000017,1,150.2560929580864,13.155557902851346,0.9922722578048706,1
35.0,2002,27.122144751045457,27.200000000000017,1,6.633953067801826,15.76222727469828,0.20019081234931946,1
35.0,2002,0.42368968356754105,0.5,1,2.3081882090991712e-05,5.935020474456274e-13,3.030088983543844e-12,1
35.0,2002,6.692204378236254,6.800000000000011,1,4.820954548314461,0.17875312203580213,0.11675137281417847,1
35.0,2002,0.509343153246243,0.5999999999999943,1,0.022834894086685154,4.312175906623097e-07,2.965580051750294e-06,1
35.0,2002,0.11948989514077438,0.19999999999998863,1,0.07789274284789371,4.267799976594369e-06,3.450578878982924e-05,1
35.0,2002,0.2497289554599059,0.29999999999998295,1,6.238313727635614e-05,3.070505192324673e-12,2.2133361116116745e-11,1
35.0,2002,0.13770414391881539,0.19999999999998863,1,0.06101453163421411,2.997262541124567e-06,2.117241092491895e-05,1
35.0,2002,23.884694082813894,23.89999999999999,1,189.15468659520116,18.1213989425125,0.9951098561286926,1
35.0,2002,1.8375873115332186,1.8999999999999773,1,0.48823411465451727,0.000542679464950179,0.0013538820203393698,1
35.0,2002,9.427865755991188,9.5,1,2.2193943731762715,0.03491498870331493,0.027251016348600388,1
35.0,2002,5.443885627855971,5.5,1,0.30375657760623653,0.0009387618901673975,0.0005244891508482397,1
35.0,2002,0.4666985892476054,0.5,1,1.3690721061720978e-05,1.9837156699642175e-13,1.0660206441540088e-12,1
35.0,2002,6.873692897314417,3.0999999999999943,0,0.0,4.1104983385591916e-05,nan,0
35.0,2002,2.473372476591666,2.5,1,0.14170052782094444,9.671245693440205e-05,0.00011418427311582491,1
35.0,2002,1.037420104706045,1.0999999999999943,1,1.1353377496436678,0.002192902101262417,0.0072776456363499165,1
35.0,2002,0.12238916046747429,0.20000000000001705,1,8.055817625063355e-05,4.595053546574767e-12,3.690899322283947e-11,1
35.0,2002,0.2829344551067335,0.30000000000001137,1,0.03719477841207208,1.2169489073888447e-06,7.868165084801149e-06,1
35.0,2002,0.11360431551834974,0.19999999999998863,1,0.0,0.0,0.0,1
35.0,2002,7.968148740104395,8.0,1,2.778794626895376,0.0944494780871703,0.042068805545568466,1
35.0,2002,3.9928449602723273,4.0,1,1.2458275724895316,0.008300580430771672,0.008750079199671745,1
35.0,2002,0.6951839502929317,0.6999999999999886,1,0.9730727615093713,0.0031640916827079956,0.005356376525014639,1
35.0,2002,1.6898846719015677,1.6999999999999886,1,0.13421654042076625,6.844147425739052e-05,0.00010244258737657219,1
35.0,2002,1.7555234383970675,1.799999999999983,1,0.5223207551802034,0.0007666124277922622,0.001549223903566599,1
35.0,2002,0.11083900497324069,0.19999999999998863,1,0.005070450126993364,2.1433132597454087e-08,1.4621970478856383e-07,1
35.0,2002,0.1810189243350865,0.19999999999998863,1,0.4914527121288188,0.00027804916063632374,0.0013717666734009981,1
35.0,2002,1.6928259394629266,1.6999999999999886,1,0.9261450667769395,0.0019926007737137252,0.004854645114392042,1
35.0,2002,0.21779946178075757,0.29999999999998295,1,1.0410821005280013e-06,6.693145150483351e-16,6.164287779357328e-15,1
35.0,2002,0.23154058974650282,0.30000000000001137,1,0.024931625011504366,6.03921138670927e-07,3.5351886253920384e-06,1
35.0,2002,9.547933685848292,6.300000000000011,0,0.0,0.0008308909530019066,nan,0
35.0,2002,9.33471301614715,9.400000000000006,1,4.246994653799902,0.12061970813029319,0.09303899109363556,1
35.0,2002,0.7612505080205372,0.8000000000000114,1,0.05733381424656159,4.484788388069651e-06,1.869504376372788e-05,1
35.0,2002,1.7808761235960842,1.8000000000000114,1,0.5169921688848831,0.0006503058142650121,0.0015178231988102198,1
35.0,2002,0.2153003737786923,0.30000000000001137,1,0.005975526647915785,2.9531025422923884e-08,2.0307911086092645e-07,1
35.0,2002,2.1495207985860696,2.1999999999999886,1,1.6283405364179089,0.00766982925770484,0.014856042340397835,1
35.0,2002,21.367173815509226,21.39999999999999,1,67.69020117293832,13.976841626206456,0.963044285774231,1
35.0,2002,0.10741143366782495,0.19999999999998863,1,0.010919542663998527,8.886907776300199e-08,6.781434080949111e-07,1
35.0,2002,1.9337288846152412,2.0,1,0.10276824755828784,4.557262344843214e-05,6.0062688135076314e-05,1
35.0,2002,1.57263804763202,1.5999999999999943,1,1.9008064230187642,0.009171212855174797,0.020135151222348213,1
35.0,2002,39.63893424219063,39.70000000000002,1,43.059735780936904,4.401519084466697,0.9133840799331665,1
35.0,2002,0.7956565621380487,0.8000000000000114,1,0.0014588434297024833,2.5272167018752917e-09,1.2104038660254446e-08,1
35.0,2002,0.1700629203792347,0.4000000000000057,1,0.29554941567948845,8.218914882730501e-05,0.0004965437110513449,1
35.0,2002,0.10402495051952554,0.19999999999998863,1,0.707121440861016,0.000565090633353488,0.002835748251527548,1
35.0,2002,0.1289040076661005,0.19999999999998863,1,0.0004648909555555747,1.5295106976495971e-10,1.229179091843946e-09,1
35.0,2002,0.11850118353795178,0.19999999999998863,1,0.017115728398437113,2.2109428132840028e-07,1.6661074369039852e-06,1
35.0,2002,19.327992332318118,19.39999999999999,1,0.7957865116386529,0.023204397107321556,0.003588762367144227,1
35.0,2002,0.11507549714002137,0.19999999999998863,1,0.0005768593672428324,2.3263413427464717e-10,1.8925738753949872e-09,1
35.0,2002,11.1511834101913,11.400000000000006,1,17.2628029114982,2.629020668996135,0.6289241313934326,1
35.0,2002,0.16737736188968114,0.20000000000001705,1,0.012529964490369139,1.1820410250150821e-07,8.929193882067921e-07,1
35.0,2002,7.445938766623498,7.5,1,4.380007208067809,0.1647350812001313,0.09837577491998672,1
35.0,2002,4.976191906002459,5.0,1,3.334292348415886,0.08427071716021059,0.05946935713291168,1
35.0,2002,21.02334114987624,21.099999999999994,1,135.53296491786148,14.466105195464213,0.9905188679695129,1
35.0,2002,0.8203589623217336,0.8999999999999773,1,0.06798257521941764,6.912503900134126e-06,2.6284320483682677e-05,1
35.0,2002,0.2012867594409894,0.29999999999998295,1,0.010663901283862742,2.473424549928579e-07,6.4676260080887e-07,1
35.0,2002,8.385651214384042,8.400000000000006,1,53.439683957333116,3.9772537017599556,0.9420022368431091,1
35.0,2002,1.3674907710099957,1.4000000000000057,1,0.04357565533189245,5.378204124073782e-06,1.0799312804010697e-05,1
35.0,2002,4.5511352959059534,4.599999999999994,1,7.260702784012949,0.25404941250057145,0.2306666523218155,1
35.0,2002,28.580225551265606,28.599999999999994,1,34.8723250963867,19.60402067785195,0.8736786246299744,1
35.0,2002,2.6686186780176664,2.6999999999999886,1,0.8775355707209656,0.0012531855366564027,0.004360582213848829,1
35.0,2002,0.12151680542379169,0.19999999999998863,1,0.00980484269587123,6.495265413341236e-08,5.46756552921579e-07,1
35.0,2002,3.086444245545573,3.0999999999999943,1,1.7897206774413235,0.01415837550604799,0.01789134554564953,1
35.0,2002,0.3649769686433987,0.39999999999997726,1,0.029638885321048747,6.657016010005767e-07,4.99613906868035e-06,1
35.0,2002,1.863260994910929,1.8999999999999773,1,0.13488075595626015,5.3611489794230285e-05,0.00010345893679186702,1
35.0,2002,5.498412770786616,5.5,1,3.5322850603009783,0.07405497239826313,0.06625985354185104,1
35.0,2002,1.1182235994629313,1.200000000000017,1,0.020589853815579318,9.384207263275773e-07,2.411117748124525e-06,1
35.0,2002,16.467641154173847,16.5,1,20.251021156443926,3.602447902311946,0.6999177932739258,1
35.0,2002,1.5406649423858385,1.5999999999999943,1,5.95702705696489,0.04664950205268639,0.1679311841726303,1
35.0,2002,2.700777227670083,2.8000000000000114,1,3.872471546596671,0.05222599693436159,0.07858584076166153,1
35.0,2002,3.2797229065164326,3.3000000000000114,1,0.03055350450333094,4.75764976395919e-06,5.309244443196803e-06,1
35.0,2002,0.3904459008291358,0.4000000000000057,1,0.01359995242887635,1.8076886622503946e-07,1.0519310080780997e-06,1
35.0,2002,0.16262674626849175,0.19999999999998863,1,0.0014041199617622624,1.4443406453630153e-09,1.121298875972343e-08,1
35.0,2002,0.16528622457734626,0.19999999999998863,1,0.021757602944433074,3.9247487978817314e-07,2.69236466010625e-06,1
35.0,2002,13.775465357986327,13.799999999999983,1,54.17165967333398,5.741323143334154,0.9434710144996643,1
35.0,2002,13.521754143314839,13.599999999999994,1,10.263054789347791,2.0423316424033313,0.3746303915977478,1
35.0,2002,6.062599722688855,6.600000000000023,1,2.9546559433866264,0.07572136030724498,0.04730226472020149,1
35.0,2002,0.8883257056827628,0.9000000000000057,1,1.2907197679906517,0.00571056909677751,0.009386016987264156,1
35.0,2002,12.844719304967215,6.199999999999989,0,0.0,4.7325699044519825e-05,nan,0
35.0,2002,20.647788517446052,20.700000000000003,1,0.67765211829294,0.001475862177619718,0.002604916226118803,1
35.0,2002,1.7711618384595869,1.8000000000000114,1,0.010249576439832708,3.0065566509833665e-07,5.974815735498851e-07,1
35.0,2002,0.18093494975091023,0.20000000000001705,1,0.020565241577457982,3.300035004585572e-07,2.4053570086834952e-06,1
35.0,2002,0.4626833986234383,0.5,1,1.2576912676230152,0.009981550980915414,0.008916029706597328,1
35.0,2002,19.347736740184196,19.39999999999999,1,45.99467840934392,4.144941487958334,0.92326420545578,1
35.0,2002,0.2046941866833924,0.30000000000001137,1,0.017890495391611694,2.698709358338409e-07,1.8203584204457002e-06,1
35.0,2002,3.226068039099001,3.3000000000000114,1,3.4411791120992348,0.04848551753078532,0.06309882551431656,1
35.0,2002,0.7652628383268002,0.8000000000000114,1,0.021650918670957253,6.739198178985854e-07,2.6660263756639324e-06,1
35.0,2002,0.4209007609597233,0.5,1,0.6198927597777129,0.0013065148521701174,0.0021807102020829916,1
35.0,2002,16.61556509859321,16.69999999999999,1,49.73950376990305,5.445047191063312,0.9336460828781128,1
35.0,2002,0.9557542093420659,1.0,1,0.9483126814197931,0.0014616504797760007,0.005088625010102987,1
35.0,2002,3.1814385373203686,3.3000000000000114,1,3.169936130969262,0.03983609363613974,0.054060179740190506,1
35.0,2002,3.239896510659677,3.299999999999983,1,3.7675119526847993,0.05800401954561177,0.07469748705625534,1
35.0,2002,0.23360305576278842,0.29999999999998295,1,0.9368134002865658,0.0006541328129224537,0.004966572858393192,1
35.0,2002,24.002493716851653,24.099999999999994,1,57.58171344944736,4.94814433652785,0.9496409893035889,1
35.0,2002,0.5138107312719397,0.5999999999999943,1,3.6450913293950182,0.020358084045079702,0.07025746256113052,1
35.0,2002,10.830560816109559,10.899999999999977,1,0.6723757179794063,0.20190741682831734,0.0025646125432103872,1
35.0,2002,1.0123845849547513,1.0999999999999943,1,0.00013155992547808637,6.81239689387975e-11,9.843741100024062e-11,1
35.0,2002,3.473093089401422,3.5,1,1.2565831327928265,0.0074256863203128595,0.00890046451240778,1
35.0,2002,0.22018888562424754,0.30000000000001137,1,0.03741740012512196,1.6413107977570553e-06,7.962633389979601e-06,1
35.0,2002,31.523169962950263,7.599999999999994,0,0.0,0.002650181583670006,nan,0
35.0,2002,3.9606504932955646,4.0,1,0.8102694138868287,0.003717129406070621,0.003720087930560112,1
35.0,2002,2.3601832697400766,2.4000000000000057,1,0.023728916320294502,2.167671395064273e-06,3.202339485142147e-06,1
35.0,2002,10.768308771970334,10.799999999999983,1,36.070278668272465,4.7294328702806405,0.8809475898742676,1
35.0,2002,9.687089042122672,9.699999999999989,1,35.97005420725958,3.926687874825659,0.8803627490997314,1
35.0,2002,1.2003332696025275,1.3000000000000114,1,0.042063986099435624,4.789206916923475e-06,1.006304501061095e-05,1
35.0,2002,0.8941629632512064,0.9000000000000057,1,0.08029364971918085,8.728309896593211e-06,3.666565316962078e-05,1
35.0,2002,0.33632683895770965,0.4000000000000057,1,0.004940901870071457,1.5122007979800638e-07,1.388434327509458e-07,1
35.0,2002,0.764487429615048,0.8000000000000114,1,0.2587898258221344,8.706823912364863e-05,0.0003807517932727933,1
35.0,2002,8.765676981150518,8.800000000000011,1,6.627506890554173,0.3136258492762632,0.19987967610359192,1
35.0,2002,3.3264077890842922,3.4000000000000057,1,7.775774194392028,0.31992943065791635,0.25588300824165344,1
35.0,2002,0.8295767919560855,0.9000000000000057,1,0.1558604356905562,3.3161647709346976e-05,0.000138141680508852,1
35.0,2002,3.3111231029508765,3.4000000000000057,1,0.06688474957184098,2.8658925778433107e-05,2.544228482292965e-05,1
35.0,2002,0.7402592462442035,1.0,1,0.3932655287310922,0.0002441790898553573,0.000878825958352536,1
35.0,2002,0.14554897636037958,0.19999999999998863,1,0.05808138798965956,2.511120568698641e-06,1.9185741621186025e-05,1
35.0,2002,1.831178800050662,1.8999999999999773,1,3.2632983133124185,0.026165226170170724,0.05710694566369057,1
35.0,2002,0.2649190003104244,0.29999999999998295,1,0.031853815194267554,8.730647320471794e-07,5.7707648011273704e-06,1
35.0,2002,2.131443100080024,2.3000000000000114,1,0.8357296635439013,0.0051405597780427355,0.003956606145948172,1
35.0,2002,9.268898531348947,9.400000000000006,1,27.391853040093707,2.961092634393328,0.8101503252983093,1
35.0,2002,0.8643553758238239,0.9000000000000057,1,0.0006033262304185882,5.80393287722161e-10,2.0702242142789373e-09,1
35.0,2002,4.757492925557085,4.800000000000011,1,19.973577080368404,1.274158785375458,0.694091260433197,1
35.0,2002,2.3708072488704803,2.4000000000000057,1,0.5997463536459691,0.0007143912684502649,0.0020415529143065214,1
35.0,2002,1.393747947643844,1.4000000000000057,1,0.2163062717202422,0.00015963006307226786,0.00026603307924233377,1
35.0,2002,0.20690642453481325,0.29999999999998295,1,0.22488924482348693,4.131310798888273e-05,0.00028755798120982945,1
35.0,2002,4.953467299323038,5.0,1,0.30954128276255233,0.0009427766237947624,0.0005446450086310506,1
35.0,2002,0.10356520469359476,0.19999999999998863,1,0.049387931540678665,1.7444512416666048e-06,1.3872304407414049e-05,1
35.0,2002,1.4519650078787303,1.5,1,0.004358104130147922,3.1648942265210485e-08,1.0802097705209235e-07,1
35.0,2002,0.8426478148298627,0.9000000000000057,1,0.14582762851983944,2.8390993400565398e-05,0.00012093166878912598,1
35.0,2002,0.13249619083154554,0.20000000000001705,1,0.002802095853667197,4.803724967008255e-09,4.465590563995647e-08,1
35.0,2002,15.054320966794053,15.099999999999994,1,50.64365862217062,4.7636575980896145,0.9358435869216919,1
35.0,2002,1.1288003412053014,1.200000000000017,1,0.00419793509882993,3.570881459119948e-08,1.0022691299127473e-07,1
35.0,2002,0.4621008285222684,0.5,1,0.006362050802920294,5.967867919001382e-08,2.3020095341053093e-07,1
35.0,2002,34.52158237738479,34.599999999999994,1,7.452763406643612,13.336317824086947,0.24006299674510956,1
35.0,2002,0.13996235344766506,0.19999999999998863,1,0.005447752512509396,1.995276790343784e-08,1.687903505853683e-07,1
35.0,2002,9.512154572716671,9.599999999999994,1,0.7211608284432032,0.010218491507330575,0.002949134213849902,1
35.0,2002,0.5147886020142141,0.5999999999999943,1,1.2422659838807988,0.003986710287790094,0.008700556121766567,1
35.0,2002,0.1347011200431836,0.19999999999998863,1,0.02130430648753645,3.463532922818972e-07,2.5813485535763903e-06,1
35.0,2002,22.707576367787908,12.599999999999994,0,0.0,0.009391334203050087,nan,0
35.0,2002,21.543392442395685,21.600000000000023,1,2.332428139307382,0.5483622117695462,0.030012061819434166,1
35.0,2002,3.4720210113536556,3.5,1,2.234726731287651,0.030156369259402675,0.027618400752544403,1
35.0,2002,0.23877970217319439,0.30000000000001137,1,0.0001739561484441765,2.490647012886131e-11,1.7210462222028156e-10,1
35.0,2002,4.324144254809277,4.400000000000006,1,16.251661982801124,0.8445603928140257,0.6003410816192627,1
35.0,2002,0.11596061484495578,0.20000000000001705,1,0.006133323431868121,6.218948348237047e-08,2.1394620830506028e-07,1
35.0,2002,40.75266556463663,39.5,0,0.0,32.104629026662764,0.0014027770375832915,1
35.0,2002,37.964516902590375,38.0,0,0.0,3.7017240907236157,0.01799553446471691,1
35.0,2002,37.56589746755438,37.5,0,0.0,27.294573682000333,2.719827136843378e-07,1
35.0,2002,43.98543535705008,36.5,0,0.0,6.064593860602581,7.404849511338796e-10,1
35.0,2002,39.34343479929252,35.900000000000006,0,0.0,10.773233496315596,0.0,1
35.0,2002,35.194235416509024,34.900000000000006,0,0.0,24.939235017000527,0.0005188161740079522,1
35.0,2002,35.78431923656659,34.599999999999994,0,0.0,26.226838630609613,0.02562679536640644,1
35.0,2002,42.87687022357216,34.400000000000006,0,0.0,2.028828435295701,0.0,1
35.0,2002,37.613999333492,33.7,0,0.0,16.04518069502131,0.8767556548118591,1
35.0,2002,38.75474588413513,31.299999999999997,0,0.0,21.69890475746739,3.8995916838757694e-05,1
35.0,2002,38.373973150026906,31.0,0,0.0,11.073805789412724,0.0,1
35.0,2002,28.843385622315637,26.900000000000006,0,0.0,11.905277411328239,0.004051854368299246,1
35.0,2002,40.717519749031155,26.599999999999994,0,0.0,10.082000307970977,0.0,1
35.0,2002,36.4475805983238,26.0,0,0.0,0.1475211194249528,1.5404650639538886e-06,1
35.0,2002,39.31869118045189,25.099999999999994,0,0.0,7.579301354946002,7.804294455127092e-07,1
35.0,2002,30.227544110970626,25.0,0,0.0,10.529669555800051,1.7813357771956362e-05,1
35.0,2002,27.12018658698599,23.599999999999994,0,0.0,7.185508559091642,1.430477595931734e-06,1
35.0,2002,27.1849556829141,23.0,0,0.0,16.13185620717367,0.0002304241352248937,1
35.0,2002,38.90023734477728,22.799999999999997,0,0.0,0.6258159631266781,0.4201354384422302,1
35.0,2002,22.490119826399155,21.80000000000001,0,0.0,9.16278387669198,0.0027190912514925003,1
35.0,2002,34.37744310498252,21.5,0,0.0,11.188051156937483,1.1093716238974594e-05,1
35.0,2002,25.6868271855499,21.30000000000001,0,0.0,8.089204823408433,0.0,1
35.0,2002,41.08749256597468,20.69999999999999,0,0.0,7.155839004436203,0.9719751477241516,1
35.0,2002,23.22778800460182,20.19999999999999,0,0.0,8.355466794408358,0.0,1
35.0,2002,27.62278298817816,20.19999999999999,0,0.0,7.65944212898914,2.3209183837025193e-06,1
35.0,2002,40.69658929971469,19.900000000000006,0,0.0,11.26104260177292,0.868806004524231,1
35.0,2002,36.796482859247334,19.19999999999999,0,0.0,1.702744870701734,3.233819006709382e-05,1
35.0,2002,27.58946210425094,19.19999999999999,0,0.0,6.607648789184933,0.001991816097870469,1
35.0,2002,21.280974748136142,19.19999999999999,0,0.0,2.852544112498738,0.5443081855773926,1
35.0,2002,21.225649223676815,18.900000000000006,0,0.0,0.0018968573513353504,4.35332792037002e-09,1
35.0,2002,35.258465124989705,18.900000000000006,0,0.0,15.897975525199206,0.01205397117882967,1
35.0,2002,39.36272868010538,18.80000000000001,0,0.0,10.912043251743707,1.3665235201187897e-05,1
35.0,2002,19.254371530274295,18.80000000000001,0,0.0,14.62349294491268,0.5182979702949524,1
35.0,2002,34.92557905593999,18.599999999999994,0,0.0,11.934392592929996,3.2610842026770115e-05,1
35.0,2002,24.212205784982476,18.400000000000006,0,0.0,8.699556380364687,0.0,1
35.0,2002,25.367311491611193,17.400000000000006,0,0.0,0.00029481667273827594,3.2255186397378566e-06,1
35.0,2002,42.61551942543429,17.099999999999994,0,0.0,4.203809964642341,0.5119882225990295,1
35.0,2002,39.95817080516865,16.900000000000006,0,0.0,9.832825419178747,0.0017173729138448834,1
35.0,2002,44.87619309937936,16.599999999999994,0,0.0,7.124333002735154,0.0,1
35.0,2002,29.970575411850874,16.599999999999994,0,0.0,0.023395645334094314,0.00047700057621113956,1
35.0,2002,29.469478950817155,16.30000000000001,0,0.0,0.02678845925532528,1.3314446789536305e-07,1
35.0,2002,15.695292959066764,15.699999999999989,0,0.0,0.4403375447709868,9.482413787509358e-08,1
35.0,2002,31.32268196203898,15.699999999999989,0,0.0,0.02085043193439032,4.092779803954727e-08,1
35.0,2002,23.114677115914727,14.699999999999989,0,0.0,6.295966263443009,0.0,1
35.0,2002,17.969811801597572,14.400000000000006,0,0.0,7.767074455216766e-05,3.3952634112210944e-05,1
35.0,2002,22.02102112042938,14.199999999999989,0,0.0,0.013831362142356926,1.9719529120720836e-08,1
35.0,2002,30.9737759904569,14.099999999999994,0,0.0,6.426858800389405,8.562894927084848e-15,1
35.0,2002,31.67533376267419,14.0,0,0.0,8.306810590311358,0.9925538897514343,1
35.0,2002,23.73099686880377,11.800000000000011,0,0.0,5.864805759885009,0.26944130659103394,1
35.0,2002,27.88669554591406,11.699999999999989,0,0.0,0.034449805160340186,6.467282221908621e-13,1
35.0,2002,30.09366115307824,10.800000000000011,0,0.0,1.4074573884526576,0.1579793393611908,1
35.0,2002,35.05527453127546,10.699999999999989,0,0.0,0.3380120218596196,0.7375100255012512,1
35.0,2002,31.95825241934481,10.5,0,0.0,1.2341915644412986,0.8226560354232788,1
35.0,2002,20.46536003436247,10.400000000000006,0,0.0,2.6960944846449317,0.12992580235004425,1
35.0,2002,29.467153463044685,10.400000000000006,0,0.0,0.3204991430859156,0.005755758844316006,1
35.0,2002,32.42730458123626,10.0,0,0.0,3.248304356363392,0.6867543458938599,1
35.0,2002,30.01362060783077,10.0,0,0.0,0.0070674620317109395,2.086476570184459e-06,1
35.0,2002,44.68736945011909,9.800000000000011,0,0.0,0.05971273159492409,9.74227920558235e-10,1
35.0,2002,10.110093760778641,9.699999999999989,0,0.0,5.5244154670429975,0.49832653999328613,1
35.0,2002,34.60702885609306,9.699999999999989,0,0.0,0.0,0.1658332198858261,1
35.0,2002,9.315849561268616,9.400000000000006,0,0.0,0.26976049905580185,0.04371663182973862,1
35.0,2002,13.752863816812761,9.300000000000011,0,0.0,0.07030957846496189,0.0,1
35.0,2002,23.911693559461078,9.099999999999994,0,0.0,1.8563983416955092,0.0009295335039496422,1
35.0,2002,24.21638680606436,9.0,0,0.0,0.9733950837050399,0.6221572756767273,1
35.0,2002,10.840788243826328,8.800000000000011,0,0.0,0.07967717210201851,6.452601155615412e-07,1
35.0,2002,9.430600780781468,8.599999999999994,0,0.0,0.00020104962171946163,1.2651674978769734e-06,1
35.0,2002,18.932001228655494,8.599999999999994,0,0.0,2.5063160165686296,0.0001414106081938371,1
35.0,2002,34.09004441243495,8.5,0,0.0,2.411677612697809,0.12061881273984909,1
35.0,2002,10.85824288934629,8.5,0,0.0,0.029483593174906796,0.0,1
35.0,2002,33.35587948440357,8.5,0,0.0,2.3018310001487814,0.0,1
35.0,2002,15.123861216381593,8.400000000000006,0,0.0,1.8347947168111802,0.0016156756319105625,1
35.0,2002,11.654494019799026,8.400000000000006,0,0.0,5.94902482596948,0.6993513107299805,1
35.0,2002,8.978515893546126,8.199999999999989,0,0.0,3.2693431138796907,0.003284626640379429,1
35.0,2002,44.525208022936084,8.0,0,0.0,2.1722939076622576,0.00012347730807960033,1
35.0,2002,39.453441427539765,8.0,0,0.0,0.0016024385200053785,1.9471002588034025e-07,1
35.0,2002,11.162027445574356,7.800000000000011,0,0.0,0.2929659880820602,1.6482488263136474e-07,1
35.0,2002,23.274437629218227,7.699999999999989,0,0.0,0.04253755045429217,7.350778068912292e-29,1
35.0,2002,12.554185300579837,7.5,0,0.0,0.0004247875847795462,1.8910466251177878e-14,1
35.0,2002,7.5954610096231185,7.5,0,0.0,1.2715743681180929,0.05644608289003372,1
35.0,2002,35.12232055888652,7.5,0,0.0,7.704603760406756e-05,0.000522173591889441,1
35.0,2002,15.284054977060157,7.300000000000011,0,0.0,0.03995904334894362,0.0,1
35.0,2002,11.599589063029045,7.099999999999994,0,0.0,0.5998913113622812,0.0012623703805729747,1
35.0,2002,13.488383309458552,6.900000000000006,0,0.0,2.076298704866084,0.0001927085977513343,1
35.0,2002,14.45558258343084,6.800000000000011,0,0.0,0.19258322388904925,1.167413211078383e-05,1
35.0,2002,7.793129605252997,6.599999999999994,0,0.0,4.7072309497784456e-05,0.20019081234931946,1
35.0,2002,32.46172430113884,6.599999999999994,0,0.0,0.0006430216818320701,0.9922722578048706,1
35.0,2002,9.283155543509487,6.5,0,0.0,1.6627083987104454,3.030088983543844e-12,1
35.0,2002,22.72273335056629,6.400000000000006,0,0.0,0.5251497569801553,0.11675137281417847,1
35.0,2002,10.776281224087244,6.199999999999989,0,0.0,0.48559695724233737,0.0013538820203393698,1
35.0,2002,16.109969663857445,6.099999999999994,0,0.0,0.0021984670938613666,0.0005244891508482397,1
35.0,2002,13.99664312661088,5.800000000000011,0,0.0,0.36701767036948096,0.042068805545568466,1
35.0,2002,15.116409471105639,5.699999999999989,0,0.0,0.9138141702239888,1.4621970478856383e-07,1
35.0,2002,27.454925073294863,5.699999999999989,0,0.0,0.00010133791394547213,6.164287779357328e-15,1
35.0,2002,37.80458531979619,5.400000000000006,0,0.0,0.18790895066636468,0.0015178231988102198,1
35.0,2002,36.46860589049349,5.400000000000006,0,0.0,0.0009323613359732836,2.0307911086092645e-07,1
35.0,2002,7.7086163408434,5.300000000000011,0,0.0,0.28813433234875296,0.014856042340397835,1
35.0,2002,8.972699154286042,5.099999999999994,0,0.0,0.0007837633039727019,0.9133840799331665,1
35.0,2002,8.738996225779937,4.800000000000011,0,0.0,0.004398998539504001,1.8925738753949872e-09,1
35.0,2002,25.695663271805312,4.599999999999994,0,0.0,0.012085666311830943,0.6289241313934326,1
35.0,2002,7.712358947105509,4.400000000000006,0,0.0,0.15927230461075556,0.9905188679695129,1
35.0,2002,15.530794934210574,4.199999999999989,0,0.0,0.005711089266970473,2.6284320483682677e-05,1
35.0,2002,12.76905793162068,4.099999999999994,0,0.0,0.1430950603017188,0.9420022368431091,1
35.0,2002,24.488299543768047,4.0,0,0.0,0.09637337881527801,0.2306666523218155,1
35.0,2002,12.689399513386128,3.9000000000000057,0,0.0,0.563898783130553,0.004360582213848829,1
35.0,2002,6.56245553330216,3.8000000000000114,0,0.0,0.0005294090119466562,5.46756552921579e-07,1
35.0,2002,16.68240450819485,3.6999999999999886,0,0.0,0.04135087273833386,0.01789134554564953,1
35.0,2002,5.0369760033163615,3.5999999999999943,0,0.0,0.04304894117959218,0.06625985354185104,1
35.0,2002,13.115916308789876,3.4000000000000057,0,0.0,1.4184203647315577e-05,1.121298875972343e-08,1
35.0,2002,35.79365474856147,3.1999999999999886,0,0.0,0.028841574845564894,0.9434710144996643,1
35.0,2002,30.622142023139318,3.0999999999999943,0,0.0,0.002021908671811086,0.04730226472020149,1
35.0,2002,7.126758479832767,3.0999999999999943,0,0.0,0.07030537210645688,0.009386016987264156,1
35.0,2002,4.061717825842025,3.0,0,0.0,2.349225660376805e-08,5.974815735498851e-07,1
35.0,2002,21.122862779689388,2.5,0,0.0,1.730225405394972e-05,2.6660263756639324e-06,1
35.0,2002,13.602424701395044,2.4000000000000057,0,0.0,6.782572188708236e-05,0.9336460828781128,1
35.0,2002,25.594209551791256,2.3000000000000114,0,0.0,0.007627389401026714,0.07469748705625534,1
35.0,2002,2.2495869844258145,2.3000000000000114,0,0.0,1.0661265817634977,0.004966572858393192,1
35.0,2002,2.23665485413596,2.1999999999999886,0,0.0,0.017459271015172466,0.0025646125432103872,1
35.0,2002,8.14498488192822,2.1999999999999886,0,0.0,0.009213941031069608,0.9496409893035889,1
35.0,2002,17.41006004165674,2.1999999999999886,0,0.0,7.496357517457154e-05,0.07025746256113052,1
35.0,2002,2.7587506056638933,2.0999999999999943,0,0.0,5.961257430030235e-05,7.962633389979601e-06,1
35.0,2002,8.926413078777776,2.0,0,0.0,7.95961704709434e-06,0.003720087930560112,1
35.0,2002,2.1382339148871243,1.6999999999999886,0,0.0,0.0,0.8803627490997314,1
35.0,2002,8.90255538558535,1.5999999999999943,0,0.0,8.75364933323599e-06,1.388434327509458e-07,1
35.0,2002,14.180455680876666,1.5999999999999943,0,0.0,0.0010623661735854445,0.0003807517932727933,1
35.0,2002,3.097900504674922,1.5,0,0.0,0.005555455757827687,0.19987967610359192,1
35.0,2002,5.814228467838474,1.4000000000000057,0,0.0,0.0008012607329329301,0.000138141680508852,1
35.0,2002,23.336608893745904,1.3000000000000114,0,0.0,0.0009237906283194256,0.000878825958352536,1
35.0,2002,14.486695869290942,1.3000000000000114,0,0.0,1.1362648036556986e-05,2.544228482292965e-05,1
35.0,2002,19.919945328233005,1.1999999999999886,0,0.0,0.004021348041686922,0.0,1
35.0,2002,17.40608992874363,1.1999999999999886,0,0.0,0.002284044067375039,1.9185741621186025e-05,1
35.0,2002,2.437611796040666,1.1999999999999886,0,0.0,1.9541104759817674e-05,5.7707648011273704e-06,1
35.0,2002,0.9869328070749436,1.0,0,0.0,0.0008465290436795739,0.0020415529143065214,1
35.0,2002,39.87349712443318,1.0,0,0.0,1.6078584835059296e-10,2.0702242142789373e-09,1
35.0,2002,27.76624397406335,1.0,0,0.0,0.0002515692554736444,0.694091260433197,1
35.0,2002,2.8325631629899797,0.8000000000000114,0,0.0,0.0009879396183730756,0.00028755798120982945,1
35.0,2002,28.743889323794555,0.8000000000000114,0,0.0,0.0009677730522116768,0.0,1
35.0,2002,2.267715419743611,0.6999999999999886,0,0.0,5.9917539914116104e-05,1.3872304407414049e-05,1
35.0,2002,0.8594053473913689,0.5999999999999943,0,0.0,1.50512722898937e-06,4.465590563995647e-08,1
35.0,2002,0.5776511567920662,0.5999999999999943,0,0.0,2.3840270986679933e-05,0.00012093166878912598,1
35.0,2002,0.46079358109065816,0.5999999999999943,0,0.0,1.6774612032370047e-08,1.0802097705209235e-07,1
35.0,2002,1.434121354089476,0.5,0,0.0,3.364585937098027e-06,0.9358435869216919,1
35.0,2002,6.411421811004358,0.4000000000000057,0,0.0,5.525337515158659e-09,1.687903505853683e-07,1
35.0,2002,1.7803408845682587,0.4000000000000057,0,0.0,4.87287495202234e-06,0.24006299674510956,1
35.0,2002,31.97273309102235,0.30000000000001137,0,0.0,1.8550634950439022e-05,0.008700556121766567,1
35.0,2002,11.210757278831041,0.19999999999998863,0,0.0,9.833556277003112e-07,2.5813485535763903e-06,1
35.0,2002,30.524419902024764,0.1,0,0.0,6.4328959250813515e-09,0.027618400752544403,1
35.0,2002,0.3733159909713568,0.1,0,0.0,9.592885055275474e-13,1.7210462222028156e-10,1
35.0,2002,0.8837465121572583,0.1,0,0.0,5.40690078085141e-10,0.030012061819434166,1
