Model,Epoch,Train_Loss,Val_Loss,MAE,RMSE,R2,Train Loss,Val Loss
ResNet,1,,,,,,133939.9048713923,132210.26980683036
ResNet,2,,,,,,129739.0520257939,126221.22848626996
ResNet,3,,,,,,123743.99309933063,121450.0575001674
ResNet,4,,,,,,116537.21691163076,115692.8511819308
ResNet,5,,,,,,108552.83628304423,108320.6816831498
ResNet,6,,,,,,99981.82809619952,94513.54876652252
ResNet,7,,,,,,91154.70065191246,91503.26321579504
ResNet,8,,,,,,82505.58112671178,80359.81180729512
ResNet,9,,,,,,74368.6865003525,68262.0713892204
ResNet,10,,,,,,66907.86222144765,67293.04379081396
ResNet,11,,,,,,60429.16903609094,60543.55605149353
ResNet,12,,,,,,54928.57016698987,52574.36562140601
ResNet,13,,,,,,50320.46680119815,53188.547727588266
ResNet,14,,,,,,46735.62763512103,46489.9485968172
ResNet,15,,,,,,43649.75028785097,44077.59208174804
ResNet,16,,,,,,41272.19475205985,41619.67722709298
ResNet,17,,,,,,39282.75745052471,41751.17129134567
ResNet,18,,,,,,37313.07186397212,38889.66482573081
ResNet,19,,,,,,34990.24079464591,35224.28667631136
ResNet,20,,,,,,32379.999498622376,33307.141209023575
ResNet,21,,,,,,29551.063458677585,31214.44754766716
ResNet,22,,,,,,26467.77243160624,27904.30835140176
ResNet,23,,,,,,23632.472707220084,24831.245562097767
ResNet,24,,,,,,21305.710897299326,23335.72415077187
ResNet,25,,,,,,19339.04330269405,21855.269327241764
ResNet,26,,,,,,17637.866119897513,20844.645078041303
ResNet,27,,,,,,16252.967210651155,19462.160812830352
ResNet,28,,,,,,15056.645949642972,19196.858279878867
ResNet,29,,,,,,14074.926228142096,18851.10728531564
ResNet,30,,,,,,13227.237418527868,17987.799877336587
ResNet,31,,,,,,12488.737464644024,18132.189621193324
ResNet,32,,,,,,12182.447111207031,18209.529573809257
ResNet,33,,,,,,11536.887601434006,17281.791346284503
ResNet,34,,,,,,11135.793914473525,17171.143435205755
ResNet,35,,,,,,10655.806584185591,16988.412541146277
ResNet,36,,,,,,10380.996101634748,16608.976472342514
ResNet,37,,,,,,9962.377116873897,17150.444497513254
ResNet,38,,,,,,9843.832647052615,16757.782266041017
ResNet,39,,,,,,9321.695734699377,16758.011402306456
ResNet,40,,,,,,9167.578431528207,17654.02350125642
ResNet,41,,,,,,9084.422484702513,16875.29817179081
ResNet,42,,,,,,8882.19632610158,16721.017772840554
ResNet,43,,,,,,8815.960432160773,16556.567562727454
ResNet,44,,,,,,8604.136597613357,16687.289104347845
ResNet,45,,,,,,8471.6924558368,16610.060511427415
ResNet,46,,,,,,8401.133636452254,16824.059971897943
ResNet,47,,,,,,7995.454021553468,16650.61382853363
ResNet,48,,,,,,8025.076458191331,16824.83911762838
ResNet,49,,,,,,7749.8174110629725,16546.28112433339
ResNet,50,,,,,,7786.493705129249,16787.490074860867
ResNet,51,,,,,,7676.503533509145,16224.966700748042
ResNet,52,,,,,,7622.222966893662,16580.693123303932
ResNet,53,,,,,,7289.505093708338,16918.257464547492
ResNet,54,,,,,,7259.585060777633,17349.943450332517
ResNet,55,,,,,,7163.805352388053,16857.850686464633
ResNet,56,,,,,,6976.06076338247,16882.620733612384
ResNet,57,,,,,,7078.430577434127,16994.032388445958
ResNet,58,,,,,,6786.377940495373,16647.034939441248
ResNet,59,,,,,,6936.545875860199,16740.563682632357
ResNet,60,,,,,,6778.89171114895,16607.838657486725
ResNet,61,,,,,,6755.156557889769,16905.32760202504
ResNet,62,,,,,,6621.121606050883,16935.643253906128
ResNet,63,,,,,,6636.226176416614,16437.220526502486
ResNet,64,,,,,,6340.585861129491,16906.227151569936
ResNet,65,,,,,,6505.186458494105,16357.42867841311
ResNet,66,,,,,,6344.104047849293,17218.060301388166
ResNet,67,,,,,,6225.957948546124,16670.46138717969
ResNet,68,,,,,,6094.138474160152,17145.419987293026
ResNet,69,,,,,,6239.380654979271,17206.13894905542
ResNet,70,,,,,,6210.986758612975,16856.57469753856
ResNet,71,,,,,,6132.780517314659,16918.84879740376
ResNet,72,,,,,,6142.960501981172,16323.712546795736
ResNet,73,,,,,,6031.287435515074,17015.755628596453
ResNet,74,,,,,,5832.400925226256,16628.68694182362
ResNet,75,,,,,,5896.798264096328,17032.921462921826
ResNet,76,,,,,,5931.1884188384565,16795.229858817685
ResNet,77,,,,,,5743.107657840488,16745.3245830724
ResNet,78,,,,,,5584.590262491624,17126.01039032714
ResNet,79,,,,,,5584.458695135543,16730.550825005612
ResNet,80,,,,,,5609.024821988559,17020.55504597601
ResNet,81,,,,,,5483.154763005879,16966.416971663595
ResNet,82,,,,,,5515.218805620162,17061.63897441029
ResNet,83,,,,,,5452.02077990167,16502.500764338547
ResNet,84,,,,,,5388.930231486029,16949.830706396515
ResNet,85,,,,,,5312.044556307343,16747.038113415532
ResNet,86,,,,,,5191.303262156911,16659.672122456144
ResNet,87,,,,,,5388.270839356511,17530.605135813483
ResNet,88,,,,,,5385.991072462105,16876.45611588997
ResNet,89,,,,,,5479.124717526041,17120.64275050119
ResNet,90,,,,,,5282.340507741884,16746.010104223285
ResNet,91,,,,,,5298.942304034258,16715.70881716825
ResNet,92,,,,,,5310.758801939639,17333.27666643035
ResNet,93,,,,,,5247.708123183662,17443.81160531773
ResNet,94,,,,,,5090.634973113089,17702.434104355227
ResNet,95,,,,,,5094.138754414843,16942.052741082964
ResNet,96,,,,,,5075.708238370205,16959.184621176093
ResNet,97,,,,,,5066.728299967544,16886.846447278116
ResNet,98,,,,,,4919.826877732969,16822.702526206598
ResNet,99,,,,,,4901.464500782721,17175.547142703115
ResNet,100,,,,,,4873.262225766179,17165.470092023406
ResNet,101,,,,,,4884.770116267485,17340.223896915468
ResNet,102,,,,,,5101.686806299927,16907.451360251835
ResNet,103,,,,,,4883.408993307457,16968.155913371025
ResNet,104,,,,,,4906.202813487093,16705.3452854466
ResNet,105,,,,,,4798.318946242515,17299.617263933855
ResNet,106,,,,,,4946.722015577738,16982.009004917367
ResNet,107,,,,,,4736.366977761874,17327.230475765668
ResNet,108,,,,,,4751.554185433904,17044.840989273165
ResNet,109,,,,,,4696.787972135595,17094.450048568113
ResNet,110,,,,,,4770.668617203161,17270.15451940706
ResNet,111,,,,,,4696.72121942595,17450.069657581254
ResNet,112,,,,,,4712.969630653202,17480.367714167416
ResNet,113,,,,,,4523.042418894643,16964.930428206826
ResNet,114,,,,,,4474.769965141878,16826.005163593065
ResNet,115,,,,,,4557.492298017234,17219.07311415156
ResNet,116,,,,,,4544.8513134266,16476.505916977327
ResNet,117,,,,,,4599.312920795505,16810.07301310133
ResNet,118,,,,,,4603.044208582292,17550.787094543633
ResNet,119,,,,,,4655.830930550806,16978.05899388923
ResNet,120,,,,,,4644.424958732387,16646.951384437427
ResNet,121,,,,,,4590.518536791046,17247.072817216496
ResNet,122,,,,,,4509.384694596888,17461.031972675326
ResNet,123,,,,,,4592.1147764134885,17061.971388568054
ResNet,124,,,,,,4437.702662096098,17387.80996919014
ResNet,125,,,,,,4378.470837869563,17540.065099981883
ResNet,126,,,,,,4447.756102136756,17490.155079245043
ResNet,127,,,,,,4453.479337107981,17090.063741773207
ResNet,128,,,,,,4343.798431068354,17939.60023721573
ResNet,129,,,,,,4415.404345471968,16809.972727760578
ResNet,130,,,,,,4281.598320249576,17085.44579196551
ResNet,131,,,,,,4448.49999256526,17216.59500900467
ResNet,132,,,,,,4355.52690112336,17735.645144382444
ResNet,133,,,,,,4248.997069554795,17457.367917744865
ResNet,134,,,,,,4184.250417287754,16832.012119258477
ResNet,135,,,,,,4129.237269871533,17225.637470103407
ResNet,136,,,,,,4264.951813824207,17672.128078585818
ResNet,137,,,,,,4184.775543137168,17101.841589912798
ResNet,138,,,,,,4420.064212763285,16622.943494149673
ResNet,139,,,,,,4273.327023323867,16612.925847529597
ResNet,140,,,,,,3929.261939399847,16727.581299405072
ResNet,141,,,,,,4108.054382241045,17643.462012066455
ResNet,142,,,,,,4101.39110456572,17236.726878512756
ResNet,143,,,,,,4144.878642514816,17612.385565411132
ResNet,144,,,,,,4184.532947891882,17464.87240401828
ResNet,145,,,,,,4318.0014425433765,17502.749913227268
ResNet,146,,,,,,4247.453295993247,16956.06960841004
ResNet,147,,,,,,4039.099377424964,17557.25620468125
ResNet,148,,,,,,4079.706090818874,17191.60822978454
ResNet,149,,,,,,3918.10308349469,17359.040213869557
ResNet,150,,,,,,4066.909999501224,17183.073561923484
ResNet,151,,,,,,3935.089624165555,18426.47334083148
ResNet,152,,,,,,3996.333171915247,17312.201364682784
ResNet,153,,,,,,4048.640424915882,17054.716269346012
ResNet,154,,,,,,4061.535390253917,17474.85707847652
ResNet,155,,,,,,4014.287056424114,18377.017890568382
ResNet,156,,,,,,4176.264429206907,17308.97724892771
ResNet,157,,,,,,4031.207297696768,16706.484901728956
ResNet,158,,,,,,3854.520430486206,17387.960777739703
ResNet,159,,,,,,3807.8907980682816,18272.73051736735
ResNet,160,,,,,,3929.6970376788768,17554.835571577536
ResNet,161,,,,,,3923.841737635547,18198.949013449404
ResNet,162,,,,,,4080.55335865468,16879.320749686878
ResNet,163,,,,,,4111.154249154971,17035.440212601814
ResNet,164,,,,,,3954.836485566866,17202.145879735206
ResNet,165,,,,,,3842.218986740501,17087.319424587233
ResNet,166,,,,,,3725.251941951736,17005.93011170174
ResNet,167,,,,,,3845.633018868839,17578.849771781555
ResNet,168,,,,,,3739.267784674611,17563.96955034
ResNet,169,,,,,,4130.826629990361,17968.847437964265
ResNet,170,,,,,,3968.6058578295897,17091.266814648025
ResNet,171,,,,,,3688.232734937933,17105.115589835503
ResNet,172,,,,,,3727.1035052325183,17294.7063559612
ResNet,173,,,,,,3722.2331800376905,17101.505893714846
ResNet,174,,,,,,3650.777289372167,17158.383928483512
ResNet,175,,,,,,3834.321230465365,17898.313218490544
ResNet,176,,,,,,3586.2305710382507,17230.257738096996
ResNet,177,,,,,,3755.681162028528,17223.99825765274
ResNet,178,,,,,,3800.9716997416817,17212.743077074374
ResNet,179,,,,,,3652.171238598963,16982.233298587314
ResNet,180,,,,,,3798.0836529809912,17431.919693311927
ResNet,181,,,,,,3754.148082919065,17364.41827196224
ResNet,182,,,,,,3906.5026245689314,17307.46070918309
ResNet,183,,,,,,3812.09444935786,17059.25674224141
ResNet,184,,,,,,3735.757298056774,17247.34923649841
ResNet,185,,,,,,3853.4183205174254,17562.348480837136
ResNet,186,,,,,,3906.086869611756,17314.540228947088
ResNet,187,,,,,,3866.097297090142,17258.801890894796
ResNet,188,,,,,,3506.67813160088,17887.309795213885
ResNet,189,,,,,,3387.990931352051,16887.120403137505
ResNet,190,,,,,,3364.927076454372,17068.055320079384
ResNet,191,,,,,,3676.5732244333567,17430.241458485954
ResNet,192,,,,,,3592.497148159957,17566.76466877678
ResNet,193,,,,,,3641.266384635792,17962.290692781196
ResNet,194,,,,,,3696.259154432077,17133.173385460977
ResNet,195,,,,,,3455.725274532288,17839.900983818177
ResNet,196,,,,,,3429.785259674808,17465.571397343796
ResNet,197,,,,,,3419.546056001676,16742.439938867687
ResNet,198,,,,,,3381.9734286417747,17321.89724477493
ResNet,199,,,,,,3374.8669798580627,17105.62386783122
ResNet,200,,,,,,3715.235791092934,17749.094761302364
TabR,1,,,275.71929931640625,366.43367834439016,-1.2712194919586182,133400.18999136478,134273.71737985237
TabR,2,,,268.8700256347656,358.8549389203108,-1.180012345314026,129191.4691154215,128777.31570874492
TabR,3,,,261.27069091796875,350.2987564208586,-1.0797119140625,123175.61383088995,122708.62555042222
TabR,4,,,253.78909301757807,342.19464033646113,-0.9867810010910034,116019.48872639592,117096.9561456758
TabR,5,,,239.75259399414065,327.7166745071114,-0.8263023495674133,108030.58603325544,107398.58325825338
TabR,6,,,228.93760681152344,315.9119982289372,-0.6995819807052612,99505.30601133754,99800.1597049087
TabR,7,,,210.9375457763672,297.5070639917648,-0.5119812488555908,90806.99644640206,88510.29706651543
TabR,8,,,196.7514038085937,284.45960279976487,-0.3884227275848388,82316.7292399602,80917.18621477889
TabR,9,,,191.08688354492188,278.37182867524507,-0.333059549331665,74305.83134714625,77491.15997150408
TabR,10,,,169.4852294921875,255.5002446182782,-0.1307287812232971,67060.01143080671,65280.827061695534
TabR,11,,,159.42059326171875,244.16035970238903,-0.0399675369262695,60731.14888833831,59614.3802398423
TabR,12,,,145.1518096923828,227.4964371286944,0.083085149526596,55325.14430666163,51754.784537763495
TabR,13,,,139.70205688476562,225.05525363230248,0.1004524827003479,50877.13245750944,50650.01840763541
TabR,14,,,134.11158752441406,219.42151394348275,0.1451472640037536,47302.45302342907,48145.75194875559
TabR,15,,,125.47184753417967,209.82744026342212,0.2010507583618164,44489.052857007824,44027.66320449613
TabR,16,,,123.51956176757812,208.7092026001729,0.2241767048835754,42055.90987042983,43559.72094861183
TabR,17,,,119.33843994140624,205.58073231701457,0.2461374402046203,39909.22223633528,42263.773772159664
TabR,18,,,110.4669189453125,194.9307368977504,0.3142441213130951,37844.856254024686,37998.30118422012
TabR,19,,,106.3857192993164,189.44980989367605,0.3527385592460632,34840.08172958341,35891.51574094314
TabR,20,,,100.92598724365234,186.3513566492072,0.3789215683937073,32100.37515921805,34727.08391692612
TabR,21,,,97.2760238647461,176.7204161062043,0.4345895648002624,29673.261098555,31230.27713007984
TabR,22,,,90.95372772216795,169.91894896905995,0.4709037244319916,27253.92948526585,28872.64312202388
TabR,23,,,88.0,166.36503304105102,0.497743159532547,25056.56320591951,27677.611756080736
TabR,24,,,83.478271484375,158.35001282759657,0.5407983064651489,23104.767267965963,25074.90168476956
TabR,25,,,79.60808563232422,152.48716646819824,0.5724755525588989,21313.315871071813,23252.52682711376
TabR,26,,,79.45448303222656,149.09907177150703,0.5902822613716125,19866.4399455794,22230.725800376928
TabR,27,,,75.70706176757812,145.97476772545315,0.6062254905700684,18592.211641650247,21308.756507585786
TabR,28,,,72.9102554321289,143.17205831184378,0.6193032264709473,17667.449637280082,20498.32929926279
TabR,29,,,72.07621002197266,142.15799144349924,0.6234835386276245,16611.802239274406,20208.994319893776
TabR,30,,,70.08255004882812,140.5863071768549,0.630142867565155,15831.04988627348,19764.700485078043
TabR,31,,,69.70806884765625,140.391138876355,0.6332408785820007,15253.320305884505,19709.870212975984
TabR,32,,,69.22444915771484,139.06172752594438,0.6383978724479675,14594.99101626501,19338.33127768112
TabR,33,,,69.77312469482422,135.59939274384675,0.6564217805862427,14439.180991906447,18387.320856706585
TabR,34,,,69.37042999267578,135.22019802205955,0.6584979295730591,13893.64323488984,18284.68424399164
TabR,35,,,66.58628845214844,133.4775993612786,0.6677002906799316,13566.974712345957,17816.381632575445
TabR,36,,,66.21023559570312,133.44373521731922,0.6661487221717834,13095.89839749933,17807.36785626546
TabR,37,,,67.88079071044922,133.9958604771058,0.6630079746246338,12948.164463168245,17954.98770811917
TabR,38,,,68.34526062011719,133.56696003316088,0.6643785834312439,12690.71152922529,17840.188990214006
TabR,39,,,69.61893463134766,134.5736903150092,0.6593852043151855,12360.962505680094,18110.1762770854
TabR,40,,,66.2005615234375,134.61133287171626,0.6597275733947754,12145.390065867565,18120.38939276564
TabR,41,,,64.99169921875,130.7439948429755,0.6789177060127258,12025.196783155388,17094.132326172676
TabR,42,,,64.44800567626953,130.2067916575399,0.6807147264480591,11803.455278351428,16953.943367683027
TabR,43,,,66.6247787475586,133.6549823122019,0.6630756855010986,11646.529507847765,17863.816867345537
TabR,44,,,65.62211608886719,131.76057684062786,0.6730637550354004,11553.719654015133,17361.02211107722
TabR,45,,,63.52228546142578,131.23891322222232,0.6749793291091919,11347.114302636328,17223.835858481427
TabR,46,,,65.45046997070312,132.15866263463397,0.6702896356582642,11160.840560900466,17466.123716594342
TabR,47,,,64.9295425415039,131.7046811881605,0.6729151010513306,11059.188634526685,17346.302725143858
TabR,48,,,63.763519287109375,129.846987775516,0.6812164783477783,11070.477950400154,16860.334377590872
TabR,49,,,64.9057846069336,131.72328358152936,0.6722853183746338,10737.968257560988,17351.13054527001
TabR,50,,,64.29898071289062,131.71120604138054,0.6722584366798401,10626.33014303378,17348.045388047663
TabR,51,,,65.35751342773438,134.57973502026596,0.6567890048027039,10482.35028508631,18111.82899168114
TabR,52,,,66.29379272460938,133.07619410510657,0.6684494018554688,10631.3529573695,17709.472254572247
TabR,53,,,61.954376220703125,129.61246323174328,0.682424783706665,10324.706071818557,16799.52526126593
TabR,54,,,61.35296630859375,128.88326689052772,0.6861504316329956,10239.164669364003,16611.049219525416
TabR,55,,,62.89443588256836,129.6748789039342,0.6824974417686462,10110.242668177276,16815.74383279719
TabR,56,,,61.33872985839844,128.57539738418075,0.6875579953193665,10005.9753589337,16531.82876970295
TabR,57,,,62.05239868164063,129.71621670014895,0.6817607879638672,9965.98591231804,16826.422395328696
TabR,58,,,63.46556091308594,129.59492931100738,0.6828635931015015,9948.26069953294,16795.024190576554
TabR,59,,,63.18016815185547,129.3785703009776,0.6833082437515259,9885.289028945592,16738.941377264215
TabR,60,,,62.20509338378906,129.8107622055082,0.680903434753418,9629.137803568156,16850.97408953863
TabR,61,,,63.11742782592773,130.73029547985425,0.6767686605453491,9641.609978540871,17090.561506759903
TabR,62,,,61.85090255737305,130.61761342751598,0.6766729354858398,9533.291149088773,17061.13485473629
TabR,63,,,60.999244689941406,128.23879854835275,0.6879059076309204,8673.40095936529,16445.345502655367
TabR,64,,,60.09206771850586,127.88765363835948,0.6898219585418701,8446.064261129479,16355.402223714384
TabR,65,,,61.03893280029297,128.50791865192588,0.6866435408592224,8304.592184750723,16514.43721186529
TabR,66,,,60.37378692626953,129.27799805554696,0.6827782988548279,8270.480304178014,16712.879618955696
TabR,67,,,60.513702392578125,129.2352279396953,0.6824387311935425,8220.48095570046,16701.88386066539
TabR,68,,,60.29090881347656,128.70054420290927,0.6854133009910583,8223.977384252217,16563.91908774902
TabR,69,,,60.34344482421875,128.50210510192042,0.6863678693771362,8211.09669654932,16512.902988391408
TabR,70,,,60.88196563720703,129.15298734688642,0.6830775737762451,8110.36835712727,16680.652054630635
TabR,71,,,60.039100646972656,128.10685847174616,0.6880635023117065,7681.695114596688,16411.5578311346
TabR,72,,,59.45798110961914,127.86221145118482,0.6891276240348816,7538.1949506631745,16348.902175773988
TabR,73,,,60.8011360168457,128.35105819830625,0.6868206262588501,7527.332249799812,16474.12755225688
TabR,74,,,59.547401428222656,128.17169880671787,0.6876838803291321,7476.663570126374,16428.141506450967
TabR,75,,,60.19841766357422,129.03297937203882,0.6834027767181396,7429.142032654331,16649.646912761524
TabR,76,,,60.105838775634766,128.30420394515528,0.6869214773178101,7464.601382954687,16462.017395779178
TabR,77,,,59.29930114746094,128.28196178243456,0.6871209144592285,7443.586859607743,16456.392570740085
TabR,78,,,59.62068939208984,128.16084864341371,0.6877375841140747,7413.643624300204,16425.351887590048
TabR,79,,,59.72591400146485,128.2025298965469,0.6874178051948547,7127.3059581405,16436.084125857633
TabR,80,,,59.68283081054688,128.21105341876728,0.687296986579895,7106.779668035058,16438.22666348869
TabR,81,,,59.40717315673828,128.1267149275474,0.6876752972602844,7088.246244483293,16416.629053517485
TabR,82,,,59.55546569824219,128.89701860884912,0.6837395429611206,7114.449282962613,16614.63174421072
TabR,83,,,59.94085311889648,128.42861891436036,0.6862285137176514,7000.879673232069,16494.03453957895
TabR,84,,,59.704864501953125,128.53733954088983,0.6857256889343262,7039.150960542232,16521.989922300865
TabR,85,,,59.74363708496094,128.34001014151823,0.6865902543067932,6893.270847760498,16471.382186382416
TabR,86,,,59.44123077392578,128.37792870320428,0.6863383054733276,6922.39313104964,16481.01850188537
TabR,87,,,59.74462890625,128.57582271757005,0.6853048205375671,6879.96482219964,16531.89342382068
TabR,88,,,59.73770904541016,128.56607767263105,0.6854150295257568,6899.203261348436,16529.389425382342
TabR,89,,,59.84706115722656,128.48562814815125,0.685797393321991,6844.49392020208,16508.76959777576
TabR,90,,,59.683441162109375,128.57371122725672,0.6853179931640625,6832.704967884693,16531.422472747206
TabR,91,,,59.623565673828125,128.73488230419522,0.6844813823699951,6816.276988028661,16572.785628392136
TabR,92,,,59.63809585571289,128.55862597468908,0.6853777170181274,6790.271340991831,16527.466492862728
TabR,93,,,59.811500549316406,128.91291270660204,0.6836080551147461,6797.629137507717,16618.725768375632
TabR,94,,,59.57046890258789,128.4406705813038,0.6859986782073975,6812.9512578725935,16497.1386893834
TabR,95,,,59.73316955566406,128.62814318316967,0.6850494146347046,6815.327859876332,16545.302750252566
TabR,96,,,59.529518127441406,128.45465213938343,0.6859024167060852,6770.877430071445,16500.692662146852
TabR,97,,,59.59587860107422,128.58967566449493,0.685286283493042,6744.544230467273,16535.42049500583
TabR,98,,,59.592529296875,128.2475100269982,0.6870201826095581,6723.691051436369,16447.574889854015
TabR,99,,,59.71112060546875,128.90083700756173,0.6836380958557129,6739.435276312779,16615.549433503285
TabR,100,,,59.602638244628906,128.64970304571247,0.6849278211593628,6711.614785079018,16550.930937027366
TabR,101,,,59.79255294799805,128.86285254341144,0.6838297843933105,6702.521086537571,16605.750073172185
TabR,102,,,59.48848342895508,128.49870804311612,0.685677707195282,6699.656274577334,16512.082989442526
TabR,103,,,59.676849365234375,128.744144284313,0.6844176054000854,6699.540843402887,16575.161142997527
TabR,104,,,59.65486907958984,128.61462846912087,0.6850885152816772,6681.812718219037,16541.89634516938
TabR,105,,,59.77544403076172,128.9006703337884,0.6836369633674622,6705.523903342413,16615.474833568667
TabR,106,,,59.77069091796875,128.83070134628235,0.6839847564697266,6620.738801297166,16597.508765276925
TabR,107,,,59.5859603881836,128.6930471728174,0.6847104430198669,6717.070126235344,16562.080906866147
TabR,108,,,59.632938385009766,128.65421953097768,0.6849244832992554,6704.338379671647,16552.056469171926
TabR,109,,,59.664527893066406,128.77972199408958,0.6842511892318726,6712.844155049088,16584.402115617715
TabR,110,,,59.90631484985352,128.9210256683331,0.6835719347000122,6705.893665531663,16620.77897864677
TabR,111,,,59.752471923828125,128.87407553014688,0.6837395429611206,6712.017062297135,16608.68082668445
TabR,112,,,59.797157287597656,128.89497299157946,0.6836775541305542,6692.285654919885,16614.045495621238
TabR,113,,,59.70903015136719,128.90397346474623,0.6835851073265076,6672.417212664267,16616.38107027582
TabR,114,,,59.56043243408203,128.5643458180572,0.6853402853012085,6678.324117752156,16528.899853311003
TabR,115,,,59.620826721191406,128.6811102104734,0.684777557849884,6693.202082936404,16559.04467398807
TabR,116,,,59.660377502441406,128.735982246612,0.6844955086708069,6674.005419125323,16573.099946680926
TabR,117,,,59.75032424926758,128.68630099004324,0.6847747564315796,6678.274848038995,16560.30617352922
TabR,118,,,59.8266830444336,128.83979726534423,0.6839262843132019,6667.284612302434,16599.810330127788
TabR,119,,,59.71559143066406,128.82948092827976,0.684021532535553,6683.55925448029,16597.191388341584
TabR,120,,,59.58733749389648,128.56015281036733,0.6853641867637634,6661.817833970052,16527.803642196264
TabR,121,,,59.53569793701172,128.52619352441354,0.6855361461639404,6716.011477895969,16519.126054196404
TabR,122,,,59.51654815673828,128.60863750396004,0.6851527690887451,6672.155702063906,16540.302184506647
TabR,123,,,59.61629104614258,128.54027973995156,0.685524582862854,6661.076214098784,16522.713221592207
TabR,124,,,59.59099578857422,128.66735818574966,0.6848329305648804,6687.068744669911,16555.352525861967
TabR,125,,,59.6217155456543,128.755498972374,0.68436598777771,6672.026506547525,16578.093250533682
TabR,126,,,59.712646484375,128.79196828121698,0.6841869354248047,6653.341711658189,16587.48747777141
TabR,127,,,59.628883361816406,128.65164629242022,0.6849160194396973,6684.073916560326,16551.467862456477
TabR,128,,,59.72348785400391,128.82206720899956,0.6840771436691284,6681.54035214851,16595.257347435072
TabR,129,,,59.75825500488281,128.77353395350693,0.6843266487121582,6701.57408052461,16582.849653992187
TabR,130,,,59.80207061767578,128.99015072622794,0.6831427812576294,6667.165520197476,16638.66245480433
TabR,131,,,59.665313720703125,128.81275018170754,0.6840924024581909,6700.089103710689,16592.873596989517
TabR,132,,,59.647705078125,128.66752516175168,0.6848345994949341,6651.785497532635,16555.466334025547
TabR,133,,,59.59331130981445,128.63245544476712,0.6850226521492004,6681.309256899562,16546.536458210252
TabR,134,,,59.69125747680664,128.6753955574841,0.6848340034484863,6664.101482825589,16557.537268458345
TabR,135,,,59.56863021850586,128.4813793658443,0.6857826709747314,6674.670466853353,16507.591152110508
TabR,136,,,59.83404541015625,128.9050795401407,0.6836420297622681,6726.486835910423,16616.67249108641
TabR,137,,,59.78165435791016,129.01107480319277,0.6830739974975586,6700.5791499017705,16644.0408477413
TabR,138,,,59.54624938964844,128.3975987290066,0.6862564086914062,6710.532972044209,16486.13399919406
TabR,139,,,59.68855285644531,128.92438887532103,0.683502197265625,6699.279947601277,16621.706457503762
TabR,140,,,59.64801788330078,128.61113567164392,0.6851115226745605,6676.41025988635,16541.009575894263
TabR,141,,,59.754695892333984,128.711637185124,0.6846514940261841,6696.635989749336,16566.790371045132
TabR,142,,,59.436561584472656,128.5227667088598,0.6855698823928833,6676.563550067576,16518.172096978193
TabR,143,,,59.82453918457031,128.92805497398538,0.6835163831710815,6722.983428618774,16622.605705313395
TabR,144,,,59.779144287109375,128.80278044359136,0.6841735243797302,6695.30653818867,16590.313684540128
TabR,145,,,59.62368774414063,128.65193474060155,0.6849045753479004,6678.920235718715,16551.43002062114
TabR,146,,,59.53675079345703,128.59578142380877,0.6851929426193237,6687.650964980768,16536.9217200399
TabR,147,,,59.63763046264648,128.80231795031872,0.6841347217559814,6698.080279770683,16590.15300980766
TabR,148,,,59.68729019165039,128.73407820241306,0.6845035552978516,6670.712777726956,16572.58074036712
TabR,149,,,59.56729888916016,128.5851721015102,0.6852423548698425,6674.03351846874,16534.33056152913
TabR,150,,,59.64790344238281,128.82415188688415,0.6840158700942993,6705.43309869556,16595.784807435917
TabR,151,,,59.65938568115234,128.64849609255057,0.6849281787872314,6730.17258813886,16550.628610422675
TabR,152,,,59.65815734863281,128.54165484872988,0.6854782104492188,6674.487403439153,16523.106674583294
TabR,153,,,59.56151580810547,128.51977291938388,0.6855958700180054,6703.614050835959,16517.516770461625
TabR,154,,,59.65458297729492,128.62436983567693,0.6851142048835754,6681.635528526232,16544.32797256308
TabR,155,,,59.665313720703125,128.881455948868,0.6837750673294067,6699.692311018991,16610.54856214503
TabR,156,,,59.64811325073242,128.71414852785222,0.6845707893371582,6701.721023038047,16567.46137407147
TabR,157,,,59.532169342041016,128.51539608642227,0.685624361038208,6694.17344033774,16516.431374429638
TabR,158,,,59.59505462646485,128.67904598263075,0.6847493648529053,6682.636695380378,16558.44640552874
TabR,159,,,59.59416961669922,128.5545467277412,0.6854039430618286,6677.204417933181,16526.426600206138
TabR,160,,,59.836212158203125,128.9094128399862,0.68359375,6668.217215820474,16617.776670676674
TabR,161,,,59.49282836914063,128.47532137778447,0.6858232617378235,6722.278366340193,16506.073753408138
TabR,162,,,59.635353088378906,128.64352393338734,0.6849671602249146,6702.610012395285,16549.296094660807
TabR,163,,,59.58697509765625,128.57109839987368,0.6853152513504028,6665.8719701031305,16530.681422923903
TabR,164,,,59.80712890625,128.9274338654307,0.6834845542907715,6661.841110775054,16622.458153572232
TabR,165,,,59.59547424316406,128.54520271338404,0.685474693775177,6720.079368282349,16524.042489346033
TabR,166,,,59.84775161743164,128.8328920054968,0.6840230822563171,6696.970914259303,16598.066367602285
TabR,167,,,59.575645446777344,128.55614197938968,0.6853985786437988,6686.2325358922935,16526.763059111803
TabR,168,,,59.791446685791016,128.71667499541385,0.6846308708190918,6707.6745124403005,16568.087661323436
TabR,169,,,59.792755126953125,128.85432666387263,0.6839091181755066,6654.748958278717,16603.64418502064
TabR,170,,,59.75894927978516,128.66177195460975,0.6849689483642578,6693.744356101684,16554.017860259468
TabR,171,,,59.93609619140625,128.98001298650888,0.6832493543624878,6682.200167281261,16635.920805233738
TabR,172,,,59.77278518676758,128.87520459489093,0.6837446689605713,6672.740707086758,16608.976484896866
TabR,173,,,59.629188537597656,128.63266042543395,0.6850037574768066,6616.720343511288,16546.50129734468
TabR,174,,,59.797142028808594,128.78751728865262,0.6842391490936279,6660.482187286458,16586.3730767839
TabR,175,,,59.90838241577149,129.09321668372044,0.6826504468917847,6718.24273376299,16665.25253216376
TabR,176,,,59.67582702636719,128.70004340277046,0.6846243143081665,6713.9750937408,16563.874711311422
TabR,177,,,59.720306396484375,129.01163495253053,0.6830475330352783,6669.600377764785,16644.15560591246
TabR,178,,,59.64358901977539,128.46101518310914,0.6858993172645569,6713.014367832803,16502.422288647467
TabR,179,,,59.822383880615234,128.89580639512675,0.6836630702018738,6669.693434960881,16614.31281225876
TabR,180,,,59.62775421142578,128.61429437955175,0.6851051449775696,6645.977807917,16541.739515269048
TabR,181,,,59.96905517578125,129.1436639463973,0.6824361085891724,6710.314207751662,16678.236478777235
TabR,182,,,59.52219772338867,128.5299925479458,0.6855422258377075,6653.646557218527,16520.160687594525
TabR,183,,,59.595794677734375,128.591118593976,0.6852133274078369,6688.070992803695,16535.89044090026
TabR,184,,,59.78120422363281,128.8202629878157,0.6840589046478271,6733.884549832927,16594.771402771705
TabR,185,,,59.83335876464844,129.02566060187408,0.6830275654792786,6695.057124090785,16647.7773879364
TabR,186,,,59.72368621826172,128.84618676449062,0.6838990449905396,6668.665654442031,16601.51534985043
TabR,187,,,59.67512512207031,128.76965869334282,0.6843091249465942,6704.825519652544,16581.722369838437
TabR,188,,,59.75899505615234,128.82155930054952,0.6840521097183228,6715.342673581982,16595.159565272297
TabR,189,,,59.695899963378906,128.84119949573582,0.6839513778686523,6687.6500252535,16600.19243226065
TabR,190,,,59.80415344238281,128.96776183895724,0.6832898259162903,6631.288264163561,16632.846716519754
TabR,191,,,59.56194305419922,128.57856456511325,0.6852757930755615,6720.22151641169,16532.618578571542
TabR,192,,,59.71804428100586,128.94274104714077,0.6834241151809692,6695.563188357676,16626.34464018978
TabR,193,,,59.6708984375,128.69588516877687,0.6847074627876282,6676.815878856557,16562.751092721035
TabR,194,,,59.62870788574219,128.43071758247712,0.6860702037811279,6664.877882444402,16494.593855542724
TabR,195,,,59.56514739990234,128.49843445058,0.6857080459594727,6687.19072719248,16512.01312794535
TabR,196,,,59.64202117919922,128.4849060930894,0.6857612133026123,6664.836520478989,16508.474069968608
TabR,197,,,59.95797729492188,128.92590380476298,0.6835589408874512,6684.886344351426,16622.016540052326
TabR,198,,,59.67272567749024,128.74390155459793,0.6844253540039062,6694.384115471809,16575.13934008659
TabR,199,,,59.723777770996094,128.70687232768498,0.6846753358840942,6688.649277383289,16565.655122016004
TabR,200,,,59.79491424560547,128.87407553014688,0.6837928891181946,6656.585682234188,16608.677470672046
FTT,1,,,276.07403564453125,368.7421185598412,-1.2986829280853271,133612.32702676623,135970.24603774774
FTT,2,,,272.55096435546875,366.1106816933917,-1.2653567790985107,131971.33471138717,134037.43821879826
FTT,3,,,267.9193725585937,362.6562163399381,-1.2220793962478638,129765.62758748946,131518.60781333694
FTT,4,,,262.2857666015625,358.4506590871329,-1.1701492071151731,127017.14286620676,128486.6089264896
FTT,5,,,255.73117065429688,353.5635330106882,-1.1104575395584106,123790.55062607815,125008.7738106843
FTT,6,,,248.3267974853516,348.0744801762979,-1.0446120500564575,120160.11780394107,121155.82373319194
FTT,7,,,240.1317138671875,342.0480823290784,-0.9733731150627136,116195.7267862576,116997.19454619214
FTT,8,,,231.31765747070312,335.5753222079955,-0.8983097672462463,111966.05373856104,112611.71972850103
FTT,9,,,221.92344665527344,328.7360738495245,-0.8206362128257751,107548.49619679787,108067.80698174646
FTT,10,,,212.037338256836,321.63554199590567,-0.7416804432868958,103019.86813957748,103451.18365516786
FTT,11,,,201.85191345214844,314.39132661382376,-0.6629828810691833,98457.7662219946,98841.76278008516
FTT,12,,,191.413818359375,307.09220927923263,-0.5856015086174011,93944.08060061069,94305.85714943324
FTT,13,,,180.78421020507807,299.86598569194206,-0.5109313130378723,89544.30283103816,89919.18377135717
FTT,14,,,170.2182159423828,292.80195418576017,-0.4398112893104553,85321.764558336,85733.27287821588
FTT,15,,,159.90077209472656,286.02715124617106,-0.3728747963905334,81325.46651716263,81811.56902826355
FTT,16,,,150.02157592773438,279.5395209089405,-0.3111130595207214,77596.11901473059,78142.69525095905
FTT,17,,,141.24310302734375,273.46389158351417,-0.2542870640754699,74148.5584831943,74783.68237880865
FTT,18,,,134.07713317871094,267.8276177180016,-0.2030369639396667,71009.56592331883,71732.54512329852
FTT,19,,,128.50302124023438,262.61620939595485,-0.1573540568351745,68169.78568407422,68968.00593747046
FTT,20,,,125.1569366455078,257.8653354950991,-0.1159508228302002,65621.2815091428,66495.30772934588
FTT,21,,,122.4588851928711,253.5170420800148,-0.0792833566665649,63349.45925457952,64271.47361555026
FTT,22,,,120.25987243652344,249.5669374135925,-0.0470667481422424,61302.318869829694,62284.57604270055
FTT,23,,,119.654541015625,246.01244093287232,-0.0187186896800994,59478.658778319244,60522.6090276629
FTT,24,,,119.07568359375,242.729932872936,0.0084036886692047,57847.473193489765,58918.02262946738
FTT,25,,,119.47440338134766,239.76944492313865,0.03178471326828,56380.946504212254,57489.69246426194
FTT,26,,,117.24632263183594,236.9977254637689,0.0515342950820922,55061.91304832918,56168.32809693733
FTT,27,,,118.05259704589844,234.461667309392,0.0718346834182739,53864.96367197654,54972.68092201137
FTT,28,,,116.71377563476562,232.0668175601588,0.0898666083812713,52758.32689805639,53855.58919609308
FTT,29,,,113.6516571044922,229.950011551424,0.1031924188137054,51745.0547744553,52877.46192215513
FTT,30,,,113.60289001464844,227.8060269999457,0.1188178062438964,50834.907118291456,51896.03594495876
FTT,31,,,114.27617645263672,225.9374567773126,0.1331886351108551,49947.20995560664,51048.15244209243
FTT,32,,,113.5987548828125,224.27361915749253,0.1427247524261474,49167.76470963084,50299.15002550257
FTT,33,,,114.89080810546876,222.5586737946872,0.1563749313354492,48459.752706937616,49532.66136294487
FTT,34,,,110.31375122070312,221.0611128737933,0.1651171445846557,47813.18632136489,48868.36419722544
FTT,35,,,109.19847106933594,219.45671555001456,0.1750664114952087,47124.93054231431,48161.584340635534
FTT,36,,,109.89747619628906,217.785032342675,0.1879462599754333,46495.136601055725,47430.652979344886
FTT,37,,,107.54098510742188,216.31436903266504,0.1977174878120422,45852.95227907815,46792.20799805826
FTT,38,,,110.60330963134766,214.777901272454,0.2079618275165558,45206.827290155255,46129.806198453305
FTT,39,,,107.6606216430664,213.1403403570052,0.2190341055393219,44595.282501682486,45429.145711359175
FTT,40,,,106.02994537353516,211.57798133903253,0.2295179963111877,44027.112524929646,44765.58252086976
FTT,41,,,106.63233947753906,210.18855002711257,0.2390568554401397,43435.04137023094,44179.589821472175
FTT,42,,,104.1228485107422,208.74875561006343,0.2465448677539825,42854.78446753078,43576.37448601002
FTT,43,,,105.630126953125,207.4652267549914,0.2567950189113617,42321.13109536356,43042.21922324987
FTT,44,,,101.26659393310548,205.8233086290277,0.2672577202320099,41780.95126069187,42363.66111185781
FTT,45,,,102.08430480957033,204.26713514415383,0.2767826020717621,41200.13350091152,41725.41017828166
FTT,46,,,98.6918487548828,202.91646988354591,0.2855755686759949,40658.07920369498,41175.54312814105
FTT,47,,,100.28236389160156,201.4420473424057,0.2960436344146728,40177.26005687603,40579.10642448089
FTT,48,,,96.70559692382812,200.05087243623808,0.3041842877864837,39528.50415083871,40020.82987534758
FTT,49,,,97.00698852539062,198.4756557805012,0.3136916160583496,39057.7019834732,39392.84376513907
FTT,50,,,98.05393981933594,197.18323093635524,0.3217780292034149,38526.97432298559,38881.47008285381
FTT,51,,,93.89242553710938,195.7333964861388,0.3317325413227081,38037.09632745853,38311.89316701031
FTT,52,,,94.092041015625,194.62247108183576,0.3388952016830444,37500.7310126668,37878.43481669168
FTT,53,,,96.82542419433594,193.10302261681457,0.3470674753189087,37019.77342319207,37289.09988440149
FTT,54,,,91.35826110839844,191.59007754187064,0.3554360866546631,36507.73984635312,36706.98831558985
FTT,55,,,89.84998321533203,190.38488976281704,0.3644580543041229,36014.786129004744,36246.86616333558
FTT,56,,,93.17538452148438,188.97273695562544,0.3712401688098907,35537.80685559783,35711.042520424206
FTT,57,,,89.44793701171875,187.36672346630817,0.382557600736618,35112.11753538275,35106.56565120413
FTT,58,,,89.38502502441406,185.85921671388803,0.3913775980472564,34628.35030738668,34543.921540463416
FTT,59,,,88.34609985351562,184.5387937704428,0.3990813791751861,34170.68940240108,34054.89953483661
FTT,60,,,89.46182250976562,183.480691252513,0.4058599770069122,33714.24650532612,33665.48066525024
FTT,61,,,87.51809692382812,181.74716297648223,0.4159040153026581,33261.499789011854,33032.3556781123
FTT,62,,,88.00382995605469,180.51140459123351,0.4231492578983307,32845.90579257696,32584.71261479848
FTT,63,,,83.90887451171875,179.56410980830773,0.4278943836688995,32403.27832381256,32243.62961015533
FTT,64,,,86.33229064941406,177.7405720073501,0.4390767514705658,31990.617157714885,31592.030537909715
FTT,65,,,84.08232116699219,176.32336682215436,0.4473608434200287,31635.62611703408,31090.22223106361
FTT,66,,,82.89474487304688,175.32522792477698,0.4517739117145538,31235.080725058902,30739.245312549232
FTT,67,,,82.31184387207031,173.79422773426626,0.4610399603843689,30801.22867333533,30204.721736520565
FTT,68,,,85.42500305175781,172.9672001963089,0.4661928117275238,30408.744356120915,29917.982942203696
FTT,69,,,82.05030822753906,171.84070112316232,0.4727955758571625,30036.90660360592,29529.43892202664
FTT,70,,,83.76068115234375,170.42897393415828,0.4817431271076202,29701.30396801104,29046.33645622864
FTT,71,,,80.63531494140625,169.14644981309834,0.4879947006702423,29270.77842055264,28610.84903285942
FTT,72,,,82.3836441040039,167.9984305172224,0.4937319457530975,28871.868013329207,28223.71505914331
FTT,73,,,79.81346130371094,166.44735701190933,0.5033548474311829,28549.04192759411,27704.961932001686
FTT,74,,,79.847412109375,165.2162408784318,0.5096421241760254,28327.776253947144,27296.73239664321
FTT,75,,,76.78512573242188,164.37229085219928,0.5142210721969604,27911.667360647512,27018.65016286196
FTT,76,,,77.7338638305664,163.45965433020467,0.5202283263206482,27546.05560743848,26719.37575695364
FTT,77,,,78.62352752685547,162.59606535445437,0.5237658023834229,27406.452826533467,26437.72662557947
FTT,78,,,76.68833923339844,161.2200674737795,0.5313332676887512,27002.595999068417,25992.12077109082
FTT,79,,,76.79367065429688,160.238067515962,0.5366445779800415,26707.01119147964,25676.44005998027
FTT,80,,,74.47576904296875,159.66128698748486,0.5397024750709534,26519.112214370605,25491.945649744383
FTT,81,,,77.14077758789062,159.02467010852436,0.5433448553085327,26227.482563708145,25289.02696613476
FTT,82,,,75.099609375,157.76481952973546,0.5495808124542236,25898.672208359425,24889.95636180759
FTT,83,,,74.65261840820312,156.58044433094128,0.5555146932601929,25644.06176737236,24517.65761140881
FTT,84,,,75.00342559814453,155.2660078804276,0.5618472099304199,25464.314328799843,24107.675931348367
FTT,85,,,76.66233825683594,155.2319459107886,0.5629385709762573,25183.89622080136,24097.14383983748
FTT,86,,,74.55384063720703,154.1006608417855,0.5691734552383423,24869.80659760889,23747.26404610549
FTT,87,,,72.013427734375,152.78365653146608,0.5748990774154663,24630.89386080801,23343.06107206544
FTT,88,,,72.51396179199219,152.44373962219635,0.5766691565513611,24456.388985664868,23239.275203602065
FTT,89,,,75.35044860839844,151.40803985010174,0.5814265012741089,24293.14298579336,22924.68646205041
FTT,90,,,72.98550415039062,149.87122727736968,0.5901024341583252,23995.626088279754,22461.554029319585
FTT,91,,,71.3759994506836,149.46274880802238,0.5921910405158997,23853.922343038605,22339.33844769364
FTT,92,,,71.02568817138672,148.69643205621983,0.5961956977844238,23569.107336196645,22110.760841976145
FTT,93,,,71.59495544433594,148.58869273728402,0.5978658199310303,23354.73382696006,22078.771696137395
FTT,94,,,69.68623352050781,147.56318826607807,0.6011991500854492,23197.07564654313,21775.05270674312
FTT,95,,,71.00985717773438,146.05641568414583,0.6086463928222656,23066.68242365349,21332.667503992776
FTT,96,,,70.78048706054688,146.2745038232911,0.6084762215614319,22768.643683358885,21396.369268568626
FTT,97,,,71.03422546386719,145.49935566867643,0.6119557619094849,22718.514179883503,21170.205367859773
FTT,98,,,70.82588195800781,144.35860296497745,0.6173089146614075,22650.70752528904,20839.573417548425
FTT,99,,,70.8733901977539,143.80318309672424,0.6199976205825806,22347.917796285576,20679.57008165992
FTT,100,,,67.10555267333984,144.23021690599373,0.617163896560669,22200.300228717675,20802.55009740701
FTT,101,,,69.89497375488281,142.1538078214052,0.6284359097480774,22073.55147247696,20207.85037395971
FTT,102,,,69.0919418334961,141.94819147315684,0.6295987963676453,21828.46274108404,20149.53087773882
FTT,103,,,67.94449615478516,141.5456943666956,0.6304578185081482,21675.95519575774,20035.350882964874
FTT,104,,,68.05054473876953,141.78198355000893,0.629370391368866,21418.42975917812,20102.37909684231
FTT,105,,,66.57026672363281,140.9469924741213,0.6335415244102478,21411.31645137384,19866.22848202364
FTT,106,,,68.73673248291016,139.79571451541352,0.63918137550354,21382.83728679951,19543.057497398047
FTT,107,,,68.71891784667969,139.8554708775277,0.6388951539993286,21051.7786829878,19559.77320204434
FTT,108,,,67.45250701904297,138.52037587030293,0.6452126502990723,20906.55623097199,19188.14195206896
FTT,109,,,70.15196990966797,139.95881090520882,0.6373265981674194,20909.65747703592,19588.62049058719
FTT,110,,,67.14790344238281,138.42661497838847,0.6453227996826172,20831.90266255533,19162.08555613076
FTT,111,,,67.91797637939453,138.66929663095937,0.6444118022918701,20830.32845780557,19229.3640044792
FTT,112,,,66.08580780029297,137.64096467349393,0.6494392156600952,20513.42001967664,18945.21010842037
FTT,113,,,69.11204528808594,137.04805697956832,0.6518745422363281,20453.930007713054,18782.334040500344
FTT,114,,,66.01100158691406,136.85225981190445,0.6523191928863525,20233.95231775572,18728.779354661947
FTT,115,,,66.92027282714844,136.12482782358256,0.6555882692337036,20194.32290625111,18530.13809252853
FTT,116,,,66.64229583740234,136.51190424281685,0.6538724899291992,20111.94192996646,18635.64422551458
FTT,117,,,67.54431915283203,136.33687740528973,0.6552916765213013,19940.142340397942,18587.881362102988
FTT,118,,,67.04906463623047,135.5528465903612,0.6594733595848083,19947.19381265951,18374.69414377589
FTT,119,,,64.82485961914062,134.8302607679374,0.6624130010604858,19746.71656507112,18179.403274618347
FTT,120,,,65.44314575195312,134.20931646126508,0.6654613614082336,19821.500873306926,18012.245786352974
FTT,121,,,67.37333679199219,135.8429268723624,0.6576380729675293,19643.937653387184,18453.52737310504
FTT,122,,,66.68574523925781,135.0875800985235,0.6605028510093689,19498.6626231836,18248.74139263714
FTT,123,,,63.61364364624024,133.21103440593802,0.6697357296943665,19434.417646452297,17745.372178409172
FTT,124,,,65.13436126708984,133.13654586081915,0.6699222922325134,19271.541213336,17725.47235060689
FTT,125,,,63.10716247558594,133.03738313910117,0.6698629856109619,19119.764353594102,17699.03947682442
FTT,126,,,66.25054931640625,133.36384091087058,0.6694547533988953,19191.723351738565,17786.098905161954
FTT,127,,,64.80438995361328,133.0296093098262,0.6693367958068848,18962.91015694232,17697.021741585384
FTT,128,,,64.52162170410156,132.8159778956395,0.6706883907318115,19061.12562982593,17640.206639788044
FTT,129,,,64.56077575683594,132.89168227827503,0.6715714335441589,18921.195024264405,17660.359058402602
FTT,130,,,63.67990112304688,132.14658054599823,0.6742267608642578,18804.29337078749,17462.905911924812
FTT,131,,,63.34069442749024,132.00897371249047,0.6749102473258972,18819.503916942485,17426.48387796455
FTT,132,,,62.4238510131836,131.62024415672158,0.6760683059692383,18777.44953655532,17323.988670619565
FTT,133,,,64.06234741210938,131.92080069590995,0.6752009391784668,18757.44417175783,17403.32159673646
FTT,134,,,63.45185852050781,131.4681000399907,0.6767172813415527,18616.82924403412,17284.009353177582
FTT,135,,,64.10752868652344,132.47162874319542,0.6727497577667236,18561.25914318381,17548.865058306354
FTT,136,,,65.53089904785156,132.24943141418416,0.6728595495223999,18477.55282454574,17490.057208832553
FTT,137,,,62.079288482666016,131.5317214591218,0.6772680282592773,18576.851935760093,17300.73832823651
FTT,138,,,64.08367156982422,131.01732352059403,0.6794757843017578,18480.668771748056,17165.71146364432
FTT,139,,,63.50503921508789,131.63132107329167,0.6756350994110107,18274.69928275108,17326.985616834747
FTT,140,,,63.4654541015625,131.63034177194862,0.6754477024078369,18267.518427754607,17326.67296353625
FTT,141,,,63.030860900878906,130.78692117333446,0.6797541975975037,18376.85731475013,17105.328764318117
FTT,142,,,63.530052185058594,130.91786845671604,0.6794618964195251,18256.86060780525,17139.584805762006
FTT,143,,,63.67770385742188,130.0900003963602,0.6831802129745483,18080.174640600137,16923.57470033867
FTT,144,,,63.49757385253906,130.23538635630103,0.6829037070274353,17895.737324310907,16961.381084553323
FTT,145,,,63.47225570678711,129.867871556055,0.6835929751396179,18091.916427154967,16865.77772878093
FTT,146,,,63.43678283691406,129.01843224661738,0.6881879568099976,17832.909136356004,16645.856139915555
FTT,147,,,61.715633392333984,129.38956741658114,0.6866766214370728,17725.53856716863,16741.878287148083
FTT,148,,,64.17964172363281,129.2678148989531,0.6866588592529297,17858.381285997526,16710.327507990478
FTT,149,,,62.48821640014648,129.3501108305478,0.6864182353019714,17797.389606090637,16731.586743501768
FTT,150,,,62.30377960205078,129.22487515712675,0.6870654821395874,17800.89467306776,16699.201013283982
FTT,151,,,61.025177001953125,128.82146833166047,0.6886699199676514,17691.411829662626,16595.196674031886
FTT,152,,,61.69220733642578,129.10499451754373,0.6878588199615479,17705.394264168608,16668.267703422367
FTT,153,,,63.12222290039063,128.99609369085562,0.6882026791572571,17645.41208914389,16640.154772278805
FTT,154,,,63.231201171875,129.36485467467585,0.6862595677375793,17453.77295649195,16735.458070122706
FTT,155,,,60.759159088134766,128.16852919106157,0.6915032863616943,17521.233850314293,16427.361273815117
FTT,156,,,62.39540100097656,129.58291716840998,0.6840839982032776,17592.281526773862,16791.838386829648
FTT,157,,,61.43805694580078,128.65157797565095,0.6892774105072021,17514.250742366272,16551.411886104448
FTT,158,,,61.81810760498047,128.17017496282045,0.6909843683242798,17417.035484470878,16427.67783653297
FTT,159,,,60.93476486206055,127.2694683658457,0.695425271987915,17498.28406076243,16197.646679952126
FTT,160,,,60.88028717041016,127.87719175785416,0.6934500336647034,17473.249355143053,16352.68740759627
FTT,161,,,61.34383010864258,128.05277690028828,0.6921268701553345,17238.394403124777,16397.725527688995
FTT,162,,,63.4796028137207,129.60676703976532,0.684483528137207,17269.122263815738,16798.007373713055
FTT,163,,,60.49129486083984,127.63425070538472,0.6934609413146973,17256.279643403876,16290.651506023874
FTT,164,,,60.93840026855469,128.11769034026878,0.6912069320678711,17288.40453998676,16414.314413215696
FTT,165,,,62.1777458190918,128.27868831181584,0.6912186145782471,17332.607634940105,16455.582715462235
FTT,166,,,61.69990158081055,127.4118721165732,0.6946579217910767,16724.47774008125,16234.01058547348
FTT,167,,,59.929420471191406,126.51010875494298,0.6985077261924744,16592.355040965915,16004.93722472735
FTT,168,,,60.3389892578125,126.50155940244372,0.6982026100158691,16535.518302052504,16002.800916393917
FTT,169,,,60.052154541015625,125.8423492906899,0.7015256285667419,16364.992952697425,15836.394170620057
FTT,170,,,60.07347869873047,126.6682775562315,0.6976112723350525,16384.12546360776,16044.980635895208
FTT,171,,,61.05577087402344,127.12062507835816,0.6958595514297485,16536.237099737915,16159.78945156186
FTT,172,,,60.00323486328125,125.89132605768556,0.7014951109886169,16415.018022232434,15848.74690369039
FTT,173,,,60.034278869628906,125.51547619965038,0.7032711505889893,16393.449079055354,15754.235879276112
FTT,174,,,59.88413238525391,126.11936310495705,0.7003369331359863,16286.5971301335,15906.24158310637
FTT,175,,,60.75418472290039,126.29255548254814,0.6994882822036743,16256.3326401525,15949.95187454952
FTT,176,,,59.848243713378906,125.72920507110707,0.7016698122024536,16399.69140355765,15807.936308536517
FTT,177,,,60.53901672363281,126.31546879242462,0.6991422772407532,16149.229240783292,15955.72125407032
FTT,178,,,60.53012847900391,126.40654743475514,0.6990904211997986,16161.086192273497,15978.78444452896
FTT,179,,,60.01011276245117,126.10493677142462,0.7000441551208496,16390.194011801304,15902.655933371834
FTT,180,,,59.68667602539063,125.6399167138971,0.7024091482162476,16016.692023168018,15785.524161406149
FTT,181,,,59.81120681762695,125.9672886605884,0.700624942779541,15915.28771540053,15867.944051956803
FTT,182,,,59.94719696044922,125.7646767031586,0.7012364268302917,16002.610947841711,15816.844324546271
FTT,183,,,59.00081634521485,125.48405495071874,0.7029935121536255,15995.172552672882,15746.467578568096
FTT,184,,,59.15393829345703,125.06131308782103,0.7049130201339722,15857.026237777642,15640.541713191622
FTT,185,,,59.24107360839844,125.61084341877098,0.7022322416305542,15810.075969702386,15778.243929908802
FTT,186,,,59.23209381103516,125.14526715231784,0.7042677998542786,15926.139449349552,15661.472577785296
FTT,187,,,59.07462692260742,125.0085075229882,0.7050681114196777,15847.30906370402,15627.32021231134
FTT,188,,,59.81793594360352,125.54341256115352,0.7027497291564941,15817.21113823413,15761.275940247187
FTT,189,,,60.20008087158203,125.82330430508492,0.7014350295066833,15888.410157657716,15831.63859519498
FTT,190,,,60.10619354248047,125.5572034099398,0.7024016380310059,15896.834889282454,15764.809385658891
FTT,191,,,59.69179916381836,125.63481382687084,0.7021774053573608,15773.32174657785,15784.202366877087
FTT,192,,,59.89180374145508,125.97461456827324,0.7005122900009155,15661.97446957266,15869.824829728512
FTT,193,,,59.41069030761719,125.05211413646713,0.704645037651062,15832.08556731688,15638.161655541297
FTT,194,,,59.28599548339844,125.4692364560931,0.7025630474090576,15593.36591390945,15742.686440018748
FTT,195,,,58.99433517456055,124.71363291306608,0.7062656879425049,15652.792725338231,15553.659306984946
FTT,196,,,59.351524353027344,125.22222823968794,0.7038907408714294,15691.34080326606,15680.728418882632
FTT,197,,,59.62529754638672,125.25203497598352,0.7037763595581055,15651.62250446592,15688.2446714772
FTT,198,,,59.160400390625,125.50511225892356,0.7025579214096069,15608.43535112557,15751.677052255156
FTT,199,,,59.4810791015625,125.29951226336637,0.7035542130470276,15612.689536149466,15700.113190354024
FTT,200,,,59.64069366455078,125.85942446460852,0.7008603811264038,15397.093072665586,15840.71183464391
MLP,1,,,236.23025512695312,335.53446171742183,-0.9032278060913086,130359.43485361723,112583.07939052802
MLP,2,,,131.33740234375,238.13530161443936,0.0122114419937133,70924.55880046115,56708.64856685907
MLP,3,,,122.3887939453125,218.63906115445155,0.1581235229969024,50198.41069299744,47803.4133053002
MLP,4,,,117.39987182617188,211.48949072589872,0.2098178267478943,45088.75844915681,44727.97790261564
MLP,5,,,108.16539001464844,202.1641988118816,0.2763181924819946,41907.30149553888,40870.68532169668
MLP,6,,,103.06356048583984,196.47065620595865,0.3147812485694885,38495.05188071456,38601.01035574113
MLP,7,,,102.79718017578124,194.20595543134093,0.3294018507003784,37190.698876898125,37716.14209890566
MLP,8,,,102.37574768066406,192.41646929577,0.3406510353088379,36436.57562197349,37024.35293769398
MLP,9,,,99.78450012207033,190.51730564439544,0.3525421619415283,35759.32119931484,36297.119757142194
MLP,10,,,97.52017211914062,188.6589391269335,0.3638489246368408,35098.56125831768,35592.38696251369
MLP,11,,,96.45604705810548,187.0233002696456,0.3736372292041778,34503.5836480463,34977.991530673484
MLP,12,,,95.788330078125,185.575109036072,0.3821080327033996,33957.30745216166,34438.357915494926
MLP,13,,,94.7176742553711,184.3737076225892,0.389189213514328,33508.360669206275,33993.90803831835
MLP,14,,,93.97622680664062,183.37749231435137,0.3950508832931518,33131.3810672554,33627.5211081752
MLP,15,,,92.96563720703124,182.5652494657732,0.3999256193637848,32829.542503449906,33330.397001811274
MLP,16,,,92.6652374267578,181.8695660700272,0.4041394889354706,32563.996636620624,33076.87534690631
MLP,17,,,92.3676300048828,181.2812904025123,0.4077593684196472,32333.70034089186,32863.21887917445
MLP,18,,,91.92133331298828,180.5848841698136,0.41214719414711,32119.198664233027,32611.166042026067
MLP,19,,,92.05938720703124,179.94839212431157,0.4161132574081421,31894.28138083296,32381.755478436546
MLP,20,,,91.96231079101562,179.37571863967543,0.4197039604187011,31699.046421069324,32175.86433963119
MLP,21,,,90.90530395507812,178.85482066469442,0.4229159355163574,31503.89091186634,31989.33568241278
MLP,22,,,90.84669494628906,178.31222616522962,0.4263212084770202,31314.41891273504,31795.37509224988
MLP,23,,,91.35531616210938,177.87893091229213,0.4289593696594238,31158.93948311012,31640.99298051663
MLP,24,,,90.03301239013672,177.44145161151044,0.4315289258956909,30992.15054513528,31485.809668808783
MLP,25,,,90.6178741455078,177.13552478434414,0.4333761930465698,30844.616994173688,31377.289897549093
MLP,26,,,88.25399017333984,176.81662574719888,0.435135930776596,30704.27320254222,31264.31284038297
MLP,27,,,90.9782257080078,176.33124235724648,0.4380403757095337,30571.391078453744,31092.91694600102
MLP,28,,,90.10872650146484,175.9930307569024,0.4401012659072876,30447.1660934263,30973.887671650005
MLP,29,,,90.39353942871094,175.60719438209244,0.4424325823783874,30317.952926612063,30838.24584297065
MLP,30,,,88.47061157226562,175.25255213904876,0.4444078505039215,30218.684866509764,30713.814937390704
MLP,31,,,89.47215270996094,175.01372714018748,0.4458983242511749,30090.30042645945,30630.08324772988
MLP,32,,,89.23516845703125,174.5930927811149,0.44832444190979,29966.54650660922,30483.023189305364
MLP,33,,,88.38442993164062,174.26329307258027,0.4502273201942444,29848.077243831405,30368.042569595425
MLP,34,,,88.34063720703125,173.93563037981895,0.4521008133888244,29733.270773763103,30253.90757208414
MLP,35,,,87.95323181152344,173.6508822501343,0.4537080228328705,29598.756160210804,30154.920033387192
MLP,36,,,88.19001007080078,173.27563392612362,0.4558418095111847,29484.59685346733,30024.703563048453
MLP,37,,,88.57999420166016,173.01603633225736,0.4573374390602112,29366.39470236056,29934.74482440645
MLP,38,,,89.22438049316406,172.66875803109258,0.4594399333000183,29248.9321912496,29814.91902577729
MLP,39,,,89.0852279663086,172.298852379376,0.4615417718887329,29122.92062827144,29687.126245588744
MLP,40,,,87.8387680053711,171.88988571902652,0.463844746351242,29006.16888705768,29546.37239380248
MLP,41,,,89.27362060546875,171.6672835749433,0.4650298655033111,28875.639686568906,29469.93855653496
MLP,42,,,86.45477294921875,171.22506661555136,0.4676394164562225,28750.309547565965,29318.193439501312
MLP,43,,,88.95751953125,171.03605476989347,0.4686750769615173,28628.44809854664,29253.59544939168
MLP,44,,,87.01348114013672,170.71931916892123,0.4705458879470825,28510.39651042159,29145.377849161174
MLP,45,,,85.94586181640625,170.3297009662437,0.472752571105957,28400.956770153323,29012.492912760048
MLP,46,,,87.12742614746094,169.9511188915801,0.4749028384685516,28277.812152086484,28883.59642001548
MLP,47,,,87.39422607421875,169.6628089771002,0.4765106737613678,28167.808507579328,28785.6655914848
MLP,48,,,85.97724914550781,169.31503781782055,0.4785313010215759,28044.47726521945,28667.698197478003
MLP,49,,,86.2944107055664,169.06447549677608,0.4797936379909515,27947.355212868795,28583.059963343752
MLP,50,,,86.3844985961914,168.80562162032697,0.4812342226505279,27837.195729706986,28495.554099783967
MLP,51,,,85.536865234375,168.56411057814177,0.4827422201633453,27728.654087825347,28414.123509786
MLP,52,,,85.56163024902344,168.2324935171562,0.4845354557037353,27637.210151994543,28302.408066811804
MLP,53,,,86.2442855834961,167.91271449029702,0.4862754046916961,27545.62246714222,28194.95140449977
MLP,54,,,84.78215789794922,167.66496074761716,0.4876957833766937,27423.805051506093,28111.77639275776
MLP,55,,,83.89336395263672,167.4633122134517,0.4886325895786285,27327.12483772036,28044.192581682066
MLP,56,,,84.78975677490234,167.20041422085353,0.4902935624122619,27228.83916693868,27956.17607775428
MLP,57,,,86.69619750976562,166.92647263278823,0.4916040301322937,27123.677117056974,27864.539777728874
MLP,58,,,84.9908447265625,166.58675949036285,0.4935891330242157,27029.58579606686,27751.342629400915
MLP,59,,,85.08980560302734,166.33310892603433,0.4950385391712188,26953.220500921616,27666.98425111808
MLP,60,,,85.26969146728516,166.36039567757706,0.4948325455188751,26842.15556983477,27675.9680499102
MLP,61,,,84.02249908447266,165.86818232032928,0.4976005852222442,26753.01990507164,27512.51889159341
MLP,62,,,83.78436279296875,165.81153410951242,0.497736394405365,26650.234693774568,27493.725459378544
MLP,63,,,86.4517822265625,165.77172745978126,0.4979918897151947,26583.11849509112,27480.51817371828
MLP,64,,,83.71813201904297,165.65764418862474,0.4990223050117492,26500.90808509225,27442.70880842944
MLP,65,,,84.60858154296875,165.16636972307649,0.5014632940292358,26424.50255698126,27280.31637307943
MLP,66,,,84.63037872314453,164.99818299188934,0.5024166107177734,26313.71974857056,27224.59472308544
MLP,67,,,83.51605987548828,164.65013807692358,0.5042836666107178,26251.409792874685,27109.86890055377
MLP,68,,,83.51956939697266,164.5679297907858,0.5048346519470215,26165.61835250412,27082.835158268543
MLP,69,,,83.54689025878906,164.4022672250903,0.5058186054229736,26082.81158850782,27028.328271036666
MLP,70,,,83.94267272949219,164.05898805764954,0.5076509714126587,26003.39703423036,26915.575669762424
MLP,71,,,83.78103637695312,163.81603511065393,0.508981466293335,25939.51621147136,26835.8530656376
MLP,72,,,84.26298522949219,163.81812752638214,0.5088273286819458,25844.483816144493,26836.689091756565
MLP,73,,,82.15155029296875,163.8566565820565,0.5090954303741455,25747.196890064868,26849.30385540487
MLP,74,,,85.01469421386719,163.42483220505383,0.5110008120536804,25680.259182876784,26707.872630673584
MLP,75,,,83.24171447753906,163.35998400771226,0.5115771293640137,25631.38792195476,26686.58559114756
MLP,76,,,83.37480163574219,163.02628718246638,0.5133459568023682,25522.39872850487,26577.8012159137
MLP,77,,,81.33226776123047,162.97809477043225,0.513603925704956,25460.26916876701,26562.1352064428
MLP,78,,,82.06809997558594,162.6375259395875,0.5155408382415771,25399.38334538584,26451.28932404902
MLP,79,,,82.43500518798828,162.4372835704599,0.5167858600616455,25352.55756240966,26386.132335249964
MLP,80,,,82.78028869628906,162.26502241703233,0.5177066326141357,25235.95933298084,26330.195120492248
MLP,81,,,82.37310028076172,162.1113501385699,0.5184687376022339,25148.159931507776,26280.304127908177
MLP,82,,,81.699462890625,161.7823697324588,0.5203458070755005,25077.936769218537,26173.812535878373
MLP,83,,,81.41353607177734,161.77909803957988,0.520337700843811,25006.141933944986,26172.796775796
MLP,84,,,83.6456298828125,161.9255953748511,0.5194568634033203,24964.413537398905,26220.087896594472
MLP,85,,,83.06840515136719,161.38000452154844,0.522331953048706,24877.10372296693,26043.76791641557
MLP,86,,,81.11807250976562,161.3279608050012,0.5227117538452148,24809.58390517368,26026.89692642361
MLP,87,,,82.25621032714844,161.14405434269054,0.523740828037262,24760.114505378184,25967.60453923555
MLP,88,,,81.27452087402344,161.11640541468768,0.5242928266525269,24654.119324581927,25958.704647830706
MLP,89,,,81.96699523925781,160.75197437551117,0.5259125232696533,24617.321336747915,25841.41602165601
MLP,90,,,80.54042053222656,160.43421305553875,0.5276497602462769,24553.81067200017,25739.40547809192
MLP,91,,,79.42164611816406,160.38655696862503,0.5277702808380127,24443.396293525653,25724.03634694422
MLP,92,,,81.85891723632812,160.86851676913042,0.5256572961807251,24400.60473289153,25878.9171085922
MLP,93,,,80.31867218017578,159.92589226146276,0.5304574966430664,24327.69598526511,25576.55608983353
MLP,94,,,82.00035095214844,159.7881470983533,0.5310713052749634,24246.843267299613,25532.48558347956
MLP,95,,,81.22137451171875,159.58273838553154,0.5324720144271851,24167.022303557944,25466.864573732943
MLP,96,,,81.3330307006836,159.35507228356428,0.5335617065429688,24120.101797165466,25394.39457088237
MLP,97,,,79.38140869140625,159.53793142227963,0.5327733159065247,24031.29329838629,25452.586973664907
MLP,98,,,82.6007308959961,159.33177722719032,0.5336800813674927,23977.254725956027,25386.769265516195
MLP,99,,,80.75494384765625,159.16884951600926,0.5344834923744202,23936.721269242167,25334.979678441174
MLP,100,,,79.61356353759766,158.83123536674077,0.5364195108413696,23857.399145434927,25227.52622678184
MLP,101,,,81.55810546875,158.71183104135622,0.5368458032608032,23795.124421744167,25189.66077695198
MLP,102,,,80.49249267578125,158.53550346649484,0.5380831956863403,23728.40215663917,25133.696087177428
MLP,103,,,81.23345947265625,158.27284343421016,0.5396783351898193,23656.58387681936,25050.42522110431
MLP,104,,,80.33894348144531,158.27832240629164,0.5394349694252014,23581.678506464847,25052.265644877727
MLP,105,,,81.44367218017578,158.28387522502095,0.5391896367073059,23504.765143561173,25053.98612393214
MLP,106,,,80.24285125732422,157.95934999233188,0.5412306785583496,23456.53188617988,24951.39053865805
MLP,107,,,80.38986206054688,157.93159491335166,0.541358232498169,23405.563230119915,24942.63937159556
MLP,108,,,80.28246307373047,157.70495097649916,0.5424872636795044,23355.538946698063,24871.07331379039
MLP,109,,,79.15782165527344,157.47644293076027,0.543824315071106,23280.16306759104,24799.031524657243
MLP,110,,,78.26774597167969,157.51121611848788,0.5436760187149048,23210.860473541463,24809.91147458014
MLP,111,,,79.86283874511719,157.13996547664124,0.5455904603004456,23176.59594246747,24693.1842361144
MLP,112,,,78.86531829833984,157.07896352233166,0.5460347533226013,23098.563090579115,24674.031473393632
MLP,113,,,78.76029968261719,156.72057887766368,0.5478328466415405,23061.9543733132,24561.580513650275
MLP,114,,,80.4925537109375,157.2745037545819,0.5445796847343445,22978.084272964446,24735.46677699728
MLP,115,,,78.85504150390625,156.95202292420444,0.5463732481002808,22924.095934744262,24634.16481317646
MLP,116,,,78.75892639160156,156.5066517156699,0.5489336848258972,22859.062711326613,24494.480785193544
MLP,117,,,80.968994140625,157.0854415198939,0.5453949570655823,22827.119285273577,24676.06165621209
MLP,118,,,78.42445373535156,156.41510651748123,0.5495490431785583,22830.310153068407,24465.89546150294
MLP,119,,,77.63758087158203,156.39099888180905,0.5495742559432983,22728.185730585767,24458.25895568461
MLP,120,,,80.21967315673828,156.64654680202815,0.5479726791381836,22663.68359498079,24538.314575714565
MLP,121,,,77.92268371582031,156.05866409983457,0.5513630509376526,22628.02326982027,24354.51790983069
MLP,122,,,77.88024139404297,155.81005563666292,0.5527574419975281,22537.97786779877,24277.019378689994
MLP,123,,,78.90247344970703,156.23937463872542,0.5502808690071106,22492.891258102904,24410.9018608382
MLP,124,,,79.11074829101562,155.873414937811,0.5522165298461914,22446.302152888344,24296.688477454845
MLP,125,,,77.52963256835938,155.69823828884512,0.553382396697998,22400.96000185357,24242.06702301336
MLP,126,,,76.9063720703125,155.54290630923995,0.553997278213501,22369.17693893092,24193.773195767164
MLP,127,,,79.30535888671875,155.38342822072437,0.5548937320709229,22288.91233056332,24144.14944455604
MLP,128,,,76.7014389038086,156.0126071628508,0.5518183708190918,22219.2869657726,24340.080928374708
MLP,129,,,78.25996398925781,155.0611648471338,0.5570635795593262,22175.46700186305,24044.20182476289
MLP,130,,,78.85935974121094,155.4058949573664,0.555260419845581,22158.081342007696,24151.2054815259
MLP,131,,,78.09820556640625,154.84534244892546,0.5580251216888428,22128.66737370927,23977.166594725302
MLP,132,,,76.6659927368164,154.8159567639912,0.5583052635192871,22058.243151346906,23968.24008083034
MLP,133,,,78.053466796875,154.91390628144072,0.5575182437896729,21981.913788218484,23998.49567459462
MLP,134,,,78.6849136352539,155.01151670924324,0.5569626688957214,21964.927895654622,24028.760775081137
MLP,135,,,77.18864440917969,154.60899523071097,0.5596175193786621,21913.010783457423,23904.12190689052
MLP,136,,,77.06797790527344,154.06194218965953,0.5623055100440979,21866.446752462565,23735.276133793464
MLP,137,,,77.12115478515625,154.4008708079394,0.5601793527603149,21798.508882117905,23839.78158976756
MLP,138,,,76.39019775390625,154.63382907291015,0.5585496425628662,21707.11745827376,23911.87685102857
MLP,139,,,78.06651306152344,154.1156855457938,0.5615532398223877,21695.455269035887,23751.81688626938
MLP,140,,,76.89990234375,153.8292732626011,0.5634984374046326,21697.79663918067,23663.57422133472
MLP,141,,,78.12650299072266,153.95741218150232,0.5623359680175781,21613.10863266449,23703.075946388974
MLP,142,,,75.4767837524414,153.48065839056073,0.5651994943618774,21544.30819591257,23556.528219969987
MLP,143,,,77.63279724121094,153.58127174642746,0.5646100044250488,21552.0723157643,23587.37296828721
MLP,144,,,76.82438659667969,153.46233251192294,0.5650801658630371,21453.38145203108,23550.948461242497
MLP,145,,,76.55252075195312,153.45425061317135,0.5651735067367554,21418.022977384608,23548.43727297545
MLP,146,,,77.06575012207031,153.13021037053727,0.5669893622398376,21346.383776977684,23448.98201182768
MLP,147,,,76.20438385009766,152.68183319406404,0.5694904923439026,21315.41805812073,23311.94035999238
MLP,148,,,78.36994171142578,153.42059479173582,0.5653923749923706,21326.49259916843,23538.0389126478
MLP,149,,,75.84264373779297,152.64651005263764,0.5697271823883057,21219.79626855908,23301.07700341626
MLP,150,,,76.8284912109375,152.53120838454666,0.5705352425575256,21197.08737804719,23265.94235041119
MLP,151,,,77.16435241699219,152.5844924746614,0.5700323581695557,21134.62028596725,23282.29167811328
MLP,152,,,77.47250366210938,152.499180325666,0.5703504085540771,21056.02554858149,23256.21930786868
MLP,153,,,75.10008239746094,152.33292589752224,0.571496844291687,21057.88441428066,23205.4810764053
MLP,154,,,75.3048324584961,152.3394903250631,0.5713993310928345,21019.64205336237,23207.53018288
MLP,155,,,75.26817321777344,152.2472482817834,0.5720085501670837,20973.38427600142,23179.363584893028
MLP,156,,,74.66472625732422,152.96675496656127,0.568321704864502,20943.497866041205,23399.05465506792
MLP,157,,,75.1243667602539,151.93926109633415,0.5733354687690735,20913.91731993914,23085.695833567188
MLP,158,,,75.78333282470703,152.45418753473123,0.5710487365722656,20936.966412837803,23242.51381877324
MLP,159,,,74.43939971923828,152.11581987502154,0.5723507404327393,20884.012814445265,23139.42812971404
MLP,160,,,74.80245208740234,151.8207593471657,0.5741174817085266,20805.685532551684,23049.765127441453
MLP,161,,,77.01505279541016,152.109335676677,0.5723271369934082,20790.233146440973,23137.46000977024
MLP,162,,,75.03987884521484,151.32443932656747,0.5764809846878052,20687.82237274987,22899.22818871949
MLP,163,,,75.6765365600586,151.35568363543538,0.5763198137283325,20639.92593702184,22908.68808870069
MLP,164,,,75.80889129638672,151.21757787828437,0.5770496726036072,20685.696709169533,22866.9349861139
MLP,165,,,75.024658203125,151.47602558862243,0.5760913491249084,20589.19948170825,22945.175546102048
MLP,166,,,75.00874328613281,151.09087704093852,0.5777976512908936,20580.67767965101,22828.67128949944
MLP,167,,,74.77776336669922,151.14090848856904,0.5773683786392212,20510.577450250243,22843.777234514822
MLP,168,,,75.01118469238281,151.69432411514282,0.5746712684631348,20422.098424585936,23011.354022230065
MLP,169,,,73.98736572265625,150.9991721831613,0.5780757665634155,20467.21475697932,22800.92685021623
MLP,170,,,75.59488677978516,150.98710365044423,0.5781740546226501,20423.075864146773,22797.198508752102
MLP,171,,,76.10247802734375,151.22006418627126,0.5768805742263794,20377.619516785144,22867.630110113983
MLP,172,,,74.55951690673828,150.70660393211045,0.5797185897827148,20388.91335393429,22712.72464008393
MLP,173,,,74.72979736328125,152.00222294838323,0.5727903842926025,20405.427736190413,23104.8502204766
MLP,174,,,76.27528381347656,151.12403716608088,0.5773178339004517,20319.49394089858,22838.666917015235
MLP,175,,,74.81403350830078,150.46703334950152,0.5808799266815186,20232.572203977816,22640.486254522028
MLP,176,,,74.65057373046875,150.81848309723182,0.5789235234260559,20185.885206447765,22746.44123073522
MLP,177,,,74.05126190185547,150.62712654100525,0.5798429250717163,20172.1888492072,22688.66887395577
MLP,178,,,76.26094055175781,150.68793420717202,0.5800314545631409,20168.068070877864,22706.995422153657
MLP,179,,,74.206787109375,150.0526730435016,0.5829778909683228,20066.695186790203,22516.00704729988
MLP,180,,,74.05699157714844,150.0978717162572,0.5827971696853638,20107.536808000725,22529.496311481867
MLP,181,,,73.7265625,150.3250189693153,0.5818818807601929,20051.151489920325,22597.77732756473
MLP,182,,,75.66876220703125,150.45069011556578,0.5810702443122864,20020.90829298804,22635.523089609032
MLP,183,,,74.40034484863281,150.19530254388783,0.5819625854492188,19988.28248495913,22558.843279211764
MLP,184,,,74.46895599365234,149.87476542934104,0.5837456583976746,19948.00185870804,22462.655739517853
MLP,185,,,74.07267761230469,150.76899237741162,0.5786212682723999,19882.444188758112,22731.483521488623
MLP,186,,,75.92334747314453,150.2624916812243,0.5814712047576904,19892.48380819051,22579.04868331916
MLP,187,,,74.22982788085938,150.0945014815666,0.5830644965171814,19850.26885345404,22528.46386137188
MLP,188,,,72.94876098632812,149.6238643440611,0.5850937366485596,19891.1078598208,22387.441875438173
MLP,189,,,75.6173095703125,149.69616363237236,0.5845557451248169,19808.546790690896,22409.140812822967
MLP,190,,,74.96106719970703,149.5079951875484,0.585705578327179,19826.016822958514,22352.83716001089
MLP,191,,,75.45004272460938,149.86635973843497,0.5840429663658142,19738.16122468327,22460.10803396125
MLP,192,,,74.53335571289062,149.93767585441958,0.5830463171005249,19768.365515548936,22481.51429460783
MLP,193,,,72.30228424072266,149.93133845197275,0.5835119485855103,19711.081620166195,22479.601378184867
MLP,194,,,73.14106750488281,149.50695008928514,0.5858323574066162,19636.71637809876,22352.528373576188
MLP,195,,,74.44454956054688,150.29441809120857,0.5811967849731445,19619.61418078813,22588.59111807837
MLP,196,,,72.08821105957031,149.30786932961706,0.5866084098815918,19669.322404088856,22293.077524421908
MLP,197,,,73.43388366699219,149.26018730935922,0.5869183540344238,19633.67214254294,22278.785555343035
MLP,198,,,73.78055572509766,149.60824493698533,0.58492511510849,19606.555020751734,22382.78407546791
MLP,199,,,73.1148681640625,149.3159009658717,0.5865522027015686,19525.616106912683,22295.40792065206
MLP,200,,,75.14483642578125,149.72988700489958,0.5840823650360107,19453.54431003399,22419.20248614344
LSTM,1,,,279.0520935058594,370.7266091744697,-1.3254523277282717,134968.10673218654,137438.08080793908
LSTM,2,,,273.3553161621094,366.2329774201117,-1.2695380449295044,132793.9055867889,134126.85044393176
LSTM,3,,,266.9974060058594,361.78785651953547,-1.2139430046081543,129374.87851562808,130891.59165342303
LSTM,4,,,262.4294128417969,358.46136036538167,-1.1726828813552856,126616.06922823568,128494.68829584752
LSTM,5,,,258.5683288574219,355.6108301219185,-1.1377006769180298,124442.59513346932,126458.53773149244
LSTM,6,,,255.00857543945312,352.98343401284427,-1.1057475805282593,122520.0790071686,124596.314106711
LSTM,7,,,251.69952392578125,350.49237687858493,-1.075697898864746,120736.04058271006,122845.35319013492
LSTM,8,,,248.47994995117188,348.1020414332556,-1.0470728874206543,119044.98673030097,121176.05232482
LSTM,9,,,245.2640991210937,345.7893822473443,-1.019585371017456,117425.18468555289,119568.60269706888
LSTM,10,,,242.2810821533203,343.53440966663004,-0.992952048778534,115862.8903046254,118014.35662387357
LSTM,11,,,239.29058837890625,341.32847083125074,-0.9670894742012024,114350.01940789408,116506.01440058132
LSTM,12,,,236.35906982421875,339.17291404975134,-0.9419724345207214,112880.3729650121,115040.37115664483
LSTM,13,,,233.5047912597656,337.060848549635,-0.9175272583961488,111450.12758810486,113612.07881376626
LSTM,14,,,230.6925201416016,334.98633367646505,-0.8936722874641418,110056.15868524076,112217.12929875815
LSTM,15,,,227.9029235839844,332.95089258778086,-0.8704051971435547,108694.9762468024,110857.6131105354
LSTM,16,,,225.13619995117188,330.94343124996453,-0.8476016521453857,107366.16761148248,109526.28624023222
LSTM,17,,,222.4233245849609,328.9755642521189,-0.8253825306892395,106066.43513325269,108226.60790047894
LSTM,18,,,219.7313537597656,327.0374476837477,-0.8036347031593323,104795.635244233,106954.1486196612
LSTM,19,,,217.1108245849609,325.1264898081976,-0.7823229432106018,103552.4309213668,105706.9036101396
LSTM,20,,,214.5074157714844,323.24668888482057,-0.7614832520484924,102334.89838408372,104487.92354005184
LSTM,21,,,211.9336700439453,321.3943255566284,-0.7410683631896973,101143.28858212272,103293.40547089162
LSTM,22,,,209.4045562744141,319.56543979676525,-0.7210290431976318,99976.42963605298,102122.3037794018
LSTM,23,,,206.9161071777344,317.7648624572893,-0.7014036774635315,98833.30468596151,100975.74827045326
LSTM,24,,,204.36593627929688,315.99171765253595,-0.6821911931037903,97713.71016093316,99851.81301866708
LSTM,25,,,201.9144287109375,314.2456244723226,-0.6633835434913635,96616.8355670938,98750.7372004679
LSTM,26,,,199.47622680664065,312.52466152689453,-0.644954264163971,95542.29925602447,97671.64578828536
LSTM,27,,,197.0570373535156,310.82768789556053,-0.6268748641014099,94489.3912437796,96614.93448646295
LSTM,28,,,194.65756225585932,309.15661484108665,-0.609166145324707,93458.00863442144,95578.52437759947
LSTM,29,,,192.33062744140625,307.5128554223384,-0.5918521285057068,92447.1052925932,94563.96412359783
LSTM,30,,,189.96176147460932,305.8896476876915,-0.5748416781425476,91457.03515449612,93568.56317547342
LSTM,31,,,187.6737060546875,304.29118455847515,-0.5581782460212708,90486.67497917503,92594.1864675891
LSTM,32,,,185.40017700195312,302.7189032336765,-0.5418782830238342,89536.18252170128,91639.01822473572
LSTM,33,,,183.0800628662109,301.1685833964094,-0.5258896350860596,88605.0835970916,90702.76987132526
LSTM,34,,,180.85694885253903,299.6413350782899,-0.5102155208587646,87692.96091762274,89785.77232410121
LSTM,35,,,178.65939331054688,298.1405394272976,-0.4948975443840027,86799.71461405385,88887.19441941779
LSTM,36,,,176.46559143066406,296.66071213593483,-0.4798690676689148,85924.75155664144,88007.66570490476
LSTM,37,,,174.28868103027344,295.2043783550644,-0.465153694152832,85068.31445492503,87144.9280901432
LSTM,38,,,172.14492797851562,293.76928128209727,-0.4507263302803039,84229.51606316118,86301.12449807205
LSTM,39,,,170.00070190429688,292.3600760406591,-0.4366270303726196,83408.5721402229,85474.76298464726
LSTM,40,,,167.91748046875,290.9747358019249,-0.4228348135948181,82604.96305095076,84666.15100498826
LSTM,41,,,165.84959411621094,289.6098399139781,-0.4093110561370849,81818.65144530419,83874.13961745163
LSTM,42,,,163.80831909179688,288.2684024914975,-0.3960837721824646,81049.21159708027,83099.03375988593
LSTM,43,,,161.7871551513672,286.94785294979994,-0.3831229209899902,80296.69607048192,82339.8823169723
LSTM,44,,,159.79336547851562,285.6547440749059,-0.3704917430877685,79560.31910386439,81598.85719472737
LSTM,45,,,157.83480834960938,284.382335070236,-0.3581230044364929,78840.67210411152,80873.00320677561
LSTM,46,,,155.9502716064453,283.1312637276216,-0.3460115194320678,78136.77492700185,80163.80905296854
LSTM,47,,,154.05184936523438,281.8853379478968,-0.3340858221054077,77447.74814489203,79460.4239092975
LSTM,48,,,152.1210479736328,280.5773901706978,-0.3222758769989013,76723.8782291002,78722.56274616378
LSTM,49,,,150.27459716796875,279.34743991577943,-0.3106510043144226,76033.69831759646,78035.17042189519
LSTM,50,,,148.51104736328125,278.1451958959565,-0.2994089722633362,75367.846015761,77365.02277236545
LSTM,51,,,146.76596069335938,276.9634170337303,-0.2882483601570129,74717.4609170689,76709.09321607076
LSTM,52,,,145.07373046875,275.79607785916755,-0.2774301767349243,74081.34496823578,76064.28533041087
LSTM,53,,,143.49072265625,274.6544135363566,-0.2668452858924866,73457.62420435592,75435.49211192771
LSTM,54,,,141.9033660888672,273.5287062174645,-0.2564905285835266,72846.74498077753,74818.74273422976
LSTM,55,,,140.41207885742188,272.4211468480375,-0.2463734149932861,72247.52177119518,74214.20207092668
LSTM,56,,,138.99014282226562,271.3292510954173,-0.2363234162330627,71660.35469849095,73620.59122977518
LSTM,57,,,137.62266540527344,270.25768952982634,-0.2265653610229492,71085.07338104366,73040.13091753119
LSTM,58,,,136.32606506347656,269.20685007072166,-0.2170286774635315,70522.33131902269,72473.26963106942
LSTM,59,,,135.06866455078125,268.1698534744351,-0.2076724171638488,69972.15195355886,71916.19800380865
LSTM,60,,,133.9154815673828,267.15007778868414,-0.1985695362091064,69432.78861553867,71369.96166676021
LSTM,61,,,132.78689575195312,266.1504068426348,-0.1896282434463501,68905.32550430998,70837.01378455648
LSTM,62,,,131.76864624023438,265.1690203907689,-0.1809457540512085,68388.4336664589,70315.19860198665
LSTM,63,,,130.78369140625,264.2015092689669,-0.1722573041915893,67882.96809958911,69803.110192633
LSTM,64,,,129.85227966308594,263.2484271083115,-0.1638576984405517,67387.33627910572,69300.8347792994
LSTM,65,,,128.94387817382812,262.3101396724877,-0.1558199524879455,66901.38982652509,68807.09215128931
LSTM,66,,,128.1571044921875,261.38662695325485,-0.1476826071739196,66426.13657271679,68323.90993347178
LSTM,67,,,127.40240478515624,260.48109036454065,-0.1397210359573364,65959.6803252953,67851.20440677482
LSTM,68,,,126.719482421875,259.59015172960625,-0.1320490837097168,65502.50800078007,67387.75169939168
LSTM,69,,,126.06108856201172,258.70983987857903,-0.1244016885757446,65053.92819919816,66931.77454351388
LSTM,70,,,125.329345703125,257.8445358883915,-0.1171201467514038,64613.17207857264,66484.7979652594
LSTM,71,,,124.80917358398438,256.9947561478638,-0.1097866296768188,64181.83536604428,66047.15483861994
LSTM,72,,,124.25685119628906,256.15975545057813,-0.1027338504791259,63758.34450908963,65618.63992158699
LSTM,73,,,123.68650817871094,255.33911275008376,-0.0958073735237121,63342.606922897416,65199.1110511292
LSTM,74,,,123.29226684570312,254.5264751700695,-0.0889397263526916,62933.634992844185,64783.92824768803
LSTM,75,,,122.9621124267578,253.73633737848823,-0.0820651054382324,62533.349253815206,64382.66078162909
LSTM,76,,,122.51979064941406,252.9484029031415,-0.0755090117454528,62140.21371797731,63983.54599557988
LSTM,77,,,122.32936096191406,252.17731546969088,-0.0691199898719787,61753.890614230586,63594.02170192225
LSTM,78,,,121.94865417480467,251.4201538262197,-0.0628157258033752,61376.529071532765,63212.53618029134
LSTM,79,,,121.67717742919922,250.6701798429562,-0.0566775798797607,61006.371127873645,62836.30293604468
LSTM,80,,,121.46273040771484,249.9356635966544,-0.0507640838623046,60641.87823654648,62468.386320457
LSTM,81,,,120.99365234375,249.20942968465292,-0.0448684692382812,60284.399894416696,62105.989822973774
LSTM,82,,,120.95562744140624,248.49676965958733,-0.0388907790184021,59935.23135768795,61751.10030768011
LSTM,83,,,120.6943588256836,247.7956725055948,-0.0330534279346466,59591.43029049471,61403.13956403409
LSTM,84,,,120.38955688476562,247.1047664959136,-0.0275110006332397,59253.31423378287,61061.23282293735
LSTM,85,,,120.33597564697266,246.42164068928687,-0.0220834612846374,58922.91764717539,60723.945608265785
LSTM,86,,,120.32763671875,245.75620700452308,-0.016614407300949,58598.18490131035,60396.54991807669
LSTM,87,,,119.9253387451172,245.0887913083746,-0.0114160180091857,58278.44082190176,60069.42747116437
LSTM,88,,,119.97604370117188,244.43913800269385,-0.006119281053543,57964.70296392038,59751.06219303376
LSTM,89,,,119.81982421875,243.8027987688,-0.0009964406490325,57656.38830748429,59440.51378431031
LSTM,90,,,119.54866027832033,243.175235812572,0.0039701163768768,57353.09654395446,59134.631823906246
LSTM,91,,,119.5558090209961,242.55362648031053,0.0089377760887146,57054.87309230653,58832.689510050375
LSTM,92,,,119.3589324951172,241.94449905918503,0.0137591063976287,56763.78305018398,58537.64234211548
LSTM,93,,,119.0117645263672,241.3382529640712,0.0183872282505035,56475.12312039931,58244.61163466045
LSTM,94,,,118.912841796875,240.75075447701093,0.022980511188507,56192.24177543156,57961.06450697333
LSTM,95,,,118.76547241210938,240.15512564798613,0.0275315046310424,55912.38924402304,57675.03145382361
LSTM,96,,,118.74231719970705,239.5802563208204,0.0320824086666107,55639.32785318007,57399.148834316016
LSTM,97,,,118.38160705566406,239.00992068845176,0.036607027053833,55369.07561668109,57126.38094522462
LSTM,98,,,118.23965454101562,238.44206253826107,0.0407930016517639,55102.77851552346,56854.81229346859
LSTM,99,,,118.42897033691406,237.88467203142787,0.0452585220336914,54841.03152588154,56589.05607894079
LSTM,100,,,118.36748504638672,237.3369999863064,0.0494658350944519,54583.345265933065,56329.36374576106
LSTM,101,,,118.27867126464844,236.8028419117896,0.0536643266677856,54330.25020449573,56076.21188116886
LSTM,102,,,117.56983184814452,236.26456634988668,0.057384967803955,54078.8128867757,55821.31431398092
LSTM,103,,,118.09658813476562,235.75180606413176,0.0616621971130371,53834.17498126738,55579.46106144346
LSTM,104,,,117.52533721923828,235.22464329338456,0.0654219090938568,53591.69914422568,55331.09287488775
LSTM,105,,,117.63204956054688,234.71278159433496,0.0691860914230346,53354.20368227087,55090.36463502773
LSTM,106,,,117.48250579833984,234.2045797081048,0.0730480849742889,53117.22416018287,54851.83200761828
LSTM,107,,,117.07046508789062,233.71278112781937,0.0768629014492034,52887.72903943377,54622.11462185797
LSTM,108,,,117.07489013671876,233.2252214196612,0.0804986953735351,52659.16498630008,54394.45395752592
LSTM,109,,,116.95252227783205,232.74019850468463,0.0839774906635284,52434.013217605854,54168.574976934455
LSTM,110,,,116.30923461914062,232.27125844580945,0.0872635245323181,52214.447126653446,53950.36357578497
LSTM,111,,,116.69290161132812,231.79253924576605,0.0909592807292938,51992.4184850048,53728.17460729492
LSTM,112,,,116.88707733154295,231.3409111841224,0.0943676829338073,51779.65899432286,53519.11757065393
LSTM,113,,,116.72136688232422,230.86809681071136,0.0976923108100891,51567.47105493089,53300.52746818579
LSTM,114,,,116.5888442993164,230.4173014608495,0.1009542047977447,51356.81064919979,53092.541866428575
LSTM,115,,,116.1094741821289,229.9679495331904,0.1042077839374542,51150.9974270954,52885.70901397619
LSTM,116,,,116.07735443115234,229.5322179183132,0.1073753237724304,50949.04561134808,52685.55466374519
LSTM,117,,,115.97079467773438,229.08825741949323,0.1105992496013641,50749.98822432597,52481.714967570384
LSTM,118,,,115.82975769042967,228.6604759927916,0.1135266125202179,50549.98709184548,52286.12189538236
LSTM,119,,,115.11680603027344,228.23545271276328,0.1165177822113037,50357.06450461817,52091.88121366622
LSTM,120,,,115.3897933959961,227.80083131981763,0.1197783946990966,50163.21560216269,51893.66030530217
LSTM,121,,,115.20901489257812,227.38001643724104,0.1227436065673828,49971.76956528134,51702.20281655678
LSTM,122,,,115.30489349365234,226.96227660120084,0.1257082223892212,49784.43284629133,51512.28829533057
LSTM,123,,,114.61065673828124,226.5611293061985,0.1282973289489746,49602.10939906194,51330.30393042328
LSTM,124,,,114.66255950927734,226.14398413953,0.1312480270862579,49417.558190050935,51141.411334020624
LSTM,125,,,114.86092376708984,225.7336822729386,0.1342059075832367,49235.64965982815,50956.12414371928
LSTM,126,,,114.5212860107422,225.3417716769352,0.1372217535972595,49055.87869861576,50779.12296434859
LSTM,127,,,114.40847778320312,224.93809912395892,0.1400433182716369,48874.18727464238,50597.67700849954
LSTM,128,,,114.32222747802734,224.52757695325533,0.1425599157810211,48696.70150189591,50412.914115179046
LSTM,129,,,114.04421997070312,224.14075516291092,0.1452628672122955,48523.40966984186,50239.42057340899
LSTM,130,,,113.93058776855467,223.75996835336744,0.1479957103729248,48351.11784249558,50068.83191419912
LSTM,131,,,113.765869140625,223.3584038322713,0.1506062150001526,48178.27355633276,49889.24264819552
LSTM,132,,,113.1355438232422,222.98496130625043,0.1530376076698303,48007.3287488566,49722.69927598308
LSTM,133,,,113.23347473144533,222.59832799237284,0.1557282209396362,47837.35826959688,49550.51151308016
LSTM,134,,,113.14060974121094,222.2301031588655,0.1583532094955444,47671.45583061452,49386.37219939463
LSTM,135,,,113.15792846679688,221.85492866961508,0.1608890295028686,47505.95587218445,49219.927853949055
LSTM,136,,,112.84284973144533,221.48476245556932,0.1635372042655944,47344.03062343567,49055.99631185112
LSTM,137,,,112.47859191894533,221.13466273404532,0.1658276915550232,47185.53576995258,48900.71680407529
LSTM,138,,,112.18080139160156,220.76544750594465,0.1683173775672912,47022.18745683005,48737.9140842855
LSTM,139,,,111.9525909423828,220.39765198386303,0.1705878674983978,46867.24004183331,48575.46637858119
LSTM,140,,,111.98997497558594,220.0568019711048,0.1728719472885131,46715.15032577776,48425.56566862022
LSTM,141,,,111.60162353515624,219.7235656740077,0.1752440929412841,46561.48578170047,48278.77708084708
LSTM,142,,,111.4480438232422,219.3778222752929,0.1775695383548736,46409.32452106275,48126.88292425836
LSTM,143,,,111.2235870361328,219.02673566827409,0.1796907186508178,46256.71735133044,47973.1359601963
LSTM,144,,,111.47763061523438,218.6921173419381,0.1822043061256408,46111.79548879218,47826.369754742096
LSTM,145,,,111.43946838378906,218.3654477017827,0.1845537424087524,45964.527869051104,47683.95041190586
LSTM,146,,,110.68785095214844,218.02687621025075,0.1860707700252533,45818.64378976067,47536.156898395406
LSTM,147,,,110.76866149902344,217.71255777400623,0.1884975433349609,45676.95882435694,47399.07153950338
LSTM,148,,,110.42302703857422,217.3963384437512,0.1904861032962799,45537.68738082877,47261.52380169932
LSTM,149,,,110.81988525390624,217.0744579919526,0.192488431930542,45393.68903061024,47121.95546798689
LSTM,150,,,110.46658325195312,216.73498722518244,0.1947636306285858,45256.918423773,46974.33161584861
LSTM,151,,,109.90005493164062,216.42664389464625,0.196567416191101,45120.728686320166,46840.83614144669
LSTM,152,,,110.07035064697266,216.1144083581657,0.1984969675540924,44983.79783796996,46705.67403459487
LSTM,153,,,109.70834350585938,215.799965245595,0.2006476819515228,44846.09000206034,46569.98726877836
LSTM,154,,,108.92660522460938,215.50853738889325,0.2022992968559265,44709.78652430367,46444.26550856453
LSTM,155,,,109.14248657226562,215.1884711712038,0.2045255601406097,44577.94923844264,46306.59285901018
LSTM,156,,,109.08759307861328,214.87472731221789,0.2064668238162994,44444.04354315961,46171.67809851278
LSTM,157,,,108.53707122802734,214.58534687566623,0.2082668244838714,44310.310615045375,46047.3999939936
LSTM,158,,,108.90750122070312,214.28161231192936,0.2105274200439453,44181.28738462576,45916.98501453351
LSTM,159,,,108.83844757080078,213.95392319375685,0.2120462954044342,44049.70907623808,45776.77513307614
LSTM,160,,,107.81117248535156,213.66814039240853,0.2139912843704223,43916.729946125866,45654.53150047165
LSTM,161,,,107.95809936523438,213.3375955791665,0.2162875533103943,43787.41998626069,45513.39024750784
LSTM,162,,,108.38096618652344,213.0318986531125,0.2182165682315826,43656.1016154855,45382.923487003536
LSTM,163,,,107.69688415527344,212.7016690108472,0.2201611995697021,43525.77598809654,45242.29437963772
LSTM,164,,,107.38621520996094,212.4087487899216,0.2220308780670166,43394.18135805104,45118.00293439538
LSTM,165,,,107.42141723632812,212.08526624037324,0.2238922417163849,43264.34400932742,44980.49437921925
LSTM,166,,,107.24168395996094,211.7652186089585,0.2260343730449676,43133.36114786044,44844.94096020122
LSTM,167,,,107.1005859375,211.4729130852224,0.2280651330947876,43004.852497561806,44721.26309751335
LSTM,168,,,106.99163818359376,211.1294959556812,0.230142742395401,42873.18793656115,44576.073342037686
LSTM,169,,,106.69208526611328,210.83508624930056,0.2319951653480529,42740.33707044204,44451.79472611325
LSTM,170,,,106.45152282714844,210.52117248034696,0.2343930304050445,42611.38936602508,44319.39001266759
LSTM,171,,,106.31634521484376,210.1615450076441,0.2363586127758026,42480.647519638485,44168.237552974446
LSTM,172,,,106.33285522460938,209.84717281274007,0.238528698682785,42347.68805219386,44036.14534494439
LSTM,173,,,105.6220703125,209.51868204291472,0.2402883768081665,42210.2141048761,43898.36060532659
LSTM,174,,,105.49349975585938,209.1785458944105,0.2426079511642456,42076.258073488985,43756.07390206029
LSTM,175,,,105.23793029785156,208.84257864777,0.244873970746994,41940.74619815175,43615.753920404415
LSTM,176,,,104.96223449707033,208.51968956791583,0.2468697726726532,41808.2492252178,43480.81621424225
LSTM,177,,,104.39474487304688,208.1905396055498,0.2488371431827545,41673.42786297715,43343.6366004683
LSTM,178,,,104.73403930664062,207.8273209000684,0.2511251270771026,41534.78080710028,43192.626240542384
LSTM,179,,,105.0205307006836,207.5223632527348,0.2531289160251617,41400.17621482649,43065.9538196742
LSTM,180,,,104.1506805419922,207.1679477953817,0.255515307188034,41264.1749827751,42918.86098946517
LSTM,181,,,103.64907836914062,206.8317930710847,0.2575592398643493,41130.37586724528,42779.925773865085
LSTM,182,,,103.80621337890624,206.49458982016932,0.2593912482261657,40993.815586051656,42640.32727191941
LSTM,183,,,103.7523956298828,206.149710465477,0.2619849145412445,40856.224491696106,42498.106841728506
LSTM,184,,,103.20808410644533,205.7956358866728,0.2639182507991791,40720.77755381505,42352.192143141285
LSTM,185,,,103.17007446289062,205.46386163386487,0.2660646736621856,40583.59908568931,42215.685816485886
LSTM,186,,,102.2867202758789,205.1115550133634,0.268141359090805,40440.9718901141,42071.09046949834
LSTM,187,,,102.27996826171876,204.7470237878929,0.2704758048057556,40304.26766137255,41921.7441430251
LSTM,188,,,102.22391510009766,204.4109582281488,0.2725496292114258,40163.67550429152,41784.28440495813
LSTM,189,,,101.82760620117188,204.0544313106187,0.2749226689338684,40023.94610534404,41638.40311104251
LSTM,190,,,102.1540069580078,203.71794226331664,0.2768556475639343,39884.69995894701,41501.297549242605
LSTM,191,,,101.89354705810548,203.36568432874805,0.2794311940670013,39745.6792451849,41357.877793097374
LSTM,192,,,101.02957916259766,203.0068887377963,0.2817234992980957,39602.811957898615,41212.12674653204
LSTM,193,,,100.5876922607422,202.63965092005068,0.2837236523628235,39463.93944178635,41063.23604374429
LSTM,194,,,100.63750457763672,202.2903814754918,0.2859151363372803,39322.96310285932,40921.69513095421
LSTM,195,,,100.74864959716795,201.9478583694316,0.2883538007736206,39182.205839660826,40783.34717106119
LSTM,196,,,100.24539184570312,201.59092822780988,0.2903294563293457,39041.0656447911,40639.24546209373
LSTM,197,,,100.13825988769533,201.246127680137,0.2926507890224457,38900.98814312461,40500.50845314125
LSTM,198,,,100.093017578125,200.89505772604264,0.2947438061237335,38764.4299160269,40359.34135125701
LSTM,199,,,99.95765686035156,200.5310235505968,0.2972163259983063,38620.35866634199,40213.03670203548
LSTM,200,,,99.27555847167967,200.1668347123219,0.2993945479393005,38481.86762396884,40067.09723801773
GRU,1,,,277.7989196777344,369.4392499112676,-1.3094044923782349,134640.04371223936,136485.46906508965
GRU,2,,,268.9911499023437,363.0847438959671,-1.2297064065933228,131163.03305544562,131830.31063924797
GRU,3,,,261.8509826660156,358.0512576782827,-1.1669538021087646,126867.78255919114,128201.8813490563
GRU,4,,,256.6683959960937,354.20297853067245,-1.1198116540908811,123790.4908771396,125460.62728144597
GRU,5,,,251.96435546875,350.76289623476424,-1.0781866312026978,121250.55342600196,123036.73322418433
GRU,6,,,247.6412506103516,347.5482318146648,-1.0397040843963623,118945.1030997565,120788.33184379627
GRU,7,,,243.5059814453125,344.4776729883956,-1.003294587135315,116786.09292229384,118666.11534865652
GRU,8,,,239.5484313964844,341.5212978351423,-0.9685635566711426,114735.76459267504,116637.52994582428
GRU,9,,,235.594482421875,338.663918952108,-0.9352977275848388,112771.54475570298,114693.36818544798
GRU,10,,,231.77500915527344,335.87925657890816,-0.9031563997268676,110882.81731054206,112815.76607597205
GRU,11,,,228.059814453125,333.1679381333084,-0.8721241354942322,109059.63627169636,111000.87658184848
GRU,12,,,224.55130004882807,330.5228102945393,-0.8420888781547546,107295.9619362244,109245.13243611556
GRU,13,,,220.97267150878903,327.9350164285601,-0.8129484057426453,105587.7628429842,107541.70845936918
GRU,14,,,217.3929901123047,325.40300734243374,-0.7846559286117554,103931.10571093867,105888.3279768094
GRU,15,,,214.04391479492188,322.9292080897917,-0.7572462558746338,102322.99345176732,104283.52472124412
GRU,16,,,210.5856170654297,320.50507016270427,-0.7305938005447388,100761.51165237966,102723.88312118938
GRU,17,,,207.33010864257807,318.13474935944987,-0.7047175765037537,99243.91102466451,101209.11991696405
GRU,18,,,204.0255279541016,315.8071627789655,-0.6794987916946411,97769.3312273904,99734.82077504176
GRU,19,,,200.75912475585932,313.5282084597812,-0.655007541179657,96335.75045471532,98300.92040367906
GRU,20,,,197.60211181640625,311.30069868215844,-0.6312302947044373,94941.70409640088,96906.97073998804
GRU,21,,,194.5103302001953,309.11434726893543,-0.608058750629425,93586.29548309978,95551.27269900864
GRU,22,,,191.447998046875,306.9715479486658,-0.5855196118354797,92268.38911974404,94232.09966654654
GRU,23,,,188.40841674804688,304.87728063927625,-0.5636395215988159,90986.69168413155,92949.57619359896
GRU,24,,,185.40008544921875,302.8268120972778,-0.5423684120178223,89740.53142458753,91702.64554162924
GRU,25,,,182.43240356445312,300.8125714211426,-0.5216168761253357,88529.5305267879,90487.79761742995
GRU,26,,,179.55429077148438,298.8430817335412,-0.5014597773551941,87351.67471941684,89308.0571412606
GRU,27,,,176.735595703125,296.91848365755203,-0.4818943738937378,86207.27186245825,88160.71569289197
GRU,28,,,173.91641235351562,295.03858328191586,-0.462911307811737,85094.78831928756,87047.00814802124
GRU,29,,,171.13973999023438,293.19556719875555,-0.444415271282196,84014.13373146924,85963.98188579181
GRU,30,,,168.4408721923828,291.39551086109753,-0.4264662265777588,82964.14538600277,84912.18353085515
GRU,31,,,165.73065185546875,289.63309224776094,-0.4090131521224975,81945.02709596124,83887.4023478117
GRU,32,,,163.135986328125,287.9168309816222,-0.392103374004364,80954.55060484704,82896.18808956226
GRU,33,,,160.5313720703125,286.2361350353935,-0.375653326511383,79994.12208992052,81931.61247764833
GRU,34,,,158.01986694335938,284.59856596616925,-0.3597242832183838,79061.50995856669,80997.00393566657
GRU,35,,,155.599853515625,282.9949756621131,-0.3442162275314331,78157.5518302214,80087.21348751063
GRU,36,,,153.15304565429688,281.4366602807815,-0.3292301893234253,77280.16438373615,79207.30294416808
GRU,37,,,150.88023376464844,279.91785904529206,-0.3147035241127014,76430.04048960081,78353.10013548855
GRU,38,,,148.6132049560547,278.3036785599501,-0.3001051545143127,75589.48993084684,77453.53242666289
GRU,39,,,146.3920440673828,276.77961110782707,-0.2860816121101379,74709.59847875607,76607.33127466562
GRU,40,,,144.29034423828125,275.304064853754,-0.272301435470581,73897.78345040606,75793.13184138387
GRU,41,,,142.25823974609375,273.86584306919326,-0.2592228651046753,73113.46217358223,75003.2646945009
GRU,42,,,140.35891723632812,272.4590565571275,-0.2461960911750793,72349.03276608692,74234.44820910924
GRU,43,,,138.5294189453125,271.0831716235812,-0.233689546585083,71605.1275038573,73487.08702603626
GRU,44,,,136.82083129882812,269.73877699081385,-0.2215588092803955,70881.93043342017,72760.22667081206
GRU,45,,,135.2483367919922,268.4232315765533,-0.209619402885437,70179.4870248905,72051.85808928656
GRU,46,,,133.76710510253906,267.1377804616936,-0.1981351971626281,69497.09811093453,71363.47038157356
GRU,47,,,132.3956298828125,265.8869296806445,-0.1868831515312194,68833.45598344784,70697.01217562998
GRU,48,,,131.11489868164062,264.6590377259012,-0.1760583519935608,68189.869567786,70045.6212460023
GRU,49,,,129.95980834960938,263.4604156699826,-0.1654241681098938,67562.92895831856,69412.56728530087
GRU,50,,,128.87408447265625,262.2896776466813,-0.1552448868751526,66953.34211600342,68796.8128541066
GRU,51,,,127.8772430419922,261.1428608061113,-0.1452279686927795,66359.2336831115,68196.56729637824
GRU,52,,,126.94454956054688,260.02014645503914,-0.1354984641075134,65782.35330379069,67611.29842644725
GRU,53,,,126.12368774414062,258.9283051107005,-0.126140296459198,65220.926270950506,67044.83820737625
GRU,54,,,125.38322448730467,257.8540345331056,-0.1168035268783569,64674.10804660853,66489.50095179227
GRU,55,,,124.73025512695312,256.8111842872113,-0.1079941987991333,64140.33026285117,65952.49767436765
GRU,56,,,124.01227569580078,255.78370684525623,-0.0993576049804687,63620.31694262821,65425.74816595673
GRU,57,,,123.44757843017578,254.7830418954527,-0.0908044576644897,63113.7455121095,64914.93972581293
GRU,58,,,122.98512268066406,253.7937847076835,-0.0824892520904541,62618.56132521111,64411.74230110458
GRU,59,,,122.4253387451172,252.8324080542287,-0.0744878053665161,62135.267229303776,63925.11485202111
GRU,60,,,122.00040435791016,251.884847822373,-0.0665675401687622,61663.388601981525,63446.63051689963
GRU,61,,,121.70318603515624,250.95582124898,-0.0588406324386596,61203.069903847005,62979.76863853704
GRU,62,,,121.37893676757812,250.0544315744074,-0.0513761639595031,60752.32149775061,62527.90158175001
GRU,63,,,121.29998779296876,249.16439258298928,-0.0441662669181823,60316.12438632819,62082.762162583305
GRU,64,,,120.8015594482422,248.29411742931003,-0.0371135473251342,59888.88369894561,61650.63358250031
GRU,65,,,120.75209045410156,247.44583529784856,-0.0300725698471069,59472.54843090296,61229.88777257716
GRU,66,,,120.26556396484376,246.6147362283933,-0.0235573947429656,59065.323826774205,60819.00395400578
GRU,67,,,120.21670532226562,245.7962825186744,-0.0167165994644165,58669.13380328582,60416.480235386734
GRU,68,,,120.37098693847656,245.00776454533028,-0.0105241239070892,58281.82648881877,60028.9563257446
GRU,69,,,119.78748321533205,244.2145733008168,-0.0042131841182708,57904.97615301622,59641.1505051527
GRU,70,,,119.6438446044922,243.4464295538137,0.0018779635429382,57531.033075938256,59266.248628990805
GRU,71,,,119.7109375,242.6924815996573,0.0078884363174438,57169.96995272782,58900.29279458912
GRU,72,,,118.96990966796876,241.95697900143324,0.0135278105735778,56814.50254875035,58543.54032088926
GRU,73,,,118.95695495605467,241.23477931260243,0.0193752646446228,56467.013156435605,58194.72275286928
GRU,74,,,119.18637084960938,240.50950150149995,0.0248891115188598,56126.926511292986,57845.31434364366
GRU,75,,,118.71805572509766,239.81308639490464,0.0304753482341766,55792.0810822495,57510.44854352274
GRU,76,,,118.45751190185548,239.10888438899548,0.0357083976268768,55464.59624099554,57173.75109752123
GRU,77,,,118.71028137207033,238.4412597999768,0.0410616397857666,55143.43629976452,56854.760926102615
GRU,78,,,118.09319305419922,237.7741181247446,0.0457490682601928,54830.6055073968,56536.82914239492
GRU,79,,,117.95254516601562,237.12043683010532,0.0510135889053344,54527.2784426607,56226.571059976326
GRU,80,,,117.75315856933594,236.4804762025821,0.0559055209159851,54222.19247774486,55923.30643969381
GRU,81,,,117.7041473388672,235.8443524737237,0.0606127977371215,53925.23129033298,55622.81285250654
GRU,82,,,117.26939392089844,235.23857570560148,0.0652115046977996,53635.27367215008,55337.4883995317
GRU,83,,,117.28968811035156,234.624991675546,0.0699874460697174,53349.40018934471,55049.23699541348
GRU,84,,,116.72348022460938,234.02078233033063,0.0739811062812805,53067.38753088667,54766.14733948645
GRU,85,,,116.9255828857422,233.413778915256,0.0786978006362915,52791.52936110684,54482.42090523778
GRU,86,,,116.8515167236328,232.8268703618635,0.0829635858535766,52518.818796320775,54208.92174662559
GRU,87,,,116.67375183105467,232.24561856739084,0.0872992873191833,52252.75771382143,53938.47136622869
GRU,88,,,116.34416198730467,231.68155677567432,0.0914039313793182,51993.329343697325,53676.9605371146
GRU,89,,,116.4687728881836,231.12714642053623,0.0955647230148315,51732.279431138784,53420.19594317162
GRU,90,,,115.54324340820312,230.57687506014128,0.0991736352443695,51481.39224176553,53166.06671063152
GRU,91,,,116.10648345947266,230.04065537421857,0.1035850644111633,51231.4513119235,52919.08933209858
GRU,92,,,115.63264465332033,229.48090198314972,0.1072251498699188,50985.119813605495,52662.15332052789
GRU,93,,,115.18995666503906,228.95709546222847,0.1110531985759735,50742.26338391633,52421.7863287281
GRU,94,,,115.13832092285156,228.4279922782013,0.1147356927394867,50508.58258913626,52179.74538258283
GRU,95,,,114.65930938720705,227.9379198652563,0.1182697415351867,50275.71048832325,51956.02603969735
GRU,96,,,115.1280517578125,227.41413214661924,0.1223722696304321,50040.97266372705,51717.66585198762
GRU,97,,,115.19564056396484,226.90984580885865,0.1259222328662872,49813.27859112473,51488.46642682929
GRU,98,,,115.01380920410156,226.4134078406136,0.1292858719825744,49589.69068023785,51263.222533045024
GRU,99,,,114.6592254638672,225.9091614316472,0.1325513422489166,49369.72099896072,51035.2342343174
GRU,100,,,113.83401489257812,225.42731991154045,0.1360873281955719,49153.84793588545,50817.9778729529
GRU,101,,,114.0125732421875,224.94172856542204,0.1393592059612274,48934.07524049018,50599.35181629486
GRU,102,,,113.3211669921875,224.4576275435968,0.1425983011722564,48719.990280852704,50381.51744353496
GRU,103,,,113.58396911621094,223.98602251312468,0.1455879509449005,48512.36534888461,50169.9830421462
GRU,104,,,113.02499389648438,223.5173720877194,0.1490567922592163,48305.2906760347,49960.43892504215
GRU,105,,,113.0550308227539,223.04341996010552,0.1523669958114624,48100.50177175273,49748.8063350742
GRU,106,,,112.77144622802734,222.586657984031,0.1554767191410064,47901.878950619976,49545.09299673882
GRU,107,,,112.54459381103516,222.1328870997044,0.1586479842662811,47703.308390085054,49343.24106216226
GRU,108,,,112.18014526367188,221.69549957373965,0.1615776717662811,47502.58096230903,49149.412155838414
GRU,109,,,111.68197631835938,221.2491966793326,0.1644347310066223,47310.76440350263,48951.71501372609
GRU,110,,,111.7124481201172,220.8033804372116,0.1674303412437439,47118.60923829002,48754.6414964198
GRU,111,,,111.51579284667967,220.3576815373133,0.1702022552490234,46928.12515298717,48557.90456820903
GRU,112,,,111.35028076171876,219.92100854625053,0.1733379364013672,46744.52568642995,48365.677742067615
GRU,113,,,110.95726013183594,219.54515302950784,0.175487995147705,46554.50888854878,48200.46290791801
GRU,114,,,111.19837951660156,219.1023590699105,0.178523987531662,46372.11852549163,48006.17142267405
GRU,115,,,110.06298828125,218.6834273699084,0.1810687780380249,46190.33748367973,47822.70996478381
GRU,116,,,110.4276123046875,218.2664655873641,0.1840931177139282,46014.82235850348,47640.58304556787
GRU,117,,,110.4332504272461,217.8520946795096,0.1869505941867828,45832.1174520275,47459.89781704418
GRU,118,,,109.79644775390624,217.4426648567388,0.1894161999225616,45656.24570758969,47281.71679939818
GRU,119,,,109.4404525756836,217.03748416172263,0.1920381188392639,45483.24259646069,47105.59320597804
GRU,120,,,109.12913513183594,216.62049187461463,0.1945164799690246,45314.09876620704,46924.84301237022
GRU,121,,,109.3419189453125,216.21999430556832,0.1975124478340149,45139.58951802147,46751.497693445344
GRU,122,,,109.5089111328125,215.8418474832904,0.2000786960124969,44973.26959952807,46588.14657834802
GRU,123,,,108.82627868652344,215.43449918130568,0.2026323080062866,44801.746431109495,46412.39624848856
GRU,124,,,108.87630462646484,215.038187015702,0.2051272392272949,44637.33010414082,46241.81224657439
GRU,125,,,107.73917388916016,214.63792185911603,0.2072090804576873,44470.52061019114,46069.89854864295
GRU,126,,,107.66986846923828,214.255670140839,0.2097601890563964,44307.11933845908,45906.0189011938
GRU,127,,,107.43634033203124,213.8797668960297,0.2122111618518829,44143.15254181485,45744.87415196576
GRU,128,,,107.4950714111328,213.473697516228,0.2149745821952819,43980.38151395519,45571.43201768638
GRU,129,,,107.44181823730467,213.10909031526552,0.2175345718860626,43817.92313499032,45415.98372131207
GRU,130,,,106.77961730957033,212.71926188053587,0.2195776104927063,43651.811967498776,45249.98558858746
GRU,131,,,106.9033660888672,212.3095838039348,0.22213214635849,43487.84853749552,45075.7382656186
GRU,132,,,106.6421356201172,211.9207546466367,0.2249506413936615,43325.37038272272,44910.81424911677
GRU,133,,,106.061279296875,211.5190409573096,0.2271777987480163,43160.03787226469,44740.66938973044
GRU,134,,,105.82698059082033,211.12635064695263,0.2296936213970184,42995.29019931903,44574.760861361545
GRU,135,,,105.62539672851562,210.72194541919453,0.2321728765964508,42826.06179817287,44404.12305715234
GRU,136,,,105.286865234375,210.3492445612772,0.2345102727413177,42663.62438645127,44247.31842639309
GRU,137,,,104.86737060546876,209.94759390738443,0.2371349334716797,42498.40261953923,44078.272313762325
GRU,138,,,105.68104553222656,209.5406620742141,0.2397798299789428,42330.41312974592,43907.66382113641
GRU,139,,,104.15239715576172,209.12188992008944,0.2419988214969635,42161.44184118036,43732.40020594062
GRU,140,,,104.56312561035156,208.706778833966,0.2446849942207336,41993.21979506365,43558.8565590094
GRU,141,,,104.83726501464844,208.2957257722779,0.2476246654987335,41822.22723020348,43387.321580366566
GRU,142,,,103.30384826660156,207.8785703241197,0.2497707903385162,41658.96411238391,43213.890716203685
GRU,143,,,103.37098693847656,207.4500128042898,0.2527694702148437,41488.17134425265,43035.85802429932
GRU,144,,,103.23783111572266,207.0142658127696,0.2554405927658081,41314.40848846824,42855.25068199676
GRU,145,,,102.59030151367188,206.6099416019229,0.2578619122505188,41144.5067942368,42688.170017940414
GRU,146,,,102.49102783203124,206.1924162038944,0.2607013285160064,40974.58288449505,42515.6479678195
GRU,147,,,102.49978637695312,205.7731419245476,0.2631203234195709,40805.67050577708,42342.85801728365
GRU,148,,,102.26326751708984,205.34353836924112,0.2659458220005035,40633.46940041089,42166.40902635823
GRU,149,,,101.68582153320312,204.91555044090725,0.2687148749828338,40460.408883551776,41990.59316905347
GRU,150,,,101.45578002929688,204.51369529324924,0.27133509516716,40292.13228233728,41826.25157630979
GRU,151,,,101.13322448730467,204.08963257598364,0.2738024294376373,40127.404281536285,41652.88897422567
GRU,152,,,101.03421783447266,203.64964936748603,0.2767302393913269,39959.39903129455,41473.58333062553
GRU,153,,,100.49075317382812,203.27726984958247,0.2789411544799804,39791.16729640029,41322.09178462835
GRU,154,,,100.18734741210938,202.81014058720044,0.2818417847156524,39626.52289478322,41132.30170854897
GRU,155,,,100.26968383789062,202.39433006818643,0.2848048508167267,39458.3401225239,40963.83764919987
GRU,156,,,99.58003997802734,202.01541169549407,0.2869855463504791,39287.79812720558,40810.62284975935
GRU,157,,,100.37014770507812,201.5801058202421,0.2898071706295013,39124.69476590624,40634.73911463749
GRU,158,,,99.844482421875,201.13214716946663,0.2926370203495025,38955.85512754429,40454.446277215866
GRU,159,,,99.65045928955078,200.7157115798362,0.29523766040802,38791.13330004663,40287.223950209926
GRU,160,,,98.53489685058594,200.3103354017211,0.2976061105728149,38622.121662374906,40124.54182236526
GRU,161,,,98.7882080078125,199.88775170392503,0.3002202212810516,38457.11183974895,39955.53550727956
GRU,162,,,99.293212890625,199.478627066285,0.3027623295783996,38295.36658752073,39791.9924464643
GRU,163,,,98.23649597167967,199.0504019086623,0.305502325296402,38127.38578768826,39621.23054887631
GRU,164,,,98.31356811523438,198.6491686051064,0.3079752922058105,37962.46972613942,39461.76874795684
GRU,165,,,97.63568878173828,198.2269059688921,0.3108403384685516,37803.55035041202,39294.30579942181
GRU,166,,,98.10508728027344,197.82540439741305,0.3132894039154053,37647.23645900411,39135.17071889179
GRU,167,,,97.22002410888672,197.3962346082113,0.3158586621284485,37479.11758756824,38965.52283882968
GRU,168,,,97.23531341552734,197.04988264396405,0.3181192576885223,37319.889761231694,38828.939755106425
GRU,169,,,96.055908203125,196.64009795817333,0.3205868601799011,37164.69935939851,38667.665020446366
GRU,170,,,96.5753173828125,196.18914263409167,0.3233514130115509,36998.57365864832,38490.634502537454
GRU,171,,,96.41764831542967,195.7948843017866,0.3257164657115936,36842.29143533972,38335.92164779083
GRU,172,,,96.47537231445312,195.4133939402568,0.3282670676708221,36684.39421672166,38186.68203097922
GRU,173,,,95.5491180419922,195.02059186147497,0.3305327892303467,36525.7976602593,38033.38269409522
GRU,174,,,96.39031219482422,194.6232538457314,0.3332886099815368,36372.53134852472,37878.63150660113
GRU,175,,,95.54369354248048,194.1824307352496,0.3359130322933197,36220.36550377951,37707.08822657703
GRU,176,,,95.09793090820312,193.803813091358,0.3382069170475006,36069.58827606222,37560.35593363031
GRU,177,,,95.38929748535156,193.4152753791696,0.3406197130680084,35914.70483107471,37409.80492627887
GRU,178,,,94.79521942138672,193.0374801690076,0.3428402841091156,35767.516697848725,37263.75848489637
GRU,179,,,94.68228149414062,192.6151948348053,0.3455499410629272,35621.20622166722,37100.85816596658
GRU,180,,,94.7347640991211,192.2392714821818,0.3477372229099273,35469.01359838146,36956.20534256644
GRU,181,,,94.15042114257812,191.88963706386025,0.3497521579265594,35327.05879179947,36822.02839708483
GRU,182,,,94.29476165771484,191.4920343480376,0.3524328768253326,35179.27941772318,36669.513756863045
GRU,183,,,93.45335388183594,191.1212188965422,0.3546841442584991,35033.717982541,36527.666621126365
GRU,184,,,94.11115264892578,190.73826553028104,0.3568997383117676,34889.44550373397,36381.49121256833
GRU,185,,,93.29774475097656,190.3529205843714,0.3592344224452972,34744.98876553503,36234.63311331214
GRU,186,,,92.99005126953124,189.9579003522886,0.36159548163414,34599.73816192493,36084.36148425438
GRU,187,,,93.1042938232422,189.567002501754,0.3639318346977234,34459.3844753586,35935.95361585059
GRU,188,,,93.35633850097656,189.22521923292888,0.3661024868488312,34319.74256682942,35806.418038660515
GRU,189,,,92.84454345703124,188.8231232529533,0.3683991134166717,34179.12072777464,35654.455595807434
GRU,190,,,91.96434783935548,188.45374100823787,0.3705538511276245,34038.71912345241,35514.979148942875
GRU,191,,,92.84388732910156,188.0802376148276,0.3728613257408142,33897.88778284474,35374.57057977233
GRU,192,,,92.50009155273438,187.69579360630328,0.3752789795398712,33759.7703924798,35229.96057896245
GRU,193,,,91.73809814453124,187.3638151264806,0.377295583486557,33615.72194648427,35105.472582031616
GRU,194,,,91.6549072265625,187.0086687496064,0.3794767558574676,33488.24671717582,34972.684148357
GRU,195,,,91.32844543457033,186.6014197259764,0.3816873729228973,33356.46701664791,34820.39174498367
GRU,196,,,90.57435607910156,186.29894491112933,0.3834767639636993,33216.72687216672,34707.65819986333
GRU,197,,,91.3786849975586,185.89770582567715,0.3859900236129761,33082.122841286946,34558.34616948229
GRU,198,,,90.90422821044922,185.51219215323823,0.388287216424942,32947.63211096518,34415.08792133393
GRU,199,,,90.67961120605467,185.2078435501585,0.390106052160263,32822.07998309264,34302.17616889642
GRU,200,,,90.51629638671876,184.8920821215717,0.3918482959270477,32689.5020105875,34185.449135669725
ST_MBAN_Global,1,,,224.12384033203125,311.9089911336318,-0.6711481809616089,121548.45200448894,97287.23590933888
ST_MBAN_Global,2,,,129.6937255859375,222.3677363203799,0.1222400665283203,69097.00356184423,49447.72602881692
ST_MBAN_Global,3,,,109.24327087402344,204.9644786298348,0.2428244650363922,43506.23724683269,42010.72156180582
ST_MBAN_Global,4,,,108.12653350830078,197.7908953446796,0.2959895133972168,39637.29302742791,39121.37706617572
ST_MBAN_Global,5,,,97.442626953125,181.5703849406615,0.3984432518482208,35603.84092106034,32968.0519469586
ST_MBAN_Global,6,,,87.09707641601562,167.603582710812,0.4906155467033386,30137.442283649303,28091.32421308823
ST_MBAN_Global,7,,,77.06193542480469,155.4345471171065,0.5586985349655151,25795.809775646707,24160.12020177553
ST_MBAN_Global,8,,,77.07379150390625,153.837164062768,0.5672236680984497,23127.904023624276,23665.98764300885
ST_MBAN_Global,9,,,70.60684967041016,145.465866647042,0.6128497123718262,21803.635776180377,21160.53098192764
ST_MBAN_Global,10,,,68.8402328491211,143.0332948564774,0.6229066848754883,20436.653770804656,20458.626775394747
ST_MBAN_Global,11,,,67.63725280761719,141.17089184079344,0.6336442232131958,19442.595441182155,19929.39916583709
ST_MBAN_Global,12,,,67.10520935058594,138.54669790363104,0.6449815034866333,18885.580215450376,19195.34552551783
ST_MBAN_Global,13,,,65.61410522460938,137.5073151463223,0.6500582695007324,18045.558171104465,18908.402869248137
ST_MBAN_Global,14,,,65.04788208007812,135.71986889361483,0.6586892604827881,17674.14682867307,18420.102849198094
ST_MBAN_Global,15,,,64.45037841796875,135.66902367296302,0.6592891812324524,17000.442417436156,18406.201054331792
ST_MBAN_Global,16,,,62.89313507080078,133.1378514923536,0.6721283793449402,16373.9914286873,17725.89386309995
ST_MBAN_Global,17,,,62.92063903808594,131.50647560101365,0.6791518926620483,16117.406046642747,17294.11993758025
ST_MBAN_Global,18,,,61.92212677001953,132.4089825951208,0.6745637655258179,15730.011736765686,17532.289043853092
ST_MBAN_Global,19,,,60.83606719970703,129.99929386827452,0.6865583658218384,15353.232855066866,16900.003045230627
ST_MBAN_Global,20,,,60.85408782958984,130.3598235414194,0.6854852437973022,14967.818898522486,16993.81357955127
ST_MBAN_Global,21,,,61.254913330078125,127.96363695524012,0.6960585117340088,14699.247610598466,16374.804212280817
ST_MBAN_Global,22,,,60.69085693359375,128.96716363817183,0.6903430223464966,14395.296368022284,16632.73933852345
ST_MBAN_Global,23,,,59.52426910400391,129.100115583798,0.6913833618164062,14125.583245154934,16667.01694173008
ST_MBAN_Global,24,,,61.96909332275391,127.7970536204278,0.6980835199356079,13824.03202923612,16332.248213620192
ST_MBAN_Global,25,,,58.73876190185547,126.56404320046828,0.7019254565238953,13614.525326585466,16018.61938728111
ST_MBAN_Global,26,,,58.48878479003906,126.18843254360718,0.703567385673523,13506.553872170967,15923.689131265854
ST_MBAN_Global,27,,,60.354034423828125,127.23798521987251,0.7001446485519409,13055.848047579628,16189.656469393472
ST_MBAN_Global,28,,,57.55193710327149,124.76714248450992,0.7099758386611938,12866.47596429768,15566.965314876712
ST_MBAN_Global,29,,,58.212646484375,126.26597207135816,0.7033597230911255,12622.424618322842,15943.22958197574
ST_MBAN_Global,30,,,56.533294677734375,124.67702806902722,0.7099721431732178,12541.594934550596,15544.494894163112
ST_MBAN_Global,31,,,56.39379119873047,125.47407756435192,0.7066420316696167,12462.93445781831,15743.873047798112
ST_MBAN_Global,32,,,58.95283508300781,127.45136557109736,0.700363278388977,12277.075808722768,16244.05892428642
ST_MBAN_Global,33,,,56.15666198730469,123.36592861787244,0.7166097164154053,11956.841366021634,15219.273240568971
ST_MBAN_Global,34,,,56.12345123291016,124.50995348013346,0.7108147144317627,11681.8266516138,15502.832980734483
ST_MBAN_Global,35,,,55.36518478393555,123.112836486747,0.7172031998634338,11722.578894882115,15156.887985631913
ST_MBAN_Global,36,,,56.23700714111328,123.12385786272291,0.7172359228134155,11638.30248097076,15159.670743046612
ST_MBAN_Global,37,,,56.27321243286133,122.48022002296942,0.7204862833023071,11352.215254449182,15001.494506055136
ST_MBAN_Global,38,,,54.56369018554688,121.95884535751188,0.7221577763557434,11230.62379472598,14874.147706762808
ST_MBAN_Global,39,,,55.87451171875,123.15807772685882,0.7170997262001038,11179.755739265298,15168.027534834637
ST_MBAN_Global,40,,,58.68085479736328,124.6672250119794,0.7112133502960205,11161.574278997165,15542.072621916306
ST_MBAN_Global,41,,,54.68099594116211,122.75594276602251,0.7188231945037842,10800.95714778272,15069.16861554534
ST_MBAN_Global,42,,,56.08493041992188,124.49613290931973,0.7109887003898621,10831.704981561845,15499.469527939096
ST_MBAN_Global,43,,,55.34658050537109,123.10902101262724,0.7168309092521667,10496.241973857965,15155.982445168249
ST_MBAN_Global,44,,,54.91437530517578,123.97593406206909,0.7138022184371948,10438.56162292378,15370.233912642874
ST_MBAN_Global,45,,,54.18754196166992,122.5610936622528,0.7189178466796875,10386.305547222082,15021.367548345335
ST_MBAN_Global,46,,,55.138126373291016,122.6206277890266,0.7187718152999878,10177.3247661207,15035.95016992686
ST_MBAN_Global,47,,,54.423152923583984,122.82115109479312,0.7184696197509766,10135.563881269274,15085.148579721126
ST_MBAN_Global,48,,,54.80738830566406,124.22911120310128,0.7111954092979431,9788.312102777969,15433.059353380666
ST_MBAN_Global,49,,,53.94908905029297,123.36189140086982,0.7152639031410217,9852.23422222052,15218.277133095342
ST_MBAN_Global,50,,,51.86704254150391,121.52505448337598,0.7226260304450989,9084.556445990973,14768.458931203622
ST_MBAN_Global,51,,,52.0251350402832,120.96505661502005,0.725410521030426,8543.34899248775,14632.67361870116
ST_MBAN_Global,52,,,52.13240814208984,121.5000803754878,0.7230271100997925,8440.688115933386,14762.415252855746
ST_MBAN_Global,53,,,52.0518798828125,121.70133058922364,0.7220454812049866,8361.356293779194,14811.360112322072
ST_MBAN_Global,54,,,52.285552978515625,121.92241465502764,0.7206861972808838,8225.712382401109,14865.187215157732
ST_MBAN_Global,55,,,51.39234161376953,121.47073978946534,0.7227484583854675,8097.106093121989,14755.211962433685
ST_MBAN_Global,56,,,51.09310531616211,121.22632661936515,0.7238635420799255,8031.679118675094,14695.938901933518
ST_MBAN_Global,57,,,51.20891189575195,121.50734609993752,0.7225885391235352,8055.750816475205,14764.106338046631
ST_MBAN_Global,58,,,51.2636947631836,121.86272774750488,0.7209300994873047,7919.668641061254,14850.652978914102
ST_MBAN_Global,59,,,51.534934997558594,121.73629928045293,0.7217797636985779,7995.020962297031,14819.839583370258
ST_MBAN_Global,60,,,51.212310791015625,121.44134386608212,0.7230708599090576,7933.168665273197,14748.181196576305
ST_MBAN_Global,61,,,51.581031799316406,122.21127486089408,0.7194497585296631,7786.175221782943,14935.77765083932
ST_MBAN_Global,62,,,50.93528366088867,121.52100834320788,0.7223607301712036,7848.756818914138,14767.516962654
ST_MBAN_Global,63,,,50.21102142333984,121.70051211247018,0.7213422060012817,7335.330558156112,14811.13218862866
ST_MBAN_Global,64,,,50.26792907714844,121.69119152079168,0.721322774887085,7169.321162021912,14808.954104393384
ST_MBAN_Global,65,,,50.397422790527344,122.00248940851576,0.7198219299316406,7143.365393450739,14884.793831277128
ST_MBAN_Global,66,,,50.37027740478516,121.5711195530213,0.7220050096511841,7042.333432738843,14779.682893383266
ST_MBAN_Global,67,,,49.95677185058594,121.58216020324488,0.7219973206520081,7017.99470598831,14782.317568019977
ST_MBAN_Global,68,,,50.5781478881836,122.0624919994877,0.7200788259506226,6997.960912738047,14899.451800761926
ST_MBAN_Global,69,,,50.21548843383789,121.58436500019236,0.721855878829956,6919.035442362481,14782.926451030884
ST_MBAN_Global,70,,,50.10776138305664,122.36043548416704,0.718037486076355,7006.661228198712,14972.211524908327
ST_MBAN_Global,71,,,49.95699691772461,122.22524193318252,0.7186877727508545,6833.18529814776,14939.147195880649
ST_MBAN_Global,72,,,49.74301910400391,121.98261274665336,0.7197487950325012,6760.028080796952,14879.8993795688
ST_MBAN_Global,73,,,50.157203674316406,121.9317295854016,0.7199463844299316,6729.101328076846,14867.476156975938
ST_MBAN_Global,74,,,49.50181198120117,121.92062847786464,0.7198266983032227,6598.783093361624,14864.846665594623
ST_MBAN_Global,75,,,49.55501556396485,122.40456662105176,0.7176393270492554,6477.341932692658,14983.068458794398
ST_MBAN_Global,76,,,49.65296173095703,122.52801019052744,0.7171750068664551,6446.345449839992,15013.247009540815
ST_MBAN_Global,77,,,49.38680267333984,121.85158428904404,0.7202373743057251,6448.820831389455,14847.99441786696
ST_MBAN_Global,78,,,49.50117874145508,122.35629325866324,0.7177956104278564,6446.752291972979,14971.23692276439
ST_MBAN_Global,79,,,49.28247833251953,121.80406188706311,0.720305323600769,6367.282343618305,14836.488772715997
ST_MBAN_Global,80,,,49.545875549316406,122.72700586566104,0.7160066366195679,6402.711829299543,15062.14792935641
ST_MBAN_Global,81,,,49.5449104309082,122.48194621427886,0.7171889543533325,6405.405940198661,15001.975579229536
ST_MBAN_Global,82,,,49.332557678222656,122.9415948415649,0.7149462699890137,6329.760205509286,15114.784012203816
ST_MBAN_Global,83,,,49.48455047607422,122.41492581584976,0.7174671292304993,6303.515474285939,14985.585220024885
ST_MBAN_Global,84,,,49.44792175292969,122.15435931639936,0.7188523411750793,6343.364730916573,14921.819143498962
ST_MBAN_Global,85,,,49.526611328125,122.56414535484062,0.716809868812561,6231.086775306331,15022.17204543765
ST_MBAN_Global,86,,,49.2325553894043,122.3044037943851,0.7179448008537292,6212.694347637696,14958.54157832464
ST_MBAN_Global,87,,,49.32686614990234,122.4129872731035,0.7173970937728882,6105.411244764374,14985.133831525753
ST_MBAN_Global,88,,,49.31572341918945,122.49224305797898,0.7170842289924622,6090.034031238862,15004.489975810717
ST_MBAN_Global,89,,,49.27516555786133,122.11342863553132,0.7188966274261475,6101.513160831831,14911.84726644965
ST_MBAN_Global,90,,,49.24682235717773,122.57367044965244,0.7166668176651001,6074.343841155372,15024.495276455467
ST_MBAN_Global,91,,,49.11306381225586,122.0840794736869,0.7189477682113647,6095.990986691439,14904.686981240597
ST_MBAN_Global,92,,,49.23328399658203,122.547567295316,0.7168097496032715,6082.764104159159,15018.07911187061
ST_MBAN_Global,93,,,49.09693145751953,122.36885917304492,0.7175791263580322,6159.738918056813,14974.297091316424
ST_MBAN_Global,94,,,49.13031768798828,122.78145281861588,0.7156916856765747,5978.923012492117,15075.435743590631
ST_MBAN_Global,95,,,49.40493392944336,123.1690910902569,0.7138276100158691,6059.636829924938,15170.830507403867
ST_MBAN_Global,96,,,49.24562072753906,122.95310017949934,0.7148740291595459,6041.502630282488,15117.67100179552
ST_MBAN_Global,97,,,49.17194366455078,123.0784810598506,0.7142189741134644,5985.696591948339,15148.466168265008
ST_MBAN_Global,98,,,49.16178894042969,122.9292106063994,0.7149329781532288,5935.830754263241,15111.748639145064
ST_MBAN_Global,99,,,48.93196105957031,122.7266716630904,0.7158881425857544,5990.815764704646,15062.04302333682
ST_MBAN_Global,100,,,49.2363510131836,123.157149990368,0.713907778263092,5945.387547783108,15167.87488624156
ST_MBAN_Global,101,,,49.03353500366211,122.76567968848217,0.7157038450241089,5973.347305394127,15071.61328004995
ST_MBAN_Global,102,,,49.14346694946289,123.07613243435952,0.7142001986503601,5914.315439818439,15148.009275328284
ST_MBAN_Global,103,,,49.201438903808594,123.14094122691284,0.7139027118682861,5944.4847655911535,15163.90982060568
ST_MBAN_Global,104,,,49.06480026245117,122.90332598860984,0.7150514721870422,5878.45085536201,15105.403373268484
ST_MBAN_Global,105,,,49.15153503417969,123.15653942493267,0.7138267755508423,5950.9814119196335,15167.763695660577
ST_MBAN_Global,106,,,48.99214553833008,122.58533379854217,0.716529369354248,5971.01520087367,15027.358318003484
ST_MBAN_Global,107,,,48.84662628173828,122.63484287713668,0.7162749767303467,5828.264211626342,15039.466691178426
ST_MBAN_Global,108,,,49.073280334472656,123.21318225437568,0.713552713394165,5868.931345100823,15181.617561545869
ST_MBAN_Global,109,,,48.97816467285156,122.89985363472772,0.715044379234314,5925.201097404522,15104.583116555352
ST_MBAN_Global,110,,,48.87224960327149,122.6115205065882,0.716385006904602,5849.022852217127,15033.74100535997
ST_MBAN_Global,111,,,48.95841217041016,122.59344729761251,0.7164993286132812,5913.6946186653095,15029.410347826964
ST_MBAN_Global,112,,,49.02333831787109,123.05585780703412,0.7142549753189087,5827.117917477603,15142.919524597424
ST_MBAN_Global,113,,,48.825008392333984,122.57362264675872,0.716562807559967,5904.659793228539,15024.484820341057
ST_MBAN_Global,114,,,48.88201141357422,122.80940676766174,0.7154271602630615,5852.800344354226,15082.358073470536
ST_MBAN_Global,115,,,49.10257339477539,123.23815390586228,0.7134290933609009,5916.298286358239,15187.770200261622
ST_MBAN_Global,116,,,48.987571716308594,123.087165030772,0.7141199111938477,5868.620493282257,15150.611605120796
ST_MBAN_Global,117,,,48.95802307128906,122.96108219422518,0.7147015929222107,5809.472986109367,15119.593784370618
ST_MBAN_Global,118,,,49.06051254272461,122.94955774625625,0.7148227095603943,5876.321538547445,15116.769516634024
ST_MBAN_Global,119,,,49.14719772338867,123.30297257923266,0.7131938934326172,5764.594732120286,15203.810206276636
ST_MBAN_Global,120,,,49.12240219116211,123.1032222174241,0.7141104936599731,5850.932025166052,15154.606783818474
ST_MBAN_Global,121,,,49.01653289794922,122.99181009954484,0.7145407795906067,5849.08494123717,15127.114563055591
ST_MBAN_Global,122,,,48.97188949584961,123.00014291150234,0.7145385146141052,5765.404006639373,15129.170206071089
ST_MBAN_Global,123,,,48.94393157958984,123.02135945766696,0.7144019603729248,5830.033777853851,15134.454565150443
ST_MBAN_Global,124,,,49.05736923217773,122.966101464489,0.7147355675697327,5755.903605305732,15120.890263108467
ST_MBAN_Global,125,,,48.90210723876953,122.85103562088923,0.7152186632156372,5826.512074929039,15092.598054512231
ST_MBAN_Global,126,,,49.08064651489258,122.94155909669033,0.7148134708404541,5830.324793413465,15114.768957811466
ST_MBAN_Global,127,,,48.96672058105469,123.14063193915727,0.7138673067092896,5804.609000893738,15163.76822473572
ST_MBAN_Global,128,,,49.0645751953125,123.10551083064884,0.7140030264854431,5849.46748502498,15155.158169369792
ST_MBAN_Global,129,,,48.87578582763672,122.70839257921602,0.7159282565116882,5761.71938322983,15057.526484823018
ST_MBAN_Global,130,,,48.92340469360352,122.97107288149112,0.7146728038787842,5826.023948904714,15122.05154374232
ST_MBAN_Global,131,,,48.93863296508789,122.98276206698644,0.7145960927009583,5870.136298404503,15124.88548319243
ST_MBAN_Global,132,,,49.05635070800781,123.18708777201448,0.7137036323547363,5828.118675682602,15175.201319173257
ST_MBAN_Global,133,,,49.302207946777344,122.9256794012138,0.7150261998176575,5815.870233458677,15110.90663838491
ST_MBAN_Global,134,,,49.1772575378418,122.93652690896022,0.7149167656898499,5866.754107868759,15113.637095134423
ST_MBAN_Global,135,,,48.93603515625,122.94918046315924,0.7147578001022339,5849.6771168608175,15116.65683617751
ST_MBAN_Global,136,,,48.89385986328125,122.77654928644762,0.7155682444572449,5789.976631004993,15074.259058242598
ST_MBAN_Global,137,,,48.78284454345703,122.64105399498165,0.7162036299705505,5825.605345305626,15040.938610229434
ST_MBAN_Global,138,,,48.91390228271485,122.89763270706234,0.7149730920791626,5793.451520457757,15104.02182398871
ST_MBAN_Global,139,,,48.90894317626953,122.93593907880437,0.7148250341415405,5860.7586336098975,15113.352026087943
ST_MBAN_Global,140,,,48.837799072265625,122.54521247916011,0.7166652679443359,5813.807795686642,15017.491643724205
ST_MBAN_Global,141,,,49.127811431884766,123.16937652070828,0.7137404680252075,5850.121007233167,15170.904378601375
ST_MBAN_Global,142,,,49.04290008544922,123.18048400873003,0.7136557102203369,5810.223388893032,15173.572771060788
ST_MBAN_Global,143,,,48.90710067749024,122.7744096465648,0.7155779600143433,5804.498617949944,15073.745345319789
ST_MBAN_Global,144,,,49.03709411621094,123.13725747996624,0.7138400077819824,5793.435688396599,15162.939776738063
ST_MBAN_Global,145,,,48.92186737060547,123.056087948748,0.7142348289489746,5885.376557156834,15142.94712438853
ST_MBAN_Global,146,,,49.1376953125,122.98022103421754,0.7146917581558228,5801.732890813619,15124.274243532538
ST_MBAN_Global,147,,,48.85128784179688,122.811036886959,0.715401291847229,5808.060819914185,15082.77600480364
ST_MBAN_Global,148,,,48.94416809082031,123.06869746964496,0.7141810655593872,5880.890263386254,15146.08430521872
ST_MBAN_Global,149,,,48.93888854980469,122.9293734604346,0.7148388624191284,5880.665901692324,15111.836171878693
ST_MBAN_Global,150,,,48.91818237304688,123.04013175967222,0.7143105268478394,5793.927095021991,15139.09149230886
ST_MBAN_Global,151,,,48.97055816650391,122.97186701894462,0.7146351933479309,5869.70051631018,15122.280510000895
ST_MBAN_Global,152,,,48.82669448852539,122.661313589748,0.7160985469818115,5758.187702691855,15045.961322807862
ST_MBAN_Global,153,,,49.024200439453125,123.07596580719974,0.7141698598861694,5797.914176694219,15147.900368777964
ST_MBAN_Global,154,,,49.23124313354492,123.25266620468096,0.7134107351303101,5777.801614729336,15191.413368225818
ST_MBAN_Global,155,,,48.89347076416016,122.84136906240096,0.7152621746063232,5755.000005761635,15090.144014275284
ST_MBAN_Global,156,,,48.94550323486328,123.16264890760309,0.7137467265129089,5817.732950814623,15169.20438578936
ST_MBAN_Global,157,,,48.87895965576172,122.7410017704964,0.7157320976257324,5757.852610771392,15065.511624192335
ST_MBAN_Global,158,,,48.94710540771485,123.08079790324727,0.7141112089157104,5727.11102332759,15148.991530119616
ST_MBAN_Global,159,,,49.06458282470703,122.95715479004262,0.7147942781448364,5817.956684090343,15118.67002323294
ST_MBAN_Global,160,,,49.05047225952149,123.1703477721505,0.7136880159378052,5832.920123578376,15171.13192575651
ST_MBAN_Global,161,,,48.94181442260742,122.82131011656732,0.7153582572937012,5794.941159092017,15085.237824216165
ST_MBAN_Global,162,,,48.9970817565918,122.88768770329474,0.7150759696960449,5838.809059811647,15101.632946566951
ST_MBAN_Global,163,,,48.83854675292969,122.75115754927732,0.7156790494918823,5768.507585650049,15068.061100343495
ST_MBAN_Global,164,,,48.914154052734375,122.62183434369469,0.7163313627243042,5788.028711480586,15036.299473812604
ST_MBAN_Global,165,,,48.83164978027344,123.02799954431104,0.7143914699554443,5820.200186796973,15136.1110443597
ST_MBAN_Global,166,,,48.97128677368164,123.03258349544036,0.7143582105636597,5801.220923513304,15137.115811075204
ST_MBAN_Global,167,,,48.90468978881836,122.90101771852828,0.7150022983551025,5787.118751245405,15104.857804290436
ST_MBAN_Global,168,,,49.11429977416992,122.790591239211,0.7156251668930054,5756.511133663284,15077.685734082555
ST_MBAN_Global,169,,,48.93853378295898,123.20402365715374,0.7135388851165771,5750.858258415926,15179.38753318288
ST_MBAN_Global,170,,,48.99698257446289,123.08044085830616,0.7141319513320923,5768.493298180129,15149.005771248365
ST_MBAN_Global,171,,,48.94721984863281,122.98393727688588,0.7145991325378418,5807.482594627892,15125.226144421584
ST_MBAN_Global,172,,,48.867225646972656,122.7588344898749,0.715683102607727,5794.309806227987,15069.90226503913
ST_MBAN_Global,173,,,48.9954833984375,122.87774586835285,0.7151212692260742,5836.385481575446,15099.164060192215
ST_MBAN_Global,174,,,48.8768196105957,122.72423275249064,0.7158346176147461,5760.171107090992,15061.469330177268
ST_MBAN_Global,175,,,49.24991607666016,123.12607470977665,0.7139878869056702,5797.770378906496,15160.205708735071
ST_MBAN_Global,176,,,48.93519592285156,123.0849197137387,0.714095950126648,5843.822260044138,15149.992572438616
ST_MBAN_Global,177,,,48.81053924560547,122.69461979468578,0.7159574627876282,5844.04869506508,15054.134979295164
ST_MBAN_Global,178,,,48.78176498413086,122.79929556877556,0.7154984474182129,5773.075980825648,15079.829743926894
ST_MBAN_Global,179,,,48.99023818969727,122.88965451778274,0.7150489091873169,5774.877057580595,15102.089440933738
ST_MBAN_Global,180,,,48.88440704345703,122.84848391412896,0.7152292132377625,5843.149479636674,15091.942655192726
ST_MBAN_Global,181,,,49.0045051574707,123.0969907862292,0.7140326499938965,5858.450219501367,15153.044619216627
ST_MBAN_Global,182,,,49.11181640625,123.07138347190016,0.7142342329025269,5805.509645780687,15146.75079517056
ST_MBAN_Global,183,,,48.90110397338867,122.98831642299402,0.714585542678833,5732.8167706945615,15126.317828676652
ST_MBAN_Global,184,,,49.01137924194336,122.96102659989464,0.7147089838981628,5735.936100676578,15119.611245198575
ST_MBAN_Global,185,,,49.00470733642578,123.1604208250869,0.7137531042098999,5859.383935268794,15168.645053301843
ST_MBAN_Global,186,,,48.98131561279297,122.93334941519124,0.7148245573043823,5842.360766061745,15112.757240169203
ST_MBAN_Global,187,,,48.99707794189453,123.0096977566708,0.7144528031349182,5803.277420116663,15131.588095864054
ST_MBAN_Global,188,,,48.97028350830078,123.21386783378932,0.7134767770767212,5781.003467119573,15181.908297282647
ST_MBAN_Global,189,,,49.01115036010742,123.0193510883044,0.7144334316253662,5780.016821973882,15133.942288901017
ST_MBAN_Global,190,,,48.896278381347656,122.920904764507,0.7148750424385071,5839.765738601902,15109.757267739547
ST_MBAN_Global,191,,,48.97840118408203,123.03505994862806,0.7143100500106812,5783.379243824881,15137.789863270787
ST_MBAN_Global,192,,,48.84294128417969,122.61032579757506,0.7164063453674316,5801.040205811445,15033.407391584546
ST_MBAN_Global,193,,,48.94351959228516,122.83921465171454,0.715336799621582,5757.395497077705,15089.622711569156
ST_MBAN_Global,194,,,49.1353759765625,123.34949394403692,0.7128571271896362,5799.683411127712,15215.260492208175
ST_MBAN_Global,195,,,49.10081481933594,122.97942298027952,0.7147146463394165,5851.9743021967815,15124.101901682923
ST_MBAN_Global,196,,,48.87799453735352,123.04617559325035,0.7143007516860962,5814.070229198605,15140.52544779654
ST_MBAN_Global,197,,,48.84370803833008,122.79716030155176,0.7154710292816162,5743.597714585592,15079.350699265153
ST_MBAN_Global,198,,,48.98260116577149,123.0005716450131,0.7145481109619141,5742.602901722416,15129.3116517196
ST_MBAN_Global,199,,,49.046180725097656,122.89661162309358,0.715015172958374,5821.478002862571,15103.71645852288
ST_MBAN_Global,200,,,48.85245513916016,122.67884346052703,0.7160625457763672,5827.8617445012005,15050.23985312884
