scenario,algorithm,density,pred_error_pct,gamma,tau_max,seed,CHR,CDSR,AoI_violation_rate,PCO,RLBI
E,RILP,1,0,0.0,5,42,0.211267,1.0,0.261733,0.224855,0.857622
E,RILP,1,0,0.0,5,43,0.2265,1.0,0.231433,0.236114,0.884106
E,RILP,1,0,0.0,5,44,0.195867,1.0,0.288067,0.257334,0.84487
E,RILP,1,0,0.0,5,45,0.237233,1.0,0.2233,0.254594,0.875702
E,RILP,1,0,0.0,5,46,0.193033,1.0,0.297867,0.313856,0.843945
E,RILP,1,0,0.0,5,47,0.207167,1.0,0.2682,0.255057,0.871802
E,RILP,1,0,0.0,5,48,0.2024,1.0,0.276367,0.287674,0.849904
E,RILP,1,0,0.0,5,49,0.234767,1.0,0.2257,0.212192,0.852836
E,RILP,1,0,0.0,5,50,0.2067,1.0,0.2677,0.279463,0.839448
E,RILP,1,0,0.0,5,51,0.238467,1.0,0.2247,0.251932,0.829344
E,RILP-Greedy,1,0,0.0,5,42,0.211267,1.0,0.261733,0.224855,0.857622
E,RILP-Greedy,1,0,0.0,5,43,0.2265,1.0,0.231433,0.236114,0.884106
E,RILP-Greedy,1,0,0.0,5,44,0.195867,1.0,0.288067,0.257334,0.84487
E,RILP-Greedy,1,0,0.0,5,45,0.237233,1.0,0.2233,0.254594,0.875702
E,RILP-Greedy,1,0,0.0,5,46,0.193033,1.0,0.297867,0.313856,0.843945
E,RILP-Greedy,1,0,0.0,5,47,0.207167,1.0,0.2682,0.255057,0.871802
E,RILP-Greedy,1,0,0.0,5,48,0.2024,1.0,0.276367,0.287674,0.849904
E,RILP-Greedy,1,0,0.0,5,49,0.234767,1.0,0.2257,0.212192,0.852836
E,RILP-Greedy,1,0,0.0,5,50,0.2067,1.0,0.2677,0.279463,0.839448
E,RILP-Greedy,1,0,0.0,5,51,0.238467,1.0,0.2247,0.251932,0.829344
E,RILP,1,0,0.5,5,42,0.211267,1.0,0.261733,0.224855,0.857622
E,RILP,1,0,0.5,5,43,0.2265,1.0,0.231433,0.236114,0.884106
E,RILP,1,0,0.5,5,44,0.195867,1.0,0.288067,0.257334,0.84487
E,RILP,1,0,0.5,5,45,0.237233,1.0,0.2233,0.254594,0.875702
E,RILP,1,0,0.5,5,46,0.193033,1.0,0.297867,0.313856,0.843945
E,RILP,1,0,0.5,5,47,0.207167,1.0,0.2682,0.255057,0.871802
E,RILP,1,0,0.5,5,48,0.2024,1.0,0.276367,0.287674,0.849904
E,RILP,1,0,0.5,5,49,0.234767,1.0,0.2257,0.212192,0.852836
E,RILP,1,0,0.5,5,50,0.2067,1.0,0.2677,0.279463,0.839448
E,RILP,1,0,0.5,5,51,0.238467,1.0,0.2247,0.251932,0.829344
E,RILP-Greedy,1,0,0.5,5,42,0.211267,1.0,0.261733,0.224855,0.857622
E,RILP-Greedy,1,0,0.5,5,43,0.2265,1.0,0.231433,0.236114,0.884106
E,RILP-Greedy,1,0,0.5,5,44,0.195867,1.0,0.288067,0.257334,0.84487
E,RILP-Greedy,1,0,0.5,5,45,0.237233,1.0,0.2233,0.254594,0.875702
E,RILP-Greedy,1,0,0.5,5,46,0.193033,1.0,0.297867,0.313856,0.843945
E,RILP-Greedy,1,0,0.5,5,47,0.207167,1.0,0.2682,0.255057,0.871802
E,RILP-Greedy,1,0,0.5,5,48,0.2024,1.0,0.276367,0.287674,0.849904
E,RILP-Greedy,1,0,0.5,5,49,0.234767,1.0,0.2257,0.212192,0.852836
E,RILP-Greedy,1,0,0.5,5,50,0.2067,1.0,0.2677,0.279463,0.839448
E,RILP-Greedy,1,0,0.5,5,51,0.238467,1.0,0.2247,0.251932,0.829344
E,RILP,1,0,1.0,5,42,0.211267,1.0,0.261733,0.224855,0.857622
E,RILP,1,0,1.0,5,43,0.2265,1.0,0.231433,0.236114,0.884106
E,RILP,1,0,1.0,5,44,0.195867,1.0,0.288067,0.257334,0.84487
E,RILP,1,0,1.0,5,45,0.237233,1.0,0.2233,0.254594,0.875702
E,RILP,1,0,1.0,5,46,0.193033,1.0,0.297867,0.313856,0.843945
E,RILP,1,0,1.0,5,47,0.207167,1.0,0.2682,0.255057,0.871802
E,RILP,1,0,1.0,5,48,0.2024,1.0,0.276367,0.287674,0.849904
E,RILP,1,0,1.0,5,49,0.234767,1.0,0.2257,0.212192,0.852836
E,RILP,1,0,1.0,5,50,0.2067,1.0,0.2677,0.279463,0.839448
E,RILP,1,0,1.0,5,51,0.238467,1.0,0.2247,0.251932,0.829344
E,RILP-Greedy,1,0,1.0,5,42,0.211267,1.0,0.261733,0.224855,0.857622
E,RILP-Greedy,1,0,1.0,5,43,0.2265,1.0,0.231433,0.236114,0.884106
E,RILP-Greedy,1,0,1.0,5,44,0.195867,1.0,0.288067,0.257334,0.84487
E,RILP-Greedy,1,0,1.0,5,45,0.237233,1.0,0.2233,0.254594,0.875702
E,RILP-Greedy,1,0,1.0,5,46,0.193033,1.0,0.297867,0.313856,0.843945
E,RILP-Greedy,1,0,1.0,5,47,0.207167,1.0,0.2682,0.255057,0.871802
E,RILP-Greedy,1,0,1.0,5,48,0.2024,1.0,0.276367,0.287674,0.849904
E,RILP-Greedy,1,0,1.0,5,49,0.234767,1.0,0.2257,0.212192,0.852836
E,RILP-Greedy,1,0,1.0,5,50,0.2067,1.0,0.2677,0.279463,0.839448
E,RILP-Greedy,1,0,1.0,5,51,0.238467,1.0,0.2247,0.251932,0.829344
E,RILP,1,0,1.5,5,42,0.211267,1.0,0.261733,0.224855,0.857622
E,RILP,1,0,1.5,5,43,0.2265,1.0,0.231433,0.236114,0.884106
E,RILP,1,0,1.5,5,44,0.195867,1.0,0.288067,0.257334,0.84487
E,RILP,1,0,1.5,5,45,0.237233,1.0,0.2233,0.254594,0.875702
E,RILP,1,0,1.5,5,46,0.193033,1.0,0.297867,0.313856,0.843945
E,RILP,1,0,1.5,5,47,0.207167,1.0,0.2682,0.255057,0.871802
E,RILP,1,0,1.5,5,48,0.2024,1.0,0.276367,0.287674,0.849904
E,RILP,1,0,1.5,5,49,0.234767,1.0,0.2257,0.212192,0.852836
E,RILP,1,0,1.5,5,50,0.2067,1.0,0.2677,0.279463,0.839448
E,RILP,1,0,1.5,5,51,0.238467,1.0,0.2247,0.251932,0.829344
E,RILP-Greedy,1,0,1.5,5,42,0.211267,1.0,0.261733,0.224855,0.857622
E,RILP-Greedy,1,0,1.5,5,43,0.2265,1.0,0.231433,0.236114,0.884106
E,RILP-Greedy,1,0,1.5,5,44,0.195867,1.0,0.288067,0.257334,0.84487
E,RILP-Greedy,1,0,1.5,5,45,0.237233,1.0,0.2233,0.254594,0.875702
E,RILP-Greedy,1,0,1.5,5,46,0.193033,1.0,0.297867,0.313856,0.843945
E,RILP-Greedy,1,0,1.5,5,47,0.207167,1.0,0.2682,0.255057,0.871802
E,RILP-Greedy,1,0,1.5,5,48,0.2024,1.0,0.276367,0.287674,0.849904
E,RILP-Greedy,1,0,1.5,5,49,0.234767,1.0,0.2257,0.212192,0.852836
E,RILP-Greedy,1,0,1.5,5,50,0.2067,1.0,0.2677,0.279463,0.839448
E,RILP-Greedy,1,0,1.5,5,51,0.238467,1.0,0.2247,0.251932,0.829344
E,RILP,1,0,2.0,5,42,0.211267,1.0,0.261733,0.224855,0.857622
E,RILP,1,0,2.0,5,43,0.2265,1.0,0.231433,0.236114,0.884106
E,RILP,1,0,2.0,5,44,0.195867,1.0,0.288067,0.257334,0.84487
E,RILP,1,0,2.0,5,45,0.237233,1.0,0.2233,0.254594,0.875702
E,RILP,1,0,2.0,5,46,0.193033,1.0,0.297867,0.313856,0.843945
E,RILP,1,0,2.0,5,47,0.207167,1.0,0.2682,0.255057,0.871802
E,RILP,1,0,2.0,5,48,0.2024,1.0,0.276367,0.287674,0.849904
E,RILP,1,0,2.0,5,49,0.234767,1.0,0.2257,0.212192,0.852836
E,RILP,1,0,2.0,5,50,0.2067,1.0,0.2677,0.279463,0.839448
E,RILP,1,0,2.0,5,51,0.238467,1.0,0.2247,0.251932,0.829344
E,RILP-Greedy,1,0,2.0,5,42,0.211267,1.0,0.261733,0.224855,0.857622
E,RILP-Greedy,1,0,2.0,5,43,0.2265,1.0,0.231433,0.236114,0.884106
E,RILP-Greedy,1,0,2.0,5,44,0.195867,1.0,0.288067,0.257334,0.84487
E,RILP-Greedy,1,0,2.0,5,45,0.237233,1.0,0.2233,0.254594,0.875702
E,RILP-Greedy,1,0,2.0,5,46,0.193033,1.0,0.297867,0.313856,0.843945
E,RILP-Greedy,1,0,2.0,5,47,0.207167,1.0,0.2682,0.255057,0.871802
E,RILP-Greedy,1,0,2.0,5,48,0.2024,1.0,0.276367,0.287674,0.849904
E,RILP-Greedy,1,0,2.0,5,49,0.234767,1.0,0.2257,0.212192,0.852836
E,RILP-Greedy,1,0,2.0,5,50,0.2067,1.0,0.2677,0.279463,0.839448
E,RILP-Greedy,1,0,2.0,5,51,0.238467,1.0,0.2247,0.251932,0.829344
E,RILP,1,0,2.5,5,42,0.211267,1.0,0.261733,0.224855,0.857622
E,RILP,1,0,2.5,5,43,0.2265,1.0,0.231433,0.236114,0.884106
E,RILP,1,0,2.5,5,44,0.195867,1.0,0.288067,0.257334,0.84487
E,RILP,1,0,2.5,5,45,0.237233,1.0,0.2233,0.254594,0.875702
E,RILP,1,0,2.5,5,46,0.193033,1.0,0.297867,0.313856,0.843945
E,RILP,1,0,2.5,5,47,0.207167,1.0,0.2682,0.255057,0.871802
E,RILP,1,0,2.5,5,48,0.2024,1.0,0.276367,0.287674,0.849904
E,RILP,1,0,2.5,5,49,0.234767,1.0,0.2257,0.212192,0.852836
E,RILP,1,0,2.5,5,50,0.2067,1.0,0.2677,0.279463,0.839448
E,RILP,1,0,2.5,5,51,0.238467,1.0,0.2247,0.251932,0.829344
E,RILP-Greedy,1,0,2.5,5,42,0.211267,1.0,0.261733,0.224855,0.857622
E,RILP-Greedy,1,0,2.5,5,43,0.2265,1.0,0.231433,0.236114,0.884106
E,RILP-Greedy,1,0,2.5,5,44,0.195867,1.0,0.288067,0.257334,0.84487
E,RILP-Greedy,1,0,2.5,5,45,0.237233,1.0,0.2233,0.254594,0.875702
E,RILP-Greedy,1,0,2.5,5,46,0.193033,1.0,0.297867,0.313856,0.843945
E,RILP-Greedy,1,0,2.5,5,47,0.207167,1.0,0.2682,0.255057,0.871802
E,RILP-Greedy,1,0,2.5,5,48,0.2024,1.0,0.276367,0.287674,0.849904
E,RILP-Greedy,1,0,2.5,5,49,0.234767,1.0,0.2257,0.212192,0.852836
E,RILP-Greedy,1,0,2.5,5,50,0.2067,1.0,0.2677,0.279463,0.839448
E,RILP-Greedy,1,0,2.5,5,51,0.238467,1.0,0.2247,0.251932,0.829344
E,RILP,1,0,3.0,5,42,0.211267,1.0,0.261733,0.224855,0.857622
E,RILP,1,0,3.0,5,43,0.2265,1.0,0.231433,0.236114,0.884106
E,RILP,1,0,3.0,5,44,0.195867,1.0,0.288067,0.257334,0.84487
E,RILP,1,0,3.0,5,45,0.237233,1.0,0.2233,0.254594,0.875702
E,RILP,1,0,3.0,5,46,0.193033,1.0,0.297867,0.313856,0.843945
E,RILP,1,0,3.0,5,47,0.207167,1.0,0.2682,0.255057,0.871802
E,RILP,1,0,3.0,5,48,0.2024,1.0,0.276367,0.287674,0.849904
E,RILP,1,0,3.0,5,49,0.234767,1.0,0.2257,0.212192,0.852836
E,RILP,1,0,3.0,5,50,0.2067,1.0,0.2677,0.279463,0.839448
E,RILP,1,0,3.0,5,51,0.238467,1.0,0.2247,0.251932,0.829344
E,RILP-Greedy,1,0,3.0,5,42,0.211267,1.0,0.261733,0.224855,0.857622
E,RILP-Greedy,1,0,3.0,5,43,0.2265,1.0,0.231433,0.236114,0.884106
E,RILP-Greedy,1,0,3.0,5,44,0.195867,1.0,0.288067,0.257334,0.84487
E,RILP-Greedy,1,0,3.0,5,45,0.237233,1.0,0.2233,0.254594,0.875702
E,RILP-Greedy,1,0,3.0,5,46,0.193033,1.0,0.297867,0.313856,0.843945
E,RILP-Greedy,1,0,3.0,5,47,0.207167,1.0,0.2682,0.255057,0.871802
E,RILP-Greedy,1,0,3.0,5,48,0.2024,1.0,0.276367,0.287674,0.849904
E,RILP-Greedy,1,0,3.0,5,49,0.234767,1.0,0.2257,0.212192,0.852836
E,RILP-Greedy,1,0,3.0,5,50,0.2067,1.0,0.2677,0.279463,0.839448
E,RILP-Greedy,1,0,3.0,5,51,0.238467,1.0,0.2247,0.251932,0.829344
E,RILP,1,0,3.5,5,42,0.211267,1.0,0.261733,0.224855,0.857622
E,RILP,1,0,3.5,5,43,0.2265,1.0,0.231433,0.236114,0.884106
E,RILP,1,0,3.5,5,44,0.195867,1.0,0.288067,0.257334,0.84487
E,RILP,1,0,3.5,5,45,0.237233,1.0,0.2233,0.254594,0.875702
E,RILP,1,0,3.5,5,46,0.193033,1.0,0.297867,0.313856,0.843945
E,RILP,1,0,3.5,5,47,0.207167,1.0,0.2682,0.255057,0.871802
E,RILP,1,0,3.5,5,48,0.2024,1.0,0.276367,0.287674,0.849904
E,RILP,1,0,3.5,5,49,0.234767,1.0,0.2257,0.212192,0.852836
E,RILP,1,0,3.5,5,50,0.2067,1.0,0.2677,0.279463,0.839448
E,RILP,1,0,3.5,5,51,0.238467,1.0,0.2247,0.251932,0.829344
E,RILP-Greedy,1,0,3.5,5,42,0.211267,1.0,0.261733,0.224855,0.857622
E,RILP-Greedy,1,0,3.5,5,43,0.2265,1.0,0.231433,0.236114,0.884106
E,RILP-Greedy,1,0,3.5,5,44,0.195867,1.0,0.288067,0.257334,0.84487
E,RILP-Greedy,1,0,3.5,5,45,0.237233,1.0,0.2233,0.254594,0.875702
E,RILP-Greedy,1,0,3.5,5,46,0.193033,1.0,0.297867,0.313856,0.843945
E,RILP-Greedy,1,0,3.5,5,47,0.207167,1.0,0.2682,0.255057,0.871802
E,RILP-Greedy,1,0,3.5,5,48,0.2024,1.0,0.276367,0.287674,0.849904
E,RILP-Greedy,1,0,3.5,5,49,0.234767,1.0,0.2257,0.212192,0.852836
E,RILP-Greedy,1,0,3.5,5,50,0.2067,1.0,0.2677,0.279463,0.839448
E,RILP-Greedy,1,0,3.5,5,51,0.238467,1.0,0.2247,0.251932,0.829344
E,RILP,1,0,4.0,5,42,0.211267,1.0,0.261733,0.224855,0.857622
E,RILP,1,0,4.0,5,43,0.2265,1.0,0.231433,0.236114,0.884106
E,RILP,1,0,4.0,5,44,0.195867,1.0,0.288067,0.257334,0.84487
E,RILP,1,0,4.0,5,45,0.237233,1.0,0.2233,0.254594,0.875702
E,RILP,1,0,4.0,5,46,0.193033,1.0,0.297867,0.313856,0.843945
E,RILP,1,0,4.0,5,47,0.207167,1.0,0.2682,0.255057,0.871802
E,RILP,1,0,4.0,5,48,0.2024,1.0,0.276367,0.287674,0.849904
E,RILP,1,0,4.0,5,49,0.234767,1.0,0.2257,0.212192,0.852836
E,RILP,1,0,4.0,5,50,0.2067,1.0,0.2677,0.279463,0.839448
E,RILP,1,0,4.0,5,51,0.238467,1.0,0.2247,0.251932,0.829344
E,RILP-Greedy,1,0,4.0,5,42,0.211267,1.0,0.261733,0.224855,0.857622
E,RILP-Greedy,1,0,4.0,5,43,0.2265,1.0,0.231433,0.236114,0.884106
E,RILP-Greedy,1,0,4.0,5,44,0.195867,1.0,0.288067,0.257334,0.84487
E,RILP-Greedy,1,0,4.0,5,45,0.237233,1.0,0.2233,0.254594,0.875702
E,RILP-Greedy,1,0,4.0,5,46,0.193033,1.0,0.297867,0.313856,0.843945
E,RILP-Greedy,1,0,4.0,5,47,0.207167,1.0,0.2682,0.255057,0.871802
E,RILP-Greedy,1,0,4.0,5,48,0.2024,1.0,0.276367,0.287674,0.849904
E,RILP-Greedy,1,0,4.0,5,49,0.234767,1.0,0.2257,0.212192,0.852836
E,RILP-Greedy,1,0,4.0,5,50,0.2067,1.0,0.2677,0.279463,0.839448
E,RILP-Greedy,1,0,4.0,5,51,0.238467,1.0,0.2247,0.251932,0.829344
E,RILP,1,0,4.5,5,42,0.211267,1.0,0.261733,0.224855,0.857622
E,RILP,1,0,4.5,5,43,0.2265,1.0,0.231433,0.236114,0.884106
E,RILP,1,0,4.5,5,44,0.195867,1.0,0.288067,0.257334,0.84487
E,RILP,1,0,4.5,5,45,0.237233,1.0,0.2233,0.254594,0.875702
E,RILP,1,0,4.5,5,46,0.193033,1.0,0.297867,0.313856,0.843945
E,RILP,1,0,4.5,5,47,0.207167,1.0,0.2682,0.255057,0.871802
E,RILP,1,0,4.5,5,48,0.2024,1.0,0.276367,0.287674,0.849904
E,RILP,1,0,4.5,5,49,0.234767,1.0,0.2257,0.212192,0.852836
E,RILP,1,0,4.5,5,50,0.2067,1.0,0.2677,0.279463,0.839448
E,RILP,1,0,4.5,5,51,0.238467,1.0,0.2247,0.251932,0.829344
E,RILP-Greedy,1,0,4.5,5,42,0.211267,1.0,0.261733,0.224855,0.857622
E,RILP-Greedy,1,0,4.5,5,43,0.2265,1.0,0.231433,0.236114,0.884106
E,RILP-Greedy,1,0,4.5,5,44,0.195867,1.0,0.288067,0.257334,0.84487
E,RILP-Greedy,1,0,4.5,5,45,0.237233,1.0,0.2233,0.254594,0.875702
E,RILP-Greedy,1,0,4.5,5,46,0.193033,1.0,0.297867,0.313856,0.843945
E,RILP-Greedy,1,0,4.5,5,47,0.207167,1.0,0.2682,0.255057,0.871802
E,RILP-Greedy,1,0,4.5,5,48,0.2024,1.0,0.276367,0.287674,0.849904
E,RILP-Greedy,1,0,4.5,5,49,0.234767,1.0,0.2257,0.212192,0.852836
E,RILP-Greedy,1,0,4.5,5,50,0.2067,1.0,0.2677,0.279463,0.839448
E,RILP-Greedy,1,0,4.5,5,51,0.238467,1.0,0.2247,0.251932,0.829344
E,RILP,1,0,5.0,5,42,0.211267,1.0,0.261733,0.224855,0.857622
E,RILP,1,0,5.0,5,43,0.2265,1.0,0.231433,0.236114,0.884106
E,RILP,1,0,5.0,5,44,0.195867,1.0,0.288067,0.257334,0.84487
E,RILP,1,0,5.0,5,45,0.237233,1.0,0.2233,0.254594,0.875702
E,RILP,1,0,5.0,5,46,0.193033,1.0,0.297867,0.313856,0.843945
E,RILP,1,0,5.0,5,47,0.207167,1.0,0.2682,0.255057,0.871802
E,RILP,1,0,5.0,5,48,0.2024,1.0,0.276367,0.287674,0.849904
E,RILP,1,0,5.0,5,49,0.234767,1.0,0.2257,0.212192,0.852836
E,RILP,1,0,5.0,5,50,0.2067,1.0,0.2677,0.279463,0.839448
E,RILP,1,0,5.0,5,51,0.238467,1.0,0.2247,0.251932,0.829344
E,RILP-Greedy,1,0,5.0,5,42,0.211267,1.0,0.261733,0.224855,0.857622
E,RILP-Greedy,1,0,5.0,5,43,0.2265,1.0,0.231433,0.236114,0.884106
E,RILP-Greedy,1,0,5.0,5,44,0.195867,1.0,0.288067,0.257334,0.84487
E,RILP-Greedy,1,0,5.0,5,45,0.237233,1.0,0.2233,0.254594,0.875702
E,RILP-Greedy,1,0,5.0,5,46,0.193033,1.0,0.297867,0.313856,0.843945
E,RILP-Greedy,1,0,5.0,5,47,0.207167,1.0,0.2682,0.255057,0.871802
E,RILP-Greedy,1,0,5.0,5,48,0.2024,1.0,0.276367,0.287674,0.849904
E,RILP-Greedy,1,0,5.0,5,49,0.234767,1.0,0.2257,0.212192,0.852836
E,RILP-Greedy,1,0,5.0,5,50,0.2067,1.0,0.2677,0.279463,0.839448
E,RILP-Greedy,1,0,5.0,5,51,0.238467,1.0,0.2247,0.251932,0.829344
E,RILP,1,10,0.0,5,42,0.211267,1.0,0.261733,0.224855,0.857622
E,RILP,1,10,0.0,5,43,0.2265,1.0,0.231433,0.236114,0.884106
E,RILP,1,10,0.0,5,44,0.195867,1.0,0.288067,0.257334,0.84487
E,RILP,1,10,0.0,5,45,0.237233,1.0,0.2233,0.254594,0.875702
E,RILP,1,10,0.0,5,46,0.193033,1.0,0.297867,0.313856,0.843945
E,RILP,1,10,0.0,5,47,0.207167,1.0,0.2682,0.255057,0.871802
E,RILP,1,10,0.0,5,48,0.2024,1.0,0.276367,0.287674,0.849904
E,RILP,1,10,0.0,5,49,0.234767,1.0,0.2257,0.212192,0.852836
E,RILP,1,10,0.0,5,50,0.2067,1.0,0.2677,0.279463,0.839448
E,RILP,1,10,0.0,5,51,0.238467,1.0,0.2247,0.251932,0.829344
E,RILP-Greedy,1,10,0.0,5,42,0.211267,1.0,0.261733,0.224855,0.857622
E,RILP-Greedy,1,10,0.0,5,43,0.2265,1.0,0.231433,0.236114,0.884106
E,RILP-Greedy,1,10,0.0,5,44,0.195867,1.0,0.288067,0.257334,0.84487
E,RILP-Greedy,1,10,0.0,5,45,0.237233,1.0,0.2233,0.254594,0.875702
E,RILP-Greedy,1,10,0.0,5,46,0.193033,1.0,0.297867,0.313856,0.843945
E,RILP-Greedy,1,10,0.0,5,47,0.207167,1.0,0.2682,0.255057,0.871802
E,RILP-Greedy,1,10,0.0,5,48,0.2024,1.0,0.276367,0.287674,0.849904
E,RILP-Greedy,1,10,0.0,5,49,0.234767,1.0,0.2257,0.212192,0.852836
E,RILP-Greedy,1,10,0.0,5,50,0.2067,1.0,0.2677,0.279463,0.839448
E,RILP-Greedy,1,10,0.0,5,51,0.238467,1.0,0.2247,0.251932,0.829344
E,RILP,1,10,0.5,5,42,0.211267,1.0,0.261733,0.224855,0.857622
E,RILP,1,10,0.5,5,43,0.2265,1.0,0.231433,0.236114,0.884106
E,RILP,1,10,0.5,5,44,0.195867,1.0,0.288067,0.257334,0.84487
E,RILP,1,10,0.5,5,45,0.237233,1.0,0.2233,0.254594,0.875702
E,RILP,1,10,0.5,5,46,0.193033,1.0,0.297867,0.313856,0.843945
E,RILP,1,10,0.5,5,47,0.207167,1.0,0.2682,0.255057,0.871802
E,RILP,1,10,0.5,5,48,0.2024,1.0,0.276367,0.287674,0.849904
E,RILP,1,10,0.5,5,49,0.234767,1.0,0.2257,0.212192,0.852836
E,RILP,1,10,0.5,5,50,0.2067,1.0,0.2677,0.279463,0.839448
E,RILP,1,10,0.5,5,51,0.238467,1.0,0.2247,0.251932,0.829344
E,RILP-Greedy,1,10,0.5,5,42,0.211267,1.0,0.261733,0.224855,0.857622
E,RILP-Greedy,1,10,0.5,5,43,0.2265,1.0,0.231433,0.236114,0.884106
E,RILP-Greedy,1,10,0.5,5,44,0.195867,1.0,0.288067,0.257334,0.84487
E,RILP-Greedy,1,10,0.5,5,45,0.237233,1.0,0.2233,0.254594,0.875702
E,RILP-Greedy,1,10,0.5,5,46,0.193033,1.0,0.297867,0.313856,0.843945
E,RILP-Greedy,1,10,0.5,5,47,0.207167,1.0,0.2682,0.255057,0.871802
E,RILP-Greedy,1,10,0.5,5,48,0.2024,1.0,0.276367,0.287674,0.849904
E,RILP-Greedy,1,10,0.5,5,49,0.234767,1.0,0.2257,0.212192,0.852836
E,RILP-Greedy,1,10,0.5,5,50,0.2067,1.0,0.2677,0.279463,0.839448
E,RILP-Greedy,1,10,0.5,5,51,0.238467,1.0,0.2247,0.251932,0.829344
E,RILP,1,10,1.0,5,42,0.211267,1.0,0.261733,0.224855,0.857622
E,RILP,1,10,1.0,5,43,0.2265,1.0,0.231433,0.236114,0.884106
E,RILP,1,10,1.0,5,44,0.195867,1.0,0.288067,0.257334,0.84487
E,RILP,1,10,1.0,5,45,0.237233,1.0,0.2233,0.254594,0.875702
E,RILP,1,10,1.0,5,46,0.193033,1.0,0.297867,0.313856,0.843945
E,RILP,1,10,1.0,5,47,0.207167,1.0,0.2682,0.255057,0.871802
E,RILP,1,10,1.0,5,48,0.2024,1.0,0.276367,0.287674,0.849904
E,RILP,1,10,1.0,5,49,0.234767,1.0,0.2257,0.212192,0.852836
E,RILP,1,10,1.0,5,50,0.2067,1.0,0.2677,0.279463,0.839448
E,RILP,1,10,1.0,5,51,0.238467,1.0,0.2247,0.251932,0.829344
E,RILP-Greedy,1,10,1.0,5,42,0.211267,1.0,0.261733,0.224855,0.857622
E,RILP-Greedy,1,10,1.0,5,43,0.2265,1.0,0.231433,0.236114,0.884106
E,RILP-Greedy,1,10,1.0,5,44,0.195867,1.0,0.288067,0.257334,0.84487
E,RILP-Greedy,1,10,1.0,5,45,0.237233,1.0,0.2233,0.254594,0.875702
E,RILP-Greedy,1,10,1.0,5,46,0.193033,1.0,0.297867,0.313856,0.843945
E,RILP-Greedy,1,10,1.0,5,47,0.207167,1.0,0.2682,0.255057,0.871802
E,RILP-Greedy,1,10,1.0,5,48,0.2024,1.0,0.276367,0.287674,0.849904
E,RILP-Greedy,1,10,1.0,5,49,0.234767,1.0,0.2257,0.212192,0.852836
E,RILP-Greedy,1,10,1.0,5,50,0.2067,1.0,0.2677,0.279463,0.839448
E,RILP-Greedy,1,10,1.0,5,51,0.238467,1.0,0.2247,0.251932,0.829344
E,RILP,1,10,1.5,5,42,0.211267,1.0,0.261733,0.224855,0.857622
E,RILP,1,10,1.5,5,43,0.2265,1.0,0.231433,0.236114,0.884106
E,RILP,1,10,1.5,5,44,0.195867,1.0,0.288067,0.257334,0.84487
E,RILP,1,10,1.5,5,45,0.237233,1.0,0.2233,0.254594,0.875702
E,RILP,1,10,1.5,5,46,0.193033,1.0,0.297867,0.313856,0.843945
E,RILP,1,10,1.5,5,47,0.207167,1.0,0.2682,0.255057,0.871802
E,RILP,1,10,1.5,5,48,0.2024,1.0,0.276367,0.287674,0.849904
E,RILP,1,10,1.5,5,49,0.234767,1.0,0.2257,0.212192,0.852836
E,RILP,1,10,1.5,5,50,0.2067,1.0,0.2677,0.279463,0.839448
E,RILP,1,10,1.5,5,51,0.238467,1.0,0.2247,0.251932,0.829344
E,RILP-Greedy,1,10,1.5,5,42,0.211267,1.0,0.261733,0.224855,0.857622
E,RILP-Greedy,1,10,1.5,5,43,0.2265,1.0,0.231433,0.236114,0.884106
E,RILP-Greedy,1,10,1.5,5,44,0.195867,1.0,0.288067,0.257334,0.84487
E,RILP-Greedy,1,10,1.5,5,45,0.237233,1.0,0.2233,0.254594,0.875702
E,RILP-Greedy,1,10,1.5,5,46,0.193033,1.0,0.297867,0.313856,0.843945
E,RILP-Greedy,1,10,1.5,5,47,0.207167,1.0,0.2682,0.255057,0.871802
E,RILP-Greedy,1,10,1.5,5,48,0.2024,1.0,0.276367,0.287674,0.849904
E,RILP-Greedy,1,10,1.5,5,49,0.234767,1.0,0.2257,0.212192,0.852836
E,RILP-Greedy,1,10,1.5,5,50,0.2067,1.0,0.2677,0.279463,0.839448
E,RILP-Greedy,1,10,1.5,5,51,0.238467,1.0,0.2247,0.251932,0.829344
E,RILP,1,10,2.0,5,42,0.211267,1.0,0.261733,0.224855,0.857622
E,RILP,1,10,2.0,5,43,0.2265,1.0,0.231433,0.236114,0.884106
E,RILP,1,10,2.0,5,44,0.195867,1.0,0.288067,0.257334,0.84487
E,RILP,1,10,2.0,5,45,0.237233,1.0,0.2233,0.254594,0.875702
E,RILP,1,10,2.0,5,46,0.193033,1.0,0.297867,0.313856,0.843945
E,RILP,1,10,2.0,5,47,0.207167,1.0,0.2682,0.255057,0.871802
E,RILP,1,10,2.0,5,48,0.2024,1.0,0.276367,0.287674,0.849904
E,RILP,1,10,2.0,5,49,0.234767,1.0,0.2257,0.212192,0.852836
E,RILP,1,10,2.0,5,50,0.2067,1.0,0.2677,0.279463,0.839448
E,RILP,1,10,2.0,5,51,0.238467,1.0,0.2247,0.251932,0.829344
E,RILP-Greedy,1,10,2.0,5,42,0.211267,1.0,0.261733,0.224855,0.857622
E,RILP-Greedy,1,10,2.0,5,43,0.2265,1.0,0.231433,0.236114,0.884106
E,RILP-Greedy,1,10,2.0,5,44,0.195867,1.0,0.288067,0.257334,0.84487
E,RILP-Greedy,1,10,2.0,5,45,0.237233,1.0,0.2233,0.254594,0.875702
E,RILP-Greedy,1,10,2.0,5,46,0.193033,1.0,0.297867,0.313856,0.843945
E,RILP-Greedy,1,10,2.0,5,47,0.207167,1.0,0.2682,0.255057,0.871802
E,RILP-Greedy,1,10,2.0,5,48,0.2024,1.0,0.276367,0.287674,0.849904
E,RILP-Greedy,1,10,2.0,5,49,0.234767,1.0,0.2257,0.212192,0.852836
E,RILP-Greedy,1,10,2.0,5,50,0.2067,1.0,0.2677,0.279463,0.839448
E,RILP-Greedy,1,10,2.0,5,51,0.238467,1.0,0.2247,0.251932,0.829344
E,RILP,1,10,2.5,5,42,0.211267,1.0,0.261733,0.224855,0.857622
E,RILP,1,10,2.5,5,43,0.2265,1.0,0.231433,0.236114,0.884106
E,RILP,1,10,2.5,5,44,0.195867,1.0,0.288067,0.257334,0.84487
E,RILP,1,10,2.5,5,45,0.237233,1.0,0.2233,0.254594,0.875702
E,RILP,1,10,2.5,5,46,0.193033,1.0,0.297867,0.313856,0.843945
E,RILP,1,10,2.5,5,47,0.207167,1.0,0.2682,0.255057,0.871802
E,RILP,1,10,2.5,5,48,0.2024,1.0,0.276367,0.287674,0.849904
E,RILP,1,10,2.5,5,49,0.234767,1.0,0.2257,0.212192,0.852836
E,RILP,1,10,2.5,5,50,0.2067,1.0,0.2677,0.279463,0.839448
E,RILP,1,10,2.5,5,51,0.238467,1.0,0.2247,0.251932,0.829344
E,RILP-Greedy,1,10,2.5,5,42,0.211267,1.0,0.261733,0.224855,0.857622
E,RILP-Greedy,1,10,2.5,5,43,0.2265,1.0,0.231433,0.236114,0.884106
E,RILP-Greedy,1,10,2.5,5,44,0.195867,1.0,0.288067,0.257334,0.84487
E,RILP-Greedy,1,10,2.5,5,45,0.237233,1.0,0.2233,0.254594,0.875702
E,RILP-Greedy,1,10,2.5,5,46,0.193033,1.0,0.297867,0.313856,0.843945
E,RILP-Greedy,1,10,2.5,5,47,0.207167,1.0,0.2682,0.255057,0.871802
E,RILP-Greedy,1,10,2.5,5,48,0.2024,1.0,0.276367,0.287674,0.849904
E,RILP-Greedy,1,10,2.5,5,49,0.234767,1.0,0.2257,0.212192,0.852836
E,RILP-Greedy,1,10,2.5,5,50,0.2067,1.0,0.2677,0.279463,0.839448
E,RILP-Greedy,1,10,2.5,5,51,0.238467,1.0,0.2247,0.251932,0.829344
E,RILP,1,10,3.0,5,42,0.211267,1.0,0.261733,0.224855,0.857622
E,RILP,1,10,3.0,5,43,0.2265,1.0,0.231433,0.236114,0.884106
E,RILP,1,10,3.0,5,44,0.195867,1.0,0.288067,0.257334,0.84487
E,RILP,1,10,3.0,5,45,0.237233,1.0,0.2233,0.254594,0.875702
E,RILP,1,10,3.0,5,46,0.193033,1.0,0.297867,0.313856,0.843945
E,RILP,1,10,3.0,5,47,0.207167,1.0,0.2682,0.255057,0.871802
E,RILP,1,10,3.0,5,48,0.2024,1.0,0.276367,0.287674,0.849904
E,RILP,1,10,3.0,5,49,0.234767,1.0,0.2257,0.212192,0.852836
E,RILP,1,10,3.0,5,50,0.2067,1.0,0.2677,0.279463,0.839448
E,RILP,1,10,3.0,5,51,0.238467,1.0,0.2247,0.251932,0.829344
E,RILP-Greedy,1,10,3.0,5,42,0.211267,1.0,0.261733,0.224855,0.857622
E,RILP-Greedy,1,10,3.0,5,43,0.2265,1.0,0.231433,0.236114,0.884106
E,RILP-Greedy,1,10,3.0,5,44,0.195867,1.0,0.288067,0.257334,0.84487
E,RILP-Greedy,1,10,3.0,5,45,0.237233,1.0,0.2233,0.254594,0.875702
E,RILP-Greedy,1,10,3.0,5,46,0.193033,1.0,0.297867,0.313856,0.843945
E,RILP-Greedy,1,10,3.0,5,47,0.207167,1.0,0.2682,0.255057,0.871802
E,RILP-Greedy,1,10,3.0,5,48,0.2024,1.0,0.276367,0.287674,0.849904
E,RILP-Greedy,1,10,3.0,5,49,0.234767,1.0,0.2257,0.212192,0.852836
E,RILP-Greedy,1,10,3.0,5,50,0.2067,1.0,0.2677,0.279463,0.839448
E,RILP-Greedy,1,10,3.0,5,51,0.238467,1.0,0.2247,0.251932,0.829344
E,RILP,1,10,3.5,5,42,0.211267,1.0,0.261733,0.224855,0.857622
E,RILP,1,10,3.5,5,43,0.2265,1.0,0.231433,0.236114,0.884106
E,RILP,1,10,3.5,5,44,0.195867,1.0,0.288067,0.257334,0.84487
E,RILP,1,10,3.5,5,45,0.237233,1.0,0.2233,0.254594,0.875702
E,RILP,1,10,3.5,5,46,0.193033,1.0,0.297867,0.313856,0.843945
E,RILP,1,10,3.5,5,47,0.207167,1.0,0.2682,0.255057,0.871802
E,RILP,1,10,3.5,5,48,0.2024,1.0,0.276367,0.287674,0.849904
E,RILP,1,10,3.5,5,49,0.234767,1.0,0.2257,0.212192,0.852836
E,RILP,1,10,3.5,5,50,0.2067,1.0,0.2677,0.279463,0.839448
E,RILP,1,10,3.5,5,51,0.238467,1.0,0.2247,0.251932,0.829344
E,RILP-Greedy,1,10,3.5,5,42,0.211267,1.0,0.261733,0.224855,0.857622
E,RILP-Greedy,1,10,3.5,5,43,0.2265,1.0,0.231433,0.236114,0.884106
E,RILP-Greedy,1,10,3.5,5,44,0.195867,1.0,0.288067,0.257334,0.84487
E,RILP-Greedy,1,10,3.5,5,45,0.237233,1.0,0.2233,0.254594,0.875702
E,RILP-Greedy,1,10,3.5,5,46,0.193033,1.0,0.297867,0.313856,0.843945
E,RILP-Greedy,1,10,3.5,5,47,0.207167,1.0,0.2682,0.255057,0.871802
E,RILP-Greedy,1,10,3.5,5,48,0.2024,1.0,0.276367,0.287674,0.849904
E,RILP-Greedy,1,10,3.5,5,49,0.234767,1.0,0.2257,0.212192,0.852836
E,RILP-Greedy,1,10,3.5,5,50,0.2067,1.0,0.2677,0.279463,0.839448
E,RILP-Greedy,1,10,3.5,5,51,0.238467,1.0,0.2247,0.251932,0.829344
E,RILP,1,10,4.0,5,42,0.211267,1.0,0.261733,0.224855,0.857622
E,RILP,1,10,4.0,5,43,0.2265,1.0,0.231433,0.236114,0.884106
E,RILP,1,10,4.0,5,44,0.195867,1.0,0.288067,0.257334,0.84487
E,RILP,1,10,4.0,5,45,0.237233,1.0,0.2233,0.254594,0.875702
E,RILP,1,10,4.0,5,46,0.193033,1.0,0.297867,0.313856,0.843945
E,RILP,1,10,4.0,5,47,0.207167,1.0,0.2682,0.255057,0.871802
E,RILP,1,10,4.0,5,48,0.2024,1.0,0.276367,0.287674,0.849904
E,RILP,1,10,4.0,5,49,0.234767,1.0,0.2257,0.212192,0.852836
E,RILP,1,10,4.0,5,50,0.2067,1.0,0.2677,0.279463,0.839448
E,RILP,1,10,4.0,5,51,0.238467,1.0,0.2247,0.251932,0.829344
E,RILP-Greedy,1,10,4.0,5,42,0.211267,1.0,0.261733,0.224855,0.857622
E,RILP-Greedy,1,10,4.0,5,43,0.2265,1.0,0.231433,0.236114,0.884106
E,RILP-Greedy,1,10,4.0,5,44,0.195867,1.0,0.288067,0.257334,0.84487
E,RILP-Greedy,1,10,4.0,5,45,0.237233,1.0,0.2233,0.254594,0.875702
E,RILP-Greedy,1,10,4.0,5,46,0.193033,1.0,0.297867,0.313856,0.843945
E,RILP-Greedy,1,10,4.0,5,47,0.207167,1.0,0.2682,0.255057,0.871802
E,RILP-Greedy,1,10,4.0,5,48,0.2024,1.0,0.276367,0.287674,0.849904
E,RILP-Greedy,1,10,4.0,5,49,0.234767,1.0,0.2257,0.212192,0.852836
E,RILP-Greedy,1,10,4.0,5,50,0.2067,1.0,0.2677,0.279463,0.839448
E,RILP-Greedy,1,10,4.0,5,51,0.238467,1.0,0.2247,0.251932,0.829344
E,RILP,1,10,4.5,5,42,0.211267,1.0,0.261733,0.224855,0.857622
E,RILP,1,10,4.5,5,43,0.2265,1.0,0.231433,0.236114,0.884106
E,RILP,1,10,4.5,5,44,0.195867,1.0,0.288067,0.257334,0.84487
E,RILP,1,10,4.5,5,45,0.237233,1.0,0.2233,0.254594,0.875702
E,RILP,1,10,4.5,5,46,0.193033,1.0,0.297867,0.313856,0.843945
E,RILP,1,10,4.5,5,47,0.207167,1.0,0.2682,0.255057,0.871802
E,RILP,1,10,4.5,5,48,0.2024,1.0,0.276367,0.287674,0.849904
E,RILP,1,10,4.5,5,49,0.234767,1.0,0.2257,0.212192,0.852836
E,RILP,1,10,4.5,5,50,0.2067,1.0,0.2677,0.279463,0.839448
E,RILP,1,10,4.5,5,51,0.238467,1.0,0.2247,0.251932,0.829344
E,RILP-Greedy,1,10,4.5,5,42,0.211267,1.0,0.261733,0.224855,0.857622
E,RILP-Greedy,1,10,4.5,5,43,0.2265,1.0,0.231433,0.236114,0.884106
E,RILP-Greedy,1,10,4.5,5,44,0.195867,1.0,0.288067,0.257334,0.84487
E,RILP-Greedy,1,10,4.5,5,45,0.237233,1.0,0.2233,0.254594,0.875702
E,RILP-Greedy,1,10,4.5,5,46,0.193033,1.0,0.297867,0.313856,0.843945
E,RILP-Greedy,1,10,4.5,5,47,0.207167,1.0,0.2682,0.255057,0.871802
E,RILP-Greedy,1,10,4.5,5,48,0.2024,1.0,0.276367,0.287674,0.849904
E,RILP-Greedy,1,10,4.5,5,49,0.234767,1.0,0.2257,0.212192,0.852836
E,RILP-Greedy,1,10,4.5,5,50,0.2067,1.0,0.2677,0.279463,0.839448
E,RILP-Greedy,1,10,4.5,5,51,0.238467,1.0,0.2247,0.251932,0.829344
E,RILP,1,10,5.0,5,42,0.211267,1.0,0.261733,0.224855,0.857622
E,RILP,1,10,5.0,5,43,0.2265,1.0,0.231433,0.236114,0.884106
E,RILP,1,10,5.0,5,44,0.195867,1.0,0.288067,0.257334,0.84487
E,RILP,1,10,5.0,5,45,0.237233,1.0,0.2233,0.254594,0.875702
E,RILP,1,10,5.0,5,46,0.193033,1.0,0.297867,0.313856,0.843945
E,RILP,1,10,5.0,5,47,0.207167,1.0,0.2682,0.255057,0.871802
E,RILP,1,10,5.0,5,48,0.2024,1.0,0.276367,0.287674,0.849904
E,RILP,1,10,5.0,5,49,0.234767,1.0,0.2257,0.212192,0.852836
E,RILP,1,10,5.0,5,50,0.2067,1.0,0.2677,0.279463,0.839448
E,RILP,1,10,5.0,5,51,0.238467,1.0,0.2247,0.251932,0.829344
E,RILP-Greedy,1,10,5.0,5,42,0.211267,1.0,0.261733,0.224855,0.857622
E,RILP-Greedy,1,10,5.0,5,43,0.2265,1.0,0.231433,0.236114,0.884106
E,RILP-Greedy,1,10,5.0,5,44,0.195867,1.0,0.288067,0.257334,0.84487
E,RILP-Greedy,1,10,5.0,5,45,0.237233,1.0,0.2233,0.254594,0.875702
E,RILP-Greedy,1,10,5.0,5,46,0.193033,1.0,0.297867,0.313856,0.843945
E,RILP-Greedy,1,10,5.0,5,47,0.207167,1.0,0.2682,0.255057,0.871802
E,RILP-Greedy,1,10,5.0,5,48,0.2024,1.0,0.276367,0.287674,0.849904
E,RILP-Greedy,1,10,5.0,5,49,0.234767,1.0,0.2257,0.212192,0.852836
E,RILP-Greedy,1,10,5.0,5,50,0.2067,1.0,0.2677,0.279463,0.839448
E,RILP-Greedy,1,10,5.0,5,51,0.238467,1.0,0.2247,0.251932,0.829344
E,RILP,1,20,0.0,5,42,0.211267,1.0,0.261733,0.224855,0.857622
E,RILP,1,20,0.0,5,43,0.2265,1.0,0.231433,0.236114,0.884106
E,RILP,1,20,0.0,5,44,0.195867,1.0,0.288067,0.257334,0.84487
E,RILP,1,20,0.0,5,45,0.237233,1.0,0.2233,0.254594,0.875702
E,RILP,1,20,0.0,5,46,0.193033,1.0,0.297867,0.313856,0.843945
E,RILP,1,20,0.0,5,47,0.207167,1.0,0.2682,0.255057,0.871802
E,RILP,1,20,0.0,5,48,0.2024,1.0,0.276367,0.287674,0.849904
E,RILP,1,20,0.0,5,49,0.234767,1.0,0.2257,0.212192,0.852836
E,RILP,1,20,0.0,5,50,0.2067,1.0,0.2677,0.279463,0.839448
E,RILP,1,20,0.0,5,51,0.238467,1.0,0.2247,0.251932,0.829344
E,RILP-Greedy,1,20,0.0,5,42,0.211267,1.0,0.261733,0.224855,0.857622
E,RILP-Greedy,1,20,0.0,5,43,0.2265,1.0,0.231433,0.236114,0.884106
E,RILP-Greedy,1,20,0.0,5,44,0.195867,1.0,0.288067,0.257334,0.84487
E,RILP-Greedy,1,20,0.0,5,45,0.237233,1.0,0.2233,0.254594,0.875702
E,RILP-Greedy,1,20,0.0,5,46,0.193033,1.0,0.297867,0.313856,0.843945
E,RILP-Greedy,1,20,0.0,5,47,0.207167,1.0,0.2682,0.255057,0.871802
E,RILP-Greedy,1,20,0.0,5,48,0.2024,1.0,0.276367,0.287674,0.849904
E,RILP-Greedy,1,20,0.0,5,49,0.234767,1.0,0.2257,0.212192,0.852836
E,RILP-Greedy,1,20,0.0,5,50,0.2067,1.0,0.2677,0.279463,0.839448
E,RILP-Greedy,1,20,0.0,5,51,0.238467,1.0,0.2247,0.251932,0.829344
E,RILP,1,20,0.5,5,42,0.211267,1.0,0.261733,0.224855,0.857622
E,RILP,1,20,0.5,5,43,0.2265,1.0,0.231433,0.236114,0.884106
E,RILP,1,20,0.5,5,44,0.195867,1.0,0.288067,0.257334,0.84487
E,RILP,1,20,0.5,5,45,0.237233,1.0,0.2233,0.254594,0.875702
E,RILP,1,20,0.5,5,46,0.193033,1.0,0.297867,0.313856,0.843945
E,RILP,1,20,0.5,5,47,0.207167,1.0,0.2682,0.255057,0.871802
E,RILP,1,20,0.5,5,48,0.2024,1.0,0.276367,0.287674,0.849904
E,RILP,1,20,0.5,5,49,0.234767,1.0,0.2257,0.212192,0.852836
E,RILP,1,20,0.5,5,50,0.2067,1.0,0.2677,0.279463,0.839448
E,RILP,1,20,0.5,5,51,0.238467,1.0,0.2247,0.251932,0.829344
E,RILP-Greedy,1,20,0.5,5,42,0.211267,1.0,0.261733,0.224855,0.857622
E,RILP-Greedy,1,20,0.5,5,43,0.2265,1.0,0.231433,0.236114,0.884106
E,RILP-Greedy,1,20,0.5,5,44,0.195867,1.0,0.288067,0.257334,0.84487
E,RILP-Greedy,1,20,0.5,5,45,0.237233,1.0,0.2233,0.254594,0.875702
E,RILP-Greedy,1,20,0.5,5,46,0.193033,1.0,0.297867,0.313856,0.843945
E,RILP-Greedy,1,20,0.5,5,47,0.207167,1.0,0.2682,0.255057,0.871802
E,RILP-Greedy,1,20,0.5,5,48,0.2024,1.0,0.276367,0.287674,0.849904
E,RILP-Greedy,1,20,0.5,5,49,0.234767,1.0,0.2257,0.212192,0.852836
E,RILP-Greedy,1,20,0.5,5,50,0.2067,1.0,0.2677,0.279463,0.839448
E,RILP-Greedy,1,20,0.5,5,51,0.238467,1.0,0.2247,0.251932,0.829344
E,RILP,1,20,1.0,5,42,0.211267,1.0,0.261733,0.224855,0.857622
E,RILP,1,20,1.0,5,43,0.2265,1.0,0.231433,0.236114,0.884106
E,RILP,1,20,1.0,5,44,0.195867,1.0,0.288067,0.257334,0.84487
E,RILP,1,20,1.0,5,45,0.237233,1.0,0.2233,0.254594,0.875702
E,RILP,1,20,1.0,5,46,0.193033,1.0,0.297867,0.313856,0.843945
E,RILP,1,20,1.0,5,47,0.207167,1.0,0.2682,0.255057,0.871802
E,RILP,1,20,1.0,5,48,0.2024,1.0,0.276367,0.287674,0.849904
E,RILP,1,20,1.0,5,49,0.234767,1.0,0.2257,0.212192,0.852836
E,RILP,1,20,1.0,5,50,0.2067,1.0,0.2677,0.279463,0.839448
E,RILP,1,20,1.0,5,51,0.238467,1.0,0.2247,0.251932,0.829344
E,RILP-Greedy,1,20,1.0,5,42,0.211267,1.0,0.261733,0.224855,0.857622
E,RILP-Greedy,1,20,1.0,5,43,0.2265,1.0,0.231433,0.236114,0.884106
E,RILP-Greedy,1,20,1.0,5,44,0.195867,1.0,0.288067,0.257334,0.84487
E,RILP-Greedy,1,20,1.0,5,45,0.237233,1.0,0.2233,0.254594,0.875702
E,RILP-Greedy,1,20,1.0,5,46,0.193033,1.0,0.297867,0.313856,0.843945
E,RILP-Greedy,1,20,1.0,5,47,0.207167,1.0,0.2682,0.255057,0.871802
E,RILP-Greedy,1,20,1.0,5,48,0.2024,1.0,0.276367,0.287674,0.849904
E,RILP-Greedy,1,20,1.0,5,49,0.234767,1.0,0.2257,0.212192,0.852836
E,RILP-Greedy,1,20,1.0,5,50,0.2067,1.0,0.2677,0.279463,0.839448
E,RILP-Greedy,1,20,1.0,5,51,0.238467,1.0,0.2247,0.251932,0.829344
E,RILP,1,20,1.5,5,42,0.211267,1.0,0.261733,0.224855,0.857622
E,RILP,1,20,1.5,5,43,0.2265,1.0,0.231433,0.236114,0.884106
E,RILP,1,20,1.5,5,44,0.195867,1.0,0.288067,0.257334,0.84487
E,RILP,1,20,1.5,5,45,0.237233,1.0,0.2233,0.254594,0.875702
E,RILP,1,20,1.5,5,46,0.193033,1.0,0.297867,0.313856,0.843945
E,RILP,1,20,1.5,5,47,0.207167,1.0,0.2682,0.255057,0.871802
E,RILP,1,20,1.5,5,48,0.2024,1.0,0.276367,0.287674,0.849904
E,RILP,1,20,1.5,5,49,0.234767,1.0,0.2257,0.212192,0.852836
E,RILP,1,20,1.5,5,50,0.2067,1.0,0.2677,0.279463,0.839448
E,RILP,1,20,1.5,5,51,0.238467,1.0,0.2247,0.251932,0.829344
E,RILP-Greedy,1,20,1.5,5,42,0.211267,1.0,0.261733,0.224855,0.857622
E,RILP-Greedy,1,20,1.5,5,43,0.2265,1.0,0.231433,0.236114,0.884106
E,RILP-Greedy,1,20,1.5,5,44,0.195867,1.0,0.288067,0.257334,0.84487
E,RILP-Greedy,1,20,1.5,5,45,0.237233,1.0,0.2233,0.254594,0.875702
E,RILP-Greedy,1,20,1.5,5,46,0.193033,1.0,0.297867,0.313856,0.843945
E,RILP-Greedy,1,20,1.5,5,47,0.207167,1.0,0.2682,0.255057,0.871802
E,RILP-Greedy,1,20,1.5,5,48,0.2024,1.0,0.276367,0.287674,0.849904
E,RILP-Greedy,1,20,1.5,5,49,0.234767,1.0,0.2257,0.212192,0.852836
E,RILP-Greedy,1,20,1.5,5,50,0.2067,1.0,0.2677,0.279463,0.839448
E,RILP-Greedy,1,20,1.5,5,51,0.238467,1.0,0.2247,0.251932,0.829344
E,RILP,1,20,2.0,5,42,0.211267,1.0,0.261733,0.224855,0.857622
E,RILP,1,20,2.0,5,43,0.2265,1.0,0.231433,0.236114,0.884106
E,RILP,1,20,2.0,5,44,0.195867,1.0,0.288067,0.257334,0.84487
E,RILP,1,20,2.0,5,45,0.237233,1.0,0.2233,0.254594,0.875702
E,RILP,1,20,2.0,5,46,0.193033,1.0,0.297867,0.313856,0.843945
E,RILP,1,20,2.0,5,47,0.207167,1.0,0.2682,0.255057,0.871802
E,RILP,1,20,2.0,5,48,0.2024,1.0,0.276367,0.287674,0.849904
E,RILP,1,20,2.0,5,49,0.234767,1.0,0.2257,0.212192,0.852836
E,RILP,1,20,2.0,5,50,0.2067,1.0,0.2677,0.279463,0.839448
E,RILP,1,20,2.0,5,51,0.238467,1.0,0.2247,0.251932,0.829344
E,RILP-Greedy,1,20,2.0,5,42,0.211267,1.0,0.261733,0.224855,0.857622
E,RILP-Greedy,1,20,2.0,5,43,0.2265,1.0,0.231433,0.236114,0.884106
E,RILP-Greedy,1,20,2.0,5,44,0.195867,1.0,0.288067,0.257334,0.84487
E,RILP-Greedy,1,20,2.0,5,45,0.237233,1.0,0.2233,0.254594,0.875702
E,RILP-Greedy,1,20,2.0,5,46,0.193033,1.0,0.297867,0.313856,0.843945
E,RILP-Greedy,1,20,2.0,5,47,0.207167,1.0,0.2682,0.255057,0.871802
E,RILP-Greedy,1,20,2.0,5,48,0.2024,1.0,0.276367,0.287674,0.849904
E,RILP-Greedy,1,20,2.0,5,49,0.234767,1.0,0.2257,0.212192,0.852836
E,RILP-Greedy,1,20,2.0,5,50,0.2067,1.0,0.2677,0.279463,0.839448
E,RILP-Greedy,1,20,2.0,5,51,0.238467,1.0,0.2247,0.251932,0.829344
E,RILP,1,20,2.5,5,42,0.211267,1.0,0.261733,0.224855,0.857622
E,RILP,1,20,2.5,5,43,0.2265,1.0,0.231433,0.236114,0.884106
E,RILP,1,20,2.5,5,44,0.195867,1.0,0.288067,0.257334,0.84487
E,RILP,1,20,2.5,5,45,0.237233,1.0,0.2233,0.254594,0.875702
E,RILP,1,20,2.5,5,46,0.193033,1.0,0.297867,0.313856,0.843945
E,RILP,1,20,2.5,5,47,0.207167,1.0,0.2682,0.255057,0.871802
E,RILP,1,20,2.5,5,48,0.2024,1.0,0.276367,0.287674,0.849904
E,RILP,1,20,2.5,5,49,0.234767,1.0,0.2257,0.212192,0.852836
E,RILP,1,20,2.5,5,50,0.2067,1.0,0.2677,0.279463,0.839448
E,RILP,1,20,2.5,5,51,0.238467,1.0,0.2247,0.251932,0.829344
E,RILP-Greedy,1,20,2.5,5,42,0.211267,1.0,0.261733,0.224855,0.857622
E,RILP-Greedy,1,20,2.5,5,43,0.2265,1.0,0.231433,0.236114,0.884106
E,RILP-Greedy,1,20,2.5,5,44,0.195867,1.0,0.288067,0.257334,0.84487
E,RILP-Greedy,1,20,2.5,5,45,0.237233,1.0,0.2233,0.254594,0.875702
E,RILP-Greedy,1,20,2.5,5,46,0.193033,1.0,0.297867,0.313856,0.843945
E,RILP-Greedy,1,20,2.5,5,47,0.207167,1.0,0.2682,0.255057,0.871802
E,RILP-Greedy,1,20,2.5,5,48,0.2024,1.0,0.276367,0.287674,0.849904
E,RILP-Greedy,1,20,2.5,5,49,0.234767,1.0,0.2257,0.212192,0.852836
E,RILP-Greedy,1,20,2.5,5,50,0.2067,1.0,0.2677,0.279463,0.839448
E,RILP-Greedy,1,20,2.5,5,51,0.238467,1.0,0.2247,0.251932,0.829344
E,RILP,1,20,3.0,5,42,0.211267,1.0,0.261733,0.224855,0.857622
E,RILP,1,20,3.0,5,43,0.2265,1.0,0.231433,0.236114,0.884106
E,RILP,1,20,3.0,5,44,0.195867,1.0,0.288067,0.257334,0.84487
E,RILP,1,20,3.0,5,45,0.237233,1.0,0.2233,0.254594,0.875702
E,RILP,1,20,3.0,5,46,0.193033,1.0,0.297867,0.313856,0.843945
E,RILP,1,20,3.0,5,47,0.207167,1.0,0.2682,0.255057,0.871802
E,RILP,1,20,3.0,5,48,0.2024,1.0,0.276367,0.287674,0.849904
E,RILP,1,20,3.0,5,49,0.234767,1.0,0.2257,0.212192,0.852836
E,RILP,1,20,3.0,5,50,0.2067,1.0,0.2677,0.279463,0.839448
E,RILP,1,20,3.0,5,51,0.238467,1.0,0.2247,0.251932,0.829344
E,RILP-Greedy,1,20,3.0,5,42,0.211267,1.0,0.261733,0.224855,0.857622
E,RILP-Greedy,1,20,3.0,5,43,0.2265,1.0,0.231433,0.236114,0.884106
E,RILP-Greedy,1,20,3.0,5,44,0.195867,1.0,0.288067,0.257334,0.84487
E,RILP-Greedy,1,20,3.0,5,45,0.237233,1.0,0.2233,0.254594,0.875702
E,RILP-Greedy,1,20,3.0,5,46,0.193033,1.0,0.297867,0.313856,0.843945
E,RILP-Greedy,1,20,3.0,5,47,0.207167,1.0,0.2682,0.255057,0.871802
E,RILP-Greedy,1,20,3.0,5,48,0.2024,1.0,0.276367,0.287674,0.849904
E,RILP-Greedy,1,20,3.0,5,49,0.234767,1.0,0.2257,0.212192,0.852836
E,RILP-Greedy,1,20,3.0,5,50,0.2067,1.0,0.2677,0.279463,0.839448
E,RILP-Greedy,1,20,3.0,5,51,0.238467,1.0,0.2247,0.251932,0.829344
E,RILP,1,20,3.5,5,42,0.211267,1.0,0.261733,0.224855,0.857622
E,RILP,1,20,3.5,5,43,0.226667,1.0,0.2313,0.236087,0.874709
E,RILP,1,20,3.5,5,44,0.195867,1.0,0.288067,0.257334,0.84487
E,RILP,1,20,3.5,5,45,0.237233,1.0,0.2233,0.254587,0.871998
E,RILP,1,20,3.5,5,46,0.193233,1.0,0.297667,0.313827,0.846124
E,RILP,1,20,3.5,5,47,0.207167,1.0,0.2682,0.255057,0.871802
E,RILP,1,20,3.5,5,48,0.2024,1.0,0.276367,0.287674,0.849904
E,RILP,1,20,3.5,5,49,0.234767,1.0,0.2257,0.212192,0.852836
E,RILP,1,20,3.5,5,50,0.2067,1.0,0.2677,0.279463,0.839448
E,RILP,1,20,3.5,5,51,0.238467,1.0,0.2247,0.251932,0.829344
E,RILP-Greedy,1,20,3.5,5,42,0.211267,1.0,0.261733,0.224855,0.857622
E,RILP-Greedy,1,20,3.5,5,43,0.226667,1.0,0.2313,0.236087,0.874709
E,RILP-Greedy,1,20,3.5,5,44,0.195867,1.0,0.288067,0.257334,0.84487
E,RILP-Greedy,1,20,3.5,5,45,0.237233,1.0,0.2233,0.254587,0.871998
E,RILP-Greedy,1,20,3.5,5,46,0.193233,1.0,0.297667,0.313827,0.846124
E,RILP-Greedy,1,20,3.5,5,47,0.207167,1.0,0.2682,0.255057,0.871802
E,RILP-Greedy,1,20,3.5,5,48,0.2024,1.0,0.276367,0.287674,0.849904
E,RILP-Greedy,1,20,3.5,5,49,0.234767,1.0,0.2257,0.212192,0.852836
E,RILP-Greedy,1,20,3.5,5,50,0.2067,1.0,0.2677,0.279463,0.839448
E,RILP-Greedy,1,20,3.5,5,51,0.238467,1.0,0.2247,0.251932,0.829344
E,RILP,1,20,4.0,5,42,0.2116,1.0,0.261133,0.224848,0.849294
E,RILP,1,20,4.0,5,43,0.226733,1.0,0.2312,0.236073,0.875321
E,RILP,1,20,4.0,5,44,0.195867,1.0,0.288067,0.257334,0.84487
E,RILP,1,20,4.0,5,45,0.237233,1.0,0.2233,0.254587,0.871998
E,RILP,1,20,4.0,5,46,0.193233,1.0,0.297667,0.313827,0.846124
E,RILP,1,20,4.0,5,47,0.207233,1.0,0.268067,0.255028,0.871607
E,RILP,1,20,4.0,5,48,0.2024,1.0,0.276367,0.287674,0.849904
E,RILP,1,20,4.0,5,49,0.234967,1.0,0.225433,0.212193,0.847377
E,RILP,1,20,4.0,5,50,0.206833,1.0,0.2676,0.279442,0.83219
E,RILP,1,20,4.0,5,51,0.238467,1.0,0.2247,0.251932,0.829344
E,RILP-Greedy,1,20,4.0,5,42,0.2116,1.0,0.261133,0.224848,0.849294
E,RILP-Greedy,1,20,4.0,5,43,0.226733,1.0,0.2312,0.236073,0.875321
E,RILP-Greedy,1,20,4.0,5,44,0.195867,1.0,0.288067,0.257334,0.84487
E,RILP-Greedy,1,20,4.0,5,45,0.237233,1.0,0.2233,0.254587,0.871998
E,RILP-Greedy,1,20,4.0,5,46,0.193233,1.0,0.297667,0.313827,0.846124
E,RILP-Greedy,1,20,4.0,5,47,0.207233,1.0,0.268067,0.255028,0.871607
E,RILP-Greedy,1,20,4.0,5,48,0.2024,1.0,0.276367,0.287674,0.849904
E,RILP-Greedy,1,20,4.0,5,49,0.234967,1.0,0.225433,0.212193,0.847377
E,RILP-Greedy,1,20,4.0,5,50,0.206833,1.0,0.2676,0.279442,0.83219
E,RILP-Greedy,1,20,4.0,5,51,0.238467,1.0,0.2247,0.251932,0.829344
E,RILP,1,20,4.5,5,42,0.211467,1.0,0.261633,0.224774,0.847349
E,RILP,1,20,4.5,5,43,0.226567,1.0,0.231233,0.235925,0.869205
E,RILP,1,20,4.5,5,44,0.196633,1.0,0.2874,0.257321,0.851087
E,RILP,1,20,4.5,5,45,0.2374,1.0,0.2231,0.254486,0.86861
E,RILP,1,20,4.5,5,46,0.193233,1.0,0.297233,0.313602,0.851908
E,RILP,1,20,4.5,5,47,0.2073,1.0,0.268067,0.254775,0.871426
E,RILP,1,20,4.5,5,48,0.202533,1.0,0.276367,0.287626,0.852081
E,RILP,1,20,4.5,5,49,0.234967,1.0,0.225433,0.212197,0.847377
E,RILP,1,20,4.5,5,50,0.206833,1.0,0.267567,0.279357,0.83219
E,RILP,1,20,4.5,5,51,0.238467,1.0,0.2247,0.251915,0.829344
E,RILP-Greedy,1,20,4.5,5,42,0.211467,1.0,0.261633,0.224774,0.847349
E,RILP-Greedy,1,20,4.5,5,43,0.226567,1.0,0.231233,0.235925,0.869205
E,RILP-Greedy,1,20,4.5,5,44,0.196633,1.0,0.2874,0.257321,0.851087
E,RILP-Greedy,1,20,4.5,5,45,0.2374,1.0,0.2231,0.254486,0.86861
E,RILP-Greedy,1,20,4.5,5,46,0.193233,1.0,0.297233,0.313602,0.851908
E,RILP-Greedy,1,20,4.5,5,47,0.2073,1.0,0.268067,0.254775,0.871426
E,RILP-Greedy,1,20,4.5,5,48,0.202533,1.0,0.276367,0.287626,0.852081
E,RILP-Greedy,1,20,4.5,5,49,0.234967,1.0,0.225433,0.212197,0.847377
E,RILP-Greedy,1,20,4.5,5,50,0.206833,1.0,0.267567,0.279357,0.83219
E,RILP-Greedy,1,20,4.5,5,51,0.238467,1.0,0.2247,0.251915,0.829344
E,RILP,1,20,5.0,5,42,0.2222,1.0,0.252933,0.211719,0.934786
E,RILP,1,20,5.0,5,43,0.232033,1.0,0.234,0.222219,0.912522
E,RILP,1,20,5.0,5,44,0.212733,1.0,0.2686,0.245089,0.915647
E,RILP,1,20,5.0,5,45,0.2449,1.0,0.215567,0.239121,0.936496
E,RILP,1,20,5.0,5,46,0.1965,1.0,0.2955,0.295332,0.89042
E,RILP,1,20,5.0,5,47,0.2224,1.0,0.2497,0.240943,0.912501
E,RILP,1,20,5.0,5,48,0.218233,1.0,0.255533,0.272113,0.898364
E,RILP,1,20,5.0,5,49,0.241967,1.0,0.225833,0.202451,0.925624
E,RILP,1,20,5.0,5,50,0.220267,1.0,0.252833,0.261964,0.922107
E,RILP,1,20,5.0,5,51,0.2382,1.0,0.224067,0.237862,0.889386
E,RILP-Greedy,1,20,5.0,5,42,0.2222,1.0,0.252933,0.211719,0.934786
E,RILP-Greedy,1,20,5.0,5,43,0.232033,1.0,0.234,0.222219,0.912522
E,RILP-Greedy,1,20,5.0,5,44,0.212733,1.0,0.2686,0.245089,0.915647
E,RILP-Greedy,1,20,5.0,5,45,0.2449,1.0,0.215567,0.239121,0.936496
E,RILP-Greedy,1,20,5.0,5,46,0.1965,1.0,0.2955,0.295332,0.89042
E,RILP-Greedy,1,20,5.0,5,47,0.2224,1.0,0.2497,0.240943,0.912501
E,RILP-Greedy,1,20,5.0,5,48,0.218233,1.0,0.255533,0.272113,0.898364
E,RILP-Greedy,1,20,5.0,5,49,0.241967,1.0,0.225833,0.202451,0.925624
E,RILP-Greedy,1,20,5.0,5,50,0.220267,1.0,0.252833,0.261964,0.922107
E,RILP-Greedy,1,20,5.0,5,51,0.2382,1.0,0.224067,0.237862,0.889386
E,RILP,1,30,0.0,5,42,0.211267,1.0,0.261733,0.224855,0.857622
E,RILP,1,30,0.0,5,43,0.2265,1.0,0.231433,0.236114,0.884106
E,RILP,1,30,0.0,5,44,0.195867,1.0,0.288067,0.257334,0.84487
E,RILP,1,30,0.0,5,45,0.237233,1.0,0.2233,0.254594,0.875702
E,RILP,1,30,0.0,5,46,0.193033,1.0,0.297867,0.313856,0.843945
E,RILP,1,30,0.0,5,47,0.207167,1.0,0.2682,0.255057,0.871802
E,RILP,1,30,0.0,5,48,0.2024,1.0,0.276367,0.287674,0.849904
E,RILP,1,30,0.0,5,49,0.234767,1.0,0.2257,0.212192,0.852836
E,RILP,1,30,0.0,5,50,0.2067,1.0,0.2677,0.279463,0.839448
E,RILP,1,30,0.0,5,51,0.238467,1.0,0.2247,0.251932,0.829344
E,RILP-Greedy,1,30,0.0,5,42,0.211267,1.0,0.261733,0.224855,0.857622
E,RILP-Greedy,1,30,0.0,5,43,0.2265,1.0,0.231433,0.236114,0.884106
E,RILP-Greedy,1,30,0.0,5,44,0.195867,1.0,0.288067,0.257334,0.84487
E,RILP-Greedy,1,30,0.0,5,45,0.237233,1.0,0.2233,0.254594,0.875702
E,RILP-Greedy,1,30,0.0,5,46,0.193033,1.0,0.297867,0.313856,0.843945
E,RILP-Greedy,1,30,0.0,5,47,0.207167,1.0,0.2682,0.255057,0.871802
E,RILP-Greedy,1,30,0.0,5,48,0.2024,1.0,0.276367,0.287674,0.849904
E,RILP-Greedy,1,30,0.0,5,49,0.234767,1.0,0.2257,0.212192,0.852836
E,RILP-Greedy,1,30,0.0,5,50,0.2067,1.0,0.2677,0.279463,0.839448
E,RILP-Greedy,1,30,0.0,5,51,0.238467,1.0,0.2247,0.251932,0.829344
E,RILP,1,30,0.5,5,42,0.211267,1.0,0.261733,0.224855,0.857622
E,RILP,1,30,0.5,5,43,0.2265,1.0,0.231433,0.236114,0.884106
E,RILP,1,30,0.5,5,44,0.195867,1.0,0.288067,0.257334,0.84487
E,RILP,1,30,0.5,5,45,0.237233,1.0,0.2233,0.254594,0.875702
E,RILP,1,30,0.5,5,46,0.193033,1.0,0.297867,0.313856,0.843945
E,RILP,1,30,0.5,5,47,0.207167,1.0,0.2682,0.255057,0.871802
E,RILP,1,30,0.5,5,48,0.2024,1.0,0.276367,0.287674,0.849904
E,RILP,1,30,0.5,5,49,0.234767,1.0,0.2257,0.212192,0.852836
E,RILP,1,30,0.5,5,50,0.2067,1.0,0.2677,0.279463,0.839448
E,RILP,1,30,0.5,5,51,0.238467,1.0,0.2247,0.251932,0.829344
E,RILP-Greedy,1,30,0.5,5,42,0.211267,1.0,0.261733,0.224855,0.857622
E,RILP-Greedy,1,30,0.5,5,43,0.2265,1.0,0.231433,0.236114,0.884106
E,RILP-Greedy,1,30,0.5,5,44,0.195867,1.0,0.288067,0.257334,0.84487
E,RILP-Greedy,1,30,0.5,5,45,0.237233,1.0,0.2233,0.254594,0.875702
E,RILP-Greedy,1,30,0.5,5,46,0.193033,1.0,0.297867,0.313856,0.843945
E,RILP-Greedy,1,30,0.5,5,47,0.207167,1.0,0.2682,0.255057,0.871802
E,RILP-Greedy,1,30,0.5,5,48,0.2024,1.0,0.276367,0.287674,0.849904
E,RILP-Greedy,1,30,0.5,5,49,0.234767,1.0,0.2257,0.212192,0.852836
E,RILP-Greedy,1,30,0.5,5,50,0.2067,1.0,0.2677,0.279463,0.839448
E,RILP-Greedy,1,30,0.5,5,51,0.238467,1.0,0.2247,0.251932,0.829344
E,RILP,1,30,1.0,5,42,0.211267,1.0,0.261733,0.224855,0.857622
E,RILP,1,30,1.0,5,43,0.2265,1.0,0.231433,0.236114,0.884106
E,RILP,1,30,1.0,5,44,0.195867,1.0,0.288067,0.257334,0.84487
E,RILP,1,30,1.0,5,45,0.237233,1.0,0.2233,0.254594,0.875702
E,RILP,1,30,1.0,5,46,0.193033,1.0,0.297867,0.313856,0.843945
E,RILP,1,30,1.0,5,47,0.207167,1.0,0.2682,0.255057,0.871802
E,RILP,1,30,1.0,5,48,0.2024,1.0,0.276367,0.287674,0.849904
E,RILP,1,30,1.0,5,49,0.234767,1.0,0.2257,0.212192,0.852836
E,RILP,1,30,1.0,5,50,0.2067,1.0,0.2677,0.279463,0.839448
E,RILP,1,30,1.0,5,51,0.238467,1.0,0.2247,0.251932,0.829344
E,RILP-Greedy,1,30,1.0,5,42,0.211267,1.0,0.261733,0.224855,0.857622
E,RILP-Greedy,1,30,1.0,5,43,0.2265,1.0,0.231433,0.236114,0.884106
E,RILP-Greedy,1,30,1.0,5,44,0.195867,1.0,0.288067,0.257334,0.84487
E,RILP-Greedy,1,30,1.0,5,45,0.237233,1.0,0.2233,0.254594,0.875702
E,RILP-Greedy,1,30,1.0,5,46,0.193033,1.0,0.297867,0.313856,0.843945
E,RILP-Greedy,1,30,1.0,5,47,0.207167,1.0,0.2682,0.255057,0.871802
E,RILP-Greedy,1,30,1.0,5,48,0.2024,1.0,0.276367,0.287674,0.849904
E,RILP-Greedy,1,30,1.0,5,49,0.234767,1.0,0.2257,0.212192,0.852836
E,RILP-Greedy,1,30,1.0,5,50,0.2067,1.0,0.2677,0.279463,0.839448
E,RILP-Greedy,1,30,1.0,5,51,0.238467,1.0,0.2247,0.251932,0.829344
E,RILP,1,30,1.5,5,42,0.211267,1.0,0.261733,0.224855,0.857622
E,RILP,1,30,1.5,5,43,0.2265,1.0,0.231433,0.236114,0.884106
E,RILP,1,30,1.5,5,44,0.195867,1.0,0.288067,0.257334,0.84487
E,RILP,1,30,1.5,5,45,0.237233,1.0,0.2233,0.254594,0.875702
E,RILP,1,30,1.5,5,46,0.193033,1.0,0.297867,0.313856,0.843945
E,RILP,1,30,1.5,5,47,0.207167,1.0,0.2682,0.255057,0.871802
E,RILP,1,30,1.5,5,48,0.2024,1.0,0.276367,0.287674,0.849904
E,RILP,1,30,1.5,5,49,0.234767,1.0,0.2257,0.212192,0.852836
E,RILP,1,30,1.5,5,50,0.2067,1.0,0.2677,0.279463,0.839448
E,RILP,1,30,1.5,5,51,0.238467,1.0,0.2247,0.251932,0.829344
E,RILP-Greedy,1,30,1.5,5,42,0.211267,1.0,0.261733,0.224855,0.857622
E,RILP-Greedy,1,30,1.5,5,43,0.2265,1.0,0.231433,0.236114,0.884106
E,RILP-Greedy,1,30,1.5,5,44,0.195867,1.0,0.288067,0.257334,0.84487
E,RILP-Greedy,1,30,1.5,5,45,0.237233,1.0,0.2233,0.254594,0.875702
E,RILP-Greedy,1,30,1.5,5,46,0.193033,1.0,0.297867,0.313856,0.843945
E,RILP-Greedy,1,30,1.5,5,47,0.207167,1.0,0.2682,0.255057,0.871802
E,RILP-Greedy,1,30,1.5,5,48,0.2024,1.0,0.276367,0.287674,0.849904
E,RILP-Greedy,1,30,1.5,5,49,0.234767,1.0,0.2257,0.212192,0.852836
E,RILP-Greedy,1,30,1.5,5,50,0.2067,1.0,0.2677,0.279463,0.839448
E,RILP-Greedy,1,30,1.5,5,51,0.238467,1.0,0.2247,0.251932,0.829344
E,RILP,1,30,2.0,5,42,0.211267,1.0,0.261733,0.224855,0.857622
E,RILP,1,30,2.0,5,43,0.2265,1.0,0.231433,0.236114,0.884106
E,RILP,1,30,2.0,5,44,0.195867,1.0,0.288067,0.257334,0.84487
E,RILP,1,30,2.0,5,45,0.237233,1.0,0.2233,0.254594,0.875702
E,RILP,1,30,2.0,5,46,0.193033,1.0,0.297867,0.313856,0.843945
E,RILP,1,30,2.0,5,47,0.207167,1.0,0.2682,0.255057,0.871802
E,RILP,1,30,2.0,5,48,0.2024,1.0,0.276367,0.287674,0.849904
E,RILP,1,30,2.0,5,49,0.234767,1.0,0.2257,0.212192,0.852836
E,RILP,1,30,2.0,5,50,0.2067,1.0,0.2677,0.279463,0.839448
E,RILP,1,30,2.0,5,51,0.238467,1.0,0.2247,0.251932,0.829344
E,RILP-Greedy,1,30,2.0,5,42,0.211267,1.0,0.261733,0.224855,0.857622
E,RILP-Greedy,1,30,2.0,5,43,0.2265,1.0,0.231433,0.236114,0.884106
E,RILP-Greedy,1,30,2.0,5,44,0.195867,1.0,0.288067,0.257334,0.84487
E,RILP-Greedy,1,30,2.0,5,45,0.237233,1.0,0.2233,0.254594,0.875702
E,RILP-Greedy,1,30,2.0,5,46,0.193033,1.0,0.297867,0.313856,0.843945
E,RILP-Greedy,1,30,2.0,5,47,0.207167,1.0,0.2682,0.255057,0.871802
E,RILP-Greedy,1,30,2.0,5,48,0.2024,1.0,0.276367,0.287674,0.849904
E,RILP-Greedy,1,30,2.0,5,49,0.234767,1.0,0.2257,0.212192,0.852836
E,RILP-Greedy,1,30,2.0,5,50,0.2067,1.0,0.2677,0.279463,0.839448
E,RILP-Greedy,1,30,2.0,5,51,0.238467,1.0,0.2247,0.251932,0.829344
E,RILP,1,30,2.5,5,42,0.211267,1.0,0.261733,0.224855,0.857622
E,RILP,1,30,2.5,5,43,0.226667,1.0,0.2313,0.236087,0.874709
E,RILP,1,30,2.5,5,44,0.195867,1.0,0.288067,0.257334,0.84487
E,RILP,1,30,2.5,5,45,0.237233,1.0,0.2233,0.254587,0.871998
E,RILP,1,30,2.5,5,46,0.193233,1.0,0.297667,0.313827,0.846124
E,RILP,1,30,2.5,5,47,0.2072,1.0,0.2681,0.255038,0.871155
E,RILP,1,30,2.5,5,48,0.2024,1.0,0.276367,0.287674,0.849904
E,RILP,1,30,2.5,5,49,0.234767,1.0,0.2257,0.212192,0.852836
E,RILP,1,30,2.5,5,50,0.206833,1.0,0.2676,0.279453,0.83219
E,RILP,1,30,2.5,5,51,0.238467,1.0,0.2247,0.251932,0.829344
E,RILP-Greedy,1,30,2.5,5,42,0.211267,1.0,0.261733,0.224855,0.857622
E,RILP-Greedy,1,30,2.5,5,43,0.226667,1.0,0.2313,0.236087,0.874709
E,RILP-Greedy,1,30,2.5,5,44,0.195867,1.0,0.288067,0.257334,0.84487
E,RILP-Greedy,1,30,2.5,5,45,0.237233,1.0,0.2233,0.254587,0.871998
E,RILP-Greedy,1,30,2.5,5,46,0.193233,1.0,0.297667,0.313827,0.846124
E,RILP-Greedy,1,30,2.5,5,47,0.2072,1.0,0.2681,0.255038,0.871155
E,RILP-Greedy,1,30,2.5,5,48,0.2024,1.0,0.276367,0.287674,0.849904
E,RILP-Greedy,1,30,2.5,5,49,0.234767,1.0,0.2257,0.212192,0.852836
E,RILP-Greedy,1,30,2.5,5,50,0.206833,1.0,0.2676,0.279453,0.83219
E,RILP-Greedy,1,30,2.5,5,51,0.238467,1.0,0.2247,0.251932,0.829344
E,RILP,1,30,3.0,5,42,0.211467,1.0,0.261633,0.224774,0.847349
E,RILP,1,30,3.0,5,43,0.226567,1.0,0.231233,0.235925,0.869205
E,RILP,1,30,3.0,5,44,0.196633,1.0,0.2874,0.257321,0.851087
E,RILP,1,30,3.0,5,45,0.2374,1.0,0.2231,0.254486,0.86861
E,RILP,1,30,3.0,5,46,0.193233,1.0,0.297233,0.313602,0.851908
E,RILP,1,30,3.0,5,47,0.2073,1.0,0.268067,0.254775,0.871426
E,RILP,1,30,3.0,5,48,0.202533,1.0,0.276367,0.287626,0.852081
E,RILP,1,30,3.0,5,49,0.234967,1.0,0.225433,0.212197,0.847377
E,RILP,1,30,3.0,5,50,0.206833,1.0,0.267567,0.279357,0.83219
E,RILP,1,30,3.0,5,51,0.238467,1.0,0.2247,0.251915,0.829344
E,RILP-Greedy,1,30,3.0,5,42,0.211467,1.0,0.261633,0.224774,0.847349
E,RILP-Greedy,1,30,3.0,5,43,0.226567,1.0,0.231233,0.235925,0.869205
E,RILP-Greedy,1,30,3.0,5,44,0.196633,1.0,0.2874,0.257321,0.851087
E,RILP-Greedy,1,30,3.0,5,45,0.2374,1.0,0.2231,0.254486,0.86861
E,RILP-Greedy,1,30,3.0,5,46,0.193233,1.0,0.297233,0.313602,0.851908
E,RILP-Greedy,1,30,3.0,5,47,0.2073,1.0,0.268067,0.254775,0.871426
E,RILP-Greedy,1,30,3.0,5,48,0.202533,1.0,0.276367,0.287626,0.852081
E,RILP-Greedy,1,30,3.0,5,49,0.234967,1.0,0.225433,0.212197,0.847377
E,RILP-Greedy,1,30,3.0,5,50,0.206833,1.0,0.267567,0.279357,0.83219
E,RILP-Greedy,1,30,3.0,5,51,0.238467,1.0,0.2247,0.251915,0.829344
E,RILP,1,30,3.5,5,42,0.217433,1.0,0.261467,0.203771,0.91883
E,RILP,1,30,3.5,5,43,0.229,1.0,0.235833,0.209885,0.922774
E,RILP,1,30,3.5,5,44,0.2058,1.0,0.279933,0.232819,0.923256
E,RILP,1,30,3.5,5,45,0.241067,1.0,0.226633,0.228988,0.920697
E,RILP,1,30,3.5,5,46,0.200967,1.0,0.289433,0.281306,0.921966
E,RILP,1,30,3.5,5,47,0.216433,1.0,0.2634,0.227923,0.926369
E,RILP,1,30,3.5,5,48,0.215467,1.0,0.262,0.257856,0.929152
E,RILP,1,30,3.5,5,49,0.2395,1.0,0.226533,0.191957,0.926519
E,RILP,1,30,3.5,5,50,0.219167,1.0,0.260733,0.250325,0.926674
E,RILP,1,30,3.5,5,51,0.238267,1.0,0.2328,0.22554,0.894123
E,RILP-Greedy,1,30,3.5,5,42,0.217433,1.0,0.261467,0.203771,0.91883
E,RILP-Greedy,1,30,3.5,5,43,0.229,1.0,0.235833,0.209885,0.922774
E,RILP-Greedy,1,30,3.5,5,44,0.2058,1.0,0.279933,0.232819,0.923256
E,RILP-Greedy,1,30,3.5,5,45,0.241067,1.0,0.226633,0.228988,0.920697
E,RILP-Greedy,1,30,3.5,5,46,0.200967,1.0,0.289433,0.281306,0.921966
E,RILP-Greedy,1,30,3.5,5,47,0.216433,1.0,0.2634,0.227923,0.926369
E,RILP-Greedy,1,30,3.5,5,48,0.215467,1.0,0.262,0.257856,0.929152
E,RILP-Greedy,1,30,3.5,5,49,0.2395,1.0,0.226533,0.191957,0.926519
E,RILP-Greedy,1,30,3.5,5,50,0.219167,1.0,0.260733,0.250325,0.926674
E,RILP-Greedy,1,30,3.5,5,51,0.238267,1.0,0.2328,0.22554,0.894123
E,RILP,1,30,4.0,5,42,0.214367,1.0,0.2704,0.178036,0.908069
E,RILP,1,30,4.0,5,43,0.223267,1.0,0.251633,0.183362,0.918874
E,RILP,1,30,4.0,5,44,0.202133,1.0,0.297967,0.202659,0.957321
E,RILP,1,30,4.0,5,45,0.235733,1.0,0.236133,0.203569,0.947082
E,RILP,1,30,4.0,5,46,0.1915,1.0,0.310933,0.243262,0.920025
E,RILP,1,30,4.0,5,47,0.210467,1.0,0.2773,0.198753,0.918329
E,RILP,1,30,4.0,5,48,0.205833,1.0,0.288533,0.22797,0.925833
E,RILP,1,30,4.0,5,49,0.231733,1.0,0.239967,0.169933,0.922445
E,RILP,1,30,4.0,5,50,0.210167,1.0,0.282133,0.218795,0.936847
E,RILP,1,30,4.0,5,51,0.2329,1.0,0.239233,0.200482,0.940227
E,RILP-Greedy,1,30,4.0,5,42,0.214367,1.0,0.2704,0.178036,0.908069
E,RILP-Greedy,1,30,4.0,5,43,0.223267,1.0,0.251633,0.183362,0.918874
E,RILP-Greedy,1,30,4.0,5,44,0.202133,1.0,0.297967,0.202659,0.957321
E,RILP-Greedy,1,30,4.0,5,45,0.235733,1.0,0.236133,0.203569,0.947082
E,RILP-Greedy,1,30,4.0,5,46,0.1915,1.0,0.310933,0.243262,0.920025
E,RILP-Greedy,1,30,4.0,5,47,0.210467,1.0,0.2773,0.198753,0.918329
E,RILP-Greedy,1,30,4.0,5,48,0.205833,1.0,0.288533,0.22797,0.925833
E,RILP-Greedy,1,30,4.0,5,49,0.231733,1.0,0.239967,0.169933,0.922445
E,RILP-Greedy,1,30,4.0,5,50,0.210167,1.0,0.282133,0.218795,0.936847
E,RILP-Greedy,1,30,4.0,5,51,0.2329,1.0,0.239233,0.200482,0.940227
E,RILP,1,30,4.5,5,42,0.205,1.0,0.292833,0.155522,0.924602
E,RILP,1,30,4.5,5,43,0.221733,1.0,0.260233,0.162416,0.919301
E,RILP,1,30,4.5,5,44,0.1982,1.0,0.311067,0.17895,0.934367
E,RILP,1,30,4.5,5,45,0.231567,1.0,0.2473,0.180332,0.912672
E,RILP,1,30,4.5,5,46,0.1885,1.0,0.323633,0.214278,0.915614
E,RILP,1,30,4.5,5,47,0.205833,1.0,0.292967,0.179633,0.918738
E,RILP,1,30,4.5,5,48,0.203533,1.0,0.291433,0.203197,0.946543
E,RILP,1,30,4.5,5,49,0.229033,1.0,0.253933,0.151399,0.919487
E,RILP,1,30,4.5,5,50,0.204533,1.0,0.2918,0.194971,0.929179
E,RILP,1,30,4.5,5,51,0.229533,1.0,0.254167,0.177073,0.92311
E,RILP-Greedy,1,30,4.5,5,42,0.205,1.0,0.292833,0.155522,0.924602
E,RILP-Greedy,1,30,4.5,5,43,0.221733,1.0,0.260233,0.162416,0.919301
E,RILP-Greedy,1,30,4.5,5,44,0.1982,1.0,0.311067,0.17895,0.934367
E,RILP-Greedy,1,30,4.5,5,45,0.231567,1.0,0.2473,0.180332,0.912672
E,RILP-Greedy,1,30,4.5,5,46,0.1885,1.0,0.323633,0.214278,0.915614
E,RILP-Greedy,1,30,4.5,5,47,0.205833,1.0,0.292967,0.179633,0.918738
E,RILP-Greedy,1,30,4.5,5,48,0.203533,1.0,0.291433,0.203197,0.946543
E,RILP-Greedy,1,30,4.5,5,49,0.229033,1.0,0.253933,0.151399,0.919487
E,RILP-Greedy,1,30,4.5,5,50,0.204533,1.0,0.2918,0.194971,0.929179
E,RILP-Greedy,1,30,4.5,5,51,0.229533,1.0,0.254167,0.177073,0.92311
E,RILP,1,30,5.0,5,42,0.198933,1.0,0.313333,0.140554,0.942564
E,RILP,1,30,5.0,5,43,0.214267,1.0,0.278333,0.150503,0.93145
E,RILP,1,30,5.0,5,44,0.191967,1.0,0.3307,0.163799,0.899888
E,RILP,1,30,5.0,5,45,0.2208,1.0,0.278167,0.160085,0.915807
E,RILP,1,30,5.0,5,46,0.180733,1.0,0.3463,0.194668,0.919048
E,RILP,1,30,5.0,5,47,0.197533,1.0,0.315467,0.164227,0.937252
E,RILP,1,30,5.0,5,48,0.1988,1.0,0.312067,0.176241,0.948512
E,RILP,1,30,5.0,5,49,0.220933,1.0,0.274267,0.134689,0.943619
E,RILP,1,30,5.0,5,50,0.1994,1.0,0.3088,0.176189,0.934123
E,RILP,1,30,5.0,5,51,0.223967,1.0,0.269833,0.153052,0.942709
E,RILP-Greedy,1,30,5.0,5,42,0.198933,1.0,0.313333,0.140554,0.942564
E,RILP-Greedy,1,30,5.0,5,43,0.214267,1.0,0.278333,0.150503,0.93145
E,RILP-Greedy,1,30,5.0,5,44,0.191967,1.0,0.3307,0.163799,0.899888
E,RILP-Greedy,1,30,5.0,5,45,0.2208,1.0,0.278167,0.160085,0.915807
E,RILP-Greedy,1,30,5.0,5,46,0.180733,1.0,0.3463,0.194668,0.919048
E,RILP-Greedy,1,30,5.0,5,47,0.197533,1.0,0.315467,0.164227,0.937252
E,RILP-Greedy,1,30,5.0,5,48,0.1988,1.0,0.312067,0.176241,0.948512
E,RILP-Greedy,1,30,5.0,5,49,0.220933,1.0,0.274267,0.134689,0.943619
E,RILP-Greedy,1,30,5.0,5,50,0.1994,1.0,0.3088,0.176189,0.934123
E,RILP-Greedy,1,30,5.0,5,51,0.223967,1.0,0.269833,0.153052,0.942709
E,RILP,5,0,0.0,5,42,0.2194,1.0,0.220933,1.07001,0.82332
E,RILP,5,0,0.0,5,43,0.244033,1.0,0.18,1.12359,0.847388
E,RILP,5,0,0.0,5,44,0.209567,1.0,0.2385,1.224568,0.847792
E,RILP,5,0,0.0,5,45,0.256967,1.0,0.164933,1.211529,0.857793
E,RILP,5,0,0.0,5,46,0.202733,1.0,0.2565,1.493539,0.843338
E,RILP,5,0,0.0,5,47,0.221667,1.0,0.219467,1.213734,0.865854
E,RILP,5,0,0.0,5,48,0.216333,1.0,0.2277,1.368945,0.850317
E,RILP,5,0,0.0,5,49,0.252433,1.0,0.173533,1.00975,0.848748
E,RILP,5,0,0.0,5,50,0.214867,1.0,0.2312,1.329873,0.845908
E,RILP,5,0,0.0,5,51,0.2549,1.0,0.170867,1.19886,0.861544
E,RILP-Greedy,5,0,0.0,5,42,0.2194,1.0,0.220933,1.07001,0.82332
E,RILP-Greedy,5,0,0.0,5,43,0.244033,1.0,0.18,1.12359,0.847388
E,RILP-Greedy,5,0,0.0,5,44,0.209567,1.0,0.2385,1.224568,0.847792
E,RILP-Greedy,5,0,0.0,5,45,0.256967,1.0,0.164933,1.211529,0.857793
E,RILP-Greedy,5,0,0.0,5,46,0.202733,1.0,0.2565,1.493539,0.843338
E,RILP-Greedy,5,0,0.0,5,47,0.221667,1.0,0.219467,1.213734,0.865854
E,RILP-Greedy,5,0,0.0,5,48,0.216333,1.0,0.2277,1.368945,0.850317
E,RILP-Greedy,5,0,0.0,5,49,0.252433,1.0,0.173533,1.00975,0.848748
E,RILP-Greedy,5,0,0.0,5,50,0.214867,1.0,0.2312,1.329873,0.845908
E,RILP-Greedy,5,0,0.0,5,51,0.2549,1.0,0.170867,1.19886,0.861544
E,RILP,5,0,0.5,5,42,0.2194,1.0,0.220933,1.07001,0.82332
E,RILP,5,0,0.5,5,43,0.244033,1.0,0.18,1.12359,0.847388
E,RILP,5,0,0.5,5,44,0.209567,1.0,0.2385,1.224568,0.847792
E,RILP,5,0,0.5,5,45,0.256967,1.0,0.164933,1.211529,0.857793
E,RILP,5,0,0.5,5,46,0.202733,1.0,0.2565,1.493539,0.843338
E,RILP,5,0,0.5,5,47,0.221667,1.0,0.219467,1.213734,0.865854
E,RILP,5,0,0.5,5,48,0.216333,1.0,0.2277,1.368945,0.850317
E,RILP,5,0,0.5,5,49,0.252433,1.0,0.173533,1.00975,0.848748
E,RILP,5,0,0.5,5,50,0.214867,1.0,0.2312,1.329873,0.845908
E,RILP,5,0,0.5,5,51,0.2549,1.0,0.170867,1.19886,0.861544
E,RILP-Greedy,5,0,0.5,5,42,0.2194,1.0,0.220933,1.07001,0.82332
E,RILP-Greedy,5,0,0.5,5,43,0.244033,1.0,0.18,1.12359,0.847388
E,RILP-Greedy,5,0,0.5,5,44,0.209567,1.0,0.2385,1.224568,0.847792
E,RILP-Greedy,5,0,0.5,5,45,0.256967,1.0,0.164933,1.211529,0.857793
E,RILP-Greedy,5,0,0.5,5,46,0.202733,1.0,0.2565,1.493539,0.843338
E,RILP-Greedy,5,0,0.5,5,47,0.221667,1.0,0.219467,1.213734,0.865854
E,RILP-Greedy,5,0,0.5,5,48,0.216333,1.0,0.2277,1.368945,0.850317
E,RILP-Greedy,5,0,0.5,5,49,0.252433,1.0,0.173533,1.00975,0.848748
E,RILP-Greedy,5,0,0.5,5,50,0.214867,1.0,0.2312,1.329873,0.845908
E,RILP-Greedy,5,0,0.5,5,51,0.2549,1.0,0.170867,1.19886,0.861544
E,RILP,5,0,1.0,5,42,0.2194,1.0,0.220933,1.07001,0.82332
E,RILP,5,0,1.0,5,43,0.244033,1.0,0.18,1.12359,0.847388
E,RILP,5,0,1.0,5,44,0.209567,1.0,0.2385,1.224568,0.847792
E,RILP,5,0,1.0,5,45,0.256967,1.0,0.164933,1.211529,0.857793
E,RILP,5,0,1.0,5,46,0.202733,1.0,0.2565,1.493539,0.843338
E,RILP,5,0,1.0,5,47,0.221667,1.0,0.219467,1.213734,0.865854
E,RILP,5,0,1.0,5,48,0.216333,1.0,0.2277,1.368945,0.850317
E,RILP,5,0,1.0,5,49,0.252433,1.0,0.173533,1.00975,0.848748
E,RILP,5,0,1.0,5,50,0.214867,1.0,0.2312,1.329873,0.845908
E,RILP,5,0,1.0,5,51,0.2549,1.0,0.170867,1.19886,0.861544
E,RILP-Greedy,5,0,1.0,5,42,0.2194,1.0,0.220933,1.07001,0.82332
E,RILP-Greedy,5,0,1.0,5,43,0.244033,1.0,0.18,1.12359,0.847388
E,RILP-Greedy,5,0,1.0,5,44,0.209567,1.0,0.2385,1.224568,0.847792
E,RILP-Greedy,5,0,1.0,5,45,0.256967,1.0,0.164933,1.211529,0.857793
E,RILP-Greedy,5,0,1.0,5,46,0.202733,1.0,0.2565,1.493539,0.843338
E,RILP-Greedy,5,0,1.0,5,47,0.221667,1.0,0.219467,1.213734,0.865854
E,RILP-Greedy,5,0,1.0,5,48,0.216333,1.0,0.2277,1.368945,0.850317
E,RILP-Greedy,5,0,1.0,5,49,0.252433,1.0,0.173533,1.00975,0.848748
E,RILP-Greedy,5,0,1.0,5,50,0.214867,1.0,0.2312,1.329873,0.845908
E,RILP-Greedy,5,0,1.0,5,51,0.2549,1.0,0.170867,1.19886,0.861544
E,RILP,5,0,1.5,5,42,0.2194,1.0,0.220933,1.07001,0.82332
E,RILP,5,0,1.5,5,43,0.244033,1.0,0.18,1.12359,0.847388
E,RILP,5,0,1.5,5,44,0.209567,1.0,0.2385,1.224568,0.847792
E,RILP,5,0,1.5,5,45,0.256967,1.0,0.164933,1.211529,0.857793
E,RILP,5,0,1.5,5,46,0.202733,1.0,0.2565,1.493539,0.843338
E,RILP,5,0,1.5,5,47,0.221667,1.0,0.219467,1.213734,0.865854
E,RILP,5,0,1.5,5,48,0.216333,1.0,0.2277,1.368945,0.850317
E,RILP,5,0,1.5,5,49,0.252433,1.0,0.173533,1.00975,0.848748
E,RILP,5,0,1.5,5,50,0.214867,1.0,0.2312,1.329873,0.845908
E,RILP,5,0,1.5,5,51,0.2549,1.0,0.170867,1.19886,0.861544
E,RILP-Greedy,5,0,1.5,5,42,0.2194,1.0,0.220933,1.07001,0.82332
E,RILP-Greedy,5,0,1.5,5,43,0.244033,1.0,0.18,1.12359,0.847388
E,RILP-Greedy,5,0,1.5,5,44,0.209567,1.0,0.2385,1.224568,0.847792
E,RILP-Greedy,5,0,1.5,5,45,0.256967,1.0,0.164933,1.211529,0.857793
E,RILP-Greedy,5,0,1.5,5,46,0.202733,1.0,0.2565,1.493539,0.843338
E,RILP-Greedy,5,0,1.5,5,47,0.221667,1.0,0.219467,1.213734,0.865854
E,RILP-Greedy,5,0,1.5,5,48,0.216333,1.0,0.2277,1.368945,0.850317
E,RILP-Greedy,5,0,1.5,5,49,0.252433,1.0,0.173533,1.00975,0.848748
E,RILP-Greedy,5,0,1.5,5,50,0.214867,1.0,0.2312,1.329873,0.845908
E,RILP-Greedy,5,0,1.5,5,51,0.2549,1.0,0.170867,1.19886,0.861544
E,RILP,5,0,2.0,5,42,0.2194,1.0,0.220933,1.07001,0.82332
E,RILP,5,0,2.0,5,43,0.244033,1.0,0.18,1.12359,0.847388
E,RILP,5,0,2.0,5,44,0.209567,1.0,0.2385,1.224568,0.847792
E,RILP,5,0,2.0,5,45,0.256967,1.0,0.164933,1.211529,0.857793
E,RILP,5,0,2.0,5,46,0.202733,1.0,0.2565,1.493539,0.843338
E,RILP,5,0,2.0,5,47,0.221667,1.0,0.219467,1.213734,0.865854
E,RILP,5,0,2.0,5,48,0.216333,1.0,0.2277,1.368945,0.850317
E,RILP,5,0,2.0,5,49,0.252433,1.0,0.173533,1.00975,0.848748
E,RILP,5,0,2.0,5,50,0.214867,1.0,0.2312,1.329873,0.845908
E,RILP,5,0,2.0,5,51,0.2549,1.0,0.170867,1.19886,0.861544
E,RILP-Greedy,5,0,2.0,5,42,0.2194,1.0,0.220933,1.07001,0.82332
E,RILP-Greedy,5,0,2.0,5,43,0.244033,1.0,0.18,1.12359,0.847388
E,RILP-Greedy,5,0,2.0,5,44,0.209567,1.0,0.2385,1.224568,0.847792
E,RILP-Greedy,5,0,2.0,5,45,0.256967,1.0,0.164933,1.211529,0.857793
E,RILP-Greedy,5,0,2.0,5,46,0.202733,1.0,0.2565,1.493539,0.843338
E,RILP-Greedy,5,0,2.0,5,47,0.221667,1.0,0.219467,1.213734,0.865854
E,RILP-Greedy,5,0,2.0,5,48,0.216333,1.0,0.2277,1.368945,0.850317
E,RILP-Greedy,5,0,2.0,5,49,0.252433,1.0,0.173533,1.00975,0.848748
E,RILP-Greedy,5,0,2.0,5,50,0.214867,1.0,0.2312,1.329873,0.845908
E,RILP-Greedy,5,0,2.0,5,51,0.2549,1.0,0.170867,1.19886,0.861544
E,RILP,5,0,2.5,5,42,0.2194,1.0,0.220933,1.07001,0.82332
E,RILP,5,0,2.5,5,43,0.244033,1.0,0.18,1.12359,0.847388
E,RILP,5,0,2.5,5,44,0.209567,1.0,0.2385,1.224568,0.847792
E,RILP,5,0,2.5,5,45,0.256967,1.0,0.164933,1.211529,0.857793
E,RILP,5,0,2.5,5,46,0.202733,1.0,0.2565,1.493539,0.843338
E,RILP,5,0,2.5,5,47,0.221667,1.0,0.219467,1.213734,0.865854
E,RILP,5,0,2.5,5,48,0.216333,1.0,0.2277,1.368945,0.850317
E,RILP,5,0,2.5,5,49,0.252433,1.0,0.173533,1.00975,0.848748
E,RILP,5,0,2.5,5,50,0.214867,1.0,0.2312,1.329873,0.845908
E,RILP,5,0,2.5,5,51,0.2549,1.0,0.170867,1.19886,0.861544
E,RILP-Greedy,5,0,2.5,5,42,0.2194,1.0,0.220933,1.07001,0.82332
E,RILP-Greedy,5,0,2.5,5,43,0.244033,1.0,0.18,1.12359,0.847388
E,RILP-Greedy,5,0,2.5,5,44,0.209567,1.0,0.2385,1.224568,0.847792
E,RILP-Greedy,5,0,2.5,5,45,0.256967,1.0,0.164933,1.211529,0.857793
E,RILP-Greedy,5,0,2.5,5,46,0.202733,1.0,0.2565,1.493539,0.843338
E,RILP-Greedy,5,0,2.5,5,47,0.221667,1.0,0.219467,1.213734,0.865854
E,RILP-Greedy,5,0,2.5,5,48,0.216333,1.0,0.2277,1.368945,0.850317
E,RILP-Greedy,5,0,2.5,5,49,0.252433,1.0,0.173533,1.00975,0.848748
E,RILP-Greedy,5,0,2.5,5,50,0.214867,1.0,0.2312,1.329873,0.845908
E,RILP-Greedy,5,0,2.5,5,51,0.2549,1.0,0.170867,1.19886,0.861544
E,RILP,5,0,3.0,5,42,0.2194,1.0,0.220933,1.07001,0.82332
E,RILP,5,0,3.0,5,43,0.244033,1.0,0.18,1.12359,0.847388
E,RILP,5,0,3.0,5,44,0.209567,1.0,0.2385,1.224568,0.847792
E,RILP,5,0,3.0,5,45,0.256967,1.0,0.164933,1.211529,0.857793
E,RILP,5,0,3.0,5,46,0.202733,1.0,0.2565,1.493539,0.843338
E,RILP,5,0,3.0,5,47,0.221667,1.0,0.219467,1.213734,0.865854
E,RILP,5,0,3.0,5,48,0.216333,1.0,0.2277,1.368945,0.850317
E,RILP,5,0,3.0,5,49,0.252433,1.0,0.173533,1.00975,0.848748
E,RILP,5,0,3.0,5,50,0.214867,1.0,0.2312,1.329873,0.845908
E,RILP,5,0,3.0,5,51,0.2549,1.0,0.170867,1.19886,0.861544
E,RILP-Greedy,5,0,3.0,5,42,0.2194,1.0,0.220933,1.07001,0.82332
E,RILP-Greedy,5,0,3.0,5,43,0.244033,1.0,0.18,1.12359,0.847388
E,RILP-Greedy,5,0,3.0,5,44,0.209567,1.0,0.2385,1.224568,0.847792
E,RILP-Greedy,5,0,3.0,5,45,0.256967,1.0,0.164933,1.211529,0.857793
E,RILP-Greedy,5,0,3.0,5,46,0.202733,1.0,0.2565,1.493539,0.843338
E,RILP-Greedy,5,0,3.0,5,47,0.221667,1.0,0.219467,1.213734,0.865854
E,RILP-Greedy,5,0,3.0,5,48,0.216333,1.0,0.2277,1.368945,0.850317
E,RILP-Greedy,5,0,3.0,5,49,0.252433,1.0,0.173533,1.00975,0.848748
E,RILP-Greedy,5,0,3.0,5,50,0.214867,1.0,0.2312,1.329873,0.845908
E,RILP-Greedy,5,0,3.0,5,51,0.2549,1.0,0.170867,1.19886,0.861544
E,RILP,5,0,3.5,5,42,0.2194,1.0,0.220933,1.07001,0.82332
E,RILP,5,0,3.5,5,43,0.244033,1.0,0.18,1.12359,0.847388
E,RILP,5,0,3.5,5,44,0.209567,1.0,0.2385,1.224568,0.847792
E,RILP,5,0,3.5,5,45,0.256967,1.0,0.164933,1.211529,0.857793
E,RILP,5,0,3.5,5,46,0.202733,1.0,0.2565,1.493539,0.843338
E,RILP,5,0,3.5,5,47,0.221667,1.0,0.219467,1.213734,0.865854
E,RILP,5,0,3.5,5,48,0.216333,1.0,0.2277,1.368945,0.850317
E,RILP,5,0,3.5,5,49,0.252433,1.0,0.173533,1.00975,0.848748
E,RILP,5,0,3.5,5,50,0.214867,1.0,0.2312,1.329873,0.845908
E,RILP,5,0,3.5,5,51,0.2549,1.0,0.170867,1.19886,0.861544
E,RILP-Greedy,5,0,3.5,5,42,0.2194,1.0,0.220933,1.07001,0.82332
E,RILP-Greedy,5,0,3.5,5,43,0.244033,1.0,0.18,1.12359,0.847388
E,RILP-Greedy,5,0,3.5,5,44,0.209567,1.0,0.2385,1.224568,0.847792
E,RILP-Greedy,5,0,3.5,5,45,0.256967,1.0,0.164933,1.211529,0.857793
E,RILP-Greedy,5,0,3.5,5,46,0.202733,1.0,0.2565,1.493539,0.843338
E,RILP-Greedy,5,0,3.5,5,47,0.221667,1.0,0.219467,1.213734,0.865854
E,RILP-Greedy,5,0,3.5,5,48,0.216333,1.0,0.2277,1.368945,0.850317
E,RILP-Greedy,5,0,3.5,5,49,0.252433,1.0,0.173533,1.00975,0.848748
E,RILP-Greedy,5,0,3.5,5,50,0.214867,1.0,0.2312,1.329873,0.845908
E,RILP-Greedy,5,0,3.5,5,51,0.2549,1.0,0.170867,1.19886,0.861544
E,RILP,5,0,4.0,5,42,0.2194,1.0,0.220933,1.07001,0.82332
E,RILP,5,0,4.0,5,43,0.244033,1.0,0.18,1.12359,0.847388
E,RILP,5,0,4.0,5,44,0.209567,1.0,0.2385,1.224568,0.847792
E,RILP,5,0,4.0,5,45,0.256967,1.0,0.164933,1.211529,0.857793
E,RILP,5,0,4.0,5,46,0.202733,1.0,0.2565,1.493539,0.843338
E,RILP,5,0,4.0,5,47,0.221667,1.0,0.219467,1.213734,0.865854
E,RILP,5,0,4.0,5,48,0.216333,1.0,0.2277,1.368945,0.850317
E,RILP,5,0,4.0,5,49,0.252433,1.0,0.173533,1.00975,0.848748
E,RILP,5,0,4.0,5,50,0.214867,1.0,0.2312,1.329873,0.845908
E,RILP,5,0,4.0,5,51,0.2549,1.0,0.170867,1.19886,0.861544
E,RILP-Greedy,5,0,4.0,5,42,0.2194,1.0,0.220933,1.07001,0.82332
E,RILP-Greedy,5,0,4.0,5,43,0.244033,1.0,0.18,1.12359,0.847388
E,RILP-Greedy,5,0,4.0,5,44,0.209567,1.0,0.2385,1.224568,0.847792
E,RILP-Greedy,5,0,4.0,5,45,0.256967,1.0,0.164933,1.211529,0.857793
E,RILP-Greedy,5,0,4.0,5,46,0.202733,1.0,0.2565,1.493539,0.843338
E,RILP-Greedy,5,0,4.0,5,47,0.221667,1.0,0.219467,1.213734,0.865854
E,RILP-Greedy,5,0,4.0,5,48,0.216333,1.0,0.2277,1.368945,0.850317
E,RILP-Greedy,5,0,4.0,5,49,0.252433,1.0,0.173533,1.00975,0.848748
E,RILP-Greedy,5,0,4.0,5,50,0.214867,1.0,0.2312,1.329873,0.845908
E,RILP-Greedy,5,0,4.0,5,51,0.2549,1.0,0.170867,1.19886,0.861544
E,RILP,5,0,4.5,5,42,0.2194,1.0,0.220933,1.07001,0.82332
E,RILP,5,0,4.5,5,43,0.244033,1.0,0.18,1.12359,0.847388
E,RILP,5,0,4.5,5,44,0.209567,1.0,0.2385,1.224568,0.847792
E,RILP,5,0,4.5,5,45,0.256967,1.0,0.164933,1.211529,0.857793
E,RILP,5,0,4.5,5,46,0.202733,1.0,0.2565,1.493539,0.843338
E,RILP,5,0,4.5,5,47,0.221667,1.0,0.219467,1.213734,0.865854
E,RILP,5,0,4.5,5,48,0.216333,1.0,0.2277,1.368945,0.850317
E,RILP,5,0,4.5,5,49,0.252433,1.0,0.173533,1.00975,0.848748
E,RILP,5,0,4.5,5,50,0.214867,1.0,0.2312,1.329873,0.845908
E,RILP,5,0,4.5,5,51,0.2549,1.0,0.170867,1.19886,0.861544
E,RILP-Greedy,5,0,4.5,5,42,0.2194,1.0,0.220933,1.07001,0.82332
E,RILP-Greedy,5,0,4.5,5,43,0.244033,1.0,0.18,1.12359,0.847388
E,RILP-Greedy,5,0,4.5,5,44,0.209567,1.0,0.2385,1.224568,0.847792
E,RILP-Greedy,5,0,4.5,5,45,0.256967,1.0,0.164933,1.211529,0.857793
E,RILP-Greedy,5,0,4.5,5,46,0.202733,1.0,0.2565,1.493539,0.843338
E,RILP-Greedy,5,0,4.5,5,47,0.221667,1.0,0.219467,1.213734,0.865854
E,RILP-Greedy,5,0,4.5,5,48,0.216333,1.0,0.2277,1.368945,0.850317
E,RILP-Greedy,5,0,4.5,5,49,0.252433,1.0,0.173533,1.00975,0.848748
E,RILP-Greedy,5,0,4.5,5,50,0.214867,1.0,0.2312,1.329873,0.845908
E,RILP-Greedy,5,0,4.5,5,51,0.2549,1.0,0.170867,1.19886,0.861544
E,RILP,5,0,5.0,5,42,0.2194,1.0,0.220933,1.07001,0.82332
E,RILP,5,0,5.0,5,43,0.244033,1.0,0.18,1.12359,0.847388
E,RILP,5,0,5.0,5,44,0.209567,1.0,0.2385,1.224568,0.847792
E,RILP,5,0,5.0,5,45,0.256967,1.0,0.164933,1.211529,0.857793
E,RILP,5,0,5.0,5,46,0.202733,1.0,0.2565,1.493539,0.843338
E,RILP,5,0,5.0,5,47,0.221667,1.0,0.219467,1.213734,0.865854
E,RILP,5,0,5.0,5,48,0.216333,1.0,0.2277,1.368945,0.850317
E,RILP,5,0,5.0,5,49,0.252433,1.0,0.173533,1.00975,0.848748
E,RILP,5,0,5.0,5,50,0.214867,1.0,0.2312,1.329873,0.845908
E,RILP,5,0,5.0,5,51,0.2549,1.0,0.170867,1.19886,0.861544
E,RILP-Greedy,5,0,5.0,5,42,0.2194,1.0,0.220933,1.07001,0.82332
E,RILP-Greedy,5,0,5.0,5,43,0.244033,1.0,0.18,1.12359,0.847388
E,RILP-Greedy,5,0,5.0,5,44,0.209567,1.0,0.2385,1.224568,0.847792
E,RILP-Greedy,5,0,5.0,5,45,0.256967,1.0,0.164933,1.211529,0.857793
E,RILP-Greedy,5,0,5.0,5,46,0.202733,1.0,0.2565,1.493539,0.843338
E,RILP-Greedy,5,0,5.0,5,47,0.221667,1.0,0.219467,1.213734,0.865854
E,RILP-Greedy,5,0,5.0,5,48,0.216333,1.0,0.2277,1.368945,0.850317
E,RILP-Greedy,5,0,5.0,5,49,0.252433,1.0,0.173533,1.00975,0.848748
E,RILP-Greedy,5,0,5.0,5,50,0.214867,1.0,0.2312,1.329873,0.845908
E,RILP-Greedy,5,0,5.0,5,51,0.2549,1.0,0.170867,1.19886,0.861544
E,RILP,5,10,0.0,5,42,0.2194,1.0,0.220933,1.07001,0.82332
E,RILP,5,10,0.0,5,43,0.244033,1.0,0.18,1.12359,0.847388
E,RILP,5,10,0.0,5,44,0.209567,1.0,0.2385,1.224568,0.847792
E,RILP,5,10,0.0,5,45,0.256967,1.0,0.164933,1.211529,0.857793
E,RILP,5,10,0.0,5,46,0.202733,1.0,0.2565,1.493539,0.843338
E,RILP,5,10,0.0,5,47,0.221667,1.0,0.219467,1.213734,0.865854
E,RILP,5,10,0.0,5,48,0.216333,1.0,0.2277,1.368945,0.850317
E,RILP,5,10,0.0,5,49,0.252433,1.0,0.173533,1.00975,0.848748
E,RILP,5,10,0.0,5,50,0.214867,1.0,0.2312,1.329873,0.845908
E,RILP,5,10,0.0,5,51,0.2549,1.0,0.170867,1.19886,0.861544
E,RILP-Greedy,5,10,0.0,5,42,0.2194,1.0,0.220933,1.07001,0.82332
E,RILP-Greedy,5,10,0.0,5,43,0.244033,1.0,0.18,1.12359,0.847388
E,RILP-Greedy,5,10,0.0,5,44,0.209567,1.0,0.2385,1.224568,0.847792
E,RILP-Greedy,5,10,0.0,5,45,0.256967,1.0,0.164933,1.211529,0.857793
E,RILP-Greedy,5,10,0.0,5,46,0.202733,1.0,0.2565,1.493539,0.843338
E,RILP-Greedy,5,10,0.0,5,47,0.221667,1.0,0.219467,1.213734,0.865854
E,RILP-Greedy,5,10,0.0,5,48,0.216333,1.0,0.2277,1.368945,0.850317
E,RILP-Greedy,5,10,0.0,5,49,0.252433,1.0,0.173533,1.00975,0.848748
E,RILP-Greedy,5,10,0.0,5,50,0.214867,1.0,0.2312,1.329873,0.845908
E,RILP-Greedy,5,10,0.0,5,51,0.2549,1.0,0.170867,1.19886,0.861544
E,RILP,5,10,0.5,5,42,0.2194,1.0,0.220933,1.07001,0.82332
E,RILP,5,10,0.5,5,43,0.244033,1.0,0.18,1.12359,0.847388
E,RILP,5,10,0.5,5,44,0.209567,1.0,0.2385,1.224568,0.847792
E,RILP,5,10,0.5,5,45,0.256967,1.0,0.164933,1.211529,0.857793
E,RILP,5,10,0.5,5,46,0.202733,1.0,0.2565,1.493539,0.843338
E,RILP,5,10,0.5,5,47,0.221667,1.0,0.219467,1.213734,0.865854
E,RILP,5,10,0.5,5,48,0.216333,1.0,0.2277,1.368945,0.850317
E,RILP,5,10,0.5,5,49,0.252433,1.0,0.173533,1.00975,0.848748
E,RILP,5,10,0.5,5,50,0.214867,1.0,0.2312,1.329873,0.845908
E,RILP,5,10,0.5,5,51,0.2549,1.0,0.170867,1.19886,0.861544
E,RILP-Greedy,5,10,0.5,5,42,0.2194,1.0,0.220933,1.07001,0.82332
E,RILP-Greedy,5,10,0.5,5,43,0.244033,1.0,0.18,1.12359,0.847388
E,RILP-Greedy,5,10,0.5,5,44,0.209567,1.0,0.2385,1.224568,0.847792
E,RILP-Greedy,5,10,0.5,5,45,0.256967,1.0,0.164933,1.211529,0.857793
E,RILP-Greedy,5,10,0.5,5,46,0.202733,1.0,0.2565,1.493539,0.843338
E,RILP-Greedy,5,10,0.5,5,47,0.221667,1.0,0.219467,1.213734,0.865854
E,RILP-Greedy,5,10,0.5,5,48,0.216333,1.0,0.2277,1.368945,0.850317
E,RILP-Greedy,5,10,0.5,5,49,0.252433,1.0,0.173533,1.00975,0.848748
E,RILP-Greedy,5,10,0.5,5,50,0.214867,1.0,0.2312,1.329873,0.845908
E,RILP-Greedy,5,10,0.5,5,51,0.2549,1.0,0.170867,1.19886,0.861544
E,RILP,5,10,1.0,5,42,0.2194,1.0,0.220933,1.07001,0.82332
E,RILP,5,10,1.0,5,43,0.244033,1.0,0.18,1.12359,0.847388
E,RILP,5,10,1.0,5,44,0.209567,1.0,0.2385,1.224568,0.847792
E,RILP,5,10,1.0,5,45,0.256967,1.0,0.164933,1.211529,0.857793
E,RILP,5,10,1.0,5,46,0.202733,1.0,0.2565,1.493539,0.843338
E,RILP,5,10,1.0,5,47,0.221667,1.0,0.219467,1.213734,0.865854
E,RILP,5,10,1.0,5,48,0.216333,1.0,0.2277,1.368945,0.850317
E,RILP,5,10,1.0,5,49,0.252433,1.0,0.173533,1.00975,0.848748
E,RILP,5,10,1.0,5,50,0.214867,1.0,0.2312,1.329873,0.845908
E,RILP,5,10,1.0,5,51,0.2549,1.0,0.170867,1.19886,0.861544
E,RILP-Greedy,5,10,1.0,5,42,0.2194,1.0,0.220933,1.07001,0.82332
E,RILP-Greedy,5,10,1.0,5,43,0.244033,1.0,0.18,1.12359,0.847388
E,RILP-Greedy,5,10,1.0,5,44,0.209567,1.0,0.2385,1.224568,0.847792
E,RILP-Greedy,5,10,1.0,5,45,0.256967,1.0,0.164933,1.211529,0.857793
E,RILP-Greedy,5,10,1.0,5,46,0.202733,1.0,0.2565,1.493539,0.843338
E,RILP-Greedy,5,10,1.0,5,47,0.221667,1.0,0.219467,1.213734,0.865854
E,RILP-Greedy,5,10,1.0,5,48,0.216333,1.0,0.2277,1.368945,0.850317
E,RILP-Greedy,5,10,1.0,5,49,0.252433,1.0,0.173533,1.00975,0.848748
E,RILP-Greedy,5,10,1.0,5,50,0.214867,1.0,0.2312,1.329873,0.845908
E,RILP-Greedy,5,10,1.0,5,51,0.2549,1.0,0.170867,1.19886,0.861544
E,RILP,5,10,1.5,5,42,0.2194,1.0,0.220933,1.07001,0.82332
E,RILP,5,10,1.5,5,43,0.244033,1.0,0.18,1.12359,0.847388
E,RILP,5,10,1.5,5,44,0.209567,1.0,0.2385,1.224568,0.847792
E,RILP,5,10,1.5,5,45,0.256967,1.0,0.164933,1.211529,0.857793
E,RILP,5,10,1.5,5,46,0.202733,1.0,0.2565,1.493539,0.843338
E,RILP,5,10,1.5,5,47,0.221667,1.0,0.219467,1.213734,0.865854
E,RILP,5,10,1.5,5,48,0.216333,1.0,0.2277,1.368945,0.850317
E,RILP,5,10,1.5,5,49,0.252433,1.0,0.173533,1.00975,0.848748
E,RILP,5,10,1.5,5,50,0.214867,1.0,0.2312,1.329873,0.845908
E,RILP,5,10,1.5,5,51,0.2549,1.0,0.170867,1.19886,0.861544
E,RILP-Greedy,5,10,1.5,5,42,0.2194,1.0,0.220933,1.07001,0.82332
E,RILP-Greedy,5,10,1.5,5,43,0.244033,1.0,0.18,1.12359,0.847388
E,RILP-Greedy,5,10,1.5,5,44,0.209567,1.0,0.2385,1.224568,0.847792
E,RILP-Greedy,5,10,1.5,5,45,0.256967,1.0,0.164933,1.211529,0.857793
E,RILP-Greedy,5,10,1.5,5,46,0.202733,1.0,0.2565,1.493539,0.843338
E,RILP-Greedy,5,10,1.5,5,47,0.221667,1.0,0.219467,1.213734,0.865854
E,RILP-Greedy,5,10,1.5,5,48,0.216333,1.0,0.2277,1.368945,0.850317
E,RILP-Greedy,5,10,1.5,5,49,0.252433,1.0,0.173533,1.00975,0.848748
E,RILP-Greedy,5,10,1.5,5,50,0.214867,1.0,0.2312,1.329873,0.845908
E,RILP-Greedy,5,10,1.5,5,51,0.2549,1.0,0.170867,1.19886,0.861544
E,RILP,5,10,2.0,5,42,0.2194,1.0,0.220933,1.07001,0.82332
E,RILP,5,10,2.0,5,43,0.244033,1.0,0.18,1.12359,0.847388
E,RILP,5,10,2.0,5,44,0.209567,1.0,0.2385,1.224568,0.847792
E,RILP,5,10,2.0,5,45,0.256967,1.0,0.164933,1.211529,0.857793
E,RILP,5,10,2.0,5,46,0.202733,1.0,0.2565,1.493539,0.843338
E,RILP,5,10,2.0,5,47,0.221667,1.0,0.219467,1.213734,0.865854
E,RILP,5,10,2.0,5,48,0.216333,1.0,0.2277,1.368945,0.850317
E,RILP,5,10,2.0,5,49,0.252433,1.0,0.173533,1.00975,0.848748
E,RILP,5,10,2.0,5,50,0.214867,1.0,0.2312,1.329873,0.845908
E,RILP,5,10,2.0,5,51,0.2549,1.0,0.170867,1.19886,0.861544
E,RILP-Greedy,5,10,2.0,5,42,0.2194,1.0,0.220933,1.07001,0.82332
E,RILP-Greedy,5,10,2.0,5,43,0.244033,1.0,0.18,1.12359,0.847388
E,RILP-Greedy,5,10,2.0,5,44,0.209567,1.0,0.2385,1.224568,0.847792
E,RILP-Greedy,5,10,2.0,5,45,0.256967,1.0,0.164933,1.211529,0.857793
E,RILP-Greedy,5,10,2.0,5,46,0.202733,1.0,0.2565,1.493539,0.843338
E,RILP-Greedy,5,10,2.0,5,47,0.221667,1.0,0.219467,1.213734,0.865854
E,RILP-Greedy,5,10,2.0,5,48,0.216333,1.0,0.2277,1.368945,0.850317
E,RILP-Greedy,5,10,2.0,5,49,0.252433,1.0,0.173533,1.00975,0.848748
E,RILP-Greedy,5,10,2.0,5,50,0.214867,1.0,0.2312,1.329873,0.845908
E,RILP-Greedy,5,10,2.0,5,51,0.2549,1.0,0.170867,1.19886,0.861544
E,RILP,5,10,2.5,5,42,0.2194,1.0,0.220933,1.07001,0.82332
E,RILP,5,10,2.5,5,43,0.244033,1.0,0.18,1.12359,0.847388
E,RILP,5,10,2.5,5,44,0.209567,1.0,0.2385,1.224568,0.847792
E,RILP,5,10,2.5,5,45,0.256967,1.0,0.164933,1.211529,0.857793
E,RILP,5,10,2.5,5,46,0.202733,1.0,0.2565,1.493539,0.843338
E,RILP,5,10,2.5,5,47,0.221667,1.0,0.219467,1.213734,0.865854
E,RILP,5,10,2.5,5,48,0.216333,1.0,0.2277,1.368945,0.850317
E,RILP,5,10,2.5,5,49,0.252433,1.0,0.173533,1.00975,0.848748
E,RILP,5,10,2.5,5,50,0.214867,1.0,0.2312,1.329873,0.845908
E,RILP,5,10,2.5,5,51,0.2549,1.0,0.170867,1.19886,0.861544
E,RILP-Greedy,5,10,2.5,5,42,0.2194,1.0,0.220933,1.07001,0.82332
E,RILP-Greedy,5,10,2.5,5,43,0.244033,1.0,0.18,1.12359,0.847388
E,RILP-Greedy,5,10,2.5,5,44,0.209567,1.0,0.2385,1.224568,0.847792
E,RILP-Greedy,5,10,2.5,5,45,0.256967,1.0,0.164933,1.211529,0.857793
E,RILP-Greedy,5,10,2.5,5,46,0.202733,1.0,0.2565,1.493539,0.843338
E,RILP-Greedy,5,10,2.5,5,47,0.221667,1.0,0.219467,1.213734,0.865854
E,RILP-Greedy,5,10,2.5,5,48,0.216333,1.0,0.2277,1.368945,0.850317
E,RILP-Greedy,5,10,2.5,5,49,0.252433,1.0,0.173533,1.00975,0.848748
E,RILP-Greedy,5,10,2.5,5,50,0.214867,1.0,0.2312,1.329873,0.845908
E,RILP-Greedy,5,10,2.5,5,51,0.2549,1.0,0.170867,1.19886,0.861544
E,RILP,5,10,3.0,5,42,0.2194,1.0,0.220933,1.07001,0.82332
E,RILP,5,10,3.0,5,43,0.244033,1.0,0.18,1.12359,0.847388
E,RILP,5,10,3.0,5,44,0.209567,1.0,0.2385,1.224568,0.847792
E,RILP,5,10,3.0,5,45,0.256967,1.0,0.164933,1.211529,0.857793
E,RILP,5,10,3.0,5,46,0.202733,1.0,0.2565,1.493539,0.843338
E,RILP,5,10,3.0,5,47,0.221667,1.0,0.219467,1.213734,0.865854
E,RILP,5,10,3.0,5,48,0.216333,1.0,0.2277,1.368945,0.850317
E,RILP,5,10,3.0,5,49,0.252433,1.0,0.173533,1.00975,0.848748
E,RILP,5,10,3.0,5,50,0.214867,1.0,0.2312,1.329873,0.845908
E,RILP,5,10,3.0,5,51,0.2549,1.0,0.170867,1.19886,0.861544
E,RILP-Greedy,5,10,3.0,5,42,0.2194,1.0,0.220933,1.07001,0.82332
E,RILP-Greedy,5,10,3.0,5,43,0.244033,1.0,0.18,1.12359,0.847388
E,RILP-Greedy,5,10,3.0,5,44,0.209567,1.0,0.2385,1.224568,0.847792
E,RILP-Greedy,5,10,3.0,5,45,0.256967,1.0,0.164933,1.211529,0.857793
E,RILP-Greedy,5,10,3.0,5,46,0.202733,1.0,0.2565,1.493539,0.843338
E,RILP-Greedy,5,10,3.0,5,47,0.221667,1.0,0.219467,1.213734,0.865854
E,RILP-Greedy,5,10,3.0,5,48,0.216333,1.0,0.2277,1.368945,0.850317
E,RILP-Greedy,5,10,3.0,5,49,0.252433,1.0,0.173533,1.00975,0.848748
E,RILP-Greedy,5,10,3.0,5,50,0.214867,1.0,0.2312,1.329873,0.845908
E,RILP-Greedy,5,10,3.0,5,51,0.2549,1.0,0.170867,1.19886,0.861544
E,RILP,5,10,3.5,5,42,0.2194,1.0,0.220933,1.07001,0.82332
E,RILP,5,10,3.5,5,43,0.244033,1.0,0.18,1.12359,0.847388
E,RILP,5,10,3.5,5,44,0.209567,1.0,0.2385,1.224568,0.847792
E,RILP,5,10,3.5,5,45,0.256967,1.0,0.164933,1.211529,0.857793
E,RILP,5,10,3.5,5,46,0.202733,1.0,0.2565,1.493539,0.843338
E,RILP,5,10,3.5,5,47,0.221667,1.0,0.219467,1.213734,0.865854
E,RILP,5,10,3.5,5,48,0.216333,1.0,0.2277,1.368945,0.850317
E,RILP,5,10,3.5,5,49,0.252433,1.0,0.173533,1.00975,0.848748
E,RILP,5,10,3.5,5,50,0.214867,1.0,0.2312,1.329873,0.845908
E,RILP,5,10,3.5,5,51,0.2549,1.0,0.170867,1.19886,0.861544
E,RILP-Greedy,5,10,3.5,5,42,0.2194,1.0,0.220933,1.07001,0.82332
E,RILP-Greedy,5,10,3.5,5,43,0.244033,1.0,0.18,1.12359,0.847388
E,RILP-Greedy,5,10,3.5,5,44,0.209567,1.0,0.2385,1.224568,0.847792
E,RILP-Greedy,5,10,3.5,5,45,0.256967,1.0,0.164933,1.211529,0.857793
E,RILP-Greedy,5,10,3.5,5,46,0.202733,1.0,0.2565,1.493539,0.843338
E,RILP-Greedy,5,10,3.5,5,47,0.221667,1.0,0.219467,1.213734,0.865854
E,RILP-Greedy,5,10,3.5,5,48,0.216333,1.0,0.2277,1.368945,0.850317
E,RILP-Greedy,5,10,3.5,5,49,0.252433,1.0,0.173533,1.00975,0.848748
E,RILP-Greedy,5,10,3.5,5,50,0.214867,1.0,0.2312,1.329873,0.845908
E,RILP-Greedy,5,10,3.5,5,51,0.2549,1.0,0.170867,1.19886,0.861544
E,RILP,5,10,4.0,5,42,0.2194,1.0,0.220933,1.07001,0.82332
E,RILP,5,10,4.0,5,43,0.244033,1.0,0.18,1.12359,0.847388
E,RILP,5,10,4.0,5,44,0.209567,1.0,0.2385,1.224568,0.847792
E,RILP,5,10,4.0,5,45,0.256967,1.0,0.164933,1.211529,0.857793
E,RILP,5,10,4.0,5,46,0.202733,1.0,0.2565,1.493539,0.843338
E,RILP,5,10,4.0,5,47,0.221667,1.0,0.219467,1.213734,0.865854
E,RILP,5,10,4.0,5,48,0.2164,1.0,0.2277,1.368929,0.850827
E,RILP,5,10,4.0,5,49,0.252433,1.0,0.173533,1.00975,0.848748
E,RILP,5,10,4.0,5,50,0.214867,1.0,0.2312,1.329873,0.845908
E,RILP,5,10,4.0,5,51,0.2549,1.0,0.170867,1.19886,0.861544
E,RILP-Greedy,5,10,4.0,5,42,0.2194,1.0,0.220933,1.07001,0.82332
E,RILP-Greedy,5,10,4.0,5,43,0.244033,1.0,0.18,1.12359,0.847388
E,RILP-Greedy,5,10,4.0,5,44,0.209567,1.0,0.2385,1.224568,0.847792
E,RILP-Greedy,5,10,4.0,5,45,0.256967,1.0,0.164933,1.211529,0.857793
E,RILP-Greedy,5,10,4.0,5,46,0.202733,1.0,0.2565,1.493539,0.843338
E,RILP-Greedy,5,10,4.0,5,47,0.221667,1.0,0.219467,1.213734,0.865854
E,RILP-Greedy,5,10,4.0,5,48,0.2164,1.0,0.2277,1.368929,0.850827
E,RILP-Greedy,5,10,4.0,5,49,0.252433,1.0,0.173533,1.00975,0.848748
E,RILP-Greedy,5,10,4.0,5,50,0.214867,1.0,0.2312,1.329873,0.845908
E,RILP-Greedy,5,10,4.0,5,51,0.2549,1.0,0.170867,1.19886,0.861544
E,RILP,5,10,4.5,5,42,0.2194,1.0,0.220933,1.07001,0.82332
E,RILP,5,10,4.5,5,43,0.244033,1.0,0.18,1.123576,0.847381
E,RILP,5,10,4.5,5,44,0.209567,1.0,0.2385,1.224568,0.847792
E,RILP,5,10,4.5,5,45,0.256967,1.0,0.164933,1.211529,0.857793
E,RILP,5,10,4.5,5,46,0.2028,1.0,0.256133,1.493509,0.843275
E,RILP,5,10,4.5,5,47,0.221667,1.0,0.219467,1.213734,0.865854
E,RILP,5,10,4.5,5,48,0.2164,1.0,0.2277,1.368929,0.850827
E,RILP,5,10,4.5,5,49,0.252433,1.0,0.173533,1.009752,0.848748
E,RILP,5,10,4.5,5,50,0.214867,1.0,0.2312,1.329873,0.845908
E,RILP,5,10,4.5,5,51,0.254933,1.0,0.170867,1.198854,0.861252
E,RILP-Greedy,5,10,4.5,5,42,0.2194,1.0,0.220933,1.07001,0.82332
E,RILP-Greedy,5,10,4.5,5,43,0.244033,1.0,0.18,1.123576,0.847381
E,RILP-Greedy,5,10,4.5,5,44,0.209567,1.0,0.2385,1.224568,0.847792
E,RILP-Greedy,5,10,4.5,5,45,0.256967,1.0,0.164933,1.211529,0.857793
E,RILP-Greedy,5,10,4.5,5,46,0.2028,1.0,0.256133,1.493509,0.843275
E,RILP-Greedy,5,10,4.5,5,47,0.221667,1.0,0.219467,1.213734,0.865854
E,RILP-Greedy,5,10,4.5,5,48,0.2164,1.0,0.2277,1.368929,0.850827
E,RILP-Greedy,5,10,4.5,5,49,0.252433,1.0,0.173533,1.009752,0.848748
E,RILP-Greedy,5,10,4.5,5,50,0.214867,1.0,0.2312,1.329873,0.845908
E,RILP-Greedy,5,10,4.5,5,51,0.254933,1.0,0.170867,1.198854,0.861252
E,RILP,5,10,5.0,5,42,0.2194,1.0,0.220933,1.07001,0.82332
E,RILP,5,10,5.0,5,43,0.244033,1.0,0.18,1.123576,0.847381
E,RILP,5,10,5.0,5,44,0.209567,1.0,0.2385,1.224568,0.847792
E,RILP,5,10,5.0,5,45,0.256967,1.0,0.164933,1.211529,0.857793
E,RILP,5,10,5.0,5,46,0.2028,1.0,0.256133,1.493509,0.843275
E,RILP,5,10,5.0,5,47,0.2217,1.0,0.219333,1.213724,0.86622
E,RILP,5,10,5.0,5,48,0.2164,1.0,0.2277,1.368929,0.850827
E,RILP,5,10,5.0,5,49,0.252433,1.0,0.173533,1.009752,0.848748
E,RILP,5,10,5.0,5,50,0.214867,1.0,0.2312,1.329862,0.846097
E,RILP,5,10,5.0,5,51,0.254933,1.0,0.170867,1.198854,0.861252
E,RILP-Greedy,5,10,5.0,5,42,0.2194,1.0,0.220933,1.07001,0.82332
E,RILP-Greedy,5,10,5.0,5,43,0.244033,1.0,0.18,1.123576,0.847381
E,RILP-Greedy,5,10,5.0,5,44,0.209567,1.0,0.2385,1.224568,0.847792
E,RILP-Greedy,5,10,5.0,5,45,0.256967,1.0,0.164933,1.211529,0.857793
E,RILP-Greedy,5,10,5.0,5,46,0.2028,1.0,0.256133,1.493509,0.843275
E,RILP-Greedy,5,10,5.0,5,47,0.2217,1.0,0.219333,1.213724,0.86622
E,RILP-Greedy,5,10,5.0,5,48,0.2164,1.0,0.2277,1.368929,0.850827
E,RILP-Greedy,5,10,5.0,5,49,0.252433,1.0,0.173533,1.009752,0.848748
E,RILP-Greedy,5,10,5.0,5,50,0.214867,1.0,0.2312,1.329862,0.846097
E,RILP-Greedy,5,10,5.0,5,51,0.254933,1.0,0.170867,1.198854,0.861252
E,RILP,5,20,0.0,5,42,0.2194,1.0,0.220933,1.07001,0.82332
E,RILP,5,20,0.0,5,43,0.244033,1.0,0.18,1.12359,0.847388
E,RILP,5,20,0.0,5,44,0.209567,1.0,0.2385,1.224568,0.847792
E,RILP,5,20,0.0,5,45,0.256967,1.0,0.164933,1.211529,0.857793
E,RILP,5,20,0.0,5,46,0.202733,1.0,0.2565,1.493539,0.843338
E,RILP,5,20,0.0,5,47,0.221667,1.0,0.219467,1.213734,0.865854
E,RILP,5,20,0.0,5,48,0.216333,1.0,0.2277,1.368945,0.850317
E,RILP,5,20,0.0,5,49,0.252433,1.0,0.173533,1.00975,0.848748
E,RILP,5,20,0.0,5,50,0.214867,1.0,0.2312,1.329873,0.845908
E,RILP,5,20,0.0,5,51,0.2549,1.0,0.170867,1.19886,0.861544
E,RILP-Greedy,5,20,0.0,5,42,0.2194,1.0,0.220933,1.07001,0.82332
E,RILP-Greedy,5,20,0.0,5,43,0.244033,1.0,0.18,1.12359,0.847388
E,RILP-Greedy,5,20,0.0,5,44,0.209567,1.0,0.2385,1.224568,0.847792
E,RILP-Greedy,5,20,0.0,5,45,0.256967,1.0,0.164933,1.211529,0.857793
E,RILP-Greedy,5,20,0.0,5,46,0.202733,1.0,0.2565,1.493539,0.843338
E,RILP-Greedy,5,20,0.0,5,47,0.221667,1.0,0.219467,1.213734,0.865854
E,RILP-Greedy,5,20,0.0,5,48,0.216333,1.0,0.2277,1.368945,0.850317
E,RILP-Greedy,5,20,0.0,5,49,0.252433,1.0,0.173533,1.00975,0.848748
E,RILP-Greedy,5,20,0.0,5,50,0.214867,1.0,0.2312,1.329873,0.845908
E,RILP-Greedy,5,20,0.0,5,51,0.2549,1.0,0.170867,1.19886,0.861544
E,RILP,5,20,0.5,5,42,0.2194,1.0,0.220933,1.07001,0.82332
E,RILP,5,20,0.5,5,43,0.244033,1.0,0.18,1.12359,0.847388
E,RILP,5,20,0.5,5,44,0.209567,1.0,0.2385,1.224568,0.847792
E,RILP,5,20,0.5,5,45,0.256967,1.0,0.164933,1.211529,0.857793
E,RILP,5,20,0.5,5,46,0.202733,1.0,0.2565,1.493539,0.843338
E,RILP,5,20,0.5,5,47,0.221667,1.0,0.219467,1.213734,0.865854
E,RILP,5,20,0.5,5,48,0.216333,1.0,0.2277,1.368945,0.850317
E,RILP,5,20,0.5,5,49,0.252433,1.0,0.173533,1.00975,0.848748
E,RILP,5,20,0.5,5,50,0.214867,1.0,0.2312,1.329873,0.845908
E,RILP,5,20,0.5,5,51,0.2549,1.0,0.170867,1.19886,0.861544
E,RILP-Greedy,5,20,0.5,5,42,0.2194,1.0,0.220933,1.07001,0.82332
E,RILP-Greedy,5,20,0.5,5,43,0.244033,1.0,0.18,1.12359,0.847388
E,RILP-Greedy,5,20,0.5,5,44,0.209567,1.0,0.2385,1.224568,0.847792
E,RILP-Greedy,5,20,0.5,5,45,0.256967,1.0,0.164933,1.211529,0.857793
E,RILP-Greedy,5,20,0.5,5,46,0.202733,1.0,0.2565,1.493539,0.843338
E,RILP-Greedy,5,20,0.5,5,47,0.221667,1.0,0.219467,1.213734,0.865854
E,RILP-Greedy,5,20,0.5,5,48,0.216333,1.0,0.2277,1.368945,0.850317
E,RILP-Greedy,5,20,0.5,5,49,0.252433,1.0,0.173533,1.00975,0.848748
E,RILP-Greedy,5,20,0.5,5,50,0.214867,1.0,0.2312,1.329873,0.845908
E,RILP-Greedy,5,20,0.5,5,51,0.2549,1.0,0.170867,1.19886,0.861544
E,RILP,5,20,1.0,5,42,0.2194,1.0,0.220933,1.07001,0.82332
E,RILP,5,20,1.0,5,43,0.244033,1.0,0.18,1.12359,0.847388
E,RILP,5,20,1.0,5,44,0.209567,1.0,0.2385,1.224568,0.847792
E,RILP,5,20,1.0,5,45,0.256967,1.0,0.164933,1.211529,0.857793
E,RILP,5,20,1.0,5,46,0.202733,1.0,0.2565,1.493539,0.843338
E,RILP,5,20,1.0,5,47,0.221667,1.0,0.219467,1.213734,0.865854
E,RILP,5,20,1.0,5,48,0.216333,1.0,0.2277,1.368945,0.850317
E,RILP,5,20,1.0,5,49,0.252433,1.0,0.173533,1.00975,0.848748
E,RILP,5,20,1.0,5,50,0.214867,1.0,0.2312,1.329873,0.845908
E,RILP,5,20,1.0,5,51,0.2549,1.0,0.170867,1.19886,0.861544
E,RILP-Greedy,5,20,1.0,5,42,0.2194,1.0,0.220933,1.07001,0.82332
E,RILP-Greedy,5,20,1.0,5,43,0.244033,1.0,0.18,1.12359,0.847388
E,RILP-Greedy,5,20,1.0,5,44,0.209567,1.0,0.2385,1.224568,0.847792
E,RILP-Greedy,5,20,1.0,5,45,0.256967,1.0,0.164933,1.211529,0.857793
E,RILP-Greedy,5,20,1.0,5,46,0.202733,1.0,0.2565,1.493539,0.843338
E,RILP-Greedy,5,20,1.0,5,47,0.221667,1.0,0.219467,1.213734,0.865854
E,RILP-Greedy,5,20,1.0,5,48,0.216333,1.0,0.2277,1.368945,0.850317
E,RILP-Greedy,5,20,1.0,5,49,0.252433,1.0,0.173533,1.00975,0.848748
E,RILP-Greedy,5,20,1.0,5,50,0.214867,1.0,0.2312,1.329873,0.845908
E,RILP-Greedy,5,20,1.0,5,51,0.2549,1.0,0.170867,1.19886,0.861544
E,RILP,5,20,1.5,5,42,0.2194,1.0,0.220933,1.07001,0.82332
E,RILP,5,20,1.5,5,43,0.244033,1.0,0.18,1.12359,0.847388
E,RILP,5,20,1.5,5,44,0.209567,1.0,0.2385,1.224568,0.847792
E,RILP,5,20,1.5,5,45,0.256967,1.0,0.164933,1.211529,0.857793
E,RILP,5,20,1.5,5,46,0.202733,1.0,0.2565,1.493539,0.843338
E,RILP,5,20,1.5,5,47,0.221667,1.0,0.219467,1.213734,0.865854
E,RILP,5,20,1.5,5,48,0.216333,1.0,0.2277,1.368945,0.850317
E,RILP,5,20,1.5,5,49,0.252433,1.0,0.173533,1.00975,0.848748
E,RILP,5,20,1.5,5,50,0.214867,1.0,0.2312,1.329873,0.845908
E,RILP,5,20,1.5,5,51,0.2549,1.0,0.170867,1.19886,0.861544
E,RILP-Greedy,5,20,1.5,5,42,0.2194,1.0,0.220933,1.07001,0.82332
E,RILP-Greedy,5,20,1.5,5,43,0.244033,1.0,0.18,1.12359,0.847388
E,RILP-Greedy,5,20,1.5,5,44,0.209567,1.0,0.2385,1.224568,0.847792
E,RILP-Greedy,5,20,1.5,5,45,0.256967,1.0,0.164933,1.211529,0.857793
E,RILP-Greedy,5,20,1.5,5,46,0.202733,1.0,0.2565,1.493539,0.843338
E,RILP-Greedy,5,20,1.5,5,47,0.221667,1.0,0.219467,1.213734,0.865854
E,RILP-Greedy,5,20,1.5,5,48,0.216333,1.0,0.2277,1.368945,0.850317
E,RILP-Greedy,5,20,1.5,5,49,0.252433,1.0,0.173533,1.00975,0.848748
E,RILP-Greedy,5,20,1.5,5,50,0.214867,1.0,0.2312,1.329873,0.845908
E,RILP-Greedy,5,20,1.5,5,51,0.2549,1.0,0.170867,1.19886,0.861544
E,RILP,5,20,2.0,5,42,0.2194,1.0,0.220933,1.07001,0.82332
E,RILP,5,20,2.0,5,43,0.244033,1.0,0.18,1.12359,0.847388
E,RILP,5,20,2.0,5,44,0.209567,1.0,0.2385,1.224568,0.847792
E,RILP,5,20,2.0,5,45,0.256967,1.0,0.164933,1.211529,0.857793
E,RILP,5,20,2.0,5,46,0.202733,1.0,0.2565,1.493539,0.843338
E,RILP,5,20,2.0,5,47,0.221667,1.0,0.219467,1.213734,0.865854
E,RILP,5,20,2.0,5,48,0.2164,1.0,0.2277,1.368929,0.850827
E,RILP,5,20,2.0,5,49,0.252433,1.0,0.173533,1.00975,0.848748
E,RILP,5,20,2.0,5,50,0.214867,1.0,0.2312,1.329873,0.845908
E,RILP,5,20,2.0,5,51,0.2549,1.0,0.170867,1.19886,0.861544
E,RILP-Greedy,5,20,2.0,5,42,0.2194,1.0,0.220933,1.07001,0.82332
E,RILP-Greedy,5,20,2.0,5,43,0.244033,1.0,0.18,1.12359,0.847388
E,RILP-Greedy,5,20,2.0,5,44,0.209567,1.0,0.2385,1.224568,0.847792
E,RILP-Greedy,5,20,2.0,5,45,0.256967,1.0,0.164933,1.211529,0.857793
E,RILP-Greedy,5,20,2.0,5,46,0.202733,1.0,0.2565,1.493539,0.843338
E,RILP-Greedy,5,20,2.0,5,47,0.221667,1.0,0.219467,1.213734,0.865854
E,RILP-Greedy,5,20,2.0,5,48,0.2164,1.0,0.2277,1.368929,0.850827
E,RILP-Greedy,5,20,2.0,5,49,0.252433,1.0,0.173533,1.00975,0.848748
E,RILP-Greedy,5,20,2.0,5,50,0.214867,1.0,0.2312,1.329873,0.845908
E,RILP-Greedy,5,20,2.0,5,51,0.2549,1.0,0.170867,1.19886,0.861544
E,RILP,5,20,2.5,5,42,0.2194,1.0,0.220933,1.07001,0.82332
E,RILP,5,20,2.5,5,43,0.244033,1.0,0.18,1.123576,0.847381
E,RILP,5,20,2.5,5,44,0.209567,1.0,0.2385,1.224568,0.847792
E,RILP,5,20,2.5,5,45,0.256967,1.0,0.164933,1.211529,0.857793
E,RILP,5,20,2.5,5,46,0.2028,1.0,0.256133,1.493509,0.843275
E,RILP,5,20,2.5,5,47,0.2217,1.0,0.219333,1.213724,0.86622
E,RILP,5,20,2.5,5,48,0.2164,1.0,0.2277,1.368929,0.850827
E,RILP,5,20,2.5,5,49,0.252433,1.0,0.173533,1.009752,0.848748
E,RILP,5,20,2.5,5,50,0.214867,1.0,0.2312,1.329862,0.846097
E,RILP,5,20,2.5,5,51,0.254933,1.0,0.170867,1.198854,0.861252
E,RILP-Greedy,5,20,2.5,5,42,0.2194,1.0,0.220933,1.07001,0.82332
E,RILP-Greedy,5,20,2.5,5,43,0.244033,1.0,0.18,1.123576,0.847381
E,RILP-Greedy,5,20,2.5,5,44,0.209567,1.0,0.2385,1.224568,0.847792
E,RILP-Greedy,5,20,2.5,5,45,0.256967,1.0,0.164933,1.211529,0.857793
E,RILP-Greedy,5,20,2.5,5,46,0.2028,1.0,0.256133,1.493509,0.843275
E,RILP-Greedy,5,20,2.5,5,47,0.2217,1.0,0.219333,1.213724,0.86622
E,RILP-Greedy,5,20,2.5,5,48,0.2164,1.0,0.2277,1.368929,0.850827
E,RILP-Greedy,5,20,2.5,5,49,0.252433,1.0,0.173533,1.009752,0.848748
E,RILP-Greedy,5,20,2.5,5,50,0.214867,1.0,0.2312,1.329862,0.846097
E,RILP-Greedy,5,20,2.5,5,51,0.254933,1.0,0.170867,1.198854,0.861252
E,RILP,5,20,3.0,5,42,0.2193,1.0,0.221233,1.070006,0.820623
E,RILP,5,20,3.0,5,43,0.244033,1.0,0.18,1.123576,0.847381
E,RILP,5,20,3.0,5,44,0.2096,1.0,0.239433,1.224561,0.84673
E,RILP,5,20,3.0,5,45,0.256967,1.0,0.164933,1.211529,0.857793
E,RILP,5,20,3.0,5,46,0.2028,1.0,0.256133,1.49348,0.843275
E,RILP,5,20,3.0,5,47,0.221967,1.0,0.2188,1.213714,0.864479
E,RILP,5,20,3.0,5,48,0.2167,1.0,0.2272,1.368897,0.849265
E,RILP,5,20,3.0,5,49,0.252467,1.0,0.173533,1.009753,0.848706
E,RILP,5,20,3.0,5,50,0.214867,1.0,0.231267,1.329852,0.847079
E,RILP,5,20,3.0,5,51,0.254933,1.0,0.170867,1.198843,0.861252
E,RILP-Greedy,5,20,3.0,5,42,0.2193,1.0,0.221233,1.070006,0.820623
E,RILP-Greedy,5,20,3.0,5,43,0.244033,1.0,0.18,1.123576,0.847381
E,RILP-Greedy,5,20,3.0,5,44,0.2096,1.0,0.239433,1.224561,0.84673
E,RILP-Greedy,5,20,3.0,5,45,0.256967,1.0,0.164933,1.211529,0.857793
E,RILP-Greedy,5,20,3.0,5,46,0.2028,1.0,0.256133,1.49348,0.843275
E,RILP-Greedy,5,20,3.0,5,47,0.221967,1.0,0.2188,1.213714,0.864479
E,RILP-Greedy,5,20,3.0,5,48,0.2167,1.0,0.2272,1.368897,0.849265
E,RILP-Greedy,5,20,3.0,5,49,0.252467,1.0,0.173533,1.009753,0.848706
E,RILP-Greedy,5,20,3.0,5,50,0.214867,1.0,0.231267,1.329852,0.847079
E,RILP-Greedy,5,20,3.0,5,51,0.254933,1.0,0.170867,1.198843,0.861252
E,RILP,5,20,3.5,5,42,0.219833,1.0,0.2201,1.069999,0.821926
E,RILP,5,20,3.5,5,43,0.244033,1.0,0.18,1.123548,0.847381
E,RILP,5,20,3.5,5,44,0.209833,1.0,0.239033,1.224558,0.846965
E,RILP,5,20,3.5,5,45,0.256967,1.0,0.164933,1.211529,0.857793
E,RILP,5,20,3.5,5,46,0.202767,1.0,0.256233,1.493451,0.8441
E,RILP,5,20,3.5,5,47,0.222667,1.0,0.217633,1.213674,0.863431
E,RILP,5,20,3.5,5,48,0.2167,1.0,0.2272,1.36888,0.849265
E,RILP,5,20,3.5,5,49,0.252533,1.0,0.173033,1.009756,0.84972
E,RILP,5,20,3.5,5,50,0.214967,1.0,0.230967,1.32983,0.847252
E,RILP,5,20,3.5,5,51,0.254933,1.0,0.170867,1.198843,0.861252
E,RILP-Greedy,5,20,3.5,5,42,0.219833,1.0,0.2201,1.069999,0.821926
E,RILP-Greedy,5,20,3.5,5,43,0.244033,1.0,0.18,1.123548,0.847381
E,RILP-Greedy,5,20,3.5,5,44,0.209833,1.0,0.239033,1.224558,0.846965
E,RILP-Greedy,5,20,3.5,5,45,0.256967,1.0,0.164933,1.211529,0.857793
E,RILP-Greedy,5,20,3.5,5,46,0.202767,1.0,0.256233,1.493451,0.8441
E,RILP-Greedy,5,20,3.5,5,47,0.222667,1.0,0.217633,1.213674,0.863431
E,RILP-Greedy,5,20,3.5,5,48,0.2167,1.0,0.2272,1.36888,0.849265
E,RILP-Greedy,5,20,3.5,5,49,0.252533,1.0,0.173033,1.009756,0.84972
E,RILP-Greedy,5,20,3.5,5,50,0.214967,1.0,0.230967,1.32983,0.847252
E,RILP-Greedy,5,20,3.5,5,51,0.254933,1.0,0.170867,1.198843,0.861252
E,RILP,5,20,4.0,5,42,0.2196,1.0,0.220133,1.069988,0.822131
E,RILP,5,20,4.0,5,43,0.244033,1.0,0.18,1.123507,0.846594
E,RILP,5,20,4.0,5,44,0.209933,1.0,0.237933,1.224541,0.841616
E,RILP,5,20,4.0,5,45,0.2571,1.0,0.164867,1.211494,0.858152
E,RILP,5,20,4.0,5,46,0.202867,1.0,0.255867,1.493392,0.842219
E,RILP,5,20,4.0,5,47,0.222767,1.0,0.217633,1.213654,0.863747
E,RILP,5,20,4.0,5,48,0.216667,1.0,0.228667,1.368651,0.851381
E,RILP,5,20,4.0,5,49,0.252167,1.0,0.173233,1.0097,0.851065
E,RILP,5,20,4.0,5,50,0.2147,1.0,0.231533,1.329787,0.850716
E,RILP,5,20,4.0,5,51,0.254967,1.0,0.170867,1.198826,0.861534
E,RILP-Greedy,5,20,4.0,5,42,0.2196,1.0,0.220133,1.069988,0.822131
E,RILP-Greedy,5,20,4.0,5,43,0.244033,1.0,0.18,1.123507,0.846594
E,RILP-Greedy,5,20,4.0,5,44,0.209933,1.0,0.237933,1.224541,0.841616
E,RILP-Greedy,5,20,4.0,5,45,0.2571,1.0,0.164867,1.211494,0.858152
E,RILP-Greedy,5,20,4.0,5,46,0.202867,1.0,0.255867,1.493392,0.842219
E,RILP-Greedy,5,20,4.0,5,47,0.222767,1.0,0.217633,1.213654,0.863747
E,RILP-Greedy,5,20,4.0,5,48,0.216667,1.0,0.228667,1.368651,0.851381
E,RILP-Greedy,5,20,4.0,5,49,0.252167,1.0,0.173233,1.0097,0.851065
E,RILP-Greedy,5,20,4.0,5,50,0.2147,1.0,0.231533,1.329787,0.850716
E,RILP-Greedy,5,20,4.0,5,51,0.254967,1.0,0.170867,1.198826,0.861534
E,RILP,5,20,4.5,5,42,0.2193,1.0,0.2215,1.069889,0.81805
E,RILP,5,20,4.5,5,43,0.243533,1.0,0.181233,1.123141,0.846429
E,RILP,5,20,4.5,5,44,0.2092,1.0,0.240267,1.224449,0.837145
E,RILP,5,20,4.5,5,45,0.2574,1.0,0.164533,1.211353,0.859001
E,RILP,5,20,4.5,5,46,0.2023,1.0,0.256633,1.49301,0.838508
E,RILP,5,20,4.5,5,47,0.2231,1.0,0.215733,1.213339,0.862903
E,RILP,5,20,4.5,5,48,0.2167,1.0,0.228,1.368324,0.849382
E,RILP,5,20,4.5,5,49,0.252733,1.0,0.173167,1.00927,0.841818
E,RILP,5,20,4.5,5,50,0.2146,1.0,0.2288,1.329307,0.854504
E,RILP,5,20,4.5,5,51,0.2545,1.0,0.1724,1.198543,0.863028
E,RILP-Greedy,5,20,4.5,5,42,0.2193,1.0,0.2215,1.069889,0.81805
E,RILP-Greedy,5,20,4.5,5,43,0.243533,1.0,0.181233,1.123141,0.846429
E,RILP-Greedy,5,20,4.5,5,44,0.2092,1.0,0.240267,1.224449,0.837145
E,RILP-Greedy,5,20,4.5,5,45,0.2574,1.0,0.164533,1.211353,0.859001
E,RILP-Greedy,5,20,4.5,5,46,0.2023,1.0,0.256633,1.49301,0.838508
E,RILP-Greedy,5,20,4.5,5,47,0.2231,1.0,0.215733,1.213339,0.862903
E,RILP-Greedy,5,20,4.5,5,48,0.2167,1.0,0.228,1.368324,0.849382
E,RILP-Greedy,5,20,4.5,5,49,0.252733,1.0,0.173167,1.00927,0.841818
E,RILP-Greedy,5,20,4.5,5,50,0.2146,1.0,0.2288,1.329307,0.854504
E,RILP-Greedy,5,20,4.5,5,51,0.2545,1.0,0.1724,1.198543,0.863028
E,RILP,5,20,5.0,5,42,0.2528,1.0,0.1755,1.014061,0.915031
E,RILP,5,20,5.0,5,43,0.2452,1.0,0.180333,1.055234,0.885606
E,RILP,5,20,5.0,5,44,0.254333,1.0,0.174333,1.161468,0.916478
E,RILP,5,20,5.0,5,45,0.2727,1.0,0.146367,1.147474,0.919991
E,RILP,5,20,5.0,5,46,0.2242,1.0,0.216767,1.401851,0.913008
E,RILP,5,20,5.0,5,47,0.261933,1.0,0.162067,1.141148,0.90102
E,RILP,5,20,5.0,5,48,0.2539,1.0,0.180533,1.284751,0.920146
E,RILP,5,20,5.0,5,49,0.268867,1.0,0.1528,0.963615,0.895917
E,RILP,5,20,5.0,5,50,0.248767,1.0,0.1836,1.252852,0.925626
E,RILP,5,20,5.0,5,51,0.2639,1.0,0.156667,1.134343,0.92722
E,RILP-Greedy,5,20,5.0,5,42,0.2528,1.0,0.1755,1.014061,0.915031
E,RILP-Greedy,5,20,5.0,5,43,0.2452,1.0,0.180333,1.055234,0.885606
E,RILP-Greedy,5,20,5.0,5,44,0.254333,1.0,0.174333,1.161468,0.916478
E,RILP-Greedy,5,20,5.0,5,45,0.2727,1.0,0.146367,1.147474,0.919991
E,RILP-Greedy,5,20,5.0,5,46,0.2242,1.0,0.216767,1.401851,0.913008
E,RILP-Greedy,5,20,5.0,5,47,0.261933,1.0,0.162067,1.141148,0.90102
E,RILP-Greedy,5,20,5.0,5,48,0.2539,1.0,0.180533,1.284751,0.920146
E,RILP-Greedy,5,20,5.0,5,49,0.268867,1.0,0.1528,0.963615,0.895917
E,RILP-Greedy,5,20,5.0,5,50,0.248767,1.0,0.1836,1.252852,0.925626
E,RILP-Greedy,5,20,5.0,5,51,0.2639,1.0,0.156667,1.134343,0.92722
E,RILP,5,30,0.0,5,42,0.2194,1.0,0.220933,1.07001,0.82332
E,RILP,5,30,0.0,5,43,0.244033,1.0,0.18,1.12359,0.847388
E,RILP,5,30,0.0,5,44,0.209567,1.0,0.2385,1.224568,0.847792
E,RILP,5,30,0.0,5,45,0.256967,1.0,0.164933,1.211529,0.857793
E,RILP,5,30,0.0,5,46,0.202733,1.0,0.2565,1.493539,0.843338
E,RILP,5,30,0.0,5,47,0.221667,1.0,0.219467,1.213734,0.865854
E,RILP,5,30,0.0,5,48,0.216333,1.0,0.2277,1.368945,0.850317
E,RILP,5,30,0.0,5,49,0.252433,1.0,0.173533,1.00975,0.848748
E,RILP,5,30,0.0,5,50,0.214867,1.0,0.2312,1.329873,0.845908
E,RILP,5,30,0.0,5,51,0.2549,1.0,0.170867,1.19886,0.861544
E,RILP-Greedy,5,30,0.0,5,42,0.2194,1.0,0.220933,1.07001,0.82332
E,RILP-Greedy,5,30,0.0,5,43,0.244033,1.0,0.18,1.12359,0.847388
E,RILP-Greedy,5,30,0.0,5,44,0.209567,1.0,0.2385,1.224568,0.847792
E,RILP-Greedy,5,30,0.0,5,45,0.256967,1.0,0.164933,1.211529,0.857793
E,RILP-Greedy,5,30,0.0,5,46,0.202733,1.0,0.2565,1.493539,0.843338
E,RILP-Greedy,5,30,0.0,5,47,0.221667,1.0,0.219467,1.213734,0.865854
E,RILP-Greedy,5,30,0.0,5,48,0.216333,1.0,0.2277,1.368945,0.850317
E,RILP-Greedy,5,30,0.0,5,49,0.252433,1.0,0.173533,1.00975,0.848748
E,RILP-Greedy,5,30,0.0,5,50,0.214867,1.0,0.2312,1.329873,0.845908
E,RILP-Greedy,5,30,0.0,5,51,0.2549,1.0,0.170867,1.19886,0.861544
E,RILP,5,30,0.5,5,42,0.2194,1.0,0.220933,1.07001,0.82332
E,RILP,5,30,0.5,5,43,0.244033,1.0,0.18,1.12359,0.847388
E,RILP,5,30,0.5,5,44,0.209567,1.0,0.2385,1.224568,0.847792
E,RILP,5,30,0.5,5,45,0.256967,1.0,0.164933,1.211529,0.857793
E,RILP,5,30,0.5,5,46,0.202733,1.0,0.2565,1.493539,0.843338
E,RILP,5,30,0.5,5,47,0.221667,1.0,0.219467,1.213734,0.865854
E,RILP,5,30,0.5,5,48,0.216333,1.0,0.2277,1.368945,0.850317
E,RILP,5,30,0.5,5,49,0.252433,1.0,0.173533,1.00975,0.848748
E,RILP,5,30,0.5,5,50,0.214867,1.0,0.2312,1.329873,0.845908
E,RILP,5,30,0.5,5,51,0.2549,1.0,0.170867,1.19886,0.861544
E,RILP-Greedy,5,30,0.5,5,42,0.2194,1.0,0.220933,1.07001,0.82332
E,RILP-Greedy,5,30,0.5,5,43,0.244033,1.0,0.18,1.12359,0.847388
E,RILP-Greedy,5,30,0.5,5,44,0.209567,1.0,0.2385,1.224568,0.847792
E,RILP-Greedy,5,30,0.5,5,45,0.256967,1.0,0.164933,1.211529,0.857793
E,RILP-Greedy,5,30,0.5,5,46,0.202733,1.0,0.2565,1.493539,0.843338
E,RILP-Greedy,5,30,0.5,5,47,0.221667,1.0,0.219467,1.213734,0.865854
E,RILP-Greedy,5,30,0.5,5,48,0.216333,1.0,0.2277,1.368945,0.850317
E,RILP-Greedy,5,30,0.5,5,49,0.252433,1.0,0.173533,1.00975,0.848748
E,RILP-Greedy,5,30,0.5,5,50,0.214867,1.0,0.2312,1.329873,0.845908
E,RILP-Greedy,5,30,0.5,5,51,0.2549,1.0,0.170867,1.19886,0.861544
E,RILP,5,30,1.0,5,42,0.2194,1.0,0.220933,1.07001,0.82332
E,RILP,5,30,1.0,5,43,0.244033,1.0,0.18,1.12359,0.847388
E,RILP,5,30,1.0,5,44,0.209567,1.0,0.2385,1.224568,0.847792
E,RILP,5,30,1.0,5,45,0.256967,1.0,0.164933,1.211529,0.857793
E,RILP,5,30,1.0,5,46,0.202733,1.0,0.2565,1.493539,0.843338
E,RILP,5,30,1.0,5,47,0.221667,1.0,0.219467,1.213734,0.865854
E,RILP,5,30,1.0,5,48,0.216333,1.0,0.2277,1.368945,0.850317
E,RILP,5,30,1.0,5,49,0.252433,1.0,0.173533,1.00975,0.848748
E,RILP,5,30,1.0,5,50,0.214867,1.0,0.2312,1.329873,0.845908
E,RILP,5,30,1.0,5,51,0.2549,1.0,0.170867,1.19886,0.861544
E,RILP-Greedy,5,30,1.0,5,42,0.2194,1.0,0.220933,1.07001,0.82332
E,RILP-Greedy,5,30,1.0,5,43,0.244033,1.0,0.18,1.12359,0.847388
E,RILP-Greedy,5,30,1.0,5,44,0.209567,1.0,0.2385,1.224568,0.847792
E,RILP-Greedy,5,30,1.0,5,45,0.256967,1.0,0.164933,1.211529,0.857793
E,RILP-Greedy,5,30,1.0,5,46,0.202733,1.0,0.2565,1.493539,0.843338
E,RILP-Greedy,5,30,1.0,5,47,0.221667,1.0,0.219467,1.213734,0.865854
E,RILP-Greedy,5,30,1.0,5,48,0.216333,1.0,0.2277,1.368945,0.850317
E,RILP-Greedy,5,30,1.0,5,49,0.252433,1.0,0.173533,1.00975,0.848748
E,RILP-Greedy,5,30,1.0,5,50,0.214867,1.0,0.2312,1.329873,0.845908
E,RILP-Greedy,5,30,1.0,5,51,0.2549,1.0,0.170867,1.19886,0.861544
E,RILP,5,30,1.5,5,42,0.2194,1.0,0.220933,1.07001,0.82332
E,RILP,5,30,1.5,5,43,0.244033,1.0,0.18,1.123576,0.847381
E,RILP,5,30,1.5,5,44,0.209567,1.0,0.2385,1.224568,0.847792
E,RILP,5,30,1.5,5,45,0.256967,1.0,0.164933,1.211529,0.857793
E,RILP,5,30,1.5,5,46,0.2028,1.0,0.256133,1.493509,0.843275
E,RILP,5,30,1.5,5,47,0.221667,1.0,0.219467,1.213734,0.865854
E,RILP,5,30,1.5,5,48,0.2164,1.0,0.2277,1.368929,0.850827
E,RILP,5,30,1.5,5,49,0.252433,1.0,0.173533,1.009752,0.848748
E,RILP,5,30,1.5,5,50,0.214867,1.0,0.2312,1.329873,0.845908
E,RILP,5,30,1.5,5,51,0.254933,1.0,0.170867,1.198854,0.861252
E,RILP-Greedy,5,30,1.5,5,42,0.2194,1.0,0.220933,1.07001,0.82332
E,RILP-Greedy,5,30,1.5,5,43,0.244033,1.0,0.18,1.123576,0.847381
E,RILP-Greedy,5,30,1.5,5,44,0.209567,1.0,0.2385,1.224568,0.847792
E,RILP-Greedy,5,30,1.5,5,45,0.256967,1.0,0.164933,1.211529,0.857793
E,RILP-Greedy,5,30,1.5,5,46,0.2028,1.0,0.256133,1.493509,0.843275
E,RILP-Greedy,5,30,1.5,5,47,0.221667,1.0,0.219467,1.213734,0.865854
E,RILP-Greedy,5,30,1.5,5,48,0.2164,1.0,0.2277,1.368929,0.850827
E,RILP-Greedy,5,30,1.5,5,49,0.252433,1.0,0.173533,1.009752,0.848748
E,RILP-Greedy,5,30,1.5,5,50,0.214867,1.0,0.2312,1.329873,0.845908
E,RILP-Greedy,5,30,1.5,5,51,0.254933,1.0,0.170867,1.198854,0.861252
E,RILP,5,30,2.0,5,42,0.2193,1.0,0.221233,1.070006,0.820623
E,RILP,5,30,2.0,5,43,0.244033,1.0,0.18,1.123576,0.847381
E,RILP,5,30,2.0,5,44,0.2096,1.0,0.239433,1.224561,0.84673
E,RILP,5,30,2.0,5,45,0.256967,1.0,0.164933,1.211529,0.857793
E,RILP,5,30,2.0,5,46,0.2028,1.0,0.256133,1.49348,0.843275
E,RILP,5,30,2.0,5,47,0.221967,1.0,0.2188,1.213714,0.864479
E,RILP,5,30,2.0,5,48,0.2167,1.0,0.2272,1.368897,0.849265
E,RILP,5,30,2.0,5,49,0.252467,1.0,0.173533,1.009753,0.848706
E,RILP,5,30,2.0,5,50,0.214867,1.0,0.231267,1.329852,0.847079
E,RILP,5,30,2.0,5,51,0.254933,1.0,0.170867,1.198843,0.861252
E,RILP-Greedy,5,30,2.0,5,42,0.2193,1.0,0.221233,1.070006,0.820623
E,RILP-Greedy,5,30,2.0,5,43,0.244033,1.0,0.18,1.123576,0.847381
E,RILP-Greedy,5,30,2.0,5,44,0.2096,1.0,0.239433,1.224561,0.84673
E,RILP-Greedy,5,30,2.0,5,45,0.256967,1.0,0.164933,1.211529,0.857793
E,RILP-Greedy,5,30,2.0,5,46,0.2028,1.0,0.256133,1.49348,0.843275
E,RILP-Greedy,5,30,2.0,5,47,0.221967,1.0,0.2188,1.213714,0.864479
E,RILP-Greedy,5,30,2.0,5,48,0.2167,1.0,0.2272,1.368897,0.849265
E,RILP-Greedy,5,30,2.0,5,49,0.252467,1.0,0.173533,1.009753,0.848706
E,RILP-Greedy,5,30,2.0,5,50,0.214867,1.0,0.231267,1.329852,0.847079
E,RILP-Greedy,5,30,2.0,5,51,0.254933,1.0,0.170867,1.198843,0.861252
E,RILP,5,30,2.5,5,42,0.219833,1.0,0.2201,1.069999,0.821926
E,RILP,5,30,2.5,5,43,0.244033,1.0,0.18,1.123521,0.846594
E,RILP,5,30,2.5,5,44,0.209567,1.0,0.238633,1.224551,0.840585
E,RILP,5,30,2.5,5,45,0.257,1.0,0.164933,1.211515,0.857476
E,RILP,5,30,2.5,5,46,0.202767,1.0,0.256233,1.493451,0.8441
E,RILP,5,30,2.5,5,47,0.222667,1.0,0.217633,1.213674,0.863431
E,RILP,5,30,2.5,5,48,0.216767,1.0,0.227267,1.368782,0.849596
E,RILP,5,30,2.5,5,49,0.252533,1.0,0.173067,1.009761,0.847476
E,RILP,5,30,2.5,5,50,0.214967,1.0,0.230967,1.32982,0.847252
E,RILP,5,30,2.5,5,51,0.254933,1.0,0.170867,1.198831,0.861252
E,RILP-Greedy,5,30,2.5,5,42,0.219833,1.0,0.2201,1.069999,0.821926
E,RILP-Greedy,5,30,2.5,5,43,0.244033,1.0,0.18,1.123521,0.846594
E,RILP-Greedy,5,30,2.5,5,44,0.209567,1.0,0.238633,1.224551,0.840585
E,RILP-Greedy,5,30,2.5,5,45,0.257,1.0,0.164933,1.211515,0.857476
E,RILP-Greedy,5,30,2.5,5,46,0.202767,1.0,0.256233,1.493451,0.8441
E,RILP-Greedy,5,30,2.5,5,47,0.222667,1.0,0.217633,1.213674,0.863431
E,RILP-Greedy,5,30,2.5,5,48,0.216767,1.0,0.227267,1.368782,0.849596
E,RILP-Greedy,5,30,2.5,5,49,0.252533,1.0,0.173067,1.009761,0.847476
E,RILP-Greedy,5,30,2.5,5,50,0.214967,1.0,0.230967,1.32982,0.847252
E,RILP-Greedy,5,30,2.5,5,51,0.254933,1.0,0.170867,1.198831,0.861252
E,RILP,5,30,3.0,5,42,0.2193,1.0,0.2215,1.069889,0.81805
E,RILP,5,30,3.0,5,43,0.243533,1.0,0.181233,1.123141,0.846429
E,RILP,5,30,3.0,5,44,0.2092,1.0,0.240267,1.224449,0.837145
E,RILP,5,30,3.0,5,45,0.2574,1.0,0.164533,1.211353,0.859001
E,RILP,5,30,3.0,5,46,0.2023,1.0,0.256633,1.49301,0.838508
E,RILP,5,30,3.0,5,47,0.2231,1.0,0.215733,1.213339,0.862903
E,RILP,5,30,3.0,5,48,0.2167,1.0,0.228,1.368324,0.849382
E,RILP,5,30,3.0,5,49,0.252733,1.0,0.173167,1.00927,0.841818
E,RILP,5,30,3.0,5,50,0.2146,1.0,0.2288,1.329307,0.854504
E,RILP,5,30,3.0,5,51,0.2545,1.0,0.1724,1.198543,0.863028
E,RILP-Greedy,5,30,3.0,5,42,0.2193,1.0,0.2215,1.069889,0.81805
E,RILP-Greedy,5,30,3.0,5,43,0.243533,1.0,0.181233,1.123141,0.846429
E,RILP-Greedy,5,30,3.0,5,44,0.2092,1.0,0.240267,1.224449,0.837145
E,RILP-Greedy,5,30,3.0,5,45,0.2574,1.0,0.164533,1.211353,0.859001
E,RILP-Greedy,5,30,3.0,5,46,0.2023,1.0,0.256633,1.49301,0.838508
E,RILP-Greedy,5,30,3.0,5,47,0.2231,1.0,0.215733,1.213339,0.862903
E,RILP-Greedy,5,30,3.0,5,48,0.2167,1.0,0.228,1.368324,0.849382
E,RILP-Greedy,5,30,3.0,5,49,0.252733,1.0,0.173167,1.00927,0.841818
E,RILP-Greedy,5,30,3.0,5,50,0.2146,1.0,0.2288,1.329307,0.854504
E,RILP-Greedy,5,30,3.0,5,51,0.2545,1.0,0.1724,1.198543,0.863028
E,RILP,5,30,3.5,5,42,0.2445,1.0,0.189733,0.96099,0.913598
E,RILP,5,30,3.5,5,43,0.248933,1.0,0.177367,1.005169,0.889546
E,RILP,5,30,3.5,5,44,0.252867,1.0,0.1777,1.100525,0.916831
E,RILP,5,30,3.5,5,45,0.2739,1.0,0.151133,1.09032,0.912602
E,RILP,5,30,3.5,5,46,0.224467,1.0,0.221467,1.332657,0.900889
E,RILP,5,30,3.5,5,47,0.260033,1.0,0.1686,1.092938,0.911545
E,RILP,5,30,3.5,5,48,0.255667,1.0,0.172133,1.231566,0.918145
E,RILP,5,30,3.5,5,49,0.268667,1.0,0.152633,0.912127,0.905662
E,RILP,5,30,3.5,5,50,0.2561,1.0,0.169733,1.195055,0.907358
E,RILP,5,30,3.5,5,51,0.2597,1.0,0.167133,1.082305,0.902165
E,RILP-Greedy,5,30,3.5,5,42,0.2445,1.0,0.189733,0.96099,0.913598
E,RILP-Greedy,5,30,3.5,5,43,0.248933,1.0,0.177367,1.005169,0.889546
E,RILP-Greedy,5,30,3.5,5,44,0.252867,1.0,0.1777,1.100525,0.916831
E,RILP-Greedy,5,30,3.5,5,45,0.2739,1.0,0.151133,1.09032,0.912602
E,RILP-Greedy,5,30,3.5,5,46,0.224467,1.0,0.221467,1.332657,0.900889
E,RILP-Greedy,5,30,3.5,5,47,0.260033,1.0,0.1686,1.092938,0.911545
E,RILP-Greedy,5,30,3.5,5,48,0.255667,1.0,0.172133,1.231566,0.918145
E,RILP-Greedy,5,30,3.5,5,49,0.268667,1.0,0.152633,0.912127,0.905662
E,RILP-Greedy,5,30,3.5,5,50,0.2561,1.0,0.169733,1.195055,0.907358
E,RILP-Greedy,5,30,3.5,5,51,0.2597,1.0,0.167133,1.082305,0.902165
E,RILP,5,30,4.0,5,42,0.246433,1.0,0.183867,0.846518,0.938649
E,RILP,5,30,4.0,5,43,0.243933,1.0,0.187033,0.882737,0.911024
E,RILP,5,30,4.0,5,44,0.245,1.0,0.190467,0.971565,0.927136
E,RILP,5,30,4.0,5,45,0.2687,1.0,0.153933,0.954077,0.931192
E,RILP,5,30,4.0,5,46,0.224,1.0,0.22,1.168181,0.929526
E,RILP,5,30,4.0,5,47,0.251167,1.0,0.1766,0.959107,0.919786
E,RILP,5,30,4.0,5,48,0.248667,1.0,0.182133,1.081605,0.933037
E,RILP,5,30,4.0,5,49,0.261633,1.0,0.158133,0.799177,0.92289
E,RILP,5,30,4.0,5,50,0.2514,1.0,0.176,1.044108,0.936092
E,RILP,5,30,4.0,5,51,0.256767,1.0,0.164367,0.94102,0.917616
E,RILP-Greedy,5,30,4.0,5,42,0.246433,1.0,0.183867,0.846518,0.938649
E,RILP-Greedy,5,30,4.0,5,43,0.243933,1.0,0.187033,0.882737,0.911024
E,RILP-Greedy,5,30,4.0,5,44,0.245,1.0,0.190467,0.971565,0.927136
E,RILP-Greedy,5,30,4.0,5,45,0.2687,1.0,0.153933,0.954077,0.931192
E,RILP-Greedy,5,30,4.0,5,46,0.224,1.0,0.22,1.168181,0.929526
E,RILP-Greedy,5,30,4.0,5,47,0.251167,1.0,0.1766,0.959107,0.919786
E,RILP-Greedy,5,30,4.0,5,48,0.248667,1.0,0.182133,1.081605,0.933037
E,RILP-Greedy,5,30,4.0,5,49,0.261633,1.0,0.158133,0.799177,0.92289
E,RILP-Greedy,5,30,4.0,5,50,0.2514,1.0,0.176,1.044108,0.936092
E,RILP-Greedy,5,30,4.0,5,51,0.256767,1.0,0.164367,0.94102,0.917616
E,RILP,5,30,4.5,5,42,0.241067,1.0,0.1927,0.747893,0.924845
E,RILP,5,30,4.5,5,43,0.2443,1.0,0.186167,0.789804,0.91409
E,RILP,5,30,4.5,5,44,0.244033,1.0,0.190267,0.851326,0.936365
E,RILP,5,30,4.5,5,45,0.265667,1.0,0.1595,0.842521,0.938096
E,RILP,5,30,4.5,5,46,0.2218,1.0,0.2225,1.033555,0.910176
E,RILP,5,30,4.5,5,47,0.250567,1.0,0.1837,0.842826,0.940815
E,RILP,5,30,4.5,5,48,0.2413,1.0,0.191633,0.950304,0.935127
E,RILP,5,30,4.5,5,49,0.266033,1.0,0.155233,0.713649,0.934031
E,RILP,5,30,4.5,5,50,0.2404,1.0,0.197,0.932952,0.931805
E,RILP,5,30,4.5,5,51,0.254867,1.0,0.167533,0.833115,0.932459
E,RILP-Greedy,5,30,4.5,5,42,0.241067,1.0,0.1927,0.747893,0.924845
E,RILP-Greedy,5,30,4.5,5,43,0.2443,1.0,0.186167,0.789804,0.91409
E,RILP-Greedy,5,30,4.5,5,44,0.244033,1.0,0.190267,0.851326,0.936365
E,RILP-Greedy,5,30,4.5,5,45,0.265667,1.0,0.1595,0.842521,0.938096
E,RILP-Greedy,5,30,4.5,5,46,0.2218,1.0,0.2225,1.033555,0.910176
E,RILP-Greedy,5,30,4.5,5,47,0.250567,1.0,0.1837,0.842826,0.940815
E,RILP-Greedy,5,30,4.5,5,48,0.2413,1.0,0.191633,0.950304,0.935127
E,RILP-Greedy,5,30,4.5,5,49,0.266033,1.0,0.155233,0.713649,0.934031
E,RILP-Greedy,5,30,4.5,5,50,0.2404,1.0,0.197,0.932952,0.931805
E,RILP-Greedy,5,30,4.5,5,51,0.254867,1.0,0.167533,0.833115,0.932459
E,RILP,5,30,5.0,5,42,0.239467,1.0,0.196,0.675078,0.920206
E,RILP,5,30,5.0,5,43,0.244833,1.0,0.186,0.700042,0.912843
E,RILP,5,30,5.0,5,44,0.2318,1.0,0.209467,0.764546,0.93428
E,RILP,5,30,5.0,5,45,0.263133,1.0,0.165967,0.764977,0.939906
E,RILP,5,30,5.0,5,46,0.216167,1.0,0.2334,0.927129,0.917939
E,RILP,5,30,5.0,5,47,0.2444,1.0,0.186933,0.776034,0.930172
E,RILP,5,30,5.0,5,48,0.233733,1.0,0.2053,0.852773,0.934374
E,RILP,5,30,5.0,5,49,0.264533,1.0,0.1566,0.649499,0.940328
E,RILP,5,30,5.0,5,50,0.241267,1.0,0.1961,0.826153,0.931802
E,RILP,5,30,5.0,5,51,0.2517,1.0,0.177367,0.754516,0.925367
E,RILP-Greedy,5,30,5.0,5,42,0.239467,1.0,0.196,0.675078,0.920206
E,RILP-Greedy,5,30,5.0,5,43,0.244833,1.0,0.186,0.700042,0.912843
E,RILP-Greedy,5,30,5.0,5,44,0.2318,1.0,0.209467,0.764546,0.93428
E,RILP-Greedy,5,30,5.0,5,45,0.263133,1.0,0.165967,0.764977,0.939906
E,RILP-Greedy,5,30,5.0,5,46,0.216167,1.0,0.2334,0.927129,0.917939
E,RILP-Greedy,5,30,5.0,5,47,0.2444,1.0,0.186933,0.776034,0.930172
E,RILP-Greedy,5,30,5.0,5,48,0.233733,1.0,0.2053,0.852773,0.934374
E,RILP-Greedy,5,30,5.0,5,49,0.264533,1.0,0.1566,0.649499,0.940328
E,RILP-Greedy,5,30,5.0,5,50,0.241267,1.0,0.1961,0.826153,0.931802
E,RILP-Greedy,5,30,5.0,5,51,0.2517,1.0,0.177367,0.754516,0.925367
E,RILP,10,0,0.0,5,42,0.219525,1.0,0.780475,0.878868,0.845364
E,RILP,10,0,0.0,5,43,0.235974,1.0,0.764026,0.900418,0.805301
E,RILP,10,0,0.0,5,44,0.212786,1.0,0.787214,0.971953,0.25457
E,RILP,10,0,0.0,5,45,0.260556,1.0,0.739444,0.957658,0.261591
E,RILP,10,0,0.0,5,46,0.206905,1.0,0.793095,1.181892,0.270582
E,RILP,10,0,0.0,5,47,0.226159,1.0,0.773841,0.960693,0.301521
E,RILP,10,0,0.0,5,48,0.223343,1.0,0.776657,1.083521,0.297199
E,RILP,10,0,0.0,5,49,0.256617,1.0,0.743383,0.80016,0.273462
E,RILP,10,0,0.0,5,50,0.223168,1.0,0.776832,1.054521,0.278648
E,RILP,10,0,0.0,5,51,0.260725,1.0,0.739275,0.948311,0.321717
E,RILP-Greedy,10,0,0.0,5,42,0.219525,1.0,0.780475,0.878868,0.845364
E,RILP-Greedy,10,0,0.0,5,43,0.235974,1.0,0.764026,0.900418,0.805301
E,RILP-Greedy,10,0,0.0,5,44,0.212786,1.0,0.787214,0.971953,0.25457
E,RILP-Greedy,10,0,0.0,5,45,0.260556,1.0,0.739444,0.957658,0.261591
