scenario,algorithm,density,pred_error_pct,gamma,tau_max,seed,AoI_violation_rate
A,RILP,1,0,0.0,5,42,0.033958
A,RILP,1,0,0.0,5,43,0.034155
A,RILP,1,0,0.0,5,44,0.034217
A,RILP,1,0,0.0,5,45,0.03404
A,RILP,1,0,0.0,5,46,0.034011
A,RILP,1,0,0.0,5,47,0.034263
A,RILP,1,0,0.0,5,48,0.034171
A,RILP,1,0,0.0,5,49,0.03437
A,RILP,1,0,0.0,5,50,0.034107
A,RILP,1,0,0.0,5,51,0.034176
A,RILP-Greedy,1,0,0.0,5,42,0.033958
A,RILP-Greedy,1,0,0.0,5,43,0.034155
A,RILP-Greedy,1,0,0.0,5,44,0.034217
A,RILP-Greedy,1,0,0.0,5,45,0.03404
A,RILP-Greedy,1,0,0.0,5,46,0.034011
A,RILP-Greedy,1,0,0.0,5,47,0.034263
A,RILP-Greedy,1,0,0.0,5,48,0.034171
A,RILP-Greedy,1,0,0.0,5,49,0.03437
A,RILP-Greedy,1,0,0.0,5,50,0.034107
A,RILP-Greedy,1,0,0.0,5,51,0.034176
A,Nam2023b,1,0,0.0,5,42,0.197585
A,Nam2023b,1,0,0.0,5,43,0.197403
A,Nam2023b,1,0,0.0,5,44,0.197894
A,Nam2023b,1,0,0.0,5,45,0.197756
A,Nam2023b,1,0,0.0,5,46,0.19751
A,Nam2023b,1,0,0.0,5,47,0.197674
A,Nam2023b,1,0,0.0,5,48,0.197462
A,Nam2023b,1,0,0.0,5,49,0.198095
A,Nam2023b,1,0,0.0,5,50,0.197661
A,Nam2023b,1,0,0.0,5,51,0.197665
A,Nam2025,1,0,0.0,5,42,0.033958
A,Nam2025,1,0,0.0,5,43,0.034155
A,Nam2025,1,0,0.0,5,44,0.034217
A,Nam2025,1,0,0.0,5,45,0.03404
A,Nam2025,1,0,0.0,5,46,0.034011
A,Nam2025,1,0,0.0,5,47,0.034263
A,Nam2025,1,0,0.0,5,48,0.034171
A,Nam2025,1,0,0.0,5,49,0.03437
A,Nam2025,1,0,0.0,5,50,0.034107
A,Nam2025,1,0,0.0,5,51,0.034176
A,Youn2026,1,0,0.0,5,42,0.033958
A,Youn2026,1,0,0.0,5,43,0.034155
A,Youn2026,1,0,0.0,5,44,0.034217
A,Youn2026,1,0,0.0,5,45,0.03404
A,Youn2026,1,0,0.0,5,46,0.034011
A,Youn2026,1,0,0.0,5,47,0.034263
A,Youn2026,1,0,0.0,5,48,0.034171
A,Youn2026,1,0,0.0,5,49,0.03437
A,Youn2026,1,0,0.0,5,50,0.034107
A,Youn2026,1,0,0.0,5,51,0.034176
A,V2I-Base,1,0,0.0,5,42,0.033958
A,V2I-Base,1,0,0.0,5,43,0.034155
A,V2I-Base,1,0,0.0,5,44,0.034217
A,V2I-Base,1,0,0.0,5,45,0.03404
A,V2I-Base,1,0,0.0,5,46,0.034011
A,V2I-Base,1,0,0.0,5,47,0.034263
A,V2I-Base,1,0,0.0,5,48,0.034171
A,V2I-Base,1,0,0.0,5,49,0.03437
A,V2I-Base,1,0,0.0,5,50,0.034107
A,V2I-Base,1,0,0.0,5,51,0.034176
A,V2V-Base,1,0,0.0,5,42,7e-06
A,V2V-Base,1,0,0.0,5,43,6e-06
A,V2V-Base,1,0,0.0,5,44,6e-06
A,V2V-Base,1,0,0.0,5,45,6e-06
A,V2V-Base,1,0,0.0,5,46,7e-06
A,V2V-Base,1,0,0.0,5,47,5e-06
A,V2V-Base,1,0,0.0,5,48,7e-06
A,V2V-Base,1,0,0.0,5,49,1.3e-05
A,V2V-Base,1,0,0.0,5,50,7e-06
A,V2V-Base,1,0,0.0,5,51,3e-06
A,Random-K,1,0,0.0,5,42,0.000104
A,Random-K,1,0,0.0,5,43,0.000119
A,Random-K,1,0,0.0,5,44,0.000153
A,Random-K,1,0,0.0,5,45,0.000109
A,Random-K,1,0,0.0,5,46,0.000125
A,Random-K,1,0,0.0,5,47,8.9e-05
A,Random-K,1,0,0.0,5,48,0.000142
A,Random-K,1,0,0.0,5,49,0.000159
A,Random-K,1,0,0.0,5,50,0.000126
A,Random-K,1,0,0.0,5,51,0.000102
A,RILP,1,0,1.0,5,42,0.033958
A,RILP,1,0,1.0,5,43,0.034155
A,RILP,1,0,1.0,5,44,0.034217
A,RILP,1,0,1.0,5,45,0.03404
A,RILP,1,0,1.0,5,46,0.034011
A,RILP,1,0,1.0,5,47,0.034263
A,RILP,1,0,1.0,5,48,0.034171
A,RILP,1,0,1.0,5,49,0.03437
A,RILP,1,0,1.0,5,50,0.034107
A,RILP,1,0,1.0,5,51,0.034176
A,RILP-Greedy,1,0,1.0,5,42,0.033958
A,RILP-Greedy,1,0,1.0,5,43,0.034155
A,RILP-Greedy,1,0,1.0,5,44,0.034217
A,RILP-Greedy,1,0,1.0,5,45,0.03404
A,RILP-Greedy,1,0,1.0,5,46,0.034011
A,RILP-Greedy,1,0,1.0,5,47,0.034263
A,RILP-Greedy,1,0,1.0,5,48,0.034171
A,RILP-Greedy,1,0,1.0,5,49,0.03437
A,RILP-Greedy,1,0,1.0,5,50,0.034107
A,RILP-Greedy,1,0,1.0,5,51,0.034176
A,Nam2023b,1,0,1.0,5,42,0.197585
A,Nam2023b,1,0,1.0,5,43,0.197403
A,Nam2023b,1,0,1.0,5,44,0.197894
A,Nam2023b,1,0,1.0,5,45,0.197756
A,Nam2023b,1,0,1.0,5,46,0.19751
A,Nam2023b,1,0,1.0,5,47,0.197674
A,Nam2023b,1,0,1.0,5,48,0.197462
A,Nam2023b,1,0,1.0,5,49,0.198095
A,Nam2023b,1,0,1.0,5,50,0.197661
A,Nam2023b,1,0,1.0,5,51,0.197665
A,Nam2025,1,0,1.0,5,42,0.033958
A,Nam2025,1,0,1.0,5,43,0.034155
A,Nam2025,1,0,1.0,5,44,0.034217
A,Nam2025,1,0,1.0,5,45,0.03404
A,Nam2025,1,0,1.0,5,46,0.034011
A,Nam2025,1,0,1.0,5,47,0.034263
A,Nam2025,1,0,1.0,5,48,0.034171
A,Nam2025,1,0,1.0,5,49,0.03437
A,Nam2025,1,0,1.0,5,50,0.034107
A,Nam2025,1,0,1.0,5,51,0.034176
A,Youn2026,1,0,1.0,5,42,0.033958
A,Youn2026,1,0,1.0,5,43,0.034155
A,Youn2026,1,0,1.0,5,44,0.034217
A,Youn2026,1,0,1.0,5,45,0.03404
A,Youn2026,1,0,1.0,5,46,0.034011
A,Youn2026,1,0,1.0,5,47,0.034263
A,Youn2026,1,0,1.0,5,48,0.034171
A,Youn2026,1,0,1.0,5,49,0.03437
A,Youn2026,1,0,1.0,5,50,0.034107
A,Youn2026,1,0,1.0,5,51,0.034176
A,V2I-Base,1,0,1.0,5,42,0.033958
A,V2I-Base,1,0,1.0,5,43,0.034155
A,V2I-Base,1,0,1.0,5,44,0.034217
A,V2I-Base,1,0,1.0,5,45,0.03404
A,V2I-Base,1,0,1.0,5,46,0.034011
A,V2I-Base,1,0,1.0,5,47,0.034263
A,V2I-Base,1,0,1.0,5,48,0.034171
A,V2I-Base,1,0,1.0,5,49,0.03437
A,V2I-Base,1,0,1.0,5,50,0.034107
A,V2I-Base,1,0,1.0,5,51,0.034176
A,V2V-Base,1,0,1.0,5,42,7e-06
A,V2V-Base,1,0,1.0,5,43,6e-06
A,V2V-Base,1,0,1.0,5,44,6e-06
A,V2V-Base,1,0,1.0,5,45,6e-06
A,V2V-Base,1,0,1.0,5,46,7e-06
A,V2V-Base,1,0,1.0,5,47,5e-06
A,V2V-Base,1,0,1.0,5,48,7e-06
A,V2V-Base,1,0,1.0,5,49,1.3e-05
A,V2V-Base,1,0,1.0,5,50,7e-06
A,V2V-Base,1,0,1.0,5,51,3e-06
A,Random-K,1,0,1.0,5,42,0.000104
A,Random-K,1,0,1.0,5,43,0.000119
A,Random-K,1,0,1.0,5,44,0.000153
A,Random-K,1,0,1.0,5,45,0.000109
A,Random-K,1,0,1.0,5,46,0.000125
A,Random-K,1,0,1.0,5,47,8.9e-05
A,Random-K,1,0,1.0,5,48,0.000142
A,Random-K,1,0,1.0,5,49,0.000159
A,Random-K,1,0,1.0,5,50,0.000126
A,Random-K,1,0,1.0,5,51,0.000102
A,RILP,1,0,2.0,5,42,0.033958
A,RILP,1,0,2.0,5,43,0.034155
A,RILP,1,0,2.0,5,44,0.034217
A,RILP,1,0,2.0,5,45,0.03404
A,RILP,1,0,2.0,5,46,0.034011
A,RILP,1,0,2.0,5,47,0.034263
A,RILP,1,0,2.0,5,48,0.034171
A,RILP,1,0,2.0,5,49,0.03437
A,RILP,1,0,2.0,5,50,0.034107
A,RILP,1,0,2.0,5,51,0.034176
A,RILP-Greedy,1,0,2.0,5,42,0.033958
A,RILP-Greedy,1,0,2.0,5,43,0.034155
A,RILP-Greedy,1,0,2.0,5,44,0.034217
A,RILP-Greedy,1,0,2.0,5,45,0.03404
A,RILP-Greedy,1,0,2.0,5,46,0.034011
A,RILP-Greedy,1,0,2.0,5,47,0.034263
A,RILP-Greedy,1,0,2.0,5,48,0.034171
A,RILP-Greedy,1,0,2.0,5,49,0.03437
A,RILP-Greedy,1,0,2.0,5,50,0.034107
A,RILP-Greedy,1,0,2.0,5,51,0.034176
A,Nam2023b,1,0,2.0,5,42,0.197585
A,Nam2023b,1,0,2.0,5,43,0.197403
A,Nam2023b,1,0,2.0,5,44,0.197894
A,Nam2023b,1,0,2.0,5,45,0.197756
A,Nam2023b,1,0,2.0,5,46,0.19751
A,Nam2023b,1,0,2.0,5,47,0.197674
A,Nam2023b,1,0,2.0,5,48,0.197462
A,Nam2023b,1,0,2.0,5,49,0.198095
A,Nam2023b,1,0,2.0,5,50,0.197661
A,Nam2023b,1,0,2.0,5,51,0.197665
A,Nam2025,1,0,2.0,5,42,0.033958
A,Nam2025,1,0,2.0,5,43,0.034155
A,Nam2025,1,0,2.0,5,44,0.034217
A,Nam2025,1,0,2.0,5,45,0.03404
A,Nam2025,1,0,2.0,5,46,0.034011
A,Nam2025,1,0,2.0,5,47,0.034263
A,Nam2025,1,0,2.0,5,48,0.034171
A,Nam2025,1,0,2.0,5,49,0.03437
A,Nam2025,1,0,2.0,5,50,0.034107
A,Nam2025,1,0,2.0,5,51,0.034176
A,Youn2026,1,0,2.0,5,42,0.033958
A,Youn2026,1,0,2.0,5,43,0.034155
A,Youn2026,1,0,2.0,5,44,0.034217
A,Youn2026,1,0,2.0,5,45,0.03404
A,Youn2026,1,0,2.0,5,46,0.034011
A,Youn2026,1,0,2.0,5,47,0.034263
A,Youn2026,1,0,2.0,5,48,0.034171
A,Youn2026,1,0,2.0,5,49,0.03437
A,Youn2026,1,0,2.0,5,50,0.034107
A,Youn2026,1,0,2.0,5,51,0.034176
A,V2I-Base,1,0,2.0,5,42,0.033958
A,V2I-Base,1,0,2.0,5,43,0.034155
A,V2I-Base,1,0,2.0,5,44,0.034217
A,V2I-Base,1,0,2.0,5,45,0.03404
A,V2I-Base,1,0,2.0,5,46,0.034011
A,V2I-Base,1,0,2.0,5,47,0.034263
A,V2I-Base,1,0,2.0,5,48,0.034171
A,V2I-Base,1,0,2.0,5,49,0.03437
A,V2I-Base,1,0,2.0,5,50,0.034107
A,V2I-Base,1,0,2.0,5,51,0.034176
A,V2V-Base,1,0,2.0,5,42,7e-06
A,V2V-Base,1,0,2.0,5,43,6e-06
A,V2V-Base,1,0,2.0,5,44,6e-06
A,V2V-Base,1,0,2.0,5,45,6e-06
A,V2V-Base,1,0,2.0,5,46,7e-06
A,V2V-Base,1,0,2.0,5,47,5e-06
A,V2V-Base,1,0,2.0,5,48,7e-06
A,V2V-Base,1,0,2.0,5,49,1.3e-05
A,V2V-Base,1,0,2.0,5,50,7e-06
A,V2V-Base,1,0,2.0,5,51,3e-06
A,Random-K,1,0,2.0,5,42,0.000104
A,Random-K,1,0,2.0,5,43,0.000136
A,Random-K,1,0,2.0,5,44,7.2e-05
A,Random-K,1,0,2.0,5,45,9.9e-05
A,Random-K,1,0,2.0,5,46,0.000103
A,Random-K,1,0,2.0,5,47,9.8e-05
A,Random-K,1,0,2.0,5,48,0.00011
A,Random-K,1,0,2.0,5,49,9.9e-05
A,Random-K,1,0,2.0,5,50,9.7e-05
A,Random-K,1,0,2.0,5,51,0.000104
A,RILP,1,0,3.0,5,42,0.034206
A,RILP,1,0,3.0,5,43,0.034234
A,RILP,1,0,3.0,5,44,0.034102
A,RILP,1,0,3.0,5,45,0.03425
A,RILP,1,0,3.0,5,46,0.034141
A,RILP,1,0,3.0,5,47,0.034129
A,RILP,1,0,3.0,5,48,0.03415
A,RILP,1,0,3.0,5,49,0.034107
A,RILP,1,0,3.0,5,50,0.034091
A,RILP,1,0,3.0,5,51,0.034248
A,RILP-Greedy,1,0,3.0,5,42,0.034206
A,RILP-Greedy,1,0,3.0,5,43,0.034234
A,RILP-Greedy,1,0,3.0,5,44,0.034102
A,RILP-Greedy,1,0,3.0,5,45,0.03425
A,RILP-Greedy,1,0,3.0,5,46,0.034141
A,RILP-Greedy,1,0,3.0,5,47,0.034129
A,RILP-Greedy,1,0,3.0,5,48,0.03415
A,RILP-Greedy,1,0,3.0,5,49,0.034107
A,RILP-Greedy,1,0,3.0,5,50,0.034091
A,RILP-Greedy,1,0,3.0,5,51,0.034248
A,Nam2023b,1,0,3.0,5,42,0.197482
A,Nam2023b,1,0,3.0,5,43,0.19731
A,Nam2023b,1,0,3.0,5,44,0.197643
A,Nam2023b,1,0,3.0,5,45,0.197562
A,Nam2023b,1,0,3.0,5,46,0.197967
A,Nam2023b,1,0,3.0,5,47,0.197733
A,Nam2023b,1,0,3.0,5,48,0.198092
A,Nam2023b,1,0,3.0,5,49,0.197591
A,Nam2023b,1,0,3.0,5,50,0.1977
A,Nam2023b,1,0,3.0,5,51,0.198068
A,Nam2025,1,0,3.0,5,42,0.034206
A,Nam2025,1,0,3.0,5,43,0.034234
A,Nam2025,1,0,3.0,5,44,0.034102
A,Nam2025,1,0,3.0,5,45,0.03425
A,Nam2025,1,0,3.0,5,46,0.034141
A,Nam2025,1,0,3.0,5,47,0.034129
A,Nam2025,1,0,3.0,5,48,0.03415
A,Nam2025,1,0,3.0,5,49,0.034107
A,Nam2025,1,0,3.0,5,50,0.034091
A,Nam2025,1,0,3.0,5,51,0.034248
A,Youn2026,1,0,3.0,5,42,0.034206
A,Youn2026,1,0,3.0,5,43,0.034234
A,Youn2026,1,0,3.0,5,44,0.034102
A,Youn2026,1,0,3.0,5,45,0.03425
A,Youn2026,1,0,3.0,5,46,0.034141
A,Youn2026,1,0,3.0,5,47,0.034129
A,Youn2026,1,0,3.0,5,48,0.03415
A,Youn2026,1,0,3.0,5,49,0.034107
A,Youn2026,1,0,3.0,5,50,0.034091
A,Youn2026,1,0,3.0,5,51,0.034248
A,V2I-Base,1,0,3.0,5,42,0.034206
A,V2I-Base,1,0,3.0,5,43,0.034234
A,V2I-Base,1,0,3.0,5,44,0.034102
A,V2I-Base,1,0,3.0,5,45,0.03425
A,V2I-Base,1,0,3.0,5,46,0.034141
A,V2I-Base,1,0,3.0,5,47,0.034129
A,V2I-Base,1,0,3.0,5,48,0.03415
A,V2I-Base,1,0,3.0,5,49,0.034107
A,V2I-Base,1,0,3.0,5,50,0.034091
A,V2I-Base,1,0,3.0,5,51,0.034248
A,V2V-Base,1,0,3.0,5,42,4e-06
A,V2V-Base,1,0,3.0,5,43,5e-06
A,V2V-Base,1,0,3.0,5,44,4e-06
A,V2V-Base,1,0,3.0,5,45,5e-06
A,V2V-Base,1,0,3.0,5,46,5e-06
A,V2V-Base,1,0,3.0,5,47,4e-06
A,V2V-Base,1,0,3.0,5,48,6e-06
A,V2V-Base,1,0,3.0,5,49,7e-06
A,V2V-Base,1,0,3.0,5,50,5e-06
A,V2V-Base,1,0,3.0,5,51,4e-06
A,Random-K,1,0,3.0,5,42,0.00011
A,Random-K,1,0,3.0,5,43,0.000136
A,Random-K,1,0,3.0,5,44,7.2e-05
A,Random-K,1,0,3.0,5,45,9.9e-05
A,Random-K,1,0,3.0,5,46,0.000103
A,Random-K,1,0,3.0,5,47,9.8e-05
A,Random-K,1,0,3.0,5,48,0.00011
A,Random-K,1,0,3.0,5,49,9.9e-05
A,Random-K,1,0,3.0,5,50,9.7e-05
A,Random-K,1,0,3.0,5,51,0.000104
A,RILP,1,10,0.0,5,42,0.034206
A,RILP,1,10,0.0,5,43,0.034234
A,RILP,1,10,0.0,5,44,0.034102
A,RILP,1,10,0.0,5,45,0.03425
A,RILP,1,10,0.0,5,46,0.034141
A,RILP,1,10,0.0,5,47,0.034129
A,RILP,1,10,0.0,5,48,0.03415
A,RILP,1,10,0.0,5,49,0.034107
A,RILP,1,10,0.0,5,50,0.034091
A,RILP,1,10,0.0,5,51,0.034248
A,RILP-Greedy,1,10,0.0,5,42,0.034206
A,RILP-Greedy,1,10,0.0,5,43,0.034234
A,RILP-Greedy,1,10,0.0,5,44,0.034102
A,RILP-Greedy,1,10,0.0,5,45,0.03425
A,RILP-Greedy,1,10,0.0,5,46,0.034141
A,RILP-Greedy,1,10,0.0,5,47,0.034129
A,RILP-Greedy,1,10,0.0,5,48,0.03415
A,RILP-Greedy,1,10,0.0,5,49,0.034107
A,RILP-Greedy,1,10,0.0,5,50,0.034091
A,RILP-Greedy,1,10,0.0,5,51,0.034248
A,Nam2023b,1,10,0.0,5,42,0.197482
A,Nam2023b,1,10,0.0,5,43,0.19731
A,Nam2023b,1,10,0.0,5,44,0.197643
A,Nam2023b,1,10,0.0,5,45,0.197562
A,Nam2023b,1,10,0.0,5,46,0.197967
A,Nam2023b,1,10,0.0,5,47,0.197733
A,Nam2023b,1,10,0.0,5,48,0.198092
A,Nam2023b,1,10,0.0,5,49,0.197591
A,Nam2023b,1,10,0.0,5,50,0.1977
A,Nam2023b,1,10,0.0,5,51,0.198068
A,Nam2025,1,10,0.0,5,42,0.034206
A,Nam2025,1,10,0.0,5,43,0.034234
A,Nam2025,1,10,0.0,5,44,0.034102
A,Nam2025,1,10,0.0,5,45,0.03425
A,Nam2025,1,10,0.0,5,46,0.034141
A,Nam2025,1,10,0.0,5,47,0.034129
A,Nam2025,1,10,0.0,5,48,0.03415
A,Nam2025,1,10,0.0,5,49,0.034107
A,Nam2025,1,10,0.0,5,50,0.034091
A,Nam2025,1,10,0.0,5,51,0.034248
A,Youn2026,1,10,0.0,5,42,0.034206
A,Youn2026,1,10,0.0,5,43,0.034234
A,Youn2026,1,10,0.0,5,44,0.034102
A,Youn2026,1,10,0.0,5,45,0.03425
A,Youn2026,1,10,0.0,5,46,0.034141
A,Youn2026,1,10,0.0,5,47,0.034129
A,Youn2026,1,10,0.0,5,48,0.03415
A,Youn2026,1,10,0.0,5,49,0.034107
A,Youn2026,1,10,0.0,5,50,0.034091
A,Youn2026,1,10,0.0,5,51,0.034248
A,V2I-Base,1,10,0.0,5,42,0.034206
A,V2I-Base,1,10,0.0,5,43,0.034234
A,V2I-Base,1,10,0.0,5,44,0.034102
A,V2I-Base,1,10,0.0,5,45,0.03425
A,V2I-Base,1,10,0.0,5,46,0.034141
A,V2I-Base,1,10,0.0,5,47,0.034129
A,V2I-Base,1,10,0.0,5,48,0.03415
A,V2I-Base,1,10,0.0,5,49,0.034107
A,V2I-Base,1,10,0.0,5,50,0.034091
A,V2I-Base,1,10,0.0,5,51,0.034248
A,V2V-Base,1,10,0.0,5,42,4e-06
A,V2V-Base,1,10,0.0,5,43,5e-06
A,V2V-Base,1,10,0.0,5,44,4e-06
A,V2V-Base,1,10,0.0,5,45,5e-06
A,V2V-Base,1,10,0.0,5,46,5e-06
A,V2V-Base,1,10,0.0,5,47,4e-06
A,V2V-Base,1,10,0.0,5,48,6e-06
A,V2V-Base,1,10,0.0,5,49,7e-06
A,V2V-Base,1,10,0.0,5,50,5e-06
A,V2V-Base,1,10,0.0,5,51,4e-06
A,Random-K,1,10,0.0,5,42,0.00011
A,Random-K,1,10,0.0,5,43,0.000136
A,Random-K,1,10,0.0,5,44,7.2e-05
A,Random-K,1,10,0.0,5,45,9.9e-05
A,Random-K,1,10,0.0,5,46,0.000103
A,Random-K,1,10,0.0,5,47,9.8e-05
A,Random-K,1,10,0.0,5,48,0.00011
A,Random-K,1,10,0.0,5,49,9.9e-05
A,Random-K,1,10,0.0,5,50,9.7e-05
A,Random-K,1,10,0.0,5,51,0.000104
A,RILP,1,10,1.0,5,42,0.034206
A,RILP,1,10,1.0,5,43,0.034234
A,RILP,1,10,1.0,5,44,0.034102
A,RILP,1,10,1.0,5,45,0.03425
A,RILP,1,10,1.0,5,46,0.034141
A,RILP,1,10,1.0,5,47,0.034129
A,RILP,1,10,1.0,5,48,0.03415
A,RILP,1,10,1.0,5,49,0.034107
A,RILP,1,10,1.0,5,50,0.034091
A,RILP,1,10,1.0,5,51,0.034248
A,RILP-Greedy,1,10,1.0,5,42,0.034206
A,RILP-Greedy,1,10,1.0,5,43,0.034234
A,RILP-Greedy,1,10,1.0,5,44,0.034102
A,RILP-Greedy,1,10,1.0,5,45,0.03425
A,RILP-Greedy,1,10,1.0,5,46,0.034141
A,RILP-Greedy,1,10,1.0,5,47,0.034129
A,RILP-Greedy,1,10,1.0,5,48,0.03415
A,RILP-Greedy,1,10,1.0,5,49,0.034107
A,RILP-Greedy,1,10,1.0,5,50,0.034091
A,RILP-Greedy,1,10,1.0,5,51,0.034248
A,Nam2023b,1,10,1.0,5,42,0.197482
A,Nam2023b,1,10,1.0,5,43,0.19731
A,Nam2023b,1,10,1.0,5,44,0.197643
A,Nam2023b,1,10,1.0,5,45,0.197562
A,Nam2023b,1,10,1.0,5,46,0.197967
A,Nam2023b,1,10,1.0,5,47,0.197733
A,Nam2023b,1,10,1.0,5,48,0.198092
A,Nam2023b,1,10,1.0,5,49,0.197591
A,Nam2023b,1,10,1.0,5,50,0.1977
A,Nam2023b,1,10,1.0,5,51,0.198068
A,Nam2025,1,10,1.0,5,42,0.034206
A,Nam2025,1,10,1.0,5,43,0.034234
A,Nam2025,1,10,1.0,5,44,0.034102
A,Nam2025,1,10,1.0,5,45,0.03425
A,Nam2025,1,10,1.0,5,46,0.034141
A,Nam2025,1,10,1.0,5,47,0.034129
A,Nam2025,1,10,1.0,5,48,0.03415
A,Nam2025,1,10,1.0,5,49,0.034107
A,Nam2025,1,10,1.0,5,50,0.034091
A,Nam2025,1,10,1.0,5,51,0.034248
A,Youn2026,1,10,1.0,5,42,0.034206
A,Youn2026,1,10,1.0,5,43,0.034234
A,Youn2026,1,10,1.0,5,44,0.034102
A,Youn2026,1,10,1.0,5,45,0.03425
A,Youn2026,1,10,1.0,5,46,0.034141
A,Youn2026,1,10,1.0,5,47,0.034129
A,Youn2026,1,10,1.0,5,48,0.03415
A,Youn2026,1,10,1.0,5,49,0.034107
A,Youn2026,1,10,1.0,5,50,0.034091
A,Youn2026,1,10,1.0,5,51,0.034248
A,V2I-Base,1,10,1.0,5,42,0.034206
A,V2I-Base,1,10,1.0,5,43,0.034234
A,V2I-Base,1,10,1.0,5,44,0.034102
A,V2I-Base,1,10,1.0,5,45,0.03425
A,V2I-Base,1,10,1.0,5,46,0.034141
A,V2I-Base,1,10,1.0,5,47,0.034129
A,V2I-Base,1,10,1.0,5,48,0.03415
A,V2I-Base,1,10,1.0,5,49,0.034107
A,V2I-Base,1,10,1.0,5,50,0.034091
A,V2I-Base,1,10,1.0,5,51,0.034248
A,V2V-Base,1,10,1.0,5,42,4e-06
A,V2V-Base,1,10,1.0,5,43,5e-06
A,V2V-Base,1,10,1.0,5,44,4e-06
A,V2V-Base,1,10,1.0,5,45,5e-06
A,V2V-Base,1,10,1.0,5,46,5e-06
A,V2V-Base,1,10,1.0,5,47,4e-06
A,V2V-Base,1,10,1.0,5,48,6e-06
A,V2V-Base,1,10,1.0,5,49,7e-06
A,V2V-Base,1,10,1.0,5,50,5e-06
A,V2V-Base,1,10,1.0,5,51,4e-06
A,Random-K,1,10,1.0,5,42,0.00011
A,Random-K,1,10,1.0,5,43,0.000136
A,Random-K,1,10,1.0,5,44,7.2e-05
A,Random-K,1,10,1.0,5,45,9.9e-05
A,Random-K,1,10,1.0,5,46,0.000103
A,Random-K,1,10,1.0,5,47,9.8e-05
A,Random-K,1,10,1.0,5,48,0.00011
A,Random-K,1,10,1.0,5,49,9.9e-05
A,Random-K,1,10,1.0,5,50,9.7e-05
A,Random-K,1,10,1.0,5,51,0.000104
A,RILP,1,10,2.0,5,42,0.034206
A,RILP,1,10,2.0,5,43,0.034234
A,RILP,1,10,2.0,5,44,0.034102
A,RILP,1,10,2.0,5,45,0.03425
A,RILP,1,10,2.0,5,46,0.034141
A,RILP,1,10,2.0,5,47,0.034326
A,RILP,1,10,2.0,5,48,0.034087
A,RILP,1,10,2.0,5,49,0.034168
A,RILP,1,10,2.0,5,50,0.034258
A,RILP,1,10,2.0,5,51,0.034171
A,RILP-Greedy,1,10,2.0,5,42,0.034351
A,RILP-Greedy,1,10,2.0,5,43,0.034325
A,RILP-Greedy,1,10,2.0,5,44,0.034272
A,RILP-Greedy,1,10,2.0,5,45,0.034193
A,RILP-Greedy,1,10,2.0,5,46,0.034422
A,RILP-Greedy,1,10,2.0,5,47,0.034326
A,RILP-Greedy,1,10,2.0,5,48,0.034087
A,RILP-Greedy,1,10,2.0,5,49,0.034168
A,RILP-Greedy,1,10,2.0,5,50,0.034258
A,RILP-Greedy,1,10,2.0,5,51,0.034171
A,Nam2023b,1,10,2.0,5,42,0.198254
A,Nam2023b,1,10,2.0,5,43,0.197742
A,Nam2023b,1,10,2.0,5,44,0.197928
A,Nam2023b,1,10,2.0,5,45,0.197661
A,Nam2023b,1,10,2.0,5,46,0.197607
A,Nam2023b,1,10,2.0,5,47,0.198139
A,Nam2023b,1,10,2.0,5,48,0.197945
A,Nam2023b,1,10,2.0,5,49,0.197718
A,Nam2023b,1,10,2.0,5,50,0.197749
A,Nam2023b,1,10,2.0,5,51,0.197921
A,Nam2025,1,10,2.0,5,42,0.034351
A,Nam2025,1,10,2.0,5,43,0.034325
A,Nam2025,1,10,2.0,5,44,0.034272
A,Nam2025,1,10,2.0,5,45,0.034193
A,Nam2025,1,10,2.0,5,46,0.034422
A,Nam2025,1,10,2.0,5,47,0.034326
A,Nam2025,1,10,2.0,5,48,0.034087
A,Nam2025,1,10,2.0,5,49,0.034168
A,Nam2025,1,10,2.0,5,50,0.034258
A,Nam2025,1,10,2.0,5,51,0.034171
A,Youn2026,1,10,2.0,5,42,0.034351
A,Youn2026,1,10,2.0,5,43,0.034325
A,Youn2026,1,10,2.0,5,44,0.034272
A,Youn2026,1,10,2.0,5,45,0.034193
A,Youn2026,1,10,2.0,5,46,0.034422
A,Youn2026,1,10,2.0,5,47,0.034326
A,Youn2026,1,10,2.0,5,48,0.034087
A,Youn2026,1,10,2.0,5,49,0.034168
A,Youn2026,1,10,2.0,5,50,0.034258
A,Youn2026,1,10,2.0,5,51,0.034171
A,V2I-Base,1,10,2.0,5,42,0.034351
A,V2I-Base,1,10,2.0,5,43,0.034325
A,V2I-Base,1,10,2.0,5,44,0.034272
A,V2I-Base,1,10,2.0,5,45,0.034193
A,V2I-Base,1,10,2.0,5,46,0.034422
A,V2I-Base,1,10,2.0,5,47,0.034326
A,V2I-Base,1,10,2.0,5,48,0.034087
A,V2I-Base,1,10,2.0,5,49,0.034168
A,V2I-Base,1,10,2.0,5,50,0.034258
A,V2I-Base,1,10,2.0,5,51,0.034171
A,V2V-Base,1,10,2.0,5,42,1.1e-05
A,V2V-Base,1,10,2.0,5,43,9e-06
A,V2V-Base,1,10,2.0,5,44,8e-06
A,V2V-Base,1,10,2.0,5,45,1e-05
A,V2V-Base,1,10,2.0,5,46,6e-06
A,V2V-Base,1,10,2.0,5,47,8e-06
A,V2V-Base,1,10,2.0,5,48,1e-05
A,V2V-Base,1,10,2.0,5,49,8e-06
A,V2V-Base,1,10,2.0,5,50,7e-06
A,V2V-Base,1,10,2.0,5,51,6e-06
A,Random-K,1,10,2.0,5,42,0.000199
A,Random-K,1,10,2.0,5,43,0.000159
A,Random-K,1,10,2.0,5,44,0.000166
A,Random-K,1,10,2.0,5,45,0.00019
A,Random-K,1,10,2.0,5,46,0.000187
A,Random-K,1,10,2.0,5,47,0.0002
A,Random-K,1,10,2.0,5,48,0.000188
A,Random-K,1,10,2.0,5,49,0.000191
A,Random-K,1,10,2.0,5,50,0.000183
A,Random-K,1,10,2.0,5,51,0.000143
A,RILP,1,10,3.0,5,42,0.034351
A,RILP,1,10,3.0,5,43,0.034325
A,RILP,1,10,3.0,5,44,0.034272
A,RILP,1,10,3.0,5,45,0.034193
A,RILP,1,10,3.0,5,46,0.034422
A,RILP,1,10,3.0,5,47,0.034326
A,RILP,1,10,3.0,5,48,0.034087
A,RILP,1,10,3.0,5,49,0.034168
A,RILP,1,10,3.0,5,50,0.034258
A,RILP,1,10,3.0,5,51,0.034171
A,RILP-Greedy,1,10,3.0,5,42,0.034351
A,RILP-Greedy,1,10,3.0,5,43,0.034325
A,RILP-Greedy,1,10,3.0,5,44,0.034272
A,RILP-Greedy,1,10,3.0,5,45,0.034193
A,RILP-Greedy,1,10,3.0,5,46,0.034422
A,RILP-Greedy,1,10,3.0,5,47,0.034326
A,RILP-Greedy,1,10,3.0,5,48,0.034087
A,RILP-Greedy,1,10,3.0,5,49,0.034168
A,RILP-Greedy,1,10,3.0,5,50,0.034258
A,RILP-Greedy,1,10,3.0,5,51,0.034171
A,Nam2023b,1,10,3.0,5,42,0.198254
A,Nam2023b,1,10,3.0,5,43,0.197742
A,Nam2023b,1,10,3.0,5,44,0.197928
A,Nam2023b,1,10,3.0,5,45,0.197661
A,Nam2023b,1,10,3.0,5,46,0.197607
A,Nam2023b,1,10,3.0,5,47,0.198139
A,Nam2023b,1,10,3.0,5,48,0.197945
A,Nam2023b,1,10,3.0,5,49,0.197718
A,Nam2023b,1,10,3.0,5,50,0.197749
A,Nam2023b,1,10,3.0,5,51,0.197921
A,Nam2025,1,10,3.0,5,42,0.034351
A,Nam2025,1,10,3.0,5,43,0.034325
A,Nam2025,1,10,3.0,5,44,0.034272
A,Nam2025,1,10,3.0,5,45,0.034193
A,Nam2025,1,10,3.0,5,46,0.034422
A,Nam2025,1,10,3.0,5,47,0.034326
A,Nam2025,1,10,3.0,5,48,0.034087
A,Nam2025,1,10,3.0,5,49,0.034168
A,Nam2025,1,10,3.0,5,50,0.034258
A,Nam2025,1,10,3.0,5,51,0.034171
A,Youn2026,1,10,3.0,5,42,0.034351
A,Youn2026,1,10,3.0,5,43,0.034325
A,Youn2026,1,10,3.0,5,44,0.034272
A,Youn2026,1,10,3.0,5,45,0.034193
A,Youn2026,1,10,3.0,5,46,0.034422
A,Youn2026,1,10,3.0,5,47,0.034326
A,Youn2026,1,10,3.0,5,48,0.034087
A,Youn2026,1,10,3.0,5,49,0.034168
A,Youn2026,1,10,3.0,5,50,0.034258
A,Youn2026,1,10,3.0,5,51,0.034171
A,V2I-Base,1,10,3.0,5,42,0.034351
A,V2I-Base,1,10,3.0,5,43,0.034325
A,V2I-Base,1,10,3.0,5,44,0.034272
A,V2I-Base,1,10,3.0,5,45,0.034193
A,V2I-Base,1,10,3.0,5,46,0.034422
A,V2I-Base,1,10,3.0,5,47,0.034326
A,V2I-Base,1,10,3.0,5,48,0.034087
A,V2I-Base,1,10,3.0,5,49,0.034168
A,V2I-Base,1,10,3.0,5,50,0.034258
A,V2I-Base,1,10,3.0,5,51,0.034171
A,V2V-Base,1,10,3.0,5,42,1.1e-05
A,V2V-Base,1,10,3.0,5,43,9e-06
A,V2V-Base,1,10,3.0,5,44,8e-06
A,V2V-Base,1,10,3.0,5,45,1e-05
A,V2V-Base,1,10,3.0,5,46,6e-06
A,V2V-Base,1,10,3.0,5,47,8e-06
A,V2V-Base,1,10,3.0,5,48,1e-05
A,V2V-Base,1,10,3.0,5,49,8e-06
A,V2V-Base,1,10,3.0,5,50,7e-06
A,V2V-Base,1,10,3.0,5,51,6e-06
A,Random-K,1,10,3.0,5,42,0.000199
A,Random-K,1,10,3.0,5,43,0.000159
A,Random-K,1,10,3.0,5,44,0.000166
A,Random-K,1,10,3.0,5,45,0.00019
A,Random-K,1,10,3.0,5,46,0.000187
A,Random-K,1,10,3.0,5,47,0.0002
A,Random-K,1,10,3.0,5,48,0.000188
A,Random-K,1,10,3.0,5,49,0.000191
A,Random-K,1,10,3.0,5,50,0.000183
A,Random-K,1,10,3.0,5,51,0.000143
A,RILP,1,20,0.0,5,42,0.034351
A,RILP,1,20,0.0,5,43,0.034325
A,RILP,1,20,0.0,5,44,0.034272
A,RILP,1,20,0.0,5,45,0.034193
A,RILP,1,20,0.0,5,46,0.034422
A,RILP,1,20,0.0,5,47,0.034326
A,RILP,1,20,0.0,5,48,0.034087
A,RILP,1,20,0.0,5,49,0.034168
A,RILP,1,20,0.0,5,50,0.034258
A,RILP,1,20,0.0,5,51,0.034171
A,RILP-Greedy,1,20,0.0,5,42,0.034351
A,RILP-Greedy,1,20,0.0,5,43,0.034325
A,RILP-Greedy,1,20,0.0,5,44,0.034272
A,RILP-Greedy,1,20,0.0,5,45,0.034193
A,RILP-Greedy,1,20,0.0,5,46,0.034422
A,RILP-Greedy,1,20,0.0,5,47,0.034326
A,RILP-Greedy,1,20,0.0,5,48,0.034087
A,RILP-Greedy,1,20,0.0,5,49,0.034168
A,RILP-Greedy,1,20,0.0,5,50,0.034258
A,RILP-Greedy,1,20,0.0,5,51,0.034171
A,Nam2023b,1,20,0.0,5,42,0.198254
A,Nam2023b,1,20,0.0,5,43,0.197742
A,Nam2023b,1,20,0.0,5,44,0.197928
A,Nam2023b,1,20,0.0,5,45,0.197661
A,Nam2023b,1,20,0.0,5,46,0.197607
A,Nam2023b,1,20,0.0,5,47,0.198139
A,Nam2023b,1,20,0.0,5,48,0.197945
A,Nam2023b,1,20,0.0,5,49,0.197718
A,Nam2023b,1,20,0.0,5,50,0.197749
A,Nam2023b,1,20,0.0,5,51,0.197921
A,Nam2025,1,20,0.0,5,42,0.034351
A,Nam2025,1,20,0.0,5,43,0.034325
A,Nam2025,1,20,0.0,5,44,0.034272
A,Nam2025,1,20,0.0,5,45,0.034193
A,Nam2025,1,20,0.0,5,46,0.034422
A,Nam2025,1,20,0.0,5,47,0.034326
A,Nam2025,1,20,0.0,5,48,0.034087
A,Nam2025,1,20,0.0,5,49,0.034168
A,Nam2025,1,20,0.0,5,50,0.034258
A,Nam2025,1,20,0.0,5,51,0.034171
A,Youn2026,1,20,0.0,5,42,0.034351
A,Youn2026,1,20,0.0,5,43,0.034325
A,Youn2026,1,20,0.0,5,44,0.034272
A,Youn2026,1,20,0.0,5,45,0.034193
A,Youn2026,1,20,0.0,5,46,0.034422
A,Youn2026,1,20,0.0,5,47,0.034326
A,Youn2026,1,20,0.0,5,48,0.034087
A,Youn2026,1,20,0.0,5,49,0.034168
A,Youn2026,1,20,0.0,5,50,0.034258
A,Youn2026,1,20,0.0,5,51,0.034171
A,V2I-Base,1,20,0.0,5,42,0.034351
A,V2I-Base,1,20,0.0,5,43,0.034325
A,V2I-Base,1,20,0.0,5,44,0.034272
A,V2I-Base,1,20,0.0,5,45,0.034193
A,V2I-Base,1,20,0.0,5,46,0.034422
A,V2I-Base,1,20,0.0,5,47,0.034326
A,V2I-Base,1,20,0.0,5,48,0.034087
A,V2I-Base,1,20,0.0,5,49,0.034168
A,V2I-Base,1,20,0.0,5,50,0.034258
A,V2I-Base,1,20,0.0,5,51,0.034171
A,V2V-Base,1,20,0.0,5,42,1.1e-05
A,V2V-Base,1,20,0.0,5,43,9e-06
A,V2V-Base,1,20,0.0,5,44,8e-06
A,V2V-Base,1,20,0.0,5,45,1e-05
A,V2V-Base,1,20,0.0,5,46,6e-06
A,V2V-Base,1,20,0.0,5,47,8e-06
A,V2V-Base,1,20,0.0,5,48,1e-05
A,V2V-Base,1,20,0.0,5,49,8e-06
A,V2V-Base,1,20,0.0,5,50,7e-06
A,V2V-Base,1,20,0.0,5,51,6e-06
A,Random-K,1,20,0.0,5,42,0.000199
A,Random-K,1,20,0.0,5,43,0.000159
A,Random-K,1,20,0.0,5,44,0.000166
A,Random-K,1,20,0.0,5,45,0.00019
A,Random-K,1,20,0.0,5,46,0.000187
A,Random-K,1,20,0.0,5,47,0.0002
A,Random-K,1,20,0.0,5,48,0.000188
A,Random-K,1,20,0.0,5,49,0.000191
A,Random-K,1,20,0.0,5,50,0.000183
A,Random-K,1,20,0.0,5,51,0.000143
A,RILP,1,20,1.0,5,42,0.034351
A,RILP,1,20,1.0,5,43,0.034325
A,RILP,1,20,1.0,5,44,0.034272
A,RILP,1,20,1.0,5,45,0.034193
A,RILP,1,20,1.0,5,46,0.034422
A,RILP,1,20,1.0,5,47,0.034326
A,RILP,1,20,1.0,5,48,0.034087
A,RILP,1,20,1.0,5,49,0.034168
A,RILP,1,20,1.0,5,50,0.034258
A,RILP,1,20,1.0,5,51,0.034171
A,RILP-Greedy,1,20,1.0,5,42,0.034351
A,RILP-Greedy,1,20,1.0,5,43,0.034325
A,RILP-Greedy,1,20,1.0,5,44,0.034272
A,RILP-Greedy,1,20,1.0,5,45,0.034193
A,RILP-Greedy,1,20,1.0,5,46,0.034422
A,RILP-Greedy,1,20,1.0,5,47,0.034326
A,RILP-Greedy,1,20,1.0,5,48,0.034087
A,RILP-Greedy,1,20,1.0,5,49,0.034168
A,RILP-Greedy,1,20,1.0,5,50,0.034258
A,RILP-Greedy,1,20,1.0,5,51,0.034171
A,Nam2023b,1,20,1.0,5,42,0.198254
A,Nam2023b,1,20,1.0,5,43,0.197742
A,Nam2023b,1,20,1.0,5,44,0.197928
A,Nam2023b,1,20,1.0,5,45,0.197661
A,Nam2023b,1,20,1.0,5,46,0.197607
A,Nam2023b,1,20,1.0,5,47,0.198139
A,Nam2023b,1,20,1.0,5,48,0.197945
A,Nam2023b,1,20,1.0,5,49,0.197718
A,Nam2023b,1,20,1.0,5,50,0.197749
A,Nam2023b,1,20,1.0,5,51,0.197921
A,Nam2025,1,20,1.0,5,42,0.034351
A,Nam2025,1,20,1.0,5,43,0.034325
A,Nam2025,1,20,1.0,5,44,0.034272
A,Nam2025,1,20,1.0,5,45,0.034193
A,Nam2025,1,20,1.0,5,46,0.034422
A,Nam2025,1,20,1.0,5,47,0.034326
A,Nam2025,1,20,1.0,5,48,0.034087
A,Nam2025,1,20,1.0,5,49,0.034168
A,Nam2025,1,20,1.0,5,50,0.034258
A,Nam2025,1,20,1.0,5,51,0.034171
A,Youn2026,1,20,1.0,5,42,0.034351
A,Youn2026,1,20,1.0,5,43,0.034325
A,Youn2026,1,20,1.0,5,44,0.034272
A,Youn2026,1,20,1.0,5,45,0.034193
A,Youn2026,1,20,1.0,5,46,0.034422
A,Youn2026,1,20,1.0,5,47,0.034326
A,Youn2026,1,20,1.0,5,48,0.034087
A,Youn2026,1,20,1.0,5,49,0.034168
A,Youn2026,1,20,1.0,5,50,0.034258
A,Youn2026,1,20,1.0,5,51,0.034171
A,V2I-Base,1,20,1.0,5,42,0.034351
A,V2I-Base,1,20,1.0,5,43,0.034325
A,V2I-Base,1,20,1.0,5,44,0.034272
A,V2I-Base,1,20,1.0,5,45,0.034193
A,V2I-Base,1,20,1.0,5,46,0.034422
A,V2I-Base,1,20,1.0,5,47,0.034326
A,V2I-Base,1,20,1.0,5,48,0.034087
A,V2I-Base,1,20,1.0,5,49,0.034168
A,V2I-Base,1,20,1.0,5,50,0.034258
A,V2I-Base,1,20,1.0,5,51,0.034171
A,V2V-Base,1,20,1.0,5,42,1.1e-05
A,V2V-Base,1,20,1.0,5,43,9e-06
A,V2V-Base,1,20,1.0,5,44,8e-06
A,V2V-Base,1,20,1.0,5,45,1e-05
A,V2V-Base,1,20,1.0,5,46,6e-06
A,V2V-Base,1,20,1.0,5,47,8e-06
A,V2V-Base,1,20,1.0,5,48,1e-05
A,V2V-Base,1,20,1.0,5,49,8e-06
A,V2V-Base,1,20,1.0,5,50,7e-06
A,V2V-Base,1,20,1.0,5,51,6e-06
A,Random-K,1,20,1.0,5,42,0.000199
A,Random-K,1,20,1.0,5,43,0.000159
A,Random-K,1,20,1.0,5,44,0.000166
A,Random-K,1,20,1.0,5,45,0.00019
A,Random-K,1,20,1.0,5,46,0.000187
A,Random-K,1,20,1.0,5,47,0.0002
A,Random-K,1,20,1.0,5,48,0.000188
A,Random-K,1,20,1.0,5,49,0.000191
A,Random-K,1,20,1.0,5,50,0.000183
A,Random-K,1,20,1.0,5,51,0.000143
A,RILP,1,20,2.0,5,42,0.034351
A,RILP,1,20,2.0,5,43,0.034325
A,RILP,1,20,2.0,5,44,0.034272
A,RILP,1,20,2.0,5,45,0.034193
A,RILP,1,20,2.0,5,46,0.034422
A,RILP,1,20,2.0,5,47,0.034326
A,RILP,1,20,2.0,5,48,0.034087
A,RILP,1,20,2.0,5,49,0.034168
A,RILP,1,20,2.0,5,50,0.034258
A,RILP,1,20,2.0,5,51,0.034171
A,RILP-Greedy,1,20,2.0,5,42,0.034351
A,RILP-Greedy,1,20,2.0,5,43,0.034325
A,RILP-Greedy,1,20,2.0,5,44,0.034272
A,RILP-Greedy,1,20,2.0,5,45,0.034193
A,RILP-Greedy,1,20,2.0,5,46,0.034422
A,RILP-Greedy,1,20,2.0,5,47,0.034326
A,RILP-Greedy,1,20,2.0,5,48,0.034087
A,RILP-Greedy,1,20,2.0,5,49,0.034168
A,RILP-Greedy,1,20,2.0,5,50,0.034258
A,RILP-Greedy,1,20,2.0,5,51,0.034171
A,Nam2023b,1,20,2.0,5,42,0.198254
A,Nam2023b,1,20,2.0,5,43,0.197742
A,Nam2023b,1,20,2.0,5,44,0.197928
A,Nam2023b,1,20,2.0,5,45,0.197661
A,Nam2023b,1,20,2.0,5,46,0.197607
A,Nam2023b,1,20,2.0,5,47,0.198139
A,Nam2023b,1,20,2.0,5,48,0.197945
A,Nam2023b,1,20,2.0,5,49,0.197718
A,Nam2023b,1,20,2.0,5,50,0.197749
A,Nam2023b,1,20,2.0,5,51,0.197921
A,Nam2025,1,20,2.0,5,42,0.034351
A,Nam2025,1,20,2.0,5,43,0.034325
A,Nam2025,1,20,2.0,5,44,0.034272
A,Nam2025,1,20,2.0,5,45,0.034193
A,Nam2025,1,20,2.0,5,46,0.034422
A,Nam2025,1,20,2.0,5,47,0.034326
A,Nam2025,1,20,2.0,5,48,0.034087
A,Nam2025,1,20,2.0,5,49,0.034168
A,Nam2025,1,20,2.0,5,50,0.034258
A,Nam2025,1,20,2.0,5,51,0.034171
A,Youn2026,1,20,2.0,5,42,0.034351
A,Youn2026,1,20,2.0,5,43,0.034325
A,Youn2026,1,20,2.0,5,44,0.034272
A,Youn2026,1,20,2.0,5,45,0.034193
A,Youn2026,1,20,2.0,5,46,0.034422
A,Youn2026,1,20,2.0,5,47,0.034326
A,Youn2026,1,20,2.0,5,48,0.034087
A,Youn2026,1,20,2.0,5,49,0.034168
A,Youn2026,1,20,2.0,5,50,0.034258
A,Youn2026,1,20,2.0,5,51,0.034171
A,V2I-Base,1,20,2.0,5,42,0.034351
A,V2I-Base,1,20,2.0,5,43,0.034325
A,V2I-Base,1,20,2.0,5,44,0.034272
A,V2I-Base,1,20,2.0,5,45,0.034193
A,V2I-Base,1,20,2.0,5,46,0.034422
A,V2I-Base,1,20,2.0,5,47,0.034326
A,V2I-Base,1,20,2.0,5,48,0.034087
A,V2I-Base,1,20,2.0,5,49,0.034168
A,V2I-Base,1,20,2.0,5,50,0.034258
A,V2I-Base,1,20,2.0,5,51,0.034171
A,V2V-Base,1,20,2.0,5,42,1.1e-05
A,V2V-Base,1,20,2.0,5,43,9e-06
A,V2V-Base,1,20,2.0,5,44,8e-06
A,V2V-Base,1,20,2.0,5,45,1e-05
A,V2V-Base,1,20,2.0,5,46,6e-06
A,V2V-Base,1,20,2.0,5,47,8e-06
A,V2V-Base,1,20,2.0,5,48,1e-05
A,V2V-Base,1,20,2.0,5,49,8e-06
A,V2V-Base,1,20,2.0,5,50,7e-06
A,V2V-Base,1,20,2.0,5,51,6e-06
A,Random-K,1,20,2.0,5,42,0.000199
A,Random-K,1,20,2.0,5,43,0.000159
A,Random-K,1,20,2.0,5,44,0.000166
A,Random-K,1,20,2.0,5,45,0.00019
A,Random-K,1,20,2.0,5,46,0.000187
A,Random-K,1,20,2.0,5,47,0.0002
A,Random-K,1,20,2.0,5,48,0.000188
A,Random-K,1,20,2.0,5,49,0.000191
A,Random-K,1,20,2.0,5,50,0.000183
A,Random-K,1,20,2.0,5,51,0.000143
A,RILP,1,20,3.0,5,42,0.034351
A,RILP,1,20,3.0,5,43,0.034325
A,RILP,1,20,3.0,5,44,0.034272
A,RILP,1,20,3.0,5,45,0.034193
A,RILP,1,20,3.0,5,46,0.034422
A,RILP,1,20,3.0,5,47,0.034326
A,RILP,1,20,3.0,5,48,0.034087
A,RILP,1,20,3.0,5,49,0.034168
A,RILP,1,20,3.0,5,50,0.034258
A,RILP,1,20,3.0,5,51,0.034171
A,RILP-Greedy,1,20,3.0,5,42,0.034351
A,RILP-Greedy,1,20,3.0,5,43,0.034325
A,RILP-Greedy,1,20,3.0,5,44,0.034272
A,RILP-Greedy,1,20,3.0,5,45,0.034193
A,RILP-Greedy,1,20,3.0,5,46,0.034422
A,RILP-Greedy,1,20,3.0,5,47,0.034326
A,RILP-Greedy,1,20,3.0,5,48,0.034087
A,RILP-Greedy,1,20,3.0,5,49,0.034168
A,RILP-Greedy,1,20,3.0,5,50,0.034258
A,RILP-Greedy,1,20,3.0,5,51,0.034171
A,Nam2023b,1,20,3.0,5,42,0.198254
A,Nam2023b,1,20,3.0,5,43,0.197742
A,Nam2023b,1,20,3.0,5,44,0.197928
A,Nam2023b,1,20,3.0,5,45,0.197661
A,Nam2023b,1,20,3.0,5,46,0.197607
A,Nam2023b,1,20,3.0,5,47,0.198139
A,Nam2023b,1,20,3.0,5,48,0.197945
A,Nam2023b,1,20,3.0,5,49,0.197718
A,Nam2023b,1,20,3.0,5,50,0.197749
A,Nam2023b,1,20,3.0,5,51,0.197921
A,Nam2025,1,20,3.0,5,42,0.034351
A,Nam2025,1,20,3.0,5,43,0.034325
A,Nam2025,1,20,3.0,5,44,0.034272
A,Nam2025,1,20,3.0,5,45,0.034193
A,Nam2025,1,20,3.0,5,46,0.034422
A,Nam2025,1,20,3.0,5,47,0.034326
A,Nam2025,1,20,3.0,5,48,0.034087
A,Nam2025,1,20,3.0,5,49,0.034168
A,Nam2025,1,20,3.0,5,50,0.034258
A,Nam2025,1,20,3.0,5,51,0.034171
A,Youn2026,1,20,3.0,5,42,0.034351
A,Youn2026,1,20,3.0,5,43,0.034325
A,Youn2026,1,20,3.0,5,44,0.034272
A,Youn2026,1,20,3.0,5,45,0.034193
A,Youn2026,1,20,3.0,5,46,0.034422
A,Youn2026,1,20,3.0,5,47,0.034326
A,Youn2026,1,20,3.0,5,48,0.034087
A,Youn2026,1,20,3.0,5,49,0.034168
A,Youn2026,1,20,3.0,5,50,0.034258
A,Youn2026,1,20,3.0,5,51,0.034171
A,V2I-Base,1,20,3.0,5,42,0.034351
A,V2I-Base,1,20,3.0,5,43,0.034325
A,V2I-Base,1,20,3.0,5,44,0.034272
A,V2I-Base,1,20,3.0,5,45,0.034193
A,V2I-Base,1,20,3.0,5,46,0.034422
A,V2I-Base,1,20,3.0,5,47,0.034326
A,V2I-Base,1,20,3.0,5,48,0.034087
A,V2I-Base,1,20,3.0,5,49,0.034168
A,V2I-Base,1,20,3.0,5,50,0.034258
A,V2I-Base,1,20,3.0,5,51,0.034171
A,V2V-Base,1,20,3.0,5,42,1.1e-05
A,V2V-Base,1,20,3.0,5,43,9e-06
A,V2V-Base,1,20,3.0,5,44,8e-06
A,V2V-Base,1,20,3.0,5,45,1e-05
A,V2V-Base,1,20,3.0,5,46,6e-06
A,V2V-Base,1,20,3.0,5,47,8e-06
A,V2V-Base,1,20,3.0,5,48,1e-05
A,V2V-Base,1,20,3.0,5,49,8e-06
A,V2V-Base,1,20,3.0,5,50,7e-06
A,V2V-Base,1,20,3.0,5,51,6e-06
A,Random-K,1,20,3.0,5,42,0.000199
A,Random-K,1,20,3.0,5,43,0.000159
A,Random-K,1,20,3.0,5,44,0.000166
A,Random-K,1,20,3.0,5,45,0.00019
A,Random-K,1,20,3.0,5,46,0.000187
A,Random-K,1,20,3.0,5,47,0.0002
A,Random-K,1,20,3.0,5,48,0.000188
A,Random-K,1,20,3.0,5,49,0.000191
A,Random-K,1,20,3.0,5,50,0.000183
A,Random-K,1,20,3.0,5,51,0.000143
A,RILP,1,30,0.0,5,42,0.034351
A,RILP,1,30,0.0,5,43,0.034325
A,RILP,1,30,0.0,5,44,0.034272
A,RILP,1,30,0.0,5,45,0.034193
A,RILP,1,30,0.0,5,46,0.034422
A,RILP,1,30,0.0,5,47,0.034326
A,RILP,1,30,0.0,5,48,0.034087
A,RILP,1,30,0.0,5,49,0.034168
A,RILP,1,30,0.0,5,50,0.034258
A,RILP,1,30,0.0,5,51,0.034171
A,RILP-Greedy,1,30,0.0,5,42,0.034351
A,RILP-Greedy,1,30,0.0,5,43,0.034325
A,RILP-Greedy,1,30,0.0,5,44,0.034272
A,RILP-Greedy,1,30,0.0,5,45,0.034193
A,RILP-Greedy,1,30,0.0,5,46,0.034422
A,RILP-Greedy,1,30,0.0,5,47,0.034326
A,RILP-Greedy,1,30,0.0,5,48,0.034087
A,RILP-Greedy,1,30,0.0,5,49,0.034168
A,RILP-Greedy,1,30,0.0,5,50,0.034258
A,RILP-Greedy,1,30,0.0,5,51,0.034171
A,Nam2023b,1,30,0.0,5,42,0.198254
A,Nam2023b,1,30,0.0,5,43,0.197742
A,Nam2023b,1,30,0.0,5,44,0.197928
A,Nam2023b,1,30,0.0,5,45,0.197661
A,Nam2023b,1,30,0.0,5,46,0.197607
A,Nam2023b,1,30,0.0,5,47,0.198139
A,Nam2023b,1,30,0.0,5,48,0.197945
A,Nam2023b,1,30,0.0,5,49,0.197718
A,Nam2023b,1,30,0.0,5,50,0.197749
A,Nam2023b,1,30,0.0,5,51,0.197921
A,Nam2025,1,30,0.0,5,42,0.034351
A,Nam2025,1,30,0.0,5,43,0.034325
A,Nam2025,1,30,0.0,5,44,0.034272
A,Nam2025,1,30,0.0,5,45,0.034193
A,Nam2025,1,30,0.0,5,46,0.034422
A,Nam2025,1,30,0.0,5,47,0.034326
A,Nam2025,1,30,0.0,5,48,0.034087
A,Nam2025,1,30,0.0,5,49,0.034168
A,Nam2025,1,30,0.0,5,50,0.034258
A,Nam2025,1,30,0.0,5,51,0.034171
A,Youn2026,1,30,0.0,5,42,0.034351
A,Youn2026,1,30,0.0,5,43,0.034325
A,Youn2026,1,30,0.0,5,44,0.034272
A,Youn2026,1,30,0.0,5,45,0.034193
A,Youn2026,1,30,0.0,5,46,0.034422
A,Youn2026,1,30,0.0,5,47,0.034326
A,Youn2026,1,30,0.0,5,48,0.034087
A,Youn2026,1,30,0.0,5,49,0.034168
A,Youn2026,1,30,0.0,5,50,0.034258
A,Youn2026,1,30,0.0,5,51,0.034171
A,V2I-Base,1,30,0.0,5,42,0.034351
A,V2I-Base,1,30,0.0,5,43,0.034325
A,V2I-Base,1,30,0.0,5,44,0.034272
A,V2I-Base,1,30,0.0,5,45,0.034193
A,V2I-Base,1,30,0.0,5,46,0.034422
A,V2I-Base,1,30,0.0,5,47,0.034326
A,V2I-Base,1,30,0.0,5,48,0.034087
A,V2I-Base,1,30,0.0,5,49,0.034168
A,V2I-Base,1,30,0.0,5,50,0.034258
A,V2I-Base,1,30,0.0,5,51,0.034171
A,V2V-Base,1,30,0.0,5,42,1.1e-05
A,V2V-Base,1,30,0.0,5,43,9e-06
A,V2V-Base,1,30,0.0,5,44,8e-06
A,V2V-Base,1,30,0.0,5,45,1e-05
A,V2V-Base,1,30,0.0,5,46,6e-06
A,V2V-Base,1,30,0.0,5,47,8e-06
A,V2V-Base,1,30,0.0,5,48,1e-05
A,V2V-Base,1,30,0.0,5,49,8e-06
A,V2V-Base,1,30,0.0,5,50,7e-06
A,V2V-Base,1,30,0.0,5,51,6e-06
A,Random-K,1,30,0.0,5,42,0.000199
A,Random-K,1,30,0.0,5,43,0.000159
A,Random-K,1,30,0.0,5,44,0.000166
A,Random-K,1,30,0.0,5,45,0.00019
A,Random-K,1,30,0.0,5,46,0.000187
A,Random-K,1,30,0.0,5,47,0.0002
A,Random-K,1,30,0.0,5,48,0.000188
A,Random-K,1,30,0.0,5,49,0.000191
A,Random-K,1,30,0.0,5,50,0.000183
A,Random-K,1,30,0.0,5,51,0.000143
A,RILP,1,30,1.0,5,42,0.034351
A,RILP,1,30,1.0,5,43,0.034325
A,RILP,1,30,1.0,5,44,0.034272
A,RILP,1,30,1.0,5,45,0.034193
A,RILP,1,30,1.0,5,46,0.034422
A,RILP,1,30,1.0,5,47,0.034326
A,RILP,1,30,1.0,5,48,0.034087
A,RILP,1,30,1.0,5,49,0.034168
A,RILP,1,30,1.0,5,50,0.034258
A,RILP,1,30,1.0,5,51,0.034171
A,RILP-Greedy,1,30,1.0,5,42,0.034351
A,RILP-Greedy,1,30,1.0,5,43,0.034325
A,RILP-Greedy,1,30,1.0,5,44,0.034272
A,RILP-Greedy,1,30,1.0,5,45,0.034193
A,RILP-Greedy,1,30,1.0,5,46,0.034422
A,RILP-Greedy,1,30,1.0,5,47,0.034326
A,RILP-Greedy,1,30,1.0,5,48,0.034087
A,RILP-Greedy,1,30,1.0,5,49,0.034168
A,RILP-Greedy,1,30,1.0,5,50,0.034258
A,RILP-Greedy,1,30,1.0,5,51,0.034171
A,Nam2023b,1,30,1.0,5,42,0.198254
A,Nam2023b,1,30,1.0,5,43,0.197742
A,Nam2023b,1,30,1.0,5,44,0.197928
A,Nam2023b,1,30,1.0,5,45,0.197661
A,Nam2023b,1,30,1.0,5,46,0.197607
A,Nam2023b,1,30,1.0,5,47,0.198139
A,Nam2023b,1,30,1.0,5,48,0.197945
A,Nam2023b,1,30,1.0,5,49,0.197718
A,Nam2023b,1,30,1.0,5,50,0.197749
A,Nam2023b,1,30,1.0,5,51,0.197921
A,Nam2025,1,30,1.0,5,42,0.034351
A,Nam2025,1,30,1.0,5,43,0.034325
A,Nam2025,1,30,1.0,5,44,0.034272
A,Nam2025,1,30,1.0,5,45,0.034193
A,Nam2025,1,30,1.0,5,46,0.034422
A,Nam2025,1,30,1.0,5,47,0.034326
A,Nam2025,1,30,1.0,5,48,0.034087
A,Nam2025,1,30,1.0,5,49,0.034168
A,Nam2025,1,30,1.0,5,50,0.034258
A,Nam2025,1,30,1.0,5,51,0.034171
A,Youn2026,1,30,1.0,5,42,0.034351
A,Youn2026,1,30,1.0,5,43,0.034325
A,Youn2026,1,30,1.0,5,44,0.034272
A,Youn2026,1,30,1.0,5,45,0.034193
A,Youn2026,1,30,1.0,5,46,0.034422
A,Youn2026,1,30,1.0,5,47,0.034326
A,Youn2026,1,30,1.0,5,48,0.034087
A,Youn2026,1,30,1.0,5,49,0.034168
A,Youn2026,1,30,1.0,5,50,0.034258
A,Youn2026,1,30,1.0,5,51,0.034171
A,V2I-Base,1,30,1.0,5,42,0.034351
A,V2I-Base,1,30,1.0,5,43,0.034325
A,V2I-Base,1,30,1.0,5,44,0.034272
A,V2I-Base,1,30,1.0,5,45,0.034193
A,V2I-Base,1,30,1.0,5,46,0.034422
A,V2I-Base,1,30,1.0,5,47,0.034326
A,V2I-Base,1,30,1.0,5,48,0.034087
A,V2I-Base,1,30,1.0,5,49,0.034168
A,V2I-Base,1,30,1.0,5,50,0.034258
A,V2I-Base,1,30,1.0,5,51,0.034171
A,V2V-Base,1,30,1.0,5,42,1.1e-05
A,V2V-Base,1,30,1.0,5,43,9e-06
A,V2V-Base,1,30,1.0,5,44,8e-06
A,V2V-Base,1,30,1.0,5,45,1e-05
A,V2V-Base,1,30,1.0,5,46,6e-06
A,V2V-Base,1,30,1.0,5,47,8e-06
A,V2V-Base,1,30,1.0,5,48,1e-05
A,V2V-Base,1,30,1.0,5,49,8e-06
A,V2V-Base,1,30,1.0,5,50,7e-06
A,V2V-Base,1,30,1.0,5,51,6e-06
A,Random-K,1,30,1.0,5,42,0.000199
A,Random-K,1,30,1.0,5,43,0.000159
A,Random-K,1,30,1.0,5,44,0.000166
A,Random-K,1,30,1.0,5,45,0.00019
A,Random-K,1,30,1.0,5,46,0.000187
A,Random-K,1,30,1.0,5,47,0.0002
A,Random-K,1,30,1.0,5,48,0.000188
A,Random-K,1,30,1.0,5,49,0.000191
A,Random-K,1,30,1.0,5,50,0.000183
A,Random-K,1,30,1.0,5,51,0.000143
A,RILP,1,30,2.0,5,42,0.034351
A,RILP,1,30,2.0,5,43,0.034325
A,RILP,1,30,2.0,5,44,0.034272
A,RILP,1,30,2.0,5,45,0.034193
A,RILP,1,30,2.0,5,46,0.034422
A,RILP,1,30,2.0,5,47,0.034326
A,RILP,1,30,2.0,5,48,0.034087
A,RILP,1,30,2.0,5,49,0.034168
A,RILP,1,30,2.0,5,50,0.034258
A,RILP,1,30,2.0,5,51,0.034171
A,RILP-Greedy,1,30,2.0,5,42,0.034351
A,RILP-Greedy,1,30,2.0,5,43,0.034325
A,RILP-Greedy,1,30,2.0,5,44,0.034272
A,RILP-Greedy,1,30,2.0,5,45,0.034193
A,RILP-Greedy,1,30,2.0,5,46,0.034422
A,RILP-Greedy,1,30,2.0,5,47,0.034326
A,RILP-Greedy,1,30,2.0,5,48,0.034087
A,RILP-Greedy,1,30,2.0,5,49,0.034168
A,RILP-Greedy,1,30,2.0,5,50,0.034258
A,RILP-Greedy,1,30,2.0,5,51,0.034171
A,Nam2023b,1,30,2.0,5,42,0.198254
A,Nam2023b,1,30,2.0,5,43,0.197742
A,Nam2023b,1,30,2.0,5,44,0.197928
A,Nam2023b,1,30,2.0,5,45,0.197661
A,Nam2023b,1,30,2.0,5,46,0.197607
A,Nam2023b,1,30,2.0,5,47,0.198139
A,Nam2023b,1,30,2.0,5,48,0.197945
A,Nam2023b,1,30,2.0,5,49,0.197718
A,Nam2023b,1,30,2.0,5,50,0.197749
A,Nam2023b,1,30,2.0,5,51,0.197921
A,Nam2025,1,30,2.0,5,42,0.034351
A,Nam2025,1,30,2.0,5,43,0.034325
A,Nam2025,1,30,2.0,5,44,0.034272
A,Nam2025,1,30,2.0,5,45,0.034193
A,Nam2025,1,30,2.0,5,46,0.034422
A,Nam2025,1,30,2.0,5,47,0.034326
A,Nam2025,1,30,2.0,5,48,0.034087
A,Nam2025,1,30,2.0,5,49,0.034168
A,Nam2025,1,30,2.0,5,50,0.034258
A,Nam2025,1,30,2.0,5,51,0.034171
A,Youn2026,1,30,2.0,5,42,0.034351
A,Youn2026,1,30,2.0,5,43,0.034325
A,Youn2026,1,30,2.0,5,44,0.034272
A,Youn2026,1,30,2.0,5,45,0.034193
A,Youn2026,1,30,2.0,5,46,0.034422
A,Youn2026,1,30,2.0,5,47,0.034326
A,Youn2026,1,30,2.0,5,48,0.034087
A,Youn2026,1,30,2.0,5,49,0.034168
A,Youn2026,1,30,2.0,5,50,0.034258
A,Youn2026,1,30,2.0,5,51,0.034171
A,V2I-Base,1,30,2.0,5,42,0.034351
A,V2I-Base,1,30,2.0,5,43,0.034325
A,V2I-Base,1,30,2.0,5,44,0.034272
A,V2I-Base,1,30,2.0,5,45,0.034193
A,V2I-Base,1,30,2.0,5,46,0.034422
A,V2I-Base,1,30,2.0,5,47,0.034326
A,V2I-Base,1,30,2.0,5,48,0.034087
A,V2I-Base,1,30,2.0,5,49,0.034168
A,V2I-Base,1,30,2.0,5,50,0.034258
A,V2I-Base,1,30,2.0,5,51,0.034171
A,V2V-Base,1,30,2.0,5,42,1.1e-05
A,V2V-Base,1,30,2.0,5,43,9e-06
A,V2V-Base,1,30,2.0,5,44,8e-06
A,V2V-Base,1,30,2.0,5,45,1e-05
A,V2V-Base,1,30,2.0,5,46,6e-06
A,V2V-Base,1,30,2.0,5,47,8e-06
A,V2V-Base,1,30,2.0,5,48,1e-05
A,V2V-Base,1,30,2.0,5,49,8e-06
A,V2V-Base,1,30,2.0,5,50,7e-06
A,V2V-Base,1,30,2.0,5,51,6e-06
A,Random-K,1,30,2.0,5,42,0.000199
A,Random-K,1,30,2.0,5,43,0.000159
A,Random-K,1,30,2.0,5,44,0.000166
A,Random-K,1,30,2.0,5,45,0.00019
A,Random-K,1,30,2.0,5,46,0.000187
A,Random-K,1,30,2.0,5,47,0.0002
A,Random-K,1,30,2.0,5,48,0.000188
A,Random-K,1,30,2.0,5,49,0.000191
A,Random-K,1,30,2.0,5,50,0.000183
A,Random-K,1,30,2.0,5,51,0.000143
A,RILP,1,30,3.0,5,42,0.034351
A,RILP,1,30,3.0,5,43,0.034325
A,RILP,1,30,3.0,5,44,0.034272
A,RILP,1,30,3.0,5,45,0.034193
A,RILP,1,30,3.0,5,46,0.034422
A,RILP,1,30,3.0,5,47,0.034326
A,RILP,1,30,3.0,5,48,0.034087
A,RILP,1,30,3.0,5,49,0.034168
A,RILP,1,30,3.0,5,50,0.034258
A,RILP,1,30,3.0,5,51,0.034171
A,RILP-Greedy,1,30,3.0,5,42,0.034351
A,RILP-Greedy,1,30,3.0,5,43,0.034325
A,RILP-Greedy,1,30,3.0,5,44,0.034272
A,RILP-Greedy,1,30,3.0,5,45,0.034193
A,RILP-Greedy,1,30,3.0,5,46,0.034422
A,RILP-Greedy,1,30,3.0,5,47,0.034326
A,RILP-Greedy,1,30,3.0,5,48,0.034087
A,RILP-Greedy,1,30,3.0,5,49,0.034168
A,RILP-Greedy,1,30,3.0,5,50,0.034258
A,RILP-Greedy,1,30,3.0,5,51,0.034171
A,Nam2023b,1,30,3.0,5,42,0.198254
A,Nam2023b,1,30,3.0,5,43,0.197742
A,Nam2023b,1,30,3.0,5,44,0.197928
A,Nam2023b,1,30,3.0,5,45,0.197661
A,Nam2023b,1,30,3.0,5,46,0.197607
A,Nam2023b,1,30,3.0,5,47,0.198139
A,Nam2023b,1,30,3.0,5,48,0.197945
A,Nam2023b,1,30,3.0,5,49,0.197718
A,Nam2023b,1,30,3.0,5,50,0.197749
A,Nam2023b,1,30,3.0,5,51,0.197921
A,Nam2025,1,30,3.0,5,42,0.034351
A,Nam2025,1,30,3.0,5,43,0.034325
A,Nam2025,1,30,3.0,5,44,0.034272
A,Nam2025,1,30,3.0,5,45,0.034193
A,Nam2025,1,30,3.0,5,46,0.034422
A,Nam2025,1,30,3.0,5,47,0.034326
A,Nam2025,1,30,3.0,5,48,0.034087
A,Nam2025,1,30,3.0,5,49,0.034168
A,Nam2025,1,30,3.0,5,50,0.034258
A,Nam2025,1,30,3.0,5,51,0.034171
A,Youn2026,1,30,3.0,5,42,0.034351
A,Youn2026,1,30,3.0,5,43,0.034325
A,Youn2026,1,30,3.0,5,44,0.034272
A,Youn2026,1,30,3.0,5,45,0.034193
A,Youn2026,1,30,3.0,5,46,0.034422
A,Youn2026,1,30,3.0,5,47,0.034326
A,Youn2026,1,30,3.0,5,48,0.034087
A,Youn2026,1,30,3.0,5,49,0.034168
A,Youn2026,1,30,3.0,5,50,0.034258
A,Youn2026,1,30,3.0,5,51,0.034171
A,V2I-Base,1,30,3.0,5,42,0.034351
A,V2I-Base,1,30,3.0,5,43,0.034325
A,V2I-Base,1,30,3.0,5,44,0.034272
A,V2I-Base,1,30,3.0,5,45,0.034193
A,V2I-Base,1,30,3.0,5,46,0.034422
A,V2I-Base,1,30,3.0,5,47,0.034326
A,V2I-Base,1,30,3.0,5,48,0.034087
A,V2I-Base,1,30,3.0,5,49,0.034168
A,V2I-Base,1,30,3.0,5,50,0.034258
A,V2I-Base,1,30,3.0,5,51,0.034171
A,V2V-Base,1,30,3.0,5,42,1.1e-05
A,V2V-Base,1,30,3.0,5,43,9e-06
A,V2V-Base,1,30,3.0,5,44,8e-06
A,V2V-Base,1,30,3.0,5,45,1e-05
A,V2V-Base,1,30,3.0,5,46,6e-06
A,V2V-Base,1,30,3.0,5,47,8e-06
A,V2V-Base,1,30,3.0,5,48,1e-05
A,V2V-Base,1,30,3.0,5,49,8e-06
A,V2V-Base,1,30,3.0,5,50,7e-06
A,V2V-Base,1,30,3.0,5,51,6e-06
A,Random-K,1,30,3.0,5,42,0.000199
A,Random-K,1,30,3.0,5,43,0.000159
A,Random-K,1,30,3.0,5,44,0.000166
A,Random-K,1,30,3.0,5,45,0.00019
A,Random-K,1,30,3.0,5,46,0.000187
A,Random-K,1,30,3.0,5,47,0.0002
A,Random-K,1,30,3.0,5,48,0.000188
A,Random-K,1,30,3.0,5,49,0.000191
A,Random-K,1,30,3.0,5,50,0.000183
A,Random-K,1,30,3.0,5,51,0.000143
A,RILP,2,0,0.0,5,42,0.034351
A,RILP,2,0,0.0,5,43,0.034325
A,RILP,2,0,0.0,5,44,0.034272
A,RILP,2,0,0.0,5,45,0.034193
A,RILP,2,0,0.0,5,46,0.034422
A,RILP,2,0,0.0,5,47,0.034326
A,RILP,2,0,0.0,5,48,0.034087
A,RILP,2,0,0.0,5,49,0.034168
A,RILP,2,0,0.0,5,50,0.034258
A,RILP,2,0,0.0,5,51,0.034171
A,RILP-Greedy,2,0,0.0,5,42,0.034351
A,RILP-Greedy,2,0,0.0,5,43,0.034325
A,RILP-Greedy,2,0,0.0,5,44,0.034272
A,RILP-Greedy,2,0,0.0,5,45,0.034193
A,RILP-Greedy,2,0,0.0,5,46,0.034422
A,RILP-Greedy,2,0,0.0,5,47,0.034326
A,RILP-Greedy,2,0,0.0,5,48,0.034087
A,RILP-Greedy,2,0,0.0,5,49,0.034168
A,RILP-Greedy,2,0,0.0,5,50,0.034258
A,RILP-Greedy,2,0,0.0,5,51,0.034171
A,Nam2023b,2,0,0.0,5,42,0.198254
A,Nam2023b,2,0,0.0,5,43,0.197742
A,Nam2023b,2,0,0.0,5,44,0.197928
A,Nam2023b,2,0,0.0,5,45,0.197661
A,Nam2023b,2,0,0.0,5,46,0.197607
A,Nam2023b,2,0,0.0,5,47,0.198139
A,Nam2023b,2,0,0.0,5,48,0.197945
A,Nam2023b,2,0,0.0,5,49,0.197718
A,Nam2023b,2,0,0.0,5,50,0.197749
A,Nam2023b,2,0,0.0,5,51,0.197921
A,Nam2025,2,0,0.0,5,42,0.034351
A,Nam2025,2,0,0.0,5,43,0.034325
A,Nam2025,2,0,0.0,5,44,0.034272
A,Nam2025,2,0,0.0,5,45,0.034193
A,Nam2025,2,0,0.0,5,46,0.034422
A,Nam2025,2,0,0.0,5,47,0.034326
A,Nam2025,2,0,0.0,5,48,0.034087
A,Nam2025,2,0,0.0,5,49,0.034168
A,Nam2025,2,0,0.0,5,50,0.034258
A,Nam2025,2,0,0.0,5,51,0.034171
A,Youn2026,2,0,0.0,5,42,0.034351
A,Youn2026,2,0,0.0,5,43,0.034325
A,Youn2026,2,0,0.0,5,44,0.034272
A,Youn2026,2,0,0.0,5,45,0.034193
A,Youn2026,2,0,0.0,5,46,0.034422
A,Youn2026,2,0,0.0,5,47,0.034326
A,Youn2026,2,0,0.0,5,48,0.034087
A,Youn2026,2,0,0.0,5,49,0.034168
A,Youn2026,2,0,0.0,5,50,0.034258
A,Youn2026,2,0,0.0,5,51,0.034171
A,V2I-Base,2,0,0.0,5,42,0.034351
A,V2I-Base,2,0,0.0,5,43,0.034325
A,V2I-Base,2,0,0.0,5,44,0.034272
A,V2I-Base,2,0,0.0,5,45,0.034193
A,V2I-Base,2,0,0.0,5,46,0.034422
A,V2I-Base,2,0,0.0,5,47,0.034326
A,V2I-Base,2,0,0.0,5,48,0.034087
A,V2I-Base,2,0,0.0,5,49,0.034168
A,V2I-Base,2,0,0.0,5,50,0.034258
A,V2I-Base,2,0,0.0,5,51,0.034171
A,V2V-Base,2,0,0.0,5,42,1.1e-05
A,V2V-Base,2,0,0.0,5,43,9e-06
A,V2V-Base,2,0,0.0,5,44,8e-06
A,V2V-Base,2,0,0.0,5,45,1e-05
A,V2V-Base,2,0,0.0,5,46,5e-06
A,V2V-Base,2,0,0.0,5,47,7e-06
A,V2V-Base,2,0,0.0,5,48,5e-06
A,V2V-Base,2,0,0.0,5,49,4e-06
A,V2V-Base,2,0,0.0,5,50,3e-06
A,V2V-Base,2,0,0.0,5,51,6e-06
A,Random-K,2,0,0.0,5,42,0.000111
A,Random-K,2,0,0.0,5,43,0.000109
A,Random-K,2,0,0.0,5,44,0.000129
A,Random-K,2,0,0.0,5,45,0.000119
A,Random-K,2,0,0.0,5,46,8.8e-05
A,Random-K,2,0,0.0,5,47,7.5e-05
A,Random-K,2,0,0.0,5,48,0.000106
A,Random-K,2,0,0.0,5,49,9e-05
A,Random-K,2,0,0.0,5,50,0.000104
A,Random-K,2,0,0.0,5,51,0.000137
A,RILP,2,0,1.0,5,42,0.034037
A,RILP,2,0,1.0,5,43,0.034272
A,RILP,2,0,1.0,5,44,0.034296
A,RILP,2,0,1.0,5,45,0.034166
A,RILP,2,0,1.0,5,46,0.034208
A,RILP,2,0,1.0,5,47,0.034278
A,RILP,2,0,1.0,5,48,0.034035
A,RILP,2,0,1.0,5,49,0.034222
A,RILP,2,0,1.0,5,50,0.034202
A,RILP,2,0,1.0,5,51,0.034244
A,RILP-Greedy,2,0,1.0,5,42,0.034037
A,RILP-Greedy,2,0,1.0,5,43,0.034272
A,RILP-Greedy,2,0,1.0,5,44,0.034296
A,RILP-Greedy,2,0,1.0,5,45,0.034166
A,RILP-Greedy,2,0,1.0,5,46,0.034208
A,RILP-Greedy,2,0,1.0,5,47,0.034278
A,RILP-Greedy,2,0,1.0,5,48,0.034035
A,RILP-Greedy,2,0,1.0,5,49,0.034222
A,RILP-Greedy,2,0,1.0,5,50,0.034202
A,RILP-Greedy,2,0,1.0,5,51,0.034244
A,Nam2023b,2,0,1.0,5,42,0.197731
A,Nam2023b,2,0,1.0,5,43,0.197839
A,Nam2023b,2,0,1.0,5,44,0.198032
A,Nam2023b,2,0,1.0,5,45,0.197664
A,Nam2023b,2,0,1.0,5,46,0.197725
A,Nam2023b,2,0,1.0,5,47,0.197666
A,Nam2023b,2,0,1.0,5,48,0.197701
A,Nam2023b,2,0,1.0,5,49,0.197907
A,Nam2023b,2,0,1.0,5,50,0.198186
A,Nam2023b,2,0,1.0,5,51,0.198304
A,Nam2025,2,0,1.0,5,42,0.034037
A,Nam2025,2,0,1.0,5,43,0.034272
A,Nam2025,2,0,1.0,5,44,0.034296
A,Nam2025,2,0,1.0,5,45,0.034166
A,Nam2025,2,0,1.0,5,46,0.034208
A,Nam2025,2,0,1.0,5,47,0.034278
A,Nam2025,2,0,1.0,5,48,0.034035
A,Nam2025,2,0,1.0,5,49,0.034222
A,Nam2025,2,0,1.0,5,50,0.034202
A,Nam2025,2,0,1.0,5,51,0.034244
A,Youn2026,2,0,1.0,5,42,0.034037
A,Youn2026,2,0,1.0,5,43,0.034272
A,Youn2026,2,0,1.0,5,44,0.034296
A,Youn2026,2,0,1.0,5,45,0.034166
A,Youn2026,2,0,1.0,5,46,0.034208
A,Youn2026,2,0,1.0,5,47,0.034278
A,Youn2026,2,0,1.0,5,48,0.034035
A,Youn2026,2,0,1.0,5,49,0.034222
A,Youn2026,2,0,1.0,5,50,0.034202
A,Youn2026,2,0,1.0,5,51,0.034244
A,V2I-Base,2,0,1.0,5,42,0.034037
A,V2I-Base,2,0,1.0,5,43,0.034272
A,V2I-Base,2,0,1.0,5,44,0.034296
A,V2I-Base,2,0,1.0,5,45,0.034166
A,V2I-Base,2,0,1.0,5,46,0.034208
A,V2I-Base,2,0,1.0,5,47,0.034278
A,V2I-Base,2,0,1.0,5,48,0.034035
A,V2I-Base,2,0,1.0,5,49,0.034222
A,V2I-Base,2,0,1.0,5,50,0.034202
A,V2I-Base,2,0,1.0,5,51,0.034244
A,V2V-Base,2,0,1.0,5,42,6e-06
A,V2V-Base,2,0,1.0,5,43,5e-06
A,V2V-Base,2,0,1.0,5,44,5e-06
A,V2V-Base,2,0,1.0,5,45,7e-06
A,V2V-Base,2,0,1.0,5,46,5e-06
A,V2V-Base,2,0,1.0,5,47,7e-06
A,V2V-Base,2,0,1.0,5,48,5e-06
A,V2V-Base,2,0,1.0,5,49,4e-06
A,V2V-Base,2,0,1.0,5,50,3e-06
A,V2V-Base,2,0,1.0,5,51,6e-06
A,Random-K,2,0,1.0,5,42,0.000111
A,Random-K,2,0,1.0,5,43,0.000109
A,Random-K,2,0,1.0,5,44,0.000129
A,Random-K,2,0,1.0,5,45,0.000119
A,Random-K,2,0,1.0,5,46,8.8e-05
A,Random-K,2,0,1.0,5,47,7.5e-05
A,Random-K,2,0,1.0,5,48,0.000106
A,Random-K,2,0,1.0,5,49,9e-05
A,Random-K,2,0,1.0,5,50,0.000104
A,Random-K,2,0,1.0,5,51,0.000137
A,RILP,2,0,2.0,5,42,0.034037
A,RILP,2,0,2.0,5,43,0.034272
A,RILP,2,0,2.0,5,44,0.034296
A,RILP,2,0,2.0,5,45,0.034166
A,RILP,2,0,2.0,5,46,0.034208
A,RILP,2,0,2.0,5,47,0.034278
A,RILP,2,0,2.0,5,48,0.034035
A,RILP,2,0,2.0,5,49,0.034222
A,RILP,2,0,2.0,5,50,0.034202
A,RILP,2,0,2.0,5,51,0.034244
A,RILP-Greedy,2,0,2.0,5,42,0.034037
A,RILP-Greedy,2,0,2.0,5,43,0.034272
A,RILP-Greedy,2,0,2.0,5,44,0.034296
A,RILP-Greedy,2,0,2.0,5,45,0.034166
A,RILP-Greedy,2,0,2.0,5,46,0.034208
A,RILP-Greedy,2,0,2.0,5,47,0.034278
A,RILP-Greedy,2,0,2.0,5,48,0.034035
A,RILP-Greedy,2,0,2.0,5,49,0.034222
A,RILP-Greedy,2,0,2.0,5,50,0.034202
A,RILP-Greedy,2,0,2.0,5,51,0.034244
A,Nam2023b,2,0,2.0,5,42,0.197731
A,Nam2023b,2,0,2.0,5,43,0.197839
A,Nam2023b,2,0,2.0,5,44,0.198032
A,Nam2023b,2,0,2.0,5,45,0.197664
A,Nam2023b,2,0,2.0,5,46,0.197725
A,Nam2023b,2,0,2.0,5,47,0.197666
A,Nam2023b,2,0,2.0,5,48,0.197701
A,Nam2023b,2,0,2.0,5,49,0.197907
A,Nam2023b,2,0,2.0,5,50,0.198186
A,Nam2023b,2,0,2.0,5,51,0.198304
A,Nam2025,2,0,2.0,5,42,0.034037
A,Nam2025,2,0,2.0,5,43,0.034272
A,Nam2025,2,0,2.0,5,44,0.034296
A,Nam2025,2,0,2.0,5,45,0.034166
A,Nam2025,2,0,2.0,5,46,0.034208
A,Nam2025,2,0,2.0,5,47,0.034278
A,Nam2025,2,0,2.0,5,48,0.034035
A,Nam2025,2,0,2.0,5,49,0.034222
A,Nam2025,2,0,2.0,5,50,0.034202
A,Nam2025,2,0,2.0,5,51,0.034244
A,Youn2026,2,0,2.0,5,42,0.034037
A,Youn2026,2,0,2.0,5,43,0.034272
A,Youn2026,2,0,2.0,5,44,0.034296
A,Youn2026,2,0,2.0,5,45,0.034166
A,Youn2026,2,0,2.0,5,46,0.034208
A,Youn2026,2,0,2.0,5,47,0.034278
A,Youn2026,2,0,2.0,5,48,0.034035
A,Youn2026,2,0,2.0,5,49,0.034222
A,Youn2026,2,0,2.0,5,50,0.034202
A,Youn2026,2,0,2.0,5,51,0.034244
A,V2I-Base,2,0,2.0,5,42,0.034037
A,V2I-Base,2,0,2.0,5,43,0.034272
A,V2I-Base,2,0,2.0,5,44,0.034296
A,V2I-Base,2,0,2.0,5,45,0.034166
A,V2I-Base,2,0,2.0,5,46,0.034208
A,V2I-Base,2,0,2.0,5,47,0.034278
A,V2I-Base,2,0,2.0,5,48,0.034035
A,V2I-Base,2,0,2.0,5,49,0.034222
A,V2I-Base,2,0,2.0,5,50,0.034202
A,V2I-Base,2,0,2.0,5,51,0.034244
A,V2V-Base,2,0,2.0,5,42,6e-06
A,V2V-Base,2,0,2.0,5,43,5e-06
A,V2V-Base,2,0,2.0,5,44,5e-06
A,V2V-Base,2,0,2.0,5,45,7e-06
A,V2V-Base,2,0,2.0,5,46,5e-06
A,V2V-Base,2,0,2.0,5,47,7e-06
A,V2V-Base,2,0,2.0,5,48,5e-06
A,V2V-Base,2,0,2.0,5,49,4e-06
A,V2V-Base,2,0,2.0,5,50,3e-06
A,V2V-Base,2,0,2.0,5,51,6e-06
A,Random-K,2,0,2.0,5,42,0.000111
A,Random-K,2,0,2.0,5,43,0.000109
A,Random-K,2,0,2.0,5,44,0.000129
A,Random-K,2,0,2.0,5,45,0.000119
A,Random-K,2,0,2.0,5,46,8.8e-05
A,Random-K,2,0,2.0,5,47,7.5e-05
A,Random-K,2,0,2.0,5,48,0.000106
A,Random-K,2,0,2.0,5,49,9e-05
A,Random-K,2,0,2.0,5,50,0.000104
A,Random-K,2,0,2.0,5,51,0.000137
A,RILP,2,0,3.0,5,42,0.034037
A,RILP,2,0,3.0,5,43,0.034272
A,RILP,2,0,3.0,5,44,0.034296
A,RILP,2,0,3.0,5,45,0.034166
A,RILP,2,0,3.0,5,46,0.034208
A,RILP,2,0,3.0,5,47,0.034278
A,RILP,2,0,3.0,5,48,0.034035
A,RILP,2,0,3.0,5,49,0.034222
A,RILP,2,0,3.0,5,50,0.034202
A,RILP,2,0,3.0,5,51,0.034244
A,RILP-Greedy,2,0,3.0,5,42,0.034037
A,RILP-Greedy,2,0,3.0,5,43,0.034272
A,RILP-Greedy,2,0,3.0,5,44,0.034296
A,RILP-Greedy,2,0,3.0,5,45,0.034166
A,RILP-Greedy,2,0,3.0,5,46,0.034208
A,RILP-Greedy,2,0,3.0,5,47,0.034278
A,RILP-Greedy,2,0,3.0,5,48,0.034035
A,RILP-Greedy,2,0,3.0,5,49,0.034222
A,RILP-Greedy,2,0,3.0,5,50,0.034202
A,RILP-Greedy,2,0,3.0,5,51,0.034244
A,Nam2023b,2,0,3.0,5,42,0.197731
A,Nam2023b,2,0,3.0,5,43,0.197839
A,Nam2023b,2,0,3.0,5,44,0.198032
A,Nam2023b,2,0,3.0,5,45,0.197664
A,Nam2023b,2,0,3.0,5,46,0.197725
A,Nam2023b,2,0,3.0,5,47,0.197666
A,Nam2023b,2,0,3.0,5,48,0.197701
A,Nam2023b,2,0,3.0,5,49,0.197907
A,Nam2023b,2,0,3.0,5,50,0.198186
A,Nam2023b,2,0,3.0,5,51,0.198304
A,Nam2025,2,0,3.0,5,42,0.034037
A,Nam2025,2,0,3.0,5,43,0.034272
A,Nam2025,2,0,3.0,5,44,0.034296
A,Nam2025,2,0,3.0,5,45,0.034166
A,Nam2025,2,0,3.0,5,46,0.034208
A,Nam2025,2,0,3.0,5,47,0.034278
A,Nam2025,2,0,3.0,5,48,0.034035
A,Nam2025,2,0,3.0,5,49,0.034222
A,Nam2025,2,0,3.0,5,50,0.034202
A,Nam2025,2,0,3.0,5,51,0.034244
A,Youn2026,2,0,3.0,5,42,0.034037
A,Youn2026,2,0,3.0,5,43,0.034272
A,Youn2026,2,0,3.0,5,44,0.034296
A,Youn2026,2,0,3.0,5,45,0.034166
A,Youn2026,2,0,3.0,5,46,0.034208
A,Youn2026,2,0,3.0,5,47,0.034278
A,Youn2026,2,0,3.0,5,48,0.034035
A,Youn2026,2,0,3.0,5,49,0.034222
A,Youn2026,2,0,3.0,5,50,0.034202
A,Youn2026,2,0,3.0,5,51,0.034244
A,V2I-Base,2,0,3.0,5,42,0.034037
A,V2I-Base,2,0,3.0,5,43,0.034272
A,V2I-Base,2,0,3.0,5,44,0.034296
A,V2I-Base,2,0,3.0,5,45,0.034166
A,V2I-Base,2,0,3.0,5,46,0.034208
A,V2I-Base,2,0,3.0,5,47,0.034278
A,V2I-Base,2,0,3.0,5,48,0.034035
A,V2I-Base,2,0,3.0,5,49,0.034222
A,V2I-Base,2,0,3.0,5,50,0.034202
A,V2I-Base,2,0,3.0,5,51,0.034244
A,V2V-Base,2,0,3.0,5,42,6e-06
A,V2V-Base,2,0,3.0,5,43,5e-06
A,V2V-Base,2,0,3.0,5,44,5e-06
A,V2V-Base,2,0,3.0,5,45,7e-06
A,V2V-Base,2,0,3.0,5,46,5e-06
A,V2V-Base,2,0,3.0,5,47,7e-06
A,V2V-Base,2,0,3.0,5,48,5e-06
A,V2V-Base,2,0,3.0,5,49,4e-06
A,V2V-Base,2,0,3.0,5,50,3e-06
A,V2V-Base,2,0,3.0,5,51,6e-06
A,Random-K,2,0,3.0,5,42,0.000111
A,Random-K,2,0,3.0,5,43,0.000109
A,Random-K,2,0,3.0,5,44,0.000129
A,Random-K,2,0,3.0,5,45,0.000119
A,Random-K,2,0,3.0,5,46,8.8e-05
A,Random-K,2,0,3.0,5,47,7.5e-05
A,Random-K,2,0,3.0,5,48,0.000106
A,Random-K,2,0,3.0,5,49,9e-05
A,Random-K,2,0,3.0,5,50,0.000104
A,Random-K,2,0,3.0,5,51,0.000137
A,RILP,2,10,0.0,5,42,0.034037
A,RILP,2,10,0.0,5,43,0.034272
A,RILP,2,10,0.0,5,44,0.034296
A,RILP,2,10,0.0,5,45,0.034166
A,RILP,2,10,0.0,5,46,0.034208
A,RILP,2,10,0.0,5,47,0.034278
A,RILP,2,10,0.0,5,48,0.034035
A,RILP,2,10,0.0,5,49,0.034222
A,RILP,2,10,0.0,5,50,0.034202
A,RILP,2,10,0.0,5,51,0.034244
A,RILP-Greedy,2,10,0.0,5,42,0.034037
A,RILP-Greedy,2,10,0.0,5,43,0.034272
A,RILP-Greedy,2,10,0.0,5,44,0.034296
A,RILP-Greedy,2,10,0.0,5,45,0.034166
A,RILP-Greedy,2,10,0.0,5,46,0.034208
A,RILP-Greedy,2,10,0.0,5,47,0.034278
A,RILP-Greedy,2,10,0.0,5,48,0.034035
A,RILP-Greedy,2,10,0.0,5,49,0.034222
A,RILP-Greedy,2,10,0.0,5,50,0.034202
A,RILP-Greedy,2,10,0.0,5,51,0.034244
A,Nam2023b,2,10,0.0,5,42,0.197731
A,Nam2023b,2,10,0.0,5,43,0.197839
A,Nam2023b,2,10,0.0,5,44,0.198032
A,Nam2023b,2,10,0.0,5,45,0.197664
A,Nam2023b,2,10,0.0,5,46,0.197725
A,Nam2023b,2,10,0.0,5,47,0.197666
A,Nam2023b,2,10,0.0,5,48,0.197701
A,Nam2023b,2,10,0.0,5,49,0.197907
A,Nam2023b,2,10,0.0,5,50,0.198186
A,Nam2023b,2,10,0.0,5,51,0.198304
A,Nam2025,2,10,0.0,5,42,0.034037
A,Nam2025,2,10,0.0,5,43,0.034272
A,Nam2025,2,10,0.0,5,44,0.034296
A,Nam2025,2,10,0.0,5,45,0.034166
A,Nam2025,2,10,0.0,5,46,0.034208
A,Nam2025,2,10,0.0,5,47,0.034278
A,Nam2025,2,10,0.0,5,48,0.034035
A,Nam2025,2,10,0.0,5,49,0.034222
A,Nam2025,2,10,0.0,5,50,0.034202
A,Nam2025,2,10,0.0,5,51,0.034244
A,Youn2026,2,10,0.0,5,42,0.034037
A,Youn2026,2,10,0.0,5,43,0.034272
A,Youn2026,2,10,0.0,5,44,0.034296
A,Youn2026,2,10,0.0,5,45,0.034166
A,Youn2026,2,10,0.0,5,46,0.034208
A,Youn2026,2,10,0.0,5,47,0.034278
A,Youn2026,2,10,0.0,5,48,0.034035
A,Youn2026,2,10,0.0,5,49,0.034222
A,Youn2026,2,10,0.0,5,50,0.034202
A,Youn2026,2,10,0.0,5,51,0.034244
A,V2I-Base,2,10,0.0,5,42,0.034037
A,V2I-Base,2,10,0.0,5,43,0.034272
A,V2I-Base,2,10,0.0,5,44,0.034296
A,V2I-Base,2,10,0.0,5,45,0.034166
A,V2I-Base,2,10,0.0,5,46,0.034208
A,V2I-Base,2,10,0.0,5,47,0.034278
A,V2I-Base,2,10,0.0,5,48,0.034035
A,V2I-Base,2,10,0.0,5,49,0.034222
A,V2I-Base,2,10,0.0,5,50,0.034202
A,V2I-Base,2,10,0.0,5,51,0.034244
A,V2V-Base,2,10,0.0,5,42,6e-06
A,V2V-Base,2,10,0.0,5,43,5e-06
A,V2V-Base,2,10,0.0,5,44,5e-06
A,V2V-Base,2,10,0.0,5,45,7e-06
A,V2V-Base,2,10,0.0,5,46,5e-06
A,V2V-Base,2,10,0.0,5,47,7e-06
A,V2V-Base,2,10,0.0,5,48,5e-06
A,V2V-Base,2,10,0.0,5,49,4e-06
A,V2V-Base,2,10,0.0,5,50,3e-06
A,V2V-Base,2,10,0.0,5,51,6e-06
A,Random-K,2,10,0.0,5,42,0.000111
A,Random-K,2,10,0.0,5,43,0.000109
A,Random-K,2,10,0.0,5,44,0.000129
A,Random-K,2,10,0.0,5,45,0.000119
A,Random-K,2,10,0.0,5,46,8.8e-05
A,Random-K,2,10,0.0,5,47,7.5e-05
A,Random-K,2,10,0.0,5,48,0.000106
A,Random-K,2,10,0.0,5,49,9e-05
A,Random-K,2,10,0.0,5,50,0.000104
A,Random-K,2,10,0.0,5,51,0.000137
A,RILP,2,10,1.0,5,42,0.034037
A,RILP,2,10,1.0,5,43,0.034272
A,RILP,2,10,1.0,5,44,0.034296
A,RILP,2,10,1.0,5,45,0.034166
A,RILP,2,10,1.0,5,46,0.034208
A,RILP,2,10,1.0,5,47,0.034278
A,RILP,2,10,1.0,5,48,0.034035
A,RILP,2,10,1.0,5,49,0.034222
A,RILP,2,10,1.0,5,50,0.034202
A,RILP,2,10,1.0,5,51,0.034244
A,RILP-Greedy,2,10,1.0,5,42,0.034037
A,RILP-Greedy,2,10,1.0,5,43,0.034272
A,RILP-Greedy,2,10,1.0,5,44,0.034296
A,RILP-Greedy,2,10,1.0,5,45,0.034166
A,RILP-Greedy,2,10,1.0,5,46,0.034208
A,RILP-Greedy,2,10,1.0,5,47,0.034278
A,RILP-Greedy,2,10,1.0,5,48,0.034035
A,RILP-Greedy,2,10,1.0,5,49,0.034222
A,RILP-Greedy,2,10,1.0,5,50,0.034202
A,RILP-Greedy,2,10,1.0,5,51,0.034244
A,Nam2023b,2,10,1.0,5,42,0.197731
A,Nam2023b,2,10,1.0,5,43,0.197839
A,Nam2023b,2,10,1.0,5,44,0.198032
A,Nam2023b,2,10,1.0,5,45,0.197664
A,Nam2023b,2,10,1.0,5,46,0.197725
A,Nam2023b,2,10,1.0,5,47,0.197666
A,Nam2023b,2,10,1.0,5,48,0.197701
A,Nam2023b,2,10,1.0,5,49,0.197907
A,Nam2023b,2,10,1.0,5,50,0.198186
A,Nam2023b,2,10,1.0,5,51,0.198304
A,Nam2025,2,10,1.0,5,42,0.034037
A,Nam2025,2,10,1.0,5,43,0.034272
A,Nam2025,2,10,1.0,5,44,0.034296
A,Nam2025,2,10,1.0,5,45,0.034166
A,Nam2025,2,10,1.0,5,46,0.034208
A,Nam2025,2,10,1.0,5,47,0.034278
A,Nam2025,2,10,1.0,5,48,0.034035
A,Nam2025,2,10,1.0,5,49,0.034222
A,Nam2025,2,10,1.0,5,50,0.034202
A,Nam2025,2,10,1.0,5,51,0.034244
A,Youn2026,2,10,1.0,5,42,0.034037
A,Youn2026,2,10,1.0,5,43,0.034272
A,Youn2026,2,10,1.0,5,44,0.034296
A,Youn2026,2,10,1.0,5,45,0.034166
A,Youn2026,2,10,1.0,5,46,0.034208
A,Youn2026,2,10,1.0,5,47,0.034278
A,Youn2026,2,10,1.0,5,48,0.034035
A,Youn2026,2,10,1.0,5,49,0.034222
A,Youn2026,2,10,1.0,5,50,0.034202
A,Youn2026,2,10,1.0,5,51,0.034244
A,V2I-Base,2,10,1.0,5,42,0.034037
A,V2I-Base,2,10,1.0,5,43,0.034272
A,V2I-Base,2,10,1.0,5,44,0.034296
A,V2I-Base,2,10,1.0,5,45,0.034166
A,V2I-Base,2,10,1.0,5,46,0.034208
A,V2I-Base,2,10,1.0,5,47,0.034278
A,V2I-Base,2,10,1.0,5,48,0.034035
A,V2I-Base,2,10,1.0,5,49,0.034222
A,V2I-Base,2,10,1.0,5,50,0.034202
A,V2I-Base,2,10,1.0,5,51,0.034244
A,V2V-Base,2,10,1.0,5,42,6e-06
A,V2V-Base,2,10,1.0,5,43,5e-06
A,V2V-Base,2,10,1.0,5,44,5e-06
A,V2V-Base,2,10,1.0,5,45,7e-06
A,V2V-Base,2,10,1.0,5,46,5e-06
A,V2V-Base,2,10,1.0,5,47,7e-06
A,V2V-Base,2,10,1.0,5,48,5e-06
A,V2V-Base,2,10,1.0,5,49,4e-06
A,V2V-Base,2,10,1.0,5,50,3e-06
A,V2V-Base,2,10,1.0,5,51,6e-06
A,Random-K,2,10,1.0,5,42,0.000111
A,Random-K,2,10,1.0,5,43,0.000109
A,Random-K,2,10,1.0,5,44,0.000129
A,Random-K,2,10,1.0,5,45,0.000119
A,Random-K,2,10,1.0,5,46,8.8e-05
A,Random-K,2,10,1.0,5,47,7.5e-05
A,Random-K,2,10,1.0,5,48,0.000106
A,Random-K,2,10,1.0,5,49,9e-05
A,Random-K,2,10,1.0,5,50,0.000104
A,Random-K,2,10,1.0,5,51,0.000137
A,RILP,2,10,2.0,5,42,0.034037
A,RILP,2,10,2.0,5,43,0.034272
A,RILP,2,10,2.0,5,44,0.034296
A,RILP,2,10,2.0,5,45,0.034166
A,RILP,2,10,2.0,5,46,0.034208
A,RILP,2,10,2.0,5,47,0.034278
A,RILP,2,10,2.0,5,48,0.034035
A,RILP,2,10,2.0,5,49,0.034222
A,RILP,2,10,2.0,5,50,0.034202
A,RILP,2,10,2.0,5,51,0.034244
A,RILP-Greedy,2,10,2.0,5,42,0.034037
A,RILP-Greedy,2,10,2.0,5,43,0.034272
A,RILP-Greedy,2,10,2.0,5,44,0.034296
A,RILP-Greedy,2,10,2.0,5,45,0.034166
A,RILP-Greedy,2,10,2.0,5,46,0.034208
A,RILP-Greedy,2,10,2.0,5,47,0.034278
A,RILP-Greedy,2,10,2.0,5,48,0.034035
A,RILP-Greedy,2,10,2.0,5,49,0.034222
A,RILP-Greedy,2,10,2.0,5,50,0.034202
A,RILP-Greedy,2,10,2.0,5,51,0.034244
A,Nam2023b,2,10,2.0,5,42,0.197731
A,Nam2023b,2,10,2.0,5,43,0.197839
A,Nam2023b,2,10,2.0,5,44,0.198032
A,Nam2023b,2,10,2.0,5,45,0.197664
A,Nam2023b,2,10,2.0,5,46,0.197725
A,Nam2023b,2,10,2.0,5,47,0.197666
A,Nam2023b,2,10,2.0,5,48,0.197701
A,Nam2023b,2,10,2.0,5,49,0.197907
A,Nam2023b,2,10,2.0,5,50,0.198186
A,Nam2023b,2,10,2.0,5,51,0.198304
A,Nam2025,2,10,2.0,5,42,0.034037
A,Nam2025,2,10,2.0,5,43,0.034272
A,Nam2025,2,10,2.0,5,44,0.034296
A,Nam2025,2,10,2.0,5,45,0.034166
A,Nam2025,2,10,2.0,5,46,0.034208
A,Nam2025,2,10,2.0,5,47,0.034278
A,Nam2025,2,10,2.0,5,48,0.034035
A,Nam2025,2,10,2.0,5,49,0.034222
A,Nam2025,2,10,2.0,5,50,0.034202
A,Nam2025,2,10,2.0,5,51,0.034244
A,Youn2026,2,10,2.0,5,42,0.034037
A,Youn2026,2,10,2.0,5,43,0.034272
A,Youn2026,2,10,2.0,5,44,0.034296
A,Youn2026,2,10,2.0,5,45,0.034166
A,Youn2026,2,10,2.0,5,46,0.034208
A,Youn2026,2,10,2.0,5,47,0.034278
A,Youn2026,2,10,2.0,5,48,0.034035
A,Youn2026,2,10,2.0,5,49,0.034222
A,Youn2026,2,10,2.0,5,50,0.034202
A,Youn2026,2,10,2.0,5,51,0.034244
A,V2I-Base,2,10,2.0,5,42,0.034037
A,V2I-Base,2,10,2.0,5,43,0.034272
A,V2I-Base,2,10,2.0,5,44,0.034296
A,V2I-Base,2,10,2.0,5,45,0.034166
A,V2I-Base,2,10,2.0,5,46,0.034208
A,V2I-Base,2,10,2.0,5,47,0.034278
A,V2I-Base,2,10,2.0,5,48,0.034035
A,V2I-Base,2,10,2.0,5,49,0.034222
A,V2I-Base,2,10,2.0,5,50,0.034202
A,V2I-Base,2,10,2.0,5,51,0.034244
A,V2V-Base,2,10,2.0,5,42,6e-06
A,V2V-Base,2,10,2.0,5,43,5e-06
A,V2V-Base,2,10,2.0,5,44,5e-06
A,V2V-Base,2,10,2.0,5,45,7e-06
A,V2V-Base,2,10,2.0,5,46,5e-06
A,V2V-Base,2,10,2.0,5,47,7e-06
A,V2V-Base,2,10,2.0,5,48,5e-06
A,V2V-Base,2,10,2.0,5,49,4e-06
A,V2V-Base,2,10,2.0,5,50,3e-06
A,V2V-Base,2,10,2.0,5,51,6e-06
A,Random-K,2,10,2.0,5,42,0.000111
A,Random-K,2,10,2.0,5,43,0.000109
A,Random-K,2,10,2.0,5,44,0.000129
A,Random-K,2,10,2.0,5,45,0.000119
A,Random-K,2,10,2.0,5,46,8.8e-05
A,Random-K,2,10,2.0,5,47,7.5e-05
A,Random-K,2,10,2.0,5,48,0.000106
A,Random-K,2,10,2.0,5,49,9e-05
A,Random-K,2,10,2.0,5,50,0.000104
A,Random-K,2,10,2.0,5,51,0.000137
A,RILP,2,10,3.0,5,42,0.034037
A,RILP,2,10,3.0,5,43,0.034272
A,RILP,2,10,3.0,5,44,0.034296
A,RILP,2,10,3.0,5,45,0.034166
A,RILP,2,10,3.0,5,46,0.034208
A,RILP,2,10,3.0,5,47,0.034278
A,RILP,2,10,3.0,5,48,0.034035
A,RILP,2,10,3.0,5,49,0.034222
A,RILP,2,10,3.0,5,50,0.034202
A,RILP,2,10,3.0,5,51,0.034244
A,RILP-Greedy,2,10,3.0,5,42,0.034037
A,RILP-Greedy,2,10,3.0,5,43,0.034272
A,RILP-Greedy,2,10,3.0,5,44,0.034296
A,RILP-Greedy,2,10,3.0,5,45,0.034166
A,RILP-Greedy,2,10,3.0,5,46,0.034208
A,RILP-Greedy,2,10,3.0,5,47,0.034278
A,RILP-Greedy,2,10,3.0,5,48,0.034035
A,RILP-Greedy,2,10,3.0,5,49,0.034222
A,RILP-Greedy,2,10,3.0,5,50,0.034202
A,RILP-Greedy,2,10,3.0,5,51,0.034244
A,Nam2023b,2,10,3.0,5,42,0.197731
A,Nam2023b,2,10,3.0,5,43,0.197839
A,Nam2023b,2,10,3.0,5,44,0.198032
A,Nam2023b,2,10,3.0,5,45,0.197664
A,Nam2023b,2,10,3.0,5,46,0.197725
A,Nam2023b,2,10,3.0,5,47,0.197666
A,Nam2023b,2,10,3.0,5,48,0.197701
A,Nam2023b,2,10,3.0,5,49,0.197907
A,Nam2023b,2,10,3.0,5,50,0.198186
A,Nam2023b,2,10,3.0,5,51,0.198304
A,Nam2025,2,10,3.0,5,42,0.034037
A,Nam2025,2,10,3.0,5,43,0.034272
A,Nam2025,2,10,3.0,5,44,0.034296
A,Nam2025,2,10,3.0,5,45,0.034166
A,Nam2025,2,10,3.0,5,46,0.034208
A,Nam2025,2,10,3.0,5,47,0.034278
A,Nam2025,2,10,3.0,5,48,0.034035
A,Nam2025,2,10,3.0,5,49,0.034222
A,Nam2025,2,10,3.0,5,50,0.034202
A,Nam2025,2,10,3.0,5,51,0.034244
A,Youn2026,2,10,3.0,5,42,0.034037
A,Youn2026,2,10,3.0,5,43,0.034272
A,Youn2026,2,10,3.0,5,44,0.034296
A,Youn2026,2,10,3.0,5,45,0.034166
A,Youn2026,2,10,3.0,5,46,0.034208
A,Youn2026,2,10,3.0,5,47,0.034278
A,Youn2026,2,10,3.0,5,48,0.034035
A,Youn2026,2,10,3.0,5,49,0.034222
A,Youn2026,2,10,3.0,5,50,0.034202
A,Youn2026,2,10,3.0,5,51,0.034244
A,V2I-Base,2,10,3.0,5,42,0.034037
A,V2I-Base,2,10,3.0,5,43,0.034272
A,V2I-Base,2,10,3.0,5,44,0.034296
A,V2I-Base,2,10,3.0,5,45,0.034166
A,V2I-Base,2,10,3.0,5,46,0.034208
A,V2I-Base,2,10,3.0,5,47,0.034278
A,V2I-Base,2,10,3.0,5,48,0.034035
A,V2I-Base,2,10,3.0,5,49,0.034222
A,V2I-Base,2,10,3.0,5,50,0.034202
A,V2I-Base,2,10,3.0,5,51,0.034244
A,V2V-Base,2,10,3.0,5,42,6e-06
A,V2V-Base,2,10,3.0,5,43,5e-06
A,V2V-Base,2,10,3.0,5,44,5e-06
A,V2V-Base,2,10,3.0,5,45,7e-06
A,V2V-Base,2,10,3.0,5,46,5e-06
A,V2V-Base,2,10,3.0,5,47,7e-06
A,V2V-Base,2,10,3.0,5,48,5e-06
A,V2V-Base,2,10,3.0,5,49,4e-06
A,V2V-Base,2,10,3.0,5,50,3e-06
A,V2V-Base,2,10,3.0,5,51,6e-06
A,Random-K,2,10,3.0,5,42,0.000111
A,Random-K,2,10,3.0,5,43,0.000109
A,Random-K,2,10,3.0,5,44,0.000129
A,Random-K,2,10,3.0,5,45,0.000119
A,Random-K,2,10,3.0,5,46,8.8e-05
A,Random-K,2,10,3.0,5,47,7.5e-05
A,Random-K,2,10,3.0,5,48,0.000106
A,Random-K,2,10,3.0,5,49,9e-05
A,Random-K,2,10,3.0,5,50,0.000104
A,Random-K,2,10,3.0,5,51,0.000137
A,RILP,2,20,0.0,5,42,0.034037
A,RILP,2,20,0.0,5,43,0.034272
A,RILP,2,20,0.0,5,44,0.034296
A,RILP,2,20,0.0,5,45,0.034166
A,RILP,2,20,0.0,5,46,0.034208
A,RILP,2,20,0.0,5,47,0.034278
A,RILP,2,20,0.0,5,48,0.034035
A,RILP,2,20,0.0,5,49,0.034222
A,RILP,2,20,0.0,5,50,0.034202
A,RILP,2,20,0.0,5,51,0.034244
A,RILP-Greedy,2,20,0.0,5,42,0.034037
A,RILP-Greedy,2,20,0.0,5,43,0.034272
A,RILP-Greedy,2,20,0.0,5,44,0.034296
A,RILP-Greedy,2,20,0.0,5,45,0.034166
A,RILP-Greedy,2,20,0.0,5,46,0.034208
A,RILP-Greedy,2,20,0.0,5,47,0.034278
A,RILP-Greedy,2,20,0.0,5,48,0.034035
A,RILP-Greedy,2,20,0.0,5,49,0.034222
A,RILP-Greedy,2,20,0.0,5,50,0.034202
A,RILP-Greedy,2,20,0.0,5,51,0.034244
A,Nam2023b,2,20,0.0,5,42,0.197731
A,Nam2023b,2,20,0.0,5,43,0.197839
A,Nam2023b,2,20,0.0,5,44,0.198032
A,Nam2023b,2,20,0.0,5,45,0.197664
A,Nam2023b,2,20,0.0,5,46,0.197725
A,Nam2023b,2,20,0.0,5,47,0.197666
A,Nam2023b,2,20,0.0,5,48,0.197701
A,Nam2023b,2,20,0.0,5,49,0.197907
A,Nam2023b,2,20,0.0,5,50,0.198186
A,Nam2023b,2,20,0.0,5,51,0.198304
A,Nam2025,2,20,0.0,5,42,0.034037
A,Nam2025,2,20,0.0,5,43,0.034272
A,Nam2025,2,20,0.0,5,44,0.034296
A,Nam2025,2,20,0.0,5,45,0.034166
A,Nam2025,2,20,0.0,5,46,0.034208
A,Nam2025,2,20,0.0,5,47,0.034278
A,Nam2025,2,20,0.0,5,48,0.034035
A,Nam2025,2,20,0.0,5,49,0.034222
A,Nam2025,2,20,0.0,5,50,0.034202
A,Nam2025,2,20,0.0,5,51,0.034244
A,Youn2026,2,20,0.0,5,42,0.034037
A,Youn2026,2,20,0.0,5,43,0.034272
A,Youn2026,2,20,0.0,5,44,0.034296
A,Youn2026,2,20,0.0,5,45,0.034166
A,Youn2026,2,20,0.0,5,46,0.034208
A,Youn2026,2,20,0.0,5,47,0.034278
A,Youn2026,2,20,0.0,5,48,0.034035
A,Youn2026,2,20,0.0,5,49,0.034222
A,Youn2026,2,20,0.0,5,50,0.034202
A,Youn2026,2,20,0.0,5,51,0.034244
A,V2I-Base,2,20,0.0,5,42,0.034037
A,V2I-Base,2,20,0.0,5,43,0.034272
A,V2I-Base,2,20,0.0,5,44,0.034296
A,V2I-Base,2,20,0.0,5,45,0.034166
A,V2I-Base,2,20,0.0,5,46,0.034208
A,V2I-Base,2,20,0.0,5,47,0.034278
A,V2I-Base,2,20,0.0,5,48,0.034035
A,V2I-Base,2,20,0.0,5,49,0.034222
A,V2I-Base,2,20,0.0,5,50,0.034202
A,V2I-Base,2,20,0.0,5,51,0.034244
A,V2V-Base,2,20,0.0,5,42,6e-06
A,V2V-Base,2,20,0.0,5,43,5e-06
A,V2V-Base,2,20,0.0,5,44,5e-06
A,V2V-Base,2,20,0.0,5,45,7e-06
A,V2V-Base,2,20,0.0,5,46,5e-06
A,V2V-Base,2,20,0.0,5,47,7e-06
A,V2V-Base,2,20,0.0,5,48,5e-06
A,V2V-Base,2,20,0.0,5,49,4e-06
A,V2V-Base,2,20,0.0,5,50,3e-06
A,V2V-Base,2,20,0.0,5,51,6e-06
A,Random-K,2,20,0.0,5,42,0.000111
A,Random-K,2,20,0.0,5,43,0.000109
A,Random-K,2,20,0.0,5,44,0.000129
A,Random-K,2,20,0.0,5,45,0.000119
A,Random-K,2,20,0.0,5,46,0.001028
A,Random-K,2,20,0.0,5,47,0.001088
A,Random-K,2,20,0.0,5,48,0.001148
A,Random-K,2,20,0.0,5,49,0.001327
A,Random-K,2,20,0.0,5,50,0.001162
A,Random-K,2,20,0.0,5,51,0.001243
A,RILP,2,20,1.0,5,42,0.033911
A,RILP,2,20,1.0,5,43,0.034236
A,RILP,2,20,1.0,5,44,0.034269
A,RILP,2,20,1.0,5,45,0.03428
A,RILP,2,20,1.0,5,46,0.034427
A,RILP,2,20,1.0,5,47,0.034959
A,RILP,2,20,1.0,5,48,0.034183
A,RILP,2,20,1.0,5,49,0.034266
A,RILP,2,20,1.0,5,50,0.034051
A,RILP,2,20,1.0,5,51,0.034328
A,RILP-Greedy,2,20,1.0,5,42,0.033911
A,RILP-Greedy,2,20,1.0,5,43,0.034236
A,RILP-Greedy,2,20,1.0,5,44,0.034269
A,RILP-Greedy,2,20,1.0,5,45,0.03428
A,RILP-Greedy,2,20,1.0,5,46,0.034427
A,RILP-Greedy,2,20,1.0,5,47,0.034959
A,RILP-Greedy,2,20,1.0,5,48,0.034183
A,RILP-Greedy,2,20,1.0,5,49,0.034266
A,RILP-Greedy,2,20,1.0,5,50,0.034051
A,RILP-Greedy,2,20,1.0,5,51,0.034328
A,Nam2023b,2,20,1.0,5,42,0.198093
A,Nam2023b,2,20,1.0,5,43,0.198256
A,Nam2023b,2,20,1.0,5,44,0.198248
A,Nam2023b,2,20,1.0,5,45,0.197388
A,Nam2023b,2,20,1.0,5,46,0.198368
A,Nam2023b,2,20,1.0,5,47,0.198268
A,Nam2023b,2,20,1.0,5,48,0.198362
A,Nam2023b,2,20,1.0,5,49,0.197851
A,Nam2023b,2,20,1.0,5,50,0.198689
A,Nam2023b,2,20,1.0,5,51,0.198199
A,Nam2025,2,20,1.0,5,42,0.033911
A,Nam2025,2,20,1.0,5,43,0.034236
A,Nam2025,2,20,1.0,5,44,0.034269
A,Nam2025,2,20,1.0,5,45,0.03428
A,Nam2025,2,20,1.0,5,46,0.034427
A,Nam2025,2,20,1.0,5,47,0.034959
A,Nam2025,2,20,1.0,5,48,0.034183
A,Nam2025,2,20,1.0,5,49,0.034266
A,Nam2025,2,20,1.0,5,50,0.034051
A,Nam2025,2,20,1.0,5,51,0.034328
A,Youn2026,2,20,1.0,5,42,0.033911
A,Youn2026,2,20,1.0,5,43,0.034236
A,Youn2026,2,20,1.0,5,44,0.034269
A,Youn2026,2,20,1.0,5,45,0.03428
A,Youn2026,2,20,1.0,5,46,0.034427
A,Youn2026,2,20,1.0,5,47,0.034959
A,Youn2026,2,20,1.0,5,48,0.034183
A,Youn2026,2,20,1.0,5,49,0.034266
A,Youn2026,2,20,1.0,5,50,0.034051
A,Youn2026,2,20,1.0,5,51,0.034328
A,V2I-Base,2,20,1.0,5,42,0.033911
A,V2I-Base,2,20,1.0,5,43,0.034236
A,V2I-Base,2,20,1.0,5,44,0.034269
A,V2I-Base,2,20,1.0,5,45,0.03428
A,V2I-Base,2,20,1.0,5,46,0.034427
A,V2I-Base,2,20,1.0,5,47,0.034959
A,V2I-Base,2,20,1.0,5,48,0.034183
A,V2I-Base,2,20,1.0,5,49,0.034266
A,V2I-Base,2,20,1.0,5,50,0.034051
A,V2I-Base,2,20,1.0,5,51,0.034328
A,V2V-Base,2,20,1.0,5,42,5.3e-05
A,V2V-Base,2,20,1.0,5,43,5.4e-05
A,V2V-Base,2,20,1.0,5,44,4.1e-05
A,V2V-Base,2,20,1.0,5,45,6.1e-05
A,V2V-Base,2,20,1.0,5,46,4.1e-05
A,V2V-Base,2,20,1.0,5,47,3.9e-05
A,V2V-Base,2,20,1.0,5,48,4.5e-05
A,V2V-Base,2,20,1.0,5,49,4.3e-05
A,V2V-Base,2,20,1.0,5,50,4.7e-05
A,V2V-Base,2,20,1.0,5,51,5.1e-05
A,Random-K,2,20,1.0,5,42,0.001237
A,Random-K,2,20,1.0,5,43,0.001307
A,Random-K,2,20,1.0,5,44,0.001013
A,Random-K,2,20,1.0,5,45,0.001165
A,Random-K,2,20,1.0,5,46,0.001028
A,Random-K,2,20,1.0,5,47,0.001088
A,Random-K,2,20,1.0,5,48,0.001148
A,Random-K,2,20,1.0,5,49,0.001327
A,Random-K,2,20,1.0,5,50,0.001162
A,Random-K,2,20,1.0,5,51,0.001243
A,RILP,2,20,2.0,5,42,0.033911
A,RILP,2,20,2.0,5,43,0.034236
A,RILP,2,20,2.0,5,44,0.034269
A,RILP,2,20,2.0,5,45,0.03428
A,RILP,2,20,2.0,5,46,0.034427
A,RILP,2,20,2.0,5,47,0.034959
A,RILP,2,20,2.0,5,48,0.034183
A,RILP,2,20,2.0,5,49,0.034266
A,RILP,2,20,2.0,5,50,0.034051
A,RILP,2,20,2.0,5,51,0.034328
A,RILP-Greedy,2,20,2.0,5,42,0.033911
A,RILP-Greedy,2,20,2.0,5,43,0.034236
A,RILP-Greedy,2,20,2.0,5,44,0.034269
A,RILP-Greedy,2,20,2.0,5,45,0.03428
A,RILP-Greedy,2,20,2.0,5,46,0.034427
A,RILP-Greedy,2,20,2.0,5,47,0.034959
A,RILP-Greedy,2,20,2.0,5,48,0.034183
A,RILP-Greedy,2,20,2.0,5,49,0.034266
A,RILP-Greedy,2,20,2.0,5,50,0.034051
A,RILP-Greedy,2,20,2.0,5,51,0.034328
A,Nam2023b,2,20,2.0,5,42,0.198093
A,Nam2023b,2,20,2.0,5,43,0.198256
A,Nam2023b,2,20,2.0,5,44,0.198248
A,Nam2023b,2,20,2.0,5,45,0.197388
A,Nam2023b,2,20,2.0,5,46,0.198368
A,Nam2023b,2,20,2.0,5,47,0.198268
A,Nam2023b,2,20,2.0,5,48,0.198362
A,Nam2023b,2,20,2.0,5,49,0.197851
A,Nam2023b,2,20,2.0,5,50,0.198689
A,Nam2023b,2,20,2.0,5,51,0.198199
A,Nam2025,2,20,2.0,5,42,0.033911
A,Nam2025,2,20,2.0,5,43,0.034236
A,Nam2025,2,20,2.0,5,44,0.034269
A,Nam2025,2,20,2.0,5,45,0.03428
A,Nam2025,2,20,2.0,5,46,0.034427
A,Nam2025,2,20,2.0,5,47,0.034959
A,Nam2025,2,20,2.0,5,48,0.034183
A,Nam2025,2,20,2.0,5,49,0.034266
A,Nam2025,2,20,2.0,5,50,0.034051
A,Nam2025,2,20,2.0,5,51,0.034328
A,Youn2026,2,20,2.0,5,42,0.033911
A,Youn2026,2,20,2.0,5,43,0.034236
A,Youn2026,2,20,2.0,5,44,0.034269
A,Youn2026,2,20,2.0,5,45,0.03428
A,Youn2026,2,20,2.0,5,46,0.034427
A,Youn2026,2,20,2.0,5,47,0.034959
A,Youn2026,2,20,2.0,5,48,0.034183
A,Youn2026,2,20,2.0,5,49,0.034266
A,Youn2026,2,20,2.0,5,50,0.034051
A,Youn2026,2,20,2.0,5,51,0.034328
A,V2I-Base,2,20,2.0,5,42,0.033911
A,V2I-Base,2,20,2.0,5,43,0.034236
A,V2I-Base,2,20,2.0,5,44,0.034269
A,V2I-Base,2,20,2.0,5,45,0.03428
A,V2I-Base,2,20,2.0,5,46,0.034427
A,V2I-Base,2,20,2.0,5,47,0.034959
A,V2I-Base,2,20,2.0,5,48,0.034183
A,V2I-Base,2,20,2.0,5,49,0.034266
A,V2I-Base,2,20,2.0,5,50,0.034051
A,V2I-Base,2,20,2.0,5,51,0.034328
A,V2V-Base,2,20,2.0,5,42,5.3e-05
A,V2V-Base,2,20,2.0,5,43,5.4e-05
A,V2V-Base,2,20,2.0,5,44,4.1e-05
A,V2V-Base,2,20,2.0,5,45,6.1e-05
A,V2V-Base,2,20,2.0,5,46,4.1e-05
A,V2V-Base,2,20,2.0,5,47,3.9e-05
A,V2V-Base,2,20,2.0,5,48,4.5e-05
A,V2V-Base,2,20,2.0,5,49,4.3e-05
A,V2V-Base,2,20,2.0,5,50,4.7e-05
A,V2V-Base,2,20,2.0,5,51,5.1e-05
A,Random-K,2,20,2.0,5,42,0.001237
A,Random-K,2,20,2.0,5,43,0.001307
A,Random-K,2,20,2.0,5,44,0.001013
A,Random-K,2,20,2.0,5,45,0.001165
A,Random-K,2,20,2.0,5,46,0.001028
A,Random-K,2,20,2.0,5,47,0.001088
A,Random-K,2,20,2.0,5,48,0.001148
A,Random-K,2,20,2.0,5,49,0.001327
A,Random-K,2,20,2.0,5,50,0.001162
A,Random-K,2,20,2.0,5,51,0.001243
A,RILP,2,20,3.0,5,42,0.033911
A,RILP,2,20,3.0,5,43,0.034236
A,RILP,2,20,3.0,5,44,0.034269
A,RILP,2,20,3.0,5,45,0.03428
A,RILP,2,20,3.0,5,46,0.034427
A,RILP,2,20,3.0,5,47,0.034959
A,RILP,2,20,3.0,5,48,0.034183
A,RILP,2,20,3.0,5,49,0.034266
A,RILP,2,20,3.0,5,50,0.034051
A,RILP,2,20,3.0,5,51,0.034328
A,RILP-Greedy,2,20,3.0,5,42,0.033911
A,RILP-Greedy,2,20,3.0,5,43,0.034236
A,RILP-Greedy,2,20,3.0,5,44,0.034269
A,RILP-Greedy,2,20,3.0,5,45,0.03428
A,RILP-Greedy,2,20,3.0,5,46,0.034427
A,RILP-Greedy,2,20,3.0,5,47,0.034959
A,RILP-Greedy,2,20,3.0,5,48,0.034183
A,RILP-Greedy,2,20,3.0,5,49,0.034266
A,RILP-Greedy,2,20,3.0,5,50,0.034051
A,RILP-Greedy,2,20,3.0,5,51,0.034328
A,Nam2023b,2,20,3.0,5,42,0.198093
A,Nam2023b,2,20,3.0,5,43,0.198256
A,Nam2023b,2,20,3.0,5,44,0.198248
A,Nam2023b,2,20,3.0,5,45,0.197388
A,Nam2023b,2,20,3.0,5,46,0.198368
A,Nam2023b,2,20,3.0,5,47,0.198268
A,Nam2023b,2,20,3.0,5,48,0.198362
A,Nam2023b,2,20,3.0,5,49,0.197851
A,Nam2023b,2,20,3.0,5,50,0.198689
A,Nam2023b,2,20,3.0,5,51,0.198199
A,Nam2025,2,20,3.0,5,42,0.033911
A,Nam2025,2,20,3.0,5,43,0.034236
A,Nam2025,2,20,3.0,5,44,0.034269
A,Nam2025,2,20,3.0,5,45,0.03428
A,Nam2025,2,20,3.0,5,46,0.034427
A,Nam2025,2,20,3.0,5,47,0.034959
A,Nam2025,2,20,3.0,5,48,0.034183
A,Nam2025,2,20,3.0,5,49,0.034266
A,Nam2025,2,20,3.0,5,50,0.034051
A,Nam2025,2,20,3.0,5,51,0.034328
A,Youn2026,2,20,3.0,5,42,0.033911
A,Youn2026,2,20,3.0,5,43,0.034236
A,Youn2026,2,20,3.0,5,44,0.034269
A,Youn2026,2,20,3.0,5,45,0.03428
A,Youn2026,2,20,3.0,5,46,0.034427
A,Youn2026,2,20,3.0,5,47,0.034959
A,Youn2026,2,20,3.0,5,48,0.034183
A,Youn2026,2,20,3.0,5,49,0.034266
A,Youn2026,2,20,3.0,5,50,0.034051
A,Youn2026,2,20,3.0,5,51,0.034328
A,V2I-Base,2,20,3.0,5,42,0.033911
A,V2I-Base,2,20,3.0,5,43,0.034236
A,V2I-Base,2,20,3.0,5,44,0.034269
A,V2I-Base,2,20,3.0,5,45,0.03428
A,V2I-Base,2,20,3.0,5,46,0.034427
A,V2I-Base,2,20,3.0,5,47,0.034959
A,V2I-Base,2,20,3.0,5,48,0.034183
A,V2I-Base,2,20,3.0,5,49,0.034266
A,V2I-Base,2,20,3.0,5,50,0.034051
A,V2I-Base,2,20,3.0,5,51,0.034328
A,V2V-Base,2,20,3.0,5,42,5.3e-05
A,V2V-Base,2,20,3.0,5,43,5.4e-05
A,V2V-Base,2,20,3.0,5,44,4.1e-05
A,V2V-Base,2,20,3.0,5,45,6.1e-05
A,V2V-Base,2,20,3.0,5,46,4.1e-05
A,V2V-Base,2,20,3.0,5,47,3.9e-05
A,V2V-Base,2,20,3.0,5,48,4.5e-05
A,V2V-Base,2,20,3.0,5,49,4.3e-05
A,V2V-Base,2,20,3.0,5,50,4.7e-05
A,V2V-Base,2,20,3.0,5,51,5.1e-05
A,Random-K,2,20,3.0,5,42,0.001237
A,Random-K,2,20,3.0,5,43,0.001307
A,Random-K,2,20,3.0,5,44,0.001013
A,Random-K,2,20,3.0,5,45,0.001165
A,Random-K,2,20,3.0,5,46,0.001028
A,Random-K,2,20,3.0,5,47,0.001088
A,Random-K,2,20,3.0,5,48,0.001148
A,Random-K,2,20,3.0,5,49,0.001327
A,Random-K,2,20,3.0,5,50,0.001162
A,Random-K,2,20,3.0,5,51,0.001243
A,RILP,2,30,0.0,5,42,0.033911
A,RILP,2,30,0.0,5,43,0.034236
A,RILP,2,30,0.0,5,44,0.034269
A,RILP,2,30,0.0,5,45,0.03428
A,RILP,2,30,0.0,5,46,0.034427
A,RILP,2,30,0.0,5,47,0.034959
A,RILP,2,30,0.0,5,48,0.034183
A,RILP,2,30,0.0,5,49,0.034266
A,RILP,2,30,0.0,5,50,0.034051
A,RILP,2,30,0.0,5,51,0.034328
A,RILP-Greedy,2,30,0.0,5,42,0.033911
A,RILP-Greedy,2,30,0.0,5,43,0.034236
A,RILP-Greedy,2,30,0.0,5,44,0.034269
A,RILP-Greedy,2,30,0.0,5,45,0.03428
A,RILP-Greedy,2,30,0.0,5,46,0.034427
A,RILP-Greedy,2,30,0.0,5,47,0.034959
A,RILP-Greedy,2,30,0.0,5,48,0.034183
A,RILP-Greedy,2,30,0.0,5,49,0.034266
A,RILP-Greedy,2,30,0.0,5,50,0.034051
A,RILP-Greedy,2,30,0.0,5,51,0.034328
A,Nam2023b,2,30,0.0,5,42,0.198093
A,Nam2023b,2,30,0.0,5,43,0.198256
A,Nam2023b,2,30,0.0,5,44,0.198248
A,Nam2023b,2,30,0.0,5,45,0.197388
A,Nam2023b,2,30,0.0,5,46,0.198368
A,Nam2023b,2,30,0.0,5,47,0.198268
A,Nam2023b,2,30,0.0,5,48,0.198362
A,Nam2023b,2,30,0.0,5,49,0.197851
A,Nam2023b,2,30,0.0,5,50,0.198689
A,Nam2023b,2,30,0.0,5,51,0.198199
A,Nam2025,2,30,0.0,5,42,0.033911
A,Nam2025,2,30,0.0,5,43,0.034236
A,Nam2025,2,30,0.0,5,44,0.034269
A,Nam2025,2,30,0.0,5,45,0.03428
A,Nam2025,2,30,0.0,5,46,0.034427
A,Nam2025,2,30,0.0,5,47,0.034959
A,Nam2025,2,30,0.0,5,48,0.034183
A,Nam2025,2,30,0.0,5,49,0.034266
A,Nam2025,2,30,0.0,5,50,0.034051
A,Nam2025,2,30,0.0,5,51,0.034328
A,Youn2026,2,30,0.0,5,42,0.033911
A,Youn2026,2,30,0.0,5,43,0.034236
A,Youn2026,2,30,0.0,5,44,0.034269
A,Youn2026,2,30,0.0,5,45,0.03428
A,Youn2026,2,30,0.0,5,46,0.034427
A,Youn2026,2,30,0.0,5,47,0.034959
A,Youn2026,2,30,0.0,5,48,0.034183
A,Youn2026,2,30,0.0,5,49,0.034266
A,Youn2026,2,30,0.0,5,50,0.034051
A,Youn2026,2,30,0.0,5,51,0.034328
A,V2I-Base,2,30,0.0,5,42,0.033911
A,V2I-Base,2,30,0.0,5,43,0.034236
A,V2I-Base,2,30,0.0,5,44,0.034269
A,V2I-Base,2,30,0.0,5,45,0.03428
A,V2I-Base,2,30,0.0,5,46,0.034427
A,V2I-Base,2,30,0.0,5,47,0.034959
A,V2I-Base,2,30,0.0,5,48,0.034183
A,V2I-Base,2,30,0.0,5,49,0.034266
A,V2I-Base,2,30,0.0,5,50,0.034051
A,V2I-Base,2,30,0.0,5,51,0.034328
A,V2V-Base,2,30,0.0,5,42,5.3e-05
A,V2V-Base,2,30,0.0,5,43,5.4e-05
A,V2V-Base,2,30,0.0,5,44,4.1e-05
A,V2V-Base,2,30,0.0,5,45,6.1e-05
A,V2V-Base,2,30,0.0,5,46,4.1e-05
A,V2V-Base,2,30,0.0,5,47,3.9e-05
A,V2V-Base,2,30,0.0,5,48,4.5e-05
A,V2V-Base,2,30,0.0,5,49,4.3e-05
A,V2V-Base,2,30,0.0,5,50,4.7e-05
A,V2V-Base,2,30,0.0,5,51,5.1e-05
A,Random-K,2,30,0.0,5,42,0.001237
A,Random-K,2,30,0.0,5,43,0.001307
A,Random-K,2,30,0.0,5,44,0.001013
A,Random-K,2,30,0.0,5,45,0.001165
A,Random-K,2,30,0.0,5,46,0.001028
A,Random-K,2,30,0.0,5,47,0.001088
A,Random-K,2,30,0.0,5,48,0.001148
A,Random-K,2,30,0.0,5,49,0.001327
A,Random-K,2,30,0.0,5,50,0.001162
A,Random-K,2,30,0.0,5,51,0.001243
A,RILP,2,30,1.0,5,42,0.033911
A,RILP,2,30,1.0,5,43,0.034236
A,RILP,2,30,1.0,5,44,0.034269
A,RILP,2,30,1.0,5,45,0.03428
A,RILP,2,30,1.0,5,46,0.034427
A,RILP,2,30,1.0,5,47,0.034959
A,RILP,2,30,1.0,5,48,0.034183
A,RILP,2,30,1.0,5,49,0.034266
A,RILP,2,30,1.0,5,50,0.034051
A,RILP,2,30,1.0,5,51,0.034328
A,RILP-Greedy,2,30,1.0,5,42,0.033911
A,RILP-Greedy,2,30,1.0,5,43,0.034236
A,RILP-Greedy,2,30,1.0,5,44,0.034269
A,RILP-Greedy,2,30,1.0,5,45,0.03428
A,RILP-Greedy,2,30,1.0,5,46,0.034427
A,RILP-Greedy,2,30,1.0,5,47,0.034959
A,RILP-Greedy,2,30,1.0,5,48,0.034183
A,RILP-Greedy,2,30,1.0,5,49,0.034266
A,RILP-Greedy,2,30,1.0,5,50,0.034051
A,RILP-Greedy,2,30,1.0,5,51,0.034328
A,Nam2023b,2,30,1.0,5,42,0.198093
A,Nam2023b,2,30,1.0,5,43,0.198256
A,Nam2023b,2,30,1.0,5,44,0.198248
A,Nam2023b,2,30,1.0,5,45,0.197388
A,Nam2023b,2,30,1.0,5,46,0.198368
A,Nam2023b,2,30,1.0,5,47,0.198268
A,Nam2023b,2,30,1.0,5,48,0.198362
A,Nam2023b,2,30,1.0,5,49,0.197851
A,Nam2023b,2,30,1.0,5,50,0.198689
A,Nam2023b,2,30,1.0,5,51,0.198199
A,Nam2025,2,30,1.0,5,42,0.033911
A,Nam2025,2,30,1.0,5,43,0.034236
A,Nam2025,2,30,1.0,5,44,0.034269
A,Nam2025,2,30,1.0,5,45,0.03428
A,Nam2025,2,30,1.0,5,46,0.034427
A,Nam2025,2,30,1.0,5,47,0.034959
A,Nam2025,2,30,1.0,5,48,0.034183
A,Nam2025,2,30,1.0,5,49,0.034266
A,Nam2025,2,30,1.0,5,50,0.034051
A,Nam2025,2,30,1.0,5,51,0.034328
A,Youn2026,2,30,1.0,5,42,0.034078
A,Youn2026,2,30,1.0,5,43,0.034228
A,Youn2026,2,30,1.0,5,44,0.034196
A,Youn2026,2,30,1.0,5,45,0.034127
A,Youn2026,2,30,1.0,5,46,0.034143
A,Youn2026,2,30,1.0,5,47,0.033954
A,Youn2026,2,30,1.0,5,48,0.034218
A,Youn2026,2,30,1.0,5,49,0.034037
A,Youn2026,2,30,1.0,5,50,0.034148
A,Youn2026,2,30,1.0,5,51,0.034075
A,V2I-Base,2,30,1.0,5,42,0.034078
A,V2I-Base,2,30,1.0,5,43,0.034228
A,V2I-Base,2,30,1.0,5,44,0.034196
A,V2I-Base,2,30,1.0,5,45,0.034127
A,V2I-Base,2,30,1.0,5,46,0.034143
A,V2I-Base,2,30,1.0,5,47,0.033954
A,V2I-Base,2,30,1.0,5,48,0.034218
A,V2I-Base,2,30,1.0,5,49,0.034037
A,V2I-Base,2,30,1.0,5,50,0.034148
A,V2I-Base,2,30,1.0,5,51,0.034075
A,V2V-Base,2,30,1.0,5,42,3e-06
A,V2V-Base,2,30,1.0,5,43,4e-06
A,V2V-Base,2,30,1.0,5,44,5e-06
A,V2V-Base,2,30,1.0,5,45,3e-06
A,V2V-Base,2,30,1.0,5,46,5e-06
A,V2V-Base,2,30,1.0,5,47,3e-06
A,V2V-Base,2,30,1.0,5,48,2e-06
A,V2V-Base,2,30,1.0,5,49,4e-06
A,V2V-Base,2,30,1.0,5,50,3e-06
A,V2V-Base,2,30,1.0,5,51,3e-06
A,Random-K,2,30,1.0,5,42,8.5e-05
A,Random-K,2,30,1.0,5,43,8.3e-05
A,Random-K,2,30,1.0,5,44,9e-05
A,Random-K,2,30,1.0,5,45,7.3e-05
A,Random-K,2,30,1.0,5,46,6.3e-05
A,Random-K,2,30,1.0,5,47,7.3e-05
A,Random-K,2,30,1.0,5,48,8.3e-05
A,Random-K,2,30,1.0,5,49,9.2e-05
A,Random-K,2,30,1.0,5,50,8.2e-05
A,Random-K,2,30,1.0,5,51,8.4e-05
A,RILP,2,30,2.0,5,42,0.034078
A,RILP,2,30,2.0,5,43,0.034228
A,RILP,2,30,2.0,5,44,0.034196
A,RILP,2,30,2.0,5,45,0.034127
A,RILP,2,30,2.0,5,46,0.034143
A,RILP,2,30,2.0,5,47,0.033954
A,RILP,2,30,2.0,5,48,0.034218
A,RILP,2,30,2.0,5,49,0.034037
A,RILP,2,30,2.0,5,50,0.034148
A,RILP,2,30,2.0,5,51,0.034075
A,RILP-Greedy,2,30,2.0,5,42,0.034078
A,RILP-Greedy,2,30,2.0,5,43,0.034228
A,RILP-Greedy,2,30,2.0,5,44,0.034196
A,RILP-Greedy,2,30,2.0,5,45,0.034127
A,RILP-Greedy,2,30,2.0,5,46,0.034143
A,RILP-Greedy,2,30,2.0,5,47,0.033954
A,RILP-Greedy,2,30,2.0,5,48,0.034218
A,RILP-Greedy,2,30,2.0,5,49,0.034037
A,RILP-Greedy,2,30,2.0,5,50,0.034148
A,RILP-Greedy,2,30,2.0,5,51,0.034075
A,Nam2023b,2,30,2.0,5,42,0.19788
A,Nam2023b,2,30,2.0,5,43,0.1975
A,Nam2023b,2,30,2.0,5,44,0.19799
A,Nam2023b,2,30,2.0,5,45,0.197739
A,Nam2023b,2,30,2.0,5,46,0.19775
A,Nam2023b,2,30,2.0,5,47,0.197593
A,Nam2023b,2,30,2.0,5,48,0.197575
A,Nam2023b,2,30,2.0,5,49,0.197726
A,Nam2023b,2,30,2.0,5,50,0.197414
A,Nam2023b,2,30,2.0,5,51,0.197892
A,Nam2025,2,30,2.0,5,42,0.034078
A,Nam2025,2,30,2.0,5,43,0.034228
A,Nam2025,2,30,2.0,5,44,0.034196
A,Nam2025,2,30,2.0,5,45,0.034127
A,Nam2025,2,30,2.0,5,46,0.034143
A,Nam2025,2,30,2.0,5,47,0.033954
A,Nam2025,2,30,2.0,5,48,0.034218
A,Nam2025,2,30,2.0,5,49,0.034037
A,Nam2025,2,30,2.0,5,50,0.034148
A,Nam2025,2,30,2.0,5,51,0.034075
A,Youn2026,2,30,2.0,5,42,0.034078
A,Youn2026,2,30,2.0,5,43,0.034228
A,Youn2026,2,30,2.0,5,44,0.034196
A,Youn2026,2,30,2.0,5,45,0.034127
A,Youn2026,2,30,2.0,5,46,0.034143
A,Youn2026,2,30,2.0,5,47,0.033954
A,Youn2026,2,30,2.0,5,48,0.034218
A,Youn2026,2,30,2.0,5,49,0.034037
A,Youn2026,2,30,2.0,5,50,0.034148
A,Youn2026,2,30,2.0,5,51,0.034075
A,V2I-Base,2,30,2.0,5,42,0.034078
A,V2I-Base,2,30,2.0,5,43,0.034228
A,V2I-Base,2,30,2.0,5,44,0.034196
A,V2I-Base,2,30,2.0,5,45,0.034127
A,V2I-Base,2,30,2.0,5,46,0.034143
A,V2I-Base,2,30,2.0,5,47,0.033954
A,V2I-Base,2,30,2.0,5,48,0.034218
A,V2I-Base,2,30,2.0,5,49,0.034037
A,V2I-Base,2,30,2.0,5,50,0.034148
A,V2I-Base,2,30,2.0,5,51,0.034075
A,V2V-Base,2,30,2.0,5,42,3e-06
A,V2V-Base,2,30,2.0,5,43,4e-06
A,V2V-Base,2,30,2.0,5,44,5e-06
A,V2V-Base,2,30,2.0,5,45,3e-06
A,V2V-Base,2,30,2.0,5,46,5e-06
A,V2V-Base,2,30,2.0,5,47,3e-06
A,V2V-Base,2,30,2.0,5,48,2e-06
A,V2V-Base,2,30,2.0,5,49,4e-06
A,V2V-Base,2,30,2.0,5,50,3e-06
A,V2V-Base,2,30,2.0,5,51,3e-06
A,Random-K,2,30,2.0,5,42,8.5e-05
A,Random-K,2,30,2.0,5,43,8.3e-05
A,Random-K,2,30,2.0,5,44,9e-05
A,Random-K,2,30,2.0,5,45,7.3e-05
A,Random-K,2,30,2.0,5,46,6.3e-05
A,Random-K,2,30,2.0,5,47,7.3e-05
A,Random-K,2,30,2.0,5,48,8.3e-05
A,Random-K,2,30,2.0,5,49,9.2e-05
A,Random-K,2,30,2.0,5,50,8.2e-05
A,Random-K,2,30,2.0,5,51,8.4e-05
A,RILP,2,30,3.0,5,42,0.034078
A,RILP,2,30,3.0,5,43,0.034228
A,RILP,2,30,3.0,5,44,0.034196
A,RILP,2,30,3.0,5,45,0.034127
A,RILP,2,30,3.0,5,46,0.034143
A,RILP,2,30,3.0,5,47,0.033954
A,RILP,2,30,3.0,5,48,0.034218
A,RILP,2,30,3.0,5,49,0.034037
A,RILP,2,30,3.0,5,50,0.034148
A,RILP,2,30,3.0,5,51,0.034075
A,RILP-Greedy,2,30,3.0,5,42,0.034078
A,RILP-Greedy,2,30,3.0,5,43,0.034228
A,RILP-Greedy,2,30,3.0,5,44,0.034196
A,RILP-Greedy,2,30,3.0,5,45,0.034127
A,RILP-Greedy,2,30,3.0,5,46,0.034143
A,RILP-Greedy,2,30,3.0,5,47,0.033954
A,RILP-Greedy,2,30,3.0,5,48,0.034218
A,RILP-Greedy,2,30,3.0,5,49,0.034037
A,RILP-Greedy,2,30,3.0,5,50,0.034148
A,RILP-Greedy,2,30,3.0,5,51,0.034075
A,Nam2023b,2,30,3.0,5,42,0.19788
A,Nam2023b,2,30,3.0,5,43,0.1975
A,Nam2023b,2,30,3.0,5,44,0.19799
A,Nam2023b,2,30,3.0,5,45,0.197739
A,Nam2023b,2,30,3.0,5,46,0.19775
A,Nam2023b,2,30,3.0,5,47,0.197593
A,Nam2023b,2,30,3.0,5,48,0.197575
A,Nam2023b,2,30,3.0,5,49,0.197726
A,Nam2023b,2,30,3.0,5,50,0.197414
A,Nam2023b,2,30,3.0,5,51,0.197892
A,Nam2025,2,30,3.0,5,42,0.034078
A,Nam2025,2,30,3.0,5,43,0.034228
A,Nam2025,2,30,3.0,5,44,0.034196
A,Nam2025,2,30,3.0,5,45,0.034127
A,Nam2025,2,30,3.0,5,46,0.034143
A,Nam2025,2,30,3.0,5,47,0.033954
A,Nam2025,2,30,3.0,5,48,0.034218
A,Nam2025,2,30,3.0,5,49,0.034037
A,Nam2025,2,30,3.0,5,50,0.034148
A,Nam2025,2,30,3.0,5,51,0.034075
A,Youn2026,2,30,3.0,5,42,0.034078
A,Youn2026,2,30,3.0,5,43,0.034228
A,Youn2026,2,30,3.0,5,44,0.034196
A,Youn2026,2,30,3.0,5,45,0.034127
A,Youn2026,2,30,3.0,5,46,0.034143
A,Youn2026,2,30,3.0,5,47,0.033954
A,Youn2026,2,30,3.0,5,48,0.034218
A,Youn2026,2,30,3.0,5,49,0.034037
A,Youn2026,2,30,3.0,5,50,0.034148
A,Youn2026,2,30,3.0,5,51,0.034075
A,V2I-Base,2,30,3.0,5,42,0.034078
A,V2I-Base,2,30,3.0,5,43,0.034228
A,V2I-Base,2,30,3.0,5,44,0.034196
A,V2I-Base,2,30,3.0,5,45,0.034127
A,V2I-Base,2,30,3.0,5,46,0.034143
A,V2I-Base,2,30,3.0,5,47,0.033954
A,V2I-Base,2,30,3.0,5,48,0.034218
A,V2I-Base,2,30,3.0,5,49,0.034037
A,V2I-Base,2,30,3.0,5,50,0.034148
A,V2I-Base,2,30,3.0,5,51,0.034075
A,V2V-Base,2,30,3.0,5,42,3e-06
A,V2V-Base,2,30,3.0,5,43,4e-06
A,V2V-Base,2,30,3.0,5,44,5e-06
A,V2V-Base,2,30,3.0,5,45,3e-06
A,V2V-Base,2,30,3.0,5,46,5e-06
A,V2V-Base,2,30,3.0,5,47,3e-06
A,V2V-Base,2,30,3.0,5,48,2e-06
A,V2V-Base,2,30,3.0,5,49,4e-06
A,V2V-Base,2,30,3.0,5,50,3e-06
A,V2V-Base,2,30,3.0,5,51,3e-06
A,Random-K,2,30,3.0,5,42,8.5e-05
A,Random-K,2,30,3.0,5,43,8.3e-05
A,Random-K,2,30,3.0,5,44,9e-05
A,Random-K,2,30,3.0,5,45,7.3e-05
A,Random-K,2,30,3.0,5,46,6.3e-05
A,Random-K,2,30,3.0,5,47,7.3e-05
A,Random-K,2,30,3.0,5,48,8.3e-05
A,Random-K,2,30,3.0,5,49,9.2e-05
A,Random-K,2,30,3.0,5,50,8.2e-05
A,Random-K,2,30,3.0,5,51,8.4e-05
A,RILP,3,0,0.0,5,42,0.034078
A,RILP,3,0,0.0,5,43,0.034228
A,RILP,3,0,0.0,5,44,0.034196
A,RILP,3,0,0.0,5,45,0.034127
A,RILP,3,0,0.0,5,46,0.034143
A,RILP,3,0,0.0,5,47,0.033954
A,RILP,3,0,0.0,5,48,0.034218
A,RILP,3,0,0.0,5,49,0.034037
A,RILP,3,0,0.0,5,50,0.034148
A,RILP,3,0,0.0,5,51,0.034075
A,RILP-Greedy,3,0,0.0,5,42,0.034078
A,RILP-Greedy,3,0,0.0,5,43,0.034228
A,RILP-Greedy,3,0,0.0,5,44,0.034196
A,RILP-Greedy,3,0,0.0,5,45,0.034127
A,RILP-Greedy,3,0,0.0,5,46,0.034143
A,RILP-Greedy,3,0,0.0,5,47,0.033954
A,RILP-Greedy,3,0,0.0,5,48,0.034218
A,RILP-Greedy,3,0,0.0,5,49,0.034037
A,RILP-Greedy,3,0,0.0,5,50,0.034148
A,RILP-Greedy,3,0,0.0,5,51,0.034075
A,Nam2023b,3,0,0.0,5,42,0.19788
A,Nam2023b,3,0,0.0,5,43,0.1975
A,Nam2023b,3,0,0.0,5,44,0.19799
A,Nam2023b,3,0,0.0,5,45,0.197739
A,Nam2023b,3,0,0.0,5,46,0.19775
A,Nam2023b,3,0,0.0,5,47,0.197593
A,Nam2023b,3,0,0.0,5,48,0.197575
A,Nam2023b,3,0,0.0,5,49,0.197726
A,Nam2023b,3,0,0.0,5,50,0.197414
A,Nam2023b,3,0,0.0,5,51,0.197892
A,Nam2025,3,0,0.0,5,42,0.034078
A,Nam2025,3,0,0.0,5,43,0.034228
A,Nam2025,3,0,0.0,5,44,0.034196
A,Nam2025,3,0,0.0,5,45,0.034127
A,Nam2025,3,0,0.0,5,46,0.034143
A,Nam2025,3,0,0.0,5,47,0.033954
A,Nam2025,3,0,0.0,5,48,0.034218
A,Nam2025,3,0,0.0,5,49,0.034037
A,Nam2025,3,0,0.0,5,50,0.034148
A,Nam2025,3,0,0.0,5,51,0.034075
A,Youn2026,3,0,0.0,5,42,0.034078
A,Youn2026,3,0,0.0,5,43,0.034228
A,Youn2026,3,0,0.0,5,44,0.034196
A,Youn2026,3,0,0.0,5,45,0.034127
A,Youn2026,3,0,0.0,5,46,0.034143
A,Youn2026,3,0,0.0,5,47,0.033954
A,Youn2026,3,0,0.0,5,48,0.034218
A,Youn2026,3,0,0.0,5,49,0.034037
A,Youn2026,3,0,0.0,5,50,0.034148
A,Youn2026,3,0,0.0,5,51,0.034075
A,V2I-Base,3,0,0.0,5,42,0.034078
A,V2I-Base,3,0,0.0,5,43,0.034228
A,V2I-Base,3,0,0.0,5,44,0.034196
A,V2I-Base,3,0,0.0,5,45,0.034127
A,V2I-Base,3,0,0.0,5,46,0.034143
A,V2I-Base,3,0,0.0,5,47,0.033954
A,V2I-Base,3,0,0.0,5,48,0.034218
A,V2I-Base,3,0,0.0,5,49,0.034037
A,V2I-Base,3,0,0.0,5,50,0.034148
A,V2I-Base,3,0,0.0,5,51,0.034075
A,V2V-Base,3,0,0.0,5,42,3e-06
A,V2V-Base,3,0,0.0,5,43,4e-06
A,V2V-Base,3,0,0.0,5,44,5e-06
A,V2V-Base,3,0,0.0,5,45,3e-06
A,V2V-Base,3,0,0.0,5,46,5e-06
A,V2V-Base,3,0,0.0,5,47,3e-06
A,V2V-Base,3,0,0.0,5,48,2e-06
A,V2V-Base,3,0,0.0,5,49,4e-06
A,V2V-Base,3,0,0.0,5,50,3e-06
A,V2V-Base,3,0,0.0,5,51,3e-06
A,Random-K,3,0,0.0,5,42,8.5e-05
A,Random-K,3,0,0.0,5,43,8.3e-05
A,Random-K,3,0,0.0,5,44,9e-05
A,Random-K,3,0,0.0,5,45,7.3e-05
A,Random-K,3,0,0.0,5,46,6.3e-05
A,Random-K,3,0,0.0,5,47,7.3e-05
A,Random-K,3,0,0.0,5,48,8.3e-05
A,Random-K,3,0,0.0,5,49,9.2e-05
A,Random-K,3,0,0.0,5,50,8.2e-05
A,Random-K,3,0,0.0,5,51,8.4e-05
A,RILP,3,0,1.0,5,42,0.034078
A,RILP,3,0,1.0,5,43,0.034228
A,RILP,3,0,1.0,5,44,0.034196
A,RILP,3,0,1.0,5,45,0.034127
A,RILP,3,0,1.0,5,46,0.034143
A,RILP,3,0,1.0,5,47,0.033954
A,RILP,3,0,1.0,5,48,0.034218
A,RILP,3,0,1.0,5,49,0.034037
A,RILP,3,0,1.0,5,50,0.034148
A,RILP,3,0,1.0,5,51,0.034075
A,RILP-Greedy,3,0,1.0,5,42,0.034078
A,RILP-Greedy,3,0,1.0,5,43,0.034228
A,RILP-Greedy,3,0,1.0,5,44,0.034196
A,RILP-Greedy,3,0,1.0,5,45,0.034127
A,RILP-Greedy,3,0,1.0,5,46,0.034143
A,RILP-Greedy,3,0,1.0,5,47,0.033954
A,RILP-Greedy,3,0,1.0,5,48,0.034218
A,RILP-Greedy,3,0,1.0,5,49,0.034037
A,RILP-Greedy,3,0,1.0,5,50,0.034148
A,RILP-Greedy,3,0,1.0,5,51,0.034075
A,Nam2023b,3,0,1.0,5,42,0.19788
A,Nam2023b,3,0,1.0,5,43,0.1975
A,Nam2023b,3,0,1.0,5,44,0.19799
A,Nam2023b,3,0,1.0,5,45,0.197739
A,Nam2023b,3,0,1.0,5,46,0.19775
A,Nam2023b,3,0,1.0,5,47,0.197593
A,Nam2023b,3,0,1.0,5,48,0.197575
A,Nam2023b,3,0,1.0,5,49,0.197726
A,Nam2023b,3,0,1.0,5,50,0.197414
A,Nam2023b,3,0,1.0,5,51,0.197892
A,Nam2025,3,0,1.0,5,42,0.034078
A,Nam2025,3,0,1.0,5,43,0.034228
A,Nam2025,3,0,1.0,5,44,0.034196
A,Nam2025,3,0,1.0,5,45,0.034127
A,Nam2025,3,0,1.0,5,46,0.034143
A,Nam2025,3,0,1.0,5,47,0.033954
A,Nam2025,3,0,1.0,5,48,0.034218
A,Nam2025,3,0,1.0,5,49,0.034037
A,Nam2025,3,0,1.0,5,50,0.034148
A,Nam2025,3,0,1.0,5,51,0.034075
A,Youn2026,3,0,1.0,5,42,0.034078
A,Youn2026,3,0,1.0,5,43,0.034228
A,Youn2026,3,0,1.0,5,44,0.034196
A,Youn2026,3,0,1.0,5,45,0.034127
A,Youn2026,3,0,1.0,5,46,0.034143
A,Youn2026,3,0,1.0,5,47,0.033954
A,Youn2026,3,0,1.0,5,48,0.034218
A,Youn2026,3,0,1.0,5,49,0.034037
A,Youn2026,3,0,1.0,5,50,0.034148
A,Youn2026,3,0,1.0,5,51,0.034075
A,V2I-Base,3,0,1.0,5,42,0.034078
A,V2I-Base,3,0,1.0,5,43,0.034228
A,V2I-Base,3,0,1.0,5,44,0.034196
A,V2I-Base,3,0,1.0,5,45,0.034127
A,V2I-Base,3,0,1.0,5,46,0.034143
A,V2I-Base,3,0,1.0,5,47,0.033954
A,V2I-Base,3,0,1.0,5,48,0.034218
A,V2I-Base,3,0,1.0,5,49,0.034037
A,V2I-Base,3,0,1.0,5,50,0.034148
A,V2I-Base,3,0,1.0,5,51,0.034075
A,V2V-Base,3,0,1.0,5,42,3e-06
A,V2V-Base,3,0,1.0,5,43,1e-05
A,V2V-Base,3,0,1.0,5,44,1.3e-05
A,V2V-Base,3,0,1.0,5,45,1.2e-05
A,V2V-Base,3,0,1.0,5,46,1.5e-05
A,V2V-Base,3,0,1.0,5,47,1.4e-05
A,V2V-Base,3,0,1.0,5,48,1.4e-05
A,V2V-Base,3,0,1.0,5,49,2e-05
A,V2V-Base,3,0,1.0,5,50,1e-05
A,V2V-Base,3,0,1.0,5,51,1e-05
A,Random-K,3,0,1.0,5,42,0.000295
A,Random-K,3,0,1.0,5,43,0.000249
A,Random-K,3,0,1.0,5,44,0.00031
A,Random-K,3,0,1.0,5,45,0.000279
A,Random-K,3,0,1.0,5,46,0.000352
A,Random-K,3,0,1.0,5,47,0.000265
A,Random-K,3,0,1.0,5,48,0.000295
A,Random-K,3,0,1.0,5,49,0.00024
A,Random-K,3,0,1.0,5,50,0.000314
A,Random-K,3,0,1.0,5,51,0.000261
A,RILP,3,0,2.0,5,42,0.03413
A,RILP,3,0,2.0,5,43,0.0342
A,RILP,3,0,2.0,5,44,0.034256
A,RILP,3,0,2.0,5,45,0.034244
A,RILP,3,0,2.0,5,46,0.034353
A,RILP,3,0,2.0,5,47,0.034379
A,RILP,3,0,2.0,5,48,0.034485
A,RILP,3,0,2.0,5,49,0.034271
A,RILP,3,0,2.0,5,50,0.033954
A,RILP,3,0,2.0,5,51,0.034086
A,RILP-Greedy,3,0,2.0,5,42,0.03413
A,RILP-Greedy,3,0,2.0,5,43,0.0342
A,RILP-Greedy,3,0,2.0,5,44,0.034256
A,RILP-Greedy,3,0,2.0,5,45,0.034244
A,RILP-Greedy,3,0,2.0,5,46,0.034353
A,RILP-Greedy,3,0,2.0,5,47,0.034379
A,RILP-Greedy,3,0,2.0,5,48,0.034485
A,RILP-Greedy,3,0,2.0,5,49,0.034271
A,RILP-Greedy,3,0,2.0,5,50,0.033954
A,RILP-Greedy,3,0,2.0,5,51,0.034086
A,Nam2023b,3,0,2.0,5,42,0.198305
A,Nam2023b,3,0,2.0,5,43,0.197891
A,Nam2023b,3,0,2.0,5,44,0.197752
A,Nam2023b,3,0,2.0,5,45,0.19774
A,Nam2023b,3,0,2.0,5,46,0.198337
A,Nam2023b,3,0,2.0,5,47,0.1981
A,Nam2023b,3,0,2.0,5,48,0.197565
A,Nam2023b,3,0,2.0,5,49,0.197787
A,Nam2023b,3,0,2.0,5,50,0.198482
A,Nam2023b,3,0,2.0,5,51,0.197833
A,Nam2025,3,0,2.0,5,42,0.03413
A,Nam2025,3,0,2.0,5,43,0.0342
A,Nam2025,3,0,2.0,5,44,0.034256
A,Nam2025,3,0,2.0,5,45,0.034244
A,Nam2025,3,0,2.0,5,46,0.034353
A,Nam2025,3,0,2.0,5,47,0.034379
A,Nam2025,3,0,2.0,5,48,0.034485
A,Nam2025,3,0,2.0,5,49,0.034271
A,Nam2025,3,0,2.0,5,50,0.033954
A,Nam2025,3,0,2.0,5,51,0.034086
A,Youn2026,3,0,2.0,5,42,0.03413
A,Youn2026,3,0,2.0,5,43,0.0342
A,Youn2026,3,0,2.0,5,44,0.034256
A,Youn2026,3,0,2.0,5,45,0.034244
A,Youn2026,3,0,2.0,5,46,0.034353
A,Youn2026,3,0,2.0,5,47,0.034379
A,Youn2026,3,0,2.0,5,48,0.034485
A,Youn2026,3,0,2.0,5,49,0.034271
A,Youn2026,3,0,2.0,5,50,0.033954
A,Youn2026,3,0,2.0,5,51,0.034086
A,V2I-Base,3,0,2.0,5,42,0.03413
A,V2I-Base,3,0,2.0,5,43,0.0342
A,V2I-Base,3,0,2.0,5,44,0.034256
A,V2I-Base,3,0,2.0,5,45,0.034244
A,V2I-Base,3,0,2.0,5,46,0.034353
A,V2I-Base,3,0,2.0,5,47,0.034379
A,V2I-Base,3,0,2.0,5,48,0.034485
A,V2I-Base,3,0,2.0,5,49,0.034271
A,V2I-Base,3,0,2.0,5,50,0.033954
A,V2I-Base,3,0,2.0,5,51,0.034086
A,V2V-Base,3,0,2.0,5,42,6e-06
A,V2V-Base,3,0,2.0,5,43,1e-05
A,V2V-Base,3,0,2.0,5,44,1.3e-05
A,V2V-Base,3,0,2.0,5,45,1.2e-05
A,V2V-Base,3,0,2.0,5,46,1.5e-05
A,V2V-Base,3,0,2.0,5,47,1.4e-05
A,V2V-Base,3,0,2.0,5,48,1.4e-05
A,V2V-Base,3,0,2.0,5,49,2e-05
A,V2V-Base,3,0,2.0,5,50,1e-05
A,V2V-Base,3,0,2.0,5,51,1e-05
A,Random-K,3,0,2.0,5,42,0.000295
A,Random-K,3,0,2.0,5,43,0.000249
A,Random-K,3,0,2.0,5,44,0.00031
A,Random-K,3,0,2.0,5,45,0.000279
A,Random-K,3,0,2.0,5,46,0.000352
A,Random-K,3,0,2.0,5,47,0.000265
A,Random-K,3,0,2.0,5,48,0.000295
A,Random-K,3,0,2.0,5,49,0.00024
A,Random-K,3,0,2.0,5,50,0.000314
A,Random-K,3,0,2.0,5,51,0.000261
A,RILP,3,0,3.0,5,42,0.03413
A,RILP,3,0,3.0,5,43,0.0342
A,RILP,3,0,3.0,5,44,0.034256
A,RILP,3,0,3.0,5,45,0.034244
A,RILP,3,0,3.0,5,46,0.034353
A,RILP,3,0,3.0,5,47,0.034379
A,RILP,3,0,3.0,5,48,0.034485
A,RILP,3,0,3.0,5,49,0.034271
A,RILP,3,0,3.0,5,50,0.033954
A,RILP,3,0,3.0,5,51,0.034086
A,RILP-Greedy,3,0,3.0,5,42,0.03413
A,RILP-Greedy,3,0,3.0,5,43,0.0342
A,RILP-Greedy,3,0,3.0,5,44,0.034256
A,RILP-Greedy,3,0,3.0,5,45,0.034244
A,RILP-Greedy,3,0,3.0,5,46,0.034353
A,RILP-Greedy,3,0,3.0,5,47,0.034379
A,RILP-Greedy,3,0,3.0,5,48,0.034485
A,RILP-Greedy,3,0,3.0,5,49,0.034271
A,RILP-Greedy,3,0,3.0,5,50,0.033954
A,RILP-Greedy,3,0,3.0,5,51,0.034086
A,Nam2023b,3,0,3.0,5,42,0.198305
A,Nam2023b,3,0,3.0,5,43,0.197891
A,Nam2023b,3,0,3.0,5,44,0.197752
A,Nam2023b,3,0,3.0,5,45,0.19774
A,Nam2023b,3,0,3.0,5,46,0.198337
A,Nam2023b,3,0,3.0,5,47,0.1981
A,Nam2023b,3,0,3.0,5,48,0.197565
A,Nam2023b,3,0,3.0,5,49,0.197787
A,Nam2023b,3,0,3.0,5,50,0.198482
A,Nam2023b,3,0,3.0,5,51,0.197833
A,Nam2025,3,0,3.0,5,42,0.03413
A,Nam2025,3,0,3.0,5,43,0.0342
A,Nam2025,3,0,3.0,5,44,0.034256
A,Nam2025,3,0,3.0,5,45,0.034244
A,Nam2025,3,0,3.0,5,46,0.034353
A,Nam2025,3,0,3.0,5,47,0.034379
A,Nam2025,3,0,3.0,5,48,0.034485
A,Nam2025,3,0,3.0,5,49,0.034271
A,Nam2025,3,0,3.0,5,50,0.033954
A,Nam2025,3,0,3.0,5,51,0.034086
A,Youn2026,3,0,3.0,5,42,0.03413
A,Youn2026,3,0,3.0,5,43,0.0342
A,Youn2026,3,0,3.0,5,44,0.034256
A,Youn2026,3,0,3.0,5,45,0.034244
A,Youn2026,3,0,3.0,5,46,0.034353
A,Youn2026,3,0,3.0,5,47,0.034379
A,Youn2026,3,0,3.0,5,48,0.034485
A,Youn2026,3,0,3.0,5,49,0.034271
A,Youn2026,3,0,3.0,5,50,0.033954
A,Youn2026,3,0,3.0,5,51,0.034086
A,V2I-Base,3,0,3.0,5,42,0.03413
A,V2I-Base,3,0,3.0,5,43,0.0342
A,V2I-Base,3,0,3.0,5,44,0.034256
A,V2I-Base,3,0,3.0,5,45,0.034244
A,V2I-Base,3,0,3.0,5,46,0.034353
A,V2I-Base,3,0,3.0,5,47,0.034379
A,V2I-Base,3,0,3.0,5,48,0.034485
A,V2I-Base,3,0,3.0,5,49,0.034271
A,V2I-Base,3,0,3.0,5,50,0.033954
A,V2I-Base,3,0,3.0,5,51,0.034086
A,V2V-Base,3,0,3.0,5,42,6e-06
A,V2V-Base,3,0,3.0,5,43,1e-05
A,V2V-Base,3,0,3.0,5,44,1.3e-05
A,V2V-Base,3,0,3.0,5,45,1.2e-05
A,V2V-Base,3,0,3.0,5,46,1.5e-05
A,V2V-Base,3,0,3.0,5,47,1.4e-05
A,V2V-Base,3,0,3.0,5,48,1.4e-05
A,V2V-Base,3,0,3.0,5,49,2e-05
A,V2V-Base,3,0,3.0,5,50,1e-05
A,V2V-Base,3,0,3.0,5,51,1e-05
A,Random-K,3,0,3.0,5,42,0.000295
A,Random-K,3,0,3.0,5,43,0.000249
A,Random-K,3,0,3.0,5,44,0.00031
A,Random-K,3,0,3.0,5,45,0.000279
A,Random-K,3,0,3.0,5,46,0.000352
A,Random-K,3,0,3.0,5,47,0.000265
A,Random-K,3,0,3.0,5,48,0.000295
A,Random-K,3,0,3.0,5,49,0.00024
A,Random-K,3,0,3.0,5,50,0.000314
A,Random-K,3,0,3.0,5,51,0.000261
A,RILP,3,10,0.0,5,42,0.03413
A,RILP,3,10,0.0,5,43,0.0342
A,RILP,3,10,0.0,5,44,0.034256
A,RILP,3,10,0.0,5,45,0.034244
A,RILP,3,10,0.0,5,46,0.034353
A,RILP,3,10,0.0,5,47,0.034379
A,RILP,3,10,0.0,5,48,0.034485
A,RILP,3,10,0.0,5,49,0.034271
A,RILP,3,10,0.0,5,50,0.033954
A,RILP,3,10,0.0,5,51,0.034086
A,RILP-Greedy,3,10,0.0,5,42,0.03413
A,RILP-Greedy,3,10,0.0,5,43,0.0342
A,RILP-Greedy,3,10,0.0,5,44,0.034256
A,RILP-Greedy,3,10,0.0,5,45,0.034244
A,RILP-Greedy,3,10,0.0,5,46,0.034353
A,RILP-Greedy,3,10,0.0,5,47,0.034379
A,RILP-Greedy,3,10,0.0,5,48,0.034485
A,RILP-Greedy,3,10,0.0,5,49,0.034271
A,RILP-Greedy,3,10,0.0,5,50,0.033954
A,RILP-Greedy,3,10,0.0,5,51,0.034086
A,Nam2023b,3,10,0.0,5,42,0.198305
A,Nam2023b,3,10,0.0,5,43,0.197891
A,Nam2023b,3,10,0.0,5,44,0.197752
A,Nam2023b,3,10,0.0,5,45,0.19774
A,Nam2023b,3,10,0.0,5,46,0.198337
A,Nam2023b,3,10,0.0,5,47,0.1981
A,Nam2023b,3,10,0.0,5,48,0.197565
A,Nam2023b,3,10,0.0,5,49,0.197787
A,Nam2023b,3,10,0.0,5,50,0.198482
A,Nam2023b,3,10,0.0,5,51,0.197833
A,Nam2025,3,10,0.0,5,42,0.03413
A,Nam2025,3,10,0.0,5,43,0.0342
A,Nam2025,3,10,0.0,5,44,0.034256
A,Nam2025,3,10,0.0,5,45,0.034244
A,Nam2025,3,10,0.0,5,46,0.034353
A,Nam2025,3,10,0.0,5,47,0.034379
A,Nam2025,3,10,0.0,5,48,0.034485
A,Nam2025,3,10,0.0,5,49,0.034271
A,Nam2025,3,10,0.0,5,50,0.033954
A,Nam2025,3,10,0.0,5,51,0.034086
A,Youn2026,3,10,0.0,5,42,0.03413
A,Youn2026,3,10,0.0,5,43,0.0342
A,Youn2026,3,10,0.0,5,44,0.034256
A,Youn2026,3,10,0.0,5,45,0.034244
A,Youn2026,3,10,0.0,5,46,0.034353
A,Youn2026,3,10,0.0,5,47,0.034379
A,Youn2026,3,10,0.0,5,48,0.034485
A,Youn2026,3,10,0.0,5,49,0.034271
A,Youn2026,3,10,0.0,5,50,0.033954
A,Youn2026,3,10,0.0,5,51,0.034086
A,V2I-Base,3,10,0.0,5,42,0.03413
A,V2I-Base,3,10,0.0,5,43,0.0342
A,V2I-Base,3,10,0.0,5,44,0.034256
A,V2I-Base,3,10,0.0,5,45,0.034244
A,V2I-Base,3,10,0.0,5,46,0.034353
A,V2I-Base,3,10,0.0,5,47,0.034379
A,V2I-Base,3,10,0.0,5,48,0.034485
A,V2I-Base,3,10,0.0,5,49,0.034271
A,V2I-Base,3,10,0.0,5,50,0.033954
A,V2I-Base,3,10,0.0,5,51,0.034086
A,V2V-Base,3,10,0.0,5,42,6e-06
A,V2V-Base,3,10,0.0,5,43,1e-05
A,V2V-Base,3,10,0.0,5,44,1.3e-05
A,V2V-Base,3,10,0.0,5,45,1.2e-05
A,V2V-Base,3,10,0.0,5,46,1.5e-05
A,V2V-Base,3,10,0.0,5,47,1.4e-05
A,V2V-Base,3,10,0.0,5,48,1.4e-05
A,V2V-Base,3,10,0.0,5,49,2e-05
A,V2V-Base,3,10,0.0,5,50,1e-05
A,V2V-Base,3,10,0.0,5,51,1e-05
A,Random-K,3,10,0.0,5,42,0.000295
A,Random-K,3,10,0.0,5,43,0.000249
A,Random-K,3,10,0.0,5,44,0.00031
A,Random-K,3,10,0.0,5,45,0.000279
A,Random-K,3,10,0.0,5,46,0.000352
A,Random-K,3,10,0.0,5,47,0.000265
A,Random-K,3,10,0.0,5,48,0.000295
A,Random-K,3,10,0.0,5,49,0.00024
A,Random-K,3,10,0.0,5,50,0.000314
A,Random-K,3,10,0.0,5,51,0.000261
A,RILP,3,10,1.0,5,42,0.03413
A,RILP,3,10,1.0,5,43,0.0342
A,RILP,3,10,1.0,5,44,0.034256
A,RILP,3,10,1.0,5,45,0.034244
A,RILP,3,10,1.0,5,46,0.034353
A,RILP,3,10,1.0,5,47,0.034379
A,RILP,3,10,1.0,5,48,0.034485
A,RILP,3,10,1.0,5,49,0.034271
A,RILP,3,10,1.0,5,50,0.033954
A,RILP,3,10,1.0,5,51,0.034086
A,RILP-Greedy,3,10,1.0,5,42,0.03413
A,RILP-Greedy,3,10,1.0,5,43,0.0342
A,RILP-Greedy,3,10,1.0,5,44,0.034256
A,RILP-Greedy,3,10,1.0,5,45,0.034244
A,RILP-Greedy,3,10,1.0,5,46,0.034353
A,RILP-Greedy,3,10,1.0,5,47,0.034379
A,RILP-Greedy,3,10,1.0,5,48,0.034485
A,RILP-Greedy,3,10,1.0,5,49,0.034271
A,RILP-Greedy,3,10,1.0,5,50,0.033954
A,RILP-Greedy,3,10,1.0,5,51,0.034086
A,Nam2023b,3,10,1.0,5,42,0.198305
A,Nam2023b,3,10,1.0,5,43,0.197891
A,Nam2023b,3,10,1.0,5,44,0.197752
A,Nam2023b,3,10,1.0,5,45,0.19774
A,Nam2023b,3,10,1.0,5,46,0.198337
A,Nam2023b,3,10,1.0,5,47,0.1981
A,Nam2023b,3,10,1.0,5,48,0.197565
A,Nam2023b,3,10,1.0,5,49,0.197787
A,Nam2023b,3,10,1.0,5,50,0.198482
A,Nam2023b,3,10,1.0,5,51,0.197833
A,Nam2025,3,10,1.0,5,42,0.03413
A,Nam2025,3,10,1.0,5,43,0.0342
A,Nam2025,3,10,1.0,5,44,0.034256
A,Nam2025,3,10,1.0,5,45,0.034244
A,Nam2025,3,10,1.0,5,46,0.034353
A,Nam2025,3,10,1.0,5,47,0.034379
A,Nam2025,3,10,1.0,5,48,0.034485
A,Nam2025,3,10,1.0,5,49,0.034271
A,Nam2025,3,10,1.0,5,50,0.033954
A,Nam2025,3,10,1.0,5,51,0.034086
A,Youn2026,3,10,1.0,5,42,0.03413
A,Youn2026,3,10,1.0,5,43,0.0342
A,Youn2026,3,10,1.0,5,44,0.034256
A,Youn2026,3,10,1.0,5,45,0.034244
A,Youn2026,3,10,1.0,5,46,0.034353
A,Youn2026,3,10,1.0,5,47,0.034379
A,Youn2026,3,10,1.0,5,48,0.034485
A,Youn2026,3,10,1.0,5,49,0.034271
A,Youn2026,3,10,1.0,5,50,0.033954
A,Youn2026,3,10,1.0,5,51,0.034086
A,V2I-Base,3,10,1.0,5,42,0.03413
A,V2I-Base,3,10,1.0,5,43,0.0342
A,V2I-Base,3,10,1.0,5,44,0.034256
A,V2I-Base,3,10,1.0,5,45,0.034244
A,V2I-Base,3,10,1.0,5,46,0.034353
A,V2I-Base,3,10,1.0,5,47,0.034379
A,V2I-Base,3,10,1.0,5,48,0.034485
A,V2I-Base,3,10,1.0,5,49,0.034271
A,V2I-Base,3,10,1.0,5,50,0.033954
A,V2I-Base,3,10,1.0,5,51,0.034086
A,V2V-Base,3,10,1.0,5,42,6e-06
A,V2V-Base,3,10,1.0,5,43,1e-05
A,V2V-Base,3,10,1.0,5,44,1.3e-05
A,V2V-Base,3,10,1.0,5,45,1.2e-05
A,V2V-Base,3,10,1.0,5,46,1.5e-05
A,V2V-Base,3,10,1.0,5,47,1.4e-05
A,V2V-Base,3,10,1.0,5,48,1.4e-05
A,V2V-Base,3,10,1.0,5,49,2e-05
A,V2V-Base,3,10,1.0,5,50,1e-05
A,V2V-Base,3,10,1.0,5,51,1e-05
A,Random-K,3,10,1.0,5,42,0.000295
A,Random-K,3,10,1.0,5,43,0.000249
A,Random-K,3,10,1.0,5,44,0.00031
A,Random-K,3,10,1.0,5,45,0.000279
A,Random-K,3,10,1.0,5,46,0.000352
A,Random-K,3,10,1.0,5,47,0.000265
A,Random-K,3,10,1.0,5,48,0.000295
A,Random-K,3,10,1.0,5,49,0.00024
A,Random-K,3,10,1.0,5,50,0.000314
A,Random-K,3,10,1.0,5,51,0.000261
A,RILP,3,10,2.0,5,42,0.03413
A,RILP,3,10,2.0,5,43,0.0342
A,RILP,3,10,2.0,5,44,0.034256
A,RILP,3,10,2.0,5,45,0.034244
A,RILP,3,10,2.0,5,46,0.034353
A,RILP,3,10,2.0,5,47,0.034379
A,RILP,3,10,2.0,5,48,0.034485
A,RILP,3,10,2.0,5,49,0.034271
A,RILP,3,10,2.0,5,50,0.033954
A,RILP,3,10,2.0,5,51,0.034086
A,RILP-Greedy,3,10,2.0,5,42,0.03413
A,RILP-Greedy,3,10,2.0,5,43,0.0342
A,RILP-Greedy,3,10,2.0,5,44,0.034256
A,RILP-Greedy,3,10,2.0,5,45,0.034244
A,RILP-Greedy,3,10,2.0,5,46,0.034353
A,RILP-Greedy,3,10,2.0,5,47,0.034379
A,RILP-Greedy,3,10,2.0,5,48,0.034485
A,RILP-Greedy,3,10,2.0,5,49,0.034271
A,RILP-Greedy,3,10,2.0,5,50,0.033954
A,RILP-Greedy,3,10,2.0,5,51,0.034086
A,Nam2023b,3,10,2.0,5,42,0.198305
A,Nam2023b,3,10,2.0,5,43,0.197891
A,Nam2023b,3,10,2.0,5,44,0.197752
A,Nam2023b,3,10,2.0,5,45,0.19774
A,Nam2023b,3,10,2.0,5,46,0.198337
A,Nam2023b,3,10,2.0,5,47,0.1981
A,Nam2023b,3,10,2.0,5,48,0.197565
A,Nam2023b,3,10,2.0,5,49,0.197787
A,Nam2023b,3,10,2.0,5,50,0.198482
A,Nam2023b,3,10,2.0,5,51,0.197833
A,Nam2025,3,10,2.0,5,42,0.03413
A,Nam2025,3,10,2.0,5,43,0.0342
A,Nam2025,3,10,2.0,5,44,0.034256
A,Nam2025,3,10,2.0,5,45,0.034244
A,Nam2025,3,10,2.0,5,46,0.034353
A,Nam2025,3,10,2.0,5,47,0.034379
A,Nam2025,3,10,2.0,5,48,0.034485
A,Nam2025,3,10,2.0,5,49,0.034271
A,Nam2025,3,10,2.0,5,50,0.033954
A,Nam2025,3,10,2.0,5,51,0.034086
A,Youn2026,3,10,2.0,5,42,0.03413
A,Youn2026,3,10,2.0,5,43,0.0342
A,Youn2026,3,10,2.0,5,44,0.034256
A,Youn2026,3,10,2.0,5,45,0.034244
A,Youn2026,3,10,2.0,5,46,0.034353
A,Youn2026,3,10,2.0,5,47,0.034379
A,Youn2026,3,10,2.0,5,48,0.034485
A,Youn2026,3,10,2.0,5,49,0.034271
A,Youn2026,3,10,2.0,5,50,0.033954
A,Youn2026,3,10,2.0,5,51,0.034086
A,V2I-Base,3,10,2.0,5,42,0.03413
A,V2I-Base,3,10,2.0,5,43,0.0342
A,V2I-Base,3,10,2.0,5,44,0.034256
A,V2I-Base,3,10,2.0,5,45,0.034244
A,V2I-Base,3,10,2.0,5,46,0.034353
A,V2I-Base,3,10,2.0,5,47,0.034379
A,V2I-Base,3,10,2.0,5,48,0.034485
A,V2I-Base,3,10,2.0,5,49,0.034271
A,V2I-Base,3,10,2.0,5,50,0.033954
A,V2I-Base,3,10,2.0,5,51,0.034086
A,V2V-Base,3,10,2.0,5,42,6e-06
A,V2V-Base,3,10,2.0,5,43,1e-05
A,V2V-Base,3,10,2.0,5,44,1.3e-05
A,V2V-Base,3,10,2.0,5,45,1.2e-05
A,V2V-Base,3,10,2.0,5,46,1.5e-05
A,V2V-Base,3,10,2.0,5,47,1.4e-05
A,V2V-Base,3,10,2.0,5,48,1.4e-05
A,V2V-Base,3,10,2.0,5,49,2e-05
A,V2V-Base,3,10,2.0,5,50,1e-05
A,V2V-Base,3,10,2.0,5,51,1e-05
A,Random-K,3,10,2.0,5,42,0.000295
A,Random-K,3,10,2.0,5,43,0.000249
A,Random-K,3,10,2.0,5,44,0.00031
A,Random-K,3,10,2.0,5,45,0.000279
A,Random-K,3,10,2.0,5,46,0.000352
A,Random-K,3,10,2.0,5,47,0.000265
A,Random-K,3,10,2.0,5,48,0.000295
A,Random-K,3,10,2.0,5,49,0.00024
A,Random-K,3,10,2.0,5,50,0.000314
A,Random-K,3,10,2.0,5,51,0.000261
A,RILP,3,10,3.0,5,42,0.03413
A,RILP,3,10,3.0,5,43,0.0342
A,RILP,3,10,3.0,5,44,0.034256
A,RILP,3,10,3.0,5,45,0.034244
A,RILP,3,10,3.0,5,46,0.034353
A,RILP,3,10,3.0,5,47,0.034379
A,RILP,3,10,3.0,5,48,0.034485
A,RILP,3,10,3.0,5,49,0.034271
A,RILP,3,10,3.0,5,50,0.033954
A,RILP,3,10,3.0,5,51,0.034086
A,RILP-Greedy,3,10,3.0,5,42,0.03413
A,RILP-Greedy,3,10,3.0,5,43,0.0342
A,RILP-Greedy,3,10,3.0,5,44,0.034256
A,RILP-Greedy,3,10,3.0,5,45,0.034244
A,RILP-Greedy,3,10,3.0,5,46,0.034353
A,RILP-Greedy,3,10,3.0,5,47,0.034379
A,RILP-Greedy,3,10,3.0,5,48,0.034485
A,RILP-Greedy,3,10,3.0,5,49,0.034271
A,RILP-Greedy,3,10,3.0,5,50,0.033954
A,RILP-Greedy,3,10,3.0,5,51,0.034086
A,Nam2023b,3,10,3.0,5,42,0.198305
A,Nam2023b,3,10,3.0,5,43,0.197891
A,Nam2023b,3,10,3.0,5,44,0.197752
A,Nam2023b,3,10,3.0,5,45,0.19774
A,Nam2023b,3,10,3.0,5,46,0.198337
A,Nam2023b,3,10,3.0,5,47,0.1981
A,Nam2023b,3,10,3.0,5,48,0.197565
A,Nam2023b,3,10,3.0,5,49,0.197787
A,Nam2023b,3,10,3.0,5,50,0.198482
A,Nam2023b,3,10,3.0,5,51,0.197833
A,Nam2025,3,10,3.0,5,42,0.03413
A,Nam2025,3,10,3.0,5,43,0.0342
A,Nam2025,3,10,3.0,5,44,0.034256
A,Nam2025,3,10,3.0,5,45,0.034244
A,Nam2025,3,10,3.0,5,46,0.034353
A,Nam2025,3,10,3.0,5,47,0.034379
A,Nam2025,3,10,3.0,5,48,0.034485
A,Nam2025,3,10,3.0,5,49,0.034271
A,Nam2025,3,10,3.0,5,50,0.033954
A,Nam2025,3,10,3.0,5,51,0.034086
A,Youn2026,3,10,3.0,5,42,0.03413
A,Youn2026,3,10,3.0,5,43,0.0342
A,Youn2026,3,10,3.0,5,44,0.034256
A,Youn2026,3,10,3.0,5,45,0.034244
A,Youn2026,3,10,3.0,5,46,0.034353
A,Youn2026,3,10,3.0,5,47,0.034379
A,Youn2026,3,10,3.0,5,48,0.034485
A,Youn2026,3,10,3.0,5,49,0.034271
A,Youn2026,3,10,3.0,5,50,0.033954
A,Youn2026,3,10,3.0,5,51,0.034086
A,V2I-Base,3,10,3.0,5,42,0.03413
A,V2I-Base,3,10,3.0,5,43,0.0342
A,V2I-Base,3,10,3.0,5,44,0.034256
A,V2I-Base,3,10,3.0,5,45,0.034244
A,V2I-Base,3,10,3.0,5,46,0.034353
A,V2I-Base,3,10,3.0,5,47,0.034379
A,V2I-Base,3,10,3.0,5,48,0.034485
A,V2I-Base,3,10,3.0,5,49,0.034271
A,V2I-Base,3,10,3.0,5,50,0.033954
A,V2I-Base,3,10,3.0,5,51,0.034086
A,V2V-Base,3,10,3.0,5,42,6e-06
A,V2V-Base,3,10,3.0,5,43,1e-05
A,V2V-Base,3,10,3.0,5,44,1.3e-05
A,V2V-Base,3,10,3.0,5,45,1.2e-05
A,V2V-Base,3,10,3.0,5,46,1.5e-05
A,V2V-Base,3,10,3.0,5,47,1.4e-05
A,V2V-Base,3,10,3.0,5,48,1.4e-05
A,V2V-Base,3,10,3.0,5,49,2e-05
A,V2V-Base,3,10,3.0,5,50,1e-05
A,V2V-Base,3,10,3.0,5,51,1e-05
A,Random-K,3,10,3.0,5,42,0.000295
A,Random-K,3,10,3.0,5,43,0.000249
A,Random-K,3,10,3.0,5,44,0.00031
A,Random-K,3,10,3.0,5,45,0.000279
A,Random-K,3,10,3.0,5,46,0.000352
A,Random-K,3,10,3.0,5,47,0.000265
A,Random-K,3,10,3.0,5,48,0.000295
A,Random-K,3,10,3.0,5,49,0.00024
A,Random-K,3,10,3.0,5,50,0.000314
A,Random-K,3,10,3.0,5,51,0.000261
A,RILP,3,20,0.0,5,42,0.03413
A,RILP,3,20,0.0,5,43,0.0342
A,RILP,3,20,0.0,5,44,0.034256
A,RILP,3,20,0.0,5,45,0.034244
A,RILP,3,20,0.0,5,46,0.034353
A,RILP,3,20,0.0,5,47,0.034379
A,RILP,3,20,0.0,5,48,0.034485
A,RILP,3,20,0.0,5,49,0.034271
A,RILP,3,20,0.0,5,50,0.033954
A,RILP,3,20,0.0,5,51,0.034086
A,RILP-Greedy,3,20,0.0,5,42,0.03413
A,RILP-Greedy,3,20,0.0,5,43,0.0342
A,RILP-Greedy,3,20,0.0,5,44,0.034256
A,RILP-Greedy,3,20,0.0,5,45,0.034244
A,RILP-Greedy,3,20,0.0,5,46,0.034353
A,RILP-Greedy,3,20,0.0,5,47,0.034379
A,RILP-Greedy,3,20,0.0,5,48,0.034485
A,RILP-Greedy,3,20,0.0,5,49,0.034271
A,RILP-Greedy,3,20,0.0,5,50,0.033954
A,RILP-Greedy,3,20,0.0,5,51,0.034086
A,Nam2023b,3,20,0.0,5,42,0.198305
A,Nam2023b,3,20,0.0,5,43,0.197891
A,Nam2023b,3,20,0.0,5,44,0.197752
A,Nam2023b,3,20,0.0,5,45,0.19774
A,Nam2023b,3,20,0.0,5,46,0.198337
A,Nam2023b,3,20,0.0,5,47,0.1981
A,Nam2023b,3,20,0.0,5,48,0.197565
A,Nam2023b,3,20,0.0,5,49,0.197787
A,Nam2023b,3,20,0.0,5,50,0.198482
A,Nam2023b,3,20,0.0,5,51,0.197833
A,Nam2025,3,20,0.0,5,42,0.03413
A,Nam2025,3,20,0.0,5,43,0.0342
A,Nam2025,3,20,0.0,5,44,0.034256
A,Nam2025,3,20,0.0,5,45,0.034244
A,Nam2025,3,20,0.0,5,46,0.034353
A,Nam2025,3,20,0.0,5,47,0.034379
A,Nam2025,3,20,0.0,5,48,0.034485
A,Nam2025,3,20,0.0,5,49,0.034271
A,Nam2025,3,20,0.0,5,50,0.033954
A,Nam2025,3,20,0.0,5,51,0.034086
A,Youn2026,3,20,0.0,5,42,0.03413
A,Youn2026,3,20,0.0,5,43,0.0342
A,Youn2026,3,20,0.0,5,44,0.034256
A,Youn2026,3,20,0.0,5,45,0.034244
A,Youn2026,3,20,0.0,5,46,0.034353
A,Youn2026,3,20,0.0,5,47,0.034379
A,Youn2026,3,20,0.0,5,48,0.034485
A,Youn2026,3,20,0.0,5,49,0.034271
A,Youn2026,3,20,0.0,5,50,0.033954
A,Youn2026,3,20,0.0,5,51,0.034086
A,V2I-Base,3,20,0.0,5,42,0.03413
A,V2I-Base,3,20,0.0,5,43,0.0342
A,V2I-Base,3,20,0.0,5,44,0.034256
A,V2I-Base,3,20,0.0,5,45,0.034244
A,V2I-Base,3,20,0.0,5,46,0.034353
A,V2I-Base,3,20,0.0,5,47,0.034379
A,V2I-Base,3,20,0.0,5,48,0.034485
A,V2I-Base,3,20,0.0,5,49,0.034271
A,V2I-Base,3,20,0.0,5,50,0.033954
A,V2I-Base,3,20,0.0,5,51,0.034086
A,V2V-Base,3,20,0.0,5,42,6e-06
A,V2V-Base,3,20,0.0,5,43,1e-05
A,V2V-Base,3,20,0.0,5,44,1.3e-05
A,V2V-Base,3,20,0.0,5,45,1.2e-05
A,V2V-Base,3,20,0.0,5,46,1.5e-05
A,V2V-Base,3,20,0.0,5,47,1.4e-05
A,V2V-Base,3,20,0.0,5,48,1.4e-05
A,V2V-Base,3,20,0.0,5,49,2e-05
A,V2V-Base,3,20,0.0,5,50,1e-05
A,V2V-Base,3,20,0.0,5,51,1e-05
A,Random-K,3,20,0.0,5,42,0.000295
A,Random-K,3,20,0.0,5,43,0.000249
A,Random-K,3,20,0.0,5,44,0.00031
A,Random-K,3,20,0.0,5,45,0.000279
A,Random-K,3,20,0.0,5,46,0.000352
A,Random-K,3,20,0.0,5,47,0.000265
A,Random-K,3,20,0.0,5,48,0.000295
A,Random-K,3,20,0.0,5,49,0.00024
A,Random-K,3,20,0.0,5,50,0.000314
A,Random-K,3,20,0.0,5,51,0.000261
A,RILP,3,20,1.0,5,42,0.03413
A,RILP,3,20,1.0,5,43,0.0342
A,RILP,3,20,1.0,5,44,0.034256
A,RILP,3,20,1.0,5,45,0.034244
A,RILP,3,20,1.0,5,46,0.034353
A,RILP,3,20,1.0,5,47,0.034379
A,RILP,3,20,1.0,5,48,0.034485
A,RILP,3,20,1.0,5,49,0.034271
A,RILP,3,20,1.0,5,50,0.033954
A,RILP,3,20,1.0,5,51,0.034086
A,RILP-Greedy,3,20,1.0,5,42,0.03413
A,RILP-Greedy,3,20,1.0,5,43,0.0342
A,RILP-Greedy,3,20,1.0,5,44,0.034256
A,RILP-Greedy,3,20,1.0,5,45,0.034244
A,RILP-Greedy,3,20,1.0,5,46,0.034353
A,RILP-Greedy,3,20,1.0,5,47,0.034379
A,RILP-Greedy,3,20,1.0,5,48,0.034485
A,RILP-Greedy,3,20,1.0,5,49,0.034271
A,RILP-Greedy,3,20,1.0,5,50,0.033954
A,RILP-Greedy,3,20,1.0,5,51,0.034086
A,Nam2023b,3,20,1.0,5,42,0.198305
A,Nam2023b,3,20,1.0,5,43,0.197891
A,Nam2023b,3,20,1.0,5,44,0.197752
A,Nam2023b,3,20,1.0,5,45,0.19774
A,Nam2023b,3,20,1.0,5,46,0.198337
A,Nam2023b,3,20,1.0,5,47,0.1981
A,Nam2023b,3,20,1.0,5,48,0.197565
A,Nam2023b,3,20,1.0,5,49,0.197787
A,Nam2023b,3,20,1.0,5,50,0.198482
A,Nam2023b,3,20,1.0,5,51,0.197833
A,Nam2025,3,20,1.0,5,42,0.03413
A,Nam2025,3,20,1.0,5,43,0.0342
A,Nam2025,3,20,1.0,5,44,0.034256
A,Nam2025,3,20,1.0,5,45,0.034244
A,Nam2025,3,20,1.0,5,46,0.034353
A,Nam2025,3,20,1.0,5,47,0.034379
A,Nam2025,3,20,1.0,5,48,0.034485
A,Nam2025,3,20,1.0,5,49,0.034271
A,Nam2025,3,20,1.0,5,50,0.033954
A,Nam2025,3,20,1.0,5,51,0.034086
A,Youn2026,3,20,1.0,5,42,0.03413
A,Youn2026,3,20,1.0,5,43,0.0342
A,Youn2026,3,20,1.0,5,44,0.034256
A,Youn2026,3,20,1.0,5,45,0.034244
A,Youn2026,3,20,1.0,5,46,0.034353
A,Youn2026,3,20,1.0,5,47,0.034379
A,Youn2026,3,20,1.0,5,48,0.034485
A,Youn2026,3,20,1.0,5,49,0.034271
A,Youn2026,3,20,1.0,5,50,0.033954
A,Youn2026,3,20,1.0,5,51,0.034086
A,V2I-Base,3,20,1.0,5,42,0.03413
A,V2I-Base,3,20,1.0,5,43,0.0342
A,V2I-Base,3,20,1.0,5,44,0.034256
A,V2I-Base,3,20,1.0,5,45,0.034244
A,V2I-Base,3,20,1.0,5,46,0.034353
A,V2I-Base,3,20,1.0,5,47,0.034379
A,V2I-Base,3,20,1.0,5,48,0.034485
A,V2I-Base,3,20,1.0,5,49,0.034271
A,V2I-Base,3,20,1.0,5,50,0.033954
A,V2I-Base,3,20,1.0,5,51,0.034086
A,V2V-Base,3,20,1.0,5,42,6e-06
A,V2V-Base,3,20,1.0,5,43,1e-05
A,V2V-Base,3,20,1.0,5,44,1.3e-05
A,V2V-Base,3,20,1.0,5,45,1.2e-05
A,V2V-Base,3,20,1.0,5,46,1.5e-05
A,V2V-Base,3,20,1.0,5,47,1.4e-05
A,V2V-Base,3,20,1.0,5,48,1.4e-05
A,V2V-Base,3,20,1.0,5,49,2e-05
A,V2V-Base,3,20,1.0,5,50,1e-05
A,V2V-Base,3,20,1.0,5,51,1e-05
A,Random-K,3,20,1.0,5,42,0.000295
A,Random-K,3,20,1.0,5,43,0.000249
A,Random-K,3,20,1.0,5,44,0.00031
A,Random-K,3,20,1.0,5,45,0.000279
A,Random-K,3,20,1.0,5,46,0.000352
A,Random-K,3,20,1.0,5,47,0.000265
A,Random-K,3,20,1.0,5,48,0.000295
A,Random-K,3,20,1.0,5,49,0.00024
A,Random-K,3,20,1.0,5,50,0.000314
A,Random-K,3,20,1.0,5,51,0.000261
A,RILP,3,20,2.0,5,42,0.03413
A,RILP,3,20,2.0,5,43,0.0342
A,RILP,3,20,2.0,5,44,0.034256
A,RILP,3,20,2.0,5,45,0.034244
A,RILP,3,20,2.0,5,46,0.034353
A,RILP,3,20,2.0,5,47,0.034379
A,RILP,3,20,2.0,5,48,0.034485
A,RILP,3,20,2.0,5,49,0.034271
A,RILP,3,20,2.0,5,50,0.033954
A,RILP,3,20,2.0,5,51,0.034086
A,RILP-Greedy,3,20,2.0,5,42,0.03413
A,RILP-Greedy,3,20,2.0,5,43,0.0342
A,RILP-Greedy,3,20,2.0,5,44,0.034256
A,RILP-Greedy,3,20,2.0,5,45,0.034244
A,RILP-Greedy,3,20,2.0,5,46,0.034353
A,RILP-Greedy,3,20,2.0,5,47,0.034379
A,RILP-Greedy,3,20,2.0,5,48,0.034485
A,RILP-Greedy,3,20,2.0,5,49,0.034271
A,RILP-Greedy,3,20,2.0,5,50,0.033954
A,RILP-Greedy,3,20,2.0,5,51,0.034086
A,Nam2023b,3,20,2.0,5,42,0.198305
A,Nam2023b,3,20,2.0,5,43,0.197891
A,Nam2023b,3,20,2.0,5,44,0.197752
A,Nam2023b,3,20,2.0,5,45,0.19774
A,Nam2023b,3,20,2.0,5,46,0.198337
A,Nam2023b,3,20,2.0,5,47,0.1981
A,Nam2023b,3,20,2.0,5,48,0.197565
A,Nam2023b,3,20,2.0,5,49,0.197787
A,Nam2023b,3,20,2.0,5,50,0.198482
A,Nam2023b,3,20,2.0,5,51,0.197833
A,Nam2025,3,20,2.0,5,42,0.03413
A,Nam2025,3,20,2.0,5,43,0.0342
A,Nam2025,3,20,2.0,5,44,0.034256
A,Nam2025,3,20,2.0,5,45,0.034244
A,Nam2025,3,20,2.0,5,46,0.034353
A,Nam2025,3,20,2.0,5,47,0.034379
A,Nam2025,3,20,2.0,5,48,0.034485
A,Nam2025,3,20,2.0,5,49,0.034271
A,Nam2025,3,20,2.0,5,50,0.033954
A,Nam2025,3,20,2.0,5,51,0.034086
A,Youn2026,3,20,2.0,5,42,0.03413
A,Youn2026,3,20,2.0,5,43,0.0342
A,Youn2026,3,20,2.0,5,44,0.034256
A,Youn2026,3,20,2.0,5,45,0.034244
A,Youn2026,3,20,2.0,5,46,0.034353
A,Youn2026,3,20,2.0,5,47,0.034379
A,Youn2026,3,20,2.0,5,48,0.034485
A,Youn2026,3,20,2.0,5,49,0.034271
A,Youn2026,3,20,2.0,5,50,0.033954
A,Youn2026,3,20,2.0,5,51,0.034086
A,V2I-Base,3,20,2.0,5,42,0.03413
A,V2I-Base,3,20,2.0,5,43,0.0342
A,V2I-Base,3,20,2.0,5,44,0.034256
A,V2I-Base,3,20,2.0,5,45,0.034244
A,V2I-Base,3,20,2.0,5,46,0.034353
A,V2I-Base,3,20,2.0,5,47,0.034379
A,V2I-Base,3,20,2.0,5,48,0.034485
A,V2I-Base,3,20,2.0,5,49,0.034271
A,V2I-Base,3,20,2.0,5,50,0.033954
A,V2I-Base,3,20,2.0,5,51,0.034086
A,V2V-Base,3,20,2.0,5,42,6e-06
A,V2V-Base,3,20,2.0,5,43,1e-05
A,V2V-Base,3,20,2.0,5,44,1.3e-05
A,V2V-Base,3,20,2.0,5,45,1.2e-05
A,V2V-Base,3,20,2.0,5,46,1.5e-05
A,V2V-Base,3,20,2.0,5,47,1.4e-05
A,V2V-Base,3,20,2.0,5,48,1.4e-05
A,V2V-Base,3,20,2.0,5,49,2e-05
A,V2V-Base,3,20,2.0,5,50,1e-05
A,V2V-Base,3,20,2.0,5,51,1e-05
A,Random-K,3,20,2.0,5,42,0.000295
A,Random-K,3,20,2.0,5,43,0.000249
A,Random-K,3,20,2.0,5,44,0.00031
A,Random-K,3,20,2.0,5,45,0.000279
A,Random-K,3,20,2.0,5,46,0.000352
A,Random-K,3,20,2.0,5,47,0.000265
A,Random-K,3,20,2.0,5,48,0.000295
A,Random-K,3,20,2.0,5,49,0.00024
A,Random-K,3,20,2.0,5,50,0.000314
A,Random-K,3,20,2.0,5,51,0.000261
A,RILP,3,20,3.0,5,42,0.03413
A,RILP,3,20,3.0,5,43,0.0342
A,RILP,3,20,3.0,5,44,0.034256
A,RILP,3,20,3.0,5,45,0.034244
A,RILP,3,20,3.0,5,46,0.034353
A,RILP,3,20,3.0,5,47,0.034379
A,RILP,3,20,3.0,5,48,0.034485
A,RILP,3,20,3.0,5,49,0.034271
A,RILP,3,20,3.0,5,50,0.033954
A,RILP,3,20,3.0,5,51,0.034086
A,RILP-Greedy,3,20,3.0,5,42,0.03413
A,RILP-Greedy,3,20,3.0,5,43,0.0342
A,RILP-Greedy,3,20,3.0,5,44,0.034256
A,RILP-Greedy,3,20,3.0,5,45,0.034244
A,RILP-Greedy,3,20,3.0,5,46,0.034353
A,RILP-Greedy,3,20,3.0,5,47,0.034379
A,RILP-Greedy,3,20,3.0,5,48,0.034485
A,RILP-Greedy,3,20,3.0,5,49,0.034271
A,RILP-Greedy,3,20,3.0,5,50,0.033954
A,RILP-Greedy,3,20,3.0,5,51,0.034086
A,Nam2023b,3,20,3.0,5,42,0.198305
A,Nam2023b,3,20,3.0,5,43,0.197891
A,Nam2023b,3,20,3.0,5,44,0.197752
A,Nam2023b,3,20,3.0,5,45,0.19774
A,Nam2023b,3,20,3.0,5,46,0.198337
A,Nam2023b,3,20,3.0,5,47,0.1981
A,Nam2023b,3,20,3.0,5,48,0.197565
A,Nam2023b,3,20,3.0,5,49,0.197787
A,Nam2023b,3,20,3.0,5,50,0.198482
A,Nam2023b,3,20,3.0,5,51,0.197833
A,Nam2025,3,20,3.0,5,42,0.03413
A,Nam2025,3,20,3.0,5,43,0.0342
A,Nam2025,3,20,3.0,5,44,0.034256
A,Nam2025,3,20,3.0,5,45,0.034244
A,Nam2025,3,20,3.0,5,46,0.034353
A,Nam2025,3,20,3.0,5,47,0.034379
A,Nam2025,3,20,3.0,5,48,0.034485
A,Nam2025,3,20,3.0,5,49,0.034271
A,Nam2025,3,20,3.0,5,50,0.033954
A,Nam2025,3,20,3.0,5,51,0.034086
A,Youn2026,3,20,3.0,5,42,0.03413
A,Youn2026,3,20,3.0,5,43,0.0342
A,Youn2026,3,20,3.0,5,44,0.034256
A,Youn2026,3,20,3.0,5,45,0.034244
A,Youn2026,3,20,3.0,5,46,0.034353
A,Youn2026,3,20,3.0,5,47,0.034379
A,Youn2026,3,20,3.0,5,48,0.034485
A,Youn2026,3,20,3.0,5,49,0.034271
A,Youn2026,3,20,3.0,5,50,0.033954
A,Youn2026,3,20,3.0,5,51,0.034086
A,V2I-Base,3,20,3.0,5,42,0.03413
A,V2I-Base,3,20,3.0,5,43,0.0342
A,V2I-Base,3,20,3.0,5,44,0.034256
A,V2I-Base,3,20,3.0,5,45,0.034244
A,V2I-Base,3,20,3.0,5,46,0.034353
A,V2I-Base,3,20,3.0,5,47,0.034379
A,V2I-Base,3,20,3.0,5,48,0.034485
A,V2I-Base,3,20,3.0,5,49,0.034271
A,V2I-Base,3,20,3.0,5,50,0.033954
A,V2I-Base,3,20,3.0,5,51,0.034086
A,V2V-Base,3,20,3.0,5,42,6e-06
A,V2V-Base,3,20,3.0,5,43,1e-05
A,V2V-Base,3,20,3.0,5,44,1.3e-05
A,V2V-Base,3,20,3.0,5,45,1.2e-05
A,V2V-Base,3,20,3.0,5,46,1.5e-05
A,V2V-Base,3,20,3.0,5,47,1.4e-05
A,V2V-Base,3,20,3.0,5,48,1.4e-05
A,V2V-Base,3,20,3.0,5,49,2e-05
A,V2V-Base,3,20,3.0,5,50,1e-05
A,V2V-Base,3,20,3.0,5,51,1e-05
A,Random-K,3,20,3.0,5,42,0.000295
A,Random-K,3,20,3.0,5,43,0.000249
A,Random-K,3,20,3.0,5,44,0.00031
A,Random-K,3,20,3.0,5,45,0.000279
A,Random-K,3,20,3.0,5,46,0.000352
A,Random-K,3,20,3.0,5,47,0.000265
A,Random-K,3,20,3.0,5,48,0.000295
A,Random-K,3,20,3.0,5,49,0.00024
A,Random-K,3,20,3.0,5,50,0.000314
A,Random-K,3,20,3.0,5,51,0.000261
A,RILP,3,30,0.0,5,42,0.03413
A,RILP,3,30,0.0,5,43,0.0342
A,RILP,3,30,0.0,5,44,0.034256
A,RILP,3,30,0.0,5,45,0.034244
A,RILP,3,30,0.0,5,46,0.034353
A,RILP,3,30,0.0,5,47,0.034379
A,RILP,3,30,0.0,5,48,0.034485
A,RILP,3,30,0.0,5,49,0.034271
A,RILP,3,30,0.0,5,50,0.033954
A,RILP,3,30,0.0,5,51,0.034086
A,RILP-Greedy,3,30,0.0,5,42,0.03413
A,RILP-Greedy,3,30,0.0,5,43,0.0342
A,RILP-Greedy,3,30,0.0,5,44,0.034256
A,RILP-Greedy,3,30,0.0,5,45,0.034244
A,RILP-Greedy,3,30,0.0,5,46,0.034353
A,RILP-Greedy,3,30,0.0,5,47,0.034379
A,RILP-Greedy,3,30,0.0,5,48,0.034485
A,RILP-Greedy,3,30,0.0,5,49,0.034271
A,RILP-Greedy,3,30,0.0,5,50,0.033954
A,RILP-Greedy,3,30,0.0,5,51,0.034086
A,Nam2023b,3,30,0.0,5,42,0.198305
A,Nam2023b,3,30,0.0,5,43,0.197891
A,Nam2023b,3,30,0.0,5,44,0.197752
A,Nam2023b,3,30,0.0,5,45,0.19774
A,Nam2023b,3,30,0.0,5,46,0.198337
A,Nam2023b,3,30,0.0,5,47,0.1981
A,Nam2023b,3,30,0.0,5,48,0.197565
A,Nam2023b,3,30,0.0,5,49,0.197787
A,Nam2023b,3,30,0.0,5,50,0.198482
A,Nam2023b,3,30,0.0,5,51,0.197833
A,Nam2025,3,30,0.0,5,42,0.03413
A,Nam2025,3,30,0.0,5,43,0.0342
A,Nam2025,3,30,0.0,5,44,0.034256
A,Nam2025,3,30,0.0,5,45,0.034244
A,Nam2025,3,30,0.0,5,46,0.034353
A,Nam2025,3,30,0.0,5,47,0.034379
A,Nam2025,3,30,0.0,5,48,0.034485
A,Nam2025,3,30,0.0,5,49,0.034271
A,Nam2025,3,30,0.0,5,50,0.033954
A,Nam2025,3,30,0.0,5,51,0.034086
A,Youn2026,3,30,0.0,5,42,0.03413
A,Youn2026,3,30,0.0,5,43,0.0342
A,Youn2026,3,30,0.0,5,44,0.034256
A,Youn2026,3,30,0.0,5,45,0.034244
A,Youn2026,3,30,0.0,5,46,0.034353
A,Youn2026,3,30,0.0,5,47,0.034379
A,Youn2026,3,30,0.0,5,48,0.034485
A,Youn2026,3,30,0.0,5,49,0.034271
A,Youn2026,3,30,0.0,5,50,0.033954
A,Youn2026,3,30,0.0,5,51,0.034086
A,V2I-Base,3,30,0.0,5,42,0.03413
A,V2I-Base,3,30,0.0,5,43,0.0342
A,V2I-Base,3,30,0.0,5,44,0.034256
A,V2I-Base,3,30,0.0,5,45,0.034244
A,V2I-Base,3,30,0.0,5,46,0.034353
A,V2I-Base,3,30,0.0,5,47,0.034379
A,V2I-Base,3,30,0.0,5,48,0.034485
A,V2I-Base,3,30,0.0,5,49,0.034271
A,V2I-Base,3,30,0.0,5,50,0.033954
A,V2I-Base,3,30,0.0,5,51,0.034086
A,V2V-Base,3,30,0.0,5,42,6e-06
A,V2V-Base,3,30,0.0,5,43,1e-05
A,V2V-Base,3,30,0.0,5,44,1.3e-05
A,V2V-Base,3,30,0.0,5,45,1.2e-05
A,V2V-Base,3,30,0.0,5,46,1.5e-05
A,V2V-Base,3,30,0.0,5,47,1.4e-05
A,V2V-Base,3,30,0.0,5,48,1.4e-05
A,V2V-Base,3,30,0.0,5,49,2e-05
A,V2V-Base,3,30,0.0,5,50,1e-05
A,V2V-Base,3,30,0.0,5,51,1e-05
A,Random-K,3,30,0.0,5,42,0.000295
A,Random-K,3,30,0.0,5,43,0.000249
A,Random-K,3,30,0.0,5,44,0.00031
A,Random-K,3,30,0.0,5,45,0.000279
A,Random-K,3,30,0.0,5,46,0.000352
A,Random-K,3,30,0.0,5,47,0.000265
A,Random-K,3,30,0.0,5,48,0.000295
A,Random-K,3,30,0.0,5,49,0.00024
A,Random-K,3,30,0.0,5,50,0.000314
A,Random-K,3,30,0.0,5,51,0.000261
A,RILP,3,30,1.0,5,42,0.03413
A,RILP,3,30,1.0,5,43,0.0342
A,RILP,3,30,1.0,5,44,0.034256
A,RILP,3,30,1.0,5,45,0.034244
A,RILP,3,30,1.0,5,46,0.034353
A,RILP,3,30,1.0,5,47,0.034379
A,RILP,3,30,1.0,5,48,0.034485
A,RILP,3,30,1.0,5,49,0.034271
A,RILP,3,30,1.0,5,50,0.033954
A,RILP,3,30,1.0,5,51,0.034086
A,RILP-Greedy,3,30,1.0,5,42,0.03413
A,RILP-Greedy,3,30,1.0,5,43,0.0342
A,RILP-Greedy,3,30,1.0,5,44,0.034256
A,RILP-Greedy,3,30,1.0,5,45,0.034244
A,RILP-Greedy,3,30,1.0,5,46,0.034353
A,RILP-Greedy,3,30,1.0,5,47,0.034379
A,RILP-Greedy,3,30,1.0,5,48,0.034485
A,RILP-Greedy,3,30,1.0,5,49,0.034271
A,RILP-Greedy,3,30,1.0,5,50,0.033954
A,RILP-Greedy,3,30,1.0,5,51,0.034086
A,Nam2023b,3,30,1.0,5,42,0.198305
A,Nam2023b,3,30,1.0,5,43,0.197891
A,Nam2023b,3,30,1.0,5,44,0.197752
A,Nam2023b,3,30,1.0,5,45,0.19774
A,Nam2023b,3,30,1.0,5,46,0.198337
A,Nam2023b,3,30,1.0,5,47,0.1981
A,Nam2023b,3,30,1.0,5,48,0.197565
A,Nam2023b,3,30,1.0,5,49,0.197787
A,Nam2023b,3,30,1.0,5,50,0.198482
A,Nam2023b,3,30,1.0,5,51,0.197833
A,Nam2025,3,30,1.0,5,42,0.03413
A,Nam2025,3,30,1.0,5,43,0.0342
A,Nam2025,3,30,1.0,5,44,0.034256
A,Nam2025,3,30,1.0,5,45,0.034244
A,Nam2025,3,30,1.0,5,46,0.034353
A,Nam2025,3,30,1.0,5,47,0.034379
A,Nam2025,3,30,1.0,5,48,0.034485
A,Nam2025,3,30,1.0,5,49,0.034271
A,Nam2025,3,30,1.0,5,50,0.033954
A,Nam2025,3,30,1.0,5,51,0.034086
A,Youn2026,3,30,1.0,5,42,0.03413
A,Youn2026,3,30,1.0,5,43,0.0342
A,Youn2026,3,30,1.0,5,44,0.034256
A,Youn2026,3,30,1.0,5,45,0.034244
A,Youn2026,3,30,1.0,5,46,0.034353
A,Youn2026,3,30,1.0,5,47,0.034379
A,Youn2026,3,30,1.0,5,48,0.034485
A,Youn2026,3,30,1.0,5,49,0.034271
A,Youn2026,3,30,1.0,5,50,0.033954
A,Youn2026,3,30,1.0,5,51,0.034086
A,V2I-Base,3,30,1.0,5,42,0.03413
A,V2I-Base,3,30,1.0,5,43,0.0342
A,V2I-Base,3,30,1.0,5,44,0.034256
A,V2I-Base,3,30,1.0,5,45,0.034244
A,V2I-Base,3,30,1.0,5,46,0.034353
A,V2I-Base,3,30,1.0,5,47,0.034379
A,V2I-Base,3,30,1.0,5,48,0.034485
A,V2I-Base,3,30,1.0,5,49,0.034271
A,V2I-Base,3,30,1.0,5,50,0.033954
A,V2I-Base,3,30,1.0,5,51,0.034086
A,V2V-Base,3,30,1.0,5,42,6e-06
A,V2V-Base,3,30,1.0,5,43,1e-05
A,V2V-Base,3,30,1.0,5,44,1.3e-05
A,V2V-Base,3,30,1.0,5,45,1.2e-05
A,V2V-Base,3,30,1.0,5,46,1.5e-05
A,V2V-Base,3,30,1.0,5,47,1.4e-05
A,V2V-Base,3,30,1.0,5,48,1.4e-05
A,V2V-Base,3,30,1.0,5,49,2e-05
A,V2V-Base,3,30,1.0,5,50,1e-05
A,V2V-Base,3,30,1.0,5,51,1e-05
A,Random-K,3,30,1.0,5,42,0.000295
A,Random-K,3,30,1.0,5,43,0.000249
A,Random-K,3,30,1.0,5,44,0.00031
A,Random-K,3,30,1.0,5,45,0.000279
A,Random-K,3,30,1.0,5,46,0.000352
A,Random-K,3,30,1.0,5,47,0.000265
A,Random-K,3,30,1.0,5,48,0.000295
A,Random-K,3,30,1.0,5,49,0.00024
A,Random-K,3,30,1.0,5,50,0.000314
A,Random-K,3,30,1.0,5,51,0.000261
A,RILP,3,30,2.0,5,42,0.03413
A,RILP,3,30,2.0,5,43,0.0342
A,RILP,3,30,2.0,5,44,0.034256
A,RILP,3,30,2.0,5,45,0.034244
A,RILP,3,30,2.0,5,46,0.034353
A,RILP,3,30,2.0,5,47,0.034379
A,RILP,3,30,2.0,5,48,0.034485
A,RILP,3,30,2.0,5,49,0.034271
A,RILP,3,30,2.0,5,50,0.033954
A,RILP,3,30,2.0,5,51,0.034086
A,RILP-Greedy,3,30,2.0,5,42,0.03413
A,RILP-Greedy,3,30,2.0,5,43,0.0342
A,RILP-Greedy,3,30,2.0,5,44,0.034256
A,RILP-Greedy,3,30,2.0,5,45,0.034244
A,RILP-Greedy,3,30,2.0,5,46,0.034353
A,RILP-Greedy,3,30,2.0,5,47,0.034379
A,RILP-Greedy,3,30,2.0,5,48,0.034485
A,RILP-Greedy,3,30,2.0,5,49,0.034271
A,RILP-Greedy,3,30,2.0,5,50,0.033954
A,RILP-Greedy,3,30,2.0,5,51,0.034086
A,Nam2023b,3,30,2.0,5,42,0.198305
A,Nam2023b,3,30,2.0,5,43,0.197891
A,Nam2023b,3,30,2.0,5,44,0.197752
A,Nam2023b,3,30,2.0,5,45,0.19774
A,Nam2023b,3,30,2.0,5,46,0.198337
A,Nam2023b,3,30,2.0,5,47,0.1981
A,Nam2023b,3,30,2.0,5,48,0.197565
A,Nam2023b,3,30,2.0,5,49,0.197787
A,Nam2023b,3,30,2.0,5,50,0.198482
A,Nam2023b,3,30,2.0,5,51,0.197833
A,Nam2025,3,30,2.0,5,42,0.03413
A,Nam2025,3,30,2.0,5,43,0.034095
A,Nam2025,3,30,2.0,5,44,0.034195
A,Nam2025,3,30,2.0,5,45,0.033853
A,Nam2025,3,30,2.0,5,46,0.034031
A,Nam2025,3,30,2.0,5,47,0.034247
A,Nam2025,3,30,2.0,5,48,0.034192
A,Nam2025,3,30,2.0,5,49,0.033948
A,Nam2025,3,30,2.0,5,50,0.0341
A,Nam2025,3,30,2.0,5,51,0.03431
A,Youn2026,3,30,2.0,5,42,0.033976
A,Youn2026,3,30,2.0,5,43,0.034095
A,Youn2026,3,30,2.0,5,44,0.034195
A,Youn2026,3,30,2.0,5,45,0.033853
A,Youn2026,3,30,2.0,5,46,0.034031
A,Youn2026,3,30,2.0,5,47,0.034247
A,Youn2026,3,30,2.0,5,48,0.034192
A,Youn2026,3,30,2.0,5,49,0.033948
A,Youn2026,3,30,2.0,5,50,0.0341
A,Youn2026,3,30,2.0,5,51,0.03431
A,V2I-Base,3,30,2.0,5,42,0.033976
A,V2I-Base,3,30,2.0,5,43,0.034095
A,V2I-Base,3,30,2.0,5,44,0.034195
A,V2I-Base,3,30,2.0,5,45,0.033853
A,V2I-Base,3,30,2.0,5,46,0.034031
A,V2I-Base,3,30,2.0,5,47,0.034247
A,V2I-Base,3,30,2.0,5,48,0.034192
A,V2I-Base,3,30,2.0,5,49,0.033948
A,V2I-Base,3,30,2.0,5,50,0.0341
A,V2I-Base,3,30,2.0,5,51,0.03431
A,V2V-Base,3,30,2.0,5,42,4e-06
A,V2V-Base,3,30,2.0,5,43,3e-06
A,V2V-Base,3,30,2.0,5,44,4e-06
A,V2V-Base,3,30,2.0,5,45,2e-06
A,V2V-Base,3,30,2.0,5,46,4e-06
A,V2V-Base,3,30,2.0,5,47,6e-06
A,V2V-Base,3,30,2.0,5,48,4e-06
A,V2V-Base,3,30,2.0,5,49,4e-06
A,V2V-Base,3,30,2.0,5,50,6e-06
A,V2V-Base,3,30,2.0,5,51,4e-06
A,Random-K,3,30,2.0,5,42,9.9e-05
A,Random-K,3,30,2.0,5,43,9.8e-05
A,Random-K,3,30,2.0,5,44,0.000112
A,Random-K,3,30,2.0,5,45,9.9e-05
A,Random-K,3,30,2.0,5,46,9.8e-05
A,Random-K,3,30,2.0,5,47,8.6e-05
A,Random-K,3,30,2.0,5,48,9.2e-05
A,Random-K,3,30,2.0,5,49,0.000101
A,Random-K,3,30,2.0,5,50,9.6e-05
A,Random-K,3,30,2.0,5,51,9.8e-05
A,RILP,3,30,3.0,5,42,0.033976
A,RILP,3,30,3.0,5,43,0.034095
A,RILP,3,30,3.0,5,44,0.034195
A,RILP,3,30,3.0,5,45,0.033853
A,RILP,3,30,3.0,5,46,0.034031
A,RILP,3,30,3.0,5,47,0.034247
A,RILP,3,30,3.0,5,48,0.034192
A,RILP,3,30,3.0,5,49,0.033948
A,RILP,3,30,3.0,5,50,0.0341
A,RILP,3,30,3.0,5,51,0.03431
A,RILP-Greedy,3,30,3.0,5,42,0.033976
A,RILP-Greedy,3,30,3.0,5,43,0.034095
A,RILP-Greedy,3,30,3.0,5,44,0.034195
A,RILP-Greedy,3,30,3.0,5,45,0.033853
A,RILP-Greedy,3,30,3.0,5,46,0.034031
A,RILP-Greedy,3,30,3.0,5,47,0.034247
A,RILP-Greedy,3,30,3.0,5,48,0.034192
A,RILP-Greedy,3,30,3.0,5,49,0.033948
A,RILP-Greedy,3,30,3.0,5,50,0.0341
A,RILP-Greedy,3,30,3.0,5,51,0.03431
A,Nam2023b,3,30,3.0,5,42,0.197758
A,Nam2023b,3,30,3.0,5,43,0.197597
A,Nam2023b,3,30,3.0,5,44,0.198003
A,Nam2023b,3,30,3.0,5,45,0.197272
A,Nam2023b,3,30,3.0,5,46,0.19788
A,Nam2023b,3,30,3.0,5,47,0.197833
A,Nam2023b,3,30,3.0,5,48,0.198114
A,Nam2023b,3,30,3.0,5,49,0.197557
A,Nam2023b,3,30,3.0,5,50,0.197563
A,Nam2023b,3,30,3.0,5,51,0.197998
A,Nam2025,3,30,3.0,5,42,0.033976
A,Nam2025,3,30,3.0,5,43,0.034095
A,Nam2025,3,30,3.0,5,44,0.034195
A,Nam2025,3,30,3.0,5,45,0.033853
A,Nam2025,3,30,3.0,5,46,0.034031
A,Nam2025,3,30,3.0,5,47,0.034247
A,Nam2025,3,30,3.0,5,48,0.034192
A,Nam2025,3,30,3.0,5,49,0.033948
A,Nam2025,3,30,3.0,5,50,0.0341
A,Nam2025,3,30,3.0,5,51,0.03431
A,Youn2026,3,30,3.0,5,42,0.033976
A,Youn2026,3,30,3.0,5,43,0.034095
A,Youn2026,3,30,3.0,5,44,0.034195
A,Youn2026,3,30,3.0,5,45,0.033853
A,Youn2026,3,30,3.0,5,46,0.034031
A,Youn2026,3,30,3.0,5,47,0.034247
A,Youn2026,3,30,3.0,5,48,0.034192
A,Youn2026,3,30,3.0,5,49,0.033948
A,Youn2026,3,30,3.0,5,50,0.0341
A,Youn2026,3,30,3.0,5,51,0.03431
A,V2I-Base,3,30,3.0,5,42,0.033976
A,V2I-Base,3,30,3.0,5,43,0.034095
A,V2I-Base,3,30,3.0,5,44,0.034195
A,V2I-Base,3,30,3.0,5,45,0.033853
A,V2I-Base,3,30,3.0,5,46,0.034031
A,V2I-Base,3,30,3.0,5,47,0.034247
A,V2I-Base,3,30,3.0,5,48,0.034192
A,V2I-Base,3,30,3.0,5,49,0.033948
A,V2I-Base,3,30,3.0,5,50,0.0341
A,V2I-Base,3,30,3.0,5,51,0.03431
A,V2V-Base,3,30,3.0,5,42,4e-06
A,V2V-Base,3,30,3.0,5,43,3e-06
A,V2V-Base,3,30,3.0,5,44,4e-06
A,V2V-Base,3,30,3.0,5,45,2e-06
A,V2V-Base,3,30,3.0,5,46,4e-06
A,V2V-Base,3,30,3.0,5,47,6e-06
A,V2V-Base,3,30,3.0,5,48,4e-06
A,V2V-Base,3,30,3.0,5,49,4e-06
A,V2V-Base,3,30,3.0,5,50,6e-06
A,V2V-Base,3,30,3.0,5,51,4e-06
A,Random-K,3,30,3.0,5,42,9.9e-05
A,Random-K,3,30,3.0,5,43,9.8e-05
A,Random-K,3,30,3.0,5,44,0.000112
A,Random-K,3,30,3.0,5,45,9.9e-05
A,Random-K,3,30,3.0,5,46,9.8e-05
A,Random-K,3,30,3.0,5,47,8.6e-05
A,Random-K,3,30,3.0,5,48,9.2e-05
A,Random-K,3,30,3.0,5,49,0.000101
A,Random-K,3,30,3.0,5,50,9.6e-05
A,Random-K,3,30,3.0,5,51,9.8e-05
A,RILP,4,0,0.0,5,42,0.033976
A,RILP,4,0,0.0,5,43,0.034095
A,RILP,4,0,0.0,5,44,0.034195
A,RILP,4,0,0.0,5,45,0.033853
A,RILP,4,0,0.0,5,46,0.034031
A,RILP,4,0,0.0,5,47,0.034247
A,RILP,4,0,0.0,5,48,0.034192
A,RILP,4,0,0.0,5,49,0.033948
A,RILP,4,0,0.0,5,50,0.0341
A,RILP,4,0,0.0,5,51,0.03431
A,RILP-Greedy,4,0,0.0,5,42,0.033976
A,RILP-Greedy,4,0,0.0,5,43,0.034095
A,RILP-Greedy,4,0,0.0,5,44,0.034195
A,RILP-Greedy,4,0,0.0,5,45,0.033853
A,RILP-Greedy,4,0,0.0,5,46,0.034031
A,RILP-Greedy,4,0,0.0,5,47,0.034247
A,RILP-Greedy,4,0,0.0,5,48,0.034192
A,RILP-Greedy,4,0,0.0,5,49,0.033948
A,RILP-Greedy,4,0,0.0,5,50,0.0341
A,RILP-Greedy,4,0,0.0,5,51,0.03431
A,Nam2023b,4,0,0.0,5,42,0.197758
A,Nam2023b,4,0,0.0,5,43,0.197597
A,Nam2023b,4,0,0.0,5,44,0.198003
A,Nam2023b,4,0,0.0,5,45,0.197272
A,Nam2023b,4,0,0.0,5,46,0.19788
A,Nam2023b,4,0,0.0,5,47,0.197833
A,Nam2023b,4,0,0.0,5,48,0.198114
A,Nam2023b,4,0,0.0,5,49,0.197557
A,Nam2023b,4,0,0.0,5,50,0.197563
A,Nam2023b,4,0,0.0,5,51,0.197998
A,Nam2025,4,0,0.0,5,42,0.033976
A,Nam2025,4,0,0.0,5,43,0.034095
A,Nam2025,4,0,0.0,5,44,0.034195
A,Nam2025,4,0,0.0,5,45,0.033853
A,Nam2025,4,0,0.0,5,46,0.034031
A,Nam2025,4,0,0.0,5,47,0.034247
A,Nam2025,4,0,0.0,5,48,0.034192
A,Nam2025,4,0,0.0,5,49,0.033948
A,Nam2025,4,0,0.0,5,50,0.0341
A,Nam2025,4,0,0.0,5,51,0.03431
A,Youn2026,4,0,0.0,5,42,0.033976
A,Youn2026,4,0,0.0,5,43,0.034095
A,Youn2026,4,0,0.0,5,44,0.034195
A,Youn2026,4,0,0.0,5,45,0.033853
A,Youn2026,4,0,0.0,5,46,0.034031
A,Youn2026,4,0,0.0,5,47,0.034247
A,Youn2026,4,0,0.0,5,48,0.034192
A,Youn2026,4,0,0.0,5,49,0.033948
A,Youn2026,4,0,0.0,5,50,0.0341
A,Youn2026,4,0,0.0,5,51,0.03431
A,V2I-Base,4,0,0.0,5,42,0.033976
A,V2I-Base,4,0,0.0,5,43,0.034095
A,V2I-Base,4,0,0.0,5,44,0.034195
A,V2I-Base,4,0,0.0,5,45,0.033853
A,V2I-Base,4,0,0.0,5,46,0.034031
A,V2I-Base,4,0,0.0,5,47,0.034247
A,V2I-Base,4,0,0.0,5,48,0.034192
A,V2I-Base,4,0,0.0,5,49,0.033948
A,V2I-Base,4,0,0.0,5,50,0.0341
A,V2I-Base,4,0,0.0,5,51,0.03431
A,V2V-Base,4,0,0.0,5,42,4e-06
A,V2V-Base,4,0,0.0,5,43,3e-06
A,V2V-Base,4,0,0.0,5,44,4e-06
A,V2V-Base,4,0,0.0,5,45,2e-06
A,V2V-Base,4,0,0.0,5,46,4e-06
A,V2V-Base,4,0,0.0,5,47,6e-06
A,V2V-Base,4,0,0.0,5,48,4e-06
A,V2V-Base,4,0,0.0,5,49,4e-06
A,V2V-Base,4,0,0.0,5,50,6e-06
A,V2V-Base,4,0,0.0,5,51,4e-06
A,Random-K,4,0,0.0,5,42,9.9e-05
A,Random-K,4,0,0.0,5,43,9.8e-05
A,Random-K,4,0,0.0,5,44,0.000112
A,Random-K,4,0,0.0,5,45,9.9e-05
A,Random-K,4,0,0.0,5,46,9.8e-05
A,Random-K,4,0,0.0,5,47,8.6e-05
A,Random-K,4,0,0.0,5,48,9.2e-05
A,Random-K,4,0,0.0,5,49,0.000101
A,Random-K,4,0,0.0,5,50,9.6e-05
A,Random-K,4,0,0.0,5,51,9.8e-05
A,RILP,4,0,1.0,5,42,0.033976
A,RILP,4,0,1.0,5,43,0.034095
A,RILP,4,0,1.0,5,44,0.034195
A,RILP,4,0,1.0,5,45,0.033853
A,RILP,4,0,1.0,5,46,0.034031
A,RILP,4,0,1.0,5,47,0.034247
A,RILP,4,0,1.0,5,48,0.034192
A,RILP,4,0,1.0,5,49,0.033948
A,RILP,4,0,1.0,5,50,0.0341
A,RILP,4,0,1.0,5,51,0.03431
A,RILP-Greedy,4,0,1.0,5,42,0.033976
A,RILP-Greedy,4,0,1.0,5,43,0.034095
A,RILP-Greedy,4,0,1.0,5,44,0.034195
A,RILP-Greedy,4,0,1.0,5,45,0.033853
A,RILP-Greedy,4,0,1.0,5,46,0.034031
A,RILP-Greedy,4,0,1.0,5,47,0.034247
A,RILP-Greedy,4,0,1.0,5,48,0.034192
A,RILP-Greedy,4,0,1.0,5,49,0.033948
A,RILP-Greedy,4,0,1.0,5,50,0.0341
A,RILP-Greedy,4,0,1.0,5,51,0.03431
A,Nam2023b,4,0,1.0,5,42,0.197758
A,Nam2023b,4,0,1.0,5,43,0.197597
A,Nam2023b,4,0,1.0,5,44,0.198003
A,Nam2023b,4,0,1.0,5,45,0.197272
A,Nam2023b,4,0,1.0,5,46,0.19788
A,Nam2023b,4,0,1.0,5,47,0.197833
A,Nam2023b,4,0,1.0,5,48,0.198114
A,Nam2023b,4,0,1.0,5,49,0.197557
A,Nam2023b,4,0,1.0,5,50,0.197563
A,Nam2023b,4,0,1.0,5,51,0.197998
A,Nam2025,4,0,1.0,5,42,0.033976
A,Nam2025,4,0,1.0,5,43,0.034095
A,Nam2025,4,0,1.0,5,44,0.034195
A,Nam2025,4,0,1.0,5,45,0.033853
A,Nam2025,4,0,1.0,5,46,0.034031
A,Nam2025,4,0,1.0,5,47,0.034247
A,Nam2025,4,0,1.0,5,48,0.034192
A,Nam2025,4,0,1.0,5,49,0.033948
A,Nam2025,4,0,1.0,5,50,0.0341
A,Nam2025,4,0,1.0,5,51,0.03431
A,Youn2026,4,0,1.0,5,42,0.033976
A,Youn2026,4,0,1.0,5,43,0.034095
A,Youn2026,4,0,1.0,5,44,0.034195
A,Youn2026,4,0,1.0,5,45,0.033853
A,Youn2026,4,0,1.0,5,46,0.034031
A,Youn2026,4,0,1.0,5,47,0.034247
A,Youn2026,4,0,1.0,5,48,0.034192
A,Youn2026,4,0,1.0,5,49,0.033948
A,Youn2026,4,0,1.0,5,50,0.0341
A,Youn2026,4,0,1.0,5,51,0.03431
A,V2I-Base,4,0,1.0,5,42,0.033976
A,V2I-Base,4,0,1.0,5,43,0.034095
A,V2I-Base,4,0,1.0,5,44,0.034195
A,V2I-Base,4,0,1.0,5,45,0.033853
A,V2I-Base,4,0,1.0,5,46,0.034031
A,V2I-Base,4,0,1.0,5,47,0.034247
A,V2I-Base,4,0,1.0,5,48,0.034192
A,V2I-Base,4,0,1.0,5,49,0.033948
A,V2I-Base,4,0,1.0,5,50,0.0341
A,V2I-Base,4,0,1.0,5,51,0.03431
A,V2V-Base,4,0,1.0,5,42,4e-06
A,V2V-Base,4,0,1.0,5,43,3e-06
A,V2V-Base,4,0,1.0,5,44,4e-06
A,V2V-Base,4,0,1.0,5,45,2e-06
A,V2V-Base,4,0,1.0,5,46,4e-06
A,V2V-Base,4,0,1.0,5,47,6e-06
A,V2V-Base,4,0,1.0,5,48,4e-06
A,V2V-Base,4,0,1.0,5,49,4e-06
A,V2V-Base,4,0,1.0,5,50,6e-06
A,V2V-Base,4,0,1.0,5,51,4e-06
A,Random-K,4,0,1.0,5,42,9.9e-05
A,Random-K,4,0,1.0,5,43,9.8e-05
A,Random-K,4,0,1.0,5,44,0.000112
A,Random-K,4,0,1.0,5,45,9.9e-05
A,Random-K,4,0,1.0,5,46,9.8e-05
A,Random-K,4,0,1.0,5,47,8.6e-05
A,Random-K,4,0,1.0,5,48,9.2e-05
A,Random-K,4,0,1.0,5,49,0.000101
A,Random-K,4,0,1.0,5,50,9.6e-05
A,Random-K,4,0,1.0,5,51,9.8e-05
A,RILP,4,0,2.0,5,42,0.033976
A,RILP,4,0,2.0,5,43,0.034095
A,RILP,4,0,2.0,5,44,0.034195
A,RILP,4,0,2.0,5,45,0.033853
A,RILP,4,0,2.0,5,46,0.034031
A,RILP,4,0,2.0,5,47,0.034247
A,RILP,4,0,2.0,5,48,0.034192
A,RILP,4,0,2.0,5,49,0.033948
A,RILP,4,0,2.0,5,50,0.0341
A,RILP,4,0,2.0,5,51,0.03431
A,RILP-Greedy,4,0,2.0,5,42,0.033976
A,RILP-Greedy,4,0,2.0,5,43,0.034095
A,RILP-Greedy,4,0,2.0,5,44,0.034195
A,RILP-Greedy,4,0,2.0,5,45,0.033853
A,RILP-Greedy,4,0,2.0,5,46,0.034031
A,RILP-Greedy,4,0,2.0,5,47,0.034247
A,RILP-Greedy,4,0,2.0,5,48,0.034192
A,RILP-Greedy,4,0,2.0,5,49,0.033948
A,RILP-Greedy,4,0,2.0,5,50,0.0341
A,RILP-Greedy,4,0,2.0,5,51,0.03431
A,Nam2023b,4,0,2.0,5,42,0.197758
A,Nam2023b,4,0,2.0,5,43,0.197597
A,Nam2023b,4,0,2.0,5,44,0.198003
A,Nam2023b,4,0,2.0,5,45,0.197272
A,Nam2023b,4,0,2.0,5,46,0.19788
A,Nam2023b,4,0,2.0,5,47,0.197833
A,Nam2023b,4,0,2.0,5,48,0.198114
A,Nam2023b,4,0,2.0,5,49,0.197557
A,Nam2023b,4,0,2.0,5,50,0.197563
A,Nam2023b,4,0,2.0,5,51,0.197998
A,Nam2025,4,0,2.0,5,42,0.033976
A,Nam2025,4,0,2.0,5,43,0.034095
A,Nam2025,4,0,2.0,5,44,0.034195
A,Nam2025,4,0,2.0,5,45,0.033853
A,Nam2025,4,0,2.0,5,46,0.034031
A,Nam2025,4,0,2.0,5,47,0.034247
A,Nam2025,4,0,2.0,5,48,0.034192
A,Nam2025,4,0,2.0,5,49,0.033948
A,Nam2025,4,0,2.0,5,50,0.0341
A,Nam2025,4,0,2.0,5,51,0.03431
A,Youn2026,4,0,2.0,5,42,0.033976
A,Youn2026,4,0,2.0,5,43,0.034095
A,Youn2026,4,0,2.0,5,44,0.034195
A,Youn2026,4,0,2.0,5,45,0.033853
A,Youn2026,4,0,2.0,5,46,0.034031
A,Youn2026,4,0,2.0,5,47,0.034247
A,Youn2026,4,0,2.0,5,48,0.034192
A,Youn2026,4,0,2.0,5,49,0.033948
A,Youn2026,4,0,2.0,5,50,0.0341
A,Youn2026,4,0,2.0,5,51,0.03431
A,V2I-Base,4,0,2.0,5,42,0.033976
A,V2I-Base,4,0,2.0,5,43,0.034095
A,V2I-Base,4,0,2.0,5,44,0.034195
A,V2I-Base,4,0,2.0,5,45,0.033853
A,V2I-Base,4,0,2.0,5,46,0.034031
A,V2I-Base,4,0,2.0,5,47,0.034247
A,V2I-Base,4,0,2.0,5,48,0.034192
A,V2I-Base,4,0,2.0,5,49,0.033948
A,V2I-Base,4,0,2.0,5,50,0.0341
A,V2I-Base,4,0,2.0,5,51,0.03431
A,V2V-Base,4,0,2.0,5,42,4e-06
A,V2V-Base,4,0,2.0,5,43,3e-06
A,V2V-Base,4,0,2.0,5,44,4e-06
A,V2V-Base,4,0,2.0,5,45,2e-06
A,V2V-Base,4,0,2.0,5,46,4e-06
A,V2V-Base,4,0,2.0,5,47,6e-06
A,V2V-Base,4,0,2.0,5,48,4e-06
A,V2V-Base,4,0,2.0,5,49,4e-06
A,V2V-Base,4,0,2.0,5,50,6e-06
A,V2V-Base,4,0,2.0,5,51,4e-06
A,Random-K,4,0,2.0,5,42,9.9e-05
A,Random-K,4,0,2.0,5,43,9.8e-05
A,Random-K,4,0,2.0,5,44,0.000112
A,Random-K,4,0,2.0,5,45,9.9e-05
A,Random-K,4,0,2.0,5,46,9.8e-05
A,Random-K,4,0,2.0,5,47,8.6e-05
A,Random-K,4,0,2.0,5,48,9.2e-05
A,Random-K,4,0,2.0,5,49,0.000101
A,Random-K,4,0,2.0,5,50,9.6e-05
A,Random-K,4,0,2.0,5,51,9.8e-05
A,RILP,4,0,3.0,5,42,0.033976
A,RILP,4,0,3.0,5,43,0.034095
A,RILP,4,0,3.0,5,44,0.034195
A,RILP,4,0,3.0,5,45,0.033853
A,RILP,4,0,3.0,5,46,0.034031
A,RILP,4,0,3.0,5,47,0.034247
A,RILP,4,0,3.0,5,48,0.034192
A,RILP,4,0,3.0,5,49,0.033948
A,RILP,4,0,3.0,5,50,0.0341
A,RILP,4,0,3.0,5,51,0.03431
A,RILP-Greedy,4,0,3.0,5,42,0.033976
A,RILP-Greedy,4,0,3.0,5,43,0.034095
A,RILP-Greedy,4,0,3.0,5,44,0.034195
A,RILP-Greedy,4,0,3.0,5,45,0.033853
A,RILP-Greedy,4,0,3.0,5,46,0.034031
A,RILP-Greedy,4,0,3.0,5,47,0.034247
A,RILP-Greedy,4,0,3.0,5,48,0.034192
A,RILP-Greedy,4,0,3.0,5,49,0.033948
A,RILP-Greedy,4,0,3.0,5,50,0.0341
A,RILP-Greedy,4,0,3.0,5,51,0.03431
A,Nam2023b,4,0,3.0,5,42,0.197758
A,Nam2023b,4,0,3.0,5,43,0.197597
A,Nam2023b,4,0,3.0,5,44,0.198003
A,Nam2023b,4,0,3.0,5,45,0.197272
A,Nam2023b,4,0,3.0,5,46,0.19788
A,Nam2023b,4,0,3.0,5,47,0.197833
A,Nam2023b,4,0,3.0,5,48,0.198114
A,Nam2023b,4,0,3.0,5,49,0.197557
A,Nam2023b,4,0,3.0,5,50,0.197563
A,Nam2023b,4,0,3.0,5,51,0.197998
A,Nam2025,4,0,3.0,5,42,0.033976
A,Nam2025,4,0,3.0,5,43,0.034095
A,Nam2025,4,0,3.0,5,44,0.034195
A,Nam2025,4,0,3.0,5,45,0.033853
A,Nam2025,4,0,3.0,5,46,0.034031
A,Nam2025,4,0,3.0,5,47,0.034247
A,Nam2025,4,0,3.0,5,48,0.034192
A,Nam2025,4,0,3.0,5,49,0.033948
A,Nam2025,4,0,3.0,5,50,0.0341
A,Nam2025,4,0,3.0,5,51,0.03431
A,Youn2026,4,0,3.0,5,42,0.033976
A,Youn2026,4,0,3.0,5,43,0.034095
A,Youn2026,4,0,3.0,5,44,0.034195
A,Youn2026,4,0,3.0,5,45,0.033853
A,Youn2026,4,0,3.0,5,46,0.034031
A,Youn2026,4,0,3.0,5,47,0.034247
A,Youn2026,4,0,3.0,5,48,0.034192
A,Youn2026,4,0,3.0,5,49,0.033948
A,Youn2026,4,0,3.0,5,50,0.0341
A,Youn2026,4,0,3.0,5,51,0.03431
A,V2I-Base,4,0,3.0,5,42,0.033976
A,V2I-Base,4,0,3.0,5,43,0.034095
A,V2I-Base,4,0,3.0,5,44,0.034195
A,V2I-Base,4,0,3.0,5,45,0.033853
A,V2I-Base,4,0,3.0,5,46,0.034031
A,V2I-Base,4,0,3.0,5,47,0.034247
A,V2I-Base,4,0,3.0,5,48,0.034192
A,V2I-Base,4,0,3.0,5,49,0.033948
A,V2I-Base,4,0,3.0,5,50,0.0341
A,V2I-Base,4,0,3.0,5,51,0.03431
A,V2V-Base,4,0,3.0,5,42,4e-06
A,V2V-Base,4,0,3.0,5,43,3e-06
A,V2V-Base,4,0,3.0,5,44,4e-06
A,V2V-Base,4,0,3.0,5,45,2e-06
A,V2V-Base,4,0,3.0,5,46,4e-06
A,V2V-Base,4,0,3.0,5,47,6e-06
A,V2V-Base,4,0,3.0,5,48,4e-06
A,V2V-Base,4,0,3.0,5,49,4e-06
A,V2V-Base,4,0,3.0,5,50,6e-06
A,V2V-Base,4,0,3.0,5,51,4e-06
A,Random-K,4,0,3.0,5,42,9.9e-05
A,Random-K,4,0,3.0,5,43,9.8e-05
A,Random-K,4,0,3.0,5,44,0.000112
A,Random-K,4,0,3.0,5,45,9.9e-05
A,Random-K,4,0,3.0,5,46,9.8e-05
A,Random-K,4,0,3.0,5,47,8.6e-05
A,Random-K,4,0,3.0,5,48,9.2e-05
A,Random-K,4,0,3.0,5,49,0.000101
A,Random-K,4,0,3.0,5,50,9.6e-05
A,Random-K,4,0,3.0,5,51,9.8e-05
A,RILP,4,10,0.0,5,42,0.033976
A,RILP,4,10,0.0,5,43,0.034095
A,RILP,4,10,0.0,5,44,0.034195
A,RILP,4,10,0.0,5,45,0.033853
A,RILP,4,10,0.0,5,46,0.034031
A,RILP,4,10,0.0,5,47,0.034247
A,RILP,4,10,0.0,5,48,0.034192
A,RILP,4,10,0.0,5,49,0.033948
A,RILP,4,10,0.0,5,50,0.0341
A,RILP,4,10,0.0,5,51,0.03431
A,RILP-Greedy,4,10,0.0,5,42,0.033976
A,RILP-Greedy,4,10,0.0,5,43,0.034095
A,RILP-Greedy,4,10,0.0,5,44,0.034195
A,RILP-Greedy,4,10,0.0,5,45,0.033853
A,RILP-Greedy,4,10,0.0,5,46,0.034031
A,RILP-Greedy,4,10,0.0,5,47,0.034247
A,RILP-Greedy,4,10,0.0,5,48,0.034192
A,RILP-Greedy,4,10,0.0,5,49,0.033948
A,RILP-Greedy,4,10,0.0,5,50,0.0341
A,RILP-Greedy,4,10,0.0,5,51,0.03431
A,Nam2023b,4,10,0.0,5,42,0.197758
A,Nam2023b,4,10,0.0,5,43,0.197597
A,Nam2023b,4,10,0.0,5,44,0.198003
A,Nam2023b,4,10,0.0,5,45,0.197272
A,Nam2023b,4,10,0.0,5,46,0.19788
A,Nam2023b,4,10,0.0,5,47,0.197833
A,Nam2023b,4,10,0.0,5,48,0.198114
A,Nam2023b,4,10,0.0,5,49,0.197557
A,Nam2023b,4,10,0.0,5,50,0.197563
A,Nam2023b,4,10,0.0,5,51,0.197998
A,Nam2025,4,10,0.0,5,42,0.033976
A,Nam2025,4,10,0.0,5,43,0.034095
A,Nam2025,4,10,0.0,5,44,0.034195
A,Nam2025,4,10,0.0,5,45,0.033853
A,Nam2025,4,10,0.0,5,46,0.034031
A,Nam2025,4,10,0.0,5,47,0.034247
A,Nam2025,4,10,0.0,5,48,0.034192
A,Nam2025,4,10,0.0,5,49,0.033948
A,Nam2025,4,10,0.0,5,50,0.0341
A,Nam2025,4,10,0.0,5,51,0.03431
A,Youn2026,4,10,0.0,5,42,0.033976
A,Youn2026,4,10,0.0,5,43,0.034095
A,Youn2026,4,10,0.0,5,44,0.034195
A,Youn2026,4,10,0.0,5,45,0.033853
A,Youn2026,4,10,0.0,5,46,0.034031
A,Youn2026,4,10,0.0,5,47,0.034247
A,Youn2026,4,10,0.0,5,48,0.034192
A,Youn2026,4,10,0.0,5,49,0.033948
A,Youn2026,4,10,0.0,5,50,0.0341
A,Youn2026,4,10,0.0,5,51,0.03431
A,V2I-Base,4,10,0.0,5,42,0.033976
A,V2I-Base,4,10,0.0,5,43,0.034095
A,V2I-Base,4,10,0.0,5,44,0.034195
A,V2I-Base,4,10,0.0,5,45,0.033853
A,V2I-Base,4,10,0.0,5,46,0.034031
A,V2I-Base,4,10,0.0,5,47,0.034247
A,V2I-Base,4,10,0.0,5,48,0.034192
A,V2I-Base,4,10,0.0,5,49,0.033948
A,V2I-Base,4,10,0.0,5,50,0.0341
A,V2I-Base,4,10,0.0,5,51,0.03431
A,V2V-Base,4,10,0.0,5,42,4e-06
A,V2V-Base,4,10,0.0,5,43,3e-06
A,V2V-Base,4,10,0.0,5,44,4e-06
A,V2V-Base,4,10,0.0,5,45,2e-06
A,V2V-Base,4,10,0.0,5,46,4e-06
A,V2V-Base,4,10,0.0,5,47,6e-06
A,V2V-Base,4,10,0.0,5,48,4e-06
A,V2V-Base,4,10,0.0,5,49,4e-06
A,V2V-Base,4,10,0.0,5,50,6e-06
A,V2V-Base,4,10,0.0,5,51,4e-06
A,Random-K,4,10,0.0,5,42,9.9e-05
A,Random-K,4,10,0.0,5,43,9.8e-05
A,Random-K,4,10,0.0,5,44,0.000112
A,Random-K,4,10,0.0,5,45,9.9e-05
A,Random-K,4,10,0.0,5,46,9.8e-05
A,Random-K,4,10,0.0,5,47,8.6e-05
A,Random-K,4,10,0.0,5,48,9.2e-05
A,Random-K,4,10,0.0,5,49,0.000101
A,Random-K,4,10,0.0,5,50,9.6e-05
A,Random-K,4,10,0.0,5,51,9.8e-05
A,RILP,4,10,1.0,5,42,0.033976
A,RILP,4,10,1.0,5,43,0.034095
A,RILP,4,10,1.0,5,44,0.034195
A,RILP,4,10,1.0,5,45,0.033853
A,RILP,4,10,1.0,5,46,0.034031
A,RILP,4,10,1.0,5,47,0.034247
A,RILP,4,10,1.0,5,48,0.034192
A,RILP,4,10,1.0,5,49,0.033948
A,RILP,4,10,1.0,5,50,0.0341
A,RILP,4,10,1.0,5,51,0.03431
A,RILP-Greedy,4,10,1.0,5,42,0.033976
A,RILP-Greedy,4,10,1.0,5,43,0.034095
A,RILP-Greedy,4,10,1.0,5,44,0.034195
A,RILP-Greedy,4,10,1.0,5,45,0.033853
A,RILP-Greedy,4,10,1.0,5,46,0.034031
A,RILP-Greedy,4,10,1.0,5,47,0.034247
A,RILP-Greedy,4,10,1.0,5,48,0.034192
A,RILP-Greedy,4,10,1.0,5,49,0.033948
A,RILP-Greedy,4,10,1.0,5,50,0.0341
A,RILP-Greedy,4,10,1.0,5,51,0.03431
A,Nam2023b,4,10,1.0,5,42,0.197758
A,Nam2023b,4,10,1.0,5,43,0.197597
A,Nam2023b,4,10,1.0,5,44,0.198003
A,Nam2023b,4,10,1.0,5,45,0.197272
A,Nam2023b,4,10,1.0,5,46,0.19788
A,Nam2023b,4,10,1.0,5,47,0.197833
A,Nam2023b,4,10,1.0,5,48,0.198114
A,Nam2023b,4,10,1.0,5,49,0.197557
A,Nam2023b,4,10,1.0,5,50,0.197563
A,Nam2023b,4,10,1.0,5,51,0.197998
A,Nam2025,4,10,1.0,5,42,0.033976
A,Nam2025,4,10,1.0,5,43,0.034095
A,Nam2025,4,10,1.0,5,44,0.034195
A,Nam2025,4,10,1.0,5,45,0.033853
A,Nam2025,4,10,1.0,5,46,0.034031
A,Nam2025,4,10,1.0,5,47,0.034247
A,Nam2025,4,10,1.0,5,48,0.034192
A,Nam2025,4,10,1.0,5,49,0.033948
A,Nam2025,4,10,1.0,5,50,0.0341
A,Nam2025,4,10,1.0,5,51,0.03431
A,Youn2026,4,10,1.0,5,42,0.033976
A,Youn2026,4,10,1.0,5,43,0.034095
A,Youn2026,4,10,1.0,5,44,0.034195
A,Youn2026,4,10,1.0,5,45,0.033853
A,Youn2026,4,10,1.0,5,46,0.034031
A,Youn2026,4,10,1.0,5,47,0.034247
A,Youn2026,4,10,1.0,5,48,0.034192
A,Youn2026,4,10,1.0,5,49,0.033948
A,Youn2026,4,10,1.0,5,50,0.0341
A,Youn2026,4,10,1.0,5,51,0.03431
A,V2I-Base,4,10,1.0,5,42,0.033976
A,V2I-Base,4,10,1.0,5,43,0.034095
A,V2I-Base,4,10,1.0,5,44,0.034195
A,V2I-Base,4,10,1.0,5,45,0.033853
A,V2I-Base,4,10,1.0,5,46,0.034031
A,V2I-Base,4,10,1.0,5,47,0.034247
A,V2I-Base,4,10,1.0,5,48,0.034192
A,V2I-Base,4,10,1.0,5,49,0.033948
A,V2I-Base,4,10,1.0,5,50,0.0341
A,V2I-Base,4,10,1.0,5,51,0.03431
A,V2V-Base,4,10,1.0,5,42,4e-06
A,V2V-Base,4,10,1.0,5,43,3e-06
A,V2V-Base,4,10,1.0,5,44,4e-06
A,V2V-Base,4,10,1.0,5,45,2e-06
A,V2V-Base,4,10,1.0,5,46,4e-06
A,V2V-Base,4,10,1.0,5,47,6e-06
A,V2V-Base,4,10,1.0,5,48,4e-06
A,V2V-Base,4,10,1.0,5,49,4e-06
A,V2V-Base,4,10,1.0,5,50,6e-06
A,V2V-Base,4,10,1.0,5,51,4e-06
A,Random-K,4,10,1.0,5,42,9.9e-05
A,Random-K,4,10,1.0,5,43,9.8e-05
A,Random-K,4,10,1.0,5,44,0.000112
A,Random-K,4,10,1.0,5,45,9.9e-05
A,Random-K,4,10,1.0,5,46,9.8e-05
A,Random-K,4,10,1.0,5,47,8.6e-05
A,Random-K,4,10,1.0,5,48,9.2e-05
A,Random-K,4,10,1.0,5,49,0.000101
A,Random-K,4,10,1.0,5,50,9.6e-05
A,Random-K,4,10,1.0,5,51,9.8e-05
A,RILP,4,10,2.0,5,42,0.033976
A,RILP,4,10,2.0,5,43,0.034095
A,RILP,4,10,2.0,5,44,0.034195
A,RILP,4,10,2.0,5,45,0.033853
A,RILP,4,10,2.0,5,46,0.034031
A,RILP,4,10,2.0,5,47,0.034247
A,RILP,4,10,2.0,5,48,0.034192
A,RILP,4,10,2.0,5,49,0.033948
A,RILP,4,10,2.0,5,50,0.0341
A,RILP,4,10,2.0,5,51,0.03431
A,RILP-Greedy,4,10,2.0,5,42,0.033976
A,RILP-Greedy,4,10,2.0,5,43,0.03441
A,RILP-Greedy,4,10,2.0,5,44,0.034158
A,RILP-Greedy,4,10,2.0,5,45,0.034357
A,RILP-Greedy,4,10,2.0,5,46,0.034277
A,RILP-Greedy,4,10,2.0,5,47,0.03448
A,RILP-Greedy,4,10,2.0,5,48,0.034475
A,RILP-Greedy,4,10,2.0,5,49,0.033981
A,RILP-Greedy,4,10,2.0,5,50,0.034317
A,RILP-Greedy,4,10,2.0,5,51,0.0343
A,Nam2023b,4,10,2.0,5,42,0.198088
A,Nam2023b,4,10,2.0,5,43,0.197868
A,Nam2023b,4,10,2.0,5,44,0.197774
A,Nam2023b,4,10,2.0,5,45,0.198031
A,Nam2023b,4,10,2.0,5,46,0.197538
A,Nam2023b,4,10,2.0,5,47,0.197284
A,Nam2023b,4,10,2.0,5,48,0.198146
A,Nam2023b,4,10,2.0,5,49,0.19842
A,Nam2023b,4,10,2.0,5,50,0.198468
A,Nam2023b,4,10,2.0,5,51,0.198377
A,Nam2025,4,10,2.0,5,42,0.034409
A,Nam2025,4,10,2.0,5,43,0.03441
A,Nam2025,4,10,2.0,5,44,0.034158
A,Nam2025,4,10,2.0,5,45,0.034357
A,Nam2025,4,10,2.0,5,46,0.034277
A,Nam2025,4,10,2.0,5,47,0.03448
A,Nam2025,4,10,2.0,5,48,0.034475
A,Nam2025,4,10,2.0,5,49,0.033981
A,Nam2025,4,10,2.0,5,50,0.034317
A,Nam2025,4,10,2.0,5,51,0.0343
A,Youn2026,4,10,2.0,5,42,0.034409
A,Youn2026,4,10,2.0,5,43,0.03441
A,Youn2026,4,10,2.0,5,44,0.034158
A,Youn2026,4,10,2.0,5,45,0.034357
A,Youn2026,4,10,2.0,5,46,0.034277
A,Youn2026,4,10,2.0,5,47,0.03448
A,Youn2026,4,10,2.0,5,48,0.034475
A,Youn2026,4,10,2.0,5,49,0.033981
A,Youn2026,4,10,2.0,5,50,0.034317
A,Youn2026,4,10,2.0,5,51,0.0343
A,V2I-Base,4,10,2.0,5,42,0.034409
A,V2I-Base,4,10,2.0,5,43,0.03441
A,V2I-Base,4,10,2.0,5,44,0.034158
A,V2I-Base,4,10,2.0,5,45,0.034357
A,V2I-Base,4,10,2.0,5,46,0.034277
A,V2I-Base,4,10,2.0,5,47,0.03448
A,V2I-Base,4,10,2.0,5,48,0.034475
A,V2I-Base,4,10,2.0,5,49,0.033981
A,V2I-Base,4,10,2.0,5,50,0.034317
A,V2I-Base,4,10,2.0,5,51,0.0343
A,V2V-Base,4,10,2.0,5,42,8e-06
A,V2V-Base,4,10,2.0,5,43,1.1e-05
A,V2V-Base,4,10,2.0,5,44,1e-05
A,V2V-Base,4,10,2.0,5,45,1.2e-05
A,V2V-Base,4,10,2.0,5,46,1.2e-05
A,V2V-Base,4,10,2.0,5,47,7e-06
A,V2V-Base,4,10,2.0,5,48,1.1e-05
A,V2V-Base,4,10,2.0,5,49,9e-06
A,V2V-Base,4,10,2.0,5,50,9e-06
A,V2V-Base,4,10,2.0,5,51,1.2e-05
A,Random-K,4,10,2.0,5,42,0.000222
A,Random-K,4,10,2.0,5,43,0.000248
A,Random-K,4,10,2.0,5,44,0.000258
A,Random-K,4,10,2.0,5,45,0.000268
A,Random-K,4,10,2.0,5,46,0.000268
A,Random-K,4,10,2.0,5,47,0.000218
A,Random-K,4,10,2.0,5,48,0.000227
A,Random-K,4,10,2.0,5,49,0.000251
A,Random-K,4,10,2.0,5,50,0.000278
A,Random-K,4,10,2.0,5,51,0.000314
A,RILP,4,10,3.0,5,42,0.034409
A,RILP,4,10,3.0,5,43,0.03441
A,RILP,4,10,3.0,5,44,0.034158
A,RILP,4,10,3.0,5,45,0.034357
A,RILP,4,10,3.0,5,46,0.034277
A,RILP,4,10,3.0,5,47,0.03448
A,RILP,4,10,3.0,5,48,0.034475
A,RILP,4,10,3.0,5,49,0.033981
A,RILP,4,10,3.0,5,50,0.034317
A,RILP,4,10,3.0,5,51,0.0343
A,RILP-Greedy,4,10,3.0,5,42,0.034409
A,RILP-Greedy,4,10,3.0,5,43,0.03441
A,RILP-Greedy,4,10,3.0,5,44,0.034158
A,RILP-Greedy,4,10,3.0,5,45,0.034357
A,RILP-Greedy,4,10,3.0,5,46,0.034277
A,RILP-Greedy,4,10,3.0,5,47,0.03448
A,RILP-Greedy,4,10,3.0,5,48,0.034475
A,RILP-Greedy,4,10,3.0,5,49,0.033981
A,RILP-Greedy,4,10,3.0,5,50,0.034317
A,RILP-Greedy,4,10,3.0,5,51,0.0343
A,Nam2023b,4,10,3.0,5,42,0.198088
A,Nam2023b,4,10,3.0,5,43,0.197868
A,Nam2023b,4,10,3.0,5,44,0.197774
A,Nam2023b,4,10,3.0,5,45,0.198031
A,Nam2023b,4,10,3.0,5,46,0.197538
A,Nam2023b,4,10,3.0,5,47,0.197284
A,Nam2023b,4,10,3.0,5,48,0.198146
A,Nam2023b,4,10,3.0,5,49,0.19842
A,Nam2023b,4,10,3.0,5,50,0.198468
A,Nam2023b,4,10,3.0,5,51,0.198377
A,Nam2025,4,10,3.0,5,42,0.034409
A,Nam2025,4,10,3.0,5,43,0.03441
A,Nam2025,4,10,3.0,5,44,0.034158
A,Nam2025,4,10,3.0,5,45,0.034357
A,Nam2025,4,10,3.0,5,46,0.034277
A,Nam2025,4,10,3.0,5,47,0.03448
A,Nam2025,4,10,3.0,5,48,0.034475
A,Nam2025,4,10,3.0,5,49,0.033981
A,Nam2025,4,10,3.0,5,50,0.034317
A,Nam2025,4,10,3.0,5,51,0.0343
A,Youn2026,4,10,3.0,5,42,0.034409
A,Youn2026,4,10,3.0,5,43,0.03441
A,Youn2026,4,10,3.0,5,44,0.034158
A,Youn2026,4,10,3.0,5,45,0.034357
A,Youn2026,4,10,3.0,5,46,0.034277
A,Youn2026,4,10,3.0,5,47,0.03448
A,Youn2026,4,10,3.0,5,48,0.034475
A,Youn2026,4,10,3.0,5,49,0.033981
A,Youn2026,4,10,3.0,5,50,0.034317
A,Youn2026,4,10,3.0,5,51,0.0343
A,V2I-Base,4,10,3.0,5,42,0.034409
A,V2I-Base,4,10,3.0,5,43,0.03441
A,V2I-Base,4,10,3.0,5,44,0.034158
A,V2I-Base,4,10,3.0,5,45,0.034357
A,V2I-Base,4,10,3.0,5,46,0.034277
A,V2I-Base,4,10,3.0,5,47,0.03448
A,V2I-Base,4,10,3.0,5,48,0.034475
A,V2I-Base,4,10,3.0,5,49,0.033981
A,V2I-Base,4,10,3.0,5,50,0.034317
A,V2I-Base,4,10,3.0,5,51,0.0343
A,V2V-Base,4,10,3.0,5,42,8e-06
A,V2V-Base,4,10,3.0,5,43,1.1e-05
A,V2V-Base,4,10,3.0,5,44,1e-05
A,V2V-Base,4,10,3.0,5,45,1.2e-05
A,V2V-Base,4,10,3.0,5,46,1.2e-05
A,V2V-Base,4,10,3.0,5,47,7e-06
A,V2V-Base,4,10,3.0,5,48,1.1e-05
A,V2V-Base,4,10,3.0,5,49,9e-06
A,V2V-Base,4,10,3.0,5,50,9e-06
A,V2V-Base,4,10,3.0,5,51,1.2e-05
A,Random-K,4,10,3.0,5,42,0.000222
A,Random-K,4,10,3.0,5,43,0.000248
A,Random-K,4,10,3.0,5,44,0.000258
A,Random-K,4,10,3.0,5,45,0.000268
A,Random-K,4,10,3.0,5,46,0.000268
A,Random-K,4,10,3.0,5,47,0.000218
A,Random-K,4,10,3.0,5,48,0.000227
A,Random-K,4,10,3.0,5,49,0.000251
A,Random-K,4,10,3.0,5,50,0.000278
A,Random-K,4,10,3.0,5,51,0.000314
A,RILP,4,20,0.0,5,42,0.034409
A,RILP,4,20,0.0,5,43,0.03441
A,RILP,4,20,0.0,5,44,0.034158
A,RILP,4,20,0.0,5,45,0.034357
A,RILP,4,20,0.0,5,46,0.034277
A,RILP,4,20,0.0,5,47,0.03448
A,RILP,4,20,0.0,5,48,0.034475
A,RILP,4,20,0.0,5,49,0.033981
A,RILP,4,20,0.0,5,50,0.034317
A,RILP,4,20,0.0,5,51,0.0343
A,RILP-Greedy,4,20,0.0,5,42,0.034409
A,RILP-Greedy,4,20,0.0,5,43,0.03441
A,RILP-Greedy,4,20,0.0,5,44,0.034158
A,RILP-Greedy,4,20,0.0,5,45,0.034357
A,RILP-Greedy,4,20,0.0,5,46,0.034277
A,RILP-Greedy,4,20,0.0,5,47,0.03448
A,RILP-Greedy,4,20,0.0,5,48,0.034475
A,RILP-Greedy,4,20,0.0,5,49,0.033981
A,RILP-Greedy,4,20,0.0,5,50,0.034317
A,RILP-Greedy,4,20,0.0,5,51,0.0343
A,Nam2023b,4,20,0.0,5,42,0.198088
A,Nam2023b,4,20,0.0,5,43,0.197868
A,Nam2023b,4,20,0.0,5,44,0.197774
A,Nam2023b,4,20,0.0,5,45,0.198031
A,Nam2023b,4,20,0.0,5,46,0.197538
A,Nam2023b,4,20,0.0,5,47,0.197284
A,Nam2023b,4,20,0.0,5,48,0.198146
A,Nam2023b,4,20,0.0,5,49,0.19842
A,Nam2023b,4,20,0.0,5,50,0.198468
A,Nam2023b,4,20,0.0,5,51,0.198377
A,Nam2025,4,20,0.0,5,42,0.034409
A,Nam2025,4,20,0.0,5,43,0.03441
A,Nam2025,4,20,0.0,5,44,0.034158
A,Nam2025,4,20,0.0,5,45,0.034357
A,Nam2025,4,20,0.0,5,46,0.034277
A,Nam2025,4,20,0.0,5,47,0.03448
A,Nam2025,4,20,0.0,5,48,0.034475
A,Nam2025,4,20,0.0,5,49,0.033981
A,Nam2025,4,20,0.0,5,50,0.034317
A,Nam2025,4,20,0.0,5,51,0.0343
A,Youn2026,4,20,0.0,5,42,0.034409
A,Youn2026,4,20,0.0,5,43,0.03441
A,Youn2026,4,20,0.0,5,44,0.034158
A,Youn2026,4,20,0.0,5,45,0.034357
A,Youn2026,4,20,0.0,5,46,0.034277
A,Youn2026,4,20,0.0,5,47,0.03448
A,Youn2026,4,20,0.0,5,48,0.034475
A,Youn2026,4,20,0.0,5,49,0.033981
A,Youn2026,4,20,0.0,5,50,0.034317
A,Youn2026,4,20,0.0,5,51,0.0343
A,V2I-Base,4,20,0.0,5,42,0.034409
A,V2I-Base,4,20,0.0,5,43,0.03441
A,V2I-Base,4,20,0.0,5,44,0.034158
A,V2I-Base,4,20,0.0,5,45,0.034357
A,V2I-Base,4,20,0.0,5,46,0.034277
A,V2I-Base,4,20,0.0,5,47,0.03448
A,V2I-Base,4,20,0.0,5,48,0.034475
A,V2I-Base,4,20,0.0,5,49,0.033981
A,V2I-Base,4,20,0.0,5,50,0.034317
A,V2I-Base,4,20,0.0,5,51,0.0343
A,V2V-Base,4,20,0.0,5,42,8e-06
A,V2V-Base,4,20,0.0,5,43,1.1e-05
A,V2V-Base,4,20,0.0,5,44,1e-05
A,V2V-Base,4,20,0.0,5,45,1.2e-05
A,V2V-Base,4,20,0.0,5,46,1.2e-05
A,V2V-Base,4,20,0.0,5,47,7e-06
A,V2V-Base,4,20,0.0,5,48,1.1e-05
A,V2V-Base,4,20,0.0,5,49,9e-06
A,V2V-Base,4,20,0.0,5,50,9e-06
A,V2V-Base,4,20,0.0,5,51,1.2e-05
A,Random-K,4,20,0.0,5,42,0.000222
A,Random-K,4,20,0.0,5,43,0.000248
A,Random-K,4,20,0.0,5,44,0.000258
A,Random-K,4,20,0.0,5,45,0.000268
A,Random-K,4,20,0.0,5,46,0.000268
A,Random-K,4,20,0.0,5,47,0.000218
A,Random-K,4,20,0.0,5,48,0.000227
A,Random-K,4,20,0.0,5,49,0.000251
A,Random-K,4,20,0.0,5,50,0.000278
A,Random-K,4,20,0.0,5,51,0.000314
A,RILP,4,20,1.0,5,42,0.034409
A,RILP,4,20,1.0,5,43,0.03441
A,RILP,4,20,1.0,5,44,0.034158
A,RILP,4,20,1.0,5,45,0.034357
A,RILP,4,20,1.0,5,46,0.034277
A,RILP,4,20,1.0,5,47,0.03448
A,RILP,4,20,1.0,5,48,0.034475
A,RILP,4,20,1.0,5,49,0.033981
A,RILP,4,20,1.0,5,50,0.034317
A,RILP,4,20,1.0,5,51,0.0343
A,RILP-Greedy,4,20,1.0,5,42,0.034409
A,RILP-Greedy,4,20,1.0,5,43,0.03441
A,RILP-Greedy,4,20,1.0,5,44,0.034158
A,RILP-Greedy,4,20,1.0,5,45,0.034357
A,RILP-Greedy,4,20,1.0,5,46,0.034277
A,RILP-Greedy,4,20,1.0,5,47,0.03448
A,RILP-Greedy,4,20,1.0,5,48,0.034475
A,RILP-Greedy,4,20,1.0,5,49,0.033981
A,RILP-Greedy,4,20,1.0,5,50,0.034317
A,RILP-Greedy,4,20,1.0,5,51,0.0343
A,Nam2023b,4,20,1.0,5,42,0.198088
A,Nam2023b,4,20,1.0,5,43,0.197868
A,Nam2023b,4,20,1.0,5,44,0.197774
A,Nam2023b,4,20,1.0,5,45,0.198031
A,Nam2023b,4,20,1.0,5,46,0.197538
A,Nam2023b,4,20,1.0,5,47,0.197284
A,Nam2023b,4,20,1.0,5,48,0.198146
A,Nam2023b,4,20,1.0,5,49,0.19842
A,Nam2023b,4,20,1.0,5,50,0.198468
A,Nam2023b,4,20,1.0,5,51,0.198377
A,Nam2025,4,20,1.0,5,42,0.034409
A,Nam2025,4,20,1.0,5,43,0.03441
A,Nam2025,4,20,1.0,5,44,0.034158
A,Nam2025,4,20,1.0,5,45,0.034357
A,Nam2025,4,20,1.0,5,46,0.034277
A,Nam2025,4,20,1.0,5,47,0.03448
A,Nam2025,4,20,1.0,5,48,0.034475
A,Nam2025,4,20,1.0,5,49,0.033981
A,Nam2025,4,20,1.0,5,50,0.034317
A,Nam2025,4,20,1.0,5,51,0.0343
A,Youn2026,4,20,1.0,5,42,0.034409
A,Youn2026,4,20,1.0,5,43,0.03441
A,Youn2026,4,20,1.0,5,44,0.034158
A,Youn2026,4,20,1.0,5,45,0.034357
A,Youn2026,4,20,1.0,5,46,0.034277
A,Youn2026,4,20,1.0,5,47,0.03448
A,Youn2026,4,20,1.0,5,48,0.034475
A,Youn2026,4,20,1.0,5,49,0.033981
A,Youn2026,4,20,1.0,5,50,0.034317
A,Youn2026,4,20,1.0,5,51,0.0343
A,V2I-Base,4,20,1.0,5,42,0.034409
A,V2I-Base,4,20,1.0,5,43,0.03441
A,V2I-Base,4,20,1.0,5,44,0.034158
A,V2I-Base,4,20,1.0,5,45,0.034357
A,V2I-Base,4,20,1.0,5,46,0.034277
A,V2I-Base,4,20,1.0,5,47,0.03448
A,V2I-Base,4,20,1.0,5,48,0.034475
A,V2I-Base,4,20,1.0,5,49,0.033981
A,V2I-Base,4,20,1.0,5,50,0.034317
A,V2I-Base,4,20,1.0,5,51,0.0343
A,V2V-Base,4,20,1.0,5,42,8e-06
A,V2V-Base,4,20,1.0,5,43,1.1e-05
A,V2V-Base,4,20,1.0,5,44,1e-05
A,V2V-Base,4,20,1.0,5,45,1.2e-05
A,V2V-Base,4,20,1.0,5,46,1.2e-05
A,V2V-Base,4,20,1.0,5,47,7e-06
A,V2V-Base,4,20,1.0,5,48,1.1e-05
A,V2V-Base,4,20,1.0,5,49,9e-06
A,V2V-Base,4,20,1.0,5,50,9e-06
A,V2V-Base,4,20,1.0,5,51,1.2e-05
A,Random-K,4,20,1.0,5,42,0.000222
A,Random-K,4,20,1.0,5,43,0.000248
A,Random-K,4,20,1.0,5,44,0.000258
A,Random-K,4,20,1.0,5,45,0.000268
A,Random-K,4,20,1.0,5,46,0.000268
A,Random-K,4,20,1.0,5,47,0.000218
A,Random-K,4,20,1.0,5,48,0.000227
A,Random-K,4,20,1.0,5,49,0.000251
A,Random-K,4,20,1.0,5,50,0.000278
A,Random-K,4,20,1.0,5,51,0.000314
A,RILP,4,20,2.0,5,42,0.034409
A,RILP,4,20,2.0,5,43,0.03441
A,RILP,4,20,2.0,5,44,0.034158
A,RILP,4,20,2.0,5,45,0.034357
A,RILP,4,20,2.0,5,46,0.034277
A,RILP,4,20,2.0,5,47,0.03448
A,RILP,4,20,2.0,5,48,0.034475
A,RILP,4,20,2.0,5,49,0.033981
A,RILP,4,20,2.0,5,50,0.034317
A,RILP,4,20,2.0,5,51,0.0343
A,RILP-Greedy,4,20,2.0,5,42,0.034409
A,RILP-Greedy,4,20,2.0,5,43,0.03441
A,RILP-Greedy,4,20,2.0,5,44,0.034158
A,RILP-Greedy,4,20,2.0,5,45,0.034357
A,RILP-Greedy,4,20,2.0,5,46,0.034277
A,RILP-Greedy,4,20,2.0,5,47,0.03448
A,RILP-Greedy,4,20,2.0,5,48,0.034475
A,RILP-Greedy,4,20,2.0,5,49,0.033981
A,RILP-Greedy,4,20,2.0,5,50,0.034317
A,RILP-Greedy,4,20,2.0,5,51,0.0343
A,Nam2023b,4,20,2.0,5,42,0.198088
A,Nam2023b,4,20,2.0,5,43,0.197868
A,Nam2023b,4,20,2.0,5,44,0.197774
A,Nam2023b,4,20,2.0,5,45,0.198031
A,Nam2023b,4,20,2.0,5,46,0.197538
A,Nam2023b,4,20,2.0,5,47,0.197284
A,Nam2023b,4,20,2.0,5,48,0.198146
A,Nam2023b,4,20,2.0,5,49,0.19842
A,Nam2023b,4,20,2.0,5,50,0.198468
A,Nam2023b,4,20,2.0,5,51,0.198377
A,Nam2025,4,20,2.0,5,42,0.034409
A,Nam2025,4,20,2.0,5,43,0.03441
A,Nam2025,4,20,2.0,5,44,0.034158
A,Nam2025,4,20,2.0,5,45,0.034357
A,Nam2025,4,20,2.0,5,46,0.034277
A,Nam2025,4,20,2.0,5,47,0.03448
A,Nam2025,4,20,2.0,5,48,0.034475
A,Nam2025,4,20,2.0,5,49,0.033981
A,Nam2025,4,20,2.0,5,50,0.034317
A,Nam2025,4,20,2.0,5,51,0.0343
A,Youn2026,4,20,2.0,5,42,0.034409
A,Youn2026,4,20,2.0,5,43,0.03441
A,Youn2026,4,20,2.0,5,44,0.034158
A,Youn2026,4,20,2.0,5,45,0.034357
A,Youn2026,4,20,2.0,5,46,0.034277
A,Youn2026,4,20,2.0,5,47,0.03448
A,Youn2026,4,20,2.0,5,48,0.034475
A,Youn2026,4,20,2.0,5,49,0.033981
A,Youn2026,4,20,2.0,5,50,0.034317
A,Youn2026,4,20,2.0,5,51,0.0343
A,V2I-Base,4,20,2.0,5,42,0.034409
A,V2I-Base,4,20,2.0,5,43,0.03441
A,V2I-Base,4,20,2.0,5,44,0.034158
A,V2I-Base,4,20,2.0,5,45,0.034357
A,V2I-Base,4,20,2.0,5,46,0.034277
A,V2I-Base,4,20,2.0,5,47,0.03448
A,V2I-Base,4,20,2.0,5,48,0.034475
A,V2I-Base,4,20,2.0,5,49,0.033981
A,V2I-Base,4,20,2.0,5,50,0.034317
A,V2I-Base,4,20,2.0,5,51,0.0343
A,V2V-Base,4,20,2.0,5,42,8e-06
A,V2V-Base,4,20,2.0,5,43,1.1e-05
A,V2V-Base,4,20,2.0,5,44,1e-05
A,V2V-Base,4,20,2.0,5,45,1.2e-05
A,V2V-Base,4,20,2.0,5,46,1.2e-05
A,V2V-Base,4,20,2.0,5,47,7e-06
A,V2V-Base,4,20,2.0,5,48,1.1e-05
A,V2V-Base,4,20,2.0,5,49,9e-06
A,V2V-Base,4,20,2.0,5,50,9e-06
A,V2V-Base,4,20,2.0,5,51,1.2e-05
A,Random-K,4,20,2.0,5,42,0.000222
A,Random-K,4,20,2.0,5,43,0.000248
A,Random-K,4,20,2.0,5,44,0.000258
A,Random-K,4,20,2.0,5,45,0.000268
A,Random-K,4,20,2.0,5,46,0.000268
A,Random-K,4,20,2.0,5,47,0.000218
A,Random-K,4,20,2.0,5,48,0.000227
A,Random-K,4,20,2.0,5,49,0.000251
A,Random-K,4,20,2.0,5,50,0.000278
A,Random-K,4,20,2.0,5,51,0.000314
A,RILP,4,20,3.0,5,42,0.034409
A,RILP,4,20,3.0,5,43,0.03441
A,RILP,4,20,3.0,5,44,0.034158
A,RILP,4,20,3.0,5,45,0.034357
A,RILP,4,20,3.0,5,46,0.034277
A,RILP,4,20,3.0,5,47,0.03448
A,RILP,4,20,3.0,5,48,0.034475
A,RILP,4,20,3.0,5,49,0.033981
A,RILP,4,20,3.0,5,50,0.034317
A,RILP,4,20,3.0,5,51,0.0343
A,RILP-Greedy,4,20,3.0,5,42,0.034409
A,RILP-Greedy,4,20,3.0,5,43,0.03441
A,RILP-Greedy,4,20,3.0,5,44,0.034158
A,RILP-Greedy,4,20,3.0,5,45,0.034357
A,RILP-Greedy,4,20,3.0,5,46,0.034277
A,RILP-Greedy,4,20,3.0,5,47,0.03448
A,RILP-Greedy,4,20,3.0,5,48,0.034475
A,RILP-Greedy,4,20,3.0,5,49,0.033981
A,RILP-Greedy,4,20,3.0,5,50,0.034317
A,RILP-Greedy,4,20,3.0,5,51,0.0343
A,Nam2023b,4,20,3.0,5,42,0.198088
A,Nam2023b,4,20,3.0,5,43,0.197868
A,Nam2023b,4,20,3.0,5,44,0.197774
A,Nam2023b,4,20,3.0,5,45,0.198031
A,Nam2023b,4,20,3.0,5,46,0.197538
A,Nam2023b,4,20,3.0,5,47,0.197284
A,Nam2023b,4,20,3.0,5,48,0.198146
A,Nam2023b,4,20,3.0,5,49,0.19842
A,Nam2023b,4,20,3.0,5,50,0.198468
A,Nam2023b,4,20,3.0,5,51,0.198377
A,Nam2025,4,20,3.0,5,42,0.034409
A,Nam2025,4,20,3.0,5,43,0.03441
A,Nam2025,4,20,3.0,5,44,0.034158
A,Nam2025,4,20,3.0,5,45,0.034357
A,Nam2025,4,20,3.0,5,46,0.034277
A,Nam2025,4,20,3.0,5,47,0.03448
A,Nam2025,4,20,3.0,5,48,0.034475
A,Nam2025,4,20,3.0,5,49,0.033981
A,Nam2025,4,20,3.0,5,50,0.034317
A,Nam2025,4,20,3.0,5,51,0.0343
A,Youn2026,4,20,3.0,5,42,0.034409
A,Youn2026,4,20,3.0,5,43,0.03441
A,Youn2026,4,20,3.0,5,44,0.034158
A,Youn2026,4,20,3.0,5,45,0.034357
A,Youn2026,4,20,3.0,5,46,0.034277
A,Youn2026,4,20,3.0,5,47,0.03448
A,Youn2026,4,20,3.0,5,48,0.034475
A,Youn2026,4,20,3.0,5,49,0.033981
A,Youn2026,4,20,3.0,5,50,0.034317
A,Youn2026,4,20,3.0,5,51,0.0343
A,V2I-Base,4,20,3.0,5,42,0.034409
A,V2I-Base,4,20,3.0,5,43,0.03441
A,V2I-Base,4,20,3.0,5,44,0.034158
A,V2I-Base,4,20,3.0,5,45,0.034357
A,V2I-Base,4,20,3.0,5,46,0.034277
A,V2I-Base,4,20,3.0,5,47,0.03448
A,V2I-Base,4,20,3.0,5,48,0.034475
A,V2I-Base,4,20,3.0,5,49,0.033981
A,V2I-Base,4,20,3.0,5,50,0.034317
A,V2I-Base,4,20,3.0,5,51,0.0343
A,V2V-Base,4,20,3.0,5,42,8e-06
A,V2V-Base,4,20,3.0,5,43,1.1e-05
A,V2V-Base,4,20,3.0,5,44,1e-05
A,V2V-Base,4,20,3.0,5,45,1.2e-05
A,V2V-Base,4,20,3.0,5,46,1.2e-05
A,V2V-Base,4,20,3.0,5,47,7e-06
A,V2V-Base,4,20,3.0,5,48,1.1e-05
A,V2V-Base,4,20,3.0,5,49,9e-06
A,V2V-Base,4,20,3.0,5,50,9e-06
A,V2V-Base,4,20,3.0,5,51,1.2e-05
A,Random-K,4,20,3.0,5,42,0.000222
A,Random-K,4,20,3.0,5,43,0.000248
A,Random-K,4,20,3.0,5,44,0.000258
A,Random-K,4,20,3.0,5,45,0.000268
A,Random-K,4,20,3.0,5,46,0.000268
A,Random-K,4,20,3.0,5,47,0.000218
A,Random-K,4,20,3.0,5,48,0.000227
A,Random-K,4,20,3.0,5,49,0.000251
A,Random-K,4,20,3.0,5,50,0.000278
A,Random-K,4,20,3.0,5,51,0.000314
A,RILP,4,30,0.0,5,42,0.034409
A,RILP,4,30,0.0,5,43,0.03441
A,RILP,4,30,0.0,5,44,0.034158
A,RILP,4,30,0.0,5,45,0.034357
A,RILP,4,30,0.0,5,46,0.034277
A,RILP,4,30,0.0,5,47,0.03448
A,RILP,4,30,0.0,5,48,0.034475
A,RILP,4,30,0.0,5,49,0.033981
A,RILP,4,30,0.0,5,50,0.034317
A,RILP,4,30,0.0,5,51,0.0343
A,RILP-Greedy,4,30,0.0,5,42,0.034409
A,RILP-Greedy,4,30,0.0,5,43,0.03441
A,RILP-Greedy,4,30,0.0,5,44,0.034158
A,RILP-Greedy,4,30,0.0,5,45,0.034357
A,RILP-Greedy,4,30,0.0,5,46,0.034277
A,RILP-Greedy,4,30,0.0,5,47,0.03448
A,RILP-Greedy,4,30,0.0,5,48,0.034475
A,RILP-Greedy,4,30,0.0,5,49,0.033981
A,RILP-Greedy,4,30,0.0,5,50,0.034317
A,RILP-Greedy,4,30,0.0,5,51,0.0343
A,Nam2023b,4,30,0.0,5,42,0.198088
A,Nam2023b,4,30,0.0,5,43,0.197868
A,Nam2023b,4,30,0.0,5,44,0.197774
A,Nam2023b,4,30,0.0,5,45,0.198031
A,Nam2023b,4,30,0.0,5,46,0.197538
A,Nam2023b,4,30,0.0,5,47,0.197284
A,Nam2023b,4,30,0.0,5,48,0.198146
A,Nam2023b,4,30,0.0,5,49,0.19842
A,Nam2023b,4,30,0.0,5,50,0.198468
A,Nam2023b,4,30,0.0,5,51,0.198377
A,Nam2025,4,30,0.0,5,42,0.034409
A,Nam2025,4,30,0.0,5,43,0.03441
A,Nam2025,4,30,0.0,5,44,0.034158
A,Nam2025,4,30,0.0,5,45,0.034357
A,Nam2025,4,30,0.0,5,46,0.034277
A,Nam2025,4,30,0.0,5,47,0.03448
A,Nam2025,4,30,0.0,5,48,0.034475
A,Nam2025,4,30,0.0,5,49,0.033981
A,Nam2025,4,30,0.0,5,50,0.034317
A,Nam2025,4,30,0.0,5,51,0.0343
A,Youn2026,4,30,0.0,5,42,0.034409
A,Youn2026,4,30,0.0,5,43,0.03441
A,Youn2026,4,30,0.0,5,44,0.034158
A,Youn2026,4,30,0.0,5,45,0.034357
A,Youn2026,4,30,0.0,5,46,0.034277
A,Youn2026,4,30,0.0,5,47,0.03448
A,Youn2026,4,30,0.0,5,48,0.034475
A,Youn2026,4,30,0.0,5,49,0.033981
A,Youn2026,4,30,0.0,5,50,0.034317
A,Youn2026,4,30,0.0,5,51,0.0343
A,V2I-Base,4,30,0.0,5,42,0.034409
A,V2I-Base,4,30,0.0,5,43,0.03441
A,V2I-Base,4,30,0.0,5,44,0.034158
A,V2I-Base,4,30,0.0,5,45,0.034357
A,V2I-Base,4,30,0.0,5,46,0.034277
A,V2I-Base,4,30,0.0,5,47,0.03448
A,V2I-Base,4,30,0.0,5,48,0.034475
A,V2I-Base,4,30,0.0,5,49,0.033981
A,V2I-Base,4,30,0.0,5,50,0.034317
A,V2I-Base,4,30,0.0,5,51,0.0343
A,V2V-Base,4,30,0.0,5,42,8e-06
A,V2V-Base,4,30,0.0,5,43,1.1e-05
A,V2V-Base,4,30,0.0,5,44,1e-05
A,V2V-Base,4,30,0.0,5,45,1.2e-05
A,V2V-Base,4,30,0.0,5,46,1.2e-05
A,V2V-Base,4,30,0.0,5,47,7e-06
A,V2V-Base,4,30,0.0,5,48,1.1e-05
A,V2V-Base,4,30,0.0,5,49,9e-06
A,V2V-Base,4,30,0.0,5,50,9e-06
A,V2V-Base,4,30,0.0,5,51,1.2e-05
A,Random-K,4,30,0.0,5,42,0.000222
A,Random-K,4,30,0.0,5,43,0.000248
A,Random-K,4,30,0.0,5,44,0.000258
A,Random-K,4,30,0.0,5,45,0.000268
A,Random-K,4,30,0.0,5,46,0.000268
A,Random-K,4,30,0.0,5,47,0.000218
A,Random-K,4,30,0.0,5,48,0.000227
A,Random-K,4,30,0.0,5,49,0.000251
A,Random-K,4,30,0.0,5,50,0.000278
A,Random-K,4,30,0.0,5,51,0.000314
A,RILP,4,30,1.0,5,42,0.034409
A,RILP,4,30,1.0,5,43,0.03441
A,RILP,4,30,1.0,5,44,0.034158
A,RILP,4,30,1.0,5,45,0.034357
A,RILP,4,30,1.0,5,46,0.034277
A,RILP,4,30,1.0,5,47,0.03448
A,RILP,4,30,1.0,5,48,0.034475
A,RILP,4,30,1.0,5,49,0.033981
A,RILP,4,30,1.0,5,50,0.034317
A,RILP,4,30,1.0,5,51,0.0343
A,RILP-Greedy,4,30,1.0,5,42,0.034409
A,RILP-Greedy,4,30,1.0,5,43,0.03441
A,RILP-Greedy,4,30,1.0,5,44,0.034158
A,RILP-Greedy,4,30,1.0,5,45,0.034357
A,RILP-Greedy,4,30,1.0,5,46,0.034277
A,RILP-Greedy,4,30,1.0,5,47,0.03448
A,RILP-Greedy,4,30,1.0,5,48,0.034475
A,RILP-Greedy,4,30,1.0,5,49,0.033981
A,RILP-Greedy,4,30,1.0,5,50,0.034317
A,RILP-Greedy,4,30,1.0,5,51,0.0343
A,Nam2023b,4,30,1.0,5,42,0.198088
A,Nam2023b,4,30,1.0,5,43,0.197868
A,Nam2023b,4,30,1.0,5,44,0.197774
A,Nam2023b,4,30,1.0,5,45,0.198031
A,Nam2023b,4,30,1.0,5,46,0.197538
A,Nam2023b,4,30,1.0,5,47,0.197284
A,Nam2023b,4,30,1.0,5,48,0.198146
A,Nam2023b,4,30,1.0,5,49,0.19842
A,Nam2023b,4,30,1.0,5,50,0.198468
A,Nam2023b,4,30,1.0,5,51,0.198377
A,Nam2025,4,30,1.0,5,42,0.034409
A,Nam2025,4,30,1.0,5,43,0.03441
A,Nam2025,4,30,1.0,5,44,0.034158
A,Nam2025,4,30,1.0,5,45,0.034357
A,Nam2025,4,30,1.0,5,46,0.034277
A,Nam2025,4,30,1.0,5,47,0.03448
A,Nam2025,4,30,1.0,5,48,0.034475
A,Nam2025,4,30,1.0,5,49,0.033981
A,Nam2025,4,30,1.0,5,50,0.034317
A,Nam2025,4,30,1.0,5,51,0.0343
A,Youn2026,4,30,1.0,5,42,0.034409
A,Youn2026,4,30,1.0,5,43,0.03441
A,Youn2026,4,30,1.0,5,44,0.034158
A,Youn2026,4,30,1.0,5,45,0.034357
A,Youn2026,4,30,1.0,5,46,0.034277
A,Youn2026,4,30,1.0,5,47,0.03448
A,Youn2026,4,30,1.0,5,48,0.034475
A,Youn2026,4,30,1.0,5,49,0.033981
A,Youn2026,4,30,1.0,5,50,0.034317
A,Youn2026,4,30,1.0,5,51,0.0343
A,V2I-Base,4,30,1.0,5,42,0.034409
A,V2I-Base,4,30,1.0,5,43,0.03441
A,V2I-Base,4,30,1.0,5,44,0.034158
A,V2I-Base,4,30,1.0,5,45,0.034357
A,V2I-Base,4,30,1.0,5,46,0.034277
A,V2I-Base,4,30,1.0,5,47,0.03448
A,V2I-Base,4,30,1.0,5,48,0.034475
A,V2I-Base,4,30,1.0,5,49,0.033981
A,V2I-Base,4,30,1.0,5,50,0.034317
A,V2I-Base,4,30,1.0,5,51,0.0343
A,V2V-Base,4,30,1.0,5,42,8e-06
A,V2V-Base,4,30,1.0,5,43,1.1e-05
A,V2V-Base,4,30,1.0,5,44,1e-05
A,V2V-Base,4,30,1.0,5,45,1.2e-05
A,V2V-Base,4,30,1.0,5,46,1.2e-05
A,V2V-Base,4,30,1.0,5,47,7e-06
A,V2V-Base,4,30,1.0,5,48,1.1e-05
A,V2V-Base,4,30,1.0,5,49,9e-06
A,V2V-Base,4,30,1.0,5,50,9e-06
A,V2V-Base,4,30,1.0,5,51,1.2e-05
A,Random-K,4,30,1.0,5,42,0.000222
A,Random-K,4,30,1.0,5,43,0.000248
A,Random-K,4,30,1.0,5,44,0.000258
A,Random-K,4,30,1.0,5,45,0.000268
A,Random-K,4,30,1.0,5,46,0.000268
A,Random-K,4,30,1.0,5,47,0.000218
A,Random-K,4,30,1.0,5,48,0.000227
A,Random-K,4,30,1.0,5,49,0.000251
A,Random-K,4,30,1.0,5,50,0.000278
A,Random-K,4,30,1.0,5,51,0.000314
A,RILP,4,30,2.0,5,42,0.034409
A,RILP,4,30,2.0,5,43,0.03441
A,RILP,4,30,2.0,5,44,0.034158
A,RILP,4,30,2.0,5,45,0.034357
A,RILP,4,30,2.0,5,46,0.034277
A,RILP,4,30,2.0,5,47,0.03448
A,RILP,4,30,2.0,5,48,0.034475
A,RILP,4,30,2.0,5,49,0.033981
A,RILP,4,30,2.0,5,50,0.034317
A,RILP,4,30,2.0,5,51,0.0343
A,RILP-Greedy,4,30,2.0,5,42,0.034409
A,RILP-Greedy,4,30,2.0,5,43,0.03441
A,RILP-Greedy,4,30,2.0,5,44,0.034158
A,RILP-Greedy,4,30,2.0,5,45,0.034357
A,RILP-Greedy,4,30,2.0,5,46,0.034277
A,RILP-Greedy,4,30,2.0,5,47,0.03448
A,RILP-Greedy,4,30,2.0,5,48,0.034475
A,RILP-Greedy,4,30,2.0,5,49,0.033981
A,RILP-Greedy,4,30,2.0,5,50,0.034317
A,RILP-Greedy,4,30,2.0,5,51,0.0343
A,Nam2023b,4,30,2.0,5,42,0.198088
A,Nam2023b,4,30,2.0,5,43,0.197868
A,Nam2023b,4,30,2.0,5,44,0.197774
A,Nam2023b,4,30,2.0,5,45,0.198031
A,Nam2023b,4,30,2.0,5,46,0.197538
A,Nam2023b,4,30,2.0,5,47,0.197284
A,Nam2023b,4,30,2.0,5,48,0.198146
A,Nam2023b,4,30,2.0,5,49,0.19842
A,Nam2023b,4,30,2.0,5,50,0.198468
A,Nam2023b,4,30,2.0,5,51,0.198377
A,Nam2025,4,30,2.0,5,42,0.034409
A,Nam2025,4,30,2.0,5,43,0.03441
A,Nam2025,4,30,2.0,5,44,0.034158
A,Nam2025,4,30,2.0,5,45,0.034357
A,Nam2025,4,30,2.0,5,46,0.034277
A,Nam2025,4,30,2.0,5,47,0.03448
A,Nam2025,4,30,2.0,5,48,0.034475
A,Nam2025,4,30,2.0,5,49,0.033981
A,Nam2025,4,30,2.0,5,50,0.034317
A,Nam2025,4,30,2.0,5,51,0.0343
A,Youn2026,4,30,2.0,5,42,0.034409
A,Youn2026,4,30,2.0,5,43,0.03441
A,Youn2026,4,30,2.0,5,44,0.034158
A,Youn2026,4,30,2.0,5,45,0.034357
A,Youn2026,4,30,2.0,5,46,0.034277
A,Youn2026,4,30,2.0,5,47,0.03448
A,Youn2026,4,30,2.0,5,48,0.034475
A,Youn2026,4,30,2.0,5,49,0.033981
A,Youn2026,4,30,2.0,5,50,0.034317
A,Youn2026,4,30,2.0,5,51,0.0343
A,V2I-Base,4,30,2.0,5,42,0.034409
A,V2I-Base,4,30,2.0,5,43,0.03441
A,V2I-Base,4,30,2.0,5,44,0.034158
A,V2I-Base,4,30,2.0,5,45,0.034357
A,V2I-Base,4,30,2.0,5,46,0.034277
A,V2I-Base,4,30,2.0,5,47,0.03448
A,V2I-Base,4,30,2.0,5,48,0.034475
A,V2I-Base,4,30,2.0,5,49,0.033981
A,V2I-Base,4,30,2.0,5,50,0.034317
A,V2I-Base,4,30,2.0,5,51,0.0343
A,V2V-Base,4,30,2.0,5,42,8e-06
A,V2V-Base,4,30,2.0,5,43,1.1e-05
A,V2V-Base,4,30,2.0,5,44,1e-05
A,V2V-Base,4,30,2.0,5,45,1.2e-05
A,V2V-Base,4,30,2.0,5,46,1.2e-05
A,V2V-Base,4,30,2.0,5,47,7e-06
A,V2V-Base,4,30,2.0,5,48,1.1e-05
A,V2V-Base,4,30,2.0,5,49,9e-06
A,V2V-Base,4,30,2.0,5,50,9e-06
A,V2V-Base,4,30,2.0,5,51,1.2e-05
A,Random-K,4,30,2.0,5,42,0.000222
A,Random-K,4,30,2.0,5,43,0.000248
A,Random-K,4,30,2.0,5,44,0.000258
A,Random-K,4,30,2.0,5,45,0.000268
A,Random-K,4,30,2.0,5,46,0.000268
A,Random-K,4,30,2.0,5,47,0.000218
A,Random-K,4,30,2.0,5,48,0.000227
A,Random-K,4,30,2.0,5,49,0.000251
A,Random-K,4,30,2.0,5,50,0.000278
A,Random-K,4,30,2.0,5,51,0.000314
A,RILP,4,30,3.0,5,42,0.034409
A,RILP,4,30,3.0,5,43,0.03441
A,RILP,4,30,3.0,5,44,0.034158
A,RILP,4,30,3.0,5,45,0.034357
A,RILP,4,30,3.0,5,46,0.034277
A,RILP,4,30,3.0,5,47,0.03448
A,RILP,4,30,3.0,5,48,0.034475
A,RILP,4,30,3.0,5,49,0.033981
A,RILP,4,30,3.0,5,50,0.034317
A,RILP,4,30,3.0,5,51,0.0343
A,RILP-Greedy,4,30,3.0,5,42,0.034409
A,RILP-Greedy,4,30,3.0,5,43,0.03441
A,RILP-Greedy,4,30,3.0,5,44,0.034158
A,RILP-Greedy,4,30,3.0,5,45,0.034357
A,RILP-Greedy,4,30,3.0,5,46,0.034277
A,RILP-Greedy,4,30,3.0,5,47,0.03448
A,RILP-Greedy,4,30,3.0,5,48,0.034475
A,RILP-Greedy,4,30,3.0,5,49,0.033981
A,RILP-Greedy,4,30,3.0,5,50,0.034317
A,RILP-Greedy,4,30,3.0,5,51,0.0343
A,Nam2023b,4,30,3.0,5,42,0.198088
A,Nam2023b,4,30,3.0,5,43,0.197868
A,Nam2023b,4,30,3.0,5,44,0.197774
A,Nam2023b,4,30,3.0,5,45,0.198031
A,Nam2023b,4,30,3.0,5,46,0.197538
A,Nam2023b,4,30,3.0,5,47,0.197284
A,Nam2023b,4,30,3.0,5,48,0.198146
A,Nam2023b,4,30,3.0,5,49,0.19842
A,Nam2023b,4,30,3.0,5,50,0.198468
A,Nam2023b,4,30,3.0,5,51,0.198377
A,Nam2025,4,30,3.0,5,42,0.034409
A,Nam2025,4,30,3.0,5,43,0.03441
A,Nam2025,4,30,3.0,5,44,0.034158
A,Nam2025,4,30,3.0,5,45,0.034357
A,Nam2025,4,30,3.0,5,46,0.034277
A,Nam2025,4,30,3.0,5,47,0.03448
A,Nam2025,4,30,3.0,5,48,0.034475
A,Nam2025,4,30,3.0,5,49,0.033981
A,Nam2025,4,30,3.0,5,50,0.034317
A,Nam2025,4,30,3.0,5,51,0.0343
A,Youn2026,4,30,3.0,5,42,0.034409
A,Youn2026,4,30,3.0,5,43,0.03441
A,Youn2026,4,30,3.0,5,44,0.034158
A,Youn2026,4,30,3.0,5,45,0.034357
A,Youn2026,4,30,3.0,5,46,0.034277
A,Youn2026,4,30,3.0,5,47,0.03448
A,Youn2026,4,30,3.0,5,48,0.034475
A,Youn2026,4,30,3.0,5,49,0.033981
A,Youn2026,4,30,3.0,5,50,0.034317
A,Youn2026,4,30,3.0,5,51,0.0343
A,V2I-Base,4,30,3.0,5,42,0.034409
A,V2I-Base,4,30,3.0,5,43,0.03441
A,V2I-Base,4,30,3.0,5,44,0.034158
A,V2I-Base,4,30,3.0,5,45,0.034357
A,V2I-Base,4,30,3.0,5,46,0.034277
A,V2I-Base,4,30,3.0,5,47,0.03448
A,V2I-Base,4,30,3.0,5,48,0.034475
A,V2I-Base,4,30,3.0,5,49,0.033981
A,V2I-Base,4,30,3.0,5,50,0.034317
A,V2I-Base,4,30,3.0,5,51,0.0343
A,V2V-Base,4,30,3.0,5,42,8e-06
A,V2V-Base,4,30,3.0,5,43,1.1e-05
A,V2V-Base,4,30,3.0,5,44,1e-05
A,V2V-Base,4,30,3.0,5,45,1.2e-05
A,V2V-Base,4,30,3.0,5,46,1.2e-05
A,V2V-Base,4,30,3.0,5,47,7e-06
A,V2V-Base,4,30,3.0,5,48,1.1e-05
A,V2V-Base,4,30,3.0,5,49,9e-06
A,V2V-Base,4,30,3.0,5,50,9e-06
A,V2V-Base,4,30,3.0,5,51,1.2e-05
A,Random-K,4,30,3.0,5,42,0.000222
A,Random-K,4,30,3.0,5,43,0.000248
A,Random-K,4,30,3.0,5,44,0.000258
A,Random-K,4,30,3.0,5,45,0.000268
A,Random-K,4,30,3.0,5,46,0.000268
A,Random-K,4,30,3.0,5,47,0.000218
A,Random-K,4,30,3.0,5,48,0.000227
A,Random-K,4,30,3.0,5,49,0.000251
A,Random-K,4,30,3.0,5,50,0.000278
A,Random-K,4,30,3.0,5,51,0.000314
A,RILP,5,0,0.0,5,42,0.034409
A,RILP,5,0,0.0,5,43,0.03441
A,RILP,5,0,0.0,5,44,0.034158
A,RILP,5,0,0.0,5,45,0.034357
A,RILP,5,0,0.0,5,46,0.034277
A,RILP,5,0,0.0,5,47,0.03448
A,RILP,5,0,0.0,5,48,0.034475
A,RILP,5,0,0.0,5,49,0.033981
A,RILP,5,0,0.0,5,50,0.034317
A,RILP,5,0,0.0,5,51,0.0343
A,RILP-Greedy,5,0,0.0,5,42,0.034409
A,RILP-Greedy,5,0,0.0,5,43,0.03441
A,RILP-Greedy,5,0,0.0,5,44,0.034158
A,RILP-Greedy,5,0,0.0,5,45,0.034357
A,RILP-Greedy,5,0,0.0,5,46,0.034277
A,RILP-Greedy,5,0,0.0,5,47,0.03448
A,RILP-Greedy,5,0,0.0,5,48,0.034475
A,RILP-Greedy,5,0,0.0,5,49,0.033981
A,RILP-Greedy,5,0,0.0,5,50,0.034317
A,RILP-Greedy,5,0,0.0,5,51,0.0343
A,Nam2023b,5,0,0.0,5,42,0.198088
A,Nam2023b,5,0,0.0,5,43,0.197868
A,Nam2023b,5,0,0.0,5,44,0.197774
A,Nam2023b,5,0,0.0,5,45,0.198031
A,Nam2023b,5,0,0.0,5,46,0.197538
A,Nam2023b,5,0,0.0,5,47,0.197284
A,Nam2023b,5,0,0.0,5,48,0.198146
A,Nam2023b,5,0,0.0,5,49,0.19842
A,Nam2023b,5,0,0.0,5,50,0.198468
A,Nam2023b,5,0,0.0,5,51,0.198377
A,Nam2025,5,0,0.0,5,42,0.034409
A,Nam2025,5,0,0.0,5,43,0.03441
A,Nam2025,5,0,0.0,5,44,0.034158
A,Nam2025,5,0,0.0,5,45,0.034357
A,Nam2025,5,0,0.0,5,46,0.034277
A,Nam2025,5,0,0.0,5,47,0.03448
A,Nam2025,5,0,0.0,5,48,0.034475
A,Nam2025,5,0,0.0,5,49,0.033981
A,Nam2025,5,0,0.0,5,50,0.034317
A,Nam2025,5,0,0.0,5,51,0.0343
A,Youn2026,5,0,0.0,5,42,0.034409
A,Youn2026,5,0,0.0,5,43,0.03441
A,Youn2026,5,0,0.0,5,44,0.034158
A,Youn2026,5,0,0.0,5,45,0.034357
A,Youn2026,5,0,0.0,5,46,0.034277
A,Youn2026,5,0,0.0,5,47,0.03448
A,Youn2026,5,0,0.0,5,48,0.034475
A,Youn2026,5,0,0.0,5,49,0.033981
A,Youn2026,5,0,0.0,5,50,0.034317
A,Youn2026,5,0,0.0,5,51,0.0343
A,V2I-Base,5,0,0.0,5,42,0.034409
A,V2I-Base,5,0,0.0,5,43,0.03441
A,V2I-Base,5,0,0.0,5,44,0.034158
A,V2I-Base,5,0,0.0,5,45,0.034357
A,V2I-Base,5,0,0.0,5,46,0.034277
A,V2I-Base,5,0,0.0,5,47,0.03448
A,V2I-Base,5,0,0.0,5,48,0.034475
A,V2I-Base,5,0,0.0,5,49,0.033981
A,V2I-Base,5,0,0.0,5,50,0.034317
A,V2I-Base,5,0,0.0,5,51,0.0343
A,V2V-Base,5,0,0.0,5,42,8e-06
A,V2V-Base,5,0,0.0,5,43,1.1e-05
A,V2V-Base,5,0,0.0,5,44,1e-05
A,V2V-Base,5,0,0.0,5,45,1.2e-05
A,V2V-Base,5,0,0.0,5,46,1.2e-05
A,V2V-Base,5,0,0.0,5,47,7e-06
A,V2V-Base,5,0,0.0,5,48,1.1e-05
A,V2V-Base,5,0,0.0,5,49,9e-06
A,V2V-Base,5,0,0.0,5,50,9e-06
A,V2V-Base,5,0,0.0,5,51,1.2e-05
A,Random-K,5,0,0.0,5,42,0.000222
A,Random-K,5,0,0.0,5,43,0.000248
A,Random-K,5,0,0.0,5,44,0.000258
A,Random-K,5,0,0.0,5,45,0.000268
A,Random-K,5,0,0.0,5,46,0.000268
A,Random-K,5,0,0.0,5,47,0.000218
A,Random-K,5,0,0.0,5,48,0.000227
A,Random-K,5,0,0.0,5,49,0.000251
A,Random-K,5,0,0.0,5,50,0.000278
A,Random-K,5,0,0.0,5,51,0.000314
A,RILP,5,0,1.0,5,42,0.034409
A,RILP,5,0,1.0,5,43,0.03441
A,RILP,5,0,1.0,5,44,0.034158
A,RILP,5,0,1.0,5,45,0.034357
A,RILP,5,0,1.0,5,46,0.034277
A,RILP,5,0,1.0,5,47,0.03448
A,RILP,5,0,1.0,5,48,0.034475
A,RILP,5,0,1.0,5,49,0.033981
A,RILP,5,0,1.0,5,50,0.034317
A,RILP,5,0,1.0,5,51,0.0343
A,RILP-Greedy,5,0,1.0,5,42,0.034409
A,RILP-Greedy,5,0,1.0,5,43,0.03441
A,RILP-Greedy,5,0,1.0,5,44,0.034158
A,RILP-Greedy,5,0,1.0,5,45,0.034357
A,RILP-Greedy,5,0,1.0,5,46,0.034277
A,RILP-Greedy,5,0,1.0,5,47,0.03448
A,RILP-Greedy,5,0,1.0,5,48,0.034475
A,RILP-Greedy,5,0,1.0,5,49,0.033981
A,RILP-Greedy,5,0,1.0,5,50,0.034317
A,RILP-Greedy,5,0,1.0,5,51,0.0343
A,Nam2023b,5,0,1.0,5,42,0.198088
A,Nam2023b,5,0,1.0,5,43,0.197868
A,Nam2023b,5,0,1.0,5,44,0.197774
A,Nam2023b,5,0,1.0,5,45,0.198031
A,Nam2023b,5,0,1.0,5,46,0.197538
A,Nam2023b,5,0,1.0,5,47,0.197284
A,Nam2023b,5,0,1.0,5,48,0.198146
A,Nam2023b,5,0,1.0,5,49,0.19842
A,Nam2023b,5,0,1.0,5,50,0.198468
A,Nam2023b,5,0,1.0,5,51,0.198377
A,Nam2025,5,0,1.0,5,42,0.034409
A,Nam2025,5,0,1.0,5,43,0.03441
A,Nam2025,5,0,1.0,5,44,0.034158
A,Nam2025,5,0,1.0,5,45,0.034357
A,Nam2025,5,0,1.0,5,46,0.034277
A,Nam2025,5,0,1.0,5,47,0.03448
A,Nam2025,5,0,1.0,5,48,0.034475
A,Nam2025,5,0,1.0,5,49,0.033981
A,Nam2025,5,0,1.0,5,50,0.034317
A,Nam2025,5,0,1.0,5,51,0.0343
A,Youn2026,5,0,1.0,5,42,0.034409
A,Youn2026,5,0,1.0,5,43,0.03441
A,Youn2026,5,0,1.0,5,44,0.034158
A,Youn2026,5,0,1.0,5,45,0.034357
A,Youn2026,5,0,1.0,5,46,0.034277
A,Youn2026,5,0,1.0,5,47,0.03448
A,Youn2026,5,0,1.0,5,48,0.034475
A,Youn2026,5,0,1.0,5,49,0.033981
A,Youn2026,5,0,1.0,5,50,0.034317
A,Youn2026,5,0,1.0,5,51,0.0343
A,V2I-Base,5,0,1.0,5,42,0.034409
A,V2I-Base,5,0,1.0,5,43,0.03441
A,V2I-Base,5,0,1.0,5,44,0.034158
A,V2I-Base,5,0,1.0,5,45,0.034357
A,V2I-Base,5,0,1.0,5,46,0.034277
A,V2I-Base,5,0,1.0,5,47,0.03448
A,V2I-Base,5,0,1.0,5,48,0.034475
A,V2I-Base,5,0,1.0,5,49,0.033981
A,V2I-Base,5,0,1.0,5,50,0.034317
A,V2I-Base,5,0,1.0,5,51,0.0343
A,V2V-Base,5,0,1.0,5,42,8e-06
A,V2V-Base,5,0,1.0,5,43,1.1e-05
A,V2V-Base,5,0,1.0,5,44,1e-05
A,V2V-Base,5,0,1.0,5,45,1.2e-05
A,V2V-Base,5,0,1.0,5,46,1.2e-05
A,V2V-Base,5,0,1.0,5,47,7e-06
A,V2V-Base,5,0,1.0,5,48,1.1e-05
A,V2V-Base,5,0,1.0,5,49,9e-06
A,V2V-Base,5,0,1.0,5,50,9e-06
A,V2V-Base,5,0,1.0,5,51,1.2e-05
A,Random-K,5,0,1.0,5,42,0.000222
A,Random-K,5,0,1.0,5,43,0.000248
A,Random-K,5,0,1.0,5,44,0.000258
A,Random-K,5,0,1.0,5,45,0.000268
A,Random-K,5,0,1.0,5,46,0.000268
A,Random-K,5,0,1.0,5,47,0.000218
A,Random-K,5,0,1.0,5,48,0.000227
A,Random-K,5,0,1.0,5,49,0.000251
A,Random-K,5,0,1.0,5,50,0.000278
A,Random-K,5,0,1.0,5,51,0.000314
A,RILP,5,0,2.0,5,42,0.034409
A,RILP,5,0,2.0,5,43,0.03441
A,RILP,5,0,2.0,5,44,0.034158
A,RILP,5,0,2.0,5,45,0.034357
A,RILP,5,0,2.0,5,46,0.034277
A,RILP,5,0,2.0,5,47,0.03448
A,RILP,5,0,2.0,5,48,0.034475
A,RILP,5,0,2.0,5,49,0.033981
A,RILP,5,0,2.0,5,50,0.034317
A,RILP,5,0,2.0,5,51,0.0343
A,RILP-Greedy,5,0,2.0,5,42,0.034409
A,RILP-Greedy,5,0,2.0,5,43,0.03441
A,RILP-Greedy,5,0,2.0,5,44,0.034158
A,RILP-Greedy,5,0,2.0,5,45,0.034357
A,RILP-Greedy,5,0,2.0,5,46,0.034277
A,RILP-Greedy,5,0,2.0,5,47,0.03448
A,RILP-Greedy,5,0,2.0,5,48,0.034475
A,RILP-Greedy,5,0,2.0,5,49,0.033981
A,RILP-Greedy,5,0,2.0,5,50,0.034317
A,RILP-Greedy,5,0,2.0,5,51,0.0343
A,Nam2023b,5,0,2.0,5,42,0.198088
A,Nam2023b,5,0,2.0,5,43,0.197868
A,Nam2023b,5,0,2.0,5,44,0.197774
A,Nam2023b,5,0,2.0,5,45,0.198031
A,Nam2023b,5,0,2.0,5,46,0.197538
A,Nam2023b,5,0,2.0,5,47,0.197284
A,Nam2023b,5,0,2.0,5,48,0.198146
A,Nam2023b,5,0,2.0,5,49,0.19842
A,Nam2023b,5,0,2.0,5,50,0.198468
A,Nam2023b,5,0,2.0,5,51,0.198377
A,Nam2025,5,0,2.0,5,42,0.034409
A,Nam2025,5,0,2.0,5,43,0.03441
A,Nam2025,5,0,2.0,5,44,0.034158
A,Nam2025,5,0,2.0,5,45,0.034357
A,Nam2025,5,0,2.0,5,46,0.034277
A,Nam2025,5,0,2.0,5,47,0.03448
A,Nam2025,5,0,2.0,5,48,0.034475
A,Nam2025,5,0,2.0,5,49,0.033981
A,Nam2025,5,0,2.0,5,50,0.034317
A,Nam2025,5,0,2.0,5,51,0.0343
A,Youn2026,5,0,2.0,5,42,0.034409
A,Youn2026,5,0,2.0,5,43,0.03441
A,Youn2026,5,0,2.0,5,44,0.034158
A,Youn2026,5,0,2.0,5,45,0.034357
A,Youn2026,5,0,2.0,5,46,0.034277
A,Youn2026,5,0,2.0,5,47,0.03448
A,Youn2026,5,0,2.0,5,48,0.034475
A,Youn2026,5,0,2.0,5,49,0.033981
A,Youn2026,5,0,2.0,5,50,0.034317
A,Youn2026,5,0,2.0,5,51,0.0343
A,V2I-Base,5,0,2.0,5,42,0.034409
A,V2I-Base,5,0,2.0,5,43,0.03441
A,V2I-Base,5,0,2.0,5,44,0.034158
A,V2I-Base,5,0,2.0,5,45,0.034357
A,V2I-Base,5,0,2.0,5,46,0.034277
A,V2I-Base,5,0,2.0,5,47,0.03448
A,V2I-Base,5,0,2.0,5,48,0.034475
A,V2I-Base,5,0,2.0,5,49,0.033981
A,V2I-Base,5,0,2.0,5,50,0.034317
A,V2I-Base,5,0,2.0,5,51,0.0343
A,V2V-Base,5,0,2.0,5,42,8e-06
A,V2V-Base,5,0,2.0,5,43,1.1e-05
A,V2V-Base,5,0,2.0,5,44,1e-05
A,V2V-Base,5,0,2.0,5,45,1.2e-05
A,V2V-Base,5,0,2.0,5,46,1.2e-05
A,V2V-Base,5,0,2.0,5,47,7e-06
A,V2V-Base,5,0,2.0,5,48,1.1e-05
A,V2V-Base,5,0,2.0,5,49,9e-06
A,V2V-Base,5,0,2.0,5,50,9e-06
A,V2V-Base,5,0,2.0,5,51,4.1e-05
A,Random-K,5,0,2.0,5,42,0.000792
A,Random-K,5,0,2.0,5,43,0.000725
A,Random-K,5,0,2.0,5,44,0.000694
A,Random-K,5,0,2.0,5,45,0.001058
A,Random-K,5,0,2.0,5,46,0.000913
A,Random-K,5,0,2.0,5,47,0.000856
A,Random-K,5,0,2.0,5,48,0.000854
A,Random-K,5,0,2.0,5,49,0.001099
A,Random-K,5,0,2.0,5,50,0.00083
A,Random-K,5,0,2.0,5,51,0.001141
A,RILP,5,0,3.0,5,42,0.033997
A,RILP,5,0,3.0,5,43,0.034496
A,RILP,5,0,3.0,5,44,0.034469
A,RILP,5,0,3.0,5,45,0.034365
A,RILP,5,0,3.0,5,46,0.034616
A,RILP,5,0,3.0,5,47,0.034085
A,RILP,5,0,3.0,5,48,0.034415
A,RILP,5,0,3.0,5,49,0.034611
A,RILP,5,0,3.0,5,50,0.03441
A,RILP,5,0,3.0,5,51,0.034314
A,RILP-Greedy,5,0,3.0,5,42,0.033997
A,RILP-Greedy,5,0,3.0,5,43,0.034496
A,RILP-Greedy,5,0,3.0,5,44,0.034469
A,RILP-Greedy,5,0,3.0,5,45,0.034365
A,RILP-Greedy,5,0,3.0,5,46,0.034616
A,RILP-Greedy,5,0,3.0,5,47,0.034085
A,RILP-Greedy,5,0,3.0,5,48,0.034415
A,RILP-Greedy,5,0,3.0,5,49,0.034611
A,RILP-Greedy,5,0,3.0,5,50,0.03441
A,RILP-Greedy,5,0,3.0,5,51,0.034314
A,Nam2023b,5,0,3.0,5,42,0.198227
A,Nam2023b,5,0,3.0,5,43,0.198154
A,Nam2023b,5,0,3.0,5,44,0.197642
A,Nam2023b,5,0,3.0,5,45,0.198525
A,Nam2023b,5,0,3.0,5,46,0.197955
A,Nam2023b,5,0,3.0,5,47,0.197937
A,Nam2023b,5,0,3.0,5,48,0.198892
A,Nam2023b,5,0,3.0,5,49,0.198159
A,Nam2023b,5,0,3.0,5,50,0.19811
A,Nam2023b,5,0,3.0,5,51,0.197553
A,Nam2025,5,0,3.0,5,42,0.033997
A,Nam2025,5,0,3.0,5,43,0.034496
A,Nam2025,5,0,3.0,5,44,0.034469
A,Nam2025,5,0,3.0,5,45,0.034365
A,Nam2025,5,0,3.0,5,46,0.034616
A,Nam2025,5,0,3.0,5,47,0.034085
A,Nam2025,5,0,3.0,5,48,0.034415
A,Nam2025,5,0,3.0,5,49,0.034611
A,Nam2025,5,0,3.0,5,50,0.03441
A,Nam2025,5,0,3.0,5,51,0.034314
A,Youn2026,5,0,3.0,5,42,0.033997
A,Youn2026,5,0,3.0,5,43,0.034496
A,Youn2026,5,0,3.0,5,44,0.034469
A,Youn2026,5,0,3.0,5,45,0.034365
A,Youn2026,5,0,3.0,5,46,0.034616
A,Youn2026,5,0,3.0,5,47,0.034085
A,Youn2026,5,0,3.0,5,48,0.034415
A,Youn2026,5,0,3.0,5,49,0.034611
A,Youn2026,5,0,3.0,5,50,0.03441
A,Youn2026,5,0,3.0,5,51,0.034314
A,V2I-Base,5,0,3.0,5,42,0.033997
A,V2I-Base,5,0,3.0,5,43,0.034496
A,V2I-Base,5,0,3.0,5,44,0.034469
A,V2I-Base,5,0,3.0,5,45,0.034365
A,V2I-Base,5,0,3.0,5,46,0.034616
A,V2I-Base,5,0,3.0,5,47,0.034085
A,V2I-Base,5,0,3.0,5,48,0.034415
A,V2I-Base,5,0,3.0,5,49,0.034611
A,V2I-Base,5,0,3.0,5,50,0.03441
A,V2I-Base,5,0,3.0,5,51,0.034314
A,V2V-Base,5,0,3.0,5,42,3.5e-05
A,V2V-Base,5,0,3.0,5,43,4.8e-05
A,V2V-Base,5,0,3.0,5,44,3.1e-05
A,V2V-Base,5,0,3.0,5,45,5.2e-05
A,V2V-Base,5,0,3.0,5,46,2.2e-05
A,V2V-Base,5,0,3.0,5,47,3e-05
A,V2V-Base,5,0,3.0,5,48,4.3e-05
A,V2V-Base,5,0,3.0,5,49,3.3e-05
A,V2V-Base,5,0,3.0,5,50,4.4e-05
A,V2V-Base,5,0,3.0,5,51,4.1e-05
A,Random-K,5,0,3.0,5,42,0.000792
A,Random-K,5,0,3.0,5,43,0.000725
A,Random-K,5,0,3.0,5,44,0.000694
A,Random-K,5,0,3.0,5,45,0.001058
A,Random-K,5,0,3.0,5,46,0.000913
A,Random-K,5,0,3.0,5,47,0.000856
A,Random-K,5,0,3.0,5,48,0.000854
A,Random-K,5,0,3.0,5,49,0.001099
A,Random-K,5,0,3.0,5,50,0.00083
A,Random-K,5,0,3.0,5,51,0.001141
A,RILP,5,10,0.0,5,42,0.033997
A,RILP,5,10,0.0,5,43,0.034496
A,RILP,5,10,0.0,5,44,0.034469
A,RILP,5,10,0.0,5,45,0.034365
A,RILP,5,10,0.0,5,46,0.034616
A,RILP,5,10,0.0,5,47,0.034085
A,RILP,5,10,0.0,5,48,0.034415
A,RILP,5,10,0.0,5,49,0.034611
A,RILP,5,10,0.0,5,50,0.03441
A,RILP,5,10,0.0,5,51,0.034314
A,RILP-Greedy,5,10,0.0,5,42,0.033997
A,RILP-Greedy,5,10,0.0,5,43,0.034496
A,RILP-Greedy,5,10,0.0,5,44,0.034469
A,RILP-Greedy,5,10,0.0,5,45,0.034365
A,RILP-Greedy,5,10,0.0,5,46,0.034616
A,RILP-Greedy,5,10,0.0,5,47,0.034085
A,RILP-Greedy,5,10,0.0,5,48,0.034415
A,RILP-Greedy,5,10,0.0,5,49,0.034611
A,RILP-Greedy,5,10,0.0,5,50,0.03441
A,RILP-Greedy,5,10,0.0,5,51,0.034314
A,Nam2023b,5,10,0.0,5,42,0.198227
A,Nam2023b,5,10,0.0,5,43,0.198154
A,Nam2023b,5,10,0.0,5,44,0.197642
A,Nam2023b,5,10,0.0,5,45,0.198525
A,Nam2023b,5,10,0.0,5,46,0.197955
A,Nam2023b,5,10,0.0,5,47,0.197937
A,Nam2023b,5,10,0.0,5,48,0.198892
A,Nam2023b,5,10,0.0,5,49,0.198159
A,Nam2023b,5,10,0.0,5,50,0.19811
A,Nam2023b,5,10,0.0,5,51,0.197553
A,Nam2025,5,10,0.0,5,42,0.033997
A,Nam2025,5,10,0.0,5,43,0.034496
A,Nam2025,5,10,0.0,5,44,0.034469
A,Nam2025,5,10,0.0,5,45,0.034365
A,Nam2025,5,10,0.0,5,46,0.034616
A,Nam2025,5,10,0.0,5,47,0.034085
A,Nam2025,5,10,0.0,5,48,0.034415
A,Nam2025,5,10,0.0,5,49,0.034611
A,Nam2025,5,10,0.0,5,50,0.03441
A,Nam2025,5,10,0.0,5,51,0.034314
A,Youn2026,5,10,0.0,5,42,0.033997
A,Youn2026,5,10,0.0,5,43,0.034496
A,Youn2026,5,10,0.0,5,44,0.034469
A,Youn2026,5,10,0.0,5,45,0.034365
A,Youn2026,5,10,0.0,5,46,0.034616
A,Youn2026,5,10,0.0,5,47,0.034085
A,Youn2026,5,10,0.0,5,48,0.034415
A,Youn2026,5,10,0.0,5,49,0.034611
A,Youn2026,5,10,0.0,5,50,0.03441
A,Youn2026,5,10,0.0,5,51,0.034314
A,V2I-Base,5,10,0.0,5,42,0.033997
A,V2I-Base,5,10,0.0,5,43,0.034496
A,V2I-Base,5,10,0.0,5,44,0.034469
A,V2I-Base,5,10,0.0,5,45,0.034365
A,V2I-Base,5,10,0.0,5,46,0.034616
A,V2I-Base,5,10,0.0,5,47,0.034085
A,V2I-Base,5,10,0.0,5,48,0.034415
A,V2I-Base,5,10,0.0,5,49,0.034611
A,V2I-Base,5,10,0.0,5,50,0.03441
A,V2I-Base,5,10,0.0,5,51,0.034314
A,V2V-Base,5,10,0.0,5,42,3.5e-05
A,V2V-Base,5,10,0.0,5,43,4.8e-05
A,V2V-Base,5,10,0.0,5,44,3.1e-05
A,V2V-Base,5,10,0.0,5,45,5.2e-05
A,V2V-Base,5,10,0.0,5,46,2.2e-05
A,V2V-Base,5,10,0.0,5,47,3e-05
A,V2V-Base,5,10,0.0,5,48,4.3e-05
A,V2V-Base,5,10,0.0,5,49,3.3e-05
A,V2V-Base,5,10,0.0,5,50,4.4e-05
A,V2V-Base,5,10,0.0,5,51,4.1e-05
A,Random-K,5,10,0.0,5,42,0.000792
A,Random-K,5,10,0.0,5,43,0.000725
A,Random-K,5,10,0.0,5,44,0.000694
A,Random-K,5,10,0.0,5,45,0.001058
A,Random-K,5,10,0.0,5,46,0.000913
A,Random-K,5,10,0.0,5,47,0.000856
A,Random-K,5,10,0.0,5,48,0.000854
A,Random-K,5,10,0.0,5,49,0.001099
A,Random-K,5,10,0.0,5,50,0.00083
A,Random-K,5,10,0.0,5,51,0.001141
A,RILP,5,10,1.0,5,42,0.033997
A,RILP,5,10,1.0,5,43,0.034496
A,RILP,5,10,1.0,5,44,0.034469
A,RILP,5,10,1.0,5,45,0.034365
A,RILP,5,10,1.0,5,46,0.034616
A,RILP,5,10,1.0,5,47,0.034085
A,RILP,5,10,1.0,5,48,0.034415
A,RILP,5,10,1.0,5,49,0.034611
A,RILP,5,10,1.0,5,50,0.03441
A,RILP,5,10,1.0,5,51,0.034314
A,RILP-Greedy,5,10,1.0,5,42,0.033997
A,RILP-Greedy,5,10,1.0,5,43,0.034496
A,RILP-Greedy,5,10,1.0,5,44,0.034469
A,RILP-Greedy,5,10,1.0,5,45,0.034365
A,RILP-Greedy,5,10,1.0,5,46,0.034616
A,RILP-Greedy,5,10,1.0,5,47,0.034085
A,RILP-Greedy,5,10,1.0,5,48,0.034415
A,RILP-Greedy,5,10,1.0,5,49,0.034611
A,RILP-Greedy,5,10,1.0,5,50,0.03441
A,RILP-Greedy,5,10,1.0,5,51,0.034314
A,Nam2023b,5,10,1.0,5,42,0.198227
A,Nam2023b,5,10,1.0,5,43,0.198154
A,Nam2023b,5,10,1.0,5,44,0.197642
A,Nam2023b,5,10,1.0,5,45,0.198525
A,Nam2023b,5,10,1.0,5,46,0.197955
A,Nam2023b,5,10,1.0,5,47,0.197937
A,Nam2023b,5,10,1.0,5,48,0.198892
A,Nam2023b,5,10,1.0,5,49,0.198159
A,Nam2023b,5,10,1.0,5,50,0.19811
A,Nam2023b,5,10,1.0,5,51,0.197553
A,Nam2025,5,10,1.0,5,42,0.033997
A,Nam2025,5,10,1.0,5,43,0.034496
A,Nam2025,5,10,1.0,5,44,0.034469
A,Nam2025,5,10,1.0,5,45,0.034365
A,Nam2025,5,10,1.0,5,46,0.034616
A,Nam2025,5,10,1.0,5,47,0.034085
A,Nam2025,5,10,1.0,5,48,0.034415
A,Nam2025,5,10,1.0,5,49,0.034611
A,Nam2025,5,10,1.0,5,50,0.03441
A,Nam2025,5,10,1.0,5,51,0.034314
A,Youn2026,5,10,1.0,5,42,0.033997
A,Youn2026,5,10,1.0,5,43,0.034496
A,Youn2026,5,10,1.0,5,44,0.034469
A,Youn2026,5,10,1.0,5,45,0.034365
A,Youn2026,5,10,1.0,5,46,0.034616
A,Youn2026,5,10,1.0,5,47,0.034085
A,Youn2026,5,10,1.0,5,48,0.034415
A,Youn2026,5,10,1.0,5,49,0.034611
A,Youn2026,5,10,1.0,5,50,0.03441
A,Youn2026,5,10,1.0,5,51,0.034314
A,V2I-Base,5,10,1.0,5,42,0.033997
A,V2I-Base,5,10,1.0,5,43,0.034496
A,V2I-Base,5,10,1.0,5,44,0.034469
A,V2I-Base,5,10,1.0,5,45,0.034365
A,V2I-Base,5,10,1.0,5,46,0.034616
A,V2I-Base,5,10,1.0,5,47,0.034085
A,V2I-Base,5,10,1.0,5,48,0.034415
A,V2I-Base,5,10,1.0,5,49,0.034611
A,V2I-Base,5,10,1.0,5,50,0.03441
A,V2I-Base,5,10,1.0,5,51,0.034314
A,V2V-Base,5,10,1.0,5,42,3.5e-05
A,V2V-Base,5,10,1.0,5,43,4.8e-05
A,V2V-Base,5,10,1.0,5,44,3.1e-05
A,V2V-Base,5,10,1.0,5,45,5.2e-05
A,V2V-Base,5,10,1.0,5,46,2.2e-05
A,V2V-Base,5,10,1.0,5,47,3e-05
A,V2V-Base,5,10,1.0,5,48,4.3e-05
A,V2V-Base,5,10,1.0,5,49,3.3e-05
A,V2V-Base,5,10,1.0,5,50,4.4e-05
A,V2V-Base,5,10,1.0,5,51,4.1e-05
A,Random-K,5,10,1.0,5,42,0.000792
A,Random-K,5,10,1.0,5,43,0.000725
A,Random-K,5,10,1.0,5,44,0.000694
A,Random-K,5,10,1.0,5,45,0.001058
A,Random-K,5,10,1.0,5,46,0.000913
A,Random-K,5,10,1.0,5,47,0.000856
A,Random-K,5,10,1.0,5,48,0.000854
A,Random-K,5,10,1.0,5,49,0.001099
A,Random-K,5,10,1.0,5,50,0.00083
A,Random-K,5,10,1.0,5,51,0.001141
A,RILP,5,10,2.0,5,42,0.033997
A,RILP,5,10,2.0,5,43,0.034496
A,RILP,5,10,2.0,5,44,0.034469
A,RILP,5,10,2.0,5,45,0.034365
A,RILP,5,10,2.0,5,46,0.034616
A,RILP,5,10,2.0,5,47,0.034085
A,RILP,5,10,2.0,5,48,0.034415
A,RILP,5,10,2.0,5,49,0.034611
A,RILP,5,10,2.0,5,50,0.03441
A,RILP,5,10,2.0,5,51,0.034314
A,RILP-Greedy,5,10,2.0,5,42,0.033997
A,RILP-Greedy,5,10,2.0,5,43,0.034496
A,RILP-Greedy,5,10,2.0,5,44,0.034469
A,RILP-Greedy,5,10,2.0,5,45,0.034365
A,RILP-Greedy,5,10,2.0,5,46,0.034616
A,RILP-Greedy,5,10,2.0,5,47,0.034085
A,RILP-Greedy,5,10,2.0,5,48,0.034415
A,RILP-Greedy,5,10,2.0,5,49,0.034611
A,RILP-Greedy,5,10,2.0,5,50,0.03441
A,RILP-Greedy,5,10,2.0,5,51,0.034314
A,Nam2023b,5,10,2.0,5,42,0.198227
A,Nam2023b,5,10,2.0,5,43,0.198154
A,Nam2023b,5,10,2.0,5,44,0.197642
A,Nam2023b,5,10,2.0,5,45,0.198525
A,Nam2023b,5,10,2.0,5,46,0.197955
A,Nam2023b,5,10,2.0,5,47,0.197937
A,Nam2023b,5,10,2.0,5,48,0.198892
A,Nam2023b,5,10,2.0,5,49,0.198159
A,Nam2023b,5,10,2.0,5,50,0.19811
A,Nam2023b,5,10,2.0,5,51,0.197553
A,Nam2025,5,10,2.0,5,42,0.033997
A,Nam2025,5,10,2.0,5,43,0.034496
A,Nam2025,5,10,2.0,5,44,0.034469
A,Nam2025,5,10,2.0,5,45,0.034365
A,Nam2025,5,10,2.0,5,46,0.034616
A,Nam2025,5,10,2.0,5,47,0.034085
A,Nam2025,5,10,2.0,5,48,0.034415
A,Nam2025,5,10,2.0,5,49,0.034611
A,Nam2025,5,10,2.0,5,50,0.03441
A,Nam2025,5,10,2.0,5,51,0.034314
A,Youn2026,5,10,2.0,5,42,0.033997
A,Youn2026,5,10,2.0,5,43,0.034496
A,Youn2026,5,10,2.0,5,44,0.034469
A,Youn2026,5,10,2.0,5,45,0.034365
A,Youn2026,5,10,2.0,5,46,0.034616
A,Youn2026,5,10,2.0,5,47,0.034085
A,Youn2026,5,10,2.0,5,48,0.034415
A,Youn2026,5,10,2.0,5,49,0.034611
A,Youn2026,5,10,2.0,5,50,0.03441
A,Youn2026,5,10,2.0,5,51,0.034314
A,V2I-Base,5,10,2.0,5,42,0.033997
A,V2I-Base,5,10,2.0,5,43,0.034496
A,V2I-Base,5,10,2.0,5,44,0.034469
A,V2I-Base,5,10,2.0,5,45,0.034365
A,V2I-Base,5,10,2.0,5,46,0.034616
A,V2I-Base,5,10,2.0,5,47,0.034085
A,V2I-Base,5,10,2.0,5,48,0.034415
A,V2I-Base,5,10,2.0,5,49,0.034611
A,V2I-Base,5,10,2.0,5,50,0.03441
A,V2I-Base,5,10,2.0,5,51,0.034314
A,V2V-Base,5,10,2.0,5,42,3.5e-05
A,V2V-Base,5,10,2.0,5,43,4.8e-05
A,V2V-Base,5,10,2.0,5,44,3.1e-05
A,V2V-Base,5,10,2.0,5,45,5.2e-05
A,V2V-Base,5,10,2.0,5,46,2.2e-05
A,V2V-Base,5,10,2.0,5,47,3e-05
A,V2V-Base,5,10,2.0,5,48,4.3e-05
A,V2V-Base,5,10,2.0,5,49,3.3e-05
A,V2V-Base,5,10,2.0,5,50,4.4e-05
A,V2V-Base,5,10,2.0,5,51,4.1e-05
A,Random-K,5,10,2.0,5,42,0.000792
A,Random-K,5,10,2.0,5,43,0.000725
A,Random-K,5,10,2.0,5,44,0.000694
A,Random-K,5,10,2.0,5,45,0.001058
A,Random-K,5,10,2.0,5,46,0.000913
A,Random-K,5,10,2.0,5,47,0.000856
A,Random-K,5,10,2.0,5,48,0.000854
A,Random-K,5,10,2.0,5,49,0.001099
A,Random-K,5,10,2.0,5,50,0.00083
A,Random-K,5,10,2.0,5,51,0.001141
A,RILP,5,10,3.0,5,42,0.033997
A,RILP,5,10,3.0,5,43,0.034496
A,RILP,5,10,3.0,5,44,0.034469
A,RILP,5,10,3.0,5,45,0.034365
A,RILP,5,10,3.0,5,46,0.034616
A,RILP,5,10,3.0,5,47,0.034085
A,RILP,5,10,3.0,5,48,0.034415
A,RILP,5,10,3.0,5,49,0.034611
A,RILP,5,10,3.0,5,50,0.03441
A,RILP,5,10,3.0,5,51,0.034314
A,RILP-Greedy,5,10,3.0,5,42,0.033997
A,RILP-Greedy,5,10,3.0,5,43,0.034496
A,RILP-Greedy,5,10,3.0,5,44,0.034469
A,RILP-Greedy,5,10,3.0,5,45,0.034365
A,RILP-Greedy,5,10,3.0,5,46,0.034616
A,RILP-Greedy,5,10,3.0,5,47,0.034085
A,RILP-Greedy,5,10,3.0,5,48,0.034415
A,RILP-Greedy,5,10,3.0,5,49,0.034611
A,RILP-Greedy,5,10,3.0,5,50,0.03441
A,RILP-Greedy,5,10,3.0,5,51,0.034314
A,Nam2023b,5,10,3.0,5,42,0.198227
A,Nam2023b,5,10,3.0,5,43,0.198154
A,Nam2023b,5,10,3.0,5,44,0.197642
A,Nam2023b,5,10,3.0,5,45,0.198525
A,Nam2023b,5,10,3.0,5,46,0.197955
A,Nam2023b,5,10,3.0,5,47,0.197937
A,Nam2023b,5,10,3.0,5,48,0.198892
A,Nam2023b,5,10,3.0,5,49,0.198159
A,Nam2023b,5,10,3.0,5,50,0.19811
A,Nam2023b,5,10,3.0,5,51,0.197553
A,Nam2025,5,10,3.0,5,42,0.033997
A,Nam2025,5,10,3.0,5,43,0.034496
A,Nam2025,5,10,3.0,5,44,0.034469
A,Nam2025,5,10,3.0,5,45,0.034365
A,Nam2025,5,10,3.0,5,46,0.034616
A,Nam2025,5,10,3.0,5,47,0.034085
A,Nam2025,5,10,3.0,5,48,0.034415
A,Nam2025,5,10,3.0,5,49,0.034611
A,Nam2025,5,10,3.0,5,50,0.03441
A,Nam2025,5,10,3.0,5,51,0.034314
A,Youn2026,5,10,3.0,5,42,0.033997
A,Youn2026,5,10,3.0,5,43,0.034496
A,Youn2026,5,10,3.0,5,44,0.034469
A,Youn2026,5,10,3.0,5,45,0.034365
A,Youn2026,5,10,3.0,5,46,0.034616
A,Youn2026,5,10,3.0,5,47,0.034085
A,Youn2026,5,10,3.0,5,48,0.034415
A,Youn2026,5,10,3.0,5,49,0.034611
A,Youn2026,5,10,3.0,5,50,0.03441
A,Youn2026,5,10,3.0,5,51,0.034314
A,V2I-Base,5,10,3.0,5,42,0.033997
A,V2I-Base,5,10,3.0,5,43,0.034496
A,V2I-Base,5,10,3.0,5,44,0.034469
A,V2I-Base,5,10,3.0,5,45,0.034365
A,V2I-Base,5,10,3.0,5,46,0.034616
A,V2I-Base,5,10,3.0,5,47,0.034085
A,V2I-Base,5,10,3.0,5,48,0.034415
A,V2I-Base,5,10,3.0,5,49,0.034611
A,V2I-Base,5,10,3.0,5,50,0.03441
A,V2I-Base,5,10,3.0,5,51,0.034314
A,V2V-Base,5,10,3.0,5,42,3.5e-05
A,V2V-Base,5,10,3.0,5,43,4.8e-05
A,V2V-Base,5,10,3.0,5,44,3.1e-05
A,V2V-Base,5,10,3.0,5,45,5.2e-05
A,V2V-Base,5,10,3.0,5,46,2.2e-05
A,V2V-Base,5,10,3.0,5,47,3e-05
A,V2V-Base,5,10,3.0,5,48,4.3e-05
A,V2V-Base,5,10,3.0,5,49,3.3e-05
A,V2V-Base,5,10,3.0,5,50,4.4e-05
A,V2V-Base,5,10,3.0,5,51,4.1e-05
A,Random-K,5,10,3.0,5,42,0.000792
A,Random-K,5,10,3.0,5,43,0.000725
A,Random-K,5,10,3.0,5,44,0.000694
A,Random-K,5,10,3.0,5,45,0.001058
A,Random-K,5,10,3.0,5,46,0.000913
A,Random-K,5,10,3.0,5,47,0.000856
A,Random-K,5,10,3.0,5,48,0.000854
A,Random-K,5,10,3.0,5,49,0.001099
A,Random-K,5,10,3.0,5,50,0.00083
A,Random-K,5,10,3.0,5,51,0.001141
A,RILP,5,20,0.0,5,42,0.033997
A,RILP,5,20,0.0,5,43,0.034496
A,RILP,5,20,0.0,5,44,0.034469
A,RILP,5,20,0.0,5,45,0.034365
A,RILP,5,20,0.0,5,46,0.034616
A,RILP,5,20,0.0,5,47,0.034085
A,RILP,5,20,0.0,5,48,0.034415
A,RILP,5,20,0.0,5,49,0.034611
A,RILP,5,20,0.0,5,50,0.03441
A,RILP,5,20,0.0,5,51,0.034314
A,RILP-Greedy,5,20,0.0,5,42,0.033997
A,RILP-Greedy,5,20,0.0,5,43,0.034496
A,RILP-Greedy,5,20,0.0,5,44,0.034469
A,RILP-Greedy,5,20,0.0,5,45,0.034365
A,RILP-Greedy,5,20,0.0,5,46,0.034616
A,RILP-Greedy,5,20,0.0,5,47,0.034085
A,RILP-Greedy,5,20,0.0,5,48,0.034415
A,RILP-Greedy,5,20,0.0,5,49,0.034611
A,RILP-Greedy,5,20,0.0,5,50,0.03441
A,RILP-Greedy,5,20,0.0,5,51,0.034314
A,Nam2023b,5,20,0.0,5,42,0.198227
A,Nam2023b,5,20,0.0,5,43,0.198154
A,Nam2023b,5,20,0.0,5,44,0.197642
A,Nam2023b,5,20,0.0,5,45,0.198525
A,Nam2023b,5,20,0.0,5,46,0.197955
A,Nam2023b,5,20,0.0,5,47,0.197937
A,Nam2023b,5,20,0.0,5,48,0.198892
A,Nam2023b,5,20,0.0,5,49,0.198159
A,Nam2023b,5,20,0.0,5,50,0.19811
A,Nam2023b,5,20,0.0,5,51,0.197553
A,Nam2025,5,20,0.0,5,42,0.033997
A,Nam2025,5,20,0.0,5,43,0.034496
A,Nam2025,5,20,0.0,5,44,0.034469
A,Nam2025,5,20,0.0,5,45,0.034365
A,Nam2025,5,20,0.0,5,46,0.034616
A,Nam2025,5,20,0.0,5,47,0.034085
A,Nam2025,5,20,0.0,5,48,0.034415
A,Nam2025,5,20,0.0,5,49,0.034611
A,Nam2025,5,20,0.0,5,50,0.03441
A,Nam2025,5,20,0.0,5,51,0.034314
A,Youn2026,5,20,0.0,5,42,0.033997
A,Youn2026,5,20,0.0,5,43,0.034496
A,Youn2026,5,20,0.0,5,44,0.034469
A,Youn2026,5,20,0.0,5,45,0.034365
A,Youn2026,5,20,0.0,5,46,0.034616
A,Youn2026,5,20,0.0,5,47,0.034085
A,Youn2026,5,20,0.0,5,48,0.034415
A,Youn2026,5,20,0.0,5,49,0.034611
A,Youn2026,5,20,0.0,5,50,0.03441
A,Youn2026,5,20,0.0,5,51,0.034314
A,V2I-Base,5,20,0.0,5,42,0.033997
A,V2I-Base,5,20,0.0,5,43,0.034496
A,V2I-Base,5,20,0.0,5,44,0.034469
A,V2I-Base,5,20,0.0,5,45,0.034365
A,V2I-Base,5,20,0.0,5,46,0.034616
A,V2I-Base,5,20,0.0,5,47,0.034085
A,V2I-Base,5,20,0.0,5,48,0.034415
A,V2I-Base,5,20,0.0,5,49,0.034611
A,V2I-Base,5,20,0.0,5,50,0.03441
A,V2I-Base,5,20,0.0,5,51,0.034314
A,V2V-Base,5,20,0.0,5,42,3.5e-05
A,V2V-Base,5,20,0.0,5,43,4.8e-05
A,V2V-Base,5,20,0.0,5,44,3.1e-05
A,V2V-Base,5,20,0.0,5,45,5.2e-05
A,V2V-Base,5,20,0.0,5,46,2.2e-05
A,V2V-Base,5,20,0.0,5,47,3e-05
A,V2V-Base,5,20,0.0,5,48,4.3e-05
A,V2V-Base,5,20,0.0,5,49,3.3e-05
A,V2V-Base,5,20,0.0,5,50,4.4e-05
A,V2V-Base,5,20,0.0,5,51,4.1e-05
A,Random-K,5,20,0.0,5,42,0.000792
A,Random-K,5,20,0.0,5,43,0.000725
A,Random-K,5,20,0.0,5,44,0.000694
A,Random-K,5,20,0.0,5,45,0.001058
A,Random-K,5,20,0.0,5,46,0.000913
A,Random-K,5,20,0.0,5,47,0.000856
A,Random-K,5,20,0.0,5,48,0.000854
A,Random-K,5,20,0.0,5,49,0.001099
A,Random-K,5,20,0.0,5,50,0.00083
A,Random-K,5,20,0.0,5,51,0.001141
A,RILP,5,20,1.0,5,42,0.033997
A,RILP,5,20,1.0,5,43,0.034496
A,RILP,5,20,1.0,5,44,0.034469
A,RILP,5,20,1.0,5,45,0.034365
A,RILP,5,20,1.0,5,46,0.034616
A,RILP,5,20,1.0,5,47,0.034085
A,RILP,5,20,1.0,5,48,0.034415
A,RILP,5,20,1.0,5,49,0.034611
A,RILP,5,20,1.0,5,50,0.03441
A,RILP,5,20,1.0,5,51,0.034314
A,RILP-Greedy,5,20,1.0,5,42,0.033997
A,RILP-Greedy,5,20,1.0,5,43,0.034496
A,RILP-Greedy,5,20,1.0,5,44,0.034469
A,RILP-Greedy,5,20,1.0,5,45,0.034365
A,RILP-Greedy,5,20,1.0,5,46,0.034616
A,RILP-Greedy,5,20,1.0,5,47,0.034085
A,RILP-Greedy,5,20,1.0,5,48,0.034415
A,RILP-Greedy,5,20,1.0,5,49,0.034611
A,RILP-Greedy,5,20,1.0,5,50,0.03441
A,RILP-Greedy,5,20,1.0,5,51,0.034314
A,Nam2023b,5,20,1.0,5,42,0.198227
A,Nam2023b,5,20,1.0,5,43,0.198154
A,Nam2023b,5,20,1.0,5,44,0.197642
A,Nam2023b,5,20,1.0,5,45,0.198525
A,Nam2023b,5,20,1.0,5,46,0.197955
A,Nam2023b,5,20,1.0,5,47,0.197937
A,Nam2023b,5,20,1.0,5,48,0.198892
A,Nam2023b,5,20,1.0,5,49,0.198159
A,Nam2023b,5,20,1.0,5,50,0.19811
A,Nam2023b,5,20,1.0,5,51,0.197553
A,Nam2025,5,20,1.0,5,42,0.033997
A,Nam2025,5,20,1.0,5,43,0.034496
A,Nam2025,5,20,1.0,5,44,0.034469
A,Nam2025,5,20,1.0,5,45,0.034365
A,Nam2025,5,20,1.0,5,46,0.034616
A,Nam2025,5,20,1.0,5,47,0.034085
A,Nam2025,5,20,1.0,5,48,0.034415
A,Nam2025,5,20,1.0,5,49,0.034611
A,Nam2025,5,20,1.0,5,50,0.03441
A,Nam2025,5,20,1.0,5,51,0.034314
A,Youn2026,5,20,1.0,5,42,0.033997
A,Youn2026,5,20,1.0,5,43,0.034496
A,Youn2026,5,20,1.0,5,44,0.034469
A,Youn2026,5,20,1.0,5,45,0.034365
A,Youn2026,5,20,1.0,5,46,0.034616
A,Youn2026,5,20,1.0,5,47,0.034085
A,Youn2026,5,20,1.0,5,48,0.034415
A,Youn2026,5,20,1.0,5,49,0.034611
A,Youn2026,5,20,1.0,5,50,0.03441
A,Youn2026,5,20,1.0,5,51,0.034314
A,V2I-Base,5,20,1.0,5,42,0.033997
A,V2I-Base,5,20,1.0,5,43,0.034496
A,V2I-Base,5,20,1.0,5,44,0.034469
A,V2I-Base,5,20,1.0,5,45,0.034365
A,V2I-Base,5,20,1.0,5,46,0.034616
A,V2I-Base,5,20,1.0,5,47,0.034085
A,V2I-Base,5,20,1.0,5,48,0.034415
A,V2I-Base,5,20,1.0,5,49,0.034611
A,V2I-Base,5,20,1.0,5,50,0.03441
A,V2I-Base,5,20,1.0,5,51,0.034314
A,V2V-Base,5,20,1.0,5,42,3.5e-05
A,V2V-Base,5,20,1.0,5,43,4.8e-05
A,V2V-Base,5,20,1.0,5,44,3.1e-05
A,V2V-Base,5,20,1.0,5,45,5.2e-05
A,V2V-Base,5,20,1.0,5,46,2.2e-05
A,V2V-Base,5,20,1.0,5,47,3e-05
A,V2V-Base,5,20,1.0,5,48,4.3e-05
A,V2V-Base,5,20,1.0,5,49,3.3e-05
A,V2V-Base,5,20,1.0,5,50,4.4e-05
A,V2V-Base,5,20,1.0,5,51,4.1e-05
A,Random-K,5,20,1.0,5,42,0.000792
A,Random-K,5,20,1.0,5,43,0.000725
A,Random-K,5,20,1.0,5,44,0.000694
A,Random-K,5,20,1.0,5,45,0.001058
A,Random-K,5,20,1.0,5,46,0.000913
A,Random-K,5,20,1.0,5,47,0.000856
A,Random-K,5,20,1.0,5,48,0.000854
A,Random-K,5,20,1.0,5,49,0.001099
A,Random-K,5,20,1.0,5,50,0.00083
A,Random-K,5,20,1.0,5,51,0.001141
A,RILP,5,20,2.0,5,42,0.033997
A,RILP,5,20,2.0,5,43,0.034496
A,RILP,5,20,2.0,5,44,0.034469
A,RILP,5,20,2.0,5,45,0.034365
A,RILP,5,20,2.0,5,46,0.034616
A,RILP,5,20,2.0,5,47,0.034085
A,RILP,5,20,2.0,5,48,0.034415
A,RILP,5,20,2.0,5,49,0.034611
A,RILP,5,20,2.0,5,50,0.03441
A,RILP,5,20,2.0,5,51,0.034314
A,RILP-Greedy,5,20,2.0,5,42,0.033997
A,RILP-Greedy,5,20,2.0,5,43,0.034496
A,RILP-Greedy,5,20,2.0,5,44,0.034469
A,RILP-Greedy,5,20,2.0,5,45,0.034365
A,RILP-Greedy,5,20,2.0,5,46,0.034616
A,RILP-Greedy,5,20,2.0,5,47,0.034085
A,RILP-Greedy,5,20,2.0,5,48,0.034415
A,RILP-Greedy,5,20,2.0,5,49,0.034611
A,RILP-Greedy,5,20,2.0,5,50,0.03441
A,RILP-Greedy,5,20,2.0,5,51,0.034314
A,Nam2023b,5,20,2.0,5,42,0.198227
A,Nam2023b,5,20,2.0,5,43,0.198154
A,Nam2023b,5,20,2.0,5,44,0.197642
A,Nam2023b,5,20,2.0,5,45,0.198525
A,Nam2023b,5,20,2.0,5,46,0.197955
A,Nam2023b,5,20,2.0,5,47,0.197937
A,Nam2023b,5,20,2.0,5,48,0.198892
A,Nam2023b,5,20,2.0,5,49,0.198159
A,Nam2023b,5,20,2.0,5,50,0.19811
A,Nam2023b,5,20,2.0,5,51,0.197553
A,Nam2025,5,20,2.0,5,42,0.033997
A,Nam2025,5,20,2.0,5,43,0.034496
A,Nam2025,5,20,2.0,5,44,0.034469
A,Nam2025,5,20,2.0,5,45,0.034365
A,Nam2025,5,20,2.0,5,46,0.034616
A,Nam2025,5,20,2.0,5,47,0.034085
A,Nam2025,5,20,2.0,5,48,0.034415
A,Nam2025,5,20,2.0,5,49,0.034611
A,Nam2025,5,20,2.0,5,50,0.03441
A,Nam2025,5,20,2.0,5,51,0.034314
A,Youn2026,5,20,2.0,5,42,0.033997
A,Youn2026,5,20,2.0,5,43,0.034496
A,Youn2026,5,20,2.0,5,44,0.034469
A,Youn2026,5,20,2.0,5,45,0.034365
A,Youn2026,5,20,2.0,5,46,0.034616
A,Youn2026,5,20,2.0,5,47,0.034085
A,Youn2026,5,20,2.0,5,48,0.034415
A,Youn2026,5,20,2.0,5,49,0.034611
A,Youn2026,5,20,2.0,5,50,0.03441
A,Youn2026,5,20,2.0,5,51,0.034314
A,V2I-Base,5,20,2.0,5,42,0.033997
A,V2I-Base,5,20,2.0,5,43,0.034496
A,V2I-Base,5,20,2.0,5,44,0.034469
A,V2I-Base,5,20,2.0,5,45,0.034365
A,V2I-Base,5,20,2.0,5,46,0.034616
A,V2I-Base,5,20,2.0,5,47,0.034085
A,V2I-Base,5,20,2.0,5,48,0.034415
A,V2I-Base,5,20,2.0,5,49,0.034611
A,V2I-Base,5,20,2.0,5,50,0.03441
A,V2I-Base,5,20,2.0,5,51,0.034314
A,V2V-Base,5,20,2.0,5,42,3.5e-05
A,V2V-Base,5,20,2.0,5,43,4.8e-05
A,V2V-Base,5,20,2.0,5,44,3.1e-05
A,V2V-Base,5,20,2.0,5,45,5.2e-05
A,V2V-Base,5,20,2.0,5,46,2.2e-05
A,V2V-Base,5,20,2.0,5,47,3e-05
A,V2V-Base,5,20,2.0,5,48,4.3e-05
A,V2V-Base,5,20,2.0,5,49,3.3e-05
A,V2V-Base,5,20,2.0,5,50,4.4e-05
A,V2V-Base,5,20,2.0,5,51,4.1e-05
A,Random-K,5,20,2.0,5,42,0.000792
A,Random-K,5,20,2.0,5,43,0.000725
A,Random-K,5,20,2.0,5,44,0.000694
A,Random-K,5,20,2.0,5,45,0.001058
A,Random-K,5,20,2.0,5,46,0.000913
A,Random-K,5,20,2.0,5,47,0.000856
A,Random-K,5,20,2.0,5,48,0.000854
A,Random-K,5,20,2.0,5,49,0.001099
A,Random-K,5,20,2.0,5,50,0.00083
A,Random-K,5,20,2.0,5,51,0.001141
A,RILP,5,20,3.0,5,42,0.033997
A,RILP,5,20,3.0,5,43,0.034496
A,RILP,5,20,3.0,5,44,0.034469
A,RILP,5,20,3.0,5,45,0.034365
A,RILP,5,20,3.0,5,46,0.034616
A,RILP,5,20,3.0,5,47,0.034085
A,RILP,5,20,3.0,5,48,0.034415
A,RILP,5,20,3.0,5,49,0.034611
A,RILP,5,20,3.0,5,50,0.03441
A,RILP,5,20,3.0,5,51,0.034314
A,RILP-Greedy,5,20,3.0,5,42,0.033997
A,RILP-Greedy,5,20,3.0,5,43,0.034496
A,RILP-Greedy,5,20,3.0,5,44,0.034469
A,RILP-Greedy,5,20,3.0,5,45,0.034365
A,RILP-Greedy,5,20,3.0,5,46,0.034616
A,RILP-Greedy,5,20,3.0,5,47,0.034085
A,RILP-Greedy,5,20,3.0,5,48,0.034415
A,RILP-Greedy,5,20,3.0,5,49,0.034611
A,RILP-Greedy,5,20,3.0,5,50,0.03441
A,RILP-Greedy,5,20,3.0,5,51,0.034314
A,Nam2023b,5,20,3.0,5,42,0.198227
A,Nam2023b,5,20,3.0,5,43,0.198154
A,Nam2023b,5,20,3.0,5,44,0.197642
A,Nam2023b,5,20,3.0,5,45,0.198525
A,Nam2023b,5,20,3.0,5,46,0.197955
A,Nam2023b,5,20,3.0,5,47,0.197937
A,Nam2023b,5,20,3.0,5,48,0.198892
A,Nam2023b,5,20,3.0,5,49,0.198159
A,Nam2023b,5,20,3.0,5,50,0.19811
A,Nam2023b,5,20,3.0,5,51,0.197553
A,Nam2025,5,20,3.0,5,42,0.033997
A,Nam2025,5,20,3.0,5,43,0.034496
A,Nam2025,5,20,3.0,5,44,0.034469
A,Nam2025,5,20,3.0,5,45,0.034365
A,Nam2025,5,20,3.0,5,46,0.034616
A,Nam2025,5,20,3.0,5,47,0.034085
A,Nam2025,5,20,3.0,5,48,0.034415
A,Nam2025,5,20,3.0,5,49,0.034611
A,Nam2025,5,20,3.0,5,50,0.03441
A,Nam2025,5,20,3.0,5,51,0.034314
A,Youn2026,5,20,3.0,5,42,0.033997
A,Youn2026,5,20,3.0,5,43,0.034496
A,Youn2026,5,20,3.0,5,44,0.034469
A,Youn2026,5,20,3.0,5,45,0.034365
A,Youn2026,5,20,3.0,5,46,0.034616
A,Youn2026,5,20,3.0,5,47,0.034085
A,Youn2026,5,20,3.0,5,48,0.034415
A,Youn2026,5,20,3.0,5,49,0.034611
A,Youn2026,5,20,3.0,5,50,0.03441
A,Youn2026,5,20,3.0,5,51,0.034314
A,V2I-Base,5,20,3.0,5,42,0.033997
A,V2I-Base,5,20,3.0,5,43,0.034496
A,V2I-Base,5,20,3.0,5,44,0.034469
A,V2I-Base,5,20,3.0,5,45,0.034365
A,V2I-Base,5,20,3.0,5,46,0.034616
A,V2I-Base,5,20,3.0,5,47,0.034085
A,V2I-Base,5,20,3.0,5,48,0.034415
A,V2I-Base,5,20,3.0,5,49,0.034611
A,V2I-Base,5,20,3.0,5,50,0.03441
A,V2I-Base,5,20,3.0,5,51,0.034314
A,V2V-Base,5,20,3.0,5,42,3.5e-05
A,V2V-Base,5,20,3.0,5,43,4.8e-05
A,V2V-Base,5,20,3.0,5,44,3.1e-05
A,V2V-Base,5,20,3.0,5,45,5.2e-05
A,V2V-Base,5,20,3.0,5,46,2.2e-05
A,V2V-Base,5,20,3.0,5,47,3e-05
A,V2V-Base,5,20,3.0,5,48,4.3e-05
A,V2V-Base,5,20,3.0,5,49,3.3e-05
A,V2V-Base,5,20,3.0,5,50,4.4e-05
A,V2V-Base,5,20,3.0,5,51,4.1e-05
A,Random-K,5,20,3.0,5,42,0.000792
A,Random-K,5,20,3.0,5,43,0.000725
A,Random-K,5,20,3.0,5,44,0.000694
A,Random-K,5,20,3.0,5,45,0.001058
A,Random-K,5,20,3.0,5,46,0.000913
A,Random-K,5,20,3.0,5,47,0.000856
A,Random-K,5,20,3.0,5,48,0.000854
A,Random-K,5,20,3.0,5,49,0.001099
A,Random-K,5,20,3.0,5,50,0.00083
A,Random-K,5,20,3.0,5,51,0.001141
A,RILP,5,30,0.0,5,42,0.033997
A,RILP,5,30,0.0,5,43,0.034496
A,RILP,5,30,0.0,5,44,0.034469
A,RILP,5,30,0.0,5,45,0.034365
A,RILP,5,30,0.0,5,46,0.034616
A,RILP,5,30,0.0,5,47,0.034085
A,RILP,5,30,0.0,5,48,0.034415
A,RILP,5,30,0.0,5,49,0.034611
A,RILP,5,30,0.0,5,50,0.03441
A,RILP,5,30,0.0,5,51,0.034314
A,RILP-Greedy,5,30,0.0,5,42,0.033997
A,RILP-Greedy,5,30,0.0,5,43,0.034496
A,RILP-Greedy,5,30,0.0,5,44,0.034469
A,RILP-Greedy,5,30,0.0,5,45,0.034365
A,RILP-Greedy,5,30,0.0,5,46,0.034616
A,RILP-Greedy,5,30,0.0,5,47,0.034085
A,RILP-Greedy,5,30,0.0,5,48,0.034415
A,RILP-Greedy,5,30,0.0,5,49,0.034611
A,RILP-Greedy,5,30,0.0,5,50,0.03441
A,RILP-Greedy,5,30,0.0,5,51,0.034314
A,Nam2023b,5,30,0.0,5,42,0.198227
A,Nam2023b,5,30,0.0,5,43,0.198154
A,Nam2023b,5,30,0.0,5,44,0.197642
A,Nam2023b,5,30,0.0,5,45,0.198525
A,Nam2023b,5,30,0.0,5,46,0.197955
A,Nam2023b,5,30,0.0,5,47,0.197937
A,Nam2023b,5,30,0.0,5,48,0.198892
A,Nam2023b,5,30,0.0,5,49,0.198159
A,Nam2023b,5,30,0.0,5,50,0.19811
A,Nam2023b,5,30,0.0,5,51,0.197553
A,Nam2025,5,30,0.0,5,42,0.033997
A,Nam2025,5,30,0.0,5,43,0.034496
A,Nam2025,5,30,0.0,5,44,0.034469
A,Nam2025,5,30,0.0,5,45,0.034365
A,Nam2025,5,30,0.0,5,46,0.034616
A,Nam2025,5,30,0.0,5,47,0.034085
A,Nam2025,5,30,0.0,5,48,0.034415
A,Nam2025,5,30,0.0,5,49,0.034611
A,Nam2025,5,30,0.0,5,50,0.03441
A,Nam2025,5,30,0.0,5,51,0.034314
A,Youn2026,5,30,0.0,5,42,0.033997
A,Youn2026,5,30,0.0,5,43,0.034496
A,Youn2026,5,30,0.0,5,44,0.034469
A,Youn2026,5,30,0.0,5,45,0.034365
A,Youn2026,5,30,0.0,5,46,0.034616
A,Youn2026,5,30,0.0,5,47,0.034085
A,Youn2026,5,30,0.0,5,48,0.034415
A,Youn2026,5,30,0.0,5,49,0.034611
A,Youn2026,5,30,0.0,5,50,0.03441
A,Youn2026,5,30,0.0,5,51,0.034314
A,V2I-Base,5,30,0.0,5,42,0.033997
A,V2I-Base,5,30,0.0,5,43,0.034496
A,V2I-Base,5,30,0.0,5,44,0.034469
A,V2I-Base,5,30,0.0,5,45,0.034365
A,V2I-Base,5,30,0.0,5,46,0.034616
A,V2I-Base,5,30,0.0,5,47,0.034085
A,V2I-Base,5,30,0.0,5,48,0.034415
A,V2I-Base,5,30,0.0,5,49,0.034611
A,V2I-Base,5,30,0.0,5,50,0.03441
A,V2I-Base,5,30,0.0,5,51,0.034314
A,V2V-Base,5,30,0.0,5,42,3.5e-05
A,V2V-Base,5,30,0.0,5,43,4.8e-05
A,V2V-Base,5,30,0.0,5,44,3.1e-05
A,V2V-Base,5,30,0.0,5,45,5.2e-05
A,V2V-Base,5,30,0.0,5,46,2.2e-05
A,V2V-Base,5,30,0.0,5,47,3e-05
A,V2V-Base,5,30,0.0,5,48,4.3e-05
A,V2V-Base,5,30,0.0,5,49,3.3e-05
A,V2V-Base,5,30,0.0,5,50,4.4e-05
A,V2V-Base,5,30,0.0,5,51,4.1e-05
A,Random-K,5,30,0.0,5,42,0.000792
A,Random-K,5,30,0.0,5,43,0.000725
A,Random-K,5,30,0.0,5,44,0.000694
A,Random-K,5,30,0.0,5,45,0.001058
A,Random-K,5,30,0.0,5,46,0.000913
A,Random-K,5,30,0.0,5,47,0.000856
A,Random-K,5,30,0.0,5,48,0.000854
A,Random-K,5,30,0.0,5,49,0.001099
A,Random-K,5,30,0.0,5,50,0.00083
A,Random-K,5,30,0.0,5,51,0.001141
A,RILP,5,30,1.0,5,42,0.033997
A,RILP,5,30,1.0,5,43,0.034496
A,RILP,5,30,1.0,5,44,0.034469
A,RILP,5,30,1.0,5,45,0.034365
A,RILP,5,30,1.0,5,46,0.034616
A,RILP,5,30,1.0,5,47,0.034085
A,RILP,5,30,1.0,5,48,0.034415
A,RILP,5,30,1.0,5,49,0.034611
A,RILP,5,30,1.0,5,50,0.03441
A,RILP,5,30,1.0,5,51,0.034314
A,RILP-Greedy,5,30,1.0,5,42,0.033997
A,RILP-Greedy,5,30,1.0,5,43,0.034496
A,RILP-Greedy,5,30,1.0,5,44,0.034469
A,RILP-Greedy,5,30,1.0,5,45,0.034365
A,RILP-Greedy,5,30,1.0,5,46,0.034616
A,RILP-Greedy,5,30,1.0,5,47,0.034085
A,RILP-Greedy,5,30,1.0,5,48,0.034415
A,RILP-Greedy,5,30,1.0,5,49,0.034611
A,RILP-Greedy,5,30,1.0,5,50,0.03441
A,RILP-Greedy,5,30,1.0,5,51,0.034314
A,Nam2023b,5,30,1.0,5,42,0.198227
A,Nam2023b,5,30,1.0,5,43,0.198154
A,Nam2023b,5,30,1.0,5,44,0.197642
A,Nam2023b,5,30,1.0,5,45,0.198525
A,Nam2023b,5,30,1.0,5,46,0.197955
A,Nam2023b,5,30,1.0,5,47,0.197937
A,Nam2023b,5,30,1.0,5,48,0.198892
A,Nam2023b,5,30,1.0,5,49,0.198159
A,Nam2023b,5,30,1.0,5,50,0.19811
A,Nam2023b,5,30,1.0,5,51,0.197553
A,Nam2025,5,30,1.0,5,42,0.033997
A,Nam2025,5,30,1.0,5,43,0.034496
A,Nam2025,5,30,1.0,5,44,0.034469
A,Nam2025,5,30,1.0,5,45,0.034365
A,Nam2025,5,30,1.0,5,46,0.034616
A,Nam2025,5,30,1.0,5,47,0.034085
A,Nam2025,5,30,1.0,5,48,0.034415
A,Nam2025,5,30,1.0,5,49,0.034611
A,Nam2025,5,30,1.0,5,50,0.03441
A,Nam2025,5,30,1.0,5,51,0.034314
A,Youn2026,5,30,1.0,5,42,0.033997
A,Youn2026,5,30,1.0,5,43,0.034496
A,Youn2026,5,30,1.0,5,44,0.034469
A,Youn2026,5,30,1.0,5,45,0.034365
A,Youn2026,5,30,1.0,5,46,0.034616
A,Youn2026,5,30,1.0,5,47,0.034085
A,Youn2026,5,30,1.0,5,48,0.034415
A,Youn2026,5,30,1.0,5,49,0.034611
A,Youn2026,5,30,1.0,5,50,0.03441
A,Youn2026,5,30,1.0,5,51,0.034314
A,V2I-Base,5,30,1.0,5,42,0.033997
A,V2I-Base,5,30,1.0,5,43,0.034496
A,V2I-Base,5,30,1.0,5,44,0.034469
A,V2I-Base,5,30,1.0,5,45,0.034365
A,V2I-Base,5,30,1.0,5,46,0.034616
A,V2I-Base,5,30,1.0,5,47,0.034085
A,V2I-Base,5,30,1.0,5,48,0.034415
A,V2I-Base,5,30,1.0,5,49,0.034611
A,V2I-Base,5,30,1.0,5,50,0.03441
A,V2I-Base,5,30,1.0,5,51,0.034314
A,V2V-Base,5,30,1.0,5,42,3.5e-05
A,V2V-Base,5,30,1.0,5,43,4.8e-05
A,V2V-Base,5,30,1.0,5,44,3.1e-05
A,V2V-Base,5,30,1.0,5,45,5.2e-05
A,V2V-Base,5,30,1.0,5,46,2.2e-05
A,V2V-Base,5,30,1.0,5,47,3e-05
A,V2V-Base,5,30,1.0,5,48,4.3e-05
A,V2V-Base,5,30,1.0,5,49,3.3e-05
A,V2V-Base,5,30,1.0,5,50,4.4e-05
A,V2V-Base,5,30,1.0,5,51,4.1e-05
A,Random-K,5,30,1.0,5,42,0.000792
A,Random-K,5,30,1.0,5,43,0.000725
A,Random-K,5,30,1.0,5,44,0.000694
A,Random-K,5,30,1.0,5,45,0.001058
A,Random-K,5,30,1.0,5,46,0.000913
A,Random-K,5,30,1.0,5,47,0.000856
A,Random-K,5,30,1.0,5,48,0.000854
A,Random-K,5,30,1.0,5,49,0.001099
A,Random-K,5,30,1.0,5,50,0.00083
A,Random-K,5,30,1.0,5,51,0.001141
A,RILP,5,30,2.0,5,42,0.033997
A,RILP,5,30,2.0,5,43,0.034496
A,RILP,5,30,2.0,5,44,0.034469
A,RILP,5,30,2.0,5,45,0.034365
A,RILP,5,30,2.0,5,46,0.034616
A,RILP,5,30,2.0,5,47,0.034085
A,RILP,5,30,2.0,5,48,0.034415
A,RILP,5,30,2.0,5,49,0.034611
A,RILP,5,30,2.0,5,50,0.03441
A,RILP,5,30,2.0,5,51,0.034314
A,RILP-Greedy,5,30,2.0,5,42,0.033997
A,RILP-Greedy,5,30,2.0,5,43,0.034496
A,RILP-Greedy,5,30,2.0,5,44,0.034469
A,RILP-Greedy,5,30,2.0,5,45,0.034365
A,RILP-Greedy,5,30,2.0,5,46,0.034616
A,RILP-Greedy,5,30,2.0,5,47,0.034085
A,RILP-Greedy,5,30,2.0,5,48,0.034415
A,RILP-Greedy,5,30,2.0,5,49,0.034611
A,RILP-Greedy,5,30,2.0,5,50,0.03441
A,RILP-Greedy,5,30,2.0,5,51,0.034314
A,Nam2023b,5,30,2.0,5,42,0.198227
A,Nam2023b,5,30,2.0,5,43,0.198154
A,Nam2023b,5,30,2.0,5,44,0.197642
A,Nam2023b,5,30,2.0,5,45,0.198525
A,Nam2023b,5,30,2.0,5,46,0.197955
A,Nam2023b,5,30,2.0,5,47,0.197937
A,Nam2023b,5,30,2.0,5,48,0.198892
A,Nam2023b,5,30,2.0,5,49,0.198159
A,Nam2023b,5,30,2.0,5,50,0.19811
A,Nam2023b,5,30,2.0,5,51,0.197553
A,Nam2025,5,30,2.0,5,42,0.033997
A,Nam2025,5,30,2.0,5,43,0.034496
A,Nam2025,5,30,2.0,5,44,0.034469
A,Nam2025,5,30,2.0,5,45,0.034365
A,Nam2025,5,30,2.0,5,46,0.034616
A,Nam2025,5,30,2.0,5,47,0.034085
A,Nam2025,5,30,2.0,5,48,0.034415
A,Nam2025,5,30,2.0,5,49,0.034611
A,Nam2025,5,30,2.0,5,50,0.03441
A,Nam2025,5,30,2.0,5,51,0.034314
A,Youn2026,5,30,2.0,5,42,0.033997
A,Youn2026,5,30,2.0,5,43,0.034496
A,Youn2026,5,30,2.0,5,44,0.034469
A,Youn2026,5,30,2.0,5,45,0.034365
A,Youn2026,5,30,2.0,5,46,0.034616
A,Youn2026,5,30,2.0,5,47,0.034085
A,Youn2026,5,30,2.0,5,48,0.034415
A,Youn2026,5,30,2.0,5,49,0.034611
A,Youn2026,5,30,2.0,5,50,0.03441
A,Youn2026,5,30,2.0,5,51,0.034314
A,V2I-Base,5,30,2.0,5,42,0.033997
A,V2I-Base,5,30,2.0,5,43,0.034496
A,V2I-Base,5,30,2.0,5,44,0.034469
A,V2I-Base,5,30,2.0,5,45,0.034365
A,V2I-Base,5,30,2.0,5,46,0.034616
A,V2I-Base,5,30,2.0,5,47,0.034085
A,V2I-Base,5,30,2.0,5,48,0.034415
A,V2I-Base,5,30,2.0,5,49,0.034611
A,V2I-Base,5,30,2.0,5,50,0.03441
A,V2I-Base,5,30,2.0,5,51,0.034314
A,V2V-Base,5,30,2.0,5,42,3.5e-05
A,V2V-Base,5,30,2.0,5,43,4.8e-05
A,V2V-Base,5,30,2.0,5,44,3.1e-05
A,V2V-Base,5,30,2.0,5,45,5.2e-05
A,V2V-Base,5,30,2.0,5,46,2.2e-05
A,V2V-Base,5,30,2.0,5,47,3e-05
A,V2V-Base,5,30,2.0,5,48,4.3e-05
A,V2V-Base,5,30,2.0,5,49,3.3e-05
A,V2V-Base,5,30,2.0,5,50,4.4e-05
A,V2V-Base,5,30,2.0,5,51,4.1e-05
A,Random-K,5,30,2.0,5,42,0.000792
A,Random-K,5,30,2.0,5,43,0.000725
A,Random-K,5,30,2.0,5,44,0.000694
A,Random-K,5,30,2.0,5,45,0.001058
A,Random-K,5,30,2.0,5,46,0.000913
A,Random-K,5,30,2.0,5,47,0.000856
A,Random-K,5,30,2.0,5,48,0.000854
A,Random-K,5,30,2.0,5,49,0.001099
A,Random-K,5,30,2.0,5,50,0.00083
A,Random-K,5,30,2.0,5,51,0.001141
A,RILP,5,30,3.0,5,42,0.033997
A,RILP,5,30,3.0,5,43,0.034496
A,RILP,5,30,3.0,5,44,0.034469
A,RILP,5,30,3.0,5,45,0.034365
A,RILP,5,30,3.0,5,46,0.034616
A,RILP,5,30,3.0,5,47,0.034085
A,RILP,5,30,3.0,5,48,0.034415
A,RILP,5,30,3.0,5,49,0.034611
A,RILP,5,30,3.0,5,50,0.03441
A,RILP,5,30,3.0,5,51,0.034314
A,RILP-Greedy,5,30,3.0,5,42,0.033997
A,RILP-Greedy,5,30,3.0,5,43,0.034496
A,RILP-Greedy,5,30,3.0,5,44,0.034469
A,RILP-Greedy,5,30,3.0,5,45,0.034365
A,RILP-Greedy,5,30,3.0,5,46,0.034616
A,RILP-Greedy,5,30,3.0,5,47,0.034085
A,RILP-Greedy,5,30,3.0,5,48,0.034415
A,RILP-Greedy,5,30,3.0,5,49,0.034611
A,RILP-Greedy,5,30,3.0,5,50,0.03441
A,RILP-Greedy,5,30,3.0,5,51,0.034314
A,Nam2023b,5,30,3.0,5,42,0.198227
A,Nam2023b,5,30,3.0,5,43,0.198154
A,Nam2023b,5,30,3.0,5,44,0.197642
A,Nam2023b,5,30,3.0,5,45,0.198525
A,Nam2023b,5,30,3.0,5,46,0.197955
A,Nam2023b,5,30,3.0,5,47,0.197937
A,Nam2023b,5,30,3.0,5,48,0.198892
A,Nam2023b,5,30,3.0,5,49,0.198159
A,Nam2023b,5,30,3.0,5,50,0.19811
A,Nam2023b,5,30,3.0,5,51,0.197999
A,Nam2025,5,30,3.0,5,42,0.034203
A,Nam2025,5,30,3.0,5,43,0.03416
A,Nam2025,5,30,3.0,5,44,0.034107
A,Nam2025,5,30,3.0,5,45,0.034166
A,Nam2025,5,30,3.0,5,46,0.034167
A,Nam2025,5,30,3.0,5,47,0.034179
A,Nam2025,5,30,3.0,5,48,0.034037
A,Nam2025,5,30,3.0,5,49,0.034084
A,Nam2025,5,30,3.0,5,50,0.034126
A,Nam2025,5,30,3.0,5,51,0.034274
A,Youn2026,5,30,3.0,5,42,0.034203
A,Youn2026,5,30,3.0,5,43,0.03416
A,Youn2026,5,30,3.0,5,44,0.034107
A,Youn2026,5,30,3.0,5,45,0.034166
A,Youn2026,5,30,3.0,5,46,0.034167
A,Youn2026,5,30,3.0,5,47,0.034179
A,Youn2026,5,30,3.0,5,48,0.034037
A,Youn2026,5,30,3.0,5,49,0.034084
A,Youn2026,5,30,3.0,5,50,0.034126
A,Youn2026,5,30,3.0,5,51,0.034274
A,V2I-Base,5,30,3.0,5,42,0.034203
A,V2I-Base,5,30,3.0,5,43,0.03416
A,V2I-Base,5,30,3.0,5,44,0.034107
A,V2I-Base,5,30,3.0,5,45,0.034166
A,V2I-Base,5,30,3.0,5,46,0.034167
A,V2I-Base,5,30,3.0,5,47,0.034179
A,V2I-Base,5,30,3.0,5,48,0.034037
A,V2I-Base,5,30,3.0,5,49,0.034084
A,V2I-Base,5,30,3.0,5,50,0.034126
A,V2I-Base,5,30,3.0,5,51,0.034274
A,V2V-Base,5,30,3.0,5,42,4e-06
A,V2V-Base,5,30,3.0,5,43,4e-06
A,V2V-Base,5,30,3.0,5,44,3e-06
A,V2V-Base,5,30,3.0,5,45,4e-06
A,V2V-Base,5,30,3.0,5,46,3e-06
A,V2V-Base,5,30,3.0,5,47,8e-06
A,V2V-Base,5,30,3.0,5,48,4e-06
A,V2V-Base,5,30,3.0,5,49,2e-06
A,V2V-Base,5,30,3.0,5,50,4e-06
A,V2V-Base,5,30,3.0,5,51,4e-06
A,Random-K,5,30,3.0,5,42,8.5e-05
A,Random-K,5,30,3.0,5,43,8.8e-05
A,Random-K,5,30,3.0,5,44,7.8e-05
A,Random-K,5,30,3.0,5,45,0.000112
A,Random-K,5,30,3.0,5,46,0.000104
A,Random-K,5,30,3.0,5,47,0.000132
A,Random-K,5,30,3.0,5,48,0.000119
A,Random-K,5,30,3.0,5,49,0.000107
A,Random-K,5,30,3.0,5,50,8.2e-05
A,Random-K,5,30,3.0,5,51,0.00011
