scenario,algorithm,density,pred_error_pct,gamma,tau_max,seed,CHR
A,RILP,1,0,0.0,5,42,0.438396
A,RILP,1,0,0.0,5,43,0.43822
A,RILP,1,0,0.0,5,44,0.43827
A,RILP,1,0,0.0,5,45,0.43831
A,RILP,1,0,0.0,5,46,0.438395
A,RILP,1,0,0.0,5,47,0.438083
A,RILP,1,0,0.0,5,48,0.438504
A,RILP,1,0,0.0,5,49,0.438457
A,RILP,1,0,0.0,5,50,0.438305
A,RILP,1,0,0.0,5,51,0.438333
A,RILP-Greedy,1,0,0.0,5,42,0.438396
A,RILP-Greedy,1,0,0.0,5,43,0.43822
A,RILP-Greedy,1,0,0.0,5,44,0.43827
A,RILP-Greedy,1,0,0.0,5,45,0.43831
A,RILP-Greedy,1,0,0.0,5,46,0.438395
A,RILP-Greedy,1,0,0.0,5,47,0.438083
A,RILP-Greedy,1,0,0.0,5,48,0.438504
A,RILP-Greedy,1,0,0.0,5,49,0.438457
A,RILP-Greedy,1,0,0.0,5,50,0.438305
A,RILP-Greedy,1,0,0.0,5,51,0.438333
A,Nam2023b,1,0,0.0,5,42,0.291536
A,Nam2023b,1,0,0.0,5,43,0.291415
A,Nam2023b,1,0,0.0,5,44,0.291219
A,Nam2023b,1,0,0.0,5,45,0.291346
A,Nam2023b,1,0,0.0,5,46,0.29154
A,Nam2023b,1,0,0.0,5,47,0.291328
A,Nam2023b,1,0,0.0,5,48,0.291685
A,Nam2023b,1,0,0.0,5,49,0.291452
A,Nam2023b,1,0,0.0,5,50,0.291254
A,Nam2023b,1,0,0.0,5,51,0.291373
A,Nam2025,1,0,0.0,5,42,0.438396
A,Nam2025,1,0,0.0,5,43,0.43822
A,Nam2025,1,0,0.0,5,44,0.43827
A,Nam2025,1,0,0.0,5,45,0.43831
A,Nam2025,1,0,0.0,5,46,0.438395
A,Nam2025,1,0,0.0,5,47,0.438083
A,Nam2025,1,0,0.0,5,48,0.438504
A,Nam2025,1,0,0.0,5,49,0.438457
A,Nam2025,1,0,0.0,5,50,0.438305
A,Nam2025,1,0,0.0,5,51,0.438333
A,Youn2026,1,0,0.0,5,42,0.438396
A,Youn2026,1,0,0.0,5,43,0.43822
A,Youn2026,1,0,0.0,5,44,0.43827
A,Youn2026,1,0,0.0,5,45,0.43831
A,Youn2026,1,0,0.0,5,46,0.438395
A,Youn2026,1,0,0.0,5,47,0.438083
A,Youn2026,1,0,0.0,5,48,0.438504
A,Youn2026,1,0,0.0,5,49,0.438457
A,Youn2026,1,0,0.0,5,50,0.438305
A,Youn2026,1,0,0.0,5,51,0.438333
A,V2I-Base,1,0,0.0,5,42,0.438396
A,V2I-Base,1,0,0.0,5,43,0.43822
A,V2I-Base,1,0,0.0,5,44,0.43827
A,V2I-Base,1,0,0.0,5,45,0.43831
A,V2I-Base,1,0,0.0,5,46,0.438395
A,V2I-Base,1,0,0.0,5,47,0.438083
A,V2I-Base,1,0,0.0,5,48,0.438504
A,V2I-Base,1,0,0.0,5,49,0.438457
A,V2I-Base,1,0,0.0,5,50,0.438305
A,V2I-Base,1,0,0.0,5,51,0.438333
A,V2V-Base,1,0,0.0,5,42,0.999454
A,V2V-Base,1,0,0.0,5,43,0.999427
A,V2V-Base,1,0,0.0,5,44,0.999442
A,V2V-Base,1,0,0.0,5,45,0.999433
A,V2V-Base,1,0,0.0,5,46,0.999426
A,V2V-Base,1,0,0.0,5,47,0.999448
A,V2V-Base,1,0,0.0,5,48,0.999447
A,V2V-Base,1,0,0.0,5,49,0.999424
A,V2V-Base,1,0,0.0,5,50,0.999443
A,V2V-Base,1,0,0.0,5,51,0.999456
A,Random-K,1,0,0.0,5,42,0.999309
A,Random-K,1,0,0.0,5,43,0.999233
A,Random-K,1,0,0.0,5,44,0.999284
A,Random-K,1,0,0.0,5,45,0.999284
A,Random-K,1,0,0.0,5,46,0.999254
A,Random-K,1,0,0.0,5,47,0.999273
A,Random-K,1,0,0.0,5,48,0.999254
A,Random-K,1,0,0.0,5,49,0.999276
A,Random-K,1,0,0.0,5,50,0.99932
A,Random-K,1,0,0.0,5,51,0.999305
A,RILP,1,0,1.0,5,42,0.438396
A,RILP,1,0,1.0,5,43,0.43822
A,RILP,1,0,1.0,5,44,0.43827
A,RILP,1,0,1.0,5,45,0.43831
A,RILP,1,0,1.0,5,46,0.438395
A,RILP,1,0,1.0,5,47,0.438083
A,RILP,1,0,1.0,5,48,0.438504
A,RILP,1,0,1.0,5,49,0.438457
A,RILP,1,0,1.0,5,50,0.438305
A,RILP,1,0,1.0,5,51,0.438333
A,RILP-Greedy,1,0,1.0,5,42,0.438396
A,RILP-Greedy,1,0,1.0,5,43,0.43822
A,RILP-Greedy,1,0,1.0,5,44,0.43827
A,RILP-Greedy,1,0,1.0,5,45,0.43831
A,RILP-Greedy,1,0,1.0,5,46,0.438395
A,RILP-Greedy,1,0,1.0,5,47,0.438083
A,RILP-Greedy,1,0,1.0,5,48,0.438504
A,RILP-Greedy,1,0,1.0,5,49,0.438457
A,RILP-Greedy,1,0,1.0,5,50,0.438305
A,RILP-Greedy,1,0,1.0,5,51,0.438333
A,Nam2023b,1,0,1.0,5,42,0.291536
A,Nam2023b,1,0,1.0,5,43,0.291415
A,Nam2023b,1,0,1.0,5,44,0.291219
A,Nam2023b,1,0,1.0,5,45,0.291346
A,Nam2023b,1,0,1.0,5,46,0.29154
A,Nam2023b,1,0,1.0,5,47,0.291328
A,Nam2023b,1,0,1.0,5,48,0.291685
A,Nam2023b,1,0,1.0,5,49,0.291452
A,Nam2023b,1,0,1.0,5,50,0.291254
A,Nam2023b,1,0,1.0,5,51,0.291373
A,Nam2025,1,0,1.0,5,42,0.438396
A,Nam2025,1,0,1.0,5,43,0.43822
A,Nam2025,1,0,1.0,5,44,0.43827
A,Nam2025,1,0,1.0,5,45,0.43831
A,Nam2025,1,0,1.0,5,46,0.438395
A,Nam2025,1,0,1.0,5,47,0.438083
A,Nam2025,1,0,1.0,5,48,0.438504
A,Nam2025,1,0,1.0,5,49,0.438457
A,Nam2025,1,0,1.0,5,50,0.438305
A,Nam2025,1,0,1.0,5,51,0.438333
A,Youn2026,1,0,1.0,5,42,0.438396
A,Youn2026,1,0,1.0,5,43,0.43822
A,Youn2026,1,0,1.0,5,44,0.43827
A,Youn2026,1,0,1.0,5,45,0.43831
A,Youn2026,1,0,1.0,5,46,0.438395
A,Youn2026,1,0,1.0,5,47,0.438083
A,Youn2026,1,0,1.0,5,48,0.438504
A,Youn2026,1,0,1.0,5,49,0.438457
A,Youn2026,1,0,1.0,5,50,0.438305
A,Youn2026,1,0,1.0,5,51,0.438333
A,V2I-Base,1,0,1.0,5,42,0.438396
A,V2I-Base,1,0,1.0,5,43,0.43822
A,V2I-Base,1,0,1.0,5,44,0.43827
A,V2I-Base,1,0,1.0,5,45,0.43831
A,V2I-Base,1,0,1.0,5,46,0.438395
A,V2I-Base,1,0,1.0,5,47,0.438083
A,V2I-Base,1,0,1.0,5,48,0.438504
A,V2I-Base,1,0,1.0,5,49,0.438457
A,V2I-Base,1,0,1.0,5,50,0.438305
A,V2I-Base,1,0,1.0,5,51,0.438333
A,V2V-Base,1,0,1.0,5,42,0.999454
A,V2V-Base,1,0,1.0,5,43,0.999427
A,V2V-Base,1,0,1.0,5,44,0.999442
A,V2V-Base,1,0,1.0,5,45,0.999433
A,V2V-Base,1,0,1.0,5,46,0.999426
A,V2V-Base,1,0,1.0,5,47,0.999448
A,V2V-Base,1,0,1.0,5,48,0.999447
A,V2V-Base,1,0,1.0,5,49,0.999424
A,V2V-Base,1,0,1.0,5,50,0.999443
A,V2V-Base,1,0,1.0,5,51,0.999456
A,Random-K,1,0,1.0,5,42,0.999309
A,Random-K,1,0,1.0,5,43,0.999233
A,Random-K,1,0,1.0,5,44,0.999284
A,Random-K,1,0,1.0,5,45,0.999284
A,Random-K,1,0,1.0,5,46,0.999254
A,Random-K,1,0,1.0,5,47,0.999273
A,Random-K,1,0,1.0,5,48,0.999254
A,Random-K,1,0,1.0,5,49,0.999276
A,Random-K,1,0,1.0,5,50,0.99932
A,Random-K,1,0,1.0,5,51,0.999305
A,RILP,1,0,2.0,5,42,0.438396
A,RILP,1,0,2.0,5,43,0.43822
A,RILP,1,0,2.0,5,44,0.43827
A,RILP,1,0,2.0,5,45,0.43831
A,RILP,1,0,2.0,5,46,0.438395
A,RILP,1,0,2.0,5,47,0.438083
A,RILP,1,0,2.0,5,48,0.438504
A,RILP,1,0,2.0,5,49,0.438457
A,RILP,1,0,2.0,5,50,0.438305
A,RILP,1,0,2.0,5,51,0.438333
A,RILP-Greedy,1,0,2.0,5,42,0.438396
A,RILP-Greedy,1,0,2.0,5,43,0.43822
A,RILP-Greedy,1,0,2.0,5,44,0.43827
A,RILP-Greedy,1,0,2.0,5,45,0.43831
A,RILP-Greedy,1,0,2.0,5,46,0.438395
A,RILP-Greedy,1,0,2.0,5,47,0.438083
A,RILP-Greedy,1,0,2.0,5,48,0.438504
A,RILP-Greedy,1,0,2.0,5,49,0.438457
A,RILP-Greedy,1,0,2.0,5,50,0.438305
A,RILP-Greedy,1,0,2.0,5,51,0.438333
A,Nam2023b,1,0,2.0,5,42,0.291536
A,Nam2023b,1,0,2.0,5,43,0.291415
A,Nam2023b,1,0,2.0,5,44,0.291219
A,Nam2023b,1,0,2.0,5,45,0.291346
A,Nam2023b,1,0,2.0,5,46,0.29154
A,Nam2023b,1,0,2.0,5,47,0.291328
A,Nam2023b,1,0,2.0,5,48,0.291685
A,Nam2023b,1,0,2.0,5,49,0.291452
A,Nam2023b,1,0,2.0,5,50,0.291254
A,Nam2023b,1,0,2.0,5,51,0.291373
A,Nam2025,1,0,2.0,5,42,0.438396
A,Nam2025,1,0,2.0,5,43,0.43822
A,Nam2025,1,0,2.0,5,44,0.43827
A,Nam2025,1,0,2.0,5,45,0.43831
A,Nam2025,1,0,2.0,5,46,0.438395
A,Nam2025,1,0,2.0,5,47,0.438083
A,Nam2025,1,0,2.0,5,48,0.438504
A,Nam2025,1,0,2.0,5,49,0.438457
A,Nam2025,1,0,2.0,5,50,0.438305
A,Nam2025,1,0,2.0,5,51,0.438333
A,Youn2026,1,0,2.0,5,42,0.438396
A,Youn2026,1,0,2.0,5,43,0.43822
A,Youn2026,1,0,2.0,5,44,0.43827
A,Youn2026,1,0,2.0,5,45,0.43831
A,Youn2026,1,0,2.0,5,46,0.438395
A,Youn2026,1,0,2.0,5,47,0.438083
A,Youn2026,1,0,2.0,5,48,0.438504
A,Youn2026,1,0,2.0,5,49,0.438457
A,Youn2026,1,0,2.0,5,50,0.438305
A,Youn2026,1,0,2.0,5,51,0.438333
A,V2I-Base,1,0,2.0,5,42,0.438396
A,V2I-Base,1,0,2.0,5,43,0.43822
A,V2I-Base,1,0,2.0,5,44,0.43827
A,V2I-Base,1,0,2.0,5,45,0.43831
A,V2I-Base,1,0,2.0,5,46,0.438395
A,V2I-Base,1,0,2.0,5,47,0.438083
A,V2I-Base,1,0,2.0,5,48,0.438504
A,V2I-Base,1,0,2.0,5,49,0.438457
A,V2I-Base,1,0,2.0,5,50,0.438305
A,V2I-Base,1,0,2.0,5,51,0.438333
A,V2V-Base,1,0,2.0,5,42,0.999454
A,V2V-Base,1,0,2.0,5,43,0.999427
A,V2V-Base,1,0,2.0,5,44,0.999442
A,V2V-Base,1,0,2.0,5,45,0.999433
A,V2V-Base,1,0,2.0,5,46,0.999426
A,V2V-Base,1,0,2.0,5,47,0.999448
A,V2V-Base,1,0,2.0,5,48,0.999447
A,V2V-Base,1,0,2.0,5,49,0.999424
A,V2V-Base,1,0,2.0,5,50,0.999443
A,V2V-Base,1,0,2.0,5,51,0.999456
A,Random-K,1,0,2.0,5,42,0.999309
A,Random-K,1,0,2.0,5,43,0.999225
A,Random-K,1,0,2.0,5,44,0.999284
A,Random-K,1,0,2.0,5,45,0.999278
A,Random-K,1,0,2.0,5,46,0.999251
A,Random-K,1,0,2.0,5,47,0.999238
A,Random-K,1,0,2.0,5,48,0.999276
A,Random-K,1,0,2.0,5,49,0.999292
A,Random-K,1,0,2.0,5,50,0.999233
A,Random-K,1,0,2.0,5,51,0.999239
A,RILP,1,0,3.0,5,42,0.438361
A,RILP,1,0,3.0,5,43,0.438181
A,RILP,1,0,3.0,5,44,0.43852
A,RILP,1,0,3.0,5,45,0.438272
A,RILP,1,0,3.0,5,46,0.438622
A,RILP,1,0,3.0,5,47,0.438194
A,RILP,1,0,3.0,5,48,0.438246
A,RILP,1,0,3.0,5,49,0.438398
A,RILP,1,0,3.0,5,50,0.438291
A,RILP,1,0,3.0,5,51,0.438268
A,RILP-Greedy,1,0,3.0,5,42,0.438361
A,RILP-Greedy,1,0,3.0,5,43,0.438181
A,RILP-Greedy,1,0,3.0,5,44,0.43852
A,RILP-Greedy,1,0,3.0,5,45,0.438272
A,RILP-Greedy,1,0,3.0,5,46,0.438622
A,RILP-Greedy,1,0,3.0,5,47,0.438194
A,RILP-Greedy,1,0,3.0,5,48,0.438246
A,RILP-Greedy,1,0,3.0,5,49,0.438398
A,RILP-Greedy,1,0,3.0,5,50,0.438291
A,RILP-Greedy,1,0,3.0,5,51,0.438268
A,Nam2023b,1,0,3.0,5,42,0.291513
A,Nam2023b,1,0,3.0,5,43,0.29153
A,Nam2023b,1,0,3.0,5,44,0.291482
A,Nam2023b,1,0,3.0,5,45,0.291602
A,Nam2023b,1,0,3.0,5,46,0.291529
A,Nam2023b,1,0,3.0,5,47,0.291325
A,Nam2023b,1,0,3.0,5,48,0.291279
A,Nam2023b,1,0,3.0,5,49,0.291563
A,Nam2023b,1,0,3.0,5,50,0.291497
A,Nam2023b,1,0,3.0,5,51,0.291294
A,Nam2025,1,0,3.0,5,42,0.438361
A,Nam2025,1,0,3.0,5,43,0.438181
A,Nam2025,1,0,3.0,5,44,0.43852
A,Nam2025,1,0,3.0,5,45,0.438272
A,Nam2025,1,0,3.0,5,46,0.438622
A,Nam2025,1,0,3.0,5,47,0.438194
A,Nam2025,1,0,3.0,5,48,0.438246
A,Nam2025,1,0,3.0,5,49,0.438398
A,Nam2025,1,0,3.0,5,50,0.438291
A,Nam2025,1,0,3.0,5,51,0.438268
A,Youn2026,1,0,3.0,5,42,0.438361
A,Youn2026,1,0,3.0,5,43,0.438181
A,Youn2026,1,0,3.0,5,44,0.43852
A,Youn2026,1,0,3.0,5,45,0.438272
A,Youn2026,1,0,3.0,5,46,0.438622
A,Youn2026,1,0,3.0,5,47,0.438194
A,Youn2026,1,0,3.0,5,48,0.438246
A,Youn2026,1,0,3.0,5,49,0.438398
A,Youn2026,1,0,3.0,5,50,0.438291
A,Youn2026,1,0,3.0,5,51,0.438268
A,V2I-Base,1,0,3.0,5,42,0.438361
A,V2I-Base,1,0,3.0,5,43,0.438181
A,V2I-Base,1,0,3.0,5,44,0.43852
A,V2I-Base,1,0,3.0,5,45,0.438272
A,V2I-Base,1,0,3.0,5,46,0.438622
A,V2I-Base,1,0,3.0,5,47,0.438194
A,V2I-Base,1,0,3.0,5,48,0.438246
A,V2I-Base,1,0,3.0,5,49,0.438398
A,V2I-Base,1,0,3.0,5,50,0.438291
A,V2I-Base,1,0,3.0,5,51,0.438268
A,V2V-Base,1,0,3.0,5,42,0.999325
A,V2V-Base,1,0,3.0,5,43,0.999379
A,V2V-Base,1,0,3.0,5,44,0.999411
A,V2V-Base,1,0,3.0,5,45,0.999391
A,V2V-Base,1,0,3.0,5,46,0.999367
A,V2V-Base,1,0,3.0,5,47,0.9994
A,V2V-Base,1,0,3.0,5,48,0.99939
A,V2V-Base,1,0,3.0,5,49,0.999395
A,V2V-Base,1,0,3.0,5,50,0.999389
A,V2V-Base,1,0,3.0,5,51,0.999404
A,Random-K,1,0,3.0,5,42,0.999222
A,Random-K,1,0,3.0,5,43,0.999225
A,Random-K,1,0,3.0,5,44,0.999284
A,Random-K,1,0,3.0,5,45,0.999278
A,Random-K,1,0,3.0,5,46,0.999251
A,Random-K,1,0,3.0,5,47,0.999238
A,Random-K,1,0,3.0,5,48,0.999276
A,Random-K,1,0,3.0,5,49,0.999292
A,Random-K,1,0,3.0,5,50,0.999233
A,Random-K,1,0,3.0,5,51,0.999239
A,RILP,1,10,0.0,5,42,0.438361
A,RILP,1,10,0.0,5,43,0.438181
A,RILP,1,10,0.0,5,44,0.43852
A,RILP,1,10,0.0,5,45,0.438272
A,RILP,1,10,0.0,5,46,0.438622
A,RILP,1,10,0.0,5,47,0.438194
A,RILP,1,10,0.0,5,48,0.438246
A,RILP,1,10,0.0,5,49,0.438398
A,RILP,1,10,0.0,5,50,0.438291
A,RILP,1,10,0.0,5,51,0.438268
A,RILP-Greedy,1,10,0.0,5,42,0.438361
A,RILP-Greedy,1,10,0.0,5,43,0.438181
A,RILP-Greedy,1,10,0.0,5,44,0.43852
A,RILP-Greedy,1,10,0.0,5,45,0.438272
A,RILP-Greedy,1,10,0.0,5,46,0.438622
A,RILP-Greedy,1,10,0.0,5,47,0.438194
A,RILP-Greedy,1,10,0.0,5,48,0.438246
A,RILP-Greedy,1,10,0.0,5,49,0.438398
A,RILP-Greedy,1,10,0.0,5,50,0.438291
A,RILP-Greedy,1,10,0.0,5,51,0.438268
A,Nam2023b,1,10,0.0,5,42,0.291513
A,Nam2023b,1,10,0.0,5,43,0.29153
A,Nam2023b,1,10,0.0,5,44,0.291482
A,Nam2023b,1,10,0.0,5,45,0.291602
A,Nam2023b,1,10,0.0,5,46,0.291529
A,Nam2023b,1,10,0.0,5,47,0.291325
A,Nam2023b,1,10,0.0,5,48,0.291279
A,Nam2023b,1,10,0.0,5,49,0.291563
A,Nam2023b,1,10,0.0,5,50,0.291497
A,Nam2023b,1,10,0.0,5,51,0.291294
A,Nam2025,1,10,0.0,5,42,0.438361
A,Nam2025,1,10,0.0,5,43,0.438181
A,Nam2025,1,10,0.0,5,44,0.43852
A,Nam2025,1,10,0.0,5,45,0.438272
A,Nam2025,1,10,0.0,5,46,0.438622
A,Nam2025,1,10,0.0,5,47,0.438194
A,Nam2025,1,10,0.0,5,48,0.438246
A,Nam2025,1,10,0.0,5,49,0.438398
A,Nam2025,1,10,0.0,5,50,0.438291
A,Nam2025,1,10,0.0,5,51,0.438268
A,Youn2026,1,10,0.0,5,42,0.438361
A,Youn2026,1,10,0.0,5,43,0.438181
A,Youn2026,1,10,0.0,5,44,0.43852
A,Youn2026,1,10,0.0,5,45,0.438272
A,Youn2026,1,10,0.0,5,46,0.438622
A,Youn2026,1,10,0.0,5,47,0.438194
A,Youn2026,1,10,0.0,5,48,0.438246
A,Youn2026,1,10,0.0,5,49,0.438398
A,Youn2026,1,10,0.0,5,50,0.438291
A,Youn2026,1,10,0.0,5,51,0.438268
A,V2I-Base,1,10,0.0,5,42,0.438361
A,V2I-Base,1,10,0.0,5,43,0.438181
A,V2I-Base,1,10,0.0,5,44,0.43852
A,V2I-Base,1,10,0.0,5,45,0.438272
A,V2I-Base,1,10,0.0,5,46,0.438622
A,V2I-Base,1,10,0.0,5,47,0.438194
A,V2I-Base,1,10,0.0,5,48,0.438246
A,V2I-Base,1,10,0.0,5,49,0.438398
A,V2I-Base,1,10,0.0,5,50,0.438291
A,V2I-Base,1,10,0.0,5,51,0.438268
A,V2V-Base,1,10,0.0,5,42,0.999325
A,V2V-Base,1,10,0.0,5,43,0.999379
A,V2V-Base,1,10,0.0,5,44,0.999411
A,V2V-Base,1,10,0.0,5,45,0.999391
A,V2V-Base,1,10,0.0,5,46,0.999367
A,V2V-Base,1,10,0.0,5,47,0.9994
A,V2V-Base,1,10,0.0,5,48,0.99939
A,V2V-Base,1,10,0.0,5,49,0.999395
A,V2V-Base,1,10,0.0,5,50,0.999389
A,V2V-Base,1,10,0.0,5,51,0.999404
A,Random-K,1,10,0.0,5,42,0.999222
A,Random-K,1,10,0.0,5,43,0.999225
A,Random-K,1,10,0.0,5,44,0.999284
A,Random-K,1,10,0.0,5,45,0.999278
A,Random-K,1,10,0.0,5,46,0.999251
A,Random-K,1,10,0.0,5,47,0.999238
A,Random-K,1,10,0.0,5,48,0.999276
A,Random-K,1,10,0.0,5,49,0.999292
A,Random-K,1,10,0.0,5,50,0.999233
A,Random-K,1,10,0.0,5,51,0.999239
A,RILP,1,10,1.0,5,42,0.438361
A,RILP,1,10,1.0,5,43,0.438181
A,RILP,1,10,1.0,5,44,0.43852
A,RILP,1,10,1.0,5,45,0.438272
A,RILP,1,10,1.0,5,46,0.438622
A,RILP,1,10,1.0,5,47,0.438194
A,RILP,1,10,1.0,5,48,0.438246
A,RILP,1,10,1.0,5,49,0.438398
A,RILP,1,10,1.0,5,50,0.438291
A,RILP,1,10,1.0,5,51,0.438268
A,RILP-Greedy,1,10,1.0,5,42,0.438361
A,RILP-Greedy,1,10,1.0,5,43,0.438181
A,RILP-Greedy,1,10,1.0,5,44,0.43852
A,RILP-Greedy,1,10,1.0,5,45,0.438272
A,RILP-Greedy,1,10,1.0,5,46,0.438622
A,RILP-Greedy,1,10,1.0,5,47,0.438194
A,RILP-Greedy,1,10,1.0,5,48,0.438246
A,RILP-Greedy,1,10,1.0,5,49,0.438398
A,RILP-Greedy,1,10,1.0,5,50,0.438291
A,RILP-Greedy,1,10,1.0,5,51,0.438268
A,Nam2023b,1,10,1.0,5,42,0.291513
A,Nam2023b,1,10,1.0,5,43,0.29153
A,Nam2023b,1,10,1.0,5,44,0.291482
A,Nam2023b,1,10,1.0,5,45,0.291602
A,Nam2023b,1,10,1.0,5,46,0.291529
A,Nam2023b,1,10,1.0,5,47,0.291325
A,Nam2023b,1,10,1.0,5,48,0.291279
A,Nam2023b,1,10,1.0,5,49,0.291563
A,Nam2023b,1,10,1.0,5,50,0.291497
A,Nam2023b,1,10,1.0,5,51,0.291294
A,Nam2025,1,10,1.0,5,42,0.438361
A,Nam2025,1,10,1.0,5,43,0.438181
A,Nam2025,1,10,1.0,5,44,0.43852
A,Nam2025,1,10,1.0,5,45,0.438272
A,Nam2025,1,10,1.0,5,46,0.438622
A,Nam2025,1,10,1.0,5,47,0.438194
A,Nam2025,1,10,1.0,5,48,0.438246
A,Nam2025,1,10,1.0,5,49,0.438398
A,Nam2025,1,10,1.0,5,50,0.438291
A,Nam2025,1,10,1.0,5,51,0.438268
A,Youn2026,1,10,1.0,5,42,0.438361
A,Youn2026,1,10,1.0,5,43,0.438181
A,Youn2026,1,10,1.0,5,44,0.43852
A,Youn2026,1,10,1.0,5,45,0.438272
A,Youn2026,1,10,1.0,5,46,0.438622
A,Youn2026,1,10,1.0,5,47,0.438194
A,Youn2026,1,10,1.0,5,48,0.438246
A,Youn2026,1,10,1.0,5,49,0.438398
A,Youn2026,1,10,1.0,5,50,0.438291
A,Youn2026,1,10,1.0,5,51,0.438268
A,V2I-Base,1,10,1.0,5,42,0.438361
A,V2I-Base,1,10,1.0,5,43,0.438181
A,V2I-Base,1,10,1.0,5,44,0.43852
A,V2I-Base,1,10,1.0,5,45,0.438272
A,V2I-Base,1,10,1.0,5,46,0.438622
A,V2I-Base,1,10,1.0,5,47,0.438194
A,V2I-Base,1,10,1.0,5,48,0.438246
A,V2I-Base,1,10,1.0,5,49,0.438398
A,V2I-Base,1,10,1.0,5,50,0.438291
A,V2I-Base,1,10,1.0,5,51,0.438268
A,V2V-Base,1,10,1.0,5,42,0.999325
A,V2V-Base,1,10,1.0,5,43,0.999379
A,V2V-Base,1,10,1.0,5,44,0.999411
A,V2V-Base,1,10,1.0,5,45,0.999391
A,V2V-Base,1,10,1.0,5,46,0.999367
A,V2V-Base,1,10,1.0,5,47,0.9994
A,V2V-Base,1,10,1.0,5,48,0.99939
A,V2V-Base,1,10,1.0,5,49,0.999395
A,V2V-Base,1,10,1.0,5,50,0.999389
A,V2V-Base,1,10,1.0,5,51,0.999404
A,Random-K,1,10,1.0,5,42,0.999222
A,Random-K,1,10,1.0,5,43,0.999225
A,Random-K,1,10,1.0,5,44,0.999284
A,Random-K,1,10,1.0,5,45,0.999278
A,Random-K,1,10,1.0,5,46,0.999251
A,Random-K,1,10,1.0,5,47,0.999238
A,Random-K,1,10,1.0,5,48,0.999276
A,Random-K,1,10,1.0,5,49,0.999292
A,Random-K,1,10,1.0,5,50,0.999233
A,Random-K,1,10,1.0,5,51,0.999239
A,RILP,1,10,2.0,5,42,0.438361
A,RILP,1,10,2.0,5,43,0.438181
A,RILP,1,10,2.0,5,44,0.43852
A,RILP,1,10,2.0,5,45,0.438272
A,RILP,1,10,2.0,5,46,0.438622
A,RILP,1,10,2.0,5,47,0.438293
A,RILP,1,10,2.0,5,48,0.438365
A,RILP,1,10,2.0,5,49,0.438517
A,RILP,1,10,2.0,5,50,0.438314
A,RILP,1,10,2.0,5,51,0.438208
A,RILP-Greedy,1,10,2.0,5,42,0.438597
A,RILP-Greedy,1,10,2.0,5,43,0.438309
A,RILP-Greedy,1,10,2.0,5,44,0.43795
A,RILP-Greedy,1,10,2.0,5,45,0.438401
A,RILP-Greedy,1,10,2.0,5,46,0.438459
A,RILP-Greedy,1,10,2.0,5,47,0.438293
A,RILP-Greedy,1,10,2.0,5,48,0.438365
A,RILP-Greedy,1,10,2.0,5,49,0.438517
A,RILP-Greedy,1,10,2.0,5,50,0.438314
A,RILP-Greedy,1,10,2.0,5,51,0.438208
A,Nam2023b,1,10,2.0,5,42,0.291326
A,Nam2023b,1,10,2.0,5,43,0.291342
A,Nam2023b,1,10,2.0,5,44,0.291302
A,Nam2023b,1,10,2.0,5,45,0.291472
A,Nam2023b,1,10,2.0,5,46,0.291521
A,Nam2023b,1,10,2.0,5,47,0.291313
A,Nam2023b,1,10,2.0,5,48,0.29125
A,Nam2023b,1,10,2.0,5,49,0.291488
A,Nam2023b,1,10,2.0,5,50,0.291399
A,Nam2023b,1,10,2.0,5,51,0.291466
A,Nam2025,1,10,2.0,5,42,0.438597
A,Nam2025,1,10,2.0,5,43,0.438309
A,Nam2025,1,10,2.0,5,44,0.43795
A,Nam2025,1,10,2.0,5,45,0.438401
A,Nam2025,1,10,2.0,5,46,0.438459
A,Nam2025,1,10,2.0,5,47,0.438293
A,Nam2025,1,10,2.0,5,48,0.438365
A,Nam2025,1,10,2.0,5,49,0.438517
A,Nam2025,1,10,2.0,5,50,0.438314
A,Nam2025,1,10,2.0,5,51,0.438208
A,Youn2026,1,10,2.0,5,42,0.438597
A,Youn2026,1,10,2.0,5,43,0.438309
A,Youn2026,1,10,2.0,5,44,0.43795
A,Youn2026,1,10,2.0,5,45,0.438401
A,Youn2026,1,10,2.0,5,46,0.438459
A,Youn2026,1,10,2.0,5,47,0.438293
A,Youn2026,1,10,2.0,5,48,0.438365
A,Youn2026,1,10,2.0,5,49,0.438517
A,Youn2026,1,10,2.0,5,50,0.438314
A,Youn2026,1,10,2.0,5,51,0.438208
A,V2I-Base,1,10,2.0,5,42,0.438597
A,V2I-Base,1,10,2.0,5,43,0.438309
A,V2I-Base,1,10,2.0,5,44,0.43795
A,V2I-Base,1,10,2.0,5,45,0.438401
A,V2I-Base,1,10,2.0,5,46,0.438459
A,V2I-Base,1,10,2.0,5,47,0.438293
A,V2I-Base,1,10,2.0,5,48,0.438365
A,V2I-Base,1,10,2.0,5,49,0.438517
A,V2I-Base,1,10,2.0,5,50,0.438314
A,V2I-Base,1,10,2.0,5,51,0.438208
A,V2V-Base,1,10,2.0,5,42,0.999052
A,V2V-Base,1,10,2.0,5,43,0.999
A,V2V-Base,1,10,2.0,5,44,0.998974
A,V2V-Base,1,10,2.0,5,45,0.999006
A,V2V-Base,1,10,2.0,5,46,0.999085
A,V2V-Base,1,10,2.0,5,47,0.998985
A,V2V-Base,1,10,2.0,5,48,0.999033
A,V2V-Base,1,10,2.0,5,49,0.998945
A,V2V-Base,1,10,2.0,5,50,0.998921
A,V2V-Base,1,10,2.0,5,51,0.998993
A,Random-K,1,10,2.0,5,42,0.998844
A,Random-K,1,10,2.0,5,43,0.998744
A,Random-K,1,10,2.0,5,44,0.998718
A,Random-K,1,10,2.0,5,45,0.998793
A,Random-K,1,10,2.0,5,46,0.99898
A,Random-K,1,10,2.0,5,47,0.998792
A,Random-K,1,10,2.0,5,48,0.998821
A,Random-K,1,10,2.0,5,49,0.998841
A,Random-K,1,10,2.0,5,50,0.998795
A,Random-K,1,10,2.0,5,51,0.998867
A,RILP,1,10,3.0,5,42,0.438597
A,RILP,1,10,3.0,5,43,0.438309
A,RILP,1,10,3.0,5,44,0.43795
A,RILP,1,10,3.0,5,45,0.438401
A,RILP,1,10,3.0,5,46,0.438459
A,RILP,1,10,3.0,5,47,0.438293
A,RILP,1,10,3.0,5,48,0.438365
A,RILP,1,10,3.0,5,49,0.438517
A,RILP,1,10,3.0,5,50,0.438314
A,RILP,1,10,3.0,5,51,0.438208
A,RILP-Greedy,1,10,3.0,5,42,0.438597
A,RILP-Greedy,1,10,3.0,5,43,0.438309
A,RILP-Greedy,1,10,3.0,5,44,0.43795
A,RILP-Greedy,1,10,3.0,5,45,0.438401
A,RILP-Greedy,1,10,3.0,5,46,0.438459
A,RILP-Greedy,1,10,3.0,5,47,0.438293
A,RILP-Greedy,1,10,3.0,5,48,0.438365
A,RILP-Greedy,1,10,3.0,5,49,0.438517
A,RILP-Greedy,1,10,3.0,5,50,0.438314
A,RILP-Greedy,1,10,3.0,5,51,0.438208
A,Nam2023b,1,10,3.0,5,42,0.291326
A,Nam2023b,1,10,3.0,5,43,0.291342
A,Nam2023b,1,10,3.0,5,44,0.291302
A,Nam2023b,1,10,3.0,5,45,0.291472
A,Nam2023b,1,10,3.0,5,46,0.291521
A,Nam2023b,1,10,3.0,5,47,0.291313
A,Nam2023b,1,10,3.0,5,48,0.29125
A,Nam2023b,1,10,3.0,5,49,0.291488
A,Nam2023b,1,10,3.0,5,50,0.291399
A,Nam2023b,1,10,3.0,5,51,0.291466
A,Nam2025,1,10,3.0,5,42,0.438597
A,Nam2025,1,10,3.0,5,43,0.438309
A,Nam2025,1,10,3.0,5,44,0.43795
A,Nam2025,1,10,3.0,5,45,0.438401
A,Nam2025,1,10,3.0,5,46,0.438459
A,Nam2025,1,10,3.0,5,47,0.438293
A,Nam2025,1,10,3.0,5,48,0.438365
A,Nam2025,1,10,3.0,5,49,0.438517
A,Nam2025,1,10,3.0,5,50,0.438314
A,Nam2025,1,10,3.0,5,51,0.438208
A,Youn2026,1,10,3.0,5,42,0.438597
A,Youn2026,1,10,3.0,5,43,0.438309
A,Youn2026,1,10,3.0,5,44,0.43795
A,Youn2026,1,10,3.0,5,45,0.438401
A,Youn2026,1,10,3.0,5,46,0.438459
A,Youn2026,1,10,3.0,5,47,0.438293
A,Youn2026,1,10,3.0,5,48,0.438365
A,Youn2026,1,10,3.0,5,49,0.438517
A,Youn2026,1,10,3.0,5,50,0.438314
A,Youn2026,1,10,3.0,5,51,0.438208
A,V2I-Base,1,10,3.0,5,42,0.438597
A,V2I-Base,1,10,3.0,5,43,0.438309
A,V2I-Base,1,10,3.0,5,44,0.43795
A,V2I-Base,1,10,3.0,5,45,0.438401
A,V2I-Base,1,10,3.0,5,46,0.438459
A,V2I-Base,1,10,3.0,5,47,0.438293
A,V2I-Base,1,10,3.0,5,48,0.438365
A,V2I-Base,1,10,3.0,5,49,0.438517
A,V2I-Base,1,10,3.0,5,50,0.438314
A,V2I-Base,1,10,3.0,5,51,0.438208
A,V2V-Base,1,10,3.0,5,42,0.999052
A,V2V-Base,1,10,3.0,5,43,0.999
A,V2V-Base,1,10,3.0,5,44,0.998974
A,V2V-Base,1,10,3.0,5,45,0.999006
A,V2V-Base,1,10,3.0,5,46,0.999085
A,V2V-Base,1,10,3.0,5,47,0.998985
A,V2V-Base,1,10,3.0,5,48,0.999033
A,V2V-Base,1,10,3.0,5,49,0.998945
A,V2V-Base,1,10,3.0,5,50,0.998921
A,V2V-Base,1,10,3.0,5,51,0.998993
A,Random-K,1,10,3.0,5,42,0.998844
A,Random-K,1,10,3.0,5,43,0.998744
A,Random-K,1,10,3.0,5,44,0.998718
A,Random-K,1,10,3.0,5,45,0.998793
A,Random-K,1,10,3.0,5,46,0.99898
A,Random-K,1,10,3.0,5,47,0.998792
A,Random-K,1,10,3.0,5,48,0.998821
A,Random-K,1,10,3.0,5,49,0.998841
A,Random-K,1,10,3.0,5,50,0.998795
A,Random-K,1,10,3.0,5,51,0.998867
A,RILP,1,20,0.0,5,42,0.438597
A,RILP,1,20,0.0,5,43,0.438309
A,RILP,1,20,0.0,5,44,0.43795
A,RILP,1,20,0.0,5,45,0.438401
A,RILP,1,20,0.0,5,46,0.438459
A,RILP,1,20,0.0,5,47,0.438293
A,RILP,1,20,0.0,5,48,0.438365
A,RILP,1,20,0.0,5,49,0.438517
A,RILP,1,20,0.0,5,50,0.438314
A,RILP,1,20,0.0,5,51,0.438208
A,RILP-Greedy,1,20,0.0,5,42,0.438597
A,RILP-Greedy,1,20,0.0,5,43,0.438309
A,RILP-Greedy,1,20,0.0,5,44,0.43795
A,RILP-Greedy,1,20,0.0,5,45,0.438401
A,RILP-Greedy,1,20,0.0,5,46,0.438459
A,RILP-Greedy,1,20,0.0,5,47,0.438293
A,RILP-Greedy,1,20,0.0,5,48,0.438365
A,RILP-Greedy,1,20,0.0,5,49,0.438517
A,RILP-Greedy,1,20,0.0,5,50,0.438314
A,RILP-Greedy,1,20,0.0,5,51,0.438208
A,Nam2023b,1,20,0.0,5,42,0.291326
A,Nam2023b,1,20,0.0,5,43,0.291342
A,Nam2023b,1,20,0.0,5,44,0.291302
A,Nam2023b,1,20,0.0,5,45,0.291472
A,Nam2023b,1,20,0.0,5,46,0.291521
A,Nam2023b,1,20,0.0,5,47,0.291313
A,Nam2023b,1,20,0.0,5,48,0.29125
A,Nam2023b,1,20,0.0,5,49,0.291488
A,Nam2023b,1,20,0.0,5,50,0.291399
A,Nam2023b,1,20,0.0,5,51,0.291466
A,Nam2025,1,20,0.0,5,42,0.438597
A,Nam2025,1,20,0.0,5,43,0.438309
A,Nam2025,1,20,0.0,5,44,0.43795
A,Nam2025,1,20,0.0,5,45,0.438401
A,Nam2025,1,20,0.0,5,46,0.438459
A,Nam2025,1,20,0.0,5,47,0.438293
A,Nam2025,1,20,0.0,5,48,0.438365
A,Nam2025,1,20,0.0,5,49,0.438517
A,Nam2025,1,20,0.0,5,50,0.438314
A,Nam2025,1,20,0.0,5,51,0.438208
A,Youn2026,1,20,0.0,5,42,0.438597
A,Youn2026,1,20,0.0,5,43,0.438309
A,Youn2026,1,20,0.0,5,44,0.43795
A,Youn2026,1,20,0.0,5,45,0.438401
A,Youn2026,1,20,0.0,5,46,0.438459
A,Youn2026,1,20,0.0,5,47,0.438293
A,Youn2026,1,20,0.0,5,48,0.438365
A,Youn2026,1,20,0.0,5,49,0.438517
A,Youn2026,1,20,0.0,5,50,0.438314
A,Youn2026,1,20,0.0,5,51,0.438208
A,V2I-Base,1,20,0.0,5,42,0.438597
A,V2I-Base,1,20,0.0,5,43,0.438309
A,V2I-Base,1,20,0.0,5,44,0.43795
A,V2I-Base,1,20,0.0,5,45,0.438401
A,V2I-Base,1,20,0.0,5,46,0.438459
A,V2I-Base,1,20,0.0,5,47,0.438293
A,V2I-Base,1,20,0.0,5,48,0.438365
A,V2I-Base,1,20,0.0,5,49,0.438517
A,V2I-Base,1,20,0.0,5,50,0.438314
A,V2I-Base,1,20,0.0,5,51,0.438208
A,V2V-Base,1,20,0.0,5,42,0.999052
A,V2V-Base,1,20,0.0,5,43,0.999
A,V2V-Base,1,20,0.0,5,44,0.998974
A,V2V-Base,1,20,0.0,5,45,0.999006
A,V2V-Base,1,20,0.0,5,46,0.999085
A,V2V-Base,1,20,0.0,5,47,0.998985
A,V2V-Base,1,20,0.0,5,48,0.999033
A,V2V-Base,1,20,0.0,5,49,0.998945
A,V2V-Base,1,20,0.0,5,50,0.998921
A,V2V-Base,1,20,0.0,5,51,0.998993
A,Random-K,1,20,0.0,5,42,0.998844
A,Random-K,1,20,0.0,5,43,0.998744
A,Random-K,1,20,0.0,5,44,0.998718
A,Random-K,1,20,0.0,5,45,0.998793
A,Random-K,1,20,0.0,5,46,0.99898
A,Random-K,1,20,0.0,5,47,0.998792
A,Random-K,1,20,0.0,5,48,0.998821
A,Random-K,1,20,0.0,5,49,0.998841
A,Random-K,1,20,0.0,5,50,0.998795
A,Random-K,1,20,0.0,5,51,0.998867
A,RILP,1,20,1.0,5,42,0.438597
A,RILP,1,20,1.0,5,43,0.438309
A,RILP,1,20,1.0,5,44,0.43795
A,RILP,1,20,1.0,5,45,0.438401
A,RILP,1,20,1.0,5,46,0.438459
A,RILP,1,20,1.0,5,47,0.438293
A,RILP,1,20,1.0,5,48,0.438365
A,RILP,1,20,1.0,5,49,0.438517
A,RILP,1,20,1.0,5,50,0.438314
A,RILP,1,20,1.0,5,51,0.438208
A,RILP-Greedy,1,20,1.0,5,42,0.438597
A,RILP-Greedy,1,20,1.0,5,43,0.438309
A,RILP-Greedy,1,20,1.0,5,44,0.43795
A,RILP-Greedy,1,20,1.0,5,45,0.438401
A,RILP-Greedy,1,20,1.0,5,46,0.438459
A,RILP-Greedy,1,20,1.0,5,47,0.438293
A,RILP-Greedy,1,20,1.0,5,48,0.438365
A,RILP-Greedy,1,20,1.0,5,49,0.438517
A,RILP-Greedy,1,20,1.0,5,50,0.438314
A,RILP-Greedy,1,20,1.0,5,51,0.438208
A,Nam2023b,1,20,1.0,5,42,0.291326
A,Nam2023b,1,20,1.0,5,43,0.291342
A,Nam2023b,1,20,1.0,5,44,0.291302
A,Nam2023b,1,20,1.0,5,45,0.291472
A,Nam2023b,1,20,1.0,5,46,0.291521
A,Nam2023b,1,20,1.0,5,47,0.291313
A,Nam2023b,1,20,1.0,5,48,0.29125
A,Nam2023b,1,20,1.0,5,49,0.291488
A,Nam2023b,1,20,1.0,5,50,0.291399
A,Nam2023b,1,20,1.0,5,51,0.291466
A,Nam2025,1,20,1.0,5,42,0.438597
A,Nam2025,1,20,1.0,5,43,0.438309
A,Nam2025,1,20,1.0,5,44,0.43795
A,Nam2025,1,20,1.0,5,45,0.438401
A,Nam2025,1,20,1.0,5,46,0.438459
A,Nam2025,1,20,1.0,5,47,0.438293
A,Nam2025,1,20,1.0,5,48,0.438365
A,Nam2025,1,20,1.0,5,49,0.438517
A,Nam2025,1,20,1.0,5,50,0.438314
A,Nam2025,1,20,1.0,5,51,0.438208
A,Youn2026,1,20,1.0,5,42,0.438597
A,Youn2026,1,20,1.0,5,43,0.438309
A,Youn2026,1,20,1.0,5,44,0.43795
A,Youn2026,1,20,1.0,5,45,0.438401
A,Youn2026,1,20,1.0,5,46,0.438459
A,Youn2026,1,20,1.0,5,47,0.438293
A,Youn2026,1,20,1.0,5,48,0.438365
A,Youn2026,1,20,1.0,5,49,0.438517
A,Youn2026,1,20,1.0,5,50,0.438314
A,Youn2026,1,20,1.0,5,51,0.438208
A,V2I-Base,1,20,1.0,5,42,0.438597
A,V2I-Base,1,20,1.0,5,43,0.438309
A,V2I-Base,1,20,1.0,5,44,0.43795
A,V2I-Base,1,20,1.0,5,45,0.438401
A,V2I-Base,1,20,1.0,5,46,0.438459
A,V2I-Base,1,20,1.0,5,47,0.438293
A,V2I-Base,1,20,1.0,5,48,0.438365
A,V2I-Base,1,20,1.0,5,49,0.438517
A,V2I-Base,1,20,1.0,5,50,0.438314
A,V2I-Base,1,20,1.0,5,51,0.438208
A,V2V-Base,1,20,1.0,5,42,0.999052
A,V2V-Base,1,20,1.0,5,43,0.999
A,V2V-Base,1,20,1.0,5,44,0.998974
A,V2V-Base,1,20,1.0,5,45,0.999006
A,V2V-Base,1,20,1.0,5,46,0.999085
A,V2V-Base,1,20,1.0,5,47,0.998985
A,V2V-Base,1,20,1.0,5,48,0.999033
A,V2V-Base,1,20,1.0,5,49,0.998945
A,V2V-Base,1,20,1.0,5,50,0.998921
A,V2V-Base,1,20,1.0,5,51,0.998993
A,Random-K,1,20,1.0,5,42,0.998844
A,Random-K,1,20,1.0,5,43,0.998744
A,Random-K,1,20,1.0,5,44,0.998718
A,Random-K,1,20,1.0,5,45,0.998793
A,Random-K,1,20,1.0,5,46,0.99898
A,Random-K,1,20,1.0,5,47,0.998792
A,Random-K,1,20,1.0,5,48,0.998821
A,Random-K,1,20,1.0,5,49,0.998841
A,Random-K,1,20,1.0,5,50,0.998795
A,Random-K,1,20,1.0,5,51,0.998867
A,RILP,1,20,2.0,5,42,0.438597
A,RILP,1,20,2.0,5,43,0.438309
A,RILP,1,20,2.0,5,44,0.43795
A,RILP,1,20,2.0,5,45,0.438401
A,RILP,1,20,2.0,5,46,0.438459
A,RILP,1,20,2.0,5,47,0.438293
A,RILP,1,20,2.0,5,48,0.438365
A,RILP,1,20,2.0,5,49,0.438517
A,RILP,1,20,2.0,5,50,0.438314
A,RILP,1,20,2.0,5,51,0.438208
A,RILP-Greedy,1,20,2.0,5,42,0.438597
A,RILP-Greedy,1,20,2.0,5,43,0.438309
A,RILP-Greedy,1,20,2.0,5,44,0.43795
A,RILP-Greedy,1,20,2.0,5,45,0.438401
A,RILP-Greedy,1,20,2.0,5,46,0.438459
A,RILP-Greedy,1,20,2.0,5,47,0.438293
A,RILP-Greedy,1,20,2.0,5,48,0.438365
A,RILP-Greedy,1,20,2.0,5,49,0.438517
A,RILP-Greedy,1,20,2.0,5,50,0.438314
A,RILP-Greedy,1,20,2.0,5,51,0.438208
A,Nam2023b,1,20,2.0,5,42,0.291326
A,Nam2023b,1,20,2.0,5,43,0.291342
A,Nam2023b,1,20,2.0,5,44,0.291302
A,Nam2023b,1,20,2.0,5,45,0.291472
A,Nam2023b,1,20,2.0,5,46,0.291521
A,Nam2023b,1,20,2.0,5,47,0.291313
A,Nam2023b,1,20,2.0,5,48,0.29125
A,Nam2023b,1,20,2.0,5,49,0.291488
A,Nam2023b,1,20,2.0,5,50,0.291399
A,Nam2023b,1,20,2.0,5,51,0.291466
A,Nam2025,1,20,2.0,5,42,0.438597
A,Nam2025,1,20,2.0,5,43,0.438309
A,Nam2025,1,20,2.0,5,44,0.43795
A,Nam2025,1,20,2.0,5,45,0.438401
A,Nam2025,1,20,2.0,5,46,0.438459
A,Nam2025,1,20,2.0,5,47,0.438293
A,Nam2025,1,20,2.0,5,48,0.438365
A,Nam2025,1,20,2.0,5,49,0.438517
A,Nam2025,1,20,2.0,5,50,0.438314
A,Nam2025,1,20,2.0,5,51,0.438208
A,Youn2026,1,20,2.0,5,42,0.438597
A,Youn2026,1,20,2.0,5,43,0.438309
A,Youn2026,1,20,2.0,5,44,0.43795
A,Youn2026,1,20,2.0,5,45,0.438401
A,Youn2026,1,20,2.0,5,46,0.438459
A,Youn2026,1,20,2.0,5,47,0.438293
A,Youn2026,1,20,2.0,5,48,0.438365
A,Youn2026,1,20,2.0,5,49,0.438517
A,Youn2026,1,20,2.0,5,50,0.438314
A,Youn2026,1,20,2.0,5,51,0.438208
A,V2I-Base,1,20,2.0,5,42,0.438597
A,V2I-Base,1,20,2.0,5,43,0.438309
A,V2I-Base,1,20,2.0,5,44,0.43795
A,V2I-Base,1,20,2.0,5,45,0.438401
A,V2I-Base,1,20,2.0,5,46,0.438459
A,V2I-Base,1,20,2.0,5,47,0.438293
A,V2I-Base,1,20,2.0,5,48,0.438365
A,V2I-Base,1,20,2.0,5,49,0.438517
A,V2I-Base,1,20,2.0,5,50,0.438314
A,V2I-Base,1,20,2.0,5,51,0.438208
A,V2V-Base,1,20,2.0,5,42,0.999052
A,V2V-Base,1,20,2.0,5,43,0.999
A,V2V-Base,1,20,2.0,5,44,0.998974
A,V2V-Base,1,20,2.0,5,45,0.999006
A,V2V-Base,1,20,2.0,5,46,0.999085
A,V2V-Base,1,20,2.0,5,47,0.998985
A,V2V-Base,1,20,2.0,5,48,0.999033
A,V2V-Base,1,20,2.0,5,49,0.998945
A,V2V-Base,1,20,2.0,5,50,0.998921
A,V2V-Base,1,20,2.0,5,51,0.998993
A,Random-K,1,20,2.0,5,42,0.998844
A,Random-K,1,20,2.0,5,43,0.998744
A,Random-K,1,20,2.0,5,44,0.998718
A,Random-K,1,20,2.0,5,45,0.998793
A,Random-K,1,20,2.0,5,46,0.99898
A,Random-K,1,20,2.0,5,47,0.998792
A,Random-K,1,20,2.0,5,48,0.998821
A,Random-K,1,20,2.0,5,49,0.998841
A,Random-K,1,20,2.0,5,50,0.998795
A,Random-K,1,20,2.0,5,51,0.998867
A,RILP,1,20,3.0,5,42,0.438597
A,RILP,1,20,3.0,5,43,0.438309
A,RILP,1,20,3.0,5,44,0.43795
A,RILP,1,20,3.0,5,45,0.438401
A,RILP,1,20,3.0,5,46,0.438459
A,RILP,1,20,3.0,5,47,0.438293
A,RILP,1,20,3.0,5,48,0.438365
A,RILP,1,20,3.0,5,49,0.438517
A,RILP,1,20,3.0,5,50,0.438314
A,RILP,1,20,3.0,5,51,0.438208
A,RILP-Greedy,1,20,3.0,5,42,0.438597
A,RILP-Greedy,1,20,3.0,5,43,0.438309
A,RILP-Greedy,1,20,3.0,5,44,0.43795
A,RILP-Greedy,1,20,3.0,5,45,0.438401
A,RILP-Greedy,1,20,3.0,5,46,0.438459
A,RILP-Greedy,1,20,3.0,5,47,0.438293
A,RILP-Greedy,1,20,3.0,5,48,0.438365
A,RILP-Greedy,1,20,3.0,5,49,0.438517
A,RILP-Greedy,1,20,3.0,5,50,0.438314
A,RILP-Greedy,1,20,3.0,5,51,0.438208
A,Nam2023b,1,20,3.0,5,42,0.291326
A,Nam2023b,1,20,3.0,5,43,0.291342
A,Nam2023b,1,20,3.0,5,44,0.291302
A,Nam2023b,1,20,3.0,5,45,0.291472
A,Nam2023b,1,20,3.0,5,46,0.291521
A,Nam2023b,1,20,3.0,5,47,0.291313
A,Nam2023b,1,20,3.0,5,48,0.29125
A,Nam2023b,1,20,3.0,5,49,0.291488
A,Nam2023b,1,20,3.0,5,50,0.291399
A,Nam2023b,1,20,3.0,5,51,0.291466
A,Nam2025,1,20,3.0,5,42,0.438597
A,Nam2025,1,20,3.0,5,43,0.438309
A,Nam2025,1,20,3.0,5,44,0.43795
A,Nam2025,1,20,3.0,5,45,0.438401
A,Nam2025,1,20,3.0,5,46,0.438459
A,Nam2025,1,20,3.0,5,47,0.438293
A,Nam2025,1,20,3.0,5,48,0.438365
A,Nam2025,1,20,3.0,5,49,0.438517
A,Nam2025,1,20,3.0,5,50,0.438314
A,Nam2025,1,20,3.0,5,51,0.438208
A,Youn2026,1,20,3.0,5,42,0.438597
A,Youn2026,1,20,3.0,5,43,0.438309
A,Youn2026,1,20,3.0,5,44,0.43795
A,Youn2026,1,20,3.0,5,45,0.438401
A,Youn2026,1,20,3.0,5,46,0.438459
A,Youn2026,1,20,3.0,5,47,0.438293
A,Youn2026,1,20,3.0,5,48,0.438365
A,Youn2026,1,20,3.0,5,49,0.438517
A,Youn2026,1,20,3.0,5,50,0.438314
A,Youn2026,1,20,3.0,5,51,0.438208
A,V2I-Base,1,20,3.0,5,42,0.438597
A,V2I-Base,1,20,3.0,5,43,0.438309
A,V2I-Base,1,20,3.0,5,44,0.43795
A,V2I-Base,1,20,3.0,5,45,0.438401
A,V2I-Base,1,20,3.0,5,46,0.438459
A,V2I-Base,1,20,3.0,5,47,0.438293
A,V2I-Base,1,20,3.0,5,48,0.438365
A,V2I-Base,1,20,3.0,5,49,0.438517
A,V2I-Base,1,20,3.0,5,50,0.438314
A,V2I-Base,1,20,3.0,5,51,0.438208
A,V2V-Base,1,20,3.0,5,42,0.999052
A,V2V-Base,1,20,3.0,5,43,0.999
A,V2V-Base,1,20,3.0,5,44,0.998974
A,V2V-Base,1,20,3.0,5,45,0.999006
A,V2V-Base,1,20,3.0,5,46,0.999085
A,V2V-Base,1,20,3.0,5,47,0.998985
A,V2V-Base,1,20,3.0,5,48,0.999033
A,V2V-Base,1,20,3.0,5,49,0.998945
A,V2V-Base,1,20,3.0,5,50,0.998921
A,V2V-Base,1,20,3.0,5,51,0.998993
A,Random-K,1,20,3.0,5,42,0.998844
A,Random-K,1,20,3.0,5,43,0.998744
A,Random-K,1,20,3.0,5,44,0.998718
A,Random-K,1,20,3.0,5,45,0.998793
A,Random-K,1,20,3.0,5,46,0.99898
A,Random-K,1,20,3.0,5,47,0.998792
A,Random-K,1,20,3.0,5,48,0.998821
A,Random-K,1,20,3.0,5,49,0.998841
A,Random-K,1,20,3.0,5,50,0.998795
A,Random-K,1,20,3.0,5,51,0.998867
A,RILP,1,30,0.0,5,42,0.438597
A,RILP,1,30,0.0,5,43,0.438309
A,RILP,1,30,0.0,5,44,0.43795
A,RILP,1,30,0.0,5,45,0.438401
A,RILP,1,30,0.0,5,46,0.438459
A,RILP,1,30,0.0,5,47,0.438293
A,RILP,1,30,0.0,5,48,0.438365
A,RILP,1,30,0.0,5,49,0.438517
A,RILP,1,30,0.0,5,50,0.438314
A,RILP,1,30,0.0,5,51,0.438208
A,RILP-Greedy,1,30,0.0,5,42,0.438597
A,RILP-Greedy,1,30,0.0,5,43,0.438309
A,RILP-Greedy,1,30,0.0,5,44,0.43795
A,RILP-Greedy,1,30,0.0,5,45,0.438401
A,RILP-Greedy,1,30,0.0,5,46,0.438459
A,RILP-Greedy,1,30,0.0,5,47,0.438293
A,RILP-Greedy,1,30,0.0,5,48,0.438365
A,RILP-Greedy,1,30,0.0,5,49,0.438517
A,RILP-Greedy,1,30,0.0,5,50,0.438314
A,RILP-Greedy,1,30,0.0,5,51,0.438208
A,Nam2023b,1,30,0.0,5,42,0.291326
A,Nam2023b,1,30,0.0,5,43,0.291342
A,Nam2023b,1,30,0.0,5,44,0.291302
A,Nam2023b,1,30,0.0,5,45,0.291472
A,Nam2023b,1,30,0.0,5,46,0.291521
A,Nam2023b,1,30,0.0,5,47,0.291313
A,Nam2023b,1,30,0.0,5,48,0.29125
A,Nam2023b,1,30,0.0,5,49,0.291488
A,Nam2023b,1,30,0.0,5,50,0.291399
A,Nam2023b,1,30,0.0,5,51,0.291466
A,Nam2025,1,30,0.0,5,42,0.438597
A,Nam2025,1,30,0.0,5,43,0.438309
A,Nam2025,1,30,0.0,5,44,0.43795
A,Nam2025,1,30,0.0,5,45,0.438401
A,Nam2025,1,30,0.0,5,46,0.438459
A,Nam2025,1,30,0.0,5,47,0.438293
A,Nam2025,1,30,0.0,5,48,0.438365
A,Nam2025,1,30,0.0,5,49,0.438517
A,Nam2025,1,30,0.0,5,50,0.438314
A,Nam2025,1,30,0.0,5,51,0.438208
A,Youn2026,1,30,0.0,5,42,0.438597
A,Youn2026,1,30,0.0,5,43,0.438309
A,Youn2026,1,30,0.0,5,44,0.43795
A,Youn2026,1,30,0.0,5,45,0.438401
A,Youn2026,1,30,0.0,5,46,0.438459
A,Youn2026,1,30,0.0,5,47,0.438293
A,Youn2026,1,30,0.0,5,48,0.438365
A,Youn2026,1,30,0.0,5,49,0.438517
A,Youn2026,1,30,0.0,5,50,0.438314
A,Youn2026,1,30,0.0,5,51,0.438208
A,V2I-Base,1,30,0.0,5,42,0.438597
A,V2I-Base,1,30,0.0,5,43,0.438309
A,V2I-Base,1,30,0.0,5,44,0.43795
A,V2I-Base,1,30,0.0,5,45,0.438401
A,V2I-Base,1,30,0.0,5,46,0.438459
A,V2I-Base,1,30,0.0,5,47,0.438293
A,V2I-Base,1,30,0.0,5,48,0.438365
A,V2I-Base,1,30,0.0,5,49,0.438517
A,V2I-Base,1,30,0.0,5,50,0.438314
A,V2I-Base,1,30,0.0,5,51,0.438208
A,V2V-Base,1,30,0.0,5,42,0.999052
A,V2V-Base,1,30,0.0,5,43,0.999
A,V2V-Base,1,30,0.0,5,44,0.998974
A,V2V-Base,1,30,0.0,5,45,0.999006
A,V2V-Base,1,30,0.0,5,46,0.999085
A,V2V-Base,1,30,0.0,5,47,0.998985
A,V2V-Base,1,30,0.0,5,48,0.999033
A,V2V-Base,1,30,0.0,5,49,0.998945
A,V2V-Base,1,30,0.0,5,50,0.998921
A,V2V-Base,1,30,0.0,5,51,0.998993
A,Random-K,1,30,0.0,5,42,0.998844
A,Random-K,1,30,0.0,5,43,0.998744
A,Random-K,1,30,0.0,5,44,0.998718
A,Random-K,1,30,0.0,5,45,0.998793
A,Random-K,1,30,0.0,5,46,0.99898
A,Random-K,1,30,0.0,5,47,0.998792
A,Random-K,1,30,0.0,5,48,0.998821
A,Random-K,1,30,0.0,5,49,0.998841
A,Random-K,1,30,0.0,5,50,0.998795
A,Random-K,1,30,0.0,5,51,0.998867
A,RILP,1,30,1.0,5,42,0.438597
A,RILP,1,30,1.0,5,43,0.438309
A,RILP,1,30,1.0,5,44,0.43795
A,RILP,1,30,1.0,5,45,0.438401
A,RILP,1,30,1.0,5,46,0.438459
A,RILP,1,30,1.0,5,47,0.438293
A,RILP,1,30,1.0,5,48,0.438365
A,RILP,1,30,1.0,5,49,0.438517
A,RILP,1,30,1.0,5,50,0.438314
A,RILP,1,30,1.0,5,51,0.438208
A,RILP-Greedy,1,30,1.0,5,42,0.438597
A,RILP-Greedy,1,30,1.0,5,43,0.438309
A,RILP-Greedy,1,30,1.0,5,44,0.43795
A,RILP-Greedy,1,30,1.0,5,45,0.438401
A,RILP-Greedy,1,30,1.0,5,46,0.438459
A,RILP-Greedy,1,30,1.0,5,47,0.438293
A,RILP-Greedy,1,30,1.0,5,48,0.438365
A,RILP-Greedy,1,30,1.0,5,49,0.438517
A,RILP-Greedy,1,30,1.0,5,50,0.438314
A,RILP-Greedy,1,30,1.0,5,51,0.438208
A,Nam2023b,1,30,1.0,5,42,0.291326
A,Nam2023b,1,30,1.0,5,43,0.291342
A,Nam2023b,1,30,1.0,5,44,0.291302
A,Nam2023b,1,30,1.0,5,45,0.291472
A,Nam2023b,1,30,1.0,5,46,0.291521
A,Nam2023b,1,30,1.0,5,47,0.291313
A,Nam2023b,1,30,1.0,5,48,0.29125
A,Nam2023b,1,30,1.0,5,49,0.291488
A,Nam2023b,1,30,1.0,5,50,0.291399
A,Nam2023b,1,30,1.0,5,51,0.291466
A,Nam2025,1,30,1.0,5,42,0.438597
A,Nam2025,1,30,1.0,5,43,0.438309
A,Nam2025,1,30,1.0,5,44,0.43795
A,Nam2025,1,30,1.0,5,45,0.438401
A,Nam2025,1,30,1.0,5,46,0.438459
A,Nam2025,1,30,1.0,5,47,0.438293
A,Nam2025,1,30,1.0,5,48,0.438365
A,Nam2025,1,30,1.0,5,49,0.438517
A,Nam2025,1,30,1.0,5,50,0.438314
A,Nam2025,1,30,1.0,5,51,0.438208
A,Youn2026,1,30,1.0,5,42,0.438597
A,Youn2026,1,30,1.0,5,43,0.438309
A,Youn2026,1,30,1.0,5,44,0.43795
A,Youn2026,1,30,1.0,5,45,0.438401
A,Youn2026,1,30,1.0,5,46,0.438459
A,Youn2026,1,30,1.0,5,47,0.438293
A,Youn2026,1,30,1.0,5,48,0.438365
A,Youn2026,1,30,1.0,5,49,0.438517
A,Youn2026,1,30,1.0,5,50,0.438314
A,Youn2026,1,30,1.0,5,51,0.438208
A,V2I-Base,1,30,1.0,5,42,0.438597
A,V2I-Base,1,30,1.0,5,43,0.438309
A,V2I-Base,1,30,1.0,5,44,0.43795
A,V2I-Base,1,30,1.0,5,45,0.438401
A,V2I-Base,1,30,1.0,5,46,0.438459
A,V2I-Base,1,30,1.0,5,47,0.438293
A,V2I-Base,1,30,1.0,5,48,0.438365
A,V2I-Base,1,30,1.0,5,49,0.438517
A,V2I-Base,1,30,1.0,5,50,0.438314
A,V2I-Base,1,30,1.0,5,51,0.438208
A,V2V-Base,1,30,1.0,5,42,0.999052
A,V2V-Base,1,30,1.0,5,43,0.999
A,V2V-Base,1,30,1.0,5,44,0.998974
A,V2V-Base,1,30,1.0,5,45,0.999006
A,V2V-Base,1,30,1.0,5,46,0.999085
A,V2V-Base,1,30,1.0,5,47,0.998985
A,V2V-Base,1,30,1.0,5,48,0.999033
A,V2V-Base,1,30,1.0,5,49,0.998945
A,V2V-Base,1,30,1.0,5,50,0.998921
A,V2V-Base,1,30,1.0,5,51,0.998993
A,Random-K,1,30,1.0,5,42,0.998844
A,Random-K,1,30,1.0,5,43,0.998744
A,Random-K,1,30,1.0,5,44,0.998718
A,Random-K,1,30,1.0,5,45,0.998793
A,Random-K,1,30,1.0,5,46,0.99898
A,Random-K,1,30,1.0,5,47,0.998792
A,Random-K,1,30,1.0,5,48,0.998821
A,Random-K,1,30,1.0,5,49,0.998841
A,Random-K,1,30,1.0,5,50,0.998795
A,Random-K,1,30,1.0,5,51,0.998867
A,RILP,1,30,2.0,5,42,0.438597
A,RILP,1,30,2.0,5,43,0.438309
A,RILP,1,30,2.0,5,44,0.43795
A,RILP,1,30,2.0,5,45,0.438401
A,RILP,1,30,2.0,5,46,0.438459
A,RILP,1,30,2.0,5,47,0.438293
A,RILP,1,30,2.0,5,48,0.438365
A,RILP,1,30,2.0,5,49,0.438517
A,RILP,1,30,2.0,5,50,0.438314
A,RILP,1,30,2.0,5,51,0.438208
A,RILP-Greedy,1,30,2.0,5,42,0.438597
A,RILP-Greedy,1,30,2.0,5,43,0.438309
A,RILP-Greedy,1,30,2.0,5,44,0.43795
A,RILP-Greedy,1,30,2.0,5,45,0.438401
A,RILP-Greedy,1,30,2.0,5,46,0.438459
A,RILP-Greedy,1,30,2.0,5,47,0.438293
A,RILP-Greedy,1,30,2.0,5,48,0.438365
A,RILP-Greedy,1,30,2.0,5,49,0.438517
A,RILP-Greedy,1,30,2.0,5,50,0.438314
A,RILP-Greedy,1,30,2.0,5,51,0.438208
A,Nam2023b,1,30,2.0,5,42,0.291326
A,Nam2023b,1,30,2.0,5,43,0.291342
A,Nam2023b,1,30,2.0,5,44,0.291302
A,Nam2023b,1,30,2.0,5,45,0.291472
A,Nam2023b,1,30,2.0,5,46,0.291521
A,Nam2023b,1,30,2.0,5,47,0.291313
A,Nam2023b,1,30,2.0,5,48,0.29125
A,Nam2023b,1,30,2.0,5,49,0.291488
A,Nam2023b,1,30,2.0,5,50,0.291399
A,Nam2023b,1,30,2.0,5,51,0.291466
A,Nam2025,1,30,2.0,5,42,0.438597
A,Nam2025,1,30,2.0,5,43,0.438309
A,Nam2025,1,30,2.0,5,44,0.43795
A,Nam2025,1,30,2.0,5,45,0.438401
A,Nam2025,1,30,2.0,5,46,0.438459
A,Nam2025,1,30,2.0,5,47,0.438293
A,Nam2025,1,30,2.0,5,48,0.438365
A,Nam2025,1,30,2.0,5,49,0.438517
A,Nam2025,1,30,2.0,5,50,0.438314
A,Nam2025,1,30,2.0,5,51,0.438208
A,Youn2026,1,30,2.0,5,42,0.438597
A,Youn2026,1,30,2.0,5,43,0.438309
A,Youn2026,1,30,2.0,5,44,0.43795
A,Youn2026,1,30,2.0,5,45,0.438401
A,Youn2026,1,30,2.0,5,46,0.438459
A,Youn2026,1,30,2.0,5,47,0.438293
A,Youn2026,1,30,2.0,5,48,0.438365
A,Youn2026,1,30,2.0,5,49,0.438517
A,Youn2026,1,30,2.0,5,50,0.438314
A,Youn2026,1,30,2.0,5,51,0.438208
A,V2I-Base,1,30,2.0,5,42,0.438597
A,V2I-Base,1,30,2.0,5,43,0.438309
A,V2I-Base,1,30,2.0,5,44,0.43795
A,V2I-Base,1,30,2.0,5,45,0.438401
A,V2I-Base,1,30,2.0,5,46,0.438459
A,V2I-Base,1,30,2.0,5,47,0.438293
A,V2I-Base,1,30,2.0,5,48,0.438365
A,V2I-Base,1,30,2.0,5,49,0.438517
A,V2I-Base,1,30,2.0,5,50,0.438314
A,V2I-Base,1,30,2.0,5,51,0.438208
A,V2V-Base,1,30,2.0,5,42,0.999052
A,V2V-Base,1,30,2.0,5,43,0.999
A,V2V-Base,1,30,2.0,5,44,0.998974
A,V2V-Base,1,30,2.0,5,45,0.999006
A,V2V-Base,1,30,2.0,5,46,0.999085
A,V2V-Base,1,30,2.0,5,47,0.998985
A,V2V-Base,1,30,2.0,5,48,0.999033
A,V2V-Base,1,30,2.0,5,49,0.998945
A,V2V-Base,1,30,2.0,5,50,0.998921
A,V2V-Base,1,30,2.0,5,51,0.998993
A,Random-K,1,30,2.0,5,42,0.998844
A,Random-K,1,30,2.0,5,43,0.998744
A,Random-K,1,30,2.0,5,44,0.998718
A,Random-K,1,30,2.0,5,45,0.998793
A,Random-K,1,30,2.0,5,46,0.99898
A,Random-K,1,30,2.0,5,47,0.998792
A,Random-K,1,30,2.0,5,48,0.998821
A,Random-K,1,30,2.0,5,49,0.998841
A,Random-K,1,30,2.0,5,50,0.998795
A,Random-K,1,30,2.0,5,51,0.998867
A,RILP,1,30,3.0,5,42,0.438597
A,RILP,1,30,3.0,5,43,0.438309
A,RILP,1,30,3.0,5,44,0.43795
A,RILP,1,30,3.0,5,45,0.438401
A,RILP,1,30,3.0,5,46,0.438459
A,RILP,1,30,3.0,5,47,0.438293
A,RILP,1,30,3.0,5,48,0.438365
A,RILP,1,30,3.0,5,49,0.438517
A,RILP,1,30,3.0,5,50,0.438314
A,RILP,1,30,3.0,5,51,0.438208
A,RILP-Greedy,1,30,3.0,5,42,0.438597
A,RILP-Greedy,1,30,3.0,5,43,0.438309
A,RILP-Greedy,1,30,3.0,5,44,0.43795
A,RILP-Greedy,1,30,3.0,5,45,0.438401
A,RILP-Greedy,1,30,3.0,5,46,0.438459
A,RILP-Greedy,1,30,3.0,5,47,0.438293
A,RILP-Greedy,1,30,3.0,5,48,0.438365
A,RILP-Greedy,1,30,3.0,5,49,0.438517
A,RILP-Greedy,1,30,3.0,5,50,0.438314
A,RILP-Greedy,1,30,3.0,5,51,0.438208
A,Nam2023b,1,30,3.0,5,42,0.291326
A,Nam2023b,1,30,3.0,5,43,0.291342
A,Nam2023b,1,30,3.0,5,44,0.291302
A,Nam2023b,1,30,3.0,5,45,0.291472
A,Nam2023b,1,30,3.0,5,46,0.291521
A,Nam2023b,1,30,3.0,5,47,0.291313
A,Nam2023b,1,30,3.0,5,48,0.29125
A,Nam2023b,1,30,3.0,5,49,0.291488
A,Nam2023b,1,30,3.0,5,50,0.291399
A,Nam2023b,1,30,3.0,5,51,0.291466
A,Nam2025,1,30,3.0,5,42,0.438597
A,Nam2025,1,30,3.0,5,43,0.438309
A,Nam2025,1,30,3.0,5,44,0.43795
A,Nam2025,1,30,3.0,5,45,0.438401
A,Nam2025,1,30,3.0,5,46,0.438459
A,Nam2025,1,30,3.0,5,47,0.438293
A,Nam2025,1,30,3.0,5,48,0.438365
A,Nam2025,1,30,3.0,5,49,0.438517
A,Nam2025,1,30,3.0,5,50,0.438314
A,Nam2025,1,30,3.0,5,51,0.438208
A,Youn2026,1,30,3.0,5,42,0.438597
A,Youn2026,1,30,3.0,5,43,0.438309
A,Youn2026,1,30,3.0,5,44,0.43795
A,Youn2026,1,30,3.0,5,45,0.438401
A,Youn2026,1,30,3.0,5,46,0.438459
A,Youn2026,1,30,3.0,5,47,0.438293
A,Youn2026,1,30,3.0,5,48,0.438365
A,Youn2026,1,30,3.0,5,49,0.438517
A,Youn2026,1,30,3.0,5,50,0.438314
A,Youn2026,1,30,3.0,5,51,0.438208
A,V2I-Base,1,30,3.0,5,42,0.438597
A,V2I-Base,1,30,3.0,5,43,0.438309
A,V2I-Base,1,30,3.0,5,44,0.43795
A,V2I-Base,1,30,3.0,5,45,0.438401
A,V2I-Base,1,30,3.0,5,46,0.438459
A,V2I-Base,1,30,3.0,5,47,0.438293
A,V2I-Base,1,30,3.0,5,48,0.438365
A,V2I-Base,1,30,3.0,5,49,0.438517
A,V2I-Base,1,30,3.0,5,50,0.438314
A,V2I-Base,1,30,3.0,5,51,0.438208
A,V2V-Base,1,30,3.0,5,42,0.999052
A,V2V-Base,1,30,3.0,5,43,0.999
A,V2V-Base,1,30,3.0,5,44,0.998974
A,V2V-Base,1,30,3.0,5,45,0.999006
A,V2V-Base,1,30,3.0,5,46,0.999085
A,V2V-Base,1,30,3.0,5,47,0.998985
A,V2V-Base,1,30,3.0,5,48,0.999033
A,V2V-Base,1,30,3.0,5,49,0.998945
A,V2V-Base,1,30,3.0,5,50,0.998921
A,V2V-Base,1,30,3.0,5,51,0.998993
A,Random-K,1,30,3.0,5,42,0.998844
A,Random-K,1,30,3.0,5,43,0.998744
A,Random-K,1,30,3.0,5,44,0.998718
A,Random-K,1,30,3.0,5,45,0.998793
A,Random-K,1,30,3.0,5,46,0.99898
A,Random-K,1,30,3.0,5,47,0.998792
A,Random-K,1,30,3.0,5,48,0.998821
A,Random-K,1,30,3.0,5,49,0.998841
A,Random-K,1,30,3.0,5,50,0.998795
A,Random-K,1,30,3.0,5,51,0.998867
A,RILP,2,0,0.0,5,42,0.438597
A,RILP,2,0,0.0,5,43,0.438309
A,RILP,2,0,0.0,5,44,0.43795
A,RILP,2,0,0.0,5,45,0.438401
A,RILP,2,0,0.0,5,46,0.438459
A,RILP,2,0,0.0,5,47,0.438293
A,RILP,2,0,0.0,5,48,0.438365
A,RILP,2,0,0.0,5,49,0.438517
A,RILP,2,0,0.0,5,50,0.438314
A,RILP,2,0,0.0,5,51,0.438208
A,RILP-Greedy,2,0,0.0,5,42,0.438597
A,RILP-Greedy,2,0,0.0,5,43,0.438309
A,RILP-Greedy,2,0,0.0,5,44,0.43795
A,RILP-Greedy,2,0,0.0,5,45,0.438401
A,RILP-Greedy,2,0,0.0,5,46,0.438459
A,RILP-Greedy,2,0,0.0,5,47,0.438293
A,RILP-Greedy,2,0,0.0,5,48,0.438365
A,RILP-Greedy,2,0,0.0,5,49,0.438517
A,RILP-Greedy,2,0,0.0,5,50,0.438314
A,RILP-Greedy,2,0,0.0,5,51,0.438208
A,Nam2023b,2,0,0.0,5,42,0.291326
A,Nam2023b,2,0,0.0,5,43,0.291342
A,Nam2023b,2,0,0.0,5,44,0.291302
A,Nam2023b,2,0,0.0,5,45,0.291472
A,Nam2023b,2,0,0.0,5,46,0.291521
A,Nam2023b,2,0,0.0,5,47,0.291313
A,Nam2023b,2,0,0.0,5,48,0.29125
A,Nam2023b,2,0,0.0,5,49,0.291488
A,Nam2023b,2,0,0.0,5,50,0.291399
A,Nam2023b,2,0,0.0,5,51,0.291466
A,Nam2025,2,0,0.0,5,42,0.438597
A,Nam2025,2,0,0.0,5,43,0.438309
A,Nam2025,2,0,0.0,5,44,0.43795
A,Nam2025,2,0,0.0,5,45,0.438401
A,Nam2025,2,0,0.0,5,46,0.438459
A,Nam2025,2,0,0.0,5,47,0.438293
A,Nam2025,2,0,0.0,5,48,0.438365
A,Nam2025,2,0,0.0,5,49,0.438517
A,Nam2025,2,0,0.0,5,50,0.438314
A,Nam2025,2,0,0.0,5,51,0.438208
A,Youn2026,2,0,0.0,5,42,0.438597
A,Youn2026,2,0,0.0,5,43,0.438309
A,Youn2026,2,0,0.0,5,44,0.43795
A,Youn2026,2,0,0.0,5,45,0.438401
A,Youn2026,2,0,0.0,5,46,0.438459
A,Youn2026,2,0,0.0,5,47,0.438293
A,Youn2026,2,0,0.0,5,48,0.438365
A,Youn2026,2,0,0.0,5,49,0.438517
A,Youn2026,2,0,0.0,5,50,0.438314
A,Youn2026,2,0,0.0,5,51,0.438208
A,V2I-Base,2,0,0.0,5,42,0.438597
A,V2I-Base,2,0,0.0,5,43,0.438309
A,V2I-Base,2,0,0.0,5,44,0.43795
A,V2I-Base,2,0,0.0,5,45,0.438401
A,V2I-Base,2,0,0.0,5,46,0.438459
A,V2I-Base,2,0,0.0,5,47,0.438293
A,V2I-Base,2,0,0.0,5,48,0.438365
A,V2I-Base,2,0,0.0,5,49,0.438517
A,V2I-Base,2,0,0.0,5,50,0.438314
A,V2I-Base,2,0,0.0,5,51,0.438208
A,V2V-Base,2,0,0.0,5,42,0.999052
A,V2V-Base,2,0,0.0,5,43,0.999
A,V2V-Base,2,0,0.0,5,44,0.998974
A,V2V-Base,2,0,0.0,5,45,0.999006
A,V2V-Base,2,0,0.0,5,46,0.999419
A,V2V-Base,2,0,0.0,5,47,0.999388
A,V2V-Base,2,0,0.0,5,48,0.999399
A,V2V-Base,2,0,0.0,5,49,0.999443
A,V2V-Base,2,0,0.0,5,50,0.999397
A,V2V-Base,2,0,0.0,5,51,0.999442
A,Random-K,2,0,0.0,5,42,0.999313
A,Random-K,2,0,0.0,5,43,0.999273
A,Random-K,2,0,0.0,5,44,0.999326
A,Random-K,2,0,0.0,5,45,0.999333
A,Random-K,2,0,0.0,5,46,0.999339
A,Random-K,2,0,0.0,5,47,0.999294
A,Random-K,2,0,0.0,5,48,0.999271
A,Random-K,2,0,0.0,5,49,0.999342
A,Random-K,2,0,0.0,5,50,0.999301
A,Random-K,2,0,0.0,5,51,0.999348
A,RILP,2,0,1.0,5,42,0.438391
A,RILP,2,0,1.0,5,43,0.438274
A,RILP,2,0,1.0,5,44,0.4381
A,RILP,2,0,1.0,5,45,0.438247
A,RILP,2,0,1.0,5,46,0.438195
A,RILP,2,0,1.0,5,47,0.438199
A,RILP,2,0,1.0,5,48,0.438404
A,RILP,2,0,1.0,5,49,0.438367
A,RILP,2,0,1.0,5,50,0.438288
A,RILP,2,0,1.0,5,51,0.438235
A,RILP-Greedy,2,0,1.0,5,42,0.438391
A,RILP-Greedy,2,0,1.0,5,43,0.438274
A,RILP-Greedy,2,0,1.0,5,44,0.4381
A,RILP-Greedy,2,0,1.0,5,45,0.438247
A,RILP-Greedy,2,0,1.0,5,46,0.438195
A,RILP-Greedy,2,0,1.0,5,47,0.438199
A,RILP-Greedy,2,0,1.0,5,48,0.438404
A,RILP-Greedy,2,0,1.0,5,49,0.438367
A,RILP-Greedy,2,0,1.0,5,50,0.438288
A,RILP-Greedy,2,0,1.0,5,51,0.438235
A,Nam2023b,2,0,1.0,5,42,0.291445
A,Nam2023b,2,0,1.0,5,43,0.291402
A,Nam2023b,2,0,1.0,5,44,0.291288
A,Nam2023b,2,0,1.0,5,45,0.291153
A,Nam2023b,2,0,1.0,5,46,0.291536
A,Nam2023b,2,0,1.0,5,47,0.291384
A,Nam2023b,2,0,1.0,5,48,0.2915
A,Nam2023b,2,0,1.0,5,49,0.291436
A,Nam2023b,2,0,1.0,5,50,0.291341
A,Nam2023b,2,0,1.0,5,51,0.291282
A,Nam2025,2,0,1.0,5,42,0.438391
A,Nam2025,2,0,1.0,5,43,0.438274
A,Nam2025,2,0,1.0,5,44,0.4381
A,Nam2025,2,0,1.0,5,45,0.438247
A,Nam2025,2,0,1.0,5,46,0.438195
A,Nam2025,2,0,1.0,5,47,0.438199
A,Nam2025,2,0,1.0,5,48,0.438404
A,Nam2025,2,0,1.0,5,49,0.438367
A,Nam2025,2,0,1.0,5,50,0.438288
A,Nam2025,2,0,1.0,5,51,0.438235
A,Youn2026,2,0,1.0,5,42,0.438391
A,Youn2026,2,0,1.0,5,43,0.438274
A,Youn2026,2,0,1.0,5,44,0.4381
A,Youn2026,2,0,1.0,5,45,0.438247
A,Youn2026,2,0,1.0,5,46,0.438195
A,Youn2026,2,0,1.0,5,47,0.438199
A,Youn2026,2,0,1.0,5,48,0.438404
A,Youn2026,2,0,1.0,5,49,0.438367
A,Youn2026,2,0,1.0,5,50,0.438288
A,Youn2026,2,0,1.0,5,51,0.438235
A,V2I-Base,2,0,1.0,5,42,0.438391
A,V2I-Base,2,0,1.0,5,43,0.438274
A,V2I-Base,2,0,1.0,5,44,0.4381
A,V2I-Base,2,0,1.0,5,45,0.438247
A,V2I-Base,2,0,1.0,5,46,0.438195
A,V2I-Base,2,0,1.0,5,47,0.438199
A,V2I-Base,2,0,1.0,5,48,0.438404
A,V2I-Base,2,0,1.0,5,49,0.438367
A,V2I-Base,2,0,1.0,5,50,0.438288
A,V2I-Base,2,0,1.0,5,51,0.438235
A,V2V-Base,2,0,1.0,5,42,0.999446
A,V2V-Base,2,0,1.0,5,43,0.999435
A,V2V-Base,2,0,1.0,5,44,0.99943
A,V2V-Base,2,0,1.0,5,45,0.999391
A,V2V-Base,2,0,1.0,5,46,0.999419
A,V2V-Base,2,0,1.0,5,47,0.999388
A,V2V-Base,2,0,1.0,5,48,0.999399
A,V2V-Base,2,0,1.0,5,49,0.999443
A,V2V-Base,2,0,1.0,5,50,0.999397
A,V2V-Base,2,0,1.0,5,51,0.999442
A,Random-K,2,0,1.0,5,42,0.999313
A,Random-K,2,0,1.0,5,43,0.999273
A,Random-K,2,0,1.0,5,44,0.999326
A,Random-K,2,0,1.0,5,45,0.999333
A,Random-K,2,0,1.0,5,46,0.999339
A,Random-K,2,0,1.0,5,47,0.999294
A,Random-K,2,0,1.0,5,48,0.999271
A,Random-K,2,0,1.0,5,49,0.999342
A,Random-K,2,0,1.0,5,50,0.999301
A,Random-K,2,0,1.0,5,51,0.999348
A,RILP,2,0,2.0,5,42,0.438391
A,RILP,2,0,2.0,5,43,0.438274
A,RILP,2,0,2.0,5,44,0.4381
A,RILP,2,0,2.0,5,45,0.438247
A,RILP,2,0,2.0,5,46,0.438195
A,RILP,2,0,2.0,5,47,0.438199
A,RILP,2,0,2.0,5,48,0.438404
A,RILP,2,0,2.0,5,49,0.438367
A,RILP,2,0,2.0,5,50,0.438288
A,RILP,2,0,2.0,5,51,0.438235
A,RILP-Greedy,2,0,2.0,5,42,0.438391
A,RILP-Greedy,2,0,2.0,5,43,0.438274
A,RILP-Greedy,2,0,2.0,5,44,0.4381
A,RILP-Greedy,2,0,2.0,5,45,0.438247
A,RILP-Greedy,2,0,2.0,5,46,0.438195
A,RILP-Greedy,2,0,2.0,5,47,0.438199
A,RILP-Greedy,2,0,2.0,5,48,0.438404
A,RILP-Greedy,2,0,2.0,5,49,0.438367
A,RILP-Greedy,2,0,2.0,5,50,0.438288
A,RILP-Greedy,2,0,2.0,5,51,0.438235
A,Nam2023b,2,0,2.0,5,42,0.291445
A,Nam2023b,2,0,2.0,5,43,0.291402
A,Nam2023b,2,0,2.0,5,44,0.291288
A,Nam2023b,2,0,2.0,5,45,0.291153
A,Nam2023b,2,0,2.0,5,46,0.291536
A,Nam2023b,2,0,2.0,5,47,0.291384
A,Nam2023b,2,0,2.0,5,48,0.2915
A,Nam2023b,2,0,2.0,5,49,0.291436
A,Nam2023b,2,0,2.0,5,50,0.291341
A,Nam2023b,2,0,2.0,5,51,0.291282
A,Nam2025,2,0,2.0,5,42,0.438391
A,Nam2025,2,0,2.0,5,43,0.438274
A,Nam2025,2,0,2.0,5,44,0.4381
A,Nam2025,2,0,2.0,5,45,0.438247
A,Nam2025,2,0,2.0,5,46,0.438195
A,Nam2025,2,0,2.0,5,47,0.438199
A,Nam2025,2,0,2.0,5,48,0.438404
A,Nam2025,2,0,2.0,5,49,0.438367
A,Nam2025,2,0,2.0,5,50,0.438288
A,Nam2025,2,0,2.0,5,51,0.438235
A,Youn2026,2,0,2.0,5,42,0.438391
A,Youn2026,2,0,2.0,5,43,0.438274
A,Youn2026,2,0,2.0,5,44,0.4381
A,Youn2026,2,0,2.0,5,45,0.438247
A,Youn2026,2,0,2.0,5,46,0.438195
A,Youn2026,2,0,2.0,5,47,0.438199
A,Youn2026,2,0,2.0,5,48,0.438404
A,Youn2026,2,0,2.0,5,49,0.438367
A,Youn2026,2,0,2.0,5,50,0.438288
A,Youn2026,2,0,2.0,5,51,0.438235
A,V2I-Base,2,0,2.0,5,42,0.438391
A,V2I-Base,2,0,2.0,5,43,0.438274
A,V2I-Base,2,0,2.0,5,44,0.4381
A,V2I-Base,2,0,2.0,5,45,0.438247
A,V2I-Base,2,0,2.0,5,46,0.438195
A,V2I-Base,2,0,2.0,5,47,0.438199
A,V2I-Base,2,0,2.0,5,48,0.438404
A,V2I-Base,2,0,2.0,5,49,0.438367
A,V2I-Base,2,0,2.0,5,50,0.438288
A,V2I-Base,2,0,2.0,5,51,0.438235
A,V2V-Base,2,0,2.0,5,42,0.999446
A,V2V-Base,2,0,2.0,5,43,0.999435
A,V2V-Base,2,0,2.0,5,44,0.99943
A,V2V-Base,2,0,2.0,5,45,0.999391
A,V2V-Base,2,0,2.0,5,46,0.999419
A,V2V-Base,2,0,2.0,5,47,0.999388
A,V2V-Base,2,0,2.0,5,48,0.999399
A,V2V-Base,2,0,2.0,5,49,0.999443
A,V2V-Base,2,0,2.0,5,50,0.999397
A,V2V-Base,2,0,2.0,5,51,0.999442
A,Random-K,2,0,2.0,5,42,0.999313
A,Random-K,2,0,2.0,5,43,0.999273
A,Random-K,2,0,2.0,5,44,0.999326
A,Random-K,2,0,2.0,5,45,0.999333
A,Random-K,2,0,2.0,5,46,0.999339
A,Random-K,2,0,2.0,5,47,0.999294
A,Random-K,2,0,2.0,5,48,0.999271
A,Random-K,2,0,2.0,5,49,0.999342
A,Random-K,2,0,2.0,5,50,0.999301
A,Random-K,2,0,2.0,5,51,0.999348
A,RILP,2,0,3.0,5,42,0.438391
A,RILP,2,0,3.0,5,43,0.438274
A,RILP,2,0,3.0,5,44,0.4381
A,RILP,2,0,3.0,5,45,0.438247
A,RILP,2,0,3.0,5,46,0.438195
A,RILP,2,0,3.0,5,47,0.438199
A,RILP,2,0,3.0,5,48,0.438404
A,RILP,2,0,3.0,5,49,0.438367
A,RILP,2,0,3.0,5,50,0.438288
A,RILP,2,0,3.0,5,51,0.438235
A,RILP-Greedy,2,0,3.0,5,42,0.438391
A,RILP-Greedy,2,0,3.0,5,43,0.438274
A,RILP-Greedy,2,0,3.0,5,44,0.4381
A,RILP-Greedy,2,0,3.0,5,45,0.438247
A,RILP-Greedy,2,0,3.0,5,46,0.438195
A,RILP-Greedy,2,0,3.0,5,47,0.438199
A,RILP-Greedy,2,0,3.0,5,48,0.438404
A,RILP-Greedy,2,0,3.0,5,49,0.438367
A,RILP-Greedy,2,0,3.0,5,50,0.438288
A,RILP-Greedy,2,0,3.0,5,51,0.438235
A,Nam2023b,2,0,3.0,5,42,0.291445
A,Nam2023b,2,0,3.0,5,43,0.291402
A,Nam2023b,2,0,3.0,5,44,0.291288
A,Nam2023b,2,0,3.0,5,45,0.291153
A,Nam2023b,2,0,3.0,5,46,0.291536
A,Nam2023b,2,0,3.0,5,47,0.291384
A,Nam2023b,2,0,3.0,5,48,0.2915
A,Nam2023b,2,0,3.0,5,49,0.291436
A,Nam2023b,2,0,3.0,5,50,0.291341
A,Nam2023b,2,0,3.0,5,51,0.291282
A,Nam2025,2,0,3.0,5,42,0.438391
A,Nam2025,2,0,3.0,5,43,0.438274
A,Nam2025,2,0,3.0,5,44,0.4381
A,Nam2025,2,0,3.0,5,45,0.438247
A,Nam2025,2,0,3.0,5,46,0.438195
A,Nam2025,2,0,3.0,5,47,0.438199
A,Nam2025,2,0,3.0,5,48,0.438404
A,Nam2025,2,0,3.0,5,49,0.438367
A,Nam2025,2,0,3.0,5,50,0.438288
A,Nam2025,2,0,3.0,5,51,0.438235
A,Youn2026,2,0,3.0,5,42,0.438391
A,Youn2026,2,0,3.0,5,43,0.438274
A,Youn2026,2,0,3.0,5,44,0.4381
A,Youn2026,2,0,3.0,5,45,0.438247
A,Youn2026,2,0,3.0,5,46,0.438195
A,Youn2026,2,0,3.0,5,47,0.438199
A,Youn2026,2,0,3.0,5,48,0.438404
A,Youn2026,2,0,3.0,5,49,0.438367
A,Youn2026,2,0,3.0,5,50,0.438288
A,Youn2026,2,0,3.0,5,51,0.438235
A,V2I-Base,2,0,3.0,5,42,0.438391
A,V2I-Base,2,0,3.0,5,43,0.438274
A,V2I-Base,2,0,3.0,5,44,0.4381
A,V2I-Base,2,0,3.0,5,45,0.438247
A,V2I-Base,2,0,3.0,5,46,0.438195
A,V2I-Base,2,0,3.0,5,47,0.438199
A,V2I-Base,2,0,3.0,5,48,0.438404
A,V2I-Base,2,0,3.0,5,49,0.438367
A,V2I-Base,2,0,3.0,5,50,0.438288
A,V2I-Base,2,0,3.0,5,51,0.438235
A,V2V-Base,2,0,3.0,5,42,0.999446
A,V2V-Base,2,0,3.0,5,43,0.999435
A,V2V-Base,2,0,3.0,5,44,0.99943
A,V2V-Base,2,0,3.0,5,45,0.999391
A,V2V-Base,2,0,3.0,5,46,0.999419
A,V2V-Base,2,0,3.0,5,47,0.999388
A,V2V-Base,2,0,3.0,5,48,0.999399
A,V2V-Base,2,0,3.0,5,49,0.999443
A,V2V-Base,2,0,3.0,5,50,0.999397
A,V2V-Base,2,0,3.0,5,51,0.999442
A,Random-K,2,0,3.0,5,42,0.999313
A,Random-K,2,0,3.0,5,43,0.999273
A,Random-K,2,0,3.0,5,44,0.999326
A,Random-K,2,0,3.0,5,45,0.999333
A,Random-K,2,0,3.0,5,46,0.999339
A,Random-K,2,0,3.0,5,47,0.999294
A,Random-K,2,0,3.0,5,48,0.999271
A,Random-K,2,0,3.0,5,49,0.999342
A,Random-K,2,0,3.0,5,50,0.999301
A,Random-K,2,0,3.0,5,51,0.999348
A,RILP,2,10,0.0,5,42,0.438391
A,RILP,2,10,0.0,5,43,0.438274
A,RILP,2,10,0.0,5,44,0.4381
A,RILP,2,10,0.0,5,45,0.438247
A,RILP,2,10,0.0,5,46,0.438195
A,RILP,2,10,0.0,5,47,0.438199
A,RILP,2,10,0.0,5,48,0.438404
A,RILP,2,10,0.0,5,49,0.438367
A,RILP,2,10,0.0,5,50,0.438288
A,RILP,2,10,0.0,5,51,0.438235
A,RILP-Greedy,2,10,0.0,5,42,0.438391
A,RILP-Greedy,2,10,0.0,5,43,0.438274
A,RILP-Greedy,2,10,0.0,5,44,0.4381
A,RILP-Greedy,2,10,0.0,5,45,0.438247
A,RILP-Greedy,2,10,0.0,5,46,0.438195
A,RILP-Greedy,2,10,0.0,5,47,0.438199
A,RILP-Greedy,2,10,0.0,5,48,0.438404
A,RILP-Greedy,2,10,0.0,5,49,0.438367
A,RILP-Greedy,2,10,0.0,5,50,0.438288
A,RILP-Greedy,2,10,0.0,5,51,0.438235
A,Nam2023b,2,10,0.0,5,42,0.291445
A,Nam2023b,2,10,0.0,5,43,0.291402
A,Nam2023b,2,10,0.0,5,44,0.291288
A,Nam2023b,2,10,0.0,5,45,0.291153
A,Nam2023b,2,10,0.0,5,46,0.291536
A,Nam2023b,2,10,0.0,5,47,0.291384
A,Nam2023b,2,10,0.0,5,48,0.2915
A,Nam2023b,2,10,0.0,5,49,0.291436
A,Nam2023b,2,10,0.0,5,50,0.291341
A,Nam2023b,2,10,0.0,5,51,0.291282
A,Nam2025,2,10,0.0,5,42,0.438391
A,Nam2025,2,10,0.0,5,43,0.438274
A,Nam2025,2,10,0.0,5,44,0.4381
A,Nam2025,2,10,0.0,5,45,0.438247
A,Nam2025,2,10,0.0,5,46,0.438195
A,Nam2025,2,10,0.0,5,47,0.438199
A,Nam2025,2,10,0.0,5,48,0.438404
A,Nam2025,2,10,0.0,5,49,0.438367
A,Nam2025,2,10,0.0,5,50,0.438288
A,Nam2025,2,10,0.0,5,51,0.438235
A,Youn2026,2,10,0.0,5,42,0.438391
A,Youn2026,2,10,0.0,5,43,0.438274
A,Youn2026,2,10,0.0,5,44,0.4381
A,Youn2026,2,10,0.0,5,45,0.438247
A,Youn2026,2,10,0.0,5,46,0.438195
A,Youn2026,2,10,0.0,5,47,0.438199
A,Youn2026,2,10,0.0,5,48,0.438404
A,Youn2026,2,10,0.0,5,49,0.438367
A,Youn2026,2,10,0.0,5,50,0.438288
A,Youn2026,2,10,0.0,5,51,0.438235
A,V2I-Base,2,10,0.0,5,42,0.438391
A,V2I-Base,2,10,0.0,5,43,0.438274
A,V2I-Base,2,10,0.0,5,44,0.4381
A,V2I-Base,2,10,0.0,5,45,0.438247
A,V2I-Base,2,10,0.0,5,46,0.438195
A,V2I-Base,2,10,0.0,5,47,0.438199
A,V2I-Base,2,10,0.0,5,48,0.438404
A,V2I-Base,2,10,0.0,5,49,0.438367
A,V2I-Base,2,10,0.0,5,50,0.438288
A,V2I-Base,2,10,0.0,5,51,0.438235
A,V2V-Base,2,10,0.0,5,42,0.999446
A,V2V-Base,2,10,0.0,5,43,0.999435
A,V2V-Base,2,10,0.0,5,44,0.99943
A,V2V-Base,2,10,0.0,5,45,0.999391
A,V2V-Base,2,10,0.0,5,46,0.999419
A,V2V-Base,2,10,0.0,5,47,0.999388
A,V2V-Base,2,10,0.0,5,48,0.999399
A,V2V-Base,2,10,0.0,5,49,0.999443
A,V2V-Base,2,10,0.0,5,50,0.999397
A,V2V-Base,2,10,0.0,5,51,0.999442
A,Random-K,2,10,0.0,5,42,0.999313
A,Random-K,2,10,0.0,5,43,0.999273
A,Random-K,2,10,0.0,5,44,0.999326
A,Random-K,2,10,0.0,5,45,0.999333
A,Random-K,2,10,0.0,5,46,0.999339
A,Random-K,2,10,0.0,5,47,0.999294
A,Random-K,2,10,0.0,5,48,0.999271
A,Random-K,2,10,0.0,5,49,0.999342
A,Random-K,2,10,0.0,5,50,0.999301
A,Random-K,2,10,0.0,5,51,0.999348
A,RILP,2,10,1.0,5,42,0.438391
A,RILP,2,10,1.0,5,43,0.438274
A,RILP,2,10,1.0,5,44,0.4381
A,RILP,2,10,1.0,5,45,0.438247
A,RILP,2,10,1.0,5,46,0.438195
A,RILP,2,10,1.0,5,47,0.438199
A,RILP,2,10,1.0,5,48,0.438404
A,RILP,2,10,1.0,5,49,0.438367
A,RILP,2,10,1.0,5,50,0.438288
A,RILP,2,10,1.0,5,51,0.438235
A,RILP-Greedy,2,10,1.0,5,42,0.438391
A,RILP-Greedy,2,10,1.0,5,43,0.438274
A,RILP-Greedy,2,10,1.0,5,44,0.4381
A,RILP-Greedy,2,10,1.0,5,45,0.438247
A,RILP-Greedy,2,10,1.0,5,46,0.438195
A,RILP-Greedy,2,10,1.0,5,47,0.438199
A,RILP-Greedy,2,10,1.0,5,48,0.438404
A,RILP-Greedy,2,10,1.0,5,49,0.438367
A,RILP-Greedy,2,10,1.0,5,50,0.438288
A,RILP-Greedy,2,10,1.0,5,51,0.438235
A,Nam2023b,2,10,1.0,5,42,0.291445
A,Nam2023b,2,10,1.0,5,43,0.291402
A,Nam2023b,2,10,1.0,5,44,0.291288
A,Nam2023b,2,10,1.0,5,45,0.291153
A,Nam2023b,2,10,1.0,5,46,0.291536
A,Nam2023b,2,10,1.0,5,47,0.291384
A,Nam2023b,2,10,1.0,5,48,0.2915
A,Nam2023b,2,10,1.0,5,49,0.291436
A,Nam2023b,2,10,1.0,5,50,0.291341
A,Nam2023b,2,10,1.0,5,51,0.291282
A,Nam2025,2,10,1.0,5,42,0.438391
A,Nam2025,2,10,1.0,5,43,0.438274
A,Nam2025,2,10,1.0,5,44,0.4381
A,Nam2025,2,10,1.0,5,45,0.438247
A,Nam2025,2,10,1.0,5,46,0.438195
A,Nam2025,2,10,1.0,5,47,0.438199
A,Nam2025,2,10,1.0,5,48,0.438404
A,Nam2025,2,10,1.0,5,49,0.438367
A,Nam2025,2,10,1.0,5,50,0.438288
A,Nam2025,2,10,1.0,5,51,0.438235
A,Youn2026,2,10,1.0,5,42,0.438391
A,Youn2026,2,10,1.0,5,43,0.438274
A,Youn2026,2,10,1.0,5,44,0.4381
A,Youn2026,2,10,1.0,5,45,0.438247
A,Youn2026,2,10,1.0,5,46,0.438195
A,Youn2026,2,10,1.0,5,47,0.438199
A,Youn2026,2,10,1.0,5,48,0.438404
A,Youn2026,2,10,1.0,5,49,0.438367
A,Youn2026,2,10,1.0,5,50,0.438288
A,Youn2026,2,10,1.0,5,51,0.438235
A,V2I-Base,2,10,1.0,5,42,0.438391
A,V2I-Base,2,10,1.0,5,43,0.438274
A,V2I-Base,2,10,1.0,5,44,0.4381
A,V2I-Base,2,10,1.0,5,45,0.438247
A,V2I-Base,2,10,1.0,5,46,0.438195
A,V2I-Base,2,10,1.0,5,47,0.438199
A,V2I-Base,2,10,1.0,5,48,0.438404
A,V2I-Base,2,10,1.0,5,49,0.438367
A,V2I-Base,2,10,1.0,5,50,0.438288
A,V2I-Base,2,10,1.0,5,51,0.438235
A,V2V-Base,2,10,1.0,5,42,0.999446
A,V2V-Base,2,10,1.0,5,43,0.999435
A,V2V-Base,2,10,1.0,5,44,0.99943
A,V2V-Base,2,10,1.0,5,45,0.999391
A,V2V-Base,2,10,1.0,5,46,0.999419
A,V2V-Base,2,10,1.0,5,47,0.999388
A,V2V-Base,2,10,1.0,5,48,0.999399
A,V2V-Base,2,10,1.0,5,49,0.999443
A,V2V-Base,2,10,1.0,5,50,0.999397
A,V2V-Base,2,10,1.0,5,51,0.999442
A,Random-K,2,10,1.0,5,42,0.999313
A,Random-K,2,10,1.0,5,43,0.999273
A,Random-K,2,10,1.0,5,44,0.999326
A,Random-K,2,10,1.0,5,45,0.999333
A,Random-K,2,10,1.0,5,46,0.999339
A,Random-K,2,10,1.0,5,47,0.999294
A,Random-K,2,10,1.0,5,48,0.999271
A,Random-K,2,10,1.0,5,49,0.999342
A,Random-K,2,10,1.0,5,50,0.999301
A,Random-K,2,10,1.0,5,51,0.999348
A,RILP,2,10,2.0,5,42,0.438391
A,RILP,2,10,2.0,5,43,0.438274
A,RILP,2,10,2.0,5,44,0.4381
A,RILP,2,10,2.0,5,45,0.438247
A,RILP,2,10,2.0,5,46,0.438195
A,RILP,2,10,2.0,5,47,0.438199
A,RILP,2,10,2.0,5,48,0.438404
A,RILP,2,10,2.0,5,49,0.438367
A,RILP,2,10,2.0,5,50,0.438288
A,RILP,2,10,2.0,5,51,0.438235
A,RILP-Greedy,2,10,2.0,5,42,0.438391
A,RILP-Greedy,2,10,2.0,5,43,0.438274
A,RILP-Greedy,2,10,2.0,5,44,0.4381
A,RILP-Greedy,2,10,2.0,5,45,0.438247
A,RILP-Greedy,2,10,2.0,5,46,0.438195
A,RILP-Greedy,2,10,2.0,5,47,0.438199
A,RILP-Greedy,2,10,2.0,5,48,0.438404
A,RILP-Greedy,2,10,2.0,5,49,0.438367
A,RILP-Greedy,2,10,2.0,5,50,0.438288
A,RILP-Greedy,2,10,2.0,5,51,0.438235
A,Nam2023b,2,10,2.0,5,42,0.291445
A,Nam2023b,2,10,2.0,5,43,0.291402
A,Nam2023b,2,10,2.0,5,44,0.291288
A,Nam2023b,2,10,2.0,5,45,0.291153
A,Nam2023b,2,10,2.0,5,46,0.291536
A,Nam2023b,2,10,2.0,5,47,0.291384
A,Nam2023b,2,10,2.0,5,48,0.2915
A,Nam2023b,2,10,2.0,5,49,0.291436
A,Nam2023b,2,10,2.0,5,50,0.291341
A,Nam2023b,2,10,2.0,5,51,0.291282
A,Nam2025,2,10,2.0,5,42,0.438391
A,Nam2025,2,10,2.0,5,43,0.438274
A,Nam2025,2,10,2.0,5,44,0.4381
A,Nam2025,2,10,2.0,5,45,0.438247
A,Nam2025,2,10,2.0,5,46,0.438195
A,Nam2025,2,10,2.0,5,47,0.438199
A,Nam2025,2,10,2.0,5,48,0.438404
A,Nam2025,2,10,2.0,5,49,0.438367
A,Nam2025,2,10,2.0,5,50,0.438288
A,Nam2025,2,10,2.0,5,51,0.438235
A,Youn2026,2,10,2.0,5,42,0.438391
A,Youn2026,2,10,2.0,5,43,0.438274
A,Youn2026,2,10,2.0,5,44,0.4381
A,Youn2026,2,10,2.0,5,45,0.438247
A,Youn2026,2,10,2.0,5,46,0.438195
A,Youn2026,2,10,2.0,5,47,0.438199
A,Youn2026,2,10,2.0,5,48,0.438404
A,Youn2026,2,10,2.0,5,49,0.438367
A,Youn2026,2,10,2.0,5,50,0.438288
A,Youn2026,2,10,2.0,5,51,0.438235
A,V2I-Base,2,10,2.0,5,42,0.438391
A,V2I-Base,2,10,2.0,5,43,0.438274
A,V2I-Base,2,10,2.0,5,44,0.4381
A,V2I-Base,2,10,2.0,5,45,0.438247
A,V2I-Base,2,10,2.0,5,46,0.438195
A,V2I-Base,2,10,2.0,5,47,0.438199
A,V2I-Base,2,10,2.0,5,48,0.438404
A,V2I-Base,2,10,2.0,5,49,0.438367
A,V2I-Base,2,10,2.0,5,50,0.438288
A,V2I-Base,2,10,2.0,5,51,0.438235
A,V2V-Base,2,10,2.0,5,42,0.999446
A,V2V-Base,2,10,2.0,5,43,0.999435
A,V2V-Base,2,10,2.0,5,44,0.99943
A,V2V-Base,2,10,2.0,5,45,0.999391
A,V2V-Base,2,10,2.0,5,46,0.999419
A,V2V-Base,2,10,2.0,5,47,0.999388
A,V2V-Base,2,10,2.0,5,48,0.999399
A,V2V-Base,2,10,2.0,5,49,0.999443
A,V2V-Base,2,10,2.0,5,50,0.999397
A,V2V-Base,2,10,2.0,5,51,0.999442
A,Random-K,2,10,2.0,5,42,0.999313
A,Random-K,2,10,2.0,5,43,0.999273
A,Random-K,2,10,2.0,5,44,0.999326
A,Random-K,2,10,2.0,5,45,0.999333
A,Random-K,2,10,2.0,5,46,0.999339
A,Random-K,2,10,2.0,5,47,0.999294
A,Random-K,2,10,2.0,5,48,0.999271
A,Random-K,2,10,2.0,5,49,0.999342
A,Random-K,2,10,2.0,5,50,0.999301
A,Random-K,2,10,2.0,5,51,0.999348
A,RILP,2,10,3.0,5,42,0.438391
A,RILP,2,10,3.0,5,43,0.438274
A,RILP,2,10,3.0,5,44,0.4381
A,RILP,2,10,3.0,5,45,0.438247
A,RILP,2,10,3.0,5,46,0.438195
A,RILP,2,10,3.0,5,47,0.438199
A,RILP,2,10,3.0,5,48,0.438404
A,RILP,2,10,3.0,5,49,0.438367
A,RILP,2,10,3.0,5,50,0.438288
A,RILP,2,10,3.0,5,51,0.438235
A,RILP-Greedy,2,10,3.0,5,42,0.438391
A,RILP-Greedy,2,10,3.0,5,43,0.438274
A,RILP-Greedy,2,10,3.0,5,44,0.4381
A,RILP-Greedy,2,10,3.0,5,45,0.438247
A,RILP-Greedy,2,10,3.0,5,46,0.438195
A,RILP-Greedy,2,10,3.0,5,47,0.438199
A,RILP-Greedy,2,10,3.0,5,48,0.438404
A,RILP-Greedy,2,10,3.0,5,49,0.438367
A,RILP-Greedy,2,10,3.0,5,50,0.438288
A,RILP-Greedy,2,10,3.0,5,51,0.438235
A,Nam2023b,2,10,3.0,5,42,0.291445
A,Nam2023b,2,10,3.0,5,43,0.291402
A,Nam2023b,2,10,3.0,5,44,0.291288
A,Nam2023b,2,10,3.0,5,45,0.291153
A,Nam2023b,2,10,3.0,5,46,0.291536
A,Nam2023b,2,10,3.0,5,47,0.291384
A,Nam2023b,2,10,3.0,5,48,0.2915
A,Nam2023b,2,10,3.0,5,49,0.291436
A,Nam2023b,2,10,3.0,5,50,0.291341
A,Nam2023b,2,10,3.0,5,51,0.291282
A,Nam2025,2,10,3.0,5,42,0.438391
A,Nam2025,2,10,3.0,5,43,0.438274
A,Nam2025,2,10,3.0,5,44,0.4381
A,Nam2025,2,10,3.0,5,45,0.438247
A,Nam2025,2,10,3.0,5,46,0.438195
A,Nam2025,2,10,3.0,5,47,0.438199
A,Nam2025,2,10,3.0,5,48,0.438404
A,Nam2025,2,10,3.0,5,49,0.438367
A,Nam2025,2,10,3.0,5,50,0.438288
A,Nam2025,2,10,3.0,5,51,0.438235
A,Youn2026,2,10,3.0,5,42,0.438391
A,Youn2026,2,10,3.0,5,43,0.438274
A,Youn2026,2,10,3.0,5,44,0.4381
A,Youn2026,2,10,3.0,5,45,0.438247
A,Youn2026,2,10,3.0,5,46,0.438195
A,Youn2026,2,10,3.0,5,47,0.438199
A,Youn2026,2,10,3.0,5,48,0.438404
A,Youn2026,2,10,3.0,5,49,0.438367
A,Youn2026,2,10,3.0,5,50,0.438288
A,Youn2026,2,10,3.0,5,51,0.438235
A,V2I-Base,2,10,3.0,5,42,0.438391
A,V2I-Base,2,10,3.0,5,43,0.438274
A,V2I-Base,2,10,3.0,5,44,0.4381
A,V2I-Base,2,10,3.0,5,45,0.438247
A,V2I-Base,2,10,3.0,5,46,0.438195
A,V2I-Base,2,10,3.0,5,47,0.438199
A,V2I-Base,2,10,3.0,5,48,0.438404
A,V2I-Base,2,10,3.0,5,49,0.438367
A,V2I-Base,2,10,3.0,5,50,0.438288
A,V2I-Base,2,10,3.0,5,51,0.438235
A,V2V-Base,2,10,3.0,5,42,0.999446
A,V2V-Base,2,10,3.0,5,43,0.999435
A,V2V-Base,2,10,3.0,5,44,0.99943
A,V2V-Base,2,10,3.0,5,45,0.999391
A,V2V-Base,2,10,3.0,5,46,0.999419
A,V2V-Base,2,10,3.0,5,47,0.999388
A,V2V-Base,2,10,3.0,5,48,0.999399
A,V2V-Base,2,10,3.0,5,49,0.999443
A,V2V-Base,2,10,3.0,5,50,0.999397
A,V2V-Base,2,10,3.0,5,51,0.999442
A,Random-K,2,10,3.0,5,42,0.999313
A,Random-K,2,10,3.0,5,43,0.999273
A,Random-K,2,10,3.0,5,44,0.999326
A,Random-K,2,10,3.0,5,45,0.999333
A,Random-K,2,10,3.0,5,46,0.999339
A,Random-K,2,10,3.0,5,47,0.999294
A,Random-K,2,10,3.0,5,48,0.999271
A,Random-K,2,10,3.0,5,49,0.999342
A,Random-K,2,10,3.0,5,50,0.999301
A,Random-K,2,10,3.0,5,51,0.999348
A,RILP,2,20,0.0,5,42,0.438391
A,RILP,2,20,0.0,5,43,0.438274
A,RILP,2,20,0.0,5,44,0.4381
A,RILP,2,20,0.0,5,45,0.438247
A,RILP,2,20,0.0,5,46,0.438195
A,RILP,2,20,0.0,5,47,0.438199
A,RILP,2,20,0.0,5,48,0.438404
A,RILP,2,20,0.0,5,49,0.438367
A,RILP,2,20,0.0,5,50,0.438288
A,RILP,2,20,0.0,5,51,0.438235
A,RILP-Greedy,2,20,0.0,5,42,0.438391
A,RILP-Greedy,2,20,0.0,5,43,0.438274
A,RILP-Greedy,2,20,0.0,5,44,0.4381
A,RILP-Greedy,2,20,0.0,5,45,0.438247
A,RILP-Greedy,2,20,0.0,5,46,0.438195
A,RILP-Greedy,2,20,0.0,5,47,0.438199
A,RILP-Greedy,2,20,0.0,5,48,0.438404
A,RILP-Greedy,2,20,0.0,5,49,0.438367
A,RILP-Greedy,2,20,0.0,5,50,0.438288
A,RILP-Greedy,2,20,0.0,5,51,0.438235
A,Nam2023b,2,20,0.0,5,42,0.291445
A,Nam2023b,2,20,0.0,5,43,0.291402
A,Nam2023b,2,20,0.0,5,44,0.291288
A,Nam2023b,2,20,0.0,5,45,0.291153
A,Nam2023b,2,20,0.0,5,46,0.291536
A,Nam2023b,2,20,0.0,5,47,0.291384
A,Nam2023b,2,20,0.0,5,48,0.2915
A,Nam2023b,2,20,0.0,5,49,0.291436
A,Nam2023b,2,20,0.0,5,50,0.291341
A,Nam2023b,2,20,0.0,5,51,0.291282
A,Nam2025,2,20,0.0,5,42,0.438391
A,Nam2025,2,20,0.0,5,43,0.438274
A,Nam2025,2,20,0.0,5,44,0.4381
A,Nam2025,2,20,0.0,5,45,0.438247
A,Nam2025,2,20,0.0,5,46,0.438195
A,Nam2025,2,20,0.0,5,47,0.438199
A,Nam2025,2,20,0.0,5,48,0.438404
A,Nam2025,2,20,0.0,5,49,0.438367
A,Nam2025,2,20,0.0,5,50,0.438288
A,Nam2025,2,20,0.0,5,51,0.438235
A,Youn2026,2,20,0.0,5,42,0.438391
A,Youn2026,2,20,0.0,5,43,0.438274
A,Youn2026,2,20,0.0,5,44,0.4381
A,Youn2026,2,20,0.0,5,45,0.438247
A,Youn2026,2,20,0.0,5,46,0.438195
A,Youn2026,2,20,0.0,5,47,0.438199
A,Youn2026,2,20,0.0,5,48,0.438404
A,Youn2026,2,20,0.0,5,49,0.438367
A,Youn2026,2,20,0.0,5,50,0.438288
A,Youn2026,2,20,0.0,5,51,0.438235
A,V2I-Base,2,20,0.0,5,42,0.438391
A,V2I-Base,2,20,0.0,5,43,0.438274
A,V2I-Base,2,20,0.0,5,44,0.4381
A,V2I-Base,2,20,0.0,5,45,0.438247
A,V2I-Base,2,20,0.0,5,46,0.438195
A,V2I-Base,2,20,0.0,5,47,0.438199
A,V2I-Base,2,20,0.0,5,48,0.438404
A,V2I-Base,2,20,0.0,5,49,0.438367
A,V2I-Base,2,20,0.0,5,50,0.438288
A,V2I-Base,2,20,0.0,5,51,0.438235
A,V2V-Base,2,20,0.0,5,42,0.999446
A,V2V-Base,2,20,0.0,5,43,0.999435
A,V2V-Base,2,20,0.0,5,44,0.99943
A,V2V-Base,2,20,0.0,5,45,0.999391
A,V2V-Base,2,20,0.0,5,46,0.999419
A,V2V-Base,2,20,0.0,5,47,0.999388
A,V2V-Base,2,20,0.0,5,48,0.999399
A,V2V-Base,2,20,0.0,5,49,0.999443
A,V2V-Base,2,20,0.0,5,50,0.999397
A,V2V-Base,2,20,0.0,5,51,0.999442
A,Random-K,2,20,0.0,5,42,0.999313
A,Random-K,2,20,0.0,5,43,0.999273
A,Random-K,2,20,0.0,5,44,0.999326
A,Random-K,2,20,0.0,5,45,0.999333
A,Random-K,2,20,0.0,5,46,0.979545
A,Random-K,2,20,0.0,5,47,0.980892
A,Random-K,2,20,0.0,5,48,0.981103
A,Random-K,2,20,0.0,5,49,0.979714
A,Random-K,2,20,0.0,5,50,0.980349
A,Random-K,2,20,0.0,5,51,0.97679
A,RILP,2,20,1.0,5,42,0.438853
A,RILP,2,20,1.0,5,43,0.438109
A,RILP,2,20,1.0,5,44,0.438218
A,RILP,2,20,1.0,5,45,0.438185
A,RILP,2,20,1.0,5,46,0.437982
A,RILP,2,20,1.0,5,47,0.438115
A,RILP,2,20,1.0,5,48,0.438486
A,RILP,2,20,1.0,5,49,0.438706
A,RILP,2,20,1.0,5,50,0.438902
A,RILP,2,20,1.0,5,51,0.438889
A,RILP-Greedy,2,20,1.0,5,42,0.438853
A,RILP-Greedy,2,20,1.0,5,43,0.438109
A,RILP-Greedy,2,20,1.0,5,44,0.438218
A,RILP-Greedy,2,20,1.0,5,45,0.438185
A,RILP-Greedy,2,20,1.0,5,46,0.437982
A,RILP-Greedy,2,20,1.0,5,47,0.438115
A,RILP-Greedy,2,20,1.0,5,48,0.438486
A,RILP-Greedy,2,20,1.0,5,49,0.438706
A,RILP-Greedy,2,20,1.0,5,50,0.438902
A,RILP-Greedy,2,20,1.0,5,51,0.438889
A,Nam2023b,2,20,1.0,5,42,0.29164
A,Nam2023b,2,20,1.0,5,43,0.291272
A,Nam2023b,2,20,1.0,5,44,0.291071
A,Nam2023b,2,20,1.0,5,45,0.291583
A,Nam2023b,2,20,1.0,5,46,0.291077
A,Nam2023b,2,20,1.0,5,47,0.291247
A,Nam2023b,2,20,1.0,5,48,0.291175
A,Nam2023b,2,20,1.0,5,49,0.291316
A,Nam2023b,2,20,1.0,5,50,0.29116
A,Nam2023b,2,20,1.0,5,51,0.291988
A,Nam2025,2,20,1.0,5,42,0.438853
A,Nam2025,2,20,1.0,5,43,0.438109
A,Nam2025,2,20,1.0,5,44,0.438218
A,Nam2025,2,20,1.0,5,45,0.438185
A,Nam2025,2,20,1.0,5,46,0.437982
A,Nam2025,2,20,1.0,5,47,0.438115
A,Nam2025,2,20,1.0,5,48,0.438486
A,Nam2025,2,20,1.0,5,49,0.438706
A,Nam2025,2,20,1.0,5,50,0.438902
A,Nam2025,2,20,1.0,5,51,0.438889
A,Youn2026,2,20,1.0,5,42,0.438853
A,Youn2026,2,20,1.0,5,43,0.438109
A,Youn2026,2,20,1.0,5,44,0.438218
A,Youn2026,2,20,1.0,5,45,0.438185
A,Youn2026,2,20,1.0,5,46,0.437982
A,Youn2026,2,20,1.0,5,47,0.438115
A,Youn2026,2,20,1.0,5,48,0.438486
A,Youn2026,2,20,1.0,5,49,0.438706
A,Youn2026,2,20,1.0,5,50,0.438902
A,Youn2026,2,20,1.0,5,51,0.438889
A,V2I-Base,2,20,1.0,5,42,0.438853
A,V2I-Base,2,20,1.0,5,43,0.438109
A,V2I-Base,2,20,1.0,5,44,0.438218
A,V2I-Base,2,20,1.0,5,45,0.438185
A,V2I-Base,2,20,1.0,5,46,0.437982
A,V2I-Base,2,20,1.0,5,47,0.438115
A,V2I-Base,2,20,1.0,5,48,0.438486
A,V2I-Base,2,20,1.0,5,49,0.438706
A,V2I-Base,2,20,1.0,5,50,0.438902
A,V2I-Base,2,20,1.0,5,51,0.438889
A,V2V-Base,2,20,1.0,5,42,0.979449
A,V2V-Base,2,20,1.0,5,43,0.979787
A,V2V-Base,2,20,1.0,5,44,0.981458
A,V2V-Base,2,20,1.0,5,45,0.981137
A,V2V-Base,2,20,1.0,5,46,0.981081
A,V2V-Base,2,20,1.0,5,47,0.980594
A,V2V-Base,2,20,1.0,5,48,0.981128
A,V2V-Base,2,20,1.0,5,49,0.979731
A,V2V-Base,2,20,1.0,5,50,0.980834
A,V2V-Base,2,20,1.0,5,51,0.978032
A,Random-K,2,20,1.0,5,42,0.979139
A,Random-K,2,20,1.0,5,43,0.978656
A,Random-K,2,20,1.0,5,44,0.980102
A,Random-K,2,20,1.0,5,45,0.980534
A,Random-K,2,20,1.0,5,46,0.979545
A,Random-K,2,20,1.0,5,47,0.980892
A,Random-K,2,20,1.0,5,48,0.981103
A,Random-K,2,20,1.0,5,49,0.979714
A,Random-K,2,20,1.0,5,50,0.980349
A,Random-K,2,20,1.0,5,51,0.97679
A,RILP,2,20,2.0,5,42,0.438853
A,RILP,2,20,2.0,5,43,0.438109
A,RILP,2,20,2.0,5,44,0.438218
A,RILP,2,20,2.0,5,45,0.438185
A,RILP,2,20,2.0,5,46,0.437982
A,RILP,2,20,2.0,5,47,0.438115
A,RILP,2,20,2.0,5,48,0.438486
A,RILP,2,20,2.0,5,49,0.438706
A,RILP,2,20,2.0,5,50,0.438902
A,RILP,2,20,2.0,5,51,0.438889
A,RILP-Greedy,2,20,2.0,5,42,0.438853
A,RILP-Greedy,2,20,2.0,5,43,0.438109
A,RILP-Greedy,2,20,2.0,5,44,0.438218
A,RILP-Greedy,2,20,2.0,5,45,0.438185
A,RILP-Greedy,2,20,2.0,5,46,0.437982
A,RILP-Greedy,2,20,2.0,5,47,0.438115
A,RILP-Greedy,2,20,2.0,5,48,0.438486
A,RILP-Greedy,2,20,2.0,5,49,0.438706
A,RILP-Greedy,2,20,2.0,5,50,0.438902
A,RILP-Greedy,2,20,2.0,5,51,0.438889
A,Nam2023b,2,20,2.0,5,42,0.29164
A,Nam2023b,2,20,2.0,5,43,0.291272
A,Nam2023b,2,20,2.0,5,44,0.291071
A,Nam2023b,2,20,2.0,5,45,0.291583
A,Nam2023b,2,20,2.0,5,46,0.291077
A,Nam2023b,2,20,2.0,5,47,0.291247
A,Nam2023b,2,20,2.0,5,48,0.291175
A,Nam2023b,2,20,2.0,5,49,0.291316
A,Nam2023b,2,20,2.0,5,50,0.29116
A,Nam2023b,2,20,2.0,5,51,0.291988
A,Nam2025,2,20,2.0,5,42,0.438853
A,Nam2025,2,20,2.0,5,43,0.438109
A,Nam2025,2,20,2.0,5,44,0.438218
A,Nam2025,2,20,2.0,5,45,0.438185
A,Nam2025,2,20,2.0,5,46,0.437982
A,Nam2025,2,20,2.0,5,47,0.438115
A,Nam2025,2,20,2.0,5,48,0.438486
A,Nam2025,2,20,2.0,5,49,0.438706
A,Nam2025,2,20,2.0,5,50,0.438902
A,Nam2025,2,20,2.0,5,51,0.438889
A,Youn2026,2,20,2.0,5,42,0.438853
A,Youn2026,2,20,2.0,5,43,0.438109
A,Youn2026,2,20,2.0,5,44,0.438218
A,Youn2026,2,20,2.0,5,45,0.438185
A,Youn2026,2,20,2.0,5,46,0.437982
A,Youn2026,2,20,2.0,5,47,0.438115
A,Youn2026,2,20,2.0,5,48,0.438486
A,Youn2026,2,20,2.0,5,49,0.438706
A,Youn2026,2,20,2.0,5,50,0.438902
A,Youn2026,2,20,2.0,5,51,0.438889
A,V2I-Base,2,20,2.0,5,42,0.438853
A,V2I-Base,2,20,2.0,5,43,0.438109
A,V2I-Base,2,20,2.0,5,44,0.438218
A,V2I-Base,2,20,2.0,5,45,0.438185
A,V2I-Base,2,20,2.0,5,46,0.437982
A,V2I-Base,2,20,2.0,5,47,0.438115
A,V2I-Base,2,20,2.0,5,48,0.438486
A,V2I-Base,2,20,2.0,5,49,0.438706
A,V2I-Base,2,20,2.0,5,50,0.438902
A,V2I-Base,2,20,2.0,5,51,0.438889
A,V2V-Base,2,20,2.0,5,42,0.979449
A,V2V-Base,2,20,2.0,5,43,0.979787
A,V2V-Base,2,20,2.0,5,44,0.981458
A,V2V-Base,2,20,2.0,5,45,0.981137
A,V2V-Base,2,20,2.0,5,46,0.981081
A,V2V-Base,2,20,2.0,5,47,0.980594
A,V2V-Base,2,20,2.0,5,48,0.981128
A,V2V-Base,2,20,2.0,5,49,0.979731
A,V2V-Base,2,20,2.0,5,50,0.980834
A,V2V-Base,2,20,2.0,5,51,0.978032
A,Random-K,2,20,2.0,5,42,0.979139
A,Random-K,2,20,2.0,5,43,0.978656
A,Random-K,2,20,2.0,5,44,0.980102
A,Random-K,2,20,2.0,5,45,0.980534
A,Random-K,2,20,2.0,5,46,0.979545
A,Random-K,2,20,2.0,5,47,0.980892
A,Random-K,2,20,2.0,5,48,0.981103
A,Random-K,2,20,2.0,5,49,0.979714
A,Random-K,2,20,2.0,5,50,0.980349
A,Random-K,2,20,2.0,5,51,0.97679
A,RILP,2,20,3.0,5,42,0.438853
A,RILP,2,20,3.0,5,43,0.438109
A,RILP,2,20,3.0,5,44,0.438218
A,RILP,2,20,3.0,5,45,0.438185
A,RILP,2,20,3.0,5,46,0.437982
A,RILP,2,20,3.0,5,47,0.438115
A,RILP,2,20,3.0,5,48,0.438486
A,RILP,2,20,3.0,5,49,0.438706
A,RILP,2,20,3.0,5,50,0.438902
A,RILP,2,20,3.0,5,51,0.438889
A,RILP-Greedy,2,20,3.0,5,42,0.438853
A,RILP-Greedy,2,20,3.0,5,43,0.438109
A,RILP-Greedy,2,20,3.0,5,44,0.438218
A,RILP-Greedy,2,20,3.0,5,45,0.438185
A,RILP-Greedy,2,20,3.0,5,46,0.437982
A,RILP-Greedy,2,20,3.0,5,47,0.438115
A,RILP-Greedy,2,20,3.0,5,48,0.438486
A,RILP-Greedy,2,20,3.0,5,49,0.438706
A,RILP-Greedy,2,20,3.0,5,50,0.438902
A,RILP-Greedy,2,20,3.0,5,51,0.438889
A,Nam2023b,2,20,3.0,5,42,0.29164
A,Nam2023b,2,20,3.0,5,43,0.291272
A,Nam2023b,2,20,3.0,5,44,0.291071
A,Nam2023b,2,20,3.0,5,45,0.291583
A,Nam2023b,2,20,3.0,5,46,0.291077
A,Nam2023b,2,20,3.0,5,47,0.291247
A,Nam2023b,2,20,3.0,5,48,0.291175
A,Nam2023b,2,20,3.0,5,49,0.291316
A,Nam2023b,2,20,3.0,5,50,0.29116
A,Nam2023b,2,20,3.0,5,51,0.291988
A,Nam2025,2,20,3.0,5,42,0.438853
A,Nam2025,2,20,3.0,5,43,0.438109
A,Nam2025,2,20,3.0,5,44,0.438218
A,Nam2025,2,20,3.0,5,45,0.438185
A,Nam2025,2,20,3.0,5,46,0.437982
A,Nam2025,2,20,3.0,5,47,0.438115
A,Nam2025,2,20,3.0,5,48,0.438486
A,Nam2025,2,20,3.0,5,49,0.438706
A,Nam2025,2,20,3.0,5,50,0.438902
A,Nam2025,2,20,3.0,5,51,0.438889
A,Youn2026,2,20,3.0,5,42,0.438853
A,Youn2026,2,20,3.0,5,43,0.438109
A,Youn2026,2,20,3.0,5,44,0.438218
A,Youn2026,2,20,3.0,5,45,0.438185
A,Youn2026,2,20,3.0,5,46,0.437982
A,Youn2026,2,20,3.0,5,47,0.438115
A,Youn2026,2,20,3.0,5,48,0.438486
A,Youn2026,2,20,3.0,5,49,0.438706
A,Youn2026,2,20,3.0,5,50,0.438902
A,Youn2026,2,20,3.0,5,51,0.438889
A,V2I-Base,2,20,3.0,5,42,0.438853
A,V2I-Base,2,20,3.0,5,43,0.438109
A,V2I-Base,2,20,3.0,5,44,0.438218
A,V2I-Base,2,20,3.0,5,45,0.438185
A,V2I-Base,2,20,3.0,5,46,0.437982
A,V2I-Base,2,20,3.0,5,47,0.438115
A,V2I-Base,2,20,3.0,5,48,0.438486
A,V2I-Base,2,20,3.0,5,49,0.438706
A,V2I-Base,2,20,3.0,5,50,0.438902
A,V2I-Base,2,20,3.0,5,51,0.438889
A,V2V-Base,2,20,3.0,5,42,0.979449
A,V2V-Base,2,20,3.0,5,43,0.979787
A,V2V-Base,2,20,3.0,5,44,0.981458
A,V2V-Base,2,20,3.0,5,45,0.981137
A,V2V-Base,2,20,3.0,5,46,0.981081
A,V2V-Base,2,20,3.0,5,47,0.980594
A,V2V-Base,2,20,3.0,5,48,0.981128
A,V2V-Base,2,20,3.0,5,49,0.979731
A,V2V-Base,2,20,3.0,5,50,0.980834
A,V2V-Base,2,20,3.0,5,51,0.978032
A,Random-K,2,20,3.0,5,42,0.979139
A,Random-K,2,20,3.0,5,43,0.978656
A,Random-K,2,20,3.0,5,44,0.980102
A,Random-K,2,20,3.0,5,45,0.980534
A,Random-K,2,20,3.0,5,46,0.979545
A,Random-K,2,20,3.0,5,47,0.980892
A,Random-K,2,20,3.0,5,48,0.981103
A,Random-K,2,20,3.0,5,49,0.979714
A,Random-K,2,20,3.0,5,50,0.980349
A,Random-K,2,20,3.0,5,51,0.97679
A,RILP,2,30,0.0,5,42,0.438853
A,RILP,2,30,0.0,5,43,0.438109
A,RILP,2,30,0.0,5,44,0.438218
A,RILP,2,30,0.0,5,45,0.438185
A,RILP,2,30,0.0,5,46,0.437982
A,RILP,2,30,0.0,5,47,0.438115
A,RILP,2,30,0.0,5,48,0.438486
A,RILP,2,30,0.0,5,49,0.438706
A,RILP,2,30,0.0,5,50,0.438902
A,RILP,2,30,0.0,5,51,0.438889
A,RILP-Greedy,2,30,0.0,5,42,0.438853
A,RILP-Greedy,2,30,0.0,5,43,0.438109
A,RILP-Greedy,2,30,0.0,5,44,0.438218
A,RILP-Greedy,2,30,0.0,5,45,0.438185
A,RILP-Greedy,2,30,0.0,5,46,0.437982
A,RILP-Greedy,2,30,0.0,5,47,0.438115
A,RILP-Greedy,2,30,0.0,5,48,0.438486
A,RILP-Greedy,2,30,0.0,5,49,0.438706
A,RILP-Greedy,2,30,0.0,5,50,0.438902
A,RILP-Greedy,2,30,0.0,5,51,0.438889
A,Nam2023b,2,30,0.0,5,42,0.29164
A,Nam2023b,2,30,0.0,5,43,0.291272
A,Nam2023b,2,30,0.0,5,44,0.291071
A,Nam2023b,2,30,0.0,5,45,0.291583
A,Nam2023b,2,30,0.0,5,46,0.291077
A,Nam2023b,2,30,0.0,5,47,0.291247
A,Nam2023b,2,30,0.0,5,48,0.291175
A,Nam2023b,2,30,0.0,5,49,0.291316
A,Nam2023b,2,30,0.0,5,50,0.29116
A,Nam2023b,2,30,0.0,5,51,0.291988
A,Nam2025,2,30,0.0,5,42,0.438853
A,Nam2025,2,30,0.0,5,43,0.438109
A,Nam2025,2,30,0.0,5,44,0.438218
A,Nam2025,2,30,0.0,5,45,0.438185
A,Nam2025,2,30,0.0,5,46,0.437982
A,Nam2025,2,30,0.0,5,47,0.438115
A,Nam2025,2,30,0.0,5,48,0.438486
A,Nam2025,2,30,0.0,5,49,0.438706
A,Nam2025,2,30,0.0,5,50,0.438902
A,Nam2025,2,30,0.0,5,51,0.438889
A,Youn2026,2,30,0.0,5,42,0.438853
A,Youn2026,2,30,0.0,5,43,0.438109
A,Youn2026,2,30,0.0,5,44,0.438218
A,Youn2026,2,30,0.0,5,45,0.438185
A,Youn2026,2,30,0.0,5,46,0.437982
A,Youn2026,2,30,0.0,5,47,0.438115
A,Youn2026,2,30,0.0,5,48,0.438486
A,Youn2026,2,30,0.0,5,49,0.438706
A,Youn2026,2,30,0.0,5,50,0.438902
A,Youn2026,2,30,0.0,5,51,0.438889
A,V2I-Base,2,30,0.0,5,42,0.438853
A,V2I-Base,2,30,0.0,5,43,0.438109
A,V2I-Base,2,30,0.0,5,44,0.438218
A,V2I-Base,2,30,0.0,5,45,0.438185
A,V2I-Base,2,30,0.0,5,46,0.437982
A,V2I-Base,2,30,0.0,5,47,0.438115
A,V2I-Base,2,30,0.0,5,48,0.438486
A,V2I-Base,2,30,0.0,5,49,0.438706
A,V2I-Base,2,30,0.0,5,50,0.438902
A,V2I-Base,2,30,0.0,5,51,0.438889
A,V2V-Base,2,30,0.0,5,42,0.979449
A,V2V-Base,2,30,0.0,5,43,0.979787
A,V2V-Base,2,30,0.0,5,44,0.981458
A,V2V-Base,2,30,0.0,5,45,0.981137
A,V2V-Base,2,30,0.0,5,46,0.981081
A,V2V-Base,2,30,0.0,5,47,0.980594
A,V2V-Base,2,30,0.0,5,48,0.981128
A,V2V-Base,2,30,0.0,5,49,0.979731
A,V2V-Base,2,30,0.0,5,50,0.980834
A,V2V-Base,2,30,0.0,5,51,0.978032
A,Random-K,2,30,0.0,5,42,0.979139
A,Random-K,2,30,0.0,5,43,0.978656
A,Random-K,2,30,0.0,5,44,0.980102
A,Random-K,2,30,0.0,5,45,0.980534
A,Random-K,2,30,0.0,5,46,0.979545
A,Random-K,2,30,0.0,5,47,0.980892
A,Random-K,2,30,0.0,5,48,0.981103
A,Random-K,2,30,0.0,5,49,0.979714
A,Random-K,2,30,0.0,5,50,0.980349
A,Random-K,2,30,0.0,5,51,0.97679
A,RILP,2,30,1.0,5,42,0.438853
A,RILP,2,30,1.0,5,43,0.438109
A,RILP,2,30,1.0,5,44,0.438218
A,RILP,2,30,1.0,5,45,0.438185
A,RILP,2,30,1.0,5,46,0.437982
A,RILP,2,30,1.0,5,47,0.438115
A,RILP,2,30,1.0,5,48,0.438486
A,RILP,2,30,1.0,5,49,0.438706
A,RILP,2,30,1.0,5,50,0.438902
A,RILP,2,30,1.0,5,51,0.438889
A,RILP-Greedy,2,30,1.0,5,42,0.438853
A,RILP-Greedy,2,30,1.0,5,43,0.438109
A,RILP-Greedy,2,30,1.0,5,44,0.438218
A,RILP-Greedy,2,30,1.0,5,45,0.438185
A,RILP-Greedy,2,30,1.0,5,46,0.437982
A,RILP-Greedy,2,30,1.0,5,47,0.438115
A,RILP-Greedy,2,30,1.0,5,48,0.438486
A,RILP-Greedy,2,30,1.0,5,49,0.438706
A,RILP-Greedy,2,30,1.0,5,50,0.438902
A,RILP-Greedy,2,30,1.0,5,51,0.438889
A,Nam2023b,2,30,1.0,5,42,0.29164
A,Nam2023b,2,30,1.0,5,43,0.291272
A,Nam2023b,2,30,1.0,5,44,0.291071
A,Nam2023b,2,30,1.0,5,45,0.291583
A,Nam2023b,2,30,1.0,5,46,0.291077
A,Nam2023b,2,30,1.0,5,47,0.291247
A,Nam2023b,2,30,1.0,5,48,0.291175
A,Nam2023b,2,30,1.0,5,49,0.291316
A,Nam2023b,2,30,1.0,5,50,0.29116
A,Nam2023b,2,30,1.0,5,51,0.291988
A,Nam2025,2,30,1.0,5,42,0.438853
A,Nam2025,2,30,1.0,5,43,0.438109
A,Nam2025,2,30,1.0,5,44,0.438218
A,Nam2025,2,30,1.0,5,45,0.438185
A,Nam2025,2,30,1.0,5,46,0.437982
A,Nam2025,2,30,1.0,5,47,0.438115
A,Nam2025,2,30,1.0,5,48,0.438486
A,Nam2025,2,30,1.0,5,49,0.438706
A,Nam2025,2,30,1.0,5,50,0.438902
A,Nam2025,2,30,1.0,5,51,0.438889
A,Youn2026,2,30,1.0,5,42,0.438411
A,Youn2026,2,30,1.0,5,43,0.438086
A,Youn2026,2,30,1.0,5,44,0.438109
A,Youn2026,2,30,1.0,5,45,0.438242
A,Youn2026,2,30,1.0,5,46,0.438339
A,Youn2026,2,30,1.0,5,47,0.43793
A,Youn2026,2,30,1.0,5,48,0.438382
A,Youn2026,2,30,1.0,5,49,0.43852
A,Youn2026,2,30,1.0,5,50,0.438307
A,Youn2026,2,30,1.0,5,51,0.438277
A,V2I-Base,2,30,1.0,5,42,0.438411
A,V2I-Base,2,30,1.0,5,43,0.438086
A,V2I-Base,2,30,1.0,5,44,0.438109
A,V2I-Base,2,30,1.0,5,45,0.438242
A,V2I-Base,2,30,1.0,5,46,0.438339
A,V2I-Base,2,30,1.0,5,47,0.43793
A,V2I-Base,2,30,1.0,5,48,0.438382
A,V2I-Base,2,30,1.0,5,49,0.43852
A,V2I-Base,2,30,1.0,5,50,0.438307
A,V2I-Base,2,30,1.0,5,51,0.438277
A,V2V-Base,2,30,1.0,5,42,0.999558
A,V2V-Base,2,30,1.0,5,43,0.999564
A,V2V-Base,2,30,1.0,5,44,0.999557
A,V2V-Base,2,30,1.0,5,45,0.99953
A,V2V-Base,2,30,1.0,5,46,0.99956
A,V2V-Base,2,30,1.0,5,47,0.999584
A,V2V-Base,2,30,1.0,5,48,0.999595
A,V2V-Base,2,30,1.0,5,49,0.999573
A,V2V-Base,2,30,1.0,5,50,0.999574
A,V2V-Base,2,30,1.0,5,51,0.999557
A,Random-K,2,30,1.0,5,42,0.99941
A,Random-K,2,30,1.0,5,43,0.999437
A,Random-K,2,30,1.0,5,44,0.999438
A,Random-K,2,30,1.0,5,45,0.999405
A,Random-K,2,30,1.0,5,46,0.999448
A,Random-K,2,30,1.0,5,47,0.999461
A,Random-K,2,30,1.0,5,48,0.999443
A,Random-K,2,30,1.0,5,49,0.999436
A,Random-K,2,30,1.0,5,50,0.999434
A,Random-K,2,30,1.0,5,51,0.999397
A,RILP,2,30,2.0,5,42,0.438411
A,RILP,2,30,2.0,5,43,0.438086
A,RILP,2,30,2.0,5,44,0.438109
A,RILP,2,30,2.0,5,45,0.438242
A,RILP,2,30,2.0,5,46,0.438339
A,RILP,2,30,2.0,5,47,0.43793
A,RILP,2,30,2.0,5,48,0.438382
A,RILP,2,30,2.0,5,49,0.43852
A,RILP,2,30,2.0,5,50,0.438307
A,RILP,2,30,2.0,5,51,0.438277
A,RILP-Greedy,2,30,2.0,5,42,0.438411
A,RILP-Greedy,2,30,2.0,5,43,0.438086
A,RILP-Greedy,2,30,2.0,5,44,0.438109
A,RILP-Greedy,2,30,2.0,5,45,0.438242
A,RILP-Greedy,2,30,2.0,5,46,0.438339
A,RILP-Greedy,2,30,2.0,5,47,0.43793
A,RILP-Greedy,2,30,2.0,5,48,0.438382
A,RILP-Greedy,2,30,2.0,5,49,0.43852
A,RILP-Greedy,2,30,2.0,5,50,0.438307
A,RILP-Greedy,2,30,2.0,5,51,0.438277
A,Nam2023b,2,30,2.0,5,42,0.291242
A,Nam2023b,2,30,2.0,5,43,0.291447
A,Nam2023b,2,30,2.0,5,44,0.291276
A,Nam2023b,2,30,2.0,5,45,0.291274
A,Nam2023b,2,30,2.0,5,46,0.291366
A,Nam2023b,2,30,2.0,5,47,0.291357
A,Nam2023b,2,30,2.0,5,48,0.291514
A,Nam2023b,2,30,2.0,5,49,0.29145
A,Nam2023b,2,30,2.0,5,50,0.291424
A,Nam2023b,2,30,2.0,5,51,0.291181
A,Nam2025,2,30,2.0,5,42,0.438411
A,Nam2025,2,30,2.0,5,43,0.438086
A,Nam2025,2,30,2.0,5,44,0.438109
A,Nam2025,2,30,2.0,5,45,0.438242
A,Nam2025,2,30,2.0,5,46,0.438339
A,Nam2025,2,30,2.0,5,47,0.43793
A,Nam2025,2,30,2.0,5,48,0.438382
A,Nam2025,2,30,2.0,5,49,0.43852
A,Nam2025,2,30,2.0,5,50,0.438307
A,Nam2025,2,30,2.0,5,51,0.438277
A,Youn2026,2,30,2.0,5,42,0.438411
A,Youn2026,2,30,2.0,5,43,0.438086
A,Youn2026,2,30,2.0,5,44,0.438109
A,Youn2026,2,30,2.0,5,45,0.438242
A,Youn2026,2,30,2.0,5,46,0.438339
A,Youn2026,2,30,2.0,5,47,0.43793
A,Youn2026,2,30,2.0,5,48,0.438382
A,Youn2026,2,30,2.0,5,49,0.43852
A,Youn2026,2,30,2.0,5,50,0.438307
A,Youn2026,2,30,2.0,5,51,0.438277
A,V2I-Base,2,30,2.0,5,42,0.438411
A,V2I-Base,2,30,2.0,5,43,0.438086
A,V2I-Base,2,30,2.0,5,44,0.438109
A,V2I-Base,2,30,2.0,5,45,0.438242
A,V2I-Base,2,30,2.0,5,46,0.438339
A,V2I-Base,2,30,2.0,5,47,0.43793
A,V2I-Base,2,30,2.0,5,48,0.438382
A,V2I-Base,2,30,2.0,5,49,0.43852
A,V2I-Base,2,30,2.0,5,50,0.438307
A,V2I-Base,2,30,2.0,5,51,0.438277
A,V2V-Base,2,30,2.0,5,42,0.999558
A,V2V-Base,2,30,2.0,5,43,0.999564
A,V2V-Base,2,30,2.0,5,44,0.999557
A,V2V-Base,2,30,2.0,5,45,0.99953
A,V2V-Base,2,30,2.0,5,46,0.99956
A,V2V-Base,2,30,2.0,5,47,0.999584
A,V2V-Base,2,30,2.0,5,48,0.999595
A,V2V-Base,2,30,2.0,5,49,0.999573
A,V2V-Base,2,30,2.0,5,50,0.999574
A,V2V-Base,2,30,2.0,5,51,0.999557
A,Random-K,2,30,2.0,5,42,0.99941
A,Random-K,2,30,2.0,5,43,0.999437
A,Random-K,2,30,2.0,5,44,0.999438
A,Random-K,2,30,2.0,5,45,0.999405
A,Random-K,2,30,2.0,5,46,0.999448
A,Random-K,2,30,2.0,5,47,0.999461
A,Random-K,2,30,2.0,5,48,0.999443
A,Random-K,2,30,2.0,5,49,0.999436
A,Random-K,2,30,2.0,5,50,0.999434
A,Random-K,2,30,2.0,5,51,0.999397
A,RILP,2,30,3.0,5,42,0.438411
A,RILP,2,30,3.0,5,43,0.438086
A,RILP,2,30,3.0,5,44,0.438109
A,RILP,2,30,3.0,5,45,0.438242
A,RILP,2,30,3.0,5,46,0.438339
A,RILP,2,30,3.0,5,47,0.43793
A,RILP,2,30,3.0,5,48,0.438382
A,RILP,2,30,3.0,5,49,0.43852
A,RILP,2,30,3.0,5,50,0.438307
A,RILP,2,30,3.0,5,51,0.438277
A,RILP-Greedy,2,30,3.0,5,42,0.438411
A,RILP-Greedy,2,30,3.0,5,43,0.438086
A,RILP-Greedy,2,30,3.0,5,44,0.438109
A,RILP-Greedy,2,30,3.0,5,45,0.438242
A,RILP-Greedy,2,30,3.0,5,46,0.438339
A,RILP-Greedy,2,30,3.0,5,47,0.43793
A,RILP-Greedy,2,30,3.0,5,48,0.438382
A,RILP-Greedy,2,30,3.0,5,49,0.43852
A,RILP-Greedy,2,30,3.0,5,50,0.438307
A,RILP-Greedy,2,30,3.0,5,51,0.438277
A,Nam2023b,2,30,3.0,5,42,0.291242
A,Nam2023b,2,30,3.0,5,43,0.291447
A,Nam2023b,2,30,3.0,5,44,0.291276
A,Nam2023b,2,30,3.0,5,45,0.291274
A,Nam2023b,2,30,3.0,5,46,0.291366
A,Nam2023b,2,30,3.0,5,47,0.291357
A,Nam2023b,2,30,3.0,5,48,0.291514
A,Nam2023b,2,30,3.0,5,49,0.29145
A,Nam2023b,2,30,3.0,5,50,0.291424
A,Nam2023b,2,30,3.0,5,51,0.291181
A,Nam2025,2,30,3.0,5,42,0.438411
A,Nam2025,2,30,3.0,5,43,0.438086
A,Nam2025,2,30,3.0,5,44,0.438109
A,Nam2025,2,30,3.0,5,45,0.438242
A,Nam2025,2,30,3.0,5,46,0.438339
A,Nam2025,2,30,3.0,5,47,0.43793
A,Nam2025,2,30,3.0,5,48,0.438382
A,Nam2025,2,30,3.0,5,49,0.43852
A,Nam2025,2,30,3.0,5,50,0.438307
A,Nam2025,2,30,3.0,5,51,0.438277
A,Youn2026,2,30,3.0,5,42,0.438411
A,Youn2026,2,30,3.0,5,43,0.438086
A,Youn2026,2,30,3.0,5,44,0.438109
A,Youn2026,2,30,3.0,5,45,0.438242
A,Youn2026,2,30,3.0,5,46,0.438339
A,Youn2026,2,30,3.0,5,47,0.43793
A,Youn2026,2,30,3.0,5,48,0.438382
A,Youn2026,2,30,3.0,5,49,0.43852
A,Youn2026,2,30,3.0,5,50,0.438307
A,Youn2026,2,30,3.0,5,51,0.438277
A,V2I-Base,2,30,3.0,5,42,0.438411
A,V2I-Base,2,30,3.0,5,43,0.438086
A,V2I-Base,2,30,3.0,5,44,0.438109
A,V2I-Base,2,30,3.0,5,45,0.438242
A,V2I-Base,2,30,3.0,5,46,0.438339
A,V2I-Base,2,30,3.0,5,47,0.43793
A,V2I-Base,2,30,3.0,5,48,0.438382
A,V2I-Base,2,30,3.0,5,49,0.43852
A,V2I-Base,2,30,3.0,5,50,0.438307
A,V2I-Base,2,30,3.0,5,51,0.438277
A,V2V-Base,2,30,3.0,5,42,0.999558
A,V2V-Base,2,30,3.0,5,43,0.999564
A,V2V-Base,2,30,3.0,5,44,0.999557
A,V2V-Base,2,30,3.0,5,45,0.99953
A,V2V-Base,2,30,3.0,5,46,0.99956
A,V2V-Base,2,30,3.0,5,47,0.999584
A,V2V-Base,2,30,3.0,5,48,0.999595
A,V2V-Base,2,30,3.0,5,49,0.999573
A,V2V-Base,2,30,3.0,5,50,0.999574
A,V2V-Base,2,30,3.0,5,51,0.999557
A,Random-K,2,30,3.0,5,42,0.99941
A,Random-K,2,30,3.0,5,43,0.999437
A,Random-K,2,30,3.0,5,44,0.999438
A,Random-K,2,30,3.0,5,45,0.999405
A,Random-K,2,30,3.0,5,46,0.999448
A,Random-K,2,30,3.0,5,47,0.999461
A,Random-K,2,30,3.0,5,48,0.999443
A,Random-K,2,30,3.0,5,49,0.999436
A,Random-K,2,30,3.0,5,50,0.999434
A,Random-K,2,30,3.0,5,51,0.999397
A,RILP,3,0,0.0,5,42,0.438411
A,RILP,3,0,0.0,5,43,0.438086
A,RILP,3,0,0.0,5,44,0.438109
A,RILP,3,0,0.0,5,45,0.438242
A,RILP,3,0,0.0,5,46,0.438339
A,RILP,3,0,0.0,5,47,0.43793
A,RILP,3,0,0.0,5,48,0.438382
A,RILP,3,0,0.0,5,49,0.43852
A,RILP,3,0,0.0,5,50,0.438307
A,RILP,3,0,0.0,5,51,0.438277
A,RILP-Greedy,3,0,0.0,5,42,0.438411
A,RILP-Greedy,3,0,0.0,5,43,0.438086
A,RILP-Greedy,3,0,0.0,5,44,0.438109
A,RILP-Greedy,3,0,0.0,5,45,0.438242
A,RILP-Greedy,3,0,0.0,5,46,0.438339
A,RILP-Greedy,3,0,0.0,5,47,0.43793
A,RILP-Greedy,3,0,0.0,5,48,0.438382
A,RILP-Greedy,3,0,0.0,5,49,0.43852
A,RILP-Greedy,3,0,0.0,5,50,0.438307
A,RILP-Greedy,3,0,0.0,5,51,0.438277
A,Nam2023b,3,0,0.0,5,42,0.291242
A,Nam2023b,3,0,0.0,5,43,0.291447
A,Nam2023b,3,0,0.0,5,44,0.291276
A,Nam2023b,3,0,0.0,5,45,0.291274
A,Nam2023b,3,0,0.0,5,46,0.291366
A,Nam2023b,3,0,0.0,5,47,0.291357
A,Nam2023b,3,0,0.0,5,48,0.291514
A,Nam2023b,3,0,0.0,5,49,0.29145
A,Nam2023b,3,0,0.0,5,50,0.291424
A,Nam2023b,3,0,0.0,5,51,0.291181
A,Nam2025,3,0,0.0,5,42,0.438411
A,Nam2025,3,0,0.0,5,43,0.438086
A,Nam2025,3,0,0.0,5,44,0.438109
A,Nam2025,3,0,0.0,5,45,0.438242
A,Nam2025,3,0,0.0,5,46,0.438339
A,Nam2025,3,0,0.0,5,47,0.43793
A,Nam2025,3,0,0.0,5,48,0.438382
A,Nam2025,3,0,0.0,5,49,0.43852
A,Nam2025,3,0,0.0,5,50,0.438307
A,Nam2025,3,0,0.0,5,51,0.438277
A,Youn2026,3,0,0.0,5,42,0.438411
A,Youn2026,3,0,0.0,5,43,0.438086
A,Youn2026,3,0,0.0,5,44,0.438109
A,Youn2026,3,0,0.0,5,45,0.438242
A,Youn2026,3,0,0.0,5,46,0.438339
A,Youn2026,3,0,0.0,5,47,0.43793
A,Youn2026,3,0,0.0,5,48,0.438382
A,Youn2026,3,0,0.0,5,49,0.43852
A,Youn2026,3,0,0.0,5,50,0.438307
A,Youn2026,3,0,0.0,5,51,0.438277
A,V2I-Base,3,0,0.0,5,42,0.438411
A,V2I-Base,3,0,0.0,5,43,0.438086
A,V2I-Base,3,0,0.0,5,44,0.438109
A,V2I-Base,3,0,0.0,5,45,0.438242
A,V2I-Base,3,0,0.0,5,46,0.438339
A,V2I-Base,3,0,0.0,5,47,0.43793
A,V2I-Base,3,0,0.0,5,48,0.438382
A,V2I-Base,3,0,0.0,5,49,0.43852
A,V2I-Base,3,0,0.0,5,50,0.438307
A,V2I-Base,3,0,0.0,5,51,0.438277
A,V2V-Base,3,0,0.0,5,42,0.999558
A,V2V-Base,3,0,0.0,5,43,0.999564
A,V2V-Base,3,0,0.0,5,44,0.999557
A,V2V-Base,3,0,0.0,5,45,0.99953
A,V2V-Base,3,0,0.0,5,46,0.99956
A,V2V-Base,3,0,0.0,5,47,0.999584
A,V2V-Base,3,0,0.0,5,48,0.999595
A,V2V-Base,3,0,0.0,5,49,0.999573
A,V2V-Base,3,0,0.0,5,50,0.999574
A,V2V-Base,3,0,0.0,5,51,0.999557
A,Random-K,3,0,0.0,5,42,0.99941
A,Random-K,3,0,0.0,5,43,0.999437
A,Random-K,3,0,0.0,5,44,0.999438
A,Random-K,3,0,0.0,5,45,0.999405
A,Random-K,3,0,0.0,5,46,0.999448
A,Random-K,3,0,0.0,5,47,0.999461
A,Random-K,3,0,0.0,5,48,0.999443
A,Random-K,3,0,0.0,5,49,0.999436
A,Random-K,3,0,0.0,5,50,0.999434
A,Random-K,3,0,0.0,5,51,0.999397
A,RILP,3,0,1.0,5,42,0.438411
A,RILP,3,0,1.0,5,43,0.438086
A,RILP,3,0,1.0,5,44,0.438109
A,RILP,3,0,1.0,5,45,0.438242
A,RILP,3,0,1.0,5,46,0.438339
A,RILP,3,0,1.0,5,47,0.43793
A,RILP,3,0,1.0,5,48,0.438382
A,RILP,3,0,1.0,5,49,0.43852
A,RILP,3,0,1.0,5,50,0.438307
A,RILP,3,0,1.0,5,51,0.438277
A,RILP-Greedy,3,0,1.0,5,42,0.438411
A,RILP-Greedy,3,0,1.0,5,43,0.438086
A,RILP-Greedy,3,0,1.0,5,44,0.438109
A,RILP-Greedy,3,0,1.0,5,45,0.438242
A,RILP-Greedy,3,0,1.0,5,46,0.438339
A,RILP-Greedy,3,0,1.0,5,47,0.43793
A,RILP-Greedy,3,0,1.0,5,48,0.438382
A,RILP-Greedy,3,0,1.0,5,49,0.43852
A,RILP-Greedy,3,0,1.0,5,50,0.438307
A,RILP-Greedy,3,0,1.0,5,51,0.438277
A,Nam2023b,3,0,1.0,5,42,0.291242
A,Nam2023b,3,0,1.0,5,43,0.291447
A,Nam2023b,3,0,1.0,5,44,0.291276
A,Nam2023b,3,0,1.0,5,45,0.291274
A,Nam2023b,3,0,1.0,5,46,0.291366
A,Nam2023b,3,0,1.0,5,47,0.291357
A,Nam2023b,3,0,1.0,5,48,0.291514
A,Nam2023b,3,0,1.0,5,49,0.29145
A,Nam2023b,3,0,1.0,5,50,0.291424
A,Nam2023b,3,0,1.0,5,51,0.291181
A,Nam2025,3,0,1.0,5,42,0.438411
A,Nam2025,3,0,1.0,5,43,0.438086
A,Nam2025,3,0,1.0,5,44,0.438109
A,Nam2025,3,0,1.0,5,45,0.438242
A,Nam2025,3,0,1.0,5,46,0.438339
A,Nam2025,3,0,1.0,5,47,0.43793
A,Nam2025,3,0,1.0,5,48,0.438382
A,Nam2025,3,0,1.0,5,49,0.43852
A,Nam2025,3,0,1.0,5,50,0.438307
A,Nam2025,3,0,1.0,5,51,0.438277
A,Youn2026,3,0,1.0,5,42,0.438411
A,Youn2026,3,0,1.0,5,43,0.438086
A,Youn2026,3,0,1.0,5,44,0.438109
A,Youn2026,3,0,1.0,5,45,0.438242
A,Youn2026,3,0,1.0,5,46,0.438339
A,Youn2026,3,0,1.0,5,47,0.43793
A,Youn2026,3,0,1.0,5,48,0.438382
A,Youn2026,3,0,1.0,5,49,0.43852
A,Youn2026,3,0,1.0,5,50,0.438307
A,Youn2026,3,0,1.0,5,51,0.438277
A,V2I-Base,3,0,1.0,5,42,0.438411
A,V2I-Base,3,0,1.0,5,43,0.438086
A,V2I-Base,3,0,1.0,5,44,0.438109
A,V2I-Base,3,0,1.0,5,45,0.438242
A,V2I-Base,3,0,1.0,5,46,0.438339
A,V2I-Base,3,0,1.0,5,47,0.43793
A,V2I-Base,3,0,1.0,5,48,0.438382
A,V2I-Base,3,0,1.0,5,49,0.43852
A,V2I-Base,3,0,1.0,5,50,0.438307
A,V2I-Base,3,0,1.0,5,51,0.438277
A,V2V-Base,3,0,1.0,5,42,0.999558
A,V2V-Base,3,0,1.0,5,43,0.99806
A,V2V-Base,3,0,1.0,5,44,0.998018
A,V2V-Base,3,0,1.0,5,45,0.998118
A,V2V-Base,3,0,1.0,5,46,0.998122
A,V2V-Base,3,0,1.0,5,47,0.998165
A,V2V-Base,3,0,1.0,5,48,0.998153
A,V2V-Base,3,0,1.0,5,49,0.998023
A,V2V-Base,3,0,1.0,5,50,0.998152
A,V2V-Base,3,0,1.0,5,51,0.998069
A,Random-K,3,0,1.0,5,42,0.997946
A,Random-K,3,0,1.0,5,43,0.997754
A,Random-K,3,0,1.0,5,44,0.997865
A,Random-K,3,0,1.0,5,45,0.99807
A,Random-K,3,0,1.0,5,46,0.997945
A,Random-K,3,0,1.0,5,47,0.998024
A,Random-K,3,0,1.0,5,48,0.9978
A,Random-K,3,0,1.0,5,49,0.997926
A,Random-K,3,0,1.0,5,50,0.997972
A,Random-K,3,0,1.0,5,51,0.99791
A,RILP,3,0,2.0,5,42,0.438502
A,RILP,3,0,2.0,5,43,0.438412
A,RILP,3,0,2.0,5,44,0.438223
A,RILP,3,0,2.0,5,45,0.437999
A,RILP,3,0,2.0,5,46,0.438339
A,RILP,3,0,2.0,5,47,0.438168
A,RILP,3,0,2.0,5,48,0.438288
A,RILP,3,0,2.0,5,49,0.438374
A,RILP,3,0,2.0,5,50,0.43871
A,RILP,3,0,2.0,5,51,0.438295
A,RILP-Greedy,3,0,2.0,5,42,0.438502
A,RILP-Greedy,3,0,2.0,5,43,0.438412
A,RILP-Greedy,3,0,2.0,5,44,0.438223
A,RILP-Greedy,3,0,2.0,5,45,0.437999
A,RILP-Greedy,3,0,2.0,5,46,0.438339
A,RILP-Greedy,3,0,2.0,5,47,0.438168
A,RILP-Greedy,3,0,2.0,5,48,0.438288
A,RILP-Greedy,3,0,2.0,5,49,0.438374
A,RILP-Greedy,3,0,2.0,5,50,0.43871
A,RILP-Greedy,3,0,2.0,5,51,0.438295
A,Nam2023b,3,0,2.0,5,42,0.291393
A,Nam2023b,3,0,2.0,5,43,0.291518
A,Nam2023b,3,0,2.0,5,44,0.291236
A,Nam2023b,3,0,2.0,5,45,0.291006
A,Nam2023b,3,0,2.0,5,46,0.29112
A,Nam2023b,3,0,2.0,5,47,0.291286
A,Nam2023b,3,0,2.0,5,48,0.291595
A,Nam2023b,3,0,2.0,5,49,0.291723
A,Nam2023b,3,0,2.0,5,50,0.291181
A,Nam2023b,3,0,2.0,5,51,0.291133
A,Nam2025,3,0,2.0,5,42,0.438502
A,Nam2025,3,0,2.0,5,43,0.438412
A,Nam2025,3,0,2.0,5,44,0.438223
A,Nam2025,3,0,2.0,5,45,0.437999
A,Nam2025,3,0,2.0,5,46,0.438339
A,Nam2025,3,0,2.0,5,47,0.438168
A,Nam2025,3,0,2.0,5,48,0.438288
A,Nam2025,3,0,2.0,5,49,0.438374
A,Nam2025,3,0,2.0,5,50,0.43871
A,Nam2025,3,0,2.0,5,51,0.438295
A,Youn2026,3,0,2.0,5,42,0.438502
A,Youn2026,3,0,2.0,5,43,0.438412
A,Youn2026,3,0,2.0,5,44,0.438223
A,Youn2026,3,0,2.0,5,45,0.437999
A,Youn2026,3,0,2.0,5,46,0.438339
A,Youn2026,3,0,2.0,5,47,0.438168
A,Youn2026,3,0,2.0,5,48,0.438288
A,Youn2026,3,0,2.0,5,49,0.438374
A,Youn2026,3,0,2.0,5,50,0.43871
A,Youn2026,3,0,2.0,5,51,0.438295
A,V2I-Base,3,0,2.0,5,42,0.438502
A,V2I-Base,3,0,2.0,5,43,0.438412
A,V2I-Base,3,0,2.0,5,44,0.438223
A,V2I-Base,3,0,2.0,5,45,0.437999
A,V2I-Base,3,0,2.0,5,46,0.438339
A,V2I-Base,3,0,2.0,5,47,0.438168
A,V2I-Base,3,0,2.0,5,48,0.438288
A,V2I-Base,3,0,2.0,5,49,0.438374
A,V2I-Base,3,0,2.0,5,50,0.43871
A,V2I-Base,3,0,2.0,5,51,0.438295
A,V2V-Base,3,0,2.0,5,42,0.998
A,V2V-Base,3,0,2.0,5,43,0.99806
A,V2V-Base,3,0,2.0,5,44,0.998018
A,V2V-Base,3,0,2.0,5,45,0.998118
A,V2V-Base,3,0,2.0,5,46,0.998122
A,V2V-Base,3,0,2.0,5,47,0.998165
A,V2V-Base,3,0,2.0,5,48,0.998153
A,V2V-Base,3,0,2.0,5,49,0.998023
A,V2V-Base,3,0,2.0,5,50,0.998152
A,V2V-Base,3,0,2.0,5,51,0.998069
A,Random-K,3,0,2.0,5,42,0.997946
A,Random-K,3,0,2.0,5,43,0.997754
A,Random-K,3,0,2.0,5,44,0.997865
A,Random-K,3,0,2.0,5,45,0.99807
A,Random-K,3,0,2.0,5,46,0.997945
A,Random-K,3,0,2.0,5,47,0.998024
A,Random-K,3,0,2.0,5,48,0.9978
A,Random-K,3,0,2.0,5,49,0.997926
A,Random-K,3,0,2.0,5,50,0.997972
A,Random-K,3,0,2.0,5,51,0.99791
A,RILP,3,0,3.0,5,42,0.438502
A,RILP,3,0,3.0,5,43,0.438412
A,RILP,3,0,3.0,5,44,0.438223
A,RILP,3,0,3.0,5,45,0.437999
A,RILP,3,0,3.0,5,46,0.438339
A,RILP,3,0,3.0,5,47,0.438168
A,RILP,3,0,3.0,5,48,0.438288
A,RILP,3,0,3.0,5,49,0.438374
A,RILP,3,0,3.0,5,50,0.43871
A,RILP,3,0,3.0,5,51,0.438295
A,RILP-Greedy,3,0,3.0,5,42,0.438502
A,RILP-Greedy,3,0,3.0,5,43,0.438412
A,RILP-Greedy,3,0,3.0,5,44,0.438223
A,RILP-Greedy,3,0,3.0,5,45,0.437999
A,RILP-Greedy,3,0,3.0,5,46,0.438339
A,RILP-Greedy,3,0,3.0,5,47,0.438168
A,RILP-Greedy,3,0,3.0,5,48,0.438288
A,RILP-Greedy,3,0,3.0,5,49,0.438374
A,RILP-Greedy,3,0,3.0,5,50,0.43871
A,RILP-Greedy,3,0,3.0,5,51,0.438295
A,Nam2023b,3,0,3.0,5,42,0.291393
A,Nam2023b,3,0,3.0,5,43,0.291518
A,Nam2023b,3,0,3.0,5,44,0.291236
A,Nam2023b,3,0,3.0,5,45,0.291006
A,Nam2023b,3,0,3.0,5,46,0.29112
A,Nam2023b,3,0,3.0,5,47,0.291286
A,Nam2023b,3,0,3.0,5,48,0.291595
A,Nam2023b,3,0,3.0,5,49,0.291723
A,Nam2023b,3,0,3.0,5,50,0.291181
A,Nam2023b,3,0,3.0,5,51,0.291133
A,Nam2025,3,0,3.0,5,42,0.438502
A,Nam2025,3,0,3.0,5,43,0.438412
A,Nam2025,3,0,3.0,5,44,0.438223
A,Nam2025,3,0,3.0,5,45,0.437999
A,Nam2025,3,0,3.0,5,46,0.438339
A,Nam2025,3,0,3.0,5,47,0.438168
A,Nam2025,3,0,3.0,5,48,0.438288
A,Nam2025,3,0,3.0,5,49,0.438374
A,Nam2025,3,0,3.0,5,50,0.43871
A,Nam2025,3,0,3.0,5,51,0.438295
A,Youn2026,3,0,3.0,5,42,0.438502
A,Youn2026,3,0,3.0,5,43,0.438412
A,Youn2026,3,0,3.0,5,44,0.438223
A,Youn2026,3,0,3.0,5,45,0.437999
A,Youn2026,3,0,3.0,5,46,0.438339
A,Youn2026,3,0,3.0,5,47,0.438168
A,Youn2026,3,0,3.0,5,48,0.438288
A,Youn2026,3,0,3.0,5,49,0.438374
A,Youn2026,3,0,3.0,5,50,0.43871
A,Youn2026,3,0,3.0,5,51,0.438295
A,V2I-Base,3,0,3.0,5,42,0.438502
A,V2I-Base,3,0,3.0,5,43,0.438412
A,V2I-Base,3,0,3.0,5,44,0.438223
A,V2I-Base,3,0,3.0,5,45,0.437999
A,V2I-Base,3,0,3.0,5,46,0.438339
A,V2I-Base,3,0,3.0,5,47,0.438168
A,V2I-Base,3,0,3.0,5,48,0.438288
A,V2I-Base,3,0,3.0,5,49,0.438374
A,V2I-Base,3,0,3.0,5,50,0.43871
A,V2I-Base,3,0,3.0,5,51,0.438295
A,V2V-Base,3,0,3.0,5,42,0.998
A,V2V-Base,3,0,3.0,5,43,0.99806
A,V2V-Base,3,0,3.0,5,44,0.998018
A,V2V-Base,3,0,3.0,5,45,0.998118
A,V2V-Base,3,0,3.0,5,46,0.998122
A,V2V-Base,3,0,3.0,5,47,0.998165
A,V2V-Base,3,0,3.0,5,48,0.998153
A,V2V-Base,3,0,3.0,5,49,0.998023
A,V2V-Base,3,0,3.0,5,50,0.998152
A,V2V-Base,3,0,3.0,5,51,0.998069
A,Random-K,3,0,3.0,5,42,0.997946
A,Random-K,3,0,3.0,5,43,0.997754
A,Random-K,3,0,3.0,5,44,0.997865
A,Random-K,3,0,3.0,5,45,0.99807
A,Random-K,3,0,3.0,5,46,0.997945
A,Random-K,3,0,3.0,5,47,0.998024
A,Random-K,3,0,3.0,5,48,0.9978
A,Random-K,3,0,3.0,5,49,0.997926
A,Random-K,3,0,3.0,5,50,0.997972
A,Random-K,3,0,3.0,5,51,0.99791
A,RILP,3,10,0.0,5,42,0.438502
A,RILP,3,10,0.0,5,43,0.438412
A,RILP,3,10,0.0,5,44,0.438223
A,RILP,3,10,0.0,5,45,0.437999
A,RILP,3,10,0.0,5,46,0.438339
A,RILP,3,10,0.0,5,47,0.438168
A,RILP,3,10,0.0,5,48,0.438288
A,RILP,3,10,0.0,5,49,0.438374
A,RILP,3,10,0.0,5,50,0.43871
A,RILP,3,10,0.0,5,51,0.438295
A,RILP-Greedy,3,10,0.0,5,42,0.438502
A,RILP-Greedy,3,10,0.0,5,43,0.438412
A,RILP-Greedy,3,10,0.0,5,44,0.438223
A,RILP-Greedy,3,10,0.0,5,45,0.437999
A,RILP-Greedy,3,10,0.0,5,46,0.438339
A,RILP-Greedy,3,10,0.0,5,47,0.438168
A,RILP-Greedy,3,10,0.0,5,48,0.438288
A,RILP-Greedy,3,10,0.0,5,49,0.438374
A,RILP-Greedy,3,10,0.0,5,50,0.43871
A,RILP-Greedy,3,10,0.0,5,51,0.438295
A,Nam2023b,3,10,0.0,5,42,0.291393
A,Nam2023b,3,10,0.0,5,43,0.291518
A,Nam2023b,3,10,0.0,5,44,0.291236
A,Nam2023b,3,10,0.0,5,45,0.291006
A,Nam2023b,3,10,0.0,5,46,0.29112
A,Nam2023b,3,10,0.0,5,47,0.291286
A,Nam2023b,3,10,0.0,5,48,0.291595
A,Nam2023b,3,10,0.0,5,49,0.291723
A,Nam2023b,3,10,0.0,5,50,0.291181
A,Nam2023b,3,10,0.0,5,51,0.291133
A,Nam2025,3,10,0.0,5,42,0.438502
A,Nam2025,3,10,0.0,5,43,0.438412
A,Nam2025,3,10,0.0,5,44,0.438223
A,Nam2025,3,10,0.0,5,45,0.437999
A,Nam2025,3,10,0.0,5,46,0.438339
A,Nam2025,3,10,0.0,5,47,0.438168
A,Nam2025,3,10,0.0,5,48,0.438288
A,Nam2025,3,10,0.0,5,49,0.438374
A,Nam2025,3,10,0.0,5,50,0.43871
A,Nam2025,3,10,0.0,5,51,0.438295
A,Youn2026,3,10,0.0,5,42,0.438502
A,Youn2026,3,10,0.0,5,43,0.438412
A,Youn2026,3,10,0.0,5,44,0.438223
A,Youn2026,3,10,0.0,5,45,0.437999
A,Youn2026,3,10,0.0,5,46,0.438339
A,Youn2026,3,10,0.0,5,47,0.438168
A,Youn2026,3,10,0.0,5,48,0.438288
A,Youn2026,3,10,0.0,5,49,0.438374
A,Youn2026,3,10,0.0,5,50,0.43871
A,Youn2026,3,10,0.0,5,51,0.438295
A,V2I-Base,3,10,0.0,5,42,0.438502
A,V2I-Base,3,10,0.0,5,43,0.438412
A,V2I-Base,3,10,0.0,5,44,0.438223
A,V2I-Base,3,10,0.0,5,45,0.437999
A,V2I-Base,3,10,0.0,5,46,0.438339
A,V2I-Base,3,10,0.0,5,47,0.438168
A,V2I-Base,3,10,0.0,5,48,0.438288
A,V2I-Base,3,10,0.0,5,49,0.438374
A,V2I-Base,3,10,0.0,5,50,0.43871
A,V2I-Base,3,10,0.0,5,51,0.438295
A,V2V-Base,3,10,0.0,5,42,0.998
A,V2V-Base,3,10,0.0,5,43,0.99806
A,V2V-Base,3,10,0.0,5,44,0.998018
A,V2V-Base,3,10,0.0,5,45,0.998118
A,V2V-Base,3,10,0.0,5,46,0.998122
A,V2V-Base,3,10,0.0,5,47,0.998165
A,V2V-Base,3,10,0.0,5,48,0.998153
A,V2V-Base,3,10,0.0,5,49,0.998023
A,V2V-Base,3,10,0.0,5,50,0.998152
A,V2V-Base,3,10,0.0,5,51,0.998069
A,Random-K,3,10,0.0,5,42,0.997946
A,Random-K,3,10,0.0,5,43,0.997754
A,Random-K,3,10,0.0,5,44,0.997865
A,Random-K,3,10,0.0,5,45,0.99807
A,Random-K,3,10,0.0,5,46,0.997945
A,Random-K,3,10,0.0,5,47,0.998024
A,Random-K,3,10,0.0,5,48,0.9978
A,Random-K,3,10,0.0,5,49,0.997926
A,Random-K,3,10,0.0,5,50,0.997972
A,Random-K,3,10,0.0,5,51,0.99791
A,RILP,3,10,1.0,5,42,0.438502
A,RILP,3,10,1.0,5,43,0.438412
A,RILP,3,10,1.0,5,44,0.438223
A,RILP,3,10,1.0,5,45,0.437999
A,RILP,3,10,1.0,5,46,0.438339
A,RILP,3,10,1.0,5,47,0.438168
A,RILP,3,10,1.0,5,48,0.438288
A,RILP,3,10,1.0,5,49,0.438374
A,RILP,3,10,1.0,5,50,0.43871
A,RILP,3,10,1.0,5,51,0.438295
A,RILP-Greedy,3,10,1.0,5,42,0.438502
A,RILP-Greedy,3,10,1.0,5,43,0.438412
A,RILP-Greedy,3,10,1.0,5,44,0.438223
A,RILP-Greedy,3,10,1.0,5,45,0.437999
A,RILP-Greedy,3,10,1.0,5,46,0.438339
A,RILP-Greedy,3,10,1.0,5,47,0.438168
A,RILP-Greedy,3,10,1.0,5,48,0.438288
A,RILP-Greedy,3,10,1.0,5,49,0.438374
A,RILP-Greedy,3,10,1.0,5,50,0.43871
A,RILP-Greedy,3,10,1.0,5,51,0.438295
A,Nam2023b,3,10,1.0,5,42,0.291393
A,Nam2023b,3,10,1.0,5,43,0.291518
A,Nam2023b,3,10,1.0,5,44,0.291236
A,Nam2023b,3,10,1.0,5,45,0.291006
A,Nam2023b,3,10,1.0,5,46,0.29112
A,Nam2023b,3,10,1.0,5,47,0.291286
A,Nam2023b,3,10,1.0,5,48,0.291595
A,Nam2023b,3,10,1.0,5,49,0.291723
A,Nam2023b,3,10,1.0,5,50,0.291181
A,Nam2023b,3,10,1.0,5,51,0.291133
A,Nam2025,3,10,1.0,5,42,0.438502
A,Nam2025,3,10,1.0,5,43,0.438412
A,Nam2025,3,10,1.0,5,44,0.438223
A,Nam2025,3,10,1.0,5,45,0.437999
A,Nam2025,3,10,1.0,5,46,0.438339
A,Nam2025,3,10,1.0,5,47,0.438168
A,Nam2025,3,10,1.0,5,48,0.438288
A,Nam2025,3,10,1.0,5,49,0.438374
A,Nam2025,3,10,1.0,5,50,0.43871
A,Nam2025,3,10,1.0,5,51,0.438295
A,Youn2026,3,10,1.0,5,42,0.438502
A,Youn2026,3,10,1.0,5,43,0.438412
A,Youn2026,3,10,1.0,5,44,0.438223
A,Youn2026,3,10,1.0,5,45,0.437999
A,Youn2026,3,10,1.0,5,46,0.438339
A,Youn2026,3,10,1.0,5,47,0.438168
A,Youn2026,3,10,1.0,5,48,0.438288
A,Youn2026,3,10,1.0,5,49,0.438374
A,Youn2026,3,10,1.0,5,50,0.43871
A,Youn2026,3,10,1.0,5,51,0.438295
A,V2I-Base,3,10,1.0,5,42,0.438502
A,V2I-Base,3,10,1.0,5,43,0.438412
A,V2I-Base,3,10,1.0,5,44,0.438223
A,V2I-Base,3,10,1.0,5,45,0.437999
A,V2I-Base,3,10,1.0,5,46,0.438339
A,V2I-Base,3,10,1.0,5,47,0.438168
A,V2I-Base,3,10,1.0,5,48,0.438288
A,V2I-Base,3,10,1.0,5,49,0.438374
A,V2I-Base,3,10,1.0,5,50,0.43871
A,V2I-Base,3,10,1.0,5,51,0.438295
A,V2V-Base,3,10,1.0,5,42,0.998
A,V2V-Base,3,10,1.0,5,43,0.99806
A,V2V-Base,3,10,1.0,5,44,0.998018
A,V2V-Base,3,10,1.0,5,45,0.998118
A,V2V-Base,3,10,1.0,5,46,0.998122
A,V2V-Base,3,10,1.0,5,47,0.998165
A,V2V-Base,3,10,1.0,5,48,0.998153
A,V2V-Base,3,10,1.0,5,49,0.998023
A,V2V-Base,3,10,1.0,5,50,0.998152
A,V2V-Base,3,10,1.0,5,51,0.998069
A,Random-K,3,10,1.0,5,42,0.997946
A,Random-K,3,10,1.0,5,43,0.997754
A,Random-K,3,10,1.0,5,44,0.997865
A,Random-K,3,10,1.0,5,45,0.99807
A,Random-K,3,10,1.0,5,46,0.997945
A,Random-K,3,10,1.0,5,47,0.998024
A,Random-K,3,10,1.0,5,48,0.9978
A,Random-K,3,10,1.0,5,49,0.997926
A,Random-K,3,10,1.0,5,50,0.997972
A,Random-K,3,10,1.0,5,51,0.99791
A,RILP,3,10,2.0,5,42,0.438502
A,RILP,3,10,2.0,5,43,0.438412
A,RILP,3,10,2.0,5,44,0.438223
A,RILP,3,10,2.0,5,45,0.437999
A,RILP,3,10,2.0,5,46,0.438339
A,RILP,3,10,2.0,5,47,0.438168
A,RILP,3,10,2.0,5,48,0.438288
A,RILP,3,10,2.0,5,49,0.438374
A,RILP,3,10,2.0,5,50,0.43871
A,RILP,3,10,2.0,5,51,0.438295
A,RILP-Greedy,3,10,2.0,5,42,0.438502
A,RILP-Greedy,3,10,2.0,5,43,0.438412
A,RILP-Greedy,3,10,2.0,5,44,0.438223
A,RILP-Greedy,3,10,2.0,5,45,0.437999
A,RILP-Greedy,3,10,2.0,5,46,0.438339
A,RILP-Greedy,3,10,2.0,5,47,0.438168
A,RILP-Greedy,3,10,2.0,5,48,0.438288
A,RILP-Greedy,3,10,2.0,5,49,0.438374
A,RILP-Greedy,3,10,2.0,5,50,0.43871
A,RILP-Greedy,3,10,2.0,5,51,0.438295
A,Nam2023b,3,10,2.0,5,42,0.291393
A,Nam2023b,3,10,2.0,5,43,0.291518
A,Nam2023b,3,10,2.0,5,44,0.291236
A,Nam2023b,3,10,2.0,5,45,0.291006
A,Nam2023b,3,10,2.0,5,46,0.29112
A,Nam2023b,3,10,2.0,5,47,0.291286
A,Nam2023b,3,10,2.0,5,48,0.291595
A,Nam2023b,3,10,2.0,5,49,0.291723
A,Nam2023b,3,10,2.0,5,50,0.291181
A,Nam2023b,3,10,2.0,5,51,0.291133
A,Nam2025,3,10,2.0,5,42,0.438502
A,Nam2025,3,10,2.0,5,43,0.438412
A,Nam2025,3,10,2.0,5,44,0.438223
A,Nam2025,3,10,2.0,5,45,0.437999
A,Nam2025,3,10,2.0,5,46,0.438339
A,Nam2025,3,10,2.0,5,47,0.438168
A,Nam2025,3,10,2.0,5,48,0.438288
A,Nam2025,3,10,2.0,5,49,0.438374
A,Nam2025,3,10,2.0,5,50,0.43871
A,Nam2025,3,10,2.0,5,51,0.438295
A,Youn2026,3,10,2.0,5,42,0.438502
A,Youn2026,3,10,2.0,5,43,0.438412
A,Youn2026,3,10,2.0,5,44,0.438223
A,Youn2026,3,10,2.0,5,45,0.437999
A,Youn2026,3,10,2.0,5,46,0.438339
A,Youn2026,3,10,2.0,5,47,0.438168
A,Youn2026,3,10,2.0,5,48,0.438288
A,Youn2026,3,10,2.0,5,49,0.438374
A,Youn2026,3,10,2.0,5,50,0.43871
A,Youn2026,3,10,2.0,5,51,0.438295
A,V2I-Base,3,10,2.0,5,42,0.438502
A,V2I-Base,3,10,2.0,5,43,0.438412
A,V2I-Base,3,10,2.0,5,44,0.438223
A,V2I-Base,3,10,2.0,5,45,0.437999
A,V2I-Base,3,10,2.0,5,46,0.438339
A,V2I-Base,3,10,2.0,5,47,0.438168
A,V2I-Base,3,10,2.0,5,48,0.438288
A,V2I-Base,3,10,2.0,5,49,0.438374
A,V2I-Base,3,10,2.0,5,50,0.43871
A,V2I-Base,3,10,2.0,5,51,0.438295
A,V2V-Base,3,10,2.0,5,42,0.998
A,V2V-Base,3,10,2.0,5,43,0.99806
A,V2V-Base,3,10,2.0,5,44,0.998018
A,V2V-Base,3,10,2.0,5,45,0.998118
A,V2V-Base,3,10,2.0,5,46,0.998122
A,V2V-Base,3,10,2.0,5,47,0.998165
A,V2V-Base,3,10,2.0,5,48,0.998153
A,V2V-Base,3,10,2.0,5,49,0.998023
A,V2V-Base,3,10,2.0,5,50,0.998152
A,V2V-Base,3,10,2.0,5,51,0.998069
A,Random-K,3,10,2.0,5,42,0.997946
A,Random-K,3,10,2.0,5,43,0.997754
A,Random-K,3,10,2.0,5,44,0.997865
A,Random-K,3,10,2.0,5,45,0.99807
A,Random-K,3,10,2.0,5,46,0.997945
A,Random-K,3,10,2.0,5,47,0.998024
A,Random-K,3,10,2.0,5,48,0.9978
A,Random-K,3,10,2.0,5,49,0.997926
A,Random-K,3,10,2.0,5,50,0.997972
A,Random-K,3,10,2.0,5,51,0.99791
A,RILP,3,10,3.0,5,42,0.438502
A,RILP,3,10,3.0,5,43,0.438412
A,RILP,3,10,3.0,5,44,0.438223
A,RILP,3,10,3.0,5,45,0.437999
A,RILP,3,10,3.0,5,46,0.438339
A,RILP,3,10,3.0,5,47,0.438168
A,RILP,3,10,3.0,5,48,0.438288
A,RILP,3,10,3.0,5,49,0.438374
A,RILP,3,10,3.0,5,50,0.43871
A,RILP,3,10,3.0,5,51,0.438295
A,RILP-Greedy,3,10,3.0,5,42,0.438502
A,RILP-Greedy,3,10,3.0,5,43,0.438412
A,RILP-Greedy,3,10,3.0,5,44,0.438223
A,RILP-Greedy,3,10,3.0,5,45,0.437999
A,RILP-Greedy,3,10,3.0,5,46,0.438339
A,RILP-Greedy,3,10,3.0,5,47,0.438168
A,RILP-Greedy,3,10,3.0,5,48,0.438288
A,RILP-Greedy,3,10,3.0,5,49,0.438374
A,RILP-Greedy,3,10,3.0,5,50,0.43871
A,RILP-Greedy,3,10,3.0,5,51,0.438295
A,Nam2023b,3,10,3.0,5,42,0.291393
A,Nam2023b,3,10,3.0,5,43,0.291518
A,Nam2023b,3,10,3.0,5,44,0.291236
A,Nam2023b,3,10,3.0,5,45,0.291006
A,Nam2023b,3,10,3.0,5,46,0.29112
A,Nam2023b,3,10,3.0,5,47,0.291286
A,Nam2023b,3,10,3.0,5,48,0.291595
A,Nam2023b,3,10,3.0,5,49,0.291723
A,Nam2023b,3,10,3.0,5,50,0.291181
A,Nam2023b,3,10,3.0,5,51,0.291133
A,Nam2025,3,10,3.0,5,42,0.438502
A,Nam2025,3,10,3.0,5,43,0.438412
A,Nam2025,3,10,3.0,5,44,0.438223
A,Nam2025,3,10,3.0,5,45,0.437999
A,Nam2025,3,10,3.0,5,46,0.438339
A,Nam2025,3,10,3.0,5,47,0.438168
A,Nam2025,3,10,3.0,5,48,0.438288
A,Nam2025,3,10,3.0,5,49,0.438374
A,Nam2025,3,10,3.0,5,50,0.43871
A,Nam2025,3,10,3.0,5,51,0.438295
A,Youn2026,3,10,3.0,5,42,0.438502
A,Youn2026,3,10,3.0,5,43,0.438412
A,Youn2026,3,10,3.0,5,44,0.438223
A,Youn2026,3,10,3.0,5,45,0.437999
A,Youn2026,3,10,3.0,5,46,0.438339
A,Youn2026,3,10,3.0,5,47,0.438168
A,Youn2026,3,10,3.0,5,48,0.438288
A,Youn2026,3,10,3.0,5,49,0.438374
A,Youn2026,3,10,3.0,5,50,0.43871
A,Youn2026,3,10,3.0,5,51,0.438295
A,V2I-Base,3,10,3.0,5,42,0.438502
A,V2I-Base,3,10,3.0,5,43,0.438412
A,V2I-Base,3,10,3.0,5,44,0.438223
A,V2I-Base,3,10,3.0,5,45,0.437999
A,V2I-Base,3,10,3.0,5,46,0.438339
A,V2I-Base,3,10,3.0,5,47,0.438168
A,V2I-Base,3,10,3.0,5,48,0.438288
A,V2I-Base,3,10,3.0,5,49,0.438374
A,V2I-Base,3,10,3.0,5,50,0.43871
A,V2I-Base,3,10,3.0,5,51,0.438295
A,V2V-Base,3,10,3.0,5,42,0.998
A,V2V-Base,3,10,3.0,5,43,0.99806
A,V2V-Base,3,10,3.0,5,44,0.998018
A,V2V-Base,3,10,3.0,5,45,0.998118
A,V2V-Base,3,10,3.0,5,46,0.998122
A,V2V-Base,3,10,3.0,5,47,0.998165
A,V2V-Base,3,10,3.0,5,48,0.998153
A,V2V-Base,3,10,3.0,5,49,0.998023
A,V2V-Base,3,10,3.0,5,50,0.998152
A,V2V-Base,3,10,3.0,5,51,0.998069
A,Random-K,3,10,3.0,5,42,0.997946
A,Random-K,3,10,3.0,5,43,0.997754
A,Random-K,3,10,3.0,5,44,0.997865
A,Random-K,3,10,3.0,5,45,0.99807
A,Random-K,3,10,3.0,5,46,0.997945
A,Random-K,3,10,3.0,5,47,0.998024
A,Random-K,3,10,3.0,5,48,0.9978
A,Random-K,3,10,3.0,5,49,0.997926
A,Random-K,3,10,3.0,5,50,0.997972
A,Random-K,3,10,3.0,5,51,0.99791
A,RILP,3,20,0.0,5,42,0.438502
A,RILP,3,20,0.0,5,43,0.438412
A,RILP,3,20,0.0,5,44,0.438223
A,RILP,3,20,0.0,5,45,0.437999
A,RILP,3,20,0.0,5,46,0.438339
A,RILP,3,20,0.0,5,47,0.438168
A,RILP,3,20,0.0,5,48,0.438288
A,RILP,3,20,0.0,5,49,0.438374
A,RILP,3,20,0.0,5,50,0.43871
A,RILP,3,20,0.0,5,51,0.438295
A,RILP-Greedy,3,20,0.0,5,42,0.438502
A,RILP-Greedy,3,20,0.0,5,43,0.438412
A,RILP-Greedy,3,20,0.0,5,44,0.438223
A,RILP-Greedy,3,20,0.0,5,45,0.437999
A,RILP-Greedy,3,20,0.0,5,46,0.438339
A,RILP-Greedy,3,20,0.0,5,47,0.438168
A,RILP-Greedy,3,20,0.0,5,48,0.438288
A,RILP-Greedy,3,20,0.0,5,49,0.438374
A,RILP-Greedy,3,20,0.0,5,50,0.43871
A,RILP-Greedy,3,20,0.0,5,51,0.438295
A,Nam2023b,3,20,0.0,5,42,0.291393
A,Nam2023b,3,20,0.0,5,43,0.291518
A,Nam2023b,3,20,0.0,5,44,0.291236
A,Nam2023b,3,20,0.0,5,45,0.291006
A,Nam2023b,3,20,0.0,5,46,0.29112
A,Nam2023b,3,20,0.0,5,47,0.291286
A,Nam2023b,3,20,0.0,5,48,0.291595
A,Nam2023b,3,20,0.0,5,49,0.291723
A,Nam2023b,3,20,0.0,5,50,0.291181
A,Nam2023b,3,20,0.0,5,51,0.291133
A,Nam2025,3,20,0.0,5,42,0.438502
A,Nam2025,3,20,0.0,5,43,0.438412
A,Nam2025,3,20,0.0,5,44,0.438223
A,Nam2025,3,20,0.0,5,45,0.437999
A,Nam2025,3,20,0.0,5,46,0.438339
A,Nam2025,3,20,0.0,5,47,0.438168
A,Nam2025,3,20,0.0,5,48,0.438288
A,Nam2025,3,20,0.0,5,49,0.438374
A,Nam2025,3,20,0.0,5,50,0.43871
A,Nam2025,3,20,0.0,5,51,0.438295
A,Youn2026,3,20,0.0,5,42,0.438502
A,Youn2026,3,20,0.0,5,43,0.438412
A,Youn2026,3,20,0.0,5,44,0.438223
A,Youn2026,3,20,0.0,5,45,0.437999
A,Youn2026,3,20,0.0,5,46,0.438339
A,Youn2026,3,20,0.0,5,47,0.438168
A,Youn2026,3,20,0.0,5,48,0.438288
A,Youn2026,3,20,0.0,5,49,0.438374
A,Youn2026,3,20,0.0,5,50,0.43871
A,Youn2026,3,20,0.0,5,51,0.438295
A,V2I-Base,3,20,0.0,5,42,0.438502
A,V2I-Base,3,20,0.0,5,43,0.438412
A,V2I-Base,3,20,0.0,5,44,0.438223
A,V2I-Base,3,20,0.0,5,45,0.437999
A,V2I-Base,3,20,0.0,5,46,0.438339
A,V2I-Base,3,20,0.0,5,47,0.438168
A,V2I-Base,3,20,0.0,5,48,0.438288
A,V2I-Base,3,20,0.0,5,49,0.438374
A,V2I-Base,3,20,0.0,5,50,0.43871
A,V2I-Base,3,20,0.0,5,51,0.438295
A,V2V-Base,3,20,0.0,5,42,0.998
A,V2V-Base,3,20,0.0,5,43,0.99806
A,V2V-Base,3,20,0.0,5,44,0.998018
A,V2V-Base,3,20,0.0,5,45,0.998118
A,V2V-Base,3,20,0.0,5,46,0.998122
A,V2V-Base,3,20,0.0,5,47,0.998165
A,V2V-Base,3,20,0.0,5,48,0.998153
A,V2V-Base,3,20,0.0,5,49,0.998023
A,V2V-Base,3,20,0.0,5,50,0.998152
A,V2V-Base,3,20,0.0,5,51,0.998069
A,Random-K,3,20,0.0,5,42,0.997946
A,Random-K,3,20,0.0,5,43,0.997754
A,Random-K,3,20,0.0,5,44,0.997865
A,Random-K,3,20,0.0,5,45,0.99807
A,Random-K,3,20,0.0,5,46,0.997945
A,Random-K,3,20,0.0,5,47,0.998024
A,Random-K,3,20,0.0,5,48,0.9978
A,Random-K,3,20,0.0,5,49,0.997926
A,Random-K,3,20,0.0,5,50,0.997972
A,Random-K,3,20,0.0,5,51,0.99791
A,RILP,3,20,1.0,5,42,0.438502
A,RILP,3,20,1.0,5,43,0.438412
A,RILP,3,20,1.0,5,44,0.438223
A,RILP,3,20,1.0,5,45,0.437999
A,RILP,3,20,1.0,5,46,0.438339
A,RILP,3,20,1.0,5,47,0.438168
A,RILP,3,20,1.0,5,48,0.438288
A,RILP,3,20,1.0,5,49,0.438374
A,RILP,3,20,1.0,5,50,0.43871
A,RILP,3,20,1.0,5,51,0.438295
A,RILP-Greedy,3,20,1.0,5,42,0.438502
A,RILP-Greedy,3,20,1.0,5,43,0.438412
A,RILP-Greedy,3,20,1.0,5,44,0.438223
A,RILP-Greedy,3,20,1.0,5,45,0.437999
A,RILP-Greedy,3,20,1.0,5,46,0.438339
A,RILP-Greedy,3,20,1.0,5,47,0.438168
A,RILP-Greedy,3,20,1.0,5,48,0.438288
A,RILP-Greedy,3,20,1.0,5,49,0.438374
A,RILP-Greedy,3,20,1.0,5,50,0.43871
A,RILP-Greedy,3,20,1.0,5,51,0.438295
A,Nam2023b,3,20,1.0,5,42,0.291393
A,Nam2023b,3,20,1.0,5,43,0.291518
A,Nam2023b,3,20,1.0,5,44,0.291236
A,Nam2023b,3,20,1.0,5,45,0.291006
A,Nam2023b,3,20,1.0,5,46,0.29112
A,Nam2023b,3,20,1.0,5,47,0.291286
A,Nam2023b,3,20,1.0,5,48,0.291595
A,Nam2023b,3,20,1.0,5,49,0.291723
A,Nam2023b,3,20,1.0,5,50,0.291181
A,Nam2023b,3,20,1.0,5,51,0.291133
A,Nam2025,3,20,1.0,5,42,0.438502
A,Nam2025,3,20,1.0,5,43,0.438412
A,Nam2025,3,20,1.0,5,44,0.438223
A,Nam2025,3,20,1.0,5,45,0.437999
A,Nam2025,3,20,1.0,5,46,0.438339
A,Nam2025,3,20,1.0,5,47,0.438168
A,Nam2025,3,20,1.0,5,48,0.438288
A,Nam2025,3,20,1.0,5,49,0.438374
A,Nam2025,3,20,1.0,5,50,0.43871
A,Nam2025,3,20,1.0,5,51,0.438295
A,Youn2026,3,20,1.0,5,42,0.438502
A,Youn2026,3,20,1.0,5,43,0.438412
A,Youn2026,3,20,1.0,5,44,0.438223
A,Youn2026,3,20,1.0,5,45,0.437999
A,Youn2026,3,20,1.0,5,46,0.438339
A,Youn2026,3,20,1.0,5,47,0.438168
A,Youn2026,3,20,1.0,5,48,0.438288
A,Youn2026,3,20,1.0,5,49,0.438374
A,Youn2026,3,20,1.0,5,50,0.43871
A,Youn2026,3,20,1.0,5,51,0.438295
A,V2I-Base,3,20,1.0,5,42,0.438502
A,V2I-Base,3,20,1.0,5,43,0.438412
A,V2I-Base,3,20,1.0,5,44,0.438223
A,V2I-Base,3,20,1.0,5,45,0.437999
A,V2I-Base,3,20,1.0,5,46,0.438339
A,V2I-Base,3,20,1.0,5,47,0.438168
A,V2I-Base,3,20,1.0,5,48,0.438288
A,V2I-Base,3,20,1.0,5,49,0.438374
A,V2I-Base,3,20,1.0,5,50,0.43871
A,V2I-Base,3,20,1.0,5,51,0.438295
A,V2V-Base,3,20,1.0,5,42,0.998
A,V2V-Base,3,20,1.0,5,43,0.99806
A,V2V-Base,3,20,1.0,5,44,0.998018
A,V2V-Base,3,20,1.0,5,45,0.998118
A,V2V-Base,3,20,1.0,5,46,0.998122
A,V2V-Base,3,20,1.0,5,47,0.998165
A,V2V-Base,3,20,1.0,5,48,0.998153
A,V2V-Base,3,20,1.0,5,49,0.998023
A,V2V-Base,3,20,1.0,5,50,0.998152
A,V2V-Base,3,20,1.0,5,51,0.998069
A,Random-K,3,20,1.0,5,42,0.997946
A,Random-K,3,20,1.0,5,43,0.997754
A,Random-K,3,20,1.0,5,44,0.997865
A,Random-K,3,20,1.0,5,45,0.99807
A,Random-K,3,20,1.0,5,46,0.997945
A,Random-K,3,20,1.0,5,47,0.998024
A,Random-K,3,20,1.0,5,48,0.9978
A,Random-K,3,20,1.0,5,49,0.997926
A,Random-K,3,20,1.0,5,50,0.997972
A,Random-K,3,20,1.0,5,51,0.99791
A,RILP,3,20,2.0,5,42,0.438502
A,RILP,3,20,2.0,5,43,0.438412
A,RILP,3,20,2.0,5,44,0.438223
A,RILP,3,20,2.0,5,45,0.437999
A,RILP,3,20,2.0,5,46,0.438339
A,RILP,3,20,2.0,5,47,0.438168
A,RILP,3,20,2.0,5,48,0.438288
A,RILP,3,20,2.0,5,49,0.438374
A,RILP,3,20,2.0,5,50,0.43871
A,RILP,3,20,2.0,5,51,0.438295
A,RILP-Greedy,3,20,2.0,5,42,0.438502
A,RILP-Greedy,3,20,2.0,5,43,0.438412
A,RILP-Greedy,3,20,2.0,5,44,0.438223
A,RILP-Greedy,3,20,2.0,5,45,0.437999
A,RILP-Greedy,3,20,2.0,5,46,0.438339
A,RILP-Greedy,3,20,2.0,5,47,0.438168
A,RILP-Greedy,3,20,2.0,5,48,0.438288
A,RILP-Greedy,3,20,2.0,5,49,0.438374
A,RILP-Greedy,3,20,2.0,5,50,0.43871
A,RILP-Greedy,3,20,2.0,5,51,0.438295
A,Nam2023b,3,20,2.0,5,42,0.291393
A,Nam2023b,3,20,2.0,5,43,0.291518
A,Nam2023b,3,20,2.0,5,44,0.291236
A,Nam2023b,3,20,2.0,5,45,0.291006
A,Nam2023b,3,20,2.0,5,46,0.29112
A,Nam2023b,3,20,2.0,5,47,0.291286
A,Nam2023b,3,20,2.0,5,48,0.291595
A,Nam2023b,3,20,2.0,5,49,0.291723
A,Nam2023b,3,20,2.0,5,50,0.291181
A,Nam2023b,3,20,2.0,5,51,0.291133
A,Nam2025,3,20,2.0,5,42,0.438502
A,Nam2025,3,20,2.0,5,43,0.438412
A,Nam2025,3,20,2.0,5,44,0.438223
A,Nam2025,3,20,2.0,5,45,0.437999
A,Nam2025,3,20,2.0,5,46,0.438339
A,Nam2025,3,20,2.0,5,47,0.438168
A,Nam2025,3,20,2.0,5,48,0.438288
A,Nam2025,3,20,2.0,5,49,0.438374
A,Nam2025,3,20,2.0,5,50,0.43871
A,Nam2025,3,20,2.0,5,51,0.438295
A,Youn2026,3,20,2.0,5,42,0.438502
A,Youn2026,3,20,2.0,5,43,0.438412
A,Youn2026,3,20,2.0,5,44,0.438223
A,Youn2026,3,20,2.0,5,45,0.437999
A,Youn2026,3,20,2.0,5,46,0.438339
A,Youn2026,3,20,2.0,5,47,0.438168
A,Youn2026,3,20,2.0,5,48,0.438288
A,Youn2026,3,20,2.0,5,49,0.438374
A,Youn2026,3,20,2.0,5,50,0.43871
A,Youn2026,3,20,2.0,5,51,0.438295
A,V2I-Base,3,20,2.0,5,42,0.438502
A,V2I-Base,3,20,2.0,5,43,0.438412
A,V2I-Base,3,20,2.0,5,44,0.438223
A,V2I-Base,3,20,2.0,5,45,0.437999
A,V2I-Base,3,20,2.0,5,46,0.438339
A,V2I-Base,3,20,2.0,5,47,0.438168
A,V2I-Base,3,20,2.0,5,48,0.438288
A,V2I-Base,3,20,2.0,5,49,0.438374
A,V2I-Base,3,20,2.0,5,50,0.43871
A,V2I-Base,3,20,2.0,5,51,0.438295
A,V2V-Base,3,20,2.0,5,42,0.998
A,V2V-Base,3,20,2.0,5,43,0.99806
A,V2V-Base,3,20,2.0,5,44,0.998018
A,V2V-Base,3,20,2.0,5,45,0.998118
A,V2V-Base,3,20,2.0,5,46,0.998122
A,V2V-Base,3,20,2.0,5,47,0.998165
A,V2V-Base,3,20,2.0,5,48,0.998153
A,V2V-Base,3,20,2.0,5,49,0.998023
A,V2V-Base,3,20,2.0,5,50,0.998152
A,V2V-Base,3,20,2.0,5,51,0.998069
A,Random-K,3,20,2.0,5,42,0.997946
A,Random-K,3,20,2.0,5,43,0.997754
A,Random-K,3,20,2.0,5,44,0.997865
A,Random-K,3,20,2.0,5,45,0.99807
A,Random-K,3,20,2.0,5,46,0.997945
A,Random-K,3,20,2.0,5,47,0.998024
A,Random-K,3,20,2.0,5,48,0.9978
A,Random-K,3,20,2.0,5,49,0.997926
A,Random-K,3,20,2.0,5,50,0.997972
A,Random-K,3,20,2.0,5,51,0.99791
A,RILP,3,20,3.0,5,42,0.438502
A,RILP,3,20,3.0,5,43,0.438412
A,RILP,3,20,3.0,5,44,0.438223
A,RILP,3,20,3.0,5,45,0.437999
A,RILP,3,20,3.0,5,46,0.438339
A,RILP,3,20,3.0,5,47,0.438168
A,RILP,3,20,3.0,5,48,0.438288
A,RILP,3,20,3.0,5,49,0.438374
A,RILP,3,20,3.0,5,50,0.43871
A,RILP,3,20,3.0,5,51,0.438295
A,RILP-Greedy,3,20,3.0,5,42,0.438502
A,RILP-Greedy,3,20,3.0,5,43,0.438412
A,RILP-Greedy,3,20,3.0,5,44,0.438223
A,RILP-Greedy,3,20,3.0,5,45,0.437999
A,RILP-Greedy,3,20,3.0,5,46,0.438339
A,RILP-Greedy,3,20,3.0,5,47,0.438168
A,RILP-Greedy,3,20,3.0,5,48,0.438288
A,RILP-Greedy,3,20,3.0,5,49,0.438374
A,RILP-Greedy,3,20,3.0,5,50,0.43871
A,RILP-Greedy,3,20,3.0,5,51,0.438295
A,Nam2023b,3,20,3.0,5,42,0.291393
A,Nam2023b,3,20,3.0,5,43,0.291518
A,Nam2023b,3,20,3.0,5,44,0.291236
A,Nam2023b,3,20,3.0,5,45,0.291006
A,Nam2023b,3,20,3.0,5,46,0.29112
A,Nam2023b,3,20,3.0,5,47,0.291286
A,Nam2023b,3,20,3.0,5,48,0.291595
A,Nam2023b,3,20,3.0,5,49,0.291723
A,Nam2023b,3,20,3.0,5,50,0.291181
A,Nam2023b,3,20,3.0,5,51,0.291133
A,Nam2025,3,20,3.0,5,42,0.438502
A,Nam2025,3,20,3.0,5,43,0.438412
A,Nam2025,3,20,3.0,5,44,0.438223
A,Nam2025,3,20,3.0,5,45,0.437999
A,Nam2025,3,20,3.0,5,46,0.438339
A,Nam2025,3,20,3.0,5,47,0.438168
A,Nam2025,3,20,3.0,5,48,0.438288
A,Nam2025,3,20,3.0,5,49,0.438374
A,Nam2025,3,20,3.0,5,50,0.43871
A,Nam2025,3,20,3.0,5,51,0.438295
A,Youn2026,3,20,3.0,5,42,0.438502
A,Youn2026,3,20,3.0,5,43,0.438412
A,Youn2026,3,20,3.0,5,44,0.438223
A,Youn2026,3,20,3.0,5,45,0.437999
A,Youn2026,3,20,3.0,5,46,0.438339
A,Youn2026,3,20,3.0,5,47,0.438168
A,Youn2026,3,20,3.0,5,48,0.438288
A,Youn2026,3,20,3.0,5,49,0.438374
A,Youn2026,3,20,3.0,5,50,0.43871
A,Youn2026,3,20,3.0,5,51,0.438295
A,V2I-Base,3,20,3.0,5,42,0.438502
A,V2I-Base,3,20,3.0,5,43,0.438412
A,V2I-Base,3,20,3.0,5,44,0.438223
A,V2I-Base,3,20,3.0,5,45,0.437999
A,V2I-Base,3,20,3.0,5,46,0.438339
A,V2I-Base,3,20,3.0,5,47,0.438168
A,V2I-Base,3,20,3.0,5,48,0.438288
A,V2I-Base,3,20,3.0,5,49,0.438374
A,V2I-Base,3,20,3.0,5,50,0.43871
A,V2I-Base,3,20,3.0,5,51,0.438295
A,V2V-Base,3,20,3.0,5,42,0.998
A,V2V-Base,3,20,3.0,5,43,0.99806
A,V2V-Base,3,20,3.0,5,44,0.998018
A,V2V-Base,3,20,3.0,5,45,0.998118
A,V2V-Base,3,20,3.0,5,46,0.998122
A,V2V-Base,3,20,3.0,5,47,0.998165
A,V2V-Base,3,20,3.0,5,48,0.998153
A,V2V-Base,3,20,3.0,5,49,0.998023
A,V2V-Base,3,20,3.0,5,50,0.998152
A,V2V-Base,3,20,3.0,5,51,0.998069
A,Random-K,3,20,3.0,5,42,0.997946
A,Random-K,3,20,3.0,5,43,0.997754
A,Random-K,3,20,3.0,5,44,0.997865
A,Random-K,3,20,3.0,5,45,0.99807
A,Random-K,3,20,3.0,5,46,0.997945
A,Random-K,3,20,3.0,5,47,0.998024
A,Random-K,3,20,3.0,5,48,0.9978
A,Random-K,3,20,3.0,5,49,0.997926
A,Random-K,3,20,3.0,5,50,0.997972
A,Random-K,3,20,3.0,5,51,0.99791
A,RILP,3,30,0.0,5,42,0.438502
A,RILP,3,30,0.0,5,43,0.438412
A,RILP,3,30,0.0,5,44,0.438223
A,RILP,3,30,0.0,5,45,0.437999
A,RILP,3,30,0.0,5,46,0.438339
A,RILP,3,30,0.0,5,47,0.438168
A,RILP,3,30,0.0,5,48,0.438288
A,RILP,3,30,0.0,5,49,0.438374
A,RILP,3,30,0.0,5,50,0.43871
A,RILP,3,30,0.0,5,51,0.438295
A,RILP-Greedy,3,30,0.0,5,42,0.438502
A,RILP-Greedy,3,30,0.0,5,43,0.438412
A,RILP-Greedy,3,30,0.0,5,44,0.438223
A,RILP-Greedy,3,30,0.0,5,45,0.437999
A,RILP-Greedy,3,30,0.0,5,46,0.438339
A,RILP-Greedy,3,30,0.0,5,47,0.438168
A,RILP-Greedy,3,30,0.0,5,48,0.438288
A,RILP-Greedy,3,30,0.0,5,49,0.438374
A,RILP-Greedy,3,30,0.0,5,50,0.43871
A,RILP-Greedy,3,30,0.0,5,51,0.438295
A,Nam2023b,3,30,0.0,5,42,0.291393
A,Nam2023b,3,30,0.0,5,43,0.291518
A,Nam2023b,3,30,0.0,5,44,0.291236
A,Nam2023b,3,30,0.0,5,45,0.291006
A,Nam2023b,3,30,0.0,5,46,0.29112
A,Nam2023b,3,30,0.0,5,47,0.291286
A,Nam2023b,3,30,0.0,5,48,0.291595
A,Nam2023b,3,30,0.0,5,49,0.291723
A,Nam2023b,3,30,0.0,5,50,0.291181
A,Nam2023b,3,30,0.0,5,51,0.291133
A,Nam2025,3,30,0.0,5,42,0.438502
A,Nam2025,3,30,0.0,5,43,0.438412
A,Nam2025,3,30,0.0,5,44,0.438223
A,Nam2025,3,30,0.0,5,45,0.437999
A,Nam2025,3,30,0.0,5,46,0.438339
A,Nam2025,3,30,0.0,5,47,0.438168
A,Nam2025,3,30,0.0,5,48,0.438288
A,Nam2025,3,30,0.0,5,49,0.438374
A,Nam2025,3,30,0.0,5,50,0.43871
A,Nam2025,3,30,0.0,5,51,0.438295
A,Youn2026,3,30,0.0,5,42,0.438502
A,Youn2026,3,30,0.0,5,43,0.438412
A,Youn2026,3,30,0.0,5,44,0.438223
A,Youn2026,3,30,0.0,5,45,0.437999
A,Youn2026,3,30,0.0,5,46,0.438339
A,Youn2026,3,30,0.0,5,47,0.438168
A,Youn2026,3,30,0.0,5,48,0.438288
A,Youn2026,3,30,0.0,5,49,0.438374
A,Youn2026,3,30,0.0,5,50,0.43871
A,Youn2026,3,30,0.0,5,51,0.438295
A,V2I-Base,3,30,0.0,5,42,0.438502
A,V2I-Base,3,30,0.0,5,43,0.438412
A,V2I-Base,3,30,0.0,5,44,0.438223
A,V2I-Base,3,30,0.0,5,45,0.437999
A,V2I-Base,3,30,0.0,5,46,0.438339
A,V2I-Base,3,30,0.0,5,47,0.438168
A,V2I-Base,3,30,0.0,5,48,0.438288
A,V2I-Base,3,30,0.0,5,49,0.438374
A,V2I-Base,3,30,0.0,5,50,0.43871
A,V2I-Base,3,30,0.0,5,51,0.438295
A,V2V-Base,3,30,0.0,5,42,0.998
A,V2V-Base,3,30,0.0,5,43,0.99806
A,V2V-Base,3,30,0.0,5,44,0.998018
A,V2V-Base,3,30,0.0,5,45,0.998118
A,V2V-Base,3,30,0.0,5,46,0.998122
A,V2V-Base,3,30,0.0,5,47,0.998165
A,V2V-Base,3,30,0.0,5,48,0.998153
A,V2V-Base,3,30,0.0,5,49,0.998023
A,V2V-Base,3,30,0.0,5,50,0.998152
A,V2V-Base,3,30,0.0,5,51,0.998069
A,Random-K,3,30,0.0,5,42,0.997946
A,Random-K,3,30,0.0,5,43,0.997754
A,Random-K,3,30,0.0,5,44,0.997865
A,Random-K,3,30,0.0,5,45,0.99807
A,Random-K,3,30,0.0,5,46,0.997945
A,Random-K,3,30,0.0,5,47,0.998024
A,Random-K,3,30,0.0,5,48,0.9978
A,Random-K,3,30,0.0,5,49,0.997926
A,Random-K,3,30,0.0,5,50,0.997972
A,Random-K,3,30,0.0,5,51,0.99791
A,RILP,3,30,1.0,5,42,0.438502
A,RILP,3,30,1.0,5,43,0.438412
A,RILP,3,30,1.0,5,44,0.438223
A,RILP,3,30,1.0,5,45,0.437999
A,RILP,3,30,1.0,5,46,0.438339
A,RILP,3,30,1.0,5,47,0.438168
A,RILP,3,30,1.0,5,48,0.438288
A,RILP,3,30,1.0,5,49,0.438374
A,RILP,3,30,1.0,5,50,0.43871
A,RILP,3,30,1.0,5,51,0.438295
A,RILP-Greedy,3,30,1.0,5,42,0.438502
A,RILP-Greedy,3,30,1.0,5,43,0.438412
A,RILP-Greedy,3,30,1.0,5,44,0.438223
A,RILP-Greedy,3,30,1.0,5,45,0.437999
A,RILP-Greedy,3,30,1.0,5,46,0.438339
A,RILP-Greedy,3,30,1.0,5,47,0.438168
A,RILP-Greedy,3,30,1.0,5,48,0.438288
A,RILP-Greedy,3,30,1.0,5,49,0.438374
A,RILP-Greedy,3,30,1.0,5,50,0.43871
A,RILP-Greedy,3,30,1.0,5,51,0.438295
A,Nam2023b,3,30,1.0,5,42,0.291393
A,Nam2023b,3,30,1.0,5,43,0.291518
A,Nam2023b,3,30,1.0,5,44,0.291236
A,Nam2023b,3,30,1.0,5,45,0.291006
A,Nam2023b,3,30,1.0,5,46,0.29112
A,Nam2023b,3,30,1.0,5,47,0.291286
A,Nam2023b,3,30,1.0,5,48,0.291595
A,Nam2023b,3,30,1.0,5,49,0.291723
A,Nam2023b,3,30,1.0,5,50,0.291181
A,Nam2023b,3,30,1.0,5,51,0.291133
A,Nam2025,3,30,1.0,5,42,0.438502
A,Nam2025,3,30,1.0,5,43,0.438412
A,Nam2025,3,30,1.0,5,44,0.438223
A,Nam2025,3,30,1.0,5,45,0.437999
A,Nam2025,3,30,1.0,5,46,0.438339
A,Nam2025,3,30,1.0,5,47,0.438168
A,Nam2025,3,30,1.0,5,48,0.438288
A,Nam2025,3,30,1.0,5,49,0.438374
A,Nam2025,3,30,1.0,5,50,0.43871
A,Nam2025,3,30,1.0,5,51,0.438295
A,Youn2026,3,30,1.0,5,42,0.438502
A,Youn2026,3,30,1.0,5,43,0.438412
A,Youn2026,3,30,1.0,5,44,0.438223
A,Youn2026,3,30,1.0,5,45,0.437999
A,Youn2026,3,30,1.0,5,46,0.438339
A,Youn2026,3,30,1.0,5,47,0.438168
A,Youn2026,3,30,1.0,5,48,0.438288
A,Youn2026,3,30,1.0,5,49,0.438374
A,Youn2026,3,30,1.0,5,50,0.43871
A,Youn2026,3,30,1.0,5,51,0.438295
A,V2I-Base,3,30,1.0,5,42,0.438502
A,V2I-Base,3,30,1.0,5,43,0.438412
A,V2I-Base,3,30,1.0,5,44,0.438223
A,V2I-Base,3,30,1.0,5,45,0.437999
A,V2I-Base,3,30,1.0,5,46,0.438339
A,V2I-Base,3,30,1.0,5,47,0.438168
A,V2I-Base,3,30,1.0,5,48,0.438288
A,V2I-Base,3,30,1.0,5,49,0.438374
A,V2I-Base,3,30,1.0,5,50,0.43871
A,V2I-Base,3,30,1.0,5,51,0.438295
A,V2V-Base,3,30,1.0,5,42,0.998
A,V2V-Base,3,30,1.0,5,43,0.99806
A,V2V-Base,3,30,1.0,5,44,0.998018
A,V2V-Base,3,30,1.0,5,45,0.998118
A,V2V-Base,3,30,1.0,5,46,0.998122
A,V2V-Base,3,30,1.0,5,47,0.998165
A,V2V-Base,3,30,1.0,5,48,0.998153
A,V2V-Base,3,30,1.0,5,49,0.998023
A,V2V-Base,3,30,1.0,5,50,0.998152
A,V2V-Base,3,30,1.0,5,51,0.998069
A,Random-K,3,30,1.0,5,42,0.997946
A,Random-K,3,30,1.0,5,43,0.997754
A,Random-K,3,30,1.0,5,44,0.997865
A,Random-K,3,30,1.0,5,45,0.99807
A,Random-K,3,30,1.0,5,46,0.997945
A,Random-K,3,30,1.0,5,47,0.998024
A,Random-K,3,30,1.0,5,48,0.9978
A,Random-K,3,30,1.0,5,49,0.997926
A,Random-K,3,30,1.0,5,50,0.997972
A,Random-K,3,30,1.0,5,51,0.99791
A,RILP,3,30,2.0,5,42,0.438502
A,RILP,3,30,2.0,5,43,0.438412
A,RILP,3,30,2.0,5,44,0.438223
A,RILP,3,30,2.0,5,45,0.437999
A,RILP,3,30,2.0,5,46,0.438339
A,RILP,3,30,2.0,5,47,0.438168
A,RILP,3,30,2.0,5,48,0.438288
A,RILP,3,30,2.0,5,49,0.438374
A,RILP,3,30,2.0,5,50,0.43871
A,RILP,3,30,2.0,5,51,0.438295
A,RILP-Greedy,3,30,2.0,5,42,0.438502
A,RILP-Greedy,3,30,2.0,5,43,0.438412
A,RILP-Greedy,3,30,2.0,5,44,0.438223
A,RILP-Greedy,3,30,2.0,5,45,0.437999
A,RILP-Greedy,3,30,2.0,5,46,0.438339
A,RILP-Greedy,3,30,2.0,5,47,0.438168
A,RILP-Greedy,3,30,2.0,5,48,0.438288
A,RILP-Greedy,3,30,2.0,5,49,0.438374
A,RILP-Greedy,3,30,2.0,5,50,0.43871
A,RILP-Greedy,3,30,2.0,5,51,0.438295
A,Nam2023b,3,30,2.0,5,42,0.291393
A,Nam2023b,3,30,2.0,5,43,0.291518
A,Nam2023b,3,30,2.0,5,44,0.291236
A,Nam2023b,3,30,2.0,5,45,0.291006
A,Nam2023b,3,30,2.0,5,46,0.29112
A,Nam2023b,3,30,2.0,5,47,0.291286
A,Nam2023b,3,30,2.0,5,48,0.291595
A,Nam2023b,3,30,2.0,5,49,0.291723
A,Nam2023b,3,30,2.0,5,50,0.291181
A,Nam2023b,3,30,2.0,5,51,0.291133
A,Nam2025,3,30,2.0,5,42,0.438502
A,Nam2025,3,30,2.0,5,43,0.438246
A,Nam2025,3,30,2.0,5,44,0.438238
A,Nam2025,3,30,2.0,5,45,0.438381
A,Nam2025,3,30,2.0,5,46,0.438576
A,Nam2025,3,30,2.0,5,47,0.438123
A,Nam2025,3,30,2.0,5,48,0.438507
A,Nam2025,3,30,2.0,5,49,0.438458
A,Nam2025,3,30,2.0,5,50,0.438225
A,Nam2025,3,30,2.0,5,51,0.438295
A,Youn2026,3,30,2.0,5,42,0.438255
A,Youn2026,3,30,2.0,5,43,0.438246
A,Youn2026,3,30,2.0,5,44,0.438238
A,Youn2026,3,30,2.0,5,45,0.438381
A,Youn2026,3,30,2.0,5,46,0.438576
A,Youn2026,3,30,2.0,5,47,0.438123
A,Youn2026,3,30,2.0,5,48,0.438507
A,Youn2026,3,30,2.0,5,49,0.438458
A,Youn2026,3,30,2.0,5,50,0.438225
A,Youn2026,3,30,2.0,5,51,0.438295
A,V2I-Base,3,30,2.0,5,42,0.438255
A,V2I-Base,3,30,2.0,5,43,0.438246
A,V2I-Base,3,30,2.0,5,44,0.438238
A,V2I-Base,3,30,2.0,5,45,0.438381
A,V2I-Base,3,30,2.0,5,46,0.438576
A,V2I-Base,3,30,2.0,5,47,0.438123
A,V2I-Base,3,30,2.0,5,48,0.438507
A,V2I-Base,3,30,2.0,5,49,0.438458
A,V2I-Base,3,30,2.0,5,50,0.438225
A,V2I-Base,3,30,2.0,5,51,0.438295
A,V2V-Base,3,30,2.0,5,42,0.999526
A,V2V-Base,3,30,2.0,5,43,0.999497
A,V2V-Base,3,30,2.0,5,44,0.999481
A,V2V-Base,3,30,2.0,5,45,0.999478
A,V2V-Base,3,30,2.0,5,46,0.999514
A,V2V-Base,3,30,2.0,5,47,0.999526
A,V2V-Base,3,30,2.0,5,48,0.999499
A,V2V-Base,3,30,2.0,5,49,0.999521
A,V2V-Base,3,30,2.0,5,50,0.999537
A,V2V-Base,3,30,2.0,5,51,0.99953
A,Random-K,3,30,2.0,5,42,0.999366
A,Random-K,3,30,2.0,5,43,0.999386
A,Random-K,3,30,2.0,5,44,0.999336
A,Random-K,3,30,2.0,5,45,0.999368
A,Random-K,3,30,2.0,5,46,0.999415
A,Random-K,3,30,2.0,5,47,0.999434
A,Random-K,3,30,2.0,5,48,0.999356
A,Random-K,3,30,2.0,5,49,0.999374
A,Random-K,3,30,2.0,5,50,0.999456
A,Random-K,3,30,2.0,5,51,0.999427
A,RILP,3,30,3.0,5,42,0.438255
A,RILP,3,30,3.0,5,43,0.438246
A,RILP,3,30,3.0,5,44,0.438238
A,RILP,3,30,3.0,5,45,0.438381
A,RILP,3,30,3.0,5,46,0.438576
A,RILP,3,30,3.0,5,47,0.438123
A,RILP,3,30,3.0,5,48,0.438507
A,RILP,3,30,3.0,5,49,0.438458
A,RILP,3,30,3.0,5,50,0.438225
A,RILP,3,30,3.0,5,51,0.438295
A,RILP-Greedy,3,30,3.0,5,42,0.438255
A,RILP-Greedy,3,30,3.0,5,43,0.438246
A,RILP-Greedy,3,30,3.0,5,44,0.438238
A,RILP-Greedy,3,30,3.0,5,45,0.438381
A,RILP-Greedy,3,30,3.0,5,46,0.438576
A,RILP-Greedy,3,30,3.0,5,47,0.438123
A,RILP-Greedy,3,30,3.0,5,48,0.438507
A,RILP-Greedy,3,30,3.0,5,49,0.438458
A,RILP-Greedy,3,30,3.0,5,50,0.438225
A,RILP-Greedy,3,30,3.0,5,51,0.438295
A,Nam2023b,3,30,3.0,5,42,0.291211
A,Nam2023b,3,30,3.0,5,43,0.291415
A,Nam2023b,3,30,3.0,5,44,0.291293
A,Nam2023b,3,30,3.0,5,45,0.291605
A,Nam2023b,3,30,3.0,5,46,0.291456
A,Nam2023b,3,30,3.0,5,47,0.291414
A,Nam2023b,3,30,3.0,5,48,0.291501
A,Nam2023b,3,30,3.0,5,49,0.291486
A,Nam2023b,3,30,3.0,5,50,0.291464
A,Nam2023b,3,30,3.0,5,51,0.291294
A,Nam2025,3,30,3.0,5,42,0.438255
A,Nam2025,3,30,3.0,5,43,0.438246
A,Nam2025,3,30,3.0,5,44,0.438238
A,Nam2025,3,30,3.0,5,45,0.438381
A,Nam2025,3,30,3.0,5,46,0.438576
A,Nam2025,3,30,3.0,5,47,0.438123
A,Nam2025,3,30,3.0,5,48,0.438507
A,Nam2025,3,30,3.0,5,49,0.438458
A,Nam2025,3,30,3.0,5,50,0.438225
A,Nam2025,3,30,3.0,5,51,0.438295
A,Youn2026,3,30,3.0,5,42,0.438255
A,Youn2026,3,30,3.0,5,43,0.438246
A,Youn2026,3,30,3.0,5,44,0.438238
A,Youn2026,3,30,3.0,5,45,0.438381
A,Youn2026,3,30,3.0,5,46,0.438576
A,Youn2026,3,30,3.0,5,47,0.438123
A,Youn2026,3,30,3.0,5,48,0.438507
A,Youn2026,3,30,3.0,5,49,0.438458
A,Youn2026,3,30,3.0,5,50,0.438225
A,Youn2026,3,30,3.0,5,51,0.438295
A,V2I-Base,3,30,3.0,5,42,0.438255
A,V2I-Base,3,30,3.0,5,43,0.438246
A,V2I-Base,3,30,3.0,5,44,0.438238
A,V2I-Base,3,30,3.0,5,45,0.438381
A,V2I-Base,3,30,3.0,5,46,0.438576
A,V2I-Base,3,30,3.0,5,47,0.438123
A,V2I-Base,3,30,3.0,5,48,0.438507
A,V2I-Base,3,30,3.0,5,49,0.438458
A,V2I-Base,3,30,3.0,5,50,0.438225
A,V2I-Base,3,30,3.0,5,51,0.438295
A,V2V-Base,3,30,3.0,5,42,0.999526
A,V2V-Base,3,30,3.0,5,43,0.999497
A,V2V-Base,3,30,3.0,5,44,0.999481
A,V2V-Base,3,30,3.0,5,45,0.999478
A,V2V-Base,3,30,3.0,5,46,0.999514
A,V2V-Base,3,30,3.0,5,47,0.999526
A,V2V-Base,3,30,3.0,5,48,0.999499
A,V2V-Base,3,30,3.0,5,49,0.999521
A,V2V-Base,3,30,3.0,5,50,0.999537
A,V2V-Base,3,30,3.0,5,51,0.99953
A,Random-K,3,30,3.0,5,42,0.999366
A,Random-K,3,30,3.0,5,43,0.999386
A,Random-K,3,30,3.0,5,44,0.999336
A,Random-K,3,30,3.0,5,45,0.999368
A,Random-K,3,30,3.0,5,46,0.999415
A,Random-K,3,30,3.0,5,47,0.999434
A,Random-K,3,30,3.0,5,48,0.999356
A,Random-K,3,30,3.0,5,49,0.999374
A,Random-K,3,30,3.0,5,50,0.999456
A,Random-K,3,30,3.0,5,51,0.999427
A,RILP,4,0,0.0,5,42,0.438255
A,RILP,4,0,0.0,5,43,0.438246
A,RILP,4,0,0.0,5,44,0.438238
A,RILP,4,0,0.0,5,45,0.438381
A,RILP,4,0,0.0,5,46,0.438576
A,RILP,4,0,0.0,5,47,0.438123
A,RILP,4,0,0.0,5,48,0.438507
A,RILP,4,0,0.0,5,49,0.438458
A,RILP,4,0,0.0,5,50,0.438225
A,RILP,4,0,0.0,5,51,0.438295
A,RILP-Greedy,4,0,0.0,5,42,0.438255
A,RILP-Greedy,4,0,0.0,5,43,0.438246
A,RILP-Greedy,4,0,0.0,5,44,0.438238
A,RILP-Greedy,4,0,0.0,5,45,0.438381
A,RILP-Greedy,4,0,0.0,5,46,0.438576
A,RILP-Greedy,4,0,0.0,5,47,0.438123
A,RILP-Greedy,4,0,0.0,5,48,0.438507
A,RILP-Greedy,4,0,0.0,5,49,0.438458
A,RILP-Greedy,4,0,0.0,5,50,0.438225
A,RILP-Greedy,4,0,0.0,5,51,0.438295
A,Nam2023b,4,0,0.0,5,42,0.291211
A,Nam2023b,4,0,0.0,5,43,0.291415
A,Nam2023b,4,0,0.0,5,44,0.291293
A,Nam2023b,4,0,0.0,5,45,0.291605
A,Nam2023b,4,0,0.0,5,46,0.291456
A,Nam2023b,4,0,0.0,5,47,0.291414
A,Nam2023b,4,0,0.0,5,48,0.291501
A,Nam2023b,4,0,0.0,5,49,0.291486
A,Nam2023b,4,0,0.0,5,50,0.291464
A,Nam2023b,4,0,0.0,5,51,0.291294
A,Nam2025,4,0,0.0,5,42,0.438255
A,Nam2025,4,0,0.0,5,43,0.438246
A,Nam2025,4,0,0.0,5,44,0.438238
A,Nam2025,4,0,0.0,5,45,0.438381
A,Nam2025,4,0,0.0,5,46,0.438576
A,Nam2025,4,0,0.0,5,47,0.438123
A,Nam2025,4,0,0.0,5,48,0.438507
A,Nam2025,4,0,0.0,5,49,0.438458
A,Nam2025,4,0,0.0,5,50,0.438225
A,Nam2025,4,0,0.0,5,51,0.438295
A,Youn2026,4,0,0.0,5,42,0.438255
A,Youn2026,4,0,0.0,5,43,0.438246
A,Youn2026,4,0,0.0,5,44,0.438238
A,Youn2026,4,0,0.0,5,45,0.438381
A,Youn2026,4,0,0.0,5,46,0.438576
A,Youn2026,4,0,0.0,5,47,0.438123
A,Youn2026,4,0,0.0,5,48,0.438507
A,Youn2026,4,0,0.0,5,49,0.438458
A,Youn2026,4,0,0.0,5,50,0.438225
A,Youn2026,4,0,0.0,5,51,0.438295
A,V2I-Base,4,0,0.0,5,42,0.438255
A,V2I-Base,4,0,0.0,5,43,0.438246
A,V2I-Base,4,0,0.0,5,44,0.438238
A,V2I-Base,4,0,0.0,5,45,0.438381
A,V2I-Base,4,0,0.0,5,46,0.438576
A,V2I-Base,4,0,0.0,5,47,0.438123
A,V2I-Base,4,0,0.0,5,48,0.438507
A,V2I-Base,4,0,0.0,5,49,0.438458
A,V2I-Base,4,0,0.0,5,50,0.438225
A,V2I-Base,4,0,0.0,5,51,0.438295
A,V2V-Base,4,0,0.0,5,42,0.999526
A,V2V-Base,4,0,0.0,5,43,0.999497
A,V2V-Base,4,0,0.0,5,44,0.999481
A,V2V-Base,4,0,0.0,5,45,0.999478
A,V2V-Base,4,0,0.0,5,46,0.999514
A,V2V-Base,4,0,0.0,5,47,0.999526
A,V2V-Base,4,0,0.0,5,48,0.999499
A,V2V-Base,4,0,0.0,5,49,0.999521
A,V2V-Base,4,0,0.0,5,50,0.999537
A,V2V-Base,4,0,0.0,5,51,0.99953
A,Random-K,4,0,0.0,5,42,0.999366
A,Random-K,4,0,0.0,5,43,0.999386
A,Random-K,4,0,0.0,5,44,0.999336
A,Random-K,4,0,0.0,5,45,0.999368
A,Random-K,4,0,0.0,5,46,0.999415
A,Random-K,4,0,0.0,5,47,0.999434
A,Random-K,4,0,0.0,5,48,0.999356
A,Random-K,4,0,0.0,5,49,0.999374
A,Random-K,4,0,0.0,5,50,0.999456
A,Random-K,4,0,0.0,5,51,0.999427
A,RILP,4,0,1.0,5,42,0.438255
A,RILP,4,0,1.0,5,43,0.438246
A,RILP,4,0,1.0,5,44,0.438238
A,RILP,4,0,1.0,5,45,0.438381
A,RILP,4,0,1.0,5,46,0.438576
A,RILP,4,0,1.0,5,47,0.438123
A,RILP,4,0,1.0,5,48,0.438507
A,RILP,4,0,1.0,5,49,0.438458
A,RILP,4,0,1.0,5,50,0.438225
A,RILP,4,0,1.0,5,51,0.438295
A,RILP-Greedy,4,0,1.0,5,42,0.438255
A,RILP-Greedy,4,0,1.0,5,43,0.438246
A,RILP-Greedy,4,0,1.0,5,44,0.438238
A,RILP-Greedy,4,0,1.0,5,45,0.438381
A,RILP-Greedy,4,0,1.0,5,46,0.438576
A,RILP-Greedy,4,0,1.0,5,47,0.438123
A,RILP-Greedy,4,0,1.0,5,48,0.438507
A,RILP-Greedy,4,0,1.0,5,49,0.438458
A,RILP-Greedy,4,0,1.0,5,50,0.438225
A,RILP-Greedy,4,0,1.0,5,51,0.438295
A,Nam2023b,4,0,1.0,5,42,0.291211
A,Nam2023b,4,0,1.0,5,43,0.291415
A,Nam2023b,4,0,1.0,5,44,0.291293
A,Nam2023b,4,0,1.0,5,45,0.291605
A,Nam2023b,4,0,1.0,5,46,0.291456
A,Nam2023b,4,0,1.0,5,47,0.291414
A,Nam2023b,4,0,1.0,5,48,0.291501
A,Nam2023b,4,0,1.0,5,49,0.291486
A,Nam2023b,4,0,1.0,5,50,0.291464
A,Nam2023b,4,0,1.0,5,51,0.291294
A,Nam2025,4,0,1.0,5,42,0.438255
A,Nam2025,4,0,1.0,5,43,0.438246
A,Nam2025,4,0,1.0,5,44,0.438238
A,Nam2025,4,0,1.0,5,45,0.438381
A,Nam2025,4,0,1.0,5,46,0.438576
A,Nam2025,4,0,1.0,5,47,0.438123
A,Nam2025,4,0,1.0,5,48,0.438507
A,Nam2025,4,0,1.0,5,49,0.438458
A,Nam2025,4,0,1.0,5,50,0.438225
A,Nam2025,4,0,1.0,5,51,0.438295
A,Youn2026,4,0,1.0,5,42,0.438255
A,Youn2026,4,0,1.0,5,43,0.438246
A,Youn2026,4,0,1.0,5,44,0.438238
A,Youn2026,4,0,1.0,5,45,0.438381
A,Youn2026,4,0,1.0,5,46,0.438576
A,Youn2026,4,0,1.0,5,47,0.438123
A,Youn2026,4,0,1.0,5,48,0.438507
A,Youn2026,4,0,1.0,5,49,0.438458
A,Youn2026,4,0,1.0,5,50,0.438225
A,Youn2026,4,0,1.0,5,51,0.438295
A,V2I-Base,4,0,1.0,5,42,0.438255
A,V2I-Base,4,0,1.0,5,43,0.438246
A,V2I-Base,4,0,1.0,5,44,0.438238
A,V2I-Base,4,0,1.0,5,45,0.438381
A,V2I-Base,4,0,1.0,5,46,0.438576
A,V2I-Base,4,0,1.0,5,47,0.438123
A,V2I-Base,4,0,1.0,5,48,0.438507
A,V2I-Base,4,0,1.0,5,49,0.438458
A,V2I-Base,4,0,1.0,5,50,0.438225
A,V2I-Base,4,0,1.0,5,51,0.438295
A,V2V-Base,4,0,1.0,5,42,0.999526
A,V2V-Base,4,0,1.0,5,43,0.999497
A,V2V-Base,4,0,1.0,5,44,0.999481
A,V2V-Base,4,0,1.0,5,45,0.999478
A,V2V-Base,4,0,1.0,5,46,0.999514
A,V2V-Base,4,0,1.0,5,47,0.999526
A,V2V-Base,4,0,1.0,5,48,0.999499
A,V2V-Base,4,0,1.0,5,49,0.999521
A,V2V-Base,4,0,1.0,5,50,0.999537
A,V2V-Base,4,0,1.0,5,51,0.99953
A,Random-K,4,0,1.0,5,42,0.999366
A,Random-K,4,0,1.0,5,43,0.999386
A,Random-K,4,0,1.0,5,44,0.999336
A,Random-K,4,0,1.0,5,45,0.999368
A,Random-K,4,0,1.0,5,46,0.999415
A,Random-K,4,0,1.0,5,47,0.999434
A,Random-K,4,0,1.0,5,48,0.999356
A,Random-K,4,0,1.0,5,49,0.999374
A,Random-K,4,0,1.0,5,50,0.999456
A,Random-K,4,0,1.0,5,51,0.999427
A,RILP,4,0,2.0,5,42,0.438255
A,RILP,4,0,2.0,5,43,0.438246
A,RILP,4,0,2.0,5,44,0.438238
A,RILP,4,0,2.0,5,45,0.438381
A,RILP,4,0,2.0,5,46,0.438576
A,RILP,4,0,2.0,5,47,0.438123
A,RILP,4,0,2.0,5,48,0.438507
A,RILP,4,0,2.0,5,49,0.438458
A,RILP,4,0,2.0,5,50,0.438225
A,RILP,4,0,2.0,5,51,0.438295
A,RILP-Greedy,4,0,2.0,5,42,0.438255
A,RILP-Greedy,4,0,2.0,5,43,0.438246
A,RILP-Greedy,4,0,2.0,5,44,0.438238
A,RILP-Greedy,4,0,2.0,5,45,0.438381
A,RILP-Greedy,4,0,2.0,5,46,0.438576
A,RILP-Greedy,4,0,2.0,5,47,0.438123
A,RILP-Greedy,4,0,2.0,5,48,0.438507
A,RILP-Greedy,4,0,2.0,5,49,0.438458
A,RILP-Greedy,4,0,2.0,5,50,0.438225
A,RILP-Greedy,4,0,2.0,5,51,0.438295
A,Nam2023b,4,0,2.0,5,42,0.291211
A,Nam2023b,4,0,2.0,5,43,0.291415
A,Nam2023b,4,0,2.0,5,44,0.291293
A,Nam2023b,4,0,2.0,5,45,0.291605
A,Nam2023b,4,0,2.0,5,46,0.291456
A,Nam2023b,4,0,2.0,5,47,0.291414
A,Nam2023b,4,0,2.0,5,48,0.291501
A,Nam2023b,4,0,2.0,5,49,0.291486
A,Nam2023b,4,0,2.0,5,50,0.291464
A,Nam2023b,4,0,2.0,5,51,0.291294
A,Nam2025,4,0,2.0,5,42,0.438255
A,Nam2025,4,0,2.0,5,43,0.438246
A,Nam2025,4,0,2.0,5,44,0.438238
A,Nam2025,4,0,2.0,5,45,0.438381
A,Nam2025,4,0,2.0,5,46,0.438576
A,Nam2025,4,0,2.0,5,47,0.438123
A,Nam2025,4,0,2.0,5,48,0.438507
A,Nam2025,4,0,2.0,5,49,0.438458
A,Nam2025,4,0,2.0,5,50,0.438225
A,Nam2025,4,0,2.0,5,51,0.438295
A,Youn2026,4,0,2.0,5,42,0.438255
A,Youn2026,4,0,2.0,5,43,0.438246
A,Youn2026,4,0,2.0,5,44,0.438238
A,Youn2026,4,0,2.0,5,45,0.438381
A,Youn2026,4,0,2.0,5,46,0.438576
A,Youn2026,4,0,2.0,5,47,0.438123
A,Youn2026,4,0,2.0,5,48,0.438507
A,Youn2026,4,0,2.0,5,49,0.438458
A,Youn2026,4,0,2.0,5,50,0.438225
A,Youn2026,4,0,2.0,5,51,0.438295
A,V2I-Base,4,0,2.0,5,42,0.438255
A,V2I-Base,4,0,2.0,5,43,0.438246
A,V2I-Base,4,0,2.0,5,44,0.438238
A,V2I-Base,4,0,2.0,5,45,0.438381
A,V2I-Base,4,0,2.0,5,46,0.438576
A,V2I-Base,4,0,2.0,5,47,0.438123
A,V2I-Base,4,0,2.0,5,48,0.438507
A,V2I-Base,4,0,2.0,5,49,0.438458
A,V2I-Base,4,0,2.0,5,50,0.438225
A,V2I-Base,4,0,2.0,5,51,0.438295
A,V2V-Base,4,0,2.0,5,42,0.999526
A,V2V-Base,4,0,2.0,5,43,0.999497
A,V2V-Base,4,0,2.0,5,44,0.999481
A,V2V-Base,4,0,2.0,5,45,0.999478
A,V2V-Base,4,0,2.0,5,46,0.999514
A,V2V-Base,4,0,2.0,5,47,0.999526
A,V2V-Base,4,0,2.0,5,48,0.999499
A,V2V-Base,4,0,2.0,5,49,0.999521
A,V2V-Base,4,0,2.0,5,50,0.999537
A,V2V-Base,4,0,2.0,5,51,0.99953
A,Random-K,4,0,2.0,5,42,0.999366
A,Random-K,4,0,2.0,5,43,0.999386
A,Random-K,4,0,2.0,5,44,0.999336
A,Random-K,4,0,2.0,5,45,0.999368
A,Random-K,4,0,2.0,5,46,0.999415
A,Random-K,4,0,2.0,5,47,0.999434
A,Random-K,4,0,2.0,5,48,0.999356
A,Random-K,4,0,2.0,5,49,0.999374
A,Random-K,4,0,2.0,5,50,0.999456
A,Random-K,4,0,2.0,5,51,0.999427
A,RILP,4,0,3.0,5,42,0.438255
A,RILP,4,0,3.0,5,43,0.438246
A,RILP,4,0,3.0,5,44,0.438238
A,RILP,4,0,3.0,5,45,0.438381
A,RILP,4,0,3.0,5,46,0.438576
A,RILP,4,0,3.0,5,47,0.438123
A,RILP,4,0,3.0,5,48,0.438507
A,RILP,4,0,3.0,5,49,0.438458
A,RILP,4,0,3.0,5,50,0.438225
A,RILP,4,0,3.0,5,51,0.438295
A,RILP-Greedy,4,0,3.0,5,42,0.438255
A,RILP-Greedy,4,0,3.0,5,43,0.438246
A,RILP-Greedy,4,0,3.0,5,44,0.438238
A,RILP-Greedy,4,0,3.0,5,45,0.438381
A,RILP-Greedy,4,0,3.0,5,46,0.438576
A,RILP-Greedy,4,0,3.0,5,47,0.438123
A,RILP-Greedy,4,0,3.0,5,48,0.438507
A,RILP-Greedy,4,0,3.0,5,49,0.438458
A,RILP-Greedy,4,0,3.0,5,50,0.438225
A,RILP-Greedy,4,0,3.0,5,51,0.438295
A,Nam2023b,4,0,3.0,5,42,0.291211
A,Nam2023b,4,0,3.0,5,43,0.291415
A,Nam2023b,4,0,3.0,5,44,0.291293
A,Nam2023b,4,0,3.0,5,45,0.291605
A,Nam2023b,4,0,3.0,5,46,0.291456
A,Nam2023b,4,0,3.0,5,47,0.291414
A,Nam2023b,4,0,3.0,5,48,0.291501
A,Nam2023b,4,0,3.0,5,49,0.291486
A,Nam2023b,4,0,3.0,5,50,0.291464
A,Nam2023b,4,0,3.0,5,51,0.291294
A,Nam2025,4,0,3.0,5,42,0.438255
A,Nam2025,4,0,3.0,5,43,0.438246
A,Nam2025,4,0,3.0,5,44,0.438238
A,Nam2025,4,0,3.0,5,45,0.438381
A,Nam2025,4,0,3.0,5,46,0.438576
A,Nam2025,4,0,3.0,5,47,0.438123
A,Nam2025,4,0,3.0,5,48,0.438507
A,Nam2025,4,0,3.0,5,49,0.438458
A,Nam2025,4,0,3.0,5,50,0.438225
A,Nam2025,4,0,3.0,5,51,0.438295
A,Youn2026,4,0,3.0,5,42,0.438255
A,Youn2026,4,0,3.0,5,43,0.438246
A,Youn2026,4,0,3.0,5,44,0.438238
A,Youn2026,4,0,3.0,5,45,0.438381
A,Youn2026,4,0,3.0,5,46,0.438576
A,Youn2026,4,0,3.0,5,47,0.438123
A,Youn2026,4,0,3.0,5,48,0.438507
A,Youn2026,4,0,3.0,5,49,0.438458
A,Youn2026,4,0,3.0,5,50,0.438225
A,Youn2026,4,0,3.0,5,51,0.438295
A,V2I-Base,4,0,3.0,5,42,0.438255
A,V2I-Base,4,0,3.0,5,43,0.438246
A,V2I-Base,4,0,3.0,5,44,0.438238
A,V2I-Base,4,0,3.0,5,45,0.438381
A,V2I-Base,4,0,3.0,5,46,0.438576
A,V2I-Base,4,0,3.0,5,47,0.438123
A,V2I-Base,4,0,3.0,5,48,0.438507
A,V2I-Base,4,0,3.0,5,49,0.438458
A,V2I-Base,4,0,3.0,5,50,0.438225
A,V2I-Base,4,0,3.0,5,51,0.438295
A,V2V-Base,4,0,3.0,5,42,0.999526
A,V2V-Base,4,0,3.0,5,43,0.999497
A,V2V-Base,4,0,3.0,5,44,0.999481
A,V2V-Base,4,0,3.0,5,45,0.999478
A,V2V-Base,4,0,3.0,5,46,0.999514
A,V2V-Base,4,0,3.0,5,47,0.999526
A,V2V-Base,4,0,3.0,5,48,0.999499
A,V2V-Base,4,0,3.0,5,49,0.999521
A,V2V-Base,4,0,3.0,5,50,0.999537
A,V2V-Base,4,0,3.0,5,51,0.99953
A,Random-K,4,0,3.0,5,42,0.999366
A,Random-K,4,0,3.0,5,43,0.999386
A,Random-K,4,0,3.0,5,44,0.999336
A,Random-K,4,0,3.0,5,45,0.999368
A,Random-K,4,0,3.0,5,46,0.999415
A,Random-K,4,0,3.0,5,47,0.999434
A,Random-K,4,0,3.0,5,48,0.999356
A,Random-K,4,0,3.0,5,49,0.999374
A,Random-K,4,0,3.0,5,50,0.999456
A,Random-K,4,0,3.0,5,51,0.999427
A,RILP,4,10,0.0,5,42,0.438255
A,RILP,4,10,0.0,5,43,0.438246
A,RILP,4,10,0.0,5,44,0.438238
A,RILP,4,10,0.0,5,45,0.438381
A,RILP,4,10,0.0,5,46,0.438576
A,RILP,4,10,0.0,5,47,0.438123
A,RILP,4,10,0.0,5,48,0.438507
A,RILP,4,10,0.0,5,49,0.438458
A,RILP,4,10,0.0,5,50,0.438225
A,RILP,4,10,0.0,5,51,0.438295
A,RILP-Greedy,4,10,0.0,5,42,0.438255
A,RILP-Greedy,4,10,0.0,5,43,0.438246
A,RILP-Greedy,4,10,0.0,5,44,0.438238
A,RILP-Greedy,4,10,0.0,5,45,0.438381
A,RILP-Greedy,4,10,0.0,5,46,0.438576
A,RILP-Greedy,4,10,0.0,5,47,0.438123
A,RILP-Greedy,4,10,0.0,5,48,0.438507
A,RILP-Greedy,4,10,0.0,5,49,0.438458
A,RILP-Greedy,4,10,0.0,5,50,0.438225
A,RILP-Greedy,4,10,0.0,5,51,0.438295
A,Nam2023b,4,10,0.0,5,42,0.291211
A,Nam2023b,4,10,0.0,5,43,0.291415
A,Nam2023b,4,10,0.0,5,44,0.291293
A,Nam2023b,4,10,0.0,5,45,0.291605
A,Nam2023b,4,10,0.0,5,46,0.291456
A,Nam2023b,4,10,0.0,5,47,0.291414
A,Nam2023b,4,10,0.0,5,48,0.291501
A,Nam2023b,4,10,0.0,5,49,0.291486
A,Nam2023b,4,10,0.0,5,50,0.291464
A,Nam2023b,4,10,0.0,5,51,0.291294
A,Nam2025,4,10,0.0,5,42,0.438255
A,Nam2025,4,10,0.0,5,43,0.438246
A,Nam2025,4,10,0.0,5,44,0.438238
A,Nam2025,4,10,0.0,5,45,0.438381
A,Nam2025,4,10,0.0,5,46,0.438576
A,Nam2025,4,10,0.0,5,47,0.438123
A,Nam2025,4,10,0.0,5,48,0.438507
A,Nam2025,4,10,0.0,5,49,0.438458
A,Nam2025,4,10,0.0,5,50,0.438225
A,Nam2025,4,10,0.0,5,51,0.438295
A,Youn2026,4,10,0.0,5,42,0.438255
A,Youn2026,4,10,0.0,5,43,0.438246
A,Youn2026,4,10,0.0,5,44,0.438238
A,Youn2026,4,10,0.0,5,45,0.438381
A,Youn2026,4,10,0.0,5,46,0.438576
A,Youn2026,4,10,0.0,5,47,0.438123
A,Youn2026,4,10,0.0,5,48,0.438507
A,Youn2026,4,10,0.0,5,49,0.438458
A,Youn2026,4,10,0.0,5,50,0.438225
A,Youn2026,4,10,0.0,5,51,0.438295
A,V2I-Base,4,10,0.0,5,42,0.438255
A,V2I-Base,4,10,0.0,5,43,0.438246
A,V2I-Base,4,10,0.0,5,44,0.438238
A,V2I-Base,4,10,0.0,5,45,0.438381
A,V2I-Base,4,10,0.0,5,46,0.438576
A,V2I-Base,4,10,0.0,5,47,0.438123
A,V2I-Base,4,10,0.0,5,48,0.438507
A,V2I-Base,4,10,0.0,5,49,0.438458
A,V2I-Base,4,10,0.0,5,50,0.438225
A,V2I-Base,4,10,0.0,5,51,0.438295
A,V2V-Base,4,10,0.0,5,42,0.999526
A,V2V-Base,4,10,0.0,5,43,0.999497
A,V2V-Base,4,10,0.0,5,44,0.999481
A,V2V-Base,4,10,0.0,5,45,0.999478
A,V2V-Base,4,10,0.0,5,46,0.999514
A,V2V-Base,4,10,0.0,5,47,0.999526
A,V2V-Base,4,10,0.0,5,48,0.999499
A,V2V-Base,4,10,0.0,5,49,0.999521
A,V2V-Base,4,10,0.0,5,50,0.999537
A,V2V-Base,4,10,0.0,5,51,0.99953
A,Random-K,4,10,0.0,5,42,0.999366
A,Random-K,4,10,0.0,5,43,0.999386
A,Random-K,4,10,0.0,5,44,0.999336
A,Random-K,4,10,0.0,5,45,0.999368
A,Random-K,4,10,0.0,5,46,0.999415
A,Random-K,4,10,0.0,5,47,0.999434
A,Random-K,4,10,0.0,5,48,0.999356
A,Random-K,4,10,0.0,5,49,0.999374
A,Random-K,4,10,0.0,5,50,0.999456
A,Random-K,4,10,0.0,5,51,0.999427
A,RILP,4,10,1.0,5,42,0.438255
A,RILP,4,10,1.0,5,43,0.438246
A,RILP,4,10,1.0,5,44,0.438238
A,RILP,4,10,1.0,5,45,0.438381
A,RILP,4,10,1.0,5,46,0.438576
A,RILP,4,10,1.0,5,47,0.438123
A,RILP,4,10,1.0,5,48,0.438507
A,RILP,4,10,1.0,5,49,0.438458
A,RILP,4,10,1.0,5,50,0.438225
A,RILP,4,10,1.0,5,51,0.438295
A,RILP-Greedy,4,10,1.0,5,42,0.438255
A,RILP-Greedy,4,10,1.0,5,43,0.438246
A,RILP-Greedy,4,10,1.0,5,44,0.438238
A,RILP-Greedy,4,10,1.0,5,45,0.438381
A,RILP-Greedy,4,10,1.0,5,46,0.438576
A,RILP-Greedy,4,10,1.0,5,47,0.438123
A,RILP-Greedy,4,10,1.0,5,48,0.438507
A,RILP-Greedy,4,10,1.0,5,49,0.438458
A,RILP-Greedy,4,10,1.0,5,50,0.438225
A,RILP-Greedy,4,10,1.0,5,51,0.438295
A,Nam2023b,4,10,1.0,5,42,0.291211
A,Nam2023b,4,10,1.0,5,43,0.291415
A,Nam2023b,4,10,1.0,5,44,0.291293
A,Nam2023b,4,10,1.0,5,45,0.291605
A,Nam2023b,4,10,1.0,5,46,0.291456
A,Nam2023b,4,10,1.0,5,47,0.291414
A,Nam2023b,4,10,1.0,5,48,0.291501
A,Nam2023b,4,10,1.0,5,49,0.291486
A,Nam2023b,4,10,1.0,5,50,0.291464
A,Nam2023b,4,10,1.0,5,51,0.291294
A,Nam2025,4,10,1.0,5,42,0.438255
A,Nam2025,4,10,1.0,5,43,0.438246
A,Nam2025,4,10,1.0,5,44,0.438238
A,Nam2025,4,10,1.0,5,45,0.438381
A,Nam2025,4,10,1.0,5,46,0.438576
A,Nam2025,4,10,1.0,5,47,0.438123
A,Nam2025,4,10,1.0,5,48,0.438507
A,Nam2025,4,10,1.0,5,49,0.438458
A,Nam2025,4,10,1.0,5,50,0.438225
A,Nam2025,4,10,1.0,5,51,0.438295
A,Youn2026,4,10,1.0,5,42,0.438255
A,Youn2026,4,10,1.0,5,43,0.438246
A,Youn2026,4,10,1.0,5,44,0.438238
A,Youn2026,4,10,1.0,5,45,0.438381
A,Youn2026,4,10,1.0,5,46,0.438576
A,Youn2026,4,10,1.0,5,47,0.438123
A,Youn2026,4,10,1.0,5,48,0.438507
A,Youn2026,4,10,1.0,5,49,0.438458
A,Youn2026,4,10,1.0,5,50,0.438225
A,Youn2026,4,10,1.0,5,51,0.438295
A,V2I-Base,4,10,1.0,5,42,0.438255
A,V2I-Base,4,10,1.0,5,43,0.438246
A,V2I-Base,4,10,1.0,5,44,0.438238
A,V2I-Base,4,10,1.0,5,45,0.438381
A,V2I-Base,4,10,1.0,5,46,0.438576
A,V2I-Base,4,10,1.0,5,47,0.438123
A,V2I-Base,4,10,1.0,5,48,0.438507
A,V2I-Base,4,10,1.0,5,49,0.438458
A,V2I-Base,4,10,1.0,5,50,0.438225
A,V2I-Base,4,10,1.0,5,51,0.438295
A,V2V-Base,4,10,1.0,5,42,0.999526
A,V2V-Base,4,10,1.0,5,43,0.999497
A,V2V-Base,4,10,1.0,5,44,0.999481
A,V2V-Base,4,10,1.0,5,45,0.999478
A,V2V-Base,4,10,1.0,5,46,0.999514
A,V2V-Base,4,10,1.0,5,47,0.999526
A,V2V-Base,4,10,1.0,5,48,0.999499
A,V2V-Base,4,10,1.0,5,49,0.999521
A,V2V-Base,4,10,1.0,5,50,0.999537
A,V2V-Base,4,10,1.0,5,51,0.99953
A,Random-K,4,10,1.0,5,42,0.999366
A,Random-K,4,10,1.0,5,43,0.999386
A,Random-K,4,10,1.0,5,44,0.999336
A,Random-K,4,10,1.0,5,45,0.999368
A,Random-K,4,10,1.0,5,46,0.999415
A,Random-K,4,10,1.0,5,47,0.999434
A,Random-K,4,10,1.0,5,48,0.999356
A,Random-K,4,10,1.0,5,49,0.999374
A,Random-K,4,10,1.0,5,50,0.999456
A,Random-K,4,10,1.0,5,51,0.999427
A,RILP,4,10,2.0,5,42,0.438255
A,RILP,4,10,2.0,5,43,0.438246
A,RILP,4,10,2.0,5,44,0.438238
A,RILP,4,10,2.0,5,45,0.438381
A,RILP,4,10,2.0,5,46,0.438576
A,RILP,4,10,2.0,5,47,0.438123
A,RILP,4,10,2.0,5,48,0.438507
A,RILP,4,10,2.0,5,49,0.438458
A,RILP,4,10,2.0,5,50,0.438225
A,RILP,4,10,2.0,5,51,0.438295
A,RILP-Greedy,4,10,2.0,5,42,0.438255
A,RILP-Greedy,4,10,2.0,5,43,0.438386
A,RILP-Greedy,4,10,2.0,5,44,0.438105
A,RILP-Greedy,4,10,2.0,5,45,0.438069
A,RILP-Greedy,4,10,2.0,5,46,0.438079
A,RILP-Greedy,4,10,2.0,5,47,0.438383
A,RILP-Greedy,4,10,2.0,5,48,0.438366
A,RILP-Greedy,4,10,2.0,5,49,0.438749
A,RILP-Greedy,4,10,2.0,5,50,0.438441
A,RILP-Greedy,4,10,2.0,5,51,0.438144
A,Nam2023b,4,10,2.0,5,42,0.291514
A,Nam2023b,4,10,2.0,5,43,0.291394
A,Nam2023b,4,10,2.0,5,44,0.291268
A,Nam2023b,4,10,2.0,5,45,0.291155
A,Nam2023b,4,10,2.0,5,46,0.291363
A,Nam2023b,4,10,2.0,5,47,0.291636
A,Nam2023b,4,10,2.0,5,48,0.291192
A,Nam2023b,4,10,2.0,5,49,0.291287
A,Nam2023b,4,10,2.0,5,50,0.291068
A,Nam2023b,4,10,2.0,5,51,0.291097
A,Nam2025,4,10,2.0,5,42,0.43843
A,Nam2025,4,10,2.0,5,43,0.438386
A,Nam2025,4,10,2.0,5,44,0.438105
A,Nam2025,4,10,2.0,5,45,0.438069
A,Nam2025,4,10,2.0,5,46,0.438079
A,Nam2025,4,10,2.0,5,47,0.438383
A,Nam2025,4,10,2.0,5,48,0.438366
A,Nam2025,4,10,2.0,5,49,0.438749
A,Nam2025,4,10,2.0,5,50,0.438441
A,Nam2025,4,10,2.0,5,51,0.438144
A,Youn2026,4,10,2.0,5,42,0.43843
A,Youn2026,4,10,2.0,5,43,0.438386
A,Youn2026,4,10,2.0,5,44,0.438105
A,Youn2026,4,10,2.0,5,45,0.438069
A,Youn2026,4,10,2.0,5,46,0.438079
A,Youn2026,4,10,2.0,5,47,0.438383
A,Youn2026,4,10,2.0,5,48,0.438366
A,Youn2026,4,10,2.0,5,49,0.438749
A,Youn2026,4,10,2.0,5,50,0.438441
A,Youn2026,4,10,2.0,5,51,0.438144
A,V2I-Base,4,10,2.0,5,42,0.43843
A,V2I-Base,4,10,2.0,5,43,0.438386
A,V2I-Base,4,10,2.0,5,44,0.438105
A,V2I-Base,4,10,2.0,5,45,0.438069
A,V2I-Base,4,10,2.0,5,46,0.438079
A,V2I-Base,4,10,2.0,5,47,0.438383
A,V2I-Base,4,10,2.0,5,48,0.438366
A,V2I-Base,4,10,2.0,5,49,0.438749
A,V2I-Base,4,10,2.0,5,50,0.438441
A,V2I-Base,4,10,2.0,5,51,0.438144
A,V2V-Base,4,10,2.0,5,42,0.998166
A,V2V-Base,4,10,2.0,5,43,0.998137
A,V2V-Base,4,10,2.0,5,44,0.998154
A,V2V-Base,4,10,2.0,5,45,0.998204
A,V2V-Base,4,10,2.0,5,46,0.998154
A,V2V-Base,4,10,2.0,5,47,0.998231
A,V2V-Base,4,10,2.0,5,48,0.998323
A,V2V-Base,4,10,2.0,5,49,0.998319
A,V2V-Base,4,10,2.0,5,50,0.998215
A,V2V-Base,4,10,2.0,5,51,0.998136
A,Random-K,4,10,2.0,5,42,0.998109
A,Random-K,4,10,2.0,5,43,0.997869
A,Random-K,4,10,2.0,5,44,0.99788
A,Random-K,4,10,2.0,5,45,0.997977
A,Random-K,4,10,2.0,5,46,0.99799
A,Random-K,4,10,2.0,5,47,0.99807
A,Random-K,4,10,2.0,5,48,0.998176
A,Random-K,4,10,2.0,5,49,0.998096
A,Random-K,4,10,2.0,5,50,0.998014
A,Random-K,4,10,2.0,5,51,0.997899
A,RILP,4,10,3.0,5,42,0.43843
A,RILP,4,10,3.0,5,43,0.438386
A,RILP,4,10,3.0,5,44,0.438105
A,RILP,4,10,3.0,5,45,0.438069
A,RILP,4,10,3.0,5,46,0.438079
A,RILP,4,10,3.0,5,47,0.438383
A,RILP,4,10,3.0,5,48,0.438366
A,RILP,4,10,3.0,5,49,0.438749
A,RILP,4,10,3.0,5,50,0.438441
A,RILP,4,10,3.0,5,51,0.438144
A,RILP-Greedy,4,10,3.0,5,42,0.43843
A,RILP-Greedy,4,10,3.0,5,43,0.438386
A,RILP-Greedy,4,10,3.0,5,44,0.438105
A,RILP-Greedy,4,10,3.0,5,45,0.438069
A,RILP-Greedy,4,10,3.0,5,46,0.438079
A,RILP-Greedy,4,10,3.0,5,47,0.438383
A,RILP-Greedy,4,10,3.0,5,48,0.438366
A,RILP-Greedy,4,10,3.0,5,49,0.438749
A,RILP-Greedy,4,10,3.0,5,50,0.438441
A,RILP-Greedy,4,10,3.0,5,51,0.438144
A,Nam2023b,4,10,3.0,5,42,0.291514
A,Nam2023b,4,10,3.0,5,43,0.291394
A,Nam2023b,4,10,3.0,5,44,0.291268
A,Nam2023b,4,10,3.0,5,45,0.291155
A,Nam2023b,4,10,3.0,5,46,0.291363
A,Nam2023b,4,10,3.0,5,47,0.291636
A,Nam2023b,4,10,3.0,5,48,0.291192
A,Nam2023b,4,10,3.0,5,49,0.291287
A,Nam2023b,4,10,3.0,5,50,0.291068
A,Nam2023b,4,10,3.0,5,51,0.291097
A,Nam2025,4,10,3.0,5,42,0.43843
A,Nam2025,4,10,3.0,5,43,0.438386
A,Nam2025,4,10,3.0,5,44,0.438105
A,Nam2025,4,10,3.0,5,45,0.438069
A,Nam2025,4,10,3.0,5,46,0.438079
A,Nam2025,4,10,3.0,5,47,0.438383
A,Nam2025,4,10,3.0,5,48,0.438366
A,Nam2025,4,10,3.0,5,49,0.438749
A,Nam2025,4,10,3.0,5,50,0.438441
A,Nam2025,4,10,3.0,5,51,0.438144
A,Youn2026,4,10,3.0,5,42,0.43843
A,Youn2026,4,10,3.0,5,43,0.438386
A,Youn2026,4,10,3.0,5,44,0.438105
A,Youn2026,4,10,3.0,5,45,0.438069
A,Youn2026,4,10,3.0,5,46,0.438079
A,Youn2026,4,10,3.0,5,47,0.438383
A,Youn2026,4,10,3.0,5,48,0.438366
A,Youn2026,4,10,3.0,5,49,0.438749
A,Youn2026,4,10,3.0,5,50,0.438441
A,Youn2026,4,10,3.0,5,51,0.438144
A,V2I-Base,4,10,3.0,5,42,0.43843
A,V2I-Base,4,10,3.0,5,43,0.438386
A,V2I-Base,4,10,3.0,5,44,0.438105
A,V2I-Base,4,10,3.0,5,45,0.438069
A,V2I-Base,4,10,3.0,5,46,0.438079
A,V2I-Base,4,10,3.0,5,47,0.438383
A,V2I-Base,4,10,3.0,5,48,0.438366
A,V2I-Base,4,10,3.0,5,49,0.438749
A,V2I-Base,4,10,3.0,5,50,0.438441
A,V2I-Base,4,10,3.0,5,51,0.438144
A,V2V-Base,4,10,3.0,5,42,0.998166
A,V2V-Base,4,10,3.0,5,43,0.998137
A,V2V-Base,4,10,3.0,5,44,0.998154
A,V2V-Base,4,10,3.0,5,45,0.998204
A,V2V-Base,4,10,3.0,5,46,0.998154
A,V2V-Base,4,10,3.0,5,47,0.998231
A,V2V-Base,4,10,3.0,5,48,0.998323
A,V2V-Base,4,10,3.0,5,49,0.998319
A,V2V-Base,4,10,3.0,5,50,0.998215
A,V2V-Base,4,10,3.0,5,51,0.998136
A,Random-K,4,10,3.0,5,42,0.998109
A,Random-K,4,10,3.0,5,43,0.997869
A,Random-K,4,10,3.0,5,44,0.99788
A,Random-K,4,10,3.0,5,45,0.997977
A,Random-K,4,10,3.0,5,46,0.99799
A,Random-K,4,10,3.0,5,47,0.99807
A,Random-K,4,10,3.0,5,48,0.998176
A,Random-K,4,10,3.0,5,49,0.998096
A,Random-K,4,10,3.0,5,50,0.998014
A,Random-K,4,10,3.0,5,51,0.997899
A,RILP,4,20,0.0,5,42,0.43843
A,RILP,4,20,0.0,5,43,0.438386
A,RILP,4,20,0.0,5,44,0.438105
A,RILP,4,20,0.0,5,45,0.438069
A,RILP,4,20,0.0,5,46,0.438079
A,RILP,4,20,0.0,5,47,0.438383
A,RILP,4,20,0.0,5,48,0.438366
A,RILP,4,20,0.0,5,49,0.438749
A,RILP,4,20,0.0,5,50,0.438441
A,RILP,4,20,0.0,5,51,0.438144
A,RILP-Greedy,4,20,0.0,5,42,0.43843
A,RILP-Greedy,4,20,0.0,5,43,0.438386
A,RILP-Greedy,4,20,0.0,5,44,0.438105
A,RILP-Greedy,4,20,0.0,5,45,0.438069
A,RILP-Greedy,4,20,0.0,5,46,0.438079
A,RILP-Greedy,4,20,0.0,5,47,0.438383
A,RILP-Greedy,4,20,0.0,5,48,0.438366
A,RILP-Greedy,4,20,0.0,5,49,0.438749
A,RILP-Greedy,4,20,0.0,5,50,0.438441
A,RILP-Greedy,4,20,0.0,5,51,0.438144
A,Nam2023b,4,20,0.0,5,42,0.291514
A,Nam2023b,4,20,0.0,5,43,0.291394
A,Nam2023b,4,20,0.0,5,44,0.291268
A,Nam2023b,4,20,0.0,5,45,0.291155
A,Nam2023b,4,20,0.0,5,46,0.291363
A,Nam2023b,4,20,0.0,5,47,0.291636
A,Nam2023b,4,20,0.0,5,48,0.291192
A,Nam2023b,4,20,0.0,5,49,0.291287
A,Nam2023b,4,20,0.0,5,50,0.291068
A,Nam2023b,4,20,0.0,5,51,0.291097
A,Nam2025,4,20,0.0,5,42,0.43843
A,Nam2025,4,20,0.0,5,43,0.438386
A,Nam2025,4,20,0.0,5,44,0.438105
A,Nam2025,4,20,0.0,5,45,0.438069
A,Nam2025,4,20,0.0,5,46,0.438079
A,Nam2025,4,20,0.0,5,47,0.438383
A,Nam2025,4,20,0.0,5,48,0.438366
A,Nam2025,4,20,0.0,5,49,0.438749
A,Nam2025,4,20,0.0,5,50,0.438441
A,Nam2025,4,20,0.0,5,51,0.438144
A,Youn2026,4,20,0.0,5,42,0.43843
A,Youn2026,4,20,0.0,5,43,0.438386
A,Youn2026,4,20,0.0,5,44,0.438105
A,Youn2026,4,20,0.0,5,45,0.438069
A,Youn2026,4,20,0.0,5,46,0.438079
A,Youn2026,4,20,0.0,5,47,0.438383
A,Youn2026,4,20,0.0,5,48,0.438366
A,Youn2026,4,20,0.0,5,49,0.438749
A,Youn2026,4,20,0.0,5,50,0.438441
A,Youn2026,4,20,0.0,5,51,0.438144
A,V2I-Base,4,20,0.0,5,42,0.43843
A,V2I-Base,4,20,0.0,5,43,0.438386
A,V2I-Base,4,20,0.0,5,44,0.438105
A,V2I-Base,4,20,0.0,5,45,0.438069
A,V2I-Base,4,20,0.0,5,46,0.438079
A,V2I-Base,4,20,0.0,5,47,0.438383
A,V2I-Base,4,20,0.0,5,48,0.438366
A,V2I-Base,4,20,0.0,5,49,0.438749
A,V2I-Base,4,20,0.0,5,50,0.438441
A,V2I-Base,4,20,0.0,5,51,0.438144
A,V2V-Base,4,20,0.0,5,42,0.998166
A,V2V-Base,4,20,0.0,5,43,0.998137
A,V2V-Base,4,20,0.0,5,44,0.998154
A,V2V-Base,4,20,0.0,5,45,0.998204
A,V2V-Base,4,20,0.0,5,46,0.998154
A,V2V-Base,4,20,0.0,5,47,0.998231
A,V2V-Base,4,20,0.0,5,48,0.998323
A,V2V-Base,4,20,0.0,5,49,0.998319
A,V2V-Base,4,20,0.0,5,50,0.998215
A,V2V-Base,4,20,0.0,5,51,0.998136
A,Random-K,4,20,0.0,5,42,0.998109
A,Random-K,4,20,0.0,5,43,0.997869
A,Random-K,4,20,0.0,5,44,0.99788
A,Random-K,4,20,0.0,5,45,0.997977
A,Random-K,4,20,0.0,5,46,0.99799
A,Random-K,4,20,0.0,5,47,0.99807
A,Random-K,4,20,0.0,5,48,0.998176
A,Random-K,4,20,0.0,5,49,0.998096
A,Random-K,4,20,0.0,5,50,0.998014
A,Random-K,4,20,0.0,5,51,0.997899
A,RILP,4,20,1.0,5,42,0.43843
A,RILP,4,20,1.0,5,43,0.438386
A,RILP,4,20,1.0,5,44,0.438105
A,RILP,4,20,1.0,5,45,0.438069
A,RILP,4,20,1.0,5,46,0.438079
A,RILP,4,20,1.0,5,47,0.438383
A,RILP,4,20,1.0,5,48,0.438366
A,RILP,4,20,1.0,5,49,0.438749
A,RILP,4,20,1.0,5,50,0.438441
A,RILP,4,20,1.0,5,51,0.438144
A,RILP-Greedy,4,20,1.0,5,42,0.43843
A,RILP-Greedy,4,20,1.0,5,43,0.438386
A,RILP-Greedy,4,20,1.0,5,44,0.438105
A,RILP-Greedy,4,20,1.0,5,45,0.438069
A,RILP-Greedy,4,20,1.0,5,46,0.438079
A,RILP-Greedy,4,20,1.0,5,47,0.438383
A,RILP-Greedy,4,20,1.0,5,48,0.438366
A,RILP-Greedy,4,20,1.0,5,49,0.438749
A,RILP-Greedy,4,20,1.0,5,50,0.438441
A,RILP-Greedy,4,20,1.0,5,51,0.438144
A,Nam2023b,4,20,1.0,5,42,0.291514
A,Nam2023b,4,20,1.0,5,43,0.291394
A,Nam2023b,4,20,1.0,5,44,0.291268
A,Nam2023b,4,20,1.0,5,45,0.291155
A,Nam2023b,4,20,1.0,5,46,0.291363
A,Nam2023b,4,20,1.0,5,47,0.291636
A,Nam2023b,4,20,1.0,5,48,0.291192
A,Nam2023b,4,20,1.0,5,49,0.291287
A,Nam2023b,4,20,1.0,5,50,0.291068
A,Nam2023b,4,20,1.0,5,51,0.291097
A,Nam2025,4,20,1.0,5,42,0.43843
A,Nam2025,4,20,1.0,5,43,0.438386
A,Nam2025,4,20,1.0,5,44,0.438105
A,Nam2025,4,20,1.0,5,45,0.438069
A,Nam2025,4,20,1.0,5,46,0.438079
A,Nam2025,4,20,1.0,5,47,0.438383
A,Nam2025,4,20,1.0,5,48,0.438366
A,Nam2025,4,20,1.0,5,49,0.438749
A,Nam2025,4,20,1.0,5,50,0.438441
A,Nam2025,4,20,1.0,5,51,0.438144
A,Youn2026,4,20,1.0,5,42,0.43843
A,Youn2026,4,20,1.0,5,43,0.438386
A,Youn2026,4,20,1.0,5,44,0.438105
A,Youn2026,4,20,1.0,5,45,0.438069
A,Youn2026,4,20,1.0,5,46,0.438079
A,Youn2026,4,20,1.0,5,47,0.438383
A,Youn2026,4,20,1.0,5,48,0.438366
A,Youn2026,4,20,1.0,5,49,0.438749
A,Youn2026,4,20,1.0,5,50,0.438441
A,Youn2026,4,20,1.0,5,51,0.438144
A,V2I-Base,4,20,1.0,5,42,0.43843
A,V2I-Base,4,20,1.0,5,43,0.438386
A,V2I-Base,4,20,1.0,5,44,0.438105
A,V2I-Base,4,20,1.0,5,45,0.438069
A,V2I-Base,4,20,1.0,5,46,0.438079
A,V2I-Base,4,20,1.0,5,47,0.438383
A,V2I-Base,4,20,1.0,5,48,0.438366
A,V2I-Base,4,20,1.0,5,49,0.438749
A,V2I-Base,4,20,1.0,5,50,0.438441
A,V2I-Base,4,20,1.0,5,51,0.438144
A,V2V-Base,4,20,1.0,5,42,0.998166
A,V2V-Base,4,20,1.0,5,43,0.998137
A,V2V-Base,4,20,1.0,5,44,0.998154
A,V2V-Base,4,20,1.0,5,45,0.998204
A,V2V-Base,4,20,1.0,5,46,0.998154
A,V2V-Base,4,20,1.0,5,47,0.998231
A,V2V-Base,4,20,1.0,5,48,0.998323
A,V2V-Base,4,20,1.0,5,49,0.998319
A,V2V-Base,4,20,1.0,5,50,0.998215
A,V2V-Base,4,20,1.0,5,51,0.998136
A,Random-K,4,20,1.0,5,42,0.998109
A,Random-K,4,20,1.0,5,43,0.997869
A,Random-K,4,20,1.0,5,44,0.99788
A,Random-K,4,20,1.0,5,45,0.997977
A,Random-K,4,20,1.0,5,46,0.99799
A,Random-K,4,20,1.0,5,47,0.99807
A,Random-K,4,20,1.0,5,48,0.998176
A,Random-K,4,20,1.0,5,49,0.998096
A,Random-K,4,20,1.0,5,50,0.998014
A,Random-K,4,20,1.0,5,51,0.997899
A,RILP,4,20,2.0,5,42,0.43843
A,RILP,4,20,2.0,5,43,0.438386
A,RILP,4,20,2.0,5,44,0.438105
A,RILP,4,20,2.0,5,45,0.438069
A,RILP,4,20,2.0,5,46,0.438079
A,RILP,4,20,2.0,5,47,0.438383
A,RILP,4,20,2.0,5,48,0.438366
A,RILP,4,20,2.0,5,49,0.438749
A,RILP,4,20,2.0,5,50,0.438441
A,RILP,4,20,2.0,5,51,0.438144
A,RILP-Greedy,4,20,2.0,5,42,0.43843
A,RILP-Greedy,4,20,2.0,5,43,0.438386
A,RILP-Greedy,4,20,2.0,5,44,0.438105
A,RILP-Greedy,4,20,2.0,5,45,0.438069
A,RILP-Greedy,4,20,2.0,5,46,0.438079
A,RILP-Greedy,4,20,2.0,5,47,0.438383
A,RILP-Greedy,4,20,2.0,5,48,0.438366
A,RILP-Greedy,4,20,2.0,5,49,0.438749
A,RILP-Greedy,4,20,2.0,5,50,0.438441
A,RILP-Greedy,4,20,2.0,5,51,0.438144
A,Nam2023b,4,20,2.0,5,42,0.291514
A,Nam2023b,4,20,2.0,5,43,0.291394
A,Nam2023b,4,20,2.0,5,44,0.291268
A,Nam2023b,4,20,2.0,5,45,0.291155
A,Nam2023b,4,20,2.0,5,46,0.291363
A,Nam2023b,4,20,2.0,5,47,0.291636
A,Nam2023b,4,20,2.0,5,48,0.291192
A,Nam2023b,4,20,2.0,5,49,0.291287
A,Nam2023b,4,20,2.0,5,50,0.291068
A,Nam2023b,4,20,2.0,5,51,0.291097
A,Nam2025,4,20,2.0,5,42,0.43843
A,Nam2025,4,20,2.0,5,43,0.438386
A,Nam2025,4,20,2.0,5,44,0.438105
A,Nam2025,4,20,2.0,5,45,0.438069
A,Nam2025,4,20,2.0,5,46,0.438079
A,Nam2025,4,20,2.0,5,47,0.438383
A,Nam2025,4,20,2.0,5,48,0.438366
A,Nam2025,4,20,2.0,5,49,0.438749
A,Nam2025,4,20,2.0,5,50,0.438441
A,Nam2025,4,20,2.0,5,51,0.438144
A,Youn2026,4,20,2.0,5,42,0.43843
A,Youn2026,4,20,2.0,5,43,0.438386
A,Youn2026,4,20,2.0,5,44,0.438105
A,Youn2026,4,20,2.0,5,45,0.438069
A,Youn2026,4,20,2.0,5,46,0.438079
A,Youn2026,4,20,2.0,5,47,0.438383
A,Youn2026,4,20,2.0,5,48,0.438366
A,Youn2026,4,20,2.0,5,49,0.438749
A,Youn2026,4,20,2.0,5,50,0.438441
A,Youn2026,4,20,2.0,5,51,0.438144
A,V2I-Base,4,20,2.0,5,42,0.43843
A,V2I-Base,4,20,2.0,5,43,0.438386
A,V2I-Base,4,20,2.0,5,44,0.438105
A,V2I-Base,4,20,2.0,5,45,0.438069
A,V2I-Base,4,20,2.0,5,46,0.438079
A,V2I-Base,4,20,2.0,5,47,0.438383
A,V2I-Base,4,20,2.0,5,48,0.438366
A,V2I-Base,4,20,2.0,5,49,0.438749
A,V2I-Base,4,20,2.0,5,50,0.438441
A,V2I-Base,4,20,2.0,5,51,0.438144
A,V2V-Base,4,20,2.0,5,42,0.998166
A,V2V-Base,4,20,2.0,5,43,0.998137
A,V2V-Base,4,20,2.0,5,44,0.998154
A,V2V-Base,4,20,2.0,5,45,0.998204
A,V2V-Base,4,20,2.0,5,46,0.998154
A,V2V-Base,4,20,2.0,5,47,0.998231
A,V2V-Base,4,20,2.0,5,48,0.998323
A,V2V-Base,4,20,2.0,5,49,0.998319
A,V2V-Base,4,20,2.0,5,50,0.998215
A,V2V-Base,4,20,2.0,5,51,0.998136
A,Random-K,4,20,2.0,5,42,0.998109
A,Random-K,4,20,2.0,5,43,0.997869
A,Random-K,4,20,2.0,5,44,0.99788
A,Random-K,4,20,2.0,5,45,0.997977
A,Random-K,4,20,2.0,5,46,0.99799
A,Random-K,4,20,2.0,5,47,0.99807
A,Random-K,4,20,2.0,5,48,0.998176
A,Random-K,4,20,2.0,5,49,0.998096
A,Random-K,4,20,2.0,5,50,0.998014
A,Random-K,4,20,2.0,5,51,0.997899
A,RILP,4,20,3.0,5,42,0.43843
A,RILP,4,20,3.0,5,43,0.438386
A,RILP,4,20,3.0,5,44,0.438105
A,RILP,4,20,3.0,5,45,0.438069
A,RILP,4,20,3.0,5,46,0.438079
A,RILP,4,20,3.0,5,47,0.438383
A,RILP,4,20,3.0,5,48,0.438366
A,RILP,4,20,3.0,5,49,0.438749
A,RILP,4,20,3.0,5,50,0.438441
A,RILP,4,20,3.0,5,51,0.438144
A,RILP-Greedy,4,20,3.0,5,42,0.43843
A,RILP-Greedy,4,20,3.0,5,43,0.438386
A,RILP-Greedy,4,20,3.0,5,44,0.438105
A,RILP-Greedy,4,20,3.0,5,45,0.438069
A,RILP-Greedy,4,20,3.0,5,46,0.438079
A,RILP-Greedy,4,20,3.0,5,47,0.438383
A,RILP-Greedy,4,20,3.0,5,48,0.438366
A,RILP-Greedy,4,20,3.0,5,49,0.438749
A,RILP-Greedy,4,20,3.0,5,50,0.438441
A,RILP-Greedy,4,20,3.0,5,51,0.438144
A,Nam2023b,4,20,3.0,5,42,0.291514
A,Nam2023b,4,20,3.0,5,43,0.291394
A,Nam2023b,4,20,3.0,5,44,0.291268
A,Nam2023b,4,20,3.0,5,45,0.291155
A,Nam2023b,4,20,3.0,5,46,0.291363
A,Nam2023b,4,20,3.0,5,47,0.291636
A,Nam2023b,4,20,3.0,5,48,0.291192
A,Nam2023b,4,20,3.0,5,49,0.291287
A,Nam2023b,4,20,3.0,5,50,0.291068
A,Nam2023b,4,20,3.0,5,51,0.291097
A,Nam2025,4,20,3.0,5,42,0.43843
A,Nam2025,4,20,3.0,5,43,0.438386
A,Nam2025,4,20,3.0,5,44,0.438105
A,Nam2025,4,20,3.0,5,45,0.438069
A,Nam2025,4,20,3.0,5,46,0.438079
A,Nam2025,4,20,3.0,5,47,0.438383
A,Nam2025,4,20,3.0,5,48,0.438366
A,Nam2025,4,20,3.0,5,49,0.438749
A,Nam2025,4,20,3.0,5,50,0.438441
A,Nam2025,4,20,3.0,5,51,0.438144
A,Youn2026,4,20,3.0,5,42,0.43843
A,Youn2026,4,20,3.0,5,43,0.438386
A,Youn2026,4,20,3.0,5,44,0.438105
A,Youn2026,4,20,3.0,5,45,0.438069
A,Youn2026,4,20,3.0,5,46,0.438079
A,Youn2026,4,20,3.0,5,47,0.438383
A,Youn2026,4,20,3.0,5,48,0.438366
A,Youn2026,4,20,3.0,5,49,0.438749
A,Youn2026,4,20,3.0,5,50,0.438441
A,Youn2026,4,20,3.0,5,51,0.438144
A,V2I-Base,4,20,3.0,5,42,0.43843
A,V2I-Base,4,20,3.0,5,43,0.438386
A,V2I-Base,4,20,3.0,5,44,0.438105
A,V2I-Base,4,20,3.0,5,45,0.438069
A,V2I-Base,4,20,3.0,5,46,0.438079
A,V2I-Base,4,20,3.0,5,47,0.438383
A,V2I-Base,4,20,3.0,5,48,0.438366
A,V2I-Base,4,20,3.0,5,49,0.438749
A,V2I-Base,4,20,3.0,5,50,0.438441
A,V2I-Base,4,20,3.0,5,51,0.438144
A,V2V-Base,4,20,3.0,5,42,0.998166
A,V2V-Base,4,20,3.0,5,43,0.998137
A,V2V-Base,4,20,3.0,5,44,0.998154
A,V2V-Base,4,20,3.0,5,45,0.998204
A,V2V-Base,4,20,3.0,5,46,0.998154
A,V2V-Base,4,20,3.0,5,47,0.998231
A,V2V-Base,4,20,3.0,5,48,0.998323
A,V2V-Base,4,20,3.0,5,49,0.998319
A,V2V-Base,4,20,3.0,5,50,0.998215
A,V2V-Base,4,20,3.0,5,51,0.998136
A,Random-K,4,20,3.0,5,42,0.998109
A,Random-K,4,20,3.0,5,43,0.997869
A,Random-K,4,20,3.0,5,44,0.99788
A,Random-K,4,20,3.0,5,45,0.997977
A,Random-K,4,20,3.0,5,46,0.99799
A,Random-K,4,20,3.0,5,47,0.99807
A,Random-K,4,20,3.0,5,48,0.998176
A,Random-K,4,20,3.0,5,49,0.998096
A,Random-K,4,20,3.0,5,50,0.998014
A,Random-K,4,20,3.0,5,51,0.997899
A,RILP,4,30,0.0,5,42,0.43843
A,RILP,4,30,0.0,5,43,0.438386
A,RILP,4,30,0.0,5,44,0.438105
A,RILP,4,30,0.0,5,45,0.438069
A,RILP,4,30,0.0,5,46,0.438079
A,RILP,4,30,0.0,5,47,0.438383
A,RILP,4,30,0.0,5,48,0.438366
A,RILP,4,30,0.0,5,49,0.438749
A,RILP,4,30,0.0,5,50,0.438441
A,RILP,4,30,0.0,5,51,0.438144
A,RILP-Greedy,4,30,0.0,5,42,0.43843
A,RILP-Greedy,4,30,0.0,5,43,0.438386
A,RILP-Greedy,4,30,0.0,5,44,0.438105
A,RILP-Greedy,4,30,0.0,5,45,0.438069
A,RILP-Greedy,4,30,0.0,5,46,0.438079
A,RILP-Greedy,4,30,0.0,5,47,0.438383
A,RILP-Greedy,4,30,0.0,5,48,0.438366
A,RILP-Greedy,4,30,0.0,5,49,0.438749
A,RILP-Greedy,4,30,0.0,5,50,0.438441
A,RILP-Greedy,4,30,0.0,5,51,0.438144
A,Nam2023b,4,30,0.0,5,42,0.291514
A,Nam2023b,4,30,0.0,5,43,0.291394
A,Nam2023b,4,30,0.0,5,44,0.291268
A,Nam2023b,4,30,0.0,5,45,0.291155
A,Nam2023b,4,30,0.0,5,46,0.291363
A,Nam2023b,4,30,0.0,5,47,0.291636
A,Nam2023b,4,30,0.0,5,48,0.291192
A,Nam2023b,4,30,0.0,5,49,0.291287
A,Nam2023b,4,30,0.0,5,50,0.291068
A,Nam2023b,4,30,0.0,5,51,0.291097
A,Nam2025,4,30,0.0,5,42,0.43843
A,Nam2025,4,30,0.0,5,43,0.438386
A,Nam2025,4,30,0.0,5,44,0.438105
A,Nam2025,4,30,0.0,5,45,0.438069
A,Nam2025,4,30,0.0,5,46,0.438079
A,Nam2025,4,30,0.0,5,47,0.438383
A,Nam2025,4,30,0.0,5,48,0.438366
A,Nam2025,4,30,0.0,5,49,0.438749
A,Nam2025,4,30,0.0,5,50,0.438441
A,Nam2025,4,30,0.0,5,51,0.438144
A,Youn2026,4,30,0.0,5,42,0.43843
A,Youn2026,4,30,0.0,5,43,0.438386
A,Youn2026,4,30,0.0,5,44,0.438105
A,Youn2026,4,30,0.0,5,45,0.438069
A,Youn2026,4,30,0.0,5,46,0.438079
A,Youn2026,4,30,0.0,5,47,0.438383
A,Youn2026,4,30,0.0,5,48,0.438366
A,Youn2026,4,30,0.0,5,49,0.438749
A,Youn2026,4,30,0.0,5,50,0.438441
A,Youn2026,4,30,0.0,5,51,0.438144
A,V2I-Base,4,30,0.0,5,42,0.43843
A,V2I-Base,4,30,0.0,5,43,0.438386
A,V2I-Base,4,30,0.0,5,44,0.438105
A,V2I-Base,4,30,0.0,5,45,0.438069
A,V2I-Base,4,30,0.0,5,46,0.438079
A,V2I-Base,4,30,0.0,5,47,0.438383
A,V2I-Base,4,30,0.0,5,48,0.438366
A,V2I-Base,4,30,0.0,5,49,0.438749
A,V2I-Base,4,30,0.0,5,50,0.438441
A,V2I-Base,4,30,0.0,5,51,0.438144
A,V2V-Base,4,30,0.0,5,42,0.998166
A,V2V-Base,4,30,0.0,5,43,0.998137
A,V2V-Base,4,30,0.0,5,44,0.998154
A,V2V-Base,4,30,0.0,5,45,0.998204
A,V2V-Base,4,30,0.0,5,46,0.998154
A,V2V-Base,4,30,0.0,5,47,0.998231
A,V2V-Base,4,30,0.0,5,48,0.998323
A,V2V-Base,4,30,0.0,5,49,0.998319
A,V2V-Base,4,30,0.0,5,50,0.998215
A,V2V-Base,4,30,0.0,5,51,0.998136
A,Random-K,4,30,0.0,5,42,0.998109
A,Random-K,4,30,0.0,5,43,0.997869
A,Random-K,4,30,0.0,5,44,0.99788
A,Random-K,4,30,0.0,5,45,0.997977
A,Random-K,4,30,0.0,5,46,0.99799
A,Random-K,4,30,0.0,5,47,0.99807
A,Random-K,4,30,0.0,5,48,0.998176
A,Random-K,4,30,0.0,5,49,0.998096
A,Random-K,4,30,0.0,5,50,0.998014
A,Random-K,4,30,0.0,5,51,0.997899
A,RILP,4,30,1.0,5,42,0.43843
A,RILP,4,30,1.0,5,43,0.438386
A,RILP,4,30,1.0,5,44,0.438105
A,RILP,4,30,1.0,5,45,0.438069
A,RILP,4,30,1.0,5,46,0.438079
A,RILP,4,30,1.0,5,47,0.438383
A,RILP,4,30,1.0,5,48,0.438366
A,RILP,4,30,1.0,5,49,0.438749
A,RILP,4,30,1.0,5,50,0.438441
A,RILP,4,30,1.0,5,51,0.438144
A,RILP-Greedy,4,30,1.0,5,42,0.43843
A,RILP-Greedy,4,30,1.0,5,43,0.438386
A,RILP-Greedy,4,30,1.0,5,44,0.438105
A,RILP-Greedy,4,30,1.0,5,45,0.438069
A,RILP-Greedy,4,30,1.0,5,46,0.438079
A,RILP-Greedy,4,30,1.0,5,47,0.438383
A,RILP-Greedy,4,30,1.0,5,48,0.438366
A,RILP-Greedy,4,30,1.0,5,49,0.438749
A,RILP-Greedy,4,30,1.0,5,50,0.438441
A,RILP-Greedy,4,30,1.0,5,51,0.438144
A,Nam2023b,4,30,1.0,5,42,0.291514
A,Nam2023b,4,30,1.0,5,43,0.291394
A,Nam2023b,4,30,1.0,5,44,0.291268
A,Nam2023b,4,30,1.0,5,45,0.291155
A,Nam2023b,4,30,1.0,5,46,0.291363
A,Nam2023b,4,30,1.0,5,47,0.291636
A,Nam2023b,4,30,1.0,5,48,0.291192
A,Nam2023b,4,30,1.0,5,49,0.291287
A,Nam2023b,4,30,1.0,5,50,0.291068
A,Nam2023b,4,30,1.0,5,51,0.291097
A,Nam2025,4,30,1.0,5,42,0.43843
A,Nam2025,4,30,1.0,5,43,0.438386
A,Nam2025,4,30,1.0,5,44,0.438105
A,Nam2025,4,30,1.0,5,45,0.438069
A,Nam2025,4,30,1.0,5,46,0.438079
A,Nam2025,4,30,1.0,5,47,0.438383
A,Nam2025,4,30,1.0,5,48,0.438366
A,Nam2025,4,30,1.0,5,49,0.438749
A,Nam2025,4,30,1.0,5,50,0.438441
A,Nam2025,4,30,1.0,5,51,0.438144
A,Youn2026,4,30,1.0,5,42,0.43843
A,Youn2026,4,30,1.0,5,43,0.438386
A,Youn2026,4,30,1.0,5,44,0.438105
A,Youn2026,4,30,1.0,5,45,0.438069
A,Youn2026,4,30,1.0,5,46,0.438079
A,Youn2026,4,30,1.0,5,47,0.438383
A,Youn2026,4,30,1.0,5,48,0.438366
A,Youn2026,4,30,1.0,5,49,0.438749
A,Youn2026,4,30,1.0,5,50,0.438441
A,Youn2026,4,30,1.0,5,51,0.438144
A,V2I-Base,4,30,1.0,5,42,0.43843
A,V2I-Base,4,30,1.0,5,43,0.438386
A,V2I-Base,4,30,1.0,5,44,0.438105
A,V2I-Base,4,30,1.0,5,45,0.438069
A,V2I-Base,4,30,1.0,5,46,0.438079
A,V2I-Base,4,30,1.0,5,47,0.438383
A,V2I-Base,4,30,1.0,5,48,0.438366
A,V2I-Base,4,30,1.0,5,49,0.438749
A,V2I-Base,4,30,1.0,5,50,0.438441
A,V2I-Base,4,30,1.0,5,51,0.438144
A,V2V-Base,4,30,1.0,5,42,0.998166
A,V2V-Base,4,30,1.0,5,43,0.998137
A,V2V-Base,4,30,1.0,5,44,0.998154
A,V2V-Base,4,30,1.0,5,45,0.998204
A,V2V-Base,4,30,1.0,5,46,0.998154
A,V2V-Base,4,30,1.0,5,47,0.998231
A,V2V-Base,4,30,1.0,5,48,0.998323
A,V2V-Base,4,30,1.0,5,49,0.998319
A,V2V-Base,4,30,1.0,5,50,0.998215
A,V2V-Base,4,30,1.0,5,51,0.998136
A,Random-K,4,30,1.0,5,42,0.998109
A,Random-K,4,30,1.0,5,43,0.997869
A,Random-K,4,30,1.0,5,44,0.99788
A,Random-K,4,30,1.0,5,45,0.997977
A,Random-K,4,30,1.0,5,46,0.99799
A,Random-K,4,30,1.0,5,47,0.99807
A,Random-K,4,30,1.0,5,48,0.998176
A,Random-K,4,30,1.0,5,49,0.998096
A,Random-K,4,30,1.0,5,50,0.998014
A,Random-K,4,30,1.0,5,51,0.997899
A,RILP,4,30,2.0,5,42,0.43843
A,RILP,4,30,2.0,5,43,0.438386
A,RILP,4,30,2.0,5,44,0.438105
A,RILP,4,30,2.0,5,45,0.438069
A,RILP,4,30,2.0,5,46,0.438079
A,RILP,4,30,2.0,5,47,0.438383
A,RILP,4,30,2.0,5,48,0.438366
A,RILP,4,30,2.0,5,49,0.438749
A,RILP,4,30,2.0,5,50,0.438441
A,RILP,4,30,2.0,5,51,0.438144
A,RILP-Greedy,4,30,2.0,5,42,0.43843
A,RILP-Greedy,4,30,2.0,5,43,0.438386
A,RILP-Greedy,4,30,2.0,5,44,0.438105
A,RILP-Greedy,4,30,2.0,5,45,0.438069
A,RILP-Greedy,4,30,2.0,5,46,0.438079
A,RILP-Greedy,4,30,2.0,5,47,0.438383
A,RILP-Greedy,4,30,2.0,5,48,0.438366
A,RILP-Greedy,4,30,2.0,5,49,0.438749
A,RILP-Greedy,4,30,2.0,5,50,0.438441
A,RILP-Greedy,4,30,2.0,5,51,0.438144
A,Nam2023b,4,30,2.0,5,42,0.291514
A,Nam2023b,4,30,2.0,5,43,0.291394
A,Nam2023b,4,30,2.0,5,44,0.291268
A,Nam2023b,4,30,2.0,5,45,0.291155
A,Nam2023b,4,30,2.0,5,46,0.291363
A,Nam2023b,4,30,2.0,5,47,0.291636
A,Nam2023b,4,30,2.0,5,48,0.291192
A,Nam2023b,4,30,2.0,5,49,0.291287
A,Nam2023b,4,30,2.0,5,50,0.291068
A,Nam2023b,4,30,2.0,5,51,0.291097
A,Nam2025,4,30,2.0,5,42,0.43843
A,Nam2025,4,30,2.0,5,43,0.438386
A,Nam2025,4,30,2.0,5,44,0.438105
A,Nam2025,4,30,2.0,5,45,0.438069
A,Nam2025,4,30,2.0,5,46,0.438079
A,Nam2025,4,30,2.0,5,47,0.438383
A,Nam2025,4,30,2.0,5,48,0.438366
A,Nam2025,4,30,2.0,5,49,0.438749
A,Nam2025,4,30,2.0,5,50,0.438441
A,Nam2025,4,30,2.0,5,51,0.438144
A,Youn2026,4,30,2.0,5,42,0.43843
A,Youn2026,4,30,2.0,5,43,0.438386
A,Youn2026,4,30,2.0,5,44,0.438105
A,Youn2026,4,30,2.0,5,45,0.438069
A,Youn2026,4,30,2.0,5,46,0.438079
A,Youn2026,4,30,2.0,5,47,0.438383
A,Youn2026,4,30,2.0,5,48,0.438366
A,Youn2026,4,30,2.0,5,49,0.438749
A,Youn2026,4,30,2.0,5,50,0.438441
A,Youn2026,4,30,2.0,5,51,0.438144
A,V2I-Base,4,30,2.0,5,42,0.43843
A,V2I-Base,4,30,2.0,5,43,0.438386
A,V2I-Base,4,30,2.0,5,44,0.438105
A,V2I-Base,4,30,2.0,5,45,0.438069
A,V2I-Base,4,30,2.0,5,46,0.438079
A,V2I-Base,4,30,2.0,5,47,0.438383
A,V2I-Base,4,30,2.0,5,48,0.438366
A,V2I-Base,4,30,2.0,5,49,0.438749
A,V2I-Base,4,30,2.0,5,50,0.438441
A,V2I-Base,4,30,2.0,5,51,0.438144
A,V2V-Base,4,30,2.0,5,42,0.998166
A,V2V-Base,4,30,2.0,5,43,0.998137
A,V2V-Base,4,30,2.0,5,44,0.998154
A,V2V-Base,4,30,2.0,5,45,0.998204
A,V2V-Base,4,30,2.0,5,46,0.998154
A,V2V-Base,4,30,2.0,5,47,0.998231
A,V2V-Base,4,30,2.0,5,48,0.998323
A,V2V-Base,4,30,2.0,5,49,0.998319
A,V2V-Base,4,30,2.0,5,50,0.998215
A,V2V-Base,4,30,2.0,5,51,0.998136
A,Random-K,4,30,2.0,5,42,0.998109
A,Random-K,4,30,2.0,5,43,0.997869
A,Random-K,4,30,2.0,5,44,0.99788
A,Random-K,4,30,2.0,5,45,0.997977
A,Random-K,4,30,2.0,5,46,0.99799
A,Random-K,4,30,2.0,5,47,0.99807
A,Random-K,4,30,2.0,5,48,0.998176
A,Random-K,4,30,2.0,5,49,0.998096
A,Random-K,4,30,2.0,5,50,0.998014
A,Random-K,4,30,2.0,5,51,0.997899
A,RILP,4,30,3.0,5,42,0.43843
A,RILP,4,30,3.0,5,43,0.438386
A,RILP,4,30,3.0,5,44,0.438105
A,RILP,4,30,3.0,5,45,0.438069
A,RILP,4,30,3.0,5,46,0.438079
A,RILP,4,30,3.0,5,47,0.438383
A,RILP,4,30,3.0,5,48,0.438366
A,RILP,4,30,3.0,5,49,0.438749
A,RILP,4,30,3.0,5,50,0.438441
A,RILP,4,30,3.0,5,51,0.438144
A,RILP-Greedy,4,30,3.0,5,42,0.43843
A,RILP-Greedy,4,30,3.0,5,43,0.438386
A,RILP-Greedy,4,30,3.0,5,44,0.438105
A,RILP-Greedy,4,30,3.0,5,45,0.438069
A,RILP-Greedy,4,30,3.0,5,46,0.438079
A,RILP-Greedy,4,30,3.0,5,47,0.438383
A,RILP-Greedy,4,30,3.0,5,48,0.438366
A,RILP-Greedy,4,30,3.0,5,49,0.438749
A,RILP-Greedy,4,30,3.0,5,50,0.438441
A,RILP-Greedy,4,30,3.0,5,51,0.438144
A,Nam2023b,4,30,3.0,5,42,0.291514
A,Nam2023b,4,30,3.0,5,43,0.291394
A,Nam2023b,4,30,3.0,5,44,0.291268
A,Nam2023b,4,30,3.0,5,45,0.291155
A,Nam2023b,4,30,3.0,5,46,0.291363
A,Nam2023b,4,30,3.0,5,47,0.291636
A,Nam2023b,4,30,3.0,5,48,0.291192
A,Nam2023b,4,30,3.0,5,49,0.291287
A,Nam2023b,4,30,3.0,5,50,0.291068
A,Nam2023b,4,30,3.0,5,51,0.291097
A,Nam2025,4,30,3.0,5,42,0.43843
A,Nam2025,4,30,3.0,5,43,0.438386
A,Nam2025,4,30,3.0,5,44,0.438105
A,Nam2025,4,30,3.0,5,45,0.438069
A,Nam2025,4,30,3.0,5,46,0.438079
A,Nam2025,4,30,3.0,5,47,0.438383
A,Nam2025,4,30,3.0,5,48,0.438366
A,Nam2025,4,30,3.0,5,49,0.438749
A,Nam2025,4,30,3.0,5,50,0.438441
A,Nam2025,4,30,3.0,5,51,0.438144
A,Youn2026,4,30,3.0,5,42,0.43843
A,Youn2026,4,30,3.0,5,43,0.438386
A,Youn2026,4,30,3.0,5,44,0.438105
A,Youn2026,4,30,3.0,5,45,0.438069
A,Youn2026,4,30,3.0,5,46,0.438079
A,Youn2026,4,30,3.0,5,47,0.438383
A,Youn2026,4,30,3.0,5,48,0.438366
A,Youn2026,4,30,3.0,5,49,0.438749
A,Youn2026,4,30,3.0,5,50,0.438441
A,Youn2026,4,30,3.0,5,51,0.438144
A,V2I-Base,4,30,3.0,5,42,0.43843
A,V2I-Base,4,30,3.0,5,43,0.438386
A,V2I-Base,4,30,3.0,5,44,0.438105
A,V2I-Base,4,30,3.0,5,45,0.438069
A,V2I-Base,4,30,3.0,5,46,0.438079
A,V2I-Base,4,30,3.0,5,47,0.438383
A,V2I-Base,4,30,3.0,5,48,0.438366
A,V2I-Base,4,30,3.0,5,49,0.438749
A,V2I-Base,4,30,3.0,5,50,0.438441
A,V2I-Base,4,30,3.0,5,51,0.438144
A,V2V-Base,4,30,3.0,5,42,0.998166
A,V2V-Base,4,30,3.0,5,43,0.998137
A,V2V-Base,4,30,3.0,5,44,0.998154
A,V2V-Base,4,30,3.0,5,45,0.998204
A,V2V-Base,4,30,3.0,5,46,0.998154
A,V2V-Base,4,30,3.0,5,47,0.998231
A,V2V-Base,4,30,3.0,5,48,0.998323
A,V2V-Base,4,30,3.0,5,49,0.998319
A,V2V-Base,4,30,3.0,5,50,0.998215
A,V2V-Base,4,30,3.0,5,51,0.998136
A,Random-K,4,30,3.0,5,42,0.998109
A,Random-K,4,30,3.0,5,43,0.997869
A,Random-K,4,30,3.0,5,44,0.99788
A,Random-K,4,30,3.0,5,45,0.997977
A,Random-K,4,30,3.0,5,46,0.99799
A,Random-K,4,30,3.0,5,47,0.99807
A,Random-K,4,30,3.0,5,48,0.998176
A,Random-K,4,30,3.0,5,49,0.998096
A,Random-K,4,30,3.0,5,50,0.998014
A,Random-K,4,30,3.0,5,51,0.997899
A,RILP,5,0,0.0,5,42,0.43843
A,RILP,5,0,0.0,5,43,0.438386
A,RILP,5,0,0.0,5,44,0.438105
A,RILP,5,0,0.0,5,45,0.438069
A,RILP,5,0,0.0,5,46,0.438079
A,RILP,5,0,0.0,5,47,0.438383
A,RILP,5,0,0.0,5,48,0.438366
A,RILP,5,0,0.0,5,49,0.438749
A,RILP,5,0,0.0,5,50,0.438441
A,RILP,5,0,0.0,5,51,0.438144
A,RILP-Greedy,5,0,0.0,5,42,0.43843
A,RILP-Greedy,5,0,0.0,5,43,0.438386
A,RILP-Greedy,5,0,0.0,5,44,0.438105
A,RILP-Greedy,5,0,0.0,5,45,0.438069
A,RILP-Greedy,5,0,0.0,5,46,0.438079
A,RILP-Greedy,5,0,0.0,5,47,0.438383
A,RILP-Greedy,5,0,0.0,5,48,0.438366
A,RILP-Greedy,5,0,0.0,5,49,0.438749
A,RILP-Greedy,5,0,0.0,5,50,0.438441
A,RILP-Greedy,5,0,0.0,5,51,0.438144
A,Nam2023b,5,0,0.0,5,42,0.291514
A,Nam2023b,5,0,0.0,5,43,0.291394
A,Nam2023b,5,0,0.0,5,44,0.291268
A,Nam2023b,5,0,0.0,5,45,0.291155
A,Nam2023b,5,0,0.0,5,46,0.291363
A,Nam2023b,5,0,0.0,5,47,0.291636
A,Nam2023b,5,0,0.0,5,48,0.291192
A,Nam2023b,5,0,0.0,5,49,0.291287
A,Nam2023b,5,0,0.0,5,50,0.291068
A,Nam2023b,5,0,0.0,5,51,0.291097
A,Nam2025,5,0,0.0,5,42,0.43843
A,Nam2025,5,0,0.0,5,43,0.438386
A,Nam2025,5,0,0.0,5,44,0.438105
A,Nam2025,5,0,0.0,5,45,0.438069
A,Nam2025,5,0,0.0,5,46,0.438079
A,Nam2025,5,0,0.0,5,47,0.438383
A,Nam2025,5,0,0.0,5,48,0.438366
A,Nam2025,5,0,0.0,5,49,0.438749
A,Nam2025,5,0,0.0,5,50,0.438441
A,Nam2025,5,0,0.0,5,51,0.438144
A,Youn2026,5,0,0.0,5,42,0.43843
A,Youn2026,5,0,0.0,5,43,0.438386
A,Youn2026,5,0,0.0,5,44,0.438105
A,Youn2026,5,0,0.0,5,45,0.438069
A,Youn2026,5,0,0.0,5,46,0.438079
A,Youn2026,5,0,0.0,5,47,0.438383
A,Youn2026,5,0,0.0,5,48,0.438366
A,Youn2026,5,0,0.0,5,49,0.438749
A,Youn2026,5,0,0.0,5,50,0.438441
A,Youn2026,5,0,0.0,5,51,0.438144
A,V2I-Base,5,0,0.0,5,42,0.43843
A,V2I-Base,5,0,0.0,5,43,0.438386
A,V2I-Base,5,0,0.0,5,44,0.438105
A,V2I-Base,5,0,0.0,5,45,0.438069
A,V2I-Base,5,0,0.0,5,46,0.438079
A,V2I-Base,5,0,0.0,5,47,0.438383
A,V2I-Base,5,0,0.0,5,48,0.438366
A,V2I-Base,5,0,0.0,5,49,0.438749
A,V2I-Base,5,0,0.0,5,50,0.438441
A,V2I-Base,5,0,0.0,5,51,0.438144
A,V2V-Base,5,0,0.0,5,42,0.998166
A,V2V-Base,5,0,0.0,5,43,0.998137
A,V2V-Base,5,0,0.0,5,44,0.998154
A,V2V-Base,5,0,0.0,5,45,0.998204
A,V2V-Base,5,0,0.0,5,46,0.998154
A,V2V-Base,5,0,0.0,5,47,0.998231
A,V2V-Base,5,0,0.0,5,48,0.998323
A,V2V-Base,5,0,0.0,5,49,0.998319
A,V2V-Base,5,0,0.0,5,50,0.998215
A,V2V-Base,5,0,0.0,5,51,0.998136
A,Random-K,5,0,0.0,5,42,0.998109
A,Random-K,5,0,0.0,5,43,0.997869
A,Random-K,5,0,0.0,5,44,0.99788
A,Random-K,5,0,0.0,5,45,0.997977
A,Random-K,5,0,0.0,5,46,0.99799
A,Random-K,5,0,0.0,5,47,0.99807
A,Random-K,5,0,0.0,5,48,0.998176
A,Random-K,5,0,0.0,5,49,0.998096
A,Random-K,5,0,0.0,5,50,0.998014
A,Random-K,5,0,0.0,5,51,0.997899
A,RILP,5,0,1.0,5,42,0.43843
A,RILP,5,0,1.0,5,43,0.438386
A,RILP,5,0,1.0,5,44,0.438105
A,RILP,5,0,1.0,5,45,0.438069
A,RILP,5,0,1.0,5,46,0.438079
A,RILP,5,0,1.0,5,47,0.438383
A,RILP,5,0,1.0,5,48,0.438366
A,RILP,5,0,1.0,5,49,0.438749
A,RILP,5,0,1.0,5,50,0.438441
A,RILP,5,0,1.0,5,51,0.438144
A,RILP-Greedy,5,0,1.0,5,42,0.43843
A,RILP-Greedy,5,0,1.0,5,43,0.438386
A,RILP-Greedy,5,0,1.0,5,44,0.438105
A,RILP-Greedy,5,0,1.0,5,45,0.438069
A,RILP-Greedy,5,0,1.0,5,46,0.438079
A,RILP-Greedy,5,0,1.0,5,47,0.438383
A,RILP-Greedy,5,0,1.0,5,48,0.438366
A,RILP-Greedy,5,0,1.0,5,49,0.438749
A,RILP-Greedy,5,0,1.0,5,50,0.438441
A,RILP-Greedy,5,0,1.0,5,51,0.438144
A,Nam2023b,5,0,1.0,5,42,0.291514
A,Nam2023b,5,0,1.0,5,43,0.291394
A,Nam2023b,5,0,1.0,5,44,0.291268
A,Nam2023b,5,0,1.0,5,45,0.291155
A,Nam2023b,5,0,1.0,5,46,0.291363
A,Nam2023b,5,0,1.0,5,47,0.291636
A,Nam2023b,5,0,1.0,5,48,0.291192
A,Nam2023b,5,0,1.0,5,49,0.291287
A,Nam2023b,5,0,1.0,5,50,0.291068
A,Nam2023b,5,0,1.0,5,51,0.291097
A,Nam2025,5,0,1.0,5,42,0.43843
A,Nam2025,5,0,1.0,5,43,0.438386
A,Nam2025,5,0,1.0,5,44,0.438105
A,Nam2025,5,0,1.0,5,45,0.438069
A,Nam2025,5,0,1.0,5,46,0.438079
A,Nam2025,5,0,1.0,5,47,0.438383
A,Nam2025,5,0,1.0,5,48,0.438366
A,Nam2025,5,0,1.0,5,49,0.438749
A,Nam2025,5,0,1.0,5,50,0.438441
A,Nam2025,5,0,1.0,5,51,0.438144
A,Youn2026,5,0,1.0,5,42,0.43843
A,Youn2026,5,0,1.0,5,43,0.438386
A,Youn2026,5,0,1.0,5,44,0.438105
A,Youn2026,5,0,1.0,5,45,0.438069
A,Youn2026,5,0,1.0,5,46,0.438079
A,Youn2026,5,0,1.0,5,47,0.438383
A,Youn2026,5,0,1.0,5,48,0.438366
A,Youn2026,5,0,1.0,5,49,0.438749
A,Youn2026,5,0,1.0,5,50,0.438441
A,Youn2026,5,0,1.0,5,51,0.438144
A,V2I-Base,5,0,1.0,5,42,0.43843
A,V2I-Base,5,0,1.0,5,43,0.438386
A,V2I-Base,5,0,1.0,5,44,0.438105
A,V2I-Base,5,0,1.0,5,45,0.438069
A,V2I-Base,5,0,1.0,5,46,0.438079
A,V2I-Base,5,0,1.0,5,47,0.438383
A,V2I-Base,5,0,1.0,5,48,0.438366
A,V2I-Base,5,0,1.0,5,49,0.438749
A,V2I-Base,5,0,1.0,5,50,0.438441
A,V2I-Base,5,0,1.0,5,51,0.438144
A,V2V-Base,5,0,1.0,5,42,0.998166
A,V2V-Base,5,0,1.0,5,43,0.998137
A,V2V-Base,5,0,1.0,5,44,0.998154
A,V2V-Base,5,0,1.0,5,45,0.998204
A,V2V-Base,5,0,1.0,5,46,0.998154
A,V2V-Base,5,0,1.0,5,47,0.998231
A,V2V-Base,5,0,1.0,5,48,0.998323
A,V2V-Base,5,0,1.0,5,49,0.998319
A,V2V-Base,5,0,1.0,5,50,0.998215
A,V2V-Base,5,0,1.0,5,51,0.998136
A,Random-K,5,0,1.0,5,42,0.998109
A,Random-K,5,0,1.0,5,43,0.997869
A,Random-K,5,0,1.0,5,44,0.99788
A,Random-K,5,0,1.0,5,45,0.997977
A,Random-K,5,0,1.0,5,46,0.99799
A,Random-K,5,0,1.0,5,47,0.99807
A,Random-K,5,0,1.0,5,48,0.998176
A,Random-K,5,0,1.0,5,49,0.998096
A,Random-K,5,0,1.0,5,50,0.998014
A,Random-K,5,0,1.0,5,51,0.997899
A,RILP,5,0,2.0,5,42,0.43843
A,RILP,5,0,2.0,5,43,0.438386
A,RILP,5,0,2.0,5,44,0.438105
A,RILP,5,0,2.0,5,45,0.438069
A,RILP,5,0,2.0,5,46,0.438079
A,RILP,5,0,2.0,5,47,0.438383
A,RILP,5,0,2.0,5,48,0.438366
A,RILP,5,0,2.0,5,49,0.438749
A,RILP,5,0,2.0,5,50,0.438441
A,RILP,5,0,2.0,5,51,0.438144
A,RILP-Greedy,5,0,2.0,5,42,0.43843
A,RILP-Greedy,5,0,2.0,5,43,0.438386
A,RILP-Greedy,5,0,2.0,5,44,0.438105
A,RILP-Greedy,5,0,2.0,5,45,0.438069
A,RILP-Greedy,5,0,2.0,5,46,0.438079
A,RILP-Greedy,5,0,2.0,5,47,0.438383
A,RILP-Greedy,5,0,2.0,5,48,0.438366
A,RILP-Greedy,5,0,2.0,5,49,0.438749
A,RILP-Greedy,5,0,2.0,5,50,0.438441
A,RILP-Greedy,5,0,2.0,5,51,0.438144
A,Nam2023b,5,0,2.0,5,42,0.291514
A,Nam2023b,5,0,2.0,5,43,0.291394
A,Nam2023b,5,0,2.0,5,44,0.291268
A,Nam2023b,5,0,2.0,5,45,0.291155
A,Nam2023b,5,0,2.0,5,46,0.291363
A,Nam2023b,5,0,2.0,5,47,0.291636
A,Nam2023b,5,0,2.0,5,48,0.291192
A,Nam2023b,5,0,2.0,5,49,0.291287
A,Nam2023b,5,0,2.0,5,50,0.291068
A,Nam2023b,5,0,2.0,5,51,0.291097
A,Nam2025,5,0,2.0,5,42,0.43843
A,Nam2025,5,0,2.0,5,43,0.438386
A,Nam2025,5,0,2.0,5,44,0.438105
A,Nam2025,5,0,2.0,5,45,0.438069
A,Nam2025,5,0,2.0,5,46,0.438079
A,Nam2025,5,0,2.0,5,47,0.438383
A,Nam2025,5,0,2.0,5,48,0.438366
A,Nam2025,5,0,2.0,5,49,0.438749
A,Nam2025,5,0,2.0,5,50,0.438441
A,Nam2025,5,0,2.0,5,51,0.438144
A,Youn2026,5,0,2.0,5,42,0.43843
A,Youn2026,5,0,2.0,5,43,0.438386
A,Youn2026,5,0,2.0,5,44,0.438105
A,Youn2026,5,0,2.0,5,45,0.438069
A,Youn2026,5,0,2.0,5,46,0.438079
A,Youn2026,5,0,2.0,5,47,0.438383
A,Youn2026,5,0,2.0,5,48,0.438366
A,Youn2026,5,0,2.0,5,49,0.438749
A,Youn2026,5,0,2.0,5,50,0.438441
A,Youn2026,5,0,2.0,5,51,0.438144
A,V2I-Base,5,0,2.0,5,42,0.43843
A,V2I-Base,5,0,2.0,5,43,0.438386
A,V2I-Base,5,0,2.0,5,44,0.438105
A,V2I-Base,5,0,2.0,5,45,0.438069
A,V2I-Base,5,0,2.0,5,46,0.438079
A,V2I-Base,5,0,2.0,5,47,0.438383
A,V2I-Base,5,0,2.0,5,48,0.438366
A,V2I-Base,5,0,2.0,5,49,0.438749
A,V2I-Base,5,0,2.0,5,50,0.438441
A,V2I-Base,5,0,2.0,5,51,0.438144
A,V2V-Base,5,0,2.0,5,42,0.998166
A,V2V-Base,5,0,2.0,5,43,0.998137
A,V2V-Base,5,0,2.0,5,44,0.998154
A,V2V-Base,5,0,2.0,5,45,0.998204
A,V2V-Base,5,0,2.0,5,46,0.998154
A,V2V-Base,5,0,2.0,5,47,0.998231
A,V2V-Base,5,0,2.0,5,48,0.998323
A,V2V-Base,5,0,2.0,5,49,0.998319
A,V2V-Base,5,0,2.0,5,50,0.998215
A,V2V-Base,5,0,2.0,5,51,0.986211
A,Random-K,5,0,2.0,5,42,0.987144
A,Random-K,5,0,2.0,5,43,0.987706
A,Random-K,5,0,2.0,5,44,0.988829
A,Random-K,5,0,2.0,5,45,0.988204
A,Random-K,5,0,2.0,5,46,0.988343
A,Random-K,5,0,2.0,5,47,0.98734
A,Random-K,5,0,2.0,5,48,0.988
A,Random-K,5,0,2.0,5,49,0.987305
A,Random-K,5,0,2.0,5,50,0.988235
A,Random-K,5,0,2.0,5,51,0.986859
A,RILP,5,0,3.0,5,42,0.438811
A,RILP,5,0,3.0,5,43,0.437827
A,RILP,5,0,3.0,5,44,0.437906
A,RILP,5,0,3.0,5,45,0.438128
A,RILP,5,0,3.0,5,46,0.437798
A,RILP,5,0,3.0,5,47,0.438068
A,RILP,5,0,3.0,5,48,0.438456
A,RILP,5,0,3.0,5,49,0.438383
A,RILP,5,0,3.0,5,50,0.438667
A,RILP,5,0,3.0,5,51,0.438417
A,RILP-Greedy,5,0,3.0,5,42,0.438811
A,RILP-Greedy,5,0,3.0,5,43,0.437827
A,RILP-Greedy,5,0,3.0,5,44,0.437906
A,RILP-Greedy,5,0,3.0,5,45,0.438128
A,RILP-Greedy,5,0,3.0,5,46,0.437798
A,RILP-Greedy,5,0,3.0,5,47,0.438068
A,RILP-Greedy,5,0,3.0,5,48,0.438456
A,RILP-Greedy,5,0,3.0,5,49,0.438383
A,RILP-Greedy,5,0,3.0,5,50,0.438667
A,RILP-Greedy,5,0,3.0,5,51,0.438417
A,Nam2023b,5,0,3.0,5,42,0.291276
A,Nam2023b,5,0,3.0,5,43,0.29103
A,Nam2023b,5,0,3.0,5,44,0.291163
A,Nam2023b,5,0,3.0,5,45,0.291049
A,Nam2023b,5,0,3.0,5,46,0.290882
A,Nam2023b,5,0,3.0,5,47,0.291321
A,Nam2023b,5,0,3.0,5,48,0.290968
A,Nam2023b,5,0,3.0,5,49,0.291359
A,Nam2023b,5,0,3.0,5,50,0.291516
A,Nam2023b,5,0,3.0,5,51,0.291686
A,Nam2025,5,0,3.0,5,42,0.438811
A,Nam2025,5,0,3.0,5,43,0.437827
A,Nam2025,5,0,3.0,5,44,0.437906
A,Nam2025,5,0,3.0,5,45,0.438128
A,Nam2025,5,0,3.0,5,46,0.437798
A,Nam2025,5,0,3.0,5,47,0.438068
A,Nam2025,5,0,3.0,5,48,0.438456
A,Nam2025,5,0,3.0,5,49,0.438383
A,Nam2025,5,0,3.0,5,50,0.438667
A,Nam2025,5,0,3.0,5,51,0.438417
A,Youn2026,5,0,3.0,5,42,0.438811
A,Youn2026,5,0,3.0,5,43,0.437827
A,Youn2026,5,0,3.0,5,44,0.437906
A,Youn2026,5,0,3.0,5,45,0.438128
A,Youn2026,5,0,3.0,5,46,0.437798
A,Youn2026,5,0,3.0,5,47,0.438068
A,Youn2026,5,0,3.0,5,48,0.438456
A,Youn2026,5,0,3.0,5,49,0.438383
A,Youn2026,5,0,3.0,5,50,0.438667
A,Youn2026,5,0,3.0,5,51,0.438417
A,V2I-Base,5,0,3.0,5,42,0.438811
A,V2I-Base,5,0,3.0,5,43,0.437827
A,V2I-Base,5,0,3.0,5,44,0.437906
A,V2I-Base,5,0,3.0,5,45,0.438128
A,V2I-Base,5,0,3.0,5,46,0.437798
A,V2I-Base,5,0,3.0,5,47,0.438068
A,V2I-Base,5,0,3.0,5,48,0.438456
A,V2I-Base,5,0,3.0,5,49,0.438383
A,V2I-Base,5,0,3.0,5,50,0.438667
A,V2I-Base,5,0,3.0,5,51,0.438417
A,V2V-Base,5,0,3.0,5,42,0.987097
A,V2V-Base,5,0,3.0,5,43,0.987677
A,V2V-Base,5,0,3.0,5,44,0.988701
A,V2V-Base,5,0,3.0,5,45,0.988208
A,V2V-Base,5,0,3.0,5,46,0.988354
A,V2V-Base,5,0,3.0,5,47,0.987522
A,V2V-Base,5,0,3.0,5,48,0.988254
A,V2V-Base,5,0,3.0,5,49,0.987764
A,V2V-Base,5,0,3.0,5,50,0.988568
A,V2V-Base,5,0,3.0,5,51,0.986211
A,Random-K,5,0,3.0,5,42,0.987144
A,Random-K,5,0,3.0,5,43,0.987706
A,Random-K,5,0,3.0,5,44,0.988829
A,Random-K,5,0,3.0,5,45,0.988204
A,Random-K,5,0,3.0,5,46,0.988343
A,Random-K,5,0,3.0,5,47,0.98734
A,Random-K,5,0,3.0,5,48,0.988
A,Random-K,5,0,3.0,5,49,0.987305
A,Random-K,5,0,3.0,5,50,0.988235
A,Random-K,5,0,3.0,5,51,0.986859
A,RILP,5,10,0.0,5,42,0.438811
A,RILP,5,10,0.0,5,43,0.437827
A,RILP,5,10,0.0,5,44,0.437906
A,RILP,5,10,0.0,5,45,0.438128
A,RILP,5,10,0.0,5,46,0.437798
A,RILP,5,10,0.0,5,47,0.438068
A,RILP,5,10,0.0,5,48,0.438456
A,RILP,5,10,0.0,5,49,0.438383
A,RILP,5,10,0.0,5,50,0.438667
A,RILP,5,10,0.0,5,51,0.438417
A,RILP-Greedy,5,10,0.0,5,42,0.438811
A,RILP-Greedy,5,10,0.0,5,43,0.437827
A,RILP-Greedy,5,10,0.0,5,44,0.437906
A,RILP-Greedy,5,10,0.0,5,45,0.438128
A,RILP-Greedy,5,10,0.0,5,46,0.437798
A,RILP-Greedy,5,10,0.0,5,47,0.438068
A,RILP-Greedy,5,10,0.0,5,48,0.438456
A,RILP-Greedy,5,10,0.0,5,49,0.438383
A,RILP-Greedy,5,10,0.0,5,50,0.438667
A,RILP-Greedy,5,10,0.0,5,51,0.438417
A,Nam2023b,5,10,0.0,5,42,0.291276
A,Nam2023b,5,10,0.0,5,43,0.29103
A,Nam2023b,5,10,0.0,5,44,0.291163
A,Nam2023b,5,10,0.0,5,45,0.291049
A,Nam2023b,5,10,0.0,5,46,0.290882
A,Nam2023b,5,10,0.0,5,47,0.291321
A,Nam2023b,5,10,0.0,5,48,0.290968
A,Nam2023b,5,10,0.0,5,49,0.291359
A,Nam2023b,5,10,0.0,5,50,0.291516
A,Nam2023b,5,10,0.0,5,51,0.291686
A,Nam2025,5,10,0.0,5,42,0.438811
A,Nam2025,5,10,0.0,5,43,0.437827
A,Nam2025,5,10,0.0,5,44,0.437906
A,Nam2025,5,10,0.0,5,45,0.438128
A,Nam2025,5,10,0.0,5,46,0.437798
A,Nam2025,5,10,0.0,5,47,0.438068
A,Nam2025,5,10,0.0,5,48,0.438456
A,Nam2025,5,10,0.0,5,49,0.438383
A,Nam2025,5,10,0.0,5,50,0.438667
A,Nam2025,5,10,0.0,5,51,0.438417
A,Youn2026,5,10,0.0,5,42,0.438811
A,Youn2026,5,10,0.0,5,43,0.437827
A,Youn2026,5,10,0.0,5,44,0.437906
A,Youn2026,5,10,0.0,5,45,0.438128
A,Youn2026,5,10,0.0,5,46,0.437798
A,Youn2026,5,10,0.0,5,47,0.438068
A,Youn2026,5,10,0.0,5,48,0.438456
A,Youn2026,5,10,0.0,5,49,0.438383
A,Youn2026,5,10,0.0,5,50,0.438667
A,Youn2026,5,10,0.0,5,51,0.438417
A,V2I-Base,5,10,0.0,5,42,0.438811
A,V2I-Base,5,10,0.0,5,43,0.437827
A,V2I-Base,5,10,0.0,5,44,0.437906
A,V2I-Base,5,10,0.0,5,45,0.438128
A,V2I-Base,5,10,0.0,5,46,0.437798
A,V2I-Base,5,10,0.0,5,47,0.438068
A,V2I-Base,5,10,0.0,5,48,0.438456
A,V2I-Base,5,10,0.0,5,49,0.438383
A,V2I-Base,5,10,0.0,5,50,0.438667
A,V2I-Base,5,10,0.0,5,51,0.438417
A,V2V-Base,5,10,0.0,5,42,0.987097
A,V2V-Base,5,10,0.0,5,43,0.987677
A,V2V-Base,5,10,0.0,5,44,0.988701
A,V2V-Base,5,10,0.0,5,45,0.988208
A,V2V-Base,5,10,0.0,5,46,0.988354
A,V2V-Base,5,10,0.0,5,47,0.987522
A,V2V-Base,5,10,0.0,5,48,0.988254
A,V2V-Base,5,10,0.0,5,49,0.987764
A,V2V-Base,5,10,0.0,5,50,0.988568
A,V2V-Base,5,10,0.0,5,51,0.986211
A,Random-K,5,10,0.0,5,42,0.987144
A,Random-K,5,10,0.0,5,43,0.987706
A,Random-K,5,10,0.0,5,44,0.988829
A,Random-K,5,10,0.0,5,45,0.988204
A,Random-K,5,10,0.0,5,46,0.988343
A,Random-K,5,10,0.0,5,47,0.98734
A,Random-K,5,10,0.0,5,48,0.988
A,Random-K,5,10,0.0,5,49,0.987305
A,Random-K,5,10,0.0,5,50,0.988235
A,Random-K,5,10,0.0,5,51,0.986859
A,RILP,5,10,1.0,5,42,0.438811
A,RILP,5,10,1.0,5,43,0.437827
A,RILP,5,10,1.0,5,44,0.437906
A,RILP,5,10,1.0,5,45,0.438128
A,RILP,5,10,1.0,5,46,0.437798
A,RILP,5,10,1.0,5,47,0.438068
A,RILP,5,10,1.0,5,48,0.438456
A,RILP,5,10,1.0,5,49,0.438383
A,RILP,5,10,1.0,5,50,0.438667
A,RILP,5,10,1.0,5,51,0.438417
A,RILP-Greedy,5,10,1.0,5,42,0.438811
A,RILP-Greedy,5,10,1.0,5,43,0.437827
A,RILP-Greedy,5,10,1.0,5,44,0.437906
A,RILP-Greedy,5,10,1.0,5,45,0.438128
A,RILP-Greedy,5,10,1.0,5,46,0.437798
A,RILP-Greedy,5,10,1.0,5,47,0.438068
A,RILP-Greedy,5,10,1.0,5,48,0.438456
A,RILP-Greedy,5,10,1.0,5,49,0.438383
A,RILP-Greedy,5,10,1.0,5,50,0.438667
A,RILP-Greedy,5,10,1.0,5,51,0.438417
A,Nam2023b,5,10,1.0,5,42,0.291276
A,Nam2023b,5,10,1.0,5,43,0.29103
A,Nam2023b,5,10,1.0,5,44,0.291163
A,Nam2023b,5,10,1.0,5,45,0.291049
A,Nam2023b,5,10,1.0,5,46,0.290882
A,Nam2023b,5,10,1.0,5,47,0.291321
A,Nam2023b,5,10,1.0,5,48,0.290968
A,Nam2023b,5,10,1.0,5,49,0.291359
A,Nam2023b,5,10,1.0,5,50,0.291516
A,Nam2023b,5,10,1.0,5,51,0.291686
A,Nam2025,5,10,1.0,5,42,0.438811
A,Nam2025,5,10,1.0,5,43,0.437827
A,Nam2025,5,10,1.0,5,44,0.437906
A,Nam2025,5,10,1.0,5,45,0.438128
A,Nam2025,5,10,1.0,5,46,0.437798
A,Nam2025,5,10,1.0,5,47,0.438068
A,Nam2025,5,10,1.0,5,48,0.438456
A,Nam2025,5,10,1.0,5,49,0.438383
A,Nam2025,5,10,1.0,5,50,0.438667
A,Nam2025,5,10,1.0,5,51,0.438417
A,Youn2026,5,10,1.0,5,42,0.438811
A,Youn2026,5,10,1.0,5,43,0.437827
A,Youn2026,5,10,1.0,5,44,0.437906
A,Youn2026,5,10,1.0,5,45,0.438128
A,Youn2026,5,10,1.0,5,46,0.437798
A,Youn2026,5,10,1.0,5,47,0.438068
A,Youn2026,5,10,1.0,5,48,0.438456
A,Youn2026,5,10,1.0,5,49,0.438383
A,Youn2026,5,10,1.0,5,50,0.438667
A,Youn2026,5,10,1.0,5,51,0.438417
A,V2I-Base,5,10,1.0,5,42,0.438811
A,V2I-Base,5,10,1.0,5,43,0.437827
A,V2I-Base,5,10,1.0,5,44,0.437906
A,V2I-Base,5,10,1.0,5,45,0.438128
A,V2I-Base,5,10,1.0,5,46,0.437798
A,V2I-Base,5,10,1.0,5,47,0.438068
A,V2I-Base,5,10,1.0,5,48,0.438456
A,V2I-Base,5,10,1.0,5,49,0.438383
A,V2I-Base,5,10,1.0,5,50,0.438667
A,V2I-Base,5,10,1.0,5,51,0.438417
A,V2V-Base,5,10,1.0,5,42,0.987097
A,V2V-Base,5,10,1.0,5,43,0.987677
A,V2V-Base,5,10,1.0,5,44,0.988701
A,V2V-Base,5,10,1.0,5,45,0.988208
A,V2V-Base,5,10,1.0,5,46,0.988354
A,V2V-Base,5,10,1.0,5,47,0.987522
A,V2V-Base,5,10,1.0,5,48,0.988254
A,V2V-Base,5,10,1.0,5,49,0.987764
A,V2V-Base,5,10,1.0,5,50,0.988568
A,V2V-Base,5,10,1.0,5,51,0.986211
A,Random-K,5,10,1.0,5,42,0.987144
A,Random-K,5,10,1.0,5,43,0.987706
A,Random-K,5,10,1.0,5,44,0.988829
A,Random-K,5,10,1.0,5,45,0.988204
A,Random-K,5,10,1.0,5,46,0.988343
A,Random-K,5,10,1.0,5,47,0.98734
A,Random-K,5,10,1.0,5,48,0.988
A,Random-K,5,10,1.0,5,49,0.987305
A,Random-K,5,10,1.0,5,50,0.988235
A,Random-K,5,10,1.0,5,51,0.986859
A,RILP,5,10,2.0,5,42,0.438811
A,RILP,5,10,2.0,5,43,0.437827
A,RILP,5,10,2.0,5,44,0.437906
A,RILP,5,10,2.0,5,45,0.438128
A,RILP,5,10,2.0,5,46,0.437798
A,RILP,5,10,2.0,5,47,0.438068
A,RILP,5,10,2.0,5,48,0.438456
A,RILP,5,10,2.0,5,49,0.438383
A,RILP,5,10,2.0,5,50,0.438667
A,RILP,5,10,2.0,5,51,0.438417
A,RILP-Greedy,5,10,2.0,5,42,0.438811
A,RILP-Greedy,5,10,2.0,5,43,0.437827
A,RILP-Greedy,5,10,2.0,5,44,0.437906
A,RILP-Greedy,5,10,2.0,5,45,0.438128
A,RILP-Greedy,5,10,2.0,5,46,0.437798
A,RILP-Greedy,5,10,2.0,5,47,0.438068
A,RILP-Greedy,5,10,2.0,5,48,0.438456
A,RILP-Greedy,5,10,2.0,5,49,0.438383
A,RILP-Greedy,5,10,2.0,5,50,0.438667
A,RILP-Greedy,5,10,2.0,5,51,0.438417
A,Nam2023b,5,10,2.0,5,42,0.291276
A,Nam2023b,5,10,2.0,5,43,0.29103
A,Nam2023b,5,10,2.0,5,44,0.291163
A,Nam2023b,5,10,2.0,5,45,0.291049
A,Nam2023b,5,10,2.0,5,46,0.290882
A,Nam2023b,5,10,2.0,5,47,0.291321
A,Nam2023b,5,10,2.0,5,48,0.290968
A,Nam2023b,5,10,2.0,5,49,0.291359
A,Nam2023b,5,10,2.0,5,50,0.291516
A,Nam2023b,5,10,2.0,5,51,0.291686
A,Nam2025,5,10,2.0,5,42,0.438811
A,Nam2025,5,10,2.0,5,43,0.437827
A,Nam2025,5,10,2.0,5,44,0.437906
A,Nam2025,5,10,2.0,5,45,0.438128
A,Nam2025,5,10,2.0,5,46,0.437798
A,Nam2025,5,10,2.0,5,47,0.438068
A,Nam2025,5,10,2.0,5,48,0.438456
A,Nam2025,5,10,2.0,5,49,0.438383
A,Nam2025,5,10,2.0,5,50,0.438667
A,Nam2025,5,10,2.0,5,51,0.438417
A,Youn2026,5,10,2.0,5,42,0.438811
A,Youn2026,5,10,2.0,5,43,0.437827
A,Youn2026,5,10,2.0,5,44,0.437906
A,Youn2026,5,10,2.0,5,45,0.438128
A,Youn2026,5,10,2.0,5,46,0.437798
A,Youn2026,5,10,2.0,5,47,0.438068
A,Youn2026,5,10,2.0,5,48,0.438456
A,Youn2026,5,10,2.0,5,49,0.438383
A,Youn2026,5,10,2.0,5,50,0.438667
A,Youn2026,5,10,2.0,5,51,0.438417
A,V2I-Base,5,10,2.0,5,42,0.438811
A,V2I-Base,5,10,2.0,5,43,0.437827
A,V2I-Base,5,10,2.0,5,44,0.437906
A,V2I-Base,5,10,2.0,5,45,0.438128
A,V2I-Base,5,10,2.0,5,46,0.437798
A,V2I-Base,5,10,2.0,5,47,0.438068
A,V2I-Base,5,10,2.0,5,48,0.438456
A,V2I-Base,5,10,2.0,5,49,0.438383
A,V2I-Base,5,10,2.0,5,50,0.438667
A,V2I-Base,5,10,2.0,5,51,0.438417
A,V2V-Base,5,10,2.0,5,42,0.987097
A,V2V-Base,5,10,2.0,5,43,0.987677
A,V2V-Base,5,10,2.0,5,44,0.988701
A,V2V-Base,5,10,2.0,5,45,0.988208
A,V2V-Base,5,10,2.0,5,46,0.988354
A,V2V-Base,5,10,2.0,5,47,0.987522
A,V2V-Base,5,10,2.0,5,48,0.988254
A,V2V-Base,5,10,2.0,5,49,0.987764
A,V2V-Base,5,10,2.0,5,50,0.988568
A,V2V-Base,5,10,2.0,5,51,0.986211
A,Random-K,5,10,2.0,5,42,0.987144
A,Random-K,5,10,2.0,5,43,0.987706
A,Random-K,5,10,2.0,5,44,0.988829
A,Random-K,5,10,2.0,5,45,0.988204
A,Random-K,5,10,2.0,5,46,0.988343
A,Random-K,5,10,2.0,5,47,0.98734
A,Random-K,5,10,2.0,5,48,0.988
A,Random-K,5,10,2.0,5,49,0.987305
A,Random-K,5,10,2.0,5,50,0.988235
A,Random-K,5,10,2.0,5,51,0.986859
A,RILP,5,10,3.0,5,42,0.438811
A,RILP,5,10,3.0,5,43,0.437827
A,RILP,5,10,3.0,5,44,0.437906
A,RILP,5,10,3.0,5,45,0.438128
A,RILP,5,10,3.0,5,46,0.437798
A,RILP,5,10,3.0,5,47,0.438068
A,RILP,5,10,3.0,5,48,0.438456
A,RILP,5,10,3.0,5,49,0.438383
A,RILP,5,10,3.0,5,50,0.438667
A,RILP,5,10,3.0,5,51,0.438417
A,RILP-Greedy,5,10,3.0,5,42,0.438811
A,RILP-Greedy,5,10,3.0,5,43,0.437827
A,RILP-Greedy,5,10,3.0,5,44,0.437906
A,RILP-Greedy,5,10,3.0,5,45,0.438128
A,RILP-Greedy,5,10,3.0,5,46,0.437798
A,RILP-Greedy,5,10,3.0,5,47,0.438068
A,RILP-Greedy,5,10,3.0,5,48,0.438456
A,RILP-Greedy,5,10,3.0,5,49,0.438383
A,RILP-Greedy,5,10,3.0,5,50,0.438667
A,RILP-Greedy,5,10,3.0,5,51,0.438417
A,Nam2023b,5,10,3.0,5,42,0.291276
A,Nam2023b,5,10,3.0,5,43,0.29103
A,Nam2023b,5,10,3.0,5,44,0.291163
A,Nam2023b,5,10,3.0,5,45,0.291049
A,Nam2023b,5,10,3.0,5,46,0.290882
A,Nam2023b,5,10,3.0,5,47,0.291321
A,Nam2023b,5,10,3.0,5,48,0.290968
A,Nam2023b,5,10,3.0,5,49,0.291359
A,Nam2023b,5,10,3.0,5,50,0.291516
A,Nam2023b,5,10,3.0,5,51,0.291686
A,Nam2025,5,10,3.0,5,42,0.438811
A,Nam2025,5,10,3.0,5,43,0.437827
A,Nam2025,5,10,3.0,5,44,0.437906
A,Nam2025,5,10,3.0,5,45,0.438128
A,Nam2025,5,10,3.0,5,46,0.437798
A,Nam2025,5,10,3.0,5,47,0.438068
A,Nam2025,5,10,3.0,5,48,0.438456
A,Nam2025,5,10,3.0,5,49,0.438383
A,Nam2025,5,10,3.0,5,50,0.438667
A,Nam2025,5,10,3.0,5,51,0.438417
A,Youn2026,5,10,3.0,5,42,0.438811
A,Youn2026,5,10,3.0,5,43,0.437827
A,Youn2026,5,10,3.0,5,44,0.437906
A,Youn2026,5,10,3.0,5,45,0.438128
A,Youn2026,5,10,3.0,5,46,0.437798
A,Youn2026,5,10,3.0,5,47,0.438068
A,Youn2026,5,10,3.0,5,48,0.438456
A,Youn2026,5,10,3.0,5,49,0.438383
A,Youn2026,5,10,3.0,5,50,0.438667
A,Youn2026,5,10,3.0,5,51,0.438417
A,V2I-Base,5,10,3.0,5,42,0.438811
A,V2I-Base,5,10,3.0,5,43,0.437827
A,V2I-Base,5,10,3.0,5,44,0.437906
A,V2I-Base,5,10,3.0,5,45,0.438128
A,V2I-Base,5,10,3.0,5,46,0.437798
A,V2I-Base,5,10,3.0,5,47,0.438068
A,V2I-Base,5,10,3.0,5,48,0.438456
A,V2I-Base,5,10,3.0,5,49,0.438383
A,V2I-Base,5,10,3.0,5,50,0.438667
A,V2I-Base,5,10,3.0,5,51,0.438417
A,V2V-Base,5,10,3.0,5,42,0.987097
A,V2V-Base,5,10,3.0,5,43,0.987677
A,V2V-Base,5,10,3.0,5,44,0.988701
A,V2V-Base,5,10,3.0,5,45,0.988208
A,V2V-Base,5,10,3.0,5,46,0.988354
A,V2V-Base,5,10,3.0,5,47,0.987522
A,V2V-Base,5,10,3.0,5,48,0.988254
A,V2V-Base,5,10,3.0,5,49,0.987764
A,V2V-Base,5,10,3.0,5,50,0.988568
A,V2V-Base,5,10,3.0,5,51,0.986211
A,Random-K,5,10,3.0,5,42,0.987144
A,Random-K,5,10,3.0,5,43,0.987706
A,Random-K,5,10,3.0,5,44,0.988829
A,Random-K,5,10,3.0,5,45,0.988204
A,Random-K,5,10,3.0,5,46,0.988343
A,Random-K,5,10,3.0,5,47,0.98734
A,Random-K,5,10,3.0,5,48,0.988
A,Random-K,5,10,3.0,5,49,0.987305
A,Random-K,5,10,3.0,5,50,0.988235
A,Random-K,5,10,3.0,5,51,0.986859
A,RILP,5,20,0.0,5,42,0.438811
A,RILP,5,20,0.0,5,43,0.437827
A,RILP,5,20,0.0,5,44,0.437906
A,RILP,5,20,0.0,5,45,0.438128
A,RILP,5,20,0.0,5,46,0.437798
A,RILP,5,20,0.0,5,47,0.438068
A,RILP,5,20,0.0,5,48,0.438456
A,RILP,5,20,0.0,5,49,0.438383
A,RILP,5,20,0.0,5,50,0.438667
A,RILP,5,20,0.0,5,51,0.438417
A,RILP-Greedy,5,20,0.0,5,42,0.438811
A,RILP-Greedy,5,20,0.0,5,43,0.437827
A,RILP-Greedy,5,20,0.0,5,44,0.437906
A,RILP-Greedy,5,20,0.0,5,45,0.438128
A,RILP-Greedy,5,20,0.0,5,46,0.437798
A,RILP-Greedy,5,20,0.0,5,47,0.438068
A,RILP-Greedy,5,20,0.0,5,48,0.438456
A,RILP-Greedy,5,20,0.0,5,49,0.438383
A,RILP-Greedy,5,20,0.0,5,50,0.438667
A,RILP-Greedy,5,20,0.0,5,51,0.438417
A,Nam2023b,5,20,0.0,5,42,0.291276
A,Nam2023b,5,20,0.0,5,43,0.29103
A,Nam2023b,5,20,0.0,5,44,0.291163
A,Nam2023b,5,20,0.0,5,45,0.291049
A,Nam2023b,5,20,0.0,5,46,0.290882
A,Nam2023b,5,20,0.0,5,47,0.291321
A,Nam2023b,5,20,0.0,5,48,0.290968
A,Nam2023b,5,20,0.0,5,49,0.291359
A,Nam2023b,5,20,0.0,5,50,0.291516
A,Nam2023b,5,20,0.0,5,51,0.291686
A,Nam2025,5,20,0.0,5,42,0.438811
A,Nam2025,5,20,0.0,5,43,0.437827
A,Nam2025,5,20,0.0,5,44,0.437906
A,Nam2025,5,20,0.0,5,45,0.438128
A,Nam2025,5,20,0.0,5,46,0.437798
A,Nam2025,5,20,0.0,5,47,0.438068
A,Nam2025,5,20,0.0,5,48,0.438456
A,Nam2025,5,20,0.0,5,49,0.438383
A,Nam2025,5,20,0.0,5,50,0.438667
A,Nam2025,5,20,0.0,5,51,0.438417
A,Youn2026,5,20,0.0,5,42,0.438811
A,Youn2026,5,20,0.0,5,43,0.437827
A,Youn2026,5,20,0.0,5,44,0.437906
A,Youn2026,5,20,0.0,5,45,0.438128
A,Youn2026,5,20,0.0,5,46,0.437798
A,Youn2026,5,20,0.0,5,47,0.438068
A,Youn2026,5,20,0.0,5,48,0.438456
A,Youn2026,5,20,0.0,5,49,0.438383
A,Youn2026,5,20,0.0,5,50,0.438667
A,Youn2026,5,20,0.0,5,51,0.438417
A,V2I-Base,5,20,0.0,5,42,0.438811
A,V2I-Base,5,20,0.0,5,43,0.437827
A,V2I-Base,5,20,0.0,5,44,0.437906
A,V2I-Base,5,20,0.0,5,45,0.438128
A,V2I-Base,5,20,0.0,5,46,0.437798
A,V2I-Base,5,20,0.0,5,47,0.438068
A,V2I-Base,5,20,0.0,5,48,0.438456
A,V2I-Base,5,20,0.0,5,49,0.438383
A,V2I-Base,5,20,0.0,5,50,0.438667
A,V2I-Base,5,20,0.0,5,51,0.438417
A,V2V-Base,5,20,0.0,5,42,0.987097
A,V2V-Base,5,20,0.0,5,43,0.987677
A,V2V-Base,5,20,0.0,5,44,0.988701
A,V2V-Base,5,20,0.0,5,45,0.988208
A,V2V-Base,5,20,0.0,5,46,0.988354
A,V2V-Base,5,20,0.0,5,47,0.987522
A,V2V-Base,5,20,0.0,5,48,0.988254
A,V2V-Base,5,20,0.0,5,49,0.987764
A,V2V-Base,5,20,0.0,5,50,0.988568
A,V2V-Base,5,20,0.0,5,51,0.986211
A,Random-K,5,20,0.0,5,42,0.987144
A,Random-K,5,20,0.0,5,43,0.987706
A,Random-K,5,20,0.0,5,44,0.988829
A,Random-K,5,20,0.0,5,45,0.988204
A,Random-K,5,20,0.0,5,46,0.988343
A,Random-K,5,20,0.0,5,47,0.98734
A,Random-K,5,20,0.0,5,48,0.988
A,Random-K,5,20,0.0,5,49,0.987305
A,Random-K,5,20,0.0,5,50,0.988235
A,Random-K,5,20,0.0,5,51,0.986859
A,RILP,5,20,1.0,5,42,0.438811
A,RILP,5,20,1.0,5,43,0.437827
A,RILP,5,20,1.0,5,44,0.437906
A,RILP,5,20,1.0,5,45,0.438128
A,RILP,5,20,1.0,5,46,0.437798
A,RILP,5,20,1.0,5,47,0.438068
A,RILP,5,20,1.0,5,48,0.438456
A,RILP,5,20,1.0,5,49,0.438383
A,RILP,5,20,1.0,5,50,0.438667
A,RILP,5,20,1.0,5,51,0.438417
A,RILP-Greedy,5,20,1.0,5,42,0.438811
A,RILP-Greedy,5,20,1.0,5,43,0.437827
A,RILP-Greedy,5,20,1.0,5,44,0.437906
A,RILP-Greedy,5,20,1.0,5,45,0.438128
A,RILP-Greedy,5,20,1.0,5,46,0.437798
A,RILP-Greedy,5,20,1.0,5,47,0.438068
A,RILP-Greedy,5,20,1.0,5,48,0.438456
A,RILP-Greedy,5,20,1.0,5,49,0.438383
A,RILP-Greedy,5,20,1.0,5,50,0.438667
A,RILP-Greedy,5,20,1.0,5,51,0.438417
A,Nam2023b,5,20,1.0,5,42,0.291276
A,Nam2023b,5,20,1.0,5,43,0.29103
A,Nam2023b,5,20,1.0,5,44,0.291163
A,Nam2023b,5,20,1.0,5,45,0.291049
A,Nam2023b,5,20,1.0,5,46,0.290882
A,Nam2023b,5,20,1.0,5,47,0.291321
A,Nam2023b,5,20,1.0,5,48,0.290968
A,Nam2023b,5,20,1.0,5,49,0.291359
A,Nam2023b,5,20,1.0,5,50,0.291516
A,Nam2023b,5,20,1.0,5,51,0.291686
A,Nam2025,5,20,1.0,5,42,0.438811
A,Nam2025,5,20,1.0,5,43,0.437827
A,Nam2025,5,20,1.0,5,44,0.437906
A,Nam2025,5,20,1.0,5,45,0.438128
A,Nam2025,5,20,1.0,5,46,0.437798
A,Nam2025,5,20,1.0,5,47,0.438068
A,Nam2025,5,20,1.0,5,48,0.438456
A,Nam2025,5,20,1.0,5,49,0.438383
A,Nam2025,5,20,1.0,5,50,0.438667
A,Nam2025,5,20,1.0,5,51,0.438417
A,Youn2026,5,20,1.0,5,42,0.438811
A,Youn2026,5,20,1.0,5,43,0.437827
A,Youn2026,5,20,1.0,5,44,0.437906
A,Youn2026,5,20,1.0,5,45,0.438128
A,Youn2026,5,20,1.0,5,46,0.437798
A,Youn2026,5,20,1.0,5,47,0.438068
A,Youn2026,5,20,1.0,5,48,0.438456
A,Youn2026,5,20,1.0,5,49,0.438383
A,Youn2026,5,20,1.0,5,50,0.438667
A,Youn2026,5,20,1.0,5,51,0.438417
A,V2I-Base,5,20,1.0,5,42,0.438811
A,V2I-Base,5,20,1.0,5,43,0.437827
A,V2I-Base,5,20,1.0,5,44,0.437906
A,V2I-Base,5,20,1.0,5,45,0.438128
A,V2I-Base,5,20,1.0,5,46,0.437798
A,V2I-Base,5,20,1.0,5,47,0.438068
A,V2I-Base,5,20,1.0,5,48,0.438456
A,V2I-Base,5,20,1.0,5,49,0.438383
A,V2I-Base,5,20,1.0,5,50,0.438667
A,V2I-Base,5,20,1.0,5,51,0.438417
A,V2V-Base,5,20,1.0,5,42,0.987097
A,V2V-Base,5,20,1.0,5,43,0.987677
A,V2V-Base,5,20,1.0,5,44,0.988701
A,V2V-Base,5,20,1.0,5,45,0.988208
A,V2V-Base,5,20,1.0,5,46,0.988354
A,V2V-Base,5,20,1.0,5,47,0.987522
A,V2V-Base,5,20,1.0,5,48,0.988254
A,V2V-Base,5,20,1.0,5,49,0.987764
A,V2V-Base,5,20,1.0,5,50,0.988568
A,V2V-Base,5,20,1.0,5,51,0.986211
A,Random-K,5,20,1.0,5,42,0.987144
A,Random-K,5,20,1.0,5,43,0.987706
A,Random-K,5,20,1.0,5,44,0.988829
A,Random-K,5,20,1.0,5,45,0.988204
A,Random-K,5,20,1.0,5,46,0.988343
A,Random-K,5,20,1.0,5,47,0.98734
A,Random-K,5,20,1.0,5,48,0.988
A,Random-K,5,20,1.0,5,49,0.987305
A,Random-K,5,20,1.0,5,50,0.988235
A,Random-K,5,20,1.0,5,51,0.986859
A,RILP,5,20,2.0,5,42,0.438811
A,RILP,5,20,2.0,5,43,0.437827
A,RILP,5,20,2.0,5,44,0.437906
A,RILP,5,20,2.0,5,45,0.438128
A,RILP,5,20,2.0,5,46,0.437798
A,RILP,5,20,2.0,5,47,0.438068
A,RILP,5,20,2.0,5,48,0.438456
A,RILP,5,20,2.0,5,49,0.438383
A,RILP,5,20,2.0,5,50,0.438667
A,RILP,5,20,2.0,5,51,0.438417
A,RILP-Greedy,5,20,2.0,5,42,0.438811
A,RILP-Greedy,5,20,2.0,5,43,0.437827
A,RILP-Greedy,5,20,2.0,5,44,0.437906
A,RILP-Greedy,5,20,2.0,5,45,0.438128
A,RILP-Greedy,5,20,2.0,5,46,0.437798
A,RILP-Greedy,5,20,2.0,5,47,0.438068
A,RILP-Greedy,5,20,2.0,5,48,0.438456
A,RILP-Greedy,5,20,2.0,5,49,0.438383
A,RILP-Greedy,5,20,2.0,5,50,0.438667
A,RILP-Greedy,5,20,2.0,5,51,0.438417
A,Nam2023b,5,20,2.0,5,42,0.291276
A,Nam2023b,5,20,2.0,5,43,0.29103
A,Nam2023b,5,20,2.0,5,44,0.291163
A,Nam2023b,5,20,2.0,5,45,0.291049
A,Nam2023b,5,20,2.0,5,46,0.290882
A,Nam2023b,5,20,2.0,5,47,0.291321
A,Nam2023b,5,20,2.0,5,48,0.290968
A,Nam2023b,5,20,2.0,5,49,0.291359
A,Nam2023b,5,20,2.0,5,50,0.291516
A,Nam2023b,5,20,2.0,5,51,0.291686
A,Nam2025,5,20,2.0,5,42,0.438811
A,Nam2025,5,20,2.0,5,43,0.437827
A,Nam2025,5,20,2.0,5,44,0.437906
A,Nam2025,5,20,2.0,5,45,0.438128
A,Nam2025,5,20,2.0,5,46,0.437798
A,Nam2025,5,20,2.0,5,47,0.438068
A,Nam2025,5,20,2.0,5,48,0.438456
A,Nam2025,5,20,2.0,5,49,0.438383
A,Nam2025,5,20,2.0,5,50,0.438667
A,Nam2025,5,20,2.0,5,51,0.438417
A,Youn2026,5,20,2.0,5,42,0.438811
A,Youn2026,5,20,2.0,5,43,0.437827
A,Youn2026,5,20,2.0,5,44,0.437906
A,Youn2026,5,20,2.0,5,45,0.438128
A,Youn2026,5,20,2.0,5,46,0.437798
A,Youn2026,5,20,2.0,5,47,0.438068
A,Youn2026,5,20,2.0,5,48,0.438456
A,Youn2026,5,20,2.0,5,49,0.438383
A,Youn2026,5,20,2.0,5,50,0.438667
A,Youn2026,5,20,2.0,5,51,0.438417
A,V2I-Base,5,20,2.0,5,42,0.438811
A,V2I-Base,5,20,2.0,5,43,0.437827
A,V2I-Base,5,20,2.0,5,44,0.437906
A,V2I-Base,5,20,2.0,5,45,0.438128
A,V2I-Base,5,20,2.0,5,46,0.437798
A,V2I-Base,5,20,2.0,5,47,0.438068
A,V2I-Base,5,20,2.0,5,48,0.438456
A,V2I-Base,5,20,2.0,5,49,0.438383
A,V2I-Base,5,20,2.0,5,50,0.438667
A,V2I-Base,5,20,2.0,5,51,0.438417
A,V2V-Base,5,20,2.0,5,42,0.987097
A,V2V-Base,5,20,2.0,5,43,0.987677
A,V2V-Base,5,20,2.0,5,44,0.988701
A,V2V-Base,5,20,2.0,5,45,0.988208
A,V2V-Base,5,20,2.0,5,46,0.988354
A,V2V-Base,5,20,2.0,5,47,0.987522
A,V2V-Base,5,20,2.0,5,48,0.988254
A,V2V-Base,5,20,2.0,5,49,0.987764
A,V2V-Base,5,20,2.0,5,50,0.988568
A,V2V-Base,5,20,2.0,5,51,0.986211
A,Random-K,5,20,2.0,5,42,0.987144
A,Random-K,5,20,2.0,5,43,0.987706
A,Random-K,5,20,2.0,5,44,0.988829
A,Random-K,5,20,2.0,5,45,0.988204
A,Random-K,5,20,2.0,5,46,0.988343
A,Random-K,5,20,2.0,5,47,0.98734
A,Random-K,5,20,2.0,5,48,0.988
A,Random-K,5,20,2.0,5,49,0.987305
A,Random-K,5,20,2.0,5,50,0.988235
A,Random-K,5,20,2.0,5,51,0.986859
A,RILP,5,20,3.0,5,42,0.438811
A,RILP,5,20,3.0,5,43,0.437827
A,RILP,5,20,3.0,5,44,0.437906
A,RILP,5,20,3.0,5,45,0.438128
A,RILP,5,20,3.0,5,46,0.437798
A,RILP,5,20,3.0,5,47,0.438068
A,RILP,5,20,3.0,5,48,0.438456
A,RILP,5,20,3.0,5,49,0.438383
A,RILP,5,20,3.0,5,50,0.438667
A,RILP,5,20,3.0,5,51,0.438417
A,RILP-Greedy,5,20,3.0,5,42,0.438811
A,RILP-Greedy,5,20,3.0,5,43,0.437827
A,RILP-Greedy,5,20,3.0,5,44,0.437906
A,RILP-Greedy,5,20,3.0,5,45,0.438128
A,RILP-Greedy,5,20,3.0,5,46,0.437798
A,RILP-Greedy,5,20,3.0,5,47,0.438068
A,RILP-Greedy,5,20,3.0,5,48,0.438456
A,RILP-Greedy,5,20,3.0,5,49,0.438383
A,RILP-Greedy,5,20,3.0,5,50,0.438667
A,RILP-Greedy,5,20,3.0,5,51,0.438417
A,Nam2023b,5,20,3.0,5,42,0.291276
A,Nam2023b,5,20,3.0,5,43,0.29103
A,Nam2023b,5,20,3.0,5,44,0.291163
A,Nam2023b,5,20,3.0,5,45,0.291049
A,Nam2023b,5,20,3.0,5,46,0.290882
A,Nam2023b,5,20,3.0,5,47,0.291321
A,Nam2023b,5,20,3.0,5,48,0.290968
A,Nam2023b,5,20,3.0,5,49,0.291359
A,Nam2023b,5,20,3.0,5,50,0.291516
A,Nam2023b,5,20,3.0,5,51,0.291686
A,Nam2025,5,20,3.0,5,42,0.438811
A,Nam2025,5,20,3.0,5,43,0.437827
A,Nam2025,5,20,3.0,5,44,0.437906
A,Nam2025,5,20,3.0,5,45,0.438128
A,Nam2025,5,20,3.0,5,46,0.437798
A,Nam2025,5,20,3.0,5,47,0.438068
A,Nam2025,5,20,3.0,5,48,0.438456
A,Nam2025,5,20,3.0,5,49,0.438383
A,Nam2025,5,20,3.0,5,50,0.438667
A,Nam2025,5,20,3.0,5,51,0.438417
A,Youn2026,5,20,3.0,5,42,0.438811
A,Youn2026,5,20,3.0,5,43,0.437827
A,Youn2026,5,20,3.0,5,44,0.437906
A,Youn2026,5,20,3.0,5,45,0.438128
A,Youn2026,5,20,3.0,5,46,0.437798
A,Youn2026,5,20,3.0,5,47,0.438068
A,Youn2026,5,20,3.0,5,48,0.438456
A,Youn2026,5,20,3.0,5,49,0.438383
A,Youn2026,5,20,3.0,5,50,0.438667
A,Youn2026,5,20,3.0,5,51,0.438417
A,V2I-Base,5,20,3.0,5,42,0.438811
A,V2I-Base,5,20,3.0,5,43,0.437827
A,V2I-Base,5,20,3.0,5,44,0.437906
A,V2I-Base,5,20,3.0,5,45,0.438128
A,V2I-Base,5,20,3.0,5,46,0.437798
A,V2I-Base,5,20,3.0,5,47,0.438068
A,V2I-Base,5,20,3.0,5,48,0.438456
A,V2I-Base,5,20,3.0,5,49,0.438383
A,V2I-Base,5,20,3.0,5,50,0.438667
A,V2I-Base,5,20,3.0,5,51,0.438417
A,V2V-Base,5,20,3.0,5,42,0.987097
A,V2V-Base,5,20,3.0,5,43,0.987677
A,V2V-Base,5,20,3.0,5,44,0.988701
A,V2V-Base,5,20,3.0,5,45,0.988208
A,V2V-Base,5,20,3.0,5,46,0.988354
A,V2V-Base,5,20,3.0,5,47,0.987522
A,V2V-Base,5,20,3.0,5,48,0.988254
A,V2V-Base,5,20,3.0,5,49,0.987764
A,V2V-Base,5,20,3.0,5,50,0.988568
A,V2V-Base,5,20,3.0,5,51,0.986211
A,Random-K,5,20,3.0,5,42,0.987144
A,Random-K,5,20,3.0,5,43,0.987706
A,Random-K,5,20,3.0,5,44,0.988829
A,Random-K,5,20,3.0,5,45,0.988204
A,Random-K,5,20,3.0,5,46,0.988343
A,Random-K,5,20,3.0,5,47,0.98734
A,Random-K,5,20,3.0,5,48,0.988
A,Random-K,5,20,3.0,5,49,0.987305
A,Random-K,5,20,3.0,5,50,0.988235
A,Random-K,5,20,3.0,5,51,0.986859
A,RILP,5,30,0.0,5,42,0.438811
A,RILP,5,30,0.0,5,43,0.437827
A,RILP,5,30,0.0,5,44,0.437906
A,RILP,5,30,0.0,5,45,0.438128
A,RILP,5,30,0.0,5,46,0.437798
A,RILP,5,30,0.0,5,47,0.438068
A,RILP,5,30,0.0,5,48,0.438456
A,RILP,5,30,0.0,5,49,0.438383
A,RILP,5,30,0.0,5,50,0.438667
A,RILP,5,30,0.0,5,51,0.438417
A,RILP-Greedy,5,30,0.0,5,42,0.438811
A,RILP-Greedy,5,30,0.0,5,43,0.437827
A,RILP-Greedy,5,30,0.0,5,44,0.437906
A,RILP-Greedy,5,30,0.0,5,45,0.438128
A,RILP-Greedy,5,30,0.0,5,46,0.437798
A,RILP-Greedy,5,30,0.0,5,47,0.438068
A,RILP-Greedy,5,30,0.0,5,48,0.438456
A,RILP-Greedy,5,30,0.0,5,49,0.438383
A,RILP-Greedy,5,30,0.0,5,50,0.438667
A,RILP-Greedy,5,30,0.0,5,51,0.438417
A,Nam2023b,5,30,0.0,5,42,0.291276
A,Nam2023b,5,30,0.0,5,43,0.29103
A,Nam2023b,5,30,0.0,5,44,0.291163
A,Nam2023b,5,30,0.0,5,45,0.291049
A,Nam2023b,5,30,0.0,5,46,0.290882
A,Nam2023b,5,30,0.0,5,47,0.291321
A,Nam2023b,5,30,0.0,5,48,0.290968
A,Nam2023b,5,30,0.0,5,49,0.291359
A,Nam2023b,5,30,0.0,5,50,0.291516
A,Nam2023b,5,30,0.0,5,51,0.291686
A,Nam2025,5,30,0.0,5,42,0.438811
A,Nam2025,5,30,0.0,5,43,0.437827
A,Nam2025,5,30,0.0,5,44,0.437906
A,Nam2025,5,30,0.0,5,45,0.438128
A,Nam2025,5,30,0.0,5,46,0.437798
A,Nam2025,5,30,0.0,5,47,0.438068
A,Nam2025,5,30,0.0,5,48,0.438456
A,Nam2025,5,30,0.0,5,49,0.438383
A,Nam2025,5,30,0.0,5,50,0.438667
A,Nam2025,5,30,0.0,5,51,0.438417
A,Youn2026,5,30,0.0,5,42,0.438811
A,Youn2026,5,30,0.0,5,43,0.437827
A,Youn2026,5,30,0.0,5,44,0.437906
A,Youn2026,5,30,0.0,5,45,0.438128
A,Youn2026,5,30,0.0,5,46,0.437798
A,Youn2026,5,30,0.0,5,47,0.438068
A,Youn2026,5,30,0.0,5,48,0.438456
A,Youn2026,5,30,0.0,5,49,0.438383
A,Youn2026,5,30,0.0,5,50,0.438667
A,Youn2026,5,30,0.0,5,51,0.438417
A,V2I-Base,5,30,0.0,5,42,0.438811
A,V2I-Base,5,30,0.0,5,43,0.437827
A,V2I-Base,5,30,0.0,5,44,0.437906
A,V2I-Base,5,30,0.0,5,45,0.438128
A,V2I-Base,5,30,0.0,5,46,0.437798
A,V2I-Base,5,30,0.0,5,47,0.438068
A,V2I-Base,5,30,0.0,5,48,0.438456
A,V2I-Base,5,30,0.0,5,49,0.438383
A,V2I-Base,5,30,0.0,5,50,0.438667
A,V2I-Base,5,30,0.0,5,51,0.438417
A,V2V-Base,5,30,0.0,5,42,0.987097
A,V2V-Base,5,30,0.0,5,43,0.987677
A,V2V-Base,5,30,0.0,5,44,0.988701
A,V2V-Base,5,30,0.0,5,45,0.988208
A,V2V-Base,5,30,0.0,5,46,0.988354
A,V2V-Base,5,30,0.0,5,47,0.987522
A,V2V-Base,5,30,0.0,5,48,0.988254
A,V2V-Base,5,30,0.0,5,49,0.987764
A,V2V-Base,5,30,0.0,5,50,0.988568
A,V2V-Base,5,30,0.0,5,51,0.986211
A,Random-K,5,30,0.0,5,42,0.987144
A,Random-K,5,30,0.0,5,43,0.987706
A,Random-K,5,30,0.0,5,44,0.988829
A,Random-K,5,30,0.0,5,45,0.988204
A,Random-K,5,30,0.0,5,46,0.988343
A,Random-K,5,30,0.0,5,47,0.98734
A,Random-K,5,30,0.0,5,48,0.988
A,Random-K,5,30,0.0,5,49,0.987305
A,Random-K,5,30,0.0,5,50,0.988235
A,Random-K,5,30,0.0,5,51,0.986859
A,RILP,5,30,1.0,5,42,0.438811
A,RILP,5,30,1.0,5,43,0.437827
A,RILP,5,30,1.0,5,44,0.437906
A,RILP,5,30,1.0,5,45,0.438128
A,RILP,5,30,1.0,5,46,0.437798
A,RILP,5,30,1.0,5,47,0.438068
A,RILP,5,30,1.0,5,48,0.438456
A,RILP,5,30,1.0,5,49,0.438383
A,RILP,5,30,1.0,5,50,0.438667
A,RILP,5,30,1.0,5,51,0.438417
A,RILP-Greedy,5,30,1.0,5,42,0.438811
A,RILP-Greedy,5,30,1.0,5,43,0.437827
A,RILP-Greedy,5,30,1.0,5,44,0.437906
A,RILP-Greedy,5,30,1.0,5,45,0.438128
A,RILP-Greedy,5,30,1.0,5,46,0.437798
A,RILP-Greedy,5,30,1.0,5,47,0.438068
A,RILP-Greedy,5,30,1.0,5,48,0.438456
A,RILP-Greedy,5,30,1.0,5,49,0.438383
A,RILP-Greedy,5,30,1.0,5,50,0.438667
A,RILP-Greedy,5,30,1.0,5,51,0.438417
A,Nam2023b,5,30,1.0,5,42,0.291276
A,Nam2023b,5,30,1.0,5,43,0.29103
A,Nam2023b,5,30,1.0,5,44,0.291163
A,Nam2023b,5,30,1.0,5,45,0.291049
A,Nam2023b,5,30,1.0,5,46,0.290882
A,Nam2023b,5,30,1.0,5,47,0.291321
A,Nam2023b,5,30,1.0,5,48,0.290968
A,Nam2023b,5,30,1.0,5,49,0.291359
A,Nam2023b,5,30,1.0,5,50,0.291516
A,Nam2023b,5,30,1.0,5,51,0.291686
A,Nam2025,5,30,1.0,5,42,0.438811
A,Nam2025,5,30,1.0,5,43,0.437827
A,Nam2025,5,30,1.0,5,44,0.437906
A,Nam2025,5,30,1.0,5,45,0.438128
A,Nam2025,5,30,1.0,5,46,0.437798
A,Nam2025,5,30,1.0,5,47,0.438068
A,Nam2025,5,30,1.0,5,48,0.438456
A,Nam2025,5,30,1.0,5,49,0.438383
A,Nam2025,5,30,1.0,5,50,0.438667
A,Nam2025,5,30,1.0,5,51,0.438417
A,Youn2026,5,30,1.0,5,42,0.438811
A,Youn2026,5,30,1.0,5,43,0.437827
A,Youn2026,5,30,1.0,5,44,0.437906
A,Youn2026,5,30,1.0,5,45,0.438128
A,Youn2026,5,30,1.0,5,46,0.437798
A,Youn2026,5,30,1.0,5,47,0.438068
A,Youn2026,5,30,1.0,5,48,0.438456
A,Youn2026,5,30,1.0,5,49,0.438383
A,Youn2026,5,30,1.0,5,50,0.438667
A,Youn2026,5,30,1.0,5,51,0.438417
A,V2I-Base,5,30,1.0,5,42,0.438811
A,V2I-Base,5,30,1.0,5,43,0.437827
A,V2I-Base,5,30,1.0,5,44,0.437906
A,V2I-Base,5,30,1.0,5,45,0.438128
A,V2I-Base,5,30,1.0,5,46,0.437798
A,V2I-Base,5,30,1.0,5,47,0.438068
A,V2I-Base,5,30,1.0,5,48,0.438456
A,V2I-Base,5,30,1.0,5,49,0.438383
A,V2I-Base,5,30,1.0,5,50,0.438667
A,V2I-Base,5,30,1.0,5,51,0.438417
A,V2V-Base,5,30,1.0,5,42,0.987097
A,V2V-Base,5,30,1.0,5,43,0.987677
A,V2V-Base,5,30,1.0,5,44,0.988701
A,V2V-Base,5,30,1.0,5,45,0.988208
A,V2V-Base,5,30,1.0,5,46,0.988354
A,V2V-Base,5,30,1.0,5,47,0.987522
A,V2V-Base,5,30,1.0,5,48,0.988254
A,V2V-Base,5,30,1.0,5,49,0.987764
A,V2V-Base,5,30,1.0,5,50,0.988568
A,V2V-Base,5,30,1.0,5,51,0.986211
A,Random-K,5,30,1.0,5,42,0.987144
A,Random-K,5,30,1.0,5,43,0.987706
A,Random-K,5,30,1.0,5,44,0.988829
A,Random-K,5,30,1.0,5,45,0.988204
A,Random-K,5,30,1.0,5,46,0.988343
A,Random-K,5,30,1.0,5,47,0.98734
A,Random-K,5,30,1.0,5,48,0.988
A,Random-K,5,30,1.0,5,49,0.987305
A,Random-K,5,30,1.0,5,50,0.988235
A,Random-K,5,30,1.0,5,51,0.986859
A,RILP,5,30,2.0,5,42,0.438811
A,RILP,5,30,2.0,5,43,0.437827
A,RILP,5,30,2.0,5,44,0.437906
A,RILP,5,30,2.0,5,45,0.438128
A,RILP,5,30,2.0,5,46,0.437798
A,RILP,5,30,2.0,5,47,0.438068
A,RILP,5,30,2.0,5,48,0.438456
A,RILP,5,30,2.0,5,49,0.438383
A,RILP,5,30,2.0,5,50,0.438667
A,RILP,5,30,2.0,5,51,0.438417
A,RILP-Greedy,5,30,2.0,5,42,0.438811
A,RILP-Greedy,5,30,2.0,5,43,0.437827
A,RILP-Greedy,5,30,2.0,5,44,0.437906
A,RILP-Greedy,5,30,2.0,5,45,0.438128
A,RILP-Greedy,5,30,2.0,5,46,0.437798
A,RILP-Greedy,5,30,2.0,5,47,0.438068
A,RILP-Greedy,5,30,2.0,5,48,0.438456
A,RILP-Greedy,5,30,2.0,5,49,0.438383
A,RILP-Greedy,5,30,2.0,5,50,0.438667
A,RILP-Greedy,5,30,2.0,5,51,0.438417
A,Nam2023b,5,30,2.0,5,42,0.291276
A,Nam2023b,5,30,2.0,5,43,0.29103
A,Nam2023b,5,30,2.0,5,44,0.291163
A,Nam2023b,5,30,2.0,5,45,0.291049
A,Nam2023b,5,30,2.0,5,46,0.290882
A,Nam2023b,5,30,2.0,5,47,0.291321
A,Nam2023b,5,30,2.0,5,48,0.290968
A,Nam2023b,5,30,2.0,5,49,0.291359
A,Nam2023b,5,30,2.0,5,50,0.291516
A,Nam2023b,5,30,2.0,5,51,0.291686
A,Nam2025,5,30,2.0,5,42,0.438811
A,Nam2025,5,30,2.0,5,43,0.437827
A,Nam2025,5,30,2.0,5,44,0.437906
A,Nam2025,5,30,2.0,5,45,0.438128
A,Nam2025,5,30,2.0,5,46,0.437798
A,Nam2025,5,30,2.0,5,47,0.438068
A,Nam2025,5,30,2.0,5,48,0.438456
A,Nam2025,5,30,2.0,5,49,0.438383
A,Nam2025,5,30,2.0,5,50,0.438667
A,Nam2025,5,30,2.0,5,51,0.438417
A,Youn2026,5,30,2.0,5,42,0.438811
A,Youn2026,5,30,2.0,5,43,0.437827
A,Youn2026,5,30,2.0,5,44,0.437906
A,Youn2026,5,30,2.0,5,45,0.438128
A,Youn2026,5,30,2.0,5,46,0.437798
A,Youn2026,5,30,2.0,5,47,0.438068
A,Youn2026,5,30,2.0,5,48,0.438456
A,Youn2026,5,30,2.0,5,49,0.438383
A,Youn2026,5,30,2.0,5,50,0.438667
A,Youn2026,5,30,2.0,5,51,0.438417
A,V2I-Base,5,30,2.0,5,42,0.438811
A,V2I-Base,5,30,2.0,5,43,0.437827
A,V2I-Base,5,30,2.0,5,44,0.437906
A,V2I-Base,5,30,2.0,5,45,0.438128
A,V2I-Base,5,30,2.0,5,46,0.437798
A,V2I-Base,5,30,2.0,5,47,0.438068
A,V2I-Base,5,30,2.0,5,48,0.438456
A,V2I-Base,5,30,2.0,5,49,0.438383
A,V2I-Base,5,30,2.0,5,50,0.438667
A,V2I-Base,5,30,2.0,5,51,0.438417
A,V2V-Base,5,30,2.0,5,42,0.987097
A,V2V-Base,5,30,2.0,5,43,0.987677
A,V2V-Base,5,30,2.0,5,44,0.988701
A,V2V-Base,5,30,2.0,5,45,0.988208
A,V2V-Base,5,30,2.0,5,46,0.988354
A,V2V-Base,5,30,2.0,5,47,0.987522
A,V2V-Base,5,30,2.0,5,48,0.988254
A,V2V-Base,5,30,2.0,5,49,0.987764
A,V2V-Base,5,30,2.0,5,50,0.988568
A,V2V-Base,5,30,2.0,5,51,0.986211
A,Random-K,5,30,2.0,5,42,0.987144
A,Random-K,5,30,2.0,5,43,0.987706
A,Random-K,5,30,2.0,5,44,0.988829
A,Random-K,5,30,2.0,5,45,0.988204
A,Random-K,5,30,2.0,5,46,0.988343
A,Random-K,5,30,2.0,5,47,0.98734
A,Random-K,5,30,2.0,5,48,0.988
A,Random-K,5,30,2.0,5,49,0.987305
A,Random-K,5,30,2.0,5,50,0.988235
A,Random-K,5,30,2.0,5,51,0.986859
A,RILP,5,30,3.0,5,42,0.438811
A,RILP,5,30,3.0,5,43,0.437827
A,RILP,5,30,3.0,5,44,0.437906
A,RILP,5,30,3.0,5,45,0.438128
A,RILP,5,30,3.0,5,46,0.437798
A,RILP,5,30,3.0,5,47,0.438068
A,RILP,5,30,3.0,5,48,0.438456
A,RILP,5,30,3.0,5,49,0.438383
A,RILP,5,30,3.0,5,50,0.438667
A,RILP,5,30,3.0,5,51,0.438417
A,RILP-Greedy,5,30,3.0,5,42,0.438811
A,RILP-Greedy,5,30,3.0,5,43,0.437827
A,RILP-Greedy,5,30,3.0,5,44,0.437906
A,RILP-Greedy,5,30,3.0,5,45,0.438128
A,RILP-Greedy,5,30,3.0,5,46,0.437798
A,RILP-Greedy,5,30,3.0,5,47,0.438068
A,RILP-Greedy,5,30,3.0,5,48,0.438456
A,RILP-Greedy,5,30,3.0,5,49,0.438383
A,RILP-Greedy,5,30,3.0,5,50,0.438667
A,RILP-Greedy,5,30,3.0,5,51,0.438417
A,Nam2023b,5,30,3.0,5,42,0.291276
A,Nam2023b,5,30,3.0,5,43,0.29103
A,Nam2023b,5,30,3.0,5,44,0.291163
A,Nam2023b,5,30,3.0,5,45,0.291049
A,Nam2023b,5,30,3.0,5,46,0.290882
A,Nam2023b,5,30,3.0,5,47,0.291321
A,Nam2023b,5,30,3.0,5,48,0.290968
A,Nam2023b,5,30,3.0,5,49,0.291359
A,Nam2023b,5,30,3.0,5,50,0.291516
A,Nam2023b,5,30,3.0,5,51,0.291219
A,Nam2025,5,30,3.0,5,42,0.438359
A,Nam2025,5,30,3.0,5,43,0.438092
A,Nam2025,5,30,3.0,5,44,0.438263
A,Nam2025,5,30,3.0,5,45,0.438452
A,Nam2025,5,30,3.0,5,46,0.438283
A,Nam2025,5,30,3.0,5,47,0.438185
A,Nam2025,5,30,3.0,5,48,0.438378
A,Nam2025,5,30,3.0,5,49,0.43835
A,Nam2025,5,30,3.0,5,50,0.438428
A,Nam2025,5,30,3.0,5,51,0.438271
A,Youn2026,5,30,3.0,5,42,0.438359
A,Youn2026,5,30,3.0,5,43,0.438092
A,Youn2026,5,30,3.0,5,44,0.438263
A,Youn2026,5,30,3.0,5,45,0.438452
A,Youn2026,5,30,3.0,5,46,0.438283
A,Youn2026,5,30,3.0,5,47,0.438185
A,Youn2026,5,30,3.0,5,48,0.438378
A,Youn2026,5,30,3.0,5,49,0.43835
A,Youn2026,5,30,3.0,5,50,0.438428
A,Youn2026,5,30,3.0,5,51,0.438271
A,V2I-Base,5,30,3.0,5,42,0.438359
A,V2I-Base,5,30,3.0,5,43,0.438092
A,V2I-Base,5,30,3.0,5,44,0.438263
A,V2I-Base,5,30,3.0,5,45,0.438452
A,V2I-Base,5,30,3.0,5,46,0.438283
A,V2I-Base,5,30,3.0,5,47,0.438185
A,V2I-Base,5,30,3.0,5,48,0.438378
A,V2I-Base,5,30,3.0,5,49,0.43835
A,V2I-Base,5,30,3.0,5,50,0.438428
A,V2I-Base,5,30,3.0,5,51,0.438271
A,V2V-Base,5,30,3.0,5,42,0.999397
A,V2V-Base,5,30,3.0,5,43,0.999359
A,V2V-Base,5,30,3.0,5,44,0.999393
A,V2V-Base,5,30,3.0,5,45,0.999319
A,V2V-Base,5,30,3.0,5,46,0.99938
A,V2V-Base,5,30,3.0,5,47,0.999381
A,V2V-Base,5,30,3.0,5,48,0.999397
A,V2V-Base,5,30,3.0,5,49,0.999399
A,V2V-Base,5,30,3.0,5,50,0.999351
A,V2V-Base,5,30,3.0,5,51,0.999397
A,Random-K,5,30,3.0,5,42,0.999252
A,Random-K,5,30,3.0,5,43,0.999265
A,Random-K,5,30,3.0,5,44,0.999226
A,Random-K,5,30,3.0,5,45,0.999255
A,Random-K,5,30,3.0,5,46,0.999167
A,Random-K,5,30,3.0,5,47,0.999227
A,Random-K,5,30,3.0,5,48,0.999251
A,Random-K,5,30,3.0,5,49,0.999246
A,Random-K,5,30,3.0,5,50,0.999223
A,Random-K,5,30,3.0,5,51,0.999241
