scenario,algorithm,density,pred_error_pct,gamma,tau_max,seed,CHR,CDSR,AoI_violation_rate,PCO,RLBI
A,RILP,1,0,0.0,5,42,0.438396,0.004555,0.033958,0.167894,0.989703
A,RILP,1,0,0.0,5,43,0.43822,0.004518,0.034155,0.168553,0.989754
A,RILP,1,0,0.0,5,44,0.43827,0.004446,0.034217,0.168518,0.989828
A,RILP,1,0,0.0,5,45,0.43831,0.004514,0.03404,0.167954,0.989789
A,RILP,1,0,0.0,5,46,0.438395,0.004486,0.034011,0.168527,0.989784
A,RILP,1,0,0.0,5,47,0.438083,0.004464,0.034263,0.16694,0.989814
A,RILP,1,0,0.0,5,48,0.438504,0.00456,0.034171,0.166112,0.989625
A,RILP,1,0,0.0,5,49,0.438457,0.004437,0.03437,0.169367,0.989817
A,RILP,1,0,0.0,5,50,0.438305,0.004498,0.034107,0.167576,0.98975
A,RILP,1,0,0.0,5,51,0.438333,0.004469,0.034176,0.169271,0.989791
A,RILP-Greedy,1,0,0.0,5,42,0.438396,0.004555,0.033958,0.167894,0.989703
A,RILP-Greedy,1,0,0.0,5,43,0.43822,0.004518,0.034155,0.168553,0.989754
A,RILP-Greedy,1,0,0.0,5,44,0.43827,0.004446,0.034217,0.168518,0.989828
A,RILP-Greedy,1,0,0.0,5,45,0.43831,0.004514,0.03404,0.167954,0.989789
A,RILP-Greedy,1,0,0.0,5,46,0.438395,0.004486,0.034011,0.168527,0.989784
A,RILP-Greedy,1,0,0.0,5,47,0.438083,0.004464,0.034263,0.16694,0.989814
A,RILP-Greedy,1,0,0.0,5,48,0.438504,0.00456,0.034171,0.166112,0.989625
A,RILP-Greedy,1,0,0.0,5,49,0.438457,0.004437,0.03437,0.169367,0.989817
A,RILP-Greedy,1,0,0.0,5,50,0.438305,0.004498,0.034107,0.167576,0.98975
A,RILP-Greedy,1,0,0.0,5,51,0.438333,0.004469,0.034176,0.169271,0.989791
A,Nam2023b,1,0,0.0,5,42,0.291536,0.002988,0.197585,6.46879,0.989703
A,Nam2023b,1,0,0.0,5,43,0.291415,0.003027,0.197403,6.505786,0.989754
A,Nam2023b,1,0,0.0,5,44,0.291219,0.002961,0.197894,6.558881,0.989828
A,Nam2023b,1,0,0.0,5,45,0.291346,0.003007,0.197756,6.551396,0.989789
A,Nam2023b,1,0,0.0,5,46,0.29154,0.002978,0.19751,6.526031,0.989784
A,Nam2023b,1,0,0.0,5,47,0.291328,0.002977,0.197674,6.48549,0.989814
A,Nam2023b,1,0,0.0,5,48,0.291685,0.003036,0.197462,6.366584,0.989625
A,Nam2023b,1,0,0.0,5,49,0.291452,0.002932,0.198095,6.533195,0.989817
A,Nam2023b,1,0,0.0,5,50,0.291254,0.002973,0.197661,6.499614,0.98975
A,Nam2023b,1,0,0.0,5,51,0.291373,0.002958,0.197665,6.511773,0.989791
A,Nam2025,1,0,0.0,5,42,0.438396,0.004555,0.033958,0.167894,0.989703
A,Nam2025,1,0,0.0,5,43,0.43822,0.004518,0.034155,0.168553,0.989754
A,Nam2025,1,0,0.0,5,44,0.43827,0.004446,0.034217,0.168518,0.989828
A,Nam2025,1,0,0.0,5,45,0.43831,0.004514,0.03404,0.167954,0.989789
A,Nam2025,1,0,0.0,5,46,0.438395,0.004486,0.034011,0.168527,0.989784
A,Nam2025,1,0,0.0,5,47,0.438083,0.004464,0.034263,0.16694,0.989814
A,Nam2025,1,0,0.0,5,48,0.438504,0.00456,0.034171,0.166112,0.989625
A,Nam2025,1,0,0.0,5,49,0.438457,0.004437,0.03437,0.169367,0.989817
A,Nam2025,1,0,0.0,5,50,0.438305,0.004498,0.034107,0.167576,0.98975
A,Nam2025,1,0,0.0,5,51,0.438333,0.004469,0.034176,0.169271,0.989791
A,Youn2026,1,0,0.0,5,42,0.438396,0.004555,0.033958,0.167894,0.989703
A,Youn2026,1,0,0.0,5,43,0.43822,0.004518,0.034155,0.168553,0.989754
A,Youn2026,1,0,0.0,5,44,0.43827,0.004446,0.034217,0.168518,0.989828
A,Youn2026,1,0,0.0,5,45,0.43831,0.004514,0.03404,0.167954,0.989789
A,Youn2026,1,0,0.0,5,46,0.438395,0.004486,0.034011,0.168527,0.989784
A,Youn2026,1,0,0.0,5,47,0.438083,0.004464,0.034263,0.16694,0.989814
A,Youn2026,1,0,0.0,5,48,0.438504,0.00456,0.034171,0.166112,0.989625
A,Youn2026,1,0,0.0,5,49,0.438457,0.004437,0.03437,0.169367,0.989817
A,Youn2026,1,0,0.0,5,50,0.438305,0.004498,0.034107,0.167576,0.98975
A,Youn2026,1,0,0.0,5,51,0.438333,0.004469,0.034176,0.169271,0.989791
A,V2I-Base,1,0,0.0,5,42,0.438396,0.004555,0.033958,0.167894,0.989703
A,V2I-Base,1,0,0.0,5,43,0.43822,0.004518,0.034155,0.168553,0.989754
A,V2I-Base,1,0,0.0,5,44,0.43827,0.004446,0.034217,0.168518,0.989828
A,V2I-Base,1,0,0.0,5,45,0.43831,0.004514,0.03404,0.167954,0.989789
A,V2I-Base,1,0,0.0,5,46,0.438395,0.004486,0.034011,0.168527,0.989784
A,V2I-Base,1,0,0.0,5,47,0.438083,0.004464,0.034263,0.16694,0.989814
A,V2I-Base,1,0,0.0,5,48,0.438504,0.00456,0.034171,0.166112,0.989625
A,V2I-Base,1,0,0.0,5,49,0.438457,0.004437,0.03437,0.169367,0.989817
A,V2I-Base,1,0,0.0,5,50,0.438305,0.004498,0.034107,0.167576,0.98975
A,V2I-Base,1,0,0.0,5,51,0.438333,0.004469,0.034176,0.169271,0.989791
A,V2V-Base,1,0,0.0,5,42,0.999454,0.69474,7e-06,4.521877,0.989703
A,V2V-Base,1,0,0.0,5,43,0.999427,0.694713,6e-06,4.55856,0.989754
A,V2V-Base,1,0,0.0,5,44,0.999442,0.694572,6e-06,4.578225,0.989828
A,V2V-Base,1,0,0.0,5,45,0.999433,0.694663,6e-06,4.590649,0.989789
A,V2V-Base,1,0,0.0,5,46,0.999426,0.694362,7e-06,4.559189,0.989784
A,V2V-Base,1,0,0.0,5,47,0.999448,0.694848,5e-06,4.538042,0.989814
A,V2V-Base,1,0,0.0,5,48,0.999447,0.694623,7e-06,4.46435,0.989625
A,V2V-Base,1,0,0.0,5,49,0.999424,0.694592,1.3e-05,4.553212,0.989817
A,V2V-Base,1,0,0.0,5,50,0.999443,0.694809,7e-06,4.54534,0.98975
A,V2V-Base,1,0,0.0,5,51,0.999456,0.694764,3e-06,4.554321,0.989791
A,Random-K,1,0,0.0,5,42,0.999309,0.900443,0.000104,5.837957,0.989703
A,Random-K,1,0,0.0,5,43,0.999233,0.900442,0.000119,5.871679,0.989754
A,Random-K,1,0,0.0,5,44,0.999284,0.900429,0.000153,5.919553,0.989828
A,Random-K,1,0,0.0,5,45,0.999284,0.900368,0.000109,5.913579,0.989789
A,Random-K,1,0,0.0,5,46,0.999254,0.900243,0.000125,5.890545,0.989784
A,Random-K,1,0,0.0,5,47,0.999273,0.900208,8.9e-05,5.854071,0.989814
A,Random-K,1,0,0.0,5,48,0.999254,0.900271,0.000142,5.74678,0.989625
A,Random-K,1,0,0.0,5,49,0.999276,0.900349,0.000159,5.89682,0.989817
A,Random-K,1,0,0.0,5,50,0.99932,0.900323,0.000126,5.866108,0.98975
A,Random-K,1,0,0.0,5,51,0.999305,0.900313,0.000102,5.87716,0.989791
A,RILP,1,0,1.0,5,42,0.438396,0.004555,0.033958,0.167894,0.989703
A,RILP,1,0,1.0,5,43,0.43822,0.004518,0.034155,0.168553,0.989754
A,RILP,1,0,1.0,5,44,0.43827,0.004446,0.034217,0.168518,0.989828
A,RILP,1,0,1.0,5,45,0.43831,0.004514,0.03404,0.167954,0.989789
A,RILP,1,0,1.0,5,46,0.438395,0.004486,0.034011,0.168527,0.989784
A,RILP,1,0,1.0,5,47,0.438083,0.004464,0.034263,0.16694,0.989814
A,RILP,1,0,1.0,5,48,0.438504,0.00456,0.034171,0.166112,0.989625
A,RILP,1,0,1.0,5,49,0.438457,0.004437,0.03437,0.169367,0.989817
A,RILP,1,0,1.0,5,50,0.438305,0.004498,0.034107,0.167576,0.98975
A,RILP,1,0,1.0,5,51,0.438333,0.004469,0.034176,0.169271,0.989791
A,RILP-Greedy,1,0,1.0,5,42,0.438396,0.004555,0.033958,0.167894,0.989703
A,RILP-Greedy,1,0,1.0,5,43,0.43822,0.004518,0.034155,0.168553,0.989754
A,RILP-Greedy,1,0,1.0,5,44,0.43827,0.004446,0.034217,0.168518,0.989828
A,RILP-Greedy,1,0,1.0,5,45,0.43831,0.004514,0.03404,0.167954,0.989789
A,RILP-Greedy,1,0,1.0,5,46,0.438395,0.004486,0.034011,0.168527,0.989784
A,RILP-Greedy,1,0,1.0,5,47,0.438083,0.004464,0.034263,0.16694,0.989814
A,RILP-Greedy,1,0,1.0,5,48,0.438504,0.00456,0.034171,0.166112,0.989625
A,RILP-Greedy,1,0,1.0,5,49,0.438457,0.004437,0.03437,0.169367,0.989817
A,RILP-Greedy,1,0,1.0,5,50,0.438305,0.004498,0.034107,0.167576,0.98975
A,RILP-Greedy,1,0,1.0,5,51,0.438333,0.004469,0.034176,0.169271,0.989791
A,Nam2023b,1,0,1.0,5,42,0.291536,0.002988,0.197585,6.46879,0.989703
A,Nam2023b,1,0,1.0,5,43,0.291415,0.003027,0.197403,6.505786,0.989754
A,Nam2023b,1,0,1.0,5,44,0.291219,0.002961,0.197894,6.558881,0.989828
A,Nam2023b,1,0,1.0,5,45,0.291346,0.003007,0.197756,6.551396,0.989789
A,Nam2023b,1,0,1.0,5,46,0.29154,0.002978,0.19751,6.526031,0.989784
A,Nam2023b,1,0,1.0,5,47,0.291328,0.002977,0.197674,6.48549,0.989814
A,Nam2023b,1,0,1.0,5,48,0.291685,0.003036,0.197462,6.366584,0.989625
A,Nam2023b,1,0,1.0,5,49,0.291452,0.002932,0.198095,6.533195,0.989817
A,Nam2023b,1,0,1.0,5,50,0.291254,0.002973,0.197661,6.499614,0.98975
A,Nam2023b,1,0,1.0,5,51,0.291373,0.002958,0.197665,6.511773,0.989791
A,Nam2025,1,0,1.0,5,42,0.438396,0.004555,0.033958,0.167894,0.989703
A,Nam2025,1,0,1.0,5,43,0.43822,0.004518,0.034155,0.168553,0.989754
A,Nam2025,1,0,1.0,5,44,0.43827,0.004446,0.034217,0.168518,0.989828
A,Nam2025,1,0,1.0,5,45,0.43831,0.004514,0.03404,0.167954,0.989789
A,Nam2025,1,0,1.0,5,46,0.438395,0.004486,0.034011,0.168527,0.989784
A,Nam2025,1,0,1.0,5,47,0.438083,0.004464,0.034263,0.16694,0.989814
A,Nam2025,1,0,1.0,5,48,0.438504,0.00456,0.034171,0.166112,0.989625
A,Nam2025,1,0,1.0,5,49,0.438457,0.004437,0.03437,0.169367,0.989817
A,Nam2025,1,0,1.0,5,50,0.438305,0.004498,0.034107,0.167576,0.98975
A,Nam2025,1,0,1.0,5,51,0.438333,0.004469,0.034176,0.169271,0.989791
A,Youn2026,1,0,1.0,5,42,0.438396,0.004555,0.033958,0.167894,0.989703
A,Youn2026,1,0,1.0,5,43,0.43822,0.004518,0.034155,0.168553,0.989754
A,Youn2026,1,0,1.0,5,44,0.43827,0.004446,0.034217,0.168518,0.989828
A,Youn2026,1,0,1.0,5,45,0.43831,0.004514,0.03404,0.167954,0.989789
A,Youn2026,1,0,1.0,5,46,0.438395,0.004486,0.034011,0.168527,0.989784
A,Youn2026,1,0,1.0,5,47,0.438083,0.004464,0.034263,0.16694,0.989814
A,Youn2026,1,0,1.0,5,48,0.438504,0.00456,0.034171,0.166112,0.989625
A,Youn2026,1,0,1.0,5,49,0.438457,0.004437,0.03437,0.169367,0.989817
A,Youn2026,1,0,1.0,5,50,0.438305,0.004498,0.034107,0.167576,0.98975
A,Youn2026,1,0,1.0,5,51,0.438333,0.004469,0.034176,0.169271,0.989791
A,V2I-Base,1,0,1.0,5,42,0.438396,0.004555,0.033958,0.167894,0.989703
A,V2I-Base,1,0,1.0,5,43,0.43822,0.004518,0.034155,0.168553,0.989754
A,V2I-Base,1,0,1.0,5,44,0.43827,0.004446,0.034217,0.168518,0.989828
A,V2I-Base,1,0,1.0,5,45,0.43831,0.004514,0.03404,0.167954,0.989789
A,V2I-Base,1,0,1.0,5,46,0.438395,0.004486,0.034011,0.168527,0.989784
A,V2I-Base,1,0,1.0,5,47,0.438083,0.004464,0.034263,0.16694,0.989814
A,V2I-Base,1,0,1.0,5,48,0.438504,0.00456,0.034171,0.166112,0.989625
A,V2I-Base,1,0,1.0,5,49,0.438457,0.004437,0.03437,0.169367,0.989817
A,V2I-Base,1,0,1.0,5,50,0.438305,0.004498,0.034107,0.167576,0.98975
A,V2I-Base,1,0,1.0,5,51,0.438333,0.004469,0.034176,0.169271,0.989791
A,V2V-Base,1,0,1.0,5,42,0.999454,0.69474,7e-06,4.521877,0.989703
A,V2V-Base,1,0,1.0,5,43,0.999427,0.694713,6e-06,4.55856,0.989754
A,V2V-Base,1,0,1.0,5,44,0.999442,0.694572,6e-06,4.578225,0.989828
A,V2V-Base,1,0,1.0,5,45,0.999433,0.694663,6e-06,4.590649,0.989789
A,V2V-Base,1,0,1.0,5,46,0.999426,0.694362,7e-06,4.559189,0.989784
A,V2V-Base,1,0,1.0,5,47,0.999448,0.694848,5e-06,4.538042,0.989814
A,V2V-Base,1,0,1.0,5,48,0.999447,0.694623,7e-06,4.46435,0.989625
A,V2V-Base,1,0,1.0,5,49,0.999424,0.694592,1.3e-05,4.553212,0.989817
A,V2V-Base,1,0,1.0,5,50,0.999443,0.694809,7e-06,4.54534,0.98975
A,V2V-Base,1,0,1.0,5,51,0.999456,0.694764,3e-06,4.554321,0.989791
A,Random-K,1,0,1.0,5,42,0.999309,0.900443,0.000104,5.837957,0.989703
A,Random-K,1,0,1.0,5,43,0.999233,0.900442,0.000119,5.871679,0.989754
A,Random-K,1,0,1.0,5,44,0.999284,0.900429,0.000153,5.919553,0.989828
A,Random-K,1,0,1.0,5,45,0.999284,0.900368,0.000109,5.913579,0.989789
A,Random-K,1,0,1.0,5,46,0.999254,0.900243,0.000125,5.890545,0.989784
A,Random-K,1,0,1.0,5,47,0.999273,0.900208,8.9e-05,5.854071,0.989814
A,Random-K,1,0,1.0,5,48,0.999254,0.900271,0.000142,5.74678,0.989625
A,Random-K,1,0,1.0,5,49,0.999276,0.900349,0.000159,5.89682,0.989817
A,Random-K,1,0,1.0,5,50,0.99932,0.900323,0.000126,5.866108,0.98975
A,Random-K,1,0,1.0,5,51,0.999305,0.900313,0.000102,5.87716,0.989791
A,RILP,1,0,2.0,5,42,0.438396,0.004555,0.033958,0.167894,0.989703
A,RILP,1,0,2.0,5,43,0.43822,0.004518,0.034155,0.168553,0.989754
A,RILP,1,0,2.0,5,44,0.43827,0.004446,0.034217,0.168518,0.989828
A,RILP,1,0,2.0,5,45,0.43831,0.004514,0.03404,0.167954,0.989789
A,RILP,1,0,2.0,5,46,0.438395,0.004486,0.034011,0.168527,0.989784
A,RILP,1,0,2.0,5,47,0.438083,0.004464,0.034263,0.16694,0.989814
A,RILP,1,0,2.0,5,48,0.438504,0.00456,0.034171,0.166112,0.989625
A,RILP,1,0,2.0,5,49,0.438457,0.004437,0.03437,0.169367,0.989817
A,RILP,1,0,2.0,5,50,0.438305,0.004498,0.034107,0.167576,0.98975
A,RILP,1,0,2.0,5,51,0.438333,0.004469,0.034176,0.169271,0.989791
A,RILP-Greedy,1,0,2.0,5,42,0.438396,0.004555,0.033958,0.167894,0.989703
A,RILP-Greedy,1,0,2.0,5,43,0.43822,0.004518,0.034155,0.168553,0.989754
A,RILP-Greedy,1,0,2.0,5,44,0.43827,0.004446,0.034217,0.168518,0.989828
A,RILP-Greedy,1,0,2.0,5,45,0.43831,0.004514,0.03404,0.167954,0.989789
A,RILP-Greedy,1,0,2.0,5,46,0.438395,0.004486,0.034011,0.168527,0.989784
A,RILP-Greedy,1,0,2.0,5,47,0.438083,0.004464,0.034263,0.16694,0.989814
A,RILP-Greedy,1,0,2.0,5,48,0.438504,0.00456,0.034171,0.166112,0.989625
A,RILP-Greedy,1,0,2.0,5,49,0.438457,0.004437,0.03437,0.169367,0.989817
A,RILP-Greedy,1,0,2.0,5,50,0.438305,0.004498,0.034107,0.167576,0.98975
A,RILP-Greedy,1,0,2.0,5,51,0.438333,0.004469,0.034176,0.169271,0.989791
A,Nam2023b,1,0,2.0,5,42,0.291536,0.002988,0.197585,6.46879,0.989703
A,Nam2023b,1,0,2.0,5,43,0.291415,0.003027,0.197403,6.505786,0.989754
A,Nam2023b,1,0,2.0,5,44,0.291219,0.002961,0.197894,6.558881,0.989828
A,Nam2023b,1,0,2.0,5,45,0.291346,0.003007,0.197756,6.551396,0.989789
A,Nam2023b,1,0,2.0,5,46,0.29154,0.002978,0.19751,6.526031,0.989784
A,Nam2023b,1,0,2.0,5,47,0.291328,0.002977,0.197674,6.48549,0.989814
A,Nam2023b,1,0,2.0,5,48,0.291685,0.003036,0.197462,6.366584,0.989625
A,Nam2023b,1,0,2.0,5,49,0.291452,0.002932,0.198095,6.533195,0.989817
A,Nam2023b,1,0,2.0,5,50,0.291254,0.002973,0.197661,6.499614,0.98975
A,Nam2023b,1,0,2.0,5,51,0.291373,0.002958,0.197665,6.511773,0.989791
A,Nam2025,1,0,2.0,5,42,0.438396,0.004555,0.033958,0.167894,0.989703
A,Nam2025,1,0,2.0,5,43,0.43822,0.004518,0.034155,0.168553,0.989754
A,Nam2025,1,0,2.0,5,44,0.43827,0.004446,0.034217,0.168518,0.989828
A,Nam2025,1,0,2.0,5,45,0.43831,0.004514,0.03404,0.167954,0.989789
A,Nam2025,1,0,2.0,5,46,0.438395,0.004486,0.034011,0.168527,0.989784
A,Nam2025,1,0,2.0,5,47,0.438083,0.004464,0.034263,0.16694,0.989814
A,Nam2025,1,0,2.0,5,48,0.438504,0.00456,0.034171,0.166112,0.989625
A,Nam2025,1,0,2.0,5,49,0.438457,0.004437,0.03437,0.169367,0.989817
A,Nam2025,1,0,2.0,5,50,0.438305,0.004498,0.034107,0.167576,0.98975
A,Nam2025,1,0,2.0,5,51,0.438333,0.004469,0.034176,0.169271,0.989791
A,Youn2026,1,0,2.0,5,42,0.438396,0.004555,0.033958,0.167894,0.989703
A,Youn2026,1,0,2.0,5,43,0.43822,0.004518,0.034155,0.168553,0.989754
A,Youn2026,1,0,2.0,5,44,0.43827,0.004446,0.034217,0.168518,0.989828
A,Youn2026,1,0,2.0,5,45,0.43831,0.004514,0.03404,0.167954,0.989789
A,Youn2026,1,0,2.0,5,46,0.438395,0.004486,0.034011,0.168527,0.989784
A,Youn2026,1,0,2.0,5,47,0.438083,0.004464,0.034263,0.16694,0.989814
A,Youn2026,1,0,2.0,5,48,0.438504,0.00456,0.034171,0.166112,0.989625
A,Youn2026,1,0,2.0,5,49,0.438457,0.004437,0.03437,0.169367,0.989817
A,Youn2026,1,0,2.0,5,50,0.438305,0.004498,0.034107,0.167576,0.98975
A,Youn2026,1,0,2.0,5,51,0.438333,0.004469,0.034176,0.169271,0.989791
A,V2I-Base,1,0,2.0,5,42,0.438396,0.004555,0.033958,0.167894,0.989703
A,V2I-Base,1,0,2.0,5,43,0.43822,0.004518,0.034155,0.168553,0.989754
A,V2I-Base,1,0,2.0,5,44,0.43827,0.004446,0.034217,0.168518,0.989828
A,V2I-Base,1,0,2.0,5,45,0.43831,0.004514,0.03404,0.167954,0.989789
A,V2I-Base,1,0,2.0,5,46,0.438395,0.004486,0.034011,0.168527,0.989784
A,V2I-Base,1,0,2.0,5,47,0.438083,0.004464,0.034263,0.16694,0.989814
A,V2I-Base,1,0,2.0,5,48,0.438504,0.00456,0.034171,0.166112,0.989625
A,V2I-Base,1,0,2.0,5,49,0.438457,0.004437,0.03437,0.169367,0.989817
A,V2I-Base,1,0,2.0,5,50,0.438305,0.004498,0.034107,0.167576,0.98975
A,V2I-Base,1,0,2.0,5,51,0.438333,0.004469,0.034176,0.169271,0.989791
A,V2V-Base,1,0,2.0,5,42,0.999454,0.69474,7e-06,4.521877,0.989703
A,V2V-Base,1,0,2.0,5,43,0.999427,0.694713,6e-06,4.55856,0.989754
A,V2V-Base,1,0,2.0,5,44,0.999442,0.694572,6e-06,4.578225,0.989828
A,V2V-Base,1,0,2.0,5,45,0.999433,0.694663,6e-06,4.590649,0.989789
A,V2V-Base,1,0,2.0,5,46,0.999426,0.694362,7e-06,4.559189,0.989784
A,V2V-Base,1,0,2.0,5,47,0.999448,0.694848,5e-06,4.538042,0.989814
A,V2V-Base,1,0,2.0,5,48,0.999447,0.694623,7e-06,4.46435,0.989625
A,V2V-Base,1,0,2.0,5,49,0.999424,0.694592,1.3e-05,4.553212,0.989817
A,V2V-Base,1,0,2.0,5,50,0.999443,0.694809,7e-06,4.54534,0.98975
A,V2V-Base,1,0,2.0,5,51,0.999456,0.694764,3e-06,4.554321,0.989791
A,Random-K,1,0,2.0,5,42,0.999309,0.900443,0.000104,5.837957,0.989703
A,Random-K,1,0,2.0,5,43,0.999225,0.900373,0.000136,5.785862,0.989824
A,Random-K,1,0,2.0,5,44,0.999284,0.900255,7.2e-05,5.845845,0.989801
A,Random-K,1,0,2.0,5,45,0.999278,0.900265,9.9e-05,5.833465,0.989865
A,Random-K,1,0,2.0,5,46,0.999251,0.900217,0.000103,5.776723,0.989785
A,Random-K,1,0,2.0,5,47,0.999238,0.900244,9.8e-05,5.800686,0.989803
A,Random-K,1,0,2.0,5,48,0.999276,0.900209,0.00011,5.769121,0.989722
A,Random-K,1,0,2.0,5,49,0.999292,0.900366,9.9e-05,5.858712,0.989926
A,Random-K,1,0,2.0,5,50,0.999233,0.900219,9.7e-05,5.804284,0.989885
A,Random-K,1,0,2.0,5,51,0.999239,0.900294,0.000104,5.811778,0.98986
A,RILP,1,0,3.0,5,42,0.438361,0.004478,0.034206,0.165353,0.989768
A,RILP,1,0,3.0,5,43,0.438181,0.004466,0.034234,0.164757,0.989824
A,RILP,1,0,3.0,5,44,0.43852,0.004465,0.034102,0.165843,0.989801
A,RILP,1,0,3.0,5,45,0.438272,0.004431,0.03425,0.164977,0.989865
A,RILP,1,0,3.0,5,46,0.438622,0.004476,0.034141,0.165039,0.989785
A,RILP,1,0,3.0,5,47,0.438194,0.004496,0.034129,0.165095,0.989803
A,RILP,1,0,3.0,5,48,0.438246,0.004518,0.03415,0.165056,0.989722
A,RILP,1,0,3.0,5,49,0.438398,0.004418,0.034107,0.166423,0.989926
A,RILP,1,0,3.0,5,50,0.438291,0.00442,0.034091,0.16428,0.989885
A,RILP,1,0,3.0,5,51,0.438268,0.004438,0.034248,0.16625,0.98986
A,RILP-Greedy,1,0,3.0,5,42,0.438361,0.004478,0.034206,0.165353,0.989768
A,RILP-Greedy,1,0,3.0,5,43,0.438181,0.004466,0.034234,0.164757,0.989824
A,RILP-Greedy,1,0,3.0,5,44,0.43852,0.004465,0.034102,0.165843,0.989801
A,RILP-Greedy,1,0,3.0,5,45,0.438272,0.004431,0.03425,0.164977,0.989865
A,RILP-Greedy,1,0,3.0,5,46,0.438622,0.004476,0.034141,0.165039,0.989785
A,RILP-Greedy,1,0,3.0,5,47,0.438194,0.004496,0.034129,0.165095,0.989803
A,RILP-Greedy,1,0,3.0,5,48,0.438246,0.004518,0.03415,0.165056,0.989722
A,RILP-Greedy,1,0,3.0,5,49,0.438398,0.004418,0.034107,0.166423,0.989926
A,RILP-Greedy,1,0,3.0,5,50,0.438291,0.00442,0.034091,0.16428,0.989885
A,RILP-Greedy,1,0,3.0,5,51,0.438268,0.004438,0.034248,0.16625,0.98986
A,Nam2023b,1,0,3.0,5,42,0.291513,0.002964,0.197482,6.397267,0.989768
A,Nam2023b,1,0,3.0,5,43,0.29153,0.00298,0.19731,6.409959,0.989824
A,Nam2023b,1,0,3.0,5,44,0.291482,0.002965,0.197643,6.477834,0.989801
A,Nam2023b,1,0,3.0,5,45,0.291602,0.002952,0.197562,6.463679,0.989865
A,Nam2023b,1,0,3.0,5,46,0.291529,0.002984,0.197967,6.400696,0.989785
A,Nam2023b,1,0,3.0,5,47,0.291325,0.002992,0.197733,6.427243,0.989803
A,Nam2023b,1,0,3.0,5,48,0.291279,0.003027,0.198092,6.390884,0.989722
A,Nam2023b,1,0,3.0,5,49,0.291563,0.002921,0.197591,6.490169,0.989926
A,Nam2023b,1,0,3.0,5,50,0.291497,0.002932,0.1977,6.431813,0.989885
A,Nam2023b,1,0,3.0,5,51,0.291294,0.002942,0.198068,6.438197,0.98986
A,Nam2025,1,0,3.0,5,42,0.438361,0.004478,0.034206,0.165353,0.989768
A,Nam2025,1,0,3.0,5,43,0.438181,0.004466,0.034234,0.164757,0.989824
A,Nam2025,1,0,3.0,5,44,0.43852,0.004465,0.034102,0.165843,0.989801
A,Nam2025,1,0,3.0,5,45,0.438272,0.004431,0.03425,0.164977,0.989865
A,Nam2025,1,0,3.0,5,46,0.438622,0.004476,0.034141,0.165039,0.989785
A,Nam2025,1,0,3.0,5,47,0.438194,0.004496,0.034129,0.165095,0.989803
A,Nam2025,1,0,3.0,5,48,0.438246,0.004518,0.03415,0.165056,0.989722
A,Nam2025,1,0,3.0,5,49,0.438398,0.004418,0.034107,0.166423,0.989926
A,Nam2025,1,0,3.0,5,50,0.438291,0.00442,0.034091,0.16428,0.989885
A,Nam2025,1,0,3.0,5,51,0.438268,0.004438,0.034248,0.16625,0.98986
A,Youn2026,1,0,3.0,5,42,0.438361,0.004478,0.034206,0.165353,0.989768
A,Youn2026,1,0,3.0,5,43,0.438181,0.004466,0.034234,0.164757,0.989824
A,Youn2026,1,0,3.0,5,44,0.43852,0.004465,0.034102,0.165843,0.989801
A,Youn2026,1,0,3.0,5,45,0.438272,0.004431,0.03425,0.164977,0.989865
A,Youn2026,1,0,3.0,5,46,0.438622,0.004476,0.034141,0.165039,0.989785
A,Youn2026,1,0,3.0,5,47,0.438194,0.004496,0.034129,0.165095,0.989803
A,Youn2026,1,0,3.0,5,48,0.438246,0.004518,0.03415,0.165056,0.989722
A,Youn2026,1,0,3.0,5,49,0.438398,0.004418,0.034107,0.166423,0.989926
A,Youn2026,1,0,3.0,5,50,0.438291,0.00442,0.034091,0.16428,0.989885
A,Youn2026,1,0,3.0,5,51,0.438268,0.004438,0.034248,0.16625,0.98986
A,V2I-Base,1,0,3.0,5,42,0.438361,0.004478,0.034206,0.165353,0.989768
A,V2I-Base,1,0,3.0,5,43,0.438181,0.004466,0.034234,0.164757,0.989824
A,V2I-Base,1,0,3.0,5,44,0.43852,0.004465,0.034102,0.165843,0.989801
A,V2I-Base,1,0,3.0,5,45,0.438272,0.004431,0.03425,0.164977,0.989865
A,V2I-Base,1,0,3.0,5,46,0.438622,0.004476,0.034141,0.165039,0.989785
A,V2I-Base,1,0,3.0,5,47,0.438194,0.004496,0.034129,0.165095,0.989803
A,V2I-Base,1,0,3.0,5,48,0.438246,0.004518,0.03415,0.165056,0.989722
A,V2I-Base,1,0,3.0,5,49,0.438398,0.004418,0.034107,0.166423,0.989926
A,V2I-Base,1,0,3.0,5,50,0.438291,0.00442,0.034091,0.16428,0.989885
A,V2I-Base,1,0,3.0,5,51,0.438268,0.004438,0.034248,0.16625,0.98986
A,V2V-Base,1,0,3.0,5,42,0.999325,0.694545,4e-06,4.46919,0.989768
A,V2V-Base,1,0,3.0,5,43,0.999379,0.694744,5e-06,4.478344,0.989824
A,V2V-Base,1,0,3.0,5,44,0.999411,0.694716,4e-06,4.537028,0.989801
A,V2V-Base,1,0,3.0,5,45,0.999391,0.694756,5e-06,4.531731,0.989865
A,V2V-Base,1,0,3.0,5,46,0.999367,0.69449,5e-06,4.481946,0.989785
A,V2V-Base,1,0,3.0,5,47,0.9994,0.694652,4e-06,4.497949,0.989803
A,V2V-Base,1,0,3.0,5,48,0.99939,0.69486,6e-06,4.475269,0.989722
A,V2V-Base,1,0,3.0,5,49,0.999395,0.694779,7e-06,4.545542,0.989926
A,V2V-Base,1,0,3.0,5,50,0.999389,0.6946,5e-06,4.514461,0.989885
A,V2V-Base,1,0,3.0,5,51,0.999404,0.694754,4e-06,4.518742,0.98986
A,Random-K,1,0,3.0,5,42,0.999222,0.900226,0.00011,5.775245,0.989768
A,Random-K,1,0,3.0,5,43,0.999225,0.900373,0.000136,5.785862,0.989824
A,Random-K,1,0,3.0,5,44,0.999284,0.900255,7.2e-05,5.845845,0.989801
A,Random-K,1,0,3.0,5,45,0.999278,0.900265,9.9e-05,5.833465,0.989865
A,Random-K,1,0,3.0,5,46,0.999251,0.900217,0.000103,5.776723,0.989785
A,Random-K,1,0,3.0,5,47,0.999238,0.900244,9.8e-05,5.800686,0.989803
A,Random-K,1,0,3.0,5,48,0.999276,0.900209,0.00011,5.769121,0.989722
A,Random-K,1,0,3.0,5,49,0.999292,0.900366,9.9e-05,5.858712,0.989926
A,Random-K,1,0,3.0,5,50,0.999233,0.900219,9.7e-05,5.804284,0.989885
A,Random-K,1,0,3.0,5,51,0.999239,0.900294,0.000104,5.811778,0.98986
A,RILP,1,10,0.0,5,42,0.438361,0.004478,0.034206,0.165353,0.989768
A,RILP,1,10,0.0,5,43,0.438181,0.004466,0.034234,0.164757,0.989824
A,RILP,1,10,0.0,5,44,0.43852,0.004465,0.034102,0.165843,0.989801
A,RILP,1,10,0.0,5,45,0.438272,0.004431,0.03425,0.164977,0.989865
A,RILP,1,10,0.0,5,46,0.438622,0.004476,0.034141,0.165039,0.989785
A,RILP,1,10,0.0,5,47,0.438194,0.004496,0.034129,0.165095,0.989803
A,RILP,1,10,0.0,5,48,0.438246,0.004518,0.03415,0.165056,0.989722
A,RILP,1,10,0.0,5,49,0.438398,0.004418,0.034107,0.166423,0.989926
A,RILP,1,10,0.0,5,50,0.438291,0.00442,0.034091,0.16428,0.989885
A,RILP,1,10,0.0,5,51,0.438268,0.004438,0.034248,0.16625,0.98986
A,RILP-Greedy,1,10,0.0,5,42,0.438361,0.004478,0.034206,0.165353,0.989768
A,RILP-Greedy,1,10,0.0,5,43,0.438181,0.004466,0.034234,0.164757,0.989824
A,RILP-Greedy,1,10,0.0,5,44,0.43852,0.004465,0.034102,0.165843,0.989801
A,RILP-Greedy,1,10,0.0,5,45,0.438272,0.004431,0.03425,0.164977,0.989865
A,RILP-Greedy,1,10,0.0,5,46,0.438622,0.004476,0.034141,0.165039,0.989785
A,RILP-Greedy,1,10,0.0,5,47,0.438194,0.004496,0.034129,0.165095,0.989803
A,RILP-Greedy,1,10,0.0,5,48,0.438246,0.004518,0.03415,0.165056,0.989722
A,RILP-Greedy,1,10,0.0,5,49,0.438398,0.004418,0.034107,0.166423,0.989926
A,RILP-Greedy,1,10,0.0,5,50,0.438291,0.00442,0.034091,0.16428,0.989885
A,RILP-Greedy,1,10,0.0,5,51,0.438268,0.004438,0.034248,0.16625,0.98986
A,Nam2023b,1,10,0.0,5,42,0.291513,0.002964,0.197482,6.397267,0.989768
A,Nam2023b,1,10,0.0,5,43,0.29153,0.00298,0.19731,6.409959,0.989824
A,Nam2023b,1,10,0.0,5,44,0.291482,0.002965,0.197643,6.477834,0.989801
A,Nam2023b,1,10,0.0,5,45,0.291602,0.002952,0.197562,6.463679,0.989865
A,Nam2023b,1,10,0.0,5,46,0.291529,0.002984,0.197967,6.400696,0.989785
A,Nam2023b,1,10,0.0,5,47,0.291325,0.002992,0.197733,6.427243,0.989803
A,Nam2023b,1,10,0.0,5,48,0.291279,0.003027,0.198092,6.390884,0.989722
A,Nam2023b,1,10,0.0,5,49,0.291563,0.002921,0.197591,6.490169,0.989926
A,Nam2023b,1,10,0.0,5,50,0.291497,0.002932,0.1977,6.431813,0.989885
A,Nam2023b,1,10,0.0,5,51,0.291294,0.002942,0.198068,6.438197,0.98986
A,Nam2025,1,10,0.0,5,42,0.438361,0.004478,0.034206,0.165353,0.989768
A,Nam2025,1,10,0.0,5,43,0.438181,0.004466,0.034234,0.164757,0.989824
A,Nam2025,1,10,0.0,5,44,0.43852,0.004465,0.034102,0.165843,0.989801
A,Nam2025,1,10,0.0,5,45,0.438272,0.004431,0.03425,0.164977,0.989865
A,Nam2025,1,10,0.0,5,46,0.438622,0.004476,0.034141,0.165039,0.989785
A,Nam2025,1,10,0.0,5,47,0.438194,0.004496,0.034129,0.165095,0.989803
A,Nam2025,1,10,0.0,5,48,0.438246,0.004518,0.03415,0.165056,0.989722
A,Nam2025,1,10,0.0,5,49,0.438398,0.004418,0.034107,0.166423,0.989926
A,Nam2025,1,10,0.0,5,50,0.438291,0.00442,0.034091,0.16428,0.989885
A,Nam2025,1,10,0.0,5,51,0.438268,0.004438,0.034248,0.16625,0.98986
A,Youn2026,1,10,0.0,5,42,0.438361,0.004478,0.034206,0.165353,0.989768
A,Youn2026,1,10,0.0,5,43,0.438181,0.004466,0.034234,0.164757,0.989824
A,Youn2026,1,10,0.0,5,44,0.43852,0.004465,0.034102,0.165843,0.989801
A,Youn2026,1,10,0.0,5,45,0.438272,0.004431,0.03425,0.164977,0.989865
A,Youn2026,1,10,0.0,5,46,0.438622,0.004476,0.034141,0.165039,0.989785
A,Youn2026,1,10,0.0,5,47,0.438194,0.004496,0.034129,0.165095,0.989803
A,Youn2026,1,10,0.0,5,48,0.438246,0.004518,0.03415,0.165056,0.989722
A,Youn2026,1,10,0.0,5,49,0.438398,0.004418,0.034107,0.166423,0.989926
A,Youn2026,1,10,0.0,5,50,0.438291,0.00442,0.034091,0.16428,0.989885
A,Youn2026,1,10,0.0,5,51,0.438268,0.004438,0.034248,0.16625,0.98986
A,V2I-Base,1,10,0.0,5,42,0.438361,0.004478,0.034206,0.165353,0.989768
A,V2I-Base,1,10,0.0,5,43,0.438181,0.004466,0.034234,0.164757,0.989824
A,V2I-Base,1,10,0.0,5,44,0.43852,0.004465,0.034102,0.165843,0.989801
A,V2I-Base,1,10,0.0,5,45,0.438272,0.004431,0.03425,0.164977,0.989865
A,V2I-Base,1,10,0.0,5,46,0.438622,0.004476,0.034141,0.165039,0.989785
A,V2I-Base,1,10,0.0,5,47,0.438194,0.004496,0.034129,0.165095,0.989803
A,V2I-Base,1,10,0.0,5,48,0.438246,0.004518,0.03415,0.165056,0.989722
A,V2I-Base,1,10,0.0,5,49,0.438398,0.004418,0.034107,0.166423,0.989926
A,V2I-Base,1,10,0.0,5,50,0.438291,0.00442,0.034091,0.16428,0.989885
A,V2I-Base,1,10,0.0,5,51,0.438268,0.004438,0.034248,0.16625,0.98986
A,V2V-Base,1,10,0.0,5,42,0.999325,0.694545,4e-06,4.46919,0.989768
A,V2V-Base,1,10,0.0,5,43,0.999379,0.694744,5e-06,4.478344,0.989824
A,V2V-Base,1,10,0.0,5,44,0.999411,0.694716,4e-06,4.537028,0.989801
A,V2V-Base,1,10,0.0,5,45,0.999391,0.694756,5e-06,4.531731,0.989865
A,V2V-Base,1,10,0.0,5,46,0.999367,0.69449,5e-06,4.481946,0.989785
A,V2V-Base,1,10,0.0,5,47,0.9994,0.694652,4e-06,4.497949,0.989803
A,V2V-Base,1,10,0.0,5,48,0.99939,0.69486,6e-06,4.475269,0.989722
A,V2V-Base,1,10,0.0,5,49,0.999395,0.694779,7e-06,4.545542,0.989926
A,V2V-Base,1,10,0.0,5,50,0.999389,0.6946,5e-06,4.514461,0.989885
A,V2V-Base,1,10,0.0,5,51,0.999404,0.694754,4e-06,4.518742,0.98986
A,Random-K,1,10,0.0,5,42,0.999222,0.900226,0.00011,5.775245,0.989768
A,Random-K,1,10,0.0,5,43,0.999225,0.900373,0.000136,5.785862,0.989824
A,Random-K,1,10,0.0,5,44,0.999284,0.900255,7.2e-05,5.845845,0.989801
A,Random-K,1,10,0.0,5,45,0.999278,0.900265,9.9e-05,5.833465,0.989865
A,Random-K,1,10,0.0,5,46,0.999251,0.900217,0.000103,5.776723,0.989785
A,Random-K,1,10,0.0,5,47,0.999238,0.900244,9.8e-05,5.800686,0.989803
A,Random-K,1,10,0.0,5,48,0.999276,0.900209,0.00011,5.769121,0.989722
A,Random-K,1,10,0.0,5,49,0.999292,0.900366,9.9e-05,5.858712,0.989926
A,Random-K,1,10,0.0,5,50,0.999233,0.900219,9.7e-05,5.804284,0.989885
A,Random-K,1,10,0.0,5,51,0.999239,0.900294,0.000104,5.811778,0.98986
A,RILP,1,10,1.0,5,42,0.438361,0.004478,0.034206,0.165353,0.989768
A,RILP,1,10,1.0,5,43,0.438181,0.004466,0.034234,0.164757,0.989824
A,RILP,1,10,1.0,5,44,0.43852,0.004465,0.034102,0.165843,0.989801
A,RILP,1,10,1.0,5,45,0.438272,0.004431,0.03425,0.164977,0.989865
A,RILP,1,10,1.0,5,46,0.438622,0.004476,0.034141,0.165039,0.989785
A,RILP,1,10,1.0,5,47,0.438194,0.004496,0.034129,0.165095,0.989803
A,RILP,1,10,1.0,5,48,0.438246,0.004518,0.03415,0.165056,0.989722
A,RILP,1,10,1.0,5,49,0.438398,0.004418,0.034107,0.166423,0.989926
A,RILP,1,10,1.0,5,50,0.438291,0.00442,0.034091,0.16428,0.989885
A,RILP,1,10,1.0,5,51,0.438268,0.004438,0.034248,0.16625,0.98986
A,RILP-Greedy,1,10,1.0,5,42,0.438361,0.004478,0.034206,0.165353,0.989768
A,RILP-Greedy,1,10,1.0,5,43,0.438181,0.004466,0.034234,0.164757,0.989824
A,RILP-Greedy,1,10,1.0,5,44,0.43852,0.004465,0.034102,0.165843,0.989801
A,RILP-Greedy,1,10,1.0,5,45,0.438272,0.004431,0.03425,0.164977,0.989865
A,RILP-Greedy,1,10,1.0,5,46,0.438622,0.004476,0.034141,0.165039,0.989785
A,RILP-Greedy,1,10,1.0,5,47,0.438194,0.004496,0.034129,0.165095,0.989803
A,RILP-Greedy,1,10,1.0,5,48,0.438246,0.004518,0.03415,0.165056,0.989722
A,RILP-Greedy,1,10,1.0,5,49,0.438398,0.004418,0.034107,0.166423,0.989926
A,RILP-Greedy,1,10,1.0,5,50,0.438291,0.00442,0.034091,0.16428,0.989885
A,RILP-Greedy,1,10,1.0,5,51,0.438268,0.004438,0.034248,0.16625,0.98986
A,Nam2023b,1,10,1.0,5,42,0.291513,0.002964,0.197482,6.397267,0.989768
A,Nam2023b,1,10,1.0,5,43,0.29153,0.00298,0.19731,6.409959,0.989824
A,Nam2023b,1,10,1.0,5,44,0.291482,0.002965,0.197643,6.477834,0.989801
A,Nam2023b,1,10,1.0,5,45,0.291602,0.002952,0.197562,6.463679,0.989865
A,Nam2023b,1,10,1.0,5,46,0.291529,0.002984,0.197967,6.400696,0.989785
A,Nam2023b,1,10,1.0,5,47,0.291325,0.002992,0.197733,6.427243,0.989803
A,Nam2023b,1,10,1.0,5,48,0.291279,0.003027,0.198092,6.390884,0.989722
A,Nam2023b,1,10,1.0,5,49,0.291563,0.002921,0.197591,6.490169,0.989926
A,Nam2023b,1,10,1.0,5,50,0.291497,0.002932,0.1977,6.431813,0.989885
A,Nam2023b,1,10,1.0,5,51,0.291294,0.002942,0.198068,6.438197,0.98986
A,Nam2025,1,10,1.0,5,42,0.438361,0.004478,0.034206,0.165353,0.989768
A,Nam2025,1,10,1.0,5,43,0.438181,0.004466,0.034234,0.164757,0.989824
A,Nam2025,1,10,1.0,5,44,0.43852,0.004465,0.034102,0.165843,0.989801
A,Nam2025,1,10,1.0,5,45,0.438272,0.004431,0.03425,0.164977,0.989865
A,Nam2025,1,10,1.0,5,46,0.438622,0.004476,0.034141,0.165039,0.989785
A,Nam2025,1,10,1.0,5,47,0.438194,0.004496,0.034129,0.165095,0.989803
A,Nam2025,1,10,1.0,5,48,0.438246,0.004518,0.03415,0.165056,0.989722
A,Nam2025,1,10,1.0,5,49,0.438398,0.004418,0.034107,0.166423,0.989926
A,Nam2025,1,10,1.0,5,50,0.438291,0.00442,0.034091,0.16428,0.989885
A,Nam2025,1,10,1.0,5,51,0.438268,0.004438,0.034248,0.16625,0.98986
A,Youn2026,1,10,1.0,5,42,0.438361,0.004478,0.034206,0.165353,0.989768
A,Youn2026,1,10,1.0,5,43,0.438181,0.004466,0.034234,0.164757,0.989824
A,Youn2026,1,10,1.0,5,44,0.43852,0.004465,0.034102,0.165843,0.989801
A,Youn2026,1,10,1.0,5,45,0.438272,0.004431,0.03425,0.164977,0.989865
A,Youn2026,1,10,1.0,5,46,0.438622,0.004476,0.034141,0.165039,0.989785
A,Youn2026,1,10,1.0,5,47,0.438194,0.004496,0.034129,0.165095,0.989803
A,Youn2026,1,10,1.0,5,48,0.438246,0.004518,0.03415,0.165056,0.989722
A,Youn2026,1,10,1.0,5,49,0.438398,0.004418,0.034107,0.166423,0.989926
A,Youn2026,1,10,1.0,5,50,0.438291,0.00442,0.034091,0.16428,0.989885
A,Youn2026,1,10,1.0,5,51,0.438268,0.004438,0.034248,0.16625,0.98986
A,V2I-Base,1,10,1.0,5,42,0.438361,0.004478,0.034206,0.165353,0.989768
A,V2I-Base,1,10,1.0,5,43,0.438181,0.004466,0.034234,0.164757,0.989824
A,V2I-Base,1,10,1.0,5,44,0.43852,0.004465,0.034102,0.165843,0.989801
A,V2I-Base,1,10,1.0,5,45,0.438272,0.004431,0.03425,0.164977,0.989865
A,V2I-Base,1,10,1.0,5,46,0.438622,0.004476,0.034141,0.165039,0.989785
A,V2I-Base,1,10,1.0,5,47,0.438194,0.004496,0.034129,0.165095,0.989803
A,V2I-Base,1,10,1.0,5,48,0.438246,0.004518,0.03415,0.165056,0.989722
A,V2I-Base,1,10,1.0,5,49,0.438398,0.004418,0.034107,0.166423,0.989926
A,V2I-Base,1,10,1.0,5,50,0.438291,0.00442,0.034091,0.16428,0.989885
A,V2I-Base,1,10,1.0,5,51,0.438268,0.004438,0.034248,0.16625,0.98986
A,V2V-Base,1,10,1.0,5,42,0.999325,0.694545,4e-06,4.46919,0.989768
A,V2V-Base,1,10,1.0,5,43,0.999379,0.694744,5e-06,4.478344,0.989824
A,V2V-Base,1,10,1.0,5,44,0.999411,0.694716,4e-06,4.537028,0.989801
A,V2V-Base,1,10,1.0,5,45,0.999391,0.694756,5e-06,4.531731,0.989865
A,V2V-Base,1,10,1.0,5,46,0.999367,0.69449,5e-06,4.481946,0.989785
A,V2V-Base,1,10,1.0,5,47,0.9994,0.694652,4e-06,4.497949,0.989803
A,V2V-Base,1,10,1.0,5,48,0.99939,0.69486,6e-06,4.475269,0.989722
A,V2V-Base,1,10,1.0,5,49,0.999395,0.694779,7e-06,4.545542,0.989926
A,V2V-Base,1,10,1.0,5,50,0.999389,0.6946,5e-06,4.514461,0.989885
A,V2V-Base,1,10,1.0,5,51,0.999404,0.694754,4e-06,4.518742,0.98986
A,Random-K,1,10,1.0,5,42,0.999222,0.900226,0.00011,5.775245,0.989768
A,Random-K,1,10,1.0,5,43,0.999225,0.900373,0.000136,5.785862,0.989824
A,Random-K,1,10,1.0,5,44,0.999284,0.900255,7.2e-05,5.845845,0.989801
A,Random-K,1,10,1.0,5,45,0.999278,0.900265,9.9e-05,5.833465,0.989865
A,Random-K,1,10,1.0,5,46,0.999251,0.900217,0.000103,5.776723,0.989785
A,Random-K,1,10,1.0,5,47,0.999238,0.900244,9.8e-05,5.800686,0.989803
A,Random-K,1,10,1.0,5,48,0.999276,0.900209,0.00011,5.769121,0.989722
A,Random-K,1,10,1.0,5,49,0.999292,0.900366,9.9e-05,5.858712,0.989926
A,Random-K,1,10,1.0,5,50,0.999233,0.900219,9.7e-05,5.804284,0.989885
A,Random-K,1,10,1.0,5,51,0.999239,0.900294,0.000104,5.811778,0.98986
A,RILP,1,10,2.0,5,42,0.438361,0.004478,0.034206,0.165353,0.989768
A,RILP,1,10,2.0,5,43,0.438181,0.004466,0.034234,0.164757,0.989824
A,RILP,1,10,2.0,5,44,0.43852,0.004465,0.034102,0.165843,0.989801
A,RILP,1,10,2.0,5,45,0.438272,0.004431,0.03425,0.164977,0.989865
A,RILP,1,10,2.0,5,46,0.438622,0.004476,0.034141,0.165039,0.989785
A,RILP,1,10,2.0,5,47,0.438293,0.004605,0.034326,0.177963,0.989439
A,RILP,1,10,2.0,5,48,0.438365,0.004657,0.034087,0.17477,0.98941
A,RILP,1,10,2.0,5,49,0.438517,0.004638,0.034168,0.17801,0.989452
A,RILP,1,10,2.0,5,50,0.438314,0.00462,0.034258,0.175509,0.989454
A,RILP,1,10,2.0,5,51,0.438208,0.004611,0.034171,0.179382,0.989489
A,RILP-Greedy,1,10,2.0,5,42,0.438597,0.004679,0.034351,0.175499,0.989295
A,RILP-Greedy,1,10,2.0,5,43,0.438309,0.004643,0.034325,0.177918,0.989422
A,RILP-Greedy,1,10,2.0,5,44,0.43795,0.004653,0.034272,0.176346,0.989355
A,RILP-Greedy,1,10,2.0,5,45,0.438401,0.004634,0.034193,0.175347,0.989429
A,RILP-Greedy,1,10,2.0,5,46,0.438459,0.004613,0.034422,0.177733,0.989433
A,RILP-Greedy,1,10,2.0,5,47,0.438293,0.004605,0.034326,0.177963,0.989439
A,RILP-Greedy,1,10,2.0,5,48,0.438365,0.004657,0.034087,0.17477,0.98941
A,RILP-Greedy,1,10,2.0,5,49,0.438517,0.004638,0.034168,0.17801,0.989452
A,RILP-Greedy,1,10,2.0,5,50,0.438314,0.00462,0.034258,0.175509,0.989454
A,RILP-Greedy,1,10,2.0,5,51,0.438208,0.004611,0.034171,0.179382,0.989489
A,Nam2023b,1,10,2.0,5,42,0.291326,0.003114,0.198254,6.548875,0.989295
A,Nam2023b,1,10,2.0,5,43,0.291342,0.003089,0.197742,6.657918,0.989422
A,Nam2023b,1,10,2.0,5,44,0.291302,0.003122,0.197928,6.639622,0.989355
A,Nam2023b,1,10,2.0,5,45,0.291472,0.003084,0.197661,6.621673,0.989429
A,Nam2023b,1,10,2.0,5,46,0.291521,0.003049,0.197607,6.651665,0.989433
A,Nam2023b,1,10,2.0,5,47,0.291313,0.003093,0.198139,6.691924,0.989439
A,Nam2023b,1,10,2.0,5,48,0.29125,0.003104,0.197945,6.540565,0.98941
A,Nam2023b,1,10,2.0,5,49,0.291488,0.003064,0.197718,6.673054,0.989452
A,Nam2023b,1,10,2.0,5,50,0.291399,0.003079,0.197749,6.599122,0.989454
A,Nam2023b,1,10,2.0,5,51,0.291466,0.003067,0.197921,6.685175,0.989489
A,Nam2025,1,10,2.0,5,42,0.438597,0.004679,0.034351,0.175499,0.989295
A,Nam2025,1,10,2.0,5,43,0.438309,0.004643,0.034325,0.177918,0.989422
A,Nam2025,1,10,2.0,5,44,0.43795,0.004653,0.034272,0.176346,0.989355
A,Nam2025,1,10,2.0,5,45,0.438401,0.004634,0.034193,0.175347,0.989429
A,Nam2025,1,10,2.0,5,46,0.438459,0.004613,0.034422,0.177733,0.989433
A,Nam2025,1,10,2.0,5,47,0.438293,0.004605,0.034326,0.177963,0.989439
A,Nam2025,1,10,2.0,5,48,0.438365,0.004657,0.034087,0.17477,0.98941
A,Nam2025,1,10,2.0,5,49,0.438517,0.004638,0.034168,0.17801,0.989452
A,Nam2025,1,10,2.0,5,50,0.438314,0.00462,0.034258,0.175509,0.989454
A,Nam2025,1,10,2.0,5,51,0.438208,0.004611,0.034171,0.179382,0.989489
A,Youn2026,1,10,2.0,5,42,0.438597,0.004679,0.034351,0.175499,0.989295
A,Youn2026,1,10,2.0,5,43,0.438309,0.004643,0.034325,0.177918,0.989422
A,Youn2026,1,10,2.0,5,44,0.43795,0.004653,0.034272,0.176346,0.989355
A,Youn2026,1,10,2.0,5,45,0.438401,0.004634,0.034193,0.175347,0.989429
A,Youn2026,1,10,2.0,5,46,0.438459,0.004613,0.034422,0.177733,0.989433
A,Youn2026,1,10,2.0,5,47,0.438293,0.004605,0.034326,0.177963,0.989439
A,Youn2026,1,10,2.0,5,48,0.438365,0.004657,0.034087,0.17477,0.98941
A,Youn2026,1,10,2.0,5,49,0.438517,0.004638,0.034168,0.17801,0.989452
A,Youn2026,1,10,2.0,5,50,0.438314,0.00462,0.034258,0.175509,0.989454
A,Youn2026,1,10,2.0,5,51,0.438208,0.004611,0.034171,0.179382,0.989489
A,V2I-Base,1,10,2.0,5,42,0.438597,0.004679,0.034351,0.175499,0.989295
A,V2I-Base,1,10,2.0,5,43,0.438309,0.004643,0.034325,0.177918,0.989422
A,V2I-Base,1,10,2.0,5,44,0.43795,0.004653,0.034272,0.176346,0.989355
A,V2I-Base,1,10,2.0,5,45,0.438401,0.004634,0.034193,0.175347,0.989429
A,V2I-Base,1,10,2.0,5,46,0.438459,0.004613,0.034422,0.177733,0.989433
A,V2I-Base,1,10,2.0,5,47,0.438293,0.004605,0.034326,0.177963,0.989439
A,V2I-Base,1,10,2.0,5,48,0.438365,0.004657,0.034087,0.17477,0.98941
A,V2I-Base,1,10,2.0,5,49,0.438517,0.004638,0.034168,0.17801,0.989452
A,V2I-Base,1,10,2.0,5,50,0.438314,0.00462,0.034258,0.175509,0.989454
A,V2I-Base,1,10,2.0,5,51,0.438208,0.004611,0.034171,0.179382,0.989489
A,V2V-Base,1,10,2.0,5,42,0.999052,0.69341,1.1e-05,4.54905,0.989295
A,V2V-Base,1,10,2.0,5,43,0.999,0.693633,9e-06,4.634631,0.989422
A,V2V-Base,1,10,2.0,5,44,0.998974,0.693746,8e-06,4.604669,0.989355
A,V2V-Base,1,10,2.0,5,45,0.999006,0.693686,1e-05,4.605034,0.989429
A,V2V-Base,1,10,2.0,5,46,0.999085,0.693484,6e-06,4.590336,0.989433
A,V2V-Base,1,10,2.0,5,47,0.998985,0.693561,8e-06,4.643878,0.989439
A,V2V-Base,1,10,2.0,5,48,0.999033,0.693495,1e-05,4.532105,0.98941
A,V2V-Base,1,10,2.0,5,49,0.998945,0.693593,8e-06,4.621825,0.989452
A,V2V-Base,1,10,2.0,5,50,0.998921,0.693267,7e-06,4.566843,0.989454
A,V2V-Base,1,10,2.0,5,51,0.998993,0.69371,6e-06,4.630436,0.989489
A,Random-K,1,10,2.0,5,42,0.998844,0.90014,0.000199,5.911574,0.989295
A,Random-K,1,10,2.0,5,43,0.998744,0.899926,0.000159,6.009302,0.989422
A,Random-K,1,10,2.0,5,44,0.998718,0.899868,0.000166,5.990696,0.989355
A,Random-K,1,10,2.0,5,45,0.998793,0.899887,0.00019,5.976429,0.989429
A,Random-K,1,10,2.0,5,46,0.99898,0.900124,0.000187,6.004575,0.989433
A,Random-K,1,10,2.0,5,47,0.998792,0.899916,0.0002,6.042242,0.989439
A,Random-K,1,10,2.0,5,48,0.998821,0.899776,0.000188,5.9048,0.98941
A,Random-K,1,10,2.0,5,49,0.998841,0.899975,0.000191,6.0219,0.989452
A,Random-K,1,10,2.0,5,50,0.998795,0.899779,0.000183,5.957033,0.989454
A,Random-K,1,10,2.0,5,51,0.998867,0.899697,0.000143,6.034044,0.989489
A,RILP,1,10,3.0,5,42,0.438597,0.004679,0.034351,0.175499,0.989295
A,RILP,1,10,3.0,5,43,0.438309,0.004643,0.034325,0.177918,0.989422
A,RILP,1,10,3.0,5,44,0.43795,0.004653,0.034272,0.176346,0.989355
A,RILP,1,10,3.0,5,45,0.438401,0.004634,0.034193,0.175347,0.989429
A,RILP,1,10,3.0,5,46,0.438459,0.004613,0.034422,0.177733,0.989433
A,RILP,1,10,3.0,5,47,0.438293,0.004605,0.034326,0.177963,0.989439
A,RILP,1,10,3.0,5,48,0.438365,0.004657,0.034087,0.17477,0.98941
A,RILP,1,10,3.0,5,49,0.438517,0.004638,0.034168,0.17801,0.989452
A,RILP,1,10,3.0,5,50,0.438314,0.00462,0.034258,0.175509,0.989454
A,RILP,1,10,3.0,5,51,0.438208,0.004611,0.034171,0.179382,0.989489
A,RILP-Greedy,1,10,3.0,5,42,0.438597,0.004679,0.034351,0.175499,0.989295
A,RILP-Greedy,1,10,3.0,5,43,0.438309,0.004643,0.034325,0.177918,0.989422
A,RILP-Greedy,1,10,3.0,5,44,0.43795,0.004653,0.034272,0.176346,0.989355
A,RILP-Greedy,1,10,3.0,5,45,0.438401,0.004634,0.034193,0.175347,0.989429
A,RILP-Greedy,1,10,3.0,5,46,0.438459,0.004613,0.034422,0.177733,0.989433
A,RILP-Greedy,1,10,3.0,5,47,0.438293,0.004605,0.034326,0.177963,0.989439
A,RILP-Greedy,1,10,3.0,5,48,0.438365,0.004657,0.034087,0.17477,0.98941
A,RILP-Greedy,1,10,3.0,5,49,0.438517,0.004638,0.034168,0.17801,0.989452
A,RILP-Greedy,1,10,3.0,5,50,0.438314,0.00462,0.034258,0.175509,0.989454
A,RILP-Greedy,1,10,3.0,5,51,0.438208,0.004611,0.034171,0.179382,0.989489
A,Nam2023b,1,10,3.0,5,42,0.291326,0.003114,0.198254,6.548875,0.989295
A,Nam2023b,1,10,3.0,5,43,0.291342,0.003089,0.197742,6.657918,0.989422
A,Nam2023b,1,10,3.0,5,44,0.291302,0.003122,0.197928,6.639622,0.989355
A,Nam2023b,1,10,3.0,5,45,0.291472,0.003084,0.197661,6.621673,0.989429
A,Nam2023b,1,10,3.0,5,46,0.291521,0.003049,0.197607,6.651665,0.989433
A,Nam2023b,1,10,3.0,5,47,0.291313,0.003093,0.198139,6.691924,0.989439
A,Nam2023b,1,10,3.0,5,48,0.29125,0.003104,0.197945,6.540565,0.98941
A,Nam2023b,1,10,3.0,5,49,0.291488,0.003064,0.197718,6.673054,0.989452
A,Nam2023b,1,10,3.0,5,50,0.291399,0.003079,0.197749,6.599122,0.989454
A,Nam2023b,1,10,3.0,5,51,0.291466,0.003067,0.197921,6.685175,0.989489
A,Nam2025,1,10,3.0,5,42,0.438597,0.004679,0.034351,0.175499,0.989295
A,Nam2025,1,10,3.0,5,43,0.438309,0.004643,0.034325,0.177918,0.989422
A,Nam2025,1,10,3.0,5,44,0.43795,0.004653,0.034272,0.176346,0.989355
A,Nam2025,1,10,3.0,5,45,0.438401,0.004634,0.034193,0.175347,0.989429
A,Nam2025,1,10,3.0,5,46,0.438459,0.004613,0.034422,0.177733,0.989433
A,Nam2025,1,10,3.0,5,47,0.438293,0.004605,0.034326,0.177963,0.989439
A,Nam2025,1,10,3.0,5,48,0.438365,0.004657,0.034087,0.17477,0.98941
A,Nam2025,1,10,3.0,5,49,0.438517,0.004638,0.034168,0.17801,0.989452
A,Nam2025,1,10,3.0,5,50,0.438314,0.00462,0.034258,0.175509,0.989454
A,Nam2025,1,10,3.0,5,51,0.438208,0.004611,0.034171,0.179382,0.989489
A,Youn2026,1,10,3.0,5,42,0.438597,0.004679,0.034351,0.175499,0.989295
A,Youn2026,1,10,3.0,5,43,0.438309,0.004643,0.034325,0.177918,0.989422
A,Youn2026,1,10,3.0,5,44,0.43795,0.004653,0.034272,0.176346,0.989355
A,Youn2026,1,10,3.0,5,45,0.438401,0.004634,0.034193,0.175347,0.989429
A,Youn2026,1,10,3.0,5,46,0.438459,0.004613,0.034422,0.177733,0.989433
A,Youn2026,1,10,3.0,5,47,0.438293,0.004605,0.034326,0.177963,0.989439
A,Youn2026,1,10,3.0,5,48,0.438365,0.004657,0.034087,0.17477,0.98941
A,Youn2026,1,10,3.0,5,49,0.438517,0.004638,0.034168,0.17801,0.989452
A,Youn2026,1,10,3.0,5,50,0.438314,0.00462,0.034258,0.175509,0.989454
A,Youn2026,1,10,3.0,5,51,0.438208,0.004611,0.034171,0.179382,0.989489
A,V2I-Base,1,10,3.0,5,42,0.438597,0.004679,0.034351,0.175499,0.989295
A,V2I-Base,1,10,3.0,5,43,0.438309,0.004643,0.034325,0.177918,0.989422
A,V2I-Base,1,10,3.0,5,44,0.43795,0.004653,0.034272,0.176346,0.989355
A,V2I-Base,1,10,3.0,5,45,0.438401,0.004634,0.034193,0.175347,0.989429
A,V2I-Base,1,10,3.0,5,46,0.438459,0.004613,0.034422,0.177733,0.989433
A,V2I-Base,1,10,3.0,5,47,0.438293,0.004605,0.034326,0.177963,0.989439
A,V2I-Base,1,10,3.0,5,48,0.438365,0.004657,0.034087,0.17477,0.98941
A,V2I-Base,1,10,3.0,5,49,0.438517,0.004638,0.034168,0.17801,0.989452
A,V2I-Base,1,10,3.0,5,50,0.438314,0.00462,0.034258,0.175509,0.989454
A,V2I-Base,1,10,3.0,5,51,0.438208,0.004611,0.034171,0.179382,0.989489
A,V2V-Base,1,10,3.0,5,42,0.999052,0.69341,1.1e-05,4.54905,0.989295
A,V2V-Base,1,10,3.0,5,43,0.999,0.693633,9e-06,4.634631,0.989422
A,V2V-Base,1,10,3.0,5,44,0.998974,0.693746,8e-06,4.604669,0.989355
A,V2V-Base,1,10,3.0,5,45,0.999006,0.693686,1e-05,4.605034,0.989429
A,V2V-Base,1,10,3.0,5,46,0.999085,0.693484,6e-06,4.590336,0.989433
A,V2V-Base,1,10,3.0,5,47,0.998985,0.693561,8e-06,4.643878,0.989439
A,V2V-Base,1,10,3.0,5,48,0.999033,0.693495,1e-05,4.532105,0.98941
A,V2V-Base,1,10,3.0,5,49,0.998945,0.693593,8e-06,4.621825,0.989452
A,V2V-Base,1,10,3.0,5,50,0.998921,0.693267,7e-06,4.566843,0.989454
A,V2V-Base,1,10,3.0,5,51,0.998993,0.69371,6e-06,4.630436,0.989489
A,Random-K,1,10,3.0,5,42,0.998844,0.90014,0.000199,5.911574,0.989295
A,Random-K,1,10,3.0,5,43,0.998744,0.899926,0.000159,6.009302,0.989422
A,Random-K,1,10,3.0,5,44,0.998718,0.899868,0.000166,5.990696,0.989355
A,Random-K,1,10,3.0,5,45,0.998793,0.899887,0.00019,5.976429,0.989429
A,Random-K,1,10,3.0,5,46,0.99898,0.900124,0.000187,6.004575,0.989433
A,Random-K,1,10,3.0,5,47,0.998792,0.899916,0.0002,6.042242,0.989439
A,Random-K,1,10,3.0,5,48,0.998821,0.899776,0.000188,5.9048,0.98941
A,Random-K,1,10,3.0,5,49,0.998841,0.899975,0.000191,6.0219,0.989452
A,Random-K,1,10,3.0,5,50,0.998795,0.899779,0.000183,5.957033,0.989454
A,Random-K,1,10,3.0,5,51,0.998867,0.899697,0.000143,6.034044,0.989489
A,RILP,1,20,0.0,5,42,0.438597,0.004679,0.034351,0.175499,0.989295
A,RILP,1,20,0.0,5,43,0.438309,0.004643,0.034325,0.177918,0.989422
A,RILP,1,20,0.0,5,44,0.43795,0.004653,0.034272,0.176346,0.989355
A,RILP,1,20,0.0,5,45,0.438401,0.004634,0.034193,0.175347,0.989429
A,RILP,1,20,0.0,5,46,0.438459,0.004613,0.034422,0.177733,0.989433
A,RILP,1,20,0.0,5,47,0.438293,0.004605,0.034326,0.177963,0.989439
A,RILP,1,20,0.0,5,48,0.438365,0.004657,0.034087,0.17477,0.98941
A,RILP,1,20,0.0,5,49,0.438517,0.004638,0.034168,0.17801,0.989452
A,RILP,1,20,0.0,5,50,0.438314,0.00462,0.034258,0.175509,0.989454
A,RILP,1,20,0.0,5,51,0.438208,0.004611,0.034171,0.179382,0.989489
A,RILP-Greedy,1,20,0.0,5,42,0.438597,0.004679,0.034351,0.175499,0.989295
A,RILP-Greedy,1,20,0.0,5,43,0.438309,0.004643,0.034325,0.177918,0.989422
A,RILP-Greedy,1,20,0.0,5,44,0.43795,0.004653,0.034272,0.176346,0.989355
A,RILP-Greedy,1,20,0.0,5,45,0.438401,0.004634,0.034193,0.175347,0.989429
A,RILP-Greedy,1,20,0.0,5,46,0.438459,0.004613,0.034422,0.177733,0.989433
A,RILP-Greedy,1,20,0.0,5,47,0.438293,0.004605,0.034326,0.177963,0.989439
A,RILP-Greedy,1,20,0.0,5,48,0.438365,0.004657,0.034087,0.17477,0.98941
A,RILP-Greedy,1,20,0.0,5,49,0.438517,0.004638,0.034168,0.17801,0.989452
A,RILP-Greedy,1,20,0.0,5,50,0.438314,0.00462,0.034258,0.175509,0.989454
A,RILP-Greedy,1,20,0.0,5,51,0.438208,0.004611,0.034171,0.179382,0.989489
A,Nam2023b,1,20,0.0,5,42,0.291326,0.003114,0.198254,6.548875,0.989295
A,Nam2023b,1,20,0.0,5,43,0.291342,0.003089,0.197742,6.657918,0.989422
A,Nam2023b,1,20,0.0,5,44,0.291302,0.003122,0.197928,6.639622,0.989355
A,Nam2023b,1,20,0.0,5,45,0.291472,0.003084,0.197661,6.621673,0.989429
A,Nam2023b,1,20,0.0,5,46,0.291521,0.003049,0.197607,6.651665,0.989433
A,Nam2023b,1,20,0.0,5,47,0.291313,0.003093,0.198139,6.691924,0.989439
A,Nam2023b,1,20,0.0,5,48,0.29125,0.003104,0.197945,6.540565,0.98941
A,Nam2023b,1,20,0.0,5,49,0.291488,0.003064,0.197718,6.673054,0.989452
A,Nam2023b,1,20,0.0,5,50,0.291399,0.003079,0.197749,6.599122,0.989454
A,Nam2023b,1,20,0.0,5,51,0.291466,0.003067,0.197921,6.685175,0.989489
A,Nam2025,1,20,0.0,5,42,0.438597,0.004679,0.034351,0.175499,0.989295
A,Nam2025,1,20,0.0,5,43,0.438309,0.004643,0.034325,0.177918,0.989422
A,Nam2025,1,20,0.0,5,44,0.43795,0.004653,0.034272,0.176346,0.989355
A,Nam2025,1,20,0.0,5,45,0.438401,0.004634,0.034193,0.175347,0.989429
A,Nam2025,1,20,0.0,5,46,0.438459,0.004613,0.034422,0.177733,0.989433
A,Nam2025,1,20,0.0,5,47,0.438293,0.004605,0.034326,0.177963,0.989439
A,Nam2025,1,20,0.0,5,48,0.438365,0.004657,0.034087,0.17477,0.98941
A,Nam2025,1,20,0.0,5,49,0.438517,0.004638,0.034168,0.17801,0.989452
A,Nam2025,1,20,0.0,5,50,0.438314,0.00462,0.034258,0.175509,0.989454
A,Nam2025,1,20,0.0,5,51,0.438208,0.004611,0.034171,0.179382,0.989489
A,Youn2026,1,20,0.0,5,42,0.438597,0.004679,0.034351,0.175499,0.989295
A,Youn2026,1,20,0.0,5,43,0.438309,0.004643,0.034325,0.177918,0.989422
A,Youn2026,1,20,0.0,5,44,0.43795,0.004653,0.034272,0.176346,0.989355
A,Youn2026,1,20,0.0,5,45,0.438401,0.004634,0.034193,0.175347,0.989429
A,Youn2026,1,20,0.0,5,46,0.438459,0.004613,0.034422,0.177733,0.989433
A,Youn2026,1,20,0.0,5,47,0.438293,0.004605,0.034326,0.177963,0.989439
A,Youn2026,1,20,0.0,5,48,0.438365,0.004657,0.034087,0.17477,0.98941
A,Youn2026,1,20,0.0,5,49,0.438517,0.004638,0.034168,0.17801,0.989452
A,Youn2026,1,20,0.0,5,50,0.438314,0.00462,0.034258,0.175509,0.989454
A,Youn2026,1,20,0.0,5,51,0.438208,0.004611,0.034171,0.179382,0.989489
A,V2I-Base,1,20,0.0,5,42,0.438597,0.004679,0.034351,0.175499,0.989295
A,V2I-Base,1,20,0.0,5,43,0.438309,0.004643,0.034325,0.177918,0.989422
A,V2I-Base,1,20,0.0,5,44,0.43795,0.004653,0.034272,0.176346,0.989355
A,V2I-Base,1,20,0.0,5,45,0.438401,0.004634,0.034193,0.175347,0.989429
A,V2I-Base,1,20,0.0,5,46,0.438459,0.004613,0.034422,0.177733,0.989433
A,V2I-Base,1,20,0.0,5,47,0.438293,0.004605,0.034326,0.177963,0.989439
A,V2I-Base,1,20,0.0,5,48,0.438365,0.004657,0.034087,0.17477,0.98941
A,V2I-Base,1,20,0.0,5,49,0.438517,0.004638,0.034168,0.17801,0.989452
A,V2I-Base,1,20,0.0,5,50,0.438314,0.00462,0.034258,0.175509,0.989454
A,V2I-Base,1,20,0.0,5,51,0.438208,0.004611,0.034171,0.179382,0.989489
A,V2V-Base,1,20,0.0,5,42,0.999052,0.69341,1.1e-05,4.54905,0.989295
A,V2V-Base,1,20,0.0,5,43,0.999,0.693633,9e-06,4.634631,0.989422
A,V2V-Base,1,20,0.0,5,44,0.998974,0.693746,8e-06,4.604669,0.989355
A,V2V-Base,1,20,0.0,5,45,0.999006,0.693686,1e-05,4.605034,0.989429
A,V2V-Base,1,20,0.0,5,46,0.999085,0.693484,6e-06,4.590336,0.989433
A,V2V-Base,1,20,0.0,5,47,0.998985,0.693561,8e-06,4.643878,0.989439
A,V2V-Base,1,20,0.0,5,48,0.999033,0.693495,1e-05,4.532105,0.98941
A,V2V-Base,1,20,0.0,5,49,0.998945,0.693593,8e-06,4.621825,0.989452
A,V2V-Base,1,20,0.0,5,50,0.998921,0.693267,7e-06,4.566843,0.989454
A,V2V-Base,1,20,0.0,5,51,0.998993,0.69371,6e-06,4.630436,0.989489
A,Random-K,1,20,0.0,5,42,0.998844,0.90014,0.000199,5.911574,0.989295
A,Random-K,1,20,0.0,5,43,0.998744,0.899926,0.000159,6.009302,0.989422
A,Random-K,1,20,0.0,5,44,0.998718,0.899868,0.000166,5.990696,0.989355
A,Random-K,1,20,0.0,5,45,0.998793,0.899887,0.00019,5.976429,0.989429
A,Random-K,1,20,0.0,5,46,0.99898,0.900124,0.000187,6.004575,0.989433
A,Random-K,1,20,0.0,5,47,0.998792,0.899916,0.0002,6.042242,0.989439
A,Random-K,1,20,0.0,5,48,0.998821,0.899776,0.000188,5.9048,0.98941
A,Random-K,1,20,0.0,5,49,0.998841,0.899975,0.000191,6.0219,0.989452
A,Random-K,1,20,0.0,5,50,0.998795,0.899779,0.000183,5.957033,0.989454
A,Random-K,1,20,0.0,5,51,0.998867,0.899697,0.000143,6.034044,0.989489
A,RILP,1,20,1.0,5,42,0.438597,0.004679,0.034351,0.175499,0.989295
A,RILP,1,20,1.0,5,43,0.438309,0.004643,0.034325,0.177918,0.989422
A,RILP,1,20,1.0,5,44,0.43795,0.004653,0.034272,0.176346,0.989355
A,RILP,1,20,1.0,5,45,0.438401,0.004634,0.034193,0.175347,0.989429
A,RILP,1,20,1.0,5,46,0.438459,0.004613,0.034422,0.177733,0.989433
A,RILP,1,20,1.0,5,47,0.438293,0.004605,0.034326,0.177963,0.989439
A,RILP,1,20,1.0,5,48,0.438365,0.004657,0.034087,0.17477,0.98941
A,RILP,1,20,1.0,5,49,0.438517,0.004638,0.034168,0.17801,0.989452
A,RILP,1,20,1.0,5,50,0.438314,0.00462,0.034258,0.175509,0.989454
A,RILP,1,20,1.0,5,51,0.438208,0.004611,0.034171,0.179382,0.989489
A,RILP-Greedy,1,20,1.0,5,42,0.438597,0.004679,0.034351,0.175499,0.989295
A,RILP-Greedy,1,20,1.0,5,43,0.438309,0.004643,0.034325,0.177918,0.989422
A,RILP-Greedy,1,20,1.0,5,44,0.43795,0.004653,0.034272,0.176346,0.989355
A,RILP-Greedy,1,20,1.0,5,45,0.438401,0.004634,0.034193,0.175347,0.989429
A,RILP-Greedy,1,20,1.0,5,46,0.438459,0.004613,0.034422,0.177733,0.989433
A,RILP-Greedy,1,20,1.0,5,47,0.438293,0.004605,0.034326,0.177963,0.989439
A,RILP-Greedy,1,20,1.0,5,48,0.438365,0.004657,0.034087,0.17477,0.98941
A,RILP-Greedy,1,20,1.0,5,49,0.438517,0.004638,0.034168,0.17801,0.989452
A,RILP-Greedy,1,20,1.0,5,50,0.438314,0.00462,0.034258,0.175509,0.989454
A,RILP-Greedy,1,20,1.0,5,51,0.438208,0.004611,0.034171,0.179382,0.989489
A,Nam2023b,1,20,1.0,5,42,0.291326,0.003114,0.198254,6.548875,0.989295
A,Nam2023b,1,20,1.0,5,43,0.291342,0.003089,0.197742,6.657918,0.989422
A,Nam2023b,1,20,1.0,5,44,0.291302,0.003122,0.197928,6.639622,0.989355
A,Nam2023b,1,20,1.0,5,45,0.291472,0.003084,0.197661,6.621673,0.989429
A,Nam2023b,1,20,1.0,5,46,0.291521,0.003049,0.197607,6.651665,0.989433
A,Nam2023b,1,20,1.0,5,47,0.291313,0.003093,0.198139,6.691924,0.989439
A,Nam2023b,1,20,1.0,5,48,0.29125,0.003104,0.197945,6.540565,0.98941
A,Nam2023b,1,20,1.0,5,49,0.291488,0.003064,0.197718,6.673054,0.989452
A,Nam2023b,1,20,1.0,5,50,0.291399,0.003079,0.197749,6.599122,0.989454
A,Nam2023b,1,20,1.0,5,51,0.291466,0.003067,0.197921,6.685175,0.989489
A,Nam2025,1,20,1.0,5,42,0.438597,0.004679,0.034351,0.175499,0.989295
A,Nam2025,1,20,1.0,5,43,0.438309,0.004643,0.034325,0.177918,0.989422
A,Nam2025,1,20,1.0,5,44,0.43795,0.004653,0.034272,0.176346,0.989355
A,Nam2025,1,20,1.0,5,45,0.438401,0.004634,0.034193,0.175347,0.989429
A,Nam2025,1,20,1.0,5,46,0.438459,0.004613,0.034422,0.177733,0.989433
A,Nam2025,1,20,1.0,5,47,0.438293,0.004605,0.034326,0.177963,0.989439
A,Nam2025,1,20,1.0,5,48,0.438365,0.004657,0.034087,0.17477,0.98941
A,Nam2025,1,20,1.0,5,49,0.438517,0.004638,0.034168,0.17801,0.989452
A,Nam2025,1,20,1.0,5,50,0.438314,0.00462,0.034258,0.175509,0.989454
A,Nam2025,1,20,1.0,5,51,0.438208,0.004611,0.034171,0.179382,0.989489
A,Youn2026,1,20,1.0,5,42,0.438597,0.004679,0.034351,0.175499,0.989295
A,Youn2026,1,20,1.0,5,43,0.438309,0.004643,0.034325,0.177918,0.989422
A,Youn2026,1,20,1.0,5,44,0.43795,0.004653,0.034272,0.176346,0.989355
A,Youn2026,1,20,1.0,5,45,0.438401,0.004634,0.034193,0.175347,0.989429
A,Youn2026,1,20,1.0,5,46,0.438459,0.004613,0.034422,0.177733,0.989433
A,Youn2026,1,20,1.0,5,47,0.438293,0.004605,0.034326,0.177963,0.989439
A,Youn2026,1,20,1.0,5,48,0.438365,0.004657,0.034087,0.17477,0.98941
A,Youn2026,1,20,1.0,5,49,0.438517,0.004638,0.034168,0.17801,0.989452
A,Youn2026,1,20,1.0,5,50,0.438314,0.00462,0.034258,0.175509,0.989454
A,Youn2026,1,20,1.0,5,51,0.438208,0.004611,0.034171,0.179382,0.989489
A,V2I-Base,1,20,1.0,5,42,0.438597,0.004679,0.034351,0.175499,0.989295
A,V2I-Base,1,20,1.0,5,43,0.438309,0.004643,0.034325,0.177918,0.989422
A,V2I-Base,1,20,1.0,5,44,0.43795,0.004653,0.034272,0.176346,0.989355
A,V2I-Base,1,20,1.0,5,45,0.438401,0.004634,0.034193,0.175347,0.989429
A,V2I-Base,1,20,1.0,5,46,0.438459,0.004613,0.034422,0.177733,0.989433
A,V2I-Base,1,20,1.0,5,47,0.438293,0.004605,0.034326,0.177963,0.989439
A,V2I-Base,1,20,1.0,5,48,0.438365,0.004657,0.034087,0.17477,0.98941
A,V2I-Base,1,20,1.0,5,49,0.438517,0.004638,0.034168,0.17801,0.989452
A,V2I-Base,1,20,1.0,5,50,0.438314,0.00462,0.034258,0.175509,0.989454
A,V2I-Base,1,20,1.0,5,51,0.438208,0.004611,0.034171,0.179382,0.989489
A,V2V-Base,1,20,1.0,5,42,0.999052,0.69341,1.1e-05,4.54905,0.989295
A,V2V-Base,1,20,1.0,5,43,0.999,0.693633,9e-06,4.634631,0.989422
A,V2V-Base,1,20,1.0,5,44,0.998974,0.693746,8e-06,4.604669,0.989355
A,V2V-Base,1,20,1.0,5,45,0.999006,0.693686,1e-05,4.605034,0.989429
A,V2V-Base,1,20,1.0,5,46,0.999085,0.693484,6e-06,4.590336,0.989433
A,V2V-Base,1,20,1.0,5,47,0.998985,0.693561,8e-06,4.643878,0.989439
A,V2V-Base,1,20,1.0,5,48,0.999033,0.693495,1e-05,4.532105,0.98941
A,V2V-Base,1,20,1.0,5,49,0.998945,0.693593,8e-06,4.621825,0.989452
A,V2V-Base,1,20,1.0,5,50,0.998921,0.693267,7e-06,4.566843,0.989454
A,V2V-Base,1,20,1.0,5,51,0.998993,0.69371,6e-06,4.630436,0.989489
A,Random-K,1,20,1.0,5,42,0.998844,0.90014,0.000199,5.911574,0.989295
A,Random-K,1,20,1.0,5,43,0.998744,0.899926,0.000159,6.009302,0.989422
A,Random-K,1,20,1.0,5,44,0.998718,0.899868,0.000166,5.990696,0.989355
A,Random-K,1,20,1.0,5,45,0.998793,0.899887,0.00019,5.976429,0.989429
A,Random-K,1,20,1.0,5,46,0.99898,0.900124,0.000187,6.004575,0.989433
A,Random-K,1,20,1.0,5,47,0.998792,0.899916,0.0002,6.042242,0.989439
A,Random-K,1,20,1.0,5,48,0.998821,0.899776,0.000188,5.9048,0.98941
A,Random-K,1,20,1.0,5,49,0.998841,0.899975,0.000191,6.0219,0.989452
A,Random-K,1,20,1.0,5,50,0.998795,0.899779,0.000183,5.957033,0.989454
A,Random-K,1,20,1.0,5,51,0.998867,0.899697,0.000143,6.034044,0.989489
A,RILP,1,20,2.0,5,42,0.438597,0.004679,0.034351,0.175499,0.989295
A,RILP,1,20,2.0,5,43,0.438309,0.004643,0.034325,0.177918,0.989422
A,RILP,1,20,2.0,5,44,0.43795,0.004653,0.034272,0.176346,0.989355
A,RILP,1,20,2.0,5,45,0.438401,0.004634,0.034193,0.175347,0.989429
A,RILP,1,20,2.0,5,46,0.438459,0.004613,0.034422,0.177733,0.989433
A,RILP,1,20,2.0,5,47,0.438293,0.004605,0.034326,0.177963,0.989439
A,RILP,1,20,2.0,5,48,0.438365,0.004657,0.034087,0.17477,0.98941
A,RILP,1,20,2.0,5,49,0.438517,0.004638,0.034168,0.17801,0.989452
A,RILP,1,20,2.0,5,50,0.438314,0.00462,0.034258,0.175509,0.989454
A,RILP,1,20,2.0,5,51,0.438208,0.004611,0.034171,0.179382,0.989489
A,RILP-Greedy,1,20,2.0,5,42,0.438597,0.004679,0.034351,0.175499,0.989295
A,RILP-Greedy,1,20,2.0,5,43,0.438309,0.004643,0.034325,0.177918,0.989422
A,RILP-Greedy,1,20,2.0,5,44,0.43795,0.004653,0.034272,0.176346,0.989355
A,RILP-Greedy,1,20,2.0,5,45,0.438401,0.004634,0.034193,0.175347,0.989429
A,RILP-Greedy,1,20,2.0,5,46,0.438459,0.004613,0.034422,0.177733,0.989433
A,RILP-Greedy,1,20,2.0,5,47,0.438293,0.004605,0.034326,0.177963,0.989439
A,RILP-Greedy,1,20,2.0,5,48,0.438365,0.004657,0.034087,0.17477,0.98941
A,RILP-Greedy,1,20,2.0,5,49,0.438517,0.004638,0.034168,0.17801,0.989452
A,RILP-Greedy,1,20,2.0,5,50,0.438314,0.00462,0.034258,0.175509,0.989454
A,RILP-Greedy,1,20,2.0,5,51,0.438208,0.004611,0.034171,0.179382,0.989489
A,Nam2023b,1,20,2.0,5,42,0.291326,0.003114,0.198254,6.548875,0.989295
A,Nam2023b,1,20,2.0,5,43,0.291342,0.003089,0.197742,6.657918,0.989422
A,Nam2023b,1,20,2.0,5,44,0.291302,0.003122,0.197928,6.639622,0.989355
A,Nam2023b,1,20,2.0,5,45,0.291472,0.003084,0.197661,6.621673,0.989429
A,Nam2023b,1,20,2.0,5,46,0.291521,0.003049,0.197607,6.651665,0.989433
A,Nam2023b,1,20,2.0,5,47,0.291313,0.003093,0.198139,6.691924,0.989439
A,Nam2023b,1,20,2.0,5,48,0.29125,0.003104,0.197945,6.540565,0.98941
A,Nam2023b,1,20,2.0,5,49,0.291488,0.003064,0.197718,6.673054,0.989452
A,Nam2023b,1,20,2.0,5,50,0.291399,0.003079,0.197749,6.599122,0.989454
A,Nam2023b,1,20,2.0,5,51,0.291466,0.003067,0.197921,6.685175,0.989489
A,Nam2025,1,20,2.0,5,42,0.438597,0.004679,0.034351,0.175499,0.989295
A,Nam2025,1,20,2.0,5,43,0.438309,0.004643,0.034325,0.177918,0.989422
A,Nam2025,1,20,2.0,5,44,0.43795,0.004653,0.034272,0.176346,0.989355
A,Nam2025,1,20,2.0,5,45,0.438401,0.004634,0.034193,0.175347,0.989429
A,Nam2025,1,20,2.0,5,46,0.438459,0.004613,0.034422,0.177733,0.989433
A,Nam2025,1,20,2.0,5,47,0.438293,0.004605,0.034326,0.177963,0.989439
A,Nam2025,1,20,2.0,5,48,0.438365,0.004657,0.034087,0.17477,0.98941
A,Nam2025,1,20,2.0,5,49,0.438517,0.004638,0.034168,0.17801,0.989452
A,Nam2025,1,20,2.0,5,50,0.438314,0.00462,0.034258,0.175509,0.989454
A,Nam2025,1,20,2.0,5,51,0.438208,0.004611,0.034171,0.179382,0.989489
A,Youn2026,1,20,2.0,5,42,0.438597,0.004679,0.034351,0.175499,0.989295
A,Youn2026,1,20,2.0,5,43,0.438309,0.004643,0.034325,0.177918,0.989422
A,Youn2026,1,20,2.0,5,44,0.43795,0.004653,0.034272,0.176346,0.989355
A,Youn2026,1,20,2.0,5,45,0.438401,0.004634,0.034193,0.175347,0.989429
A,Youn2026,1,20,2.0,5,46,0.438459,0.004613,0.034422,0.177733,0.989433
A,Youn2026,1,20,2.0,5,47,0.438293,0.004605,0.034326,0.177963,0.989439
A,Youn2026,1,20,2.0,5,48,0.438365,0.004657,0.034087,0.17477,0.98941
A,Youn2026,1,20,2.0,5,49,0.438517,0.004638,0.034168,0.17801,0.989452
A,Youn2026,1,20,2.0,5,50,0.438314,0.00462,0.034258,0.175509,0.989454
A,Youn2026,1,20,2.0,5,51,0.438208,0.004611,0.034171,0.179382,0.989489
A,V2I-Base,1,20,2.0,5,42,0.438597,0.004679,0.034351,0.175499,0.989295
A,V2I-Base,1,20,2.0,5,43,0.438309,0.004643,0.034325,0.177918,0.989422
A,V2I-Base,1,20,2.0,5,44,0.43795,0.004653,0.034272,0.176346,0.989355
A,V2I-Base,1,20,2.0,5,45,0.438401,0.004634,0.034193,0.175347,0.989429
A,V2I-Base,1,20,2.0,5,46,0.438459,0.004613,0.034422,0.177733,0.989433
A,V2I-Base,1,20,2.0,5,47,0.438293,0.004605,0.034326,0.177963,0.989439
A,V2I-Base,1,20,2.0,5,48,0.438365,0.004657,0.034087,0.17477,0.98941
A,V2I-Base,1,20,2.0,5,49,0.438517,0.004638,0.034168,0.17801,0.989452
A,V2I-Base,1,20,2.0,5,50,0.438314,0.00462,0.034258,0.175509,0.989454
A,V2I-Base,1,20,2.0,5,51,0.438208,0.004611,0.034171,0.179382,0.989489
A,V2V-Base,1,20,2.0,5,42,0.999052,0.69341,1.1e-05,4.54905,0.989295
A,V2V-Base,1,20,2.0,5,43,0.999,0.693633,9e-06,4.634631,0.989422
A,V2V-Base,1,20,2.0,5,44,0.998974,0.693746,8e-06,4.604669,0.989355
A,V2V-Base,1,20,2.0,5,45,0.999006,0.693686,1e-05,4.605034,0.989429
A,V2V-Base,1,20,2.0,5,46,0.999085,0.693484,6e-06,4.590336,0.989433
A,V2V-Base,1,20,2.0,5,47,0.998985,0.693561,8e-06,4.643878,0.989439
A,V2V-Base,1,20,2.0,5,48,0.999033,0.693495,1e-05,4.532105,0.98941
A,V2V-Base,1,20,2.0,5,49,0.998945,0.693593,8e-06,4.621825,0.989452
A,V2V-Base,1,20,2.0,5,50,0.998921,0.693267,7e-06,4.566843,0.989454
A,V2V-Base,1,20,2.0,5,51,0.998993,0.69371,6e-06,4.630436,0.989489
A,Random-K,1,20,2.0,5,42,0.998844,0.90014,0.000199,5.911574,0.989295
A,Random-K,1,20,2.0,5,43,0.998744,0.899926,0.000159,6.009302,0.989422
A,Random-K,1,20,2.0,5,44,0.998718,0.899868,0.000166,5.990696,0.989355
A,Random-K,1,20,2.0,5,45,0.998793,0.899887,0.00019,5.976429,0.989429
A,Random-K,1,20,2.0,5,46,0.99898,0.900124,0.000187,6.004575,0.989433
A,Random-K,1,20,2.0,5,47,0.998792,0.899916,0.0002,6.042242,0.989439
A,Random-K,1,20,2.0,5,48,0.998821,0.899776,0.000188,5.9048,0.98941
A,Random-K,1,20,2.0,5,49,0.998841,0.899975,0.000191,6.0219,0.989452
A,Random-K,1,20,2.0,5,50,0.998795,0.899779,0.000183,5.957033,0.989454
A,Random-K,1,20,2.0,5,51,0.998867,0.899697,0.000143,6.034044,0.989489
A,RILP,1,20,3.0,5,42,0.438597,0.004679,0.034351,0.175499,0.989295
A,RILP,1,20,3.0,5,43,0.438309,0.004643,0.034325,0.177918,0.989422
A,RILP,1,20,3.0,5,44,0.43795,0.004653,0.034272,0.176346,0.989355
A,RILP,1,20,3.0,5,45,0.438401,0.004634,0.034193,0.175347,0.989429
A,RILP,1,20,3.0,5,46,0.438459,0.004613,0.034422,0.177733,0.989433
A,RILP,1,20,3.0,5,47,0.438293,0.004605,0.034326,0.177963,0.989439
A,RILP,1,20,3.0,5,48,0.438365,0.004657,0.034087,0.17477,0.98941
A,RILP,1,20,3.0,5,49,0.438517,0.004638,0.034168,0.17801,0.989452
A,RILP,1,20,3.0,5,50,0.438314,0.00462,0.034258,0.175509,0.989454
A,RILP,1,20,3.0,5,51,0.438208,0.004611,0.034171,0.179382,0.989489
A,RILP-Greedy,1,20,3.0,5,42,0.438597,0.004679,0.034351,0.175499,0.989295
A,RILP-Greedy,1,20,3.0,5,43,0.438309,0.004643,0.034325,0.177918,0.989422
A,RILP-Greedy,1,20,3.0,5,44,0.43795,0.004653,0.034272,0.176346,0.989355
A,RILP-Greedy,1,20,3.0,5,45,0.438401,0.004634,0.034193,0.175347,0.989429
A,RILP-Greedy,1,20,3.0,5,46,0.438459,0.004613,0.034422,0.177733,0.989433
A,RILP-Greedy,1,20,3.0,5,47,0.438293,0.004605,0.034326,0.177963,0.989439
A,RILP-Greedy,1,20,3.0,5,48,0.438365,0.004657,0.034087,0.17477,0.98941
A,RILP-Greedy,1,20,3.0,5,49,0.438517,0.004638,0.034168,0.17801,0.989452
A,RILP-Greedy,1,20,3.0,5,50,0.438314,0.00462,0.034258,0.175509,0.989454
A,RILP-Greedy,1,20,3.0,5,51,0.438208,0.004611,0.034171,0.179382,0.989489
A,Nam2023b,1,20,3.0,5,42,0.291326,0.003114,0.198254,6.548875,0.989295
A,Nam2023b,1,20,3.0,5,43,0.291342,0.003089,0.197742,6.657918,0.989422
A,Nam2023b,1,20,3.0,5,44,0.291302,0.003122,0.197928,6.639622,0.989355
A,Nam2023b,1,20,3.0,5,45,0.291472,0.003084,0.197661,6.621673,0.989429
A,Nam2023b,1,20,3.0,5,46,0.291521,0.003049,0.197607,6.651665,0.989433
A,Nam2023b,1,20,3.0,5,47,0.291313,0.003093,0.198139,6.691924,0.989439
A,Nam2023b,1,20,3.0,5,48,0.29125,0.003104,0.197945,6.540565,0.98941
A,Nam2023b,1,20,3.0,5,49,0.291488,0.003064,0.197718,6.673054,0.989452
A,Nam2023b,1,20,3.0,5,50,0.291399,0.003079,0.197749,6.599122,0.989454
A,Nam2023b,1,20,3.0,5,51,0.291466,0.003067,0.197921,6.685175,0.989489
A,Nam2025,1,20,3.0,5,42,0.438597,0.004679,0.034351,0.175499,0.989295
A,Nam2025,1,20,3.0,5,43,0.438309,0.004643,0.034325,0.177918,0.989422
A,Nam2025,1,20,3.0,5,44,0.43795,0.004653,0.034272,0.176346,0.989355
A,Nam2025,1,20,3.0,5,45,0.438401,0.004634,0.034193,0.175347,0.989429
A,Nam2025,1,20,3.0,5,46,0.438459,0.004613,0.034422,0.177733,0.989433
A,Nam2025,1,20,3.0,5,47,0.438293,0.004605,0.034326,0.177963,0.989439
A,Nam2025,1,20,3.0,5,48,0.438365,0.004657,0.034087,0.17477,0.98941
A,Nam2025,1,20,3.0,5,49,0.438517,0.004638,0.034168,0.17801,0.989452
A,Nam2025,1,20,3.0,5,50,0.438314,0.00462,0.034258,0.175509,0.989454
A,Nam2025,1,20,3.0,5,51,0.438208,0.004611,0.034171,0.179382,0.989489
A,Youn2026,1,20,3.0,5,42,0.438597,0.004679,0.034351,0.175499,0.989295
A,Youn2026,1,20,3.0,5,43,0.438309,0.004643,0.034325,0.177918,0.989422
A,Youn2026,1,20,3.0,5,44,0.43795,0.004653,0.034272,0.176346,0.989355
A,Youn2026,1,20,3.0,5,45,0.438401,0.004634,0.034193,0.175347,0.989429
A,Youn2026,1,20,3.0,5,46,0.438459,0.004613,0.034422,0.177733,0.989433
A,Youn2026,1,20,3.0,5,47,0.438293,0.004605,0.034326,0.177963,0.989439
A,Youn2026,1,20,3.0,5,48,0.438365,0.004657,0.034087,0.17477,0.98941
A,Youn2026,1,20,3.0,5,49,0.438517,0.004638,0.034168,0.17801,0.989452
A,Youn2026,1,20,3.0,5,50,0.438314,0.00462,0.034258,0.175509,0.989454
A,Youn2026,1,20,3.0,5,51,0.438208,0.004611,0.034171,0.179382,0.989489
A,V2I-Base,1,20,3.0,5,42,0.438597,0.004679,0.034351,0.175499,0.989295
A,V2I-Base,1,20,3.0,5,43,0.438309,0.004643,0.034325,0.177918,0.989422
A,V2I-Base,1,20,3.0,5,44,0.43795,0.004653,0.034272,0.176346,0.989355
A,V2I-Base,1,20,3.0,5,45,0.438401,0.004634,0.034193,0.175347,0.989429
A,V2I-Base,1,20,3.0,5,46,0.438459,0.004613,0.034422,0.177733,0.989433
A,V2I-Base,1,20,3.0,5,47,0.438293,0.004605,0.034326,0.177963,0.989439
A,V2I-Base,1,20,3.0,5,48,0.438365,0.004657,0.034087,0.17477,0.98941
A,V2I-Base,1,20,3.0,5,49,0.438517,0.004638,0.034168,0.17801,0.989452
A,V2I-Base,1,20,3.0,5,50,0.438314,0.00462,0.034258,0.175509,0.989454
A,V2I-Base,1,20,3.0,5,51,0.438208,0.004611,0.034171,0.179382,0.989489
A,V2V-Base,1,20,3.0,5,42,0.999052,0.69341,1.1e-05,4.54905,0.989295
A,V2V-Base,1,20,3.0,5,43,0.999,0.693633,9e-06,4.634631,0.989422
A,V2V-Base,1,20,3.0,5,44,0.998974,0.693746,8e-06,4.604669,0.989355
A,V2V-Base,1,20,3.0,5,45,0.999006,0.693686,1e-05,4.605034,0.989429
A,V2V-Base,1,20,3.0,5,46,0.999085,0.693484,6e-06,4.590336,0.989433
A,V2V-Base,1,20,3.0,5,47,0.998985,0.693561,8e-06,4.643878,0.989439
A,V2V-Base,1,20,3.0,5,48,0.999033,0.693495,1e-05,4.532105,0.98941
A,V2V-Base,1,20,3.0,5,49,0.998945,0.693593,8e-06,4.621825,0.989452
A,V2V-Base,1,20,3.0,5,50,0.998921,0.693267,7e-06,4.566843,0.989454
A,V2V-Base,1,20,3.0,5,51,0.998993,0.69371,6e-06,4.630436,0.989489
A,Random-K,1,20,3.0,5,42,0.998844,0.90014,0.000199,5.911574,0.989295
A,Random-K,1,20,3.0,5,43,0.998744,0.899926,0.000159,6.009302,0.989422
A,Random-K,1,20,3.0,5,44,0.998718,0.899868,0.000166,5.990696,0.989355
A,Random-K,1,20,3.0,5,45,0.998793,0.899887,0.00019,5.976429,0.989429
A,Random-K,1,20,3.0,5,46,0.99898,0.900124,0.000187,6.004575,0.989433
A,Random-K,1,20,3.0,5,47,0.998792,0.899916,0.0002,6.042242,0.989439
A,Random-K,1,20,3.0,5,48,0.998821,0.899776,0.000188,5.9048,0.98941
A,Random-K,1,20,3.0,5,49,0.998841,0.899975,0.000191,6.0219,0.989452
A,Random-K,1,20,3.0,5,50,0.998795,0.899779,0.000183,5.957033,0.989454
A,Random-K,1,20,3.0,5,51,0.998867,0.899697,0.000143,6.034044,0.989489
A,RILP,1,30,0.0,5,42,0.438597,0.004679,0.034351,0.175499,0.989295
A,RILP,1,30,0.0,5,43,0.438309,0.004643,0.034325,0.177918,0.989422
A,RILP,1,30,0.0,5,44,0.43795,0.004653,0.034272,0.176346,0.989355
A,RILP,1,30,0.0,5,45,0.438401,0.004634,0.034193,0.175347,0.989429
A,RILP,1,30,0.0,5,46,0.438459,0.004613,0.034422,0.177733,0.989433
A,RILP,1,30,0.0,5,47,0.438293,0.004605,0.034326,0.177963,0.989439
A,RILP,1,30,0.0,5,48,0.438365,0.004657,0.034087,0.17477,0.98941
A,RILP,1,30,0.0,5,49,0.438517,0.004638,0.034168,0.17801,0.989452
A,RILP,1,30,0.0,5,50,0.438314,0.00462,0.034258,0.175509,0.989454
A,RILP,1,30,0.0,5,51,0.438208,0.004611,0.034171,0.179382,0.989489
A,RILP-Greedy,1,30,0.0,5,42,0.438597,0.004679,0.034351,0.175499,0.989295
A,RILP-Greedy,1,30,0.0,5,43,0.438309,0.004643,0.034325,0.177918,0.989422
A,RILP-Greedy,1,30,0.0,5,44,0.43795,0.004653,0.034272,0.176346,0.989355
A,RILP-Greedy,1,30,0.0,5,45,0.438401,0.004634,0.034193,0.175347,0.989429
A,RILP-Greedy,1,30,0.0,5,46,0.438459,0.004613,0.034422,0.177733,0.989433
A,RILP-Greedy,1,30,0.0,5,47,0.438293,0.004605,0.034326,0.177963,0.989439
A,RILP-Greedy,1,30,0.0,5,48,0.438365,0.004657,0.034087,0.17477,0.98941
A,RILP-Greedy,1,30,0.0,5,49,0.438517,0.004638,0.034168,0.17801,0.989452
A,RILP-Greedy,1,30,0.0,5,50,0.438314,0.00462,0.034258,0.175509,0.989454
A,RILP-Greedy,1,30,0.0,5,51,0.438208,0.004611,0.034171,0.179382,0.989489
A,Nam2023b,1,30,0.0,5,42,0.291326,0.003114,0.198254,6.548875,0.989295
A,Nam2023b,1,30,0.0,5,43,0.291342,0.003089,0.197742,6.657918,0.989422
A,Nam2023b,1,30,0.0,5,44,0.291302,0.003122,0.197928,6.639622,0.989355
A,Nam2023b,1,30,0.0,5,45,0.291472,0.003084,0.197661,6.621673,0.989429
A,Nam2023b,1,30,0.0,5,46,0.291521,0.003049,0.197607,6.651665,0.989433
A,Nam2023b,1,30,0.0,5,47,0.291313,0.003093,0.198139,6.691924,0.989439
A,Nam2023b,1,30,0.0,5,48,0.29125,0.003104,0.197945,6.540565,0.98941
A,Nam2023b,1,30,0.0,5,49,0.291488,0.003064,0.197718,6.673054,0.989452
A,Nam2023b,1,30,0.0,5,50,0.291399,0.003079,0.197749,6.599122,0.989454
A,Nam2023b,1,30,0.0,5,51,0.291466,0.003067,0.197921,6.685175,0.989489
A,Nam2025,1,30,0.0,5,42,0.438597,0.004679,0.034351,0.175499,0.989295
A,Nam2025,1,30,0.0,5,43,0.438309,0.004643,0.034325,0.177918,0.989422
A,Nam2025,1,30,0.0,5,44,0.43795,0.004653,0.034272,0.176346,0.989355
A,Nam2025,1,30,0.0,5,45,0.438401,0.004634,0.034193,0.175347,0.989429
A,Nam2025,1,30,0.0,5,46,0.438459,0.004613,0.034422,0.177733,0.989433
A,Nam2025,1,30,0.0,5,47,0.438293,0.004605,0.034326,0.177963,0.989439
A,Nam2025,1,30,0.0,5,48,0.438365,0.004657,0.034087,0.17477,0.98941
A,Nam2025,1,30,0.0,5,49,0.438517,0.004638,0.034168,0.17801,0.989452
A,Nam2025,1,30,0.0,5,50,0.438314,0.00462,0.034258,0.175509,0.989454
A,Nam2025,1,30,0.0,5,51,0.438208,0.004611,0.034171,0.179382,0.989489
A,Youn2026,1,30,0.0,5,42,0.438597,0.004679,0.034351,0.175499,0.989295
A,Youn2026,1,30,0.0,5,43,0.438309,0.004643,0.034325,0.177918,0.989422
A,Youn2026,1,30,0.0,5,44,0.43795,0.004653,0.034272,0.176346,0.989355
A,Youn2026,1,30,0.0,5,45,0.438401,0.004634,0.034193,0.175347,0.989429
A,Youn2026,1,30,0.0,5,46,0.438459,0.004613,0.034422,0.177733,0.989433
A,Youn2026,1,30,0.0,5,47,0.438293,0.004605,0.034326,0.177963,0.989439
A,Youn2026,1,30,0.0,5,48,0.438365,0.004657,0.034087,0.17477,0.98941
A,Youn2026,1,30,0.0,5,49,0.438517,0.004638,0.034168,0.17801,0.989452
A,Youn2026,1,30,0.0,5,50,0.438314,0.00462,0.034258,0.175509,0.989454
A,Youn2026,1,30,0.0,5,51,0.438208,0.004611,0.034171,0.179382,0.989489
A,V2I-Base,1,30,0.0,5,42,0.438597,0.004679,0.034351,0.175499,0.989295
A,V2I-Base,1,30,0.0,5,43,0.438309,0.004643,0.034325,0.177918,0.989422
A,V2I-Base,1,30,0.0,5,44,0.43795,0.004653,0.034272,0.176346,0.989355
A,V2I-Base,1,30,0.0,5,45,0.438401,0.004634,0.034193,0.175347,0.989429
A,V2I-Base,1,30,0.0,5,46,0.438459,0.004613,0.034422,0.177733,0.989433
A,V2I-Base,1,30,0.0,5,47,0.438293,0.004605,0.034326,0.177963,0.989439
A,V2I-Base,1,30,0.0,5,48,0.438365,0.004657,0.034087,0.17477,0.98941
A,V2I-Base,1,30,0.0,5,49,0.438517,0.004638,0.034168,0.17801,0.989452
A,V2I-Base,1,30,0.0,5,50,0.438314,0.00462,0.034258,0.175509,0.989454
A,V2I-Base,1,30,0.0,5,51,0.438208,0.004611,0.034171,0.179382,0.989489
A,V2V-Base,1,30,0.0,5,42,0.999052,0.69341,1.1e-05,4.54905,0.989295
A,V2V-Base,1,30,0.0,5,43,0.999,0.693633,9e-06,4.634631,0.989422
A,V2V-Base,1,30,0.0,5,44,0.998974,0.693746,8e-06,4.604669,0.989355
A,V2V-Base,1,30,0.0,5,45,0.999006,0.693686,1e-05,4.605034,0.989429
A,V2V-Base,1,30,0.0,5,46,0.999085,0.693484,6e-06,4.590336,0.989433
A,V2V-Base,1,30,0.0,5,47,0.998985,0.693561,8e-06,4.643878,0.989439
A,V2V-Base,1,30,0.0,5,48,0.999033,0.693495,1e-05,4.532105,0.98941
A,V2V-Base,1,30,0.0,5,49,0.998945,0.693593,8e-06,4.621825,0.989452
A,V2V-Base,1,30,0.0,5,50,0.998921,0.693267,7e-06,4.566843,0.989454
A,V2V-Base,1,30,0.0,5,51,0.998993,0.69371,6e-06,4.630436,0.989489
A,Random-K,1,30,0.0,5,42,0.998844,0.90014,0.000199,5.911574,0.989295
A,Random-K,1,30,0.0,5,43,0.998744,0.899926,0.000159,6.009302,0.989422
A,Random-K,1,30,0.0,5,44,0.998718,0.899868,0.000166,5.990696,0.989355
A,Random-K,1,30,0.0,5,45,0.998793,0.899887,0.00019,5.976429,0.989429
A,Random-K,1,30,0.0,5,46,0.99898,0.900124,0.000187,6.004575,0.989433
A,Random-K,1,30,0.0,5,47,0.998792,0.899916,0.0002,6.042242,0.989439
A,Random-K,1,30,0.0,5,48,0.998821,0.899776,0.000188,5.9048,0.98941
A,Random-K,1,30,0.0,5,49,0.998841,0.899975,0.000191,6.0219,0.989452
A,Random-K,1,30,0.0,5,50,0.998795,0.899779,0.000183,5.957033,0.989454
A,Random-K,1,30,0.0,5,51,0.998867,0.899697,0.000143,6.034044,0.989489
A,RILP,1,30,1.0,5,42,0.438597,0.004679,0.034351,0.175499,0.989295
A,RILP,1,30,1.0,5,43,0.438309,0.004643,0.034325,0.177918,0.989422
A,RILP,1,30,1.0,5,44,0.43795,0.004653,0.034272,0.176346,0.989355
A,RILP,1,30,1.0,5,45,0.438401,0.004634,0.034193,0.175347,0.989429
A,RILP,1,30,1.0,5,46,0.438459,0.004613,0.034422,0.177733,0.989433
A,RILP,1,30,1.0,5,47,0.438293,0.004605,0.034326,0.177963,0.989439
A,RILP,1,30,1.0,5,48,0.438365,0.004657,0.034087,0.17477,0.98941
A,RILP,1,30,1.0,5,49,0.438517,0.004638,0.034168,0.17801,0.989452
A,RILP,1,30,1.0,5,50,0.438314,0.00462,0.034258,0.175509,0.989454
A,RILP,1,30,1.0,5,51,0.438208,0.004611,0.034171,0.179382,0.989489
A,RILP-Greedy,1,30,1.0,5,42,0.438597,0.004679,0.034351,0.175499,0.989295
A,RILP-Greedy,1,30,1.0,5,43,0.438309,0.004643,0.034325,0.177918,0.989422
A,RILP-Greedy,1,30,1.0,5,44,0.43795,0.004653,0.034272,0.176346,0.989355
A,RILP-Greedy,1,30,1.0,5,45,0.438401,0.004634,0.034193,0.175347,0.989429
A,RILP-Greedy,1,30,1.0,5,46,0.438459,0.004613,0.034422,0.177733,0.989433
A,RILP-Greedy,1,30,1.0,5,47,0.438293,0.004605,0.034326,0.177963,0.989439
A,RILP-Greedy,1,30,1.0,5,48,0.438365,0.004657,0.034087,0.17477,0.98941
A,RILP-Greedy,1,30,1.0,5,49,0.438517,0.004638,0.034168,0.17801,0.989452
A,RILP-Greedy,1,30,1.0,5,50,0.438314,0.00462,0.034258,0.175509,0.989454
A,RILP-Greedy,1,30,1.0,5,51,0.438208,0.004611,0.034171,0.179382,0.989489
A,Nam2023b,1,30,1.0,5,42,0.291326,0.003114,0.198254,6.548875,0.989295
A,Nam2023b,1,30,1.0,5,43,0.291342,0.003089,0.197742,6.657918,0.989422
A,Nam2023b,1,30,1.0,5,44,0.291302,0.003122,0.197928,6.639622,0.989355
A,Nam2023b,1,30,1.0,5,45,0.291472,0.003084,0.197661,6.621673,0.989429
A,Nam2023b,1,30,1.0,5,46,0.291521,0.003049,0.197607,6.651665,0.989433
A,Nam2023b,1,30,1.0,5,47,0.291313,0.003093,0.198139,6.691924,0.989439
A,Nam2023b,1,30,1.0,5,48,0.29125,0.003104,0.197945,6.540565,0.98941
A,Nam2023b,1,30,1.0,5,49,0.291488,0.003064,0.197718,6.673054,0.989452
A,Nam2023b,1,30,1.0,5,50,0.291399,0.003079,0.197749,6.599122,0.989454
A,Nam2023b,1,30,1.0,5,51,0.291466,0.003067,0.197921,6.685175,0.989489
A,Nam2025,1,30,1.0,5,42,0.438597,0.004679,0.034351,0.175499,0.989295
A,Nam2025,1,30,1.0,5,43,0.438309,0.004643,0.034325,0.177918,0.989422
A,Nam2025,1,30,1.0,5,44,0.43795,0.004653,0.034272,0.176346,0.989355
A,Nam2025,1,30,1.0,5,45,0.438401,0.004634,0.034193,0.175347,0.989429
A,Nam2025,1,30,1.0,5,46,0.438459,0.004613,0.034422,0.177733,0.989433
A,Nam2025,1,30,1.0,5,47,0.438293,0.004605,0.034326,0.177963,0.989439
A,Nam2025,1,30,1.0,5,48,0.438365,0.004657,0.034087,0.17477,0.98941
A,Nam2025,1,30,1.0,5,49,0.438517,0.004638,0.034168,0.17801,0.989452
A,Nam2025,1,30,1.0,5,50,0.438314,0.00462,0.034258,0.175509,0.989454
A,Nam2025,1,30,1.0,5,51,0.438208,0.004611,0.034171,0.179382,0.989489
A,Youn2026,1,30,1.0,5,42,0.438597,0.004679,0.034351,0.175499,0.989295
A,Youn2026,1,30,1.0,5,43,0.438309,0.004643,0.034325,0.177918,0.989422
A,Youn2026,1,30,1.0,5,44,0.43795,0.004653,0.034272,0.176346,0.989355
A,Youn2026,1,30,1.0,5,45,0.438401,0.004634,0.034193,0.175347,0.989429
A,Youn2026,1,30,1.0,5,46,0.438459,0.004613,0.034422,0.177733,0.989433
A,Youn2026,1,30,1.0,5,47,0.438293,0.004605,0.034326,0.177963,0.989439
A,Youn2026,1,30,1.0,5,48,0.438365,0.004657,0.034087,0.17477,0.98941
A,Youn2026,1,30,1.0,5,49,0.438517,0.004638,0.034168,0.17801,0.989452
A,Youn2026,1,30,1.0,5,50,0.438314,0.00462,0.034258,0.175509,0.989454
A,Youn2026,1,30,1.0,5,51,0.438208,0.004611,0.034171,0.179382,0.989489
A,V2I-Base,1,30,1.0,5,42,0.438597,0.004679,0.034351,0.175499,0.989295
A,V2I-Base,1,30,1.0,5,43,0.438309,0.004643,0.034325,0.177918,0.989422
A,V2I-Base,1,30,1.0,5,44,0.43795,0.004653,0.034272,0.176346,0.989355
A,V2I-Base,1,30,1.0,5,45,0.438401,0.004634,0.034193,0.175347,0.989429
A,V2I-Base,1,30,1.0,5,46,0.438459,0.004613,0.034422,0.177733,0.989433
A,V2I-Base,1,30,1.0,5,47,0.438293,0.004605,0.034326,0.177963,0.989439
A,V2I-Base,1,30,1.0,5,48,0.438365,0.004657,0.034087,0.17477,0.98941
A,V2I-Base,1,30,1.0,5,49,0.438517,0.004638,0.034168,0.17801,0.989452
A,V2I-Base,1,30,1.0,5,50,0.438314,0.00462,0.034258,0.175509,0.989454
A,V2I-Base,1,30,1.0,5,51,0.438208,0.004611,0.034171,0.179382,0.989489
A,V2V-Base,1,30,1.0,5,42,0.999052,0.69341,1.1e-05,4.54905,0.989295
A,V2V-Base,1,30,1.0,5,43,0.999,0.693633,9e-06,4.634631,0.989422
A,V2V-Base,1,30,1.0,5,44,0.998974,0.693746,8e-06,4.604669,0.989355
A,V2V-Base,1,30,1.0,5,45,0.999006,0.693686,1e-05,4.605034,0.989429
A,V2V-Base,1,30,1.0,5,46,0.999085,0.693484,6e-06,4.590336,0.989433
A,V2V-Base,1,30,1.0,5,47,0.998985,0.693561,8e-06,4.643878,0.989439
A,V2V-Base,1,30,1.0,5,48,0.999033,0.693495,1e-05,4.532105,0.98941
A,V2V-Base,1,30,1.0,5,49,0.998945,0.693593,8e-06,4.621825,0.989452
A,V2V-Base,1,30,1.0,5,50,0.998921,0.693267,7e-06,4.566843,0.989454
A,V2V-Base,1,30,1.0,5,51,0.998993,0.69371,6e-06,4.630436,0.989489
A,Random-K,1,30,1.0,5,42,0.998844,0.90014,0.000199,5.911574,0.989295
A,Random-K,1,30,1.0,5,43,0.998744,0.899926,0.000159,6.009302,0.989422
A,Random-K,1,30,1.0,5,44,0.998718,0.899868,0.000166,5.990696,0.989355
A,Random-K,1,30,1.0,5,45,0.998793,0.899887,0.00019,5.976429,0.989429
A,Random-K,1,30,1.0,5,46,0.99898,0.900124,0.000187,6.004575,0.989433
A,Random-K,1,30,1.0,5,47,0.998792,0.899916,0.0002,6.042242,0.989439
A,Random-K,1,30,1.0,5,48,0.998821,0.899776,0.000188,5.9048,0.98941
A,Random-K,1,30,1.0,5,49,0.998841,0.899975,0.000191,6.0219,0.989452
A,Random-K,1,30,1.0,5,50,0.998795,0.899779,0.000183,5.957033,0.989454
A,Random-K,1,30,1.0,5,51,0.998867,0.899697,0.000143,6.034044,0.989489
A,RILP,1,30,2.0,5,42,0.438597,0.004679,0.034351,0.175499,0.989295
A,RILP,1,30,2.0,5,43,0.438309,0.004643,0.034325,0.177918,0.989422
A,RILP,1,30,2.0,5,44,0.43795,0.004653,0.034272,0.176346,0.989355
A,RILP,1,30,2.0,5,45,0.438401,0.004634,0.034193,0.175347,0.989429
A,RILP,1,30,2.0,5,46,0.438459,0.004613,0.034422,0.177733,0.989433
A,RILP,1,30,2.0,5,47,0.438293,0.004605,0.034326,0.177963,0.989439
A,RILP,1,30,2.0,5,48,0.438365,0.004657,0.034087,0.17477,0.98941
A,RILP,1,30,2.0,5,49,0.438517,0.004638,0.034168,0.17801,0.989452
A,RILP,1,30,2.0,5,50,0.438314,0.00462,0.034258,0.175509,0.989454
A,RILP,1,30,2.0,5,51,0.438208,0.004611,0.034171,0.179382,0.989489
A,RILP-Greedy,1,30,2.0,5,42,0.438597,0.004679,0.034351,0.175499,0.989295
A,RILP-Greedy,1,30,2.0,5,43,0.438309,0.004643,0.034325,0.177918,0.989422
A,RILP-Greedy,1,30,2.0,5,44,0.43795,0.004653,0.034272,0.176346,0.989355
A,RILP-Greedy,1,30,2.0,5,45,0.438401,0.004634,0.034193,0.175347,0.989429
A,RILP-Greedy,1,30,2.0,5,46,0.438459,0.004613,0.034422,0.177733,0.989433
A,RILP-Greedy,1,30,2.0,5,47,0.438293,0.004605,0.034326,0.177963,0.989439
A,RILP-Greedy,1,30,2.0,5,48,0.438365,0.004657,0.034087,0.17477,0.98941
A,RILP-Greedy,1,30,2.0,5,49,0.438517,0.004638,0.034168,0.17801,0.989452
A,RILP-Greedy,1,30,2.0,5,50,0.438314,0.00462,0.034258,0.175509,0.989454
A,RILP-Greedy,1,30,2.0,5,51,0.438208,0.004611,0.034171,0.179382,0.989489
A,Nam2023b,1,30,2.0,5,42,0.291326,0.003114,0.198254,6.548875,0.989295
A,Nam2023b,1,30,2.0,5,43,0.291342,0.003089,0.197742,6.657918,0.989422
A,Nam2023b,1,30,2.0,5,44,0.291302,0.003122,0.197928,6.639622,0.989355
A,Nam2023b,1,30,2.0,5,45,0.291472,0.003084,0.197661,6.621673,0.989429
A,Nam2023b,1,30,2.0,5,46,0.291521,0.003049,0.197607,6.651665,0.989433
A,Nam2023b,1,30,2.0,5,47,0.291313,0.003093,0.198139,6.691924,0.989439
A,Nam2023b,1,30,2.0,5,48,0.29125,0.003104,0.197945,6.540565,0.98941
A,Nam2023b,1,30,2.0,5,49,0.291488,0.003064,0.197718,6.673054,0.989452
A,Nam2023b,1,30,2.0,5,50,0.291399,0.003079,0.197749,6.599122,0.989454
A,Nam2023b,1,30,2.0,5,51,0.291466,0.003067,0.197921,6.685175,0.989489
A,Nam2025,1,30,2.0,5,42,0.438597,0.004679,0.034351,0.175499,0.989295
A,Nam2025,1,30,2.0,5,43,0.438309,0.004643,0.034325,0.177918,0.989422
A,Nam2025,1,30,2.0,5,44,0.43795,0.004653,0.034272,0.176346,0.989355
A,Nam2025,1,30,2.0,5,45,0.438401,0.004634,0.034193,0.175347,0.989429
A,Nam2025,1,30,2.0,5,46,0.438459,0.004613,0.034422,0.177733,0.989433
A,Nam2025,1,30,2.0,5,47,0.438293,0.004605,0.034326,0.177963,0.989439
A,Nam2025,1,30,2.0,5,48,0.438365,0.004657,0.034087,0.17477,0.98941
A,Nam2025,1,30,2.0,5,49,0.438517,0.004638,0.034168,0.17801,0.989452
A,Nam2025,1,30,2.0,5,50,0.438314,0.00462,0.034258,0.175509,0.989454
A,Nam2025,1,30,2.0,5,51,0.438208,0.004611,0.034171,0.179382,0.989489
A,Youn2026,1,30,2.0,5,42,0.438597,0.004679,0.034351,0.175499,0.989295
A,Youn2026,1,30,2.0,5,43,0.438309,0.004643,0.034325,0.177918,0.989422
A,Youn2026,1,30,2.0,5,44,0.43795,0.004653,0.034272,0.176346,0.989355
A,Youn2026,1,30,2.0,5,45,0.438401,0.004634,0.034193,0.175347,0.989429
A,Youn2026,1,30,2.0,5,46,0.438459,0.004613,0.034422,0.177733,0.989433
A,Youn2026,1,30,2.0,5,47,0.438293,0.004605,0.034326,0.177963,0.989439
A,Youn2026,1,30,2.0,5,48,0.438365,0.004657,0.034087,0.17477,0.98941
A,Youn2026,1,30,2.0,5,49,0.438517,0.004638,0.034168,0.17801,0.989452
A,Youn2026,1,30,2.0,5,50,0.438314,0.00462,0.034258,0.175509,0.989454
A,Youn2026,1,30,2.0,5,51,0.438208,0.004611,0.034171,0.179382,0.989489
A,V2I-Base,1,30,2.0,5,42,0.438597,0.004679,0.034351,0.175499,0.989295
A,V2I-Base,1,30,2.0,5,43,0.438309,0.004643,0.034325,0.177918,0.989422
A,V2I-Base,1,30,2.0,5,44,0.43795,0.004653,0.034272,0.176346,0.989355
A,V2I-Base,1,30,2.0,5,45,0.438401,0.004634,0.034193,0.175347,0.989429
A,V2I-Base,1,30,2.0,5,46,0.438459,0.004613,0.034422,0.177733,0.989433
A,V2I-Base,1,30,2.0,5,47,0.438293,0.004605,0.034326,0.177963,0.989439
A,V2I-Base,1,30,2.0,5,48,0.438365,0.004657,0.034087,0.17477,0.98941
A,V2I-Base,1,30,2.0,5,49,0.438517,0.004638,0.034168,0.17801,0.989452
A,V2I-Base,1,30,2.0,5,50,0.438314,0.00462,0.034258,0.175509,0.989454
A,V2I-Base,1,30,2.0,5,51,0.438208,0.004611,0.034171,0.179382,0.989489
A,V2V-Base,1,30,2.0,5,42,0.999052,0.69341,1.1e-05,4.54905,0.989295
A,V2V-Base,1,30,2.0,5,43,0.999,0.693633,9e-06,4.634631,0.989422
A,V2V-Base,1,30,2.0,5,44,0.998974,0.693746,8e-06,4.604669,0.989355
A,V2V-Base,1,30,2.0,5,45,0.999006,0.693686,1e-05,4.605034,0.989429
A,V2V-Base,1,30,2.0,5,46,0.999085,0.693484,6e-06,4.590336,0.989433
A,V2V-Base,1,30,2.0,5,47,0.998985,0.693561,8e-06,4.643878,0.989439
A,V2V-Base,1,30,2.0,5,48,0.999033,0.693495,1e-05,4.532105,0.98941
A,V2V-Base,1,30,2.0,5,49,0.998945,0.693593,8e-06,4.621825,0.989452
A,V2V-Base,1,30,2.0,5,50,0.998921,0.693267,7e-06,4.566843,0.989454
A,V2V-Base,1,30,2.0,5,51,0.998993,0.69371,6e-06,4.630436,0.989489
A,Random-K,1,30,2.0,5,42,0.998844,0.90014,0.000199,5.911574,0.989295
A,Random-K,1,30,2.0,5,43,0.998744,0.899926,0.000159,6.009302,0.989422
A,Random-K,1,30,2.0,5,44,0.998718,0.899868,0.000166,5.990696,0.989355
A,Random-K,1,30,2.0,5,45,0.998793,0.899887,0.00019,5.976429,0.989429
A,Random-K,1,30,2.0,5,46,0.99898,0.900124,0.000187,6.004575,0.989433
A,Random-K,1,30,2.0,5,47,0.998792,0.899916,0.0002,6.042242,0.989439
A,Random-K,1,30,2.0,5,48,0.998821,0.899776,0.000188,5.9048,0.98941
A,Random-K,1,30,2.0,5,49,0.998841,0.899975,0.000191,6.0219,0.989452
A,Random-K,1,30,2.0,5,50,0.998795,0.899779,0.000183,5.957033,0.989454
A,Random-K,1,30,2.0,5,51,0.998867,0.899697,0.000143,6.034044,0.989489
A,RILP,1,30,3.0,5,42,0.438597,0.004679,0.034351,0.175499,0.989295
A,RILP,1,30,3.0,5,43,0.438309,0.004643,0.034325,0.177918,0.989422
A,RILP,1,30,3.0,5,44,0.43795,0.004653,0.034272,0.176346,0.989355
A,RILP,1,30,3.0,5,45,0.438401,0.004634,0.034193,0.175347,0.989429
A,RILP,1,30,3.0,5,46,0.438459,0.004613,0.034422,0.177733,0.989433
A,RILP,1,30,3.0,5,47,0.438293,0.004605,0.034326,0.177963,0.989439
A,RILP,1,30,3.0,5,48,0.438365,0.004657,0.034087,0.17477,0.98941
A,RILP,1,30,3.0,5,49,0.438517,0.004638,0.034168,0.17801,0.989452
A,RILP,1,30,3.0,5,50,0.438314,0.00462,0.034258,0.175509,0.989454
A,RILP,1,30,3.0,5,51,0.438208,0.004611,0.034171,0.179382,0.989489
A,RILP-Greedy,1,30,3.0,5,42,0.438597,0.004679,0.034351,0.175499,0.989295
A,RILP-Greedy,1,30,3.0,5,43,0.438309,0.004643,0.034325,0.177918,0.989422
A,RILP-Greedy,1,30,3.0,5,44,0.43795,0.004653,0.034272,0.176346,0.989355
A,RILP-Greedy,1,30,3.0,5,45,0.438401,0.004634,0.034193,0.175347,0.989429
A,RILP-Greedy,1,30,3.0,5,46,0.438459,0.004613,0.034422,0.177733,0.989433
A,RILP-Greedy,1,30,3.0,5,47,0.438293,0.004605,0.034326,0.177963,0.989439
A,RILP-Greedy,1,30,3.0,5,48,0.438365,0.004657,0.034087,0.17477,0.98941
A,RILP-Greedy,1,30,3.0,5,49,0.438517,0.004638,0.034168,0.17801,0.989452
A,RILP-Greedy,1,30,3.0,5,50,0.438314,0.00462,0.034258,0.175509,0.989454
A,RILP-Greedy,1,30,3.0,5,51,0.438208,0.004611,0.034171,0.179382,0.989489
A,Nam2023b,1,30,3.0,5,42,0.291326,0.003114,0.198254,6.548875,0.989295
A,Nam2023b,1,30,3.0,5,43,0.291342,0.003089,0.197742,6.657918,0.989422
A,Nam2023b,1,30,3.0,5,44,0.291302,0.003122,0.197928,6.639622,0.989355
A,Nam2023b,1,30,3.0,5,45,0.291472,0.003084,0.197661,6.621673,0.989429
A,Nam2023b,1,30,3.0,5,46,0.291521,0.003049,0.197607,6.651665,0.989433
A,Nam2023b,1,30,3.0,5,47,0.291313,0.003093,0.198139,6.691924,0.989439
A,Nam2023b,1,30,3.0,5,48,0.29125,0.003104,0.197945,6.540565,0.98941
A,Nam2023b,1,30,3.0,5,49,0.291488,0.003064,0.197718,6.673054,0.989452
A,Nam2023b,1,30,3.0,5,50,0.291399,0.003079,0.197749,6.599122,0.989454
A,Nam2023b,1,30,3.0,5,51,0.291466,0.003067,0.197921,6.685175,0.989489
A,Nam2025,1,30,3.0,5,42,0.438597,0.004679,0.034351,0.175499,0.989295
A,Nam2025,1,30,3.0,5,43,0.438309,0.004643,0.034325,0.177918,0.989422
A,Nam2025,1,30,3.0,5,44,0.43795,0.004653,0.034272,0.176346,0.989355
A,Nam2025,1,30,3.0,5,45,0.438401,0.004634,0.034193,0.175347,0.989429
A,Nam2025,1,30,3.0,5,46,0.438459,0.004613,0.034422,0.177733,0.989433
A,Nam2025,1,30,3.0,5,47,0.438293,0.004605,0.034326,0.177963,0.989439
A,Nam2025,1,30,3.0,5,48,0.438365,0.004657,0.034087,0.17477,0.98941
A,Nam2025,1,30,3.0,5,49,0.438517,0.004638,0.034168,0.17801,0.989452
A,Nam2025,1,30,3.0,5,50,0.438314,0.00462,0.034258,0.175509,0.989454
A,Nam2025,1,30,3.0,5,51,0.438208,0.004611,0.034171,0.179382,0.989489
A,Youn2026,1,30,3.0,5,42,0.438597,0.004679,0.034351,0.175499,0.989295
A,Youn2026,1,30,3.0,5,43,0.438309,0.004643,0.034325,0.177918,0.989422
A,Youn2026,1,30,3.0,5,44,0.43795,0.004653,0.034272,0.176346,0.989355
A,Youn2026,1,30,3.0,5,45,0.438401,0.004634,0.034193,0.175347,0.989429
A,Youn2026,1,30,3.0,5,46,0.438459,0.004613,0.034422,0.177733,0.989433
A,Youn2026,1,30,3.0,5,47,0.438293,0.004605,0.034326,0.177963,0.989439
A,Youn2026,1,30,3.0,5,48,0.438365,0.004657,0.034087,0.17477,0.98941
A,Youn2026,1,30,3.0,5,49,0.438517,0.004638,0.034168,0.17801,0.989452
A,Youn2026,1,30,3.0,5,50,0.438314,0.00462,0.034258,0.175509,0.989454
A,Youn2026,1,30,3.0,5,51,0.438208,0.004611,0.034171,0.179382,0.989489
A,V2I-Base,1,30,3.0,5,42,0.438597,0.004679,0.034351,0.175499,0.989295
A,V2I-Base,1,30,3.0,5,43,0.438309,0.004643,0.034325,0.177918,0.989422
A,V2I-Base,1,30,3.0,5,44,0.43795,0.004653,0.034272,0.176346,0.989355
A,V2I-Base,1,30,3.0,5,45,0.438401,0.004634,0.034193,0.175347,0.989429
A,V2I-Base,1,30,3.0,5,46,0.438459,0.004613,0.034422,0.177733,0.989433
A,V2I-Base,1,30,3.0,5,47,0.438293,0.004605,0.034326,0.177963,0.989439
A,V2I-Base,1,30,3.0,5,48,0.438365,0.004657,0.034087,0.17477,0.98941
A,V2I-Base,1,30,3.0,5,49,0.438517,0.004638,0.034168,0.17801,0.989452
A,V2I-Base,1,30,3.0,5,50,0.438314,0.00462,0.034258,0.175509,0.989454
A,V2I-Base,1,30,3.0,5,51,0.438208,0.004611,0.034171,0.179382,0.989489
A,V2V-Base,1,30,3.0,5,42,0.999052,0.69341,1.1e-05,4.54905,0.989295
A,V2V-Base,1,30,3.0,5,43,0.999,0.693633,9e-06,4.634631,0.989422
A,V2V-Base,1,30,3.0,5,44,0.998974,0.693746,8e-06,4.604669,0.989355
A,V2V-Base,1,30,3.0,5,45,0.999006,0.693686,1e-05,4.605034,0.989429
A,V2V-Base,1,30,3.0,5,46,0.999085,0.693484,6e-06,4.590336,0.989433
A,V2V-Base,1,30,3.0,5,47,0.998985,0.693561,8e-06,4.643878,0.989439
A,V2V-Base,1,30,3.0,5,48,0.999033,0.693495,1e-05,4.532105,0.98941
A,V2V-Base,1,30,3.0,5,49,0.998945,0.693593,8e-06,4.621825,0.989452
A,V2V-Base,1,30,3.0,5,50,0.998921,0.693267,7e-06,4.566843,0.989454
A,V2V-Base,1,30,3.0,5,51,0.998993,0.69371,6e-06,4.630436,0.989489
A,Random-K,1,30,3.0,5,42,0.998844,0.90014,0.000199,5.911574,0.989295
A,Random-K,1,30,3.0,5,43,0.998744,0.899926,0.000159,6.009302,0.989422
A,Random-K,1,30,3.0,5,44,0.998718,0.899868,0.000166,5.990696,0.989355
A,Random-K,1,30,3.0,5,45,0.998793,0.899887,0.00019,5.976429,0.989429
A,Random-K,1,30,3.0,5,46,0.99898,0.900124,0.000187,6.004575,0.989433
A,Random-K,1,30,3.0,5,47,0.998792,0.899916,0.0002,6.042242,0.989439
A,Random-K,1,30,3.0,5,48,0.998821,0.899776,0.000188,5.9048,0.98941
A,Random-K,1,30,3.0,5,49,0.998841,0.899975,0.000191,6.0219,0.989452
A,Random-K,1,30,3.0,5,50,0.998795,0.899779,0.000183,5.957033,0.989454
A,Random-K,1,30,3.0,5,51,0.998867,0.899697,0.000143,6.034044,0.989489
A,RILP,2,0,0.0,5,42,0.438597,0.004679,0.034351,0.175499,0.989295
A,RILP,2,0,0.0,5,43,0.438309,0.004643,0.034325,0.177918,0.989422
A,RILP,2,0,0.0,5,44,0.43795,0.004653,0.034272,0.176346,0.989355
A,RILP,2,0,0.0,5,45,0.438401,0.004634,0.034193,0.175347,0.989429
A,RILP,2,0,0.0,5,46,0.438459,0.004613,0.034422,0.177733,0.989433
A,RILP,2,0,0.0,5,47,0.438293,0.004605,0.034326,0.177963,0.989439
A,RILP,2,0,0.0,5,48,0.438365,0.004657,0.034087,0.17477,0.98941
A,RILP,2,0,0.0,5,49,0.438517,0.004638,0.034168,0.17801,0.989452
A,RILP,2,0,0.0,5,50,0.438314,0.00462,0.034258,0.175509,0.989454
A,RILP,2,0,0.0,5,51,0.438208,0.004611,0.034171,0.179382,0.989489
A,RILP-Greedy,2,0,0.0,5,42,0.438597,0.004679,0.034351,0.175499,0.989295
A,RILP-Greedy,2,0,0.0,5,43,0.438309,0.004643,0.034325,0.177918,0.989422
A,RILP-Greedy,2,0,0.0,5,44,0.43795,0.004653,0.034272,0.176346,0.989355
A,RILP-Greedy,2,0,0.0,5,45,0.438401,0.004634,0.034193,0.175347,0.989429
A,RILP-Greedy,2,0,0.0,5,46,0.438459,0.004613,0.034422,0.177733,0.989433
A,RILP-Greedy,2,0,0.0,5,47,0.438293,0.004605,0.034326,0.177963,0.989439
A,RILP-Greedy,2,0,0.0,5,48,0.438365,0.004657,0.034087,0.17477,0.98941
A,RILP-Greedy,2,0,0.0,5,49,0.438517,0.004638,0.034168,0.17801,0.989452
A,RILP-Greedy,2,0,0.0,5,50,0.438314,0.00462,0.034258,0.175509,0.989454
A,RILP-Greedy,2,0,0.0,5,51,0.438208,0.004611,0.034171,0.179382,0.989489
A,Nam2023b,2,0,0.0,5,42,0.291326,0.003114,0.198254,6.548875,0.989295
A,Nam2023b,2,0,0.0,5,43,0.291342,0.003089,0.197742,6.657918,0.989422
A,Nam2023b,2,0,0.0,5,44,0.291302,0.003122,0.197928,6.639622,0.989355
A,Nam2023b,2,0,0.0,5,45,0.291472,0.003084,0.197661,6.621673,0.989429
A,Nam2023b,2,0,0.0,5,46,0.291521,0.003049,0.197607,6.651665,0.989433
A,Nam2023b,2,0,0.0,5,47,0.291313,0.003093,0.198139,6.691924,0.989439
A,Nam2023b,2,0,0.0,5,48,0.29125,0.003104,0.197945,6.540565,0.98941
A,Nam2023b,2,0,0.0,5,49,0.291488,0.003064,0.197718,6.673054,0.989452
A,Nam2023b,2,0,0.0,5,50,0.291399,0.003079,0.197749,6.599122,0.989454
A,Nam2023b,2,0,0.0,5,51,0.291466,0.003067,0.197921,6.685175,0.989489
A,Nam2025,2,0,0.0,5,42,0.438597,0.004679,0.034351,0.175499,0.989295
A,Nam2025,2,0,0.0,5,43,0.438309,0.004643,0.034325,0.177918,0.989422
A,Nam2025,2,0,0.0,5,44,0.43795,0.004653,0.034272,0.176346,0.989355
A,Nam2025,2,0,0.0,5,45,0.438401,0.004634,0.034193,0.175347,0.989429
A,Nam2025,2,0,0.0,5,46,0.438459,0.004613,0.034422,0.177733,0.989433
A,Nam2025,2,0,0.0,5,47,0.438293,0.004605,0.034326,0.177963,0.989439
A,Nam2025,2,0,0.0,5,48,0.438365,0.004657,0.034087,0.17477,0.98941
A,Nam2025,2,0,0.0,5,49,0.438517,0.004638,0.034168,0.17801,0.989452
A,Nam2025,2,0,0.0,5,50,0.438314,0.00462,0.034258,0.175509,0.989454
A,Nam2025,2,0,0.0,5,51,0.438208,0.004611,0.034171,0.179382,0.989489
A,Youn2026,2,0,0.0,5,42,0.438597,0.004679,0.034351,0.175499,0.989295
A,Youn2026,2,0,0.0,5,43,0.438309,0.004643,0.034325,0.177918,0.989422
A,Youn2026,2,0,0.0,5,44,0.43795,0.004653,0.034272,0.176346,0.989355
A,Youn2026,2,0,0.0,5,45,0.438401,0.004634,0.034193,0.175347,0.989429
A,Youn2026,2,0,0.0,5,46,0.438459,0.004613,0.034422,0.177733,0.989433
A,Youn2026,2,0,0.0,5,47,0.438293,0.004605,0.034326,0.177963,0.989439
A,Youn2026,2,0,0.0,5,48,0.438365,0.004657,0.034087,0.17477,0.98941
A,Youn2026,2,0,0.0,5,49,0.438517,0.004638,0.034168,0.17801,0.989452
A,Youn2026,2,0,0.0,5,50,0.438314,0.00462,0.034258,0.175509,0.989454
A,Youn2026,2,0,0.0,5,51,0.438208,0.004611,0.034171,0.179382,0.989489
A,V2I-Base,2,0,0.0,5,42,0.438597,0.004679,0.034351,0.175499,0.989295
A,V2I-Base,2,0,0.0,5,43,0.438309,0.004643,0.034325,0.177918,0.989422
A,V2I-Base,2,0,0.0,5,44,0.43795,0.004653,0.034272,0.176346,0.989355
A,V2I-Base,2,0,0.0,5,45,0.438401,0.004634,0.034193,0.175347,0.989429
A,V2I-Base,2,0,0.0,5,46,0.438459,0.004613,0.034422,0.177733,0.989433
A,V2I-Base,2,0,0.0,5,47,0.438293,0.004605,0.034326,0.177963,0.989439
A,V2I-Base,2,0,0.0,5,48,0.438365,0.004657,0.034087,0.17477,0.98941
A,V2I-Base,2,0,0.0,5,49,0.438517,0.004638,0.034168,0.17801,0.989452
A,V2I-Base,2,0,0.0,5,50,0.438314,0.00462,0.034258,0.175509,0.989454
A,V2I-Base,2,0,0.0,5,51,0.438208,0.004611,0.034171,0.179382,0.989489
A,V2V-Base,2,0,0.0,5,42,0.999052,0.69341,1.1e-05,4.54905,0.989295
A,V2V-Base,2,0,0.0,5,43,0.999,0.693633,9e-06,4.634631,0.989422
A,V2V-Base,2,0,0.0,5,44,0.998974,0.693746,8e-06,4.604669,0.989355
A,V2V-Base,2,0,0.0,5,45,0.999006,0.693686,1e-05,4.605034,0.989429
A,V2V-Base,2,0,0.0,5,46,0.999419,0.694488,5e-06,4.506897,0.989568
A,V2V-Base,2,0,0.0,5,47,0.999388,0.694647,7e-06,4.51868,0.989606
A,V2V-Base,2,0,0.0,5,48,0.999399,0.694536,5e-06,4.452697,0.989598
A,V2V-Base,2,0,0.0,5,49,0.999443,0.694407,4e-06,4.529532,0.98969
A,V2V-Base,2,0,0.0,5,50,0.999397,0.694401,3e-06,4.510963,0.989623
A,V2V-Base,2,0,0.0,5,51,0.999442,0.694306,6e-06,4.524207,0.989686
A,Random-K,2,0,0.0,5,42,0.999313,0.900173,0.000111,5.7941,0.989532
A,Random-K,2,0,0.0,5,43,0.999273,0.900534,0.000109,5.856208,0.98968
A,Random-K,2,0,0.0,5,44,0.999326,0.900373,0.000129,5.868316,0.989584
A,Random-K,2,0,0.0,5,45,0.999333,0.90037,0.000119,5.861636,0.989693
A,Random-K,2,0,0.0,5,46,0.999339,0.900446,8.8e-05,5.832787,0.989568
A,Random-K,2,0,0.0,5,47,0.999294,0.900389,7.5e-05,5.851289,0.989606
A,Random-K,2,0,0.0,5,48,0.999271,0.900105,0.000106,5.762089,0.989598
A,Random-K,2,0,0.0,5,49,0.999342,0.900351,9e-05,5.883796,0.98969
A,Random-K,2,0,0.0,5,50,0.999301,0.900363,0.000104,5.84519,0.989623
A,Random-K,2,0,0.0,5,51,0.999348,0.900246,0.000137,5.864803,0.989686
A,RILP,2,0,1.0,5,42,0.438391,0.004589,0.034037,0.168658,0.989532
A,RILP,2,0,1.0,5,43,0.438274,0.004547,0.034272,0.168912,0.98968
A,RILP,2,0,1.0,5,44,0.4381,0.004571,0.034296,0.16984,0.989584
A,RILP,2,0,1.0,5,45,0.438247,0.00453,0.034166,0.16851,0.989693
A,RILP,2,0,1.0,5,46,0.438195,0.004557,0.034208,0.169529,0.989568
A,RILP,2,0,1.0,5,47,0.438199,0.00458,0.034278,0.168623,0.989606
A,RILP,2,0,1.0,5,48,0.438404,0.004573,0.034035,0.167001,0.989598
A,RILP,2,0,1.0,5,49,0.438367,0.004498,0.034222,0.170684,0.98969
A,RILP,2,0,1.0,5,50,0.438288,0.004545,0.034202,0.168753,0.989623
A,RILP,2,0,1.0,5,51,0.438235,0.004497,0.034244,0.170503,0.989686
A,RILP-Greedy,2,0,1.0,5,42,0.438391,0.004589,0.034037,0.168658,0.989532
A,RILP-Greedy,2,0,1.0,5,43,0.438274,0.004547,0.034272,0.168912,0.98968
A,RILP-Greedy,2,0,1.0,5,44,0.4381,0.004571,0.034296,0.16984,0.989584
A,RILP-Greedy,2,0,1.0,5,45,0.438247,0.00453,0.034166,0.16851,0.989693
A,RILP-Greedy,2,0,1.0,5,46,0.438195,0.004557,0.034208,0.169529,0.989568
A,RILP-Greedy,2,0,1.0,5,47,0.438199,0.00458,0.034278,0.168623,0.989606
A,RILP-Greedy,2,0,1.0,5,48,0.438404,0.004573,0.034035,0.167001,0.989598
A,RILP-Greedy,2,0,1.0,5,49,0.438367,0.004498,0.034222,0.170684,0.98969
A,RILP-Greedy,2,0,1.0,5,50,0.438288,0.004545,0.034202,0.168753,0.989623
A,RILP-Greedy,2,0,1.0,5,51,0.438235,0.004497,0.034244,0.170503,0.989686
A,Nam2023b,2,0,1.0,5,42,0.291445,0.003009,0.197731,6.41916,0.989532
A,Nam2023b,2,0,1.0,5,43,0.291402,0.00304,0.197839,6.488707,0.98968
A,Nam2023b,2,0,1.0,5,44,0.291288,0.003072,0.198032,6.50314,0.989584
A,Nam2023b,2,0,1.0,5,45,0.291153,0.002996,0.197664,6.494659,0.989693
A,Nam2023b,2,0,1.0,5,46,0.291536,0.00305,0.197725,6.462577,0.989568
A,Nam2023b,2,0,1.0,5,47,0.291384,0.003047,0.197666,6.482836,0.989606
A,Nam2023b,2,0,1.0,5,48,0.2915,0.003082,0.197701,6.383904,0.989598
A,Nam2023b,2,0,1.0,5,49,0.291436,0.003004,0.197907,6.518833,0.98969
A,Nam2023b,2,0,1.0,5,50,0.291341,0.003024,0.198186,6.47687,0.989623
A,Nam2023b,2,0,1.0,5,51,0.291282,0.003027,0.198304,6.497098,0.989686
A,Nam2025,2,0,1.0,5,42,0.438391,0.004589,0.034037,0.168658,0.989532
A,Nam2025,2,0,1.0,5,43,0.438274,0.004547,0.034272,0.168912,0.98968
A,Nam2025,2,0,1.0,5,44,0.4381,0.004571,0.034296,0.16984,0.989584
A,Nam2025,2,0,1.0,5,45,0.438247,0.00453,0.034166,0.16851,0.989693
A,Nam2025,2,0,1.0,5,46,0.438195,0.004557,0.034208,0.169529,0.989568
A,Nam2025,2,0,1.0,5,47,0.438199,0.00458,0.034278,0.168623,0.989606
A,Nam2025,2,0,1.0,5,48,0.438404,0.004573,0.034035,0.167001,0.989598
A,Nam2025,2,0,1.0,5,49,0.438367,0.004498,0.034222,0.170684,0.98969
A,Nam2025,2,0,1.0,5,50,0.438288,0.004545,0.034202,0.168753,0.989623
A,Nam2025,2,0,1.0,5,51,0.438235,0.004497,0.034244,0.170503,0.989686
A,Youn2026,2,0,1.0,5,42,0.438391,0.004589,0.034037,0.168658,0.989532
A,Youn2026,2,0,1.0,5,43,0.438274,0.004547,0.034272,0.168912,0.98968
A,Youn2026,2,0,1.0,5,44,0.4381,0.004571,0.034296,0.16984,0.989584
A,Youn2026,2,0,1.0,5,45,0.438247,0.00453,0.034166,0.16851,0.989693
A,Youn2026,2,0,1.0,5,46,0.438195,0.004557,0.034208,0.169529,0.989568
A,Youn2026,2,0,1.0,5,47,0.438199,0.00458,0.034278,0.168623,0.989606
A,Youn2026,2,0,1.0,5,48,0.438404,0.004573,0.034035,0.167001,0.989598
A,Youn2026,2,0,1.0,5,49,0.438367,0.004498,0.034222,0.170684,0.98969
A,Youn2026,2,0,1.0,5,50,0.438288,0.004545,0.034202,0.168753,0.989623
A,Youn2026,2,0,1.0,5,51,0.438235,0.004497,0.034244,0.170503,0.989686
A,V2I-Base,2,0,1.0,5,42,0.438391,0.004589,0.034037,0.168658,0.989532
A,V2I-Base,2,0,1.0,5,43,0.438274,0.004547,0.034272,0.168912,0.98968
A,V2I-Base,2,0,1.0,5,44,0.4381,0.004571,0.034296,0.16984,0.989584
A,V2I-Base,2,0,1.0,5,45,0.438247,0.00453,0.034166,0.16851,0.989693
A,V2I-Base,2,0,1.0,5,46,0.438195,0.004557,0.034208,0.169529,0.989568
A,V2I-Base,2,0,1.0,5,47,0.438199,0.00458,0.034278,0.168623,0.989606
A,V2I-Base,2,0,1.0,5,48,0.438404,0.004573,0.034035,0.167001,0.989598
A,V2I-Base,2,0,1.0,5,49,0.438367,0.004498,0.034222,0.170684,0.98969
A,V2I-Base,2,0,1.0,5,50,0.438288,0.004545,0.034202,0.168753,0.989623
A,V2I-Base,2,0,1.0,5,51,0.438235,0.004497,0.034244,0.170503,0.989686
A,V2V-Base,2,0,1.0,5,42,0.999446,0.694425,6e-06,4.468916,0.989532
A,V2V-Base,2,0,1.0,5,43,0.999435,0.69455,5e-06,4.521968,0.98968
A,V2V-Base,2,0,1.0,5,44,0.99943,0.694412,5e-06,4.540718,0.989584
A,V2V-Base,2,0,1.0,5,45,0.999391,0.694261,7e-06,4.53039,0.989693
A,V2V-Base,2,0,1.0,5,46,0.999419,0.694488,5e-06,4.506897,0.989568
A,V2V-Base,2,0,1.0,5,47,0.999388,0.694647,7e-06,4.51868,0.989606
A,V2V-Base,2,0,1.0,5,48,0.999399,0.694536,5e-06,4.452697,0.989598
A,V2V-Base,2,0,1.0,5,49,0.999443,0.694407,4e-06,4.529532,0.98969
A,V2V-Base,2,0,1.0,5,50,0.999397,0.694401,3e-06,4.510963,0.989623
A,V2V-Base,2,0,1.0,5,51,0.999442,0.694306,6e-06,4.524207,0.989686
A,Random-K,2,0,1.0,5,42,0.999313,0.900173,0.000111,5.7941,0.989532
A,Random-K,2,0,1.0,5,43,0.999273,0.900534,0.000109,5.856208,0.98968
A,Random-K,2,0,1.0,5,44,0.999326,0.900373,0.000129,5.868316,0.989584
A,Random-K,2,0,1.0,5,45,0.999333,0.90037,0.000119,5.861636,0.989693
A,Random-K,2,0,1.0,5,46,0.999339,0.900446,8.8e-05,5.832787,0.989568
A,Random-K,2,0,1.0,5,47,0.999294,0.900389,7.5e-05,5.851289,0.989606
A,Random-K,2,0,1.0,5,48,0.999271,0.900105,0.000106,5.762089,0.989598
A,Random-K,2,0,1.0,5,49,0.999342,0.900351,9e-05,5.883796,0.98969
A,Random-K,2,0,1.0,5,50,0.999301,0.900363,0.000104,5.84519,0.989623
A,Random-K,2,0,1.0,5,51,0.999348,0.900246,0.000137,5.864803,0.989686
A,RILP,2,0,2.0,5,42,0.438391,0.004589,0.034037,0.168658,0.989532
A,RILP,2,0,2.0,5,43,0.438274,0.004547,0.034272,0.168912,0.98968
A,RILP,2,0,2.0,5,44,0.4381,0.004571,0.034296,0.16984,0.989584
A,RILP,2,0,2.0,5,45,0.438247,0.00453,0.034166,0.16851,0.989693
A,RILP,2,0,2.0,5,46,0.438195,0.004557,0.034208,0.169529,0.989568
A,RILP,2,0,2.0,5,47,0.438199,0.00458,0.034278,0.168623,0.989606
A,RILP,2,0,2.0,5,48,0.438404,0.004573,0.034035,0.167001,0.989598
A,RILP,2,0,2.0,5,49,0.438367,0.004498,0.034222,0.170684,0.98969
A,RILP,2,0,2.0,5,50,0.438288,0.004545,0.034202,0.168753,0.989623
A,RILP,2,0,2.0,5,51,0.438235,0.004497,0.034244,0.170503,0.989686
A,RILP-Greedy,2,0,2.0,5,42,0.438391,0.004589,0.034037,0.168658,0.989532
A,RILP-Greedy,2,0,2.0,5,43,0.438274,0.004547,0.034272,0.168912,0.98968
A,RILP-Greedy,2,0,2.0,5,44,0.4381,0.004571,0.034296,0.16984,0.989584
A,RILP-Greedy,2,0,2.0,5,45,0.438247,0.00453,0.034166,0.16851,0.989693
A,RILP-Greedy,2,0,2.0,5,46,0.438195,0.004557,0.034208,0.169529,0.989568
A,RILP-Greedy,2,0,2.0,5,47,0.438199,0.00458,0.034278,0.168623,0.989606
A,RILP-Greedy,2,0,2.0,5,48,0.438404,0.004573,0.034035,0.167001,0.989598
A,RILP-Greedy,2,0,2.0,5,49,0.438367,0.004498,0.034222,0.170684,0.98969
A,RILP-Greedy,2,0,2.0,5,50,0.438288,0.004545,0.034202,0.168753,0.989623
A,RILP-Greedy,2,0,2.0,5,51,0.438235,0.004497,0.034244,0.170503,0.989686
A,Nam2023b,2,0,2.0,5,42,0.291445,0.003009,0.197731,6.41916,0.989532
A,Nam2023b,2,0,2.0,5,43,0.291402,0.00304,0.197839,6.488707,0.98968
A,Nam2023b,2,0,2.0,5,44,0.291288,0.003072,0.198032,6.50314,0.989584
A,Nam2023b,2,0,2.0,5,45,0.291153,0.002996,0.197664,6.494659,0.989693
A,Nam2023b,2,0,2.0,5,46,0.291536,0.00305,0.197725,6.462577,0.989568
A,Nam2023b,2,0,2.0,5,47,0.291384,0.003047,0.197666,6.482836,0.989606
A,Nam2023b,2,0,2.0,5,48,0.2915,0.003082,0.197701,6.383904,0.989598
A,Nam2023b,2,0,2.0,5,49,0.291436,0.003004,0.197907,6.518833,0.98969
A,Nam2023b,2,0,2.0,5,50,0.291341,0.003024,0.198186,6.47687,0.989623
A,Nam2023b,2,0,2.0,5,51,0.291282,0.003027,0.198304,6.497098,0.989686
A,Nam2025,2,0,2.0,5,42,0.438391,0.004589,0.034037,0.168658,0.989532
A,Nam2025,2,0,2.0,5,43,0.438274,0.004547,0.034272,0.168912,0.98968
A,Nam2025,2,0,2.0,5,44,0.4381,0.004571,0.034296,0.16984,0.989584
A,Nam2025,2,0,2.0,5,45,0.438247,0.00453,0.034166,0.16851,0.989693
A,Nam2025,2,0,2.0,5,46,0.438195,0.004557,0.034208,0.169529,0.989568
A,Nam2025,2,0,2.0,5,47,0.438199,0.00458,0.034278,0.168623,0.989606
A,Nam2025,2,0,2.0,5,48,0.438404,0.004573,0.034035,0.167001,0.989598
A,Nam2025,2,0,2.0,5,49,0.438367,0.004498,0.034222,0.170684,0.98969
A,Nam2025,2,0,2.0,5,50,0.438288,0.004545,0.034202,0.168753,0.989623
A,Nam2025,2,0,2.0,5,51,0.438235,0.004497,0.034244,0.170503,0.989686
A,Youn2026,2,0,2.0,5,42,0.438391,0.004589,0.034037,0.168658,0.989532
A,Youn2026,2,0,2.0,5,43,0.438274,0.004547,0.034272,0.168912,0.98968
A,Youn2026,2,0,2.0,5,44,0.4381,0.004571,0.034296,0.16984,0.989584
A,Youn2026,2,0,2.0,5,45,0.438247,0.00453,0.034166,0.16851,0.989693
A,Youn2026,2,0,2.0,5,46,0.438195,0.004557,0.034208,0.169529,0.989568
A,Youn2026,2,0,2.0,5,47,0.438199,0.00458,0.034278,0.168623,0.989606
A,Youn2026,2,0,2.0,5,48,0.438404,0.004573,0.034035,0.167001,0.989598
A,Youn2026,2,0,2.0,5,49,0.438367,0.004498,0.034222,0.170684,0.98969
A,Youn2026,2,0,2.0,5,50,0.438288,0.004545,0.034202,0.168753,0.989623
A,Youn2026,2,0,2.0,5,51,0.438235,0.004497,0.034244,0.170503,0.989686
A,V2I-Base,2,0,2.0,5,42,0.438391,0.004589,0.034037,0.168658,0.989532
A,V2I-Base,2,0,2.0,5,43,0.438274,0.004547,0.034272,0.168912,0.98968
A,V2I-Base,2,0,2.0,5,44,0.4381,0.004571,0.034296,0.16984,0.989584
A,V2I-Base,2,0,2.0,5,45,0.438247,0.00453,0.034166,0.16851,0.989693
A,V2I-Base,2,0,2.0,5,46,0.438195,0.004557,0.034208,0.169529,0.989568
A,V2I-Base,2,0,2.0,5,47,0.438199,0.00458,0.034278,0.168623,0.989606
A,V2I-Base,2,0,2.0,5,48,0.438404,0.004573,0.034035,0.167001,0.989598
A,V2I-Base,2,0,2.0,5,49,0.438367,0.004498,0.034222,0.170684,0.98969
A,V2I-Base,2,0,2.0,5,50,0.438288,0.004545,0.034202,0.168753,0.989623
A,V2I-Base,2,0,2.0,5,51,0.438235,0.004497,0.034244,0.170503,0.989686
A,V2V-Base,2,0,2.0,5,42,0.999446,0.694425,6e-06,4.468916,0.989532
A,V2V-Base,2,0,2.0,5,43,0.999435,0.69455,5e-06,4.521968,0.98968
A,V2V-Base,2,0,2.0,5,44,0.99943,0.694412,5e-06,4.540718,0.989584
A,V2V-Base,2,0,2.0,5,45,0.999391,0.694261,7e-06,4.53039,0.989693
A,V2V-Base,2,0,2.0,5,46,0.999419,0.694488,5e-06,4.506897,0.989568
A,V2V-Base,2,0,2.0,5,47,0.999388,0.694647,7e-06,4.51868,0.989606
A,V2V-Base,2,0,2.0,5,48,0.999399,0.694536,5e-06,4.452697,0.989598
A,V2V-Base,2,0,2.0,5,49,0.999443,0.694407,4e-06,4.529532,0.98969
A,V2V-Base,2,0,2.0,5,50,0.999397,0.694401,3e-06,4.510963,0.989623
A,V2V-Base,2,0,2.0,5,51,0.999442,0.694306,6e-06,4.524207,0.989686
A,Random-K,2,0,2.0,5,42,0.999313,0.900173,0.000111,5.7941,0.989532
A,Random-K,2,0,2.0,5,43,0.999273,0.900534,0.000109,5.856208,0.98968
A,Random-K,2,0,2.0,5,44,0.999326,0.900373,0.000129,5.868316,0.989584
A,Random-K,2,0,2.0,5,45,0.999333,0.90037,0.000119,5.861636,0.989693
A,Random-K,2,0,2.0,5,46,0.999339,0.900446,8.8e-05,5.832787,0.989568
A,Random-K,2,0,2.0,5,47,0.999294,0.900389,7.5e-05,5.851289,0.989606
A,Random-K,2,0,2.0,5,48,0.999271,0.900105,0.000106,5.762089,0.989598
A,Random-K,2,0,2.0,5,49,0.999342,0.900351,9e-05,5.883796,0.98969
A,Random-K,2,0,2.0,5,50,0.999301,0.900363,0.000104,5.84519,0.989623
A,Random-K,2,0,2.0,5,51,0.999348,0.900246,0.000137,5.864803,0.989686
A,RILP,2,0,3.0,5,42,0.438391,0.004589,0.034037,0.168658,0.989532
A,RILP,2,0,3.0,5,43,0.438274,0.004547,0.034272,0.168912,0.98968
A,RILP,2,0,3.0,5,44,0.4381,0.004571,0.034296,0.16984,0.989584
A,RILP,2,0,3.0,5,45,0.438247,0.00453,0.034166,0.16851,0.989693
A,RILP,2,0,3.0,5,46,0.438195,0.004557,0.034208,0.169529,0.989568
A,RILP,2,0,3.0,5,47,0.438199,0.00458,0.034278,0.168623,0.989606
A,RILP,2,0,3.0,5,48,0.438404,0.004573,0.034035,0.167001,0.989598
A,RILP,2,0,3.0,5,49,0.438367,0.004498,0.034222,0.170684,0.98969
A,RILP,2,0,3.0,5,50,0.438288,0.004545,0.034202,0.168753,0.989623
A,RILP,2,0,3.0,5,51,0.438235,0.004497,0.034244,0.170503,0.989686
A,RILP-Greedy,2,0,3.0,5,42,0.438391,0.004589,0.034037,0.168658,0.989532
A,RILP-Greedy,2,0,3.0,5,43,0.438274,0.004547,0.034272,0.168912,0.98968
A,RILP-Greedy,2,0,3.0,5,44,0.4381,0.004571,0.034296,0.16984,0.989584
A,RILP-Greedy,2,0,3.0,5,45,0.438247,0.00453,0.034166,0.16851,0.989693
A,RILP-Greedy,2,0,3.0,5,46,0.438195,0.004557,0.034208,0.169529,0.989568
A,RILP-Greedy,2,0,3.0,5,47,0.438199,0.00458,0.034278,0.168623,0.989606
A,RILP-Greedy,2,0,3.0,5,48,0.438404,0.004573,0.034035,0.167001,0.989598
A,RILP-Greedy,2,0,3.0,5,49,0.438367,0.004498,0.034222,0.170684,0.98969
A,RILP-Greedy,2,0,3.0,5,50,0.438288,0.004545,0.034202,0.168753,0.989623
A,RILP-Greedy,2,0,3.0,5,51,0.438235,0.004497,0.034244,0.170503,0.989686
A,Nam2023b,2,0,3.0,5,42,0.291445,0.003009,0.197731,6.41916,0.989532
A,Nam2023b,2,0,3.0,5,43,0.291402,0.00304,0.197839,6.488707,0.98968
A,Nam2023b,2,0,3.0,5,44,0.291288,0.003072,0.198032,6.50314,0.989584
A,Nam2023b,2,0,3.0,5,45,0.291153,0.002996,0.197664,6.494659,0.989693
A,Nam2023b,2,0,3.0,5,46,0.291536,0.00305,0.197725,6.462577,0.989568
A,Nam2023b,2,0,3.0,5,47,0.291384,0.003047,0.197666,6.482836,0.989606
A,Nam2023b,2,0,3.0,5,48,0.2915,0.003082,0.197701,6.383904,0.989598
A,Nam2023b,2,0,3.0,5,49,0.291436,0.003004,0.197907,6.518833,0.98969
A,Nam2023b,2,0,3.0,5,50,0.291341,0.003024,0.198186,6.47687,0.989623
A,Nam2023b,2,0,3.0,5,51,0.291282,0.003027,0.198304,6.497098,0.989686
A,Nam2025,2,0,3.0,5,42,0.438391,0.004589,0.034037,0.168658,0.989532
A,Nam2025,2,0,3.0,5,43,0.438274,0.004547,0.034272,0.168912,0.98968
A,Nam2025,2,0,3.0,5,44,0.4381,0.004571,0.034296,0.16984,0.989584
A,Nam2025,2,0,3.0,5,45,0.438247,0.00453,0.034166,0.16851,0.989693
A,Nam2025,2,0,3.0,5,46,0.438195,0.004557,0.034208,0.169529,0.989568
A,Nam2025,2,0,3.0,5,47,0.438199,0.00458,0.034278,0.168623,0.989606
A,Nam2025,2,0,3.0,5,48,0.438404,0.004573,0.034035,0.167001,0.989598
A,Nam2025,2,0,3.0,5,49,0.438367,0.004498,0.034222,0.170684,0.98969
A,Nam2025,2,0,3.0,5,50,0.438288,0.004545,0.034202,0.168753,0.989623
A,Nam2025,2,0,3.0,5,51,0.438235,0.004497,0.034244,0.170503,0.989686
A,Youn2026,2,0,3.0,5,42,0.438391,0.004589,0.034037,0.168658,0.989532
A,Youn2026,2,0,3.0,5,43,0.438274,0.004547,0.034272,0.168912,0.98968
A,Youn2026,2,0,3.0,5,44,0.4381,0.004571,0.034296,0.16984,0.989584
A,Youn2026,2,0,3.0,5,45,0.438247,0.00453,0.034166,0.16851,0.989693
A,Youn2026,2,0,3.0,5,46,0.438195,0.004557,0.034208,0.169529,0.989568
A,Youn2026,2,0,3.0,5,47,0.438199,0.00458,0.034278,0.168623,0.989606
A,Youn2026,2,0,3.0,5,48,0.438404,0.004573,0.034035,0.167001,0.989598
A,Youn2026,2,0,3.0,5,49,0.438367,0.004498,0.034222,0.170684,0.98969
A,Youn2026,2,0,3.0,5,50,0.438288,0.004545,0.034202,0.168753,0.989623
A,Youn2026,2,0,3.0,5,51,0.438235,0.004497,0.034244,0.170503,0.989686
A,V2I-Base,2,0,3.0,5,42,0.438391,0.004589,0.034037,0.168658,0.989532
A,V2I-Base,2,0,3.0,5,43,0.438274,0.004547,0.034272,0.168912,0.98968
A,V2I-Base,2,0,3.0,5,44,0.4381,0.004571,0.034296,0.16984,0.989584
A,V2I-Base,2,0,3.0,5,45,0.438247,0.00453,0.034166,0.16851,0.989693
A,V2I-Base,2,0,3.0,5,46,0.438195,0.004557,0.034208,0.169529,0.989568
A,V2I-Base,2,0,3.0,5,47,0.438199,0.00458,0.034278,0.168623,0.989606
A,V2I-Base,2,0,3.0,5,48,0.438404,0.004573,0.034035,0.167001,0.989598
A,V2I-Base,2,0,3.0,5,49,0.438367,0.004498,0.034222,0.170684,0.98969
A,V2I-Base,2,0,3.0,5,50,0.438288,0.004545,0.034202,0.168753,0.989623
A,V2I-Base,2,0,3.0,5,51,0.438235,0.004497,0.034244,0.170503,0.989686
A,V2V-Base,2,0,3.0,5,42,0.999446,0.694425,6e-06,4.468916,0.989532
A,V2V-Base,2,0,3.0,5,43,0.999435,0.69455,5e-06,4.521968,0.98968
A,V2V-Base,2,0,3.0,5,44,0.99943,0.694412,5e-06,4.540718,0.989584
A,V2V-Base,2,0,3.0,5,45,0.999391,0.694261,7e-06,4.53039,0.989693
A,V2V-Base,2,0,3.0,5,46,0.999419,0.694488,5e-06,4.506897,0.989568
A,V2V-Base,2,0,3.0,5,47,0.999388,0.694647,7e-06,4.51868,0.989606
A,V2V-Base,2,0,3.0,5,48,0.999399,0.694536,5e-06,4.452697,0.989598
A,V2V-Base,2,0,3.0,5,49,0.999443,0.694407,4e-06,4.529532,0.98969
A,V2V-Base,2,0,3.0,5,50,0.999397,0.694401,3e-06,4.510963,0.989623
A,V2V-Base,2,0,3.0,5,51,0.999442,0.694306,6e-06,4.524207,0.989686
A,Random-K,2,0,3.0,5,42,0.999313,0.900173,0.000111,5.7941,0.989532
A,Random-K,2,0,3.0,5,43,0.999273,0.900534,0.000109,5.856208,0.98968
A,Random-K,2,0,3.0,5,44,0.999326,0.900373,0.000129,5.868316,0.989584
A,Random-K,2,0,3.0,5,45,0.999333,0.90037,0.000119,5.861636,0.989693
A,Random-K,2,0,3.0,5,46,0.999339,0.900446,8.8e-05,5.832787,0.989568
A,Random-K,2,0,3.0,5,47,0.999294,0.900389,7.5e-05,5.851289,0.989606
A,Random-K,2,0,3.0,5,48,0.999271,0.900105,0.000106,5.762089,0.989598
A,Random-K,2,0,3.0,5,49,0.999342,0.900351,9e-05,5.883796,0.98969
A,Random-K,2,0,3.0,5,50,0.999301,0.900363,0.000104,5.84519,0.989623
A,Random-K,2,0,3.0,5,51,0.999348,0.900246,0.000137,5.864803,0.989686
A,RILP,2,10,0.0,5,42,0.438391,0.004589,0.034037,0.168658,0.989532
A,RILP,2,10,0.0,5,43,0.438274,0.004547,0.034272,0.168912,0.98968
A,RILP,2,10,0.0,5,44,0.4381,0.004571,0.034296,0.16984,0.989584
A,RILP,2,10,0.0,5,45,0.438247,0.00453,0.034166,0.16851,0.989693
A,RILP,2,10,0.0,5,46,0.438195,0.004557,0.034208,0.169529,0.989568
A,RILP,2,10,0.0,5,47,0.438199,0.00458,0.034278,0.168623,0.989606
A,RILP,2,10,0.0,5,48,0.438404,0.004573,0.034035,0.167001,0.989598
A,RILP,2,10,0.0,5,49,0.438367,0.004498,0.034222,0.170684,0.98969
A,RILP,2,10,0.0,5,50,0.438288,0.004545,0.034202,0.168753,0.989623
A,RILP,2,10,0.0,5,51,0.438235,0.004497,0.034244,0.170503,0.989686
A,RILP-Greedy,2,10,0.0,5,42,0.438391,0.004589,0.034037,0.168658,0.989532
A,RILP-Greedy,2,10,0.0,5,43,0.438274,0.004547,0.034272,0.168912,0.98968
A,RILP-Greedy,2,10,0.0,5,44,0.4381,0.004571,0.034296,0.16984,0.989584
A,RILP-Greedy,2,10,0.0,5,45,0.438247,0.00453,0.034166,0.16851,0.989693
A,RILP-Greedy,2,10,0.0,5,46,0.438195,0.004557,0.034208,0.169529,0.989568
A,RILP-Greedy,2,10,0.0,5,47,0.438199,0.00458,0.034278,0.168623,0.989606
A,RILP-Greedy,2,10,0.0,5,48,0.438404,0.004573,0.034035,0.167001,0.989598
A,RILP-Greedy,2,10,0.0,5,49,0.438367,0.004498,0.034222,0.170684,0.98969
A,RILP-Greedy,2,10,0.0,5,50,0.438288,0.004545,0.034202,0.168753,0.989623
A,RILP-Greedy,2,10,0.0,5,51,0.438235,0.004497,0.034244,0.170503,0.989686
A,Nam2023b,2,10,0.0,5,42,0.291445,0.003009,0.197731,6.41916,0.989532
A,Nam2023b,2,10,0.0,5,43,0.291402,0.00304,0.197839,6.488707,0.98968
A,Nam2023b,2,10,0.0,5,44,0.291288,0.003072,0.198032,6.50314,0.989584
A,Nam2023b,2,10,0.0,5,45,0.291153,0.002996,0.197664,6.494659,0.989693
A,Nam2023b,2,10,0.0,5,46,0.291536,0.00305,0.197725,6.462577,0.989568
A,Nam2023b,2,10,0.0,5,47,0.291384,0.003047,0.197666,6.482836,0.989606
A,Nam2023b,2,10,0.0,5,48,0.2915,0.003082,0.197701,6.383904,0.989598
A,Nam2023b,2,10,0.0,5,49,0.291436,0.003004,0.197907,6.518833,0.98969
A,Nam2023b,2,10,0.0,5,50,0.291341,0.003024,0.198186,6.47687,0.989623
A,Nam2023b,2,10,0.0,5,51,0.291282,0.003027,0.198304,6.497098,0.989686
A,Nam2025,2,10,0.0,5,42,0.438391,0.004589,0.034037,0.168658,0.989532
A,Nam2025,2,10,0.0,5,43,0.438274,0.004547,0.034272,0.168912,0.98968
A,Nam2025,2,10,0.0,5,44,0.4381,0.004571,0.034296,0.16984,0.989584
A,Nam2025,2,10,0.0,5,45,0.438247,0.00453,0.034166,0.16851,0.989693
A,Nam2025,2,10,0.0,5,46,0.438195,0.004557,0.034208,0.169529,0.989568
A,Nam2025,2,10,0.0,5,47,0.438199,0.00458,0.034278,0.168623,0.989606
A,Nam2025,2,10,0.0,5,48,0.438404,0.004573,0.034035,0.167001,0.989598
A,Nam2025,2,10,0.0,5,49,0.438367,0.004498,0.034222,0.170684,0.98969
A,Nam2025,2,10,0.0,5,50,0.438288,0.004545,0.034202,0.168753,0.989623
A,Nam2025,2,10,0.0,5,51,0.438235,0.004497,0.034244,0.170503,0.989686
A,Youn2026,2,10,0.0,5,42,0.438391,0.004589,0.034037,0.168658,0.989532
A,Youn2026,2,10,0.0,5,43,0.438274,0.004547,0.034272,0.168912,0.98968
A,Youn2026,2,10,0.0,5,44,0.4381,0.004571,0.034296,0.16984,0.989584
A,Youn2026,2,10,0.0,5,45,0.438247,0.00453,0.034166,0.16851,0.989693
A,Youn2026,2,10,0.0,5,46,0.438195,0.004557,0.034208,0.169529,0.989568
A,Youn2026,2,10,0.0,5,47,0.438199,0.00458,0.034278,0.168623,0.989606
A,Youn2026,2,10,0.0,5,48,0.438404,0.004573,0.034035,0.167001,0.989598
A,Youn2026,2,10,0.0,5,49,0.438367,0.004498,0.034222,0.170684,0.98969
A,Youn2026,2,10,0.0,5,50,0.438288,0.004545,0.034202,0.168753,0.989623
A,Youn2026,2,10,0.0,5,51,0.438235,0.004497,0.034244,0.170503,0.989686
A,V2I-Base,2,10,0.0,5,42,0.438391,0.004589,0.034037,0.168658,0.989532
A,V2I-Base,2,10,0.0,5,43,0.438274,0.004547,0.034272,0.168912,0.98968
A,V2I-Base,2,10,0.0,5,44,0.4381,0.004571,0.034296,0.16984,0.989584
A,V2I-Base,2,10,0.0,5,45,0.438247,0.00453,0.034166,0.16851,0.989693
A,V2I-Base,2,10,0.0,5,46,0.438195,0.004557,0.034208,0.169529,0.989568
A,V2I-Base,2,10,0.0,5,47,0.438199,0.00458,0.034278,0.168623,0.989606
A,V2I-Base,2,10,0.0,5,48,0.438404,0.004573,0.034035,0.167001,0.989598
A,V2I-Base,2,10,0.0,5,49,0.438367,0.004498,0.034222,0.170684,0.98969
A,V2I-Base,2,10,0.0,5,50,0.438288,0.004545,0.034202,0.168753,0.989623
A,V2I-Base,2,10,0.0,5,51,0.438235,0.004497,0.034244,0.170503,0.989686
A,V2V-Base,2,10,0.0,5,42,0.999446,0.694425,6e-06,4.468916,0.989532
A,V2V-Base,2,10,0.0,5,43,0.999435,0.69455,5e-06,4.521968,0.98968
A,V2V-Base,2,10,0.0,5,44,0.99943,0.694412,5e-06,4.540718,0.989584
A,V2V-Base,2,10,0.0,5,45,0.999391,0.694261,7e-06,4.53039,0.989693
A,V2V-Base,2,10,0.0,5,46,0.999419,0.694488,5e-06,4.506897,0.989568
A,V2V-Base,2,10,0.0,5,47,0.999388,0.694647,7e-06,4.51868,0.989606
A,V2V-Base,2,10,0.0,5,48,0.999399,0.694536,5e-06,4.452697,0.989598
A,V2V-Base,2,10,0.0,5,49,0.999443,0.694407,4e-06,4.529532,0.98969
A,V2V-Base,2,10,0.0,5,50,0.999397,0.694401,3e-06,4.510963,0.989623
A,V2V-Base,2,10,0.0,5,51,0.999442,0.694306,6e-06,4.524207,0.989686
A,Random-K,2,10,0.0,5,42,0.999313,0.900173,0.000111,5.7941,0.989532
A,Random-K,2,10,0.0,5,43,0.999273,0.900534,0.000109,5.856208,0.98968
A,Random-K,2,10,0.0,5,44,0.999326,0.900373,0.000129,5.868316,0.989584
A,Random-K,2,10,0.0,5,45,0.999333,0.90037,0.000119,5.861636,0.989693
A,Random-K,2,10,0.0,5,46,0.999339,0.900446,8.8e-05,5.832787,0.989568
A,Random-K,2,10,0.0,5,47,0.999294,0.900389,7.5e-05,5.851289,0.989606
A,Random-K,2,10,0.0,5,48,0.999271,0.900105,0.000106,5.762089,0.989598
A,Random-K,2,10,0.0,5,49,0.999342,0.900351,9e-05,5.883796,0.98969
A,Random-K,2,10,0.0,5,50,0.999301,0.900363,0.000104,5.84519,0.989623
A,Random-K,2,10,0.0,5,51,0.999348,0.900246,0.000137,5.864803,0.989686
A,RILP,2,10,1.0,5,42,0.438391,0.004589,0.034037,0.168658,0.989532
A,RILP,2,10,1.0,5,43,0.438274,0.004547,0.034272,0.168912,0.98968
A,RILP,2,10,1.0,5,44,0.4381,0.004571,0.034296,0.16984,0.989584
A,RILP,2,10,1.0,5,45,0.438247,0.00453,0.034166,0.16851,0.989693
A,RILP,2,10,1.0,5,46,0.438195,0.004557,0.034208,0.169529,0.989568
A,RILP,2,10,1.0,5,47,0.438199,0.00458,0.034278,0.168623,0.989606
A,RILP,2,10,1.0,5,48,0.438404,0.004573,0.034035,0.167001,0.989598
A,RILP,2,10,1.0,5,49,0.438367,0.004498,0.034222,0.170684,0.98969
A,RILP,2,10,1.0,5,50,0.438288,0.004545,0.034202,0.168753,0.989623
A,RILP,2,10,1.0,5,51,0.438235,0.004497,0.034244,0.170503,0.989686
A,RILP-Greedy,2,10,1.0,5,42,0.438391,0.004589,0.034037,0.168658,0.989532
A,RILP-Greedy,2,10,1.0,5,43,0.438274,0.004547,0.034272,0.168912,0.98968
A,RILP-Greedy,2,10,1.0,5,44,0.4381,0.004571,0.034296,0.16984,0.989584
A,RILP-Greedy,2,10,1.0,5,45,0.438247,0.00453,0.034166,0.16851,0.989693
A,RILP-Greedy,2,10,1.0,5,46,0.438195,0.004557,0.034208,0.169529,0.989568
A,RILP-Greedy,2,10,1.0,5,47,0.438199,0.00458,0.034278,0.168623,0.989606
A,RILP-Greedy,2,10,1.0,5,48,0.438404,0.004573,0.034035,0.167001,0.989598
A,RILP-Greedy,2,10,1.0,5,49,0.438367,0.004498,0.034222,0.170684,0.98969
A,RILP-Greedy,2,10,1.0,5,50,0.438288,0.004545,0.034202,0.168753,0.989623
A,RILP-Greedy,2,10,1.0,5,51,0.438235,0.004497,0.034244,0.170503,0.989686
A,Nam2023b,2,10,1.0,5,42,0.291445,0.003009,0.197731,6.41916,0.989532
A,Nam2023b,2,10,1.0,5,43,0.291402,0.00304,0.197839,6.488707,0.98968
A,Nam2023b,2,10,1.0,5,44,0.291288,0.003072,0.198032,6.50314,0.989584
A,Nam2023b,2,10,1.0,5,45,0.291153,0.002996,0.197664,6.494659,0.989693
A,Nam2023b,2,10,1.0,5,46,0.291536,0.00305,0.197725,6.462577,0.989568
A,Nam2023b,2,10,1.0,5,47,0.291384,0.003047,0.197666,6.482836,0.989606
A,Nam2023b,2,10,1.0,5,48,0.2915,0.003082,0.197701,6.383904,0.989598
A,Nam2023b,2,10,1.0,5,49,0.291436,0.003004,0.197907,6.518833,0.98969
A,Nam2023b,2,10,1.0,5,50,0.291341,0.003024,0.198186,6.47687,0.989623
A,Nam2023b,2,10,1.0,5,51,0.291282,0.003027,0.198304,6.497098,0.989686
A,Nam2025,2,10,1.0,5,42,0.438391,0.004589,0.034037,0.168658,0.989532
A,Nam2025,2,10,1.0,5,43,0.438274,0.004547,0.034272,0.168912,0.98968
A,Nam2025,2,10,1.0,5,44,0.4381,0.004571,0.034296,0.16984,0.989584
A,Nam2025,2,10,1.0,5,45,0.438247,0.00453,0.034166,0.16851,0.989693
A,Nam2025,2,10,1.0,5,46,0.438195,0.004557,0.034208,0.169529,0.989568
A,Nam2025,2,10,1.0,5,47,0.438199,0.00458,0.034278,0.168623,0.989606
A,Nam2025,2,10,1.0,5,48,0.438404,0.004573,0.034035,0.167001,0.989598
A,Nam2025,2,10,1.0,5,49,0.438367,0.004498,0.034222,0.170684,0.98969
A,Nam2025,2,10,1.0,5,50,0.438288,0.004545,0.034202,0.168753,0.989623
A,Nam2025,2,10,1.0,5,51,0.438235,0.004497,0.034244,0.170503,0.989686
A,Youn2026,2,10,1.0,5,42,0.438391,0.004589,0.034037,0.168658,0.989532
A,Youn2026,2,10,1.0,5,43,0.438274,0.004547,0.034272,0.168912,0.98968
A,Youn2026,2,10,1.0,5,44,0.4381,0.004571,0.034296,0.16984,0.989584
A,Youn2026,2,10,1.0,5,45,0.438247,0.00453,0.034166,0.16851,0.989693
A,Youn2026,2,10,1.0,5,46,0.438195,0.004557,0.034208,0.169529,0.989568
A,Youn2026,2,10,1.0,5,47,0.438199,0.00458,0.034278,0.168623,0.989606
A,Youn2026,2,10,1.0,5,48,0.438404,0.004573,0.034035,0.167001,0.989598
A,Youn2026,2,10,1.0,5,49,0.438367,0.004498,0.034222,0.170684,0.98969
A,Youn2026,2,10,1.0,5,50,0.438288,0.004545,0.034202,0.168753,0.989623
A,Youn2026,2,10,1.0,5,51,0.438235,0.004497,0.034244,0.170503,0.989686
A,V2I-Base,2,10,1.0,5,42,0.438391,0.004589,0.034037,0.168658,0.989532
A,V2I-Base,2,10,1.0,5,43,0.438274,0.004547,0.034272,0.168912,0.98968
A,V2I-Base,2,10,1.0,5,44,0.4381,0.004571,0.034296,0.16984,0.989584
A,V2I-Base,2,10,1.0,5,45,0.438247,0.00453,0.034166,0.16851,0.989693
A,V2I-Base,2,10,1.0,5,46,0.438195,0.004557,0.034208,0.169529,0.989568
A,V2I-Base,2,10,1.0,5,47,0.438199,0.00458,0.034278,0.168623,0.989606
A,V2I-Base,2,10,1.0,5,48,0.438404,0.004573,0.034035,0.167001,0.989598
A,V2I-Base,2,10,1.0,5,49,0.438367,0.004498,0.034222,0.170684,0.98969
A,V2I-Base,2,10,1.0,5,50,0.438288,0.004545,0.034202,0.168753,0.989623
A,V2I-Base,2,10,1.0,5,51,0.438235,0.004497,0.034244,0.170503,0.989686
A,V2V-Base,2,10,1.0,5,42,0.999446,0.694425,6e-06,4.468916,0.989532
A,V2V-Base,2,10,1.0,5,43,0.999435,0.69455,5e-06,4.521968,0.98968
A,V2V-Base,2,10,1.0,5,44,0.99943,0.694412,5e-06,4.540718,0.989584
A,V2V-Base,2,10,1.0,5,45,0.999391,0.694261,7e-06,4.53039,0.989693
A,V2V-Base,2,10,1.0,5,46,0.999419,0.694488,5e-06,4.506897,0.989568
A,V2V-Base,2,10,1.0,5,47,0.999388,0.694647,7e-06,4.51868,0.989606
A,V2V-Base,2,10,1.0,5,48,0.999399,0.694536,5e-06,4.452697,0.989598
A,V2V-Base,2,10,1.0,5,49,0.999443,0.694407,4e-06,4.529532,0.98969
A,V2V-Base,2,10,1.0,5,50,0.999397,0.694401,3e-06,4.510963,0.989623
A,V2V-Base,2,10,1.0,5,51,0.999442,0.694306,6e-06,4.524207,0.989686
A,Random-K,2,10,1.0,5,42,0.999313,0.900173,0.000111,5.7941,0.989532
A,Random-K,2,10,1.0,5,43,0.999273,0.900534,0.000109,5.856208,0.98968
A,Random-K,2,10,1.0,5,44,0.999326,0.900373,0.000129,5.868316,0.989584
A,Random-K,2,10,1.0,5,45,0.999333,0.90037,0.000119,5.861636,0.989693
A,Random-K,2,10,1.0,5,46,0.999339,0.900446,8.8e-05,5.832787,0.989568
A,Random-K,2,10,1.0,5,47,0.999294,0.900389,7.5e-05,5.851289,0.989606
A,Random-K,2,10,1.0,5,48,0.999271,0.900105,0.000106,5.762089,0.989598
A,Random-K,2,10,1.0,5,49,0.999342,0.900351,9e-05,5.883796,0.98969
A,Random-K,2,10,1.0,5,50,0.999301,0.900363,0.000104,5.84519,0.989623
A,Random-K,2,10,1.0,5,51,0.999348,0.900246,0.000137,5.864803,0.989686
A,RILP,2,10,2.0,5,42,0.438391,0.004589,0.034037,0.168658,0.989532
A,RILP,2,10,2.0,5,43,0.438274,0.004547,0.034272,0.168912,0.98968
A,RILP,2,10,2.0,5,44,0.4381,0.004571,0.034296,0.16984,0.989584
A,RILP,2,10,2.0,5,45,0.438247,0.00453,0.034166,0.16851,0.989693
A,RILP,2,10,2.0,5,46,0.438195,0.004557,0.034208,0.169529,0.989568
A,RILP,2,10,2.0,5,47,0.438199,0.00458,0.034278,0.168623,0.989606
A,RILP,2,10,2.0,5,48,0.438404,0.004573,0.034035,0.167001,0.989598
A,RILP,2,10,2.0,5,49,0.438367,0.004498,0.034222,0.170684,0.98969
A,RILP,2,10,2.0,5,50,0.438288,0.004545,0.034202,0.168753,0.989623
A,RILP,2,10,2.0,5,51,0.438235,0.004497,0.034244,0.170503,0.989686
A,RILP-Greedy,2,10,2.0,5,42,0.438391,0.004589,0.034037,0.168658,0.989532
A,RILP-Greedy,2,10,2.0,5,43,0.438274,0.004547,0.034272,0.168912,0.98968
A,RILP-Greedy,2,10,2.0,5,44,0.4381,0.004571,0.034296,0.16984,0.989584
A,RILP-Greedy,2,10,2.0,5,45,0.438247,0.00453,0.034166,0.16851,0.989693
A,RILP-Greedy,2,10,2.0,5,46,0.438195,0.004557,0.034208,0.169529,0.989568
A,RILP-Greedy,2,10,2.0,5,47,0.438199,0.00458,0.034278,0.168623,0.989606
A,RILP-Greedy,2,10,2.0,5,48,0.438404,0.004573,0.034035,0.167001,0.989598
A,RILP-Greedy,2,10,2.0,5,49,0.438367,0.004498,0.034222,0.170684,0.98969
A,RILP-Greedy,2,10,2.0,5,50,0.438288,0.004545,0.034202,0.168753,0.989623
A,RILP-Greedy,2,10,2.0,5,51,0.438235,0.004497,0.034244,0.170503,0.989686
A,Nam2023b,2,10,2.0,5,42,0.291445,0.003009,0.197731,6.41916,0.989532
A,Nam2023b,2,10,2.0,5,43,0.291402,0.00304,0.197839,6.488707,0.98968
A,Nam2023b,2,10,2.0,5,44,0.291288,0.003072,0.198032,6.50314,0.989584
A,Nam2023b,2,10,2.0,5,45,0.291153,0.002996,0.197664,6.494659,0.989693
A,Nam2023b,2,10,2.0,5,46,0.291536,0.00305,0.197725,6.462577,0.989568
A,Nam2023b,2,10,2.0,5,47,0.291384,0.003047,0.197666,6.482836,0.989606
A,Nam2023b,2,10,2.0,5,48,0.2915,0.003082,0.197701,6.383904,0.989598
A,Nam2023b,2,10,2.0,5,49,0.291436,0.003004,0.197907,6.518833,0.98969
A,Nam2023b,2,10,2.0,5,50,0.291341,0.003024,0.198186,6.47687,0.989623
A,Nam2023b,2,10,2.0,5,51,0.291282,0.003027,0.198304,6.497098,0.989686
A,Nam2025,2,10,2.0,5,42,0.438391,0.004589,0.034037,0.168658,0.989532
A,Nam2025,2,10,2.0,5,43,0.438274,0.004547,0.034272,0.168912,0.98968
A,Nam2025,2,10,2.0,5,44,0.4381,0.004571,0.034296,0.16984,0.989584
A,Nam2025,2,10,2.0,5,45,0.438247,0.00453,0.034166,0.16851,0.989693
A,Nam2025,2,10,2.0,5,46,0.438195,0.004557,0.034208,0.169529,0.989568
A,Nam2025,2,10,2.0,5,47,0.438199,0.00458,0.034278,0.168623,0.989606
A,Nam2025,2,10,2.0,5,48,0.438404,0.004573,0.034035,0.167001,0.989598
A,Nam2025,2,10,2.0,5,49,0.438367,0.004498,0.034222,0.170684,0.98969
A,Nam2025,2,10,2.0,5,50,0.438288,0.004545,0.034202,0.168753,0.989623
A,Nam2025,2,10,2.0,5,51,0.438235,0.004497,0.034244,0.170503,0.989686
A,Youn2026,2,10,2.0,5,42,0.438391,0.004589,0.034037,0.168658,0.989532
A,Youn2026,2,10,2.0,5,43,0.438274,0.004547,0.034272,0.168912,0.98968
A,Youn2026,2,10,2.0,5,44,0.4381,0.004571,0.034296,0.16984,0.989584
A,Youn2026,2,10,2.0,5,45,0.438247,0.00453,0.034166,0.16851,0.989693
A,Youn2026,2,10,2.0,5,46,0.438195,0.004557,0.034208,0.169529,0.989568
A,Youn2026,2,10,2.0,5,47,0.438199,0.00458,0.034278,0.168623,0.989606
A,Youn2026,2,10,2.0,5,48,0.438404,0.004573,0.034035,0.167001,0.989598
A,Youn2026,2,10,2.0,5,49,0.438367,0.004498,0.034222,0.170684,0.98969
A,Youn2026,2,10,2.0,5,50,0.438288,0.004545,0.034202,0.168753,0.989623
A,Youn2026,2,10,2.0,5,51,0.438235,0.004497,0.034244,0.170503,0.989686
A,V2I-Base,2,10,2.0,5,42,0.438391,0.004589,0.034037,0.168658,0.989532
A,V2I-Base,2,10,2.0,5,43,0.438274,0.004547,0.034272,0.168912,0.98968
A,V2I-Base,2,10,2.0,5,44,0.4381,0.004571,0.034296,0.16984,0.989584
A,V2I-Base,2,10,2.0,5,45,0.438247,0.00453,0.034166,0.16851,0.989693
A,V2I-Base,2,10,2.0,5,46,0.438195,0.004557,0.034208,0.169529,0.989568
A,V2I-Base,2,10,2.0,5,47,0.438199,0.00458,0.034278,0.168623,0.989606
A,V2I-Base,2,10,2.0,5,48,0.438404,0.004573,0.034035,0.167001,0.989598
A,V2I-Base,2,10,2.0,5,49,0.438367,0.004498,0.034222,0.170684,0.98969
A,V2I-Base,2,10,2.0,5,50,0.438288,0.004545,0.034202,0.168753,0.989623
A,V2I-Base,2,10,2.0,5,51,0.438235,0.004497,0.034244,0.170503,0.989686
A,V2V-Base,2,10,2.0,5,42,0.999446,0.694425,6e-06,4.468916,0.989532
A,V2V-Base,2,10,2.0,5,43,0.999435,0.69455,5e-06,4.521968,0.98968
A,V2V-Base,2,10,2.0,5,44,0.99943,0.694412,5e-06,4.540718,0.989584
A,V2V-Base,2,10,2.0,5,45,0.999391,0.694261,7e-06,4.53039,0.989693
A,V2V-Base,2,10,2.0,5,46,0.999419,0.694488,5e-06,4.506897,0.989568
A,V2V-Base,2,10,2.0,5,47,0.999388,0.694647,7e-06,4.51868,0.989606
A,V2V-Base,2,10,2.0,5,48,0.999399,0.694536,5e-06,4.452697,0.989598
A,V2V-Base,2,10,2.0,5,49,0.999443,0.694407,4e-06,4.529532,0.98969
A,V2V-Base,2,10,2.0,5,50,0.999397,0.694401,3e-06,4.510963,0.989623
A,V2V-Base,2,10,2.0,5,51,0.999442,0.694306,6e-06,4.524207,0.989686
A,Random-K,2,10,2.0,5,42,0.999313,0.900173,0.000111,5.7941,0.989532
A,Random-K,2,10,2.0,5,43,0.999273,0.900534,0.000109,5.856208,0.98968
A,Random-K,2,10,2.0,5,44,0.999326,0.900373,0.000129,5.868316,0.989584
A,Random-K,2,10,2.0,5,45,0.999333,0.90037,0.000119,5.861636,0.989693
A,Random-K,2,10,2.0,5,46,0.999339,0.900446,8.8e-05,5.832787,0.989568
A,Random-K,2,10,2.0,5,47,0.999294,0.900389,7.5e-05,5.851289,0.989606
A,Random-K,2,10,2.0,5,48,0.999271,0.900105,0.000106,5.762089,0.989598
A,Random-K,2,10,2.0,5,49,0.999342,0.900351,9e-05,5.883796,0.98969
A,Random-K,2,10,2.0,5,50,0.999301,0.900363,0.000104,5.84519,0.989623
A,Random-K,2,10,2.0,5,51,0.999348,0.900246,0.000137,5.864803,0.989686
A,RILP,2,10,3.0,5,42,0.438391,0.004589,0.034037,0.168658,0.989532
A,RILP,2,10,3.0,5,43,0.438274,0.004547,0.034272,0.168912,0.98968
A,RILP,2,10,3.0,5,44,0.4381,0.004571,0.034296,0.16984,0.989584
A,RILP,2,10,3.0,5,45,0.438247,0.00453,0.034166,0.16851,0.989693
A,RILP,2,10,3.0,5,46,0.438195,0.004557,0.034208,0.169529,0.989568
A,RILP,2,10,3.0,5,47,0.438199,0.00458,0.034278,0.168623,0.989606
A,RILP,2,10,3.0,5,48,0.438404,0.004573,0.034035,0.167001,0.989598
A,RILP,2,10,3.0,5,49,0.438367,0.004498,0.034222,0.170684,0.98969
A,RILP,2,10,3.0,5,50,0.438288,0.004545,0.034202,0.168753,0.989623
A,RILP,2,10,3.0,5,51,0.438235,0.004497,0.034244,0.170503,0.989686
A,RILP-Greedy,2,10,3.0,5,42,0.438391,0.004589,0.034037,0.168658,0.989532
A,RILP-Greedy,2,10,3.0,5,43,0.438274,0.004547,0.034272,0.168912,0.98968
A,RILP-Greedy,2,10,3.0,5,44,0.4381,0.004571,0.034296,0.16984,0.989584
A,RILP-Greedy,2,10,3.0,5,45,0.438247,0.00453,0.034166,0.16851,0.989693
A,RILP-Greedy,2,10,3.0,5,46,0.438195,0.004557,0.034208,0.169529,0.989568
A,RILP-Greedy,2,10,3.0,5,47,0.438199,0.00458,0.034278,0.168623,0.989606
A,RILP-Greedy,2,10,3.0,5,48,0.438404,0.004573,0.034035,0.167001,0.989598
A,RILP-Greedy,2,10,3.0,5,49,0.438367,0.004498,0.034222,0.170684,0.98969
A,RILP-Greedy,2,10,3.0,5,50,0.438288,0.004545,0.034202,0.168753,0.989623
A,RILP-Greedy,2,10,3.0,5,51,0.438235,0.004497,0.034244,0.170503,0.989686
A,Nam2023b,2,10,3.0,5,42,0.291445,0.003009,0.197731,6.41916,0.989532
A,Nam2023b,2,10,3.0,5,43,0.291402,0.00304,0.197839,6.488707,0.98968
A,Nam2023b,2,10,3.0,5,44,0.291288,0.003072,0.198032,6.50314,0.989584
A,Nam2023b,2,10,3.0,5,45,0.291153,0.002996,0.197664,6.494659,0.989693
A,Nam2023b,2,10,3.0,5,46,0.291536,0.00305,0.197725,6.462577,0.989568
A,Nam2023b,2,10,3.0,5,47,0.291384,0.003047,0.197666,6.482836,0.989606
A,Nam2023b,2,10,3.0,5,48,0.2915,0.003082,0.197701,6.383904,0.989598
A,Nam2023b,2,10,3.0,5,49,0.291436,0.003004,0.197907,6.518833,0.98969
A,Nam2023b,2,10,3.0,5,50,0.291341,0.003024,0.198186,6.47687,0.989623
A,Nam2023b,2,10,3.0,5,51,0.291282,0.003027,0.198304,6.497098,0.989686
A,Nam2025,2,10,3.0,5,42,0.438391,0.004589,0.034037,0.168658,0.989532
A,Nam2025,2,10,3.0,5,43,0.438274,0.004547,0.034272,0.168912,0.98968
A,Nam2025,2,10,3.0,5,44,0.4381,0.004571,0.034296,0.16984,0.989584
A,Nam2025,2,10,3.0,5,45,0.438247,0.00453,0.034166,0.16851,0.989693
A,Nam2025,2,10,3.0,5,46,0.438195,0.004557,0.034208,0.169529,0.989568
A,Nam2025,2,10,3.0,5,47,0.438199,0.00458,0.034278,0.168623,0.989606
A,Nam2025,2,10,3.0,5,48,0.438404,0.004573,0.034035,0.167001,0.989598
A,Nam2025,2,10,3.0,5,49,0.438367,0.004498,0.034222,0.170684,0.98969
A,Nam2025,2,10,3.0,5,50,0.438288,0.004545,0.034202,0.168753,0.989623
A,Nam2025,2,10,3.0,5,51,0.438235,0.004497,0.034244,0.170503,0.989686
A,Youn2026,2,10,3.0,5,42,0.438391,0.004589,0.034037,0.168658,0.989532
A,Youn2026,2,10,3.0,5,43,0.438274,0.004547,0.034272,0.168912,0.98968
A,Youn2026,2,10,3.0,5,44,0.4381,0.004571,0.034296,0.16984,0.989584
A,Youn2026,2,10,3.0,5,45,0.438247,0.00453,0.034166,0.16851,0.989693
A,Youn2026,2,10,3.0,5,46,0.438195,0.004557,0.034208,0.169529,0.989568
A,Youn2026,2,10,3.0,5,47,0.438199,0.00458,0.034278,0.168623,0.989606
A,Youn2026,2,10,3.0,5,48,0.438404,0.004573,0.034035,0.167001,0.989598
A,Youn2026,2,10,3.0,5,49,0.438367,0.004498,0.034222,0.170684,0.98969
A,Youn2026,2,10,3.0,5,50,0.438288,0.004545,0.034202,0.168753,0.989623
A,Youn2026,2,10,3.0,5,51,0.438235,0.004497,0.034244,0.170503,0.989686
A,V2I-Base,2,10,3.0,5,42,0.438391,0.004589,0.034037,0.168658,0.989532
A,V2I-Base,2,10,3.0,5,43,0.438274,0.004547,0.034272,0.168912,0.98968
A,V2I-Base,2,10,3.0,5,44,0.4381,0.004571,0.034296,0.16984,0.989584
A,V2I-Base,2,10,3.0,5,45,0.438247,0.00453,0.034166,0.16851,0.989693
A,V2I-Base,2,10,3.0,5,46,0.438195,0.004557,0.034208,0.169529,0.989568
A,V2I-Base,2,10,3.0,5,47,0.438199,0.00458,0.034278,0.168623,0.989606
A,V2I-Base,2,10,3.0,5,48,0.438404,0.004573,0.034035,0.167001,0.989598
A,V2I-Base,2,10,3.0,5,49,0.438367,0.004498,0.034222,0.170684,0.98969
A,V2I-Base,2,10,3.0,5,50,0.438288,0.004545,0.034202,0.168753,0.989623
A,V2I-Base,2,10,3.0,5,51,0.438235,0.004497,0.034244,0.170503,0.989686
A,V2V-Base,2,10,3.0,5,42,0.999446,0.694425,6e-06,4.468916,0.989532
A,V2V-Base,2,10,3.0,5,43,0.999435,0.69455,5e-06,4.521968,0.98968
A,V2V-Base,2,10,3.0,5,44,0.99943,0.694412,5e-06,4.540718,0.989584
A,V2V-Base,2,10,3.0,5,45,0.999391,0.694261,7e-06,4.53039,0.989693
A,V2V-Base,2,10,3.0,5,46,0.999419,0.694488,5e-06,4.506897,0.989568
A,V2V-Base,2,10,3.0,5,47,0.999388,0.694647,7e-06,4.51868,0.989606
A,V2V-Base,2,10,3.0,5,48,0.999399,0.694536,5e-06,4.452697,0.989598
A,V2V-Base,2,10,3.0,5,49,0.999443,0.694407,4e-06,4.529532,0.98969
A,V2V-Base,2,10,3.0,5,50,0.999397,0.694401,3e-06,4.510963,0.989623
A,V2V-Base,2,10,3.0,5,51,0.999442,0.694306,6e-06,4.524207,0.989686
A,Random-K,2,10,3.0,5,42,0.999313,0.900173,0.000111,5.7941,0.989532
A,Random-K,2,10,3.0,5,43,0.999273,0.900534,0.000109,5.856208,0.98968
A,Random-K,2,10,3.0,5,44,0.999326,0.900373,0.000129,5.868316,0.989584
A,Random-K,2,10,3.0,5,45,0.999333,0.90037,0.000119,5.861636,0.989693
A,Random-K,2,10,3.0,5,46,0.999339,0.900446,8.8e-05,5.832787,0.989568
A,Random-K,2,10,3.0,5,47,0.999294,0.900389,7.5e-05,5.851289,0.989606
A,Random-K,2,10,3.0,5,48,0.999271,0.900105,0.000106,5.762089,0.989598
A,Random-K,2,10,3.0,5,49,0.999342,0.900351,9e-05,5.883796,0.98969
A,Random-K,2,10,3.0,5,50,0.999301,0.900363,0.000104,5.84519,0.989623
A,Random-K,2,10,3.0,5,51,0.999348,0.900246,0.000137,5.864803,0.989686
A,RILP,2,20,0.0,5,42,0.438391,0.004589,0.034037,0.168658,0.989532
A,RILP,2,20,0.0,5,43,0.438274,0.004547,0.034272,0.168912,0.98968
A,RILP,2,20,0.0,5,44,0.4381,0.004571,0.034296,0.16984,0.989584
A,RILP,2,20,0.0,5,45,0.438247,0.00453,0.034166,0.16851,0.989693
A,RILP,2,20,0.0,5,46,0.438195,0.004557,0.034208,0.169529,0.989568
A,RILP,2,20,0.0,5,47,0.438199,0.00458,0.034278,0.168623,0.989606
A,RILP,2,20,0.0,5,48,0.438404,0.004573,0.034035,0.167001,0.989598
A,RILP,2,20,0.0,5,49,0.438367,0.004498,0.034222,0.170684,0.98969
A,RILP,2,20,0.0,5,50,0.438288,0.004545,0.034202,0.168753,0.989623
A,RILP,2,20,0.0,5,51,0.438235,0.004497,0.034244,0.170503,0.989686
A,RILP-Greedy,2,20,0.0,5,42,0.438391,0.004589,0.034037,0.168658,0.989532
A,RILP-Greedy,2,20,0.0,5,43,0.438274,0.004547,0.034272,0.168912,0.98968
A,RILP-Greedy,2,20,0.0,5,44,0.4381,0.004571,0.034296,0.16984,0.989584
A,RILP-Greedy,2,20,0.0,5,45,0.438247,0.00453,0.034166,0.16851,0.989693
A,RILP-Greedy,2,20,0.0,5,46,0.438195,0.004557,0.034208,0.169529,0.989568
A,RILP-Greedy,2,20,0.0,5,47,0.438199,0.00458,0.034278,0.168623,0.989606
A,RILP-Greedy,2,20,0.0,5,48,0.438404,0.004573,0.034035,0.167001,0.989598
A,RILP-Greedy,2,20,0.0,5,49,0.438367,0.004498,0.034222,0.170684,0.98969
A,RILP-Greedy,2,20,0.0,5,50,0.438288,0.004545,0.034202,0.168753,0.989623
A,RILP-Greedy,2,20,0.0,5,51,0.438235,0.004497,0.034244,0.170503,0.989686
A,Nam2023b,2,20,0.0,5,42,0.291445,0.003009,0.197731,6.41916,0.989532
A,Nam2023b,2,20,0.0,5,43,0.291402,0.00304,0.197839,6.488707,0.98968
A,Nam2023b,2,20,0.0,5,44,0.291288,0.003072,0.198032,6.50314,0.989584
A,Nam2023b,2,20,0.0,5,45,0.291153,0.002996,0.197664,6.494659,0.989693
A,Nam2023b,2,20,0.0,5,46,0.291536,0.00305,0.197725,6.462577,0.989568
A,Nam2023b,2,20,0.0,5,47,0.291384,0.003047,0.197666,6.482836,0.989606
A,Nam2023b,2,20,0.0,5,48,0.2915,0.003082,0.197701,6.383904,0.989598
A,Nam2023b,2,20,0.0,5,49,0.291436,0.003004,0.197907,6.518833,0.98969
A,Nam2023b,2,20,0.0,5,50,0.291341,0.003024,0.198186,6.47687,0.989623
A,Nam2023b,2,20,0.0,5,51,0.291282,0.003027,0.198304,6.497098,0.989686
A,Nam2025,2,20,0.0,5,42,0.438391,0.004589,0.034037,0.168658,0.989532
A,Nam2025,2,20,0.0,5,43,0.438274,0.004547,0.034272,0.168912,0.98968
A,Nam2025,2,20,0.0,5,44,0.4381,0.004571,0.034296,0.16984,0.989584
A,Nam2025,2,20,0.0,5,45,0.438247,0.00453,0.034166,0.16851,0.989693
A,Nam2025,2,20,0.0,5,46,0.438195,0.004557,0.034208,0.169529,0.989568
A,Nam2025,2,20,0.0,5,47,0.438199,0.00458,0.034278,0.168623,0.989606
A,Nam2025,2,20,0.0,5,48,0.438404,0.004573,0.034035,0.167001,0.989598
A,Nam2025,2,20,0.0,5,49,0.438367,0.004498,0.034222,0.170684,0.98969
A,Nam2025,2,20,0.0,5,50,0.438288,0.004545,0.034202,0.168753,0.989623
A,Nam2025,2,20,0.0,5,51,0.438235,0.004497,0.034244,0.170503,0.989686
A,Youn2026,2,20,0.0,5,42,0.438391,0.004589,0.034037,0.168658,0.989532
A,Youn2026,2,20,0.0,5,43,0.438274,0.004547,0.034272,0.168912,0.98968
A,Youn2026,2,20,0.0,5,44,0.4381,0.004571,0.034296,0.16984,0.989584
A,Youn2026,2,20,0.0,5,45,0.438247,0.00453,0.034166,0.16851,0.989693
A,Youn2026,2,20,0.0,5,46,0.438195,0.004557,0.034208,0.169529,0.989568
A,Youn2026,2,20,0.0,5,47,0.438199,0.00458,0.034278,0.168623,0.989606
A,Youn2026,2,20,0.0,5,48,0.438404,0.004573,0.034035,0.167001,0.989598
A,Youn2026,2,20,0.0,5,49,0.438367,0.004498,0.034222,0.170684,0.98969
A,Youn2026,2,20,0.0,5,50,0.438288,0.004545,0.034202,0.168753,0.989623
A,Youn2026,2,20,0.0,5,51,0.438235,0.004497,0.034244,0.170503,0.989686
A,V2I-Base,2,20,0.0,5,42,0.438391,0.004589,0.034037,0.168658,0.989532
A,V2I-Base,2,20,0.0,5,43,0.438274,0.004547,0.034272,0.168912,0.98968
A,V2I-Base,2,20,0.0,5,44,0.4381,0.004571,0.034296,0.16984,0.989584
A,V2I-Base,2,20,0.0,5,45,0.438247,0.00453,0.034166,0.16851,0.989693
A,V2I-Base,2,20,0.0,5,46,0.438195,0.004557,0.034208,0.169529,0.989568
A,V2I-Base,2,20,0.0,5,47,0.438199,0.00458,0.034278,0.168623,0.989606
A,V2I-Base,2,20,0.0,5,48,0.438404,0.004573,0.034035,0.167001,0.989598
A,V2I-Base,2,20,0.0,5,49,0.438367,0.004498,0.034222,0.170684,0.98969
A,V2I-Base,2,20,0.0,5,50,0.438288,0.004545,0.034202,0.168753,0.989623
A,V2I-Base,2,20,0.0,5,51,0.438235,0.004497,0.034244,0.170503,0.989686
A,V2V-Base,2,20,0.0,5,42,0.999446,0.694425,6e-06,4.468916,0.989532
A,V2V-Base,2,20,0.0,5,43,0.999435,0.69455,5e-06,4.521968,0.98968
A,V2V-Base,2,20,0.0,5,44,0.99943,0.694412,5e-06,4.540718,0.989584
A,V2V-Base,2,20,0.0,5,45,0.999391,0.694261,7e-06,4.53039,0.989693
A,V2V-Base,2,20,0.0,5,46,0.999419,0.694488,5e-06,4.506897,0.989568
A,V2V-Base,2,20,0.0,5,47,0.999388,0.694647,7e-06,4.51868,0.989606
A,V2V-Base,2,20,0.0,5,48,0.999399,0.694536,5e-06,4.452697,0.989598
A,V2V-Base,2,20,0.0,5,49,0.999443,0.694407,4e-06,4.529532,0.98969
A,V2V-Base,2,20,0.0,5,50,0.999397,0.694401,3e-06,4.510963,0.989623
A,V2V-Base,2,20,0.0,5,51,0.999442,0.694306,6e-06,4.524207,0.989686
A,Random-K,2,20,0.0,5,42,0.999313,0.900173,0.000111,5.7941,0.989532
A,Random-K,2,20,0.0,5,43,0.999273,0.900534,0.000109,5.856208,0.98968
A,Random-K,2,20,0.0,5,44,0.999326,0.900373,0.000129,5.868316,0.989584
A,Random-K,2,20,0.0,5,45,0.999333,0.90037,0.000119,5.861636,0.989693
A,Random-K,2,20,0.0,5,46,0.979545,0.881011,0.001028,6.536771,0.989164
A,Random-K,2,20,0.0,5,47,0.980892,0.882376,0.001088,6.499412,0.988892
A,Random-K,2,20,0.0,5,48,0.981103,0.882326,0.001148,6.426765,0.988892
A,Random-K,2,20,0.0,5,49,0.979714,0.880826,0.001327,6.506992,0.989034
A,Random-K,2,20,0.0,5,50,0.980349,0.881586,0.001162,6.372947,0.988938
A,Random-K,2,20,0.0,5,51,0.97679,0.877888,0.001243,6.291797,0.988919
A,RILP,2,20,1.0,5,42,0.438853,0.004935,0.033911,0.200032,0.988846
A,RILP,2,20,1.0,5,43,0.438109,0.00481,0.034236,0.194063,0.989154
A,RILP,2,20,1.0,5,44,0.438218,0.004777,0.034269,0.198171,0.989105
A,RILP,2,20,1.0,5,45,0.438185,0.004806,0.03428,0.19769,0.989082
A,RILP,2,20,1.0,5,46,0.437982,0.004762,0.034427,0.202522,0.989164
A,RILP,2,20,1.0,5,47,0.438115,0.004862,0.034959,0.199654,0.988892
A,RILP,2,20,1.0,5,48,0.438486,0.004885,0.034183,0.196653,0.988892
A,RILP,2,20,1.0,5,49,0.438706,0.004802,0.034266,0.201691,0.989034
A,RILP,2,20,1.0,5,50,0.438902,0.004888,0.034051,0.193722,0.988938
A,RILP,2,20,1.0,5,51,0.438889,0.004842,0.034328,0.198279,0.988919
A,RILP-Greedy,2,20,1.0,5,42,0.438853,0.004935,0.033911,0.200032,0.988846
A,RILP-Greedy,2,20,1.0,5,43,0.438109,0.00481,0.034236,0.194063,0.989154
A,RILP-Greedy,2,20,1.0,5,44,0.438218,0.004777,0.034269,0.198171,0.989105
A,RILP-Greedy,2,20,1.0,5,45,0.438185,0.004806,0.03428,0.19769,0.989082
A,RILP-Greedy,2,20,1.0,5,46,0.437982,0.004762,0.034427,0.202522,0.989164
A,RILP-Greedy,2,20,1.0,5,47,0.438115,0.004862,0.034959,0.199654,0.988892
A,RILP-Greedy,2,20,1.0,5,48,0.438486,0.004885,0.034183,0.196653,0.988892
A,RILP-Greedy,2,20,1.0,5,49,0.438706,0.004802,0.034266,0.201691,0.989034
A,RILP-Greedy,2,20,1.0,5,50,0.438902,0.004888,0.034051,0.193722,0.988938
A,RILP-Greedy,2,20,1.0,5,51,0.438889,0.004842,0.034328,0.198279,0.988919
A,Nam2023b,2,20,1.0,5,42,0.29164,0.003288,0.198093,7.144129,0.988846
A,Nam2023b,2,20,1.0,5,43,0.291272,0.003218,0.198256,6.974459,0.989154
A,Nam2023b,2,20,1.0,5,44,0.291071,0.003171,0.198248,7.199814,0.989105
A,Nam2023b,2,20,1.0,5,45,0.291583,0.003203,0.197388,7.252622,0.989082
A,Nam2023b,2,20,1.0,5,46,0.291077,0.003114,0.198368,7.240168,0.989164
A,Nam2023b,2,20,1.0,5,47,0.291247,0.003199,0.198268,7.198806,0.988892
A,Nam2023b,2,20,1.0,5,48,0.291175,0.00328,0.198362,7.116045,0.988892
A,Nam2023b,2,20,1.0,5,49,0.291316,0.003269,0.197851,7.212829,0.989034
A,Nam2023b,2,20,1.0,5,50,0.29116,0.00329,0.198689,7.0565,0.988938
A,Nam2023b,2,20,1.0,5,51,0.291988,0.003242,0.198199,6.968133,0.988919
A,Nam2025,2,20,1.0,5,42,0.438853,0.004935,0.033911,0.200032,0.988846
A,Nam2025,2,20,1.0,5,43,0.438109,0.00481,0.034236,0.194063,0.989154
A,Nam2025,2,20,1.0,5,44,0.438218,0.004777,0.034269,0.198171,0.989105
A,Nam2025,2,20,1.0,5,45,0.438185,0.004806,0.03428,0.19769,0.989082
A,Nam2025,2,20,1.0,5,46,0.437982,0.004762,0.034427,0.202522,0.989164
A,Nam2025,2,20,1.0,5,47,0.438115,0.004862,0.034959,0.199654,0.988892
A,Nam2025,2,20,1.0,5,48,0.438486,0.004885,0.034183,0.196653,0.988892
A,Nam2025,2,20,1.0,5,49,0.438706,0.004802,0.034266,0.201691,0.989034
A,Nam2025,2,20,1.0,5,50,0.438902,0.004888,0.034051,0.193722,0.988938
A,Nam2025,2,20,1.0,5,51,0.438889,0.004842,0.034328,0.198279,0.988919
A,Youn2026,2,20,1.0,5,42,0.438853,0.004935,0.033911,0.200032,0.988846
A,Youn2026,2,20,1.0,5,43,0.438109,0.00481,0.034236,0.194063,0.989154
A,Youn2026,2,20,1.0,5,44,0.438218,0.004777,0.034269,0.198171,0.989105
A,Youn2026,2,20,1.0,5,45,0.438185,0.004806,0.03428,0.19769,0.989082
A,Youn2026,2,20,1.0,5,46,0.437982,0.004762,0.034427,0.202522,0.989164
A,Youn2026,2,20,1.0,5,47,0.438115,0.004862,0.034959,0.199654,0.988892
A,Youn2026,2,20,1.0,5,48,0.438486,0.004885,0.034183,0.196653,0.988892
A,Youn2026,2,20,1.0,5,49,0.438706,0.004802,0.034266,0.201691,0.989034
A,Youn2026,2,20,1.0,5,50,0.438902,0.004888,0.034051,0.193722,0.988938
A,Youn2026,2,20,1.0,5,51,0.438889,0.004842,0.034328,0.198279,0.988919
A,V2I-Base,2,20,1.0,5,42,0.438853,0.004935,0.033911,0.200032,0.988846
A,V2I-Base,2,20,1.0,5,43,0.438109,0.00481,0.034236,0.194063,0.989154
A,V2I-Base,2,20,1.0,5,44,0.438218,0.004777,0.034269,0.198171,0.989105
A,V2I-Base,2,20,1.0,5,45,0.438185,0.004806,0.03428,0.19769,0.989082
A,V2I-Base,2,20,1.0,5,46,0.437982,0.004762,0.034427,0.202522,0.989164
A,V2I-Base,2,20,1.0,5,47,0.438115,0.004862,0.034959,0.199654,0.988892
A,V2I-Base,2,20,1.0,5,48,0.438486,0.004885,0.034183,0.196653,0.988892
A,V2I-Base,2,20,1.0,5,49,0.438706,0.004802,0.034266,0.201691,0.989034
A,V2I-Base,2,20,1.0,5,50,0.438902,0.004888,0.034051,0.193722,0.988938
A,V2I-Base,2,20,1.0,5,51,0.438889,0.004842,0.034328,0.198279,0.988919
A,V2V-Base,2,20,1.0,5,42,0.979449,0.666792,5.3e-05,4.698011,0.988846
A,V2V-Base,2,20,1.0,5,43,0.979787,0.668225,5.4e-05,4.574174,0.989154
A,V2V-Base,2,20,1.0,5,44,0.981458,0.669987,4.1e-05,4.719479,0.989105
A,V2V-Base,2,20,1.0,5,45,0.981137,0.669257,6.1e-05,4.79422,0.989082
A,V2V-Base,2,20,1.0,5,46,0.981081,0.669498,4.1e-05,4.767255,0.989164
A,V2V-Base,2,20,1.0,5,47,0.980594,0.669075,3.9e-05,4.703806,0.988892
A,V2V-Base,2,20,1.0,5,48,0.981128,0.669251,4.5e-05,4.670131,0.988892
A,V2V-Base,2,20,1.0,5,49,0.979731,0.667716,4.3e-05,4.737974,0.989034
A,V2V-Base,2,20,1.0,5,50,0.980834,0.668776,4.7e-05,4.659176,0.988938
A,V2V-Base,2,20,1.0,5,51,0.978032,0.665842,5.1e-05,4.531702,0.988919
A,Random-K,2,20,1.0,5,42,0.979139,0.879929,0.001237,6.450745,0.988846
A,Random-K,2,20,1.0,5,43,0.978656,0.88009,0.001307,6.296914,0.989154
A,Random-K,2,20,1.0,5,44,0.980102,0.881571,0.001013,6.498342,0.989105
A,Random-K,2,20,1.0,5,45,0.980534,0.881447,0.001165,6.54804,0.989082
A,Random-K,2,20,1.0,5,46,0.979545,0.881011,0.001028,6.536771,0.989164
A,Random-K,2,20,1.0,5,47,0.980892,0.882376,0.001088,6.499412,0.988892
A,Random-K,2,20,1.0,5,48,0.981103,0.882326,0.001148,6.426765,0.988892
A,Random-K,2,20,1.0,5,49,0.979714,0.880826,0.001327,6.506992,0.989034
A,Random-K,2,20,1.0,5,50,0.980349,0.881586,0.001162,6.372947,0.988938
A,Random-K,2,20,1.0,5,51,0.97679,0.877888,0.001243,6.291797,0.988919
A,RILP,2,20,2.0,5,42,0.438853,0.004935,0.033911,0.200032,0.988846
A,RILP,2,20,2.0,5,43,0.438109,0.00481,0.034236,0.194063,0.989154
A,RILP,2,20,2.0,5,44,0.438218,0.004777,0.034269,0.198171,0.989105
A,RILP,2,20,2.0,5,45,0.438185,0.004806,0.03428,0.19769,0.989082
A,RILP,2,20,2.0,5,46,0.437982,0.004762,0.034427,0.202522,0.989164
A,RILP,2,20,2.0,5,47,0.438115,0.004862,0.034959,0.199654,0.988892
A,RILP,2,20,2.0,5,48,0.438486,0.004885,0.034183,0.196653,0.988892
A,RILP,2,20,2.0,5,49,0.438706,0.004802,0.034266,0.201691,0.989034
A,RILP,2,20,2.0,5,50,0.438902,0.004888,0.034051,0.193722,0.988938
A,RILP,2,20,2.0,5,51,0.438889,0.004842,0.034328,0.198279,0.988919
A,RILP-Greedy,2,20,2.0,5,42,0.438853,0.004935,0.033911,0.200032,0.988846
A,RILP-Greedy,2,20,2.0,5,43,0.438109,0.00481,0.034236,0.194063,0.989154
A,RILP-Greedy,2,20,2.0,5,44,0.438218,0.004777,0.034269,0.198171,0.989105
A,RILP-Greedy,2,20,2.0,5,45,0.438185,0.004806,0.03428,0.19769,0.989082
A,RILP-Greedy,2,20,2.0,5,46,0.437982,0.004762,0.034427,0.202522,0.989164
A,RILP-Greedy,2,20,2.0,5,47,0.438115,0.004862,0.034959,0.199654,0.988892
A,RILP-Greedy,2,20,2.0,5,48,0.438486,0.004885,0.034183,0.196653,0.988892
A,RILP-Greedy,2,20,2.0,5,49,0.438706,0.004802,0.034266,0.201691,0.989034
A,RILP-Greedy,2,20,2.0,5,50,0.438902,0.004888,0.034051,0.193722,0.988938
A,RILP-Greedy,2,20,2.0,5,51,0.438889,0.004842,0.034328,0.198279,0.988919
A,Nam2023b,2,20,2.0,5,42,0.29164,0.003288,0.198093,7.144129,0.988846
A,Nam2023b,2,20,2.0,5,43,0.291272,0.003218,0.198256,6.974459,0.989154
A,Nam2023b,2,20,2.0,5,44,0.291071,0.003171,0.198248,7.199814,0.989105
A,Nam2023b,2,20,2.0,5,45,0.291583,0.003203,0.197388,7.252622,0.989082
A,Nam2023b,2,20,2.0,5,46,0.291077,0.003114,0.198368,7.240168,0.989164
A,Nam2023b,2,20,2.0,5,47,0.291247,0.003199,0.198268,7.198806,0.988892
A,Nam2023b,2,20,2.0,5,48,0.291175,0.00328,0.198362,7.116045,0.988892
A,Nam2023b,2,20,2.0,5,49,0.291316,0.003269,0.197851,7.212829,0.989034
A,Nam2023b,2,20,2.0,5,50,0.29116,0.00329,0.198689,7.0565,0.988938
A,Nam2023b,2,20,2.0,5,51,0.291988,0.003242,0.198199,6.968133,0.988919
A,Nam2025,2,20,2.0,5,42,0.438853,0.004935,0.033911,0.200032,0.988846
A,Nam2025,2,20,2.0,5,43,0.438109,0.00481,0.034236,0.194063,0.989154
A,Nam2025,2,20,2.0,5,44,0.438218,0.004777,0.034269,0.198171,0.989105
A,Nam2025,2,20,2.0,5,45,0.438185,0.004806,0.03428,0.19769,0.989082
A,Nam2025,2,20,2.0,5,46,0.437982,0.004762,0.034427,0.202522,0.989164
A,Nam2025,2,20,2.0,5,47,0.438115,0.004862,0.034959,0.199654,0.988892
A,Nam2025,2,20,2.0,5,48,0.438486,0.004885,0.034183,0.196653,0.988892
A,Nam2025,2,20,2.0,5,49,0.438706,0.004802,0.034266,0.201691,0.989034
A,Nam2025,2,20,2.0,5,50,0.438902,0.004888,0.034051,0.193722,0.988938
A,Nam2025,2,20,2.0,5,51,0.438889,0.004842,0.034328,0.198279,0.988919
A,Youn2026,2,20,2.0,5,42,0.438853,0.004935,0.033911,0.200032,0.988846
A,Youn2026,2,20,2.0,5,43,0.438109,0.00481,0.034236,0.194063,0.989154
A,Youn2026,2,20,2.0,5,44,0.438218,0.004777,0.034269,0.198171,0.989105
A,Youn2026,2,20,2.0,5,45,0.438185,0.004806,0.03428,0.19769,0.989082
A,Youn2026,2,20,2.0,5,46,0.437982,0.004762,0.034427,0.202522,0.989164
A,Youn2026,2,20,2.0,5,47,0.438115,0.004862,0.034959,0.199654,0.988892
A,Youn2026,2,20,2.0,5,48,0.438486,0.004885,0.034183,0.196653,0.988892
A,Youn2026,2,20,2.0,5,49,0.438706,0.004802,0.034266,0.201691,0.989034
A,Youn2026,2,20,2.0,5,50,0.438902,0.004888,0.034051,0.193722,0.988938
A,Youn2026,2,20,2.0,5,51,0.438889,0.004842,0.034328,0.198279,0.988919
A,V2I-Base,2,20,2.0,5,42,0.438853,0.004935,0.033911,0.200032,0.988846
A,V2I-Base,2,20,2.0,5,43,0.438109,0.00481,0.034236,0.194063,0.989154
A,V2I-Base,2,20,2.0,5,44,0.438218,0.004777,0.034269,0.198171,0.989105
A,V2I-Base,2,20,2.0,5,45,0.438185,0.004806,0.03428,0.19769,0.989082
A,V2I-Base,2,20,2.0,5,46,0.437982,0.004762,0.034427,0.202522,0.989164
A,V2I-Base,2,20,2.0,5,47,0.438115,0.004862,0.034959,0.199654,0.988892
A,V2I-Base,2,20,2.0,5,48,0.438486,0.004885,0.034183,0.196653,0.988892
A,V2I-Base,2,20,2.0,5,49,0.438706,0.004802,0.034266,0.201691,0.989034
A,V2I-Base,2,20,2.0,5,50,0.438902,0.004888,0.034051,0.193722,0.988938
A,V2I-Base,2,20,2.0,5,51,0.438889,0.004842,0.034328,0.198279,0.988919
A,V2V-Base,2,20,2.0,5,42,0.979449,0.666792,5.3e-05,4.698011,0.988846
A,V2V-Base,2,20,2.0,5,43,0.979787,0.668225,5.4e-05,4.574174,0.989154
A,V2V-Base,2,20,2.0,5,44,0.981458,0.669987,4.1e-05,4.719479,0.989105
A,V2V-Base,2,20,2.0,5,45,0.981137,0.669257,6.1e-05,4.79422,0.989082
A,V2V-Base,2,20,2.0,5,46,0.981081,0.669498,4.1e-05,4.767255,0.989164
A,V2V-Base,2,20,2.0,5,47,0.980594,0.669075,3.9e-05,4.703806,0.988892
A,V2V-Base,2,20,2.0,5,48,0.981128,0.669251,4.5e-05,4.670131,0.988892
A,V2V-Base,2,20,2.0,5,49,0.979731,0.667716,4.3e-05,4.737974,0.989034
A,V2V-Base,2,20,2.0,5,50,0.980834,0.668776,4.7e-05,4.659176,0.988938
A,V2V-Base,2,20,2.0,5,51,0.978032,0.665842,5.1e-05,4.531702,0.988919
A,Random-K,2,20,2.0,5,42,0.979139,0.879929,0.001237,6.450745,0.988846
A,Random-K,2,20,2.0,5,43,0.978656,0.88009,0.001307,6.296914,0.989154
A,Random-K,2,20,2.0,5,44,0.980102,0.881571,0.001013,6.498342,0.989105
A,Random-K,2,20,2.0,5,45,0.980534,0.881447,0.001165,6.54804,0.989082
A,Random-K,2,20,2.0,5,46,0.979545,0.881011,0.001028,6.536771,0.989164
A,Random-K,2,20,2.0,5,47,0.980892,0.882376,0.001088,6.499412,0.988892
A,Random-K,2,20,2.0,5,48,0.981103,0.882326,0.001148,6.426765,0.988892
A,Random-K,2,20,2.0,5,49,0.979714,0.880826,0.001327,6.506992,0.989034
A,Random-K,2,20,2.0,5,50,0.980349,0.881586,0.001162,6.372947,0.988938
A,Random-K,2,20,2.0,5,51,0.97679,0.877888,0.001243,6.291797,0.988919
A,RILP,2,20,3.0,5,42,0.438853,0.004935,0.033911,0.200032,0.988846
A,RILP,2,20,3.0,5,43,0.438109,0.00481,0.034236,0.194063,0.989154
A,RILP,2,20,3.0,5,44,0.438218,0.004777,0.034269,0.198171,0.989105
A,RILP,2,20,3.0,5,45,0.438185,0.004806,0.03428,0.19769,0.989082
A,RILP,2,20,3.0,5,46,0.437982,0.004762,0.034427,0.202522,0.989164
A,RILP,2,20,3.0,5,47,0.438115,0.004862,0.034959,0.199654,0.988892
A,RILP,2,20,3.0,5,48,0.438486,0.004885,0.034183,0.196653,0.988892
A,RILP,2,20,3.0,5,49,0.438706,0.004802,0.034266,0.201691,0.989034
A,RILP,2,20,3.0,5,50,0.438902,0.004888,0.034051,0.193722,0.988938
A,RILP,2,20,3.0,5,51,0.438889,0.004842,0.034328,0.198279,0.988919
A,RILP-Greedy,2,20,3.0,5,42,0.438853,0.004935,0.033911,0.200032,0.988846
A,RILP-Greedy,2,20,3.0,5,43,0.438109,0.00481,0.034236,0.194063,0.989154
A,RILP-Greedy,2,20,3.0,5,44,0.438218,0.004777,0.034269,0.198171,0.989105
A,RILP-Greedy,2,20,3.0,5,45,0.438185,0.004806,0.03428,0.19769,0.989082
A,RILP-Greedy,2,20,3.0,5,46,0.437982,0.004762,0.034427,0.202522,0.989164
A,RILP-Greedy,2,20,3.0,5,47,0.438115,0.004862,0.034959,0.199654,0.988892
A,RILP-Greedy,2,20,3.0,5,48,0.438486,0.004885,0.034183,0.196653,0.988892
A,RILP-Greedy,2,20,3.0,5,49,0.438706,0.004802,0.034266,0.201691,0.989034
A,RILP-Greedy,2,20,3.0,5,50,0.438902,0.004888,0.034051,0.193722,0.988938
A,RILP-Greedy,2,20,3.0,5,51,0.438889,0.004842,0.034328,0.198279,0.988919
A,Nam2023b,2,20,3.0,5,42,0.29164,0.003288,0.198093,7.144129,0.988846
A,Nam2023b,2,20,3.0,5,43,0.291272,0.003218,0.198256,6.974459,0.989154
A,Nam2023b,2,20,3.0,5,44,0.291071,0.003171,0.198248,7.199814,0.989105
A,Nam2023b,2,20,3.0,5,45,0.291583,0.003203,0.197388,7.252622,0.989082
A,Nam2023b,2,20,3.0,5,46,0.291077,0.003114,0.198368,7.240168,0.989164
A,Nam2023b,2,20,3.0,5,47,0.291247,0.003199,0.198268,7.198806,0.988892
A,Nam2023b,2,20,3.0,5,48,0.291175,0.00328,0.198362,7.116045,0.988892
A,Nam2023b,2,20,3.0,5,49,0.291316,0.003269,0.197851,7.212829,0.989034
A,Nam2023b,2,20,3.0,5,50,0.29116,0.00329,0.198689,7.0565,0.988938
A,Nam2023b,2,20,3.0,5,51,0.291988,0.003242,0.198199,6.968133,0.988919
A,Nam2025,2,20,3.0,5,42,0.438853,0.004935,0.033911,0.200032,0.988846
A,Nam2025,2,20,3.0,5,43,0.438109,0.00481,0.034236,0.194063,0.989154
A,Nam2025,2,20,3.0,5,44,0.438218,0.004777,0.034269,0.198171,0.989105
A,Nam2025,2,20,3.0,5,45,0.438185,0.004806,0.03428,0.19769,0.989082
A,Nam2025,2,20,3.0,5,46,0.437982,0.004762,0.034427,0.202522,0.989164
A,Nam2025,2,20,3.0,5,47,0.438115,0.004862,0.034959,0.199654,0.988892
A,Nam2025,2,20,3.0,5,48,0.438486,0.004885,0.034183,0.196653,0.988892
A,Nam2025,2,20,3.0,5,49,0.438706,0.004802,0.034266,0.201691,0.989034
A,Nam2025,2,20,3.0,5,50,0.438902,0.004888,0.034051,0.193722,0.988938
A,Nam2025,2,20,3.0,5,51,0.438889,0.004842,0.034328,0.198279,0.988919
A,Youn2026,2,20,3.0,5,42,0.438853,0.004935,0.033911,0.200032,0.988846
A,Youn2026,2,20,3.0,5,43,0.438109,0.00481,0.034236,0.194063,0.989154
A,Youn2026,2,20,3.0,5,44,0.438218,0.004777,0.034269,0.198171,0.989105
A,Youn2026,2,20,3.0,5,45,0.438185,0.004806,0.03428,0.19769,0.989082
A,Youn2026,2,20,3.0,5,46,0.437982,0.004762,0.034427,0.202522,0.989164
A,Youn2026,2,20,3.0,5,47,0.438115,0.004862,0.034959,0.199654,0.988892
A,Youn2026,2,20,3.0,5,48,0.438486,0.004885,0.034183,0.196653,0.988892
A,Youn2026,2,20,3.0,5,49,0.438706,0.004802,0.034266,0.201691,0.989034
A,Youn2026,2,20,3.0,5,50,0.438902,0.004888,0.034051,0.193722,0.988938
A,Youn2026,2,20,3.0,5,51,0.438889,0.004842,0.034328,0.198279,0.988919
A,V2I-Base,2,20,3.0,5,42,0.438853,0.004935,0.033911,0.200032,0.988846
A,V2I-Base,2,20,3.0,5,43,0.438109,0.00481,0.034236,0.194063,0.989154
A,V2I-Base,2,20,3.0,5,44,0.438218,0.004777,0.034269,0.198171,0.989105
A,V2I-Base,2,20,3.0,5,45,0.438185,0.004806,0.03428,0.19769,0.989082
A,V2I-Base,2,20,3.0,5,46,0.437982,0.004762,0.034427,0.202522,0.989164
A,V2I-Base,2,20,3.0,5,47,0.438115,0.004862,0.034959,0.199654,0.988892
A,V2I-Base,2,20,3.0,5,48,0.438486,0.004885,0.034183,0.196653,0.988892
A,V2I-Base,2,20,3.0,5,49,0.438706,0.004802,0.034266,0.201691,0.989034
A,V2I-Base,2,20,3.0,5,50,0.438902,0.004888,0.034051,0.193722,0.988938
A,V2I-Base,2,20,3.0,5,51,0.438889,0.004842,0.034328,0.198279,0.988919
A,V2V-Base,2,20,3.0,5,42,0.979449,0.666792,5.3e-05,4.698011,0.988846
A,V2V-Base,2,20,3.0,5,43,0.979787,0.668225,5.4e-05,4.574174,0.989154
A,V2V-Base,2,20,3.0,5,44,0.981458,0.669987,4.1e-05,4.719479,0.989105
A,V2V-Base,2,20,3.0,5,45,0.981137,0.669257,6.1e-05,4.79422,0.989082
A,V2V-Base,2,20,3.0,5,46,0.981081,0.669498,4.1e-05,4.767255,0.989164
A,V2V-Base,2,20,3.0,5,47,0.980594,0.669075,3.9e-05,4.703806,0.988892
A,V2V-Base,2,20,3.0,5,48,0.981128,0.669251,4.5e-05,4.670131,0.988892
A,V2V-Base,2,20,3.0,5,49,0.979731,0.667716,4.3e-05,4.737974,0.989034
A,V2V-Base,2,20,3.0,5,50,0.980834,0.668776,4.7e-05,4.659176,0.988938
A,V2V-Base,2,20,3.0,5,51,0.978032,0.665842,5.1e-05,4.531702,0.988919
A,Random-K,2,20,3.0,5,42,0.979139,0.879929,0.001237,6.450745,0.988846
A,Random-K,2,20,3.0,5,43,0.978656,0.88009,0.001307,6.296914,0.989154
A,Random-K,2,20,3.0,5,44,0.980102,0.881571,0.001013,6.498342,0.989105
A,Random-K,2,20,3.0,5,45,0.980534,0.881447,0.001165,6.54804,0.989082
A,Random-K,2,20,3.0,5,46,0.979545,0.881011,0.001028,6.536771,0.989164
A,Random-K,2,20,3.0,5,47,0.980892,0.882376,0.001088,6.499412,0.988892
A,Random-K,2,20,3.0,5,48,0.981103,0.882326,0.001148,6.426765,0.988892
A,Random-K,2,20,3.0,5,49,0.979714,0.880826,0.001327,6.506992,0.989034
A,Random-K,2,20,3.0,5,50,0.980349,0.881586,0.001162,6.372947,0.988938
A,Random-K,2,20,3.0,5,51,0.97679,0.877888,0.001243,6.291797,0.988919
A,RILP,2,30,0.0,5,42,0.438853,0.004935,0.033911,0.200032,0.988846
A,RILP,2,30,0.0,5,43,0.438109,0.00481,0.034236,0.194063,0.989154
A,RILP,2,30,0.0,5,44,0.438218,0.004777,0.034269,0.198171,0.989105
A,RILP,2,30,0.0,5,45,0.438185,0.004806,0.03428,0.19769,0.989082
A,RILP,2,30,0.0,5,46,0.437982,0.004762,0.034427,0.202522,0.989164
A,RILP,2,30,0.0,5,47,0.438115,0.004862,0.034959,0.199654,0.988892
A,RILP,2,30,0.0,5,48,0.438486,0.004885,0.034183,0.196653,0.988892
A,RILP,2,30,0.0,5,49,0.438706,0.004802,0.034266,0.201691,0.989034
A,RILP,2,30,0.0,5,50,0.438902,0.004888,0.034051,0.193722,0.988938
A,RILP,2,30,0.0,5,51,0.438889,0.004842,0.034328,0.198279,0.988919
A,RILP-Greedy,2,30,0.0,5,42,0.438853,0.004935,0.033911,0.200032,0.988846
A,RILP-Greedy,2,30,0.0,5,43,0.438109,0.00481,0.034236,0.194063,0.989154
A,RILP-Greedy,2,30,0.0,5,44,0.438218,0.004777,0.034269,0.198171,0.989105
A,RILP-Greedy,2,30,0.0,5,45,0.438185,0.004806,0.03428,0.19769,0.989082
A,RILP-Greedy,2,30,0.0,5,46,0.437982,0.004762,0.034427,0.202522,0.989164
A,RILP-Greedy,2,30,0.0,5,47,0.438115,0.004862,0.034959,0.199654,0.988892
A,RILP-Greedy,2,30,0.0,5,48,0.438486,0.004885,0.034183,0.196653,0.988892
A,RILP-Greedy,2,30,0.0,5,49,0.438706,0.004802,0.034266,0.201691,0.989034
A,RILP-Greedy,2,30,0.0,5,50,0.438902,0.004888,0.034051,0.193722,0.988938
A,RILP-Greedy,2,30,0.0,5,51,0.438889,0.004842,0.034328,0.198279,0.988919
A,Nam2023b,2,30,0.0,5,42,0.29164,0.003288,0.198093,7.144129,0.988846
A,Nam2023b,2,30,0.0,5,43,0.291272,0.003218,0.198256,6.974459,0.989154
A,Nam2023b,2,30,0.0,5,44,0.291071,0.003171,0.198248,7.199814,0.989105
A,Nam2023b,2,30,0.0,5,45,0.291583,0.003203,0.197388,7.252622,0.989082
A,Nam2023b,2,30,0.0,5,46,0.291077,0.003114,0.198368,7.240168,0.989164
A,Nam2023b,2,30,0.0,5,47,0.291247,0.003199,0.198268,7.198806,0.988892
A,Nam2023b,2,30,0.0,5,48,0.291175,0.00328,0.198362,7.116045,0.988892
A,Nam2023b,2,30,0.0,5,49,0.291316,0.003269,0.197851,7.212829,0.989034
A,Nam2023b,2,30,0.0,5,50,0.29116,0.00329,0.198689,7.0565,0.988938
A,Nam2023b,2,30,0.0,5,51,0.291988,0.003242,0.198199,6.968133,0.988919
A,Nam2025,2,30,0.0,5,42,0.438853,0.004935,0.033911,0.200032,0.988846
A,Nam2025,2,30,0.0,5,43,0.438109,0.00481,0.034236,0.194063,0.989154
A,Nam2025,2,30,0.0,5,44,0.438218,0.004777,0.034269,0.198171,0.989105
A,Nam2025,2,30,0.0,5,45,0.438185,0.004806,0.03428,0.19769,0.989082
A,Nam2025,2,30,0.0,5,46,0.437982,0.004762,0.034427,0.202522,0.989164
A,Nam2025,2,30,0.0,5,47,0.438115,0.004862,0.034959,0.199654,0.988892
A,Nam2025,2,30,0.0,5,48,0.438486,0.004885,0.034183,0.196653,0.988892
A,Nam2025,2,30,0.0,5,49,0.438706,0.004802,0.034266,0.201691,0.989034
A,Nam2025,2,30,0.0,5,50,0.438902,0.004888,0.034051,0.193722,0.988938
A,Nam2025,2,30,0.0,5,51,0.438889,0.004842,0.034328,0.198279,0.988919
A,Youn2026,2,30,0.0,5,42,0.438853,0.004935,0.033911,0.200032,0.988846
A,Youn2026,2,30,0.0,5,43,0.438109,0.00481,0.034236,0.194063,0.989154
A,Youn2026,2,30,0.0,5,44,0.438218,0.004777,0.034269,0.198171,0.989105
A,Youn2026,2,30,0.0,5,45,0.438185,0.004806,0.03428,0.19769,0.989082
A,Youn2026,2,30,0.0,5,46,0.437982,0.004762,0.034427,0.202522,0.989164
A,Youn2026,2,30,0.0,5,47,0.438115,0.004862,0.034959,0.199654,0.988892
A,Youn2026,2,30,0.0,5,48,0.438486,0.004885,0.034183,0.196653,0.988892
A,Youn2026,2,30,0.0,5,49,0.438706,0.004802,0.034266,0.201691,0.989034
A,Youn2026,2,30,0.0,5,50,0.438902,0.004888,0.034051,0.193722,0.988938
A,Youn2026,2,30,0.0,5,51,0.438889,0.004842,0.034328,0.198279,0.988919
A,V2I-Base,2,30,0.0,5,42,0.438853,0.004935,0.033911,0.200032,0.988846
A,V2I-Base,2,30,0.0,5,43,0.438109,0.00481,0.034236,0.194063,0.989154
A,V2I-Base,2,30,0.0,5,44,0.438218,0.004777,0.034269,0.198171,0.989105
A,V2I-Base,2,30,0.0,5,45,0.438185,0.004806,0.03428,0.19769,0.989082
A,V2I-Base,2,30,0.0,5,46,0.437982,0.004762,0.034427,0.202522,0.989164
A,V2I-Base,2,30,0.0,5,47,0.438115,0.004862,0.034959,0.199654,0.988892
A,V2I-Base,2,30,0.0,5,48,0.438486,0.004885,0.034183,0.196653,0.988892
A,V2I-Base,2,30,0.0,5,49,0.438706,0.004802,0.034266,0.201691,0.989034
A,V2I-Base,2,30,0.0,5,50,0.438902,0.004888,0.034051,0.193722,0.988938
A,V2I-Base,2,30,0.0,5,51,0.438889,0.004842,0.034328,0.198279,0.988919
A,V2V-Base,2,30,0.0,5,42,0.979449,0.666792,5.3e-05,4.698011,0.988846
A,V2V-Base,2,30,0.0,5,43,0.979787,0.668225,5.4e-05,4.574174,0.989154
A,V2V-Base,2,30,0.0,5,44,0.981458,0.669987,4.1e-05,4.719479,0.989105
A,V2V-Base,2,30,0.0,5,45,0.981137,0.669257,6.1e-05,4.79422,0.989082
A,V2V-Base,2,30,0.0,5,46,0.981081,0.669498,4.1e-05,4.767255,0.989164
A,V2V-Base,2,30,0.0,5,47,0.980594,0.669075,3.9e-05,4.703806,0.988892
A,V2V-Base,2,30,0.0,5,48,0.981128,0.669251,4.5e-05,4.670131,0.988892
A,V2V-Base,2,30,0.0,5,49,0.979731,0.667716,4.3e-05,4.737974,0.989034
A,V2V-Base,2,30,0.0,5,50,0.980834,0.668776,4.7e-05,4.659176,0.988938
A,V2V-Base,2,30,0.0,5,51,0.978032,0.665842,5.1e-05,4.531702,0.988919
A,Random-K,2,30,0.0,5,42,0.979139,0.879929,0.001237,6.450745,0.988846
A,Random-K,2,30,0.0,5,43,0.978656,0.88009,0.001307,6.296914,0.989154
A,Random-K,2,30,0.0,5,44,0.980102,0.881571,0.001013,6.498342,0.989105
A,Random-K,2,30,0.0,5,45,0.980534,0.881447,0.001165,6.54804,0.989082
A,Random-K,2,30,0.0,5,46,0.979545,0.881011,0.001028,6.536771,0.989164
A,Random-K,2,30,0.0,5,47,0.980892,0.882376,0.001088,6.499412,0.988892
A,Random-K,2,30,0.0,5,48,0.981103,0.882326,0.001148,6.426765,0.988892
A,Random-K,2,30,0.0,5,49,0.979714,0.880826,0.001327,6.506992,0.989034
A,Random-K,2,30,0.0,5,50,0.980349,0.881586,0.001162,6.372947,0.988938
A,Random-K,2,30,0.0,5,51,0.97679,0.877888,0.001243,6.291797,0.988919
A,RILP,2,30,1.0,5,42,0.438853,0.004935,0.033911,0.200032,0.988846
A,RILP,2,30,1.0,5,43,0.438109,0.00481,0.034236,0.194063,0.989154
A,RILP,2,30,1.0,5,44,0.438218,0.004777,0.034269,0.198171,0.989105
A,RILP,2,30,1.0,5,45,0.438185,0.004806,0.03428,0.19769,0.989082
A,RILP,2,30,1.0,5,46,0.437982,0.004762,0.034427,0.202522,0.989164
A,RILP,2,30,1.0,5,47,0.438115,0.004862,0.034959,0.199654,0.988892
A,RILP,2,30,1.0,5,48,0.438486,0.004885,0.034183,0.196653,0.988892
A,RILP,2,30,1.0,5,49,0.438706,0.004802,0.034266,0.201691,0.989034
A,RILP,2,30,1.0,5,50,0.438902,0.004888,0.034051,0.193722,0.988938
A,RILP,2,30,1.0,5,51,0.438889,0.004842,0.034328,0.198279,0.988919
A,RILP-Greedy,2,30,1.0,5,42,0.438853,0.004935,0.033911,0.200032,0.988846
A,RILP-Greedy,2,30,1.0,5,43,0.438109,0.00481,0.034236,0.194063,0.989154
A,RILP-Greedy,2,30,1.0,5,44,0.438218,0.004777,0.034269,0.198171,0.989105
A,RILP-Greedy,2,30,1.0,5,45,0.438185,0.004806,0.03428,0.19769,0.989082
A,RILP-Greedy,2,30,1.0,5,46,0.437982,0.004762,0.034427,0.202522,0.989164
A,RILP-Greedy,2,30,1.0,5,47,0.438115,0.004862,0.034959,0.199654,0.988892
A,RILP-Greedy,2,30,1.0,5,48,0.438486,0.004885,0.034183,0.196653,0.988892
A,RILP-Greedy,2,30,1.0,5,49,0.438706,0.004802,0.034266,0.201691,0.989034
A,RILP-Greedy,2,30,1.0,5,50,0.438902,0.004888,0.034051,0.193722,0.988938
A,RILP-Greedy,2,30,1.0,5,51,0.438889,0.004842,0.034328,0.198279,0.988919
A,Nam2023b,2,30,1.0,5,42,0.29164,0.003288,0.198093,7.144129,0.988846
A,Nam2023b,2,30,1.0,5,43,0.291272,0.003218,0.198256,6.974459,0.989154
A,Nam2023b,2,30,1.0,5,44,0.291071,0.003171,0.198248,7.199814,0.989105
A,Nam2023b,2,30,1.0,5,45,0.291583,0.003203,0.197388,7.252622,0.989082
A,Nam2023b,2,30,1.0,5,46,0.291077,0.003114,0.198368,7.240168,0.989164
A,Nam2023b,2,30,1.0,5,47,0.291247,0.003199,0.198268,7.198806,0.988892
A,Nam2023b,2,30,1.0,5,48,0.291175,0.00328,0.198362,7.116045,0.988892
A,Nam2023b,2,30,1.0,5,49,0.291316,0.003269,0.197851,7.212829,0.989034
A,Nam2023b,2,30,1.0,5,50,0.29116,0.00329,0.198689,7.0565,0.988938
A,Nam2023b,2,30,1.0,5,51,0.291988,0.003242,0.198199,6.968133,0.988919
A,Nam2025,2,30,1.0,5,42,0.438853,0.004935,0.033911,0.200032,0.988846
A,Nam2025,2,30,1.0,5,43,0.438109,0.00481,0.034236,0.194063,0.989154
A,Nam2025,2,30,1.0,5,44,0.438218,0.004777,0.034269,0.198171,0.989105
A,Nam2025,2,30,1.0,5,45,0.438185,0.004806,0.03428,0.19769,0.989082
A,Nam2025,2,30,1.0,5,46,0.437982,0.004762,0.034427,0.202522,0.989164
A,Nam2025,2,30,1.0,5,47,0.438115,0.004862,0.034959,0.199654,0.988892
A,Nam2025,2,30,1.0,5,48,0.438486,0.004885,0.034183,0.196653,0.988892
A,Nam2025,2,30,1.0,5,49,0.438706,0.004802,0.034266,0.201691,0.989034
A,Nam2025,2,30,1.0,5,50,0.438902,0.004888,0.034051,0.193722,0.988938
A,Nam2025,2,30,1.0,5,51,0.438889,0.004842,0.034328,0.198279,0.988919
A,Youn2026,2,30,1.0,5,42,0.438411,0.004459,0.034078,0.16634,0.989813
A,Youn2026,2,30,1.0,5,43,0.438086,0.004371,0.034228,0.167566,0.989961
A,Youn2026,2,30,1.0,5,44,0.438109,0.0044,0.034196,0.167179,0.989915
A,Youn2026,2,30,1.0,5,45,0.438242,0.004411,0.034127,0.167186,0.989979
A,Youn2026,2,30,1.0,5,46,0.438339,0.004449,0.034143,0.166062,0.989837
A,Youn2026,2,30,1.0,5,47,0.43793,0.004462,0.033954,0.166863,0.989914
A,Youn2026,2,30,1.0,5,48,0.438382,0.004473,0.034218,0.165788,0.989771
A,Youn2026,2,30,1.0,5,49,0.43852,0.004411,0.034037,0.168073,0.989896
A,Youn2026,2,30,1.0,5,50,0.438307,0.004436,0.034148,0.165604,0.989916
A,Youn2026,2,30,1.0,5,51,0.438277,0.004389,0.034075,0.167868,0.989984
A,V2I-Base,2,30,1.0,5,42,0.438411,0.004459,0.034078,0.16634,0.989813
A,V2I-Base,2,30,1.0,5,43,0.438086,0.004371,0.034228,0.167566,0.989961
A,V2I-Base,2,30,1.0,5,44,0.438109,0.0044,0.034196,0.167179,0.989915
A,V2I-Base,2,30,1.0,5,45,0.438242,0.004411,0.034127,0.167186,0.989979
A,V2I-Base,2,30,1.0,5,46,0.438339,0.004449,0.034143,0.166062,0.989837
A,V2I-Base,2,30,1.0,5,47,0.43793,0.004462,0.033954,0.166863,0.989914
A,V2I-Base,2,30,1.0,5,48,0.438382,0.004473,0.034218,0.165788,0.989771
A,V2I-Base,2,30,1.0,5,49,0.43852,0.004411,0.034037,0.168073,0.989896
A,V2I-Base,2,30,1.0,5,50,0.438307,0.004436,0.034148,0.165604,0.989916
A,V2I-Base,2,30,1.0,5,51,0.438277,0.004389,0.034075,0.167868,0.989984
A,V2V-Base,2,30,1.0,5,42,0.999558,0.694772,3e-06,4.528612,0.989813
A,V2V-Base,2,30,1.0,5,43,0.999564,0.694991,4e-06,4.578119,0.989961
A,V2V-Base,2,30,1.0,5,44,0.999557,0.694953,5e-06,4.59166,0.989915
A,V2V-Base,2,30,1.0,5,45,0.99953,0.694875,3e-06,4.626533,0.989979
A,V2V-Base,2,30,1.0,5,46,0.99956,0.694832,5e-06,4.542779,0.989837
A,V2V-Base,2,30,1.0,5,47,0.999584,0.695038,3e-06,4.606315,0.989914
A,V2V-Base,2,30,1.0,5,48,0.999595,0.694992,2e-06,4.536879,0.989771
A,V2V-Base,2,30,1.0,5,49,0.999573,0.694495,4e-06,4.592036,0.989896
A,V2V-Base,2,30,1.0,5,50,0.999574,0.694981,3e-06,4.552003,0.989916
A,V2V-Base,2,30,1.0,5,51,0.999557,0.694862,3e-06,4.580962,0.989984
A,Random-K,2,30,1.0,5,42,0.99941,0.900211,8.5e-05,5.859613,0.989813
A,Random-K,2,30,1.0,5,43,0.999437,0.900548,8.3e-05,5.932084,0.989961
A,Random-K,2,30,1.0,5,44,0.999438,0.9004,9e-05,5.927998,0.989915
A,Random-K,2,30,1.0,5,45,0.999405,0.900464,7.3e-05,5.961348,0.989979
A,Random-K,2,30,1.0,5,46,0.999448,0.900329,6.3e-05,5.847585,0.989837
A,Random-K,2,30,1.0,5,47,0.999461,0.900617,7.3e-05,5.929923,0.989914
A,Random-K,2,30,1.0,5,48,0.999443,0.900382,8.3e-05,5.836703,0.989771
A,Random-K,2,30,1.0,5,49,0.999436,0.900403,9.2e-05,5.931622,0.989896
A,Random-K,2,30,1.0,5,50,0.999434,0.900392,8.2e-05,5.878003,0.989916
A,Random-K,2,30,1.0,5,51,0.999397,0.900267,8.4e-05,5.92197,0.989984
A,RILP,2,30,2.0,5,42,0.438411,0.004459,0.034078,0.16634,0.989813
A,RILP,2,30,2.0,5,43,0.438086,0.004371,0.034228,0.167566,0.989961
A,RILP,2,30,2.0,5,44,0.438109,0.0044,0.034196,0.167179,0.989915
A,RILP,2,30,2.0,5,45,0.438242,0.004411,0.034127,0.167186,0.989979
A,RILP,2,30,2.0,5,46,0.438339,0.004449,0.034143,0.166062,0.989837
A,RILP,2,30,2.0,5,47,0.43793,0.004462,0.033954,0.166863,0.989914
A,RILP,2,30,2.0,5,48,0.438382,0.004473,0.034218,0.165788,0.989771
A,RILP,2,30,2.0,5,49,0.43852,0.004411,0.034037,0.168073,0.989896
A,RILP,2,30,2.0,5,50,0.438307,0.004436,0.034148,0.165604,0.989916
A,RILP,2,30,2.0,5,51,0.438277,0.004389,0.034075,0.167868,0.989984
A,RILP-Greedy,2,30,2.0,5,42,0.438411,0.004459,0.034078,0.16634,0.989813
A,RILP-Greedy,2,30,2.0,5,43,0.438086,0.004371,0.034228,0.167566,0.989961
A,RILP-Greedy,2,30,2.0,5,44,0.438109,0.0044,0.034196,0.167179,0.989915
A,RILP-Greedy,2,30,2.0,5,45,0.438242,0.004411,0.034127,0.167186,0.989979
A,RILP-Greedy,2,30,2.0,5,46,0.438339,0.004449,0.034143,0.166062,0.989837
A,RILP-Greedy,2,30,2.0,5,47,0.43793,0.004462,0.033954,0.166863,0.989914
A,RILP-Greedy,2,30,2.0,5,48,0.438382,0.004473,0.034218,0.165788,0.989771
A,RILP-Greedy,2,30,2.0,5,49,0.43852,0.004411,0.034037,0.168073,0.989896
A,RILP-Greedy,2,30,2.0,5,50,0.438307,0.004436,0.034148,0.165604,0.989916
A,RILP-Greedy,2,30,2.0,5,51,0.438277,0.004389,0.034075,0.167868,0.989984
A,Nam2023b,2,30,2.0,5,42,0.291242,0.002943,0.19788,6.493736,0.989813
A,Nam2023b,2,30,2.0,5,43,0.291447,0.002933,0.1975,6.573192,0.989961
A,Nam2023b,2,30,2.0,5,44,0.291276,0.002928,0.19799,6.56802,0.989915
A,Nam2023b,2,30,2.0,5,45,0.291274,0.002891,0.197739,6.606145,0.989979
A,Nam2023b,2,30,2.0,5,46,0.291366,0.002954,0.19775,6.479202,0.989837
A,Nam2023b,2,30,2.0,5,47,0.291357,0.002957,0.197593,6.569542,0.989914
A,Nam2023b,2,30,2.0,5,48,0.291514,0.003006,0.197575,6.466353,0.989771
A,Nam2023b,2,30,2.0,5,49,0.29145,0.002948,0.197726,6.572243,0.989896
A,Nam2023b,2,30,2.0,5,50,0.291424,0.002913,0.197414,6.513317,0.989916
A,Nam2023b,2,30,2.0,5,51,0.291181,0.002895,0.197892,6.561925,0.989984
A,Nam2025,2,30,2.0,5,42,0.438411,0.004459,0.034078,0.16634,0.989813
A,Nam2025,2,30,2.0,5,43,0.438086,0.004371,0.034228,0.167566,0.989961
A,Nam2025,2,30,2.0,5,44,0.438109,0.0044,0.034196,0.167179,0.989915
A,Nam2025,2,30,2.0,5,45,0.438242,0.004411,0.034127,0.167186,0.989979
A,Nam2025,2,30,2.0,5,46,0.438339,0.004449,0.034143,0.166062,0.989837
A,Nam2025,2,30,2.0,5,47,0.43793,0.004462,0.033954,0.166863,0.989914
A,Nam2025,2,30,2.0,5,48,0.438382,0.004473,0.034218,0.165788,0.989771
A,Nam2025,2,30,2.0,5,49,0.43852,0.004411,0.034037,0.168073,0.989896
A,Nam2025,2,30,2.0,5,50,0.438307,0.004436,0.034148,0.165604,0.989916
A,Nam2025,2,30,2.0,5,51,0.438277,0.004389,0.034075,0.167868,0.989984
A,Youn2026,2,30,2.0,5,42,0.438411,0.004459,0.034078,0.16634,0.989813
A,Youn2026,2,30,2.0,5,43,0.438086,0.004371,0.034228,0.167566,0.989961
A,Youn2026,2,30,2.0,5,44,0.438109,0.0044,0.034196,0.167179,0.989915
A,Youn2026,2,30,2.0,5,45,0.438242,0.004411,0.034127,0.167186,0.989979
A,Youn2026,2,30,2.0,5,46,0.438339,0.004449,0.034143,0.166062,0.989837
A,Youn2026,2,30,2.0,5,47,0.43793,0.004462,0.033954,0.166863,0.989914
A,Youn2026,2,30,2.0,5,48,0.438382,0.004473,0.034218,0.165788,0.989771
A,Youn2026,2,30,2.0,5,49,0.43852,0.004411,0.034037,0.168073,0.989896
A,Youn2026,2,30,2.0,5,50,0.438307,0.004436,0.034148,0.165604,0.989916
A,Youn2026,2,30,2.0,5,51,0.438277,0.004389,0.034075,0.167868,0.989984
A,V2I-Base,2,30,2.0,5,42,0.438411,0.004459,0.034078,0.16634,0.989813
A,V2I-Base,2,30,2.0,5,43,0.438086,0.004371,0.034228,0.167566,0.989961
A,V2I-Base,2,30,2.0,5,44,0.438109,0.0044,0.034196,0.167179,0.989915
A,V2I-Base,2,30,2.0,5,45,0.438242,0.004411,0.034127,0.167186,0.989979
A,V2I-Base,2,30,2.0,5,46,0.438339,0.004449,0.034143,0.166062,0.989837
A,V2I-Base,2,30,2.0,5,47,0.43793,0.004462,0.033954,0.166863,0.989914
A,V2I-Base,2,30,2.0,5,48,0.438382,0.004473,0.034218,0.165788,0.989771
A,V2I-Base,2,30,2.0,5,49,0.43852,0.004411,0.034037,0.168073,0.989896
A,V2I-Base,2,30,2.0,5,50,0.438307,0.004436,0.034148,0.165604,0.989916
A,V2I-Base,2,30,2.0,5,51,0.438277,0.004389,0.034075,0.167868,0.989984
A,V2V-Base,2,30,2.0,5,42,0.999558,0.694772,3e-06,4.528612,0.989813
A,V2V-Base,2,30,2.0,5,43,0.999564,0.694991,4e-06,4.578119,0.989961
A,V2V-Base,2,30,2.0,5,44,0.999557,0.694953,5e-06,4.59166,0.989915
A,V2V-Base,2,30,2.0,5,45,0.99953,0.694875,3e-06,4.626533,0.989979
A,V2V-Base,2,30,2.0,5,46,0.99956,0.694832,5e-06,4.542779,0.989837
A,V2V-Base,2,30,2.0,5,47,0.999584,0.695038,3e-06,4.606315,0.989914
A,V2V-Base,2,30,2.0,5,48,0.999595,0.694992,2e-06,4.536879,0.989771
A,V2V-Base,2,30,2.0,5,49,0.999573,0.694495,4e-06,4.592036,0.989896
A,V2V-Base,2,30,2.0,5,50,0.999574,0.694981,3e-06,4.552003,0.989916
A,V2V-Base,2,30,2.0,5,51,0.999557,0.694862,3e-06,4.580962,0.989984
A,Random-K,2,30,2.0,5,42,0.99941,0.900211,8.5e-05,5.859613,0.989813
A,Random-K,2,30,2.0,5,43,0.999437,0.900548,8.3e-05,5.932084,0.989961
A,Random-K,2,30,2.0,5,44,0.999438,0.9004,9e-05,5.927998,0.989915
A,Random-K,2,30,2.0,5,45,0.999405,0.900464,7.3e-05,5.961348,0.989979
A,Random-K,2,30,2.0,5,46,0.999448,0.900329,6.3e-05,5.847585,0.989837
A,Random-K,2,30,2.0,5,47,0.999461,0.900617,7.3e-05,5.929923,0.989914
A,Random-K,2,30,2.0,5,48,0.999443,0.900382,8.3e-05,5.836703,0.989771
A,Random-K,2,30,2.0,5,49,0.999436,0.900403,9.2e-05,5.931622,0.989896
A,Random-K,2,30,2.0,5,50,0.999434,0.900392,8.2e-05,5.878003,0.989916
A,Random-K,2,30,2.0,5,51,0.999397,0.900267,8.4e-05,5.92197,0.989984
A,RILP,2,30,3.0,5,42,0.438411,0.004459,0.034078,0.16634,0.989813
A,RILP,2,30,3.0,5,43,0.438086,0.004371,0.034228,0.167566,0.989961
A,RILP,2,30,3.0,5,44,0.438109,0.0044,0.034196,0.167179,0.989915
A,RILP,2,30,3.0,5,45,0.438242,0.004411,0.034127,0.167186,0.989979
A,RILP,2,30,3.0,5,46,0.438339,0.004449,0.034143,0.166062,0.989837
A,RILP,2,30,3.0,5,47,0.43793,0.004462,0.033954,0.166863,0.989914
A,RILP,2,30,3.0,5,48,0.438382,0.004473,0.034218,0.165788,0.989771
A,RILP,2,30,3.0,5,49,0.43852,0.004411,0.034037,0.168073,0.989896
A,RILP,2,30,3.0,5,50,0.438307,0.004436,0.034148,0.165604,0.989916
A,RILP,2,30,3.0,5,51,0.438277,0.004389,0.034075,0.167868,0.989984
A,RILP-Greedy,2,30,3.0,5,42,0.438411,0.004459,0.034078,0.16634,0.989813
A,RILP-Greedy,2,30,3.0,5,43,0.438086,0.004371,0.034228,0.167566,0.989961
A,RILP-Greedy,2,30,3.0,5,44,0.438109,0.0044,0.034196,0.167179,0.989915
A,RILP-Greedy,2,30,3.0,5,45,0.438242,0.004411,0.034127,0.167186,0.989979
A,RILP-Greedy,2,30,3.0,5,46,0.438339,0.004449,0.034143,0.166062,0.989837
A,RILP-Greedy,2,30,3.0,5,47,0.43793,0.004462,0.033954,0.166863,0.989914
A,RILP-Greedy,2,30,3.0,5,48,0.438382,0.004473,0.034218,0.165788,0.989771
A,RILP-Greedy,2,30,3.0,5,49,0.43852,0.004411,0.034037,0.168073,0.989896
A,RILP-Greedy,2,30,3.0,5,50,0.438307,0.004436,0.034148,0.165604,0.989916
A,RILP-Greedy,2,30,3.0,5,51,0.438277,0.004389,0.034075,0.167868,0.989984
A,Nam2023b,2,30,3.0,5,42,0.291242,0.002943,0.19788,6.493736,0.989813
A,Nam2023b,2,30,3.0,5,43,0.291447,0.002933,0.1975,6.573192,0.989961
A,Nam2023b,2,30,3.0,5,44,0.291276,0.002928,0.19799,6.56802,0.989915
A,Nam2023b,2,30,3.0,5,45,0.291274,0.002891,0.197739,6.606145,0.989979
A,Nam2023b,2,30,3.0,5,46,0.291366,0.002954,0.19775,6.479202,0.989837
A,Nam2023b,2,30,3.0,5,47,0.291357,0.002957,0.197593,6.569542,0.989914
A,Nam2023b,2,30,3.0,5,48,0.291514,0.003006,0.197575,6.466353,0.989771
A,Nam2023b,2,30,3.0,5,49,0.29145,0.002948,0.197726,6.572243,0.989896
A,Nam2023b,2,30,3.0,5,50,0.291424,0.002913,0.197414,6.513317,0.989916
A,Nam2023b,2,30,3.0,5,51,0.291181,0.002895,0.197892,6.561925,0.989984
A,Nam2025,2,30,3.0,5,42,0.438411,0.004459,0.034078,0.16634,0.989813
A,Nam2025,2,30,3.0,5,43,0.438086,0.004371,0.034228,0.167566,0.989961
A,Nam2025,2,30,3.0,5,44,0.438109,0.0044,0.034196,0.167179,0.989915
A,Nam2025,2,30,3.0,5,45,0.438242,0.004411,0.034127,0.167186,0.989979
A,Nam2025,2,30,3.0,5,46,0.438339,0.004449,0.034143,0.166062,0.989837
A,Nam2025,2,30,3.0,5,47,0.43793,0.004462,0.033954,0.166863,0.989914
A,Nam2025,2,30,3.0,5,48,0.438382,0.004473,0.034218,0.165788,0.989771
A,Nam2025,2,30,3.0,5,49,0.43852,0.004411,0.034037,0.168073,0.989896
A,Nam2025,2,30,3.0,5,50,0.438307,0.004436,0.034148,0.165604,0.989916
A,Nam2025,2,30,3.0,5,51,0.438277,0.004389,0.034075,0.167868,0.989984
A,Youn2026,2,30,3.0,5,42,0.438411,0.004459,0.034078,0.16634,0.989813
A,Youn2026,2,30,3.0,5,43,0.438086,0.004371,0.034228,0.167566,0.989961
A,Youn2026,2,30,3.0,5,44,0.438109,0.0044,0.034196,0.167179,0.989915
A,Youn2026,2,30,3.0,5,45,0.438242,0.004411,0.034127,0.167186,0.989979
A,Youn2026,2,30,3.0,5,46,0.438339,0.004449,0.034143,0.166062,0.989837
A,Youn2026,2,30,3.0,5,47,0.43793,0.004462,0.033954,0.166863,0.989914
A,Youn2026,2,30,3.0,5,48,0.438382,0.004473,0.034218,0.165788,0.989771
A,Youn2026,2,30,3.0,5,49,0.43852,0.004411,0.034037,0.168073,0.989896
A,Youn2026,2,30,3.0,5,50,0.438307,0.004436,0.034148,0.165604,0.989916
A,Youn2026,2,30,3.0,5,51,0.438277,0.004389,0.034075,0.167868,0.989984
A,V2I-Base,2,30,3.0,5,42,0.438411,0.004459,0.034078,0.16634,0.989813
A,V2I-Base,2,30,3.0,5,43,0.438086,0.004371,0.034228,0.167566,0.989961
A,V2I-Base,2,30,3.0,5,44,0.438109,0.0044,0.034196,0.167179,0.989915
A,V2I-Base,2,30,3.0,5,45,0.438242,0.004411,0.034127,0.167186,0.989979
A,V2I-Base,2,30,3.0,5,46,0.438339,0.004449,0.034143,0.166062,0.989837
A,V2I-Base,2,30,3.0,5,47,0.43793,0.004462,0.033954,0.166863,0.989914
A,V2I-Base,2,30,3.0,5,48,0.438382,0.004473,0.034218,0.165788,0.989771
A,V2I-Base,2,30,3.0,5,49,0.43852,0.004411,0.034037,0.168073,0.989896
A,V2I-Base,2,30,3.0,5,50,0.438307,0.004436,0.034148,0.165604,0.989916
A,V2I-Base,2,30,3.0,5,51,0.438277,0.004389,0.034075,0.167868,0.989984
A,V2V-Base,2,30,3.0,5,42,0.999558,0.694772,3e-06,4.528612,0.989813
A,V2V-Base,2,30,3.0,5,43,0.999564,0.694991,4e-06,4.578119,0.989961
A,V2V-Base,2,30,3.0,5,44,0.999557,0.694953,5e-06,4.59166,0.989915
A,V2V-Base,2,30,3.0,5,45,0.99953,0.694875,3e-06,4.626533,0.989979
A,V2V-Base,2,30,3.0,5,46,0.99956,0.694832,5e-06,4.542779,0.989837
A,V2V-Base,2,30,3.0,5,47,0.999584,0.695038,3e-06,4.606315,0.989914
A,V2V-Base,2,30,3.0,5,48,0.999595,0.694992,2e-06,4.536879,0.989771
A,V2V-Base,2,30,3.0,5,49,0.999573,0.694495,4e-06,4.592036,0.989896
A,V2V-Base,2,30,3.0,5,50,0.999574,0.694981,3e-06,4.552003,0.989916
A,V2V-Base,2,30,3.0,5,51,0.999557,0.694862,3e-06,4.580962,0.989984
A,Random-K,2,30,3.0,5,42,0.99941,0.900211,8.5e-05,5.859613,0.989813
A,Random-K,2,30,3.0,5,43,0.999437,0.900548,8.3e-05,5.932084,0.989961
A,Random-K,2,30,3.0,5,44,0.999438,0.9004,9e-05,5.927998,0.989915
A,Random-K,2,30,3.0,5,45,0.999405,0.900464,7.3e-05,5.961348,0.989979
A,Random-K,2,30,3.0,5,46,0.999448,0.900329,6.3e-05,5.847585,0.989837
A,Random-K,2,30,3.0,5,47,0.999461,0.900617,7.3e-05,5.929923,0.989914
A,Random-K,2,30,3.0,5,48,0.999443,0.900382,8.3e-05,5.836703,0.989771
A,Random-K,2,30,3.0,5,49,0.999436,0.900403,9.2e-05,5.931622,0.989896
A,Random-K,2,30,3.0,5,50,0.999434,0.900392,8.2e-05,5.878003,0.989916
A,Random-K,2,30,3.0,5,51,0.999397,0.900267,8.4e-05,5.92197,0.989984
A,RILP,3,0,0.0,5,42,0.438411,0.004459,0.034078,0.16634,0.989813
A,RILP,3,0,0.0,5,43,0.438086,0.004371,0.034228,0.167566,0.989961
A,RILP,3,0,0.0,5,44,0.438109,0.0044,0.034196,0.167179,0.989915
A,RILP,3,0,0.0,5,45,0.438242,0.004411,0.034127,0.167186,0.989979
A,RILP,3,0,0.0,5,46,0.438339,0.004449,0.034143,0.166062,0.989837
A,RILP,3,0,0.0,5,47,0.43793,0.004462,0.033954,0.166863,0.989914
A,RILP,3,0,0.0,5,48,0.438382,0.004473,0.034218,0.165788,0.989771
A,RILP,3,0,0.0,5,49,0.43852,0.004411,0.034037,0.168073,0.989896
A,RILP,3,0,0.0,5,50,0.438307,0.004436,0.034148,0.165604,0.989916
A,RILP,3,0,0.0,5,51,0.438277,0.004389,0.034075,0.167868,0.989984
A,RILP-Greedy,3,0,0.0,5,42,0.438411,0.004459,0.034078,0.16634,0.989813
A,RILP-Greedy,3,0,0.0,5,43,0.438086,0.004371,0.034228,0.167566,0.989961
A,RILP-Greedy,3,0,0.0,5,44,0.438109,0.0044,0.034196,0.167179,0.989915
A,RILP-Greedy,3,0,0.0,5,45,0.438242,0.004411,0.034127,0.167186,0.989979
A,RILP-Greedy,3,0,0.0,5,46,0.438339,0.004449,0.034143,0.166062,0.989837
A,RILP-Greedy,3,0,0.0,5,47,0.43793,0.004462,0.033954,0.166863,0.989914
A,RILP-Greedy,3,0,0.0,5,48,0.438382,0.004473,0.034218,0.165788,0.989771
A,RILP-Greedy,3,0,0.0,5,49,0.43852,0.004411,0.034037,0.168073,0.989896
A,RILP-Greedy,3,0,0.0,5,50,0.438307,0.004436,0.034148,0.165604,0.989916
A,RILP-Greedy,3,0,0.0,5,51,0.438277,0.004389,0.034075,0.167868,0.989984
A,Nam2023b,3,0,0.0,5,42,0.291242,0.002943,0.19788,6.493736,0.989813
A,Nam2023b,3,0,0.0,5,43,0.291447,0.002933,0.1975,6.573192,0.989961
A,Nam2023b,3,0,0.0,5,44,0.291276,0.002928,0.19799,6.56802,0.989915
A,Nam2023b,3,0,0.0,5,45,0.291274,0.002891,0.197739,6.606145,0.989979
A,Nam2023b,3,0,0.0,5,46,0.291366,0.002954,0.19775,6.479202,0.989837
A,Nam2023b,3,0,0.0,5,47,0.291357,0.002957,0.197593,6.569542,0.989914
A,Nam2023b,3,0,0.0,5,48,0.291514,0.003006,0.197575,6.466353,0.989771
A,Nam2023b,3,0,0.0,5,49,0.29145,0.002948,0.197726,6.572243,0.989896
A,Nam2023b,3,0,0.0,5,50,0.291424,0.002913,0.197414,6.513317,0.989916
A,Nam2023b,3,0,0.0,5,51,0.291181,0.002895,0.197892,6.561925,0.989984
A,Nam2025,3,0,0.0,5,42,0.438411,0.004459,0.034078,0.16634,0.989813
A,Nam2025,3,0,0.0,5,43,0.438086,0.004371,0.034228,0.167566,0.989961
A,Nam2025,3,0,0.0,5,44,0.438109,0.0044,0.034196,0.167179,0.989915
A,Nam2025,3,0,0.0,5,45,0.438242,0.004411,0.034127,0.167186,0.989979
A,Nam2025,3,0,0.0,5,46,0.438339,0.004449,0.034143,0.166062,0.989837
A,Nam2025,3,0,0.0,5,47,0.43793,0.004462,0.033954,0.166863,0.989914
A,Nam2025,3,0,0.0,5,48,0.438382,0.004473,0.034218,0.165788,0.989771
A,Nam2025,3,0,0.0,5,49,0.43852,0.004411,0.034037,0.168073,0.989896
A,Nam2025,3,0,0.0,5,50,0.438307,0.004436,0.034148,0.165604,0.989916
A,Nam2025,3,0,0.0,5,51,0.438277,0.004389,0.034075,0.167868,0.989984
A,Youn2026,3,0,0.0,5,42,0.438411,0.004459,0.034078,0.16634,0.989813
A,Youn2026,3,0,0.0,5,43,0.438086,0.004371,0.034228,0.167566,0.989961
A,Youn2026,3,0,0.0,5,44,0.438109,0.0044,0.034196,0.167179,0.989915
A,Youn2026,3,0,0.0,5,45,0.438242,0.004411,0.034127,0.167186,0.989979
A,Youn2026,3,0,0.0,5,46,0.438339,0.004449,0.034143,0.166062,0.989837
A,Youn2026,3,0,0.0,5,47,0.43793,0.004462,0.033954,0.166863,0.989914
A,Youn2026,3,0,0.0,5,48,0.438382,0.004473,0.034218,0.165788,0.989771
A,Youn2026,3,0,0.0,5,49,0.43852,0.004411,0.034037,0.168073,0.989896
A,Youn2026,3,0,0.0,5,50,0.438307,0.004436,0.034148,0.165604,0.989916
A,Youn2026,3,0,0.0,5,51,0.438277,0.004389,0.034075,0.167868,0.989984
A,V2I-Base,3,0,0.0,5,42,0.438411,0.004459,0.034078,0.16634,0.989813
A,V2I-Base,3,0,0.0,5,43,0.438086,0.004371,0.034228,0.167566,0.989961
A,V2I-Base,3,0,0.0,5,44,0.438109,0.0044,0.034196,0.167179,0.989915
A,V2I-Base,3,0,0.0,5,45,0.438242,0.004411,0.034127,0.167186,0.989979
A,V2I-Base,3,0,0.0,5,46,0.438339,0.004449,0.034143,0.166062,0.989837
A,V2I-Base,3,0,0.0,5,47,0.43793,0.004462,0.033954,0.166863,0.989914
A,V2I-Base,3,0,0.0,5,48,0.438382,0.004473,0.034218,0.165788,0.989771
A,V2I-Base,3,0,0.0,5,49,0.43852,0.004411,0.034037,0.168073,0.989896
A,V2I-Base,3,0,0.0,5,50,0.438307,0.004436,0.034148,0.165604,0.989916
A,V2I-Base,3,0,0.0,5,51,0.438277,0.004389,0.034075,0.167868,0.989984
A,V2V-Base,3,0,0.0,5,42,0.999558,0.694772,3e-06,4.528612,0.989813
A,V2V-Base,3,0,0.0,5,43,0.999564,0.694991,4e-06,4.578119,0.989961
A,V2V-Base,3,0,0.0,5,44,0.999557,0.694953,5e-06,4.59166,0.989915
A,V2V-Base,3,0,0.0,5,45,0.99953,0.694875,3e-06,4.626533,0.989979
A,V2V-Base,3,0,0.0,5,46,0.99956,0.694832,5e-06,4.542779,0.989837
A,V2V-Base,3,0,0.0,5,47,0.999584,0.695038,3e-06,4.606315,0.989914
A,V2V-Base,3,0,0.0,5,48,0.999595,0.694992,2e-06,4.536879,0.989771
A,V2V-Base,3,0,0.0,5,49,0.999573,0.694495,4e-06,4.592036,0.989896
A,V2V-Base,3,0,0.0,5,50,0.999574,0.694981,3e-06,4.552003,0.989916
A,V2V-Base,3,0,0.0,5,51,0.999557,0.694862,3e-06,4.580962,0.989984
A,Random-K,3,0,0.0,5,42,0.99941,0.900211,8.5e-05,5.859613,0.989813
A,Random-K,3,0,0.0,5,43,0.999437,0.900548,8.3e-05,5.932084,0.989961
A,Random-K,3,0,0.0,5,44,0.999438,0.9004,9e-05,5.927998,0.989915
A,Random-K,3,0,0.0,5,45,0.999405,0.900464,7.3e-05,5.961348,0.989979
A,Random-K,3,0,0.0,5,46,0.999448,0.900329,6.3e-05,5.847585,0.989837
A,Random-K,3,0,0.0,5,47,0.999461,0.900617,7.3e-05,5.929923,0.989914
A,Random-K,3,0,0.0,5,48,0.999443,0.900382,8.3e-05,5.836703,0.989771
A,Random-K,3,0,0.0,5,49,0.999436,0.900403,9.2e-05,5.931622,0.989896
A,Random-K,3,0,0.0,5,50,0.999434,0.900392,8.2e-05,5.878003,0.989916
A,Random-K,3,0,0.0,5,51,0.999397,0.900267,8.4e-05,5.92197,0.989984
A,RILP,3,0,1.0,5,42,0.438411,0.004459,0.034078,0.16634,0.989813
A,RILP,3,0,1.0,5,43,0.438086,0.004371,0.034228,0.167566,0.989961
A,RILP,3,0,1.0,5,44,0.438109,0.0044,0.034196,0.167179,0.989915
A,RILP,3,0,1.0,5,45,0.438242,0.004411,0.034127,0.167186,0.989979
A,RILP,3,0,1.0,5,46,0.438339,0.004449,0.034143,0.166062,0.989837
A,RILP,3,0,1.0,5,47,0.43793,0.004462,0.033954,0.166863,0.989914
A,RILP,3,0,1.0,5,48,0.438382,0.004473,0.034218,0.165788,0.989771
A,RILP,3,0,1.0,5,49,0.43852,0.004411,0.034037,0.168073,0.989896
A,RILP,3,0,1.0,5,50,0.438307,0.004436,0.034148,0.165604,0.989916
A,RILP,3,0,1.0,5,51,0.438277,0.004389,0.034075,0.167868,0.989984
A,RILP-Greedy,3,0,1.0,5,42,0.438411,0.004459,0.034078,0.16634,0.989813
A,RILP-Greedy,3,0,1.0,5,43,0.438086,0.004371,0.034228,0.167566,0.989961
A,RILP-Greedy,3,0,1.0,5,44,0.438109,0.0044,0.034196,0.167179,0.989915
A,RILP-Greedy,3,0,1.0,5,45,0.438242,0.004411,0.034127,0.167186,0.989979
A,RILP-Greedy,3,0,1.0,5,46,0.438339,0.004449,0.034143,0.166062,0.989837
A,RILP-Greedy,3,0,1.0,5,47,0.43793,0.004462,0.033954,0.166863,0.989914
A,RILP-Greedy,3,0,1.0,5,48,0.438382,0.004473,0.034218,0.165788,0.989771
A,RILP-Greedy,3,0,1.0,5,49,0.43852,0.004411,0.034037,0.168073,0.989896
A,RILP-Greedy,3,0,1.0,5,50,0.438307,0.004436,0.034148,0.165604,0.989916
A,RILP-Greedy,3,0,1.0,5,51,0.438277,0.004389,0.034075,0.167868,0.989984
A,Nam2023b,3,0,1.0,5,42,0.291242,0.002943,0.19788,6.493736,0.989813
A,Nam2023b,3,0,1.0,5,43,0.291447,0.002933,0.1975,6.573192,0.989961
A,Nam2023b,3,0,1.0,5,44,0.291276,0.002928,0.19799,6.56802,0.989915
A,Nam2023b,3,0,1.0,5,45,0.291274,0.002891,0.197739,6.606145,0.989979
A,Nam2023b,3,0,1.0,5,46,0.291366,0.002954,0.19775,6.479202,0.989837
A,Nam2023b,3,0,1.0,5,47,0.291357,0.002957,0.197593,6.569542,0.989914
A,Nam2023b,3,0,1.0,5,48,0.291514,0.003006,0.197575,6.466353,0.989771
A,Nam2023b,3,0,1.0,5,49,0.29145,0.002948,0.197726,6.572243,0.989896
A,Nam2023b,3,0,1.0,5,50,0.291424,0.002913,0.197414,6.513317,0.989916
A,Nam2023b,3,0,1.0,5,51,0.291181,0.002895,0.197892,6.561925,0.989984
A,Nam2025,3,0,1.0,5,42,0.438411,0.004459,0.034078,0.16634,0.989813
A,Nam2025,3,0,1.0,5,43,0.438086,0.004371,0.034228,0.167566,0.989961
A,Nam2025,3,0,1.0,5,44,0.438109,0.0044,0.034196,0.167179,0.989915
A,Nam2025,3,0,1.0,5,45,0.438242,0.004411,0.034127,0.167186,0.989979
A,Nam2025,3,0,1.0,5,46,0.438339,0.004449,0.034143,0.166062,0.989837
A,Nam2025,3,0,1.0,5,47,0.43793,0.004462,0.033954,0.166863,0.989914
A,Nam2025,3,0,1.0,5,48,0.438382,0.004473,0.034218,0.165788,0.989771
A,Nam2025,3,0,1.0,5,49,0.43852,0.004411,0.034037,0.168073,0.989896
A,Nam2025,3,0,1.0,5,50,0.438307,0.004436,0.034148,0.165604,0.989916
A,Nam2025,3,0,1.0,5,51,0.438277,0.004389,0.034075,0.167868,0.989984
A,Youn2026,3,0,1.0,5,42,0.438411,0.004459,0.034078,0.16634,0.989813
A,Youn2026,3,0,1.0,5,43,0.438086,0.004371,0.034228,0.167566,0.989961
A,Youn2026,3,0,1.0,5,44,0.438109,0.0044,0.034196,0.167179,0.989915
A,Youn2026,3,0,1.0,5,45,0.438242,0.004411,0.034127,0.167186,0.989979
A,Youn2026,3,0,1.0,5,46,0.438339,0.004449,0.034143,0.166062,0.989837
A,Youn2026,3,0,1.0,5,47,0.43793,0.004462,0.033954,0.166863,0.989914
A,Youn2026,3,0,1.0,5,48,0.438382,0.004473,0.034218,0.165788,0.989771
A,Youn2026,3,0,1.0,5,49,0.43852,0.004411,0.034037,0.168073,0.989896
A,Youn2026,3,0,1.0,5,50,0.438307,0.004436,0.034148,0.165604,0.989916
A,Youn2026,3,0,1.0,5,51,0.438277,0.004389,0.034075,0.167868,0.989984
A,V2I-Base,3,0,1.0,5,42,0.438411,0.004459,0.034078,0.16634,0.989813
A,V2I-Base,3,0,1.0,5,43,0.438086,0.004371,0.034228,0.167566,0.989961
A,V2I-Base,3,0,1.0,5,44,0.438109,0.0044,0.034196,0.167179,0.989915
A,V2I-Base,3,0,1.0,5,45,0.438242,0.004411,0.034127,0.167186,0.989979
A,V2I-Base,3,0,1.0,5,46,0.438339,0.004449,0.034143,0.166062,0.989837
A,V2I-Base,3,0,1.0,5,47,0.43793,0.004462,0.033954,0.166863,0.989914
A,V2I-Base,3,0,1.0,5,48,0.438382,0.004473,0.034218,0.165788,0.989771
A,V2I-Base,3,0,1.0,5,49,0.43852,0.004411,0.034037,0.168073,0.989896
A,V2I-Base,3,0,1.0,5,50,0.438307,0.004436,0.034148,0.165604,0.989916
A,V2I-Base,3,0,1.0,5,51,0.438277,0.004389,0.034075,0.167868,0.989984
A,V2V-Base,3,0,1.0,5,42,0.999558,0.694772,3e-06,4.528612,0.989813
A,V2V-Base,3,0,1.0,5,43,0.99806,0.691557,1e-05,4.683578,0.98922
A,V2V-Base,3,0,1.0,5,44,0.998018,0.691797,1.3e-05,4.673592,0.989149
A,V2V-Base,3,0,1.0,5,45,0.998118,0.692022,1.2e-05,4.7574,0.989309
A,V2V-Base,3,0,1.0,5,46,0.998122,0.691723,1.5e-05,4.687676,0.989198
A,V2V-Base,3,0,1.0,5,47,0.998165,0.691846,1.4e-05,4.71981,0.989128
A,V2V-Base,3,0,1.0,5,48,0.998153,0.691696,1.4e-05,4.633571,0.989222
A,V2V-Base,3,0,1.0,5,49,0.998023,0.691627,2e-05,4.683395,0.989189
A,V2V-Base,3,0,1.0,5,50,0.998152,0.691279,1e-05,4.663665,0.989265
A,V2V-Base,3,0,1.0,5,51,0.998069,0.691737,1e-05,4.70257,0.989251
A,Random-K,3,0,1.0,5,42,0.997946,0.899049,0.000295,6.106377,0.989065
A,Random-K,3,0,1.0,5,43,0.997754,0.899219,0.000249,6.172231,0.98922
A,Random-K,3,0,1.0,5,44,0.997865,0.89922,0.00031,6.143259,0.989149
A,Random-K,3,0,1.0,5,45,0.99807,0.899246,0.000279,6.270009,0.989309
A,Random-K,3,0,1.0,5,46,0.997945,0.899084,0.000352,6.180908,0.989198
A,Random-K,3,0,1.0,5,47,0.998024,0.899338,0.000265,6.202924,0.989128
A,Random-K,3,0,1.0,5,48,0.9978,0.898783,0.000295,6.090507,0.989222
A,Random-K,3,0,1.0,5,49,0.997926,0.899213,0.00024,6.184191,0.989189
A,Random-K,3,0,1.0,5,50,0.997972,0.898918,0.000314,6.147544,0.989265
A,Random-K,3,0,1.0,5,51,0.99791,0.898866,0.000261,6.198543,0.989251
A,RILP,3,0,2.0,5,42,0.438502,0.004807,0.03413,0.18524,0.989065
A,RILP,3,0,2.0,5,43,0.438412,0.004752,0.0342,0.186188,0.98922
A,RILP,3,0,2.0,5,44,0.438223,0.00475,0.034256,0.185104,0.989149
A,RILP,3,0,2.0,5,45,0.437999,0.004705,0.034244,0.186752,0.989309
A,RILP,3,0,2.0,5,46,0.438339,0.004757,0.034353,0.18749,0.989198
A,RILP,3,0,2.0,5,47,0.438168,0.004787,0.034379,0.187341,0.989128
A,RILP,3,0,2.0,5,48,0.438288,0.004718,0.034485,0.184141,0.989222
A,RILP,3,0,2.0,5,49,0.438374,0.004706,0.034271,0.187703,0.989189
A,RILP,3,0,2.0,5,50,0.43871,0.004709,0.033954,0.183984,0.989265
A,RILP,3,0,2.0,5,51,0.438295,0.004713,0.034086,0.188769,0.989251
A,RILP-Greedy,3,0,2.0,5,42,0.438502,0.004807,0.03413,0.18524,0.989065
A,RILP-Greedy,3,0,2.0,5,43,0.438412,0.004752,0.0342,0.186188,0.98922
A,RILP-Greedy,3,0,2.0,5,44,0.438223,0.00475,0.034256,0.185104,0.989149
A,RILP-Greedy,3,0,2.0,5,45,0.437999,0.004705,0.034244,0.186752,0.989309
A,RILP-Greedy,3,0,2.0,5,46,0.438339,0.004757,0.034353,0.18749,0.989198
A,RILP-Greedy,3,0,2.0,5,47,0.438168,0.004787,0.034379,0.187341,0.989128
A,RILP-Greedy,3,0,2.0,5,48,0.438288,0.004718,0.034485,0.184141,0.989222
A,RILP-Greedy,3,0,2.0,5,49,0.438374,0.004706,0.034271,0.187703,0.989189
A,RILP-Greedy,3,0,2.0,5,50,0.43871,0.004709,0.033954,0.183984,0.989265
A,RILP-Greedy,3,0,2.0,5,51,0.438295,0.004713,0.034086,0.188769,0.989251
A,Nam2023b,3,0,2.0,5,42,0.291393,0.003137,0.198305,6.765513,0.989065
A,Nam2023b,3,0,2.0,5,43,0.291518,0.003141,0.197891,6.837181,0.98922
A,Nam2023b,3,0,2.0,5,44,0.291236,0.003194,0.197752,6.805147,0.989149
A,Nam2023b,3,0,2.0,5,45,0.291006,0.003106,0.19774,6.945044,0.989309
A,Nam2023b,3,0,2.0,5,46,0.29112,0.003136,0.198337,6.846163,0.989198
A,Nam2023b,3,0,2.0,5,47,0.291286,0.003199,0.1981,6.871464,0.989128
A,Nam2023b,3,0,2.0,5,48,0.291595,0.00316,0.197565,6.747651,0.989222
A,Nam2023b,3,0,2.0,5,49,0.291723,0.00314,0.197787,6.848806,0.989189
A,Nam2023b,3,0,2.0,5,50,0.291181,0.003105,0.198482,6.811232,0.989265
A,Nam2023b,3,0,2.0,5,51,0.291133,0.003147,0.197833,6.866595,0.989251
A,Nam2025,3,0,2.0,5,42,0.438502,0.004807,0.03413,0.18524,0.989065
A,Nam2025,3,0,2.0,5,43,0.438412,0.004752,0.0342,0.186188,0.98922
A,Nam2025,3,0,2.0,5,44,0.438223,0.00475,0.034256,0.185104,0.989149
A,Nam2025,3,0,2.0,5,45,0.437999,0.004705,0.034244,0.186752,0.989309
A,Nam2025,3,0,2.0,5,46,0.438339,0.004757,0.034353,0.18749,0.989198
A,Nam2025,3,0,2.0,5,47,0.438168,0.004787,0.034379,0.187341,0.989128
A,Nam2025,3,0,2.0,5,48,0.438288,0.004718,0.034485,0.184141,0.989222
A,Nam2025,3,0,2.0,5,49,0.438374,0.004706,0.034271,0.187703,0.989189
A,Nam2025,3,0,2.0,5,50,0.43871,0.004709,0.033954,0.183984,0.989265
A,Nam2025,3,0,2.0,5,51,0.438295,0.004713,0.034086,0.188769,0.989251
A,Youn2026,3,0,2.0,5,42,0.438502,0.004807,0.03413,0.18524,0.989065
A,Youn2026,3,0,2.0,5,43,0.438412,0.004752,0.0342,0.186188,0.98922
A,Youn2026,3,0,2.0,5,44,0.438223,0.00475,0.034256,0.185104,0.989149
A,Youn2026,3,0,2.0,5,45,0.437999,0.004705,0.034244,0.186752,0.989309
A,Youn2026,3,0,2.0,5,46,0.438339,0.004757,0.034353,0.18749,0.989198
A,Youn2026,3,0,2.0,5,47,0.438168,0.004787,0.034379,0.187341,0.989128
A,Youn2026,3,0,2.0,5,48,0.438288,0.004718,0.034485,0.184141,0.989222
A,Youn2026,3,0,2.0,5,49,0.438374,0.004706,0.034271,0.187703,0.989189
A,Youn2026,3,0,2.0,5,50,0.43871,0.004709,0.033954,0.183984,0.989265
A,Youn2026,3,0,2.0,5,51,0.438295,0.004713,0.034086,0.188769,0.989251
A,V2I-Base,3,0,2.0,5,42,0.438502,0.004807,0.03413,0.18524,0.989065
A,V2I-Base,3,0,2.0,5,43,0.438412,0.004752,0.0342,0.186188,0.98922
A,V2I-Base,3,0,2.0,5,44,0.438223,0.00475,0.034256,0.185104,0.989149
A,V2I-Base,3,0,2.0,5,45,0.437999,0.004705,0.034244,0.186752,0.989309
A,V2I-Base,3,0,2.0,5,46,0.438339,0.004757,0.034353,0.18749,0.989198
A,V2I-Base,3,0,2.0,5,47,0.438168,0.004787,0.034379,0.187341,0.989128
A,V2I-Base,3,0,2.0,5,48,0.438288,0.004718,0.034485,0.184141,0.989222
A,V2I-Base,3,0,2.0,5,49,0.438374,0.004706,0.034271,0.187703,0.989189
A,V2I-Base,3,0,2.0,5,50,0.43871,0.004709,0.033954,0.183984,0.989265
A,V2I-Base,3,0,2.0,5,51,0.438295,0.004713,0.034086,0.188769,0.989251
A,V2V-Base,3,0,2.0,5,42,0.998,0.691449,6e-06,4.634774,0.989065
A,V2V-Base,3,0,2.0,5,43,0.99806,0.691557,1e-05,4.683578,0.98922
A,V2V-Base,3,0,2.0,5,44,0.998018,0.691797,1.3e-05,4.673592,0.989149
A,V2V-Base,3,0,2.0,5,45,0.998118,0.692022,1.2e-05,4.7574,0.989309
A,V2V-Base,3,0,2.0,5,46,0.998122,0.691723,1.5e-05,4.687676,0.989198
A,V2V-Base,3,0,2.0,5,47,0.998165,0.691846,1.4e-05,4.71981,0.989128
A,V2V-Base,3,0,2.0,5,48,0.998153,0.691696,1.4e-05,4.633571,0.989222
A,V2V-Base,3,0,2.0,5,49,0.998023,0.691627,2e-05,4.683395,0.989189
A,V2V-Base,3,0,2.0,5,50,0.998152,0.691279,1e-05,4.663665,0.989265
A,V2V-Base,3,0,2.0,5,51,0.998069,0.691737,1e-05,4.70257,0.989251
A,Random-K,3,0,2.0,5,42,0.997946,0.899049,0.000295,6.106377,0.989065
A,Random-K,3,0,2.0,5,43,0.997754,0.899219,0.000249,6.172231,0.98922
A,Random-K,3,0,2.0,5,44,0.997865,0.89922,0.00031,6.143259,0.989149
A,Random-K,3,0,2.0,5,45,0.99807,0.899246,0.000279,6.270009,0.989309
A,Random-K,3,0,2.0,5,46,0.997945,0.899084,0.000352,6.180908,0.989198
A,Random-K,3,0,2.0,5,47,0.998024,0.899338,0.000265,6.202924,0.989128
A,Random-K,3,0,2.0,5,48,0.9978,0.898783,0.000295,6.090507,0.989222
A,Random-K,3,0,2.0,5,49,0.997926,0.899213,0.00024,6.184191,0.989189
A,Random-K,3,0,2.0,5,50,0.997972,0.898918,0.000314,6.147544,0.989265
A,Random-K,3,0,2.0,5,51,0.99791,0.898866,0.000261,6.198543,0.989251
A,RILP,3,0,3.0,5,42,0.438502,0.004807,0.03413,0.18524,0.989065
A,RILP,3,0,3.0,5,43,0.438412,0.004752,0.0342,0.186188,0.98922
A,RILP,3,0,3.0,5,44,0.438223,0.00475,0.034256,0.185104,0.989149
A,RILP,3,0,3.0,5,45,0.437999,0.004705,0.034244,0.186752,0.989309
A,RILP,3,0,3.0,5,46,0.438339,0.004757,0.034353,0.18749,0.989198
A,RILP,3,0,3.0,5,47,0.438168,0.004787,0.034379,0.187341,0.989128
A,RILP,3,0,3.0,5,48,0.438288,0.004718,0.034485,0.184141,0.989222
A,RILP,3,0,3.0,5,49,0.438374,0.004706,0.034271,0.187703,0.989189
A,RILP,3,0,3.0,5,50,0.43871,0.004709,0.033954,0.183984,0.989265
A,RILP,3,0,3.0,5,51,0.438295,0.004713,0.034086,0.188769,0.989251
A,RILP-Greedy,3,0,3.0,5,42,0.438502,0.004807,0.03413,0.18524,0.989065
A,RILP-Greedy,3,0,3.0,5,43,0.438412,0.004752,0.0342,0.186188,0.98922
A,RILP-Greedy,3,0,3.0,5,44,0.438223,0.00475,0.034256,0.185104,0.989149
A,RILP-Greedy,3,0,3.0,5,45,0.437999,0.004705,0.034244,0.186752,0.989309
A,RILP-Greedy,3,0,3.0,5,46,0.438339,0.004757,0.034353,0.18749,0.989198
A,RILP-Greedy,3,0,3.0,5,47,0.438168,0.004787,0.034379,0.187341,0.989128
A,RILP-Greedy,3,0,3.0,5,48,0.438288,0.004718,0.034485,0.184141,0.989222
A,RILP-Greedy,3,0,3.0,5,49,0.438374,0.004706,0.034271,0.187703,0.989189
A,RILP-Greedy,3,0,3.0,5,50,0.43871,0.004709,0.033954,0.183984,0.989265
A,RILP-Greedy,3,0,3.0,5,51,0.438295,0.004713,0.034086,0.188769,0.989251
A,Nam2023b,3,0,3.0,5,42,0.291393,0.003137,0.198305,6.765513,0.989065
A,Nam2023b,3,0,3.0,5,43,0.291518,0.003141,0.197891,6.837181,0.98922
A,Nam2023b,3,0,3.0,5,44,0.291236,0.003194,0.197752,6.805147,0.989149
A,Nam2023b,3,0,3.0,5,45,0.291006,0.003106,0.19774,6.945044,0.989309
A,Nam2023b,3,0,3.0,5,46,0.29112,0.003136,0.198337,6.846163,0.989198
A,Nam2023b,3,0,3.0,5,47,0.291286,0.003199,0.1981,6.871464,0.989128
A,Nam2023b,3,0,3.0,5,48,0.291595,0.00316,0.197565,6.747651,0.989222
A,Nam2023b,3,0,3.0,5,49,0.291723,0.00314,0.197787,6.848806,0.989189
A,Nam2023b,3,0,3.0,5,50,0.291181,0.003105,0.198482,6.811232,0.989265
A,Nam2023b,3,0,3.0,5,51,0.291133,0.003147,0.197833,6.866595,0.989251
A,Nam2025,3,0,3.0,5,42,0.438502,0.004807,0.03413,0.18524,0.989065
A,Nam2025,3,0,3.0,5,43,0.438412,0.004752,0.0342,0.186188,0.98922
A,Nam2025,3,0,3.0,5,44,0.438223,0.00475,0.034256,0.185104,0.989149
A,Nam2025,3,0,3.0,5,45,0.437999,0.004705,0.034244,0.186752,0.989309
A,Nam2025,3,0,3.0,5,46,0.438339,0.004757,0.034353,0.18749,0.989198
A,Nam2025,3,0,3.0,5,47,0.438168,0.004787,0.034379,0.187341,0.989128
A,Nam2025,3,0,3.0,5,48,0.438288,0.004718,0.034485,0.184141,0.989222
A,Nam2025,3,0,3.0,5,49,0.438374,0.004706,0.034271,0.187703,0.989189
A,Nam2025,3,0,3.0,5,50,0.43871,0.004709,0.033954,0.183984,0.989265
A,Nam2025,3,0,3.0,5,51,0.438295,0.004713,0.034086,0.188769,0.989251
A,Youn2026,3,0,3.0,5,42,0.438502,0.004807,0.03413,0.18524,0.989065
A,Youn2026,3,0,3.0,5,43,0.438412,0.004752,0.0342,0.186188,0.98922
A,Youn2026,3,0,3.0,5,44,0.438223,0.00475,0.034256,0.185104,0.989149
A,Youn2026,3,0,3.0,5,45,0.437999,0.004705,0.034244,0.186752,0.989309
A,Youn2026,3,0,3.0,5,46,0.438339,0.004757,0.034353,0.18749,0.989198
A,Youn2026,3,0,3.0,5,47,0.438168,0.004787,0.034379,0.187341,0.989128
A,Youn2026,3,0,3.0,5,48,0.438288,0.004718,0.034485,0.184141,0.989222
A,Youn2026,3,0,3.0,5,49,0.438374,0.004706,0.034271,0.187703,0.989189
A,Youn2026,3,0,3.0,5,50,0.43871,0.004709,0.033954,0.183984,0.989265
A,Youn2026,3,0,3.0,5,51,0.438295,0.004713,0.034086,0.188769,0.989251
A,V2I-Base,3,0,3.0,5,42,0.438502,0.004807,0.03413,0.18524,0.989065
A,V2I-Base,3,0,3.0,5,43,0.438412,0.004752,0.0342,0.186188,0.98922
A,V2I-Base,3,0,3.0,5,44,0.438223,0.00475,0.034256,0.185104,0.989149
A,V2I-Base,3,0,3.0,5,45,0.437999,0.004705,0.034244,0.186752,0.989309
A,V2I-Base,3,0,3.0,5,46,0.438339,0.004757,0.034353,0.18749,0.989198
A,V2I-Base,3,0,3.0,5,47,0.438168,0.004787,0.034379,0.187341,0.989128
A,V2I-Base,3,0,3.0,5,48,0.438288,0.004718,0.034485,0.184141,0.989222
A,V2I-Base,3,0,3.0,5,49,0.438374,0.004706,0.034271,0.187703,0.989189
A,V2I-Base,3,0,3.0,5,50,0.43871,0.004709,0.033954,0.183984,0.989265
A,V2I-Base,3,0,3.0,5,51,0.438295,0.004713,0.034086,0.188769,0.989251
A,V2V-Base,3,0,3.0,5,42,0.998,0.691449,6e-06,4.634774,0.989065
A,V2V-Base,3,0,3.0,5,43,0.99806,0.691557,1e-05,4.683578,0.98922
A,V2V-Base,3,0,3.0,5,44,0.998018,0.691797,1.3e-05,4.673592,0.989149
A,V2V-Base,3,0,3.0,5,45,0.998118,0.692022,1.2e-05,4.7574,0.989309
A,V2V-Base,3,0,3.0,5,46,0.998122,0.691723,1.5e-05,4.687676,0.989198
A,V2V-Base,3,0,3.0,5,47,0.998165,0.691846,1.4e-05,4.71981,0.989128
A,V2V-Base,3,0,3.0,5,48,0.998153,0.691696,1.4e-05,4.633571,0.989222
A,V2V-Base,3,0,3.0,5,49,0.998023,0.691627,2e-05,4.683395,0.989189
A,V2V-Base,3,0,3.0,5,50,0.998152,0.691279,1e-05,4.663665,0.989265
A,V2V-Base,3,0,3.0,5,51,0.998069,0.691737,1e-05,4.70257,0.989251
A,Random-K,3,0,3.0,5,42,0.997946,0.899049,0.000295,6.106377,0.989065
A,Random-K,3,0,3.0,5,43,0.997754,0.899219,0.000249,6.172231,0.98922
A,Random-K,3,0,3.0,5,44,0.997865,0.89922,0.00031,6.143259,0.989149
A,Random-K,3,0,3.0,5,45,0.99807,0.899246,0.000279,6.270009,0.989309
A,Random-K,3,0,3.0,5,46,0.997945,0.899084,0.000352,6.180908,0.989198
A,Random-K,3,0,3.0,5,47,0.998024,0.899338,0.000265,6.202924,0.989128
A,Random-K,3,0,3.0,5,48,0.9978,0.898783,0.000295,6.090507,0.989222
A,Random-K,3,0,3.0,5,49,0.997926,0.899213,0.00024,6.184191,0.989189
A,Random-K,3,0,3.0,5,50,0.997972,0.898918,0.000314,6.147544,0.989265
A,Random-K,3,0,3.0,5,51,0.99791,0.898866,0.000261,6.198543,0.989251
A,RILP,3,10,0.0,5,42,0.438502,0.004807,0.03413,0.18524,0.989065
A,RILP,3,10,0.0,5,43,0.438412,0.004752,0.0342,0.186188,0.98922
A,RILP,3,10,0.0,5,44,0.438223,0.00475,0.034256,0.185104,0.989149
A,RILP,3,10,0.0,5,45,0.437999,0.004705,0.034244,0.186752,0.989309
A,RILP,3,10,0.0,5,46,0.438339,0.004757,0.034353,0.18749,0.989198
A,RILP,3,10,0.0,5,47,0.438168,0.004787,0.034379,0.187341,0.989128
A,RILP,3,10,0.0,5,48,0.438288,0.004718,0.034485,0.184141,0.989222
A,RILP,3,10,0.0,5,49,0.438374,0.004706,0.034271,0.187703,0.989189
A,RILP,3,10,0.0,5,50,0.43871,0.004709,0.033954,0.183984,0.989265
A,RILP,3,10,0.0,5,51,0.438295,0.004713,0.034086,0.188769,0.989251
A,RILP-Greedy,3,10,0.0,5,42,0.438502,0.004807,0.03413,0.18524,0.989065
A,RILP-Greedy,3,10,0.0,5,43,0.438412,0.004752,0.0342,0.186188,0.98922
A,RILP-Greedy,3,10,0.0,5,44,0.438223,0.00475,0.034256,0.185104,0.989149
A,RILP-Greedy,3,10,0.0,5,45,0.437999,0.004705,0.034244,0.186752,0.989309
A,RILP-Greedy,3,10,0.0,5,46,0.438339,0.004757,0.034353,0.18749,0.989198
A,RILP-Greedy,3,10,0.0,5,47,0.438168,0.004787,0.034379,0.187341,0.989128
A,RILP-Greedy,3,10,0.0,5,48,0.438288,0.004718,0.034485,0.184141,0.989222
A,RILP-Greedy,3,10,0.0,5,49,0.438374,0.004706,0.034271,0.187703,0.989189
A,RILP-Greedy,3,10,0.0,5,50,0.43871,0.004709,0.033954,0.183984,0.989265
A,RILP-Greedy,3,10,0.0,5,51,0.438295,0.004713,0.034086,0.188769,0.989251
A,Nam2023b,3,10,0.0,5,42,0.291393,0.003137,0.198305,6.765513,0.989065
A,Nam2023b,3,10,0.0,5,43,0.291518,0.003141,0.197891,6.837181,0.98922
A,Nam2023b,3,10,0.0,5,44,0.291236,0.003194,0.197752,6.805147,0.989149
A,Nam2023b,3,10,0.0,5,45,0.291006,0.003106,0.19774,6.945044,0.989309
A,Nam2023b,3,10,0.0,5,46,0.29112,0.003136,0.198337,6.846163,0.989198
A,Nam2023b,3,10,0.0,5,47,0.291286,0.003199,0.1981,6.871464,0.989128
A,Nam2023b,3,10,0.0,5,48,0.291595,0.00316,0.197565,6.747651,0.989222
A,Nam2023b,3,10,0.0,5,49,0.291723,0.00314,0.197787,6.848806,0.989189
A,Nam2023b,3,10,0.0,5,50,0.291181,0.003105,0.198482,6.811232,0.989265
A,Nam2023b,3,10,0.0,5,51,0.291133,0.003147,0.197833,6.866595,0.989251
A,Nam2025,3,10,0.0,5,42,0.438502,0.004807,0.03413,0.18524,0.989065
A,Nam2025,3,10,0.0,5,43,0.438412,0.004752,0.0342,0.186188,0.98922
A,Nam2025,3,10,0.0,5,44,0.438223,0.00475,0.034256,0.185104,0.989149
A,Nam2025,3,10,0.0,5,45,0.437999,0.004705,0.034244,0.186752,0.989309
A,Nam2025,3,10,0.0,5,46,0.438339,0.004757,0.034353,0.18749,0.989198
A,Nam2025,3,10,0.0,5,47,0.438168,0.004787,0.034379,0.187341,0.989128
A,Nam2025,3,10,0.0,5,48,0.438288,0.004718,0.034485,0.184141,0.989222
A,Nam2025,3,10,0.0,5,49,0.438374,0.004706,0.034271,0.187703,0.989189
A,Nam2025,3,10,0.0,5,50,0.43871,0.004709,0.033954,0.183984,0.989265
A,Nam2025,3,10,0.0,5,51,0.438295,0.004713,0.034086,0.188769,0.989251
A,Youn2026,3,10,0.0,5,42,0.438502,0.004807,0.03413,0.18524,0.989065
A,Youn2026,3,10,0.0,5,43,0.438412,0.004752,0.0342,0.186188,0.98922
A,Youn2026,3,10,0.0,5,44,0.438223,0.00475,0.034256,0.185104,0.989149
A,Youn2026,3,10,0.0,5,45,0.437999,0.004705,0.034244,0.186752,0.989309
A,Youn2026,3,10,0.0,5,46,0.438339,0.004757,0.034353,0.18749,0.989198
A,Youn2026,3,10,0.0,5,47,0.438168,0.004787,0.034379,0.187341,0.989128
A,Youn2026,3,10,0.0,5,48,0.438288,0.004718,0.034485,0.184141,0.989222
A,Youn2026,3,10,0.0,5,49,0.438374,0.004706,0.034271,0.187703,0.989189
A,Youn2026,3,10,0.0,5,50,0.43871,0.004709,0.033954,0.183984,0.989265
A,Youn2026,3,10,0.0,5,51,0.438295,0.004713,0.034086,0.188769,0.989251
A,V2I-Base,3,10,0.0,5,42,0.438502,0.004807,0.03413,0.18524,0.989065
A,V2I-Base,3,10,0.0,5,43,0.438412,0.004752,0.0342,0.186188,0.98922
A,V2I-Base,3,10,0.0,5,44,0.438223,0.00475,0.034256,0.185104,0.989149
A,V2I-Base,3,10,0.0,5,45,0.437999,0.004705,0.034244,0.186752,0.989309
A,V2I-Base,3,10,0.0,5,46,0.438339,0.004757,0.034353,0.18749,0.989198
A,V2I-Base,3,10,0.0,5,47,0.438168,0.004787,0.034379,0.187341,0.989128
A,V2I-Base,3,10,0.0,5,48,0.438288,0.004718,0.034485,0.184141,0.989222
A,V2I-Base,3,10,0.0,5,49,0.438374,0.004706,0.034271,0.187703,0.989189
A,V2I-Base,3,10,0.0,5,50,0.43871,0.004709,0.033954,0.183984,0.989265
A,V2I-Base,3,10,0.0,5,51,0.438295,0.004713,0.034086,0.188769,0.989251
A,V2V-Base,3,10,0.0,5,42,0.998,0.691449,6e-06,4.634774,0.989065
A,V2V-Base,3,10,0.0,5,43,0.99806,0.691557,1e-05,4.683578,0.98922
A,V2V-Base,3,10,0.0,5,44,0.998018,0.691797,1.3e-05,4.673592,0.989149
A,V2V-Base,3,10,0.0,5,45,0.998118,0.692022,1.2e-05,4.7574,0.989309
A,V2V-Base,3,10,0.0,5,46,0.998122,0.691723,1.5e-05,4.687676,0.989198
A,V2V-Base,3,10,0.0,5,47,0.998165,0.691846,1.4e-05,4.71981,0.989128
A,V2V-Base,3,10,0.0,5,48,0.998153,0.691696,1.4e-05,4.633571,0.989222
A,V2V-Base,3,10,0.0,5,49,0.998023,0.691627,2e-05,4.683395,0.989189
A,V2V-Base,3,10,0.0,5,50,0.998152,0.691279,1e-05,4.663665,0.989265
A,V2V-Base,3,10,0.0,5,51,0.998069,0.691737,1e-05,4.70257,0.989251
A,Random-K,3,10,0.0,5,42,0.997946,0.899049,0.000295,6.106377,0.989065
A,Random-K,3,10,0.0,5,43,0.997754,0.899219,0.000249,6.172231,0.98922
A,Random-K,3,10,0.0,5,44,0.997865,0.89922,0.00031,6.143259,0.989149
A,Random-K,3,10,0.0,5,45,0.99807,0.899246,0.000279,6.270009,0.989309
A,Random-K,3,10,0.0,5,46,0.997945,0.899084,0.000352,6.180908,0.989198
A,Random-K,3,10,0.0,5,47,0.998024,0.899338,0.000265,6.202924,0.989128
A,Random-K,3,10,0.0,5,48,0.9978,0.898783,0.000295,6.090507,0.989222
A,Random-K,3,10,0.0,5,49,0.997926,0.899213,0.00024,6.184191,0.989189
A,Random-K,3,10,0.0,5,50,0.997972,0.898918,0.000314,6.147544,0.989265
A,Random-K,3,10,0.0,5,51,0.99791,0.898866,0.000261,6.198543,0.989251
A,RILP,3,10,1.0,5,42,0.438502,0.004807,0.03413,0.18524,0.989065
A,RILP,3,10,1.0,5,43,0.438412,0.004752,0.0342,0.186188,0.98922
A,RILP,3,10,1.0,5,44,0.438223,0.00475,0.034256,0.185104,0.989149
A,RILP,3,10,1.0,5,45,0.437999,0.004705,0.034244,0.186752,0.989309
A,RILP,3,10,1.0,5,46,0.438339,0.004757,0.034353,0.18749,0.989198
A,RILP,3,10,1.0,5,47,0.438168,0.004787,0.034379,0.187341,0.989128
A,RILP,3,10,1.0,5,48,0.438288,0.004718,0.034485,0.184141,0.989222
A,RILP,3,10,1.0,5,49,0.438374,0.004706,0.034271,0.187703,0.989189
A,RILP,3,10,1.0,5,50,0.43871,0.004709,0.033954,0.183984,0.989265
A,RILP,3,10,1.0,5,51,0.438295,0.004713,0.034086,0.188769,0.989251
A,RILP-Greedy,3,10,1.0,5,42,0.438502,0.004807,0.03413,0.18524,0.989065
A,RILP-Greedy,3,10,1.0,5,43,0.438412,0.004752,0.0342,0.186188,0.98922
A,RILP-Greedy,3,10,1.0,5,44,0.438223,0.00475,0.034256,0.185104,0.989149
A,RILP-Greedy,3,10,1.0,5,45,0.437999,0.004705,0.034244,0.186752,0.989309
A,RILP-Greedy,3,10,1.0,5,46,0.438339,0.004757,0.034353,0.18749,0.989198
A,RILP-Greedy,3,10,1.0,5,47,0.438168,0.004787,0.034379,0.187341,0.989128
A,RILP-Greedy,3,10,1.0,5,48,0.438288,0.004718,0.034485,0.184141,0.989222
A,RILP-Greedy,3,10,1.0,5,49,0.438374,0.004706,0.034271,0.187703,0.989189
A,RILP-Greedy,3,10,1.0,5,50,0.43871,0.004709,0.033954,0.183984,0.989265
A,RILP-Greedy,3,10,1.0,5,51,0.438295,0.004713,0.034086,0.188769,0.989251
A,Nam2023b,3,10,1.0,5,42,0.291393,0.003137,0.198305,6.765513,0.989065
A,Nam2023b,3,10,1.0,5,43,0.291518,0.003141,0.197891,6.837181,0.98922
A,Nam2023b,3,10,1.0,5,44,0.291236,0.003194,0.197752,6.805147,0.989149
A,Nam2023b,3,10,1.0,5,45,0.291006,0.003106,0.19774,6.945044,0.989309
A,Nam2023b,3,10,1.0,5,46,0.29112,0.003136,0.198337,6.846163,0.989198
A,Nam2023b,3,10,1.0,5,47,0.291286,0.003199,0.1981,6.871464,0.989128
A,Nam2023b,3,10,1.0,5,48,0.291595,0.00316,0.197565,6.747651,0.989222
A,Nam2023b,3,10,1.0,5,49,0.291723,0.00314,0.197787,6.848806,0.989189
A,Nam2023b,3,10,1.0,5,50,0.291181,0.003105,0.198482,6.811232,0.989265
A,Nam2023b,3,10,1.0,5,51,0.291133,0.003147,0.197833,6.866595,0.989251
A,Nam2025,3,10,1.0,5,42,0.438502,0.004807,0.03413,0.18524,0.989065
A,Nam2025,3,10,1.0,5,43,0.438412,0.004752,0.0342,0.186188,0.98922
A,Nam2025,3,10,1.0,5,44,0.438223,0.00475,0.034256,0.185104,0.989149
A,Nam2025,3,10,1.0,5,45,0.437999,0.004705,0.034244,0.186752,0.989309
A,Nam2025,3,10,1.0,5,46,0.438339,0.004757,0.034353,0.18749,0.989198
A,Nam2025,3,10,1.0,5,47,0.438168,0.004787,0.034379,0.187341,0.989128
A,Nam2025,3,10,1.0,5,48,0.438288,0.004718,0.034485,0.184141,0.989222
A,Nam2025,3,10,1.0,5,49,0.438374,0.004706,0.034271,0.187703,0.989189
A,Nam2025,3,10,1.0,5,50,0.43871,0.004709,0.033954,0.183984,0.989265
A,Nam2025,3,10,1.0,5,51,0.438295,0.004713,0.034086,0.188769,0.989251
A,Youn2026,3,10,1.0,5,42,0.438502,0.004807,0.03413,0.18524,0.989065
A,Youn2026,3,10,1.0,5,43,0.438412,0.004752,0.0342,0.186188,0.98922
A,Youn2026,3,10,1.0,5,44,0.438223,0.00475,0.034256,0.185104,0.989149
A,Youn2026,3,10,1.0,5,45,0.437999,0.004705,0.034244,0.186752,0.989309
A,Youn2026,3,10,1.0,5,46,0.438339,0.004757,0.034353,0.18749,0.989198
A,Youn2026,3,10,1.0,5,47,0.438168,0.004787,0.034379,0.187341,0.989128
A,Youn2026,3,10,1.0,5,48,0.438288,0.004718,0.034485,0.184141,0.989222
A,Youn2026,3,10,1.0,5,49,0.438374,0.004706,0.034271,0.187703,0.989189
A,Youn2026,3,10,1.0,5,50,0.43871,0.004709,0.033954,0.183984,0.989265
A,Youn2026,3,10,1.0,5,51,0.438295,0.004713,0.034086,0.188769,0.989251
A,V2I-Base,3,10,1.0,5,42,0.438502,0.004807,0.03413,0.18524,0.989065
A,V2I-Base,3,10,1.0,5,43,0.438412,0.004752,0.0342,0.186188,0.98922
A,V2I-Base,3,10,1.0,5,44,0.438223,0.00475,0.034256,0.185104,0.989149
A,V2I-Base,3,10,1.0,5,45,0.437999,0.004705,0.034244,0.186752,0.989309
A,V2I-Base,3,10,1.0,5,46,0.438339,0.004757,0.034353,0.18749,0.989198
A,V2I-Base,3,10,1.0,5,47,0.438168,0.004787,0.034379,0.187341,0.989128
A,V2I-Base,3,10,1.0,5,48,0.438288,0.004718,0.034485,0.184141,0.989222
A,V2I-Base,3,10,1.0,5,49,0.438374,0.004706,0.034271,0.187703,0.989189
A,V2I-Base,3,10,1.0,5,50,0.43871,0.004709,0.033954,0.183984,0.989265
A,V2I-Base,3,10,1.0,5,51,0.438295,0.004713,0.034086,0.188769,0.989251
A,V2V-Base,3,10,1.0,5,42,0.998,0.691449,6e-06,4.634774,0.989065
A,V2V-Base,3,10,1.0,5,43,0.99806,0.691557,1e-05,4.683578,0.98922
A,V2V-Base,3,10,1.0,5,44,0.998018,0.691797,1.3e-05,4.673592,0.989149
A,V2V-Base,3,10,1.0,5,45,0.998118,0.692022,1.2e-05,4.7574,0.989309
A,V2V-Base,3,10,1.0,5,46,0.998122,0.691723,1.5e-05,4.687676,0.989198
A,V2V-Base,3,10,1.0,5,47,0.998165,0.691846,1.4e-05,4.71981,0.989128
A,V2V-Base,3,10,1.0,5,48,0.998153,0.691696,1.4e-05,4.633571,0.989222
A,V2V-Base,3,10,1.0,5,49,0.998023,0.691627,2e-05,4.683395,0.989189
A,V2V-Base,3,10,1.0,5,50,0.998152,0.691279,1e-05,4.663665,0.989265
A,V2V-Base,3,10,1.0,5,51,0.998069,0.691737,1e-05,4.70257,0.989251
A,Random-K,3,10,1.0,5,42,0.997946,0.899049,0.000295,6.106377,0.989065
A,Random-K,3,10,1.0,5,43,0.997754,0.899219,0.000249,6.172231,0.98922
A,Random-K,3,10,1.0,5,44,0.997865,0.89922,0.00031,6.143259,0.989149
A,Random-K,3,10,1.0,5,45,0.99807,0.899246,0.000279,6.270009,0.989309
A,Random-K,3,10,1.0,5,46,0.997945,0.899084,0.000352,6.180908,0.989198
A,Random-K,3,10,1.0,5,47,0.998024,0.899338,0.000265,6.202924,0.989128
A,Random-K,3,10,1.0,5,48,0.9978,0.898783,0.000295,6.090507,0.989222
A,Random-K,3,10,1.0,5,49,0.997926,0.899213,0.00024,6.184191,0.989189
A,Random-K,3,10,1.0,5,50,0.997972,0.898918,0.000314,6.147544,0.989265
A,Random-K,3,10,1.0,5,51,0.99791,0.898866,0.000261,6.198543,0.989251
A,RILP,3,10,2.0,5,42,0.438502,0.004807,0.03413,0.18524,0.989065
A,RILP,3,10,2.0,5,43,0.438412,0.004752,0.0342,0.186188,0.98922
A,RILP,3,10,2.0,5,44,0.438223,0.00475,0.034256,0.185104,0.989149
A,RILP,3,10,2.0,5,45,0.437999,0.004705,0.034244,0.186752,0.989309
A,RILP,3,10,2.0,5,46,0.438339,0.004757,0.034353,0.18749,0.989198
A,RILP,3,10,2.0,5,47,0.438168,0.004787,0.034379,0.187341,0.989128
A,RILP,3,10,2.0,5,48,0.438288,0.004718,0.034485,0.184141,0.989222
A,RILP,3,10,2.0,5,49,0.438374,0.004706,0.034271,0.187703,0.989189
A,RILP,3,10,2.0,5,50,0.43871,0.004709,0.033954,0.183984,0.989265
A,RILP,3,10,2.0,5,51,0.438295,0.004713,0.034086,0.188769,0.989251
A,RILP-Greedy,3,10,2.0,5,42,0.438502,0.004807,0.03413,0.18524,0.989065
A,RILP-Greedy,3,10,2.0,5,43,0.438412,0.004752,0.0342,0.186188,0.98922
A,RILP-Greedy,3,10,2.0,5,44,0.438223,0.00475,0.034256,0.185104,0.989149
A,RILP-Greedy,3,10,2.0,5,45,0.437999,0.004705,0.034244,0.186752,0.989309
A,RILP-Greedy,3,10,2.0,5,46,0.438339,0.004757,0.034353,0.18749,0.989198
A,RILP-Greedy,3,10,2.0,5,47,0.438168,0.004787,0.034379,0.187341,0.989128
A,RILP-Greedy,3,10,2.0,5,48,0.438288,0.004718,0.034485,0.184141,0.989222
A,RILP-Greedy,3,10,2.0,5,49,0.438374,0.004706,0.034271,0.187703,0.989189
A,RILP-Greedy,3,10,2.0,5,50,0.43871,0.004709,0.033954,0.183984,0.989265
A,RILP-Greedy,3,10,2.0,5,51,0.438295,0.004713,0.034086,0.188769,0.989251
A,Nam2023b,3,10,2.0,5,42,0.291393,0.003137,0.198305,6.765513,0.989065
A,Nam2023b,3,10,2.0,5,43,0.291518,0.003141,0.197891,6.837181,0.98922
A,Nam2023b,3,10,2.0,5,44,0.291236,0.003194,0.197752,6.805147,0.989149
A,Nam2023b,3,10,2.0,5,45,0.291006,0.003106,0.19774,6.945044,0.989309
A,Nam2023b,3,10,2.0,5,46,0.29112,0.003136,0.198337,6.846163,0.989198
A,Nam2023b,3,10,2.0,5,47,0.291286,0.003199,0.1981,6.871464,0.989128
A,Nam2023b,3,10,2.0,5,48,0.291595,0.00316,0.197565,6.747651,0.989222
A,Nam2023b,3,10,2.0,5,49,0.291723,0.00314,0.197787,6.848806,0.989189
A,Nam2023b,3,10,2.0,5,50,0.291181,0.003105,0.198482,6.811232,0.989265
A,Nam2023b,3,10,2.0,5,51,0.291133,0.003147,0.197833,6.866595,0.989251
A,Nam2025,3,10,2.0,5,42,0.438502,0.004807,0.03413,0.18524,0.989065
A,Nam2025,3,10,2.0,5,43,0.438412,0.004752,0.0342,0.186188,0.98922
A,Nam2025,3,10,2.0,5,44,0.438223,0.00475,0.034256,0.185104,0.989149
A,Nam2025,3,10,2.0,5,45,0.437999,0.004705,0.034244,0.186752,0.989309
A,Nam2025,3,10,2.0,5,46,0.438339,0.004757,0.034353,0.18749,0.989198
A,Nam2025,3,10,2.0,5,47,0.438168,0.004787,0.034379,0.187341,0.989128
A,Nam2025,3,10,2.0,5,48,0.438288,0.004718,0.034485,0.184141,0.989222
A,Nam2025,3,10,2.0,5,49,0.438374,0.004706,0.034271,0.187703,0.989189
A,Nam2025,3,10,2.0,5,50,0.43871,0.004709,0.033954,0.183984,0.989265
A,Nam2025,3,10,2.0,5,51,0.438295,0.004713,0.034086,0.188769,0.989251
A,Youn2026,3,10,2.0,5,42,0.438502,0.004807,0.03413,0.18524,0.989065
A,Youn2026,3,10,2.0,5,43,0.438412,0.004752,0.0342,0.186188,0.98922
A,Youn2026,3,10,2.0,5,44,0.438223,0.00475,0.034256,0.185104,0.989149
A,Youn2026,3,10,2.0,5,45,0.437999,0.004705,0.034244,0.186752,0.989309
A,Youn2026,3,10,2.0,5,46,0.438339,0.004757,0.034353,0.18749,0.989198
A,Youn2026,3,10,2.0,5,47,0.438168,0.004787,0.034379,0.187341,0.989128
A,Youn2026,3,10,2.0,5,48,0.438288,0.004718,0.034485,0.184141,0.989222
A,Youn2026,3,10,2.0,5,49,0.438374,0.004706,0.034271,0.187703,0.989189
A,Youn2026,3,10,2.0,5,50,0.43871,0.004709,0.033954,0.183984,0.989265
A,Youn2026,3,10,2.0,5,51,0.438295,0.004713,0.034086,0.188769,0.989251
A,V2I-Base,3,10,2.0,5,42,0.438502,0.004807,0.03413,0.18524,0.989065
A,V2I-Base,3,10,2.0,5,43,0.438412,0.004752,0.0342,0.186188,0.98922
A,V2I-Base,3,10,2.0,5,44,0.438223,0.00475,0.034256,0.185104,0.989149
A,V2I-Base,3,10,2.0,5,45,0.437999,0.004705,0.034244,0.186752,0.989309
A,V2I-Base,3,10,2.0,5,46,0.438339,0.004757,0.034353,0.18749,0.989198
A,V2I-Base,3,10,2.0,5,47,0.438168,0.004787,0.034379,0.187341,0.989128
A,V2I-Base,3,10,2.0,5,48,0.438288,0.004718,0.034485,0.184141,0.989222
A,V2I-Base,3,10,2.0,5,49,0.438374,0.004706,0.034271,0.187703,0.989189
A,V2I-Base,3,10,2.0,5,50,0.43871,0.004709,0.033954,0.183984,0.989265
A,V2I-Base,3,10,2.0,5,51,0.438295,0.004713,0.034086,0.188769,0.989251
A,V2V-Base,3,10,2.0,5,42,0.998,0.691449,6e-06,4.634774,0.989065
A,V2V-Base,3,10,2.0,5,43,0.99806,0.691557,1e-05,4.683578,0.98922
A,V2V-Base,3,10,2.0,5,44,0.998018,0.691797,1.3e-05,4.673592,0.989149
A,V2V-Base,3,10,2.0,5,45,0.998118,0.692022,1.2e-05,4.7574,0.989309
A,V2V-Base,3,10,2.0,5,46,0.998122,0.691723,1.5e-05,4.687676,0.989198
A,V2V-Base,3,10,2.0,5,47,0.998165,0.691846,1.4e-05,4.71981,0.989128
A,V2V-Base,3,10,2.0,5,48,0.998153,0.691696,1.4e-05,4.633571,0.989222
A,V2V-Base,3,10,2.0,5,49,0.998023,0.691627,2e-05,4.683395,0.989189
A,V2V-Base,3,10,2.0,5,50,0.998152,0.691279,1e-05,4.663665,0.989265
A,V2V-Base,3,10,2.0,5,51,0.998069,0.691737,1e-05,4.70257,0.989251
A,Random-K,3,10,2.0,5,42,0.997946,0.899049,0.000295,6.106377,0.989065
A,Random-K,3,10,2.0,5,43,0.997754,0.899219,0.000249,6.172231,0.98922
A,Random-K,3,10,2.0,5,44,0.997865,0.89922,0.00031,6.143259,0.989149
A,Random-K,3,10,2.0,5,45,0.99807,0.899246,0.000279,6.270009,0.989309
A,Random-K,3,10,2.0,5,46,0.997945,0.899084,0.000352,6.180908,0.989198
A,Random-K,3,10,2.0,5,47,0.998024,0.899338,0.000265,6.202924,0.989128
A,Random-K,3,10,2.0,5,48,0.9978,0.898783,0.000295,6.090507,0.989222
A,Random-K,3,10,2.0,5,49,0.997926,0.899213,0.00024,6.184191,0.989189
A,Random-K,3,10,2.0,5,50,0.997972,0.898918,0.000314,6.147544,0.989265
A,Random-K,3,10,2.0,5,51,0.99791,0.898866,0.000261,6.198543,0.989251
A,RILP,3,10,3.0,5,42,0.438502,0.004807,0.03413,0.18524,0.989065
A,RILP,3,10,3.0,5,43,0.438412,0.004752,0.0342,0.186188,0.98922
A,RILP,3,10,3.0,5,44,0.438223,0.00475,0.034256,0.185104,0.989149
A,RILP,3,10,3.0,5,45,0.437999,0.004705,0.034244,0.186752,0.989309
A,RILP,3,10,3.0,5,46,0.438339,0.004757,0.034353,0.18749,0.989198
A,RILP,3,10,3.0,5,47,0.438168,0.004787,0.034379,0.187341,0.989128
A,RILP,3,10,3.0,5,48,0.438288,0.004718,0.034485,0.184141,0.989222
A,RILP,3,10,3.0,5,49,0.438374,0.004706,0.034271,0.187703,0.989189
A,RILP,3,10,3.0,5,50,0.43871,0.004709,0.033954,0.183984,0.989265
A,RILP,3,10,3.0,5,51,0.438295,0.004713,0.034086,0.188769,0.989251
A,RILP-Greedy,3,10,3.0,5,42,0.438502,0.004807,0.03413,0.18524,0.989065
A,RILP-Greedy,3,10,3.0,5,43,0.438412,0.004752,0.0342,0.186188,0.98922
A,RILP-Greedy,3,10,3.0,5,44,0.438223,0.00475,0.034256,0.185104,0.989149
A,RILP-Greedy,3,10,3.0,5,45,0.437999,0.004705,0.034244,0.186752,0.989309
A,RILP-Greedy,3,10,3.0,5,46,0.438339,0.004757,0.034353,0.18749,0.989198
A,RILP-Greedy,3,10,3.0,5,47,0.438168,0.004787,0.034379,0.187341,0.989128
A,RILP-Greedy,3,10,3.0,5,48,0.438288,0.004718,0.034485,0.184141,0.989222
A,RILP-Greedy,3,10,3.0,5,49,0.438374,0.004706,0.034271,0.187703,0.989189
A,RILP-Greedy,3,10,3.0,5,50,0.43871,0.004709,0.033954,0.183984,0.989265
A,RILP-Greedy,3,10,3.0,5,51,0.438295,0.004713,0.034086,0.188769,0.989251
A,Nam2023b,3,10,3.0,5,42,0.291393,0.003137,0.198305,6.765513,0.989065
A,Nam2023b,3,10,3.0,5,43,0.291518,0.003141,0.197891,6.837181,0.98922
A,Nam2023b,3,10,3.0,5,44,0.291236,0.003194,0.197752,6.805147,0.989149
A,Nam2023b,3,10,3.0,5,45,0.291006,0.003106,0.19774,6.945044,0.989309
A,Nam2023b,3,10,3.0,5,46,0.29112,0.003136,0.198337,6.846163,0.989198
A,Nam2023b,3,10,3.0,5,47,0.291286,0.003199,0.1981,6.871464,0.989128
A,Nam2023b,3,10,3.0,5,48,0.291595,0.00316,0.197565,6.747651,0.989222
A,Nam2023b,3,10,3.0,5,49,0.291723,0.00314,0.197787,6.848806,0.989189
A,Nam2023b,3,10,3.0,5,50,0.291181,0.003105,0.198482,6.811232,0.989265
A,Nam2023b,3,10,3.0,5,51,0.291133,0.003147,0.197833,6.866595,0.989251
A,Nam2025,3,10,3.0,5,42,0.438502,0.004807,0.03413,0.18524,0.989065
A,Nam2025,3,10,3.0,5,43,0.438412,0.004752,0.0342,0.186188,0.98922
A,Nam2025,3,10,3.0,5,44,0.438223,0.00475,0.034256,0.185104,0.989149
A,Nam2025,3,10,3.0,5,45,0.437999,0.004705,0.034244,0.186752,0.989309
A,Nam2025,3,10,3.0,5,46,0.438339,0.004757,0.034353,0.18749,0.989198
A,Nam2025,3,10,3.0,5,47,0.438168,0.004787,0.034379,0.187341,0.989128
A,Nam2025,3,10,3.0,5,48,0.438288,0.004718,0.034485,0.184141,0.989222
A,Nam2025,3,10,3.0,5,49,0.438374,0.004706,0.034271,0.187703,0.989189
A,Nam2025,3,10,3.0,5,50,0.43871,0.004709,0.033954,0.183984,0.989265
A,Nam2025,3,10,3.0,5,51,0.438295,0.004713,0.034086,0.188769,0.989251
A,Youn2026,3,10,3.0,5,42,0.438502,0.004807,0.03413,0.18524,0.989065
A,Youn2026,3,10,3.0,5,43,0.438412,0.004752,0.0342,0.186188,0.98922
A,Youn2026,3,10,3.0,5,44,0.438223,0.00475,0.034256,0.185104,0.989149
A,Youn2026,3,10,3.0,5,45,0.437999,0.004705,0.034244,0.186752,0.989309
A,Youn2026,3,10,3.0,5,46,0.438339,0.004757,0.034353,0.18749,0.989198
A,Youn2026,3,10,3.0,5,47,0.438168,0.004787,0.034379,0.187341,0.989128
A,Youn2026,3,10,3.0,5,48,0.438288,0.004718,0.034485,0.184141,0.989222
A,Youn2026,3,10,3.0,5,49,0.438374,0.004706,0.034271,0.187703,0.989189
A,Youn2026,3,10,3.0,5,50,0.43871,0.004709,0.033954,0.183984,0.989265
A,Youn2026,3,10,3.0,5,51,0.438295,0.004713,0.034086,0.188769,0.989251
A,V2I-Base,3,10,3.0,5,42,0.438502,0.004807,0.03413,0.18524,0.989065
A,V2I-Base,3,10,3.0,5,43,0.438412,0.004752,0.0342,0.186188,0.98922
A,V2I-Base,3,10,3.0,5,44,0.438223,0.00475,0.034256,0.185104,0.989149
A,V2I-Base,3,10,3.0,5,45,0.437999,0.004705,0.034244,0.186752,0.989309
A,V2I-Base,3,10,3.0,5,46,0.438339,0.004757,0.034353,0.18749,0.989198
A,V2I-Base,3,10,3.0,5,47,0.438168,0.004787,0.034379,0.187341,0.989128
A,V2I-Base,3,10,3.0,5,48,0.438288,0.004718,0.034485,0.184141,0.989222
A,V2I-Base,3,10,3.0,5,49,0.438374,0.004706,0.034271,0.187703,0.989189
A,V2I-Base,3,10,3.0,5,50,0.43871,0.004709,0.033954,0.183984,0.989265
A,V2I-Base,3,10,3.0,5,51,0.438295,0.004713,0.034086,0.188769,0.989251
A,V2V-Base,3,10,3.0,5,42,0.998,0.691449,6e-06,4.634774,0.989065
A,V2V-Base,3,10,3.0,5,43,0.99806,0.691557,1e-05,4.683578,0.98922
A,V2V-Base,3,10,3.0,5,44,0.998018,0.691797,1.3e-05,4.673592,0.989149
A,V2V-Base,3,10,3.0,5,45,0.998118,0.692022,1.2e-05,4.7574,0.989309
A,V2V-Base,3,10,3.0,5,46,0.998122,0.691723,1.5e-05,4.687676,0.989198
A,V2V-Base,3,10,3.0,5,47,0.998165,0.691846,1.4e-05,4.71981,0.989128
A,V2V-Base,3,10,3.0,5,48,0.998153,0.691696,1.4e-05,4.633571,0.989222
A,V2V-Base,3,10,3.0,5,49,0.998023,0.691627,2e-05,4.683395,0.989189
A,V2V-Base,3,10,3.0,5,50,0.998152,0.691279,1e-05,4.663665,0.989265
A,V2V-Base,3,10,3.0,5,51,0.998069,0.691737,1e-05,4.70257,0.989251
A,Random-K,3,10,3.0,5,42,0.997946,0.899049,0.000295,6.106377,0.989065
A,Random-K,3,10,3.0,5,43,0.997754,0.899219,0.000249,6.172231,0.98922
A,Random-K,3,10,3.0,5,44,0.997865,0.89922,0.00031,6.143259,0.989149
A,Random-K,3,10,3.0,5,45,0.99807,0.899246,0.000279,6.270009,0.989309
A,Random-K,3,10,3.0,5,46,0.997945,0.899084,0.000352,6.180908,0.989198
A,Random-K,3,10,3.0,5,47,0.998024,0.899338,0.000265,6.202924,0.989128
A,Random-K,3,10,3.0,5,48,0.9978,0.898783,0.000295,6.090507,0.989222
A,Random-K,3,10,3.0,5,49,0.997926,0.899213,0.00024,6.184191,0.989189
A,Random-K,3,10,3.0,5,50,0.997972,0.898918,0.000314,6.147544,0.989265
A,Random-K,3,10,3.0,5,51,0.99791,0.898866,0.000261,6.198543,0.989251
A,RILP,3,20,0.0,5,42,0.438502,0.004807,0.03413,0.18524,0.989065
A,RILP,3,20,0.0,5,43,0.438412,0.004752,0.0342,0.186188,0.98922
A,RILP,3,20,0.0,5,44,0.438223,0.00475,0.034256,0.185104,0.989149
A,RILP,3,20,0.0,5,45,0.437999,0.004705,0.034244,0.186752,0.989309
A,RILP,3,20,0.0,5,46,0.438339,0.004757,0.034353,0.18749,0.989198
A,RILP,3,20,0.0,5,47,0.438168,0.004787,0.034379,0.187341,0.989128
A,RILP,3,20,0.0,5,48,0.438288,0.004718,0.034485,0.184141,0.989222
A,RILP,3,20,0.0,5,49,0.438374,0.004706,0.034271,0.187703,0.989189
A,RILP,3,20,0.0,5,50,0.43871,0.004709,0.033954,0.183984,0.989265
A,RILP,3,20,0.0,5,51,0.438295,0.004713,0.034086,0.188769,0.989251
A,RILP-Greedy,3,20,0.0,5,42,0.438502,0.004807,0.03413,0.18524,0.989065
A,RILP-Greedy,3,20,0.0,5,43,0.438412,0.004752,0.0342,0.186188,0.98922
A,RILP-Greedy,3,20,0.0,5,44,0.438223,0.00475,0.034256,0.185104,0.989149
A,RILP-Greedy,3,20,0.0,5,45,0.437999,0.004705,0.034244,0.186752,0.989309
A,RILP-Greedy,3,20,0.0,5,46,0.438339,0.004757,0.034353,0.18749,0.989198
A,RILP-Greedy,3,20,0.0,5,47,0.438168,0.004787,0.034379,0.187341,0.989128
A,RILP-Greedy,3,20,0.0,5,48,0.438288,0.004718,0.034485,0.184141,0.989222
A,RILP-Greedy,3,20,0.0,5,49,0.438374,0.004706,0.034271,0.187703,0.989189
A,RILP-Greedy,3,20,0.0,5,50,0.43871,0.004709,0.033954,0.183984,0.989265
A,RILP-Greedy,3,20,0.0,5,51,0.438295,0.004713,0.034086,0.188769,0.989251
A,Nam2023b,3,20,0.0,5,42,0.291393,0.003137,0.198305,6.765513,0.989065
A,Nam2023b,3,20,0.0,5,43,0.291518,0.003141,0.197891,6.837181,0.98922
A,Nam2023b,3,20,0.0,5,44,0.291236,0.003194,0.197752,6.805147,0.989149
A,Nam2023b,3,20,0.0,5,45,0.291006,0.003106,0.19774,6.945044,0.989309
A,Nam2023b,3,20,0.0,5,46,0.29112,0.003136,0.198337,6.846163,0.989198
A,Nam2023b,3,20,0.0,5,47,0.291286,0.003199,0.1981,6.871464,0.989128
A,Nam2023b,3,20,0.0,5,48,0.291595,0.00316,0.197565,6.747651,0.989222
A,Nam2023b,3,20,0.0,5,49,0.291723,0.00314,0.197787,6.848806,0.989189
A,Nam2023b,3,20,0.0,5,50,0.291181,0.003105,0.198482,6.811232,0.989265
A,Nam2023b,3,20,0.0,5,51,0.291133,0.003147,0.197833,6.866595,0.989251
A,Nam2025,3,20,0.0,5,42,0.438502,0.004807,0.03413,0.18524,0.989065
A,Nam2025,3,20,0.0,5,43,0.438412,0.004752,0.0342,0.186188,0.98922
A,Nam2025,3,20,0.0,5,44,0.438223,0.00475,0.034256,0.185104,0.989149
A,Nam2025,3,20,0.0,5,45,0.437999,0.004705,0.034244,0.186752,0.989309
A,Nam2025,3,20,0.0,5,46,0.438339,0.004757,0.034353,0.18749,0.989198
A,Nam2025,3,20,0.0,5,47,0.438168,0.004787,0.034379,0.187341,0.989128
A,Nam2025,3,20,0.0,5,48,0.438288,0.004718,0.034485,0.184141,0.989222
A,Nam2025,3,20,0.0,5,49,0.438374,0.004706,0.034271,0.187703,0.989189
A,Nam2025,3,20,0.0,5,50,0.43871,0.004709,0.033954,0.183984,0.989265
A,Nam2025,3,20,0.0,5,51,0.438295,0.004713,0.034086,0.188769,0.989251
A,Youn2026,3,20,0.0,5,42,0.438502,0.004807,0.03413,0.18524,0.989065
A,Youn2026,3,20,0.0,5,43,0.438412,0.004752,0.0342,0.186188,0.98922
A,Youn2026,3,20,0.0,5,44,0.438223,0.00475,0.034256,0.185104,0.989149
A,Youn2026,3,20,0.0,5,45,0.437999,0.004705,0.034244,0.186752,0.989309
A,Youn2026,3,20,0.0,5,46,0.438339,0.004757,0.034353,0.18749,0.989198
A,Youn2026,3,20,0.0,5,47,0.438168,0.004787,0.034379,0.187341,0.989128
A,Youn2026,3,20,0.0,5,48,0.438288,0.004718,0.034485,0.184141,0.989222
A,Youn2026,3,20,0.0,5,49,0.438374,0.004706,0.034271,0.187703,0.989189
A,Youn2026,3,20,0.0,5,50,0.43871,0.004709,0.033954,0.183984,0.989265
A,Youn2026,3,20,0.0,5,51,0.438295,0.004713,0.034086,0.188769,0.989251
A,V2I-Base,3,20,0.0,5,42,0.438502,0.004807,0.03413,0.18524,0.989065
A,V2I-Base,3,20,0.0,5,43,0.438412,0.004752,0.0342,0.186188,0.98922
A,V2I-Base,3,20,0.0,5,44,0.438223,0.00475,0.034256,0.185104,0.989149
A,V2I-Base,3,20,0.0,5,45,0.437999,0.004705,0.034244,0.186752,0.989309
A,V2I-Base,3,20,0.0,5,46,0.438339,0.004757,0.034353,0.18749,0.989198
A,V2I-Base,3,20,0.0,5,47,0.438168,0.004787,0.034379,0.187341,0.989128
A,V2I-Base,3,20,0.0,5,48,0.438288,0.004718,0.034485,0.184141,0.989222
A,V2I-Base,3,20,0.0,5,49,0.438374,0.004706,0.034271,0.187703,0.989189
A,V2I-Base,3,20,0.0,5,50,0.43871,0.004709,0.033954,0.183984,0.989265
A,V2I-Base,3,20,0.0,5,51,0.438295,0.004713,0.034086,0.188769,0.989251
A,V2V-Base,3,20,0.0,5,42,0.998,0.691449,6e-06,4.634774,0.989065
A,V2V-Base,3,20,0.0,5,43,0.99806,0.691557,1e-05,4.683578,0.98922
A,V2V-Base,3,20,0.0,5,44,0.998018,0.691797,1.3e-05,4.673592,0.989149
A,V2V-Base,3,20,0.0,5,45,0.998118,0.692022,1.2e-05,4.7574,0.989309
A,V2V-Base,3,20,0.0,5,46,0.998122,0.691723,1.5e-05,4.687676,0.989198
A,V2V-Base,3,20,0.0,5,47,0.998165,0.691846,1.4e-05,4.71981,0.989128
A,V2V-Base,3,20,0.0,5,48,0.998153,0.691696,1.4e-05,4.633571,0.989222
A,V2V-Base,3,20,0.0,5,49,0.998023,0.691627,2e-05,4.683395,0.989189
A,V2V-Base,3,20,0.0,5,50,0.998152,0.691279,1e-05,4.663665,0.989265
A,V2V-Base,3,20,0.0,5,51,0.998069,0.691737,1e-05,4.70257,0.989251
A,Random-K,3,20,0.0,5,42,0.997946,0.899049,0.000295,6.106377,0.989065
A,Random-K,3,20,0.0,5,43,0.997754,0.899219,0.000249,6.172231,0.98922
A,Random-K,3,20,0.0,5,44,0.997865,0.89922,0.00031,6.143259,0.989149
A,Random-K,3,20,0.0,5,45,0.99807,0.899246,0.000279,6.270009,0.989309
A,Random-K,3,20,0.0,5,46,0.997945,0.899084,0.000352,6.180908,0.989198
A,Random-K,3,20,0.0,5,47,0.998024,0.899338,0.000265,6.202924,0.989128
A,Random-K,3,20,0.0,5,48,0.9978,0.898783,0.000295,6.090507,0.989222
A,Random-K,3,20,0.0,5,49,0.997926,0.899213,0.00024,6.184191,0.989189
A,Random-K,3,20,0.0,5,50,0.997972,0.898918,0.000314,6.147544,0.989265
A,Random-K,3,20,0.0,5,51,0.99791,0.898866,0.000261,6.198543,0.989251
A,RILP,3,20,1.0,5,42,0.438502,0.004807,0.03413,0.18524,0.989065
A,RILP,3,20,1.0,5,43,0.438412,0.004752,0.0342,0.186188,0.98922
A,RILP,3,20,1.0,5,44,0.438223,0.00475,0.034256,0.185104,0.989149
A,RILP,3,20,1.0,5,45,0.437999,0.004705,0.034244,0.186752,0.989309
A,RILP,3,20,1.0,5,46,0.438339,0.004757,0.034353,0.18749,0.989198
A,RILP,3,20,1.0,5,47,0.438168,0.004787,0.034379,0.187341,0.989128
A,RILP,3,20,1.0,5,48,0.438288,0.004718,0.034485,0.184141,0.989222
A,RILP,3,20,1.0,5,49,0.438374,0.004706,0.034271,0.187703,0.989189
A,RILP,3,20,1.0,5,50,0.43871,0.004709,0.033954,0.183984,0.989265
A,RILP,3,20,1.0,5,51,0.438295,0.004713,0.034086,0.188769,0.989251
A,RILP-Greedy,3,20,1.0,5,42,0.438502,0.004807,0.03413,0.18524,0.989065
A,RILP-Greedy,3,20,1.0,5,43,0.438412,0.004752,0.0342,0.186188,0.98922
A,RILP-Greedy,3,20,1.0,5,44,0.438223,0.00475,0.034256,0.185104,0.989149
A,RILP-Greedy,3,20,1.0,5,45,0.437999,0.004705,0.034244,0.186752,0.989309
A,RILP-Greedy,3,20,1.0,5,46,0.438339,0.004757,0.034353,0.18749,0.989198
A,RILP-Greedy,3,20,1.0,5,47,0.438168,0.004787,0.034379,0.187341,0.989128
A,RILP-Greedy,3,20,1.0,5,48,0.438288,0.004718,0.034485,0.184141,0.989222
A,RILP-Greedy,3,20,1.0,5,49,0.438374,0.004706,0.034271,0.187703,0.989189
A,RILP-Greedy,3,20,1.0,5,50,0.43871,0.004709,0.033954,0.183984,0.989265
A,RILP-Greedy,3,20,1.0,5,51,0.438295,0.004713,0.034086,0.188769,0.989251
A,Nam2023b,3,20,1.0,5,42,0.291393,0.003137,0.198305,6.765513,0.989065
A,Nam2023b,3,20,1.0,5,43,0.291518,0.003141,0.197891,6.837181,0.98922
A,Nam2023b,3,20,1.0,5,44,0.291236,0.003194,0.197752,6.805147,0.989149
A,Nam2023b,3,20,1.0,5,45,0.291006,0.003106,0.19774,6.945044,0.989309
A,Nam2023b,3,20,1.0,5,46,0.29112,0.003136,0.198337,6.846163,0.989198
A,Nam2023b,3,20,1.0,5,47,0.291286,0.003199,0.1981,6.871464,0.989128
A,Nam2023b,3,20,1.0,5,48,0.291595,0.00316,0.197565,6.747651,0.989222
A,Nam2023b,3,20,1.0,5,49,0.291723,0.00314,0.197787,6.848806,0.989189
A,Nam2023b,3,20,1.0,5,50,0.291181,0.003105,0.198482,6.811232,0.989265
A,Nam2023b,3,20,1.0,5,51,0.291133,0.003147,0.197833,6.866595,0.989251
A,Nam2025,3,20,1.0,5,42,0.438502,0.004807,0.03413,0.18524,0.989065
A,Nam2025,3,20,1.0,5,43,0.438412,0.004752,0.0342,0.186188,0.98922
A,Nam2025,3,20,1.0,5,44,0.438223,0.00475,0.034256,0.185104,0.989149
A,Nam2025,3,20,1.0,5,45,0.437999,0.004705,0.034244,0.186752,0.989309
A,Nam2025,3,20,1.0,5,46,0.438339,0.004757,0.034353,0.18749,0.989198
A,Nam2025,3,20,1.0,5,47,0.438168,0.004787,0.034379,0.187341,0.989128
A,Nam2025,3,20,1.0,5,48,0.438288,0.004718,0.034485,0.184141,0.989222
A,Nam2025,3,20,1.0,5,49,0.438374,0.004706,0.034271,0.187703,0.989189
A,Nam2025,3,20,1.0,5,50,0.43871,0.004709,0.033954,0.183984,0.989265
A,Nam2025,3,20,1.0,5,51,0.438295,0.004713,0.034086,0.188769,0.989251
A,Youn2026,3,20,1.0,5,42,0.438502,0.004807,0.03413,0.18524,0.989065
A,Youn2026,3,20,1.0,5,43,0.438412,0.004752,0.0342,0.186188,0.98922
A,Youn2026,3,20,1.0,5,44,0.438223,0.00475,0.034256,0.185104,0.989149
A,Youn2026,3,20,1.0,5,45,0.437999,0.004705,0.034244,0.186752,0.989309
A,Youn2026,3,20,1.0,5,46,0.438339,0.004757,0.034353,0.18749,0.989198
A,Youn2026,3,20,1.0,5,47,0.438168,0.004787,0.034379,0.187341,0.989128
A,Youn2026,3,20,1.0,5,48,0.438288,0.004718,0.034485,0.184141,0.989222
A,Youn2026,3,20,1.0,5,49,0.438374,0.004706,0.034271,0.187703,0.989189
A,Youn2026,3,20,1.0,5,50,0.43871,0.004709,0.033954,0.183984,0.989265
A,Youn2026,3,20,1.0,5,51,0.438295,0.004713,0.034086,0.188769,0.989251
A,V2I-Base,3,20,1.0,5,42,0.438502,0.004807,0.03413,0.18524,0.989065
A,V2I-Base,3,20,1.0,5,43,0.438412,0.004752,0.0342,0.186188,0.98922
A,V2I-Base,3,20,1.0,5,44,0.438223,0.00475,0.034256,0.185104,0.989149
A,V2I-Base,3,20,1.0,5,45,0.437999,0.004705,0.034244,0.186752,0.989309
A,V2I-Base,3,20,1.0,5,46,0.438339,0.004757,0.034353,0.18749,0.989198
A,V2I-Base,3,20,1.0,5,47,0.438168,0.004787,0.034379,0.187341,0.989128
A,V2I-Base,3,20,1.0,5,48,0.438288,0.004718,0.034485,0.184141,0.989222
A,V2I-Base,3,20,1.0,5,49,0.438374,0.004706,0.034271,0.187703,0.989189
A,V2I-Base,3,20,1.0,5,50,0.43871,0.004709,0.033954,0.183984,0.989265
A,V2I-Base,3,20,1.0,5,51,0.438295,0.004713,0.034086,0.188769,0.989251
A,V2V-Base,3,20,1.0,5,42,0.998,0.691449,6e-06,4.634774,0.989065
A,V2V-Base,3,20,1.0,5,43,0.99806,0.691557,1e-05,4.683578,0.98922
A,V2V-Base,3,20,1.0,5,44,0.998018,0.691797,1.3e-05,4.673592,0.989149
A,V2V-Base,3,20,1.0,5,45,0.998118,0.692022,1.2e-05,4.7574,0.989309
A,V2V-Base,3,20,1.0,5,46,0.998122,0.691723,1.5e-05,4.687676,0.989198
A,V2V-Base,3,20,1.0,5,47,0.998165,0.691846,1.4e-05,4.71981,0.989128
A,V2V-Base,3,20,1.0,5,48,0.998153,0.691696,1.4e-05,4.633571,0.989222
A,V2V-Base,3,20,1.0,5,49,0.998023,0.691627,2e-05,4.683395,0.989189
A,V2V-Base,3,20,1.0,5,50,0.998152,0.691279,1e-05,4.663665,0.989265
A,V2V-Base,3,20,1.0,5,51,0.998069,0.691737,1e-05,4.70257,0.989251
A,Random-K,3,20,1.0,5,42,0.997946,0.899049,0.000295,6.106377,0.989065
A,Random-K,3,20,1.0,5,43,0.997754,0.899219,0.000249,6.172231,0.98922
A,Random-K,3,20,1.0,5,44,0.997865,0.89922,0.00031,6.143259,0.989149
A,Random-K,3,20,1.0,5,45,0.99807,0.899246,0.000279,6.270009,0.989309
A,Random-K,3,20,1.0,5,46,0.997945,0.899084,0.000352,6.180908,0.989198
A,Random-K,3,20,1.0,5,47,0.998024,0.899338,0.000265,6.202924,0.989128
A,Random-K,3,20,1.0,5,48,0.9978,0.898783,0.000295,6.090507,0.989222
A,Random-K,3,20,1.0,5,49,0.997926,0.899213,0.00024,6.184191,0.989189
A,Random-K,3,20,1.0,5,50,0.997972,0.898918,0.000314,6.147544,0.989265
A,Random-K,3,20,1.0,5,51,0.99791,0.898866,0.000261,6.198543,0.989251
A,RILP,3,20,2.0,5,42,0.438502,0.004807,0.03413,0.18524,0.989065
A,RILP,3,20,2.0,5,43,0.438412,0.004752,0.0342,0.186188,0.98922
A,RILP,3,20,2.0,5,44,0.438223,0.00475,0.034256,0.185104,0.989149
A,RILP,3,20,2.0,5,45,0.437999,0.004705,0.034244,0.186752,0.989309
A,RILP,3,20,2.0,5,46,0.438339,0.004757,0.034353,0.18749,0.989198
A,RILP,3,20,2.0,5,47,0.438168,0.004787,0.034379,0.187341,0.989128
A,RILP,3,20,2.0,5,48,0.438288,0.004718,0.034485,0.184141,0.989222
A,RILP,3,20,2.0,5,49,0.438374,0.004706,0.034271,0.187703,0.989189
A,RILP,3,20,2.0,5,50,0.43871,0.004709,0.033954,0.183984,0.989265
A,RILP,3,20,2.0,5,51,0.438295,0.004713,0.034086,0.188769,0.989251
A,RILP-Greedy,3,20,2.0,5,42,0.438502,0.004807,0.03413,0.18524,0.989065
A,RILP-Greedy,3,20,2.0,5,43,0.438412,0.004752,0.0342,0.186188,0.98922
A,RILP-Greedy,3,20,2.0,5,44,0.438223,0.00475,0.034256,0.185104,0.989149
A,RILP-Greedy,3,20,2.0,5,45,0.437999,0.004705,0.034244,0.186752,0.989309
A,RILP-Greedy,3,20,2.0,5,46,0.438339,0.004757,0.034353,0.18749,0.989198
A,RILP-Greedy,3,20,2.0,5,47,0.438168,0.004787,0.034379,0.187341,0.989128
A,RILP-Greedy,3,20,2.0,5,48,0.438288,0.004718,0.034485,0.184141,0.989222
A,RILP-Greedy,3,20,2.0,5,49,0.438374,0.004706,0.034271,0.187703,0.989189
A,RILP-Greedy,3,20,2.0,5,50,0.43871,0.004709,0.033954,0.183984,0.989265
A,RILP-Greedy,3,20,2.0,5,51,0.438295,0.004713,0.034086,0.188769,0.989251
A,Nam2023b,3,20,2.0,5,42,0.291393,0.003137,0.198305,6.765513,0.989065
A,Nam2023b,3,20,2.0,5,43,0.291518,0.003141,0.197891,6.837181,0.98922
A,Nam2023b,3,20,2.0,5,44,0.291236,0.003194,0.197752,6.805147,0.989149
A,Nam2023b,3,20,2.0,5,45,0.291006,0.003106,0.19774,6.945044,0.989309
A,Nam2023b,3,20,2.0,5,46,0.29112,0.003136,0.198337,6.846163,0.989198
A,Nam2023b,3,20,2.0,5,47,0.291286,0.003199,0.1981,6.871464,0.989128
A,Nam2023b,3,20,2.0,5,48,0.291595,0.00316,0.197565,6.747651,0.989222
A,Nam2023b,3,20,2.0,5,49,0.291723,0.00314,0.197787,6.848806,0.989189
A,Nam2023b,3,20,2.0,5,50,0.291181,0.003105,0.198482,6.811232,0.989265
A,Nam2023b,3,20,2.0,5,51,0.291133,0.003147,0.197833,6.866595,0.989251
A,Nam2025,3,20,2.0,5,42,0.438502,0.004807,0.03413,0.18524,0.989065
A,Nam2025,3,20,2.0,5,43,0.438412,0.004752,0.0342,0.186188,0.98922
A,Nam2025,3,20,2.0,5,44,0.438223,0.00475,0.034256,0.185104,0.989149
A,Nam2025,3,20,2.0,5,45,0.437999,0.004705,0.034244,0.186752,0.989309
A,Nam2025,3,20,2.0,5,46,0.438339,0.004757,0.034353,0.18749,0.989198
A,Nam2025,3,20,2.0,5,47,0.438168,0.004787,0.034379,0.187341,0.989128
A,Nam2025,3,20,2.0,5,48,0.438288,0.004718,0.034485,0.184141,0.989222
A,Nam2025,3,20,2.0,5,49,0.438374,0.004706,0.034271,0.187703,0.989189
A,Nam2025,3,20,2.0,5,50,0.43871,0.004709,0.033954,0.183984,0.989265
A,Nam2025,3,20,2.0,5,51,0.438295,0.004713,0.034086,0.188769,0.989251
A,Youn2026,3,20,2.0,5,42,0.438502,0.004807,0.03413,0.18524,0.989065
A,Youn2026,3,20,2.0,5,43,0.438412,0.004752,0.0342,0.186188,0.98922
A,Youn2026,3,20,2.0,5,44,0.438223,0.00475,0.034256,0.185104,0.989149
A,Youn2026,3,20,2.0,5,45,0.437999,0.004705,0.034244,0.186752,0.989309
A,Youn2026,3,20,2.0,5,46,0.438339,0.004757,0.034353,0.18749,0.989198
A,Youn2026,3,20,2.0,5,47,0.438168,0.004787,0.034379,0.187341,0.989128
A,Youn2026,3,20,2.0,5,48,0.438288,0.004718,0.034485,0.184141,0.989222
A,Youn2026,3,20,2.0,5,49,0.438374,0.004706,0.034271,0.187703,0.989189
A,Youn2026,3,20,2.0,5,50,0.43871,0.004709,0.033954,0.183984,0.989265
A,Youn2026,3,20,2.0,5,51,0.438295,0.004713,0.034086,0.188769,0.989251
A,V2I-Base,3,20,2.0,5,42,0.438502,0.004807,0.03413,0.18524,0.989065
A,V2I-Base,3,20,2.0,5,43,0.438412,0.004752,0.0342,0.186188,0.98922
A,V2I-Base,3,20,2.0,5,44,0.438223,0.00475,0.034256,0.185104,0.989149
A,V2I-Base,3,20,2.0,5,45,0.437999,0.004705,0.034244,0.186752,0.989309
A,V2I-Base,3,20,2.0,5,46,0.438339,0.004757,0.034353,0.18749,0.989198
A,V2I-Base,3,20,2.0,5,47,0.438168,0.004787,0.034379,0.187341,0.989128
A,V2I-Base,3,20,2.0,5,48,0.438288,0.004718,0.034485,0.184141,0.989222
A,V2I-Base,3,20,2.0,5,49,0.438374,0.004706,0.034271,0.187703,0.989189
A,V2I-Base,3,20,2.0,5,50,0.43871,0.004709,0.033954,0.183984,0.989265
A,V2I-Base,3,20,2.0,5,51,0.438295,0.004713,0.034086,0.188769,0.989251
A,V2V-Base,3,20,2.0,5,42,0.998,0.691449,6e-06,4.634774,0.989065
A,V2V-Base,3,20,2.0,5,43,0.99806,0.691557,1e-05,4.683578,0.98922
A,V2V-Base,3,20,2.0,5,44,0.998018,0.691797,1.3e-05,4.673592,0.989149
A,V2V-Base,3,20,2.0,5,45,0.998118,0.692022,1.2e-05,4.7574,0.989309
A,V2V-Base,3,20,2.0,5,46,0.998122,0.691723,1.5e-05,4.687676,0.989198
A,V2V-Base,3,20,2.0,5,47,0.998165,0.691846,1.4e-05,4.71981,0.989128
A,V2V-Base,3,20,2.0,5,48,0.998153,0.691696,1.4e-05,4.633571,0.989222
A,V2V-Base,3,20,2.0,5,49,0.998023,0.691627,2e-05,4.683395,0.989189
A,V2V-Base,3,20,2.0,5,50,0.998152,0.691279,1e-05,4.663665,0.989265
A,V2V-Base,3,20,2.0,5,51,0.998069,0.691737,1e-05,4.70257,0.989251
A,Random-K,3,20,2.0,5,42,0.997946,0.899049,0.000295,6.106377,0.989065
A,Random-K,3,20,2.0,5,43,0.997754,0.899219,0.000249,6.172231,0.98922
A,Random-K,3,20,2.0,5,44,0.997865,0.89922,0.00031,6.143259,0.989149
A,Random-K,3,20,2.0,5,45,0.99807,0.899246,0.000279,6.270009,0.989309
A,Random-K,3,20,2.0,5,46,0.997945,0.899084,0.000352,6.180908,0.989198
A,Random-K,3,20,2.0,5,47,0.998024,0.899338,0.000265,6.202924,0.989128
A,Random-K,3,20,2.0,5,48,0.9978,0.898783,0.000295,6.090507,0.989222
A,Random-K,3,20,2.0,5,49,0.997926,0.899213,0.00024,6.184191,0.989189
A,Random-K,3,20,2.0,5,50,0.997972,0.898918,0.000314,6.147544,0.989265
A,Random-K,3,20,2.0,5,51,0.99791,0.898866,0.000261,6.198543,0.989251
A,RILP,3,20,3.0,5,42,0.438502,0.004807,0.03413,0.18524,0.989065
A,RILP,3,20,3.0,5,43,0.438412,0.004752,0.0342,0.186188,0.98922
A,RILP,3,20,3.0,5,44,0.438223,0.00475,0.034256,0.185104,0.989149
A,RILP,3,20,3.0,5,45,0.437999,0.004705,0.034244,0.186752,0.989309
A,RILP,3,20,3.0,5,46,0.438339,0.004757,0.034353,0.18749,0.989198
A,RILP,3,20,3.0,5,47,0.438168,0.004787,0.034379,0.187341,0.989128
A,RILP,3,20,3.0,5,48,0.438288,0.004718,0.034485,0.184141,0.989222
A,RILP,3,20,3.0,5,49,0.438374,0.004706,0.034271,0.187703,0.989189
A,RILP,3,20,3.0,5,50,0.43871,0.004709,0.033954,0.183984,0.989265
A,RILP,3,20,3.0,5,51,0.438295,0.004713,0.034086,0.188769,0.989251
A,RILP-Greedy,3,20,3.0,5,42,0.438502,0.004807,0.03413,0.18524,0.989065
A,RILP-Greedy,3,20,3.0,5,43,0.438412,0.004752,0.0342,0.186188,0.98922
A,RILP-Greedy,3,20,3.0,5,44,0.438223,0.00475,0.034256,0.185104,0.989149
A,RILP-Greedy,3,20,3.0,5,45,0.437999,0.004705,0.034244,0.186752,0.989309
A,RILP-Greedy,3,20,3.0,5,46,0.438339,0.004757,0.034353,0.18749,0.989198
A,RILP-Greedy,3,20,3.0,5,47,0.438168,0.004787,0.034379,0.187341,0.989128
A,RILP-Greedy,3,20,3.0,5,48,0.438288,0.004718,0.034485,0.184141,0.989222
A,RILP-Greedy,3,20,3.0,5,49,0.438374,0.004706,0.034271,0.187703,0.989189
A,RILP-Greedy,3,20,3.0,5,50,0.43871,0.004709,0.033954,0.183984,0.989265
A,RILP-Greedy,3,20,3.0,5,51,0.438295,0.004713,0.034086,0.188769,0.989251
A,Nam2023b,3,20,3.0,5,42,0.291393,0.003137,0.198305,6.765513,0.989065
A,Nam2023b,3,20,3.0,5,43,0.291518,0.003141,0.197891,6.837181,0.98922
A,Nam2023b,3,20,3.0,5,44,0.291236,0.003194,0.197752,6.805147,0.989149
A,Nam2023b,3,20,3.0,5,45,0.291006,0.003106,0.19774,6.945044,0.989309
A,Nam2023b,3,20,3.0,5,46,0.29112,0.003136,0.198337,6.846163,0.989198
A,Nam2023b,3,20,3.0,5,47,0.291286,0.003199,0.1981,6.871464,0.989128
A,Nam2023b,3,20,3.0,5,48,0.291595,0.00316,0.197565,6.747651,0.989222
A,Nam2023b,3,20,3.0,5,49,0.291723,0.00314,0.197787,6.848806,0.989189
A,Nam2023b,3,20,3.0,5,50,0.291181,0.003105,0.198482,6.811232,0.989265
A,Nam2023b,3,20,3.0,5,51,0.291133,0.003147,0.197833,6.866595,0.989251
A,Nam2025,3,20,3.0,5,42,0.438502,0.004807,0.03413,0.18524,0.989065
A,Nam2025,3,20,3.0,5,43,0.438412,0.004752,0.0342,0.186188,0.98922
A,Nam2025,3,20,3.0,5,44,0.438223,0.00475,0.034256,0.185104,0.989149
A,Nam2025,3,20,3.0,5,45,0.437999,0.004705,0.034244,0.186752,0.989309
A,Nam2025,3,20,3.0,5,46,0.438339,0.004757,0.034353,0.18749,0.989198
A,Nam2025,3,20,3.0,5,47,0.438168,0.004787,0.034379,0.187341,0.989128
A,Nam2025,3,20,3.0,5,48,0.438288,0.004718,0.034485,0.184141,0.989222
A,Nam2025,3,20,3.0,5,49,0.438374,0.004706,0.034271,0.187703,0.989189
A,Nam2025,3,20,3.0,5,50,0.43871,0.004709,0.033954,0.183984,0.989265
A,Nam2025,3,20,3.0,5,51,0.438295,0.004713,0.034086,0.188769,0.989251
A,Youn2026,3,20,3.0,5,42,0.438502,0.004807,0.03413,0.18524,0.989065
A,Youn2026,3,20,3.0,5,43,0.438412,0.004752,0.0342,0.186188,0.98922
A,Youn2026,3,20,3.0,5,44,0.438223,0.00475,0.034256,0.185104,0.989149
A,Youn2026,3,20,3.0,5,45,0.437999,0.004705,0.034244,0.186752,0.989309
A,Youn2026,3,20,3.0,5,46,0.438339,0.004757,0.034353,0.18749,0.989198
A,Youn2026,3,20,3.0,5,47,0.438168,0.004787,0.034379,0.187341,0.989128
A,Youn2026,3,20,3.0,5,48,0.438288,0.004718,0.034485,0.184141,0.989222
A,Youn2026,3,20,3.0,5,49,0.438374,0.004706,0.034271,0.187703,0.989189
A,Youn2026,3,20,3.0,5,50,0.43871,0.004709,0.033954,0.183984,0.989265
A,Youn2026,3,20,3.0,5,51,0.438295,0.004713,0.034086,0.188769,0.989251
A,V2I-Base,3,20,3.0,5,42,0.438502,0.004807,0.03413,0.18524,0.989065
A,V2I-Base,3,20,3.0,5,43,0.438412,0.004752,0.0342,0.186188,0.98922
A,V2I-Base,3,20,3.0,5,44,0.438223,0.00475,0.034256,0.185104,0.989149
A,V2I-Base,3,20,3.0,5,45,0.437999,0.004705,0.034244,0.186752,0.989309
A,V2I-Base,3,20,3.0,5,46,0.438339,0.004757,0.034353,0.18749,0.989198
A,V2I-Base,3,20,3.0,5,47,0.438168,0.004787,0.034379,0.187341,0.989128
A,V2I-Base,3,20,3.0,5,48,0.438288,0.004718,0.034485,0.184141,0.989222
A,V2I-Base,3,20,3.0,5,49,0.438374,0.004706,0.034271,0.187703,0.989189
A,V2I-Base,3,20,3.0,5,50,0.43871,0.004709,0.033954,0.183984,0.989265
A,V2I-Base,3,20,3.0,5,51,0.438295,0.004713,0.034086,0.188769,0.989251
A,V2V-Base,3,20,3.0,5,42,0.998,0.691449,6e-06,4.634774,0.989065
A,V2V-Base,3,20,3.0,5,43,0.99806,0.691557,1e-05,4.683578,0.98922
A,V2V-Base,3,20,3.0,5,44,0.998018,0.691797,1.3e-05,4.673592,0.989149
A,V2V-Base,3,20,3.0,5,45,0.998118,0.692022,1.2e-05,4.7574,0.989309
A,V2V-Base,3,20,3.0,5,46,0.998122,0.691723,1.5e-05,4.687676,0.989198
A,V2V-Base,3,20,3.0,5,47,0.998165,0.691846,1.4e-05,4.71981,0.989128
A,V2V-Base,3,20,3.0,5,48,0.998153,0.691696,1.4e-05,4.633571,0.989222
A,V2V-Base,3,20,3.0,5,49,0.998023,0.691627,2e-05,4.683395,0.989189
A,V2V-Base,3,20,3.0,5,50,0.998152,0.691279,1e-05,4.663665,0.989265
A,V2V-Base,3,20,3.0,5,51,0.998069,0.691737,1e-05,4.70257,0.989251
A,Random-K,3,20,3.0,5,42,0.997946,0.899049,0.000295,6.106377,0.989065
A,Random-K,3,20,3.0,5,43,0.997754,0.899219,0.000249,6.172231,0.98922
A,Random-K,3,20,3.0,5,44,0.997865,0.89922,0.00031,6.143259,0.989149
A,Random-K,3,20,3.0,5,45,0.99807,0.899246,0.000279,6.270009,0.989309
A,Random-K,3,20,3.0,5,46,0.997945,0.899084,0.000352,6.180908,0.989198
A,Random-K,3,20,3.0,5,47,0.998024,0.899338,0.000265,6.202924,0.989128
A,Random-K,3,20,3.0,5,48,0.9978,0.898783,0.000295,6.090507,0.989222
A,Random-K,3,20,3.0,5,49,0.997926,0.899213,0.00024,6.184191,0.989189
A,Random-K,3,20,3.0,5,50,0.997972,0.898918,0.000314,6.147544,0.989265
A,Random-K,3,20,3.0,5,51,0.99791,0.898866,0.000261,6.198543,0.989251
A,RILP,3,30,0.0,5,42,0.438502,0.004807,0.03413,0.18524,0.989065
A,RILP,3,30,0.0,5,43,0.438412,0.004752,0.0342,0.186188,0.98922
A,RILP,3,30,0.0,5,44,0.438223,0.00475,0.034256,0.185104,0.989149
A,RILP,3,30,0.0,5,45,0.437999,0.004705,0.034244,0.186752,0.989309
A,RILP,3,30,0.0,5,46,0.438339,0.004757,0.034353,0.18749,0.989198
A,RILP,3,30,0.0,5,47,0.438168,0.004787,0.034379,0.187341,0.989128
A,RILP,3,30,0.0,5,48,0.438288,0.004718,0.034485,0.184141,0.989222
A,RILP,3,30,0.0,5,49,0.438374,0.004706,0.034271,0.187703,0.989189
A,RILP,3,30,0.0,5,50,0.43871,0.004709,0.033954,0.183984,0.989265
A,RILP,3,30,0.0,5,51,0.438295,0.004713,0.034086,0.188769,0.989251
A,RILP-Greedy,3,30,0.0,5,42,0.438502,0.004807,0.03413,0.18524,0.989065
A,RILP-Greedy,3,30,0.0,5,43,0.438412,0.004752,0.0342,0.186188,0.98922
A,RILP-Greedy,3,30,0.0,5,44,0.438223,0.00475,0.034256,0.185104,0.989149
A,RILP-Greedy,3,30,0.0,5,45,0.437999,0.004705,0.034244,0.186752,0.989309
A,RILP-Greedy,3,30,0.0,5,46,0.438339,0.004757,0.034353,0.18749,0.989198
A,RILP-Greedy,3,30,0.0,5,47,0.438168,0.004787,0.034379,0.187341,0.989128
A,RILP-Greedy,3,30,0.0,5,48,0.438288,0.004718,0.034485,0.184141,0.989222
A,RILP-Greedy,3,30,0.0,5,49,0.438374,0.004706,0.034271,0.187703,0.989189
A,RILP-Greedy,3,30,0.0,5,50,0.43871,0.004709,0.033954,0.183984,0.989265
A,RILP-Greedy,3,30,0.0,5,51,0.438295,0.004713,0.034086,0.188769,0.989251
A,Nam2023b,3,30,0.0,5,42,0.291393,0.003137,0.198305,6.765513,0.989065
A,Nam2023b,3,30,0.0,5,43,0.291518,0.003141,0.197891,6.837181,0.98922
A,Nam2023b,3,30,0.0,5,44,0.291236,0.003194,0.197752,6.805147,0.989149
A,Nam2023b,3,30,0.0,5,45,0.291006,0.003106,0.19774,6.945044,0.989309
A,Nam2023b,3,30,0.0,5,46,0.29112,0.003136,0.198337,6.846163,0.989198
A,Nam2023b,3,30,0.0,5,47,0.291286,0.003199,0.1981,6.871464,0.989128
A,Nam2023b,3,30,0.0,5,48,0.291595,0.00316,0.197565,6.747651,0.989222
A,Nam2023b,3,30,0.0,5,49,0.291723,0.00314,0.197787,6.848806,0.989189
A,Nam2023b,3,30,0.0,5,50,0.291181,0.003105,0.198482,6.811232,0.989265
A,Nam2023b,3,30,0.0,5,51,0.291133,0.003147,0.197833,6.866595,0.989251
A,Nam2025,3,30,0.0,5,42,0.438502,0.004807,0.03413,0.18524,0.989065
A,Nam2025,3,30,0.0,5,43,0.438412,0.004752,0.0342,0.186188,0.98922
A,Nam2025,3,30,0.0,5,44,0.438223,0.00475,0.034256,0.185104,0.989149
A,Nam2025,3,30,0.0,5,45,0.437999,0.004705,0.034244,0.186752,0.989309
A,Nam2025,3,30,0.0,5,46,0.438339,0.004757,0.034353,0.18749,0.989198
A,Nam2025,3,30,0.0,5,47,0.438168,0.004787,0.034379,0.187341,0.989128
A,Nam2025,3,30,0.0,5,48,0.438288,0.004718,0.034485,0.184141,0.989222
A,Nam2025,3,30,0.0,5,49,0.438374,0.004706,0.034271,0.187703,0.989189
A,Nam2025,3,30,0.0,5,50,0.43871,0.004709,0.033954,0.183984,0.989265
A,Nam2025,3,30,0.0,5,51,0.438295,0.004713,0.034086,0.188769,0.989251
A,Youn2026,3,30,0.0,5,42,0.438502,0.004807,0.03413,0.18524,0.989065
A,Youn2026,3,30,0.0,5,43,0.438412,0.004752,0.0342,0.186188,0.98922
A,Youn2026,3,30,0.0,5,44,0.438223,0.00475,0.034256,0.185104,0.989149
A,Youn2026,3,30,0.0,5,45,0.437999,0.004705,0.034244,0.186752,0.989309
A,Youn2026,3,30,0.0,5,46,0.438339,0.004757,0.034353,0.18749,0.989198
A,Youn2026,3,30,0.0,5,47,0.438168,0.004787,0.034379,0.187341,0.989128
A,Youn2026,3,30,0.0,5,48,0.438288,0.004718,0.034485,0.184141,0.989222
A,Youn2026,3,30,0.0,5,49,0.438374,0.004706,0.034271,0.187703,0.989189
A,Youn2026,3,30,0.0,5,50,0.43871,0.004709,0.033954,0.183984,0.989265
A,Youn2026,3,30,0.0,5,51,0.438295,0.004713,0.034086,0.188769,0.989251
A,V2I-Base,3,30,0.0,5,42,0.438502,0.004807,0.03413,0.18524,0.989065
A,V2I-Base,3,30,0.0,5,43,0.438412,0.004752,0.0342,0.186188,0.98922
A,V2I-Base,3,30,0.0,5,44,0.438223,0.00475,0.034256,0.185104,0.989149
A,V2I-Base,3,30,0.0,5,45,0.437999,0.004705,0.034244,0.186752,0.989309
A,V2I-Base,3,30,0.0,5,46,0.438339,0.004757,0.034353,0.18749,0.989198
A,V2I-Base,3,30,0.0,5,47,0.438168,0.004787,0.034379,0.187341,0.989128
A,V2I-Base,3,30,0.0,5,48,0.438288,0.004718,0.034485,0.184141,0.989222
A,V2I-Base,3,30,0.0,5,49,0.438374,0.004706,0.034271,0.187703,0.989189
A,V2I-Base,3,30,0.0,5,50,0.43871,0.004709,0.033954,0.183984,0.989265
A,V2I-Base,3,30,0.0,5,51,0.438295,0.004713,0.034086,0.188769,0.989251
A,V2V-Base,3,30,0.0,5,42,0.998,0.691449,6e-06,4.634774,0.989065
A,V2V-Base,3,30,0.0,5,43,0.99806,0.691557,1e-05,4.683578,0.98922
A,V2V-Base,3,30,0.0,5,44,0.998018,0.691797,1.3e-05,4.673592,0.989149
A,V2V-Base,3,30,0.0,5,45,0.998118,0.692022,1.2e-05,4.7574,0.989309
A,V2V-Base,3,30,0.0,5,46,0.998122,0.691723,1.5e-05,4.687676,0.989198
A,V2V-Base,3,30,0.0,5,47,0.998165,0.691846,1.4e-05,4.71981,0.989128
A,V2V-Base,3,30,0.0,5,48,0.998153,0.691696,1.4e-05,4.633571,0.989222
A,V2V-Base,3,30,0.0,5,49,0.998023,0.691627,2e-05,4.683395,0.989189
A,V2V-Base,3,30,0.0,5,50,0.998152,0.691279,1e-05,4.663665,0.989265
A,V2V-Base,3,30,0.0,5,51,0.998069,0.691737,1e-05,4.70257,0.989251
A,Random-K,3,30,0.0,5,42,0.997946,0.899049,0.000295,6.106377,0.989065
A,Random-K,3,30,0.0,5,43,0.997754,0.899219,0.000249,6.172231,0.98922
A,Random-K,3,30,0.0,5,44,0.997865,0.89922,0.00031,6.143259,0.989149
A,Random-K,3,30,0.0,5,45,0.99807,0.899246,0.000279,6.270009,0.989309
A,Random-K,3,30,0.0,5,46,0.997945,0.899084,0.000352,6.180908,0.989198
A,Random-K,3,30,0.0,5,47,0.998024,0.899338,0.000265,6.202924,0.989128
A,Random-K,3,30,0.0,5,48,0.9978,0.898783,0.000295,6.090507,0.989222
A,Random-K,3,30,0.0,5,49,0.997926,0.899213,0.00024,6.184191,0.989189
A,Random-K,3,30,0.0,5,50,0.997972,0.898918,0.000314,6.147544,0.989265
A,Random-K,3,30,0.0,5,51,0.99791,0.898866,0.000261,6.198543,0.989251
A,RILP,3,30,1.0,5,42,0.438502,0.004807,0.03413,0.18524,0.989065
A,RILP,3,30,1.0,5,43,0.438412,0.004752,0.0342,0.186188,0.98922
A,RILP,3,30,1.0,5,44,0.438223,0.00475,0.034256,0.185104,0.989149
A,RILP,3,30,1.0,5,45,0.437999,0.004705,0.034244,0.186752,0.989309
A,RILP,3,30,1.0,5,46,0.438339,0.004757,0.034353,0.18749,0.989198
A,RILP,3,30,1.0,5,47,0.438168,0.004787,0.034379,0.187341,0.989128
A,RILP,3,30,1.0,5,48,0.438288,0.004718,0.034485,0.184141,0.989222
A,RILP,3,30,1.0,5,49,0.438374,0.004706,0.034271,0.187703,0.989189
A,RILP,3,30,1.0,5,50,0.43871,0.004709,0.033954,0.183984,0.989265
A,RILP,3,30,1.0,5,51,0.438295,0.004713,0.034086,0.188769,0.989251
A,RILP-Greedy,3,30,1.0,5,42,0.438502,0.004807,0.03413,0.18524,0.989065
A,RILP-Greedy,3,30,1.0,5,43,0.438412,0.004752,0.0342,0.186188,0.98922
A,RILP-Greedy,3,30,1.0,5,44,0.438223,0.00475,0.034256,0.185104,0.989149
A,RILP-Greedy,3,30,1.0,5,45,0.437999,0.004705,0.034244,0.186752,0.989309
A,RILP-Greedy,3,30,1.0,5,46,0.438339,0.004757,0.034353,0.18749,0.989198
A,RILP-Greedy,3,30,1.0,5,47,0.438168,0.004787,0.034379,0.187341,0.989128
A,RILP-Greedy,3,30,1.0,5,48,0.438288,0.004718,0.034485,0.184141,0.989222
A,RILP-Greedy,3,30,1.0,5,49,0.438374,0.004706,0.034271,0.187703,0.989189
A,RILP-Greedy,3,30,1.0,5,50,0.43871,0.004709,0.033954,0.183984,0.989265
A,RILP-Greedy,3,30,1.0,5,51,0.438295,0.004713,0.034086,0.188769,0.989251
A,Nam2023b,3,30,1.0,5,42,0.291393,0.003137,0.198305,6.765513,0.989065
A,Nam2023b,3,30,1.0,5,43,0.291518,0.003141,0.197891,6.837181,0.98922
A,Nam2023b,3,30,1.0,5,44,0.291236,0.003194,0.197752,6.805147,0.989149
A,Nam2023b,3,30,1.0,5,45,0.291006,0.003106,0.19774,6.945044,0.989309
A,Nam2023b,3,30,1.0,5,46,0.29112,0.003136,0.198337,6.846163,0.989198
A,Nam2023b,3,30,1.0,5,47,0.291286,0.003199,0.1981,6.871464,0.989128
A,Nam2023b,3,30,1.0,5,48,0.291595,0.00316,0.197565,6.747651,0.989222
A,Nam2023b,3,30,1.0,5,49,0.291723,0.00314,0.197787,6.848806,0.989189
A,Nam2023b,3,30,1.0,5,50,0.291181,0.003105,0.198482,6.811232,0.989265
A,Nam2023b,3,30,1.0,5,51,0.291133,0.003147,0.197833,6.866595,0.989251
A,Nam2025,3,30,1.0,5,42,0.438502,0.004807,0.03413,0.18524,0.989065
A,Nam2025,3,30,1.0,5,43,0.438412,0.004752,0.0342,0.186188,0.98922
A,Nam2025,3,30,1.0,5,44,0.438223,0.00475,0.034256,0.185104,0.989149
A,Nam2025,3,30,1.0,5,45,0.437999,0.004705,0.034244,0.186752,0.989309
A,Nam2025,3,30,1.0,5,46,0.438339,0.004757,0.034353,0.18749,0.989198
A,Nam2025,3,30,1.0,5,47,0.438168,0.004787,0.034379,0.187341,0.989128
A,Nam2025,3,30,1.0,5,48,0.438288,0.004718,0.034485,0.184141,0.989222
A,Nam2025,3,30,1.0,5,49,0.438374,0.004706,0.034271,0.187703,0.989189
A,Nam2025,3,30,1.0,5,50,0.43871,0.004709,0.033954,0.183984,0.989265
A,Nam2025,3,30,1.0,5,51,0.438295,0.004713,0.034086,0.188769,0.989251
A,Youn2026,3,30,1.0,5,42,0.438502,0.004807,0.03413,0.18524,0.989065
A,Youn2026,3,30,1.0,5,43,0.438412,0.004752,0.0342,0.186188,0.98922
A,Youn2026,3,30,1.0,5,44,0.438223,0.00475,0.034256,0.185104,0.989149
A,Youn2026,3,30,1.0,5,45,0.437999,0.004705,0.034244,0.186752,0.989309
A,Youn2026,3,30,1.0,5,46,0.438339,0.004757,0.034353,0.18749,0.989198
A,Youn2026,3,30,1.0,5,47,0.438168,0.004787,0.034379,0.187341,0.989128
A,Youn2026,3,30,1.0,5,48,0.438288,0.004718,0.034485,0.184141,0.989222
A,Youn2026,3,30,1.0,5,49,0.438374,0.004706,0.034271,0.187703,0.989189
A,Youn2026,3,30,1.0,5,50,0.43871,0.004709,0.033954,0.183984,0.989265
A,Youn2026,3,30,1.0,5,51,0.438295,0.004713,0.034086,0.188769,0.989251
A,V2I-Base,3,30,1.0,5,42,0.438502,0.004807,0.03413,0.18524,0.989065
A,V2I-Base,3,30,1.0,5,43,0.438412,0.004752,0.0342,0.186188,0.98922
A,V2I-Base,3,30,1.0,5,44,0.438223,0.00475,0.034256,0.185104,0.989149
A,V2I-Base,3,30,1.0,5,45,0.437999,0.004705,0.034244,0.186752,0.989309
A,V2I-Base,3,30,1.0,5,46,0.438339,0.004757,0.034353,0.18749,0.989198
A,V2I-Base,3,30,1.0,5,47,0.438168,0.004787,0.034379,0.187341,0.989128
A,V2I-Base,3,30,1.0,5,48,0.438288,0.004718,0.034485,0.184141,0.989222
A,V2I-Base,3,30,1.0,5,49,0.438374,0.004706,0.034271,0.187703,0.989189
A,V2I-Base,3,30,1.0,5,50,0.43871,0.004709,0.033954,0.183984,0.989265
A,V2I-Base,3,30,1.0,5,51,0.438295,0.004713,0.034086,0.188769,0.989251
A,V2V-Base,3,30,1.0,5,42,0.998,0.691449,6e-06,4.634774,0.989065
A,V2V-Base,3,30,1.0,5,43,0.99806,0.691557,1e-05,4.683578,0.98922
A,V2V-Base,3,30,1.0,5,44,0.998018,0.691797,1.3e-05,4.673592,0.989149
A,V2V-Base,3,30,1.0,5,45,0.998118,0.692022,1.2e-05,4.7574,0.989309
A,V2V-Base,3,30,1.0,5,46,0.998122,0.691723,1.5e-05,4.687676,0.989198
A,V2V-Base,3,30,1.0,5,47,0.998165,0.691846,1.4e-05,4.71981,0.989128
A,V2V-Base,3,30,1.0,5,48,0.998153,0.691696,1.4e-05,4.633571,0.989222
A,V2V-Base,3,30,1.0,5,49,0.998023,0.691627,2e-05,4.683395,0.989189
A,V2V-Base,3,30,1.0,5,50,0.998152,0.691279,1e-05,4.663665,0.989265
A,V2V-Base,3,30,1.0,5,51,0.998069,0.691737,1e-05,4.70257,0.989251
A,Random-K,3,30,1.0,5,42,0.997946,0.899049,0.000295,6.106377,0.989065
A,Random-K,3,30,1.0,5,43,0.997754,0.899219,0.000249,6.172231,0.98922
A,Random-K,3,30,1.0,5,44,0.997865,0.89922,0.00031,6.143259,0.989149
A,Random-K,3,30,1.0,5,45,0.99807,0.899246,0.000279,6.270009,0.989309
A,Random-K,3,30,1.0,5,46,0.997945,0.899084,0.000352,6.180908,0.989198
A,Random-K,3,30,1.0,5,47,0.998024,0.899338,0.000265,6.202924,0.989128
A,Random-K,3,30,1.0,5,48,0.9978,0.898783,0.000295,6.090507,0.989222
A,Random-K,3,30,1.0,5,49,0.997926,0.899213,0.00024,6.184191,0.989189
A,Random-K,3,30,1.0,5,50,0.997972,0.898918,0.000314,6.147544,0.989265
A,Random-K,3,30,1.0,5,51,0.99791,0.898866,0.000261,6.198543,0.989251
A,RILP,3,30,2.0,5,42,0.438502,0.004807,0.03413,0.18524,0.989065
A,RILP,3,30,2.0,5,43,0.438412,0.004752,0.0342,0.186188,0.98922
A,RILP,3,30,2.0,5,44,0.438223,0.00475,0.034256,0.185104,0.989149
A,RILP,3,30,2.0,5,45,0.437999,0.004705,0.034244,0.186752,0.989309
A,RILP,3,30,2.0,5,46,0.438339,0.004757,0.034353,0.18749,0.989198
A,RILP,3,30,2.0,5,47,0.438168,0.004787,0.034379,0.187341,0.989128
A,RILP,3,30,2.0,5,48,0.438288,0.004718,0.034485,0.184141,0.989222
A,RILP,3,30,2.0,5,49,0.438374,0.004706,0.034271,0.187703,0.989189
A,RILP,3,30,2.0,5,50,0.43871,0.004709,0.033954,0.183984,0.989265
A,RILP,3,30,2.0,5,51,0.438295,0.004713,0.034086,0.188769,0.989251
A,RILP-Greedy,3,30,2.0,5,42,0.438502,0.004807,0.03413,0.18524,0.989065
A,RILP-Greedy,3,30,2.0,5,43,0.438412,0.004752,0.0342,0.186188,0.98922
A,RILP-Greedy,3,30,2.0,5,44,0.438223,0.00475,0.034256,0.185104,0.989149
A,RILP-Greedy,3,30,2.0,5,45,0.437999,0.004705,0.034244,0.186752,0.989309
A,RILP-Greedy,3,30,2.0,5,46,0.438339,0.004757,0.034353,0.18749,0.989198
A,RILP-Greedy,3,30,2.0,5,47,0.438168,0.004787,0.034379,0.187341,0.989128
A,RILP-Greedy,3,30,2.0,5,48,0.438288,0.004718,0.034485,0.184141,0.989222
A,RILP-Greedy,3,30,2.0,5,49,0.438374,0.004706,0.034271,0.187703,0.989189
A,RILP-Greedy,3,30,2.0,5,50,0.43871,0.004709,0.033954,0.183984,0.989265
A,RILP-Greedy,3,30,2.0,5,51,0.438295,0.004713,0.034086,0.188769,0.989251
A,Nam2023b,3,30,2.0,5,42,0.291393,0.003137,0.198305,6.765513,0.989065
A,Nam2023b,3,30,2.0,5,43,0.291518,0.003141,0.197891,6.837181,0.98922
A,Nam2023b,3,30,2.0,5,44,0.291236,0.003194,0.197752,6.805147,0.989149
A,Nam2023b,3,30,2.0,5,45,0.291006,0.003106,0.19774,6.945044,0.989309
A,Nam2023b,3,30,2.0,5,46,0.29112,0.003136,0.198337,6.846163,0.989198
A,Nam2023b,3,30,2.0,5,47,0.291286,0.003199,0.1981,6.871464,0.989128
A,Nam2023b,3,30,2.0,5,48,0.291595,0.00316,0.197565,6.747651,0.989222
A,Nam2023b,3,30,2.0,5,49,0.291723,0.00314,0.197787,6.848806,0.989189
A,Nam2023b,3,30,2.0,5,50,0.291181,0.003105,0.198482,6.811232,0.989265
A,Nam2023b,3,30,2.0,5,51,0.291133,0.003147,0.197833,6.866595,0.989251
A,Nam2025,3,30,2.0,5,42,0.438502,0.004807,0.03413,0.18524,0.989065
A,Nam2025,3,30,2.0,5,43,0.438246,0.004363,0.034095,0.164784,0.989977
A,Nam2025,3,30,2.0,5,44,0.438238,0.004382,0.034195,0.165755,0.989953
A,Nam2025,3,30,2.0,5,45,0.438381,0.004404,0.033853,0.164589,0.989965
A,Nam2025,3,30,2.0,5,46,0.438576,0.004407,0.034031,0.163929,0.989976
A,Nam2025,3,30,2.0,5,47,0.438123,0.004395,0.034247,0.164146,0.989914
A,Nam2025,3,30,2.0,5,48,0.438507,0.004427,0.034192,0.162884,0.989888
A,Nam2025,3,30,2.0,5,49,0.438458,0.004375,0.033948,0.164301,0.990011
A,Nam2025,3,30,2.0,5,50,0.438225,0.004391,0.0341,0.162219,0.989978
A,Nam2025,3,30,2.0,5,51,0.438295,0.004335,0.03431,0.165353,0.990048
A,Youn2026,3,30,2.0,5,42,0.438255,0.004418,0.033976,0.163597,0.989958
A,Youn2026,3,30,2.0,5,43,0.438246,0.004363,0.034095,0.164784,0.989977
A,Youn2026,3,30,2.0,5,44,0.438238,0.004382,0.034195,0.165755,0.989953
A,Youn2026,3,30,2.0,5,45,0.438381,0.004404,0.033853,0.164589,0.989965
A,Youn2026,3,30,2.0,5,46,0.438576,0.004407,0.034031,0.163929,0.989976
A,Youn2026,3,30,2.0,5,47,0.438123,0.004395,0.034247,0.164146,0.989914
A,Youn2026,3,30,2.0,5,48,0.438507,0.004427,0.034192,0.162884,0.989888
A,Youn2026,3,30,2.0,5,49,0.438458,0.004375,0.033948,0.164301,0.990011
A,Youn2026,3,30,2.0,5,50,0.438225,0.004391,0.0341,0.162219,0.989978
A,Youn2026,3,30,2.0,5,51,0.438295,0.004335,0.03431,0.165353,0.990048
A,V2I-Base,3,30,2.0,5,42,0.438255,0.004418,0.033976,0.163597,0.989958
A,V2I-Base,3,30,2.0,5,43,0.438246,0.004363,0.034095,0.164784,0.989977
A,V2I-Base,3,30,2.0,5,44,0.438238,0.004382,0.034195,0.165755,0.989953
A,V2I-Base,3,30,2.0,5,45,0.438381,0.004404,0.033853,0.164589,0.989965
A,V2I-Base,3,30,2.0,5,46,0.438576,0.004407,0.034031,0.163929,0.989976
A,V2I-Base,3,30,2.0,5,47,0.438123,0.004395,0.034247,0.164146,0.989914
A,V2I-Base,3,30,2.0,5,48,0.438507,0.004427,0.034192,0.162884,0.989888
A,V2I-Base,3,30,2.0,5,49,0.438458,0.004375,0.033948,0.164301,0.990011
A,V2I-Base,3,30,2.0,5,50,0.438225,0.004391,0.0341,0.162219,0.989978
A,V2I-Base,3,30,2.0,5,51,0.438295,0.004335,0.03431,0.165353,0.990048
A,V2V-Base,3,30,2.0,5,42,0.999526,0.694727,4e-06,4.516688,0.989958
A,V2V-Base,3,30,2.0,5,43,0.999497,0.694856,3e-06,4.538363,0.989977
A,V2V-Base,3,30,2.0,5,44,0.999481,0.6948,4e-06,4.569361,0.989953
A,V2V-Base,3,30,2.0,5,45,0.999478,0.694629,2e-06,4.559738,0.989965
A,V2V-Base,3,30,2.0,5,46,0.999514,0.694764,4e-06,4.530779,0.989976
A,V2V-Base,3,30,2.0,5,47,0.999526,0.69494,6e-06,4.491972,0.989914
A,V2V-Base,3,30,2.0,5,48,0.999499,0.694814,4e-06,4.495647,0.989888
A,V2V-Base,3,30,2.0,5,49,0.999521,0.695003,4e-06,4.522177,0.990011
A,V2V-Base,3,30,2.0,5,50,0.999537,0.69487,6e-06,4.498496,0.989978
A,V2V-Base,3,30,2.0,5,51,0.99953,0.694916,4e-06,4.547241,0.990048
A,Random-K,3,30,2.0,5,42,0.999366,0.900378,9.9e-05,5.815154,0.989958
A,Random-K,3,30,2.0,5,43,0.999386,0.900507,9.8e-05,5.860835,0.989977
A,Random-K,3,30,2.0,5,44,0.999336,0.900444,0.000112,5.885542,0.989953
A,Random-K,3,30,2.0,5,45,0.999368,0.900282,9.9e-05,5.873146,0.989965
A,Random-K,3,30,2.0,5,46,0.999415,0.900321,9.8e-05,5.833395,0.989976
A,Random-K,3,30,2.0,5,47,0.999434,0.900588,8.6e-05,5.807571,0.989914
A,Random-K,3,30,2.0,5,48,0.999356,0.900374,9.2e-05,5.776258,0.989888
A,Random-K,3,30,2.0,5,49,0.999374,0.900296,0.000101,5.843482,0.990011
A,Random-K,3,30,2.0,5,50,0.999456,0.900346,9.6e-05,5.788066,0.989978
A,Random-K,3,30,2.0,5,51,0.999427,0.900276,9.8e-05,5.851837,0.990048
A,RILP,3,30,3.0,5,42,0.438255,0.004418,0.033976,0.163597,0.989958
A,RILP,3,30,3.0,5,43,0.438246,0.004363,0.034095,0.164784,0.989977
A,RILP,3,30,3.0,5,44,0.438238,0.004382,0.034195,0.165755,0.989953
A,RILP,3,30,3.0,5,45,0.438381,0.004404,0.033853,0.164589,0.989965
A,RILP,3,30,3.0,5,46,0.438576,0.004407,0.034031,0.163929,0.989976
A,RILP,3,30,3.0,5,47,0.438123,0.004395,0.034247,0.164146,0.989914
A,RILP,3,30,3.0,5,48,0.438507,0.004427,0.034192,0.162884,0.989888
A,RILP,3,30,3.0,5,49,0.438458,0.004375,0.033948,0.164301,0.990011
A,RILP,3,30,3.0,5,50,0.438225,0.004391,0.0341,0.162219,0.989978
A,RILP,3,30,3.0,5,51,0.438295,0.004335,0.03431,0.165353,0.990048
A,RILP-Greedy,3,30,3.0,5,42,0.438255,0.004418,0.033976,0.163597,0.989958
A,RILP-Greedy,3,30,3.0,5,43,0.438246,0.004363,0.034095,0.164784,0.989977
A,RILP-Greedy,3,30,3.0,5,44,0.438238,0.004382,0.034195,0.165755,0.989953
A,RILP-Greedy,3,30,3.0,5,45,0.438381,0.004404,0.033853,0.164589,0.989965
A,RILP-Greedy,3,30,3.0,5,46,0.438576,0.004407,0.034031,0.163929,0.989976
A,RILP-Greedy,3,30,3.0,5,47,0.438123,0.004395,0.034247,0.164146,0.989914
A,RILP-Greedy,3,30,3.0,5,48,0.438507,0.004427,0.034192,0.162884,0.989888
A,RILP-Greedy,3,30,3.0,5,49,0.438458,0.004375,0.033948,0.164301,0.990011
A,RILP-Greedy,3,30,3.0,5,50,0.438225,0.004391,0.0341,0.162219,0.989978
A,RILP-Greedy,3,30,3.0,5,51,0.438295,0.004335,0.03431,0.165353,0.990048
A,Nam2023b,3,30,3.0,5,42,0.291211,0.002912,0.197758,6.443266,0.989958
A,Nam2023b,3,30,3.0,5,43,0.291415,0.002888,0.197597,6.493726,0.989977
A,Nam2023b,3,30,3.0,5,44,0.291293,0.00293,0.198003,6.522455,0.989953
A,Nam2023b,3,30,3.0,5,45,0.291605,0.002914,0.197272,6.506414,0.989965
A,Nam2023b,3,30,3.0,5,46,0.291456,0.002909,0.19788,6.464371,0.989976
A,Nam2023b,3,30,3.0,5,47,0.291414,0.00295,0.197833,6.434771,0.989914
A,Nam2023b,3,30,3.0,5,48,0.291501,0.002963,0.198114,6.400265,0.989888
A,Nam2023b,3,30,3.0,5,49,0.291486,0.00289,0.197557,6.476382,0.990011
A,Nam2023b,3,30,3.0,5,50,0.291464,0.0029,0.197563,6.413764,0.989978
A,Nam2023b,3,30,3.0,5,51,0.291294,0.002876,0.197998,6.48551,0.990048
A,Nam2025,3,30,3.0,5,42,0.438255,0.004418,0.033976,0.163597,0.989958
A,Nam2025,3,30,3.0,5,43,0.438246,0.004363,0.034095,0.164784,0.989977
A,Nam2025,3,30,3.0,5,44,0.438238,0.004382,0.034195,0.165755,0.989953
A,Nam2025,3,30,3.0,5,45,0.438381,0.004404,0.033853,0.164589,0.989965
A,Nam2025,3,30,3.0,5,46,0.438576,0.004407,0.034031,0.163929,0.989976
A,Nam2025,3,30,3.0,5,47,0.438123,0.004395,0.034247,0.164146,0.989914
A,Nam2025,3,30,3.0,5,48,0.438507,0.004427,0.034192,0.162884,0.989888
A,Nam2025,3,30,3.0,5,49,0.438458,0.004375,0.033948,0.164301,0.990011
A,Nam2025,3,30,3.0,5,50,0.438225,0.004391,0.0341,0.162219,0.989978
A,Nam2025,3,30,3.0,5,51,0.438295,0.004335,0.03431,0.165353,0.990048
A,Youn2026,3,30,3.0,5,42,0.438255,0.004418,0.033976,0.163597,0.989958
A,Youn2026,3,30,3.0,5,43,0.438246,0.004363,0.034095,0.164784,0.989977
A,Youn2026,3,30,3.0,5,44,0.438238,0.004382,0.034195,0.165755,0.989953
A,Youn2026,3,30,3.0,5,45,0.438381,0.004404,0.033853,0.164589,0.989965
A,Youn2026,3,30,3.0,5,46,0.438576,0.004407,0.034031,0.163929,0.989976
A,Youn2026,3,30,3.0,5,47,0.438123,0.004395,0.034247,0.164146,0.989914
A,Youn2026,3,30,3.0,5,48,0.438507,0.004427,0.034192,0.162884,0.989888
A,Youn2026,3,30,3.0,5,49,0.438458,0.004375,0.033948,0.164301,0.990011
A,Youn2026,3,30,3.0,5,50,0.438225,0.004391,0.0341,0.162219,0.989978
A,Youn2026,3,30,3.0,5,51,0.438295,0.004335,0.03431,0.165353,0.990048
A,V2I-Base,3,30,3.0,5,42,0.438255,0.004418,0.033976,0.163597,0.989958
A,V2I-Base,3,30,3.0,5,43,0.438246,0.004363,0.034095,0.164784,0.989977
A,V2I-Base,3,30,3.0,5,44,0.438238,0.004382,0.034195,0.165755,0.989953
A,V2I-Base,3,30,3.0,5,45,0.438381,0.004404,0.033853,0.164589,0.989965
A,V2I-Base,3,30,3.0,5,46,0.438576,0.004407,0.034031,0.163929,0.989976
A,V2I-Base,3,30,3.0,5,47,0.438123,0.004395,0.034247,0.164146,0.989914
A,V2I-Base,3,30,3.0,5,48,0.438507,0.004427,0.034192,0.162884,0.989888
A,V2I-Base,3,30,3.0,5,49,0.438458,0.004375,0.033948,0.164301,0.990011
A,V2I-Base,3,30,3.0,5,50,0.438225,0.004391,0.0341,0.162219,0.989978
A,V2I-Base,3,30,3.0,5,51,0.438295,0.004335,0.03431,0.165353,0.990048
A,V2V-Base,3,30,3.0,5,42,0.999526,0.694727,4e-06,4.516688,0.989958
A,V2V-Base,3,30,3.0,5,43,0.999497,0.694856,3e-06,4.538363,0.989977
A,V2V-Base,3,30,3.0,5,44,0.999481,0.6948,4e-06,4.569361,0.989953
A,V2V-Base,3,30,3.0,5,45,0.999478,0.694629,2e-06,4.559738,0.989965
A,V2V-Base,3,30,3.0,5,46,0.999514,0.694764,4e-06,4.530779,0.989976
A,V2V-Base,3,30,3.0,5,47,0.999526,0.69494,6e-06,4.491972,0.989914
A,V2V-Base,3,30,3.0,5,48,0.999499,0.694814,4e-06,4.495647,0.989888
A,V2V-Base,3,30,3.0,5,49,0.999521,0.695003,4e-06,4.522177,0.990011
A,V2V-Base,3,30,3.0,5,50,0.999537,0.69487,6e-06,4.498496,0.989978
A,V2V-Base,3,30,3.0,5,51,0.99953,0.694916,4e-06,4.547241,0.990048
A,Random-K,3,30,3.0,5,42,0.999366,0.900378,9.9e-05,5.815154,0.989958
A,Random-K,3,30,3.0,5,43,0.999386,0.900507,9.8e-05,5.860835,0.989977
A,Random-K,3,30,3.0,5,44,0.999336,0.900444,0.000112,5.885542,0.989953
A,Random-K,3,30,3.0,5,45,0.999368,0.900282,9.9e-05,5.873146,0.989965
A,Random-K,3,30,3.0,5,46,0.999415,0.900321,9.8e-05,5.833395,0.989976
A,Random-K,3,30,3.0,5,47,0.999434,0.900588,8.6e-05,5.807571,0.989914
A,Random-K,3,30,3.0,5,48,0.999356,0.900374,9.2e-05,5.776258,0.989888
A,Random-K,3,30,3.0,5,49,0.999374,0.900296,0.000101,5.843482,0.990011
A,Random-K,3,30,3.0,5,50,0.999456,0.900346,9.6e-05,5.788066,0.989978
A,Random-K,3,30,3.0,5,51,0.999427,0.900276,9.8e-05,5.851837,0.990048
A,RILP,4,0,0.0,5,42,0.438255,0.004418,0.033976,0.163597,0.989958
A,RILP,4,0,0.0,5,43,0.438246,0.004363,0.034095,0.164784,0.989977
A,RILP,4,0,0.0,5,44,0.438238,0.004382,0.034195,0.165755,0.989953
A,RILP,4,0,0.0,5,45,0.438381,0.004404,0.033853,0.164589,0.989965
A,RILP,4,0,0.0,5,46,0.438576,0.004407,0.034031,0.163929,0.989976
A,RILP,4,0,0.0,5,47,0.438123,0.004395,0.034247,0.164146,0.989914
A,RILP,4,0,0.0,5,48,0.438507,0.004427,0.034192,0.162884,0.989888
A,RILP,4,0,0.0,5,49,0.438458,0.004375,0.033948,0.164301,0.990011
A,RILP,4,0,0.0,5,50,0.438225,0.004391,0.0341,0.162219,0.989978
A,RILP,4,0,0.0,5,51,0.438295,0.004335,0.03431,0.165353,0.990048
A,RILP-Greedy,4,0,0.0,5,42,0.438255,0.004418,0.033976,0.163597,0.989958
A,RILP-Greedy,4,0,0.0,5,43,0.438246,0.004363,0.034095,0.164784,0.989977
A,RILP-Greedy,4,0,0.0,5,44,0.438238,0.004382,0.034195,0.165755,0.989953
A,RILP-Greedy,4,0,0.0,5,45,0.438381,0.004404,0.033853,0.164589,0.989965
A,RILP-Greedy,4,0,0.0,5,46,0.438576,0.004407,0.034031,0.163929,0.989976
A,RILP-Greedy,4,0,0.0,5,47,0.438123,0.004395,0.034247,0.164146,0.989914
A,RILP-Greedy,4,0,0.0,5,48,0.438507,0.004427,0.034192,0.162884,0.989888
A,RILP-Greedy,4,0,0.0,5,49,0.438458,0.004375,0.033948,0.164301,0.990011
A,RILP-Greedy,4,0,0.0,5,50,0.438225,0.004391,0.0341,0.162219,0.989978
A,RILP-Greedy,4,0,0.0,5,51,0.438295,0.004335,0.03431,0.165353,0.990048
A,Nam2023b,4,0,0.0,5,42,0.291211,0.002912,0.197758,6.443266,0.989958
A,Nam2023b,4,0,0.0,5,43,0.291415,0.002888,0.197597,6.493726,0.989977
A,Nam2023b,4,0,0.0,5,44,0.291293,0.00293,0.198003,6.522455,0.989953
A,Nam2023b,4,0,0.0,5,45,0.291605,0.002914,0.197272,6.506414,0.989965
A,Nam2023b,4,0,0.0,5,46,0.291456,0.002909,0.19788,6.464371,0.989976
A,Nam2023b,4,0,0.0,5,47,0.291414,0.00295,0.197833,6.434771,0.989914
A,Nam2023b,4,0,0.0,5,48,0.291501,0.002963,0.198114,6.400265,0.989888
A,Nam2023b,4,0,0.0,5,49,0.291486,0.00289,0.197557,6.476382,0.990011
A,Nam2023b,4,0,0.0,5,50,0.291464,0.0029,0.197563,6.413764,0.989978
A,Nam2023b,4,0,0.0,5,51,0.291294,0.002876,0.197998,6.48551,0.990048
A,Nam2025,4,0,0.0,5,42,0.438255,0.004418,0.033976,0.163597,0.989958
A,Nam2025,4,0,0.0,5,43,0.438246,0.004363,0.034095,0.164784,0.989977
A,Nam2025,4,0,0.0,5,44,0.438238,0.004382,0.034195,0.165755,0.989953
A,Nam2025,4,0,0.0,5,45,0.438381,0.004404,0.033853,0.164589,0.989965
A,Nam2025,4,0,0.0,5,46,0.438576,0.004407,0.034031,0.163929,0.989976
A,Nam2025,4,0,0.0,5,47,0.438123,0.004395,0.034247,0.164146,0.989914
A,Nam2025,4,0,0.0,5,48,0.438507,0.004427,0.034192,0.162884,0.989888
A,Nam2025,4,0,0.0,5,49,0.438458,0.004375,0.033948,0.164301,0.990011
A,Nam2025,4,0,0.0,5,50,0.438225,0.004391,0.0341,0.162219,0.989978
A,Nam2025,4,0,0.0,5,51,0.438295,0.004335,0.03431,0.165353,0.990048
A,Youn2026,4,0,0.0,5,42,0.438255,0.004418,0.033976,0.163597,0.989958
A,Youn2026,4,0,0.0,5,43,0.438246,0.004363,0.034095,0.164784,0.989977
A,Youn2026,4,0,0.0,5,44,0.438238,0.004382,0.034195,0.165755,0.989953
A,Youn2026,4,0,0.0,5,45,0.438381,0.004404,0.033853,0.164589,0.989965
A,Youn2026,4,0,0.0,5,46,0.438576,0.004407,0.034031,0.163929,0.989976
A,Youn2026,4,0,0.0,5,47,0.438123,0.004395,0.034247,0.164146,0.989914
A,Youn2026,4,0,0.0,5,48,0.438507,0.004427,0.034192,0.162884,0.989888
A,Youn2026,4,0,0.0,5,49,0.438458,0.004375,0.033948,0.164301,0.990011
A,Youn2026,4,0,0.0,5,50,0.438225,0.004391,0.0341,0.162219,0.989978
A,Youn2026,4,0,0.0,5,51,0.438295,0.004335,0.03431,0.165353,0.990048
A,V2I-Base,4,0,0.0,5,42,0.438255,0.004418,0.033976,0.163597,0.989958
A,V2I-Base,4,0,0.0,5,43,0.438246,0.004363,0.034095,0.164784,0.989977
A,V2I-Base,4,0,0.0,5,44,0.438238,0.004382,0.034195,0.165755,0.989953
A,V2I-Base,4,0,0.0,5,45,0.438381,0.004404,0.033853,0.164589,0.989965
A,V2I-Base,4,0,0.0,5,46,0.438576,0.004407,0.034031,0.163929,0.989976
A,V2I-Base,4,0,0.0,5,47,0.438123,0.004395,0.034247,0.164146,0.989914
A,V2I-Base,4,0,0.0,5,48,0.438507,0.004427,0.034192,0.162884,0.989888
A,V2I-Base,4,0,0.0,5,49,0.438458,0.004375,0.033948,0.164301,0.990011
A,V2I-Base,4,0,0.0,5,50,0.438225,0.004391,0.0341,0.162219,0.989978
A,V2I-Base,4,0,0.0,5,51,0.438295,0.004335,0.03431,0.165353,0.990048
A,V2V-Base,4,0,0.0,5,42,0.999526,0.694727,4e-06,4.516688,0.989958
A,V2V-Base,4,0,0.0,5,43,0.999497,0.694856,3e-06,4.538363,0.989977
A,V2V-Base,4,0,0.0,5,44,0.999481,0.6948,4e-06,4.569361,0.989953
A,V2V-Base,4,0,0.0,5,45,0.999478,0.694629,2e-06,4.559738,0.989965
A,V2V-Base,4,0,0.0,5,46,0.999514,0.694764,4e-06,4.530779,0.989976
A,V2V-Base,4,0,0.0,5,47,0.999526,0.69494,6e-06,4.491972,0.989914
A,V2V-Base,4,0,0.0,5,48,0.999499,0.694814,4e-06,4.495647,0.989888
A,V2V-Base,4,0,0.0,5,49,0.999521,0.695003,4e-06,4.522177,0.990011
A,V2V-Base,4,0,0.0,5,50,0.999537,0.69487,6e-06,4.498496,0.989978
A,V2V-Base,4,0,0.0,5,51,0.99953,0.694916,4e-06,4.547241,0.990048
A,Random-K,4,0,0.0,5,42,0.999366,0.900378,9.9e-05,5.815154,0.989958
A,Random-K,4,0,0.0,5,43,0.999386,0.900507,9.8e-05,5.860835,0.989977
A,Random-K,4,0,0.0,5,44,0.999336,0.900444,0.000112,5.885542,0.989953
A,Random-K,4,0,0.0,5,45,0.999368,0.900282,9.9e-05,5.873146,0.989965
A,Random-K,4,0,0.0,5,46,0.999415,0.900321,9.8e-05,5.833395,0.989976
A,Random-K,4,0,0.0,5,47,0.999434,0.900588,8.6e-05,5.807571,0.989914
A,Random-K,4,0,0.0,5,48,0.999356,0.900374,9.2e-05,5.776258,0.989888
A,Random-K,4,0,0.0,5,49,0.999374,0.900296,0.000101,5.843482,0.990011
A,Random-K,4,0,0.0,5,50,0.999456,0.900346,9.6e-05,5.788066,0.989978
A,Random-K,4,0,0.0,5,51,0.999427,0.900276,9.8e-05,5.851837,0.990048
A,RILP,4,0,1.0,5,42,0.438255,0.004418,0.033976,0.163597,0.989958
A,RILP,4,0,1.0,5,43,0.438246,0.004363,0.034095,0.164784,0.989977
A,RILP,4,0,1.0,5,44,0.438238,0.004382,0.034195,0.165755,0.989953
A,RILP,4,0,1.0,5,45,0.438381,0.004404,0.033853,0.164589,0.989965
A,RILP,4,0,1.0,5,46,0.438576,0.004407,0.034031,0.163929,0.989976
A,RILP,4,0,1.0,5,47,0.438123,0.004395,0.034247,0.164146,0.989914
A,RILP,4,0,1.0,5,48,0.438507,0.004427,0.034192,0.162884,0.989888
A,RILP,4,0,1.0,5,49,0.438458,0.004375,0.033948,0.164301,0.990011
A,RILP,4,0,1.0,5,50,0.438225,0.004391,0.0341,0.162219,0.989978
A,RILP,4,0,1.0,5,51,0.438295,0.004335,0.03431,0.165353,0.990048
A,RILP-Greedy,4,0,1.0,5,42,0.438255,0.004418,0.033976,0.163597,0.989958
A,RILP-Greedy,4,0,1.0,5,43,0.438246,0.004363,0.034095,0.164784,0.989977
A,RILP-Greedy,4,0,1.0,5,44,0.438238,0.004382,0.034195,0.165755,0.989953
A,RILP-Greedy,4,0,1.0,5,45,0.438381,0.004404,0.033853,0.164589,0.989965
A,RILP-Greedy,4,0,1.0,5,46,0.438576,0.004407,0.034031,0.163929,0.989976
A,RILP-Greedy,4,0,1.0,5,47,0.438123,0.004395,0.034247,0.164146,0.989914
A,RILP-Greedy,4,0,1.0,5,48,0.438507,0.004427,0.034192,0.162884,0.989888
A,RILP-Greedy,4,0,1.0,5,49,0.438458,0.004375,0.033948,0.164301,0.990011
A,RILP-Greedy,4,0,1.0,5,50,0.438225,0.004391,0.0341,0.162219,0.989978
A,RILP-Greedy,4,0,1.0,5,51,0.438295,0.004335,0.03431,0.165353,0.990048
A,Nam2023b,4,0,1.0,5,42,0.291211,0.002912,0.197758,6.443266,0.989958
A,Nam2023b,4,0,1.0,5,43,0.291415,0.002888,0.197597,6.493726,0.989977
A,Nam2023b,4,0,1.0,5,44,0.291293,0.00293,0.198003,6.522455,0.989953
A,Nam2023b,4,0,1.0,5,45,0.291605,0.002914,0.197272,6.506414,0.989965
A,Nam2023b,4,0,1.0,5,46,0.291456,0.002909,0.19788,6.464371,0.989976
A,Nam2023b,4,0,1.0,5,47,0.291414,0.00295,0.197833,6.434771,0.989914
A,Nam2023b,4,0,1.0,5,48,0.291501,0.002963,0.198114,6.400265,0.989888
A,Nam2023b,4,0,1.0,5,49,0.291486,0.00289,0.197557,6.476382,0.990011
A,Nam2023b,4,0,1.0,5,50,0.291464,0.0029,0.197563,6.413764,0.989978
A,Nam2023b,4,0,1.0,5,51,0.291294,0.002876,0.197998,6.48551,0.990048
A,Nam2025,4,0,1.0,5,42,0.438255,0.004418,0.033976,0.163597,0.989958
A,Nam2025,4,0,1.0,5,43,0.438246,0.004363,0.034095,0.164784,0.989977
A,Nam2025,4,0,1.0,5,44,0.438238,0.004382,0.034195,0.165755,0.989953
A,Nam2025,4,0,1.0,5,45,0.438381,0.004404,0.033853,0.164589,0.989965
A,Nam2025,4,0,1.0,5,46,0.438576,0.004407,0.034031,0.163929,0.989976
A,Nam2025,4,0,1.0,5,47,0.438123,0.004395,0.034247,0.164146,0.989914
A,Nam2025,4,0,1.0,5,48,0.438507,0.004427,0.034192,0.162884,0.989888
A,Nam2025,4,0,1.0,5,49,0.438458,0.004375,0.033948,0.164301,0.990011
A,Nam2025,4,0,1.0,5,50,0.438225,0.004391,0.0341,0.162219,0.989978
A,Nam2025,4,0,1.0,5,51,0.438295,0.004335,0.03431,0.165353,0.990048
A,Youn2026,4,0,1.0,5,42,0.438255,0.004418,0.033976,0.163597,0.989958
A,Youn2026,4,0,1.0,5,43,0.438246,0.004363,0.034095,0.164784,0.989977
A,Youn2026,4,0,1.0,5,44,0.438238,0.004382,0.034195,0.165755,0.989953
A,Youn2026,4,0,1.0,5,45,0.438381,0.004404,0.033853,0.164589,0.989965
A,Youn2026,4,0,1.0,5,46,0.438576,0.004407,0.034031,0.163929,0.989976
A,Youn2026,4,0,1.0,5,47,0.438123,0.004395,0.034247,0.164146,0.989914
A,Youn2026,4,0,1.0,5,48,0.438507,0.004427,0.034192,0.162884,0.989888
A,Youn2026,4,0,1.0,5,49,0.438458,0.004375,0.033948,0.164301,0.990011
A,Youn2026,4,0,1.0,5,50,0.438225,0.004391,0.0341,0.162219,0.989978
A,Youn2026,4,0,1.0,5,51,0.438295,0.004335,0.03431,0.165353,0.990048
A,V2I-Base,4,0,1.0,5,42,0.438255,0.004418,0.033976,0.163597,0.989958
A,V2I-Base,4,0,1.0,5,43,0.438246,0.004363,0.034095,0.164784,0.989977
A,V2I-Base,4,0,1.0,5,44,0.438238,0.004382,0.034195,0.165755,0.989953
A,V2I-Base,4,0,1.0,5,45,0.438381,0.004404,0.033853,0.164589,0.989965
A,V2I-Base,4,0,1.0,5,46,0.438576,0.004407,0.034031,0.163929,0.989976
A,V2I-Base,4,0,1.0,5,47,0.438123,0.004395,0.034247,0.164146,0.989914
A,V2I-Base,4,0,1.0,5,48,0.438507,0.004427,0.034192,0.162884,0.989888
A,V2I-Base,4,0,1.0,5,49,0.438458,0.004375,0.033948,0.164301,0.990011
A,V2I-Base,4,0,1.0,5,50,0.438225,0.004391,0.0341,0.162219,0.989978
A,V2I-Base,4,0,1.0,5,51,0.438295,0.004335,0.03431,0.165353,0.990048
A,V2V-Base,4,0,1.0,5,42,0.999526,0.694727,4e-06,4.516688,0.989958
A,V2V-Base,4,0,1.0,5,43,0.999497,0.694856,3e-06,4.538363,0.989977
A,V2V-Base,4,0,1.0,5,44,0.999481,0.6948,4e-06,4.569361,0.989953
A,V2V-Base,4,0,1.0,5,45,0.999478,0.694629,2e-06,4.559738,0.989965
A,V2V-Base,4,0,1.0,5,46,0.999514,0.694764,4e-06,4.530779,0.989976
A,V2V-Base,4,0,1.0,5,47,0.999526,0.69494,6e-06,4.491972,0.989914
A,V2V-Base,4,0,1.0,5,48,0.999499,0.694814,4e-06,4.495647,0.989888
A,V2V-Base,4,0,1.0,5,49,0.999521,0.695003,4e-06,4.522177,0.990011
A,V2V-Base,4,0,1.0,5,50,0.999537,0.69487,6e-06,4.498496,0.989978
A,V2V-Base,4,0,1.0,5,51,0.99953,0.694916,4e-06,4.547241,0.990048
A,Random-K,4,0,1.0,5,42,0.999366,0.900378,9.9e-05,5.815154,0.989958
A,Random-K,4,0,1.0,5,43,0.999386,0.900507,9.8e-05,5.860835,0.989977
A,Random-K,4,0,1.0,5,44,0.999336,0.900444,0.000112,5.885542,0.989953
A,Random-K,4,0,1.0,5,45,0.999368,0.900282,9.9e-05,5.873146,0.989965
A,Random-K,4,0,1.0,5,46,0.999415,0.900321,9.8e-05,5.833395,0.989976
A,Random-K,4,0,1.0,5,47,0.999434,0.900588,8.6e-05,5.807571,0.989914
A,Random-K,4,0,1.0,5,48,0.999356,0.900374,9.2e-05,5.776258,0.989888
A,Random-K,4,0,1.0,5,49,0.999374,0.900296,0.000101,5.843482,0.990011
A,Random-K,4,0,1.0,5,50,0.999456,0.900346,9.6e-05,5.788066,0.989978
A,Random-K,4,0,1.0,5,51,0.999427,0.900276,9.8e-05,5.851837,0.990048
A,RILP,4,0,2.0,5,42,0.438255,0.004418,0.033976,0.163597,0.989958
A,RILP,4,0,2.0,5,43,0.438246,0.004363,0.034095,0.164784,0.989977
A,RILP,4,0,2.0,5,44,0.438238,0.004382,0.034195,0.165755,0.989953
A,RILP,4,0,2.0,5,45,0.438381,0.004404,0.033853,0.164589,0.989965
A,RILP,4,0,2.0,5,46,0.438576,0.004407,0.034031,0.163929,0.989976
A,RILP,4,0,2.0,5,47,0.438123,0.004395,0.034247,0.164146,0.989914
A,RILP,4,0,2.0,5,48,0.438507,0.004427,0.034192,0.162884,0.989888
A,RILP,4,0,2.0,5,49,0.438458,0.004375,0.033948,0.164301,0.990011
A,RILP,4,0,2.0,5,50,0.438225,0.004391,0.0341,0.162219,0.989978
A,RILP,4,0,2.0,5,51,0.438295,0.004335,0.03431,0.165353,0.990048
A,RILP-Greedy,4,0,2.0,5,42,0.438255,0.004418,0.033976,0.163597,0.989958
A,RILP-Greedy,4,0,2.0,5,43,0.438246,0.004363,0.034095,0.164784,0.989977
A,RILP-Greedy,4,0,2.0,5,44,0.438238,0.004382,0.034195,0.165755,0.989953
A,RILP-Greedy,4,0,2.0,5,45,0.438381,0.004404,0.033853,0.164589,0.989965
A,RILP-Greedy,4,0,2.0,5,46,0.438576,0.004407,0.034031,0.163929,0.989976
A,RILP-Greedy,4,0,2.0,5,47,0.438123,0.004395,0.034247,0.164146,0.989914
A,RILP-Greedy,4,0,2.0,5,48,0.438507,0.004427,0.034192,0.162884,0.989888
A,RILP-Greedy,4,0,2.0,5,49,0.438458,0.004375,0.033948,0.164301,0.990011
A,RILP-Greedy,4,0,2.0,5,50,0.438225,0.004391,0.0341,0.162219,0.989978
A,RILP-Greedy,4,0,2.0,5,51,0.438295,0.004335,0.03431,0.165353,0.990048
A,Nam2023b,4,0,2.0,5,42,0.291211,0.002912,0.197758,6.443266,0.989958
A,Nam2023b,4,0,2.0,5,43,0.291415,0.002888,0.197597,6.493726,0.989977
A,Nam2023b,4,0,2.0,5,44,0.291293,0.00293,0.198003,6.522455,0.989953
A,Nam2023b,4,0,2.0,5,45,0.291605,0.002914,0.197272,6.506414,0.989965
A,Nam2023b,4,0,2.0,5,46,0.291456,0.002909,0.19788,6.464371,0.989976
A,Nam2023b,4,0,2.0,5,47,0.291414,0.00295,0.197833,6.434771,0.989914
A,Nam2023b,4,0,2.0,5,48,0.291501,0.002963,0.198114,6.400265,0.989888
A,Nam2023b,4,0,2.0,5,49,0.291486,0.00289,0.197557,6.476382,0.990011
A,Nam2023b,4,0,2.0,5,50,0.291464,0.0029,0.197563,6.413764,0.989978
A,Nam2023b,4,0,2.0,5,51,0.291294,0.002876,0.197998,6.48551,0.990048
A,Nam2025,4,0,2.0,5,42,0.438255,0.004418,0.033976,0.163597,0.989958
A,Nam2025,4,0,2.0,5,43,0.438246,0.004363,0.034095,0.164784,0.989977
A,Nam2025,4,0,2.0,5,44,0.438238,0.004382,0.034195,0.165755,0.989953
A,Nam2025,4,0,2.0,5,45,0.438381,0.004404,0.033853,0.164589,0.989965
A,Nam2025,4,0,2.0,5,46,0.438576,0.004407,0.034031,0.163929,0.989976
A,Nam2025,4,0,2.0,5,47,0.438123,0.004395,0.034247,0.164146,0.989914
A,Nam2025,4,0,2.0,5,48,0.438507,0.004427,0.034192,0.162884,0.989888
A,Nam2025,4,0,2.0,5,49,0.438458,0.004375,0.033948,0.164301,0.990011
A,Nam2025,4,0,2.0,5,50,0.438225,0.004391,0.0341,0.162219,0.989978
A,Nam2025,4,0,2.0,5,51,0.438295,0.004335,0.03431,0.165353,0.990048
A,Youn2026,4,0,2.0,5,42,0.438255,0.004418,0.033976,0.163597,0.989958
A,Youn2026,4,0,2.0,5,43,0.438246,0.004363,0.034095,0.164784,0.989977
A,Youn2026,4,0,2.0,5,44,0.438238,0.004382,0.034195,0.165755,0.989953
A,Youn2026,4,0,2.0,5,45,0.438381,0.004404,0.033853,0.164589,0.989965
A,Youn2026,4,0,2.0,5,46,0.438576,0.004407,0.034031,0.163929,0.989976
A,Youn2026,4,0,2.0,5,47,0.438123,0.004395,0.034247,0.164146,0.989914
A,Youn2026,4,0,2.0,5,48,0.438507,0.004427,0.034192,0.162884,0.989888
A,Youn2026,4,0,2.0,5,49,0.438458,0.004375,0.033948,0.164301,0.990011
A,Youn2026,4,0,2.0,5,50,0.438225,0.004391,0.0341,0.162219,0.989978
A,Youn2026,4,0,2.0,5,51,0.438295,0.004335,0.03431,0.165353,0.990048
A,V2I-Base,4,0,2.0,5,42,0.438255,0.004418,0.033976,0.163597,0.989958
A,V2I-Base,4,0,2.0,5,43,0.438246,0.004363,0.034095,0.164784,0.989977
A,V2I-Base,4,0,2.0,5,44,0.438238,0.004382,0.034195,0.165755,0.989953
A,V2I-Base,4,0,2.0,5,45,0.438381,0.004404,0.033853,0.164589,0.989965
A,V2I-Base,4,0,2.0,5,46,0.438576,0.004407,0.034031,0.163929,0.989976
A,V2I-Base,4,0,2.0,5,47,0.438123,0.004395,0.034247,0.164146,0.989914
A,V2I-Base,4,0,2.0,5,48,0.438507,0.004427,0.034192,0.162884,0.989888
A,V2I-Base,4,0,2.0,5,49,0.438458,0.004375,0.033948,0.164301,0.990011
A,V2I-Base,4,0,2.0,5,50,0.438225,0.004391,0.0341,0.162219,0.989978
A,V2I-Base,4,0,2.0,5,51,0.438295,0.004335,0.03431,0.165353,0.990048
A,V2V-Base,4,0,2.0,5,42,0.999526,0.694727,4e-06,4.516688,0.989958
A,V2V-Base,4,0,2.0,5,43,0.999497,0.694856,3e-06,4.538363,0.989977
A,V2V-Base,4,0,2.0,5,44,0.999481,0.6948,4e-06,4.569361,0.989953
A,V2V-Base,4,0,2.0,5,45,0.999478,0.694629,2e-06,4.559738,0.989965
A,V2V-Base,4,0,2.0,5,46,0.999514,0.694764,4e-06,4.530779,0.989976
A,V2V-Base,4,0,2.0,5,47,0.999526,0.69494,6e-06,4.491972,0.989914
A,V2V-Base,4,0,2.0,5,48,0.999499,0.694814,4e-06,4.495647,0.989888
A,V2V-Base,4,0,2.0,5,49,0.999521,0.695003,4e-06,4.522177,0.990011
A,V2V-Base,4,0,2.0,5,50,0.999537,0.69487,6e-06,4.498496,0.989978
A,V2V-Base,4,0,2.0,5,51,0.99953,0.694916,4e-06,4.547241,0.990048
A,Random-K,4,0,2.0,5,42,0.999366,0.900378,9.9e-05,5.815154,0.989958
A,Random-K,4,0,2.0,5,43,0.999386,0.900507,9.8e-05,5.860835,0.989977
A,Random-K,4,0,2.0,5,44,0.999336,0.900444,0.000112,5.885542,0.989953
A,Random-K,4,0,2.0,5,45,0.999368,0.900282,9.9e-05,5.873146,0.989965
A,Random-K,4,0,2.0,5,46,0.999415,0.900321,9.8e-05,5.833395,0.989976
A,Random-K,4,0,2.0,5,47,0.999434,0.900588,8.6e-05,5.807571,0.989914
A,Random-K,4,0,2.0,5,48,0.999356,0.900374,9.2e-05,5.776258,0.989888
A,Random-K,4,0,2.0,5,49,0.999374,0.900296,0.000101,5.843482,0.990011
A,Random-K,4,0,2.0,5,50,0.999456,0.900346,9.6e-05,5.788066,0.989978
A,Random-K,4,0,2.0,5,51,0.999427,0.900276,9.8e-05,5.851837,0.990048
A,RILP,4,0,3.0,5,42,0.438255,0.004418,0.033976,0.163597,0.989958
A,RILP,4,0,3.0,5,43,0.438246,0.004363,0.034095,0.164784,0.989977
A,RILP,4,0,3.0,5,44,0.438238,0.004382,0.034195,0.165755,0.989953
A,RILP,4,0,3.0,5,45,0.438381,0.004404,0.033853,0.164589,0.989965
A,RILP,4,0,3.0,5,46,0.438576,0.004407,0.034031,0.163929,0.989976
A,RILP,4,0,3.0,5,47,0.438123,0.004395,0.034247,0.164146,0.989914
A,RILP,4,0,3.0,5,48,0.438507,0.004427,0.034192,0.162884,0.989888
A,RILP,4,0,3.0,5,49,0.438458,0.004375,0.033948,0.164301,0.990011
A,RILP,4,0,3.0,5,50,0.438225,0.004391,0.0341,0.162219,0.989978
A,RILP,4,0,3.0,5,51,0.438295,0.004335,0.03431,0.165353,0.990048
A,RILP-Greedy,4,0,3.0,5,42,0.438255,0.004418,0.033976,0.163597,0.989958
A,RILP-Greedy,4,0,3.0,5,43,0.438246,0.004363,0.034095,0.164784,0.989977
A,RILP-Greedy,4,0,3.0,5,44,0.438238,0.004382,0.034195,0.165755,0.989953
A,RILP-Greedy,4,0,3.0,5,45,0.438381,0.004404,0.033853,0.164589,0.989965
A,RILP-Greedy,4,0,3.0,5,46,0.438576,0.004407,0.034031,0.163929,0.989976
A,RILP-Greedy,4,0,3.0,5,47,0.438123,0.004395,0.034247,0.164146,0.989914
A,RILP-Greedy,4,0,3.0,5,48,0.438507,0.004427,0.034192,0.162884,0.989888
A,RILP-Greedy,4,0,3.0,5,49,0.438458,0.004375,0.033948,0.164301,0.990011
A,RILP-Greedy,4,0,3.0,5,50,0.438225,0.004391,0.0341,0.162219,0.989978
A,RILP-Greedy,4,0,3.0,5,51,0.438295,0.004335,0.03431,0.165353,0.990048
A,Nam2023b,4,0,3.0,5,42,0.291211,0.002912,0.197758,6.443266,0.989958
A,Nam2023b,4,0,3.0,5,43,0.291415,0.002888,0.197597,6.493726,0.989977
A,Nam2023b,4,0,3.0,5,44,0.291293,0.00293,0.198003,6.522455,0.989953
A,Nam2023b,4,0,3.0,5,45,0.291605,0.002914,0.197272,6.506414,0.989965
A,Nam2023b,4,0,3.0,5,46,0.291456,0.002909,0.19788,6.464371,0.989976
A,Nam2023b,4,0,3.0,5,47,0.291414,0.00295,0.197833,6.434771,0.989914
A,Nam2023b,4,0,3.0,5,48,0.291501,0.002963,0.198114,6.400265,0.989888
A,Nam2023b,4,0,3.0,5,49,0.291486,0.00289,0.197557,6.476382,0.990011
A,Nam2023b,4,0,3.0,5,50,0.291464,0.0029,0.197563,6.413764,0.989978
A,Nam2023b,4,0,3.0,5,51,0.291294,0.002876,0.197998,6.48551,0.990048
A,Nam2025,4,0,3.0,5,42,0.438255,0.004418,0.033976,0.163597,0.989958
A,Nam2025,4,0,3.0,5,43,0.438246,0.004363,0.034095,0.164784,0.989977
A,Nam2025,4,0,3.0,5,44,0.438238,0.004382,0.034195,0.165755,0.989953
A,Nam2025,4,0,3.0,5,45,0.438381,0.004404,0.033853,0.164589,0.989965
A,Nam2025,4,0,3.0,5,46,0.438576,0.004407,0.034031,0.163929,0.989976
A,Nam2025,4,0,3.0,5,47,0.438123,0.004395,0.034247,0.164146,0.989914
A,Nam2025,4,0,3.0,5,48,0.438507,0.004427,0.034192,0.162884,0.989888
A,Nam2025,4,0,3.0,5,49,0.438458,0.004375,0.033948,0.164301,0.990011
A,Nam2025,4,0,3.0,5,50,0.438225,0.004391,0.0341,0.162219,0.989978
A,Nam2025,4,0,3.0,5,51,0.438295,0.004335,0.03431,0.165353,0.990048
A,Youn2026,4,0,3.0,5,42,0.438255,0.004418,0.033976,0.163597,0.989958
A,Youn2026,4,0,3.0,5,43,0.438246,0.004363,0.034095,0.164784,0.989977
A,Youn2026,4,0,3.0,5,44,0.438238,0.004382,0.034195,0.165755,0.989953
A,Youn2026,4,0,3.0,5,45,0.438381,0.004404,0.033853,0.164589,0.989965
A,Youn2026,4,0,3.0,5,46,0.438576,0.004407,0.034031,0.163929,0.989976
A,Youn2026,4,0,3.0,5,47,0.438123,0.004395,0.034247,0.164146,0.989914
A,Youn2026,4,0,3.0,5,48,0.438507,0.004427,0.034192,0.162884,0.989888
A,Youn2026,4,0,3.0,5,49,0.438458,0.004375,0.033948,0.164301,0.990011
A,Youn2026,4,0,3.0,5,50,0.438225,0.004391,0.0341,0.162219,0.989978
A,Youn2026,4,0,3.0,5,51,0.438295,0.004335,0.03431,0.165353,0.990048
A,V2I-Base,4,0,3.0,5,42,0.438255,0.004418,0.033976,0.163597,0.989958
A,V2I-Base,4,0,3.0,5,43,0.438246,0.004363,0.034095,0.164784,0.989977
A,V2I-Base,4,0,3.0,5,44,0.438238,0.004382,0.034195,0.165755,0.989953
A,V2I-Base,4,0,3.0,5,45,0.438381,0.004404,0.033853,0.164589,0.989965
A,V2I-Base,4,0,3.0,5,46,0.438576,0.004407,0.034031,0.163929,0.989976
A,V2I-Base,4,0,3.0,5,47,0.438123,0.004395,0.034247,0.164146,0.989914
A,V2I-Base,4,0,3.0,5,48,0.438507,0.004427,0.034192,0.162884,0.989888
A,V2I-Base,4,0,3.0,5,49,0.438458,0.004375,0.033948,0.164301,0.990011
A,V2I-Base,4,0,3.0,5,50,0.438225,0.004391,0.0341,0.162219,0.989978
A,V2I-Base,4,0,3.0,5,51,0.438295,0.004335,0.03431,0.165353,0.990048
A,V2V-Base,4,0,3.0,5,42,0.999526,0.694727,4e-06,4.516688,0.989958
A,V2V-Base,4,0,3.0,5,43,0.999497,0.694856,3e-06,4.538363,0.989977
A,V2V-Base,4,0,3.0,5,44,0.999481,0.6948,4e-06,4.569361,0.989953
A,V2V-Base,4,0,3.0,5,45,0.999478,0.694629,2e-06,4.559738,0.989965
A,V2V-Base,4,0,3.0,5,46,0.999514,0.694764,4e-06,4.530779,0.989976
A,V2V-Base,4,0,3.0,5,47,0.999526,0.69494,6e-06,4.491972,0.989914
A,V2V-Base,4,0,3.0,5,48,0.999499,0.694814,4e-06,4.495647,0.989888
A,V2V-Base,4,0,3.0,5,49,0.999521,0.695003,4e-06,4.522177,0.990011
A,V2V-Base,4,0,3.0,5,50,0.999537,0.69487,6e-06,4.498496,0.989978
A,V2V-Base,4,0,3.0,5,51,0.99953,0.694916,4e-06,4.547241,0.990048
A,Random-K,4,0,3.0,5,42,0.999366,0.900378,9.9e-05,5.815154,0.989958
A,Random-K,4,0,3.0,5,43,0.999386,0.900507,9.8e-05,5.860835,0.989977
A,Random-K,4,0,3.0,5,44,0.999336,0.900444,0.000112,5.885542,0.989953
A,Random-K,4,0,3.0,5,45,0.999368,0.900282,9.9e-05,5.873146,0.989965
A,Random-K,4,0,3.0,5,46,0.999415,0.900321,9.8e-05,5.833395,0.989976
A,Random-K,4,0,3.0,5,47,0.999434,0.900588,8.6e-05,5.807571,0.989914
A,Random-K,4,0,3.0,5,48,0.999356,0.900374,9.2e-05,5.776258,0.989888
A,Random-K,4,0,3.0,5,49,0.999374,0.900296,0.000101,5.843482,0.990011
A,Random-K,4,0,3.0,5,50,0.999456,0.900346,9.6e-05,5.788066,0.989978
A,Random-K,4,0,3.0,5,51,0.999427,0.900276,9.8e-05,5.851837,0.990048
A,RILP,4,10,0.0,5,42,0.438255,0.004418,0.033976,0.163597,0.989958
A,RILP,4,10,0.0,5,43,0.438246,0.004363,0.034095,0.164784,0.989977
A,RILP,4,10,0.0,5,44,0.438238,0.004382,0.034195,0.165755,0.989953
A,RILP,4,10,0.0,5,45,0.438381,0.004404,0.033853,0.164589,0.989965
A,RILP,4,10,0.0,5,46,0.438576,0.004407,0.034031,0.163929,0.989976
A,RILP,4,10,0.0,5,47,0.438123,0.004395,0.034247,0.164146,0.989914
A,RILP,4,10,0.0,5,48,0.438507,0.004427,0.034192,0.162884,0.989888
A,RILP,4,10,0.0,5,49,0.438458,0.004375,0.033948,0.164301,0.990011
A,RILP,4,10,0.0,5,50,0.438225,0.004391,0.0341,0.162219,0.989978
A,RILP,4,10,0.0,5,51,0.438295,0.004335,0.03431,0.165353,0.990048
A,RILP-Greedy,4,10,0.0,5,42,0.438255,0.004418,0.033976,0.163597,0.989958
A,RILP-Greedy,4,10,0.0,5,43,0.438246,0.004363,0.034095,0.164784,0.989977
A,RILP-Greedy,4,10,0.0,5,44,0.438238,0.004382,0.034195,0.165755,0.989953
A,RILP-Greedy,4,10,0.0,5,45,0.438381,0.004404,0.033853,0.164589,0.989965
A,RILP-Greedy,4,10,0.0,5,46,0.438576,0.004407,0.034031,0.163929,0.989976
A,RILP-Greedy,4,10,0.0,5,47,0.438123,0.004395,0.034247,0.164146,0.989914
A,RILP-Greedy,4,10,0.0,5,48,0.438507,0.004427,0.034192,0.162884,0.989888
A,RILP-Greedy,4,10,0.0,5,49,0.438458,0.004375,0.033948,0.164301,0.990011
A,RILP-Greedy,4,10,0.0,5,50,0.438225,0.004391,0.0341,0.162219,0.989978
A,RILP-Greedy,4,10,0.0,5,51,0.438295,0.004335,0.03431,0.165353,0.990048
A,Nam2023b,4,10,0.0,5,42,0.291211,0.002912,0.197758,6.443266,0.989958
A,Nam2023b,4,10,0.0,5,43,0.291415,0.002888,0.197597,6.493726,0.989977
A,Nam2023b,4,10,0.0,5,44,0.291293,0.00293,0.198003,6.522455,0.989953
A,Nam2023b,4,10,0.0,5,45,0.291605,0.002914,0.197272,6.506414,0.989965
A,Nam2023b,4,10,0.0,5,46,0.291456,0.002909,0.19788,6.464371,0.989976
A,Nam2023b,4,10,0.0,5,47,0.291414,0.00295,0.197833,6.434771,0.989914
A,Nam2023b,4,10,0.0,5,48,0.291501,0.002963,0.198114,6.400265,0.989888
A,Nam2023b,4,10,0.0,5,49,0.291486,0.00289,0.197557,6.476382,0.990011
A,Nam2023b,4,10,0.0,5,50,0.291464,0.0029,0.197563,6.413764,0.989978
A,Nam2023b,4,10,0.0,5,51,0.291294,0.002876,0.197998,6.48551,0.990048
A,Nam2025,4,10,0.0,5,42,0.438255,0.004418,0.033976,0.163597,0.989958
A,Nam2025,4,10,0.0,5,43,0.438246,0.004363,0.034095,0.164784,0.989977
A,Nam2025,4,10,0.0,5,44,0.438238,0.004382,0.034195,0.165755,0.989953
A,Nam2025,4,10,0.0,5,45,0.438381,0.004404,0.033853,0.164589,0.989965
A,Nam2025,4,10,0.0,5,46,0.438576,0.004407,0.034031,0.163929,0.989976
A,Nam2025,4,10,0.0,5,47,0.438123,0.004395,0.034247,0.164146,0.989914
A,Nam2025,4,10,0.0,5,48,0.438507,0.004427,0.034192,0.162884,0.989888
A,Nam2025,4,10,0.0,5,49,0.438458,0.004375,0.033948,0.164301,0.990011
A,Nam2025,4,10,0.0,5,50,0.438225,0.004391,0.0341,0.162219,0.989978
A,Nam2025,4,10,0.0,5,51,0.438295,0.004335,0.03431,0.165353,0.990048
A,Youn2026,4,10,0.0,5,42,0.438255,0.004418,0.033976,0.163597,0.989958
A,Youn2026,4,10,0.0,5,43,0.438246,0.004363,0.034095,0.164784,0.989977
A,Youn2026,4,10,0.0,5,44,0.438238,0.004382,0.034195,0.165755,0.989953
A,Youn2026,4,10,0.0,5,45,0.438381,0.004404,0.033853,0.164589,0.989965
A,Youn2026,4,10,0.0,5,46,0.438576,0.004407,0.034031,0.163929,0.989976
A,Youn2026,4,10,0.0,5,47,0.438123,0.004395,0.034247,0.164146,0.989914
A,Youn2026,4,10,0.0,5,48,0.438507,0.004427,0.034192,0.162884,0.989888
A,Youn2026,4,10,0.0,5,49,0.438458,0.004375,0.033948,0.164301,0.990011
A,Youn2026,4,10,0.0,5,50,0.438225,0.004391,0.0341,0.162219,0.989978
A,Youn2026,4,10,0.0,5,51,0.438295,0.004335,0.03431,0.165353,0.990048
A,V2I-Base,4,10,0.0,5,42,0.438255,0.004418,0.033976,0.163597,0.989958
A,V2I-Base,4,10,0.0,5,43,0.438246,0.004363,0.034095,0.164784,0.989977
A,V2I-Base,4,10,0.0,5,44,0.438238,0.004382,0.034195,0.165755,0.989953
A,V2I-Base,4,10,0.0,5,45,0.438381,0.004404,0.033853,0.164589,0.989965
A,V2I-Base,4,10,0.0,5,46,0.438576,0.004407,0.034031,0.163929,0.989976
A,V2I-Base,4,10,0.0,5,47,0.438123,0.004395,0.034247,0.164146,0.989914
A,V2I-Base,4,10,0.0,5,48,0.438507,0.004427,0.034192,0.162884,0.989888
A,V2I-Base,4,10,0.0,5,49,0.438458,0.004375,0.033948,0.164301,0.990011
A,V2I-Base,4,10,0.0,5,50,0.438225,0.004391,0.0341,0.162219,0.989978
A,V2I-Base,4,10,0.0,5,51,0.438295,0.004335,0.03431,0.165353,0.990048
A,V2V-Base,4,10,0.0,5,42,0.999526,0.694727,4e-06,4.516688,0.989958
A,V2V-Base,4,10,0.0,5,43,0.999497,0.694856,3e-06,4.538363,0.989977
A,V2V-Base,4,10,0.0,5,44,0.999481,0.6948,4e-06,4.569361,0.989953
A,V2V-Base,4,10,0.0,5,45,0.999478,0.694629,2e-06,4.559738,0.989965
A,V2V-Base,4,10,0.0,5,46,0.999514,0.694764,4e-06,4.530779,0.989976
A,V2V-Base,4,10,0.0,5,47,0.999526,0.69494,6e-06,4.491972,0.989914
A,V2V-Base,4,10,0.0,5,48,0.999499,0.694814,4e-06,4.495647,0.989888
A,V2V-Base,4,10,0.0,5,49,0.999521,0.695003,4e-06,4.522177,0.990011
A,V2V-Base,4,10,0.0,5,50,0.999537,0.69487,6e-06,4.498496,0.989978
A,V2V-Base,4,10,0.0,5,51,0.99953,0.694916,4e-06,4.547241,0.990048
A,Random-K,4,10,0.0,5,42,0.999366,0.900378,9.9e-05,5.815154,0.989958
A,Random-K,4,10,0.0,5,43,0.999386,0.900507,9.8e-05,5.860835,0.989977
A,Random-K,4,10,0.0,5,44,0.999336,0.900444,0.000112,5.885542,0.989953
A,Random-K,4,10,0.0,5,45,0.999368,0.900282,9.9e-05,5.873146,0.989965
A,Random-K,4,10,0.0,5,46,0.999415,0.900321,9.8e-05,5.833395,0.989976
A,Random-K,4,10,0.0,5,47,0.999434,0.900588,8.6e-05,5.807571,0.989914
A,Random-K,4,10,0.0,5,48,0.999356,0.900374,9.2e-05,5.776258,0.989888
A,Random-K,4,10,0.0,5,49,0.999374,0.900296,0.000101,5.843482,0.990011
A,Random-K,4,10,0.0,5,50,0.999456,0.900346,9.6e-05,5.788066,0.989978
A,Random-K,4,10,0.0,5,51,0.999427,0.900276,9.8e-05,5.851837,0.990048
A,RILP,4,10,1.0,5,42,0.438255,0.004418,0.033976,0.163597,0.989958
A,RILP,4,10,1.0,5,43,0.438246,0.004363,0.034095,0.164784,0.989977
A,RILP,4,10,1.0,5,44,0.438238,0.004382,0.034195,0.165755,0.989953
A,RILP,4,10,1.0,5,45,0.438381,0.004404,0.033853,0.164589,0.989965
A,RILP,4,10,1.0,5,46,0.438576,0.004407,0.034031,0.163929,0.989976
A,RILP,4,10,1.0,5,47,0.438123,0.004395,0.034247,0.164146,0.989914
A,RILP,4,10,1.0,5,48,0.438507,0.004427,0.034192,0.162884,0.989888
A,RILP,4,10,1.0,5,49,0.438458,0.004375,0.033948,0.164301,0.990011
A,RILP,4,10,1.0,5,50,0.438225,0.004391,0.0341,0.162219,0.989978
A,RILP,4,10,1.0,5,51,0.438295,0.004335,0.03431,0.165353,0.990048
A,RILP-Greedy,4,10,1.0,5,42,0.438255,0.004418,0.033976,0.163597,0.989958
A,RILP-Greedy,4,10,1.0,5,43,0.438246,0.004363,0.034095,0.164784,0.989977
A,RILP-Greedy,4,10,1.0,5,44,0.438238,0.004382,0.034195,0.165755,0.989953
A,RILP-Greedy,4,10,1.0,5,45,0.438381,0.004404,0.033853,0.164589,0.989965
A,RILP-Greedy,4,10,1.0,5,46,0.438576,0.004407,0.034031,0.163929,0.989976
A,RILP-Greedy,4,10,1.0,5,47,0.438123,0.004395,0.034247,0.164146,0.989914
A,RILP-Greedy,4,10,1.0,5,48,0.438507,0.004427,0.034192,0.162884,0.989888
A,RILP-Greedy,4,10,1.0,5,49,0.438458,0.004375,0.033948,0.164301,0.990011
A,RILP-Greedy,4,10,1.0,5,50,0.438225,0.004391,0.0341,0.162219,0.989978
A,RILP-Greedy,4,10,1.0,5,51,0.438295,0.004335,0.03431,0.165353,0.990048
A,Nam2023b,4,10,1.0,5,42,0.291211,0.002912,0.197758,6.443266,0.989958
A,Nam2023b,4,10,1.0,5,43,0.291415,0.002888,0.197597,6.493726,0.989977
A,Nam2023b,4,10,1.0,5,44,0.291293,0.00293,0.198003,6.522455,0.989953
A,Nam2023b,4,10,1.0,5,45,0.291605,0.002914,0.197272,6.506414,0.989965
A,Nam2023b,4,10,1.0,5,46,0.291456,0.002909,0.19788,6.464371,0.989976
A,Nam2023b,4,10,1.0,5,47,0.291414,0.00295,0.197833,6.434771,0.989914
A,Nam2023b,4,10,1.0,5,48,0.291501,0.002963,0.198114,6.400265,0.989888
A,Nam2023b,4,10,1.0,5,49,0.291486,0.00289,0.197557,6.476382,0.990011
A,Nam2023b,4,10,1.0,5,50,0.291464,0.0029,0.197563,6.413764,0.989978
A,Nam2023b,4,10,1.0,5,51,0.291294,0.002876,0.197998,6.48551,0.990048
A,Nam2025,4,10,1.0,5,42,0.438255,0.004418,0.033976,0.163597,0.989958
A,Nam2025,4,10,1.0,5,43,0.438246,0.004363,0.034095,0.164784,0.989977
A,Nam2025,4,10,1.0,5,44,0.438238,0.004382,0.034195,0.165755,0.989953
A,Nam2025,4,10,1.0,5,45,0.438381,0.004404,0.033853,0.164589,0.989965
A,Nam2025,4,10,1.0,5,46,0.438576,0.004407,0.034031,0.163929,0.989976
A,Nam2025,4,10,1.0,5,47,0.438123,0.004395,0.034247,0.164146,0.989914
A,Nam2025,4,10,1.0,5,48,0.438507,0.004427,0.034192,0.162884,0.989888
A,Nam2025,4,10,1.0,5,49,0.438458,0.004375,0.033948,0.164301,0.990011
A,Nam2025,4,10,1.0,5,50,0.438225,0.004391,0.0341,0.162219,0.989978
A,Nam2025,4,10,1.0,5,51,0.438295,0.004335,0.03431,0.165353,0.990048
A,Youn2026,4,10,1.0,5,42,0.438255,0.004418,0.033976,0.163597,0.989958
A,Youn2026,4,10,1.0,5,43,0.438246,0.004363,0.034095,0.164784,0.989977
A,Youn2026,4,10,1.0,5,44,0.438238,0.004382,0.034195,0.165755,0.989953
A,Youn2026,4,10,1.0,5,45,0.438381,0.004404,0.033853,0.164589,0.989965
A,Youn2026,4,10,1.0,5,46,0.438576,0.004407,0.034031,0.163929,0.989976
A,Youn2026,4,10,1.0,5,47,0.438123,0.004395,0.034247,0.164146,0.989914
A,Youn2026,4,10,1.0,5,48,0.438507,0.004427,0.034192,0.162884,0.989888
A,Youn2026,4,10,1.0,5,49,0.438458,0.004375,0.033948,0.164301,0.990011
A,Youn2026,4,10,1.0,5,50,0.438225,0.004391,0.0341,0.162219,0.989978
A,Youn2026,4,10,1.0,5,51,0.438295,0.004335,0.03431,0.165353,0.990048
A,V2I-Base,4,10,1.0,5,42,0.438255,0.004418,0.033976,0.163597,0.989958
A,V2I-Base,4,10,1.0,5,43,0.438246,0.004363,0.034095,0.164784,0.989977
A,V2I-Base,4,10,1.0,5,44,0.438238,0.004382,0.034195,0.165755,0.989953
A,V2I-Base,4,10,1.0,5,45,0.438381,0.004404,0.033853,0.164589,0.989965
A,V2I-Base,4,10,1.0,5,46,0.438576,0.004407,0.034031,0.163929,0.989976
A,V2I-Base,4,10,1.0,5,47,0.438123,0.004395,0.034247,0.164146,0.989914
A,V2I-Base,4,10,1.0,5,48,0.438507,0.004427,0.034192,0.162884,0.989888
A,V2I-Base,4,10,1.0,5,49,0.438458,0.004375,0.033948,0.164301,0.990011
A,V2I-Base,4,10,1.0,5,50,0.438225,0.004391,0.0341,0.162219,0.989978
A,V2I-Base,4,10,1.0,5,51,0.438295,0.004335,0.03431,0.165353,0.990048
A,V2V-Base,4,10,1.0,5,42,0.999526,0.694727,4e-06,4.516688,0.989958
A,V2V-Base,4,10,1.0,5,43,0.999497,0.694856,3e-06,4.538363,0.989977
A,V2V-Base,4,10,1.0,5,44,0.999481,0.6948,4e-06,4.569361,0.989953
A,V2V-Base,4,10,1.0,5,45,0.999478,0.694629,2e-06,4.559738,0.989965
A,V2V-Base,4,10,1.0,5,46,0.999514,0.694764,4e-06,4.530779,0.989976
A,V2V-Base,4,10,1.0,5,47,0.999526,0.69494,6e-06,4.491972,0.989914
A,V2V-Base,4,10,1.0,5,48,0.999499,0.694814,4e-06,4.495647,0.989888
A,V2V-Base,4,10,1.0,5,49,0.999521,0.695003,4e-06,4.522177,0.990011
A,V2V-Base,4,10,1.0,5,50,0.999537,0.69487,6e-06,4.498496,0.989978
A,V2V-Base,4,10,1.0,5,51,0.99953,0.694916,4e-06,4.547241,0.990048
A,Random-K,4,10,1.0,5,42,0.999366,0.900378,9.9e-05,5.815154,0.989958
A,Random-K,4,10,1.0,5,43,0.999386,0.900507,9.8e-05,5.860835,0.989977
A,Random-K,4,10,1.0,5,44,0.999336,0.900444,0.000112,5.885542,0.989953
A,Random-K,4,10,1.0,5,45,0.999368,0.900282,9.9e-05,5.873146,0.989965
A,Random-K,4,10,1.0,5,46,0.999415,0.900321,9.8e-05,5.833395,0.989976
A,Random-K,4,10,1.0,5,47,0.999434,0.900588,8.6e-05,5.807571,0.989914
A,Random-K,4,10,1.0,5,48,0.999356,0.900374,9.2e-05,5.776258,0.989888
A,Random-K,4,10,1.0,5,49,0.999374,0.900296,0.000101,5.843482,0.990011
A,Random-K,4,10,1.0,5,50,0.999456,0.900346,9.6e-05,5.788066,0.989978
A,Random-K,4,10,1.0,5,51,0.999427,0.900276,9.8e-05,5.851837,0.990048
A,RILP,4,10,2.0,5,42,0.438255,0.004418,0.033976,0.163597,0.989958
A,RILP,4,10,2.0,5,43,0.438246,0.004363,0.034095,0.164784,0.989977
A,RILP,4,10,2.0,5,44,0.438238,0.004382,0.034195,0.165755,0.989953
A,RILP,4,10,2.0,5,45,0.438381,0.004404,0.033853,0.164589,0.989965
A,RILP,4,10,2.0,5,46,0.438576,0.004407,0.034031,0.163929,0.989976
A,RILP,4,10,2.0,5,47,0.438123,0.004395,0.034247,0.164146,0.989914
A,RILP,4,10,2.0,5,48,0.438507,0.004427,0.034192,0.162884,0.989888
A,RILP,4,10,2.0,5,49,0.438458,0.004375,0.033948,0.164301,0.990011
A,RILP,4,10,2.0,5,50,0.438225,0.004391,0.0341,0.162219,0.989978
A,RILP,4,10,2.0,5,51,0.438295,0.004335,0.03431,0.165353,0.990048
A,RILP-Greedy,4,10,2.0,5,42,0.438255,0.004418,0.033976,0.163597,0.989958
A,RILP-Greedy,4,10,2.0,5,43,0.438386,0.004754,0.03441,0.186136,0.989194
A,RILP-Greedy,4,10,2.0,5,44,0.438105,0.004802,0.034158,0.184988,0.989109
A,RILP-Greedy,4,10,2.0,5,45,0.438069,0.004642,0.034357,0.185862,0.989309
A,RILP-Greedy,4,10,2.0,5,46,0.438079,0.004748,0.034277,0.186689,0.989171
A,RILP-Greedy,4,10,2.0,5,47,0.438383,0.004802,0.03448,0.187471,0.989035
A,RILP-Greedy,4,10,2.0,5,48,0.438366,0.004717,0.034475,0.182392,0.989145
A,RILP-Greedy,4,10,2.0,5,49,0.438749,0.004704,0.033981,0.186804,0.989193
A,RILP-Greedy,4,10,2.0,5,50,0.438441,0.004812,0.034317,0.185146,0.989136
A,RILP-Greedy,4,10,2.0,5,51,0.438144,0.004734,0.0343,0.188224,0.989188
A,Nam2023b,4,10,2.0,5,42,0.291514,0.003185,0.198088,6.73394,0.989035
A,Nam2023b,4,10,2.0,5,43,0.291394,0.003162,0.197868,6.784107,0.989194
A,Nam2023b,4,10,2.0,5,44,0.291268,0.003205,0.197774,6.780356,0.989109
A,Nam2023b,4,10,2.0,5,45,0.291155,0.003081,0.198031,6.878047,0.989309
A,Nam2023b,4,10,2.0,5,46,0.291363,0.003159,0.197538,6.781852,0.989171
A,Nam2023b,4,10,2.0,5,47,0.291636,0.003216,0.197284,6.844475,0.989035
A,Nam2023b,4,10,2.0,5,48,0.291192,0.003167,0.198146,6.656505,0.989145
A,Nam2023b,4,10,2.0,5,49,0.291287,0.003141,0.19842,6.781971,0.989193
A,Nam2023b,4,10,2.0,5,50,0.291068,0.003164,0.198468,6.813594,0.989136
A,Nam2023b,4,10,2.0,5,51,0.291097,0.003154,0.198377,6.824957,0.989188
A,Nam2025,4,10,2.0,5,42,0.43843,0.004843,0.034409,0.185063,0.989035
A,Nam2025,4,10,2.0,5,43,0.438386,0.004754,0.03441,0.186136,0.989194
A,Nam2025,4,10,2.0,5,44,0.438105,0.004802,0.034158,0.184988,0.989109
A,Nam2025,4,10,2.0,5,45,0.438069,0.004642,0.034357,0.185862,0.989309
A,Nam2025,4,10,2.0,5,46,0.438079,0.004748,0.034277,0.186689,0.989171
A,Nam2025,4,10,2.0,5,47,0.438383,0.004802,0.03448,0.187471,0.989035
A,Nam2025,4,10,2.0,5,48,0.438366,0.004717,0.034475,0.182392,0.989145
A,Nam2025,4,10,2.0,5,49,0.438749,0.004704,0.033981,0.186804,0.989193
A,Nam2025,4,10,2.0,5,50,0.438441,0.004812,0.034317,0.185146,0.989136
A,Nam2025,4,10,2.0,5,51,0.438144,0.004734,0.0343,0.188224,0.989188
A,Youn2026,4,10,2.0,5,42,0.43843,0.004843,0.034409,0.185063,0.989035
A,Youn2026,4,10,2.0,5,43,0.438386,0.004754,0.03441,0.186136,0.989194
A,Youn2026,4,10,2.0,5,44,0.438105,0.004802,0.034158,0.184988,0.989109
A,Youn2026,4,10,2.0,5,45,0.438069,0.004642,0.034357,0.185862,0.989309
A,Youn2026,4,10,2.0,5,46,0.438079,0.004748,0.034277,0.186689,0.989171
A,Youn2026,4,10,2.0,5,47,0.438383,0.004802,0.03448,0.187471,0.989035
A,Youn2026,4,10,2.0,5,48,0.438366,0.004717,0.034475,0.182392,0.989145
A,Youn2026,4,10,2.0,5,49,0.438749,0.004704,0.033981,0.186804,0.989193
A,Youn2026,4,10,2.0,5,50,0.438441,0.004812,0.034317,0.185146,0.989136
A,Youn2026,4,10,2.0,5,51,0.438144,0.004734,0.0343,0.188224,0.989188
A,V2I-Base,4,10,2.0,5,42,0.43843,0.004843,0.034409,0.185063,0.989035
A,V2I-Base,4,10,2.0,5,43,0.438386,0.004754,0.03441,0.186136,0.989194
A,V2I-Base,4,10,2.0,5,44,0.438105,0.004802,0.034158,0.184988,0.989109
A,V2I-Base,4,10,2.0,5,45,0.438069,0.004642,0.034357,0.185862,0.989309
A,V2I-Base,4,10,2.0,5,46,0.438079,0.004748,0.034277,0.186689,0.989171
A,V2I-Base,4,10,2.0,5,47,0.438383,0.004802,0.03448,0.187471,0.989035
A,V2I-Base,4,10,2.0,5,48,0.438366,0.004717,0.034475,0.182392,0.989145
A,V2I-Base,4,10,2.0,5,49,0.438749,0.004704,0.033981,0.186804,0.989193
A,V2I-Base,4,10,2.0,5,50,0.438441,0.004812,0.034317,0.185146,0.989136
A,V2I-Base,4,10,2.0,5,51,0.438144,0.004734,0.0343,0.188224,0.989188
A,V2V-Base,4,10,2.0,5,42,0.998166,0.691875,8e-06,4.61989,0.989035
A,V2V-Base,4,10,2.0,5,43,0.998137,0.691978,1.1e-05,4.638018,0.989194
A,V2V-Base,4,10,2.0,5,44,0.998154,0.692161,1e-05,4.668732,0.989109
A,V2V-Base,4,10,2.0,5,45,0.998204,0.692158,1.2e-05,4.724337,0.989309
A,V2V-Base,4,10,2.0,5,46,0.998154,0.692088,1.2e-05,4.674721,0.989171
A,V2V-Base,4,10,2.0,5,47,0.998231,0.691975,7e-06,4.678963,0.989035
A,V2V-Base,4,10,2.0,5,48,0.998323,0.692115,1.1e-05,4.557696,0.989145
A,V2V-Base,4,10,2.0,5,49,0.998319,0.691531,9e-06,4.651818,0.989193
A,V2V-Base,4,10,2.0,5,50,0.998215,0.691957,9e-06,4.6702,0.989136
A,V2V-Base,4,10,2.0,5,51,0.998136,0.692113,1.2e-05,4.69773,0.989188
A,Random-K,4,10,2.0,5,42,0.998109,0.899201,0.000222,6.079203,0.989035
A,Random-K,4,10,2.0,5,43,0.997869,0.899086,0.000248,6.123355,0.989194
A,Random-K,4,10,2.0,5,44,0.99788,0.898902,0.000258,6.122659,0.989109
A,Random-K,4,10,2.0,5,45,0.997977,0.898914,0.000268,6.209776,0.989309
A,Random-K,4,10,2.0,5,46,0.99799,0.899312,0.000268,6.123086,0.989171
A,Random-K,4,10,2.0,5,47,0.99807,0.899398,0.000218,6.179526,0.989035
A,Random-K,4,10,2.0,5,48,0.998176,0.899456,0.000227,6.008657,0.989145
A,Random-K,4,10,2.0,5,49,0.998096,0.899349,0.000251,6.123009,0.989193
A,Random-K,4,10,2.0,5,50,0.998014,0.899017,0.000278,6.150529,0.989136
A,Random-K,4,10,2.0,5,51,0.997899,0.899205,0.000314,6.163738,0.989188
A,RILP,4,10,3.0,5,42,0.43843,0.004843,0.034409,0.185063,0.989035
A,RILP,4,10,3.0,5,43,0.438386,0.004754,0.03441,0.186136,0.989194
A,RILP,4,10,3.0,5,44,0.438105,0.004802,0.034158,0.184988,0.989109
A,RILP,4,10,3.0,5,45,0.438069,0.004642,0.034357,0.185862,0.989309
A,RILP,4,10,3.0,5,46,0.438079,0.004748,0.034277,0.186689,0.989171
A,RILP,4,10,3.0,5,47,0.438383,0.004802,0.03448,0.187471,0.989035
A,RILP,4,10,3.0,5,48,0.438366,0.004717,0.034475,0.182392,0.989145
A,RILP,4,10,3.0,5,49,0.438749,0.004704,0.033981,0.186804,0.989193
A,RILP,4,10,3.0,5,50,0.438441,0.004812,0.034317,0.185146,0.989136
A,RILP,4,10,3.0,5,51,0.438144,0.004734,0.0343,0.188224,0.989188
A,RILP-Greedy,4,10,3.0,5,42,0.43843,0.004843,0.034409,0.185063,0.989035
A,RILP-Greedy,4,10,3.0,5,43,0.438386,0.004754,0.03441,0.186136,0.989194
A,RILP-Greedy,4,10,3.0,5,44,0.438105,0.004802,0.034158,0.184988,0.989109
A,RILP-Greedy,4,10,3.0,5,45,0.438069,0.004642,0.034357,0.185862,0.989309
A,RILP-Greedy,4,10,3.0,5,46,0.438079,0.004748,0.034277,0.186689,0.989171
A,RILP-Greedy,4,10,3.0,5,47,0.438383,0.004802,0.03448,0.187471,0.989035
A,RILP-Greedy,4,10,3.0,5,48,0.438366,0.004717,0.034475,0.182392,0.989145
A,RILP-Greedy,4,10,3.0,5,49,0.438749,0.004704,0.033981,0.186804,0.989193
A,RILP-Greedy,4,10,3.0,5,50,0.438441,0.004812,0.034317,0.185146,0.989136
A,RILP-Greedy,4,10,3.0,5,51,0.438144,0.004734,0.0343,0.188224,0.989188
A,Nam2023b,4,10,3.0,5,42,0.291514,0.003185,0.198088,6.73394,0.989035
A,Nam2023b,4,10,3.0,5,43,0.291394,0.003162,0.197868,6.784107,0.989194
A,Nam2023b,4,10,3.0,5,44,0.291268,0.003205,0.197774,6.780356,0.989109
A,Nam2023b,4,10,3.0,5,45,0.291155,0.003081,0.198031,6.878047,0.989309
A,Nam2023b,4,10,3.0,5,46,0.291363,0.003159,0.197538,6.781852,0.989171
A,Nam2023b,4,10,3.0,5,47,0.291636,0.003216,0.197284,6.844475,0.989035
A,Nam2023b,4,10,3.0,5,48,0.291192,0.003167,0.198146,6.656505,0.989145
A,Nam2023b,4,10,3.0,5,49,0.291287,0.003141,0.19842,6.781971,0.989193
A,Nam2023b,4,10,3.0,5,50,0.291068,0.003164,0.198468,6.813594,0.989136
A,Nam2023b,4,10,3.0,5,51,0.291097,0.003154,0.198377,6.824957,0.989188
A,Nam2025,4,10,3.0,5,42,0.43843,0.004843,0.034409,0.185063,0.989035
A,Nam2025,4,10,3.0,5,43,0.438386,0.004754,0.03441,0.186136,0.989194
A,Nam2025,4,10,3.0,5,44,0.438105,0.004802,0.034158,0.184988,0.989109
A,Nam2025,4,10,3.0,5,45,0.438069,0.004642,0.034357,0.185862,0.989309
A,Nam2025,4,10,3.0,5,46,0.438079,0.004748,0.034277,0.186689,0.989171
A,Nam2025,4,10,3.0,5,47,0.438383,0.004802,0.03448,0.187471,0.989035
A,Nam2025,4,10,3.0,5,48,0.438366,0.004717,0.034475,0.182392,0.989145
A,Nam2025,4,10,3.0,5,49,0.438749,0.004704,0.033981,0.186804,0.989193
A,Nam2025,4,10,3.0,5,50,0.438441,0.004812,0.034317,0.185146,0.989136
A,Nam2025,4,10,3.0,5,51,0.438144,0.004734,0.0343,0.188224,0.989188
A,Youn2026,4,10,3.0,5,42,0.43843,0.004843,0.034409,0.185063,0.989035
A,Youn2026,4,10,3.0,5,43,0.438386,0.004754,0.03441,0.186136,0.989194
A,Youn2026,4,10,3.0,5,44,0.438105,0.004802,0.034158,0.184988,0.989109
A,Youn2026,4,10,3.0,5,45,0.438069,0.004642,0.034357,0.185862,0.989309
A,Youn2026,4,10,3.0,5,46,0.438079,0.004748,0.034277,0.186689,0.989171
A,Youn2026,4,10,3.0,5,47,0.438383,0.004802,0.03448,0.187471,0.989035
A,Youn2026,4,10,3.0,5,48,0.438366,0.004717,0.034475,0.182392,0.989145
A,Youn2026,4,10,3.0,5,49,0.438749,0.004704,0.033981,0.186804,0.989193
A,Youn2026,4,10,3.0,5,50,0.438441,0.004812,0.034317,0.185146,0.989136
A,Youn2026,4,10,3.0,5,51,0.438144,0.004734,0.0343,0.188224,0.989188
A,V2I-Base,4,10,3.0,5,42,0.43843,0.004843,0.034409,0.185063,0.989035
A,V2I-Base,4,10,3.0,5,43,0.438386,0.004754,0.03441,0.186136,0.989194
A,V2I-Base,4,10,3.0,5,44,0.438105,0.004802,0.034158,0.184988,0.989109
A,V2I-Base,4,10,3.0,5,45,0.438069,0.004642,0.034357,0.185862,0.989309
A,V2I-Base,4,10,3.0,5,46,0.438079,0.004748,0.034277,0.186689,0.989171
A,V2I-Base,4,10,3.0,5,47,0.438383,0.004802,0.03448,0.187471,0.989035
A,V2I-Base,4,10,3.0,5,48,0.438366,0.004717,0.034475,0.182392,0.989145
A,V2I-Base,4,10,3.0,5,49,0.438749,0.004704,0.033981,0.186804,0.989193
A,V2I-Base,4,10,3.0,5,50,0.438441,0.004812,0.034317,0.185146,0.989136
A,V2I-Base,4,10,3.0,5,51,0.438144,0.004734,0.0343,0.188224,0.989188
A,V2V-Base,4,10,3.0,5,42,0.998166,0.691875,8e-06,4.61989,0.989035
A,V2V-Base,4,10,3.0,5,43,0.998137,0.691978,1.1e-05,4.638018,0.989194
A,V2V-Base,4,10,3.0,5,44,0.998154,0.692161,1e-05,4.668732,0.989109
A,V2V-Base,4,10,3.0,5,45,0.998204,0.692158,1.2e-05,4.724337,0.989309
A,V2V-Base,4,10,3.0,5,46,0.998154,0.692088,1.2e-05,4.674721,0.989171
A,V2V-Base,4,10,3.0,5,47,0.998231,0.691975,7e-06,4.678963,0.989035
A,V2V-Base,4,10,3.0,5,48,0.998323,0.692115,1.1e-05,4.557696,0.989145
A,V2V-Base,4,10,3.0,5,49,0.998319,0.691531,9e-06,4.651818,0.989193
A,V2V-Base,4,10,3.0,5,50,0.998215,0.691957,9e-06,4.6702,0.989136
A,V2V-Base,4,10,3.0,5,51,0.998136,0.692113,1.2e-05,4.69773,0.989188
A,Random-K,4,10,3.0,5,42,0.998109,0.899201,0.000222,6.079203,0.989035
A,Random-K,4,10,3.0,5,43,0.997869,0.899086,0.000248,6.123355,0.989194
A,Random-K,4,10,3.0,5,44,0.99788,0.898902,0.000258,6.122659,0.989109
A,Random-K,4,10,3.0,5,45,0.997977,0.898914,0.000268,6.209776,0.989309
A,Random-K,4,10,3.0,5,46,0.99799,0.899312,0.000268,6.123086,0.989171
A,Random-K,4,10,3.0,5,47,0.99807,0.899398,0.000218,6.179526,0.989035
A,Random-K,4,10,3.0,5,48,0.998176,0.899456,0.000227,6.008657,0.989145
A,Random-K,4,10,3.0,5,49,0.998096,0.899349,0.000251,6.123009,0.989193
A,Random-K,4,10,3.0,5,50,0.998014,0.899017,0.000278,6.150529,0.989136
A,Random-K,4,10,3.0,5,51,0.997899,0.899205,0.000314,6.163738,0.989188
A,RILP,4,20,0.0,5,42,0.43843,0.004843,0.034409,0.185063,0.989035
A,RILP,4,20,0.0,5,43,0.438386,0.004754,0.03441,0.186136,0.989194
A,RILP,4,20,0.0,5,44,0.438105,0.004802,0.034158,0.184988,0.989109
A,RILP,4,20,0.0,5,45,0.438069,0.004642,0.034357,0.185862,0.989309
A,RILP,4,20,0.0,5,46,0.438079,0.004748,0.034277,0.186689,0.989171
A,RILP,4,20,0.0,5,47,0.438383,0.004802,0.03448,0.187471,0.989035
A,RILP,4,20,0.0,5,48,0.438366,0.004717,0.034475,0.182392,0.989145
A,RILP,4,20,0.0,5,49,0.438749,0.004704,0.033981,0.186804,0.989193
A,RILP,4,20,0.0,5,50,0.438441,0.004812,0.034317,0.185146,0.989136
A,RILP,4,20,0.0,5,51,0.438144,0.004734,0.0343,0.188224,0.989188
A,RILP-Greedy,4,20,0.0,5,42,0.43843,0.004843,0.034409,0.185063,0.989035
A,RILP-Greedy,4,20,0.0,5,43,0.438386,0.004754,0.03441,0.186136,0.989194
A,RILP-Greedy,4,20,0.0,5,44,0.438105,0.004802,0.034158,0.184988,0.989109
A,RILP-Greedy,4,20,0.0,5,45,0.438069,0.004642,0.034357,0.185862,0.989309
A,RILP-Greedy,4,20,0.0,5,46,0.438079,0.004748,0.034277,0.186689,0.989171
A,RILP-Greedy,4,20,0.0,5,47,0.438383,0.004802,0.03448,0.187471,0.989035
A,RILP-Greedy,4,20,0.0,5,48,0.438366,0.004717,0.034475,0.182392,0.989145
A,RILP-Greedy,4,20,0.0,5,49,0.438749,0.004704,0.033981,0.186804,0.989193
A,RILP-Greedy,4,20,0.0,5,50,0.438441,0.004812,0.034317,0.185146,0.989136
A,RILP-Greedy,4,20,0.0,5,51,0.438144,0.004734,0.0343,0.188224,0.989188
A,Nam2023b,4,20,0.0,5,42,0.291514,0.003185,0.198088,6.73394,0.989035
A,Nam2023b,4,20,0.0,5,43,0.291394,0.003162,0.197868,6.784107,0.989194
A,Nam2023b,4,20,0.0,5,44,0.291268,0.003205,0.197774,6.780356,0.989109
A,Nam2023b,4,20,0.0,5,45,0.291155,0.003081,0.198031,6.878047,0.989309
A,Nam2023b,4,20,0.0,5,46,0.291363,0.003159,0.197538,6.781852,0.989171
A,Nam2023b,4,20,0.0,5,47,0.291636,0.003216,0.197284,6.844475,0.989035
A,Nam2023b,4,20,0.0,5,48,0.291192,0.003167,0.198146,6.656505,0.989145
A,Nam2023b,4,20,0.0,5,49,0.291287,0.003141,0.19842,6.781971,0.989193
A,Nam2023b,4,20,0.0,5,50,0.291068,0.003164,0.198468,6.813594,0.989136
A,Nam2023b,4,20,0.0,5,51,0.291097,0.003154,0.198377,6.824957,0.989188
A,Nam2025,4,20,0.0,5,42,0.43843,0.004843,0.034409,0.185063,0.989035
A,Nam2025,4,20,0.0,5,43,0.438386,0.004754,0.03441,0.186136,0.989194
A,Nam2025,4,20,0.0,5,44,0.438105,0.004802,0.034158,0.184988,0.989109
A,Nam2025,4,20,0.0,5,45,0.438069,0.004642,0.034357,0.185862,0.989309
A,Nam2025,4,20,0.0,5,46,0.438079,0.004748,0.034277,0.186689,0.989171
A,Nam2025,4,20,0.0,5,47,0.438383,0.004802,0.03448,0.187471,0.989035
A,Nam2025,4,20,0.0,5,48,0.438366,0.004717,0.034475,0.182392,0.989145
A,Nam2025,4,20,0.0,5,49,0.438749,0.004704,0.033981,0.186804,0.989193
A,Nam2025,4,20,0.0,5,50,0.438441,0.004812,0.034317,0.185146,0.989136
A,Nam2025,4,20,0.0,5,51,0.438144,0.004734,0.0343,0.188224,0.989188
A,Youn2026,4,20,0.0,5,42,0.43843,0.004843,0.034409,0.185063,0.989035
A,Youn2026,4,20,0.0,5,43,0.438386,0.004754,0.03441,0.186136,0.989194
A,Youn2026,4,20,0.0,5,44,0.438105,0.004802,0.034158,0.184988,0.989109
A,Youn2026,4,20,0.0,5,45,0.438069,0.004642,0.034357,0.185862,0.989309
A,Youn2026,4,20,0.0,5,46,0.438079,0.004748,0.034277,0.186689,0.989171
A,Youn2026,4,20,0.0,5,47,0.438383,0.004802,0.03448,0.187471,0.989035
A,Youn2026,4,20,0.0,5,48,0.438366,0.004717,0.034475,0.182392,0.989145
A,Youn2026,4,20,0.0,5,49,0.438749,0.004704,0.033981,0.186804,0.989193
A,Youn2026,4,20,0.0,5,50,0.438441,0.004812,0.034317,0.185146,0.989136
A,Youn2026,4,20,0.0,5,51,0.438144,0.004734,0.0343,0.188224,0.989188
A,V2I-Base,4,20,0.0,5,42,0.43843,0.004843,0.034409,0.185063,0.989035
A,V2I-Base,4,20,0.0,5,43,0.438386,0.004754,0.03441,0.186136,0.989194
A,V2I-Base,4,20,0.0,5,44,0.438105,0.004802,0.034158,0.184988,0.989109
A,V2I-Base,4,20,0.0,5,45,0.438069,0.004642,0.034357,0.185862,0.989309
A,V2I-Base,4,20,0.0,5,46,0.438079,0.004748,0.034277,0.186689,0.989171
A,V2I-Base,4,20,0.0,5,47,0.438383,0.004802,0.03448,0.187471,0.989035
A,V2I-Base,4,20,0.0,5,48,0.438366,0.004717,0.034475,0.182392,0.989145
A,V2I-Base,4,20,0.0,5,49,0.438749,0.004704,0.033981,0.186804,0.989193
A,V2I-Base,4,20,0.0,5,50,0.438441,0.004812,0.034317,0.185146,0.989136
A,V2I-Base,4,20,0.0,5,51,0.438144,0.004734,0.0343,0.188224,0.989188
A,V2V-Base,4,20,0.0,5,42,0.998166,0.691875,8e-06,4.61989,0.989035
A,V2V-Base,4,20,0.0,5,43,0.998137,0.691978,1.1e-05,4.638018,0.989194
A,V2V-Base,4,20,0.0,5,44,0.998154,0.692161,1e-05,4.668732,0.989109
A,V2V-Base,4,20,0.0,5,45,0.998204,0.692158,1.2e-05,4.724337,0.989309
A,V2V-Base,4,20,0.0,5,46,0.998154,0.692088,1.2e-05,4.674721,0.989171
A,V2V-Base,4,20,0.0,5,47,0.998231,0.691975,7e-06,4.678963,0.989035
A,V2V-Base,4,20,0.0,5,48,0.998323,0.692115,1.1e-05,4.557696,0.989145
A,V2V-Base,4,20,0.0,5,49,0.998319,0.691531,9e-06,4.651818,0.989193
A,V2V-Base,4,20,0.0,5,50,0.998215,0.691957,9e-06,4.6702,0.989136
A,V2V-Base,4,20,0.0,5,51,0.998136,0.692113,1.2e-05,4.69773,0.989188
A,Random-K,4,20,0.0,5,42,0.998109,0.899201,0.000222,6.079203,0.989035
A,Random-K,4,20,0.0,5,43,0.997869,0.899086,0.000248,6.123355,0.989194
A,Random-K,4,20,0.0,5,44,0.99788,0.898902,0.000258,6.122659,0.989109
A,Random-K,4,20,0.0,5,45,0.997977,0.898914,0.000268,6.209776,0.989309
A,Random-K,4,20,0.0,5,46,0.99799,0.899312,0.000268,6.123086,0.989171
A,Random-K,4,20,0.0,5,47,0.99807,0.899398,0.000218,6.179526,0.989035
A,Random-K,4,20,0.0,5,48,0.998176,0.899456,0.000227,6.008657,0.989145
A,Random-K,4,20,0.0,5,49,0.998096,0.899349,0.000251,6.123009,0.989193
A,Random-K,4,20,0.0,5,50,0.998014,0.899017,0.000278,6.150529,0.989136
A,Random-K,4,20,0.0,5,51,0.997899,0.899205,0.000314,6.163738,0.989188
A,RILP,4,20,1.0,5,42,0.43843,0.004843,0.034409,0.185063,0.989035
A,RILP,4,20,1.0,5,43,0.438386,0.004754,0.03441,0.186136,0.989194
A,RILP,4,20,1.0,5,44,0.438105,0.004802,0.034158,0.184988,0.989109
A,RILP,4,20,1.0,5,45,0.438069,0.004642,0.034357,0.185862,0.989309
A,RILP,4,20,1.0,5,46,0.438079,0.004748,0.034277,0.186689,0.989171
A,RILP,4,20,1.0,5,47,0.438383,0.004802,0.03448,0.187471,0.989035
A,RILP,4,20,1.0,5,48,0.438366,0.004717,0.034475,0.182392,0.989145
A,RILP,4,20,1.0,5,49,0.438749,0.004704,0.033981,0.186804,0.989193
A,RILP,4,20,1.0,5,50,0.438441,0.004812,0.034317,0.185146,0.989136
A,RILP,4,20,1.0,5,51,0.438144,0.004734,0.0343,0.188224,0.989188
A,RILP-Greedy,4,20,1.0,5,42,0.43843,0.004843,0.034409,0.185063,0.989035
A,RILP-Greedy,4,20,1.0,5,43,0.438386,0.004754,0.03441,0.186136,0.989194
A,RILP-Greedy,4,20,1.0,5,44,0.438105,0.004802,0.034158,0.184988,0.989109
A,RILP-Greedy,4,20,1.0,5,45,0.438069,0.004642,0.034357,0.185862,0.989309
A,RILP-Greedy,4,20,1.0,5,46,0.438079,0.004748,0.034277,0.186689,0.989171
A,RILP-Greedy,4,20,1.0,5,47,0.438383,0.004802,0.03448,0.187471,0.989035
A,RILP-Greedy,4,20,1.0,5,48,0.438366,0.004717,0.034475,0.182392,0.989145
A,RILP-Greedy,4,20,1.0,5,49,0.438749,0.004704,0.033981,0.186804,0.989193
A,RILP-Greedy,4,20,1.0,5,50,0.438441,0.004812,0.034317,0.185146,0.989136
A,RILP-Greedy,4,20,1.0,5,51,0.438144,0.004734,0.0343,0.188224,0.989188
A,Nam2023b,4,20,1.0,5,42,0.291514,0.003185,0.198088,6.73394,0.989035
A,Nam2023b,4,20,1.0,5,43,0.291394,0.003162,0.197868,6.784107,0.989194
A,Nam2023b,4,20,1.0,5,44,0.291268,0.003205,0.197774,6.780356,0.989109
A,Nam2023b,4,20,1.0,5,45,0.291155,0.003081,0.198031,6.878047,0.989309
A,Nam2023b,4,20,1.0,5,46,0.291363,0.003159,0.197538,6.781852,0.989171
A,Nam2023b,4,20,1.0,5,47,0.291636,0.003216,0.197284,6.844475,0.989035
A,Nam2023b,4,20,1.0,5,48,0.291192,0.003167,0.198146,6.656505,0.989145
A,Nam2023b,4,20,1.0,5,49,0.291287,0.003141,0.19842,6.781971,0.989193
A,Nam2023b,4,20,1.0,5,50,0.291068,0.003164,0.198468,6.813594,0.989136
A,Nam2023b,4,20,1.0,5,51,0.291097,0.003154,0.198377,6.824957,0.989188
A,Nam2025,4,20,1.0,5,42,0.43843,0.004843,0.034409,0.185063,0.989035
A,Nam2025,4,20,1.0,5,43,0.438386,0.004754,0.03441,0.186136,0.989194
A,Nam2025,4,20,1.0,5,44,0.438105,0.004802,0.034158,0.184988,0.989109
A,Nam2025,4,20,1.0,5,45,0.438069,0.004642,0.034357,0.185862,0.989309
A,Nam2025,4,20,1.0,5,46,0.438079,0.004748,0.034277,0.186689,0.989171
A,Nam2025,4,20,1.0,5,47,0.438383,0.004802,0.03448,0.187471,0.989035
A,Nam2025,4,20,1.0,5,48,0.438366,0.004717,0.034475,0.182392,0.989145
A,Nam2025,4,20,1.0,5,49,0.438749,0.004704,0.033981,0.186804,0.989193
A,Nam2025,4,20,1.0,5,50,0.438441,0.004812,0.034317,0.185146,0.989136
A,Nam2025,4,20,1.0,5,51,0.438144,0.004734,0.0343,0.188224,0.989188
A,Youn2026,4,20,1.0,5,42,0.43843,0.004843,0.034409,0.185063,0.989035
A,Youn2026,4,20,1.0,5,43,0.438386,0.004754,0.03441,0.186136,0.989194
A,Youn2026,4,20,1.0,5,44,0.438105,0.004802,0.034158,0.184988,0.989109
A,Youn2026,4,20,1.0,5,45,0.438069,0.004642,0.034357,0.185862,0.989309
A,Youn2026,4,20,1.0,5,46,0.438079,0.004748,0.034277,0.186689,0.989171
A,Youn2026,4,20,1.0,5,47,0.438383,0.004802,0.03448,0.187471,0.989035
A,Youn2026,4,20,1.0,5,48,0.438366,0.004717,0.034475,0.182392,0.989145
A,Youn2026,4,20,1.0,5,49,0.438749,0.004704,0.033981,0.186804,0.989193
A,Youn2026,4,20,1.0,5,50,0.438441,0.004812,0.034317,0.185146,0.989136
A,Youn2026,4,20,1.0,5,51,0.438144,0.004734,0.0343,0.188224,0.989188
A,V2I-Base,4,20,1.0,5,42,0.43843,0.004843,0.034409,0.185063,0.989035
A,V2I-Base,4,20,1.0,5,43,0.438386,0.004754,0.03441,0.186136,0.989194
A,V2I-Base,4,20,1.0,5,44,0.438105,0.004802,0.034158,0.184988,0.989109
A,V2I-Base,4,20,1.0,5,45,0.438069,0.004642,0.034357,0.185862,0.989309
A,V2I-Base,4,20,1.0,5,46,0.438079,0.004748,0.034277,0.186689,0.989171
A,V2I-Base,4,20,1.0,5,47,0.438383,0.004802,0.03448,0.187471,0.989035
A,V2I-Base,4,20,1.0,5,48,0.438366,0.004717,0.034475,0.182392,0.989145
A,V2I-Base,4,20,1.0,5,49,0.438749,0.004704,0.033981,0.186804,0.989193
A,V2I-Base,4,20,1.0,5,50,0.438441,0.004812,0.034317,0.185146,0.989136
A,V2I-Base,4,20,1.0,5,51,0.438144,0.004734,0.0343,0.188224,0.989188
A,V2V-Base,4,20,1.0,5,42,0.998166,0.691875,8e-06,4.61989,0.989035
A,V2V-Base,4,20,1.0,5,43,0.998137,0.691978,1.1e-05,4.638018,0.989194
A,V2V-Base,4,20,1.0,5,44,0.998154,0.692161,1e-05,4.668732,0.989109
A,V2V-Base,4,20,1.0,5,45,0.998204,0.692158,1.2e-05,4.724337,0.989309
A,V2V-Base,4,20,1.0,5,46,0.998154,0.692088,1.2e-05,4.674721,0.989171
A,V2V-Base,4,20,1.0,5,47,0.998231,0.691975,7e-06,4.678963,0.989035
A,V2V-Base,4,20,1.0,5,48,0.998323,0.692115,1.1e-05,4.557696,0.989145
A,V2V-Base,4,20,1.0,5,49,0.998319,0.691531,9e-06,4.651818,0.989193
A,V2V-Base,4,20,1.0,5,50,0.998215,0.691957,9e-06,4.6702,0.989136
A,V2V-Base,4,20,1.0,5,51,0.998136,0.692113,1.2e-05,4.69773,0.989188
A,Random-K,4,20,1.0,5,42,0.998109,0.899201,0.000222,6.079203,0.989035
A,Random-K,4,20,1.0,5,43,0.997869,0.899086,0.000248,6.123355,0.989194
A,Random-K,4,20,1.0,5,44,0.99788,0.898902,0.000258,6.122659,0.989109
A,Random-K,4,20,1.0,5,45,0.997977,0.898914,0.000268,6.209776,0.989309
A,Random-K,4,20,1.0,5,46,0.99799,0.899312,0.000268,6.123086,0.989171
A,Random-K,4,20,1.0,5,47,0.99807,0.899398,0.000218,6.179526,0.989035
A,Random-K,4,20,1.0,5,48,0.998176,0.899456,0.000227,6.008657,0.989145
A,Random-K,4,20,1.0,5,49,0.998096,0.899349,0.000251,6.123009,0.989193
A,Random-K,4,20,1.0,5,50,0.998014,0.899017,0.000278,6.150529,0.989136
A,Random-K,4,20,1.0,5,51,0.997899,0.899205,0.000314,6.163738,0.989188
A,RILP,4,20,2.0,5,42,0.43843,0.004843,0.034409,0.185063,0.989035
A,RILP,4,20,2.0,5,43,0.438386,0.004754,0.03441,0.186136,0.989194
A,RILP,4,20,2.0,5,44,0.438105,0.004802,0.034158,0.184988,0.989109
A,RILP,4,20,2.0,5,45,0.438069,0.004642,0.034357,0.185862,0.989309
A,RILP,4,20,2.0,5,46,0.438079,0.004748,0.034277,0.186689,0.989171
A,RILP,4,20,2.0,5,47,0.438383,0.004802,0.03448,0.187471,0.989035
A,RILP,4,20,2.0,5,48,0.438366,0.004717,0.034475,0.182392,0.989145
A,RILP,4,20,2.0,5,49,0.438749,0.004704,0.033981,0.186804,0.989193
A,RILP,4,20,2.0,5,50,0.438441,0.004812,0.034317,0.185146,0.989136
A,RILP,4,20,2.0,5,51,0.438144,0.004734,0.0343,0.188224,0.989188
A,RILP-Greedy,4,20,2.0,5,42,0.43843,0.004843,0.034409,0.185063,0.989035
A,RILP-Greedy,4,20,2.0,5,43,0.438386,0.004754,0.03441,0.186136,0.989194
A,RILP-Greedy,4,20,2.0,5,44,0.438105,0.004802,0.034158,0.184988,0.989109
A,RILP-Greedy,4,20,2.0,5,45,0.438069,0.004642,0.034357,0.185862,0.989309
A,RILP-Greedy,4,20,2.0,5,46,0.438079,0.004748,0.034277,0.186689,0.989171
A,RILP-Greedy,4,20,2.0,5,47,0.438383,0.004802,0.03448,0.187471,0.989035
A,RILP-Greedy,4,20,2.0,5,48,0.438366,0.004717,0.034475,0.182392,0.989145
A,RILP-Greedy,4,20,2.0,5,49,0.438749,0.004704,0.033981,0.186804,0.989193
A,RILP-Greedy,4,20,2.0,5,50,0.438441,0.004812,0.034317,0.185146,0.989136
A,RILP-Greedy,4,20,2.0,5,51,0.438144,0.004734,0.0343,0.188224,0.989188
A,Nam2023b,4,20,2.0,5,42,0.291514,0.003185,0.198088,6.73394,0.989035
A,Nam2023b,4,20,2.0,5,43,0.291394,0.003162,0.197868,6.784107,0.989194
A,Nam2023b,4,20,2.0,5,44,0.291268,0.003205,0.197774,6.780356,0.989109
A,Nam2023b,4,20,2.0,5,45,0.291155,0.003081,0.198031,6.878047,0.989309
A,Nam2023b,4,20,2.0,5,46,0.291363,0.003159,0.197538,6.781852,0.989171
A,Nam2023b,4,20,2.0,5,47,0.291636,0.003216,0.197284,6.844475,0.989035
A,Nam2023b,4,20,2.0,5,48,0.291192,0.003167,0.198146,6.656505,0.989145
A,Nam2023b,4,20,2.0,5,49,0.291287,0.003141,0.19842,6.781971,0.989193
A,Nam2023b,4,20,2.0,5,50,0.291068,0.003164,0.198468,6.813594,0.989136
A,Nam2023b,4,20,2.0,5,51,0.291097,0.003154,0.198377,6.824957,0.989188
A,Nam2025,4,20,2.0,5,42,0.43843,0.004843,0.034409,0.185063,0.989035
A,Nam2025,4,20,2.0,5,43,0.438386,0.004754,0.03441,0.186136,0.989194
A,Nam2025,4,20,2.0,5,44,0.438105,0.004802,0.034158,0.184988,0.989109
A,Nam2025,4,20,2.0,5,45,0.438069,0.004642,0.034357,0.185862,0.989309
A,Nam2025,4,20,2.0,5,46,0.438079,0.004748,0.034277,0.186689,0.989171
A,Nam2025,4,20,2.0,5,47,0.438383,0.004802,0.03448,0.187471,0.989035
A,Nam2025,4,20,2.0,5,48,0.438366,0.004717,0.034475,0.182392,0.989145
A,Nam2025,4,20,2.0,5,49,0.438749,0.004704,0.033981,0.186804,0.989193
A,Nam2025,4,20,2.0,5,50,0.438441,0.004812,0.034317,0.185146,0.989136
A,Nam2025,4,20,2.0,5,51,0.438144,0.004734,0.0343,0.188224,0.989188
A,Youn2026,4,20,2.0,5,42,0.43843,0.004843,0.034409,0.185063,0.989035
A,Youn2026,4,20,2.0,5,43,0.438386,0.004754,0.03441,0.186136,0.989194
A,Youn2026,4,20,2.0,5,44,0.438105,0.004802,0.034158,0.184988,0.989109
A,Youn2026,4,20,2.0,5,45,0.438069,0.004642,0.034357,0.185862,0.989309
A,Youn2026,4,20,2.0,5,46,0.438079,0.004748,0.034277,0.186689,0.989171
A,Youn2026,4,20,2.0,5,47,0.438383,0.004802,0.03448,0.187471,0.989035
A,Youn2026,4,20,2.0,5,48,0.438366,0.004717,0.034475,0.182392,0.989145
A,Youn2026,4,20,2.0,5,49,0.438749,0.004704,0.033981,0.186804,0.989193
A,Youn2026,4,20,2.0,5,50,0.438441,0.004812,0.034317,0.185146,0.989136
A,Youn2026,4,20,2.0,5,51,0.438144,0.004734,0.0343,0.188224,0.989188
A,V2I-Base,4,20,2.0,5,42,0.43843,0.004843,0.034409,0.185063,0.989035
A,V2I-Base,4,20,2.0,5,43,0.438386,0.004754,0.03441,0.186136,0.989194
A,V2I-Base,4,20,2.0,5,44,0.438105,0.004802,0.034158,0.184988,0.989109
A,V2I-Base,4,20,2.0,5,45,0.438069,0.004642,0.034357,0.185862,0.989309
A,V2I-Base,4,20,2.0,5,46,0.438079,0.004748,0.034277,0.186689,0.989171
A,V2I-Base,4,20,2.0,5,47,0.438383,0.004802,0.03448,0.187471,0.989035
A,V2I-Base,4,20,2.0,5,48,0.438366,0.004717,0.034475,0.182392,0.989145
A,V2I-Base,4,20,2.0,5,49,0.438749,0.004704,0.033981,0.186804,0.989193
A,V2I-Base,4,20,2.0,5,50,0.438441,0.004812,0.034317,0.185146,0.989136
A,V2I-Base,4,20,2.0,5,51,0.438144,0.004734,0.0343,0.188224,0.989188
A,V2V-Base,4,20,2.0,5,42,0.998166,0.691875,8e-06,4.61989,0.989035
A,V2V-Base,4,20,2.0,5,43,0.998137,0.691978,1.1e-05,4.638018,0.989194
A,V2V-Base,4,20,2.0,5,44,0.998154,0.692161,1e-05,4.668732,0.989109
A,V2V-Base,4,20,2.0,5,45,0.998204,0.692158,1.2e-05,4.724337,0.989309
A,V2V-Base,4,20,2.0,5,46,0.998154,0.692088,1.2e-05,4.674721,0.989171
A,V2V-Base,4,20,2.0,5,47,0.998231,0.691975,7e-06,4.678963,0.989035
A,V2V-Base,4,20,2.0,5,48,0.998323,0.692115,1.1e-05,4.557696,0.989145
A,V2V-Base,4,20,2.0,5,49,0.998319,0.691531,9e-06,4.651818,0.989193
A,V2V-Base,4,20,2.0,5,50,0.998215,0.691957,9e-06,4.6702,0.989136
A,V2V-Base,4,20,2.0,5,51,0.998136,0.692113,1.2e-05,4.69773,0.989188
A,Random-K,4,20,2.0,5,42,0.998109,0.899201,0.000222,6.079203,0.989035
A,Random-K,4,20,2.0,5,43,0.997869,0.899086,0.000248,6.123355,0.989194
A,Random-K,4,20,2.0,5,44,0.99788,0.898902,0.000258,6.122659,0.989109
A,Random-K,4,20,2.0,5,45,0.997977,0.898914,0.000268,6.209776,0.989309
A,Random-K,4,20,2.0,5,46,0.99799,0.899312,0.000268,6.123086,0.989171
A,Random-K,4,20,2.0,5,47,0.99807,0.899398,0.000218,6.179526,0.989035
A,Random-K,4,20,2.0,5,48,0.998176,0.899456,0.000227,6.008657,0.989145
A,Random-K,4,20,2.0,5,49,0.998096,0.899349,0.000251,6.123009,0.989193
A,Random-K,4,20,2.0,5,50,0.998014,0.899017,0.000278,6.150529,0.989136
A,Random-K,4,20,2.0,5,51,0.997899,0.899205,0.000314,6.163738,0.989188
A,RILP,4,20,3.0,5,42,0.43843,0.004843,0.034409,0.185063,0.989035
A,RILP,4,20,3.0,5,43,0.438386,0.004754,0.03441,0.186136,0.989194
A,RILP,4,20,3.0,5,44,0.438105,0.004802,0.034158,0.184988,0.989109
A,RILP,4,20,3.0,5,45,0.438069,0.004642,0.034357,0.185862,0.989309
A,RILP,4,20,3.0,5,46,0.438079,0.004748,0.034277,0.186689,0.989171
A,RILP,4,20,3.0,5,47,0.438383,0.004802,0.03448,0.187471,0.989035
A,RILP,4,20,3.0,5,48,0.438366,0.004717,0.034475,0.182392,0.989145
A,RILP,4,20,3.0,5,49,0.438749,0.004704,0.033981,0.186804,0.989193
A,RILP,4,20,3.0,5,50,0.438441,0.004812,0.034317,0.185146,0.989136
A,RILP,4,20,3.0,5,51,0.438144,0.004734,0.0343,0.188224,0.989188
A,RILP-Greedy,4,20,3.0,5,42,0.43843,0.004843,0.034409,0.185063,0.989035
A,RILP-Greedy,4,20,3.0,5,43,0.438386,0.004754,0.03441,0.186136,0.989194
A,RILP-Greedy,4,20,3.0,5,44,0.438105,0.004802,0.034158,0.184988,0.989109
A,RILP-Greedy,4,20,3.0,5,45,0.438069,0.004642,0.034357,0.185862,0.989309
A,RILP-Greedy,4,20,3.0,5,46,0.438079,0.004748,0.034277,0.186689,0.989171
A,RILP-Greedy,4,20,3.0,5,47,0.438383,0.004802,0.03448,0.187471,0.989035
A,RILP-Greedy,4,20,3.0,5,48,0.438366,0.004717,0.034475,0.182392,0.989145
A,RILP-Greedy,4,20,3.0,5,49,0.438749,0.004704,0.033981,0.186804,0.989193
A,RILP-Greedy,4,20,3.0,5,50,0.438441,0.004812,0.034317,0.185146,0.989136
A,RILP-Greedy,4,20,3.0,5,51,0.438144,0.004734,0.0343,0.188224,0.989188
A,Nam2023b,4,20,3.0,5,42,0.291514,0.003185,0.198088,6.73394,0.989035
A,Nam2023b,4,20,3.0,5,43,0.291394,0.003162,0.197868,6.784107,0.989194
A,Nam2023b,4,20,3.0,5,44,0.291268,0.003205,0.197774,6.780356,0.989109
A,Nam2023b,4,20,3.0,5,45,0.291155,0.003081,0.198031,6.878047,0.989309
A,Nam2023b,4,20,3.0,5,46,0.291363,0.003159,0.197538,6.781852,0.989171
A,Nam2023b,4,20,3.0,5,47,0.291636,0.003216,0.197284,6.844475,0.989035
A,Nam2023b,4,20,3.0,5,48,0.291192,0.003167,0.198146,6.656505,0.989145
A,Nam2023b,4,20,3.0,5,49,0.291287,0.003141,0.19842,6.781971,0.989193
A,Nam2023b,4,20,3.0,5,50,0.291068,0.003164,0.198468,6.813594,0.989136
A,Nam2023b,4,20,3.0,5,51,0.291097,0.003154,0.198377,6.824957,0.989188
A,Nam2025,4,20,3.0,5,42,0.43843,0.004843,0.034409,0.185063,0.989035
A,Nam2025,4,20,3.0,5,43,0.438386,0.004754,0.03441,0.186136,0.989194
A,Nam2025,4,20,3.0,5,44,0.438105,0.004802,0.034158,0.184988,0.989109
A,Nam2025,4,20,3.0,5,45,0.438069,0.004642,0.034357,0.185862,0.989309
A,Nam2025,4,20,3.0,5,46,0.438079,0.004748,0.034277,0.186689,0.989171
A,Nam2025,4,20,3.0,5,47,0.438383,0.004802,0.03448,0.187471,0.989035
A,Nam2025,4,20,3.0,5,48,0.438366,0.004717,0.034475,0.182392,0.989145
A,Nam2025,4,20,3.0,5,49,0.438749,0.004704,0.033981,0.186804,0.989193
A,Nam2025,4,20,3.0,5,50,0.438441,0.004812,0.034317,0.185146,0.989136
A,Nam2025,4,20,3.0,5,51,0.438144,0.004734,0.0343,0.188224,0.989188
A,Youn2026,4,20,3.0,5,42,0.43843,0.004843,0.034409,0.185063,0.989035
A,Youn2026,4,20,3.0,5,43,0.438386,0.004754,0.03441,0.186136,0.989194
A,Youn2026,4,20,3.0,5,44,0.438105,0.004802,0.034158,0.184988,0.989109
A,Youn2026,4,20,3.0,5,45,0.438069,0.004642,0.034357,0.185862,0.989309
A,Youn2026,4,20,3.0,5,46,0.438079,0.004748,0.034277,0.186689,0.989171
A,Youn2026,4,20,3.0,5,47,0.438383,0.004802,0.03448,0.187471,0.989035
A,Youn2026,4,20,3.0,5,48,0.438366,0.004717,0.034475,0.182392,0.989145
A,Youn2026,4,20,3.0,5,49,0.438749,0.004704,0.033981,0.186804,0.989193
A,Youn2026,4,20,3.0,5,50,0.438441,0.004812,0.034317,0.185146,0.989136
A,Youn2026,4,20,3.0,5,51,0.438144,0.004734,0.0343,0.188224,0.989188
A,V2I-Base,4,20,3.0,5,42,0.43843,0.004843,0.034409,0.185063,0.989035
A,V2I-Base,4,20,3.0,5,43,0.438386,0.004754,0.03441,0.186136,0.989194
A,V2I-Base,4,20,3.0,5,44,0.438105,0.004802,0.034158,0.184988,0.989109
A,V2I-Base,4,20,3.0,5,45,0.438069,0.004642,0.034357,0.185862,0.989309
A,V2I-Base,4,20,3.0,5,46,0.438079,0.004748,0.034277,0.186689,0.989171
A,V2I-Base,4,20,3.0,5,47,0.438383,0.004802,0.03448,0.187471,0.989035
A,V2I-Base,4,20,3.0,5,48,0.438366,0.004717,0.034475,0.182392,0.989145
A,V2I-Base,4,20,3.0,5,49,0.438749,0.004704,0.033981,0.186804,0.989193
A,V2I-Base,4,20,3.0,5,50,0.438441,0.004812,0.034317,0.185146,0.989136
A,V2I-Base,4,20,3.0,5,51,0.438144,0.004734,0.0343,0.188224,0.989188
A,V2V-Base,4,20,3.0,5,42,0.998166,0.691875,8e-06,4.61989,0.989035
A,V2V-Base,4,20,3.0,5,43,0.998137,0.691978,1.1e-05,4.638018,0.989194
A,V2V-Base,4,20,3.0,5,44,0.998154,0.692161,1e-05,4.668732,0.989109
A,V2V-Base,4,20,3.0,5,45,0.998204,0.692158,1.2e-05,4.724337,0.989309
A,V2V-Base,4,20,3.0,5,46,0.998154,0.692088,1.2e-05,4.674721,0.989171
A,V2V-Base,4,20,3.0,5,47,0.998231,0.691975,7e-06,4.678963,0.989035
A,V2V-Base,4,20,3.0,5,48,0.998323,0.692115,1.1e-05,4.557696,0.989145
A,V2V-Base,4,20,3.0,5,49,0.998319,0.691531,9e-06,4.651818,0.989193
A,V2V-Base,4,20,3.0,5,50,0.998215,0.691957,9e-06,4.6702,0.989136
A,V2V-Base,4,20,3.0,5,51,0.998136,0.692113,1.2e-05,4.69773,0.989188
A,Random-K,4,20,3.0,5,42,0.998109,0.899201,0.000222,6.079203,0.989035
A,Random-K,4,20,3.0,5,43,0.997869,0.899086,0.000248,6.123355,0.989194
A,Random-K,4,20,3.0,5,44,0.99788,0.898902,0.000258,6.122659,0.989109
A,Random-K,4,20,3.0,5,45,0.997977,0.898914,0.000268,6.209776,0.989309
A,Random-K,4,20,3.0,5,46,0.99799,0.899312,0.000268,6.123086,0.989171
A,Random-K,4,20,3.0,5,47,0.99807,0.899398,0.000218,6.179526,0.989035
A,Random-K,4,20,3.0,5,48,0.998176,0.899456,0.000227,6.008657,0.989145
A,Random-K,4,20,3.0,5,49,0.998096,0.899349,0.000251,6.123009,0.989193
A,Random-K,4,20,3.0,5,50,0.998014,0.899017,0.000278,6.150529,0.989136
A,Random-K,4,20,3.0,5,51,0.997899,0.899205,0.000314,6.163738,0.989188
A,RILP,4,30,0.0,5,42,0.43843,0.004843,0.034409,0.185063,0.989035
A,RILP,4,30,0.0,5,43,0.438386,0.004754,0.03441,0.186136,0.989194
A,RILP,4,30,0.0,5,44,0.438105,0.004802,0.034158,0.184988,0.989109
A,RILP,4,30,0.0,5,45,0.438069,0.004642,0.034357,0.185862,0.989309
A,RILP,4,30,0.0,5,46,0.438079,0.004748,0.034277,0.186689,0.989171
A,RILP,4,30,0.0,5,47,0.438383,0.004802,0.03448,0.187471,0.989035
A,RILP,4,30,0.0,5,48,0.438366,0.004717,0.034475,0.182392,0.989145
A,RILP,4,30,0.0,5,49,0.438749,0.004704,0.033981,0.186804,0.989193
A,RILP,4,30,0.0,5,50,0.438441,0.004812,0.034317,0.185146,0.989136
A,RILP,4,30,0.0,5,51,0.438144,0.004734,0.0343,0.188224,0.989188
A,RILP-Greedy,4,30,0.0,5,42,0.43843,0.004843,0.034409,0.185063,0.989035
A,RILP-Greedy,4,30,0.0,5,43,0.438386,0.004754,0.03441,0.186136,0.989194
A,RILP-Greedy,4,30,0.0,5,44,0.438105,0.004802,0.034158,0.184988,0.989109
A,RILP-Greedy,4,30,0.0,5,45,0.438069,0.004642,0.034357,0.185862,0.989309
A,RILP-Greedy,4,30,0.0,5,46,0.438079,0.004748,0.034277,0.186689,0.989171
A,RILP-Greedy,4,30,0.0,5,47,0.438383,0.004802,0.03448,0.187471,0.989035
A,RILP-Greedy,4,30,0.0,5,48,0.438366,0.004717,0.034475,0.182392,0.989145
A,RILP-Greedy,4,30,0.0,5,49,0.438749,0.004704,0.033981,0.186804,0.989193
A,RILP-Greedy,4,30,0.0,5,50,0.438441,0.004812,0.034317,0.185146,0.989136
A,RILP-Greedy,4,30,0.0,5,51,0.438144,0.004734,0.0343,0.188224,0.989188
A,Nam2023b,4,30,0.0,5,42,0.291514,0.003185,0.198088,6.73394,0.989035
A,Nam2023b,4,30,0.0,5,43,0.291394,0.003162,0.197868,6.784107,0.989194
A,Nam2023b,4,30,0.0,5,44,0.291268,0.003205,0.197774,6.780356,0.989109
A,Nam2023b,4,30,0.0,5,45,0.291155,0.003081,0.198031,6.878047,0.989309
A,Nam2023b,4,30,0.0,5,46,0.291363,0.003159,0.197538,6.781852,0.989171
A,Nam2023b,4,30,0.0,5,47,0.291636,0.003216,0.197284,6.844475,0.989035
A,Nam2023b,4,30,0.0,5,48,0.291192,0.003167,0.198146,6.656505,0.989145
A,Nam2023b,4,30,0.0,5,49,0.291287,0.003141,0.19842,6.781971,0.989193
A,Nam2023b,4,30,0.0,5,50,0.291068,0.003164,0.198468,6.813594,0.989136
A,Nam2023b,4,30,0.0,5,51,0.291097,0.003154,0.198377,6.824957,0.989188
A,Nam2025,4,30,0.0,5,42,0.43843,0.004843,0.034409,0.185063,0.989035
A,Nam2025,4,30,0.0,5,43,0.438386,0.004754,0.03441,0.186136,0.989194
A,Nam2025,4,30,0.0,5,44,0.438105,0.004802,0.034158,0.184988,0.989109
A,Nam2025,4,30,0.0,5,45,0.438069,0.004642,0.034357,0.185862,0.989309
A,Nam2025,4,30,0.0,5,46,0.438079,0.004748,0.034277,0.186689,0.989171
A,Nam2025,4,30,0.0,5,47,0.438383,0.004802,0.03448,0.187471,0.989035
A,Nam2025,4,30,0.0,5,48,0.438366,0.004717,0.034475,0.182392,0.989145
A,Nam2025,4,30,0.0,5,49,0.438749,0.004704,0.033981,0.186804,0.989193
A,Nam2025,4,30,0.0,5,50,0.438441,0.004812,0.034317,0.185146,0.989136
A,Nam2025,4,30,0.0,5,51,0.438144,0.004734,0.0343,0.188224,0.989188
A,Youn2026,4,30,0.0,5,42,0.43843,0.004843,0.034409,0.185063,0.989035
A,Youn2026,4,30,0.0,5,43,0.438386,0.004754,0.03441,0.186136,0.989194
A,Youn2026,4,30,0.0,5,44,0.438105,0.004802,0.034158,0.184988,0.989109
A,Youn2026,4,30,0.0,5,45,0.438069,0.004642,0.034357,0.185862,0.989309
A,Youn2026,4,30,0.0,5,46,0.438079,0.004748,0.034277,0.186689,0.989171
A,Youn2026,4,30,0.0,5,47,0.438383,0.004802,0.03448,0.187471,0.989035
A,Youn2026,4,30,0.0,5,48,0.438366,0.004717,0.034475,0.182392,0.989145
A,Youn2026,4,30,0.0,5,49,0.438749,0.004704,0.033981,0.186804,0.989193
A,Youn2026,4,30,0.0,5,50,0.438441,0.004812,0.034317,0.185146,0.989136
A,Youn2026,4,30,0.0,5,51,0.438144,0.004734,0.0343,0.188224,0.989188
A,V2I-Base,4,30,0.0,5,42,0.43843,0.004843,0.034409,0.185063,0.989035
A,V2I-Base,4,30,0.0,5,43,0.438386,0.004754,0.03441,0.186136,0.989194
A,V2I-Base,4,30,0.0,5,44,0.438105,0.004802,0.034158,0.184988,0.989109
A,V2I-Base,4,30,0.0,5,45,0.438069,0.004642,0.034357,0.185862,0.989309
A,V2I-Base,4,30,0.0,5,46,0.438079,0.004748,0.034277,0.186689,0.989171
A,V2I-Base,4,30,0.0,5,47,0.438383,0.004802,0.03448,0.187471,0.989035
A,V2I-Base,4,30,0.0,5,48,0.438366,0.004717,0.034475,0.182392,0.989145
A,V2I-Base,4,30,0.0,5,49,0.438749,0.004704,0.033981,0.186804,0.989193
A,V2I-Base,4,30,0.0,5,50,0.438441,0.004812,0.034317,0.185146,0.989136
A,V2I-Base,4,30,0.0,5,51,0.438144,0.004734,0.0343,0.188224,0.989188
A,V2V-Base,4,30,0.0,5,42,0.998166,0.691875,8e-06,4.61989,0.989035
A,V2V-Base,4,30,0.0,5,43,0.998137,0.691978,1.1e-05,4.638018,0.989194
A,V2V-Base,4,30,0.0,5,44,0.998154,0.692161,1e-05,4.668732,0.989109
A,V2V-Base,4,30,0.0,5,45,0.998204,0.692158,1.2e-05,4.724337,0.989309
A,V2V-Base,4,30,0.0,5,46,0.998154,0.692088,1.2e-05,4.674721,0.989171
A,V2V-Base,4,30,0.0,5,47,0.998231,0.691975,7e-06,4.678963,0.989035
A,V2V-Base,4,30,0.0,5,48,0.998323,0.692115,1.1e-05,4.557696,0.989145
A,V2V-Base,4,30,0.0,5,49,0.998319,0.691531,9e-06,4.651818,0.989193
A,V2V-Base,4,30,0.0,5,50,0.998215,0.691957,9e-06,4.6702,0.989136
A,V2V-Base,4,30,0.0,5,51,0.998136,0.692113,1.2e-05,4.69773,0.989188
A,Random-K,4,30,0.0,5,42,0.998109,0.899201,0.000222,6.079203,0.989035
A,Random-K,4,30,0.0,5,43,0.997869,0.899086,0.000248,6.123355,0.989194
A,Random-K,4,30,0.0,5,44,0.99788,0.898902,0.000258,6.122659,0.989109
A,Random-K,4,30,0.0,5,45,0.997977,0.898914,0.000268,6.209776,0.989309
A,Random-K,4,30,0.0,5,46,0.99799,0.899312,0.000268,6.123086,0.989171
A,Random-K,4,30,0.0,5,47,0.99807,0.899398,0.000218,6.179526,0.989035
A,Random-K,4,30,0.0,5,48,0.998176,0.899456,0.000227,6.008657,0.989145
A,Random-K,4,30,0.0,5,49,0.998096,0.899349,0.000251,6.123009,0.989193
A,Random-K,4,30,0.0,5,50,0.998014,0.899017,0.000278,6.150529,0.989136
A,Random-K,4,30,0.0,5,51,0.997899,0.899205,0.000314,6.163738,0.989188
A,RILP,4,30,1.0,5,42,0.43843,0.004843,0.034409,0.185063,0.989035
A,RILP,4,30,1.0,5,43,0.438386,0.004754,0.03441,0.186136,0.989194
A,RILP,4,30,1.0,5,44,0.438105,0.004802,0.034158,0.184988,0.989109
A,RILP,4,30,1.0,5,45,0.438069,0.004642,0.034357,0.185862,0.989309
A,RILP,4,30,1.0,5,46,0.438079,0.004748,0.034277,0.186689,0.989171
A,RILP,4,30,1.0,5,47,0.438383,0.004802,0.03448,0.187471,0.989035
A,RILP,4,30,1.0,5,48,0.438366,0.004717,0.034475,0.182392,0.989145
A,RILP,4,30,1.0,5,49,0.438749,0.004704,0.033981,0.186804,0.989193
A,RILP,4,30,1.0,5,50,0.438441,0.004812,0.034317,0.185146,0.989136
A,RILP,4,30,1.0,5,51,0.438144,0.004734,0.0343,0.188224,0.989188
A,RILP-Greedy,4,30,1.0,5,42,0.43843,0.004843,0.034409,0.185063,0.989035
A,RILP-Greedy,4,30,1.0,5,43,0.438386,0.004754,0.03441,0.186136,0.989194
A,RILP-Greedy,4,30,1.0,5,44,0.438105,0.004802,0.034158,0.184988,0.989109
A,RILP-Greedy,4,30,1.0,5,45,0.438069,0.004642,0.034357,0.185862,0.989309
A,RILP-Greedy,4,30,1.0,5,46,0.438079,0.004748,0.034277,0.186689,0.989171
A,RILP-Greedy,4,30,1.0,5,47,0.438383,0.004802,0.03448,0.187471,0.989035
A,RILP-Greedy,4,30,1.0,5,48,0.438366,0.004717,0.034475,0.182392,0.989145
A,RILP-Greedy,4,30,1.0,5,49,0.438749,0.004704,0.033981,0.186804,0.989193
A,RILP-Greedy,4,30,1.0,5,50,0.438441,0.004812,0.034317,0.185146,0.989136
A,RILP-Greedy,4,30,1.0,5,51,0.438144,0.004734,0.0343,0.188224,0.989188
A,Nam2023b,4,30,1.0,5,42,0.291514,0.003185,0.198088,6.73394,0.989035
A,Nam2023b,4,30,1.0,5,43,0.291394,0.003162,0.197868,6.784107,0.989194
A,Nam2023b,4,30,1.0,5,44,0.291268,0.003205,0.197774,6.780356,0.989109
A,Nam2023b,4,30,1.0,5,45,0.291155,0.003081,0.198031,6.878047,0.989309
A,Nam2023b,4,30,1.0,5,46,0.291363,0.003159,0.197538,6.781852,0.989171
A,Nam2023b,4,30,1.0,5,47,0.291636,0.003216,0.197284,6.844475,0.989035
A,Nam2023b,4,30,1.0,5,48,0.291192,0.003167,0.198146,6.656505,0.989145
A,Nam2023b,4,30,1.0,5,49,0.291287,0.003141,0.19842,6.781971,0.989193
A,Nam2023b,4,30,1.0,5,50,0.291068,0.003164,0.198468,6.813594,0.989136
A,Nam2023b,4,30,1.0,5,51,0.291097,0.003154,0.198377,6.824957,0.989188
A,Nam2025,4,30,1.0,5,42,0.43843,0.004843,0.034409,0.185063,0.989035
A,Nam2025,4,30,1.0,5,43,0.438386,0.004754,0.03441,0.186136,0.989194
A,Nam2025,4,30,1.0,5,44,0.438105,0.004802,0.034158,0.184988,0.989109
A,Nam2025,4,30,1.0,5,45,0.438069,0.004642,0.034357,0.185862,0.989309
A,Nam2025,4,30,1.0,5,46,0.438079,0.004748,0.034277,0.186689,0.989171
A,Nam2025,4,30,1.0,5,47,0.438383,0.004802,0.03448,0.187471,0.989035
A,Nam2025,4,30,1.0,5,48,0.438366,0.004717,0.034475,0.182392,0.989145
A,Nam2025,4,30,1.0,5,49,0.438749,0.004704,0.033981,0.186804,0.989193
A,Nam2025,4,30,1.0,5,50,0.438441,0.004812,0.034317,0.185146,0.989136
A,Nam2025,4,30,1.0,5,51,0.438144,0.004734,0.0343,0.188224,0.989188
A,Youn2026,4,30,1.0,5,42,0.43843,0.004843,0.034409,0.185063,0.989035
A,Youn2026,4,30,1.0,5,43,0.438386,0.004754,0.03441,0.186136,0.989194
A,Youn2026,4,30,1.0,5,44,0.438105,0.004802,0.034158,0.184988,0.989109
A,Youn2026,4,30,1.0,5,45,0.438069,0.004642,0.034357,0.185862,0.989309
A,Youn2026,4,30,1.0,5,46,0.438079,0.004748,0.034277,0.186689,0.989171
A,Youn2026,4,30,1.0,5,47,0.438383,0.004802,0.03448,0.187471,0.989035
A,Youn2026,4,30,1.0,5,48,0.438366,0.004717,0.034475,0.182392,0.989145
A,Youn2026,4,30,1.0,5,49,0.438749,0.004704,0.033981,0.186804,0.989193
A,Youn2026,4,30,1.0,5,50,0.438441,0.004812,0.034317,0.185146,0.989136
A,Youn2026,4,30,1.0,5,51,0.438144,0.004734,0.0343,0.188224,0.989188
A,V2I-Base,4,30,1.0,5,42,0.43843,0.004843,0.034409,0.185063,0.989035
A,V2I-Base,4,30,1.0,5,43,0.438386,0.004754,0.03441,0.186136,0.989194
A,V2I-Base,4,30,1.0,5,44,0.438105,0.004802,0.034158,0.184988,0.989109
A,V2I-Base,4,30,1.0,5,45,0.438069,0.004642,0.034357,0.185862,0.989309
A,V2I-Base,4,30,1.0,5,46,0.438079,0.004748,0.034277,0.186689,0.989171
A,V2I-Base,4,30,1.0,5,47,0.438383,0.004802,0.03448,0.187471,0.989035
A,V2I-Base,4,30,1.0,5,48,0.438366,0.004717,0.034475,0.182392,0.989145
A,V2I-Base,4,30,1.0,5,49,0.438749,0.004704,0.033981,0.186804,0.989193
A,V2I-Base,4,30,1.0,5,50,0.438441,0.004812,0.034317,0.185146,0.989136
A,V2I-Base,4,30,1.0,5,51,0.438144,0.004734,0.0343,0.188224,0.989188
A,V2V-Base,4,30,1.0,5,42,0.998166,0.691875,8e-06,4.61989,0.989035
A,V2V-Base,4,30,1.0,5,43,0.998137,0.691978,1.1e-05,4.638018,0.989194
A,V2V-Base,4,30,1.0,5,44,0.998154,0.692161,1e-05,4.668732,0.989109
A,V2V-Base,4,30,1.0,5,45,0.998204,0.692158,1.2e-05,4.724337,0.989309
A,V2V-Base,4,30,1.0,5,46,0.998154,0.692088,1.2e-05,4.674721,0.989171
A,V2V-Base,4,30,1.0,5,47,0.998231,0.691975,7e-06,4.678963,0.989035
A,V2V-Base,4,30,1.0,5,48,0.998323,0.692115,1.1e-05,4.557696,0.989145
A,V2V-Base,4,30,1.0,5,49,0.998319,0.691531,9e-06,4.651818,0.989193
A,V2V-Base,4,30,1.0,5,50,0.998215,0.691957,9e-06,4.6702,0.989136
A,V2V-Base,4,30,1.0,5,51,0.998136,0.692113,1.2e-05,4.69773,0.989188
A,Random-K,4,30,1.0,5,42,0.998109,0.899201,0.000222,6.079203,0.989035
A,Random-K,4,30,1.0,5,43,0.997869,0.899086,0.000248,6.123355,0.989194
A,Random-K,4,30,1.0,5,44,0.99788,0.898902,0.000258,6.122659,0.989109
A,Random-K,4,30,1.0,5,45,0.997977,0.898914,0.000268,6.209776,0.989309
A,Random-K,4,30,1.0,5,46,0.99799,0.899312,0.000268,6.123086,0.989171
A,Random-K,4,30,1.0,5,47,0.99807,0.899398,0.000218,6.179526,0.989035
A,Random-K,4,30,1.0,5,48,0.998176,0.899456,0.000227,6.008657,0.989145
A,Random-K,4,30,1.0,5,49,0.998096,0.899349,0.000251,6.123009,0.989193
A,Random-K,4,30,1.0,5,50,0.998014,0.899017,0.000278,6.150529,0.989136
A,Random-K,4,30,1.0,5,51,0.997899,0.899205,0.000314,6.163738,0.989188
A,RILP,4,30,2.0,5,42,0.43843,0.004843,0.034409,0.185063,0.989035
A,RILP,4,30,2.0,5,43,0.438386,0.004754,0.03441,0.186136,0.989194
A,RILP,4,30,2.0,5,44,0.438105,0.004802,0.034158,0.184988,0.989109
A,RILP,4,30,2.0,5,45,0.438069,0.004642,0.034357,0.185862,0.989309
A,RILP,4,30,2.0,5,46,0.438079,0.004748,0.034277,0.186689,0.989171
A,RILP,4,30,2.0,5,47,0.438383,0.004802,0.03448,0.187471,0.989035
A,RILP,4,30,2.0,5,48,0.438366,0.004717,0.034475,0.182392,0.989145
A,RILP,4,30,2.0,5,49,0.438749,0.004704,0.033981,0.186804,0.989193
A,RILP,4,30,2.0,5,50,0.438441,0.004812,0.034317,0.185146,0.989136
A,RILP,4,30,2.0,5,51,0.438144,0.004734,0.0343,0.188224,0.989188
A,RILP-Greedy,4,30,2.0,5,42,0.43843,0.004843,0.034409,0.185063,0.989035
A,RILP-Greedy,4,30,2.0,5,43,0.438386,0.004754,0.03441,0.186136,0.989194
A,RILP-Greedy,4,30,2.0,5,44,0.438105,0.004802,0.034158,0.184988,0.989109
A,RILP-Greedy,4,30,2.0,5,45,0.438069,0.004642,0.034357,0.185862,0.989309
A,RILP-Greedy,4,30,2.0,5,46,0.438079,0.004748,0.034277,0.186689,0.989171
A,RILP-Greedy,4,30,2.0,5,47,0.438383,0.004802,0.03448,0.187471,0.989035
A,RILP-Greedy,4,30,2.0,5,48,0.438366,0.004717,0.034475,0.182392,0.989145
A,RILP-Greedy,4,30,2.0,5,49,0.438749,0.004704,0.033981,0.186804,0.989193
A,RILP-Greedy,4,30,2.0,5,50,0.438441,0.004812,0.034317,0.185146,0.989136
A,RILP-Greedy,4,30,2.0,5,51,0.438144,0.004734,0.0343,0.188224,0.989188
A,Nam2023b,4,30,2.0,5,42,0.291514,0.003185,0.198088,6.73394,0.989035
A,Nam2023b,4,30,2.0,5,43,0.291394,0.003162,0.197868,6.784107,0.989194
A,Nam2023b,4,30,2.0,5,44,0.291268,0.003205,0.197774,6.780356,0.989109
A,Nam2023b,4,30,2.0,5,45,0.291155,0.003081,0.198031,6.878047,0.989309
A,Nam2023b,4,30,2.0,5,46,0.291363,0.003159,0.197538,6.781852,0.989171
A,Nam2023b,4,30,2.0,5,47,0.291636,0.003216,0.197284,6.844475,0.989035
A,Nam2023b,4,30,2.0,5,48,0.291192,0.003167,0.198146,6.656505,0.989145
A,Nam2023b,4,30,2.0,5,49,0.291287,0.003141,0.19842,6.781971,0.989193
A,Nam2023b,4,30,2.0,5,50,0.291068,0.003164,0.198468,6.813594,0.989136
A,Nam2023b,4,30,2.0,5,51,0.291097,0.003154,0.198377,6.824957,0.989188
A,Nam2025,4,30,2.0,5,42,0.43843,0.004843,0.034409,0.185063,0.989035
A,Nam2025,4,30,2.0,5,43,0.438386,0.004754,0.03441,0.186136,0.989194
A,Nam2025,4,30,2.0,5,44,0.438105,0.004802,0.034158,0.184988,0.989109
A,Nam2025,4,30,2.0,5,45,0.438069,0.004642,0.034357,0.185862,0.989309
A,Nam2025,4,30,2.0,5,46,0.438079,0.004748,0.034277,0.186689,0.989171
A,Nam2025,4,30,2.0,5,47,0.438383,0.004802,0.03448,0.187471,0.989035
A,Nam2025,4,30,2.0,5,48,0.438366,0.004717,0.034475,0.182392,0.989145
A,Nam2025,4,30,2.0,5,49,0.438749,0.004704,0.033981,0.186804,0.989193
A,Nam2025,4,30,2.0,5,50,0.438441,0.004812,0.034317,0.185146,0.989136
A,Nam2025,4,30,2.0,5,51,0.438144,0.004734,0.0343,0.188224,0.989188
A,Youn2026,4,30,2.0,5,42,0.43843,0.004843,0.034409,0.185063,0.989035
A,Youn2026,4,30,2.0,5,43,0.438386,0.004754,0.03441,0.186136,0.989194
A,Youn2026,4,30,2.0,5,44,0.438105,0.004802,0.034158,0.184988,0.989109
A,Youn2026,4,30,2.0,5,45,0.438069,0.004642,0.034357,0.185862,0.989309
A,Youn2026,4,30,2.0,5,46,0.438079,0.004748,0.034277,0.186689,0.989171
A,Youn2026,4,30,2.0,5,47,0.438383,0.004802,0.03448,0.187471,0.989035
A,Youn2026,4,30,2.0,5,48,0.438366,0.004717,0.034475,0.182392,0.989145
A,Youn2026,4,30,2.0,5,49,0.438749,0.004704,0.033981,0.186804,0.989193
A,Youn2026,4,30,2.0,5,50,0.438441,0.004812,0.034317,0.185146,0.989136
A,Youn2026,4,30,2.0,5,51,0.438144,0.004734,0.0343,0.188224,0.989188
A,V2I-Base,4,30,2.0,5,42,0.43843,0.004843,0.034409,0.185063,0.989035
A,V2I-Base,4,30,2.0,5,43,0.438386,0.004754,0.03441,0.186136,0.989194
A,V2I-Base,4,30,2.0,5,44,0.438105,0.004802,0.034158,0.184988,0.989109
A,V2I-Base,4,30,2.0,5,45,0.438069,0.004642,0.034357,0.185862,0.989309
A,V2I-Base,4,30,2.0,5,46,0.438079,0.004748,0.034277,0.186689,0.989171
A,V2I-Base,4,30,2.0,5,47,0.438383,0.004802,0.03448,0.187471,0.989035
A,V2I-Base,4,30,2.0,5,48,0.438366,0.004717,0.034475,0.182392,0.989145
A,V2I-Base,4,30,2.0,5,49,0.438749,0.004704,0.033981,0.186804,0.989193
A,V2I-Base,4,30,2.0,5,50,0.438441,0.004812,0.034317,0.185146,0.989136
A,V2I-Base,4,30,2.0,5,51,0.438144,0.004734,0.0343,0.188224,0.989188
A,V2V-Base,4,30,2.0,5,42,0.998166,0.691875,8e-06,4.61989,0.989035
A,V2V-Base,4,30,2.0,5,43,0.998137,0.691978,1.1e-05,4.638018,0.989194
A,V2V-Base,4,30,2.0,5,44,0.998154,0.692161,1e-05,4.668732,0.989109
A,V2V-Base,4,30,2.0,5,45,0.998204,0.692158,1.2e-05,4.724337,0.989309
A,V2V-Base,4,30,2.0,5,46,0.998154,0.692088,1.2e-05,4.674721,0.989171
A,V2V-Base,4,30,2.0,5,47,0.998231,0.691975,7e-06,4.678963,0.989035
A,V2V-Base,4,30,2.0,5,48,0.998323,0.692115,1.1e-05,4.557696,0.989145
A,V2V-Base,4,30,2.0,5,49,0.998319,0.691531,9e-06,4.651818,0.989193
A,V2V-Base,4,30,2.0,5,50,0.998215,0.691957,9e-06,4.6702,0.989136
A,V2V-Base,4,30,2.0,5,51,0.998136,0.692113,1.2e-05,4.69773,0.989188
A,Random-K,4,30,2.0,5,42,0.998109,0.899201,0.000222,6.079203,0.989035
A,Random-K,4,30,2.0,5,43,0.997869,0.899086,0.000248,6.123355,0.989194
A,Random-K,4,30,2.0,5,44,0.99788,0.898902,0.000258,6.122659,0.989109
A,Random-K,4,30,2.0,5,45,0.997977,0.898914,0.000268,6.209776,0.989309
A,Random-K,4,30,2.0,5,46,0.99799,0.899312,0.000268,6.123086,0.989171
A,Random-K,4,30,2.0,5,47,0.99807,0.899398,0.000218,6.179526,0.989035
A,Random-K,4,30,2.0,5,48,0.998176,0.899456,0.000227,6.008657,0.989145
A,Random-K,4,30,2.0,5,49,0.998096,0.899349,0.000251,6.123009,0.989193
A,Random-K,4,30,2.0,5,50,0.998014,0.899017,0.000278,6.150529,0.989136
A,Random-K,4,30,2.0,5,51,0.997899,0.899205,0.000314,6.163738,0.989188
A,RILP,4,30,3.0,5,42,0.43843,0.004843,0.034409,0.185063,0.989035
A,RILP,4,30,3.0,5,43,0.438386,0.004754,0.03441,0.186136,0.989194
A,RILP,4,30,3.0,5,44,0.438105,0.004802,0.034158,0.184988,0.989109
A,RILP,4,30,3.0,5,45,0.438069,0.004642,0.034357,0.185862,0.989309
A,RILP,4,30,3.0,5,46,0.438079,0.004748,0.034277,0.186689,0.989171
A,RILP,4,30,3.0,5,47,0.438383,0.004802,0.03448,0.187471,0.989035
A,RILP,4,30,3.0,5,48,0.438366,0.004717,0.034475,0.182392,0.989145
A,RILP,4,30,3.0,5,49,0.438749,0.004704,0.033981,0.186804,0.989193
A,RILP,4,30,3.0,5,50,0.438441,0.004812,0.034317,0.185146,0.989136
A,RILP,4,30,3.0,5,51,0.438144,0.004734,0.0343,0.188224,0.989188
A,RILP-Greedy,4,30,3.0,5,42,0.43843,0.004843,0.034409,0.185063,0.989035
A,RILP-Greedy,4,30,3.0,5,43,0.438386,0.004754,0.03441,0.186136,0.989194
A,RILP-Greedy,4,30,3.0,5,44,0.438105,0.004802,0.034158,0.184988,0.989109
A,RILP-Greedy,4,30,3.0,5,45,0.438069,0.004642,0.034357,0.185862,0.989309
A,RILP-Greedy,4,30,3.0,5,46,0.438079,0.004748,0.034277,0.186689,0.989171
A,RILP-Greedy,4,30,3.0,5,47,0.438383,0.004802,0.03448,0.187471,0.989035
A,RILP-Greedy,4,30,3.0,5,48,0.438366,0.004717,0.034475,0.182392,0.989145
A,RILP-Greedy,4,30,3.0,5,49,0.438749,0.004704,0.033981,0.186804,0.989193
A,RILP-Greedy,4,30,3.0,5,50,0.438441,0.004812,0.034317,0.185146,0.989136
A,RILP-Greedy,4,30,3.0,5,51,0.438144,0.004734,0.0343,0.188224,0.989188
A,Nam2023b,4,30,3.0,5,42,0.291514,0.003185,0.198088,6.73394,0.989035
A,Nam2023b,4,30,3.0,5,43,0.291394,0.003162,0.197868,6.784107,0.989194
A,Nam2023b,4,30,3.0,5,44,0.291268,0.003205,0.197774,6.780356,0.989109
A,Nam2023b,4,30,3.0,5,45,0.291155,0.003081,0.198031,6.878047,0.989309
A,Nam2023b,4,30,3.0,5,46,0.291363,0.003159,0.197538,6.781852,0.989171
A,Nam2023b,4,30,3.0,5,47,0.291636,0.003216,0.197284,6.844475,0.989035
A,Nam2023b,4,30,3.0,5,48,0.291192,0.003167,0.198146,6.656505,0.989145
A,Nam2023b,4,30,3.0,5,49,0.291287,0.003141,0.19842,6.781971,0.989193
A,Nam2023b,4,30,3.0,5,50,0.291068,0.003164,0.198468,6.813594,0.989136
A,Nam2023b,4,30,3.0,5,51,0.291097,0.003154,0.198377,6.824957,0.989188
A,Nam2025,4,30,3.0,5,42,0.43843,0.004843,0.034409,0.185063,0.989035
A,Nam2025,4,30,3.0,5,43,0.438386,0.004754,0.03441,0.186136,0.989194
A,Nam2025,4,30,3.0,5,44,0.438105,0.004802,0.034158,0.184988,0.989109
A,Nam2025,4,30,3.0,5,45,0.438069,0.004642,0.034357,0.185862,0.989309
A,Nam2025,4,30,3.0,5,46,0.438079,0.004748,0.034277,0.186689,0.989171
A,Nam2025,4,30,3.0,5,47,0.438383,0.004802,0.03448,0.187471,0.989035
A,Nam2025,4,30,3.0,5,48,0.438366,0.004717,0.034475,0.182392,0.989145
A,Nam2025,4,30,3.0,5,49,0.438749,0.004704,0.033981,0.186804,0.989193
A,Nam2025,4,30,3.0,5,50,0.438441,0.004812,0.034317,0.185146,0.989136
A,Nam2025,4,30,3.0,5,51,0.438144,0.004734,0.0343,0.188224,0.989188
A,Youn2026,4,30,3.0,5,42,0.43843,0.004843,0.034409,0.185063,0.989035
A,Youn2026,4,30,3.0,5,43,0.438386,0.004754,0.03441,0.186136,0.989194
A,Youn2026,4,30,3.0,5,44,0.438105,0.004802,0.034158,0.184988,0.989109
A,Youn2026,4,30,3.0,5,45,0.438069,0.004642,0.034357,0.185862,0.989309
A,Youn2026,4,30,3.0,5,46,0.438079,0.004748,0.034277,0.186689,0.989171
A,Youn2026,4,30,3.0,5,47,0.438383,0.004802,0.03448,0.187471,0.989035
A,Youn2026,4,30,3.0,5,48,0.438366,0.004717,0.034475,0.182392,0.989145
A,Youn2026,4,30,3.0,5,49,0.438749,0.004704,0.033981,0.186804,0.989193
A,Youn2026,4,30,3.0,5,50,0.438441,0.004812,0.034317,0.185146,0.989136
A,Youn2026,4,30,3.0,5,51,0.438144,0.004734,0.0343,0.188224,0.989188
A,V2I-Base,4,30,3.0,5,42,0.43843,0.004843,0.034409,0.185063,0.989035
A,V2I-Base,4,30,3.0,5,43,0.438386,0.004754,0.03441,0.186136,0.989194
A,V2I-Base,4,30,3.0,5,44,0.438105,0.004802,0.034158,0.184988,0.989109
A,V2I-Base,4,30,3.0,5,45,0.438069,0.004642,0.034357,0.185862,0.989309
A,V2I-Base,4,30,3.0,5,46,0.438079,0.004748,0.034277,0.186689,0.989171
A,V2I-Base,4,30,3.0,5,47,0.438383,0.004802,0.03448,0.187471,0.989035
A,V2I-Base,4,30,3.0,5,48,0.438366,0.004717,0.034475,0.182392,0.989145
A,V2I-Base,4,30,3.0,5,49,0.438749,0.004704,0.033981,0.186804,0.989193
A,V2I-Base,4,30,3.0,5,50,0.438441,0.004812,0.034317,0.185146,0.989136
A,V2I-Base,4,30,3.0,5,51,0.438144,0.004734,0.0343,0.188224,0.989188
A,V2V-Base,4,30,3.0,5,42,0.998166,0.691875,8e-06,4.61989,0.989035
A,V2V-Base,4,30,3.0,5,43,0.998137,0.691978,1.1e-05,4.638018,0.989194
A,V2V-Base,4,30,3.0,5,44,0.998154,0.692161,1e-05,4.668732,0.989109
A,V2V-Base,4,30,3.0,5,45,0.998204,0.692158,1.2e-05,4.724337,0.989309
A,V2V-Base,4,30,3.0,5,46,0.998154,0.692088,1.2e-05,4.674721,0.989171
A,V2V-Base,4,30,3.0,5,47,0.998231,0.691975,7e-06,4.678963,0.989035
A,V2V-Base,4,30,3.0,5,48,0.998323,0.692115,1.1e-05,4.557696,0.989145
A,V2V-Base,4,30,3.0,5,49,0.998319,0.691531,9e-06,4.651818,0.989193
A,V2V-Base,4,30,3.0,5,50,0.998215,0.691957,9e-06,4.6702,0.989136
A,V2V-Base,4,30,3.0,5,51,0.998136,0.692113,1.2e-05,4.69773,0.989188
A,Random-K,4,30,3.0,5,42,0.998109,0.899201,0.000222,6.079203,0.989035
A,Random-K,4,30,3.0,5,43,0.997869,0.899086,0.000248,6.123355,0.989194
A,Random-K,4,30,3.0,5,44,0.99788,0.898902,0.000258,6.122659,0.989109
A,Random-K,4,30,3.0,5,45,0.997977,0.898914,0.000268,6.209776,0.989309
A,Random-K,4,30,3.0,5,46,0.99799,0.899312,0.000268,6.123086,0.989171
A,Random-K,4,30,3.0,5,47,0.99807,0.899398,0.000218,6.179526,0.989035
A,Random-K,4,30,3.0,5,48,0.998176,0.899456,0.000227,6.008657,0.989145
A,Random-K,4,30,3.0,5,49,0.998096,0.899349,0.000251,6.123009,0.989193
A,Random-K,4,30,3.0,5,50,0.998014,0.899017,0.000278,6.150529,0.989136
A,Random-K,4,30,3.0,5,51,0.997899,0.899205,0.000314,6.163738,0.989188
A,RILP,5,0,0.0,5,42,0.43843,0.004843,0.034409,0.185063,0.989035
A,RILP,5,0,0.0,5,43,0.438386,0.004754,0.03441,0.186136,0.989194
A,RILP,5,0,0.0,5,44,0.438105,0.004802,0.034158,0.184988,0.989109
A,RILP,5,0,0.0,5,45,0.438069,0.004642,0.034357,0.185862,0.989309
A,RILP,5,0,0.0,5,46,0.438079,0.004748,0.034277,0.186689,0.989171
A,RILP,5,0,0.0,5,47,0.438383,0.004802,0.03448,0.187471,0.989035
A,RILP,5,0,0.0,5,48,0.438366,0.004717,0.034475,0.182392,0.989145
A,RILP,5,0,0.0,5,49,0.438749,0.004704,0.033981,0.186804,0.989193
A,RILP,5,0,0.0,5,50,0.438441,0.004812,0.034317,0.185146,0.989136
A,RILP,5,0,0.0,5,51,0.438144,0.004734,0.0343,0.188224,0.989188
A,RILP-Greedy,5,0,0.0,5,42,0.43843,0.004843,0.034409,0.185063,0.989035
A,RILP-Greedy,5,0,0.0,5,43,0.438386,0.004754,0.03441,0.186136,0.989194
A,RILP-Greedy,5,0,0.0,5,44,0.438105,0.004802,0.034158,0.184988,0.989109
A,RILP-Greedy,5,0,0.0,5,45,0.438069,0.004642,0.034357,0.185862,0.989309
A,RILP-Greedy,5,0,0.0,5,46,0.438079,0.004748,0.034277,0.186689,0.989171
A,RILP-Greedy,5,0,0.0,5,47,0.438383,0.004802,0.03448,0.187471,0.989035
A,RILP-Greedy,5,0,0.0,5,48,0.438366,0.004717,0.034475,0.182392,0.989145
A,RILP-Greedy,5,0,0.0,5,49,0.438749,0.004704,0.033981,0.186804,0.989193
A,RILP-Greedy,5,0,0.0,5,50,0.438441,0.004812,0.034317,0.185146,0.989136
A,RILP-Greedy,5,0,0.0,5,51,0.438144,0.004734,0.0343,0.188224,0.989188
A,Nam2023b,5,0,0.0,5,42,0.291514,0.003185,0.198088,6.73394,0.989035
A,Nam2023b,5,0,0.0,5,43,0.291394,0.003162,0.197868,6.784107,0.989194
A,Nam2023b,5,0,0.0,5,44,0.291268,0.003205,0.197774,6.780356,0.989109
A,Nam2023b,5,0,0.0,5,45,0.291155,0.003081,0.198031,6.878047,0.989309
A,Nam2023b,5,0,0.0,5,46,0.291363,0.003159,0.197538,6.781852,0.989171
A,Nam2023b,5,0,0.0,5,47,0.291636,0.003216,0.197284,6.844475,0.989035
A,Nam2023b,5,0,0.0,5,48,0.291192,0.003167,0.198146,6.656505,0.989145
A,Nam2023b,5,0,0.0,5,49,0.291287,0.003141,0.19842,6.781971,0.989193
A,Nam2023b,5,0,0.0,5,50,0.291068,0.003164,0.198468,6.813594,0.989136
A,Nam2023b,5,0,0.0,5,51,0.291097,0.003154,0.198377,6.824957,0.989188
A,Nam2025,5,0,0.0,5,42,0.43843,0.004843,0.034409,0.185063,0.989035
A,Nam2025,5,0,0.0,5,43,0.438386,0.004754,0.03441,0.186136,0.989194
A,Nam2025,5,0,0.0,5,44,0.438105,0.004802,0.034158,0.184988,0.989109
A,Nam2025,5,0,0.0,5,45,0.438069,0.004642,0.034357,0.185862,0.989309
A,Nam2025,5,0,0.0,5,46,0.438079,0.004748,0.034277,0.186689,0.989171
A,Nam2025,5,0,0.0,5,47,0.438383,0.004802,0.03448,0.187471,0.989035
A,Nam2025,5,0,0.0,5,48,0.438366,0.004717,0.034475,0.182392,0.989145
A,Nam2025,5,0,0.0,5,49,0.438749,0.004704,0.033981,0.186804,0.989193
A,Nam2025,5,0,0.0,5,50,0.438441,0.004812,0.034317,0.185146,0.989136
A,Nam2025,5,0,0.0,5,51,0.438144,0.004734,0.0343,0.188224,0.989188
A,Youn2026,5,0,0.0,5,42,0.43843,0.004843,0.034409,0.185063,0.989035
A,Youn2026,5,0,0.0,5,43,0.438386,0.004754,0.03441,0.186136,0.989194
A,Youn2026,5,0,0.0,5,44,0.438105,0.004802,0.034158,0.184988,0.989109
A,Youn2026,5,0,0.0,5,45,0.438069,0.004642,0.034357,0.185862,0.989309
A,Youn2026,5,0,0.0,5,46,0.438079,0.004748,0.034277,0.186689,0.989171
A,Youn2026,5,0,0.0,5,47,0.438383,0.004802,0.03448,0.187471,0.989035
A,Youn2026,5,0,0.0,5,48,0.438366,0.004717,0.034475,0.182392,0.989145
A,Youn2026,5,0,0.0,5,49,0.438749,0.004704,0.033981,0.186804,0.989193
A,Youn2026,5,0,0.0,5,50,0.438441,0.004812,0.034317,0.185146,0.989136
A,Youn2026,5,0,0.0,5,51,0.438144,0.004734,0.0343,0.188224,0.989188
A,V2I-Base,5,0,0.0,5,42,0.43843,0.004843,0.034409,0.185063,0.989035
A,V2I-Base,5,0,0.0,5,43,0.438386,0.004754,0.03441,0.186136,0.989194
A,V2I-Base,5,0,0.0,5,44,0.438105,0.004802,0.034158,0.184988,0.989109
A,V2I-Base,5,0,0.0,5,45,0.438069,0.004642,0.034357,0.185862,0.989309
A,V2I-Base,5,0,0.0,5,46,0.438079,0.004748,0.034277,0.186689,0.989171
A,V2I-Base,5,0,0.0,5,47,0.438383,0.004802,0.03448,0.187471,0.989035
A,V2I-Base,5,0,0.0,5,48,0.438366,0.004717,0.034475,0.182392,0.989145
A,V2I-Base,5,0,0.0,5,49,0.438749,0.004704,0.033981,0.186804,0.989193
A,V2I-Base,5,0,0.0,5,50,0.438441,0.004812,0.034317,0.185146,0.989136
A,V2I-Base,5,0,0.0,5,51,0.438144,0.004734,0.0343,0.188224,0.989188
A,V2V-Base,5,0,0.0,5,42,0.998166,0.691875,8e-06,4.61989,0.989035
A,V2V-Base,5,0,0.0,5,43,0.998137,0.691978,1.1e-05,4.638018,0.989194
A,V2V-Base,5,0,0.0,5,44,0.998154,0.692161,1e-05,4.668732,0.989109
A,V2V-Base,5,0,0.0,5,45,0.998204,0.692158,1.2e-05,4.724337,0.989309
A,V2V-Base,5,0,0.0,5,46,0.998154,0.692088,1.2e-05,4.674721,0.989171
A,V2V-Base,5,0,0.0,5,47,0.998231,0.691975,7e-06,4.678963,0.989035
A,V2V-Base,5,0,0.0,5,48,0.998323,0.692115,1.1e-05,4.557696,0.989145
A,V2V-Base,5,0,0.0,5,49,0.998319,0.691531,9e-06,4.651818,0.989193
A,V2V-Base,5,0,0.0,5,50,0.998215,0.691957,9e-06,4.6702,0.989136
A,V2V-Base,5,0,0.0,5,51,0.998136,0.692113,1.2e-05,4.69773,0.989188
A,Random-K,5,0,0.0,5,42,0.998109,0.899201,0.000222,6.079203,0.989035
A,Random-K,5,0,0.0,5,43,0.997869,0.899086,0.000248,6.123355,0.989194
A,Random-K,5,0,0.0,5,44,0.99788,0.898902,0.000258,6.122659,0.989109
A,Random-K,5,0,0.0,5,45,0.997977,0.898914,0.000268,6.209776,0.989309
A,Random-K,5,0,0.0,5,46,0.99799,0.899312,0.000268,6.123086,0.989171
A,Random-K,5,0,0.0,5,47,0.99807,0.899398,0.000218,6.179526,0.989035
A,Random-K,5,0,0.0,5,48,0.998176,0.899456,0.000227,6.008657,0.989145
A,Random-K,5,0,0.0,5,49,0.998096,0.899349,0.000251,6.123009,0.989193
A,Random-K,5,0,0.0,5,50,0.998014,0.899017,0.000278,6.150529,0.989136
A,Random-K,5,0,0.0,5,51,0.997899,0.899205,0.000314,6.163738,0.989188
A,RILP,5,0,1.0,5,42,0.43843,0.004843,0.034409,0.185063,0.989035
A,RILP,5,0,1.0,5,43,0.438386,0.004754,0.03441,0.186136,0.989194
A,RILP,5,0,1.0,5,44,0.438105,0.004802,0.034158,0.184988,0.989109
A,RILP,5,0,1.0,5,45,0.438069,0.004642,0.034357,0.185862,0.989309
A,RILP,5,0,1.0,5,46,0.438079,0.004748,0.034277,0.186689,0.989171
A,RILP,5,0,1.0,5,47,0.438383,0.004802,0.03448,0.187471,0.989035
A,RILP,5,0,1.0,5,48,0.438366,0.004717,0.034475,0.182392,0.989145
A,RILP,5,0,1.0,5,49,0.438749,0.004704,0.033981,0.186804,0.989193
A,RILP,5,0,1.0,5,50,0.438441,0.004812,0.034317,0.185146,0.989136
A,RILP,5,0,1.0,5,51,0.438144,0.004734,0.0343,0.188224,0.989188
A,RILP-Greedy,5,0,1.0,5,42,0.43843,0.004843,0.034409,0.185063,0.989035
A,RILP-Greedy,5,0,1.0,5,43,0.438386,0.004754,0.03441,0.186136,0.989194
A,RILP-Greedy,5,0,1.0,5,44,0.438105,0.004802,0.034158,0.184988,0.989109
A,RILP-Greedy,5,0,1.0,5,45,0.438069,0.004642,0.034357,0.185862,0.989309
A,RILP-Greedy,5,0,1.0,5,46,0.438079,0.004748,0.034277,0.186689,0.989171
A,RILP-Greedy,5,0,1.0,5,47,0.438383,0.004802,0.03448,0.187471,0.989035
A,RILP-Greedy,5,0,1.0,5,48,0.438366,0.004717,0.034475,0.182392,0.989145
A,RILP-Greedy,5,0,1.0,5,49,0.438749,0.004704,0.033981,0.186804,0.989193
A,RILP-Greedy,5,0,1.0,5,50,0.438441,0.004812,0.034317,0.185146,0.989136
A,RILP-Greedy,5,0,1.0,5,51,0.438144,0.004734,0.0343,0.188224,0.989188
A,Nam2023b,5,0,1.0,5,42,0.291514,0.003185,0.198088,6.73394,0.989035
A,Nam2023b,5,0,1.0,5,43,0.291394,0.003162,0.197868,6.784107,0.989194
A,Nam2023b,5,0,1.0,5,44,0.291268,0.003205,0.197774,6.780356,0.989109
A,Nam2023b,5,0,1.0,5,45,0.291155,0.003081,0.198031,6.878047,0.989309
A,Nam2023b,5,0,1.0,5,46,0.291363,0.003159,0.197538,6.781852,0.989171
A,Nam2023b,5,0,1.0,5,47,0.291636,0.003216,0.197284,6.844475,0.989035
A,Nam2023b,5,0,1.0,5,48,0.291192,0.003167,0.198146,6.656505,0.989145
A,Nam2023b,5,0,1.0,5,49,0.291287,0.003141,0.19842,6.781971,0.989193
A,Nam2023b,5,0,1.0,5,50,0.291068,0.003164,0.198468,6.813594,0.989136
A,Nam2023b,5,0,1.0,5,51,0.291097,0.003154,0.198377,6.824957,0.989188
A,Nam2025,5,0,1.0,5,42,0.43843,0.004843,0.034409,0.185063,0.989035
A,Nam2025,5,0,1.0,5,43,0.438386,0.004754,0.03441,0.186136,0.989194
A,Nam2025,5,0,1.0,5,44,0.438105,0.004802,0.034158,0.184988,0.989109
A,Nam2025,5,0,1.0,5,45,0.438069,0.004642,0.034357,0.185862,0.989309
A,Nam2025,5,0,1.0,5,46,0.438079,0.004748,0.034277,0.186689,0.989171
A,Nam2025,5,0,1.0,5,47,0.438383,0.004802,0.03448,0.187471,0.989035
A,Nam2025,5,0,1.0,5,48,0.438366,0.004717,0.034475,0.182392,0.989145
A,Nam2025,5,0,1.0,5,49,0.438749,0.004704,0.033981,0.186804,0.989193
A,Nam2025,5,0,1.0,5,50,0.438441,0.004812,0.034317,0.185146,0.989136
A,Nam2025,5,0,1.0,5,51,0.438144,0.004734,0.0343,0.188224,0.989188
A,Youn2026,5,0,1.0,5,42,0.43843,0.004843,0.034409,0.185063,0.989035
A,Youn2026,5,0,1.0,5,43,0.438386,0.004754,0.03441,0.186136,0.989194
A,Youn2026,5,0,1.0,5,44,0.438105,0.004802,0.034158,0.184988,0.989109
A,Youn2026,5,0,1.0,5,45,0.438069,0.004642,0.034357,0.185862,0.989309
A,Youn2026,5,0,1.0,5,46,0.438079,0.004748,0.034277,0.186689,0.989171
A,Youn2026,5,0,1.0,5,47,0.438383,0.004802,0.03448,0.187471,0.989035
A,Youn2026,5,0,1.0,5,48,0.438366,0.004717,0.034475,0.182392,0.989145
A,Youn2026,5,0,1.0,5,49,0.438749,0.004704,0.033981,0.186804,0.989193
A,Youn2026,5,0,1.0,5,50,0.438441,0.004812,0.034317,0.185146,0.989136
A,Youn2026,5,0,1.0,5,51,0.438144,0.004734,0.0343,0.188224,0.989188
A,V2I-Base,5,0,1.0,5,42,0.43843,0.004843,0.034409,0.185063,0.989035
A,V2I-Base,5,0,1.0,5,43,0.438386,0.004754,0.03441,0.186136,0.989194
A,V2I-Base,5,0,1.0,5,44,0.438105,0.004802,0.034158,0.184988,0.989109
A,V2I-Base,5,0,1.0,5,45,0.438069,0.004642,0.034357,0.185862,0.989309
A,V2I-Base,5,0,1.0,5,46,0.438079,0.004748,0.034277,0.186689,0.989171
A,V2I-Base,5,0,1.0,5,47,0.438383,0.004802,0.03448,0.187471,0.989035
A,V2I-Base,5,0,1.0,5,48,0.438366,0.004717,0.034475,0.182392,0.989145
A,V2I-Base,5,0,1.0,5,49,0.438749,0.004704,0.033981,0.186804,0.989193
A,V2I-Base,5,0,1.0,5,50,0.438441,0.004812,0.034317,0.185146,0.989136
A,V2I-Base,5,0,1.0,5,51,0.438144,0.004734,0.0343,0.188224,0.989188
A,V2V-Base,5,0,1.0,5,42,0.998166,0.691875,8e-06,4.61989,0.989035
A,V2V-Base,5,0,1.0,5,43,0.998137,0.691978,1.1e-05,4.638018,0.989194
A,V2V-Base,5,0,1.0,5,44,0.998154,0.692161,1e-05,4.668732,0.989109
A,V2V-Base,5,0,1.0,5,45,0.998204,0.692158,1.2e-05,4.724337,0.989309
A,V2V-Base,5,0,1.0,5,46,0.998154,0.692088,1.2e-05,4.674721,0.989171
A,V2V-Base,5,0,1.0,5,47,0.998231,0.691975,7e-06,4.678963,0.989035
A,V2V-Base,5,0,1.0,5,48,0.998323,0.692115,1.1e-05,4.557696,0.989145
A,V2V-Base,5,0,1.0,5,49,0.998319,0.691531,9e-06,4.651818,0.989193
A,V2V-Base,5,0,1.0,5,50,0.998215,0.691957,9e-06,4.6702,0.989136
A,V2V-Base,5,0,1.0,5,51,0.998136,0.692113,1.2e-05,4.69773,0.989188
A,Random-K,5,0,1.0,5,42,0.998109,0.899201,0.000222,6.079203,0.989035
A,Random-K,5,0,1.0,5,43,0.997869,0.899086,0.000248,6.123355,0.989194
A,Random-K,5,0,1.0,5,44,0.99788,0.898902,0.000258,6.122659,0.989109
A,Random-K,5,0,1.0,5,45,0.997977,0.898914,0.000268,6.209776,0.989309
A,Random-K,5,0,1.0,5,46,0.99799,0.899312,0.000268,6.123086,0.989171
A,Random-K,5,0,1.0,5,47,0.99807,0.899398,0.000218,6.179526,0.989035
A,Random-K,5,0,1.0,5,48,0.998176,0.899456,0.000227,6.008657,0.989145
A,Random-K,5,0,1.0,5,49,0.998096,0.899349,0.000251,6.123009,0.989193
A,Random-K,5,0,1.0,5,50,0.998014,0.899017,0.000278,6.150529,0.989136
A,Random-K,5,0,1.0,5,51,0.997899,0.899205,0.000314,6.163738,0.989188
A,RILP,5,0,2.0,5,42,0.43843,0.004843,0.034409,0.185063,0.989035
A,RILP,5,0,2.0,5,43,0.438386,0.004754,0.03441,0.186136,0.989194
A,RILP,5,0,2.0,5,44,0.438105,0.004802,0.034158,0.184988,0.989109
A,RILP,5,0,2.0,5,45,0.438069,0.004642,0.034357,0.185862,0.989309
A,RILP,5,0,2.0,5,46,0.438079,0.004748,0.034277,0.186689,0.989171
A,RILP,5,0,2.0,5,47,0.438383,0.004802,0.03448,0.187471,0.989035
A,RILP,5,0,2.0,5,48,0.438366,0.004717,0.034475,0.182392,0.989145
A,RILP,5,0,2.0,5,49,0.438749,0.004704,0.033981,0.186804,0.989193
A,RILP,5,0,2.0,5,50,0.438441,0.004812,0.034317,0.185146,0.989136
A,RILP,5,0,2.0,5,51,0.438144,0.004734,0.0343,0.188224,0.989188
A,RILP-Greedy,5,0,2.0,5,42,0.43843,0.004843,0.034409,0.185063,0.989035
A,RILP-Greedy,5,0,2.0,5,43,0.438386,0.004754,0.03441,0.186136,0.989194
A,RILP-Greedy,5,0,2.0,5,44,0.438105,0.004802,0.034158,0.184988,0.989109
A,RILP-Greedy,5,0,2.0,5,45,0.438069,0.004642,0.034357,0.185862,0.989309
A,RILP-Greedy,5,0,2.0,5,46,0.438079,0.004748,0.034277,0.186689,0.989171
A,RILP-Greedy,5,0,2.0,5,47,0.438383,0.004802,0.03448,0.187471,0.989035
A,RILP-Greedy,5,0,2.0,5,48,0.438366,0.004717,0.034475,0.182392,0.989145
A,RILP-Greedy,5,0,2.0,5,49,0.438749,0.004704,0.033981,0.186804,0.989193
A,RILP-Greedy,5,0,2.0,5,50,0.438441,0.004812,0.034317,0.185146,0.989136
A,RILP-Greedy,5,0,2.0,5,51,0.438144,0.004734,0.0343,0.188224,0.989188
A,Nam2023b,5,0,2.0,5,42,0.291514,0.003185,0.198088,6.73394,0.989035
A,Nam2023b,5,0,2.0,5,43,0.291394,0.003162,0.197868,6.784107,0.989194
A,Nam2023b,5,0,2.0,5,44,0.291268,0.003205,0.197774,6.780356,0.989109
A,Nam2023b,5,0,2.0,5,45,0.291155,0.003081,0.198031,6.878047,0.989309
A,Nam2023b,5,0,2.0,5,46,0.291363,0.003159,0.197538,6.781852,0.989171
A,Nam2023b,5,0,2.0,5,47,0.291636,0.003216,0.197284,6.844475,0.989035
A,Nam2023b,5,0,2.0,5,48,0.291192,0.003167,0.198146,6.656505,0.989145
A,Nam2023b,5,0,2.0,5,49,0.291287,0.003141,0.19842,6.781971,0.989193
A,Nam2023b,5,0,2.0,5,50,0.291068,0.003164,0.198468,6.813594,0.989136
A,Nam2023b,5,0,2.0,5,51,0.291097,0.003154,0.198377,6.824957,0.989188
A,Nam2025,5,0,2.0,5,42,0.43843,0.004843,0.034409,0.185063,0.989035
A,Nam2025,5,0,2.0,5,43,0.438386,0.004754,0.03441,0.186136,0.989194
A,Nam2025,5,0,2.0,5,44,0.438105,0.004802,0.034158,0.184988,0.989109
A,Nam2025,5,0,2.0,5,45,0.438069,0.004642,0.034357,0.185862,0.989309
A,Nam2025,5,0,2.0,5,46,0.438079,0.004748,0.034277,0.186689,0.989171
A,Nam2025,5,0,2.0,5,47,0.438383,0.004802,0.03448,0.187471,0.989035
A,Nam2025,5,0,2.0,5,48,0.438366,0.004717,0.034475,0.182392,0.989145
A,Nam2025,5,0,2.0,5,49,0.438749,0.004704,0.033981,0.186804,0.989193
A,Nam2025,5,0,2.0,5,50,0.438441,0.004812,0.034317,0.185146,0.989136
A,Nam2025,5,0,2.0,5,51,0.438144,0.004734,0.0343,0.188224,0.989188
A,Youn2026,5,0,2.0,5,42,0.43843,0.004843,0.034409,0.185063,0.989035
A,Youn2026,5,0,2.0,5,43,0.438386,0.004754,0.03441,0.186136,0.989194
A,Youn2026,5,0,2.0,5,44,0.438105,0.004802,0.034158,0.184988,0.989109
A,Youn2026,5,0,2.0,5,45,0.438069,0.004642,0.034357,0.185862,0.989309
A,Youn2026,5,0,2.0,5,46,0.438079,0.004748,0.034277,0.186689,0.989171
A,Youn2026,5,0,2.0,5,47,0.438383,0.004802,0.03448,0.187471,0.989035
A,Youn2026,5,0,2.0,5,48,0.438366,0.004717,0.034475,0.182392,0.989145
A,Youn2026,5,0,2.0,5,49,0.438749,0.004704,0.033981,0.186804,0.989193
A,Youn2026,5,0,2.0,5,50,0.438441,0.004812,0.034317,0.185146,0.989136
A,Youn2026,5,0,2.0,5,51,0.438144,0.004734,0.0343,0.188224,0.989188
A,V2I-Base,5,0,2.0,5,42,0.43843,0.004843,0.034409,0.185063,0.989035
A,V2I-Base,5,0,2.0,5,43,0.438386,0.004754,0.03441,0.186136,0.989194
A,V2I-Base,5,0,2.0,5,44,0.438105,0.004802,0.034158,0.184988,0.989109
A,V2I-Base,5,0,2.0,5,45,0.438069,0.004642,0.034357,0.185862,0.989309
A,V2I-Base,5,0,2.0,5,46,0.438079,0.004748,0.034277,0.186689,0.989171
A,V2I-Base,5,0,2.0,5,47,0.438383,0.004802,0.03448,0.187471,0.989035
A,V2I-Base,5,0,2.0,5,48,0.438366,0.004717,0.034475,0.182392,0.989145
A,V2I-Base,5,0,2.0,5,49,0.438749,0.004704,0.033981,0.186804,0.989193
A,V2I-Base,5,0,2.0,5,50,0.438441,0.004812,0.034317,0.185146,0.989136
A,V2I-Base,5,0,2.0,5,51,0.438144,0.004734,0.0343,0.188224,0.989188
A,V2V-Base,5,0,2.0,5,42,0.998166,0.691875,8e-06,4.61989,0.989035
A,V2V-Base,5,0,2.0,5,43,0.998137,0.691978,1.1e-05,4.638018,0.989194
A,V2V-Base,5,0,2.0,5,44,0.998154,0.692161,1e-05,4.668732,0.989109
A,V2V-Base,5,0,2.0,5,45,0.998204,0.692158,1.2e-05,4.724337,0.989309
A,V2V-Base,5,0,2.0,5,46,0.998154,0.692088,1.2e-05,4.674721,0.989171
A,V2V-Base,5,0,2.0,5,47,0.998231,0.691975,7e-06,4.678963,0.989035
A,V2V-Base,5,0,2.0,5,48,0.998323,0.692115,1.1e-05,4.557696,0.989145
A,V2V-Base,5,0,2.0,5,49,0.998319,0.691531,9e-06,4.651818,0.989193
A,V2V-Base,5,0,2.0,5,50,0.998215,0.691957,9e-06,4.6702,0.989136
A,V2V-Base,5,0,2.0,5,51,0.986211,0.676212,4.1e-05,4.620441,0.988898
A,Random-K,5,0,2.0,5,42,0.987144,0.8881,0.000792,6.372572,0.988774
A,Random-K,5,0,2.0,5,43,0.987706,0.888897,0.000725,6.307443,0.98913
A,Random-K,5,0,2.0,5,44,0.988829,0.889619,0.000694,6.49169,0.989087
A,Random-K,5,0,2.0,5,45,0.988204,0.889536,0.001058,6.574573,0.989205
A,Random-K,5,0,2.0,5,46,0.988343,0.889364,0.000913,6.544349,0.989121
A,Random-K,5,0,2.0,5,47,0.98734,0.888612,0.000856,6.509827,0.988933
A,Random-K,5,0,2.0,5,48,0.988,0.889264,0.000854,6.380492,0.988967
A,Random-K,5,0,2.0,5,49,0.987305,0.888023,0.001099,6.47267,0.989128
A,Random-K,5,0,2.0,5,50,0.988235,0.889418,0.00083,6.429629,0.988938
A,Random-K,5,0,2.0,5,51,0.986859,0.887899,0.001141,6.300282,0.988898
A,RILP,5,0,3.0,5,42,0.438811,0.004934,0.033997,0.198251,0.988774
A,RILP,5,0,3.0,5,43,0.437827,0.004732,0.034496,0.194608,0.98913
A,RILP,5,0,3.0,5,44,0.437906,0.004767,0.034469,0.196688,0.989087
A,RILP,5,0,3.0,5,45,0.438128,0.004752,0.034365,0.198148,0.989205
A,RILP,5,0,3.0,5,46,0.437798,0.004767,0.034616,0.201449,0.989121
A,RILP,5,0,3.0,5,47,0.438068,0.004862,0.034085,0.199298,0.988933
A,RILP,5,0,3.0,5,48,0.438456,0.004846,0.034415,0.195526,0.988967
A,RILP,5,0,3.0,5,49,0.438383,0.004735,0.034611,0.199155,0.989128
A,RILP,5,0,3.0,5,50,0.438667,0.004827,0.03441,0.195499,0.988938
A,RILP,5,0,3.0,5,51,0.438417,0.004871,0.034314,0.197793,0.988898
A,RILP-Greedy,5,0,3.0,5,42,0.438811,0.004934,0.033997,0.198251,0.988774
A,RILP-Greedy,5,0,3.0,5,43,0.437827,0.004732,0.034496,0.194608,0.98913
A,RILP-Greedy,5,0,3.0,5,44,0.437906,0.004767,0.034469,0.196688,0.989087
A,RILP-Greedy,5,0,3.0,5,45,0.438128,0.004752,0.034365,0.198148,0.989205
A,RILP-Greedy,5,0,3.0,5,46,0.437798,0.004767,0.034616,0.201449,0.989121
A,RILP-Greedy,5,0,3.0,5,47,0.438068,0.004862,0.034085,0.199298,0.988933
A,RILP-Greedy,5,0,3.0,5,48,0.438456,0.004846,0.034415,0.195526,0.988967
A,RILP-Greedy,5,0,3.0,5,49,0.438383,0.004735,0.034611,0.199155,0.989128
A,RILP-Greedy,5,0,3.0,5,50,0.438667,0.004827,0.03441,0.195499,0.988938
A,RILP-Greedy,5,0,3.0,5,51,0.438417,0.004871,0.034314,0.197793,0.988898
A,Nam2023b,5,0,3.0,5,42,0.291276,0.003209,0.198227,7.060082,0.988774
A,Nam2023b,5,0,3.0,5,43,0.29103,0.003205,0.198154,6.987503,0.98913
A,Nam2023b,5,0,3.0,5,44,0.291163,0.003196,0.197642,7.192365,0.989087
A,Nam2023b,5,0,3.0,5,45,0.291049,0.003093,0.198525,7.283436,0.989205
A,Nam2023b,5,0,3.0,5,46,0.290882,0.003174,0.197955,7.246817,0.989121
A,Nam2023b,5,0,3.0,5,47,0.291321,0.003241,0.197937,7.21206,0.988933
A,Nam2023b,5,0,3.0,5,48,0.290968,0.003282,0.198892,7.068816,0.988967
A,Nam2023b,5,0,3.0,5,49,0.291359,0.003153,0.198159,7.169061,0.989128
A,Nam2023b,5,0,3.0,5,50,0.291516,0.00321,0.19811,7.126116,0.988938
A,Nam2023b,5,0,3.0,5,51,0.291686,0.003289,0.197553,6.982602,0.988898
A,Nam2025,5,0,3.0,5,42,0.438811,0.004934,0.033997,0.198251,0.988774
A,Nam2025,5,0,3.0,5,43,0.437827,0.004732,0.034496,0.194608,0.98913
A,Nam2025,5,0,3.0,5,44,0.437906,0.004767,0.034469,0.196688,0.989087
A,Nam2025,5,0,3.0,5,45,0.438128,0.004752,0.034365,0.198148,0.989205
A,Nam2025,5,0,3.0,5,46,0.437798,0.004767,0.034616,0.201449,0.989121
A,Nam2025,5,0,3.0,5,47,0.438068,0.004862,0.034085,0.199298,0.988933
A,Nam2025,5,0,3.0,5,48,0.438456,0.004846,0.034415,0.195526,0.988967
A,Nam2025,5,0,3.0,5,49,0.438383,0.004735,0.034611,0.199155,0.989128
A,Nam2025,5,0,3.0,5,50,0.438667,0.004827,0.03441,0.195499,0.988938
A,Nam2025,5,0,3.0,5,51,0.438417,0.004871,0.034314,0.197793,0.988898
A,Youn2026,5,0,3.0,5,42,0.438811,0.004934,0.033997,0.198251,0.988774
A,Youn2026,5,0,3.0,5,43,0.437827,0.004732,0.034496,0.194608,0.98913
A,Youn2026,5,0,3.0,5,44,0.437906,0.004767,0.034469,0.196688,0.989087
A,Youn2026,5,0,3.0,5,45,0.438128,0.004752,0.034365,0.198148,0.989205
A,Youn2026,5,0,3.0,5,46,0.437798,0.004767,0.034616,0.201449,0.989121
A,Youn2026,5,0,3.0,5,47,0.438068,0.004862,0.034085,0.199298,0.988933
A,Youn2026,5,0,3.0,5,48,0.438456,0.004846,0.034415,0.195526,0.988967
A,Youn2026,5,0,3.0,5,49,0.438383,0.004735,0.034611,0.199155,0.989128
A,Youn2026,5,0,3.0,5,50,0.438667,0.004827,0.03441,0.195499,0.988938
A,Youn2026,5,0,3.0,5,51,0.438417,0.004871,0.034314,0.197793,0.988898
A,V2I-Base,5,0,3.0,5,42,0.438811,0.004934,0.033997,0.198251,0.988774
A,V2I-Base,5,0,3.0,5,43,0.437827,0.004732,0.034496,0.194608,0.98913
A,V2I-Base,5,0,3.0,5,44,0.437906,0.004767,0.034469,0.196688,0.989087
A,V2I-Base,5,0,3.0,5,45,0.438128,0.004752,0.034365,0.198148,0.989205
A,V2I-Base,5,0,3.0,5,46,0.437798,0.004767,0.034616,0.201449,0.989121
A,V2I-Base,5,0,3.0,5,47,0.438068,0.004862,0.034085,0.199298,0.988933
A,V2I-Base,5,0,3.0,5,48,0.438456,0.004846,0.034415,0.195526,0.988967
A,V2I-Base,5,0,3.0,5,49,0.438383,0.004735,0.034611,0.199155,0.989128
A,V2I-Base,5,0,3.0,5,50,0.438667,0.004827,0.03441,0.195499,0.988938
A,V2I-Base,5,0,3.0,5,51,0.438417,0.004871,0.034314,0.197793,0.988898
A,V2V-Base,5,0,3.0,5,42,0.987097,0.676433,3.5e-05,4.68195,0.988774
A,V2V-Base,5,0,3.0,5,43,0.987677,0.677916,4.8e-05,4.617254,0.98913
A,V2V-Base,5,0,3.0,5,44,0.988701,0.679101,3.1e-05,4.764252,0.989087
A,V2V-Base,5,0,3.0,5,45,0.988208,0.678264,5.2e-05,4.819722,0.989205
A,V2V-Base,5,0,3.0,5,46,0.988354,0.678896,2.2e-05,4.810288,0.989121
A,V2V-Base,5,0,3.0,5,47,0.987522,0.677348,3e-05,4.771072,0.988933
A,V2V-Base,5,0,3.0,5,48,0.988254,0.677974,4.3e-05,4.633166,0.988967
A,V2V-Base,5,0,3.0,5,49,0.987764,0.677598,3.3e-05,4.752936,0.989128
A,V2V-Base,5,0,3.0,5,50,0.988568,0.678612,4.4e-05,4.760508,0.988938
A,V2V-Base,5,0,3.0,5,51,0.986211,0.676212,4.1e-05,4.620441,0.988898
A,Random-K,5,0,3.0,5,42,0.987144,0.8881,0.000792,6.372572,0.988774
A,Random-K,5,0,3.0,5,43,0.987706,0.888897,0.000725,6.307443,0.98913
A,Random-K,5,0,3.0,5,44,0.988829,0.889619,0.000694,6.49169,0.989087
A,Random-K,5,0,3.0,5,45,0.988204,0.889536,0.001058,6.574573,0.989205
A,Random-K,5,0,3.0,5,46,0.988343,0.889364,0.000913,6.544349,0.989121
A,Random-K,5,0,3.0,5,47,0.98734,0.888612,0.000856,6.509827,0.988933
A,Random-K,5,0,3.0,5,48,0.988,0.889264,0.000854,6.380492,0.988967
A,Random-K,5,0,3.0,5,49,0.987305,0.888023,0.001099,6.47267,0.989128
A,Random-K,5,0,3.0,5,50,0.988235,0.889418,0.00083,6.429629,0.988938
A,Random-K,5,0,3.0,5,51,0.986859,0.887899,0.001141,6.300282,0.988898
A,RILP,5,10,0.0,5,42,0.438811,0.004934,0.033997,0.198251,0.988774
A,RILP,5,10,0.0,5,43,0.437827,0.004732,0.034496,0.194608,0.98913
A,RILP,5,10,0.0,5,44,0.437906,0.004767,0.034469,0.196688,0.989087
A,RILP,5,10,0.0,5,45,0.438128,0.004752,0.034365,0.198148,0.989205
A,RILP,5,10,0.0,5,46,0.437798,0.004767,0.034616,0.201449,0.989121
A,RILP,5,10,0.0,5,47,0.438068,0.004862,0.034085,0.199298,0.988933
A,RILP,5,10,0.0,5,48,0.438456,0.004846,0.034415,0.195526,0.988967
A,RILP,5,10,0.0,5,49,0.438383,0.004735,0.034611,0.199155,0.989128
A,RILP,5,10,0.0,5,50,0.438667,0.004827,0.03441,0.195499,0.988938
A,RILP,5,10,0.0,5,51,0.438417,0.004871,0.034314,0.197793,0.988898
A,RILP-Greedy,5,10,0.0,5,42,0.438811,0.004934,0.033997,0.198251,0.988774
A,RILP-Greedy,5,10,0.0,5,43,0.437827,0.004732,0.034496,0.194608,0.98913
A,RILP-Greedy,5,10,0.0,5,44,0.437906,0.004767,0.034469,0.196688,0.989087
A,RILP-Greedy,5,10,0.0,5,45,0.438128,0.004752,0.034365,0.198148,0.989205
A,RILP-Greedy,5,10,0.0,5,46,0.437798,0.004767,0.034616,0.201449,0.989121
A,RILP-Greedy,5,10,0.0,5,47,0.438068,0.004862,0.034085,0.199298,0.988933
A,RILP-Greedy,5,10,0.0,5,48,0.438456,0.004846,0.034415,0.195526,0.988967
A,RILP-Greedy,5,10,0.0,5,49,0.438383,0.004735,0.034611,0.199155,0.989128
A,RILP-Greedy,5,10,0.0,5,50,0.438667,0.004827,0.03441,0.195499,0.988938
A,RILP-Greedy,5,10,0.0,5,51,0.438417,0.004871,0.034314,0.197793,0.988898
A,Nam2023b,5,10,0.0,5,42,0.291276,0.003209,0.198227,7.060082,0.988774
A,Nam2023b,5,10,0.0,5,43,0.29103,0.003205,0.198154,6.987503,0.98913
A,Nam2023b,5,10,0.0,5,44,0.291163,0.003196,0.197642,7.192365,0.989087
A,Nam2023b,5,10,0.0,5,45,0.291049,0.003093,0.198525,7.283436,0.989205
A,Nam2023b,5,10,0.0,5,46,0.290882,0.003174,0.197955,7.246817,0.989121
A,Nam2023b,5,10,0.0,5,47,0.291321,0.003241,0.197937,7.21206,0.988933
A,Nam2023b,5,10,0.0,5,48,0.290968,0.003282,0.198892,7.068816,0.988967
A,Nam2023b,5,10,0.0,5,49,0.291359,0.003153,0.198159,7.169061,0.989128
A,Nam2023b,5,10,0.0,5,50,0.291516,0.00321,0.19811,7.126116,0.988938
A,Nam2023b,5,10,0.0,5,51,0.291686,0.003289,0.197553,6.982602,0.988898
A,Nam2025,5,10,0.0,5,42,0.438811,0.004934,0.033997,0.198251,0.988774
A,Nam2025,5,10,0.0,5,43,0.437827,0.004732,0.034496,0.194608,0.98913
A,Nam2025,5,10,0.0,5,44,0.437906,0.004767,0.034469,0.196688,0.989087
A,Nam2025,5,10,0.0,5,45,0.438128,0.004752,0.034365,0.198148,0.989205
A,Nam2025,5,10,0.0,5,46,0.437798,0.004767,0.034616,0.201449,0.989121
A,Nam2025,5,10,0.0,5,47,0.438068,0.004862,0.034085,0.199298,0.988933
A,Nam2025,5,10,0.0,5,48,0.438456,0.004846,0.034415,0.195526,0.988967
A,Nam2025,5,10,0.0,5,49,0.438383,0.004735,0.034611,0.199155,0.989128
A,Nam2025,5,10,0.0,5,50,0.438667,0.004827,0.03441,0.195499,0.988938
A,Nam2025,5,10,0.0,5,51,0.438417,0.004871,0.034314,0.197793,0.988898
A,Youn2026,5,10,0.0,5,42,0.438811,0.004934,0.033997,0.198251,0.988774
A,Youn2026,5,10,0.0,5,43,0.437827,0.004732,0.034496,0.194608,0.98913
A,Youn2026,5,10,0.0,5,44,0.437906,0.004767,0.034469,0.196688,0.989087
A,Youn2026,5,10,0.0,5,45,0.438128,0.004752,0.034365,0.198148,0.989205
A,Youn2026,5,10,0.0,5,46,0.437798,0.004767,0.034616,0.201449,0.989121
A,Youn2026,5,10,0.0,5,47,0.438068,0.004862,0.034085,0.199298,0.988933
A,Youn2026,5,10,0.0,5,48,0.438456,0.004846,0.034415,0.195526,0.988967
A,Youn2026,5,10,0.0,5,49,0.438383,0.004735,0.034611,0.199155,0.989128
A,Youn2026,5,10,0.0,5,50,0.438667,0.004827,0.03441,0.195499,0.988938
A,Youn2026,5,10,0.0,5,51,0.438417,0.004871,0.034314,0.197793,0.988898
A,V2I-Base,5,10,0.0,5,42,0.438811,0.004934,0.033997,0.198251,0.988774
A,V2I-Base,5,10,0.0,5,43,0.437827,0.004732,0.034496,0.194608,0.98913
A,V2I-Base,5,10,0.0,5,44,0.437906,0.004767,0.034469,0.196688,0.989087
A,V2I-Base,5,10,0.0,5,45,0.438128,0.004752,0.034365,0.198148,0.989205
A,V2I-Base,5,10,0.0,5,46,0.437798,0.004767,0.034616,0.201449,0.989121
A,V2I-Base,5,10,0.0,5,47,0.438068,0.004862,0.034085,0.199298,0.988933
A,V2I-Base,5,10,0.0,5,48,0.438456,0.004846,0.034415,0.195526,0.988967
A,V2I-Base,5,10,0.0,5,49,0.438383,0.004735,0.034611,0.199155,0.989128
A,V2I-Base,5,10,0.0,5,50,0.438667,0.004827,0.03441,0.195499,0.988938
A,V2I-Base,5,10,0.0,5,51,0.438417,0.004871,0.034314,0.197793,0.988898
A,V2V-Base,5,10,0.0,5,42,0.987097,0.676433,3.5e-05,4.68195,0.988774
A,V2V-Base,5,10,0.0,5,43,0.987677,0.677916,4.8e-05,4.617254,0.98913
A,V2V-Base,5,10,0.0,5,44,0.988701,0.679101,3.1e-05,4.764252,0.989087
A,V2V-Base,5,10,0.0,5,45,0.988208,0.678264,5.2e-05,4.819722,0.989205
A,V2V-Base,5,10,0.0,5,46,0.988354,0.678896,2.2e-05,4.810288,0.989121
A,V2V-Base,5,10,0.0,5,47,0.987522,0.677348,3e-05,4.771072,0.988933
A,V2V-Base,5,10,0.0,5,48,0.988254,0.677974,4.3e-05,4.633166,0.988967
A,V2V-Base,5,10,0.0,5,49,0.987764,0.677598,3.3e-05,4.752936,0.989128
A,V2V-Base,5,10,0.0,5,50,0.988568,0.678612,4.4e-05,4.760508,0.988938
A,V2V-Base,5,10,0.0,5,51,0.986211,0.676212,4.1e-05,4.620441,0.988898
A,Random-K,5,10,0.0,5,42,0.987144,0.8881,0.000792,6.372572,0.988774
A,Random-K,5,10,0.0,5,43,0.987706,0.888897,0.000725,6.307443,0.98913
A,Random-K,5,10,0.0,5,44,0.988829,0.889619,0.000694,6.49169,0.989087
A,Random-K,5,10,0.0,5,45,0.988204,0.889536,0.001058,6.574573,0.989205
A,Random-K,5,10,0.0,5,46,0.988343,0.889364,0.000913,6.544349,0.989121
A,Random-K,5,10,0.0,5,47,0.98734,0.888612,0.000856,6.509827,0.988933
A,Random-K,5,10,0.0,5,48,0.988,0.889264,0.000854,6.380492,0.988967
A,Random-K,5,10,0.0,5,49,0.987305,0.888023,0.001099,6.47267,0.989128
A,Random-K,5,10,0.0,5,50,0.988235,0.889418,0.00083,6.429629,0.988938
A,Random-K,5,10,0.0,5,51,0.986859,0.887899,0.001141,6.300282,0.988898
A,RILP,5,10,1.0,5,42,0.438811,0.004934,0.033997,0.198251,0.988774
A,RILP,5,10,1.0,5,43,0.437827,0.004732,0.034496,0.194608,0.98913
A,RILP,5,10,1.0,5,44,0.437906,0.004767,0.034469,0.196688,0.989087
A,RILP,5,10,1.0,5,45,0.438128,0.004752,0.034365,0.198148,0.989205
A,RILP,5,10,1.0,5,46,0.437798,0.004767,0.034616,0.201449,0.989121
A,RILP,5,10,1.0,5,47,0.438068,0.004862,0.034085,0.199298,0.988933
A,RILP,5,10,1.0,5,48,0.438456,0.004846,0.034415,0.195526,0.988967
A,RILP,5,10,1.0,5,49,0.438383,0.004735,0.034611,0.199155,0.989128
A,RILP,5,10,1.0,5,50,0.438667,0.004827,0.03441,0.195499,0.988938
A,RILP,5,10,1.0,5,51,0.438417,0.004871,0.034314,0.197793,0.988898
A,RILP-Greedy,5,10,1.0,5,42,0.438811,0.004934,0.033997,0.198251,0.988774
A,RILP-Greedy,5,10,1.0,5,43,0.437827,0.004732,0.034496,0.194608,0.98913
A,RILP-Greedy,5,10,1.0,5,44,0.437906,0.004767,0.034469,0.196688,0.989087
A,RILP-Greedy,5,10,1.0,5,45,0.438128,0.004752,0.034365,0.198148,0.989205
A,RILP-Greedy,5,10,1.0,5,46,0.437798,0.004767,0.034616,0.201449,0.989121
A,RILP-Greedy,5,10,1.0,5,47,0.438068,0.004862,0.034085,0.199298,0.988933
A,RILP-Greedy,5,10,1.0,5,48,0.438456,0.004846,0.034415,0.195526,0.988967
A,RILP-Greedy,5,10,1.0,5,49,0.438383,0.004735,0.034611,0.199155,0.989128
A,RILP-Greedy,5,10,1.0,5,50,0.438667,0.004827,0.03441,0.195499,0.988938
A,RILP-Greedy,5,10,1.0,5,51,0.438417,0.004871,0.034314,0.197793,0.988898
A,Nam2023b,5,10,1.0,5,42,0.291276,0.003209,0.198227,7.060082,0.988774
A,Nam2023b,5,10,1.0,5,43,0.29103,0.003205,0.198154,6.987503,0.98913
A,Nam2023b,5,10,1.0,5,44,0.291163,0.003196,0.197642,7.192365,0.989087
A,Nam2023b,5,10,1.0,5,45,0.291049,0.003093,0.198525,7.283436,0.989205
A,Nam2023b,5,10,1.0,5,46,0.290882,0.003174,0.197955,7.246817,0.989121
A,Nam2023b,5,10,1.0,5,47,0.291321,0.003241,0.197937,7.21206,0.988933
A,Nam2023b,5,10,1.0,5,48,0.290968,0.003282,0.198892,7.068816,0.988967
A,Nam2023b,5,10,1.0,5,49,0.291359,0.003153,0.198159,7.169061,0.989128
A,Nam2023b,5,10,1.0,5,50,0.291516,0.00321,0.19811,7.126116,0.988938
A,Nam2023b,5,10,1.0,5,51,0.291686,0.003289,0.197553,6.982602,0.988898
A,Nam2025,5,10,1.0,5,42,0.438811,0.004934,0.033997,0.198251,0.988774
A,Nam2025,5,10,1.0,5,43,0.437827,0.004732,0.034496,0.194608,0.98913
A,Nam2025,5,10,1.0,5,44,0.437906,0.004767,0.034469,0.196688,0.989087
A,Nam2025,5,10,1.0,5,45,0.438128,0.004752,0.034365,0.198148,0.989205
A,Nam2025,5,10,1.0,5,46,0.437798,0.004767,0.034616,0.201449,0.989121
A,Nam2025,5,10,1.0,5,47,0.438068,0.004862,0.034085,0.199298,0.988933
A,Nam2025,5,10,1.0,5,48,0.438456,0.004846,0.034415,0.195526,0.988967
A,Nam2025,5,10,1.0,5,49,0.438383,0.004735,0.034611,0.199155,0.989128
A,Nam2025,5,10,1.0,5,50,0.438667,0.004827,0.03441,0.195499,0.988938
A,Nam2025,5,10,1.0,5,51,0.438417,0.004871,0.034314,0.197793,0.988898
A,Youn2026,5,10,1.0,5,42,0.438811,0.004934,0.033997,0.198251,0.988774
A,Youn2026,5,10,1.0,5,43,0.437827,0.004732,0.034496,0.194608,0.98913
A,Youn2026,5,10,1.0,5,44,0.437906,0.004767,0.034469,0.196688,0.989087
A,Youn2026,5,10,1.0,5,45,0.438128,0.004752,0.034365,0.198148,0.989205
A,Youn2026,5,10,1.0,5,46,0.437798,0.004767,0.034616,0.201449,0.989121
A,Youn2026,5,10,1.0,5,47,0.438068,0.004862,0.034085,0.199298,0.988933
A,Youn2026,5,10,1.0,5,48,0.438456,0.004846,0.034415,0.195526,0.988967
A,Youn2026,5,10,1.0,5,49,0.438383,0.004735,0.034611,0.199155,0.989128
A,Youn2026,5,10,1.0,5,50,0.438667,0.004827,0.03441,0.195499,0.988938
A,Youn2026,5,10,1.0,5,51,0.438417,0.004871,0.034314,0.197793,0.988898
A,V2I-Base,5,10,1.0,5,42,0.438811,0.004934,0.033997,0.198251,0.988774
A,V2I-Base,5,10,1.0,5,43,0.437827,0.004732,0.034496,0.194608,0.98913
A,V2I-Base,5,10,1.0,5,44,0.437906,0.004767,0.034469,0.196688,0.989087
A,V2I-Base,5,10,1.0,5,45,0.438128,0.004752,0.034365,0.198148,0.989205
A,V2I-Base,5,10,1.0,5,46,0.437798,0.004767,0.034616,0.201449,0.989121
A,V2I-Base,5,10,1.0,5,47,0.438068,0.004862,0.034085,0.199298,0.988933
A,V2I-Base,5,10,1.0,5,48,0.438456,0.004846,0.034415,0.195526,0.988967
A,V2I-Base,5,10,1.0,5,49,0.438383,0.004735,0.034611,0.199155,0.989128
A,V2I-Base,5,10,1.0,5,50,0.438667,0.004827,0.03441,0.195499,0.988938
A,V2I-Base,5,10,1.0,5,51,0.438417,0.004871,0.034314,0.197793,0.988898
A,V2V-Base,5,10,1.0,5,42,0.987097,0.676433,3.5e-05,4.68195,0.988774
A,V2V-Base,5,10,1.0,5,43,0.987677,0.677916,4.8e-05,4.617254,0.98913
A,V2V-Base,5,10,1.0,5,44,0.988701,0.679101,3.1e-05,4.764252,0.989087
A,V2V-Base,5,10,1.0,5,45,0.988208,0.678264,5.2e-05,4.819722,0.989205
A,V2V-Base,5,10,1.0,5,46,0.988354,0.678896,2.2e-05,4.810288,0.989121
A,V2V-Base,5,10,1.0,5,47,0.987522,0.677348,3e-05,4.771072,0.988933
A,V2V-Base,5,10,1.0,5,48,0.988254,0.677974,4.3e-05,4.633166,0.988967
A,V2V-Base,5,10,1.0,5,49,0.987764,0.677598,3.3e-05,4.752936,0.989128
A,V2V-Base,5,10,1.0,5,50,0.988568,0.678612,4.4e-05,4.760508,0.988938
A,V2V-Base,5,10,1.0,5,51,0.986211,0.676212,4.1e-05,4.620441,0.988898
A,Random-K,5,10,1.0,5,42,0.987144,0.8881,0.000792,6.372572,0.988774
A,Random-K,5,10,1.0,5,43,0.987706,0.888897,0.000725,6.307443,0.98913
A,Random-K,5,10,1.0,5,44,0.988829,0.889619,0.000694,6.49169,0.989087
A,Random-K,5,10,1.0,5,45,0.988204,0.889536,0.001058,6.574573,0.989205
A,Random-K,5,10,1.0,5,46,0.988343,0.889364,0.000913,6.544349,0.989121
A,Random-K,5,10,1.0,5,47,0.98734,0.888612,0.000856,6.509827,0.988933
A,Random-K,5,10,1.0,5,48,0.988,0.889264,0.000854,6.380492,0.988967
A,Random-K,5,10,1.0,5,49,0.987305,0.888023,0.001099,6.47267,0.989128
A,Random-K,5,10,1.0,5,50,0.988235,0.889418,0.00083,6.429629,0.988938
A,Random-K,5,10,1.0,5,51,0.986859,0.887899,0.001141,6.300282,0.988898
A,RILP,5,10,2.0,5,42,0.438811,0.004934,0.033997,0.198251,0.988774
A,RILP,5,10,2.0,5,43,0.437827,0.004732,0.034496,0.194608,0.98913
A,RILP,5,10,2.0,5,44,0.437906,0.004767,0.034469,0.196688,0.989087
A,RILP,5,10,2.0,5,45,0.438128,0.004752,0.034365,0.198148,0.989205
A,RILP,5,10,2.0,5,46,0.437798,0.004767,0.034616,0.201449,0.989121
A,RILP,5,10,2.0,5,47,0.438068,0.004862,0.034085,0.199298,0.988933
A,RILP,5,10,2.0,5,48,0.438456,0.004846,0.034415,0.195526,0.988967
A,RILP,5,10,2.0,5,49,0.438383,0.004735,0.034611,0.199155,0.989128
A,RILP,5,10,2.0,5,50,0.438667,0.004827,0.03441,0.195499,0.988938
A,RILP,5,10,2.0,5,51,0.438417,0.004871,0.034314,0.197793,0.988898
A,RILP-Greedy,5,10,2.0,5,42,0.438811,0.004934,0.033997,0.198251,0.988774
A,RILP-Greedy,5,10,2.0,5,43,0.437827,0.004732,0.034496,0.194608,0.98913
A,RILP-Greedy,5,10,2.0,5,44,0.437906,0.004767,0.034469,0.196688,0.989087
A,RILP-Greedy,5,10,2.0,5,45,0.438128,0.004752,0.034365,0.198148,0.989205
A,RILP-Greedy,5,10,2.0,5,46,0.437798,0.004767,0.034616,0.201449,0.989121
A,RILP-Greedy,5,10,2.0,5,47,0.438068,0.004862,0.034085,0.199298,0.988933
A,RILP-Greedy,5,10,2.0,5,48,0.438456,0.004846,0.034415,0.195526,0.988967
A,RILP-Greedy,5,10,2.0,5,49,0.438383,0.004735,0.034611,0.199155,0.989128
A,RILP-Greedy,5,10,2.0,5,50,0.438667,0.004827,0.03441,0.195499,0.988938
A,RILP-Greedy,5,10,2.0,5,51,0.438417,0.004871,0.034314,0.197793,0.988898
A,Nam2023b,5,10,2.0,5,42,0.291276,0.003209,0.198227,7.060082,0.988774
A,Nam2023b,5,10,2.0,5,43,0.29103,0.003205,0.198154,6.987503,0.98913
A,Nam2023b,5,10,2.0,5,44,0.291163,0.003196,0.197642,7.192365,0.989087
A,Nam2023b,5,10,2.0,5,45,0.291049,0.003093,0.198525,7.283436,0.989205
A,Nam2023b,5,10,2.0,5,46,0.290882,0.003174,0.197955,7.246817,0.989121
A,Nam2023b,5,10,2.0,5,47,0.291321,0.003241,0.197937,7.21206,0.988933
A,Nam2023b,5,10,2.0,5,48,0.290968,0.003282,0.198892,7.068816,0.988967
A,Nam2023b,5,10,2.0,5,49,0.291359,0.003153,0.198159,7.169061,0.989128
A,Nam2023b,5,10,2.0,5,50,0.291516,0.00321,0.19811,7.126116,0.988938
A,Nam2023b,5,10,2.0,5,51,0.291686,0.003289,0.197553,6.982602,0.988898
A,Nam2025,5,10,2.0,5,42,0.438811,0.004934,0.033997,0.198251,0.988774
A,Nam2025,5,10,2.0,5,43,0.437827,0.004732,0.034496,0.194608,0.98913
A,Nam2025,5,10,2.0,5,44,0.437906,0.004767,0.034469,0.196688,0.989087
A,Nam2025,5,10,2.0,5,45,0.438128,0.004752,0.034365,0.198148,0.989205
A,Nam2025,5,10,2.0,5,46,0.437798,0.004767,0.034616,0.201449,0.989121
A,Nam2025,5,10,2.0,5,47,0.438068,0.004862,0.034085,0.199298,0.988933
A,Nam2025,5,10,2.0,5,48,0.438456,0.004846,0.034415,0.195526,0.988967
A,Nam2025,5,10,2.0,5,49,0.438383,0.004735,0.034611,0.199155,0.989128
A,Nam2025,5,10,2.0,5,50,0.438667,0.004827,0.03441,0.195499,0.988938
A,Nam2025,5,10,2.0,5,51,0.438417,0.004871,0.034314,0.197793,0.988898
A,Youn2026,5,10,2.0,5,42,0.438811,0.004934,0.033997,0.198251,0.988774
A,Youn2026,5,10,2.0,5,43,0.437827,0.004732,0.034496,0.194608,0.98913
A,Youn2026,5,10,2.0,5,44,0.437906,0.004767,0.034469,0.196688,0.989087
A,Youn2026,5,10,2.0,5,45,0.438128,0.004752,0.034365,0.198148,0.989205
A,Youn2026,5,10,2.0,5,46,0.437798,0.004767,0.034616,0.201449,0.989121
A,Youn2026,5,10,2.0,5,47,0.438068,0.004862,0.034085,0.199298,0.988933
A,Youn2026,5,10,2.0,5,48,0.438456,0.004846,0.034415,0.195526,0.988967
A,Youn2026,5,10,2.0,5,49,0.438383,0.004735,0.034611,0.199155,0.989128
A,Youn2026,5,10,2.0,5,50,0.438667,0.004827,0.03441,0.195499,0.988938
A,Youn2026,5,10,2.0,5,51,0.438417,0.004871,0.034314,0.197793,0.988898
A,V2I-Base,5,10,2.0,5,42,0.438811,0.004934,0.033997,0.198251,0.988774
A,V2I-Base,5,10,2.0,5,43,0.437827,0.004732,0.034496,0.194608,0.98913
A,V2I-Base,5,10,2.0,5,44,0.437906,0.004767,0.034469,0.196688,0.989087
A,V2I-Base,5,10,2.0,5,45,0.438128,0.004752,0.034365,0.198148,0.989205
A,V2I-Base,5,10,2.0,5,46,0.437798,0.004767,0.034616,0.201449,0.989121
A,V2I-Base,5,10,2.0,5,47,0.438068,0.004862,0.034085,0.199298,0.988933
A,V2I-Base,5,10,2.0,5,48,0.438456,0.004846,0.034415,0.195526,0.988967
A,V2I-Base,5,10,2.0,5,49,0.438383,0.004735,0.034611,0.199155,0.989128
A,V2I-Base,5,10,2.0,5,50,0.438667,0.004827,0.03441,0.195499,0.988938
A,V2I-Base,5,10,2.0,5,51,0.438417,0.004871,0.034314,0.197793,0.988898
A,V2V-Base,5,10,2.0,5,42,0.987097,0.676433,3.5e-05,4.68195,0.988774
A,V2V-Base,5,10,2.0,5,43,0.987677,0.677916,4.8e-05,4.617254,0.98913
A,V2V-Base,5,10,2.0,5,44,0.988701,0.679101,3.1e-05,4.764252,0.989087
A,V2V-Base,5,10,2.0,5,45,0.988208,0.678264,5.2e-05,4.819722,0.989205
A,V2V-Base,5,10,2.0,5,46,0.988354,0.678896,2.2e-05,4.810288,0.989121
A,V2V-Base,5,10,2.0,5,47,0.987522,0.677348,3e-05,4.771072,0.988933
A,V2V-Base,5,10,2.0,5,48,0.988254,0.677974,4.3e-05,4.633166,0.988967
A,V2V-Base,5,10,2.0,5,49,0.987764,0.677598,3.3e-05,4.752936,0.989128
A,V2V-Base,5,10,2.0,5,50,0.988568,0.678612,4.4e-05,4.760508,0.988938
A,V2V-Base,5,10,2.0,5,51,0.986211,0.676212,4.1e-05,4.620441,0.988898
A,Random-K,5,10,2.0,5,42,0.987144,0.8881,0.000792,6.372572,0.988774
A,Random-K,5,10,2.0,5,43,0.987706,0.888897,0.000725,6.307443,0.98913
A,Random-K,5,10,2.0,5,44,0.988829,0.889619,0.000694,6.49169,0.989087
A,Random-K,5,10,2.0,5,45,0.988204,0.889536,0.001058,6.574573,0.989205
A,Random-K,5,10,2.0,5,46,0.988343,0.889364,0.000913,6.544349,0.989121
A,Random-K,5,10,2.0,5,47,0.98734,0.888612,0.000856,6.509827,0.988933
A,Random-K,5,10,2.0,5,48,0.988,0.889264,0.000854,6.380492,0.988967
A,Random-K,5,10,2.0,5,49,0.987305,0.888023,0.001099,6.47267,0.989128
A,Random-K,5,10,2.0,5,50,0.988235,0.889418,0.00083,6.429629,0.988938
A,Random-K,5,10,2.0,5,51,0.986859,0.887899,0.001141,6.300282,0.988898
A,RILP,5,10,3.0,5,42,0.438811,0.004934,0.033997,0.198251,0.988774
A,RILP,5,10,3.0,5,43,0.437827,0.004732,0.034496,0.194608,0.98913
A,RILP,5,10,3.0,5,44,0.437906,0.004767,0.034469,0.196688,0.989087
A,RILP,5,10,3.0,5,45,0.438128,0.004752,0.034365,0.198148,0.989205
A,RILP,5,10,3.0,5,46,0.437798,0.004767,0.034616,0.201449,0.989121
A,RILP,5,10,3.0,5,47,0.438068,0.004862,0.034085,0.199298,0.988933
A,RILP,5,10,3.0,5,48,0.438456,0.004846,0.034415,0.195526,0.988967
A,RILP,5,10,3.0,5,49,0.438383,0.004735,0.034611,0.199155,0.989128
A,RILP,5,10,3.0,5,50,0.438667,0.004827,0.03441,0.195499,0.988938
A,RILP,5,10,3.0,5,51,0.438417,0.004871,0.034314,0.197793,0.988898
A,RILP-Greedy,5,10,3.0,5,42,0.438811,0.004934,0.033997,0.198251,0.988774
A,RILP-Greedy,5,10,3.0,5,43,0.437827,0.004732,0.034496,0.194608,0.98913
A,RILP-Greedy,5,10,3.0,5,44,0.437906,0.004767,0.034469,0.196688,0.989087
A,RILP-Greedy,5,10,3.0,5,45,0.438128,0.004752,0.034365,0.198148,0.989205
A,RILP-Greedy,5,10,3.0,5,46,0.437798,0.004767,0.034616,0.201449,0.989121
A,RILP-Greedy,5,10,3.0,5,47,0.438068,0.004862,0.034085,0.199298,0.988933
A,RILP-Greedy,5,10,3.0,5,48,0.438456,0.004846,0.034415,0.195526,0.988967
A,RILP-Greedy,5,10,3.0,5,49,0.438383,0.004735,0.034611,0.199155,0.989128
A,RILP-Greedy,5,10,3.0,5,50,0.438667,0.004827,0.03441,0.195499,0.988938
A,RILP-Greedy,5,10,3.0,5,51,0.438417,0.004871,0.034314,0.197793,0.988898
A,Nam2023b,5,10,3.0,5,42,0.291276,0.003209,0.198227,7.060082,0.988774
A,Nam2023b,5,10,3.0,5,43,0.29103,0.003205,0.198154,6.987503,0.98913
A,Nam2023b,5,10,3.0,5,44,0.291163,0.003196,0.197642,7.192365,0.989087
A,Nam2023b,5,10,3.0,5,45,0.291049,0.003093,0.198525,7.283436,0.989205
A,Nam2023b,5,10,3.0,5,46,0.290882,0.003174,0.197955,7.246817,0.989121
A,Nam2023b,5,10,3.0,5,47,0.291321,0.003241,0.197937,7.21206,0.988933
A,Nam2023b,5,10,3.0,5,48,0.290968,0.003282,0.198892,7.068816,0.988967
A,Nam2023b,5,10,3.0,5,49,0.291359,0.003153,0.198159,7.169061,0.989128
A,Nam2023b,5,10,3.0,5,50,0.291516,0.00321,0.19811,7.126116,0.988938
A,Nam2023b,5,10,3.0,5,51,0.291686,0.003289,0.197553,6.982602,0.988898
A,Nam2025,5,10,3.0,5,42,0.438811,0.004934,0.033997,0.198251,0.988774
A,Nam2025,5,10,3.0,5,43,0.437827,0.004732,0.034496,0.194608,0.98913
A,Nam2025,5,10,3.0,5,44,0.437906,0.004767,0.034469,0.196688,0.989087
A,Nam2025,5,10,3.0,5,45,0.438128,0.004752,0.034365,0.198148,0.989205
A,Nam2025,5,10,3.0,5,46,0.437798,0.004767,0.034616,0.201449,0.989121
A,Nam2025,5,10,3.0,5,47,0.438068,0.004862,0.034085,0.199298,0.988933
A,Nam2025,5,10,3.0,5,48,0.438456,0.004846,0.034415,0.195526,0.988967
A,Nam2025,5,10,3.0,5,49,0.438383,0.004735,0.034611,0.199155,0.989128
A,Nam2025,5,10,3.0,5,50,0.438667,0.004827,0.03441,0.195499,0.988938
A,Nam2025,5,10,3.0,5,51,0.438417,0.004871,0.034314,0.197793,0.988898
A,Youn2026,5,10,3.0,5,42,0.438811,0.004934,0.033997,0.198251,0.988774
A,Youn2026,5,10,3.0,5,43,0.437827,0.004732,0.034496,0.194608,0.98913
A,Youn2026,5,10,3.0,5,44,0.437906,0.004767,0.034469,0.196688,0.989087
A,Youn2026,5,10,3.0,5,45,0.438128,0.004752,0.034365,0.198148,0.989205
A,Youn2026,5,10,3.0,5,46,0.437798,0.004767,0.034616,0.201449,0.989121
A,Youn2026,5,10,3.0,5,47,0.438068,0.004862,0.034085,0.199298,0.988933
A,Youn2026,5,10,3.0,5,48,0.438456,0.004846,0.034415,0.195526,0.988967
A,Youn2026,5,10,3.0,5,49,0.438383,0.004735,0.034611,0.199155,0.989128
A,Youn2026,5,10,3.0,5,50,0.438667,0.004827,0.03441,0.195499,0.988938
A,Youn2026,5,10,3.0,5,51,0.438417,0.004871,0.034314,0.197793,0.988898
A,V2I-Base,5,10,3.0,5,42,0.438811,0.004934,0.033997,0.198251,0.988774
A,V2I-Base,5,10,3.0,5,43,0.437827,0.004732,0.034496,0.194608,0.98913
A,V2I-Base,5,10,3.0,5,44,0.437906,0.004767,0.034469,0.196688,0.989087
A,V2I-Base,5,10,3.0,5,45,0.438128,0.004752,0.034365,0.198148,0.989205
A,V2I-Base,5,10,3.0,5,46,0.437798,0.004767,0.034616,0.201449,0.989121
A,V2I-Base,5,10,3.0,5,47,0.438068,0.004862,0.034085,0.199298,0.988933
A,V2I-Base,5,10,3.0,5,48,0.438456,0.004846,0.034415,0.195526,0.988967
A,V2I-Base,5,10,3.0,5,49,0.438383,0.004735,0.034611,0.199155,0.989128
A,V2I-Base,5,10,3.0,5,50,0.438667,0.004827,0.03441,0.195499,0.988938
A,V2I-Base,5,10,3.0,5,51,0.438417,0.004871,0.034314,0.197793,0.988898
A,V2V-Base,5,10,3.0,5,42,0.987097,0.676433,3.5e-05,4.68195,0.988774
A,V2V-Base,5,10,3.0,5,43,0.987677,0.677916,4.8e-05,4.617254,0.98913
A,V2V-Base,5,10,3.0,5,44,0.988701,0.679101,3.1e-05,4.764252,0.989087
A,V2V-Base,5,10,3.0,5,45,0.988208,0.678264,5.2e-05,4.819722,0.989205
A,V2V-Base,5,10,3.0,5,46,0.988354,0.678896,2.2e-05,4.810288,0.989121
A,V2V-Base,5,10,3.0,5,47,0.987522,0.677348,3e-05,4.771072,0.988933
A,V2V-Base,5,10,3.0,5,48,0.988254,0.677974,4.3e-05,4.633166,0.988967
A,V2V-Base,5,10,3.0,5,49,0.987764,0.677598,3.3e-05,4.752936,0.989128
A,V2V-Base,5,10,3.0,5,50,0.988568,0.678612,4.4e-05,4.760508,0.988938
A,V2V-Base,5,10,3.0,5,51,0.986211,0.676212,4.1e-05,4.620441,0.988898
A,Random-K,5,10,3.0,5,42,0.987144,0.8881,0.000792,6.372572,0.988774
A,Random-K,5,10,3.0,5,43,0.987706,0.888897,0.000725,6.307443,0.98913
A,Random-K,5,10,3.0,5,44,0.988829,0.889619,0.000694,6.49169,0.989087
A,Random-K,5,10,3.0,5,45,0.988204,0.889536,0.001058,6.574573,0.989205
A,Random-K,5,10,3.0,5,46,0.988343,0.889364,0.000913,6.544349,0.989121
A,Random-K,5,10,3.0,5,47,0.98734,0.888612,0.000856,6.509827,0.988933
A,Random-K,5,10,3.0,5,48,0.988,0.889264,0.000854,6.380492,0.988967
A,Random-K,5,10,3.0,5,49,0.987305,0.888023,0.001099,6.47267,0.989128
A,Random-K,5,10,3.0,5,50,0.988235,0.889418,0.00083,6.429629,0.988938
A,Random-K,5,10,3.0,5,51,0.986859,0.887899,0.001141,6.300282,0.988898
A,RILP,5,20,0.0,5,42,0.438811,0.004934,0.033997,0.198251,0.988774
A,RILP,5,20,0.0,5,43,0.437827,0.004732,0.034496,0.194608,0.98913
A,RILP,5,20,0.0,5,44,0.437906,0.004767,0.034469,0.196688,0.989087
A,RILP,5,20,0.0,5,45,0.438128,0.004752,0.034365,0.198148,0.989205
A,RILP,5,20,0.0,5,46,0.437798,0.004767,0.034616,0.201449,0.989121
A,RILP,5,20,0.0,5,47,0.438068,0.004862,0.034085,0.199298,0.988933
A,RILP,5,20,0.0,5,48,0.438456,0.004846,0.034415,0.195526,0.988967
A,RILP,5,20,0.0,5,49,0.438383,0.004735,0.034611,0.199155,0.989128
A,RILP,5,20,0.0,5,50,0.438667,0.004827,0.03441,0.195499,0.988938
A,RILP,5,20,0.0,5,51,0.438417,0.004871,0.034314,0.197793,0.988898
A,RILP-Greedy,5,20,0.0,5,42,0.438811,0.004934,0.033997,0.198251,0.988774
A,RILP-Greedy,5,20,0.0,5,43,0.437827,0.004732,0.034496,0.194608,0.98913
A,RILP-Greedy,5,20,0.0,5,44,0.437906,0.004767,0.034469,0.196688,0.989087
A,RILP-Greedy,5,20,0.0,5,45,0.438128,0.004752,0.034365,0.198148,0.989205
A,RILP-Greedy,5,20,0.0,5,46,0.437798,0.004767,0.034616,0.201449,0.989121
A,RILP-Greedy,5,20,0.0,5,47,0.438068,0.004862,0.034085,0.199298,0.988933
A,RILP-Greedy,5,20,0.0,5,48,0.438456,0.004846,0.034415,0.195526,0.988967
A,RILP-Greedy,5,20,0.0,5,49,0.438383,0.004735,0.034611,0.199155,0.989128
A,RILP-Greedy,5,20,0.0,5,50,0.438667,0.004827,0.03441,0.195499,0.988938
A,RILP-Greedy,5,20,0.0,5,51,0.438417,0.004871,0.034314,0.197793,0.988898
A,Nam2023b,5,20,0.0,5,42,0.291276,0.003209,0.198227,7.060082,0.988774
A,Nam2023b,5,20,0.0,5,43,0.29103,0.003205,0.198154,6.987503,0.98913
A,Nam2023b,5,20,0.0,5,44,0.291163,0.003196,0.197642,7.192365,0.989087
A,Nam2023b,5,20,0.0,5,45,0.291049,0.003093,0.198525,7.283436,0.989205
A,Nam2023b,5,20,0.0,5,46,0.290882,0.003174,0.197955,7.246817,0.989121
A,Nam2023b,5,20,0.0,5,47,0.291321,0.003241,0.197937,7.21206,0.988933
A,Nam2023b,5,20,0.0,5,48,0.290968,0.003282,0.198892,7.068816,0.988967
A,Nam2023b,5,20,0.0,5,49,0.291359,0.003153,0.198159,7.169061,0.989128
A,Nam2023b,5,20,0.0,5,50,0.291516,0.00321,0.19811,7.126116,0.988938
A,Nam2023b,5,20,0.0,5,51,0.291686,0.003289,0.197553,6.982602,0.988898
A,Nam2025,5,20,0.0,5,42,0.438811,0.004934,0.033997,0.198251,0.988774
A,Nam2025,5,20,0.0,5,43,0.437827,0.004732,0.034496,0.194608,0.98913
A,Nam2025,5,20,0.0,5,44,0.437906,0.004767,0.034469,0.196688,0.989087
A,Nam2025,5,20,0.0,5,45,0.438128,0.004752,0.034365,0.198148,0.989205
A,Nam2025,5,20,0.0,5,46,0.437798,0.004767,0.034616,0.201449,0.989121
A,Nam2025,5,20,0.0,5,47,0.438068,0.004862,0.034085,0.199298,0.988933
A,Nam2025,5,20,0.0,5,48,0.438456,0.004846,0.034415,0.195526,0.988967
A,Nam2025,5,20,0.0,5,49,0.438383,0.004735,0.034611,0.199155,0.989128
A,Nam2025,5,20,0.0,5,50,0.438667,0.004827,0.03441,0.195499,0.988938
A,Nam2025,5,20,0.0,5,51,0.438417,0.004871,0.034314,0.197793,0.988898
A,Youn2026,5,20,0.0,5,42,0.438811,0.004934,0.033997,0.198251,0.988774
A,Youn2026,5,20,0.0,5,43,0.437827,0.004732,0.034496,0.194608,0.98913
A,Youn2026,5,20,0.0,5,44,0.437906,0.004767,0.034469,0.196688,0.989087
A,Youn2026,5,20,0.0,5,45,0.438128,0.004752,0.034365,0.198148,0.989205
A,Youn2026,5,20,0.0,5,46,0.437798,0.004767,0.034616,0.201449,0.989121
A,Youn2026,5,20,0.0,5,47,0.438068,0.004862,0.034085,0.199298,0.988933
A,Youn2026,5,20,0.0,5,48,0.438456,0.004846,0.034415,0.195526,0.988967
A,Youn2026,5,20,0.0,5,49,0.438383,0.004735,0.034611,0.199155,0.989128
A,Youn2026,5,20,0.0,5,50,0.438667,0.004827,0.03441,0.195499,0.988938
A,Youn2026,5,20,0.0,5,51,0.438417,0.004871,0.034314,0.197793,0.988898
A,V2I-Base,5,20,0.0,5,42,0.438811,0.004934,0.033997,0.198251,0.988774
A,V2I-Base,5,20,0.0,5,43,0.437827,0.004732,0.034496,0.194608,0.98913
A,V2I-Base,5,20,0.0,5,44,0.437906,0.004767,0.034469,0.196688,0.989087
A,V2I-Base,5,20,0.0,5,45,0.438128,0.004752,0.034365,0.198148,0.989205
A,V2I-Base,5,20,0.0,5,46,0.437798,0.004767,0.034616,0.201449,0.989121
A,V2I-Base,5,20,0.0,5,47,0.438068,0.004862,0.034085,0.199298,0.988933
A,V2I-Base,5,20,0.0,5,48,0.438456,0.004846,0.034415,0.195526,0.988967
A,V2I-Base,5,20,0.0,5,49,0.438383,0.004735,0.034611,0.199155,0.989128
A,V2I-Base,5,20,0.0,5,50,0.438667,0.004827,0.03441,0.195499,0.988938
A,V2I-Base,5,20,0.0,5,51,0.438417,0.004871,0.034314,0.197793,0.988898
A,V2V-Base,5,20,0.0,5,42,0.987097,0.676433,3.5e-05,4.68195,0.988774
A,V2V-Base,5,20,0.0,5,43,0.987677,0.677916,4.8e-05,4.617254,0.98913
A,V2V-Base,5,20,0.0,5,44,0.988701,0.679101,3.1e-05,4.764252,0.989087
A,V2V-Base,5,20,0.0,5,45,0.988208,0.678264,5.2e-05,4.819722,0.989205
A,V2V-Base,5,20,0.0,5,46,0.988354,0.678896,2.2e-05,4.810288,0.989121
A,V2V-Base,5,20,0.0,5,47,0.987522,0.677348,3e-05,4.771072,0.988933
A,V2V-Base,5,20,0.0,5,48,0.988254,0.677974,4.3e-05,4.633166,0.988967
A,V2V-Base,5,20,0.0,5,49,0.987764,0.677598,3.3e-05,4.752936,0.989128
A,V2V-Base,5,20,0.0,5,50,0.988568,0.678612,4.4e-05,4.760508,0.988938
A,V2V-Base,5,20,0.0,5,51,0.986211,0.676212,4.1e-05,4.620441,0.988898
A,Random-K,5,20,0.0,5,42,0.987144,0.8881,0.000792,6.372572,0.988774
A,Random-K,5,20,0.0,5,43,0.987706,0.888897,0.000725,6.307443,0.98913
A,Random-K,5,20,0.0,5,44,0.988829,0.889619,0.000694,6.49169,0.989087
A,Random-K,5,20,0.0,5,45,0.988204,0.889536,0.001058,6.574573,0.989205
A,Random-K,5,20,0.0,5,46,0.988343,0.889364,0.000913,6.544349,0.989121
A,Random-K,5,20,0.0,5,47,0.98734,0.888612,0.000856,6.509827,0.988933
A,Random-K,5,20,0.0,5,48,0.988,0.889264,0.000854,6.380492,0.988967
A,Random-K,5,20,0.0,5,49,0.987305,0.888023,0.001099,6.47267,0.989128
A,Random-K,5,20,0.0,5,50,0.988235,0.889418,0.00083,6.429629,0.988938
A,Random-K,5,20,0.0,5,51,0.986859,0.887899,0.001141,6.300282,0.988898
A,RILP,5,20,1.0,5,42,0.438811,0.004934,0.033997,0.198251,0.988774
A,RILP,5,20,1.0,5,43,0.437827,0.004732,0.034496,0.194608,0.98913
A,RILP,5,20,1.0,5,44,0.437906,0.004767,0.034469,0.196688,0.989087
A,RILP,5,20,1.0,5,45,0.438128,0.004752,0.034365,0.198148,0.989205
A,RILP,5,20,1.0,5,46,0.437798,0.004767,0.034616,0.201449,0.989121
A,RILP,5,20,1.0,5,47,0.438068,0.004862,0.034085,0.199298,0.988933
A,RILP,5,20,1.0,5,48,0.438456,0.004846,0.034415,0.195526,0.988967
A,RILP,5,20,1.0,5,49,0.438383,0.004735,0.034611,0.199155,0.989128
A,RILP,5,20,1.0,5,50,0.438667,0.004827,0.03441,0.195499,0.988938
A,RILP,5,20,1.0,5,51,0.438417,0.004871,0.034314,0.197793,0.988898
A,RILP-Greedy,5,20,1.0,5,42,0.438811,0.004934,0.033997,0.198251,0.988774
A,RILP-Greedy,5,20,1.0,5,43,0.437827,0.004732,0.034496,0.194608,0.98913
A,RILP-Greedy,5,20,1.0,5,44,0.437906,0.004767,0.034469,0.196688,0.989087
A,RILP-Greedy,5,20,1.0,5,45,0.438128,0.004752,0.034365,0.198148,0.989205
A,RILP-Greedy,5,20,1.0,5,46,0.437798,0.004767,0.034616,0.201449,0.989121
A,RILP-Greedy,5,20,1.0,5,47,0.438068,0.004862,0.034085,0.199298,0.988933
A,RILP-Greedy,5,20,1.0,5,48,0.438456,0.004846,0.034415,0.195526,0.988967
A,RILP-Greedy,5,20,1.0,5,49,0.438383,0.004735,0.034611,0.199155,0.989128
A,RILP-Greedy,5,20,1.0,5,50,0.438667,0.004827,0.03441,0.195499,0.988938
A,RILP-Greedy,5,20,1.0,5,51,0.438417,0.004871,0.034314,0.197793,0.988898
A,Nam2023b,5,20,1.0,5,42,0.291276,0.003209,0.198227,7.060082,0.988774
A,Nam2023b,5,20,1.0,5,43,0.29103,0.003205,0.198154,6.987503,0.98913
A,Nam2023b,5,20,1.0,5,44,0.291163,0.003196,0.197642,7.192365,0.989087
A,Nam2023b,5,20,1.0,5,45,0.291049,0.003093,0.198525,7.283436,0.989205
A,Nam2023b,5,20,1.0,5,46,0.290882,0.003174,0.197955,7.246817,0.989121
A,Nam2023b,5,20,1.0,5,47,0.291321,0.003241,0.197937,7.21206,0.988933
A,Nam2023b,5,20,1.0,5,48,0.290968,0.003282,0.198892,7.068816,0.988967
A,Nam2023b,5,20,1.0,5,49,0.291359,0.003153,0.198159,7.169061,0.989128
A,Nam2023b,5,20,1.0,5,50,0.291516,0.00321,0.19811,7.126116,0.988938
A,Nam2023b,5,20,1.0,5,51,0.291686,0.003289,0.197553,6.982602,0.988898
A,Nam2025,5,20,1.0,5,42,0.438811,0.004934,0.033997,0.198251,0.988774
A,Nam2025,5,20,1.0,5,43,0.437827,0.004732,0.034496,0.194608,0.98913
A,Nam2025,5,20,1.0,5,44,0.437906,0.004767,0.034469,0.196688,0.989087
A,Nam2025,5,20,1.0,5,45,0.438128,0.004752,0.034365,0.198148,0.989205
A,Nam2025,5,20,1.0,5,46,0.437798,0.004767,0.034616,0.201449,0.989121
A,Nam2025,5,20,1.0,5,47,0.438068,0.004862,0.034085,0.199298,0.988933
A,Nam2025,5,20,1.0,5,48,0.438456,0.004846,0.034415,0.195526,0.988967
A,Nam2025,5,20,1.0,5,49,0.438383,0.004735,0.034611,0.199155,0.989128
A,Nam2025,5,20,1.0,5,50,0.438667,0.004827,0.03441,0.195499,0.988938
A,Nam2025,5,20,1.0,5,51,0.438417,0.004871,0.034314,0.197793,0.988898
A,Youn2026,5,20,1.0,5,42,0.438811,0.004934,0.033997,0.198251,0.988774
A,Youn2026,5,20,1.0,5,43,0.437827,0.004732,0.034496,0.194608,0.98913
A,Youn2026,5,20,1.0,5,44,0.437906,0.004767,0.034469,0.196688,0.989087
A,Youn2026,5,20,1.0,5,45,0.438128,0.004752,0.034365,0.198148,0.989205
A,Youn2026,5,20,1.0,5,46,0.437798,0.004767,0.034616,0.201449,0.989121
A,Youn2026,5,20,1.0,5,47,0.438068,0.004862,0.034085,0.199298,0.988933
A,Youn2026,5,20,1.0,5,48,0.438456,0.004846,0.034415,0.195526,0.988967
A,Youn2026,5,20,1.0,5,49,0.438383,0.004735,0.034611,0.199155,0.989128
A,Youn2026,5,20,1.0,5,50,0.438667,0.004827,0.03441,0.195499,0.988938
A,Youn2026,5,20,1.0,5,51,0.438417,0.004871,0.034314,0.197793,0.988898
A,V2I-Base,5,20,1.0,5,42,0.438811,0.004934,0.033997,0.198251,0.988774
A,V2I-Base,5,20,1.0,5,43,0.437827,0.004732,0.034496,0.194608,0.98913
A,V2I-Base,5,20,1.0,5,44,0.437906,0.004767,0.034469,0.196688,0.989087
A,V2I-Base,5,20,1.0,5,45,0.438128,0.004752,0.034365,0.198148,0.989205
A,V2I-Base,5,20,1.0,5,46,0.437798,0.004767,0.034616,0.201449,0.989121
A,V2I-Base,5,20,1.0,5,47,0.438068,0.004862,0.034085,0.199298,0.988933
A,V2I-Base,5,20,1.0,5,48,0.438456,0.004846,0.034415,0.195526,0.988967
A,V2I-Base,5,20,1.0,5,49,0.438383,0.004735,0.034611,0.199155,0.989128
A,V2I-Base,5,20,1.0,5,50,0.438667,0.004827,0.03441,0.195499,0.988938
A,V2I-Base,5,20,1.0,5,51,0.438417,0.004871,0.034314,0.197793,0.988898
A,V2V-Base,5,20,1.0,5,42,0.987097,0.676433,3.5e-05,4.68195,0.988774
A,V2V-Base,5,20,1.0,5,43,0.987677,0.677916,4.8e-05,4.617254,0.98913
A,V2V-Base,5,20,1.0,5,44,0.988701,0.679101,3.1e-05,4.764252,0.989087
A,V2V-Base,5,20,1.0,5,45,0.988208,0.678264,5.2e-05,4.819722,0.989205
A,V2V-Base,5,20,1.0,5,46,0.988354,0.678896,2.2e-05,4.810288,0.989121
A,V2V-Base,5,20,1.0,5,47,0.987522,0.677348,3e-05,4.771072,0.988933
A,V2V-Base,5,20,1.0,5,48,0.988254,0.677974,4.3e-05,4.633166,0.988967
A,V2V-Base,5,20,1.0,5,49,0.987764,0.677598,3.3e-05,4.752936,0.989128
A,V2V-Base,5,20,1.0,5,50,0.988568,0.678612,4.4e-05,4.760508,0.988938
A,V2V-Base,5,20,1.0,5,51,0.986211,0.676212,4.1e-05,4.620441,0.988898
A,Random-K,5,20,1.0,5,42,0.987144,0.8881,0.000792,6.372572,0.988774
A,Random-K,5,20,1.0,5,43,0.987706,0.888897,0.000725,6.307443,0.98913
A,Random-K,5,20,1.0,5,44,0.988829,0.889619,0.000694,6.49169,0.989087
A,Random-K,5,20,1.0,5,45,0.988204,0.889536,0.001058,6.574573,0.989205
A,Random-K,5,20,1.0,5,46,0.988343,0.889364,0.000913,6.544349,0.989121
A,Random-K,5,20,1.0,5,47,0.98734,0.888612,0.000856,6.509827,0.988933
A,Random-K,5,20,1.0,5,48,0.988,0.889264,0.000854,6.380492,0.988967
A,Random-K,5,20,1.0,5,49,0.987305,0.888023,0.001099,6.47267,0.989128
A,Random-K,5,20,1.0,5,50,0.988235,0.889418,0.00083,6.429629,0.988938
A,Random-K,5,20,1.0,5,51,0.986859,0.887899,0.001141,6.300282,0.988898
A,RILP,5,20,2.0,5,42,0.438811,0.004934,0.033997,0.198251,0.988774
A,RILP,5,20,2.0,5,43,0.437827,0.004732,0.034496,0.194608,0.98913
A,RILP,5,20,2.0,5,44,0.437906,0.004767,0.034469,0.196688,0.989087
A,RILP,5,20,2.0,5,45,0.438128,0.004752,0.034365,0.198148,0.989205
A,RILP,5,20,2.0,5,46,0.437798,0.004767,0.034616,0.201449,0.989121
A,RILP,5,20,2.0,5,47,0.438068,0.004862,0.034085,0.199298,0.988933
A,RILP,5,20,2.0,5,48,0.438456,0.004846,0.034415,0.195526,0.988967
A,RILP,5,20,2.0,5,49,0.438383,0.004735,0.034611,0.199155,0.989128
A,RILP,5,20,2.0,5,50,0.438667,0.004827,0.03441,0.195499,0.988938
A,RILP,5,20,2.0,5,51,0.438417,0.004871,0.034314,0.197793,0.988898
A,RILP-Greedy,5,20,2.0,5,42,0.438811,0.004934,0.033997,0.198251,0.988774
A,RILP-Greedy,5,20,2.0,5,43,0.437827,0.004732,0.034496,0.194608,0.98913
A,RILP-Greedy,5,20,2.0,5,44,0.437906,0.004767,0.034469,0.196688,0.989087
A,RILP-Greedy,5,20,2.0,5,45,0.438128,0.004752,0.034365,0.198148,0.989205
A,RILP-Greedy,5,20,2.0,5,46,0.437798,0.004767,0.034616,0.201449,0.989121
A,RILP-Greedy,5,20,2.0,5,47,0.438068,0.004862,0.034085,0.199298,0.988933
A,RILP-Greedy,5,20,2.0,5,48,0.438456,0.004846,0.034415,0.195526,0.988967
A,RILP-Greedy,5,20,2.0,5,49,0.438383,0.004735,0.034611,0.199155,0.989128
A,RILP-Greedy,5,20,2.0,5,50,0.438667,0.004827,0.03441,0.195499,0.988938
A,RILP-Greedy,5,20,2.0,5,51,0.438417,0.004871,0.034314,0.197793,0.988898
A,Nam2023b,5,20,2.0,5,42,0.291276,0.003209,0.198227,7.060082,0.988774
A,Nam2023b,5,20,2.0,5,43,0.29103,0.003205,0.198154,6.987503,0.98913
A,Nam2023b,5,20,2.0,5,44,0.291163,0.003196,0.197642,7.192365,0.989087
A,Nam2023b,5,20,2.0,5,45,0.291049,0.003093,0.198525,7.283436,0.989205
A,Nam2023b,5,20,2.0,5,46,0.290882,0.003174,0.197955,7.246817,0.989121
A,Nam2023b,5,20,2.0,5,47,0.291321,0.003241,0.197937,7.21206,0.988933
A,Nam2023b,5,20,2.0,5,48,0.290968,0.003282,0.198892,7.068816,0.988967
A,Nam2023b,5,20,2.0,5,49,0.291359,0.003153,0.198159,7.169061,0.989128
A,Nam2023b,5,20,2.0,5,50,0.291516,0.00321,0.19811,7.126116,0.988938
A,Nam2023b,5,20,2.0,5,51,0.291686,0.003289,0.197553,6.982602,0.988898
A,Nam2025,5,20,2.0,5,42,0.438811,0.004934,0.033997,0.198251,0.988774
A,Nam2025,5,20,2.0,5,43,0.437827,0.004732,0.034496,0.194608,0.98913
A,Nam2025,5,20,2.0,5,44,0.437906,0.004767,0.034469,0.196688,0.989087
A,Nam2025,5,20,2.0,5,45,0.438128,0.004752,0.034365,0.198148,0.989205
A,Nam2025,5,20,2.0,5,46,0.437798,0.004767,0.034616,0.201449,0.989121
A,Nam2025,5,20,2.0,5,47,0.438068,0.004862,0.034085,0.199298,0.988933
A,Nam2025,5,20,2.0,5,48,0.438456,0.004846,0.034415,0.195526,0.988967
A,Nam2025,5,20,2.0,5,49,0.438383,0.004735,0.034611,0.199155,0.989128
A,Nam2025,5,20,2.0,5,50,0.438667,0.004827,0.03441,0.195499,0.988938
A,Nam2025,5,20,2.0,5,51,0.438417,0.004871,0.034314,0.197793,0.988898
A,Youn2026,5,20,2.0,5,42,0.438811,0.004934,0.033997,0.198251,0.988774
A,Youn2026,5,20,2.0,5,43,0.437827,0.004732,0.034496,0.194608,0.98913
A,Youn2026,5,20,2.0,5,44,0.437906,0.004767,0.034469,0.196688,0.989087
A,Youn2026,5,20,2.0,5,45,0.438128,0.004752,0.034365,0.198148,0.989205
A,Youn2026,5,20,2.0,5,46,0.437798,0.004767,0.034616,0.201449,0.989121
A,Youn2026,5,20,2.0,5,47,0.438068,0.004862,0.034085,0.199298,0.988933
A,Youn2026,5,20,2.0,5,48,0.438456,0.004846,0.034415,0.195526,0.988967
A,Youn2026,5,20,2.0,5,49,0.438383,0.004735,0.034611,0.199155,0.989128
A,Youn2026,5,20,2.0,5,50,0.438667,0.004827,0.03441,0.195499,0.988938
A,Youn2026,5,20,2.0,5,51,0.438417,0.004871,0.034314,0.197793,0.988898
A,V2I-Base,5,20,2.0,5,42,0.438811,0.004934,0.033997,0.198251,0.988774
A,V2I-Base,5,20,2.0,5,43,0.437827,0.004732,0.034496,0.194608,0.98913
A,V2I-Base,5,20,2.0,5,44,0.437906,0.004767,0.034469,0.196688,0.989087
A,V2I-Base,5,20,2.0,5,45,0.438128,0.004752,0.034365,0.198148,0.989205
A,V2I-Base,5,20,2.0,5,46,0.437798,0.004767,0.034616,0.201449,0.989121
A,V2I-Base,5,20,2.0,5,47,0.438068,0.004862,0.034085,0.199298,0.988933
A,V2I-Base,5,20,2.0,5,48,0.438456,0.004846,0.034415,0.195526,0.988967
A,V2I-Base,5,20,2.0,5,49,0.438383,0.004735,0.034611,0.199155,0.989128
A,V2I-Base,5,20,2.0,5,50,0.438667,0.004827,0.03441,0.195499,0.988938
A,V2I-Base,5,20,2.0,5,51,0.438417,0.004871,0.034314,0.197793,0.988898
A,V2V-Base,5,20,2.0,5,42,0.987097,0.676433,3.5e-05,4.68195,0.988774
A,V2V-Base,5,20,2.0,5,43,0.987677,0.677916,4.8e-05,4.617254,0.98913
A,V2V-Base,5,20,2.0,5,44,0.988701,0.679101,3.1e-05,4.764252,0.989087
A,V2V-Base,5,20,2.0,5,45,0.988208,0.678264,5.2e-05,4.819722,0.989205
A,V2V-Base,5,20,2.0,5,46,0.988354,0.678896,2.2e-05,4.810288,0.989121
A,V2V-Base,5,20,2.0,5,47,0.987522,0.677348,3e-05,4.771072,0.988933
A,V2V-Base,5,20,2.0,5,48,0.988254,0.677974,4.3e-05,4.633166,0.988967
A,V2V-Base,5,20,2.0,5,49,0.987764,0.677598,3.3e-05,4.752936,0.989128
A,V2V-Base,5,20,2.0,5,50,0.988568,0.678612,4.4e-05,4.760508,0.988938
A,V2V-Base,5,20,2.0,5,51,0.986211,0.676212,4.1e-05,4.620441,0.988898
A,Random-K,5,20,2.0,5,42,0.987144,0.8881,0.000792,6.372572,0.988774
A,Random-K,5,20,2.0,5,43,0.987706,0.888897,0.000725,6.307443,0.98913
A,Random-K,5,20,2.0,5,44,0.988829,0.889619,0.000694,6.49169,0.989087
A,Random-K,5,20,2.0,5,45,0.988204,0.889536,0.001058,6.574573,0.989205
A,Random-K,5,20,2.0,5,46,0.988343,0.889364,0.000913,6.544349,0.989121
A,Random-K,5,20,2.0,5,47,0.98734,0.888612,0.000856,6.509827,0.988933
A,Random-K,5,20,2.0,5,48,0.988,0.889264,0.000854,6.380492,0.988967
A,Random-K,5,20,2.0,5,49,0.987305,0.888023,0.001099,6.47267,0.989128
A,Random-K,5,20,2.0,5,50,0.988235,0.889418,0.00083,6.429629,0.988938
A,Random-K,5,20,2.0,5,51,0.986859,0.887899,0.001141,6.300282,0.988898
A,RILP,5,20,3.0,5,42,0.438811,0.004934,0.033997,0.198251,0.988774
A,RILP,5,20,3.0,5,43,0.437827,0.004732,0.034496,0.194608,0.98913
A,RILP,5,20,3.0,5,44,0.437906,0.004767,0.034469,0.196688,0.989087
A,RILP,5,20,3.0,5,45,0.438128,0.004752,0.034365,0.198148,0.989205
A,RILP,5,20,3.0,5,46,0.437798,0.004767,0.034616,0.201449,0.989121
A,RILP,5,20,3.0,5,47,0.438068,0.004862,0.034085,0.199298,0.988933
A,RILP,5,20,3.0,5,48,0.438456,0.004846,0.034415,0.195526,0.988967
A,RILP,5,20,3.0,5,49,0.438383,0.004735,0.034611,0.199155,0.989128
A,RILP,5,20,3.0,5,50,0.438667,0.004827,0.03441,0.195499,0.988938
A,RILP,5,20,3.0,5,51,0.438417,0.004871,0.034314,0.197793,0.988898
A,RILP-Greedy,5,20,3.0,5,42,0.438811,0.004934,0.033997,0.198251,0.988774
A,RILP-Greedy,5,20,3.0,5,43,0.437827,0.004732,0.034496,0.194608,0.98913
A,RILP-Greedy,5,20,3.0,5,44,0.437906,0.004767,0.034469,0.196688,0.989087
A,RILP-Greedy,5,20,3.0,5,45,0.438128,0.004752,0.034365,0.198148,0.989205
A,RILP-Greedy,5,20,3.0,5,46,0.437798,0.004767,0.034616,0.201449,0.989121
A,RILP-Greedy,5,20,3.0,5,47,0.438068,0.004862,0.034085,0.199298,0.988933
A,RILP-Greedy,5,20,3.0,5,48,0.438456,0.004846,0.034415,0.195526,0.988967
A,RILP-Greedy,5,20,3.0,5,49,0.438383,0.004735,0.034611,0.199155,0.989128
A,RILP-Greedy,5,20,3.0,5,50,0.438667,0.004827,0.03441,0.195499,0.988938
A,RILP-Greedy,5,20,3.0,5,51,0.438417,0.004871,0.034314,0.197793,0.988898
A,Nam2023b,5,20,3.0,5,42,0.291276,0.003209,0.198227,7.060082,0.988774
A,Nam2023b,5,20,3.0,5,43,0.29103,0.003205,0.198154,6.987503,0.98913
A,Nam2023b,5,20,3.0,5,44,0.291163,0.003196,0.197642,7.192365,0.989087
A,Nam2023b,5,20,3.0,5,45,0.291049,0.003093,0.198525,7.283436,0.989205
A,Nam2023b,5,20,3.0,5,46,0.290882,0.003174,0.197955,7.246817,0.989121
A,Nam2023b,5,20,3.0,5,47,0.291321,0.003241,0.197937,7.21206,0.988933
A,Nam2023b,5,20,3.0,5,48,0.290968,0.003282,0.198892,7.068816,0.988967
A,Nam2023b,5,20,3.0,5,49,0.291359,0.003153,0.198159,7.169061,0.989128
A,Nam2023b,5,20,3.0,5,50,0.291516,0.00321,0.19811,7.126116,0.988938
A,Nam2023b,5,20,3.0,5,51,0.291686,0.003289,0.197553,6.982602,0.988898
A,Nam2025,5,20,3.0,5,42,0.438811,0.004934,0.033997,0.198251,0.988774
A,Nam2025,5,20,3.0,5,43,0.437827,0.004732,0.034496,0.194608,0.98913
A,Nam2025,5,20,3.0,5,44,0.437906,0.004767,0.034469,0.196688,0.989087
A,Nam2025,5,20,3.0,5,45,0.438128,0.004752,0.034365,0.198148,0.989205
A,Nam2025,5,20,3.0,5,46,0.437798,0.004767,0.034616,0.201449,0.989121
A,Nam2025,5,20,3.0,5,47,0.438068,0.004862,0.034085,0.199298,0.988933
A,Nam2025,5,20,3.0,5,48,0.438456,0.004846,0.034415,0.195526,0.988967
A,Nam2025,5,20,3.0,5,49,0.438383,0.004735,0.034611,0.199155,0.989128
A,Nam2025,5,20,3.0,5,50,0.438667,0.004827,0.03441,0.195499,0.988938
A,Nam2025,5,20,3.0,5,51,0.438417,0.004871,0.034314,0.197793,0.988898
A,Youn2026,5,20,3.0,5,42,0.438811,0.004934,0.033997,0.198251,0.988774
A,Youn2026,5,20,3.0,5,43,0.437827,0.004732,0.034496,0.194608,0.98913
A,Youn2026,5,20,3.0,5,44,0.437906,0.004767,0.034469,0.196688,0.989087
A,Youn2026,5,20,3.0,5,45,0.438128,0.004752,0.034365,0.198148,0.989205
A,Youn2026,5,20,3.0,5,46,0.437798,0.004767,0.034616,0.201449,0.989121
A,Youn2026,5,20,3.0,5,47,0.438068,0.004862,0.034085,0.199298,0.988933
A,Youn2026,5,20,3.0,5,48,0.438456,0.004846,0.034415,0.195526,0.988967
A,Youn2026,5,20,3.0,5,49,0.438383,0.004735,0.034611,0.199155,0.989128
A,Youn2026,5,20,3.0,5,50,0.438667,0.004827,0.03441,0.195499,0.988938
A,Youn2026,5,20,3.0,5,51,0.438417,0.004871,0.034314,0.197793,0.988898
A,V2I-Base,5,20,3.0,5,42,0.438811,0.004934,0.033997,0.198251,0.988774
A,V2I-Base,5,20,3.0,5,43,0.437827,0.004732,0.034496,0.194608,0.98913
A,V2I-Base,5,20,3.0,5,44,0.437906,0.004767,0.034469,0.196688,0.989087
A,V2I-Base,5,20,3.0,5,45,0.438128,0.004752,0.034365,0.198148,0.989205
A,V2I-Base,5,20,3.0,5,46,0.437798,0.004767,0.034616,0.201449,0.989121
A,V2I-Base,5,20,3.0,5,47,0.438068,0.004862,0.034085,0.199298,0.988933
A,V2I-Base,5,20,3.0,5,48,0.438456,0.004846,0.034415,0.195526,0.988967
A,V2I-Base,5,20,3.0,5,49,0.438383,0.004735,0.034611,0.199155,0.989128
A,V2I-Base,5,20,3.0,5,50,0.438667,0.004827,0.03441,0.195499,0.988938
A,V2I-Base,5,20,3.0,5,51,0.438417,0.004871,0.034314,0.197793,0.988898
A,V2V-Base,5,20,3.0,5,42,0.987097,0.676433,3.5e-05,4.68195,0.988774
A,V2V-Base,5,20,3.0,5,43,0.987677,0.677916,4.8e-05,4.617254,0.98913
A,V2V-Base,5,20,3.0,5,44,0.988701,0.679101,3.1e-05,4.764252,0.989087
A,V2V-Base,5,20,3.0,5,45,0.988208,0.678264,5.2e-05,4.819722,0.989205
A,V2V-Base,5,20,3.0,5,46,0.988354,0.678896,2.2e-05,4.810288,0.989121
A,V2V-Base,5,20,3.0,5,47,0.987522,0.677348,3e-05,4.771072,0.988933
A,V2V-Base,5,20,3.0,5,48,0.988254,0.677974,4.3e-05,4.633166,0.988967
A,V2V-Base,5,20,3.0,5,49,0.987764,0.677598,3.3e-05,4.752936,0.989128
A,V2V-Base,5,20,3.0,5,50,0.988568,0.678612,4.4e-05,4.760508,0.988938
A,V2V-Base,5,20,3.0,5,51,0.986211,0.676212,4.1e-05,4.620441,0.988898
A,Random-K,5,20,3.0,5,42,0.987144,0.8881,0.000792,6.372572,0.988774
A,Random-K,5,20,3.0,5,43,0.987706,0.888897,0.000725,6.307443,0.98913
A,Random-K,5,20,3.0,5,44,0.988829,0.889619,0.000694,6.49169,0.989087
A,Random-K,5,20,3.0,5,45,0.988204,0.889536,0.001058,6.574573,0.989205
A,Random-K,5,20,3.0,5,46,0.988343,0.889364,0.000913,6.544349,0.989121
A,Random-K,5,20,3.0,5,47,0.98734,0.888612,0.000856,6.509827,0.988933
A,Random-K,5,20,3.0,5,48,0.988,0.889264,0.000854,6.380492,0.988967
A,Random-K,5,20,3.0,5,49,0.987305,0.888023,0.001099,6.47267,0.989128
A,Random-K,5,20,3.0,5,50,0.988235,0.889418,0.00083,6.429629,0.988938
A,Random-K,5,20,3.0,5,51,0.986859,0.887899,0.001141,6.300282,0.988898
A,RILP,5,30,0.0,5,42,0.438811,0.004934,0.033997,0.198251,0.988774
A,RILP,5,30,0.0,5,43,0.437827,0.004732,0.034496,0.194608,0.98913
A,RILP,5,30,0.0,5,44,0.437906,0.004767,0.034469,0.196688,0.989087
A,RILP,5,30,0.0,5,45,0.438128,0.004752,0.034365,0.198148,0.989205
A,RILP,5,30,0.0,5,46,0.437798,0.004767,0.034616,0.201449,0.989121
A,RILP,5,30,0.0,5,47,0.438068,0.004862,0.034085,0.199298,0.988933
A,RILP,5,30,0.0,5,48,0.438456,0.004846,0.034415,0.195526,0.988967
A,RILP,5,30,0.0,5,49,0.438383,0.004735,0.034611,0.199155,0.989128
A,RILP,5,30,0.0,5,50,0.438667,0.004827,0.03441,0.195499,0.988938
A,RILP,5,30,0.0,5,51,0.438417,0.004871,0.034314,0.197793,0.988898
A,RILP-Greedy,5,30,0.0,5,42,0.438811,0.004934,0.033997,0.198251,0.988774
A,RILP-Greedy,5,30,0.0,5,43,0.437827,0.004732,0.034496,0.194608,0.98913
A,RILP-Greedy,5,30,0.0,5,44,0.437906,0.004767,0.034469,0.196688,0.989087
A,RILP-Greedy,5,30,0.0,5,45,0.438128,0.004752,0.034365,0.198148,0.989205
A,RILP-Greedy,5,30,0.0,5,46,0.437798,0.004767,0.034616,0.201449,0.989121
A,RILP-Greedy,5,30,0.0,5,47,0.438068,0.004862,0.034085,0.199298,0.988933
A,RILP-Greedy,5,30,0.0,5,48,0.438456,0.004846,0.034415,0.195526,0.988967
A,RILP-Greedy,5,30,0.0,5,49,0.438383,0.004735,0.034611,0.199155,0.989128
A,RILP-Greedy,5,30,0.0,5,50,0.438667,0.004827,0.03441,0.195499,0.988938
A,RILP-Greedy,5,30,0.0,5,51,0.438417,0.004871,0.034314,0.197793,0.988898
A,Nam2023b,5,30,0.0,5,42,0.291276,0.003209,0.198227,7.060082,0.988774
A,Nam2023b,5,30,0.0,5,43,0.29103,0.003205,0.198154,6.987503,0.98913
A,Nam2023b,5,30,0.0,5,44,0.291163,0.003196,0.197642,7.192365,0.989087
A,Nam2023b,5,30,0.0,5,45,0.291049,0.003093,0.198525,7.283436,0.989205
A,Nam2023b,5,30,0.0,5,46,0.290882,0.003174,0.197955,7.246817,0.989121
A,Nam2023b,5,30,0.0,5,47,0.291321,0.003241,0.197937,7.21206,0.988933
A,Nam2023b,5,30,0.0,5,48,0.290968,0.003282,0.198892,7.068816,0.988967
A,Nam2023b,5,30,0.0,5,49,0.291359,0.003153,0.198159,7.169061,0.989128
A,Nam2023b,5,30,0.0,5,50,0.291516,0.00321,0.19811,7.126116,0.988938
A,Nam2023b,5,30,0.0,5,51,0.291686,0.003289,0.197553,6.982602,0.988898
A,Nam2025,5,30,0.0,5,42,0.438811,0.004934,0.033997,0.198251,0.988774
A,Nam2025,5,30,0.0,5,43,0.437827,0.004732,0.034496,0.194608,0.98913
A,Nam2025,5,30,0.0,5,44,0.437906,0.004767,0.034469,0.196688,0.989087
A,Nam2025,5,30,0.0,5,45,0.438128,0.004752,0.034365,0.198148,0.989205
A,Nam2025,5,30,0.0,5,46,0.437798,0.004767,0.034616,0.201449,0.989121
A,Nam2025,5,30,0.0,5,47,0.438068,0.004862,0.034085,0.199298,0.988933
A,Nam2025,5,30,0.0,5,48,0.438456,0.004846,0.034415,0.195526,0.988967
A,Nam2025,5,30,0.0,5,49,0.438383,0.004735,0.034611,0.199155,0.989128
A,Nam2025,5,30,0.0,5,50,0.438667,0.004827,0.03441,0.195499,0.988938
A,Nam2025,5,30,0.0,5,51,0.438417,0.004871,0.034314,0.197793,0.988898
A,Youn2026,5,30,0.0,5,42,0.438811,0.004934,0.033997,0.198251,0.988774
A,Youn2026,5,30,0.0,5,43,0.437827,0.004732,0.034496,0.194608,0.98913
A,Youn2026,5,30,0.0,5,44,0.437906,0.004767,0.034469,0.196688,0.989087
A,Youn2026,5,30,0.0,5,45,0.438128,0.004752,0.034365,0.198148,0.989205
A,Youn2026,5,30,0.0,5,46,0.437798,0.004767,0.034616,0.201449,0.989121
A,Youn2026,5,30,0.0,5,47,0.438068,0.004862,0.034085,0.199298,0.988933
A,Youn2026,5,30,0.0,5,48,0.438456,0.004846,0.034415,0.195526,0.988967
A,Youn2026,5,30,0.0,5,49,0.438383,0.004735,0.034611,0.199155,0.989128
A,Youn2026,5,30,0.0,5,50,0.438667,0.004827,0.03441,0.195499,0.988938
A,Youn2026,5,30,0.0,5,51,0.438417,0.004871,0.034314,0.197793,0.988898
A,V2I-Base,5,30,0.0,5,42,0.438811,0.004934,0.033997,0.198251,0.988774
A,V2I-Base,5,30,0.0,5,43,0.437827,0.004732,0.034496,0.194608,0.98913
A,V2I-Base,5,30,0.0,5,44,0.437906,0.004767,0.034469,0.196688,0.989087
A,V2I-Base,5,30,0.0,5,45,0.438128,0.004752,0.034365,0.198148,0.989205
A,V2I-Base,5,30,0.0,5,46,0.437798,0.004767,0.034616,0.201449,0.989121
A,V2I-Base,5,30,0.0,5,47,0.438068,0.004862,0.034085,0.199298,0.988933
A,V2I-Base,5,30,0.0,5,48,0.438456,0.004846,0.034415,0.195526,0.988967
A,V2I-Base,5,30,0.0,5,49,0.438383,0.004735,0.034611,0.199155,0.989128
A,V2I-Base,5,30,0.0,5,50,0.438667,0.004827,0.03441,0.195499,0.988938
A,V2I-Base,5,30,0.0,5,51,0.438417,0.004871,0.034314,0.197793,0.988898
A,V2V-Base,5,30,0.0,5,42,0.987097,0.676433,3.5e-05,4.68195,0.988774
A,V2V-Base,5,30,0.0,5,43,0.987677,0.677916,4.8e-05,4.617254,0.98913
A,V2V-Base,5,30,0.0,5,44,0.988701,0.679101,3.1e-05,4.764252,0.989087
A,V2V-Base,5,30,0.0,5,45,0.988208,0.678264,5.2e-05,4.819722,0.989205
A,V2V-Base,5,30,0.0,5,46,0.988354,0.678896,2.2e-05,4.810288,0.989121
A,V2V-Base,5,30,0.0,5,47,0.987522,0.677348,3e-05,4.771072,0.988933
A,V2V-Base,5,30,0.0,5,48,0.988254,0.677974,4.3e-05,4.633166,0.988967
A,V2V-Base,5,30,0.0,5,49,0.987764,0.677598,3.3e-05,4.752936,0.989128
A,V2V-Base,5,30,0.0,5,50,0.988568,0.678612,4.4e-05,4.760508,0.988938
A,V2V-Base,5,30,0.0,5,51,0.986211,0.676212,4.1e-05,4.620441,0.988898
A,Random-K,5,30,0.0,5,42,0.987144,0.8881,0.000792,6.372572,0.988774
A,Random-K,5,30,0.0,5,43,0.987706,0.888897,0.000725,6.307443,0.98913
A,Random-K,5,30,0.0,5,44,0.988829,0.889619,0.000694,6.49169,0.989087
A,Random-K,5,30,0.0,5,45,0.988204,0.889536,0.001058,6.574573,0.989205
A,Random-K,5,30,0.0,5,46,0.988343,0.889364,0.000913,6.544349,0.989121
A,Random-K,5,30,0.0,5,47,0.98734,0.888612,0.000856,6.509827,0.988933
A,Random-K,5,30,0.0,5,48,0.988,0.889264,0.000854,6.380492,0.988967
A,Random-K,5,30,0.0,5,49,0.987305,0.888023,0.001099,6.47267,0.989128
A,Random-K,5,30,0.0,5,50,0.988235,0.889418,0.00083,6.429629,0.988938
A,Random-K,5,30,0.0,5,51,0.986859,0.887899,0.001141,6.300282,0.988898
A,RILP,5,30,1.0,5,42,0.438811,0.004934,0.033997,0.198251,0.988774
A,RILP,5,30,1.0,5,43,0.437827,0.004732,0.034496,0.194608,0.98913
A,RILP,5,30,1.0,5,44,0.437906,0.004767,0.034469,0.196688,0.989087
A,RILP,5,30,1.0,5,45,0.438128,0.004752,0.034365,0.198148,0.989205
A,RILP,5,30,1.0,5,46,0.437798,0.004767,0.034616,0.201449,0.989121
A,RILP,5,30,1.0,5,47,0.438068,0.004862,0.034085,0.199298,0.988933
A,RILP,5,30,1.0,5,48,0.438456,0.004846,0.034415,0.195526,0.988967
A,RILP,5,30,1.0,5,49,0.438383,0.004735,0.034611,0.199155,0.989128
A,RILP,5,30,1.0,5,50,0.438667,0.004827,0.03441,0.195499,0.988938
A,RILP,5,30,1.0,5,51,0.438417,0.004871,0.034314,0.197793,0.988898
A,RILP-Greedy,5,30,1.0,5,42,0.438811,0.004934,0.033997,0.198251,0.988774
A,RILP-Greedy,5,30,1.0,5,43,0.437827,0.004732,0.034496,0.194608,0.98913
A,RILP-Greedy,5,30,1.0,5,44,0.437906,0.004767,0.034469,0.196688,0.989087
A,RILP-Greedy,5,30,1.0,5,45,0.438128,0.004752,0.034365,0.198148,0.989205
A,RILP-Greedy,5,30,1.0,5,46,0.437798,0.004767,0.034616,0.201449,0.989121
A,RILP-Greedy,5,30,1.0,5,47,0.438068,0.004862,0.034085,0.199298,0.988933
A,RILP-Greedy,5,30,1.0,5,48,0.438456,0.004846,0.034415,0.195526,0.988967
A,RILP-Greedy,5,30,1.0,5,49,0.438383,0.004735,0.034611,0.199155,0.989128
A,RILP-Greedy,5,30,1.0,5,50,0.438667,0.004827,0.03441,0.195499,0.988938
A,RILP-Greedy,5,30,1.0,5,51,0.438417,0.004871,0.034314,0.197793,0.988898
A,Nam2023b,5,30,1.0,5,42,0.291276,0.003209,0.198227,7.060082,0.988774
A,Nam2023b,5,30,1.0,5,43,0.29103,0.003205,0.198154,6.987503,0.98913
A,Nam2023b,5,30,1.0,5,44,0.291163,0.003196,0.197642,7.192365,0.989087
A,Nam2023b,5,30,1.0,5,45,0.291049,0.003093,0.198525,7.283436,0.989205
A,Nam2023b,5,30,1.0,5,46,0.290882,0.003174,0.197955,7.246817,0.989121
A,Nam2023b,5,30,1.0,5,47,0.291321,0.003241,0.197937,7.21206,0.988933
A,Nam2023b,5,30,1.0,5,48,0.290968,0.003282,0.198892,7.068816,0.988967
A,Nam2023b,5,30,1.0,5,49,0.291359,0.003153,0.198159,7.169061,0.989128
A,Nam2023b,5,30,1.0,5,50,0.291516,0.00321,0.19811,7.126116,0.988938
A,Nam2023b,5,30,1.0,5,51,0.291686,0.003289,0.197553,6.982602,0.988898
A,Nam2025,5,30,1.0,5,42,0.438811,0.004934,0.033997,0.198251,0.988774
A,Nam2025,5,30,1.0,5,43,0.437827,0.004732,0.034496,0.194608,0.98913
A,Nam2025,5,30,1.0,5,44,0.437906,0.004767,0.034469,0.196688,0.989087
A,Nam2025,5,30,1.0,5,45,0.438128,0.004752,0.034365,0.198148,0.989205
A,Nam2025,5,30,1.0,5,46,0.437798,0.004767,0.034616,0.201449,0.989121
A,Nam2025,5,30,1.0,5,47,0.438068,0.004862,0.034085,0.199298,0.988933
A,Nam2025,5,30,1.0,5,48,0.438456,0.004846,0.034415,0.195526,0.988967
A,Nam2025,5,30,1.0,5,49,0.438383,0.004735,0.034611,0.199155,0.989128
A,Nam2025,5,30,1.0,5,50,0.438667,0.004827,0.03441,0.195499,0.988938
A,Nam2025,5,30,1.0,5,51,0.438417,0.004871,0.034314,0.197793,0.988898
A,Youn2026,5,30,1.0,5,42,0.438811,0.004934,0.033997,0.198251,0.988774
A,Youn2026,5,30,1.0,5,43,0.437827,0.004732,0.034496,0.194608,0.98913
A,Youn2026,5,30,1.0,5,44,0.437906,0.004767,0.034469,0.196688,0.989087
A,Youn2026,5,30,1.0,5,45,0.438128,0.004752,0.034365,0.198148,0.989205
A,Youn2026,5,30,1.0,5,46,0.437798,0.004767,0.034616,0.201449,0.989121
A,Youn2026,5,30,1.0,5,47,0.438068,0.004862,0.034085,0.199298,0.988933
A,Youn2026,5,30,1.0,5,48,0.438456,0.004846,0.034415,0.195526,0.988967
A,Youn2026,5,30,1.0,5,49,0.438383,0.004735,0.034611,0.199155,0.989128
A,Youn2026,5,30,1.0,5,50,0.438667,0.004827,0.03441,0.195499,0.988938
A,Youn2026,5,30,1.0,5,51,0.438417,0.004871,0.034314,0.197793,0.988898
A,V2I-Base,5,30,1.0,5,42,0.438811,0.004934,0.033997,0.198251,0.988774
A,V2I-Base,5,30,1.0,5,43,0.437827,0.004732,0.034496,0.194608,0.98913
A,V2I-Base,5,30,1.0,5,44,0.437906,0.004767,0.034469,0.196688,0.989087
A,V2I-Base,5,30,1.0,5,45,0.438128,0.004752,0.034365,0.198148,0.989205
A,V2I-Base,5,30,1.0,5,46,0.437798,0.004767,0.034616,0.201449,0.989121
A,V2I-Base,5,30,1.0,5,47,0.438068,0.004862,0.034085,0.199298,0.988933
A,V2I-Base,5,30,1.0,5,48,0.438456,0.004846,0.034415,0.195526,0.988967
A,V2I-Base,5,30,1.0,5,49,0.438383,0.004735,0.034611,0.199155,0.989128
A,V2I-Base,5,30,1.0,5,50,0.438667,0.004827,0.03441,0.195499,0.988938
A,V2I-Base,5,30,1.0,5,51,0.438417,0.004871,0.034314,0.197793,0.988898
A,V2V-Base,5,30,1.0,5,42,0.987097,0.676433,3.5e-05,4.68195,0.988774
A,V2V-Base,5,30,1.0,5,43,0.987677,0.677916,4.8e-05,4.617254,0.98913
A,V2V-Base,5,30,1.0,5,44,0.988701,0.679101,3.1e-05,4.764252,0.989087
A,V2V-Base,5,30,1.0,5,45,0.988208,0.678264,5.2e-05,4.819722,0.989205
A,V2V-Base,5,30,1.0,5,46,0.988354,0.678896,2.2e-05,4.810288,0.989121
A,V2V-Base,5,30,1.0,5,47,0.987522,0.677348,3e-05,4.771072,0.988933
A,V2V-Base,5,30,1.0,5,48,0.988254,0.677974,4.3e-05,4.633166,0.988967
A,V2V-Base,5,30,1.0,5,49,0.987764,0.677598,3.3e-05,4.752936,0.989128
A,V2V-Base,5,30,1.0,5,50,0.988568,0.678612,4.4e-05,4.760508,0.988938
A,V2V-Base,5,30,1.0,5,51,0.986211,0.676212,4.1e-05,4.620441,0.988898
A,Random-K,5,30,1.0,5,42,0.987144,0.8881,0.000792,6.372572,0.988774
A,Random-K,5,30,1.0,5,43,0.987706,0.888897,0.000725,6.307443,0.98913
A,Random-K,5,30,1.0,5,44,0.988829,0.889619,0.000694,6.49169,0.989087
A,Random-K,5,30,1.0,5,45,0.988204,0.889536,0.001058,6.574573,0.989205
A,Random-K,5,30,1.0,5,46,0.988343,0.889364,0.000913,6.544349,0.989121
A,Random-K,5,30,1.0,5,47,0.98734,0.888612,0.000856,6.509827,0.988933
A,Random-K,5,30,1.0,5,48,0.988,0.889264,0.000854,6.380492,0.988967
A,Random-K,5,30,1.0,5,49,0.987305,0.888023,0.001099,6.47267,0.989128
A,Random-K,5,30,1.0,5,50,0.988235,0.889418,0.00083,6.429629,0.988938
A,Random-K,5,30,1.0,5,51,0.986859,0.887899,0.001141,6.300282,0.988898
A,RILP,5,30,2.0,5,42,0.438811,0.004934,0.033997,0.198251,0.988774
A,RILP,5,30,2.0,5,43,0.437827,0.004732,0.034496,0.194608,0.98913
A,RILP,5,30,2.0,5,44,0.437906,0.004767,0.034469,0.196688,0.989087
A,RILP,5,30,2.0,5,45,0.438128,0.004752,0.034365,0.198148,0.989205
A,RILP,5,30,2.0,5,46,0.437798,0.004767,0.034616,0.201449,0.989121
A,RILP,5,30,2.0,5,47,0.438068,0.004862,0.034085,0.199298,0.988933
A,RILP,5,30,2.0,5,48,0.438456,0.004846,0.034415,0.195526,0.988967
A,RILP,5,30,2.0,5,49,0.438383,0.004735,0.034611,0.199155,0.989128
A,RILP,5,30,2.0,5,50,0.438667,0.004827,0.03441,0.195499,0.988938
A,RILP,5,30,2.0,5,51,0.438417,0.004871,0.034314,0.197793,0.988898
A,RILP-Greedy,5,30,2.0,5,42,0.438811,0.004934,0.033997,0.198251,0.988774
A,RILP-Greedy,5,30,2.0,5,43,0.437827,0.004732,0.034496,0.194608,0.98913
A,RILP-Greedy,5,30,2.0,5,44,0.437906,0.004767,0.034469,0.196688,0.989087
A,RILP-Greedy,5,30,2.0,5,45,0.438128,0.004752,0.034365,0.198148,0.989205
A,RILP-Greedy,5,30,2.0,5,46,0.437798,0.004767,0.034616,0.201449,0.989121
A,RILP-Greedy,5,30,2.0,5,47,0.438068,0.004862,0.034085,0.199298,0.988933
A,RILP-Greedy,5,30,2.0,5,48,0.438456,0.004846,0.034415,0.195526,0.988967
A,RILP-Greedy,5,30,2.0,5,49,0.438383,0.004735,0.034611,0.199155,0.989128
A,RILP-Greedy,5,30,2.0,5,50,0.438667,0.004827,0.03441,0.195499,0.988938
A,RILP-Greedy,5,30,2.0,5,51,0.438417,0.004871,0.034314,0.197793,0.988898
A,Nam2023b,5,30,2.0,5,42,0.291276,0.003209,0.198227,7.060082,0.988774
A,Nam2023b,5,30,2.0,5,43,0.29103,0.003205,0.198154,6.987503,0.98913
A,Nam2023b,5,30,2.0,5,44,0.291163,0.003196,0.197642,7.192365,0.989087
A,Nam2023b,5,30,2.0,5,45,0.291049,0.003093,0.198525,7.283436,0.989205
A,Nam2023b,5,30,2.0,5,46,0.290882,0.003174,0.197955,7.246817,0.989121
A,Nam2023b,5,30,2.0,5,47,0.291321,0.003241,0.197937,7.21206,0.988933
A,Nam2023b,5,30,2.0,5,48,0.290968,0.003282,0.198892,7.068816,0.988967
A,Nam2023b,5,30,2.0,5,49,0.291359,0.003153,0.198159,7.169061,0.989128
A,Nam2023b,5,30,2.0,5,50,0.291516,0.00321,0.19811,7.126116,0.988938
A,Nam2023b,5,30,2.0,5,51,0.291686,0.003289,0.197553,6.982602,0.988898
A,Nam2025,5,30,2.0,5,42,0.438811,0.004934,0.033997,0.198251,0.988774
A,Nam2025,5,30,2.0,5,43,0.437827,0.004732,0.034496,0.194608,0.98913
A,Nam2025,5,30,2.0,5,44,0.437906,0.004767,0.034469,0.196688,0.989087
A,Nam2025,5,30,2.0,5,45,0.438128,0.004752,0.034365,0.198148,0.989205
A,Nam2025,5,30,2.0,5,46,0.437798,0.004767,0.034616,0.201449,0.989121
A,Nam2025,5,30,2.0,5,47,0.438068,0.004862,0.034085,0.199298,0.988933
A,Nam2025,5,30,2.0,5,48,0.438456,0.004846,0.034415,0.195526,0.988967
A,Nam2025,5,30,2.0,5,49,0.438383,0.004735,0.034611,0.199155,0.989128
A,Nam2025,5,30,2.0,5,50,0.438667,0.004827,0.03441,0.195499,0.988938
A,Nam2025,5,30,2.0,5,51,0.438417,0.004871,0.034314,0.197793,0.988898
A,Youn2026,5,30,2.0,5,42,0.438811,0.004934,0.033997,0.198251,0.988774
A,Youn2026,5,30,2.0,5,43,0.437827,0.004732,0.034496,0.194608,0.98913
A,Youn2026,5,30,2.0,5,44,0.437906,0.004767,0.034469,0.196688,0.989087
A,Youn2026,5,30,2.0,5,45,0.438128,0.004752,0.034365,0.198148,0.989205
A,Youn2026,5,30,2.0,5,46,0.437798,0.004767,0.034616,0.201449,0.989121
A,Youn2026,5,30,2.0,5,47,0.438068,0.004862,0.034085,0.199298,0.988933
A,Youn2026,5,30,2.0,5,48,0.438456,0.004846,0.034415,0.195526,0.988967
A,Youn2026,5,30,2.0,5,49,0.438383,0.004735,0.034611,0.199155,0.989128
A,Youn2026,5,30,2.0,5,50,0.438667,0.004827,0.03441,0.195499,0.988938
A,Youn2026,5,30,2.0,5,51,0.438417,0.004871,0.034314,0.197793,0.988898
A,V2I-Base,5,30,2.0,5,42,0.438811,0.004934,0.033997,0.198251,0.988774
A,V2I-Base,5,30,2.0,5,43,0.437827,0.004732,0.034496,0.194608,0.98913
A,V2I-Base,5,30,2.0,5,44,0.437906,0.004767,0.034469,0.196688,0.989087
A,V2I-Base,5,30,2.0,5,45,0.438128,0.004752,0.034365,0.198148,0.989205
A,V2I-Base,5,30,2.0,5,46,0.437798,0.004767,0.034616,0.201449,0.989121
A,V2I-Base,5,30,2.0,5,47,0.438068,0.004862,0.034085,0.199298,0.988933
A,V2I-Base,5,30,2.0,5,48,0.438456,0.004846,0.034415,0.195526,0.988967
A,V2I-Base,5,30,2.0,5,49,0.438383,0.004735,0.034611,0.199155,0.989128
A,V2I-Base,5,30,2.0,5,50,0.438667,0.004827,0.03441,0.195499,0.988938
A,V2I-Base,5,30,2.0,5,51,0.438417,0.004871,0.034314,0.197793,0.988898
A,V2V-Base,5,30,2.0,5,42,0.987097,0.676433,3.5e-05,4.68195,0.988774
A,V2V-Base,5,30,2.0,5,43,0.987677,0.677916,4.8e-05,4.617254,0.98913
A,V2V-Base,5,30,2.0,5,44,0.988701,0.679101,3.1e-05,4.764252,0.989087
A,V2V-Base,5,30,2.0,5,45,0.988208,0.678264,5.2e-05,4.819722,0.989205
A,V2V-Base,5,30,2.0,5,46,0.988354,0.678896,2.2e-05,4.810288,0.989121
A,V2V-Base,5,30,2.0,5,47,0.987522,0.677348,3e-05,4.771072,0.988933
A,V2V-Base,5,30,2.0,5,48,0.988254,0.677974,4.3e-05,4.633166,0.988967
A,V2V-Base,5,30,2.0,5,49,0.987764,0.677598,3.3e-05,4.752936,0.989128
A,V2V-Base,5,30,2.0,5,50,0.988568,0.678612,4.4e-05,4.760508,0.988938
A,V2V-Base,5,30,2.0,5,51,0.986211,0.676212,4.1e-05,4.620441,0.988898
A,Random-K,5,30,2.0,5,42,0.987144,0.8881,0.000792,6.372572,0.988774
A,Random-K,5,30,2.0,5,43,0.987706,0.888897,0.000725,6.307443,0.98913
A,Random-K,5,30,2.0,5,44,0.988829,0.889619,0.000694,6.49169,0.989087
A,Random-K,5,30,2.0,5,45,0.988204,0.889536,0.001058,6.574573,0.989205
A,Random-K,5,30,2.0,5,46,0.988343,0.889364,0.000913,6.544349,0.989121
A,Random-K,5,30,2.0,5,47,0.98734,0.888612,0.000856,6.509827,0.988933
A,Random-K,5,30,2.0,5,48,0.988,0.889264,0.000854,6.380492,0.988967
A,Random-K,5,30,2.0,5,49,0.987305,0.888023,0.001099,6.47267,0.989128
A,Random-K,5,30,2.0,5,50,0.988235,0.889418,0.00083,6.429629,0.988938
A,Random-K,5,30,2.0,5,51,0.986859,0.887899,0.001141,6.300282,0.988898
A,RILP,5,30,3.0,5,42,0.438811,0.004934,0.033997,0.198251,0.988774
A,RILP,5,30,3.0,5,43,0.437827,0.004732,0.034496,0.194608,0.98913
A,RILP,5,30,3.0,5,44,0.437906,0.004767,0.034469,0.196688,0.989087
A,RILP,5,30,3.0,5,45,0.438128,0.004752,0.034365,0.198148,0.989205
A,RILP,5,30,3.0,5,46,0.437798,0.004767,0.034616,0.201449,0.989121
A,RILP,5,30,3.0,5,47,0.438068,0.004862,0.034085,0.199298,0.988933
A,RILP,5,30,3.0,5,48,0.438456,0.004846,0.034415,0.195526,0.988967
A,RILP,5,30,3.0,5,49,0.438383,0.004735,0.034611,0.199155,0.989128
A,RILP,5,30,3.0,5,50,0.438667,0.004827,0.03441,0.195499,0.988938
A,RILP,5,30,3.0,5,51,0.438417,0.004871,0.034314,0.197793,0.988898
A,RILP-Greedy,5,30,3.0,5,42,0.438811,0.004934,0.033997,0.198251,0.988774
A,RILP-Greedy,5,30,3.0,5,43,0.437827,0.004732,0.034496,0.194608,0.98913
A,RILP-Greedy,5,30,3.0,5,44,0.437906,0.004767,0.034469,0.196688,0.989087
A,RILP-Greedy,5,30,3.0,5,45,0.438128,0.004752,0.034365,0.198148,0.989205
A,RILP-Greedy,5,30,3.0,5,46,0.437798,0.004767,0.034616,0.201449,0.989121
A,RILP-Greedy,5,30,3.0,5,47,0.438068,0.004862,0.034085,0.199298,0.988933
A,RILP-Greedy,5,30,3.0,5,48,0.438456,0.004846,0.034415,0.195526,0.988967
A,RILP-Greedy,5,30,3.0,5,49,0.438383,0.004735,0.034611,0.199155,0.989128
A,RILP-Greedy,5,30,3.0,5,50,0.438667,0.004827,0.03441,0.195499,0.988938
A,RILP-Greedy,5,30,3.0,5,51,0.438417,0.004871,0.034314,0.197793,0.988898
A,Nam2023b,5,30,3.0,5,42,0.291276,0.003209,0.198227,7.060082,0.988774
A,Nam2023b,5,30,3.0,5,43,0.29103,0.003205,0.198154,6.987503,0.98913
A,Nam2023b,5,30,3.0,5,44,0.291163,0.003196,0.197642,7.192365,0.989087
A,Nam2023b,5,30,3.0,5,45,0.291049,0.003093,0.198525,7.283436,0.989205
A,Nam2023b,5,30,3.0,5,46,0.290882,0.003174,0.197955,7.246817,0.989121
A,Nam2023b,5,30,3.0,5,47,0.291321,0.003241,0.197937,7.21206,0.988933
A,Nam2023b,5,30,3.0,5,48,0.290968,0.003282,0.198892,7.068816,0.988967
A,Nam2023b,5,30,3.0,5,49,0.291359,0.003153,0.198159,7.169061,0.989128
A,Nam2023b,5,30,3.0,5,50,0.291516,0.00321,0.19811,7.126116,0.988938
A,Nam2023b,5,30,3.0,5,51,0.291219,0.002984,0.197999,6.52064,0.989783
A,Nam2025,5,30,3.0,5,42,0.438359,0.004504,0.034203,0.166679,0.989736
A,Nam2025,5,30,3.0,5,43,0.438092,0.004524,0.03416,0.166729,0.989734
A,Nam2025,5,30,3.0,5,44,0.438263,0.00452,0.034107,0.167473,0.989723
A,Nam2025,5,30,3.0,5,45,0.438452,0.004491,0.034166,0.166557,0.989702
A,Nam2025,5,30,3.0,5,46,0.438283,0.004478,0.034167,0.166756,0.989742
A,Nam2025,5,30,3.0,5,47,0.438185,0.004489,0.034179,0.166509,0.98974
A,Nam2025,5,30,3.0,5,48,0.438378,0.004527,0.034037,0.16522,0.989693
A,Nam2025,5,30,3.0,5,49,0.43835,0.004456,0.034084,0.167779,0.989843
A,Nam2025,5,30,3.0,5,50,0.438428,0.004479,0.034126,0.166687,0.989773
A,Nam2025,5,30,3.0,5,51,0.438271,0.004465,0.034274,0.168658,0.989783
A,Youn2026,5,30,3.0,5,42,0.438359,0.004504,0.034203,0.166679,0.989736
A,Youn2026,5,30,3.0,5,43,0.438092,0.004524,0.03416,0.166729,0.989734
A,Youn2026,5,30,3.0,5,44,0.438263,0.00452,0.034107,0.167473,0.989723
A,Youn2026,5,30,3.0,5,45,0.438452,0.004491,0.034166,0.166557,0.989702
A,Youn2026,5,30,3.0,5,46,0.438283,0.004478,0.034167,0.166756,0.989742
A,Youn2026,5,30,3.0,5,47,0.438185,0.004489,0.034179,0.166509,0.98974
A,Youn2026,5,30,3.0,5,48,0.438378,0.004527,0.034037,0.16522,0.989693
A,Youn2026,5,30,3.0,5,49,0.43835,0.004456,0.034084,0.167779,0.989843
A,Youn2026,5,30,3.0,5,50,0.438428,0.004479,0.034126,0.166687,0.989773
A,Youn2026,5,30,3.0,5,51,0.438271,0.004465,0.034274,0.168658,0.989783
A,V2I-Base,5,30,3.0,5,42,0.438359,0.004504,0.034203,0.166679,0.989736
A,V2I-Base,5,30,3.0,5,43,0.438092,0.004524,0.03416,0.166729,0.989734
A,V2I-Base,5,30,3.0,5,44,0.438263,0.00452,0.034107,0.167473,0.989723
A,V2I-Base,5,30,3.0,5,45,0.438452,0.004491,0.034166,0.166557,0.989702
A,V2I-Base,5,30,3.0,5,46,0.438283,0.004478,0.034167,0.166756,0.989742
A,V2I-Base,5,30,3.0,5,47,0.438185,0.004489,0.034179,0.166509,0.98974
A,V2I-Base,5,30,3.0,5,48,0.438378,0.004527,0.034037,0.16522,0.989693
A,V2I-Base,5,30,3.0,5,49,0.43835,0.004456,0.034084,0.167779,0.989843
A,V2I-Base,5,30,3.0,5,50,0.438428,0.004479,0.034126,0.166687,0.989773
A,V2I-Base,5,30,3.0,5,51,0.438271,0.004465,0.034274,0.168658,0.989783
A,V2V-Base,5,30,3.0,5,42,0.999397,0.694526,4e-06,4.487493,0.989736
A,V2V-Base,5,30,3.0,5,43,0.999359,0.694832,4e-06,4.510447,0.989734
A,V2V-Base,5,30,3.0,5,44,0.999393,0.69466,3e-06,4.545835,0.989723
A,V2V-Base,5,30,3.0,5,45,0.999319,0.694429,4e-06,4.518039,0.989702
A,V2V-Base,5,30,3.0,5,46,0.99938,0.694417,3e-06,4.50361,0.989742
A,V2V-Base,5,30,3.0,5,47,0.999381,0.694297,8e-06,4.484579,0.98974
A,V2V-Base,5,30,3.0,5,48,0.999397,0.694435,4e-06,4.462455,0.989693
A,V2V-Base,5,30,3.0,5,49,0.999399,0.694804,2e-06,4.544983,0.989843
A,V2V-Base,5,30,3.0,5,50,0.999351,0.69454,4e-06,4.518638,0.989773
A,V2V-Base,5,30,3.0,5,51,0.999397,0.694604,4e-06,4.552692,0.989783
A,Random-K,5,30,3.0,5,42,0.999252,0.900383,8.5e-05,5.812103,0.989736
A,Random-K,5,30,3.0,5,43,0.999265,0.900431,8.8e-05,5.818234,0.989734
A,Random-K,5,30,3.0,5,44,0.999226,0.900234,7.8e-05,5.867512,0.989723
A,Random-K,5,30,3.0,5,45,0.999255,0.900274,0.000112,5.835739,0.989702
A,Random-K,5,30,3.0,5,46,0.999167,0.900049,0.000104,5.814389,0.989742
A,Random-K,5,30,3.0,5,47,0.999227,0.900234,0.000132,5.805305,0.98974
A,Random-K,5,30,3.0,5,48,0.999251,0.90019,0.000119,5.774247,0.989693
A,Random-K,5,30,3.0,5,49,0.999246,0.900234,0.000107,5.873512,0.989843
A,Random-K,5,30,3.0,5,50,0.999223,0.900296,8.2e-05,5.841839,0.989773
A,Random-K,5,30,3.0,5,51,0.999241,0.900179,0.00011,5.886921,0.989783
