scenario,algorithm,density,pred_error_pct,gamma,tau_max,seed,RLBI
A,RILP,1,0,0.0,5,42,0.989703
A,RILP,1,0,0.0,5,43,0.989754
A,RILP,1,0,0.0,5,44,0.989828
A,RILP,1,0,0.0,5,45,0.989789
A,RILP,1,0,0.0,5,46,0.989784
A,RILP,1,0,0.0,5,47,0.989814
A,RILP,1,0,0.0,5,48,0.989625
A,RILP,1,0,0.0,5,49,0.989817
A,RILP,1,0,0.0,5,50,0.98975
A,RILP,1,0,0.0,5,51,0.989791
A,RILP-Greedy,1,0,0.0,5,42,0.989703
A,RILP-Greedy,1,0,0.0,5,43,0.989754
A,RILP-Greedy,1,0,0.0,5,44,0.989828
A,RILP-Greedy,1,0,0.0,5,45,0.989789
A,RILP-Greedy,1,0,0.0,5,46,0.989784
A,RILP-Greedy,1,0,0.0,5,47,0.989814
A,RILP-Greedy,1,0,0.0,5,48,0.989625
A,RILP-Greedy,1,0,0.0,5,49,0.989817
A,RILP-Greedy,1,0,0.0,5,50,0.98975
A,RILP-Greedy,1,0,0.0,5,51,0.989791
A,Nam2023b,1,0,0.0,5,42,0.989703
A,Nam2023b,1,0,0.0,5,43,0.989754
A,Nam2023b,1,0,0.0,5,44,0.989828
A,Nam2023b,1,0,0.0,5,45,0.989789
A,Nam2023b,1,0,0.0,5,46,0.989784
A,Nam2023b,1,0,0.0,5,47,0.989814
A,Nam2023b,1,0,0.0,5,48,0.989625
A,Nam2023b,1,0,0.0,5,49,0.989817
A,Nam2023b,1,0,0.0,5,50,0.98975
A,Nam2023b,1,0,0.0,5,51,0.989791
A,Nam2025,1,0,0.0,5,42,0.989703
A,Nam2025,1,0,0.0,5,43,0.989754
A,Nam2025,1,0,0.0,5,44,0.989828
A,Nam2025,1,0,0.0,5,45,0.989789
A,Nam2025,1,0,0.0,5,46,0.989784
A,Nam2025,1,0,0.0,5,47,0.989814
A,Nam2025,1,0,0.0,5,48,0.989625
A,Nam2025,1,0,0.0,5,49,0.989817
A,Nam2025,1,0,0.0,5,50,0.98975
A,Nam2025,1,0,0.0,5,51,0.989791
A,Youn2026,1,0,0.0,5,42,0.989703
A,Youn2026,1,0,0.0,5,43,0.989754
A,Youn2026,1,0,0.0,5,44,0.989828
A,Youn2026,1,0,0.0,5,45,0.989789
A,Youn2026,1,0,0.0,5,46,0.989784
A,Youn2026,1,0,0.0,5,47,0.989814
A,Youn2026,1,0,0.0,5,48,0.989625
A,Youn2026,1,0,0.0,5,49,0.989817
A,Youn2026,1,0,0.0,5,50,0.98975
A,Youn2026,1,0,0.0,5,51,0.989791
A,V2I-Base,1,0,0.0,5,42,0.989703
A,V2I-Base,1,0,0.0,5,43,0.989754
A,V2I-Base,1,0,0.0,5,44,0.989828
A,V2I-Base,1,0,0.0,5,45,0.989789
A,V2I-Base,1,0,0.0,5,46,0.989784
A,V2I-Base,1,0,0.0,5,47,0.989814
A,V2I-Base,1,0,0.0,5,48,0.989625
A,V2I-Base,1,0,0.0,5,49,0.989817
A,V2I-Base,1,0,0.0,5,50,0.98975
A,V2I-Base,1,0,0.0,5,51,0.989791
A,V2V-Base,1,0,0.0,5,42,0.989703
A,V2V-Base,1,0,0.0,5,43,0.989754
A,V2V-Base,1,0,0.0,5,44,0.989828
A,V2V-Base,1,0,0.0,5,45,0.989789
A,V2V-Base,1,0,0.0,5,46,0.989784
A,V2V-Base,1,0,0.0,5,47,0.989814
A,V2V-Base,1,0,0.0,5,48,0.989625
A,V2V-Base,1,0,0.0,5,49,0.989817
A,V2V-Base,1,0,0.0,5,50,0.98975
A,V2V-Base,1,0,0.0,5,51,0.989791
A,Random-K,1,0,0.0,5,42,0.989703
A,Random-K,1,0,0.0,5,43,0.989754
A,Random-K,1,0,0.0,5,44,0.989828
A,Random-K,1,0,0.0,5,45,0.989789
A,Random-K,1,0,0.0,5,46,0.989784
A,Random-K,1,0,0.0,5,47,0.989814
A,Random-K,1,0,0.0,5,48,0.989625
A,Random-K,1,0,0.0,5,49,0.989817
A,Random-K,1,0,0.0,5,50,0.98975
A,Random-K,1,0,0.0,5,51,0.989791
A,RILP,1,0,1.0,5,42,0.989703
A,RILP,1,0,1.0,5,43,0.989754
A,RILP,1,0,1.0,5,44,0.989828
A,RILP,1,0,1.0,5,45,0.989789
A,RILP,1,0,1.0,5,46,0.989784
A,RILP,1,0,1.0,5,47,0.989814
A,RILP,1,0,1.0,5,48,0.989625
A,RILP,1,0,1.0,5,49,0.989817
A,RILP,1,0,1.0,5,50,0.98975
A,RILP,1,0,1.0,5,51,0.989791
A,RILP-Greedy,1,0,1.0,5,42,0.989703
A,RILP-Greedy,1,0,1.0,5,43,0.989754
A,RILP-Greedy,1,0,1.0,5,44,0.989828
A,RILP-Greedy,1,0,1.0,5,45,0.989789
A,RILP-Greedy,1,0,1.0,5,46,0.989784
A,RILP-Greedy,1,0,1.0,5,47,0.989814
A,RILP-Greedy,1,0,1.0,5,48,0.989625
A,RILP-Greedy,1,0,1.0,5,49,0.989817
A,RILP-Greedy,1,0,1.0,5,50,0.98975
A,RILP-Greedy,1,0,1.0,5,51,0.989791
A,Nam2023b,1,0,1.0,5,42,0.989703
A,Nam2023b,1,0,1.0,5,43,0.989754
A,Nam2023b,1,0,1.0,5,44,0.989828
A,Nam2023b,1,0,1.0,5,45,0.989789
A,Nam2023b,1,0,1.0,5,46,0.989784
A,Nam2023b,1,0,1.0,5,47,0.989814
A,Nam2023b,1,0,1.0,5,48,0.989625
A,Nam2023b,1,0,1.0,5,49,0.989817
A,Nam2023b,1,0,1.0,5,50,0.98975
A,Nam2023b,1,0,1.0,5,51,0.989791
A,Nam2025,1,0,1.0,5,42,0.989703
A,Nam2025,1,0,1.0,5,43,0.989754
A,Nam2025,1,0,1.0,5,44,0.989828
A,Nam2025,1,0,1.0,5,45,0.989789
A,Nam2025,1,0,1.0,5,46,0.989784
A,Nam2025,1,0,1.0,5,47,0.989814
A,Nam2025,1,0,1.0,5,48,0.989625
A,Nam2025,1,0,1.0,5,49,0.989817
A,Nam2025,1,0,1.0,5,50,0.98975
A,Nam2025,1,0,1.0,5,51,0.989791
A,Youn2026,1,0,1.0,5,42,0.989703
A,Youn2026,1,0,1.0,5,43,0.989754
A,Youn2026,1,0,1.0,5,44,0.989828
A,Youn2026,1,0,1.0,5,45,0.989789
A,Youn2026,1,0,1.0,5,46,0.989784
A,Youn2026,1,0,1.0,5,47,0.989814
A,Youn2026,1,0,1.0,5,48,0.989625
A,Youn2026,1,0,1.0,5,49,0.989817
A,Youn2026,1,0,1.0,5,50,0.98975
A,Youn2026,1,0,1.0,5,51,0.989791
A,V2I-Base,1,0,1.0,5,42,0.989703
A,V2I-Base,1,0,1.0,5,43,0.989754
A,V2I-Base,1,0,1.0,5,44,0.989828
A,V2I-Base,1,0,1.0,5,45,0.989789
A,V2I-Base,1,0,1.0,5,46,0.989784
A,V2I-Base,1,0,1.0,5,47,0.989814
A,V2I-Base,1,0,1.0,5,48,0.989625
A,V2I-Base,1,0,1.0,5,49,0.989817
A,V2I-Base,1,0,1.0,5,50,0.98975
A,V2I-Base,1,0,1.0,5,51,0.989791
A,V2V-Base,1,0,1.0,5,42,0.989703
A,V2V-Base,1,0,1.0,5,43,0.989754
A,V2V-Base,1,0,1.0,5,44,0.989828
A,V2V-Base,1,0,1.0,5,45,0.989789
A,V2V-Base,1,0,1.0,5,46,0.989784
A,V2V-Base,1,0,1.0,5,47,0.989814
A,V2V-Base,1,0,1.0,5,48,0.989625
A,V2V-Base,1,0,1.0,5,49,0.989817
A,V2V-Base,1,0,1.0,5,50,0.98975
A,V2V-Base,1,0,1.0,5,51,0.989791
A,Random-K,1,0,1.0,5,42,0.989703
A,Random-K,1,0,1.0,5,43,0.989754
A,Random-K,1,0,1.0,5,44,0.989828
A,Random-K,1,0,1.0,5,45,0.989789
A,Random-K,1,0,1.0,5,46,0.989784
A,Random-K,1,0,1.0,5,47,0.989814
A,Random-K,1,0,1.0,5,48,0.989625
A,Random-K,1,0,1.0,5,49,0.989817
A,Random-K,1,0,1.0,5,50,0.98975
A,Random-K,1,0,1.0,5,51,0.989791
A,RILP,1,0,2.0,5,42,0.989703
A,RILP,1,0,2.0,5,43,0.989754
A,RILP,1,0,2.0,5,44,0.989828
A,RILP,1,0,2.0,5,45,0.989789
A,RILP,1,0,2.0,5,46,0.989784
A,RILP,1,0,2.0,5,47,0.989814
A,RILP,1,0,2.0,5,48,0.989625
A,RILP,1,0,2.0,5,49,0.989817
A,RILP,1,0,2.0,5,50,0.98975
A,RILP,1,0,2.0,5,51,0.989791
A,RILP-Greedy,1,0,2.0,5,42,0.989703
A,RILP-Greedy,1,0,2.0,5,43,0.989754
A,RILP-Greedy,1,0,2.0,5,44,0.989828
A,RILP-Greedy,1,0,2.0,5,45,0.989789
A,RILP-Greedy,1,0,2.0,5,46,0.989784
A,RILP-Greedy,1,0,2.0,5,47,0.989814
A,RILP-Greedy,1,0,2.0,5,48,0.989625
A,RILP-Greedy,1,0,2.0,5,49,0.989817
A,RILP-Greedy,1,0,2.0,5,50,0.98975
A,RILP-Greedy,1,0,2.0,5,51,0.989791
A,Nam2023b,1,0,2.0,5,42,0.989703
A,Nam2023b,1,0,2.0,5,43,0.989754
A,Nam2023b,1,0,2.0,5,44,0.989828
A,Nam2023b,1,0,2.0,5,45,0.989789
A,Nam2023b,1,0,2.0,5,46,0.989784
A,Nam2023b,1,0,2.0,5,47,0.989814
A,Nam2023b,1,0,2.0,5,48,0.989625
A,Nam2023b,1,0,2.0,5,49,0.989817
A,Nam2023b,1,0,2.0,5,50,0.98975
A,Nam2023b,1,0,2.0,5,51,0.989791
A,Nam2025,1,0,2.0,5,42,0.989703
A,Nam2025,1,0,2.0,5,43,0.989754
A,Nam2025,1,0,2.0,5,44,0.989828
A,Nam2025,1,0,2.0,5,45,0.989789
A,Nam2025,1,0,2.0,5,46,0.989784
A,Nam2025,1,0,2.0,5,47,0.989814
A,Nam2025,1,0,2.0,5,48,0.989625
A,Nam2025,1,0,2.0,5,49,0.989817
A,Nam2025,1,0,2.0,5,50,0.98975
A,Nam2025,1,0,2.0,5,51,0.989791
A,Youn2026,1,0,2.0,5,42,0.989703
A,Youn2026,1,0,2.0,5,43,0.989754
A,Youn2026,1,0,2.0,5,44,0.989828
A,Youn2026,1,0,2.0,5,45,0.989789
A,Youn2026,1,0,2.0,5,46,0.989784
A,Youn2026,1,0,2.0,5,47,0.989814
A,Youn2026,1,0,2.0,5,48,0.989625
A,Youn2026,1,0,2.0,5,49,0.989817
A,Youn2026,1,0,2.0,5,50,0.98975
A,Youn2026,1,0,2.0,5,51,0.989791
A,V2I-Base,1,0,2.0,5,42,0.989703
A,V2I-Base,1,0,2.0,5,43,0.989754
A,V2I-Base,1,0,2.0,5,44,0.989828
A,V2I-Base,1,0,2.0,5,45,0.989789
A,V2I-Base,1,0,2.0,5,46,0.989784
A,V2I-Base,1,0,2.0,5,47,0.989814
A,V2I-Base,1,0,2.0,5,48,0.989625
A,V2I-Base,1,0,2.0,5,49,0.989817
A,V2I-Base,1,0,2.0,5,50,0.98975
A,V2I-Base,1,0,2.0,5,51,0.989791
A,V2V-Base,1,0,2.0,5,42,0.989703
A,V2V-Base,1,0,2.0,5,43,0.989754
A,V2V-Base,1,0,2.0,5,44,0.989828
A,V2V-Base,1,0,2.0,5,45,0.989789
A,V2V-Base,1,0,2.0,5,46,0.989784
A,V2V-Base,1,0,2.0,5,47,0.989814
A,V2V-Base,1,0,2.0,5,48,0.989625
A,V2V-Base,1,0,2.0,5,49,0.989817
A,V2V-Base,1,0,2.0,5,50,0.98975
A,V2V-Base,1,0,2.0,5,51,0.989791
A,Random-K,1,0,2.0,5,42,0.989703
A,Random-K,1,0,2.0,5,43,0.989824
A,Random-K,1,0,2.0,5,44,0.989801
A,Random-K,1,0,2.0,5,45,0.989865
A,Random-K,1,0,2.0,5,46,0.989785
A,Random-K,1,0,2.0,5,47,0.989803
A,Random-K,1,0,2.0,5,48,0.989722
A,Random-K,1,0,2.0,5,49,0.989926
A,Random-K,1,0,2.0,5,50,0.989885
A,Random-K,1,0,2.0,5,51,0.98986
A,RILP,1,0,3.0,5,42,0.989768
A,RILP,1,0,3.0,5,43,0.989824
A,RILP,1,0,3.0,5,44,0.989801
A,RILP,1,0,3.0,5,45,0.989865
A,RILP,1,0,3.0,5,46,0.989785
A,RILP,1,0,3.0,5,47,0.989803
A,RILP,1,0,3.0,5,48,0.989722
A,RILP,1,0,3.0,5,49,0.989926
A,RILP,1,0,3.0,5,50,0.989885
A,RILP,1,0,3.0,5,51,0.98986
A,RILP-Greedy,1,0,3.0,5,42,0.989768
A,RILP-Greedy,1,0,3.0,5,43,0.989824
A,RILP-Greedy,1,0,3.0,5,44,0.989801
A,RILP-Greedy,1,0,3.0,5,45,0.989865
A,RILP-Greedy,1,0,3.0,5,46,0.989785
A,RILP-Greedy,1,0,3.0,5,47,0.989803
A,RILP-Greedy,1,0,3.0,5,48,0.989722
A,RILP-Greedy,1,0,3.0,5,49,0.989926
A,RILP-Greedy,1,0,3.0,5,50,0.989885
A,RILP-Greedy,1,0,3.0,5,51,0.98986
A,Nam2023b,1,0,3.0,5,42,0.989768
A,Nam2023b,1,0,3.0,5,43,0.989824
A,Nam2023b,1,0,3.0,5,44,0.989801
A,Nam2023b,1,0,3.0,5,45,0.989865
A,Nam2023b,1,0,3.0,5,46,0.989785
A,Nam2023b,1,0,3.0,5,47,0.989803
A,Nam2023b,1,0,3.0,5,48,0.989722
A,Nam2023b,1,0,3.0,5,49,0.989926
A,Nam2023b,1,0,3.0,5,50,0.989885
A,Nam2023b,1,0,3.0,5,51,0.98986
A,Nam2025,1,0,3.0,5,42,0.989768
A,Nam2025,1,0,3.0,5,43,0.989824
A,Nam2025,1,0,3.0,5,44,0.989801
A,Nam2025,1,0,3.0,5,45,0.989865
A,Nam2025,1,0,3.0,5,46,0.989785
A,Nam2025,1,0,3.0,5,47,0.989803
A,Nam2025,1,0,3.0,5,48,0.989722
A,Nam2025,1,0,3.0,5,49,0.989926
A,Nam2025,1,0,3.0,5,50,0.989885
A,Nam2025,1,0,3.0,5,51,0.98986
A,Youn2026,1,0,3.0,5,42,0.989768
A,Youn2026,1,0,3.0,5,43,0.989824
A,Youn2026,1,0,3.0,5,44,0.989801
A,Youn2026,1,0,3.0,5,45,0.989865
A,Youn2026,1,0,3.0,5,46,0.989785
A,Youn2026,1,0,3.0,5,47,0.989803
A,Youn2026,1,0,3.0,5,48,0.989722
A,Youn2026,1,0,3.0,5,49,0.989926
A,Youn2026,1,0,3.0,5,50,0.989885
A,Youn2026,1,0,3.0,5,51,0.98986
A,V2I-Base,1,0,3.0,5,42,0.989768
A,V2I-Base,1,0,3.0,5,43,0.989824
A,V2I-Base,1,0,3.0,5,44,0.989801
A,V2I-Base,1,0,3.0,5,45,0.989865
A,V2I-Base,1,0,3.0,5,46,0.989785
A,V2I-Base,1,0,3.0,5,47,0.989803
A,V2I-Base,1,0,3.0,5,48,0.989722
A,V2I-Base,1,0,3.0,5,49,0.989926
A,V2I-Base,1,0,3.0,5,50,0.989885
A,V2I-Base,1,0,3.0,5,51,0.98986
A,V2V-Base,1,0,3.0,5,42,0.989768
A,V2V-Base,1,0,3.0,5,43,0.989824
A,V2V-Base,1,0,3.0,5,44,0.989801
A,V2V-Base,1,0,3.0,5,45,0.989865
A,V2V-Base,1,0,3.0,5,46,0.989785
A,V2V-Base,1,0,3.0,5,47,0.989803
A,V2V-Base,1,0,3.0,5,48,0.989722
A,V2V-Base,1,0,3.0,5,49,0.989926
A,V2V-Base,1,0,3.0,5,50,0.989885
A,V2V-Base,1,0,3.0,5,51,0.98986
A,Random-K,1,0,3.0,5,42,0.989768
A,Random-K,1,0,3.0,5,43,0.989824
A,Random-K,1,0,3.0,5,44,0.989801
A,Random-K,1,0,3.0,5,45,0.989865
A,Random-K,1,0,3.0,5,46,0.989785
A,Random-K,1,0,3.0,5,47,0.989803
A,Random-K,1,0,3.0,5,48,0.989722
A,Random-K,1,0,3.0,5,49,0.989926
A,Random-K,1,0,3.0,5,50,0.989885
A,Random-K,1,0,3.0,5,51,0.98986
A,RILP,1,10,0.0,5,42,0.989768
A,RILP,1,10,0.0,5,43,0.989824
A,RILP,1,10,0.0,5,44,0.989801
A,RILP,1,10,0.0,5,45,0.989865
A,RILP,1,10,0.0,5,46,0.989785
A,RILP,1,10,0.0,5,47,0.989803
A,RILP,1,10,0.0,5,48,0.989722
A,RILP,1,10,0.0,5,49,0.989926
A,RILP,1,10,0.0,5,50,0.989885
A,RILP,1,10,0.0,5,51,0.98986
A,RILP-Greedy,1,10,0.0,5,42,0.989768
A,RILP-Greedy,1,10,0.0,5,43,0.989824
A,RILP-Greedy,1,10,0.0,5,44,0.989801
A,RILP-Greedy,1,10,0.0,5,45,0.989865
A,RILP-Greedy,1,10,0.0,5,46,0.989785
A,RILP-Greedy,1,10,0.0,5,47,0.989803
A,RILP-Greedy,1,10,0.0,5,48,0.989722
A,RILP-Greedy,1,10,0.0,5,49,0.989926
A,RILP-Greedy,1,10,0.0,5,50,0.989885
A,RILP-Greedy,1,10,0.0,5,51,0.98986
A,Nam2023b,1,10,0.0,5,42,0.989768
A,Nam2023b,1,10,0.0,5,43,0.989824
A,Nam2023b,1,10,0.0,5,44,0.989801
A,Nam2023b,1,10,0.0,5,45,0.989865
A,Nam2023b,1,10,0.0,5,46,0.989785
A,Nam2023b,1,10,0.0,5,47,0.989803
A,Nam2023b,1,10,0.0,5,48,0.989722
A,Nam2023b,1,10,0.0,5,49,0.989926
A,Nam2023b,1,10,0.0,5,50,0.989885
A,Nam2023b,1,10,0.0,5,51,0.98986
A,Nam2025,1,10,0.0,5,42,0.989768
A,Nam2025,1,10,0.0,5,43,0.989824
A,Nam2025,1,10,0.0,5,44,0.989801
A,Nam2025,1,10,0.0,5,45,0.989865
A,Nam2025,1,10,0.0,5,46,0.989785
A,Nam2025,1,10,0.0,5,47,0.989803
A,Nam2025,1,10,0.0,5,48,0.989722
A,Nam2025,1,10,0.0,5,49,0.989926
A,Nam2025,1,10,0.0,5,50,0.989885
A,Nam2025,1,10,0.0,5,51,0.98986
A,Youn2026,1,10,0.0,5,42,0.989768
A,Youn2026,1,10,0.0,5,43,0.989824
A,Youn2026,1,10,0.0,5,44,0.989801
A,Youn2026,1,10,0.0,5,45,0.989865
A,Youn2026,1,10,0.0,5,46,0.989785
A,Youn2026,1,10,0.0,5,47,0.989803
A,Youn2026,1,10,0.0,5,48,0.989722
A,Youn2026,1,10,0.0,5,49,0.989926
A,Youn2026,1,10,0.0,5,50,0.989885
A,Youn2026,1,10,0.0,5,51,0.98986
A,V2I-Base,1,10,0.0,5,42,0.989768
A,V2I-Base,1,10,0.0,5,43,0.989824
A,V2I-Base,1,10,0.0,5,44,0.989801
A,V2I-Base,1,10,0.0,5,45,0.989865
A,V2I-Base,1,10,0.0,5,46,0.989785
A,V2I-Base,1,10,0.0,5,47,0.989803
A,V2I-Base,1,10,0.0,5,48,0.989722
A,V2I-Base,1,10,0.0,5,49,0.989926
A,V2I-Base,1,10,0.0,5,50,0.989885
A,V2I-Base,1,10,0.0,5,51,0.98986
A,V2V-Base,1,10,0.0,5,42,0.989768
A,V2V-Base,1,10,0.0,5,43,0.989824
A,V2V-Base,1,10,0.0,5,44,0.989801
A,V2V-Base,1,10,0.0,5,45,0.989865
A,V2V-Base,1,10,0.0,5,46,0.989785
A,V2V-Base,1,10,0.0,5,47,0.989803
A,V2V-Base,1,10,0.0,5,48,0.989722
A,V2V-Base,1,10,0.0,5,49,0.989926
A,V2V-Base,1,10,0.0,5,50,0.989885
A,V2V-Base,1,10,0.0,5,51,0.98986
A,Random-K,1,10,0.0,5,42,0.989768
A,Random-K,1,10,0.0,5,43,0.989824
A,Random-K,1,10,0.0,5,44,0.989801
A,Random-K,1,10,0.0,5,45,0.989865
A,Random-K,1,10,0.0,5,46,0.989785
A,Random-K,1,10,0.0,5,47,0.989803
A,Random-K,1,10,0.0,5,48,0.989722
A,Random-K,1,10,0.0,5,49,0.989926
A,Random-K,1,10,0.0,5,50,0.989885
A,Random-K,1,10,0.0,5,51,0.98986
A,RILP,1,10,1.0,5,42,0.989768
A,RILP,1,10,1.0,5,43,0.989824
A,RILP,1,10,1.0,5,44,0.989801
A,RILP,1,10,1.0,5,45,0.989865
A,RILP,1,10,1.0,5,46,0.989785
A,RILP,1,10,1.0,5,47,0.989803
A,RILP,1,10,1.0,5,48,0.989722
A,RILP,1,10,1.0,5,49,0.989926
A,RILP,1,10,1.0,5,50,0.989885
A,RILP,1,10,1.0,5,51,0.98986
A,RILP-Greedy,1,10,1.0,5,42,0.989768
A,RILP-Greedy,1,10,1.0,5,43,0.989824
A,RILP-Greedy,1,10,1.0,5,44,0.989801
A,RILP-Greedy,1,10,1.0,5,45,0.989865
A,RILP-Greedy,1,10,1.0,5,46,0.989785
A,RILP-Greedy,1,10,1.0,5,47,0.989803
A,RILP-Greedy,1,10,1.0,5,48,0.989722
A,RILP-Greedy,1,10,1.0,5,49,0.989926
A,RILP-Greedy,1,10,1.0,5,50,0.989885
A,RILP-Greedy,1,10,1.0,5,51,0.98986
A,Nam2023b,1,10,1.0,5,42,0.989768
A,Nam2023b,1,10,1.0,5,43,0.989824
A,Nam2023b,1,10,1.0,5,44,0.989801
A,Nam2023b,1,10,1.0,5,45,0.989865
A,Nam2023b,1,10,1.0,5,46,0.989785
A,Nam2023b,1,10,1.0,5,47,0.989803
A,Nam2023b,1,10,1.0,5,48,0.989722
A,Nam2023b,1,10,1.0,5,49,0.989926
A,Nam2023b,1,10,1.0,5,50,0.989885
A,Nam2023b,1,10,1.0,5,51,0.98986
A,Nam2025,1,10,1.0,5,42,0.989768
A,Nam2025,1,10,1.0,5,43,0.989824
A,Nam2025,1,10,1.0,5,44,0.989801
A,Nam2025,1,10,1.0,5,45,0.989865
A,Nam2025,1,10,1.0,5,46,0.989785
A,Nam2025,1,10,1.0,5,47,0.989803
A,Nam2025,1,10,1.0,5,48,0.989722
A,Nam2025,1,10,1.0,5,49,0.989926
A,Nam2025,1,10,1.0,5,50,0.989885
A,Nam2025,1,10,1.0,5,51,0.98986
A,Youn2026,1,10,1.0,5,42,0.989768
A,Youn2026,1,10,1.0,5,43,0.989824
A,Youn2026,1,10,1.0,5,44,0.989801
A,Youn2026,1,10,1.0,5,45,0.989865
A,Youn2026,1,10,1.0,5,46,0.989785
A,Youn2026,1,10,1.0,5,47,0.989803
A,Youn2026,1,10,1.0,5,48,0.989722
A,Youn2026,1,10,1.0,5,49,0.989926
A,Youn2026,1,10,1.0,5,50,0.989885
A,Youn2026,1,10,1.0,5,51,0.98986
A,V2I-Base,1,10,1.0,5,42,0.989768
A,V2I-Base,1,10,1.0,5,43,0.989824
A,V2I-Base,1,10,1.0,5,44,0.989801
A,V2I-Base,1,10,1.0,5,45,0.989865
A,V2I-Base,1,10,1.0,5,46,0.989785
A,V2I-Base,1,10,1.0,5,47,0.989803
A,V2I-Base,1,10,1.0,5,48,0.989722
A,V2I-Base,1,10,1.0,5,49,0.989926
A,V2I-Base,1,10,1.0,5,50,0.989885
A,V2I-Base,1,10,1.0,5,51,0.98986
A,V2V-Base,1,10,1.0,5,42,0.989768
A,V2V-Base,1,10,1.0,5,43,0.989824
A,V2V-Base,1,10,1.0,5,44,0.989801
A,V2V-Base,1,10,1.0,5,45,0.989865
A,V2V-Base,1,10,1.0,5,46,0.989785
A,V2V-Base,1,10,1.0,5,47,0.989803
A,V2V-Base,1,10,1.0,5,48,0.989722
A,V2V-Base,1,10,1.0,5,49,0.989926
A,V2V-Base,1,10,1.0,5,50,0.989885
A,V2V-Base,1,10,1.0,5,51,0.98986
A,Random-K,1,10,1.0,5,42,0.989768
A,Random-K,1,10,1.0,5,43,0.989824
A,Random-K,1,10,1.0,5,44,0.989801
A,Random-K,1,10,1.0,5,45,0.989865
A,Random-K,1,10,1.0,5,46,0.989785
A,Random-K,1,10,1.0,5,47,0.989803
A,Random-K,1,10,1.0,5,48,0.989722
A,Random-K,1,10,1.0,5,49,0.989926
A,Random-K,1,10,1.0,5,50,0.989885
A,Random-K,1,10,1.0,5,51,0.98986
A,RILP,1,10,2.0,5,42,0.989768
A,RILP,1,10,2.0,5,43,0.989824
A,RILP,1,10,2.0,5,44,0.989801
A,RILP,1,10,2.0,5,45,0.989865
A,RILP,1,10,2.0,5,46,0.989785
A,RILP,1,10,2.0,5,47,0.989439
A,RILP,1,10,2.0,5,48,0.98941
A,RILP,1,10,2.0,5,49,0.989452
A,RILP,1,10,2.0,5,50,0.989454
A,RILP,1,10,2.0,5,51,0.989489
A,RILP-Greedy,1,10,2.0,5,42,0.989295
A,RILP-Greedy,1,10,2.0,5,43,0.989422
A,RILP-Greedy,1,10,2.0,5,44,0.989355
A,RILP-Greedy,1,10,2.0,5,45,0.989429
A,RILP-Greedy,1,10,2.0,5,46,0.989433
A,RILP-Greedy,1,10,2.0,5,47,0.989439
A,RILP-Greedy,1,10,2.0,5,48,0.98941
A,RILP-Greedy,1,10,2.0,5,49,0.989452
A,RILP-Greedy,1,10,2.0,5,50,0.989454
A,RILP-Greedy,1,10,2.0,5,51,0.989489
A,Nam2023b,1,10,2.0,5,42,0.989295
A,Nam2023b,1,10,2.0,5,43,0.989422
A,Nam2023b,1,10,2.0,5,44,0.989355
A,Nam2023b,1,10,2.0,5,45,0.989429
A,Nam2023b,1,10,2.0,5,46,0.989433
A,Nam2023b,1,10,2.0,5,47,0.989439
A,Nam2023b,1,10,2.0,5,48,0.98941
A,Nam2023b,1,10,2.0,5,49,0.989452
A,Nam2023b,1,10,2.0,5,50,0.989454
A,Nam2023b,1,10,2.0,5,51,0.989489
A,Nam2025,1,10,2.0,5,42,0.989295
A,Nam2025,1,10,2.0,5,43,0.989422
A,Nam2025,1,10,2.0,5,44,0.989355
A,Nam2025,1,10,2.0,5,45,0.989429
A,Nam2025,1,10,2.0,5,46,0.989433
A,Nam2025,1,10,2.0,5,47,0.989439
A,Nam2025,1,10,2.0,5,48,0.98941
A,Nam2025,1,10,2.0,5,49,0.989452
A,Nam2025,1,10,2.0,5,50,0.989454
A,Nam2025,1,10,2.0,5,51,0.989489
A,Youn2026,1,10,2.0,5,42,0.989295
A,Youn2026,1,10,2.0,5,43,0.989422
A,Youn2026,1,10,2.0,5,44,0.989355
A,Youn2026,1,10,2.0,5,45,0.989429
A,Youn2026,1,10,2.0,5,46,0.989433
A,Youn2026,1,10,2.0,5,47,0.989439
A,Youn2026,1,10,2.0,5,48,0.98941
A,Youn2026,1,10,2.0,5,49,0.989452
A,Youn2026,1,10,2.0,5,50,0.989454
A,Youn2026,1,10,2.0,5,51,0.989489
A,V2I-Base,1,10,2.0,5,42,0.989295
A,V2I-Base,1,10,2.0,5,43,0.989422
A,V2I-Base,1,10,2.0,5,44,0.989355
A,V2I-Base,1,10,2.0,5,45,0.989429
A,V2I-Base,1,10,2.0,5,46,0.989433
A,V2I-Base,1,10,2.0,5,47,0.989439
A,V2I-Base,1,10,2.0,5,48,0.98941
A,V2I-Base,1,10,2.0,5,49,0.989452
A,V2I-Base,1,10,2.0,5,50,0.989454
A,V2I-Base,1,10,2.0,5,51,0.989489
A,V2V-Base,1,10,2.0,5,42,0.989295
A,V2V-Base,1,10,2.0,5,43,0.989422
A,V2V-Base,1,10,2.0,5,44,0.989355
A,V2V-Base,1,10,2.0,5,45,0.989429
A,V2V-Base,1,10,2.0,5,46,0.989433
A,V2V-Base,1,10,2.0,5,47,0.989439
A,V2V-Base,1,10,2.0,5,48,0.98941
A,V2V-Base,1,10,2.0,5,49,0.989452
A,V2V-Base,1,10,2.0,5,50,0.989454
A,V2V-Base,1,10,2.0,5,51,0.989489
A,Random-K,1,10,2.0,5,42,0.989295
A,Random-K,1,10,2.0,5,43,0.989422
A,Random-K,1,10,2.0,5,44,0.989355
A,Random-K,1,10,2.0,5,45,0.989429
A,Random-K,1,10,2.0,5,46,0.989433
A,Random-K,1,10,2.0,5,47,0.989439
A,Random-K,1,10,2.0,5,48,0.98941
A,Random-K,1,10,2.0,5,49,0.989452
A,Random-K,1,10,2.0,5,50,0.989454
A,Random-K,1,10,2.0,5,51,0.989489
A,RILP,1,10,3.0,5,42,0.989295
A,RILP,1,10,3.0,5,43,0.989422
A,RILP,1,10,3.0,5,44,0.989355
A,RILP,1,10,3.0,5,45,0.989429
A,RILP,1,10,3.0,5,46,0.989433
A,RILP,1,10,3.0,5,47,0.989439
A,RILP,1,10,3.0,5,48,0.98941
A,RILP,1,10,3.0,5,49,0.989452
A,RILP,1,10,3.0,5,50,0.989454
A,RILP,1,10,3.0,5,51,0.989489
A,RILP-Greedy,1,10,3.0,5,42,0.989295
A,RILP-Greedy,1,10,3.0,5,43,0.989422
A,RILP-Greedy,1,10,3.0,5,44,0.989355
A,RILP-Greedy,1,10,3.0,5,45,0.989429
A,RILP-Greedy,1,10,3.0,5,46,0.989433
A,RILP-Greedy,1,10,3.0,5,47,0.989439
A,RILP-Greedy,1,10,3.0,5,48,0.98941
A,RILP-Greedy,1,10,3.0,5,49,0.989452
A,RILP-Greedy,1,10,3.0,5,50,0.989454
A,RILP-Greedy,1,10,3.0,5,51,0.989489
A,Nam2023b,1,10,3.0,5,42,0.989295
A,Nam2023b,1,10,3.0,5,43,0.989422
A,Nam2023b,1,10,3.0,5,44,0.989355
A,Nam2023b,1,10,3.0,5,45,0.989429
A,Nam2023b,1,10,3.0,5,46,0.989433
A,Nam2023b,1,10,3.0,5,47,0.989439
A,Nam2023b,1,10,3.0,5,48,0.98941
A,Nam2023b,1,10,3.0,5,49,0.989452
A,Nam2023b,1,10,3.0,5,50,0.989454
A,Nam2023b,1,10,3.0,5,51,0.989489
A,Nam2025,1,10,3.0,5,42,0.989295
A,Nam2025,1,10,3.0,5,43,0.989422
A,Nam2025,1,10,3.0,5,44,0.989355
A,Nam2025,1,10,3.0,5,45,0.989429
A,Nam2025,1,10,3.0,5,46,0.989433
A,Nam2025,1,10,3.0,5,47,0.989439
A,Nam2025,1,10,3.0,5,48,0.98941
A,Nam2025,1,10,3.0,5,49,0.989452
A,Nam2025,1,10,3.0,5,50,0.989454
A,Nam2025,1,10,3.0,5,51,0.989489
A,Youn2026,1,10,3.0,5,42,0.989295
A,Youn2026,1,10,3.0,5,43,0.989422
A,Youn2026,1,10,3.0,5,44,0.989355
A,Youn2026,1,10,3.0,5,45,0.989429
A,Youn2026,1,10,3.0,5,46,0.989433
A,Youn2026,1,10,3.0,5,47,0.989439
A,Youn2026,1,10,3.0,5,48,0.98941
A,Youn2026,1,10,3.0,5,49,0.989452
A,Youn2026,1,10,3.0,5,50,0.989454
A,Youn2026,1,10,3.0,5,51,0.989489
A,V2I-Base,1,10,3.0,5,42,0.989295
A,V2I-Base,1,10,3.0,5,43,0.989422
A,V2I-Base,1,10,3.0,5,44,0.989355
A,V2I-Base,1,10,3.0,5,45,0.989429
A,V2I-Base,1,10,3.0,5,46,0.989433
A,V2I-Base,1,10,3.0,5,47,0.989439
A,V2I-Base,1,10,3.0,5,48,0.98941
A,V2I-Base,1,10,3.0,5,49,0.989452
A,V2I-Base,1,10,3.0,5,50,0.989454
A,V2I-Base,1,10,3.0,5,51,0.989489
A,V2V-Base,1,10,3.0,5,42,0.989295
A,V2V-Base,1,10,3.0,5,43,0.989422
A,V2V-Base,1,10,3.0,5,44,0.989355
A,V2V-Base,1,10,3.0,5,45,0.989429
A,V2V-Base,1,10,3.0,5,46,0.989433
A,V2V-Base,1,10,3.0,5,47,0.989439
A,V2V-Base,1,10,3.0,5,48,0.98941
A,V2V-Base,1,10,3.0,5,49,0.989452
A,V2V-Base,1,10,3.0,5,50,0.989454
A,V2V-Base,1,10,3.0,5,51,0.989489
A,Random-K,1,10,3.0,5,42,0.989295
A,Random-K,1,10,3.0,5,43,0.989422
A,Random-K,1,10,3.0,5,44,0.989355
A,Random-K,1,10,3.0,5,45,0.989429
A,Random-K,1,10,3.0,5,46,0.989433
A,Random-K,1,10,3.0,5,47,0.989439
A,Random-K,1,10,3.0,5,48,0.98941
A,Random-K,1,10,3.0,5,49,0.989452
A,Random-K,1,10,3.0,5,50,0.989454
A,Random-K,1,10,3.0,5,51,0.989489
A,RILP,1,20,0.0,5,42,0.989295
A,RILP,1,20,0.0,5,43,0.989422
A,RILP,1,20,0.0,5,44,0.989355
A,RILP,1,20,0.0,5,45,0.989429
A,RILP,1,20,0.0,5,46,0.989433
A,RILP,1,20,0.0,5,47,0.989439
A,RILP,1,20,0.0,5,48,0.98941
A,RILP,1,20,0.0,5,49,0.989452
A,RILP,1,20,0.0,5,50,0.989454
A,RILP,1,20,0.0,5,51,0.989489
A,RILP-Greedy,1,20,0.0,5,42,0.989295
A,RILP-Greedy,1,20,0.0,5,43,0.989422
A,RILP-Greedy,1,20,0.0,5,44,0.989355
A,RILP-Greedy,1,20,0.0,5,45,0.989429
A,RILP-Greedy,1,20,0.0,5,46,0.989433
A,RILP-Greedy,1,20,0.0,5,47,0.989439
A,RILP-Greedy,1,20,0.0,5,48,0.98941
A,RILP-Greedy,1,20,0.0,5,49,0.989452
A,RILP-Greedy,1,20,0.0,5,50,0.989454
A,RILP-Greedy,1,20,0.0,5,51,0.989489
A,Nam2023b,1,20,0.0,5,42,0.989295
A,Nam2023b,1,20,0.0,5,43,0.989422
A,Nam2023b,1,20,0.0,5,44,0.989355
A,Nam2023b,1,20,0.0,5,45,0.989429
A,Nam2023b,1,20,0.0,5,46,0.989433
A,Nam2023b,1,20,0.0,5,47,0.989439
A,Nam2023b,1,20,0.0,5,48,0.98941
A,Nam2023b,1,20,0.0,5,49,0.989452
A,Nam2023b,1,20,0.0,5,50,0.989454
A,Nam2023b,1,20,0.0,5,51,0.989489
A,Nam2025,1,20,0.0,5,42,0.989295
A,Nam2025,1,20,0.0,5,43,0.989422
A,Nam2025,1,20,0.0,5,44,0.989355
A,Nam2025,1,20,0.0,5,45,0.989429
A,Nam2025,1,20,0.0,5,46,0.989433
A,Nam2025,1,20,0.0,5,47,0.989439
A,Nam2025,1,20,0.0,5,48,0.98941
A,Nam2025,1,20,0.0,5,49,0.989452
A,Nam2025,1,20,0.0,5,50,0.989454
A,Nam2025,1,20,0.0,5,51,0.989489
A,Youn2026,1,20,0.0,5,42,0.989295
A,Youn2026,1,20,0.0,5,43,0.989422
A,Youn2026,1,20,0.0,5,44,0.989355
A,Youn2026,1,20,0.0,5,45,0.989429
A,Youn2026,1,20,0.0,5,46,0.989433
A,Youn2026,1,20,0.0,5,47,0.989439
A,Youn2026,1,20,0.0,5,48,0.98941
A,Youn2026,1,20,0.0,5,49,0.989452
A,Youn2026,1,20,0.0,5,50,0.989454
A,Youn2026,1,20,0.0,5,51,0.989489
A,V2I-Base,1,20,0.0,5,42,0.989295
A,V2I-Base,1,20,0.0,5,43,0.989422
A,V2I-Base,1,20,0.0,5,44,0.989355
A,V2I-Base,1,20,0.0,5,45,0.989429
A,V2I-Base,1,20,0.0,5,46,0.989433
A,V2I-Base,1,20,0.0,5,47,0.989439
A,V2I-Base,1,20,0.0,5,48,0.98941
A,V2I-Base,1,20,0.0,5,49,0.989452
A,V2I-Base,1,20,0.0,5,50,0.989454
A,V2I-Base,1,20,0.0,5,51,0.989489
A,V2V-Base,1,20,0.0,5,42,0.989295
A,V2V-Base,1,20,0.0,5,43,0.989422
A,V2V-Base,1,20,0.0,5,44,0.989355
A,V2V-Base,1,20,0.0,5,45,0.989429
A,V2V-Base,1,20,0.0,5,46,0.989433
A,V2V-Base,1,20,0.0,5,47,0.989439
A,V2V-Base,1,20,0.0,5,48,0.98941
A,V2V-Base,1,20,0.0,5,49,0.989452
A,V2V-Base,1,20,0.0,5,50,0.989454
A,V2V-Base,1,20,0.0,5,51,0.989489
A,Random-K,1,20,0.0,5,42,0.989295
A,Random-K,1,20,0.0,5,43,0.989422
A,Random-K,1,20,0.0,5,44,0.989355
A,Random-K,1,20,0.0,5,45,0.989429
A,Random-K,1,20,0.0,5,46,0.989433
A,Random-K,1,20,0.0,5,47,0.989439
A,Random-K,1,20,0.0,5,48,0.98941
A,Random-K,1,20,0.0,5,49,0.989452
A,Random-K,1,20,0.0,5,50,0.989454
A,Random-K,1,20,0.0,5,51,0.989489
A,RILP,1,20,1.0,5,42,0.989295
A,RILP,1,20,1.0,5,43,0.989422
A,RILP,1,20,1.0,5,44,0.989355
A,RILP,1,20,1.0,5,45,0.989429
A,RILP,1,20,1.0,5,46,0.989433
A,RILP,1,20,1.0,5,47,0.989439
A,RILP,1,20,1.0,5,48,0.98941
A,RILP,1,20,1.0,5,49,0.989452
A,RILP,1,20,1.0,5,50,0.989454
A,RILP,1,20,1.0,5,51,0.989489
A,RILP-Greedy,1,20,1.0,5,42,0.989295
A,RILP-Greedy,1,20,1.0,5,43,0.989422
A,RILP-Greedy,1,20,1.0,5,44,0.989355
A,RILP-Greedy,1,20,1.0,5,45,0.989429
A,RILP-Greedy,1,20,1.0,5,46,0.989433
A,RILP-Greedy,1,20,1.0,5,47,0.989439
A,RILP-Greedy,1,20,1.0,5,48,0.98941
A,RILP-Greedy,1,20,1.0,5,49,0.989452
A,RILP-Greedy,1,20,1.0,5,50,0.989454
A,RILP-Greedy,1,20,1.0,5,51,0.989489
A,Nam2023b,1,20,1.0,5,42,0.989295
A,Nam2023b,1,20,1.0,5,43,0.989422
A,Nam2023b,1,20,1.0,5,44,0.989355
A,Nam2023b,1,20,1.0,5,45,0.989429
A,Nam2023b,1,20,1.0,5,46,0.989433
A,Nam2023b,1,20,1.0,5,47,0.989439
A,Nam2023b,1,20,1.0,5,48,0.98941
A,Nam2023b,1,20,1.0,5,49,0.989452
A,Nam2023b,1,20,1.0,5,50,0.989454
A,Nam2023b,1,20,1.0,5,51,0.989489
A,Nam2025,1,20,1.0,5,42,0.989295
A,Nam2025,1,20,1.0,5,43,0.989422
A,Nam2025,1,20,1.0,5,44,0.989355
A,Nam2025,1,20,1.0,5,45,0.989429
A,Nam2025,1,20,1.0,5,46,0.989433
A,Nam2025,1,20,1.0,5,47,0.989439
A,Nam2025,1,20,1.0,5,48,0.98941
A,Nam2025,1,20,1.0,5,49,0.989452
A,Nam2025,1,20,1.0,5,50,0.989454
A,Nam2025,1,20,1.0,5,51,0.989489
A,Youn2026,1,20,1.0,5,42,0.989295
A,Youn2026,1,20,1.0,5,43,0.989422
A,Youn2026,1,20,1.0,5,44,0.989355
A,Youn2026,1,20,1.0,5,45,0.989429
A,Youn2026,1,20,1.0,5,46,0.989433
A,Youn2026,1,20,1.0,5,47,0.989439
A,Youn2026,1,20,1.0,5,48,0.98941
A,Youn2026,1,20,1.0,5,49,0.989452
A,Youn2026,1,20,1.0,5,50,0.989454
A,Youn2026,1,20,1.0,5,51,0.989489
A,V2I-Base,1,20,1.0,5,42,0.989295
A,V2I-Base,1,20,1.0,5,43,0.989422
A,V2I-Base,1,20,1.0,5,44,0.989355
A,V2I-Base,1,20,1.0,5,45,0.989429
A,V2I-Base,1,20,1.0,5,46,0.989433
A,V2I-Base,1,20,1.0,5,47,0.989439
A,V2I-Base,1,20,1.0,5,48,0.98941
A,V2I-Base,1,20,1.0,5,49,0.989452
A,V2I-Base,1,20,1.0,5,50,0.989454
A,V2I-Base,1,20,1.0,5,51,0.989489
A,V2V-Base,1,20,1.0,5,42,0.989295
A,V2V-Base,1,20,1.0,5,43,0.989422
A,V2V-Base,1,20,1.0,5,44,0.989355
A,V2V-Base,1,20,1.0,5,45,0.989429
A,V2V-Base,1,20,1.0,5,46,0.989433
A,V2V-Base,1,20,1.0,5,47,0.989439
A,V2V-Base,1,20,1.0,5,48,0.98941
A,V2V-Base,1,20,1.0,5,49,0.989452
A,V2V-Base,1,20,1.0,5,50,0.989454
A,V2V-Base,1,20,1.0,5,51,0.989489
A,Random-K,1,20,1.0,5,42,0.989295
A,Random-K,1,20,1.0,5,43,0.989422
A,Random-K,1,20,1.0,5,44,0.989355
A,Random-K,1,20,1.0,5,45,0.989429
A,Random-K,1,20,1.0,5,46,0.989433
A,Random-K,1,20,1.0,5,47,0.989439
A,Random-K,1,20,1.0,5,48,0.98941
A,Random-K,1,20,1.0,5,49,0.989452
A,Random-K,1,20,1.0,5,50,0.989454
A,Random-K,1,20,1.0,5,51,0.989489
A,RILP,1,20,2.0,5,42,0.989295
A,RILP,1,20,2.0,5,43,0.989422
A,RILP,1,20,2.0,5,44,0.989355
A,RILP,1,20,2.0,5,45,0.989429
A,RILP,1,20,2.0,5,46,0.989433
A,RILP,1,20,2.0,5,47,0.989439
A,RILP,1,20,2.0,5,48,0.98941
A,RILP,1,20,2.0,5,49,0.989452
A,RILP,1,20,2.0,5,50,0.989454
A,RILP,1,20,2.0,5,51,0.989489
A,RILP-Greedy,1,20,2.0,5,42,0.989295
A,RILP-Greedy,1,20,2.0,5,43,0.989422
A,RILP-Greedy,1,20,2.0,5,44,0.989355
A,RILP-Greedy,1,20,2.0,5,45,0.989429
A,RILP-Greedy,1,20,2.0,5,46,0.989433
A,RILP-Greedy,1,20,2.0,5,47,0.989439
A,RILP-Greedy,1,20,2.0,5,48,0.98941
A,RILP-Greedy,1,20,2.0,5,49,0.989452
A,RILP-Greedy,1,20,2.0,5,50,0.989454
A,RILP-Greedy,1,20,2.0,5,51,0.989489
A,Nam2023b,1,20,2.0,5,42,0.989295
A,Nam2023b,1,20,2.0,5,43,0.989422
A,Nam2023b,1,20,2.0,5,44,0.989355
A,Nam2023b,1,20,2.0,5,45,0.989429
A,Nam2023b,1,20,2.0,5,46,0.989433
A,Nam2023b,1,20,2.0,5,47,0.989439
A,Nam2023b,1,20,2.0,5,48,0.98941
A,Nam2023b,1,20,2.0,5,49,0.989452
A,Nam2023b,1,20,2.0,5,50,0.989454
A,Nam2023b,1,20,2.0,5,51,0.989489
A,Nam2025,1,20,2.0,5,42,0.989295
A,Nam2025,1,20,2.0,5,43,0.989422
A,Nam2025,1,20,2.0,5,44,0.989355
A,Nam2025,1,20,2.0,5,45,0.989429
A,Nam2025,1,20,2.0,5,46,0.989433
A,Nam2025,1,20,2.0,5,47,0.989439
A,Nam2025,1,20,2.0,5,48,0.98941
A,Nam2025,1,20,2.0,5,49,0.989452
A,Nam2025,1,20,2.0,5,50,0.989454
A,Nam2025,1,20,2.0,5,51,0.989489
A,Youn2026,1,20,2.0,5,42,0.989295
A,Youn2026,1,20,2.0,5,43,0.989422
A,Youn2026,1,20,2.0,5,44,0.989355
A,Youn2026,1,20,2.0,5,45,0.989429
A,Youn2026,1,20,2.0,5,46,0.989433
A,Youn2026,1,20,2.0,5,47,0.989439
A,Youn2026,1,20,2.0,5,48,0.98941
A,Youn2026,1,20,2.0,5,49,0.989452
A,Youn2026,1,20,2.0,5,50,0.989454
A,Youn2026,1,20,2.0,5,51,0.989489
A,V2I-Base,1,20,2.0,5,42,0.989295
A,V2I-Base,1,20,2.0,5,43,0.989422
A,V2I-Base,1,20,2.0,5,44,0.989355
A,V2I-Base,1,20,2.0,5,45,0.989429
A,V2I-Base,1,20,2.0,5,46,0.989433
A,V2I-Base,1,20,2.0,5,47,0.989439
A,V2I-Base,1,20,2.0,5,48,0.98941
A,V2I-Base,1,20,2.0,5,49,0.989452
A,V2I-Base,1,20,2.0,5,50,0.989454
A,V2I-Base,1,20,2.0,5,51,0.989489
A,V2V-Base,1,20,2.0,5,42,0.989295
A,V2V-Base,1,20,2.0,5,43,0.989422
A,V2V-Base,1,20,2.0,5,44,0.989355
A,V2V-Base,1,20,2.0,5,45,0.989429
A,V2V-Base,1,20,2.0,5,46,0.989433
A,V2V-Base,1,20,2.0,5,47,0.989439
A,V2V-Base,1,20,2.0,5,48,0.98941
A,V2V-Base,1,20,2.0,5,49,0.989452
A,V2V-Base,1,20,2.0,5,50,0.989454
A,V2V-Base,1,20,2.0,5,51,0.989489
A,Random-K,1,20,2.0,5,42,0.989295
A,Random-K,1,20,2.0,5,43,0.989422
A,Random-K,1,20,2.0,5,44,0.989355
A,Random-K,1,20,2.0,5,45,0.989429
A,Random-K,1,20,2.0,5,46,0.989433
A,Random-K,1,20,2.0,5,47,0.989439
A,Random-K,1,20,2.0,5,48,0.98941
A,Random-K,1,20,2.0,5,49,0.989452
A,Random-K,1,20,2.0,5,50,0.989454
A,Random-K,1,20,2.0,5,51,0.989489
A,RILP,1,20,3.0,5,42,0.989295
A,RILP,1,20,3.0,5,43,0.989422
A,RILP,1,20,3.0,5,44,0.989355
A,RILP,1,20,3.0,5,45,0.989429
A,RILP,1,20,3.0,5,46,0.989433
A,RILP,1,20,3.0,5,47,0.989439
A,RILP,1,20,3.0,5,48,0.98941
A,RILP,1,20,3.0,5,49,0.989452
A,RILP,1,20,3.0,5,50,0.989454
A,RILP,1,20,3.0,5,51,0.989489
A,RILP-Greedy,1,20,3.0,5,42,0.989295
A,RILP-Greedy,1,20,3.0,5,43,0.989422
A,RILP-Greedy,1,20,3.0,5,44,0.989355
A,RILP-Greedy,1,20,3.0,5,45,0.989429
A,RILP-Greedy,1,20,3.0,5,46,0.989433
A,RILP-Greedy,1,20,3.0,5,47,0.989439
A,RILP-Greedy,1,20,3.0,5,48,0.98941
A,RILP-Greedy,1,20,3.0,5,49,0.989452
A,RILP-Greedy,1,20,3.0,5,50,0.989454
A,RILP-Greedy,1,20,3.0,5,51,0.989489
A,Nam2023b,1,20,3.0,5,42,0.989295
A,Nam2023b,1,20,3.0,5,43,0.989422
A,Nam2023b,1,20,3.0,5,44,0.989355
A,Nam2023b,1,20,3.0,5,45,0.989429
A,Nam2023b,1,20,3.0,5,46,0.989433
A,Nam2023b,1,20,3.0,5,47,0.989439
A,Nam2023b,1,20,3.0,5,48,0.98941
A,Nam2023b,1,20,3.0,5,49,0.989452
A,Nam2023b,1,20,3.0,5,50,0.989454
A,Nam2023b,1,20,3.0,5,51,0.989489
A,Nam2025,1,20,3.0,5,42,0.989295
A,Nam2025,1,20,3.0,5,43,0.989422
A,Nam2025,1,20,3.0,5,44,0.989355
A,Nam2025,1,20,3.0,5,45,0.989429
A,Nam2025,1,20,3.0,5,46,0.989433
A,Nam2025,1,20,3.0,5,47,0.989439
A,Nam2025,1,20,3.0,5,48,0.98941
A,Nam2025,1,20,3.0,5,49,0.989452
A,Nam2025,1,20,3.0,5,50,0.989454
A,Nam2025,1,20,3.0,5,51,0.989489
A,Youn2026,1,20,3.0,5,42,0.989295
A,Youn2026,1,20,3.0,5,43,0.989422
A,Youn2026,1,20,3.0,5,44,0.989355
A,Youn2026,1,20,3.0,5,45,0.989429
A,Youn2026,1,20,3.0,5,46,0.989433
A,Youn2026,1,20,3.0,5,47,0.989439
A,Youn2026,1,20,3.0,5,48,0.98941
A,Youn2026,1,20,3.0,5,49,0.989452
A,Youn2026,1,20,3.0,5,50,0.989454
A,Youn2026,1,20,3.0,5,51,0.989489
A,V2I-Base,1,20,3.0,5,42,0.989295
A,V2I-Base,1,20,3.0,5,43,0.989422
A,V2I-Base,1,20,3.0,5,44,0.989355
A,V2I-Base,1,20,3.0,5,45,0.989429
A,V2I-Base,1,20,3.0,5,46,0.989433
A,V2I-Base,1,20,3.0,5,47,0.989439
A,V2I-Base,1,20,3.0,5,48,0.98941
A,V2I-Base,1,20,3.0,5,49,0.989452
A,V2I-Base,1,20,3.0,5,50,0.989454
A,V2I-Base,1,20,3.0,5,51,0.989489
A,V2V-Base,1,20,3.0,5,42,0.989295
A,V2V-Base,1,20,3.0,5,43,0.989422
A,V2V-Base,1,20,3.0,5,44,0.989355
A,V2V-Base,1,20,3.0,5,45,0.989429
A,V2V-Base,1,20,3.0,5,46,0.989433
A,V2V-Base,1,20,3.0,5,47,0.989439
A,V2V-Base,1,20,3.0,5,48,0.98941
A,V2V-Base,1,20,3.0,5,49,0.989452
A,V2V-Base,1,20,3.0,5,50,0.989454
A,V2V-Base,1,20,3.0,5,51,0.989489
A,Random-K,1,20,3.0,5,42,0.989295
A,Random-K,1,20,3.0,5,43,0.989422
A,Random-K,1,20,3.0,5,44,0.989355
A,Random-K,1,20,3.0,5,45,0.989429
A,Random-K,1,20,3.0,5,46,0.989433
A,Random-K,1,20,3.0,5,47,0.989439
A,Random-K,1,20,3.0,5,48,0.98941
A,Random-K,1,20,3.0,5,49,0.989452
A,Random-K,1,20,3.0,5,50,0.989454
A,Random-K,1,20,3.0,5,51,0.989489
A,RILP,1,30,0.0,5,42,0.989295
A,RILP,1,30,0.0,5,43,0.989422
A,RILP,1,30,0.0,5,44,0.989355
A,RILP,1,30,0.0,5,45,0.989429
A,RILP,1,30,0.0,5,46,0.989433
A,RILP,1,30,0.0,5,47,0.989439
A,RILP,1,30,0.0,5,48,0.98941
A,RILP,1,30,0.0,5,49,0.989452
A,RILP,1,30,0.0,5,50,0.989454
A,RILP,1,30,0.0,5,51,0.989489
A,RILP-Greedy,1,30,0.0,5,42,0.989295
A,RILP-Greedy,1,30,0.0,5,43,0.989422
A,RILP-Greedy,1,30,0.0,5,44,0.989355
A,RILP-Greedy,1,30,0.0,5,45,0.989429
A,RILP-Greedy,1,30,0.0,5,46,0.989433
A,RILP-Greedy,1,30,0.0,5,47,0.989439
A,RILP-Greedy,1,30,0.0,5,48,0.98941
A,RILP-Greedy,1,30,0.0,5,49,0.989452
A,RILP-Greedy,1,30,0.0,5,50,0.989454
A,RILP-Greedy,1,30,0.0,5,51,0.989489
A,Nam2023b,1,30,0.0,5,42,0.989295
A,Nam2023b,1,30,0.0,5,43,0.989422
A,Nam2023b,1,30,0.0,5,44,0.989355
A,Nam2023b,1,30,0.0,5,45,0.989429
A,Nam2023b,1,30,0.0,5,46,0.989433
A,Nam2023b,1,30,0.0,5,47,0.989439
A,Nam2023b,1,30,0.0,5,48,0.98941
A,Nam2023b,1,30,0.0,5,49,0.989452
A,Nam2023b,1,30,0.0,5,50,0.989454
A,Nam2023b,1,30,0.0,5,51,0.989489
A,Nam2025,1,30,0.0,5,42,0.989295
A,Nam2025,1,30,0.0,5,43,0.989422
A,Nam2025,1,30,0.0,5,44,0.989355
A,Nam2025,1,30,0.0,5,45,0.989429
A,Nam2025,1,30,0.0,5,46,0.989433
A,Nam2025,1,30,0.0,5,47,0.989439
A,Nam2025,1,30,0.0,5,48,0.98941
A,Nam2025,1,30,0.0,5,49,0.989452
A,Nam2025,1,30,0.0,5,50,0.989454
A,Nam2025,1,30,0.0,5,51,0.989489
A,Youn2026,1,30,0.0,5,42,0.989295
A,Youn2026,1,30,0.0,5,43,0.989422
A,Youn2026,1,30,0.0,5,44,0.989355
A,Youn2026,1,30,0.0,5,45,0.989429
A,Youn2026,1,30,0.0,5,46,0.989433
A,Youn2026,1,30,0.0,5,47,0.989439
A,Youn2026,1,30,0.0,5,48,0.98941
A,Youn2026,1,30,0.0,5,49,0.989452
A,Youn2026,1,30,0.0,5,50,0.989454
A,Youn2026,1,30,0.0,5,51,0.989489
A,V2I-Base,1,30,0.0,5,42,0.989295
A,V2I-Base,1,30,0.0,5,43,0.989422
A,V2I-Base,1,30,0.0,5,44,0.989355
A,V2I-Base,1,30,0.0,5,45,0.989429
A,V2I-Base,1,30,0.0,5,46,0.989433
A,V2I-Base,1,30,0.0,5,47,0.989439
A,V2I-Base,1,30,0.0,5,48,0.98941
A,V2I-Base,1,30,0.0,5,49,0.989452
A,V2I-Base,1,30,0.0,5,50,0.989454
A,V2I-Base,1,30,0.0,5,51,0.989489
A,V2V-Base,1,30,0.0,5,42,0.989295
A,V2V-Base,1,30,0.0,5,43,0.989422
A,V2V-Base,1,30,0.0,5,44,0.989355
A,V2V-Base,1,30,0.0,5,45,0.989429
A,V2V-Base,1,30,0.0,5,46,0.989433
A,V2V-Base,1,30,0.0,5,47,0.989439
A,V2V-Base,1,30,0.0,5,48,0.98941
A,V2V-Base,1,30,0.0,5,49,0.989452
A,V2V-Base,1,30,0.0,5,50,0.989454
A,V2V-Base,1,30,0.0,5,51,0.989489
A,Random-K,1,30,0.0,5,42,0.989295
A,Random-K,1,30,0.0,5,43,0.989422
A,Random-K,1,30,0.0,5,44,0.989355
A,Random-K,1,30,0.0,5,45,0.989429
A,Random-K,1,30,0.0,5,46,0.989433
A,Random-K,1,30,0.0,5,47,0.989439
A,Random-K,1,30,0.0,5,48,0.98941
A,Random-K,1,30,0.0,5,49,0.989452
A,Random-K,1,30,0.0,5,50,0.989454
A,Random-K,1,30,0.0,5,51,0.989489
A,RILP,1,30,1.0,5,42,0.989295
A,RILP,1,30,1.0,5,43,0.989422
A,RILP,1,30,1.0,5,44,0.989355
A,RILP,1,30,1.0,5,45,0.989429
A,RILP,1,30,1.0,5,46,0.989433
A,RILP,1,30,1.0,5,47,0.989439
A,RILP,1,30,1.0,5,48,0.98941
A,RILP,1,30,1.0,5,49,0.989452
A,RILP,1,30,1.0,5,50,0.989454
A,RILP,1,30,1.0,5,51,0.989489
A,RILP-Greedy,1,30,1.0,5,42,0.989295
A,RILP-Greedy,1,30,1.0,5,43,0.989422
A,RILP-Greedy,1,30,1.0,5,44,0.989355
A,RILP-Greedy,1,30,1.0,5,45,0.989429
A,RILP-Greedy,1,30,1.0,5,46,0.989433
A,RILP-Greedy,1,30,1.0,5,47,0.989439
A,RILP-Greedy,1,30,1.0,5,48,0.98941
A,RILP-Greedy,1,30,1.0,5,49,0.989452
A,RILP-Greedy,1,30,1.0,5,50,0.989454
A,RILP-Greedy,1,30,1.0,5,51,0.989489
A,Nam2023b,1,30,1.0,5,42,0.989295
A,Nam2023b,1,30,1.0,5,43,0.989422
A,Nam2023b,1,30,1.0,5,44,0.989355
A,Nam2023b,1,30,1.0,5,45,0.989429
A,Nam2023b,1,30,1.0,5,46,0.989433
A,Nam2023b,1,30,1.0,5,47,0.989439
A,Nam2023b,1,30,1.0,5,48,0.98941
A,Nam2023b,1,30,1.0,5,49,0.989452
A,Nam2023b,1,30,1.0,5,50,0.989454
A,Nam2023b,1,30,1.0,5,51,0.989489
A,Nam2025,1,30,1.0,5,42,0.989295
A,Nam2025,1,30,1.0,5,43,0.989422
A,Nam2025,1,30,1.0,5,44,0.989355
A,Nam2025,1,30,1.0,5,45,0.989429
A,Nam2025,1,30,1.0,5,46,0.989433
A,Nam2025,1,30,1.0,5,47,0.989439
A,Nam2025,1,30,1.0,5,48,0.98941
A,Nam2025,1,30,1.0,5,49,0.989452
A,Nam2025,1,30,1.0,5,50,0.989454
A,Nam2025,1,30,1.0,5,51,0.989489
A,Youn2026,1,30,1.0,5,42,0.989295
A,Youn2026,1,30,1.0,5,43,0.989422
A,Youn2026,1,30,1.0,5,44,0.989355
A,Youn2026,1,30,1.0,5,45,0.989429
A,Youn2026,1,30,1.0,5,46,0.989433
A,Youn2026,1,30,1.0,5,47,0.989439
A,Youn2026,1,30,1.0,5,48,0.98941
A,Youn2026,1,30,1.0,5,49,0.989452
A,Youn2026,1,30,1.0,5,50,0.989454
A,Youn2026,1,30,1.0,5,51,0.989489
A,V2I-Base,1,30,1.0,5,42,0.989295
A,V2I-Base,1,30,1.0,5,43,0.989422
A,V2I-Base,1,30,1.0,5,44,0.989355
A,V2I-Base,1,30,1.0,5,45,0.989429
A,V2I-Base,1,30,1.0,5,46,0.989433
A,V2I-Base,1,30,1.0,5,47,0.989439
A,V2I-Base,1,30,1.0,5,48,0.98941
A,V2I-Base,1,30,1.0,5,49,0.989452
A,V2I-Base,1,30,1.0,5,50,0.989454
A,V2I-Base,1,30,1.0,5,51,0.989489
A,V2V-Base,1,30,1.0,5,42,0.989295
A,V2V-Base,1,30,1.0,5,43,0.989422
A,V2V-Base,1,30,1.0,5,44,0.989355
A,V2V-Base,1,30,1.0,5,45,0.989429
A,V2V-Base,1,30,1.0,5,46,0.989433
A,V2V-Base,1,30,1.0,5,47,0.989439
A,V2V-Base,1,30,1.0,5,48,0.98941
A,V2V-Base,1,30,1.0,5,49,0.989452
A,V2V-Base,1,30,1.0,5,50,0.989454
A,V2V-Base,1,30,1.0,5,51,0.989489
A,Random-K,1,30,1.0,5,42,0.989295
A,Random-K,1,30,1.0,5,43,0.989422
A,Random-K,1,30,1.0,5,44,0.989355
A,Random-K,1,30,1.0,5,45,0.989429
A,Random-K,1,30,1.0,5,46,0.989433
A,Random-K,1,30,1.0,5,47,0.989439
A,Random-K,1,30,1.0,5,48,0.98941
A,Random-K,1,30,1.0,5,49,0.989452
A,Random-K,1,30,1.0,5,50,0.989454
A,Random-K,1,30,1.0,5,51,0.989489
A,RILP,1,30,2.0,5,42,0.989295
A,RILP,1,30,2.0,5,43,0.989422
A,RILP,1,30,2.0,5,44,0.989355
A,RILP,1,30,2.0,5,45,0.989429
A,RILP,1,30,2.0,5,46,0.989433
A,RILP,1,30,2.0,5,47,0.989439
A,RILP,1,30,2.0,5,48,0.98941
A,RILP,1,30,2.0,5,49,0.989452
A,RILP,1,30,2.0,5,50,0.989454
A,RILP,1,30,2.0,5,51,0.989489
A,RILP-Greedy,1,30,2.0,5,42,0.989295
A,RILP-Greedy,1,30,2.0,5,43,0.989422
A,RILP-Greedy,1,30,2.0,5,44,0.989355
A,RILP-Greedy,1,30,2.0,5,45,0.989429
A,RILP-Greedy,1,30,2.0,5,46,0.989433
A,RILP-Greedy,1,30,2.0,5,47,0.989439
A,RILP-Greedy,1,30,2.0,5,48,0.98941
A,RILP-Greedy,1,30,2.0,5,49,0.989452
A,RILP-Greedy,1,30,2.0,5,50,0.989454
A,RILP-Greedy,1,30,2.0,5,51,0.989489
A,Nam2023b,1,30,2.0,5,42,0.989295
A,Nam2023b,1,30,2.0,5,43,0.989422
A,Nam2023b,1,30,2.0,5,44,0.989355
A,Nam2023b,1,30,2.0,5,45,0.989429
A,Nam2023b,1,30,2.0,5,46,0.989433
A,Nam2023b,1,30,2.0,5,47,0.989439
A,Nam2023b,1,30,2.0,5,48,0.98941
A,Nam2023b,1,30,2.0,5,49,0.989452
A,Nam2023b,1,30,2.0,5,50,0.989454
A,Nam2023b,1,30,2.0,5,51,0.989489
A,Nam2025,1,30,2.0,5,42,0.989295
A,Nam2025,1,30,2.0,5,43,0.989422
A,Nam2025,1,30,2.0,5,44,0.989355
A,Nam2025,1,30,2.0,5,45,0.989429
A,Nam2025,1,30,2.0,5,46,0.989433
A,Nam2025,1,30,2.0,5,47,0.989439
A,Nam2025,1,30,2.0,5,48,0.98941
A,Nam2025,1,30,2.0,5,49,0.989452
A,Nam2025,1,30,2.0,5,50,0.989454
A,Nam2025,1,30,2.0,5,51,0.989489
A,Youn2026,1,30,2.0,5,42,0.989295
A,Youn2026,1,30,2.0,5,43,0.989422
A,Youn2026,1,30,2.0,5,44,0.989355
A,Youn2026,1,30,2.0,5,45,0.989429
A,Youn2026,1,30,2.0,5,46,0.989433
A,Youn2026,1,30,2.0,5,47,0.989439
A,Youn2026,1,30,2.0,5,48,0.98941
A,Youn2026,1,30,2.0,5,49,0.989452
A,Youn2026,1,30,2.0,5,50,0.989454
A,Youn2026,1,30,2.0,5,51,0.989489
A,V2I-Base,1,30,2.0,5,42,0.989295
A,V2I-Base,1,30,2.0,5,43,0.989422
A,V2I-Base,1,30,2.0,5,44,0.989355
A,V2I-Base,1,30,2.0,5,45,0.989429
A,V2I-Base,1,30,2.0,5,46,0.989433
A,V2I-Base,1,30,2.0,5,47,0.989439
A,V2I-Base,1,30,2.0,5,48,0.98941
A,V2I-Base,1,30,2.0,5,49,0.989452
A,V2I-Base,1,30,2.0,5,50,0.989454
A,V2I-Base,1,30,2.0,5,51,0.989489
A,V2V-Base,1,30,2.0,5,42,0.989295
A,V2V-Base,1,30,2.0,5,43,0.989422
A,V2V-Base,1,30,2.0,5,44,0.989355
A,V2V-Base,1,30,2.0,5,45,0.989429
A,V2V-Base,1,30,2.0,5,46,0.989433
A,V2V-Base,1,30,2.0,5,47,0.989439
A,V2V-Base,1,30,2.0,5,48,0.98941
A,V2V-Base,1,30,2.0,5,49,0.989452
A,V2V-Base,1,30,2.0,5,50,0.989454
A,V2V-Base,1,30,2.0,5,51,0.989489
A,Random-K,1,30,2.0,5,42,0.989295
A,Random-K,1,30,2.0,5,43,0.989422
A,Random-K,1,30,2.0,5,44,0.989355
A,Random-K,1,30,2.0,5,45,0.989429
A,Random-K,1,30,2.0,5,46,0.989433
A,Random-K,1,30,2.0,5,47,0.989439
A,Random-K,1,30,2.0,5,48,0.98941
A,Random-K,1,30,2.0,5,49,0.989452
A,Random-K,1,30,2.0,5,50,0.989454
A,Random-K,1,30,2.0,5,51,0.989489
A,RILP,1,30,3.0,5,42,0.989295
A,RILP,1,30,3.0,5,43,0.989422
A,RILP,1,30,3.0,5,44,0.989355
A,RILP,1,30,3.0,5,45,0.989429
A,RILP,1,30,3.0,5,46,0.989433
A,RILP,1,30,3.0,5,47,0.989439
A,RILP,1,30,3.0,5,48,0.98941
A,RILP,1,30,3.0,5,49,0.989452
A,RILP,1,30,3.0,5,50,0.989454
A,RILP,1,30,3.0,5,51,0.989489
A,RILP-Greedy,1,30,3.0,5,42,0.989295
A,RILP-Greedy,1,30,3.0,5,43,0.989422
A,RILP-Greedy,1,30,3.0,5,44,0.989355
A,RILP-Greedy,1,30,3.0,5,45,0.989429
A,RILP-Greedy,1,30,3.0,5,46,0.989433
A,RILP-Greedy,1,30,3.0,5,47,0.989439
A,RILP-Greedy,1,30,3.0,5,48,0.98941
A,RILP-Greedy,1,30,3.0,5,49,0.989452
A,RILP-Greedy,1,30,3.0,5,50,0.989454
A,RILP-Greedy,1,30,3.0,5,51,0.989489
A,Nam2023b,1,30,3.0,5,42,0.989295
A,Nam2023b,1,30,3.0,5,43,0.989422
A,Nam2023b,1,30,3.0,5,44,0.989355
A,Nam2023b,1,30,3.0,5,45,0.989429
A,Nam2023b,1,30,3.0,5,46,0.989433
A,Nam2023b,1,30,3.0,5,47,0.989439
A,Nam2023b,1,30,3.0,5,48,0.98941
A,Nam2023b,1,30,3.0,5,49,0.989452
A,Nam2023b,1,30,3.0,5,50,0.989454
A,Nam2023b,1,30,3.0,5,51,0.989489
A,Nam2025,1,30,3.0,5,42,0.989295
A,Nam2025,1,30,3.0,5,43,0.989422
A,Nam2025,1,30,3.0,5,44,0.989355
A,Nam2025,1,30,3.0,5,45,0.989429
A,Nam2025,1,30,3.0,5,46,0.989433
A,Nam2025,1,30,3.0,5,47,0.989439
A,Nam2025,1,30,3.0,5,48,0.98941
A,Nam2025,1,30,3.0,5,49,0.989452
A,Nam2025,1,30,3.0,5,50,0.989454
A,Nam2025,1,30,3.0,5,51,0.989489
A,Youn2026,1,30,3.0,5,42,0.989295
A,Youn2026,1,30,3.0,5,43,0.989422
A,Youn2026,1,30,3.0,5,44,0.989355
A,Youn2026,1,30,3.0,5,45,0.989429
A,Youn2026,1,30,3.0,5,46,0.989433
A,Youn2026,1,30,3.0,5,47,0.989439
A,Youn2026,1,30,3.0,5,48,0.98941
A,Youn2026,1,30,3.0,5,49,0.989452
A,Youn2026,1,30,3.0,5,50,0.989454
A,Youn2026,1,30,3.0,5,51,0.989489
A,V2I-Base,1,30,3.0,5,42,0.989295
A,V2I-Base,1,30,3.0,5,43,0.989422
A,V2I-Base,1,30,3.0,5,44,0.989355
A,V2I-Base,1,30,3.0,5,45,0.989429
A,V2I-Base,1,30,3.0,5,46,0.989433
A,V2I-Base,1,30,3.0,5,47,0.989439
A,V2I-Base,1,30,3.0,5,48,0.98941
A,V2I-Base,1,30,3.0,5,49,0.989452
A,V2I-Base,1,30,3.0,5,50,0.989454
A,V2I-Base,1,30,3.0,5,51,0.989489
A,V2V-Base,1,30,3.0,5,42,0.989295
A,V2V-Base,1,30,3.0,5,43,0.989422
A,V2V-Base,1,30,3.0,5,44,0.989355
A,V2V-Base,1,30,3.0,5,45,0.989429
A,V2V-Base,1,30,3.0,5,46,0.989433
A,V2V-Base,1,30,3.0,5,47,0.989439
A,V2V-Base,1,30,3.0,5,48,0.98941
A,V2V-Base,1,30,3.0,5,49,0.989452
A,V2V-Base,1,30,3.0,5,50,0.989454
A,V2V-Base,1,30,3.0,5,51,0.989489
A,Random-K,1,30,3.0,5,42,0.989295
A,Random-K,1,30,3.0,5,43,0.989422
A,Random-K,1,30,3.0,5,44,0.989355
A,Random-K,1,30,3.0,5,45,0.989429
A,Random-K,1,30,3.0,5,46,0.989433
A,Random-K,1,30,3.0,5,47,0.989439
A,Random-K,1,30,3.0,5,48,0.98941
A,Random-K,1,30,3.0,5,49,0.989452
A,Random-K,1,30,3.0,5,50,0.989454
A,Random-K,1,30,3.0,5,51,0.989489
A,RILP,2,0,0.0,5,42,0.989295
A,RILP,2,0,0.0,5,43,0.989422
A,RILP,2,0,0.0,5,44,0.989355
A,RILP,2,0,0.0,5,45,0.989429
A,RILP,2,0,0.0,5,46,0.989433
A,RILP,2,0,0.0,5,47,0.989439
A,RILP,2,0,0.0,5,48,0.98941
A,RILP,2,0,0.0,5,49,0.989452
A,RILP,2,0,0.0,5,50,0.989454
A,RILP,2,0,0.0,5,51,0.989489
A,RILP-Greedy,2,0,0.0,5,42,0.989295
A,RILP-Greedy,2,0,0.0,5,43,0.989422
A,RILP-Greedy,2,0,0.0,5,44,0.989355
A,RILP-Greedy,2,0,0.0,5,45,0.989429
A,RILP-Greedy,2,0,0.0,5,46,0.989433
A,RILP-Greedy,2,0,0.0,5,47,0.989439
A,RILP-Greedy,2,0,0.0,5,48,0.98941
A,RILP-Greedy,2,0,0.0,5,49,0.989452
A,RILP-Greedy,2,0,0.0,5,50,0.989454
A,RILP-Greedy,2,0,0.0,5,51,0.989489
A,Nam2023b,2,0,0.0,5,42,0.989295
A,Nam2023b,2,0,0.0,5,43,0.989422
A,Nam2023b,2,0,0.0,5,44,0.989355
A,Nam2023b,2,0,0.0,5,45,0.989429
A,Nam2023b,2,0,0.0,5,46,0.989433
A,Nam2023b,2,0,0.0,5,47,0.989439
A,Nam2023b,2,0,0.0,5,48,0.98941
A,Nam2023b,2,0,0.0,5,49,0.989452
A,Nam2023b,2,0,0.0,5,50,0.989454
A,Nam2023b,2,0,0.0,5,51,0.989489
A,Nam2025,2,0,0.0,5,42,0.989295
A,Nam2025,2,0,0.0,5,43,0.989422
A,Nam2025,2,0,0.0,5,44,0.989355
A,Nam2025,2,0,0.0,5,45,0.989429
A,Nam2025,2,0,0.0,5,46,0.989433
A,Nam2025,2,0,0.0,5,47,0.989439
A,Nam2025,2,0,0.0,5,48,0.98941
A,Nam2025,2,0,0.0,5,49,0.989452
A,Nam2025,2,0,0.0,5,50,0.989454
A,Nam2025,2,0,0.0,5,51,0.989489
A,Youn2026,2,0,0.0,5,42,0.989295
A,Youn2026,2,0,0.0,5,43,0.989422
A,Youn2026,2,0,0.0,5,44,0.989355
A,Youn2026,2,0,0.0,5,45,0.989429
A,Youn2026,2,0,0.0,5,46,0.989433
A,Youn2026,2,0,0.0,5,47,0.989439
A,Youn2026,2,0,0.0,5,48,0.98941
A,Youn2026,2,0,0.0,5,49,0.989452
A,Youn2026,2,0,0.0,5,50,0.989454
A,Youn2026,2,0,0.0,5,51,0.989489
A,V2I-Base,2,0,0.0,5,42,0.989295
A,V2I-Base,2,0,0.0,5,43,0.989422
A,V2I-Base,2,0,0.0,5,44,0.989355
A,V2I-Base,2,0,0.0,5,45,0.989429
A,V2I-Base,2,0,0.0,5,46,0.989433
A,V2I-Base,2,0,0.0,5,47,0.989439
A,V2I-Base,2,0,0.0,5,48,0.98941
A,V2I-Base,2,0,0.0,5,49,0.989452
A,V2I-Base,2,0,0.0,5,50,0.989454
A,V2I-Base,2,0,0.0,5,51,0.989489
A,V2V-Base,2,0,0.0,5,42,0.989295
A,V2V-Base,2,0,0.0,5,43,0.989422
A,V2V-Base,2,0,0.0,5,44,0.989355
A,V2V-Base,2,0,0.0,5,45,0.989429
A,V2V-Base,2,0,0.0,5,46,0.989568
A,V2V-Base,2,0,0.0,5,47,0.989606
A,V2V-Base,2,0,0.0,5,48,0.989598
A,V2V-Base,2,0,0.0,5,49,0.98969
A,V2V-Base,2,0,0.0,5,50,0.989623
A,V2V-Base,2,0,0.0,5,51,0.989686
A,Random-K,2,0,0.0,5,42,0.989532
A,Random-K,2,0,0.0,5,43,0.98968
A,Random-K,2,0,0.0,5,44,0.989584
A,Random-K,2,0,0.0,5,45,0.989693
A,Random-K,2,0,0.0,5,46,0.989568
A,Random-K,2,0,0.0,5,47,0.989606
A,Random-K,2,0,0.0,5,48,0.989598
A,Random-K,2,0,0.0,5,49,0.98969
A,Random-K,2,0,0.0,5,50,0.989623
A,Random-K,2,0,0.0,5,51,0.989686
A,RILP,2,0,1.0,5,42,0.989532
A,RILP,2,0,1.0,5,43,0.98968
A,RILP,2,0,1.0,5,44,0.989584
A,RILP,2,0,1.0,5,45,0.989693
A,RILP,2,0,1.0,5,46,0.989568
A,RILP,2,0,1.0,5,47,0.989606
A,RILP,2,0,1.0,5,48,0.989598
A,RILP,2,0,1.0,5,49,0.98969
A,RILP,2,0,1.0,5,50,0.989623
A,RILP,2,0,1.0,5,51,0.989686
A,RILP-Greedy,2,0,1.0,5,42,0.989532
A,RILP-Greedy,2,0,1.0,5,43,0.98968
A,RILP-Greedy,2,0,1.0,5,44,0.989584
A,RILP-Greedy,2,0,1.0,5,45,0.989693
A,RILP-Greedy,2,0,1.0,5,46,0.989568
A,RILP-Greedy,2,0,1.0,5,47,0.989606
A,RILP-Greedy,2,0,1.0,5,48,0.989598
A,RILP-Greedy,2,0,1.0,5,49,0.98969
A,RILP-Greedy,2,0,1.0,5,50,0.989623
A,RILP-Greedy,2,0,1.0,5,51,0.989686
A,Nam2023b,2,0,1.0,5,42,0.989532
A,Nam2023b,2,0,1.0,5,43,0.98968
A,Nam2023b,2,0,1.0,5,44,0.989584
A,Nam2023b,2,0,1.0,5,45,0.989693
A,Nam2023b,2,0,1.0,5,46,0.989568
A,Nam2023b,2,0,1.0,5,47,0.989606
A,Nam2023b,2,0,1.0,5,48,0.989598
A,Nam2023b,2,0,1.0,5,49,0.98969
A,Nam2023b,2,0,1.0,5,50,0.989623
A,Nam2023b,2,0,1.0,5,51,0.989686
A,Nam2025,2,0,1.0,5,42,0.989532
A,Nam2025,2,0,1.0,5,43,0.98968
A,Nam2025,2,0,1.0,5,44,0.989584
A,Nam2025,2,0,1.0,5,45,0.989693
A,Nam2025,2,0,1.0,5,46,0.989568
A,Nam2025,2,0,1.0,5,47,0.989606
A,Nam2025,2,0,1.0,5,48,0.989598
A,Nam2025,2,0,1.0,5,49,0.98969
A,Nam2025,2,0,1.0,5,50,0.989623
A,Nam2025,2,0,1.0,5,51,0.989686
A,Youn2026,2,0,1.0,5,42,0.989532
A,Youn2026,2,0,1.0,5,43,0.98968
A,Youn2026,2,0,1.0,5,44,0.989584
A,Youn2026,2,0,1.0,5,45,0.989693
A,Youn2026,2,0,1.0,5,46,0.989568
A,Youn2026,2,0,1.0,5,47,0.989606
A,Youn2026,2,0,1.0,5,48,0.989598
A,Youn2026,2,0,1.0,5,49,0.98969
A,Youn2026,2,0,1.0,5,50,0.989623
A,Youn2026,2,0,1.0,5,51,0.989686
A,V2I-Base,2,0,1.0,5,42,0.989532
A,V2I-Base,2,0,1.0,5,43,0.98968
A,V2I-Base,2,0,1.0,5,44,0.989584
A,V2I-Base,2,0,1.0,5,45,0.989693
A,V2I-Base,2,0,1.0,5,46,0.989568
A,V2I-Base,2,0,1.0,5,47,0.989606
A,V2I-Base,2,0,1.0,5,48,0.989598
A,V2I-Base,2,0,1.0,5,49,0.98969
A,V2I-Base,2,0,1.0,5,50,0.989623
A,V2I-Base,2,0,1.0,5,51,0.989686
A,V2V-Base,2,0,1.0,5,42,0.989532
A,V2V-Base,2,0,1.0,5,43,0.98968
A,V2V-Base,2,0,1.0,5,44,0.989584
A,V2V-Base,2,0,1.0,5,45,0.989693
A,V2V-Base,2,0,1.0,5,46,0.989568
A,V2V-Base,2,0,1.0,5,47,0.989606
A,V2V-Base,2,0,1.0,5,48,0.989598
A,V2V-Base,2,0,1.0,5,49,0.98969
A,V2V-Base,2,0,1.0,5,50,0.989623
A,V2V-Base,2,0,1.0,5,51,0.989686
A,Random-K,2,0,1.0,5,42,0.989532
A,Random-K,2,0,1.0,5,43,0.98968
A,Random-K,2,0,1.0,5,44,0.989584
A,Random-K,2,0,1.0,5,45,0.989693
A,Random-K,2,0,1.0,5,46,0.989568
A,Random-K,2,0,1.0,5,47,0.989606
A,Random-K,2,0,1.0,5,48,0.989598
A,Random-K,2,0,1.0,5,49,0.98969
A,Random-K,2,0,1.0,5,50,0.989623
A,Random-K,2,0,1.0,5,51,0.989686
A,RILP,2,0,2.0,5,42,0.989532
A,RILP,2,0,2.0,5,43,0.98968
A,RILP,2,0,2.0,5,44,0.989584
A,RILP,2,0,2.0,5,45,0.989693
A,RILP,2,0,2.0,5,46,0.989568
A,RILP,2,0,2.0,5,47,0.989606
A,RILP,2,0,2.0,5,48,0.989598
A,RILP,2,0,2.0,5,49,0.98969
A,RILP,2,0,2.0,5,50,0.989623
A,RILP,2,0,2.0,5,51,0.989686
A,RILP-Greedy,2,0,2.0,5,42,0.989532
A,RILP-Greedy,2,0,2.0,5,43,0.98968
A,RILP-Greedy,2,0,2.0,5,44,0.989584
A,RILP-Greedy,2,0,2.0,5,45,0.989693
A,RILP-Greedy,2,0,2.0,5,46,0.989568
A,RILP-Greedy,2,0,2.0,5,47,0.989606
A,RILP-Greedy,2,0,2.0,5,48,0.989598
A,RILP-Greedy,2,0,2.0,5,49,0.98969
A,RILP-Greedy,2,0,2.0,5,50,0.989623
A,RILP-Greedy,2,0,2.0,5,51,0.989686
A,Nam2023b,2,0,2.0,5,42,0.989532
A,Nam2023b,2,0,2.0,5,43,0.98968
A,Nam2023b,2,0,2.0,5,44,0.989584
A,Nam2023b,2,0,2.0,5,45,0.989693
A,Nam2023b,2,0,2.0,5,46,0.989568
A,Nam2023b,2,0,2.0,5,47,0.989606
A,Nam2023b,2,0,2.0,5,48,0.989598
A,Nam2023b,2,0,2.0,5,49,0.98969
A,Nam2023b,2,0,2.0,5,50,0.989623
A,Nam2023b,2,0,2.0,5,51,0.989686
A,Nam2025,2,0,2.0,5,42,0.989532
A,Nam2025,2,0,2.0,5,43,0.98968
A,Nam2025,2,0,2.0,5,44,0.989584
A,Nam2025,2,0,2.0,5,45,0.989693
A,Nam2025,2,0,2.0,5,46,0.989568
A,Nam2025,2,0,2.0,5,47,0.989606
A,Nam2025,2,0,2.0,5,48,0.989598
A,Nam2025,2,0,2.0,5,49,0.98969
A,Nam2025,2,0,2.0,5,50,0.989623
A,Nam2025,2,0,2.0,5,51,0.989686
A,Youn2026,2,0,2.0,5,42,0.989532
A,Youn2026,2,0,2.0,5,43,0.98968
A,Youn2026,2,0,2.0,5,44,0.989584
A,Youn2026,2,0,2.0,5,45,0.989693
A,Youn2026,2,0,2.0,5,46,0.989568
A,Youn2026,2,0,2.0,5,47,0.989606
A,Youn2026,2,0,2.0,5,48,0.989598
A,Youn2026,2,0,2.0,5,49,0.98969
A,Youn2026,2,0,2.0,5,50,0.989623
A,Youn2026,2,0,2.0,5,51,0.989686
A,V2I-Base,2,0,2.0,5,42,0.989532
A,V2I-Base,2,0,2.0,5,43,0.98968
A,V2I-Base,2,0,2.0,5,44,0.989584
A,V2I-Base,2,0,2.0,5,45,0.989693
A,V2I-Base,2,0,2.0,5,46,0.989568
A,V2I-Base,2,0,2.0,5,47,0.989606
A,V2I-Base,2,0,2.0,5,48,0.989598
A,V2I-Base,2,0,2.0,5,49,0.98969
A,V2I-Base,2,0,2.0,5,50,0.989623
A,V2I-Base,2,0,2.0,5,51,0.989686
A,V2V-Base,2,0,2.0,5,42,0.989532
A,V2V-Base,2,0,2.0,5,43,0.98968
A,V2V-Base,2,0,2.0,5,44,0.989584
A,V2V-Base,2,0,2.0,5,45,0.989693
A,V2V-Base,2,0,2.0,5,46,0.989568
A,V2V-Base,2,0,2.0,5,47,0.989606
A,V2V-Base,2,0,2.0,5,48,0.989598
A,V2V-Base,2,0,2.0,5,49,0.98969
A,V2V-Base,2,0,2.0,5,50,0.989623
A,V2V-Base,2,0,2.0,5,51,0.989686
A,Random-K,2,0,2.0,5,42,0.989532
A,Random-K,2,0,2.0,5,43,0.98968
A,Random-K,2,0,2.0,5,44,0.989584
A,Random-K,2,0,2.0,5,45,0.989693
A,Random-K,2,0,2.0,5,46,0.989568
A,Random-K,2,0,2.0,5,47,0.989606
A,Random-K,2,0,2.0,5,48,0.989598
A,Random-K,2,0,2.0,5,49,0.98969
A,Random-K,2,0,2.0,5,50,0.989623
A,Random-K,2,0,2.0,5,51,0.989686
A,RILP,2,0,3.0,5,42,0.989532
A,RILP,2,0,3.0,5,43,0.98968
A,RILP,2,0,3.0,5,44,0.989584
A,RILP,2,0,3.0,5,45,0.989693
A,RILP,2,0,3.0,5,46,0.989568
A,RILP,2,0,3.0,5,47,0.989606
A,RILP,2,0,3.0,5,48,0.989598
A,RILP,2,0,3.0,5,49,0.98969
A,RILP,2,0,3.0,5,50,0.989623
A,RILP,2,0,3.0,5,51,0.989686
A,RILP-Greedy,2,0,3.0,5,42,0.989532
A,RILP-Greedy,2,0,3.0,5,43,0.98968
A,RILP-Greedy,2,0,3.0,5,44,0.989584
A,RILP-Greedy,2,0,3.0,5,45,0.989693
A,RILP-Greedy,2,0,3.0,5,46,0.989568
A,RILP-Greedy,2,0,3.0,5,47,0.989606
A,RILP-Greedy,2,0,3.0,5,48,0.989598
A,RILP-Greedy,2,0,3.0,5,49,0.98969
A,RILP-Greedy,2,0,3.0,5,50,0.989623
A,RILP-Greedy,2,0,3.0,5,51,0.989686
A,Nam2023b,2,0,3.0,5,42,0.989532
A,Nam2023b,2,0,3.0,5,43,0.98968
A,Nam2023b,2,0,3.0,5,44,0.989584
A,Nam2023b,2,0,3.0,5,45,0.989693
A,Nam2023b,2,0,3.0,5,46,0.989568
A,Nam2023b,2,0,3.0,5,47,0.989606
A,Nam2023b,2,0,3.0,5,48,0.989598
A,Nam2023b,2,0,3.0,5,49,0.98969
A,Nam2023b,2,0,3.0,5,50,0.989623
A,Nam2023b,2,0,3.0,5,51,0.989686
A,Nam2025,2,0,3.0,5,42,0.989532
A,Nam2025,2,0,3.0,5,43,0.98968
A,Nam2025,2,0,3.0,5,44,0.989584
A,Nam2025,2,0,3.0,5,45,0.989693
A,Nam2025,2,0,3.0,5,46,0.989568
A,Nam2025,2,0,3.0,5,47,0.989606
A,Nam2025,2,0,3.0,5,48,0.989598
A,Nam2025,2,0,3.0,5,49,0.98969
A,Nam2025,2,0,3.0,5,50,0.989623
A,Nam2025,2,0,3.0,5,51,0.989686
A,Youn2026,2,0,3.0,5,42,0.989532
A,Youn2026,2,0,3.0,5,43,0.98968
A,Youn2026,2,0,3.0,5,44,0.989584
A,Youn2026,2,0,3.0,5,45,0.989693
A,Youn2026,2,0,3.0,5,46,0.989568
A,Youn2026,2,0,3.0,5,47,0.989606
A,Youn2026,2,0,3.0,5,48,0.989598
A,Youn2026,2,0,3.0,5,49,0.98969
A,Youn2026,2,0,3.0,5,50,0.989623
A,Youn2026,2,0,3.0,5,51,0.989686
A,V2I-Base,2,0,3.0,5,42,0.989532
A,V2I-Base,2,0,3.0,5,43,0.98968
A,V2I-Base,2,0,3.0,5,44,0.989584
A,V2I-Base,2,0,3.0,5,45,0.989693
A,V2I-Base,2,0,3.0,5,46,0.989568
A,V2I-Base,2,0,3.0,5,47,0.989606
A,V2I-Base,2,0,3.0,5,48,0.989598
A,V2I-Base,2,0,3.0,5,49,0.98969
A,V2I-Base,2,0,3.0,5,50,0.989623
A,V2I-Base,2,0,3.0,5,51,0.989686
A,V2V-Base,2,0,3.0,5,42,0.989532
A,V2V-Base,2,0,3.0,5,43,0.98968
A,V2V-Base,2,0,3.0,5,44,0.989584
A,V2V-Base,2,0,3.0,5,45,0.989693
A,V2V-Base,2,0,3.0,5,46,0.989568
A,V2V-Base,2,0,3.0,5,47,0.989606
A,V2V-Base,2,0,3.0,5,48,0.989598
A,V2V-Base,2,0,3.0,5,49,0.98969
A,V2V-Base,2,0,3.0,5,50,0.989623
A,V2V-Base,2,0,3.0,5,51,0.989686
A,Random-K,2,0,3.0,5,42,0.989532
A,Random-K,2,0,3.0,5,43,0.98968
A,Random-K,2,0,3.0,5,44,0.989584
A,Random-K,2,0,3.0,5,45,0.989693
A,Random-K,2,0,3.0,5,46,0.989568
A,Random-K,2,0,3.0,5,47,0.989606
A,Random-K,2,0,3.0,5,48,0.989598
A,Random-K,2,0,3.0,5,49,0.98969
A,Random-K,2,0,3.0,5,50,0.989623
A,Random-K,2,0,3.0,5,51,0.989686
A,RILP,2,10,0.0,5,42,0.989532
A,RILP,2,10,0.0,5,43,0.98968
A,RILP,2,10,0.0,5,44,0.989584
A,RILP,2,10,0.0,5,45,0.989693
A,RILP,2,10,0.0,5,46,0.989568
A,RILP,2,10,0.0,5,47,0.989606
A,RILP,2,10,0.0,5,48,0.989598
A,RILP,2,10,0.0,5,49,0.98969
A,RILP,2,10,0.0,5,50,0.989623
A,RILP,2,10,0.0,5,51,0.989686
A,RILP-Greedy,2,10,0.0,5,42,0.989532
A,RILP-Greedy,2,10,0.0,5,43,0.98968
A,RILP-Greedy,2,10,0.0,5,44,0.989584
A,RILP-Greedy,2,10,0.0,5,45,0.989693
A,RILP-Greedy,2,10,0.0,5,46,0.989568
A,RILP-Greedy,2,10,0.0,5,47,0.989606
A,RILP-Greedy,2,10,0.0,5,48,0.989598
A,RILP-Greedy,2,10,0.0,5,49,0.98969
A,RILP-Greedy,2,10,0.0,5,50,0.989623
A,RILP-Greedy,2,10,0.0,5,51,0.989686
A,Nam2023b,2,10,0.0,5,42,0.989532
A,Nam2023b,2,10,0.0,5,43,0.98968
A,Nam2023b,2,10,0.0,5,44,0.989584
A,Nam2023b,2,10,0.0,5,45,0.989693
A,Nam2023b,2,10,0.0,5,46,0.989568
A,Nam2023b,2,10,0.0,5,47,0.989606
A,Nam2023b,2,10,0.0,5,48,0.989598
A,Nam2023b,2,10,0.0,5,49,0.98969
A,Nam2023b,2,10,0.0,5,50,0.989623
A,Nam2023b,2,10,0.0,5,51,0.989686
A,Nam2025,2,10,0.0,5,42,0.989532
A,Nam2025,2,10,0.0,5,43,0.98968
A,Nam2025,2,10,0.0,5,44,0.989584
A,Nam2025,2,10,0.0,5,45,0.989693
A,Nam2025,2,10,0.0,5,46,0.989568
A,Nam2025,2,10,0.0,5,47,0.989606
A,Nam2025,2,10,0.0,5,48,0.989598
A,Nam2025,2,10,0.0,5,49,0.98969
A,Nam2025,2,10,0.0,5,50,0.989623
A,Nam2025,2,10,0.0,5,51,0.989686
A,Youn2026,2,10,0.0,5,42,0.989532
A,Youn2026,2,10,0.0,5,43,0.98968
A,Youn2026,2,10,0.0,5,44,0.989584
A,Youn2026,2,10,0.0,5,45,0.989693
A,Youn2026,2,10,0.0,5,46,0.989568
A,Youn2026,2,10,0.0,5,47,0.989606
A,Youn2026,2,10,0.0,5,48,0.989598
A,Youn2026,2,10,0.0,5,49,0.98969
A,Youn2026,2,10,0.0,5,50,0.989623
A,Youn2026,2,10,0.0,5,51,0.989686
A,V2I-Base,2,10,0.0,5,42,0.989532
A,V2I-Base,2,10,0.0,5,43,0.98968
A,V2I-Base,2,10,0.0,5,44,0.989584
A,V2I-Base,2,10,0.0,5,45,0.989693
A,V2I-Base,2,10,0.0,5,46,0.989568
A,V2I-Base,2,10,0.0,5,47,0.989606
A,V2I-Base,2,10,0.0,5,48,0.989598
A,V2I-Base,2,10,0.0,5,49,0.98969
A,V2I-Base,2,10,0.0,5,50,0.989623
A,V2I-Base,2,10,0.0,5,51,0.989686
A,V2V-Base,2,10,0.0,5,42,0.989532
A,V2V-Base,2,10,0.0,5,43,0.98968
A,V2V-Base,2,10,0.0,5,44,0.989584
A,V2V-Base,2,10,0.0,5,45,0.989693
A,V2V-Base,2,10,0.0,5,46,0.989568
A,V2V-Base,2,10,0.0,5,47,0.989606
A,V2V-Base,2,10,0.0,5,48,0.989598
A,V2V-Base,2,10,0.0,5,49,0.98969
A,V2V-Base,2,10,0.0,5,50,0.989623
A,V2V-Base,2,10,0.0,5,51,0.989686
A,Random-K,2,10,0.0,5,42,0.989532
A,Random-K,2,10,0.0,5,43,0.98968
A,Random-K,2,10,0.0,5,44,0.989584
A,Random-K,2,10,0.0,5,45,0.989693
A,Random-K,2,10,0.0,5,46,0.989568
A,Random-K,2,10,0.0,5,47,0.989606
A,Random-K,2,10,0.0,5,48,0.989598
A,Random-K,2,10,0.0,5,49,0.98969
A,Random-K,2,10,0.0,5,50,0.989623
A,Random-K,2,10,0.0,5,51,0.989686
A,RILP,2,10,1.0,5,42,0.989532
A,RILP,2,10,1.0,5,43,0.98968
A,RILP,2,10,1.0,5,44,0.989584
A,RILP,2,10,1.0,5,45,0.989693
A,RILP,2,10,1.0,5,46,0.989568
A,RILP,2,10,1.0,5,47,0.989606
A,RILP,2,10,1.0,5,48,0.989598
A,RILP,2,10,1.0,5,49,0.98969
A,RILP,2,10,1.0,5,50,0.989623
A,RILP,2,10,1.0,5,51,0.989686
A,RILP-Greedy,2,10,1.0,5,42,0.989532
A,RILP-Greedy,2,10,1.0,5,43,0.98968
A,RILP-Greedy,2,10,1.0,5,44,0.989584
A,RILP-Greedy,2,10,1.0,5,45,0.989693
A,RILP-Greedy,2,10,1.0,5,46,0.989568
A,RILP-Greedy,2,10,1.0,5,47,0.989606
A,RILP-Greedy,2,10,1.0,5,48,0.989598
A,RILP-Greedy,2,10,1.0,5,49,0.98969
A,RILP-Greedy,2,10,1.0,5,50,0.989623
A,RILP-Greedy,2,10,1.0,5,51,0.989686
A,Nam2023b,2,10,1.0,5,42,0.989532
A,Nam2023b,2,10,1.0,5,43,0.98968
A,Nam2023b,2,10,1.0,5,44,0.989584
A,Nam2023b,2,10,1.0,5,45,0.989693
A,Nam2023b,2,10,1.0,5,46,0.989568
A,Nam2023b,2,10,1.0,5,47,0.989606
A,Nam2023b,2,10,1.0,5,48,0.989598
A,Nam2023b,2,10,1.0,5,49,0.98969
A,Nam2023b,2,10,1.0,5,50,0.989623
A,Nam2023b,2,10,1.0,5,51,0.989686
A,Nam2025,2,10,1.0,5,42,0.989532
A,Nam2025,2,10,1.0,5,43,0.98968
A,Nam2025,2,10,1.0,5,44,0.989584
A,Nam2025,2,10,1.0,5,45,0.989693
A,Nam2025,2,10,1.0,5,46,0.989568
A,Nam2025,2,10,1.0,5,47,0.989606
A,Nam2025,2,10,1.0,5,48,0.989598
A,Nam2025,2,10,1.0,5,49,0.98969
A,Nam2025,2,10,1.0,5,50,0.989623
A,Nam2025,2,10,1.0,5,51,0.989686
A,Youn2026,2,10,1.0,5,42,0.989532
A,Youn2026,2,10,1.0,5,43,0.98968
A,Youn2026,2,10,1.0,5,44,0.989584
A,Youn2026,2,10,1.0,5,45,0.989693
A,Youn2026,2,10,1.0,5,46,0.989568
A,Youn2026,2,10,1.0,5,47,0.989606
A,Youn2026,2,10,1.0,5,48,0.989598
A,Youn2026,2,10,1.0,5,49,0.98969
A,Youn2026,2,10,1.0,5,50,0.989623
A,Youn2026,2,10,1.0,5,51,0.989686
A,V2I-Base,2,10,1.0,5,42,0.989532
A,V2I-Base,2,10,1.0,5,43,0.98968
A,V2I-Base,2,10,1.0,5,44,0.989584
A,V2I-Base,2,10,1.0,5,45,0.989693
A,V2I-Base,2,10,1.0,5,46,0.989568
A,V2I-Base,2,10,1.0,5,47,0.989606
A,V2I-Base,2,10,1.0,5,48,0.989598
A,V2I-Base,2,10,1.0,5,49,0.98969
A,V2I-Base,2,10,1.0,5,50,0.989623
A,V2I-Base,2,10,1.0,5,51,0.989686
A,V2V-Base,2,10,1.0,5,42,0.989532
A,V2V-Base,2,10,1.0,5,43,0.98968
A,V2V-Base,2,10,1.0,5,44,0.989584
A,V2V-Base,2,10,1.0,5,45,0.989693
A,V2V-Base,2,10,1.0,5,46,0.989568
A,V2V-Base,2,10,1.0,5,47,0.989606
A,V2V-Base,2,10,1.0,5,48,0.989598
A,V2V-Base,2,10,1.0,5,49,0.98969
A,V2V-Base,2,10,1.0,5,50,0.989623
A,V2V-Base,2,10,1.0,5,51,0.989686
A,Random-K,2,10,1.0,5,42,0.989532
A,Random-K,2,10,1.0,5,43,0.98968
A,Random-K,2,10,1.0,5,44,0.989584
A,Random-K,2,10,1.0,5,45,0.989693
A,Random-K,2,10,1.0,5,46,0.989568
A,Random-K,2,10,1.0,5,47,0.989606
A,Random-K,2,10,1.0,5,48,0.989598
A,Random-K,2,10,1.0,5,49,0.98969
A,Random-K,2,10,1.0,5,50,0.989623
A,Random-K,2,10,1.0,5,51,0.989686
A,RILP,2,10,2.0,5,42,0.989532
A,RILP,2,10,2.0,5,43,0.98968
A,RILP,2,10,2.0,5,44,0.989584
A,RILP,2,10,2.0,5,45,0.989693
A,RILP,2,10,2.0,5,46,0.989568
A,RILP,2,10,2.0,5,47,0.989606
A,RILP,2,10,2.0,5,48,0.989598
A,RILP,2,10,2.0,5,49,0.98969
A,RILP,2,10,2.0,5,50,0.989623
A,RILP,2,10,2.0,5,51,0.989686
A,RILP-Greedy,2,10,2.0,5,42,0.989532
A,RILP-Greedy,2,10,2.0,5,43,0.98968
A,RILP-Greedy,2,10,2.0,5,44,0.989584
A,RILP-Greedy,2,10,2.0,5,45,0.989693
A,RILP-Greedy,2,10,2.0,5,46,0.989568
A,RILP-Greedy,2,10,2.0,5,47,0.989606
A,RILP-Greedy,2,10,2.0,5,48,0.989598
A,RILP-Greedy,2,10,2.0,5,49,0.98969
A,RILP-Greedy,2,10,2.0,5,50,0.989623
A,RILP-Greedy,2,10,2.0,5,51,0.989686
A,Nam2023b,2,10,2.0,5,42,0.989532
A,Nam2023b,2,10,2.0,5,43,0.98968
A,Nam2023b,2,10,2.0,5,44,0.989584
A,Nam2023b,2,10,2.0,5,45,0.989693
A,Nam2023b,2,10,2.0,5,46,0.989568
A,Nam2023b,2,10,2.0,5,47,0.989606
A,Nam2023b,2,10,2.0,5,48,0.989598
A,Nam2023b,2,10,2.0,5,49,0.98969
A,Nam2023b,2,10,2.0,5,50,0.989623
A,Nam2023b,2,10,2.0,5,51,0.989686
A,Nam2025,2,10,2.0,5,42,0.989532
A,Nam2025,2,10,2.0,5,43,0.98968
A,Nam2025,2,10,2.0,5,44,0.989584
A,Nam2025,2,10,2.0,5,45,0.989693
A,Nam2025,2,10,2.0,5,46,0.989568
A,Nam2025,2,10,2.0,5,47,0.989606
A,Nam2025,2,10,2.0,5,48,0.989598
A,Nam2025,2,10,2.0,5,49,0.98969
A,Nam2025,2,10,2.0,5,50,0.989623
A,Nam2025,2,10,2.0,5,51,0.989686
A,Youn2026,2,10,2.0,5,42,0.989532
A,Youn2026,2,10,2.0,5,43,0.98968
A,Youn2026,2,10,2.0,5,44,0.989584
A,Youn2026,2,10,2.0,5,45,0.989693
A,Youn2026,2,10,2.0,5,46,0.989568
A,Youn2026,2,10,2.0,5,47,0.989606
A,Youn2026,2,10,2.0,5,48,0.989598
A,Youn2026,2,10,2.0,5,49,0.98969
A,Youn2026,2,10,2.0,5,50,0.989623
A,Youn2026,2,10,2.0,5,51,0.989686
A,V2I-Base,2,10,2.0,5,42,0.989532
A,V2I-Base,2,10,2.0,5,43,0.98968
A,V2I-Base,2,10,2.0,5,44,0.989584
A,V2I-Base,2,10,2.0,5,45,0.989693
A,V2I-Base,2,10,2.0,5,46,0.989568
A,V2I-Base,2,10,2.0,5,47,0.989606
A,V2I-Base,2,10,2.0,5,48,0.989598
A,V2I-Base,2,10,2.0,5,49,0.98969
A,V2I-Base,2,10,2.0,5,50,0.989623
A,V2I-Base,2,10,2.0,5,51,0.989686
A,V2V-Base,2,10,2.0,5,42,0.989532
A,V2V-Base,2,10,2.0,5,43,0.98968
A,V2V-Base,2,10,2.0,5,44,0.989584
A,V2V-Base,2,10,2.0,5,45,0.989693
A,V2V-Base,2,10,2.0,5,46,0.989568
A,V2V-Base,2,10,2.0,5,47,0.989606
A,V2V-Base,2,10,2.0,5,48,0.989598
A,V2V-Base,2,10,2.0,5,49,0.98969
A,V2V-Base,2,10,2.0,5,50,0.989623
A,V2V-Base,2,10,2.0,5,51,0.989686
A,Random-K,2,10,2.0,5,42,0.989532
A,Random-K,2,10,2.0,5,43,0.98968
A,Random-K,2,10,2.0,5,44,0.989584
A,Random-K,2,10,2.0,5,45,0.989693
A,Random-K,2,10,2.0,5,46,0.989568
A,Random-K,2,10,2.0,5,47,0.989606
A,Random-K,2,10,2.0,5,48,0.989598
A,Random-K,2,10,2.0,5,49,0.98969
A,Random-K,2,10,2.0,5,50,0.989623
A,Random-K,2,10,2.0,5,51,0.989686
A,RILP,2,10,3.0,5,42,0.989532
A,RILP,2,10,3.0,5,43,0.98968
A,RILP,2,10,3.0,5,44,0.989584
A,RILP,2,10,3.0,5,45,0.989693
A,RILP,2,10,3.0,5,46,0.989568
A,RILP,2,10,3.0,5,47,0.989606
A,RILP,2,10,3.0,5,48,0.989598
A,RILP,2,10,3.0,5,49,0.98969
A,RILP,2,10,3.0,5,50,0.989623
A,RILP,2,10,3.0,5,51,0.989686
A,RILP-Greedy,2,10,3.0,5,42,0.989532
A,RILP-Greedy,2,10,3.0,5,43,0.98968
A,RILP-Greedy,2,10,3.0,5,44,0.989584
A,RILP-Greedy,2,10,3.0,5,45,0.989693
A,RILP-Greedy,2,10,3.0,5,46,0.989568
A,RILP-Greedy,2,10,3.0,5,47,0.989606
A,RILP-Greedy,2,10,3.0,5,48,0.989598
A,RILP-Greedy,2,10,3.0,5,49,0.98969
A,RILP-Greedy,2,10,3.0,5,50,0.989623
A,RILP-Greedy,2,10,3.0,5,51,0.989686
A,Nam2023b,2,10,3.0,5,42,0.989532
A,Nam2023b,2,10,3.0,5,43,0.98968
A,Nam2023b,2,10,3.0,5,44,0.989584
A,Nam2023b,2,10,3.0,5,45,0.989693
A,Nam2023b,2,10,3.0,5,46,0.989568
A,Nam2023b,2,10,3.0,5,47,0.989606
A,Nam2023b,2,10,3.0,5,48,0.989598
A,Nam2023b,2,10,3.0,5,49,0.98969
A,Nam2023b,2,10,3.0,5,50,0.989623
A,Nam2023b,2,10,3.0,5,51,0.989686
A,Nam2025,2,10,3.0,5,42,0.989532
A,Nam2025,2,10,3.0,5,43,0.98968
A,Nam2025,2,10,3.0,5,44,0.989584
A,Nam2025,2,10,3.0,5,45,0.989693
A,Nam2025,2,10,3.0,5,46,0.989568
A,Nam2025,2,10,3.0,5,47,0.989606
A,Nam2025,2,10,3.0,5,48,0.989598
A,Nam2025,2,10,3.0,5,49,0.98969
A,Nam2025,2,10,3.0,5,50,0.989623
A,Nam2025,2,10,3.0,5,51,0.989686
A,Youn2026,2,10,3.0,5,42,0.989532
A,Youn2026,2,10,3.0,5,43,0.98968
A,Youn2026,2,10,3.0,5,44,0.989584
A,Youn2026,2,10,3.0,5,45,0.989693
A,Youn2026,2,10,3.0,5,46,0.989568
A,Youn2026,2,10,3.0,5,47,0.989606
A,Youn2026,2,10,3.0,5,48,0.989598
A,Youn2026,2,10,3.0,5,49,0.98969
A,Youn2026,2,10,3.0,5,50,0.989623
A,Youn2026,2,10,3.0,5,51,0.989686
A,V2I-Base,2,10,3.0,5,42,0.989532
A,V2I-Base,2,10,3.0,5,43,0.98968
A,V2I-Base,2,10,3.0,5,44,0.989584
A,V2I-Base,2,10,3.0,5,45,0.989693
A,V2I-Base,2,10,3.0,5,46,0.989568
A,V2I-Base,2,10,3.0,5,47,0.989606
A,V2I-Base,2,10,3.0,5,48,0.989598
A,V2I-Base,2,10,3.0,5,49,0.98969
A,V2I-Base,2,10,3.0,5,50,0.989623
A,V2I-Base,2,10,3.0,5,51,0.989686
A,V2V-Base,2,10,3.0,5,42,0.989532
A,V2V-Base,2,10,3.0,5,43,0.98968
A,V2V-Base,2,10,3.0,5,44,0.989584
A,V2V-Base,2,10,3.0,5,45,0.989693
A,V2V-Base,2,10,3.0,5,46,0.989568
A,V2V-Base,2,10,3.0,5,47,0.989606
A,V2V-Base,2,10,3.0,5,48,0.989598
A,V2V-Base,2,10,3.0,5,49,0.98969
A,V2V-Base,2,10,3.0,5,50,0.989623
A,V2V-Base,2,10,3.0,5,51,0.989686
A,Random-K,2,10,3.0,5,42,0.989532
A,Random-K,2,10,3.0,5,43,0.98968
A,Random-K,2,10,3.0,5,44,0.989584
A,Random-K,2,10,3.0,5,45,0.989693
A,Random-K,2,10,3.0,5,46,0.989568
A,Random-K,2,10,3.0,5,47,0.989606
A,Random-K,2,10,3.0,5,48,0.989598
A,Random-K,2,10,3.0,5,49,0.98969
A,Random-K,2,10,3.0,5,50,0.989623
A,Random-K,2,10,3.0,5,51,0.989686
A,RILP,2,20,0.0,5,42,0.989532
A,RILP,2,20,0.0,5,43,0.98968
A,RILP,2,20,0.0,5,44,0.989584
A,RILP,2,20,0.0,5,45,0.989693
A,RILP,2,20,0.0,5,46,0.989568
A,RILP,2,20,0.0,5,47,0.989606
A,RILP,2,20,0.0,5,48,0.989598
A,RILP,2,20,0.0,5,49,0.98969
A,RILP,2,20,0.0,5,50,0.989623
A,RILP,2,20,0.0,5,51,0.989686
A,RILP-Greedy,2,20,0.0,5,42,0.989532
A,RILP-Greedy,2,20,0.0,5,43,0.98968
A,RILP-Greedy,2,20,0.0,5,44,0.989584
A,RILP-Greedy,2,20,0.0,5,45,0.989693
A,RILP-Greedy,2,20,0.0,5,46,0.989568
A,RILP-Greedy,2,20,0.0,5,47,0.989606
A,RILP-Greedy,2,20,0.0,5,48,0.989598
A,RILP-Greedy,2,20,0.0,5,49,0.98969
A,RILP-Greedy,2,20,0.0,5,50,0.989623
A,RILP-Greedy,2,20,0.0,5,51,0.989686
A,Nam2023b,2,20,0.0,5,42,0.989532
A,Nam2023b,2,20,0.0,5,43,0.98968
A,Nam2023b,2,20,0.0,5,44,0.989584
A,Nam2023b,2,20,0.0,5,45,0.989693
A,Nam2023b,2,20,0.0,5,46,0.989568
A,Nam2023b,2,20,0.0,5,47,0.989606
A,Nam2023b,2,20,0.0,5,48,0.989598
A,Nam2023b,2,20,0.0,5,49,0.98969
A,Nam2023b,2,20,0.0,5,50,0.989623
A,Nam2023b,2,20,0.0,5,51,0.989686
A,Nam2025,2,20,0.0,5,42,0.989532
A,Nam2025,2,20,0.0,5,43,0.98968
A,Nam2025,2,20,0.0,5,44,0.989584
A,Nam2025,2,20,0.0,5,45,0.989693
A,Nam2025,2,20,0.0,5,46,0.989568
A,Nam2025,2,20,0.0,5,47,0.989606
A,Nam2025,2,20,0.0,5,48,0.989598
A,Nam2025,2,20,0.0,5,49,0.98969
A,Nam2025,2,20,0.0,5,50,0.989623
A,Nam2025,2,20,0.0,5,51,0.989686
A,Youn2026,2,20,0.0,5,42,0.989532
A,Youn2026,2,20,0.0,5,43,0.98968
A,Youn2026,2,20,0.0,5,44,0.989584
A,Youn2026,2,20,0.0,5,45,0.989693
A,Youn2026,2,20,0.0,5,46,0.989568
A,Youn2026,2,20,0.0,5,47,0.989606
A,Youn2026,2,20,0.0,5,48,0.989598
A,Youn2026,2,20,0.0,5,49,0.98969
A,Youn2026,2,20,0.0,5,50,0.989623
A,Youn2026,2,20,0.0,5,51,0.989686
A,V2I-Base,2,20,0.0,5,42,0.989532
A,V2I-Base,2,20,0.0,5,43,0.98968
A,V2I-Base,2,20,0.0,5,44,0.989584
A,V2I-Base,2,20,0.0,5,45,0.989693
A,V2I-Base,2,20,0.0,5,46,0.989568
A,V2I-Base,2,20,0.0,5,47,0.989606
A,V2I-Base,2,20,0.0,5,48,0.989598
A,V2I-Base,2,20,0.0,5,49,0.98969
A,V2I-Base,2,20,0.0,5,50,0.989623
A,V2I-Base,2,20,0.0,5,51,0.989686
A,V2V-Base,2,20,0.0,5,42,0.989532
A,V2V-Base,2,20,0.0,5,43,0.98968
A,V2V-Base,2,20,0.0,5,44,0.989584
A,V2V-Base,2,20,0.0,5,45,0.989693
A,V2V-Base,2,20,0.0,5,46,0.989568
A,V2V-Base,2,20,0.0,5,47,0.989606
A,V2V-Base,2,20,0.0,5,48,0.989598
A,V2V-Base,2,20,0.0,5,49,0.98969
A,V2V-Base,2,20,0.0,5,50,0.989623
A,V2V-Base,2,20,0.0,5,51,0.989686
A,Random-K,2,20,0.0,5,42,0.989532
A,Random-K,2,20,0.0,5,43,0.98968
A,Random-K,2,20,0.0,5,44,0.989584
A,Random-K,2,20,0.0,5,45,0.989693
A,Random-K,2,20,0.0,5,46,0.989164
A,Random-K,2,20,0.0,5,47,0.988892
A,Random-K,2,20,0.0,5,48,0.988892
A,Random-K,2,20,0.0,5,49,0.989034
A,Random-K,2,20,0.0,5,50,0.988938
A,Random-K,2,20,0.0,5,51,0.988919
A,RILP,2,20,1.0,5,42,0.988846
A,RILP,2,20,1.0,5,43,0.989154
A,RILP,2,20,1.0,5,44,0.989105
A,RILP,2,20,1.0,5,45,0.989082
A,RILP,2,20,1.0,5,46,0.989164
A,RILP,2,20,1.0,5,47,0.988892
A,RILP,2,20,1.0,5,48,0.988892
A,RILP,2,20,1.0,5,49,0.989034
A,RILP,2,20,1.0,5,50,0.988938
A,RILP,2,20,1.0,5,51,0.988919
A,RILP-Greedy,2,20,1.0,5,42,0.988846
A,RILP-Greedy,2,20,1.0,5,43,0.989154
A,RILP-Greedy,2,20,1.0,5,44,0.989105
A,RILP-Greedy,2,20,1.0,5,45,0.989082
A,RILP-Greedy,2,20,1.0,5,46,0.989164
A,RILP-Greedy,2,20,1.0,5,47,0.988892
A,RILP-Greedy,2,20,1.0,5,48,0.988892
A,RILP-Greedy,2,20,1.0,5,49,0.989034
A,RILP-Greedy,2,20,1.0,5,50,0.988938
A,RILP-Greedy,2,20,1.0,5,51,0.988919
A,Nam2023b,2,20,1.0,5,42,0.988846
A,Nam2023b,2,20,1.0,5,43,0.989154
A,Nam2023b,2,20,1.0,5,44,0.989105
A,Nam2023b,2,20,1.0,5,45,0.989082
A,Nam2023b,2,20,1.0,5,46,0.989164
A,Nam2023b,2,20,1.0,5,47,0.988892
A,Nam2023b,2,20,1.0,5,48,0.988892
A,Nam2023b,2,20,1.0,5,49,0.989034
A,Nam2023b,2,20,1.0,5,50,0.988938
A,Nam2023b,2,20,1.0,5,51,0.988919
A,Nam2025,2,20,1.0,5,42,0.988846
A,Nam2025,2,20,1.0,5,43,0.989154
A,Nam2025,2,20,1.0,5,44,0.989105
A,Nam2025,2,20,1.0,5,45,0.989082
A,Nam2025,2,20,1.0,5,46,0.989164
A,Nam2025,2,20,1.0,5,47,0.988892
A,Nam2025,2,20,1.0,5,48,0.988892
A,Nam2025,2,20,1.0,5,49,0.989034
A,Nam2025,2,20,1.0,5,50,0.988938
A,Nam2025,2,20,1.0,5,51,0.988919
A,Youn2026,2,20,1.0,5,42,0.988846
A,Youn2026,2,20,1.0,5,43,0.989154
A,Youn2026,2,20,1.0,5,44,0.989105
A,Youn2026,2,20,1.0,5,45,0.989082
A,Youn2026,2,20,1.0,5,46,0.989164
A,Youn2026,2,20,1.0,5,47,0.988892
A,Youn2026,2,20,1.0,5,48,0.988892
A,Youn2026,2,20,1.0,5,49,0.989034
A,Youn2026,2,20,1.0,5,50,0.988938
A,Youn2026,2,20,1.0,5,51,0.988919
A,V2I-Base,2,20,1.0,5,42,0.988846
A,V2I-Base,2,20,1.0,5,43,0.989154
A,V2I-Base,2,20,1.0,5,44,0.989105
A,V2I-Base,2,20,1.0,5,45,0.989082
A,V2I-Base,2,20,1.0,5,46,0.989164
A,V2I-Base,2,20,1.0,5,47,0.988892
A,V2I-Base,2,20,1.0,5,48,0.988892
A,V2I-Base,2,20,1.0,5,49,0.989034
A,V2I-Base,2,20,1.0,5,50,0.988938
A,V2I-Base,2,20,1.0,5,51,0.988919
A,V2V-Base,2,20,1.0,5,42,0.988846
A,V2V-Base,2,20,1.0,5,43,0.989154
A,V2V-Base,2,20,1.0,5,44,0.989105
A,V2V-Base,2,20,1.0,5,45,0.989082
A,V2V-Base,2,20,1.0,5,46,0.989164
A,V2V-Base,2,20,1.0,5,47,0.988892
A,V2V-Base,2,20,1.0,5,48,0.988892
A,V2V-Base,2,20,1.0,5,49,0.989034
A,V2V-Base,2,20,1.0,5,50,0.988938
A,V2V-Base,2,20,1.0,5,51,0.988919
A,Random-K,2,20,1.0,5,42,0.988846
A,Random-K,2,20,1.0,5,43,0.989154
A,Random-K,2,20,1.0,5,44,0.989105
A,Random-K,2,20,1.0,5,45,0.989082
A,Random-K,2,20,1.0,5,46,0.989164
A,Random-K,2,20,1.0,5,47,0.988892
A,Random-K,2,20,1.0,5,48,0.988892
A,Random-K,2,20,1.0,5,49,0.989034
A,Random-K,2,20,1.0,5,50,0.988938
A,Random-K,2,20,1.0,5,51,0.988919
A,RILP,2,20,2.0,5,42,0.988846
A,RILP,2,20,2.0,5,43,0.989154
A,RILP,2,20,2.0,5,44,0.989105
A,RILP,2,20,2.0,5,45,0.989082
A,RILP,2,20,2.0,5,46,0.989164
A,RILP,2,20,2.0,5,47,0.988892
A,RILP,2,20,2.0,5,48,0.988892
A,RILP,2,20,2.0,5,49,0.989034
A,RILP,2,20,2.0,5,50,0.988938
A,RILP,2,20,2.0,5,51,0.988919
A,RILP-Greedy,2,20,2.0,5,42,0.988846
A,RILP-Greedy,2,20,2.0,5,43,0.989154
A,RILP-Greedy,2,20,2.0,5,44,0.989105
A,RILP-Greedy,2,20,2.0,5,45,0.989082
A,RILP-Greedy,2,20,2.0,5,46,0.989164
A,RILP-Greedy,2,20,2.0,5,47,0.988892
A,RILP-Greedy,2,20,2.0,5,48,0.988892
A,RILP-Greedy,2,20,2.0,5,49,0.989034
A,RILP-Greedy,2,20,2.0,5,50,0.988938
A,RILP-Greedy,2,20,2.0,5,51,0.988919
A,Nam2023b,2,20,2.0,5,42,0.988846
A,Nam2023b,2,20,2.0,5,43,0.989154
A,Nam2023b,2,20,2.0,5,44,0.989105
A,Nam2023b,2,20,2.0,5,45,0.989082
A,Nam2023b,2,20,2.0,5,46,0.989164
A,Nam2023b,2,20,2.0,5,47,0.988892
A,Nam2023b,2,20,2.0,5,48,0.988892
A,Nam2023b,2,20,2.0,5,49,0.989034
A,Nam2023b,2,20,2.0,5,50,0.988938
A,Nam2023b,2,20,2.0,5,51,0.988919
A,Nam2025,2,20,2.0,5,42,0.988846
A,Nam2025,2,20,2.0,5,43,0.989154
A,Nam2025,2,20,2.0,5,44,0.989105
A,Nam2025,2,20,2.0,5,45,0.989082
A,Nam2025,2,20,2.0,5,46,0.989164
A,Nam2025,2,20,2.0,5,47,0.988892
A,Nam2025,2,20,2.0,5,48,0.988892
A,Nam2025,2,20,2.0,5,49,0.989034
A,Nam2025,2,20,2.0,5,50,0.988938
A,Nam2025,2,20,2.0,5,51,0.988919
A,Youn2026,2,20,2.0,5,42,0.988846
A,Youn2026,2,20,2.0,5,43,0.989154
A,Youn2026,2,20,2.0,5,44,0.989105
A,Youn2026,2,20,2.0,5,45,0.989082
A,Youn2026,2,20,2.0,5,46,0.989164
A,Youn2026,2,20,2.0,5,47,0.988892
A,Youn2026,2,20,2.0,5,48,0.988892
A,Youn2026,2,20,2.0,5,49,0.989034
A,Youn2026,2,20,2.0,5,50,0.988938
A,Youn2026,2,20,2.0,5,51,0.988919
A,V2I-Base,2,20,2.0,5,42,0.988846
A,V2I-Base,2,20,2.0,5,43,0.989154
A,V2I-Base,2,20,2.0,5,44,0.989105
A,V2I-Base,2,20,2.0,5,45,0.989082
A,V2I-Base,2,20,2.0,5,46,0.989164
A,V2I-Base,2,20,2.0,5,47,0.988892
A,V2I-Base,2,20,2.0,5,48,0.988892
A,V2I-Base,2,20,2.0,5,49,0.989034
A,V2I-Base,2,20,2.0,5,50,0.988938
A,V2I-Base,2,20,2.0,5,51,0.988919
A,V2V-Base,2,20,2.0,5,42,0.988846
A,V2V-Base,2,20,2.0,5,43,0.989154
A,V2V-Base,2,20,2.0,5,44,0.989105
A,V2V-Base,2,20,2.0,5,45,0.989082
A,V2V-Base,2,20,2.0,5,46,0.989164
A,V2V-Base,2,20,2.0,5,47,0.988892
A,V2V-Base,2,20,2.0,5,48,0.988892
A,V2V-Base,2,20,2.0,5,49,0.989034
A,V2V-Base,2,20,2.0,5,50,0.988938
A,V2V-Base,2,20,2.0,5,51,0.988919
A,Random-K,2,20,2.0,5,42,0.988846
A,Random-K,2,20,2.0,5,43,0.989154
A,Random-K,2,20,2.0,5,44,0.989105
A,Random-K,2,20,2.0,5,45,0.989082
A,Random-K,2,20,2.0,5,46,0.989164
A,Random-K,2,20,2.0,5,47,0.988892
A,Random-K,2,20,2.0,5,48,0.988892
A,Random-K,2,20,2.0,5,49,0.989034
A,Random-K,2,20,2.0,5,50,0.988938
A,Random-K,2,20,2.0,5,51,0.988919
A,RILP,2,20,3.0,5,42,0.988846
A,RILP,2,20,3.0,5,43,0.989154
A,RILP,2,20,3.0,5,44,0.989105
A,RILP,2,20,3.0,5,45,0.989082
A,RILP,2,20,3.0,5,46,0.989164
A,RILP,2,20,3.0,5,47,0.988892
A,RILP,2,20,3.0,5,48,0.988892
A,RILP,2,20,3.0,5,49,0.989034
A,RILP,2,20,3.0,5,50,0.988938
A,RILP,2,20,3.0,5,51,0.988919
A,RILP-Greedy,2,20,3.0,5,42,0.988846
A,RILP-Greedy,2,20,3.0,5,43,0.989154
A,RILP-Greedy,2,20,3.0,5,44,0.989105
A,RILP-Greedy,2,20,3.0,5,45,0.989082
A,RILP-Greedy,2,20,3.0,5,46,0.989164
A,RILP-Greedy,2,20,3.0,5,47,0.988892
A,RILP-Greedy,2,20,3.0,5,48,0.988892
A,RILP-Greedy,2,20,3.0,5,49,0.989034
A,RILP-Greedy,2,20,3.0,5,50,0.988938
A,RILP-Greedy,2,20,3.0,5,51,0.988919
A,Nam2023b,2,20,3.0,5,42,0.988846
A,Nam2023b,2,20,3.0,5,43,0.989154
A,Nam2023b,2,20,3.0,5,44,0.989105
A,Nam2023b,2,20,3.0,5,45,0.989082
A,Nam2023b,2,20,3.0,5,46,0.989164
A,Nam2023b,2,20,3.0,5,47,0.988892
A,Nam2023b,2,20,3.0,5,48,0.988892
A,Nam2023b,2,20,3.0,5,49,0.989034
A,Nam2023b,2,20,3.0,5,50,0.988938
A,Nam2023b,2,20,3.0,5,51,0.988919
A,Nam2025,2,20,3.0,5,42,0.988846
A,Nam2025,2,20,3.0,5,43,0.989154
A,Nam2025,2,20,3.0,5,44,0.989105
A,Nam2025,2,20,3.0,5,45,0.989082
A,Nam2025,2,20,3.0,5,46,0.989164
A,Nam2025,2,20,3.0,5,47,0.988892
A,Nam2025,2,20,3.0,5,48,0.988892
A,Nam2025,2,20,3.0,5,49,0.989034
A,Nam2025,2,20,3.0,5,50,0.988938
A,Nam2025,2,20,3.0,5,51,0.988919
A,Youn2026,2,20,3.0,5,42,0.988846
A,Youn2026,2,20,3.0,5,43,0.989154
A,Youn2026,2,20,3.0,5,44,0.989105
A,Youn2026,2,20,3.0,5,45,0.989082
A,Youn2026,2,20,3.0,5,46,0.989164
A,Youn2026,2,20,3.0,5,47,0.988892
A,Youn2026,2,20,3.0,5,48,0.988892
A,Youn2026,2,20,3.0,5,49,0.989034
A,Youn2026,2,20,3.0,5,50,0.988938
A,Youn2026,2,20,3.0,5,51,0.988919
A,V2I-Base,2,20,3.0,5,42,0.988846
A,V2I-Base,2,20,3.0,5,43,0.989154
A,V2I-Base,2,20,3.0,5,44,0.989105
A,V2I-Base,2,20,3.0,5,45,0.989082
A,V2I-Base,2,20,3.0,5,46,0.989164
A,V2I-Base,2,20,3.0,5,47,0.988892
A,V2I-Base,2,20,3.0,5,48,0.988892
A,V2I-Base,2,20,3.0,5,49,0.989034
A,V2I-Base,2,20,3.0,5,50,0.988938
A,V2I-Base,2,20,3.0,5,51,0.988919
A,V2V-Base,2,20,3.0,5,42,0.988846
A,V2V-Base,2,20,3.0,5,43,0.989154
A,V2V-Base,2,20,3.0,5,44,0.989105
A,V2V-Base,2,20,3.0,5,45,0.989082
A,V2V-Base,2,20,3.0,5,46,0.989164
A,V2V-Base,2,20,3.0,5,47,0.988892
A,V2V-Base,2,20,3.0,5,48,0.988892
A,V2V-Base,2,20,3.0,5,49,0.989034
A,V2V-Base,2,20,3.0,5,50,0.988938
A,V2V-Base,2,20,3.0,5,51,0.988919
A,Random-K,2,20,3.0,5,42,0.988846
A,Random-K,2,20,3.0,5,43,0.989154
A,Random-K,2,20,3.0,5,44,0.989105
A,Random-K,2,20,3.0,5,45,0.989082
A,Random-K,2,20,3.0,5,46,0.989164
A,Random-K,2,20,3.0,5,47,0.988892
A,Random-K,2,20,3.0,5,48,0.988892
A,Random-K,2,20,3.0,5,49,0.989034
A,Random-K,2,20,3.0,5,50,0.988938
A,Random-K,2,20,3.0,5,51,0.988919
A,RILP,2,30,0.0,5,42,0.988846
A,RILP,2,30,0.0,5,43,0.989154
A,RILP,2,30,0.0,5,44,0.989105
A,RILP,2,30,0.0,5,45,0.989082
A,RILP,2,30,0.0,5,46,0.989164
A,RILP,2,30,0.0,5,47,0.988892
A,RILP,2,30,0.0,5,48,0.988892
A,RILP,2,30,0.0,5,49,0.989034
A,RILP,2,30,0.0,5,50,0.988938
A,RILP,2,30,0.0,5,51,0.988919
A,RILP-Greedy,2,30,0.0,5,42,0.988846
A,RILP-Greedy,2,30,0.0,5,43,0.989154
A,RILP-Greedy,2,30,0.0,5,44,0.989105
A,RILP-Greedy,2,30,0.0,5,45,0.989082
A,RILP-Greedy,2,30,0.0,5,46,0.989164
A,RILP-Greedy,2,30,0.0,5,47,0.988892
A,RILP-Greedy,2,30,0.0,5,48,0.988892
A,RILP-Greedy,2,30,0.0,5,49,0.989034
A,RILP-Greedy,2,30,0.0,5,50,0.988938
A,RILP-Greedy,2,30,0.0,5,51,0.988919
A,Nam2023b,2,30,0.0,5,42,0.988846
A,Nam2023b,2,30,0.0,5,43,0.989154
A,Nam2023b,2,30,0.0,5,44,0.989105
A,Nam2023b,2,30,0.0,5,45,0.989082
A,Nam2023b,2,30,0.0,5,46,0.989164
A,Nam2023b,2,30,0.0,5,47,0.988892
A,Nam2023b,2,30,0.0,5,48,0.988892
A,Nam2023b,2,30,0.0,5,49,0.989034
A,Nam2023b,2,30,0.0,5,50,0.988938
A,Nam2023b,2,30,0.0,5,51,0.988919
A,Nam2025,2,30,0.0,5,42,0.988846
A,Nam2025,2,30,0.0,5,43,0.989154
A,Nam2025,2,30,0.0,5,44,0.989105
A,Nam2025,2,30,0.0,5,45,0.989082
A,Nam2025,2,30,0.0,5,46,0.989164
A,Nam2025,2,30,0.0,5,47,0.988892
A,Nam2025,2,30,0.0,5,48,0.988892
A,Nam2025,2,30,0.0,5,49,0.989034
A,Nam2025,2,30,0.0,5,50,0.988938
A,Nam2025,2,30,0.0,5,51,0.988919
A,Youn2026,2,30,0.0,5,42,0.988846
A,Youn2026,2,30,0.0,5,43,0.989154
A,Youn2026,2,30,0.0,5,44,0.989105
A,Youn2026,2,30,0.0,5,45,0.989082
A,Youn2026,2,30,0.0,5,46,0.989164
A,Youn2026,2,30,0.0,5,47,0.988892
A,Youn2026,2,30,0.0,5,48,0.988892
A,Youn2026,2,30,0.0,5,49,0.989034
A,Youn2026,2,30,0.0,5,50,0.988938
A,Youn2026,2,30,0.0,5,51,0.988919
A,V2I-Base,2,30,0.0,5,42,0.988846
A,V2I-Base,2,30,0.0,5,43,0.989154
A,V2I-Base,2,30,0.0,5,44,0.989105
A,V2I-Base,2,30,0.0,5,45,0.989082
A,V2I-Base,2,30,0.0,5,46,0.989164
A,V2I-Base,2,30,0.0,5,47,0.988892
A,V2I-Base,2,30,0.0,5,48,0.988892
A,V2I-Base,2,30,0.0,5,49,0.989034
A,V2I-Base,2,30,0.0,5,50,0.988938
A,V2I-Base,2,30,0.0,5,51,0.988919
A,V2V-Base,2,30,0.0,5,42,0.988846
A,V2V-Base,2,30,0.0,5,43,0.989154
A,V2V-Base,2,30,0.0,5,44,0.989105
A,V2V-Base,2,30,0.0,5,45,0.989082
A,V2V-Base,2,30,0.0,5,46,0.989164
A,V2V-Base,2,30,0.0,5,47,0.988892
A,V2V-Base,2,30,0.0,5,48,0.988892
A,V2V-Base,2,30,0.0,5,49,0.989034
A,V2V-Base,2,30,0.0,5,50,0.988938
A,V2V-Base,2,30,0.0,5,51,0.988919
A,Random-K,2,30,0.0,5,42,0.988846
A,Random-K,2,30,0.0,5,43,0.989154
A,Random-K,2,30,0.0,5,44,0.989105
A,Random-K,2,30,0.0,5,45,0.989082
A,Random-K,2,30,0.0,5,46,0.989164
A,Random-K,2,30,0.0,5,47,0.988892
A,Random-K,2,30,0.0,5,48,0.988892
A,Random-K,2,30,0.0,5,49,0.989034
A,Random-K,2,30,0.0,5,50,0.988938
A,Random-K,2,30,0.0,5,51,0.988919
A,RILP,2,30,1.0,5,42,0.988846
A,RILP,2,30,1.0,5,43,0.989154
A,RILP,2,30,1.0,5,44,0.989105
A,RILP,2,30,1.0,5,45,0.989082
A,RILP,2,30,1.0,5,46,0.989164
A,RILP,2,30,1.0,5,47,0.988892
A,RILP,2,30,1.0,5,48,0.988892
A,RILP,2,30,1.0,5,49,0.989034
A,RILP,2,30,1.0,5,50,0.988938
A,RILP,2,30,1.0,5,51,0.988919
A,RILP-Greedy,2,30,1.0,5,42,0.988846
A,RILP-Greedy,2,30,1.0,5,43,0.989154
A,RILP-Greedy,2,30,1.0,5,44,0.989105
A,RILP-Greedy,2,30,1.0,5,45,0.989082
A,RILP-Greedy,2,30,1.0,5,46,0.989164
A,RILP-Greedy,2,30,1.0,5,47,0.988892
A,RILP-Greedy,2,30,1.0,5,48,0.988892
A,RILP-Greedy,2,30,1.0,5,49,0.989034
A,RILP-Greedy,2,30,1.0,5,50,0.988938
A,RILP-Greedy,2,30,1.0,5,51,0.988919
A,Nam2023b,2,30,1.0,5,42,0.988846
A,Nam2023b,2,30,1.0,5,43,0.989154
A,Nam2023b,2,30,1.0,5,44,0.989105
A,Nam2023b,2,30,1.0,5,45,0.989082
A,Nam2023b,2,30,1.0,5,46,0.989164
A,Nam2023b,2,30,1.0,5,47,0.988892
A,Nam2023b,2,30,1.0,5,48,0.988892
A,Nam2023b,2,30,1.0,5,49,0.989034
A,Nam2023b,2,30,1.0,5,50,0.988938
A,Nam2023b,2,30,1.0,5,51,0.988919
A,Nam2025,2,30,1.0,5,42,0.988846
A,Nam2025,2,30,1.0,5,43,0.989154
A,Nam2025,2,30,1.0,5,44,0.989105
A,Nam2025,2,30,1.0,5,45,0.989082
A,Nam2025,2,30,1.0,5,46,0.989164
A,Nam2025,2,30,1.0,5,47,0.988892
A,Nam2025,2,30,1.0,5,48,0.988892
A,Nam2025,2,30,1.0,5,49,0.989034
A,Nam2025,2,30,1.0,5,50,0.988938
A,Nam2025,2,30,1.0,5,51,0.988919
A,Youn2026,2,30,1.0,5,42,0.989813
A,Youn2026,2,30,1.0,5,43,0.989961
A,Youn2026,2,30,1.0,5,44,0.989915
A,Youn2026,2,30,1.0,5,45,0.989979
A,Youn2026,2,30,1.0,5,46,0.989837
A,Youn2026,2,30,1.0,5,47,0.989914
A,Youn2026,2,30,1.0,5,48,0.989771
A,Youn2026,2,30,1.0,5,49,0.989896
A,Youn2026,2,30,1.0,5,50,0.989916
A,Youn2026,2,30,1.0,5,51,0.989984
A,V2I-Base,2,30,1.0,5,42,0.989813
A,V2I-Base,2,30,1.0,5,43,0.989961
A,V2I-Base,2,30,1.0,5,44,0.989915
A,V2I-Base,2,30,1.0,5,45,0.989979
A,V2I-Base,2,30,1.0,5,46,0.989837
A,V2I-Base,2,30,1.0,5,47,0.989914
A,V2I-Base,2,30,1.0,5,48,0.989771
A,V2I-Base,2,30,1.0,5,49,0.989896
A,V2I-Base,2,30,1.0,5,50,0.989916
A,V2I-Base,2,30,1.0,5,51,0.989984
A,V2V-Base,2,30,1.0,5,42,0.989813
A,V2V-Base,2,30,1.0,5,43,0.989961
A,V2V-Base,2,30,1.0,5,44,0.989915
A,V2V-Base,2,30,1.0,5,45,0.989979
A,V2V-Base,2,30,1.0,5,46,0.989837
A,V2V-Base,2,30,1.0,5,47,0.989914
A,V2V-Base,2,30,1.0,5,48,0.989771
A,V2V-Base,2,30,1.0,5,49,0.989896
A,V2V-Base,2,30,1.0,5,50,0.989916
A,V2V-Base,2,30,1.0,5,51,0.989984
A,Random-K,2,30,1.0,5,42,0.989813
A,Random-K,2,30,1.0,5,43,0.989961
A,Random-K,2,30,1.0,5,44,0.989915
A,Random-K,2,30,1.0,5,45,0.989979
A,Random-K,2,30,1.0,5,46,0.989837
A,Random-K,2,30,1.0,5,47,0.989914
A,Random-K,2,30,1.0,5,48,0.989771
A,Random-K,2,30,1.0,5,49,0.989896
A,Random-K,2,30,1.0,5,50,0.989916
A,Random-K,2,30,1.0,5,51,0.989984
A,RILP,2,30,2.0,5,42,0.989813
A,RILP,2,30,2.0,5,43,0.989961
A,RILP,2,30,2.0,5,44,0.989915
A,RILP,2,30,2.0,5,45,0.989979
A,RILP,2,30,2.0,5,46,0.989837
A,RILP,2,30,2.0,5,47,0.989914
A,RILP,2,30,2.0,5,48,0.989771
A,RILP,2,30,2.0,5,49,0.989896
A,RILP,2,30,2.0,5,50,0.989916
A,RILP,2,30,2.0,5,51,0.989984
A,RILP-Greedy,2,30,2.0,5,42,0.989813
A,RILP-Greedy,2,30,2.0,5,43,0.989961
A,RILP-Greedy,2,30,2.0,5,44,0.989915
A,RILP-Greedy,2,30,2.0,5,45,0.989979
A,RILP-Greedy,2,30,2.0,5,46,0.989837
A,RILP-Greedy,2,30,2.0,5,47,0.989914
A,RILP-Greedy,2,30,2.0,5,48,0.989771
A,RILP-Greedy,2,30,2.0,5,49,0.989896
A,RILP-Greedy,2,30,2.0,5,50,0.989916
A,RILP-Greedy,2,30,2.0,5,51,0.989984
A,Nam2023b,2,30,2.0,5,42,0.989813
A,Nam2023b,2,30,2.0,5,43,0.989961
A,Nam2023b,2,30,2.0,5,44,0.989915
A,Nam2023b,2,30,2.0,5,45,0.989979
A,Nam2023b,2,30,2.0,5,46,0.989837
A,Nam2023b,2,30,2.0,5,47,0.989914
A,Nam2023b,2,30,2.0,5,48,0.989771
A,Nam2023b,2,30,2.0,5,49,0.989896
A,Nam2023b,2,30,2.0,5,50,0.989916
A,Nam2023b,2,30,2.0,5,51,0.989984
A,Nam2025,2,30,2.0,5,42,0.989813
A,Nam2025,2,30,2.0,5,43,0.989961
A,Nam2025,2,30,2.0,5,44,0.989915
A,Nam2025,2,30,2.0,5,45,0.989979
A,Nam2025,2,30,2.0,5,46,0.989837
A,Nam2025,2,30,2.0,5,47,0.989914
A,Nam2025,2,30,2.0,5,48,0.989771
A,Nam2025,2,30,2.0,5,49,0.989896
A,Nam2025,2,30,2.0,5,50,0.989916
A,Nam2025,2,30,2.0,5,51,0.989984
A,Youn2026,2,30,2.0,5,42,0.989813
A,Youn2026,2,30,2.0,5,43,0.989961
A,Youn2026,2,30,2.0,5,44,0.989915
A,Youn2026,2,30,2.0,5,45,0.989979
A,Youn2026,2,30,2.0,5,46,0.989837
A,Youn2026,2,30,2.0,5,47,0.989914
A,Youn2026,2,30,2.0,5,48,0.989771
A,Youn2026,2,30,2.0,5,49,0.989896
A,Youn2026,2,30,2.0,5,50,0.989916
A,Youn2026,2,30,2.0,5,51,0.989984
A,V2I-Base,2,30,2.0,5,42,0.989813
A,V2I-Base,2,30,2.0,5,43,0.989961
A,V2I-Base,2,30,2.0,5,44,0.989915
A,V2I-Base,2,30,2.0,5,45,0.989979
A,V2I-Base,2,30,2.0,5,46,0.989837
A,V2I-Base,2,30,2.0,5,47,0.989914
A,V2I-Base,2,30,2.0,5,48,0.989771
A,V2I-Base,2,30,2.0,5,49,0.989896
A,V2I-Base,2,30,2.0,5,50,0.989916
A,V2I-Base,2,30,2.0,5,51,0.989984
A,V2V-Base,2,30,2.0,5,42,0.989813
A,V2V-Base,2,30,2.0,5,43,0.989961
A,V2V-Base,2,30,2.0,5,44,0.989915
A,V2V-Base,2,30,2.0,5,45,0.989979
A,V2V-Base,2,30,2.0,5,46,0.989837
A,V2V-Base,2,30,2.0,5,47,0.989914
A,V2V-Base,2,30,2.0,5,48,0.989771
A,V2V-Base,2,30,2.0,5,49,0.989896
A,V2V-Base,2,30,2.0,5,50,0.989916
A,V2V-Base,2,30,2.0,5,51,0.989984
A,Random-K,2,30,2.0,5,42,0.989813
A,Random-K,2,30,2.0,5,43,0.989961
A,Random-K,2,30,2.0,5,44,0.989915
A,Random-K,2,30,2.0,5,45,0.989979
A,Random-K,2,30,2.0,5,46,0.989837
A,Random-K,2,30,2.0,5,47,0.989914
A,Random-K,2,30,2.0,5,48,0.989771
A,Random-K,2,30,2.0,5,49,0.989896
A,Random-K,2,30,2.0,5,50,0.989916
A,Random-K,2,30,2.0,5,51,0.989984
A,RILP,2,30,3.0,5,42,0.989813
A,RILP,2,30,3.0,5,43,0.989961
A,RILP,2,30,3.0,5,44,0.989915
A,RILP,2,30,3.0,5,45,0.989979
A,RILP,2,30,3.0,5,46,0.989837
A,RILP,2,30,3.0,5,47,0.989914
A,RILP,2,30,3.0,5,48,0.989771
A,RILP,2,30,3.0,5,49,0.989896
A,RILP,2,30,3.0,5,50,0.989916
A,RILP,2,30,3.0,5,51,0.989984
A,RILP-Greedy,2,30,3.0,5,42,0.989813
A,RILP-Greedy,2,30,3.0,5,43,0.989961
A,RILP-Greedy,2,30,3.0,5,44,0.989915
A,RILP-Greedy,2,30,3.0,5,45,0.989979
A,RILP-Greedy,2,30,3.0,5,46,0.989837
A,RILP-Greedy,2,30,3.0,5,47,0.989914
A,RILP-Greedy,2,30,3.0,5,48,0.989771
A,RILP-Greedy,2,30,3.0,5,49,0.989896
A,RILP-Greedy,2,30,3.0,5,50,0.989916
A,RILP-Greedy,2,30,3.0,5,51,0.989984
A,Nam2023b,2,30,3.0,5,42,0.989813
A,Nam2023b,2,30,3.0,5,43,0.989961
A,Nam2023b,2,30,3.0,5,44,0.989915
A,Nam2023b,2,30,3.0,5,45,0.989979
A,Nam2023b,2,30,3.0,5,46,0.989837
A,Nam2023b,2,30,3.0,5,47,0.989914
A,Nam2023b,2,30,3.0,5,48,0.989771
A,Nam2023b,2,30,3.0,5,49,0.989896
A,Nam2023b,2,30,3.0,5,50,0.989916
A,Nam2023b,2,30,3.0,5,51,0.989984
A,Nam2025,2,30,3.0,5,42,0.989813
A,Nam2025,2,30,3.0,5,43,0.989961
A,Nam2025,2,30,3.0,5,44,0.989915
A,Nam2025,2,30,3.0,5,45,0.989979
A,Nam2025,2,30,3.0,5,46,0.989837
A,Nam2025,2,30,3.0,5,47,0.989914
A,Nam2025,2,30,3.0,5,48,0.989771
A,Nam2025,2,30,3.0,5,49,0.989896
A,Nam2025,2,30,3.0,5,50,0.989916
A,Nam2025,2,30,3.0,5,51,0.989984
A,Youn2026,2,30,3.0,5,42,0.989813
A,Youn2026,2,30,3.0,5,43,0.989961
A,Youn2026,2,30,3.0,5,44,0.989915
A,Youn2026,2,30,3.0,5,45,0.989979
A,Youn2026,2,30,3.0,5,46,0.989837
A,Youn2026,2,30,3.0,5,47,0.989914
A,Youn2026,2,30,3.0,5,48,0.989771
A,Youn2026,2,30,3.0,5,49,0.989896
A,Youn2026,2,30,3.0,5,50,0.989916
A,Youn2026,2,30,3.0,5,51,0.989984
A,V2I-Base,2,30,3.0,5,42,0.989813
A,V2I-Base,2,30,3.0,5,43,0.989961
A,V2I-Base,2,30,3.0,5,44,0.989915
A,V2I-Base,2,30,3.0,5,45,0.989979
A,V2I-Base,2,30,3.0,5,46,0.989837
A,V2I-Base,2,30,3.0,5,47,0.989914
A,V2I-Base,2,30,3.0,5,48,0.989771
A,V2I-Base,2,30,3.0,5,49,0.989896
A,V2I-Base,2,30,3.0,5,50,0.989916
A,V2I-Base,2,30,3.0,5,51,0.989984
A,V2V-Base,2,30,3.0,5,42,0.989813
A,V2V-Base,2,30,3.0,5,43,0.989961
A,V2V-Base,2,30,3.0,5,44,0.989915
A,V2V-Base,2,30,3.0,5,45,0.989979
A,V2V-Base,2,30,3.0,5,46,0.989837
A,V2V-Base,2,30,3.0,5,47,0.989914
A,V2V-Base,2,30,3.0,5,48,0.989771
A,V2V-Base,2,30,3.0,5,49,0.989896
A,V2V-Base,2,30,3.0,5,50,0.989916
A,V2V-Base,2,30,3.0,5,51,0.989984
A,Random-K,2,30,3.0,5,42,0.989813
A,Random-K,2,30,3.0,5,43,0.989961
A,Random-K,2,30,3.0,5,44,0.989915
A,Random-K,2,30,3.0,5,45,0.989979
A,Random-K,2,30,3.0,5,46,0.989837
A,Random-K,2,30,3.0,5,47,0.989914
A,Random-K,2,30,3.0,5,48,0.989771
A,Random-K,2,30,3.0,5,49,0.989896
A,Random-K,2,30,3.0,5,50,0.989916
A,Random-K,2,30,3.0,5,51,0.989984
A,RILP,3,0,0.0,5,42,0.989813
A,RILP,3,0,0.0,5,43,0.989961
A,RILP,3,0,0.0,5,44,0.989915
A,RILP,3,0,0.0,5,45,0.989979
A,RILP,3,0,0.0,5,46,0.989837
A,RILP,3,0,0.0,5,47,0.989914
A,RILP,3,0,0.0,5,48,0.989771
A,RILP,3,0,0.0,5,49,0.989896
A,RILP,3,0,0.0,5,50,0.989916
A,RILP,3,0,0.0,5,51,0.989984
A,RILP-Greedy,3,0,0.0,5,42,0.989813
A,RILP-Greedy,3,0,0.0,5,43,0.989961
A,RILP-Greedy,3,0,0.0,5,44,0.989915
A,RILP-Greedy,3,0,0.0,5,45,0.989979
A,RILP-Greedy,3,0,0.0,5,46,0.989837
A,RILP-Greedy,3,0,0.0,5,47,0.989914
A,RILP-Greedy,3,0,0.0,5,48,0.989771
A,RILP-Greedy,3,0,0.0,5,49,0.989896
A,RILP-Greedy,3,0,0.0,5,50,0.989916
A,RILP-Greedy,3,0,0.0,5,51,0.989984
A,Nam2023b,3,0,0.0,5,42,0.989813
A,Nam2023b,3,0,0.0,5,43,0.989961
A,Nam2023b,3,0,0.0,5,44,0.989915
A,Nam2023b,3,0,0.0,5,45,0.989979
A,Nam2023b,3,0,0.0,5,46,0.989837
A,Nam2023b,3,0,0.0,5,47,0.989914
A,Nam2023b,3,0,0.0,5,48,0.989771
A,Nam2023b,3,0,0.0,5,49,0.989896
A,Nam2023b,3,0,0.0,5,50,0.989916
A,Nam2023b,3,0,0.0,5,51,0.989984
A,Nam2025,3,0,0.0,5,42,0.989813
A,Nam2025,3,0,0.0,5,43,0.989961
A,Nam2025,3,0,0.0,5,44,0.989915
A,Nam2025,3,0,0.0,5,45,0.989979
A,Nam2025,3,0,0.0,5,46,0.989837
A,Nam2025,3,0,0.0,5,47,0.989914
A,Nam2025,3,0,0.0,5,48,0.989771
A,Nam2025,3,0,0.0,5,49,0.989896
A,Nam2025,3,0,0.0,5,50,0.989916
A,Nam2025,3,0,0.0,5,51,0.989984
A,Youn2026,3,0,0.0,5,42,0.989813
A,Youn2026,3,0,0.0,5,43,0.989961
A,Youn2026,3,0,0.0,5,44,0.989915
A,Youn2026,3,0,0.0,5,45,0.989979
A,Youn2026,3,0,0.0,5,46,0.989837
A,Youn2026,3,0,0.0,5,47,0.989914
A,Youn2026,3,0,0.0,5,48,0.989771
A,Youn2026,3,0,0.0,5,49,0.989896
A,Youn2026,3,0,0.0,5,50,0.989916
A,Youn2026,3,0,0.0,5,51,0.989984
A,V2I-Base,3,0,0.0,5,42,0.989813
A,V2I-Base,3,0,0.0,5,43,0.989961
A,V2I-Base,3,0,0.0,5,44,0.989915
A,V2I-Base,3,0,0.0,5,45,0.989979
A,V2I-Base,3,0,0.0,5,46,0.989837
A,V2I-Base,3,0,0.0,5,47,0.989914
A,V2I-Base,3,0,0.0,5,48,0.989771
A,V2I-Base,3,0,0.0,5,49,0.989896
A,V2I-Base,3,0,0.0,5,50,0.989916
A,V2I-Base,3,0,0.0,5,51,0.989984
A,V2V-Base,3,0,0.0,5,42,0.989813
A,V2V-Base,3,0,0.0,5,43,0.989961
A,V2V-Base,3,0,0.0,5,44,0.989915
A,V2V-Base,3,0,0.0,5,45,0.989979
A,V2V-Base,3,0,0.0,5,46,0.989837
A,V2V-Base,3,0,0.0,5,47,0.989914
A,V2V-Base,3,0,0.0,5,48,0.989771
A,V2V-Base,3,0,0.0,5,49,0.989896
A,V2V-Base,3,0,0.0,5,50,0.989916
A,V2V-Base,3,0,0.0,5,51,0.989984
A,Random-K,3,0,0.0,5,42,0.989813
A,Random-K,3,0,0.0,5,43,0.989961
A,Random-K,3,0,0.0,5,44,0.989915
A,Random-K,3,0,0.0,5,45,0.989979
A,Random-K,3,0,0.0,5,46,0.989837
A,Random-K,3,0,0.0,5,47,0.989914
A,Random-K,3,0,0.0,5,48,0.989771
A,Random-K,3,0,0.0,5,49,0.989896
A,Random-K,3,0,0.0,5,50,0.989916
A,Random-K,3,0,0.0,5,51,0.989984
A,RILP,3,0,1.0,5,42,0.989813
A,RILP,3,0,1.0,5,43,0.989961
A,RILP,3,0,1.0,5,44,0.989915
A,RILP,3,0,1.0,5,45,0.989979
A,RILP,3,0,1.0,5,46,0.989837
A,RILP,3,0,1.0,5,47,0.989914
A,RILP,3,0,1.0,5,48,0.989771
A,RILP,3,0,1.0,5,49,0.989896
A,RILP,3,0,1.0,5,50,0.989916
A,RILP,3,0,1.0,5,51,0.989984
A,RILP-Greedy,3,0,1.0,5,42,0.989813
A,RILP-Greedy,3,0,1.0,5,43,0.989961
A,RILP-Greedy,3,0,1.0,5,44,0.989915
A,RILP-Greedy,3,0,1.0,5,45,0.989979
A,RILP-Greedy,3,0,1.0,5,46,0.989837
A,RILP-Greedy,3,0,1.0,5,47,0.989914
A,RILP-Greedy,3,0,1.0,5,48,0.989771
A,RILP-Greedy,3,0,1.0,5,49,0.989896
A,RILP-Greedy,3,0,1.0,5,50,0.989916
A,RILP-Greedy,3,0,1.0,5,51,0.989984
A,Nam2023b,3,0,1.0,5,42,0.989813
A,Nam2023b,3,0,1.0,5,43,0.989961
A,Nam2023b,3,0,1.0,5,44,0.989915
A,Nam2023b,3,0,1.0,5,45,0.989979
A,Nam2023b,3,0,1.0,5,46,0.989837
A,Nam2023b,3,0,1.0,5,47,0.989914
A,Nam2023b,3,0,1.0,5,48,0.989771
A,Nam2023b,3,0,1.0,5,49,0.989896
A,Nam2023b,3,0,1.0,5,50,0.989916
A,Nam2023b,3,0,1.0,5,51,0.989984
A,Nam2025,3,0,1.0,5,42,0.989813
A,Nam2025,3,0,1.0,5,43,0.989961
A,Nam2025,3,0,1.0,5,44,0.989915
A,Nam2025,3,0,1.0,5,45,0.989979
A,Nam2025,3,0,1.0,5,46,0.989837
A,Nam2025,3,0,1.0,5,47,0.989914
A,Nam2025,3,0,1.0,5,48,0.989771
A,Nam2025,3,0,1.0,5,49,0.989896
A,Nam2025,3,0,1.0,5,50,0.989916
A,Nam2025,3,0,1.0,5,51,0.989984
A,Youn2026,3,0,1.0,5,42,0.989813
A,Youn2026,3,0,1.0,5,43,0.989961
A,Youn2026,3,0,1.0,5,44,0.989915
A,Youn2026,3,0,1.0,5,45,0.989979
A,Youn2026,3,0,1.0,5,46,0.989837
A,Youn2026,3,0,1.0,5,47,0.989914
A,Youn2026,3,0,1.0,5,48,0.989771
A,Youn2026,3,0,1.0,5,49,0.989896
A,Youn2026,3,0,1.0,5,50,0.989916
A,Youn2026,3,0,1.0,5,51,0.989984
A,V2I-Base,3,0,1.0,5,42,0.989813
A,V2I-Base,3,0,1.0,5,43,0.989961
A,V2I-Base,3,0,1.0,5,44,0.989915
A,V2I-Base,3,0,1.0,5,45,0.989979
A,V2I-Base,3,0,1.0,5,46,0.989837
A,V2I-Base,3,0,1.0,5,47,0.989914
A,V2I-Base,3,0,1.0,5,48,0.989771
A,V2I-Base,3,0,1.0,5,49,0.989896
A,V2I-Base,3,0,1.0,5,50,0.989916
A,V2I-Base,3,0,1.0,5,51,0.989984
A,V2V-Base,3,0,1.0,5,42,0.989813
A,V2V-Base,3,0,1.0,5,43,0.98922
A,V2V-Base,3,0,1.0,5,44,0.989149
A,V2V-Base,3,0,1.0,5,45,0.989309
A,V2V-Base,3,0,1.0,5,46,0.989198
A,V2V-Base,3,0,1.0,5,47,0.989128
A,V2V-Base,3,0,1.0,5,48,0.989222
A,V2V-Base,3,0,1.0,5,49,0.989189
A,V2V-Base,3,0,1.0,5,50,0.989265
A,V2V-Base,3,0,1.0,5,51,0.989251
A,Random-K,3,0,1.0,5,42,0.989065
A,Random-K,3,0,1.0,5,43,0.98922
A,Random-K,3,0,1.0,5,44,0.989149
A,Random-K,3,0,1.0,5,45,0.989309
A,Random-K,3,0,1.0,5,46,0.989198
A,Random-K,3,0,1.0,5,47,0.989128
A,Random-K,3,0,1.0,5,48,0.989222
A,Random-K,3,0,1.0,5,49,0.989189
A,Random-K,3,0,1.0,5,50,0.989265
A,Random-K,3,0,1.0,5,51,0.989251
A,RILP,3,0,2.0,5,42,0.989065
A,RILP,3,0,2.0,5,43,0.98922
A,RILP,3,0,2.0,5,44,0.989149
A,RILP,3,0,2.0,5,45,0.989309
A,RILP,3,0,2.0,5,46,0.989198
A,RILP,3,0,2.0,5,47,0.989128
A,RILP,3,0,2.0,5,48,0.989222
A,RILP,3,0,2.0,5,49,0.989189
A,RILP,3,0,2.0,5,50,0.989265
A,RILP,3,0,2.0,5,51,0.989251
A,RILP-Greedy,3,0,2.0,5,42,0.989065
A,RILP-Greedy,3,0,2.0,5,43,0.98922
A,RILP-Greedy,3,0,2.0,5,44,0.989149
A,RILP-Greedy,3,0,2.0,5,45,0.989309
A,RILP-Greedy,3,0,2.0,5,46,0.989198
A,RILP-Greedy,3,0,2.0,5,47,0.989128
A,RILP-Greedy,3,0,2.0,5,48,0.989222
A,RILP-Greedy,3,0,2.0,5,49,0.989189
A,RILP-Greedy,3,0,2.0,5,50,0.989265
A,RILP-Greedy,3,0,2.0,5,51,0.989251
A,Nam2023b,3,0,2.0,5,42,0.989065
A,Nam2023b,3,0,2.0,5,43,0.98922
A,Nam2023b,3,0,2.0,5,44,0.989149
A,Nam2023b,3,0,2.0,5,45,0.989309
A,Nam2023b,3,0,2.0,5,46,0.989198
A,Nam2023b,3,0,2.0,5,47,0.989128
A,Nam2023b,3,0,2.0,5,48,0.989222
A,Nam2023b,3,0,2.0,5,49,0.989189
A,Nam2023b,3,0,2.0,5,50,0.989265
A,Nam2023b,3,0,2.0,5,51,0.989251
A,Nam2025,3,0,2.0,5,42,0.989065
A,Nam2025,3,0,2.0,5,43,0.98922
A,Nam2025,3,0,2.0,5,44,0.989149
A,Nam2025,3,0,2.0,5,45,0.989309
A,Nam2025,3,0,2.0,5,46,0.989198
A,Nam2025,3,0,2.0,5,47,0.989128
A,Nam2025,3,0,2.0,5,48,0.989222
A,Nam2025,3,0,2.0,5,49,0.989189
A,Nam2025,3,0,2.0,5,50,0.989265
A,Nam2025,3,0,2.0,5,51,0.989251
A,Youn2026,3,0,2.0,5,42,0.989065
A,Youn2026,3,0,2.0,5,43,0.98922
A,Youn2026,3,0,2.0,5,44,0.989149
A,Youn2026,3,0,2.0,5,45,0.989309
A,Youn2026,3,0,2.0,5,46,0.989198
A,Youn2026,3,0,2.0,5,47,0.989128
A,Youn2026,3,0,2.0,5,48,0.989222
A,Youn2026,3,0,2.0,5,49,0.989189
A,Youn2026,3,0,2.0,5,50,0.989265
A,Youn2026,3,0,2.0,5,51,0.989251
A,V2I-Base,3,0,2.0,5,42,0.989065
A,V2I-Base,3,0,2.0,5,43,0.98922
A,V2I-Base,3,0,2.0,5,44,0.989149
A,V2I-Base,3,0,2.0,5,45,0.989309
A,V2I-Base,3,0,2.0,5,46,0.989198
A,V2I-Base,3,0,2.0,5,47,0.989128
A,V2I-Base,3,0,2.0,5,48,0.989222
A,V2I-Base,3,0,2.0,5,49,0.989189
A,V2I-Base,3,0,2.0,5,50,0.989265
A,V2I-Base,3,0,2.0,5,51,0.989251
A,V2V-Base,3,0,2.0,5,42,0.989065
A,V2V-Base,3,0,2.0,5,43,0.98922
A,V2V-Base,3,0,2.0,5,44,0.989149
A,V2V-Base,3,0,2.0,5,45,0.989309
A,V2V-Base,3,0,2.0,5,46,0.989198
A,V2V-Base,3,0,2.0,5,47,0.989128
A,V2V-Base,3,0,2.0,5,48,0.989222
A,V2V-Base,3,0,2.0,5,49,0.989189
A,V2V-Base,3,0,2.0,5,50,0.989265
A,V2V-Base,3,0,2.0,5,51,0.989251
A,Random-K,3,0,2.0,5,42,0.989065
A,Random-K,3,0,2.0,5,43,0.98922
A,Random-K,3,0,2.0,5,44,0.989149
A,Random-K,3,0,2.0,5,45,0.989309
A,Random-K,3,0,2.0,5,46,0.989198
A,Random-K,3,0,2.0,5,47,0.989128
A,Random-K,3,0,2.0,5,48,0.989222
A,Random-K,3,0,2.0,5,49,0.989189
A,Random-K,3,0,2.0,5,50,0.989265
A,Random-K,3,0,2.0,5,51,0.989251
A,RILP,3,0,3.0,5,42,0.989065
A,RILP,3,0,3.0,5,43,0.98922
A,RILP,3,0,3.0,5,44,0.989149
A,RILP,3,0,3.0,5,45,0.989309
A,RILP,3,0,3.0,5,46,0.989198
A,RILP,3,0,3.0,5,47,0.989128
A,RILP,3,0,3.0,5,48,0.989222
A,RILP,3,0,3.0,5,49,0.989189
A,RILP,3,0,3.0,5,50,0.989265
A,RILP,3,0,3.0,5,51,0.989251
A,RILP-Greedy,3,0,3.0,5,42,0.989065
A,RILP-Greedy,3,0,3.0,5,43,0.98922
A,RILP-Greedy,3,0,3.0,5,44,0.989149
A,RILP-Greedy,3,0,3.0,5,45,0.989309
A,RILP-Greedy,3,0,3.0,5,46,0.989198
A,RILP-Greedy,3,0,3.0,5,47,0.989128
A,RILP-Greedy,3,0,3.0,5,48,0.989222
A,RILP-Greedy,3,0,3.0,5,49,0.989189
A,RILP-Greedy,3,0,3.0,5,50,0.989265
A,RILP-Greedy,3,0,3.0,5,51,0.989251
A,Nam2023b,3,0,3.0,5,42,0.989065
A,Nam2023b,3,0,3.0,5,43,0.98922
A,Nam2023b,3,0,3.0,5,44,0.989149
A,Nam2023b,3,0,3.0,5,45,0.989309
A,Nam2023b,3,0,3.0,5,46,0.989198
A,Nam2023b,3,0,3.0,5,47,0.989128
A,Nam2023b,3,0,3.0,5,48,0.989222
A,Nam2023b,3,0,3.0,5,49,0.989189
A,Nam2023b,3,0,3.0,5,50,0.989265
A,Nam2023b,3,0,3.0,5,51,0.989251
A,Nam2025,3,0,3.0,5,42,0.989065
A,Nam2025,3,0,3.0,5,43,0.98922
A,Nam2025,3,0,3.0,5,44,0.989149
A,Nam2025,3,0,3.0,5,45,0.989309
A,Nam2025,3,0,3.0,5,46,0.989198
A,Nam2025,3,0,3.0,5,47,0.989128
A,Nam2025,3,0,3.0,5,48,0.989222
A,Nam2025,3,0,3.0,5,49,0.989189
A,Nam2025,3,0,3.0,5,50,0.989265
A,Nam2025,3,0,3.0,5,51,0.989251
A,Youn2026,3,0,3.0,5,42,0.989065
A,Youn2026,3,0,3.0,5,43,0.98922
A,Youn2026,3,0,3.0,5,44,0.989149
A,Youn2026,3,0,3.0,5,45,0.989309
A,Youn2026,3,0,3.0,5,46,0.989198
A,Youn2026,3,0,3.0,5,47,0.989128
A,Youn2026,3,0,3.0,5,48,0.989222
A,Youn2026,3,0,3.0,5,49,0.989189
A,Youn2026,3,0,3.0,5,50,0.989265
A,Youn2026,3,0,3.0,5,51,0.989251
A,V2I-Base,3,0,3.0,5,42,0.989065
A,V2I-Base,3,0,3.0,5,43,0.98922
A,V2I-Base,3,0,3.0,5,44,0.989149
A,V2I-Base,3,0,3.0,5,45,0.989309
A,V2I-Base,3,0,3.0,5,46,0.989198
A,V2I-Base,3,0,3.0,5,47,0.989128
A,V2I-Base,3,0,3.0,5,48,0.989222
A,V2I-Base,3,0,3.0,5,49,0.989189
A,V2I-Base,3,0,3.0,5,50,0.989265
A,V2I-Base,3,0,3.0,5,51,0.989251
A,V2V-Base,3,0,3.0,5,42,0.989065
A,V2V-Base,3,0,3.0,5,43,0.98922
A,V2V-Base,3,0,3.0,5,44,0.989149
A,V2V-Base,3,0,3.0,5,45,0.989309
A,V2V-Base,3,0,3.0,5,46,0.989198
A,V2V-Base,3,0,3.0,5,47,0.989128
A,V2V-Base,3,0,3.0,5,48,0.989222
A,V2V-Base,3,0,3.0,5,49,0.989189
A,V2V-Base,3,0,3.0,5,50,0.989265
A,V2V-Base,3,0,3.0,5,51,0.989251
A,Random-K,3,0,3.0,5,42,0.989065
A,Random-K,3,0,3.0,5,43,0.98922
A,Random-K,3,0,3.0,5,44,0.989149
A,Random-K,3,0,3.0,5,45,0.989309
A,Random-K,3,0,3.0,5,46,0.989198
A,Random-K,3,0,3.0,5,47,0.989128
A,Random-K,3,0,3.0,5,48,0.989222
A,Random-K,3,0,3.0,5,49,0.989189
A,Random-K,3,0,3.0,5,50,0.989265
A,Random-K,3,0,3.0,5,51,0.989251
A,RILP,3,10,0.0,5,42,0.989065
A,RILP,3,10,0.0,5,43,0.98922
A,RILP,3,10,0.0,5,44,0.989149
A,RILP,3,10,0.0,5,45,0.989309
A,RILP,3,10,0.0,5,46,0.989198
A,RILP,3,10,0.0,5,47,0.989128
A,RILP,3,10,0.0,5,48,0.989222
A,RILP,3,10,0.0,5,49,0.989189
A,RILP,3,10,0.0,5,50,0.989265
A,RILP,3,10,0.0,5,51,0.989251
A,RILP-Greedy,3,10,0.0,5,42,0.989065
A,RILP-Greedy,3,10,0.0,5,43,0.98922
A,RILP-Greedy,3,10,0.0,5,44,0.989149
A,RILP-Greedy,3,10,0.0,5,45,0.989309
A,RILP-Greedy,3,10,0.0,5,46,0.989198
A,RILP-Greedy,3,10,0.0,5,47,0.989128
A,RILP-Greedy,3,10,0.0,5,48,0.989222
A,RILP-Greedy,3,10,0.0,5,49,0.989189
A,RILP-Greedy,3,10,0.0,5,50,0.989265
A,RILP-Greedy,3,10,0.0,5,51,0.989251
A,Nam2023b,3,10,0.0,5,42,0.989065
A,Nam2023b,3,10,0.0,5,43,0.98922
A,Nam2023b,3,10,0.0,5,44,0.989149
A,Nam2023b,3,10,0.0,5,45,0.989309
A,Nam2023b,3,10,0.0,5,46,0.989198
A,Nam2023b,3,10,0.0,5,47,0.989128
A,Nam2023b,3,10,0.0,5,48,0.989222
A,Nam2023b,3,10,0.0,5,49,0.989189
A,Nam2023b,3,10,0.0,5,50,0.989265
A,Nam2023b,3,10,0.0,5,51,0.989251
A,Nam2025,3,10,0.0,5,42,0.989065
A,Nam2025,3,10,0.0,5,43,0.98922
A,Nam2025,3,10,0.0,5,44,0.989149
A,Nam2025,3,10,0.0,5,45,0.989309
A,Nam2025,3,10,0.0,5,46,0.989198
A,Nam2025,3,10,0.0,5,47,0.989128
A,Nam2025,3,10,0.0,5,48,0.989222
A,Nam2025,3,10,0.0,5,49,0.989189
A,Nam2025,3,10,0.0,5,50,0.989265
A,Nam2025,3,10,0.0,5,51,0.989251
A,Youn2026,3,10,0.0,5,42,0.989065
A,Youn2026,3,10,0.0,5,43,0.98922
A,Youn2026,3,10,0.0,5,44,0.989149
A,Youn2026,3,10,0.0,5,45,0.989309
A,Youn2026,3,10,0.0,5,46,0.989198
A,Youn2026,3,10,0.0,5,47,0.989128
A,Youn2026,3,10,0.0,5,48,0.989222
A,Youn2026,3,10,0.0,5,49,0.989189
A,Youn2026,3,10,0.0,5,50,0.989265
A,Youn2026,3,10,0.0,5,51,0.989251
A,V2I-Base,3,10,0.0,5,42,0.989065
A,V2I-Base,3,10,0.0,5,43,0.98922
A,V2I-Base,3,10,0.0,5,44,0.989149
A,V2I-Base,3,10,0.0,5,45,0.989309
A,V2I-Base,3,10,0.0,5,46,0.989198
A,V2I-Base,3,10,0.0,5,47,0.989128
A,V2I-Base,3,10,0.0,5,48,0.989222
A,V2I-Base,3,10,0.0,5,49,0.989189
A,V2I-Base,3,10,0.0,5,50,0.989265
A,V2I-Base,3,10,0.0,5,51,0.989251
A,V2V-Base,3,10,0.0,5,42,0.989065
A,V2V-Base,3,10,0.0,5,43,0.98922
A,V2V-Base,3,10,0.0,5,44,0.989149
A,V2V-Base,3,10,0.0,5,45,0.989309
A,V2V-Base,3,10,0.0,5,46,0.989198
A,V2V-Base,3,10,0.0,5,47,0.989128
A,V2V-Base,3,10,0.0,5,48,0.989222
A,V2V-Base,3,10,0.0,5,49,0.989189
A,V2V-Base,3,10,0.0,5,50,0.989265
A,V2V-Base,3,10,0.0,5,51,0.989251
A,Random-K,3,10,0.0,5,42,0.989065
A,Random-K,3,10,0.0,5,43,0.98922
A,Random-K,3,10,0.0,5,44,0.989149
A,Random-K,3,10,0.0,5,45,0.989309
A,Random-K,3,10,0.0,5,46,0.989198
A,Random-K,3,10,0.0,5,47,0.989128
A,Random-K,3,10,0.0,5,48,0.989222
A,Random-K,3,10,0.0,5,49,0.989189
A,Random-K,3,10,0.0,5,50,0.989265
A,Random-K,3,10,0.0,5,51,0.989251
A,RILP,3,10,1.0,5,42,0.989065
A,RILP,3,10,1.0,5,43,0.98922
A,RILP,3,10,1.0,5,44,0.989149
A,RILP,3,10,1.0,5,45,0.989309
A,RILP,3,10,1.0,5,46,0.989198
A,RILP,3,10,1.0,5,47,0.989128
A,RILP,3,10,1.0,5,48,0.989222
A,RILP,3,10,1.0,5,49,0.989189
A,RILP,3,10,1.0,5,50,0.989265
A,RILP,3,10,1.0,5,51,0.989251
A,RILP-Greedy,3,10,1.0,5,42,0.989065
A,RILP-Greedy,3,10,1.0,5,43,0.98922
A,RILP-Greedy,3,10,1.0,5,44,0.989149
A,RILP-Greedy,3,10,1.0,5,45,0.989309
A,RILP-Greedy,3,10,1.0,5,46,0.989198
A,RILP-Greedy,3,10,1.0,5,47,0.989128
A,RILP-Greedy,3,10,1.0,5,48,0.989222
A,RILP-Greedy,3,10,1.0,5,49,0.989189
A,RILP-Greedy,3,10,1.0,5,50,0.989265
A,RILP-Greedy,3,10,1.0,5,51,0.989251
A,Nam2023b,3,10,1.0,5,42,0.989065
A,Nam2023b,3,10,1.0,5,43,0.98922
A,Nam2023b,3,10,1.0,5,44,0.989149
A,Nam2023b,3,10,1.0,5,45,0.989309
A,Nam2023b,3,10,1.0,5,46,0.989198
A,Nam2023b,3,10,1.0,5,47,0.989128
A,Nam2023b,3,10,1.0,5,48,0.989222
A,Nam2023b,3,10,1.0,5,49,0.989189
A,Nam2023b,3,10,1.0,5,50,0.989265
A,Nam2023b,3,10,1.0,5,51,0.989251
A,Nam2025,3,10,1.0,5,42,0.989065
A,Nam2025,3,10,1.0,5,43,0.98922
A,Nam2025,3,10,1.0,5,44,0.989149
A,Nam2025,3,10,1.0,5,45,0.989309
A,Nam2025,3,10,1.0,5,46,0.989198
A,Nam2025,3,10,1.0,5,47,0.989128
A,Nam2025,3,10,1.0,5,48,0.989222
A,Nam2025,3,10,1.0,5,49,0.989189
A,Nam2025,3,10,1.0,5,50,0.989265
A,Nam2025,3,10,1.0,5,51,0.989251
A,Youn2026,3,10,1.0,5,42,0.989065
A,Youn2026,3,10,1.0,5,43,0.98922
A,Youn2026,3,10,1.0,5,44,0.989149
A,Youn2026,3,10,1.0,5,45,0.989309
A,Youn2026,3,10,1.0,5,46,0.989198
A,Youn2026,3,10,1.0,5,47,0.989128
A,Youn2026,3,10,1.0,5,48,0.989222
A,Youn2026,3,10,1.0,5,49,0.989189
A,Youn2026,3,10,1.0,5,50,0.989265
A,Youn2026,3,10,1.0,5,51,0.989251
A,V2I-Base,3,10,1.0,5,42,0.989065
A,V2I-Base,3,10,1.0,5,43,0.98922
A,V2I-Base,3,10,1.0,5,44,0.989149
A,V2I-Base,3,10,1.0,5,45,0.989309
A,V2I-Base,3,10,1.0,5,46,0.989198
A,V2I-Base,3,10,1.0,5,47,0.989128
A,V2I-Base,3,10,1.0,5,48,0.989222
A,V2I-Base,3,10,1.0,5,49,0.989189
A,V2I-Base,3,10,1.0,5,50,0.989265
A,V2I-Base,3,10,1.0,5,51,0.989251
A,V2V-Base,3,10,1.0,5,42,0.989065
A,V2V-Base,3,10,1.0,5,43,0.98922
A,V2V-Base,3,10,1.0,5,44,0.989149
A,V2V-Base,3,10,1.0,5,45,0.989309
A,V2V-Base,3,10,1.0,5,46,0.989198
A,V2V-Base,3,10,1.0,5,47,0.989128
A,V2V-Base,3,10,1.0,5,48,0.989222
A,V2V-Base,3,10,1.0,5,49,0.989189
A,V2V-Base,3,10,1.0,5,50,0.989265
A,V2V-Base,3,10,1.0,5,51,0.989251
A,Random-K,3,10,1.0,5,42,0.989065
A,Random-K,3,10,1.0,5,43,0.98922
A,Random-K,3,10,1.0,5,44,0.989149
A,Random-K,3,10,1.0,5,45,0.989309
A,Random-K,3,10,1.0,5,46,0.989198
A,Random-K,3,10,1.0,5,47,0.989128
A,Random-K,3,10,1.0,5,48,0.989222
A,Random-K,3,10,1.0,5,49,0.989189
A,Random-K,3,10,1.0,5,50,0.989265
A,Random-K,3,10,1.0,5,51,0.989251
A,RILP,3,10,2.0,5,42,0.989065
A,RILP,3,10,2.0,5,43,0.98922
A,RILP,3,10,2.0,5,44,0.989149
A,RILP,3,10,2.0,5,45,0.989309
A,RILP,3,10,2.0,5,46,0.989198
A,RILP,3,10,2.0,5,47,0.989128
A,RILP,3,10,2.0,5,48,0.989222
A,RILP,3,10,2.0,5,49,0.989189
A,RILP,3,10,2.0,5,50,0.989265
A,RILP,3,10,2.0,5,51,0.989251
A,RILP-Greedy,3,10,2.0,5,42,0.989065
A,RILP-Greedy,3,10,2.0,5,43,0.98922
A,RILP-Greedy,3,10,2.0,5,44,0.989149
A,RILP-Greedy,3,10,2.0,5,45,0.989309
A,RILP-Greedy,3,10,2.0,5,46,0.989198
A,RILP-Greedy,3,10,2.0,5,47,0.989128
A,RILP-Greedy,3,10,2.0,5,48,0.989222
A,RILP-Greedy,3,10,2.0,5,49,0.989189
A,RILP-Greedy,3,10,2.0,5,50,0.989265
A,RILP-Greedy,3,10,2.0,5,51,0.989251
A,Nam2023b,3,10,2.0,5,42,0.989065
A,Nam2023b,3,10,2.0,5,43,0.98922
A,Nam2023b,3,10,2.0,5,44,0.989149
A,Nam2023b,3,10,2.0,5,45,0.989309
A,Nam2023b,3,10,2.0,5,46,0.989198
A,Nam2023b,3,10,2.0,5,47,0.989128
A,Nam2023b,3,10,2.0,5,48,0.989222
A,Nam2023b,3,10,2.0,5,49,0.989189
A,Nam2023b,3,10,2.0,5,50,0.989265
A,Nam2023b,3,10,2.0,5,51,0.989251
A,Nam2025,3,10,2.0,5,42,0.989065
A,Nam2025,3,10,2.0,5,43,0.98922
A,Nam2025,3,10,2.0,5,44,0.989149
A,Nam2025,3,10,2.0,5,45,0.989309
A,Nam2025,3,10,2.0,5,46,0.989198
A,Nam2025,3,10,2.0,5,47,0.989128
A,Nam2025,3,10,2.0,5,48,0.989222
A,Nam2025,3,10,2.0,5,49,0.989189
A,Nam2025,3,10,2.0,5,50,0.989265
A,Nam2025,3,10,2.0,5,51,0.989251
A,Youn2026,3,10,2.0,5,42,0.989065
A,Youn2026,3,10,2.0,5,43,0.98922
A,Youn2026,3,10,2.0,5,44,0.989149
A,Youn2026,3,10,2.0,5,45,0.989309
A,Youn2026,3,10,2.0,5,46,0.989198
A,Youn2026,3,10,2.0,5,47,0.989128
A,Youn2026,3,10,2.0,5,48,0.989222
A,Youn2026,3,10,2.0,5,49,0.989189
A,Youn2026,3,10,2.0,5,50,0.989265
A,Youn2026,3,10,2.0,5,51,0.989251
A,V2I-Base,3,10,2.0,5,42,0.989065
A,V2I-Base,3,10,2.0,5,43,0.98922
A,V2I-Base,3,10,2.0,5,44,0.989149
A,V2I-Base,3,10,2.0,5,45,0.989309
A,V2I-Base,3,10,2.0,5,46,0.989198
A,V2I-Base,3,10,2.0,5,47,0.989128
A,V2I-Base,3,10,2.0,5,48,0.989222
A,V2I-Base,3,10,2.0,5,49,0.989189
A,V2I-Base,3,10,2.0,5,50,0.989265
A,V2I-Base,3,10,2.0,5,51,0.989251
A,V2V-Base,3,10,2.0,5,42,0.989065
A,V2V-Base,3,10,2.0,5,43,0.98922
A,V2V-Base,3,10,2.0,5,44,0.989149
A,V2V-Base,3,10,2.0,5,45,0.989309
A,V2V-Base,3,10,2.0,5,46,0.989198
A,V2V-Base,3,10,2.0,5,47,0.989128
A,V2V-Base,3,10,2.0,5,48,0.989222
A,V2V-Base,3,10,2.0,5,49,0.989189
A,V2V-Base,3,10,2.0,5,50,0.989265
A,V2V-Base,3,10,2.0,5,51,0.989251
A,Random-K,3,10,2.0,5,42,0.989065
A,Random-K,3,10,2.0,5,43,0.98922
A,Random-K,3,10,2.0,5,44,0.989149
A,Random-K,3,10,2.0,5,45,0.989309
A,Random-K,3,10,2.0,5,46,0.989198
A,Random-K,3,10,2.0,5,47,0.989128
A,Random-K,3,10,2.0,5,48,0.989222
A,Random-K,3,10,2.0,5,49,0.989189
A,Random-K,3,10,2.0,5,50,0.989265
A,Random-K,3,10,2.0,5,51,0.989251
A,RILP,3,10,3.0,5,42,0.989065
A,RILP,3,10,3.0,5,43,0.98922
A,RILP,3,10,3.0,5,44,0.989149
A,RILP,3,10,3.0,5,45,0.989309
A,RILP,3,10,3.0,5,46,0.989198
A,RILP,3,10,3.0,5,47,0.989128
A,RILP,3,10,3.0,5,48,0.989222
A,RILP,3,10,3.0,5,49,0.989189
A,RILP,3,10,3.0,5,50,0.989265
A,RILP,3,10,3.0,5,51,0.989251
A,RILP-Greedy,3,10,3.0,5,42,0.989065
A,RILP-Greedy,3,10,3.0,5,43,0.98922
A,RILP-Greedy,3,10,3.0,5,44,0.989149
A,RILP-Greedy,3,10,3.0,5,45,0.989309
A,RILP-Greedy,3,10,3.0,5,46,0.989198
A,RILP-Greedy,3,10,3.0,5,47,0.989128
A,RILP-Greedy,3,10,3.0,5,48,0.989222
A,RILP-Greedy,3,10,3.0,5,49,0.989189
A,RILP-Greedy,3,10,3.0,5,50,0.989265
A,RILP-Greedy,3,10,3.0,5,51,0.989251
A,Nam2023b,3,10,3.0,5,42,0.989065
A,Nam2023b,3,10,3.0,5,43,0.98922
A,Nam2023b,3,10,3.0,5,44,0.989149
A,Nam2023b,3,10,3.0,5,45,0.989309
A,Nam2023b,3,10,3.0,5,46,0.989198
A,Nam2023b,3,10,3.0,5,47,0.989128
A,Nam2023b,3,10,3.0,5,48,0.989222
A,Nam2023b,3,10,3.0,5,49,0.989189
A,Nam2023b,3,10,3.0,5,50,0.989265
A,Nam2023b,3,10,3.0,5,51,0.989251
A,Nam2025,3,10,3.0,5,42,0.989065
A,Nam2025,3,10,3.0,5,43,0.98922
A,Nam2025,3,10,3.0,5,44,0.989149
A,Nam2025,3,10,3.0,5,45,0.989309
A,Nam2025,3,10,3.0,5,46,0.989198
A,Nam2025,3,10,3.0,5,47,0.989128
A,Nam2025,3,10,3.0,5,48,0.989222
A,Nam2025,3,10,3.0,5,49,0.989189
A,Nam2025,3,10,3.0,5,50,0.989265
A,Nam2025,3,10,3.0,5,51,0.989251
A,Youn2026,3,10,3.0,5,42,0.989065
A,Youn2026,3,10,3.0,5,43,0.98922
A,Youn2026,3,10,3.0,5,44,0.989149
A,Youn2026,3,10,3.0,5,45,0.989309
A,Youn2026,3,10,3.0,5,46,0.989198
A,Youn2026,3,10,3.0,5,47,0.989128
A,Youn2026,3,10,3.0,5,48,0.989222
A,Youn2026,3,10,3.0,5,49,0.989189
A,Youn2026,3,10,3.0,5,50,0.989265
A,Youn2026,3,10,3.0,5,51,0.989251
A,V2I-Base,3,10,3.0,5,42,0.989065
A,V2I-Base,3,10,3.0,5,43,0.98922
A,V2I-Base,3,10,3.0,5,44,0.989149
A,V2I-Base,3,10,3.0,5,45,0.989309
A,V2I-Base,3,10,3.0,5,46,0.989198
A,V2I-Base,3,10,3.0,5,47,0.989128
A,V2I-Base,3,10,3.0,5,48,0.989222
A,V2I-Base,3,10,3.0,5,49,0.989189
A,V2I-Base,3,10,3.0,5,50,0.989265
A,V2I-Base,3,10,3.0,5,51,0.989251
A,V2V-Base,3,10,3.0,5,42,0.989065
A,V2V-Base,3,10,3.0,5,43,0.98922
A,V2V-Base,3,10,3.0,5,44,0.989149
A,V2V-Base,3,10,3.0,5,45,0.989309
A,V2V-Base,3,10,3.0,5,46,0.989198
A,V2V-Base,3,10,3.0,5,47,0.989128
A,V2V-Base,3,10,3.0,5,48,0.989222
A,V2V-Base,3,10,3.0,5,49,0.989189
A,V2V-Base,3,10,3.0,5,50,0.989265
A,V2V-Base,3,10,3.0,5,51,0.989251
A,Random-K,3,10,3.0,5,42,0.989065
A,Random-K,3,10,3.0,5,43,0.98922
A,Random-K,3,10,3.0,5,44,0.989149
A,Random-K,3,10,3.0,5,45,0.989309
A,Random-K,3,10,3.0,5,46,0.989198
A,Random-K,3,10,3.0,5,47,0.989128
A,Random-K,3,10,3.0,5,48,0.989222
A,Random-K,3,10,3.0,5,49,0.989189
A,Random-K,3,10,3.0,5,50,0.989265
A,Random-K,3,10,3.0,5,51,0.989251
A,RILP,3,20,0.0,5,42,0.989065
A,RILP,3,20,0.0,5,43,0.98922
A,RILP,3,20,0.0,5,44,0.989149
A,RILP,3,20,0.0,5,45,0.989309
A,RILP,3,20,0.0,5,46,0.989198
A,RILP,3,20,0.0,5,47,0.989128
A,RILP,3,20,0.0,5,48,0.989222
A,RILP,3,20,0.0,5,49,0.989189
A,RILP,3,20,0.0,5,50,0.989265
A,RILP,3,20,0.0,5,51,0.989251
A,RILP-Greedy,3,20,0.0,5,42,0.989065
A,RILP-Greedy,3,20,0.0,5,43,0.98922
A,RILP-Greedy,3,20,0.0,5,44,0.989149
A,RILP-Greedy,3,20,0.0,5,45,0.989309
A,RILP-Greedy,3,20,0.0,5,46,0.989198
A,RILP-Greedy,3,20,0.0,5,47,0.989128
A,RILP-Greedy,3,20,0.0,5,48,0.989222
A,RILP-Greedy,3,20,0.0,5,49,0.989189
A,RILP-Greedy,3,20,0.0,5,50,0.989265
A,RILP-Greedy,3,20,0.0,5,51,0.989251
A,Nam2023b,3,20,0.0,5,42,0.989065
A,Nam2023b,3,20,0.0,5,43,0.98922
A,Nam2023b,3,20,0.0,5,44,0.989149
A,Nam2023b,3,20,0.0,5,45,0.989309
A,Nam2023b,3,20,0.0,5,46,0.989198
A,Nam2023b,3,20,0.0,5,47,0.989128
A,Nam2023b,3,20,0.0,5,48,0.989222
A,Nam2023b,3,20,0.0,5,49,0.989189
A,Nam2023b,3,20,0.0,5,50,0.989265
A,Nam2023b,3,20,0.0,5,51,0.989251
A,Nam2025,3,20,0.0,5,42,0.989065
A,Nam2025,3,20,0.0,5,43,0.98922
A,Nam2025,3,20,0.0,5,44,0.989149
A,Nam2025,3,20,0.0,5,45,0.989309
A,Nam2025,3,20,0.0,5,46,0.989198
A,Nam2025,3,20,0.0,5,47,0.989128
A,Nam2025,3,20,0.0,5,48,0.989222
A,Nam2025,3,20,0.0,5,49,0.989189
A,Nam2025,3,20,0.0,5,50,0.989265
A,Nam2025,3,20,0.0,5,51,0.989251
A,Youn2026,3,20,0.0,5,42,0.989065
A,Youn2026,3,20,0.0,5,43,0.98922
A,Youn2026,3,20,0.0,5,44,0.989149
A,Youn2026,3,20,0.0,5,45,0.989309
A,Youn2026,3,20,0.0,5,46,0.989198
A,Youn2026,3,20,0.0,5,47,0.989128
A,Youn2026,3,20,0.0,5,48,0.989222
A,Youn2026,3,20,0.0,5,49,0.989189
A,Youn2026,3,20,0.0,5,50,0.989265
A,Youn2026,3,20,0.0,5,51,0.989251
A,V2I-Base,3,20,0.0,5,42,0.989065
A,V2I-Base,3,20,0.0,5,43,0.98922
A,V2I-Base,3,20,0.0,5,44,0.989149
A,V2I-Base,3,20,0.0,5,45,0.989309
A,V2I-Base,3,20,0.0,5,46,0.989198
A,V2I-Base,3,20,0.0,5,47,0.989128
A,V2I-Base,3,20,0.0,5,48,0.989222
A,V2I-Base,3,20,0.0,5,49,0.989189
A,V2I-Base,3,20,0.0,5,50,0.989265
A,V2I-Base,3,20,0.0,5,51,0.989251
A,V2V-Base,3,20,0.0,5,42,0.989065
A,V2V-Base,3,20,0.0,5,43,0.98922
A,V2V-Base,3,20,0.0,5,44,0.989149
A,V2V-Base,3,20,0.0,5,45,0.989309
A,V2V-Base,3,20,0.0,5,46,0.989198
A,V2V-Base,3,20,0.0,5,47,0.989128
A,V2V-Base,3,20,0.0,5,48,0.989222
A,V2V-Base,3,20,0.0,5,49,0.989189
A,V2V-Base,3,20,0.0,5,50,0.989265
A,V2V-Base,3,20,0.0,5,51,0.989251
A,Random-K,3,20,0.0,5,42,0.989065
A,Random-K,3,20,0.0,5,43,0.98922
A,Random-K,3,20,0.0,5,44,0.989149
A,Random-K,3,20,0.0,5,45,0.989309
A,Random-K,3,20,0.0,5,46,0.989198
A,Random-K,3,20,0.0,5,47,0.989128
A,Random-K,3,20,0.0,5,48,0.989222
A,Random-K,3,20,0.0,5,49,0.989189
A,Random-K,3,20,0.0,5,50,0.989265
A,Random-K,3,20,0.0,5,51,0.989251
A,RILP,3,20,1.0,5,42,0.989065
A,RILP,3,20,1.0,5,43,0.98922
A,RILP,3,20,1.0,5,44,0.989149
A,RILP,3,20,1.0,5,45,0.989309
A,RILP,3,20,1.0,5,46,0.989198
A,RILP,3,20,1.0,5,47,0.989128
A,RILP,3,20,1.0,5,48,0.989222
A,RILP,3,20,1.0,5,49,0.989189
A,RILP,3,20,1.0,5,50,0.989265
A,RILP,3,20,1.0,5,51,0.989251
A,RILP-Greedy,3,20,1.0,5,42,0.989065
A,RILP-Greedy,3,20,1.0,5,43,0.98922
A,RILP-Greedy,3,20,1.0,5,44,0.989149
A,RILP-Greedy,3,20,1.0,5,45,0.989309
A,RILP-Greedy,3,20,1.0,5,46,0.989198
A,RILP-Greedy,3,20,1.0,5,47,0.989128
A,RILP-Greedy,3,20,1.0,5,48,0.989222
A,RILP-Greedy,3,20,1.0,5,49,0.989189
A,RILP-Greedy,3,20,1.0,5,50,0.989265
A,RILP-Greedy,3,20,1.0,5,51,0.989251
A,Nam2023b,3,20,1.0,5,42,0.989065
A,Nam2023b,3,20,1.0,5,43,0.98922
A,Nam2023b,3,20,1.0,5,44,0.989149
A,Nam2023b,3,20,1.0,5,45,0.989309
A,Nam2023b,3,20,1.0,5,46,0.989198
A,Nam2023b,3,20,1.0,5,47,0.989128
A,Nam2023b,3,20,1.0,5,48,0.989222
A,Nam2023b,3,20,1.0,5,49,0.989189
A,Nam2023b,3,20,1.0,5,50,0.989265
A,Nam2023b,3,20,1.0,5,51,0.989251
A,Nam2025,3,20,1.0,5,42,0.989065
A,Nam2025,3,20,1.0,5,43,0.98922
A,Nam2025,3,20,1.0,5,44,0.989149
A,Nam2025,3,20,1.0,5,45,0.989309
A,Nam2025,3,20,1.0,5,46,0.989198
A,Nam2025,3,20,1.0,5,47,0.989128
A,Nam2025,3,20,1.0,5,48,0.989222
A,Nam2025,3,20,1.0,5,49,0.989189
A,Nam2025,3,20,1.0,5,50,0.989265
A,Nam2025,3,20,1.0,5,51,0.989251
A,Youn2026,3,20,1.0,5,42,0.989065
A,Youn2026,3,20,1.0,5,43,0.98922
A,Youn2026,3,20,1.0,5,44,0.989149
A,Youn2026,3,20,1.0,5,45,0.989309
A,Youn2026,3,20,1.0,5,46,0.989198
A,Youn2026,3,20,1.0,5,47,0.989128
A,Youn2026,3,20,1.0,5,48,0.989222
A,Youn2026,3,20,1.0,5,49,0.989189
A,Youn2026,3,20,1.0,5,50,0.989265
A,Youn2026,3,20,1.0,5,51,0.989251
A,V2I-Base,3,20,1.0,5,42,0.989065
A,V2I-Base,3,20,1.0,5,43,0.98922
A,V2I-Base,3,20,1.0,5,44,0.989149
A,V2I-Base,3,20,1.0,5,45,0.989309
A,V2I-Base,3,20,1.0,5,46,0.989198
A,V2I-Base,3,20,1.0,5,47,0.989128
A,V2I-Base,3,20,1.0,5,48,0.989222
A,V2I-Base,3,20,1.0,5,49,0.989189
A,V2I-Base,3,20,1.0,5,50,0.989265
A,V2I-Base,3,20,1.0,5,51,0.989251
A,V2V-Base,3,20,1.0,5,42,0.989065
A,V2V-Base,3,20,1.0,5,43,0.98922
A,V2V-Base,3,20,1.0,5,44,0.989149
A,V2V-Base,3,20,1.0,5,45,0.989309
A,V2V-Base,3,20,1.0,5,46,0.989198
A,V2V-Base,3,20,1.0,5,47,0.989128
A,V2V-Base,3,20,1.0,5,48,0.989222
A,V2V-Base,3,20,1.0,5,49,0.989189
A,V2V-Base,3,20,1.0,5,50,0.989265
A,V2V-Base,3,20,1.0,5,51,0.989251
A,Random-K,3,20,1.0,5,42,0.989065
A,Random-K,3,20,1.0,5,43,0.98922
A,Random-K,3,20,1.0,5,44,0.989149
A,Random-K,3,20,1.0,5,45,0.989309
A,Random-K,3,20,1.0,5,46,0.989198
A,Random-K,3,20,1.0,5,47,0.989128
A,Random-K,3,20,1.0,5,48,0.989222
A,Random-K,3,20,1.0,5,49,0.989189
A,Random-K,3,20,1.0,5,50,0.989265
A,Random-K,3,20,1.0,5,51,0.989251
A,RILP,3,20,2.0,5,42,0.989065
A,RILP,3,20,2.0,5,43,0.98922
A,RILP,3,20,2.0,5,44,0.989149
A,RILP,3,20,2.0,5,45,0.989309
A,RILP,3,20,2.0,5,46,0.989198
A,RILP,3,20,2.0,5,47,0.989128
A,RILP,3,20,2.0,5,48,0.989222
A,RILP,3,20,2.0,5,49,0.989189
A,RILP,3,20,2.0,5,50,0.989265
A,RILP,3,20,2.0,5,51,0.989251
A,RILP-Greedy,3,20,2.0,5,42,0.989065
A,RILP-Greedy,3,20,2.0,5,43,0.98922
A,RILP-Greedy,3,20,2.0,5,44,0.989149
A,RILP-Greedy,3,20,2.0,5,45,0.989309
A,RILP-Greedy,3,20,2.0,5,46,0.989198
A,RILP-Greedy,3,20,2.0,5,47,0.989128
A,RILP-Greedy,3,20,2.0,5,48,0.989222
A,RILP-Greedy,3,20,2.0,5,49,0.989189
A,RILP-Greedy,3,20,2.0,5,50,0.989265
A,RILP-Greedy,3,20,2.0,5,51,0.989251
A,Nam2023b,3,20,2.0,5,42,0.989065
A,Nam2023b,3,20,2.0,5,43,0.98922
A,Nam2023b,3,20,2.0,5,44,0.989149
A,Nam2023b,3,20,2.0,5,45,0.989309
A,Nam2023b,3,20,2.0,5,46,0.989198
A,Nam2023b,3,20,2.0,5,47,0.989128
A,Nam2023b,3,20,2.0,5,48,0.989222
A,Nam2023b,3,20,2.0,5,49,0.989189
A,Nam2023b,3,20,2.0,5,50,0.989265
A,Nam2023b,3,20,2.0,5,51,0.989251
A,Nam2025,3,20,2.0,5,42,0.989065
A,Nam2025,3,20,2.0,5,43,0.98922
A,Nam2025,3,20,2.0,5,44,0.989149
A,Nam2025,3,20,2.0,5,45,0.989309
A,Nam2025,3,20,2.0,5,46,0.989198
A,Nam2025,3,20,2.0,5,47,0.989128
A,Nam2025,3,20,2.0,5,48,0.989222
A,Nam2025,3,20,2.0,5,49,0.989189
A,Nam2025,3,20,2.0,5,50,0.989265
A,Nam2025,3,20,2.0,5,51,0.989251
A,Youn2026,3,20,2.0,5,42,0.989065
A,Youn2026,3,20,2.0,5,43,0.98922
A,Youn2026,3,20,2.0,5,44,0.989149
A,Youn2026,3,20,2.0,5,45,0.989309
A,Youn2026,3,20,2.0,5,46,0.989198
A,Youn2026,3,20,2.0,5,47,0.989128
A,Youn2026,3,20,2.0,5,48,0.989222
A,Youn2026,3,20,2.0,5,49,0.989189
A,Youn2026,3,20,2.0,5,50,0.989265
A,Youn2026,3,20,2.0,5,51,0.989251
A,V2I-Base,3,20,2.0,5,42,0.989065
A,V2I-Base,3,20,2.0,5,43,0.98922
A,V2I-Base,3,20,2.0,5,44,0.989149
A,V2I-Base,3,20,2.0,5,45,0.989309
A,V2I-Base,3,20,2.0,5,46,0.989198
A,V2I-Base,3,20,2.0,5,47,0.989128
A,V2I-Base,3,20,2.0,5,48,0.989222
A,V2I-Base,3,20,2.0,5,49,0.989189
A,V2I-Base,3,20,2.0,5,50,0.989265
A,V2I-Base,3,20,2.0,5,51,0.989251
A,V2V-Base,3,20,2.0,5,42,0.989065
A,V2V-Base,3,20,2.0,5,43,0.98922
A,V2V-Base,3,20,2.0,5,44,0.989149
A,V2V-Base,3,20,2.0,5,45,0.989309
A,V2V-Base,3,20,2.0,5,46,0.989198
A,V2V-Base,3,20,2.0,5,47,0.989128
A,V2V-Base,3,20,2.0,5,48,0.989222
A,V2V-Base,3,20,2.0,5,49,0.989189
A,V2V-Base,3,20,2.0,5,50,0.989265
A,V2V-Base,3,20,2.0,5,51,0.989251
A,Random-K,3,20,2.0,5,42,0.989065
A,Random-K,3,20,2.0,5,43,0.98922
A,Random-K,3,20,2.0,5,44,0.989149
A,Random-K,3,20,2.0,5,45,0.989309
A,Random-K,3,20,2.0,5,46,0.989198
A,Random-K,3,20,2.0,5,47,0.989128
A,Random-K,3,20,2.0,5,48,0.989222
A,Random-K,3,20,2.0,5,49,0.989189
A,Random-K,3,20,2.0,5,50,0.989265
A,Random-K,3,20,2.0,5,51,0.989251
A,RILP,3,20,3.0,5,42,0.989065
A,RILP,3,20,3.0,5,43,0.98922
A,RILP,3,20,3.0,5,44,0.989149
A,RILP,3,20,3.0,5,45,0.989309
A,RILP,3,20,3.0,5,46,0.989198
A,RILP,3,20,3.0,5,47,0.989128
A,RILP,3,20,3.0,5,48,0.989222
A,RILP,3,20,3.0,5,49,0.989189
A,RILP,3,20,3.0,5,50,0.989265
A,RILP,3,20,3.0,5,51,0.989251
A,RILP-Greedy,3,20,3.0,5,42,0.989065
A,RILP-Greedy,3,20,3.0,5,43,0.98922
A,RILP-Greedy,3,20,3.0,5,44,0.989149
A,RILP-Greedy,3,20,3.0,5,45,0.989309
A,RILP-Greedy,3,20,3.0,5,46,0.989198
A,RILP-Greedy,3,20,3.0,5,47,0.989128
A,RILP-Greedy,3,20,3.0,5,48,0.989222
A,RILP-Greedy,3,20,3.0,5,49,0.989189
A,RILP-Greedy,3,20,3.0,5,50,0.989265
A,RILP-Greedy,3,20,3.0,5,51,0.989251
A,Nam2023b,3,20,3.0,5,42,0.989065
A,Nam2023b,3,20,3.0,5,43,0.98922
A,Nam2023b,3,20,3.0,5,44,0.989149
A,Nam2023b,3,20,3.0,5,45,0.989309
A,Nam2023b,3,20,3.0,5,46,0.989198
A,Nam2023b,3,20,3.0,5,47,0.989128
A,Nam2023b,3,20,3.0,5,48,0.989222
A,Nam2023b,3,20,3.0,5,49,0.989189
A,Nam2023b,3,20,3.0,5,50,0.989265
A,Nam2023b,3,20,3.0,5,51,0.989251
A,Nam2025,3,20,3.0,5,42,0.989065
A,Nam2025,3,20,3.0,5,43,0.98922
A,Nam2025,3,20,3.0,5,44,0.989149
A,Nam2025,3,20,3.0,5,45,0.989309
A,Nam2025,3,20,3.0,5,46,0.989198
A,Nam2025,3,20,3.0,5,47,0.989128
A,Nam2025,3,20,3.0,5,48,0.989222
A,Nam2025,3,20,3.0,5,49,0.989189
A,Nam2025,3,20,3.0,5,50,0.989265
A,Nam2025,3,20,3.0,5,51,0.989251
A,Youn2026,3,20,3.0,5,42,0.989065
A,Youn2026,3,20,3.0,5,43,0.98922
A,Youn2026,3,20,3.0,5,44,0.989149
A,Youn2026,3,20,3.0,5,45,0.989309
A,Youn2026,3,20,3.0,5,46,0.989198
A,Youn2026,3,20,3.0,5,47,0.989128
A,Youn2026,3,20,3.0,5,48,0.989222
A,Youn2026,3,20,3.0,5,49,0.989189
A,Youn2026,3,20,3.0,5,50,0.989265
A,Youn2026,3,20,3.0,5,51,0.989251
A,V2I-Base,3,20,3.0,5,42,0.989065
A,V2I-Base,3,20,3.0,5,43,0.98922
A,V2I-Base,3,20,3.0,5,44,0.989149
A,V2I-Base,3,20,3.0,5,45,0.989309
A,V2I-Base,3,20,3.0,5,46,0.989198
A,V2I-Base,3,20,3.0,5,47,0.989128
A,V2I-Base,3,20,3.0,5,48,0.989222
A,V2I-Base,3,20,3.0,5,49,0.989189
A,V2I-Base,3,20,3.0,5,50,0.989265
A,V2I-Base,3,20,3.0,5,51,0.989251
A,V2V-Base,3,20,3.0,5,42,0.989065
A,V2V-Base,3,20,3.0,5,43,0.98922
A,V2V-Base,3,20,3.0,5,44,0.989149
A,V2V-Base,3,20,3.0,5,45,0.989309
A,V2V-Base,3,20,3.0,5,46,0.989198
A,V2V-Base,3,20,3.0,5,47,0.989128
A,V2V-Base,3,20,3.0,5,48,0.989222
A,V2V-Base,3,20,3.0,5,49,0.989189
A,V2V-Base,3,20,3.0,5,50,0.989265
A,V2V-Base,3,20,3.0,5,51,0.989251
A,Random-K,3,20,3.0,5,42,0.989065
A,Random-K,3,20,3.0,5,43,0.98922
A,Random-K,3,20,3.0,5,44,0.989149
A,Random-K,3,20,3.0,5,45,0.989309
A,Random-K,3,20,3.0,5,46,0.989198
A,Random-K,3,20,3.0,5,47,0.989128
A,Random-K,3,20,3.0,5,48,0.989222
A,Random-K,3,20,3.0,5,49,0.989189
A,Random-K,3,20,3.0,5,50,0.989265
A,Random-K,3,20,3.0,5,51,0.989251
A,RILP,3,30,0.0,5,42,0.989065
A,RILP,3,30,0.0,5,43,0.98922
A,RILP,3,30,0.0,5,44,0.989149
A,RILP,3,30,0.0,5,45,0.989309
A,RILP,3,30,0.0,5,46,0.989198
A,RILP,3,30,0.0,5,47,0.989128
A,RILP,3,30,0.0,5,48,0.989222
A,RILP,3,30,0.0,5,49,0.989189
A,RILP,3,30,0.0,5,50,0.989265
A,RILP,3,30,0.0,5,51,0.989251
A,RILP-Greedy,3,30,0.0,5,42,0.989065
A,RILP-Greedy,3,30,0.0,5,43,0.98922
A,RILP-Greedy,3,30,0.0,5,44,0.989149
A,RILP-Greedy,3,30,0.0,5,45,0.989309
A,RILP-Greedy,3,30,0.0,5,46,0.989198
A,RILP-Greedy,3,30,0.0,5,47,0.989128
A,RILP-Greedy,3,30,0.0,5,48,0.989222
A,RILP-Greedy,3,30,0.0,5,49,0.989189
A,RILP-Greedy,3,30,0.0,5,50,0.989265
A,RILP-Greedy,3,30,0.0,5,51,0.989251
A,Nam2023b,3,30,0.0,5,42,0.989065
A,Nam2023b,3,30,0.0,5,43,0.98922
A,Nam2023b,3,30,0.0,5,44,0.989149
A,Nam2023b,3,30,0.0,5,45,0.989309
A,Nam2023b,3,30,0.0,5,46,0.989198
A,Nam2023b,3,30,0.0,5,47,0.989128
A,Nam2023b,3,30,0.0,5,48,0.989222
A,Nam2023b,3,30,0.0,5,49,0.989189
A,Nam2023b,3,30,0.0,5,50,0.989265
A,Nam2023b,3,30,0.0,5,51,0.989251
A,Nam2025,3,30,0.0,5,42,0.989065
A,Nam2025,3,30,0.0,5,43,0.98922
A,Nam2025,3,30,0.0,5,44,0.989149
A,Nam2025,3,30,0.0,5,45,0.989309
A,Nam2025,3,30,0.0,5,46,0.989198
A,Nam2025,3,30,0.0,5,47,0.989128
A,Nam2025,3,30,0.0,5,48,0.989222
A,Nam2025,3,30,0.0,5,49,0.989189
A,Nam2025,3,30,0.0,5,50,0.989265
A,Nam2025,3,30,0.0,5,51,0.989251
A,Youn2026,3,30,0.0,5,42,0.989065
A,Youn2026,3,30,0.0,5,43,0.98922
A,Youn2026,3,30,0.0,5,44,0.989149
A,Youn2026,3,30,0.0,5,45,0.989309
A,Youn2026,3,30,0.0,5,46,0.989198
A,Youn2026,3,30,0.0,5,47,0.989128
A,Youn2026,3,30,0.0,5,48,0.989222
A,Youn2026,3,30,0.0,5,49,0.989189
A,Youn2026,3,30,0.0,5,50,0.989265
A,Youn2026,3,30,0.0,5,51,0.989251
A,V2I-Base,3,30,0.0,5,42,0.989065
A,V2I-Base,3,30,0.0,5,43,0.98922
A,V2I-Base,3,30,0.0,5,44,0.989149
A,V2I-Base,3,30,0.0,5,45,0.989309
A,V2I-Base,3,30,0.0,5,46,0.989198
A,V2I-Base,3,30,0.0,5,47,0.989128
A,V2I-Base,3,30,0.0,5,48,0.989222
A,V2I-Base,3,30,0.0,5,49,0.989189
A,V2I-Base,3,30,0.0,5,50,0.989265
A,V2I-Base,3,30,0.0,5,51,0.989251
A,V2V-Base,3,30,0.0,5,42,0.989065
A,V2V-Base,3,30,0.0,5,43,0.98922
A,V2V-Base,3,30,0.0,5,44,0.989149
A,V2V-Base,3,30,0.0,5,45,0.989309
A,V2V-Base,3,30,0.0,5,46,0.989198
A,V2V-Base,3,30,0.0,5,47,0.989128
A,V2V-Base,3,30,0.0,5,48,0.989222
A,V2V-Base,3,30,0.0,5,49,0.989189
A,V2V-Base,3,30,0.0,5,50,0.989265
A,V2V-Base,3,30,0.0,5,51,0.989251
A,Random-K,3,30,0.0,5,42,0.989065
A,Random-K,3,30,0.0,5,43,0.98922
A,Random-K,3,30,0.0,5,44,0.989149
A,Random-K,3,30,0.0,5,45,0.989309
A,Random-K,3,30,0.0,5,46,0.989198
A,Random-K,3,30,0.0,5,47,0.989128
A,Random-K,3,30,0.0,5,48,0.989222
A,Random-K,3,30,0.0,5,49,0.989189
A,Random-K,3,30,0.0,5,50,0.989265
A,Random-K,3,30,0.0,5,51,0.989251
A,RILP,3,30,1.0,5,42,0.989065
A,RILP,3,30,1.0,5,43,0.98922
A,RILP,3,30,1.0,5,44,0.989149
A,RILP,3,30,1.0,5,45,0.989309
A,RILP,3,30,1.0,5,46,0.989198
A,RILP,3,30,1.0,5,47,0.989128
A,RILP,3,30,1.0,5,48,0.989222
A,RILP,3,30,1.0,5,49,0.989189
A,RILP,3,30,1.0,5,50,0.989265
A,RILP,3,30,1.0,5,51,0.989251
A,RILP-Greedy,3,30,1.0,5,42,0.989065
A,RILP-Greedy,3,30,1.0,5,43,0.98922
A,RILP-Greedy,3,30,1.0,5,44,0.989149
A,RILP-Greedy,3,30,1.0,5,45,0.989309
A,RILP-Greedy,3,30,1.0,5,46,0.989198
A,RILP-Greedy,3,30,1.0,5,47,0.989128
A,RILP-Greedy,3,30,1.0,5,48,0.989222
A,RILP-Greedy,3,30,1.0,5,49,0.989189
A,RILP-Greedy,3,30,1.0,5,50,0.989265
A,RILP-Greedy,3,30,1.0,5,51,0.989251
A,Nam2023b,3,30,1.0,5,42,0.989065
A,Nam2023b,3,30,1.0,5,43,0.98922
A,Nam2023b,3,30,1.0,5,44,0.989149
A,Nam2023b,3,30,1.0,5,45,0.989309
A,Nam2023b,3,30,1.0,5,46,0.989198
A,Nam2023b,3,30,1.0,5,47,0.989128
A,Nam2023b,3,30,1.0,5,48,0.989222
A,Nam2023b,3,30,1.0,5,49,0.989189
A,Nam2023b,3,30,1.0,5,50,0.989265
A,Nam2023b,3,30,1.0,5,51,0.989251
A,Nam2025,3,30,1.0,5,42,0.989065
A,Nam2025,3,30,1.0,5,43,0.98922
A,Nam2025,3,30,1.0,5,44,0.989149
A,Nam2025,3,30,1.0,5,45,0.989309
A,Nam2025,3,30,1.0,5,46,0.989198
A,Nam2025,3,30,1.0,5,47,0.989128
A,Nam2025,3,30,1.0,5,48,0.989222
A,Nam2025,3,30,1.0,5,49,0.989189
A,Nam2025,3,30,1.0,5,50,0.989265
A,Nam2025,3,30,1.0,5,51,0.989251
A,Youn2026,3,30,1.0,5,42,0.989065
A,Youn2026,3,30,1.0,5,43,0.98922
A,Youn2026,3,30,1.0,5,44,0.989149
A,Youn2026,3,30,1.0,5,45,0.989309
A,Youn2026,3,30,1.0,5,46,0.989198
A,Youn2026,3,30,1.0,5,47,0.989128
A,Youn2026,3,30,1.0,5,48,0.989222
A,Youn2026,3,30,1.0,5,49,0.989189
A,Youn2026,3,30,1.0,5,50,0.989265
A,Youn2026,3,30,1.0,5,51,0.989251
A,V2I-Base,3,30,1.0,5,42,0.989065
A,V2I-Base,3,30,1.0,5,43,0.98922
A,V2I-Base,3,30,1.0,5,44,0.989149
A,V2I-Base,3,30,1.0,5,45,0.989309
A,V2I-Base,3,30,1.0,5,46,0.989198
A,V2I-Base,3,30,1.0,5,47,0.989128
A,V2I-Base,3,30,1.0,5,48,0.989222
A,V2I-Base,3,30,1.0,5,49,0.989189
A,V2I-Base,3,30,1.0,5,50,0.989265
A,V2I-Base,3,30,1.0,5,51,0.989251
A,V2V-Base,3,30,1.0,5,42,0.989065
A,V2V-Base,3,30,1.0,5,43,0.98922
A,V2V-Base,3,30,1.0,5,44,0.989149
A,V2V-Base,3,30,1.0,5,45,0.989309
A,V2V-Base,3,30,1.0,5,46,0.989198
A,V2V-Base,3,30,1.0,5,47,0.989128
A,V2V-Base,3,30,1.0,5,48,0.989222
A,V2V-Base,3,30,1.0,5,49,0.989189
A,V2V-Base,3,30,1.0,5,50,0.989265
A,V2V-Base,3,30,1.0,5,51,0.989251
A,Random-K,3,30,1.0,5,42,0.989065
A,Random-K,3,30,1.0,5,43,0.98922
A,Random-K,3,30,1.0,5,44,0.989149
A,Random-K,3,30,1.0,5,45,0.989309
A,Random-K,3,30,1.0,5,46,0.989198
A,Random-K,3,30,1.0,5,47,0.989128
A,Random-K,3,30,1.0,5,48,0.989222
A,Random-K,3,30,1.0,5,49,0.989189
A,Random-K,3,30,1.0,5,50,0.989265
A,Random-K,3,30,1.0,5,51,0.989251
A,RILP,3,30,2.0,5,42,0.989065
A,RILP,3,30,2.0,5,43,0.98922
A,RILP,3,30,2.0,5,44,0.989149
A,RILP,3,30,2.0,5,45,0.989309
A,RILP,3,30,2.0,5,46,0.989198
A,RILP,3,30,2.0,5,47,0.989128
A,RILP,3,30,2.0,5,48,0.989222
A,RILP,3,30,2.0,5,49,0.989189
A,RILP,3,30,2.0,5,50,0.989265
A,RILP,3,30,2.0,5,51,0.989251
A,RILP-Greedy,3,30,2.0,5,42,0.989065
A,RILP-Greedy,3,30,2.0,5,43,0.98922
A,RILP-Greedy,3,30,2.0,5,44,0.989149
A,RILP-Greedy,3,30,2.0,5,45,0.989309
A,RILP-Greedy,3,30,2.0,5,46,0.989198
A,RILP-Greedy,3,30,2.0,5,47,0.989128
A,RILP-Greedy,3,30,2.0,5,48,0.989222
A,RILP-Greedy,3,30,2.0,5,49,0.989189
A,RILP-Greedy,3,30,2.0,5,50,0.989265
A,RILP-Greedy,3,30,2.0,5,51,0.989251
A,Nam2023b,3,30,2.0,5,42,0.989065
A,Nam2023b,3,30,2.0,5,43,0.98922
A,Nam2023b,3,30,2.0,5,44,0.989149
A,Nam2023b,3,30,2.0,5,45,0.989309
A,Nam2023b,3,30,2.0,5,46,0.989198
A,Nam2023b,3,30,2.0,5,47,0.989128
A,Nam2023b,3,30,2.0,5,48,0.989222
A,Nam2023b,3,30,2.0,5,49,0.989189
A,Nam2023b,3,30,2.0,5,50,0.989265
A,Nam2023b,3,30,2.0,5,51,0.989251
A,Nam2025,3,30,2.0,5,42,0.989065
A,Nam2025,3,30,2.0,5,43,0.989977
A,Nam2025,3,30,2.0,5,44,0.989953
A,Nam2025,3,30,2.0,5,45,0.989965
A,Nam2025,3,30,2.0,5,46,0.989976
A,Nam2025,3,30,2.0,5,47,0.989914
A,Nam2025,3,30,2.0,5,48,0.989888
A,Nam2025,3,30,2.0,5,49,0.990011
A,Nam2025,3,30,2.0,5,50,0.989978
A,Nam2025,3,30,2.0,5,51,0.990048
A,Youn2026,3,30,2.0,5,42,0.989958
A,Youn2026,3,30,2.0,5,43,0.989977
A,Youn2026,3,30,2.0,5,44,0.989953
A,Youn2026,3,30,2.0,5,45,0.989965
A,Youn2026,3,30,2.0,5,46,0.989976
A,Youn2026,3,30,2.0,5,47,0.989914
A,Youn2026,3,30,2.0,5,48,0.989888
A,Youn2026,3,30,2.0,5,49,0.990011
A,Youn2026,3,30,2.0,5,50,0.989978
A,Youn2026,3,30,2.0,5,51,0.990048
A,V2I-Base,3,30,2.0,5,42,0.989958
A,V2I-Base,3,30,2.0,5,43,0.989977
A,V2I-Base,3,30,2.0,5,44,0.989953
A,V2I-Base,3,30,2.0,5,45,0.989965
A,V2I-Base,3,30,2.0,5,46,0.989976
A,V2I-Base,3,30,2.0,5,47,0.989914
A,V2I-Base,3,30,2.0,5,48,0.989888
A,V2I-Base,3,30,2.0,5,49,0.990011
A,V2I-Base,3,30,2.0,5,50,0.989978
A,V2I-Base,3,30,2.0,5,51,0.990048
A,V2V-Base,3,30,2.0,5,42,0.989958
A,V2V-Base,3,30,2.0,5,43,0.989977
A,V2V-Base,3,30,2.0,5,44,0.989953
A,V2V-Base,3,30,2.0,5,45,0.989965
A,V2V-Base,3,30,2.0,5,46,0.989976
A,V2V-Base,3,30,2.0,5,47,0.989914
A,V2V-Base,3,30,2.0,5,48,0.989888
A,V2V-Base,3,30,2.0,5,49,0.990011
A,V2V-Base,3,30,2.0,5,50,0.989978
A,V2V-Base,3,30,2.0,5,51,0.990048
A,Random-K,3,30,2.0,5,42,0.989958
A,Random-K,3,30,2.0,5,43,0.989977
A,Random-K,3,30,2.0,5,44,0.989953
A,Random-K,3,30,2.0,5,45,0.989965
A,Random-K,3,30,2.0,5,46,0.989976
A,Random-K,3,30,2.0,5,47,0.989914
A,Random-K,3,30,2.0,5,48,0.989888
A,Random-K,3,30,2.0,5,49,0.990011
A,Random-K,3,30,2.0,5,50,0.989978
A,Random-K,3,30,2.0,5,51,0.990048
A,RILP,3,30,3.0,5,42,0.989958
A,RILP,3,30,3.0,5,43,0.989977
A,RILP,3,30,3.0,5,44,0.989953
A,RILP,3,30,3.0,5,45,0.989965
A,RILP,3,30,3.0,5,46,0.989976
A,RILP,3,30,3.0,5,47,0.989914
A,RILP,3,30,3.0,5,48,0.989888
A,RILP,3,30,3.0,5,49,0.990011
A,RILP,3,30,3.0,5,50,0.989978
A,RILP,3,30,3.0,5,51,0.990048
A,RILP-Greedy,3,30,3.0,5,42,0.989958
A,RILP-Greedy,3,30,3.0,5,43,0.989977
A,RILP-Greedy,3,30,3.0,5,44,0.989953
A,RILP-Greedy,3,30,3.0,5,45,0.989965
A,RILP-Greedy,3,30,3.0,5,46,0.989976
A,RILP-Greedy,3,30,3.0,5,47,0.989914
A,RILP-Greedy,3,30,3.0,5,48,0.989888
A,RILP-Greedy,3,30,3.0,5,49,0.990011
A,RILP-Greedy,3,30,3.0,5,50,0.989978
A,RILP-Greedy,3,30,3.0,5,51,0.990048
A,Nam2023b,3,30,3.0,5,42,0.989958
A,Nam2023b,3,30,3.0,5,43,0.989977
A,Nam2023b,3,30,3.0,5,44,0.989953
A,Nam2023b,3,30,3.0,5,45,0.989965
A,Nam2023b,3,30,3.0,5,46,0.989976
A,Nam2023b,3,30,3.0,5,47,0.989914
A,Nam2023b,3,30,3.0,5,48,0.989888
A,Nam2023b,3,30,3.0,5,49,0.990011
A,Nam2023b,3,30,3.0,5,50,0.989978
A,Nam2023b,3,30,3.0,5,51,0.990048
A,Nam2025,3,30,3.0,5,42,0.989958
A,Nam2025,3,30,3.0,5,43,0.989977
A,Nam2025,3,30,3.0,5,44,0.989953
A,Nam2025,3,30,3.0,5,45,0.989965
A,Nam2025,3,30,3.0,5,46,0.989976
A,Nam2025,3,30,3.0,5,47,0.989914
A,Nam2025,3,30,3.0,5,48,0.989888
A,Nam2025,3,30,3.0,5,49,0.990011
A,Nam2025,3,30,3.0,5,50,0.989978
A,Nam2025,3,30,3.0,5,51,0.990048
A,Youn2026,3,30,3.0,5,42,0.989958
A,Youn2026,3,30,3.0,5,43,0.989977
A,Youn2026,3,30,3.0,5,44,0.989953
A,Youn2026,3,30,3.0,5,45,0.989965
A,Youn2026,3,30,3.0,5,46,0.989976
A,Youn2026,3,30,3.0,5,47,0.989914
A,Youn2026,3,30,3.0,5,48,0.989888
A,Youn2026,3,30,3.0,5,49,0.990011
A,Youn2026,3,30,3.0,5,50,0.989978
A,Youn2026,3,30,3.0,5,51,0.990048
A,V2I-Base,3,30,3.0,5,42,0.989958
A,V2I-Base,3,30,3.0,5,43,0.989977
A,V2I-Base,3,30,3.0,5,44,0.989953
A,V2I-Base,3,30,3.0,5,45,0.989965
A,V2I-Base,3,30,3.0,5,46,0.989976
A,V2I-Base,3,30,3.0,5,47,0.989914
A,V2I-Base,3,30,3.0,5,48,0.989888
A,V2I-Base,3,30,3.0,5,49,0.990011
A,V2I-Base,3,30,3.0,5,50,0.989978
A,V2I-Base,3,30,3.0,5,51,0.990048
A,V2V-Base,3,30,3.0,5,42,0.989958
A,V2V-Base,3,30,3.0,5,43,0.989977
A,V2V-Base,3,30,3.0,5,44,0.989953
A,V2V-Base,3,30,3.0,5,45,0.989965
A,V2V-Base,3,30,3.0,5,46,0.989976
A,V2V-Base,3,30,3.0,5,47,0.989914
A,V2V-Base,3,30,3.0,5,48,0.989888
A,V2V-Base,3,30,3.0,5,49,0.990011
A,V2V-Base,3,30,3.0,5,50,0.989978
A,V2V-Base,3,30,3.0,5,51,0.990048
A,Random-K,3,30,3.0,5,42,0.989958
A,Random-K,3,30,3.0,5,43,0.989977
A,Random-K,3,30,3.0,5,44,0.989953
A,Random-K,3,30,3.0,5,45,0.989965
A,Random-K,3,30,3.0,5,46,0.989976
A,Random-K,3,30,3.0,5,47,0.989914
A,Random-K,3,30,3.0,5,48,0.989888
A,Random-K,3,30,3.0,5,49,0.990011
A,Random-K,3,30,3.0,5,50,0.989978
A,Random-K,3,30,3.0,5,51,0.990048
A,RILP,4,0,0.0,5,42,0.989958
A,RILP,4,0,0.0,5,43,0.989977
A,RILP,4,0,0.0,5,44,0.989953
A,RILP,4,0,0.0,5,45,0.989965
A,RILP,4,0,0.0,5,46,0.989976
A,RILP,4,0,0.0,5,47,0.989914
A,RILP,4,0,0.0,5,48,0.989888
A,RILP,4,0,0.0,5,49,0.990011
A,RILP,4,0,0.0,5,50,0.989978
A,RILP,4,0,0.0,5,51,0.990048
A,RILP-Greedy,4,0,0.0,5,42,0.989958
A,RILP-Greedy,4,0,0.0,5,43,0.989977
A,RILP-Greedy,4,0,0.0,5,44,0.989953
A,RILP-Greedy,4,0,0.0,5,45,0.989965
A,RILP-Greedy,4,0,0.0,5,46,0.989976
A,RILP-Greedy,4,0,0.0,5,47,0.989914
A,RILP-Greedy,4,0,0.0,5,48,0.989888
A,RILP-Greedy,4,0,0.0,5,49,0.990011
A,RILP-Greedy,4,0,0.0,5,50,0.989978
A,RILP-Greedy,4,0,0.0,5,51,0.990048
A,Nam2023b,4,0,0.0,5,42,0.989958
A,Nam2023b,4,0,0.0,5,43,0.989977
A,Nam2023b,4,0,0.0,5,44,0.989953
A,Nam2023b,4,0,0.0,5,45,0.989965
A,Nam2023b,4,0,0.0,5,46,0.989976
A,Nam2023b,4,0,0.0,5,47,0.989914
A,Nam2023b,4,0,0.0,5,48,0.989888
A,Nam2023b,4,0,0.0,5,49,0.990011
A,Nam2023b,4,0,0.0,5,50,0.989978
A,Nam2023b,4,0,0.0,5,51,0.990048
A,Nam2025,4,0,0.0,5,42,0.989958
A,Nam2025,4,0,0.0,5,43,0.989977
A,Nam2025,4,0,0.0,5,44,0.989953
A,Nam2025,4,0,0.0,5,45,0.989965
A,Nam2025,4,0,0.0,5,46,0.989976
A,Nam2025,4,0,0.0,5,47,0.989914
A,Nam2025,4,0,0.0,5,48,0.989888
A,Nam2025,4,0,0.0,5,49,0.990011
A,Nam2025,4,0,0.0,5,50,0.989978
A,Nam2025,4,0,0.0,5,51,0.990048
A,Youn2026,4,0,0.0,5,42,0.989958
A,Youn2026,4,0,0.0,5,43,0.989977
A,Youn2026,4,0,0.0,5,44,0.989953
A,Youn2026,4,0,0.0,5,45,0.989965
A,Youn2026,4,0,0.0,5,46,0.989976
A,Youn2026,4,0,0.0,5,47,0.989914
A,Youn2026,4,0,0.0,5,48,0.989888
A,Youn2026,4,0,0.0,5,49,0.990011
A,Youn2026,4,0,0.0,5,50,0.989978
A,Youn2026,4,0,0.0,5,51,0.990048
A,V2I-Base,4,0,0.0,5,42,0.989958
A,V2I-Base,4,0,0.0,5,43,0.989977
A,V2I-Base,4,0,0.0,5,44,0.989953
A,V2I-Base,4,0,0.0,5,45,0.989965
A,V2I-Base,4,0,0.0,5,46,0.989976
A,V2I-Base,4,0,0.0,5,47,0.989914
A,V2I-Base,4,0,0.0,5,48,0.989888
A,V2I-Base,4,0,0.0,5,49,0.990011
A,V2I-Base,4,0,0.0,5,50,0.989978
A,V2I-Base,4,0,0.0,5,51,0.990048
A,V2V-Base,4,0,0.0,5,42,0.989958
A,V2V-Base,4,0,0.0,5,43,0.989977
A,V2V-Base,4,0,0.0,5,44,0.989953
A,V2V-Base,4,0,0.0,5,45,0.989965
A,V2V-Base,4,0,0.0,5,46,0.989976
A,V2V-Base,4,0,0.0,5,47,0.989914
A,V2V-Base,4,0,0.0,5,48,0.989888
A,V2V-Base,4,0,0.0,5,49,0.990011
A,V2V-Base,4,0,0.0,5,50,0.989978
A,V2V-Base,4,0,0.0,5,51,0.990048
A,Random-K,4,0,0.0,5,42,0.989958
A,Random-K,4,0,0.0,5,43,0.989977
A,Random-K,4,0,0.0,5,44,0.989953
A,Random-K,4,0,0.0,5,45,0.989965
A,Random-K,4,0,0.0,5,46,0.989976
A,Random-K,4,0,0.0,5,47,0.989914
A,Random-K,4,0,0.0,5,48,0.989888
A,Random-K,4,0,0.0,5,49,0.990011
A,Random-K,4,0,0.0,5,50,0.989978
A,Random-K,4,0,0.0,5,51,0.990048
A,RILP,4,0,1.0,5,42,0.989958
A,RILP,4,0,1.0,5,43,0.989977
A,RILP,4,0,1.0,5,44,0.989953
A,RILP,4,0,1.0,5,45,0.989965
A,RILP,4,0,1.0,5,46,0.989976
A,RILP,4,0,1.0,5,47,0.989914
A,RILP,4,0,1.0,5,48,0.989888
A,RILP,4,0,1.0,5,49,0.990011
A,RILP,4,0,1.0,5,50,0.989978
A,RILP,4,0,1.0,5,51,0.990048
A,RILP-Greedy,4,0,1.0,5,42,0.989958
A,RILP-Greedy,4,0,1.0,5,43,0.989977
A,RILP-Greedy,4,0,1.0,5,44,0.989953
A,RILP-Greedy,4,0,1.0,5,45,0.989965
A,RILP-Greedy,4,0,1.0,5,46,0.989976
A,RILP-Greedy,4,0,1.0,5,47,0.989914
A,RILP-Greedy,4,0,1.0,5,48,0.989888
A,RILP-Greedy,4,0,1.0,5,49,0.990011
A,RILP-Greedy,4,0,1.0,5,50,0.989978
A,RILP-Greedy,4,0,1.0,5,51,0.990048
A,Nam2023b,4,0,1.0,5,42,0.989958
A,Nam2023b,4,0,1.0,5,43,0.989977
A,Nam2023b,4,0,1.0,5,44,0.989953
A,Nam2023b,4,0,1.0,5,45,0.989965
A,Nam2023b,4,0,1.0,5,46,0.989976
A,Nam2023b,4,0,1.0,5,47,0.989914
A,Nam2023b,4,0,1.0,5,48,0.989888
A,Nam2023b,4,0,1.0,5,49,0.990011
A,Nam2023b,4,0,1.0,5,50,0.989978
A,Nam2023b,4,0,1.0,5,51,0.990048
A,Nam2025,4,0,1.0,5,42,0.989958
A,Nam2025,4,0,1.0,5,43,0.989977
A,Nam2025,4,0,1.0,5,44,0.989953
A,Nam2025,4,0,1.0,5,45,0.989965
A,Nam2025,4,0,1.0,5,46,0.989976
A,Nam2025,4,0,1.0,5,47,0.989914
A,Nam2025,4,0,1.0,5,48,0.989888
A,Nam2025,4,0,1.0,5,49,0.990011
A,Nam2025,4,0,1.0,5,50,0.989978
A,Nam2025,4,0,1.0,5,51,0.990048
A,Youn2026,4,0,1.0,5,42,0.989958
A,Youn2026,4,0,1.0,5,43,0.989977
A,Youn2026,4,0,1.0,5,44,0.989953
A,Youn2026,4,0,1.0,5,45,0.989965
A,Youn2026,4,0,1.0,5,46,0.989976
A,Youn2026,4,0,1.0,5,47,0.989914
A,Youn2026,4,0,1.0,5,48,0.989888
A,Youn2026,4,0,1.0,5,49,0.990011
A,Youn2026,4,0,1.0,5,50,0.989978
A,Youn2026,4,0,1.0,5,51,0.990048
A,V2I-Base,4,0,1.0,5,42,0.989958
A,V2I-Base,4,0,1.0,5,43,0.989977
A,V2I-Base,4,0,1.0,5,44,0.989953
A,V2I-Base,4,0,1.0,5,45,0.989965
A,V2I-Base,4,0,1.0,5,46,0.989976
A,V2I-Base,4,0,1.0,5,47,0.989914
A,V2I-Base,4,0,1.0,5,48,0.989888
A,V2I-Base,4,0,1.0,5,49,0.990011
A,V2I-Base,4,0,1.0,5,50,0.989978
A,V2I-Base,4,0,1.0,5,51,0.990048
A,V2V-Base,4,0,1.0,5,42,0.989958
A,V2V-Base,4,0,1.0,5,43,0.989977
A,V2V-Base,4,0,1.0,5,44,0.989953
A,V2V-Base,4,0,1.0,5,45,0.989965
A,V2V-Base,4,0,1.0,5,46,0.989976
A,V2V-Base,4,0,1.0,5,47,0.989914
A,V2V-Base,4,0,1.0,5,48,0.989888
A,V2V-Base,4,0,1.0,5,49,0.990011
A,V2V-Base,4,0,1.0,5,50,0.989978
A,V2V-Base,4,0,1.0,5,51,0.990048
A,Random-K,4,0,1.0,5,42,0.989958
A,Random-K,4,0,1.0,5,43,0.989977
A,Random-K,4,0,1.0,5,44,0.989953
A,Random-K,4,0,1.0,5,45,0.989965
A,Random-K,4,0,1.0,5,46,0.989976
A,Random-K,4,0,1.0,5,47,0.989914
A,Random-K,4,0,1.0,5,48,0.989888
A,Random-K,4,0,1.0,5,49,0.990011
A,Random-K,4,0,1.0,5,50,0.989978
A,Random-K,4,0,1.0,5,51,0.990048
A,RILP,4,0,2.0,5,42,0.989958
A,RILP,4,0,2.0,5,43,0.989977
A,RILP,4,0,2.0,5,44,0.989953
A,RILP,4,0,2.0,5,45,0.989965
A,RILP,4,0,2.0,5,46,0.989976
A,RILP,4,0,2.0,5,47,0.989914
A,RILP,4,0,2.0,5,48,0.989888
A,RILP,4,0,2.0,5,49,0.990011
A,RILP,4,0,2.0,5,50,0.989978
A,RILP,4,0,2.0,5,51,0.990048
A,RILP-Greedy,4,0,2.0,5,42,0.989958
A,RILP-Greedy,4,0,2.0,5,43,0.989977
A,RILP-Greedy,4,0,2.0,5,44,0.989953
A,RILP-Greedy,4,0,2.0,5,45,0.989965
A,RILP-Greedy,4,0,2.0,5,46,0.989976
A,RILP-Greedy,4,0,2.0,5,47,0.989914
A,RILP-Greedy,4,0,2.0,5,48,0.989888
A,RILP-Greedy,4,0,2.0,5,49,0.990011
A,RILP-Greedy,4,0,2.0,5,50,0.989978
A,RILP-Greedy,4,0,2.0,5,51,0.990048
A,Nam2023b,4,0,2.0,5,42,0.989958
A,Nam2023b,4,0,2.0,5,43,0.989977
A,Nam2023b,4,0,2.0,5,44,0.989953
A,Nam2023b,4,0,2.0,5,45,0.989965
A,Nam2023b,4,0,2.0,5,46,0.989976
A,Nam2023b,4,0,2.0,5,47,0.989914
A,Nam2023b,4,0,2.0,5,48,0.989888
A,Nam2023b,4,0,2.0,5,49,0.990011
A,Nam2023b,4,0,2.0,5,50,0.989978
A,Nam2023b,4,0,2.0,5,51,0.990048
A,Nam2025,4,0,2.0,5,42,0.989958
A,Nam2025,4,0,2.0,5,43,0.989977
A,Nam2025,4,0,2.0,5,44,0.989953
A,Nam2025,4,0,2.0,5,45,0.989965
A,Nam2025,4,0,2.0,5,46,0.989976
A,Nam2025,4,0,2.0,5,47,0.989914
A,Nam2025,4,0,2.0,5,48,0.989888
A,Nam2025,4,0,2.0,5,49,0.990011
A,Nam2025,4,0,2.0,5,50,0.989978
A,Nam2025,4,0,2.0,5,51,0.990048
A,Youn2026,4,0,2.0,5,42,0.989958
A,Youn2026,4,0,2.0,5,43,0.989977
A,Youn2026,4,0,2.0,5,44,0.989953
A,Youn2026,4,0,2.0,5,45,0.989965
A,Youn2026,4,0,2.0,5,46,0.989976
A,Youn2026,4,0,2.0,5,47,0.989914
A,Youn2026,4,0,2.0,5,48,0.989888
A,Youn2026,4,0,2.0,5,49,0.990011
A,Youn2026,4,0,2.0,5,50,0.989978
A,Youn2026,4,0,2.0,5,51,0.990048
A,V2I-Base,4,0,2.0,5,42,0.989958
A,V2I-Base,4,0,2.0,5,43,0.989977
A,V2I-Base,4,0,2.0,5,44,0.989953
A,V2I-Base,4,0,2.0,5,45,0.989965
A,V2I-Base,4,0,2.0,5,46,0.989976
A,V2I-Base,4,0,2.0,5,47,0.989914
A,V2I-Base,4,0,2.0,5,48,0.989888
A,V2I-Base,4,0,2.0,5,49,0.990011
A,V2I-Base,4,0,2.0,5,50,0.989978
A,V2I-Base,4,0,2.0,5,51,0.990048
A,V2V-Base,4,0,2.0,5,42,0.989958
A,V2V-Base,4,0,2.0,5,43,0.989977
A,V2V-Base,4,0,2.0,5,44,0.989953
A,V2V-Base,4,0,2.0,5,45,0.989965
A,V2V-Base,4,0,2.0,5,46,0.989976
A,V2V-Base,4,0,2.0,5,47,0.989914
A,V2V-Base,4,0,2.0,5,48,0.989888
A,V2V-Base,4,0,2.0,5,49,0.990011
A,V2V-Base,4,0,2.0,5,50,0.989978
A,V2V-Base,4,0,2.0,5,51,0.990048
A,Random-K,4,0,2.0,5,42,0.989958
A,Random-K,4,0,2.0,5,43,0.989977
A,Random-K,4,0,2.0,5,44,0.989953
A,Random-K,4,0,2.0,5,45,0.989965
A,Random-K,4,0,2.0,5,46,0.989976
A,Random-K,4,0,2.0,5,47,0.989914
A,Random-K,4,0,2.0,5,48,0.989888
A,Random-K,4,0,2.0,5,49,0.990011
A,Random-K,4,0,2.0,5,50,0.989978
A,Random-K,4,0,2.0,5,51,0.990048
A,RILP,4,0,3.0,5,42,0.989958
A,RILP,4,0,3.0,5,43,0.989977
A,RILP,4,0,3.0,5,44,0.989953
A,RILP,4,0,3.0,5,45,0.989965
A,RILP,4,0,3.0,5,46,0.989976
A,RILP,4,0,3.0,5,47,0.989914
A,RILP,4,0,3.0,5,48,0.989888
A,RILP,4,0,3.0,5,49,0.990011
A,RILP,4,0,3.0,5,50,0.989978
A,RILP,4,0,3.0,5,51,0.990048
A,RILP-Greedy,4,0,3.0,5,42,0.989958
A,RILP-Greedy,4,0,3.0,5,43,0.989977
A,RILP-Greedy,4,0,3.0,5,44,0.989953
A,RILP-Greedy,4,0,3.0,5,45,0.989965
A,RILP-Greedy,4,0,3.0,5,46,0.989976
A,RILP-Greedy,4,0,3.0,5,47,0.989914
A,RILP-Greedy,4,0,3.0,5,48,0.989888
A,RILP-Greedy,4,0,3.0,5,49,0.990011
A,RILP-Greedy,4,0,3.0,5,50,0.989978
A,RILP-Greedy,4,0,3.0,5,51,0.990048
A,Nam2023b,4,0,3.0,5,42,0.989958
A,Nam2023b,4,0,3.0,5,43,0.989977
A,Nam2023b,4,0,3.0,5,44,0.989953
A,Nam2023b,4,0,3.0,5,45,0.989965
A,Nam2023b,4,0,3.0,5,46,0.989976
A,Nam2023b,4,0,3.0,5,47,0.989914
A,Nam2023b,4,0,3.0,5,48,0.989888
A,Nam2023b,4,0,3.0,5,49,0.990011
A,Nam2023b,4,0,3.0,5,50,0.989978
A,Nam2023b,4,0,3.0,5,51,0.990048
A,Nam2025,4,0,3.0,5,42,0.989958
A,Nam2025,4,0,3.0,5,43,0.989977
A,Nam2025,4,0,3.0,5,44,0.989953
A,Nam2025,4,0,3.0,5,45,0.989965
A,Nam2025,4,0,3.0,5,46,0.989976
A,Nam2025,4,0,3.0,5,47,0.989914
A,Nam2025,4,0,3.0,5,48,0.989888
A,Nam2025,4,0,3.0,5,49,0.990011
A,Nam2025,4,0,3.0,5,50,0.989978
A,Nam2025,4,0,3.0,5,51,0.990048
A,Youn2026,4,0,3.0,5,42,0.989958
A,Youn2026,4,0,3.0,5,43,0.989977
A,Youn2026,4,0,3.0,5,44,0.989953
A,Youn2026,4,0,3.0,5,45,0.989965
A,Youn2026,4,0,3.0,5,46,0.989976
A,Youn2026,4,0,3.0,5,47,0.989914
A,Youn2026,4,0,3.0,5,48,0.989888
A,Youn2026,4,0,3.0,5,49,0.990011
A,Youn2026,4,0,3.0,5,50,0.989978
A,Youn2026,4,0,3.0,5,51,0.990048
A,V2I-Base,4,0,3.0,5,42,0.989958
A,V2I-Base,4,0,3.0,5,43,0.989977
A,V2I-Base,4,0,3.0,5,44,0.989953
A,V2I-Base,4,0,3.0,5,45,0.989965
A,V2I-Base,4,0,3.0,5,46,0.989976
A,V2I-Base,4,0,3.0,5,47,0.989914
A,V2I-Base,4,0,3.0,5,48,0.989888
A,V2I-Base,4,0,3.0,5,49,0.990011
A,V2I-Base,4,0,3.0,5,50,0.989978
A,V2I-Base,4,0,3.0,5,51,0.990048
A,V2V-Base,4,0,3.0,5,42,0.989958
A,V2V-Base,4,0,3.0,5,43,0.989977
A,V2V-Base,4,0,3.0,5,44,0.989953
A,V2V-Base,4,0,3.0,5,45,0.989965
A,V2V-Base,4,0,3.0,5,46,0.989976
A,V2V-Base,4,0,3.0,5,47,0.989914
A,V2V-Base,4,0,3.0,5,48,0.989888
A,V2V-Base,4,0,3.0,5,49,0.990011
A,V2V-Base,4,0,3.0,5,50,0.989978
A,V2V-Base,4,0,3.0,5,51,0.990048
A,Random-K,4,0,3.0,5,42,0.989958
A,Random-K,4,0,3.0,5,43,0.989977
A,Random-K,4,0,3.0,5,44,0.989953
A,Random-K,4,0,3.0,5,45,0.989965
A,Random-K,4,0,3.0,5,46,0.989976
A,Random-K,4,0,3.0,5,47,0.989914
A,Random-K,4,0,3.0,5,48,0.989888
A,Random-K,4,0,3.0,5,49,0.990011
A,Random-K,4,0,3.0,5,50,0.989978
A,Random-K,4,0,3.0,5,51,0.990048
A,RILP,4,10,0.0,5,42,0.989958
A,RILP,4,10,0.0,5,43,0.989977
A,RILP,4,10,0.0,5,44,0.989953
A,RILP,4,10,0.0,5,45,0.989965
A,RILP,4,10,0.0,5,46,0.989976
A,RILP,4,10,0.0,5,47,0.989914
A,RILP,4,10,0.0,5,48,0.989888
A,RILP,4,10,0.0,5,49,0.990011
A,RILP,4,10,0.0,5,50,0.989978
A,RILP,4,10,0.0,5,51,0.990048
A,RILP-Greedy,4,10,0.0,5,42,0.989958
A,RILP-Greedy,4,10,0.0,5,43,0.989977
A,RILP-Greedy,4,10,0.0,5,44,0.989953
A,RILP-Greedy,4,10,0.0,5,45,0.989965
A,RILP-Greedy,4,10,0.0,5,46,0.989976
A,RILP-Greedy,4,10,0.0,5,47,0.989914
A,RILP-Greedy,4,10,0.0,5,48,0.989888
A,RILP-Greedy,4,10,0.0,5,49,0.990011
A,RILP-Greedy,4,10,0.0,5,50,0.989978
A,RILP-Greedy,4,10,0.0,5,51,0.990048
A,Nam2023b,4,10,0.0,5,42,0.989958
A,Nam2023b,4,10,0.0,5,43,0.989977
A,Nam2023b,4,10,0.0,5,44,0.989953
A,Nam2023b,4,10,0.0,5,45,0.989965
A,Nam2023b,4,10,0.0,5,46,0.989976
A,Nam2023b,4,10,0.0,5,47,0.989914
A,Nam2023b,4,10,0.0,5,48,0.989888
A,Nam2023b,4,10,0.0,5,49,0.990011
A,Nam2023b,4,10,0.0,5,50,0.989978
A,Nam2023b,4,10,0.0,5,51,0.990048
A,Nam2025,4,10,0.0,5,42,0.989958
A,Nam2025,4,10,0.0,5,43,0.989977
A,Nam2025,4,10,0.0,5,44,0.989953
A,Nam2025,4,10,0.0,5,45,0.989965
A,Nam2025,4,10,0.0,5,46,0.989976
A,Nam2025,4,10,0.0,5,47,0.989914
A,Nam2025,4,10,0.0,5,48,0.989888
A,Nam2025,4,10,0.0,5,49,0.990011
A,Nam2025,4,10,0.0,5,50,0.989978
A,Nam2025,4,10,0.0,5,51,0.990048
A,Youn2026,4,10,0.0,5,42,0.989958
A,Youn2026,4,10,0.0,5,43,0.989977
A,Youn2026,4,10,0.0,5,44,0.989953
A,Youn2026,4,10,0.0,5,45,0.989965
A,Youn2026,4,10,0.0,5,46,0.989976
A,Youn2026,4,10,0.0,5,47,0.989914
A,Youn2026,4,10,0.0,5,48,0.989888
A,Youn2026,4,10,0.0,5,49,0.990011
A,Youn2026,4,10,0.0,5,50,0.989978
A,Youn2026,4,10,0.0,5,51,0.990048
A,V2I-Base,4,10,0.0,5,42,0.989958
A,V2I-Base,4,10,0.0,5,43,0.989977
A,V2I-Base,4,10,0.0,5,44,0.989953
A,V2I-Base,4,10,0.0,5,45,0.989965
A,V2I-Base,4,10,0.0,5,46,0.989976
A,V2I-Base,4,10,0.0,5,47,0.989914
A,V2I-Base,4,10,0.0,5,48,0.989888
A,V2I-Base,4,10,0.0,5,49,0.990011
A,V2I-Base,4,10,0.0,5,50,0.989978
A,V2I-Base,4,10,0.0,5,51,0.990048
A,V2V-Base,4,10,0.0,5,42,0.989958
A,V2V-Base,4,10,0.0,5,43,0.989977
A,V2V-Base,4,10,0.0,5,44,0.989953
A,V2V-Base,4,10,0.0,5,45,0.989965
A,V2V-Base,4,10,0.0,5,46,0.989976
A,V2V-Base,4,10,0.0,5,47,0.989914
A,V2V-Base,4,10,0.0,5,48,0.989888
A,V2V-Base,4,10,0.0,5,49,0.990011
A,V2V-Base,4,10,0.0,5,50,0.989978
A,V2V-Base,4,10,0.0,5,51,0.990048
A,Random-K,4,10,0.0,5,42,0.989958
A,Random-K,4,10,0.0,5,43,0.989977
A,Random-K,4,10,0.0,5,44,0.989953
A,Random-K,4,10,0.0,5,45,0.989965
A,Random-K,4,10,0.0,5,46,0.989976
A,Random-K,4,10,0.0,5,47,0.989914
A,Random-K,4,10,0.0,5,48,0.989888
A,Random-K,4,10,0.0,5,49,0.990011
A,Random-K,4,10,0.0,5,50,0.989978
A,Random-K,4,10,0.0,5,51,0.990048
A,RILP,4,10,1.0,5,42,0.989958
A,RILP,4,10,1.0,5,43,0.989977
A,RILP,4,10,1.0,5,44,0.989953
A,RILP,4,10,1.0,5,45,0.989965
A,RILP,4,10,1.0,5,46,0.989976
A,RILP,4,10,1.0,5,47,0.989914
A,RILP,4,10,1.0,5,48,0.989888
A,RILP,4,10,1.0,5,49,0.990011
A,RILP,4,10,1.0,5,50,0.989978
A,RILP,4,10,1.0,5,51,0.990048
A,RILP-Greedy,4,10,1.0,5,42,0.989958
A,RILP-Greedy,4,10,1.0,5,43,0.989977
A,RILP-Greedy,4,10,1.0,5,44,0.989953
A,RILP-Greedy,4,10,1.0,5,45,0.989965
A,RILP-Greedy,4,10,1.0,5,46,0.989976
A,RILP-Greedy,4,10,1.0,5,47,0.989914
A,RILP-Greedy,4,10,1.0,5,48,0.989888
A,RILP-Greedy,4,10,1.0,5,49,0.990011
A,RILP-Greedy,4,10,1.0,5,50,0.989978
A,RILP-Greedy,4,10,1.0,5,51,0.990048
A,Nam2023b,4,10,1.0,5,42,0.989958
A,Nam2023b,4,10,1.0,5,43,0.989977
A,Nam2023b,4,10,1.0,5,44,0.989953
A,Nam2023b,4,10,1.0,5,45,0.989965
A,Nam2023b,4,10,1.0,5,46,0.989976
A,Nam2023b,4,10,1.0,5,47,0.989914
A,Nam2023b,4,10,1.0,5,48,0.989888
A,Nam2023b,4,10,1.0,5,49,0.990011
A,Nam2023b,4,10,1.0,5,50,0.989978
A,Nam2023b,4,10,1.0,5,51,0.990048
A,Nam2025,4,10,1.0,5,42,0.989958
A,Nam2025,4,10,1.0,5,43,0.989977
A,Nam2025,4,10,1.0,5,44,0.989953
A,Nam2025,4,10,1.0,5,45,0.989965
A,Nam2025,4,10,1.0,5,46,0.989976
A,Nam2025,4,10,1.0,5,47,0.989914
A,Nam2025,4,10,1.0,5,48,0.989888
A,Nam2025,4,10,1.0,5,49,0.990011
A,Nam2025,4,10,1.0,5,50,0.989978
A,Nam2025,4,10,1.0,5,51,0.990048
A,Youn2026,4,10,1.0,5,42,0.989958
A,Youn2026,4,10,1.0,5,43,0.989977
A,Youn2026,4,10,1.0,5,44,0.989953
A,Youn2026,4,10,1.0,5,45,0.989965
A,Youn2026,4,10,1.0,5,46,0.989976
A,Youn2026,4,10,1.0,5,47,0.989914
A,Youn2026,4,10,1.0,5,48,0.989888
A,Youn2026,4,10,1.0,5,49,0.990011
A,Youn2026,4,10,1.0,5,50,0.989978
A,Youn2026,4,10,1.0,5,51,0.990048
A,V2I-Base,4,10,1.0,5,42,0.989958
A,V2I-Base,4,10,1.0,5,43,0.989977
A,V2I-Base,4,10,1.0,5,44,0.989953
A,V2I-Base,4,10,1.0,5,45,0.989965
A,V2I-Base,4,10,1.0,5,46,0.989976
A,V2I-Base,4,10,1.0,5,47,0.989914
A,V2I-Base,4,10,1.0,5,48,0.989888
A,V2I-Base,4,10,1.0,5,49,0.990011
A,V2I-Base,4,10,1.0,5,50,0.989978
A,V2I-Base,4,10,1.0,5,51,0.990048
A,V2V-Base,4,10,1.0,5,42,0.989958
A,V2V-Base,4,10,1.0,5,43,0.989977
A,V2V-Base,4,10,1.0,5,44,0.989953
A,V2V-Base,4,10,1.0,5,45,0.989965
A,V2V-Base,4,10,1.0,5,46,0.989976
A,V2V-Base,4,10,1.0,5,47,0.989914
A,V2V-Base,4,10,1.0,5,48,0.989888
A,V2V-Base,4,10,1.0,5,49,0.990011
A,V2V-Base,4,10,1.0,5,50,0.989978
A,V2V-Base,4,10,1.0,5,51,0.990048
A,Random-K,4,10,1.0,5,42,0.989958
A,Random-K,4,10,1.0,5,43,0.989977
A,Random-K,4,10,1.0,5,44,0.989953
A,Random-K,4,10,1.0,5,45,0.989965
A,Random-K,4,10,1.0,5,46,0.989976
A,Random-K,4,10,1.0,5,47,0.989914
A,Random-K,4,10,1.0,5,48,0.989888
A,Random-K,4,10,1.0,5,49,0.990011
A,Random-K,4,10,1.0,5,50,0.989978
A,Random-K,4,10,1.0,5,51,0.990048
A,RILP,4,10,2.0,5,42,0.989958
A,RILP,4,10,2.0,5,43,0.989977
A,RILP,4,10,2.0,5,44,0.989953
A,RILP,4,10,2.0,5,45,0.989965
A,RILP,4,10,2.0,5,46,0.989976
A,RILP,4,10,2.0,5,47,0.989914
A,RILP,4,10,2.0,5,48,0.989888
A,RILP,4,10,2.0,5,49,0.990011
A,RILP,4,10,2.0,5,50,0.989978
A,RILP,4,10,2.0,5,51,0.990048
A,RILP-Greedy,4,10,2.0,5,42,0.989958
A,RILP-Greedy,4,10,2.0,5,43,0.989194
A,RILP-Greedy,4,10,2.0,5,44,0.989109
A,RILP-Greedy,4,10,2.0,5,45,0.989309
A,RILP-Greedy,4,10,2.0,5,46,0.989171
A,RILP-Greedy,4,10,2.0,5,47,0.989035
A,RILP-Greedy,4,10,2.0,5,48,0.989145
A,RILP-Greedy,4,10,2.0,5,49,0.989193
A,RILP-Greedy,4,10,2.0,5,50,0.989136
A,RILP-Greedy,4,10,2.0,5,51,0.989188
A,Nam2023b,4,10,2.0,5,42,0.989035
A,Nam2023b,4,10,2.0,5,43,0.989194
A,Nam2023b,4,10,2.0,5,44,0.989109
A,Nam2023b,4,10,2.0,5,45,0.989309
A,Nam2023b,4,10,2.0,5,46,0.989171
A,Nam2023b,4,10,2.0,5,47,0.989035
A,Nam2023b,4,10,2.0,5,48,0.989145
A,Nam2023b,4,10,2.0,5,49,0.989193
A,Nam2023b,4,10,2.0,5,50,0.989136
A,Nam2023b,4,10,2.0,5,51,0.989188
A,Nam2025,4,10,2.0,5,42,0.989035
A,Nam2025,4,10,2.0,5,43,0.989194
A,Nam2025,4,10,2.0,5,44,0.989109
A,Nam2025,4,10,2.0,5,45,0.989309
A,Nam2025,4,10,2.0,5,46,0.989171
A,Nam2025,4,10,2.0,5,47,0.989035
A,Nam2025,4,10,2.0,5,48,0.989145
A,Nam2025,4,10,2.0,5,49,0.989193
A,Nam2025,4,10,2.0,5,50,0.989136
A,Nam2025,4,10,2.0,5,51,0.989188
A,Youn2026,4,10,2.0,5,42,0.989035
A,Youn2026,4,10,2.0,5,43,0.989194
A,Youn2026,4,10,2.0,5,44,0.989109
A,Youn2026,4,10,2.0,5,45,0.989309
A,Youn2026,4,10,2.0,5,46,0.989171
A,Youn2026,4,10,2.0,5,47,0.989035
A,Youn2026,4,10,2.0,5,48,0.989145
A,Youn2026,4,10,2.0,5,49,0.989193
A,Youn2026,4,10,2.0,5,50,0.989136
A,Youn2026,4,10,2.0,5,51,0.989188
A,V2I-Base,4,10,2.0,5,42,0.989035
A,V2I-Base,4,10,2.0,5,43,0.989194
A,V2I-Base,4,10,2.0,5,44,0.989109
A,V2I-Base,4,10,2.0,5,45,0.989309
A,V2I-Base,4,10,2.0,5,46,0.989171
A,V2I-Base,4,10,2.0,5,47,0.989035
A,V2I-Base,4,10,2.0,5,48,0.989145
A,V2I-Base,4,10,2.0,5,49,0.989193
A,V2I-Base,4,10,2.0,5,50,0.989136
A,V2I-Base,4,10,2.0,5,51,0.989188
A,V2V-Base,4,10,2.0,5,42,0.989035
A,V2V-Base,4,10,2.0,5,43,0.989194
A,V2V-Base,4,10,2.0,5,44,0.989109
A,V2V-Base,4,10,2.0,5,45,0.989309
A,V2V-Base,4,10,2.0,5,46,0.989171
A,V2V-Base,4,10,2.0,5,47,0.989035
A,V2V-Base,4,10,2.0,5,48,0.989145
A,V2V-Base,4,10,2.0,5,49,0.989193
A,V2V-Base,4,10,2.0,5,50,0.989136
A,V2V-Base,4,10,2.0,5,51,0.989188
A,Random-K,4,10,2.0,5,42,0.989035
A,Random-K,4,10,2.0,5,43,0.989194
A,Random-K,4,10,2.0,5,44,0.989109
A,Random-K,4,10,2.0,5,45,0.989309
A,Random-K,4,10,2.0,5,46,0.989171
A,Random-K,4,10,2.0,5,47,0.989035
A,Random-K,4,10,2.0,5,48,0.989145
A,Random-K,4,10,2.0,5,49,0.989193
A,Random-K,4,10,2.0,5,50,0.989136
A,Random-K,4,10,2.0,5,51,0.989188
A,RILP,4,10,3.0,5,42,0.989035
A,RILP,4,10,3.0,5,43,0.989194
A,RILP,4,10,3.0,5,44,0.989109
A,RILP,4,10,3.0,5,45,0.989309
A,RILP,4,10,3.0,5,46,0.989171
A,RILP,4,10,3.0,5,47,0.989035
A,RILP,4,10,3.0,5,48,0.989145
A,RILP,4,10,3.0,5,49,0.989193
A,RILP,4,10,3.0,5,50,0.989136
A,RILP,4,10,3.0,5,51,0.989188
A,RILP-Greedy,4,10,3.0,5,42,0.989035
A,RILP-Greedy,4,10,3.0,5,43,0.989194
A,RILP-Greedy,4,10,3.0,5,44,0.989109
A,RILP-Greedy,4,10,3.0,5,45,0.989309
A,RILP-Greedy,4,10,3.0,5,46,0.989171
A,RILP-Greedy,4,10,3.0,5,47,0.989035
A,RILP-Greedy,4,10,3.0,5,48,0.989145
A,RILP-Greedy,4,10,3.0,5,49,0.989193
A,RILP-Greedy,4,10,3.0,5,50,0.989136
A,RILP-Greedy,4,10,3.0,5,51,0.989188
A,Nam2023b,4,10,3.0,5,42,0.989035
A,Nam2023b,4,10,3.0,5,43,0.989194
A,Nam2023b,4,10,3.0,5,44,0.989109
A,Nam2023b,4,10,3.0,5,45,0.989309
A,Nam2023b,4,10,3.0,5,46,0.989171
A,Nam2023b,4,10,3.0,5,47,0.989035
A,Nam2023b,4,10,3.0,5,48,0.989145
A,Nam2023b,4,10,3.0,5,49,0.989193
A,Nam2023b,4,10,3.0,5,50,0.989136
A,Nam2023b,4,10,3.0,5,51,0.989188
A,Nam2025,4,10,3.0,5,42,0.989035
A,Nam2025,4,10,3.0,5,43,0.989194
A,Nam2025,4,10,3.0,5,44,0.989109
A,Nam2025,4,10,3.0,5,45,0.989309
A,Nam2025,4,10,3.0,5,46,0.989171
A,Nam2025,4,10,3.0,5,47,0.989035
A,Nam2025,4,10,3.0,5,48,0.989145
A,Nam2025,4,10,3.0,5,49,0.989193
A,Nam2025,4,10,3.0,5,50,0.989136
A,Nam2025,4,10,3.0,5,51,0.989188
A,Youn2026,4,10,3.0,5,42,0.989035
A,Youn2026,4,10,3.0,5,43,0.989194
A,Youn2026,4,10,3.0,5,44,0.989109
A,Youn2026,4,10,3.0,5,45,0.989309
A,Youn2026,4,10,3.0,5,46,0.989171
A,Youn2026,4,10,3.0,5,47,0.989035
A,Youn2026,4,10,3.0,5,48,0.989145
A,Youn2026,4,10,3.0,5,49,0.989193
A,Youn2026,4,10,3.0,5,50,0.989136
A,Youn2026,4,10,3.0,5,51,0.989188
A,V2I-Base,4,10,3.0,5,42,0.989035
A,V2I-Base,4,10,3.0,5,43,0.989194
A,V2I-Base,4,10,3.0,5,44,0.989109
A,V2I-Base,4,10,3.0,5,45,0.989309
A,V2I-Base,4,10,3.0,5,46,0.989171
A,V2I-Base,4,10,3.0,5,47,0.989035
A,V2I-Base,4,10,3.0,5,48,0.989145
A,V2I-Base,4,10,3.0,5,49,0.989193
A,V2I-Base,4,10,3.0,5,50,0.989136
A,V2I-Base,4,10,3.0,5,51,0.989188
A,V2V-Base,4,10,3.0,5,42,0.989035
A,V2V-Base,4,10,3.0,5,43,0.989194
A,V2V-Base,4,10,3.0,5,44,0.989109
A,V2V-Base,4,10,3.0,5,45,0.989309
A,V2V-Base,4,10,3.0,5,46,0.989171
A,V2V-Base,4,10,3.0,5,47,0.989035
A,V2V-Base,4,10,3.0,5,48,0.989145
A,V2V-Base,4,10,3.0,5,49,0.989193
A,V2V-Base,4,10,3.0,5,50,0.989136
A,V2V-Base,4,10,3.0,5,51,0.989188
A,Random-K,4,10,3.0,5,42,0.989035
A,Random-K,4,10,3.0,5,43,0.989194
A,Random-K,4,10,3.0,5,44,0.989109
A,Random-K,4,10,3.0,5,45,0.989309
A,Random-K,4,10,3.0,5,46,0.989171
A,Random-K,4,10,3.0,5,47,0.989035
A,Random-K,4,10,3.0,5,48,0.989145
A,Random-K,4,10,3.0,5,49,0.989193
A,Random-K,4,10,3.0,5,50,0.989136
A,Random-K,4,10,3.0,5,51,0.989188
A,RILP,4,20,0.0,5,42,0.989035
A,RILP,4,20,0.0,5,43,0.989194
A,RILP,4,20,0.0,5,44,0.989109
A,RILP,4,20,0.0,5,45,0.989309
A,RILP,4,20,0.0,5,46,0.989171
A,RILP,4,20,0.0,5,47,0.989035
A,RILP,4,20,0.0,5,48,0.989145
A,RILP,4,20,0.0,5,49,0.989193
A,RILP,4,20,0.0,5,50,0.989136
A,RILP,4,20,0.0,5,51,0.989188
A,RILP-Greedy,4,20,0.0,5,42,0.989035
A,RILP-Greedy,4,20,0.0,5,43,0.989194
A,RILP-Greedy,4,20,0.0,5,44,0.989109
A,RILP-Greedy,4,20,0.0,5,45,0.989309
A,RILP-Greedy,4,20,0.0,5,46,0.989171
A,RILP-Greedy,4,20,0.0,5,47,0.989035
A,RILP-Greedy,4,20,0.0,5,48,0.989145
A,RILP-Greedy,4,20,0.0,5,49,0.989193
A,RILP-Greedy,4,20,0.0,5,50,0.989136
A,RILP-Greedy,4,20,0.0,5,51,0.989188
A,Nam2023b,4,20,0.0,5,42,0.989035
A,Nam2023b,4,20,0.0,5,43,0.989194
A,Nam2023b,4,20,0.0,5,44,0.989109
A,Nam2023b,4,20,0.0,5,45,0.989309
A,Nam2023b,4,20,0.0,5,46,0.989171
A,Nam2023b,4,20,0.0,5,47,0.989035
A,Nam2023b,4,20,0.0,5,48,0.989145
A,Nam2023b,4,20,0.0,5,49,0.989193
A,Nam2023b,4,20,0.0,5,50,0.989136
A,Nam2023b,4,20,0.0,5,51,0.989188
A,Nam2025,4,20,0.0,5,42,0.989035
A,Nam2025,4,20,0.0,5,43,0.989194
A,Nam2025,4,20,0.0,5,44,0.989109
A,Nam2025,4,20,0.0,5,45,0.989309
A,Nam2025,4,20,0.0,5,46,0.989171
A,Nam2025,4,20,0.0,5,47,0.989035
A,Nam2025,4,20,0.0,5,48,0.989145
A,Nam2025,4,20,0.0,5,49,0.989193
A,Nam2025,4,20,0.0,5,50,0.989136
A,Nam2025,4,20,0.0,5,51,0.989188
A,Youn2026,4,20,0.0,5,42,0.989035
A,Youn2026,4,20,0.0,5,43,0.989194
A,Youn2026,4,20,0.0,5,44,0.989109
A,Youn2026,4,20,0.0,5,45,0.989309
A,Youn2026,4,20,0.0,5,46,0.989171
A,Youn2026,4,20,0.0,5,47,0.989035
A,Youn2026,4,20,0.0,5,48,0.989145
A,Youn2026,4,20,0.0,5,49,0.989193
A,Youn2026,4,20,0.0,5,50,0.989136
A,Youn2026,4,20,0.0,5,51,0.989188
A,V2I-Base,4,20,0.0,5,42,0.989035
A,V2I-Base,4,20,0.0,5,43,0.989194
A,V2I-Base,4,20,0.0,5,44,0.989109
A,V2I-Base,4,20,0.0,5,45,0.989309
A,V2I-Base,4,20,0.0,5,46,0.989171
A,V2I-Base,4,20,0.0,5,47,0.989035
A,V2I-Base,4,20,0.0,5,48,0.989145
A,V2I-Base,4,20,0.0,5,49,0.989193
A,V2I-Base,4,20,0.0,5,50,0.989136
A,V2I-Base,4,20,0.0,5,51,0.989188
A,V2V-Base,4,20,0.0,5,42,0.989035
A,V2V-Base,4,20,0.0,5,43,0.989194
A,V2V-Base,4,20,0.0,5,44,0.989109
A,V2V-Base,4,20,0.0,5,45,0.989309
A,V2V-Base,4,20,0.0,5,46,0.989171
A,V2V-Base,4,20,0.0,5,47,0.989035
A,V2V-Base,4,20,0.0,5,48,0.989145
A,V2V-Base,4,20,0.0,5,49,0.989193
A,V2V-Base,4,20,0.0,5,50,0.989136
A,V2V-Base,4,20,0.0,5,51,0.989188
A,Random-K,4,20,0.0,5,42,0.989035
A,Random-K,4,20,0.0,5,43,0.989194
A,Random-K,4,20,0.0,5,44,0.989109
A,Random-K,4,20,0.0,5,45,0.989309
A,Random-K,4,20,0.0,5,46,0.989171
A,Random-K,4,20,0.0,5,47,0.989035
A,Random-K,4,20,0.0,5,48,0.989145
A,Random-K,4,20,0.0,5,49,0.989193
A,Random-K,4,20,0.0,5,50,0.989136
A,Random-K,4,20,0.0,5,51,0.989188
A,RILP,4,20,1.0,5,42,0.989035
A,RILP,4,20,1.0,5,43,0.989194
A,RILP,4,20,1.0,5,44,0.989109
A,RILP,4,20,1.0,5,45,0.989309
A,RILP,4,20,1.0,5,46,0.989171
A,RILP,4,20,1.0,5,47,0.989035
A,RILP,4,20,1.0,5,48,0.989145
A,RILP,4,20,1.0,5,49,0.989193
A,RILP,4,20,1.0,5,50,0.989136
A,RILP,4,20,1.0,5,51,0.989188
A,RILP-Greedy,4,20,1.0,5,42,0.989035
A,RILP-Greedy,4,20,1.0,5,43,0.989194
A,RILP-Greedy,4,20,1.0,5,44,0.989109
A,RILP-Greedy,4,20,1.0,5,45,0.989309
A,RILP-Greedy,4,20,1.0,5,46,0.989171
A,RILP-Greedy,4,20,1.0,5,47,0.989035
A,RILP-Greedy,4,20,1.0,5,48,0.989145
A,RILP-Greedy,4,20,1.0,5,49,0.989193
A,RILP-Greedy,4,20,1.0,5,50,0.989136
A,RILP-Greedy,4,20,1.0,5,51,0.989188
A,Nam2023b,4,20,1.0,5,42,0.989035
A,Nam2023b,4,20,1.0,5,43,0.989194
A,Nam2023b,4,20,1.0,5,44,0.989109
A,Nam2023b,4,20,1.0,5,45,0.989309
A,Nam2023b,4,20,1.0,5,46,0.989171
A,Nam2023b,4,20,1.0,5,47,0.989035
A,Nam2023b,4,20,1.0,5,48,0.989145
A,Nam2023b,4,20,1.0,5,49,0.989193
A,Nam2023b,4,20,1.0,5,50,0.989136
A,Nam2023b,4,20,1.0,5,51,0.989188
A,Nam2025,4,20,1.0,5,42,0.989035
A,Nam2025,4,20,1.0,5,43,0.989194
A,Nam2025,4,20,1.0,5,44,0.989109
A,Nam2025,4,20,1.0,5,45,0.989309
A,Nam2025,4,20,1.0,5,46,0.989171
A,Nam2025,4,20,1.0,5,47,0.989035
A,Nam2025,4,20,1.0,5,48,0.989145
A,Nam2025,4,20,1.0,5,49,0.989193
A,Nam2025,4,20,1.0,5,50,0.989136
A,Nam2025,4,20,1.0,5,51,0.989188
A,Youn2026,4,20,1.0,5,42,0.989035
A,Youn2026,4,20,1.0,5,43,0.989194
A,Youn2026,4,20,1.0,5,44,0.989109
A,Youn2026,4,20,1.0,5,45,0.989309
A,Youn2026,4,20,1.0,5,46,0.989171
A,Youn2026,4,20,1.0,5,47,0.989035
A,Youn2026,4,20,1.0,5,48,0.989145
A,Youn2026,4,20,1.0,5,49,0.989193
A,Youn2026,4,20,1.0,5,50,0.989136
A,Youn2026,4,20,1.0,5,51,0.989188
A,V2I-Base,4,20,1.0,5,42,0.989035
A,V2I-Base,4,20,1.0,5,43,0.989194
A,V2I-Base,4,20,1.0,5,44,0.989109
A,V2I-Base,4,20,1.0,5,45,0.989309
A,V2I-Base,4,20,1.0,5,46,0.989171
A,V2I-Base,4,20,1.0,5,47,0.989035
A,V2I-Base,4,20,1.0,5,48,0.989145
A,V2I-Base,4,20,1.0,5,49,0.989193
A,V2I-Base,4,20,1.0,5,50,0.989136
A,V2I-Base,4,20,1.0,5,51,0.989188
A,V2V-Base,4,20,1.0,5,42,0.989035
A,V2V-Base,4,20,1.0,5,43,0.989194
A,V2V-Base,4,20,1.0,5,44,0.989109
A,V2V-Base,4,20,1.0,5,45,0.989309
A,V2V-Base,4,20,1.0,5,46,0.989171
A,V2V-Base,4,20,1.0,5,47,0.989035
A,V2V-Base,4,20,1.0,5,48,0.989145
A,V2V-Base,4,20,1.0,5,49,0.989193
A,V2V-Base,4,20,1.0,5,50,0.989136
A,V2V-Base,4,20,1.0,5,51,0.989188
A,Random-K,4,20,1.0,5,42,0.989035
A,Random-K,4,20,1.0,5,43,0.989194
A,Random-K,4,20,1.0,5,44,0.989109
A,Random-K,4,20,1.0,5,45,0.989309
A,Random-K,4,20,1.0,5,46,0.989171
A,Random-K,4,20,1.0,5,47,0.989035
A,Random-K,4,20,1.0,5,48,0.989145
A,Random-K,4,20,1.0,5,49,0.989193
A,Random-K,4,20,1.0,5,50,0.989136
A,Random-K,4,20,1.0,5,51,0.989188
A,RILP,4,20,2.0,5,42,0.989035
A,RILP,4,20,2.0,5,43,0.989194
A,RILP,4,20,2.0,5,44,0.989109
A,RILP,4,20,2.0,5,45,0.989309
A,RILP,4,20,2.0,5,46,0.989171
A,RILP,4,20,2.0,5,47,0.989035
A,RILP,4,20,2.0,5,48,0.989145
A,RILP,4,20,2.0,5,49,0.989193
A,RILP,4,20,2.0,5,50,0.989136
A,RILP,4,20,2.0,5,51,0.989188
A,RILP-Greedy,4,20,2.0,5,42,0.989035
A,RILP-Greedy,4,20,2.0,5,43,0.989194
A,RILP-Greedy,4,20,2.0,5,44,0.989109
A,RILP-Greedy,4,20,2.0,5,45,0.989309
A,RILP-Greedy,4,20,2.0,5,46,0.989171
A,RILP-Greedy,4,20,2.0,5,47,0.989035
A,RILP-Greedy,4,20,2.0,5,48,0.989145
A,RILP-Greedy,4,20,2.0,5,49,0.989193
A,RILP-Greedy,4,20,2.0,5,50,0.989136
A,RILP-Greedy,4,20,2.0,5,51,0.989188
A,Nam2023b,4,20,2.0,5,42,0.989035
A,Nam2023b,4,20,2.0,5,43,0.989194
A,Nam2023b,4,20,2.0,5,44,0.989109
A,Nam2023b,4,20,2.0,5,45,0.989309
A,Nam2023b,4,20,2.0,5,46,0.989171
A,Nam2023b,4,20,2.0,5,47,0.989035
A,Nam2023b,4,20,2.0,5,48,0.989145
A,Nam2023b,4,20,2.0,5,49,0.989193
A,Nam2023b,4,20,2.0,5,50,0.989136
A,Nam2023b,4,20,2.0,5,51,0.989188
A,Nam2025,4,20,2.0,5,42,0.989035
A,Nam2025,4,20,2.0,5,43,0.989194
A,Nam2025,4,20,2.0,5,44,0.989109
A,Nam2025,4,20,2.0,5,45,0.989309
A,Nam2025,4,20,2.0,5,46,0.989171
A,Nam2025,4,20,2.0,5,47,0.989035
A,Nam2025,4,20,2.0,5,48,0.989145
A,Nam2025,4,20,2.0,5,49,0.989193
A,Nam2025,4,20,2.0,5,50,0.989136
A,Nam2025,4,20,2.0,5,51,0.989188
A,Youn2026,4,20,2.0,5,42,0.989035
A,Youn2026,4,20,2.0,5,43,0.989194
A,Youn2026,4,20,2.0,5,44,0.989109
A,Youn2026,4,20,2.0,5,45,0.989309
A,Youn2026,4,20,2.0,5,46,0.989171
A,Youn2026,4,20,2.0,5,47,0.989035
A,Youn2026,4,20,2.0,5,48,0.989145
A,Youn2026,4,20,2.0,5,49,0.989193
A,Youn2026,4,20,2.0,5,50,0.989136
A,Youn2026,4,20,2.0,5,51,0.989188
A,V2I-Base,4,20,2.0,5,42,0.989035
A,V2I-Base,4,20,2.0,5,43,0.989194
A,V2I-Base,4,20,2.0,5,44,0.989109
A,V2I-Base,4,20,2.0,5,45,0.989309
A,V2I-Base,4,20,2.0,5,46,0.989171
A,V2I-Base,4,20,2.0,5,47,0.989035
A,V2I-Base,4,20,2.0,5,48,0.989145
A,V2I-Base,4,20,2.0,5,49,0.989193
A,V2I-Base,4,20,2.0,5,50,0.989136
A,V2I-Base,4,20,2.0,5,51,0.989188
A,V2V-Base,4,20,2.0,5,42,0.989035
A,V2V-Base,4,20,2.0,5,43,0.989194
A,V2V-Base,4,20,2.0,5,44,0.989109
A,V2V-Base,4,20,2.0,5,45,0.989309
A,V2V-Base,4,20,2.0,5,46,0.989171
A,V2V-Base,4,20,2.0,5,47,0.989035
A,V2V-Base,4,20,2.0,5,48,0.989145
A,V2V-Base,4,20,2.0,5,49,0.989193
A,V2V-Base,4,20,2.0,5,50,0.989136
A,V2V-Base,4,20,2.0,5,51,0.989188
A,Random-K,4,20,2.0,5,42,0.989035
A,Random-K,4,20,2.0,5,43,0.989194
A,Random-K,4,20,2.0,5,44,0.989109
A,Random-K,4,20,2.0,5,45,0.989309
A,Random-K,4,20,2.0,5,46,0.989171
A,Random-K,4,20,2.0,5,47,0.989035
A,Random-K,4,20,2.0,5,48,0.989145
A,Random-K,4,20,2.0,5,49,0.989193
A,Random-K,4,20,2.0,5,50,0.989136
A,Random-K,4,20,2.0,5,51,0.989188
A,RILP,4,20,3.0,5,42,0.989035
A,RILP,4,20,3.0,5,43,0.989194
A,RILP,4,20,3.0,5,44,0.989109
A,RILP,4,20,3.0,5,45,0.989309
A,RILP,4,20,3.0,5,46,0.989171
A,RILP,4,20,3.0,5,47,0.989035
A,RILP,4,20,3.0,5,48,0.989145
A,RILP,4,20,3.0,5,49,0.989193
A,RILP,4,20,3.0,5,50,0.989136
A,RILP,4,20,3.0,5,51,0.989188
A,RILP-Greedy,4,20,3.0,5,42,0.989035
A,RILP-Greedy,4,20,3.0,5,43,0.989194
A,RILP-Greedy,4,20,3.0,5,44,0.989109
A,RILP-Greedy,4,20,3.0,5,45,0.989309
A,RILP-Greedy,4,20,3.0,5,46,0.989171
A,RILP-Greedy,4,20,3.0,5,47,0.989035
A,RILP-Greedy,4,20,3.0,5,48,0.989145
A,RILP-Greedy,4,20,3.0,5,49,0.989193
A,RILP-Greedy,4,20,3.0,5,50,0.989136
A,RILP-Greedy,4,20,3.0,5,51,0.989188
A,Nam2023b,4,20,3.0,5,42,0.989035
A,Nam2023b,4,20,3.0,5,43,0.989194
A,Nam2023b,4,20,3.0,5,44,0.989109
A,Nam2023b,4,20,3.0,5,45,0.989309
A,Nam2023b,4,20,3.0,5,46,0.989171
A,Nam2023b,4,20,3.0,5,47,0.989035
A,Nam2023b,4,20,3.0,5,48,0.989145
A,Nam2023b,4,20,3.0,5,49,0.989193
A,Nam2023b,4,20,3.0,5,50,0.989136
A,Nam2023b,4,20,3.0,5,51,0.989188
A,Nam2025,4,20,3.0,5,42,0.989035
A,Nam2025,4,20,3.0,5,43,0.989194
A,Nam2025,4,20,3.0,5,44,0.989109
A,Nam2025,4,20,3.0,5,45,0.989309
A,Nam2025,4,20,3.0,5,46,0.989171
A,Nam2025,4,20,3.0,5,47,0.989035
A,Nam2025,4,20,3.0,5,48,0.989145
A,Nam2025,4,20,3.0,5,49,0.989193
A,Nam2025,4,20,3.0,5,50,0.989136
A,Nam2025,4,20,3.0,5,51,0.989188
A,Youn2026,4,20,3.0,5,42,0.989035
A,Youn2026,4,20,3.0,5,43,0.989194
A,Youn2026,4,20,3.0,5,44,0.989109
A,Youn2026,4,20,3.0,5,45,0.989309
A,Youn2026,4,20,3.0,5,46,0.989171
A,Youn2026,4,20,3.0,5,47,0.989035
A,Youn2026,4,20,3.0,5,48,0.989145
A,Youn2026,4,20,3.0,5,49,0.989193
A,Youn2026,4,20,3.0,5,50,0.989136
A,Youn2026,4,20,3.0,5,51,0.989188
A,V2I-Base,4,20,3.0,5,42,0.989035
A,V2I-Base,4,20,3.0,5,43,0.989194
A,V2I-Base,4,20,3.0,5,44,0.989109
A,V2I-Base,4,20,3.0,5,45,0.989309
A,V2I-Base,4,20,3.0,5,46,0.989171
A,V2I-Base,4,20,3.0,5,47,0.989035
A,V2I-Base,4,20,3.0,5,48,0.989145
A,V2I-Base,4,20,3.0,5,49,0.989193
A,V2I-Base,4,20,3.0,5,50,0.989136
A,V2I-Base,4,20,3.0,5,51,0.989188
A,V2V-Base,4,20,3.0,5,42,0.989035
A,V2V-Base,4,20,3.0,5,43,0.989194
A,V2V-Base,4,20,3.0,5,44,0.989109
A,V2V-Base,4,20,3.0,5,45,0.989309
A,V2V-Base,4,20,3.0,5,46,0.989171
A,V2V-Base,4,20,3.0,5,47,0.989035
A,V2V-Base,4,20,3.0,5,48,0.989145
A,V2V-Base,4,20,3.0,5,49,0.989193
A,V2V-Base,4,20,3.0,5,50,0.989136
A,V2V-Base,4,20,3.0,5,51,0.989188
A,Random-K,4,20,3.0,5,42,0.989035
A,Random-K,4,20,3.0,5,43,0.989194
A,Random-K,4,20,3.0,5,44,0.989109
A,Random-K,4,20,3.0,5,45,0.989309
A,Random-K,4,20,3.0,5,46,0.989171
A,Random-K,4,20,3.0,5,47,0.989035
A,Random-K,4,20,3.0,5,48,0.989145
A,Random-K,4,20,3.0,5,49,0.989193
A,Random-K,4,20,3.0,5,50,0.989136
A,Random-K,4,20,3.0,5,51,0.989188
A,RILP,4,30,0.0,5,42,0.989035
A,RILP,4,30,0.0,5,43,0.989194
A,RILP,4,30,0.0,5,44,0.989109
A,RILP,4,30,0.0,5,45,0.989309
A,RILP,4,30,0.0,5,46,0.989171
A,RILP,4,30,0.0,5,47,0.989035
A,RILP,4,30,0.0,5,48,0.989145
A,RILP,4,30,0.0,5,49,0.989193
A,RILP,4,30,0.0,5,50,0.989136
A,RILP,4,30,0.0,5,51,0.989188
A,RILP-Greedy,4,30,0.0,5,42,0.989035
A,RILP-Greedy,4,30,0.0,5,43,0.989194
A,RILP-Greedy,4,30,0.0,5,44,0.989109
A,RILP-Greedy,4,30,0.0,5,45,0.989309
A,RILP-Greedy,4,30,0.0,5,46,0.989171
A,RILP-Greedy,4,30,0.0,5,47,0.989035
A,RILP-Greedy,4,30,0.0,5,48,0.989145
A,RILP-Greedy,4,30,0.0,5,49,0.989193
A,RILP-Greedy,4,30,0.0,5,50,0.989136
A,RILP-Greedy,4,30,0.0,5,51,0.989188
A,Nam2023b,4,30,0.0,5,42,0.989035
A,Nam2023b,4,30,0.0,5,43,0.989194
A,Nam2023b,4,30,0.0,5,44,0.989109
A,Nam2023b,4,30,0.0,5,45,0.989309
A,Nam2023b,4,30,0.0,5,46,0.989171
A,Nam2023b,4,30,0.0,5,47,0.989035
A,Nam2023b,4,30,0.0,5,48,0.989145
A,Nam2023b,4,30,0.0,5,49,0.989193
A,Nam2023b,4,30,0.0,5,50,0.989136
A,Nam2023b,4,30,0.0,5,51,0.989188
A,Nam2025,4,30,0.0,5,42,0.989035
A,Nam2025,4,30,0.0,5,43,0.989194
A,Nam2025,4,30,0.0,5,44,0.989109
A,Nam2025,4,30,0.0,5,45,0.989309
A,Nam2025,4,30,0.0,5,46,0.989171
A,Nam2025,4,30,0.0,5,47,0.989035
A,Nam2025,4,30,0.0,5,48,0.989145
A,Nam2025,4,30,0.0,5,49,0.989193
A,Nam2025,4,30,0.0,5,50,0.989136
A,Nam2025,4,30,0.0,5,51,0.989188
A,Youn2026,4,30,0.0,5,42,0.989035
A,Youn2026,4,30,0.0,5,43,0.989194
A,Youn2026,4,30,0.0,5,44,0.989109
A,Youn2026,4,30,0.0,5,45,0.989309
A,Youn2026,4,30,0.0,5,46,0.989171
A,Youn2026,4,30,0.0,5,47,0.989035
A,Youn2026,4,30,0.0,5,48,0.989145
A,Youn2026,4,30,0.0,5,49,0.989193
A,Youn2026,4,30,0.0,5,50,0.989136
A,Youn2026,4,30,0.0,5,51,0.989188
A,V2I-Base,4,30,0.0,5,42,0.989035
A,V2I-Base,4,30,0.0,5,43,0.989194
A,V2I-Base,4,30,0.0,5,44,0.989109
A,V2I-Base,4,30,0.0,5,45,0.989309
A,V2I-Base,4,30,0.0,5,46,0.989171
A,V2I-Base,4,30,0.0,5,47,0.989035
A,V2I-Base,4,30,0.0,5,48,0.989145
A,V2I-Base,4,30,0.0,5,49,0.989193
A,V2I-Base,4,30,0.0,5,50,0.989136
A,V2I-Base,4,30,0.0,5,51,0.989188
A,V2V-Base,4,30,0.0,5,42,0.989035
A,V2V-Base,4,30,0.0,5,43,0.989194
A,V2V-Base,4,30,0.0,5,44,0.989109
A,V2V-Base,4,30,0.0,5,45,0.989309
A,V2V-Base,4,30,0.0,5,46,0.989171
A,V2V-Base,4,30,0.0,5,47,0.989035
A,V2V-Base,4,30,0.0,5,48,0.989145
A,V2V-Base,4,30,0.0,5,49,0.989193
A,V2V-Base,4,30,0.0,5,50,0.989136
A,V2V-Base,4,30,0.0,5,51,0.989188
A,Random-K,4,30,0.0,5,42,0.989035
A,Random-K,4,30,0.0,5,43,0.989194
A,Random-K,4,30,0.0,5,44,0.989109
A,Random-K,4,30,0.0,5,45,0.989309
A,Random-K,4,30,0.0,5,46,0.989171
A,Random-K,4,30,0.0,5,47,0.989035
A,Random-K,4,30,0.0,5,48,0.989145
A,Random-K,4,30,0.0,5,49,0.989193
A,Random-K,4,30,0.0,5,50,0.989136
A,Random-K,4,30,0.0,5,51,0.989188
A,RILP,4,30,1.0,5,42,0.989035
A,RILP,4,30,1.0,5,43,0.989194
A,RILP,4,30,1.0,5,44,0.989109
A,RILP,4,30,1.0,5,45,0.989309
A,RILP,4,30,1.0,5,46,0.989171
A,RILP,4,30,1.0,5,47,0.989035
A,RILP,4,30,1.0,5,48,0.989145
A,RILP,4,30,1.0,5,49,0.989193
A,RILP,4,30,1.0,5,50,0.989136
A,RILP,4,30,1.0,5,51,0.989188
A,RILP-Greedy,4,30,1.0,5,42,0.989035
A,RILP-Greedy,4,30,1.0,5,43,0.989194
A,RILP-Greedy,4,30,1.0,5,44,0.989109
A,RILP-Greedy,4,30,1.0,5,45,0.989309
A,RILP-Greedy,4,30,1.0,5,46,0.989171
A,RILP-Greedy,4,30,1.0,5,47,0.989035
A,RILP-Greedy,4,30,1.0,5,48,0.989145
A,RILP-Greedy,4,30,1.0,5,49,0.989193
A,RILP-Greedy,4,30,1.0,5,50,0.989136
A,RILP-Greedy,4,30,1.0,5,51,0.989188
A,Nam2023b,4,30,1.0,5,42,0.989035
A,Nam2023b,4,30,1.0,5,43,0.989194
A,Nam2023b,4,30,1.0,5,44,0.989109
A,Nam2023b,4,30,1.0,5,45,0.989309
A,Nam2023b,4,30,1.0,5,46,0.989171
A,Nam2023b,4,30,1.0,5,47,0.989035
A,Nam2023b,4,30,1.0,5,48,0.989145
A,Nam2023b,4,30,1.0,5,49,0.989193
A,Nam2023b,4,30,1.0,5,50,0.989136
A,Nam2023b,4,30,1.0,5,51,0.989188
A,Nam2025,4,30,1.0,5,42,0.989035
A,Nam2025,4,30,1.0,5,43,0.989194
A,Nam2025,4,30,1.0,5,44,0.989109
A,Nam2025,4,30,1.0,5,45,0.989309
A,Nam2025,4,30,1.0,5,46,0.989171
A,Nam2025,4,30,1.0,5,47,0.989035
A,Nam2025,4,30,1.0,5,48,0.989145
A,Nam2025,4,30,1.0,5,49,0.989193
A,Nam2025,4,30,1.0,5,50,0.989136
A,Nam2025,4,30,1.0,5,51,0.989188
A,Youn2026,4,30,1.0,5,42,0.989035
A,Youn2026,4,30,1.0,5,43,0.989194
A,Youn2026,4,30,1.0,5,44,0.989109
A,Youn2026,4,30,1.0,5,45,0.989309
A,Youn2026,4,30,1.0,5,46,0.989171
A,Youn2026,4,30,1.0,5,47,0.989035
A,Youn2026,4,30,1.0,5,48,0.989145
A,Youn2026,4,30,1.0,5,49,0.989193
A,Youn2026,4,30,1.0,5,50,0.989136
A,Youn2026,4,30,1.0,5,51,0.989188
A,V2I-Base,4,30,1.0,5,42,0.989035
A,V2I-Base,4,30,1.0,5,43,0.989194
A,V2I-Base,4,30,1.0,5,44,0.989109
A,V2I-Base,4,30,1.0,5,45,0.989309
A,V2I-Base,4,30,1.0,5,46,0.989171
A,V2I-Base,4,30,1.0,5,47,0.989035
A,V2I-Base,4,30,1.0,5,48,0.989145
A,V2I-Base,4,30,1.0,5,49,0.989193
A,V2I-Base,4,30,1.0,5,50,0.989136
A,V2I-Base,4,30,1.0,5,51,0.989188
A,V2V-Base,4,30,1.0,5,42,0.989035
A,V2V-Base,4,30,1.0,5,43,0.989194
A,V2V-Base,4,30,1.0,5,44,0.989109
A,V2V-Base,4,30,1.0,5,45,0.989309
A,V2V-Base,4,30,1.0,5,46,0.989171
A,V2V-Base,4,30,1.0,5,47,0.989035
A,V2V-Base,4,30,1.0,5,48,0.989145
A,V2V-Base,4,30,1.0,5,49,0.989193
A,V2V-Base,4,30,1.0,5,50,0.989136
A,V2V-Base,4,30,1.0,5,51,0.989188
A,Random-K,4,30,1.0,5,42,0.989035
A,Random-K,4,30,1.0,5,43,0.989194
A,Random-K,4,30,1.0,5,44,0.989109
A,Random-K,4,30,1.0,5,45,0.989309
A,Random-K,4,30,1.0,5,46,0.989171
A,Random-K,4,30,1.0,5,47,0.989035
A,Random-K,4,30,1.0,5,48,0.989145
A,Random-K,4,30,1.0,5,49,0.989193
A,Random-K,4,30,1.0,5,50,0.989136
A,Random-K,4,30,1.0,5,51,0.989188
A,RILP,4,30,2.0,5,42,0.989035
A,RILP,4,30,2.0,5,43,0.989194
A,RILP,4,30,2.0,5,44,0.989109
A,RILP,4,30,2.0,5,45,0.989309
A,RILP,4,30,2.0,5,46,0.989171
A,RILP,4,30,2.0,5,47,0.989035
A,RILP,4,30,2.0,5,48,0.989145
A,RILP,4,30,2.0,5,49,0.989193
A,RILP,4,30,2.0,5,50,0.989136
A,RILP,4,30,2.0,5,51,0.989188
A,RILP-Greedy,4,30,2.0,5,42,0.989035
A,RILP-Greedy,4,30,2.0,5,43,0.989194
A,RILP-Greedy,4,30,2.0,5,44,0.989109
A,RILP-Greedy,4,30,2.0,5,45,0.989309
A,RILP-Greedy,4,30,2.0,5,46,0.989171
A,RILP-Greedy,4,30,2.0,5,47,0.989035
A,RILP-Greedy,4,30,2.0,5,48,0.989145
A,RILP-Greedy,4,30,2.0,5,49,0.989193
A,RILP-Greedy,4,30,2.0,5,50,0.989136
A,RILP-Greedy,4,30,2.0,5,51,0.989188
A,Nam2023b,4,30,2.0,5,42,0.989035
A,Nam2023b,4,30,2.0,5,43,0.989194
A,Nam2023b,4,30,2.0,5,44,0.989109
A,Nam2023b,4,30,2.0,5,45,0.989309
A,Nam2023b,4,30,2.0,5,46,0.989171
A,Nam2023b,4,30,2.0,5,47,0.989035
A,Nam2023b,4,30,2.0,5,48,0.989145
A,Nam2023b,4,30,2.0,5,49,0.989193
A,Nam2023b,4,30,2.0,5,50,0.989136
A,Nam2023b,4,30,2.0,5,51,0.989188
A,Nam2025,4,30,2.0,5,42,0.989035
A,Nam2025,4,30,2.0,5,43,0.989194
A,Nam2025,4,30,2.0,5,44,0.989109
A,Nam2025,4,30,2.0,5,45,0.989309
A,Nam2025,4,30,2.0,5,46,0.989171
A,Nam2025,4,30,2.0,5,47,0.989035
A,Nam2025,4,30,2.0,5,48,0.989145
A,Nam2025,4,30,2.0,5,49,0.989193
A,Nam2025,4,30,2.0,5,50,0.989136
A,Nam2025,4,30,2.0,5,51,0.989188
A,Youn2026,4,30,2.0,5,42,0.989035
A,Youn2026,4,30,2.0,5,43,0.989194
A,Youn2026,4,30,2.0,5,44,0.989109
A,Youn2026,4,30,2.0,5,45,0.989309
A,Youn2026,4,30,2.0,5,46,0.989171
A,Youn2026,4,30,2.0,5,47,0.989035
A,Youn2026,4,30,2.0,5,48,0.989145
A,Youn2026,4,30,2.0,5,49,0.989193
A,Youn2026,4,30,2.0,5,50,0.989136
A,Youn2026,4,30,2.0,5,51,0.989188
A,V2I-Base,4,30,2.0,5,42,0.989035
A,V2I-Base,4,30,2.0,5,43,0.989194
A,V2I-Base,4,30,2.0,5,44,0.989109
A,V2I-Base,4,30,2.0,5,45,0.989309
A,V2I-Base,4,30,2.0,5,46,0.989171
A,V2I-Base,4,30,2.0,5,47,0.989035
A,V2I-Base,4,30,2.0,5,48,0.989145
A,V2I-Base,4,30,2.0,5,49,0.989193
A,V2I-Base,4,30,2.0,5,50,0.989136
A,V2I-Base,4,30,2.0,5,51,0.989188
A,V2V-Base,4,30,2.0,5,42,0.989035
A,V2V-Base,4,30,2.0,5,43,0.989194
A,V2V-Base,4,30,2.0,5,44,0.989109
A,V2V-Base,4,30,2.0,5,45,0.989309
A,V2V-Base,4,30,2.0,5,46,0.989171
A,V2V-Base,4,30,2.0,5,47,0.989035
A,V2V-Base,4,30,2.0,5,48,0.989145
A,V2V-Base,4,30,2.0,5,49,0.989193
A,V2V-Base,4,30,2.0,5,50,0.989136
A,V2V-Base,4,30,2.0,5,51,0.989188
A,Random-K,4,30,2.0,5,42,0.989035
A,Random-K,4,30,2.0,5,43,0.989194
A,Random-K,4,30,2.0,5,44,0.989109
A,Random-K,4,30,2.0,5,45,0.989309
A,Random-K,4,30,2.0,5,46,0.989171
A,Random-K,4,30,2.0,5,47,0.989035
A,Random-K,4,30,2.0,5,48,0.989145
A,Random-K,4,30,2.0,5,49,0.989193
A,Random-K,4,30,2.0,5,50,0.989136
A,Random-K,4,30,2.0,5,51,0.989188
A,RILP,4,30,3.0,5,42,0.989035
A,RILP,4,30,3.0,5,43,0.989194
A,RILP,4,30,3.0,5,44,0.989109
A,RILP,4,30,3.0,5,45,0.989309
A,RILP,4,30,3.0,5,46,0.989171
A,RILP,4,30,3.0,5,47,0.989035
A,RILP,4,30,3.0,5,48,0.989145
A,RILP,4,30,3.0,5,49,0.989193
A,RILP,4,30,3.0,5,50,0.989136
A,RILP,4,30,3.0,5,51,0.989188
A,RILP-Greedy,4,30,3.0,5,42,0.989035
A,RILP-Greedy,4,30,3.0,5,43,0.989194
A,RILP-Greedy,4,30,3.0,5,44,0.989109
A,RILP-Greedy,4,30,3.0,5,45,0.989309
A,RILP-Greedy,4,30,3.0,5,46,0.989171
A,RILP-Greedy,4,30,3.0,5,47,0.989035
A,RILP-Greedy,4,30,3.0,5,48,0.989145
A,RILP-Greedy,4,30,3.0,5,49,0.989193
A,RILP-Greedy,4,30,3.0,5,50,0.989136
A,RILP-Greedy,4,30,3.0,5,51,0.989188
A,Nam2023b,4,30,3.0,5,42,0.989035
A,Nam2023b,4,30,3.0,5,43,0.989194
A,Nam2023b,4,30,3.0,5,44,0.989109
A,Nam2023b,4,30,3.0,5,45,0.989309
A,Nam2023b,4,30,3.0,5,46,0.989171
A,Nam2023b,4,30,3.0,5,47,0.989035
A,Nam2023b,4,30,3.0,5,48,0.989145
A,Nam2023b,4,30,3.0,5,49,0.989193
A,Nam2023b,4,30,3.0,5,50,0.989136
A,Nam2023b,4,30,3.0,5,51,0.989188
A,Nam2025,4,30,3.0,5,42,0.989035
A,Nam2025,4,30,3.0,5,43,0.989194
A,Nam2025,4,30,3.0,5,44,0.989109
A,Nam2025,4,30,3.0,5,45,0.989309
A,Nam2025,4,30,3.0,5,46,0.989171
A,Nam2025,4,30,3.0,5,47,0.989035
A,Nam2025,4,30,3.0,5,48,0.989145
A,Nam2025,4,30,3.0,5,49,0.989193
A,Nam2025,4,30,3.0,5,50,0.989136
A,Nam2025,4,30,3.0,5,51,0.989188
A,Youn2026,4,30,3.0,5,42,0.989035
A,Youn2026,4,30,3.0,5,43,0.989194
A,Youn2026,4,30,3.0,5,44,0.989109
A,Youn2026,4,30,3.0,5,45,0.989309
A,Youn2026,4,30,3.0,5,46,0.989171
A,Youn2026,4,30,3.0,5,47,0.989035
A,Youn2026,4,30,3.0,5,48,0.989145
A,Youn2026,4,30,3.0,5,49,0.989193
A,Youn2026,4,30,3.0,5,50,0.989136
A,Youn2026,4,30,3.0,5,51,0.989188
A,V2I-Base,4,30,3.0,5,42,0.989035
A,V2I-Base,4,30,3.0,5,43,0.989194
A,V2I-Base,4,30,3.0,5,44,0.989109
A,V2I-Base,4,30,3.0,5,45,0.989309
A,V2I-Base,4,30,3.0,5,46,0.989171
A,V2I-Base,4,30,3.0,5,47,0.989035
A,V2I-Base,4,30,3.0,5,48,0.989145
A,V2I-Base,4,30,3.0,5,49,0.989193
A,V2I-Base,4,30,3.0,5,50,0.989136
A,V2I-Base,4,30,3.0,5,51,0.989188
A,V2V-Base,4,30,3.0,5,42,0.989035
A,V2V-Base,4,30,3.0,5,43,0.989194
A,V2V-Base,4,30,3.0,5,44,0.989109
A,V2V-Base,4,30,3.0,5,45,0.989309
A,V2V-Base,4,30,3.0,5,46,0.989171
A,V2V-Base,4,30,3.0,5,47,0.989035
A,V2V-Base,4,30,3.0,5,48,0.989145
A,V2V-Base,4,30,3.0,5,49,0.989193
A,V2V-Base,4,30,3.0,5,50,0.989136
A,V2V-Base,4,30,3.0,5,51,0.989188
A,Random-K,4,30,3.0,5,42,0.989035
A,Random-K,4,30,3.0,5,43,0.989194
A,Random-K,4,30,3.0,5,44,0.989109
A,Random-K,4,30,3.0,5,45,0.989309
A,Random-K,4,30,3.0,5,46,0.989171
A,Random-K,4,30,3.0,5,47,0.989035
A,Random-K,4,30,3.0,5,48,0.989145
A,Random-K,4,30,3.0,5,49,0.989193
A,Random-K,4,30,3.0,5,50,0.989136
A,Random-K,4,30,3.0,5,51,0.989188
A,RILP,5,0,0.0,5,42,0.989035
A,RILP,5,0,0.0,5,43,0.989194
A,RILP,5,0,0.0,5,44,0.989109
A,RILP,5,0,0.0,5,45,0.989309
A,RILP,5,0,0.0,5,46,0.989171
A,RILP,5,0,0.0,5,47,0.989035
A,RILP,5,0,0.0,5,48,0.989145
A,RILP,5,0,0.0,5,49,0.989193
A,RILP,5,0,0.0,5,50,0.989136
A,RILP,5,0,0.0,5,51,0.989188
A,RILP-Greedy,5,0,0.0,5,42,0.989035
A,RILP-Greedy,5,0,0.0,5,43,0.989194
A,RILP-Greedy,5,0,0.0,5,44,0.989109
A,RILP-Greedy,5,0,0.0,5,45,0.989309
A,RILP-Greedy,5,0,0.0,5,46,0.989171
A,RILP-Greedy,5,0,0.0,5,47,0.989035
A,RILP-Greedy,5,0,0.0,5,48,0.989145
A,RILP-Greedy,5,0,0.0,5,49,0.989193
A,RILP-Greedy,5,0,0.0,5,50,0.989136
A,RILP-Greedy,5,0,0.0,5,51,0.989188
A,Nam2023b,5,0,0.0,5,42,0.989035
A,Nam2023b,5,0,0.0,5,43,0.989194
A,Nam2023b,5,0,0.0,5,44,0.989109
A,Nam2023b,5,0,0.0,5,45,0.989309
A,Nam2023b,5,0,0.0,5,46,0.989171
A,Nam2023b,5,0,0.0,5,47,0.989035
A,Nam2023b,5,0,0.0,5,48,0.989145
A,Nam2023b,5,0,0.0,5,49,0.989193
A,Nam2023b,5,0,0.0,5,50,0.989136
A,Nam2023b,5,0,0.0,5,51,0.989188
A,Nam2025,5,0,0.0,5,42,0.989035
A,Nam2025,5,0,0.0,5,43,0.989194
A,Nam2025,5,0,0.0,5,44,0.989109
A,Nam2025,5,0,0.0,5,45,0.989309
A,Nam2025,5,0,0.0,5,46,0.989171
A,Nam2025,5,0,0.0,5,47,0.989035
A,Nam2025,5,0,0.0,5,48,0.989145
A,Nam2025,5,0,0.0,5,49,0.989193
A,Nam2025,5,0,0.0,5,50,0.989136
A,Nam2025,5,0,0.0,5,51,0.989188
A,Youn2026,5,0,0.0,5,42,0.989035
A,Youn2026,5,0,0.0,5,43,0.989194
A,Youn2026,5,0,0.0,5,44,0.989109
A,Youn2026,5,0,0.0,5,45,0.989309
A,Youn2026,5,0,0.0,5,46,0.989171
A,Youn2026,5,0,0.0,5,47,0.989035
A,Youn2026,5,0,0.0,5,48,0.989145
A,Youn2026,5,0,0.0,5,49,0.989193
A,Youn2026,5,0,0.0,5,50,0.989136
A,Youn2026,5,0,0.0,5,51,0.989188
A,V2I-Base,5,0,0.0,5,42,0.989035
A,V2I-Base,5,0,0.0,5,43,0.989194
A,V2I-Base,5,0,0.0,5,44,0.989109
A,V2I-Base,5,0,0.0,5,45,0.989309
A,V2I-Base,5,0,0.0,5,46,0.989171
A,V2I-Base,5,0,0.0,5,47,0.989035
A,V2I-Base,5,0,0.0,5,48,0.989145
A,V2I-Base,5,0,0.0,5,49,0.989193
A,V2I-Base,5,0,0.0,5,50,0.989136
A,V2I-Base,5,0,0.0,5,51,0.989188
A,V2V-Base,5,0,0.0,5,42,0.989035
A,V2V-Base,5,0,0.0,5,43,0.989194
A,V2V-Base,5,0,0.0,5,44,0.989109
A,V2V-Base,5,0,0.0,5,45,0.989309
A,V2V-Base,5,0,0.0,5,46,0.989171
A,V2V-Base,5,0,0.0,5,47,0.989035
A,V2V-Base,5,0,0.0,5,48,0.989145
A,V2V-Base,5,0,0.0,5,49,0.989193
A,V2V-Base,5,0,0.0,5,50,0.989136
A,V2V-Base,5,0,0.0,5,51,0.989188
A,Random-K,5,0,0.0,5,42,0.989035
A,Random-K,5,0,0.0,5,43,0.989194
A,Random-K,5,0,0.0,5,44,0.989109
A,Random-K,5,0,0.0,5,45,0.989309
A,Random-K,5,0,0.0,5,46,0.989171
A,Random-K,5,0,0.0,5,47,0.989035
A,Random-K,5,0,0.0,5,48,0.989145
A,Random-K,5,0,0.0,5,49,0.989193
A,Random-K,5,0,0.0,5,50,0.989136
A,Random-K,5,0,0.0,5,51,0.989188
A,RILP,5,0,1.0,5,42,0.989035
A,RILP,5,0,1.0,5,43,0.989194
A,RILP,5,0,1.0,5,44,0.989109
A,RILP,5,0,1.0,5,45,0.989309
A,RILP,5,0,1.0,5,46,0.989171
A,RILP,5,0,1.0,5,47,0.989035
A,RILP,5,0,1.0,5,48,0.989145
A,RILP,5,0,1.0,5,49,0.989193
A,RILP,5,0,1.0,5,50,0.989136
A,RILP,5,0,1.0,5,51,0.989188
A,RILP-Greedy,5,0,1.0,5,42,0.989035
A,RILP-Greedy,5,0,1.0,5,43,0.989194
A,RILP-Greedy,5,0,1.0,5,44,0.989109
A,RILP-Greedy,5,0,1.0,5,45,0.989309
A,RILP-Greedy,5,0,1.0,5,46,0.989171
A,RILP-Greedy,5,0,1.0,5,47,0.989035
A,RILP-Greedy,5,0,1.0,5,48,0.989145
A,RILP-Greedy,5,0,1.0,5,49,0.989193
A,RILP-Greedy,5,0,1.0,5,50,0.989136
A,RILP-Greedy,5,0,1.0,5,51,0.989188
A,Nam2023b,5,0,1.0,5,42,0.989035
A,Nam2023b,5,0,1.0,5,43,0.989194
A,Nam2023b,5,0,1.0,5,44,0.989109
A,Nam2023b,5,0,1.0,5,45,0.989309
A,Nam2023b,5,0,1.0,5,46,0.989171
A,Nam2023b,5,0,1.0,5,47,0.989035
A,Nam2023b,5,0,1.0,5,48,0.989145
A,Nam2023b,5,0,1.0,5,49,0.989193
A,Nam2023b,5,0,1.0,5,50,0.989136
A,Nam2023b,5,0,1.0,5,51,0.989188
A,Nam2025,5,0,1.0,5,42,0.989035
A,Nam2025,5,0,1.0,5,43,0.989194
A,Nam2025,5,0,1.0,5,44,0.989109
A,Nam2025,5,0,1.0,5,45,0.989309
A,Nam2025,5,0,1.0,5,46,0.989171
A,Nam2025,5,0,1.0,5,47,0.989035
A,Nam2025,5,0,1.0,5,48,0.989145
A,Nam2025,5,0,1.0,5,49,0.989193
A,Nam2025,5,0,1.0,5,50,0.989136
A,Nam2025,5,0,1.0,5,51,0.989188
A,Youn2026,5,0,1.0,5,42,0.989035
A,Youn2026,5,0,1.0,5,43,0.989194
A,Youn2026,5,0,1.0,5,44,0.989109
A,Youn2026,5,0,1.0,5,45,0.989309
A,Youn2026,5,0,1.0,5,46,0.989171
A,Youn2026,5,0,1.0,5,47,0.989035
A,Youn2026,5,0,1.0,5,48,0.989145
A,Youn2026,5,0,1.0,5,49,0.989193
A,Youn2026,5,0,1.0,5,50,0.989136
A,Youn2026,5,0,1.0,5,51,0.989188
A,V2I-Base,5,0,1.0,5,42,0.989035
A,V2I-Base,5,0,1.0,5,43,0.989194
A,V2I-Base,5,0,1.0,5,44,0.989109
A,V2I-Base,5,0,1.0,5,45,0.989309
A,V2I-Base,5,0,1.0,5,46,0.989171
A,V2I-Base,5,0,1.0,5,47,0.989035
A,V2I-Base,5,0,1.0,5,48,0.989145
A,V2I-Base,5,0,1.0,5,49,0.989193
A,V2I-Base,5,0,1.0,5,50,0.989136
A,V2I-Base,5,0,1.0,5,51,0.989188
A,V2V-Base,5,0,1.0,5,42,0.989035
A,V2V-Base,5,0,1.0,5,43,0.989194
A,V2V-Base,5,0,1.0,5,44,0.989109
A,V2V-Base,5,0,1.0,5,45,0.989309
A,V2V-Base,5,0,1.0,5,46,0.989171
A,V2V-Base,5,0,1.0,5,47,0.989035
A,V2V-Base,5,0,1.0,5,48,0.989145
A,V2V-Base,5,0,1.0,5,49,0.989193
A,V2V-Base,5,0,1.0,5,50,0.989136
A,V2V-Base,5,0,1.0,5,51,0.989188
A,Random-K,5,0,1.0,5,42,0.989035
A,Random-K,5,0,1.0,5,43,0.989194
A,Random-K,5,0,1.0,5,44,0.989109
A,Random-K,5,0,1.0,5,45,0.989309
A,Random-K,5,0,1.0,5,46,0.989171
A,Random-K,5,0,1.0,5,47,0.989035
A,Random-K,5,0,1.0,5,48,0.989145
A,Random-K,5,0,1.0,5,49,0.989193
A,Random-K,5,0,1.0,5,50,0.989136
A,Random-K,5,0,1.0,5,51,0.989188
A,RILP,5,0,2.0,5,42,0.989035
A,RILP,5,0,2.0,5,43,0.989194
A,RILP,5,0,2.0,5,44,0.989109
A,RILP,5,0,2.0,5,45,0.989309
A,RILP,5,0,2.0,5,46,0.989171
A,RILP,5,0,2.0,5,47,0.989035
A,RILP,5,0,2.0,5,48,0.989145
A,RILP,5,0,2.0,5,49,0.989193
A,RILP,5,0,2.0,5,50,0.989136
A,RILP,5,0,2.0,5,51,0.989188
A,RILP-Greedy,5,0,2.0,5,42,0.989035
A,RILP-Greedy,5,0,2.0,5,43,0.989194
A,RILP-Greedy,5,0,2.0,5,44,0.989109
A,RILP-Greedy,5,0,2.0,5,45,0.989309
A,RILP-Greedy,5,0,2.0,5,46,0.989171
A,RILP-Greedy,5,0,2.0,5,47,0.989035
A,RILP-Greedy,5,0,2.0,5,48,0.989145
A,RILP-Greedy,5,0,2.0,5,49,0.989193
A,RILP-Greedy,5,0,2.0,5,50,0.989136
A,RILP-Greedy,5,0,2.0,5,51,0.989188
A,Nam2023b,5,0,2.0,5,42,0.989035
A,Nam2023b,5,0,2.0,5,43,0.989194
A,Nam2023b,5,0,2.0,5,44,0.989109
A,Nam2023b,5,0,2.0,5,45,0.989309
A,Nam2023b,5,0,2.0,5,46,0.989171
A,Nam2023b,5,0,2.0,5,47,0.989035
A,Nam2023b,5,0,2.0,5,48,0.989145
A,Nam2023b,5,0,2.0,5,49,0.989193
A,Nam2023b,5,0,2.0,5,50,0.989136
A,Nam2023b,5,0,2.0,5,51,0.989188
A,Nam2025,5,0,2.0,5,42,0.989035
A,Nam2025,5,0,2.0,5,43,0.989194
A,Nam2025,5,0,2.0,5,44,0.989109
A,Nam2025,5,0,2.0,5,45,0.989309
A,Nam2025,5,0,2.0,5,46,0.989171
A,Nam2025,5,0,2.0,5,47,0.989035
A,Nam2025,5,0,2.0,5,48,0.989145
A,Nam2025,5,0,2.0,5,49,0.989193
A,Nam2025,5,0,2.0,5,50,0.989136
A,Nam2025,5,0,2.0,5,51,0.989188
A,Youn2026,5,0,2.0,5,42,0.989035
A,Youn2026,5,0,2.0,5,43,0.989194
A,Youn2026,5,0,2.0,5,44,0.989109
A,Youn2026,5,0,2.0,5,45,0.989309
A,Youn2026,5,0,2.0,5,46,0.989171
A,Youn2026,5,0,2.0,5,47,0.989035
A,Youn2026,5,0,2.0,5,48,0.989145
A,Youn2026,5,0,2.0,5,49,0.989193
A,Youn2026,5,0,2.0,5,50,0.989136
A,Youn2026,5,0,2.0,5,51,0.989188
A,V2I-Base,5,0,2.0,5,42,0.989035
A,V2I-Base,5,0,2.0,5,43,0.989194
A,V2I-Base,5,0,2.0,5,44,0.989109
A,V2I-Base,5,0,2.0,5,45,0.989309
A,V2I-Base,5,0,2.0,5,46,0.989171
A,V2I-Base,5,0,2.0,5,47,0.989035
A,V2I-Base,5,0,2.0,5,48,0.989145
A,V2I-Base,5,0,2.0,5,49,0.989193
A,V2I-Base,5,0,2.0,5,50,0.989136
A,V2I-Base,5,0,2.0,5,51,0.989188
A,V2V-Base,5,0,2.0,5,42,0.989035
A,V2V-Base,5,0,2.0,5,43,0.989194
A,V2V-Base,5,0,2.0,5,44,0.989109
A,V2V-Base,5,0,2.0,5,45,0.989309
A,V2V-Base,5,0,2.0,5,46,0.989171
A,V2V-Base,5,0,2.0,5,47,0.989035
A,V2V-Base,5,0,2.0,5,48,0.989145
A,V2V-Base,5,0,2.0,5,49,0.989193
A,V2V-Base,5,0,2.0,5,50,0.989136
A,V2V-Base,5,0,2.0,5,51,0.988898
A,Random-K,5,0,2.0,5,42,0.988774
A,Random-K,5,0,2.0,5,43,0.98913
A,Random-K,5,0,2.0,5,44,0.989087
A,Random-K,5,0,2.0,5,45,0.989205
A,Random-K,5,0,2.0,5,46,0.989121
A,Random-K,5,0,2.0,5,47,0.988933
A,Random-K,5,0,2.0,5,48,0.988967
A,Random-K,5,0,2.0,5,49,0.989128
A,Random-K,5,0,2.0,5,50,0.988938
A,Random-K,5,0,2.0,5,51,0.988898
A,RILP,5,0,3.0,5,42,0.988774
A,RILP,5,0,3.0,5,43,0.98913
A,RILP,5,0,3.0,5,44,0.989087
A,RILP,5,0,3.0,5,45,0.989205
A,RILP,5,0,3.0,5,46,0.989121
A,RILP,5,0,3.0,5,47,0.988933
A,RILP,5,0,3.0,5,48,0.988967
A,RILP,5,0,3.0,5,49,0.989128
A,RILP,5,0,3.0,5,50,0.988938
A,RILP,5,0,3.0,5,51,0.988898
A,RILP-Greedy,5,0,3.0,5,42,0.988774
A,RILP-Greedy,5,0,3.0,5,43,0.98913
A,RILP-Greedy,5,0,3.0,5,44,0.989087
A,RILP-Greedy,5,0,3.0,5,45,0.989205
A,RILP-Greedy,5,0,3.0,5,46,0.989121
A,RILP-Greedy,5,0,3.0,5,47,0.988933
A,RILP-Greedy,5,0,3.0,5,48,0.988967
A,RILP-Greedy,5,0,3.0,5,49,0.989128
A,RILP-Greedy,5,0,3.0,5,50,0.988938
A,RILP-Greedy,5,0,3.0,5,51,0.988898
A,Nam2023b,5,0,3.0,5,42,0.988774
A,Nam2023b,5,0,3.0,5,43,0.98913
A,Nam2023b,5,0,3.0,5,44,0.989087
A,Nam2023b,5,0,3.0,5,45,0.989205
A,Nam2023b,5,0,3.0,5,46,0.989121
A,Nam2023b,5,0,3.0,5,47,0.988933
A,Nam2023b,5,0,3.0,5,48,0.988967
A,Nam2023b,5,0,3.0,5,49,0.989128
A,Nam2023b,5,0,3.0,5,50,0.988938
A,Nam2023b,5,0,3.0,5,51,0.988898
A,Nam2025,5,0,3.0,5,42,0.988774
A,Nam2025,5,0,3.0,5,43,0.98913
A,Nam2025,5,0,3.0,5,44,0.989087
A,Nam2025,5,0,3.0,5,45,0.989205
A,Nam2025,5,0,3.0,5,46,0.989121
A,Nam2025,5,0,3.0,5,47,0.988933
A,Nam2025,5,0,3.0,5,48,0.988967
A,Nam2025,5,0,3.0,5,49,0.989128
A,Nam2025,5,0,3.0,5,50,0.988938
A,Nam2025,5,0,3.0,5,51,0.988898
A,Youn2026,5,0,3.0,5,42,0.988774
A,Youn2026,5,0,3.0,5,43,0.98913
A,Youn2026,5,0,3.0,5,44,0.989087
A,Youn2026,5,0,3.0,5,45,0.989205
A,Youn2026,5,0,3.0,5,46,0.989121
A,Youn2026,5,0,3.0,5,47,0.988933
A,Youn2026,5,0,3.0,5,48,0.988967
A,Youn2026,5,0,3.0,5,49,0.989128
A,Youn2026,5,0,3.0,5,50,0.988938
A,Youn2026,5,0,3.0,5,51,0.988898
A,V2I-Base,5,0,3.0,5,42,0.988774
A,V2I-Base,5,0,3.0,5,43,0.98913
A,V2I-Base,5,0,3.0,5,44,0.989087
A,V2I-Base,5,0,3.0,5,45,0.989205
A,V2I-Base,5,0,3.0,5,46,0.989121
A,V2I-Base,5,0,3.0,5,47,0.988933
A,V2I-Base,5,0,3.0,5,48,0.988967
A,V2I-Base,5,0,3.0,5,49,0.989128
A,V2I-Base,5,0,3.0,5,50,0.988938
A,V2I-Base,5,0,3.0,5,51,0.988898
A,V2V-Base,5,0,3.0,5,42,0.988774
A,V2V-Base,5,0,3.0,5,43,0.98913
A,V2V-Base,5,0,3.0,5,44,0.989087
A,V2V-Base,5,0,3.0,5,45,0.989205
A,V2V-Base,5,0,3.0,5,46,0.989121
A,V2V-Base,5,0,3.0,5,47,0.988933
A,V2V-Base,5,0,3.0,5,48,0.988967
A,V2V-Base,5,0,3.0,5,49,0.989128
A,V2V-Base,5,0,3.0,5,50,0.988938
A,V2V-Base,5,0,3.0,5,51,0.988898
A,Random-K,5,0,3.0,5,42,0.988774
A,Random-K,5,0,3.0,5,43,0.98913
A,Random-K,5,0,3.0,5,44,0.989087
A,Random-K,5,0,3.0,5,45,0.989205
A,Random-K,5,0,3.0,5,46,0.989121
A,Random-K,5,0,3.0,5,47,0.988933
A,Random-K,5,0,3.0,5,48,0.988967
A,Random-K,5,0,3.0,5,49,0.989128
A,Random-K,5,0,3.0,5,50,0.988938
A,Random-K,5,0,3.0,5,51,0.988898
A,RILP,5,10,0.0,5,42,0.988774
A,RILP,5,10,0.0,5,43,0.98913
A,RILP,5,10,0.0,5,44,0.989087
A,RILP,5,10,0.0,5,45,0.989205
A,RILP,5,10,0.0,5,46,0.989121
A,RILP,5,10,0.0,5,47,0.988933
A,RILP,5,10,0.0,5,48,0.988967
A,RILP,5,10,0.0,5,49,0.989128
A,RILP,5,10,0.0,5,50,0.988938
A,RILP,5,10,0.0,5,51,0.988898
A,RILP-Greedy,5,10,0.0,5,42,0.988774
A,RILP-Greedy,5,10,0.0,5,43,0.98913
A,RILP-Greedy,5,10,0.0,5,44,0.989087
A,RILP-Greedy,5,10,0.0,5,45,0.989205
A,RILP-Greedy,5,10,0.0,5,46,0.989121
A,RILP-Greedy,5,10,0.0,5,47,0.988933
A,RILP-Greedy,5,10,0.0,5,48,0.988967
A,RILP-Greedy,5,10,0.0,5,49,0.989128
A,RILP-Greedy,5,10,0.0,5,50,0.988938
A,RILP-Greedy,5,10,0.0,5,51,0.988898
A,Nam2023b,5,10,0.0,5,42,0.988774
A,Nam2023b,5,10,0.0,5,43,0.98913
A,Nam2023b,5,10,0.0,5,44,0.989087
A,Nam2023b,5,10,0.0,5,45,0.989205
A,Nam2023b,5,10,0.0,5,46,0.989121
A,Nam2023b,5,10,0.0,5,47,0.988933
A,Nam2023b,5,10,0.0,5,48,0.988967
A,Nam2023b,5,10,0.0,5,49,0.989128
A,Nam2023b,5,10,0.0,5,50,0.988938
A,Nam2023b,5,10,0.0,5,51,0.988898
A,Nam2025,5,10,0.0,5,42,0.988774
A,Nam2025,5,10,0.0,5,43,0.98913
A,Nam2025,5,10,0.0,5,44,0.989087
A,Nam2025,5,10,0.0,5,45,0.989205
A,Nam2025,5,10,0.0,5,46,0.989121
A,Nam2025,5,10,0.0,5,47,0.988933
A,Nam2025,5,10,0.0,5,48,0.988967
A,Nam2025,5,10,0.0,5,49,0.989128
A,Nam2025,5,10,0.0,5,50,0.988938
A,Nam2025,5,10,0.0,5,51,0.988898
A,Youn2026,5,10,0.0,5,42,0.988774
A,Youn2026,5,10,0.0,5,43,0.98913
A,Youn2026,5,10,0.0,5,44,0.989087
A,Youn2026,5,10,0.0,5,45,0.989205
A,Youn2026,5,10,0.0,5,46,0.989121
A,Youn2026,5,10,0.0,5,47,0.988933
A,Youn2026,5,10,0.0,5,48,0.988967
A,Youn2026,5,10,0.0,5,49,0.989128
A,Youn2026,5,10,0.0,5,50,0.988938
A,Youn2026,5,10,0.0,5,51,0.988898
A,V2I-Base,5,10,0.0,5,42,0.988774
A,V2I-Base,5,10,0.0,5,43,0.98913
A,V2I-Base,5,10,0.0,5,44,0.989087
A,V2I-Base,5,10,0.0,5,45,0.989205
A,V2I-Base,5,10,0.0,5,46,0.989121
A,V2I-Base,5,10,0.0,5,47,0.988933
A,V2I-Base,5,10,0.0,5,48,0.988967
A,V2I-Base,5,10,0.0,5,49,0.989128
A,V2I-Base,5,10,0.0,5,50,0.988938
A,V2I-Base,5,10,0.0,5,51,0.988898
A,V2V-Base,5,10,0.0,5,42,0.988774
A,V2V-Base,5,10,0.0,5,43,0.98913
A,V2V-Base,5,10,0.0,5,44,0.989087
A,V2V-Base,5,10,0.0,5,45,0.989205
A,V2V-Base,5,10,0.0,5,46,0.989121
A,V2V-Base,5,10,0.0,5,47,0.988933
A,V2V-Base,5,10,0.0,5,48,0.988967
A,V2V-Base,5,10,0.0,5,49,0.989128
A,V2V-Base,5,10,0.0,5,50,0.988938
A,V2V-Base,5,10,0.0,5,51,0.988898
A,Random-K,5,10,0.0,5,42,0.988774
A,Random-K,5,10,0.0,5,43,0.98913
A,Random-K,5,10,0.0,5,44,0.989087
A,Random-K,5,10,0.0,5,45,0.989205
A,Random-K,5,10,0.0,5,46,0.989121
A,Random-K,5,10,0.0,5,47,0.988933
A,Random-K,5,10,0.0,5,48,0.988967
A,Random-K,5,10,0.0,5,49,0.989128
A,Random-K,5,10,0.0,5,50,0.988938
A,Random-K,5,10,0.0,5,51,0.988898
A,RILP,5,10,1.0,5,42,0.988774
A,RILP,5,10,1.0,5,43,0.98913
A,RILP,5,10,1.0,5,44,0.989087
A,RILP,5,10,1.0,5,45,0.989205
A,RILP,5,10,1.0,5,46,0.989121
A,RILP,5,10,1.0,5,47,0.988933
A,RILP,5,10,1.0,5,48,0.988967
A,RILP,5,10,1.0,5,49,0.989128
A,RILP,5,10,1.0,5,50,0.988938
A,RILP,5,10,1.0,5,51,0.988898
A,RILP-Greedy,5,10,1.0,5,42,0.988774
A,RILP-Greedy,5,10,1.0,5,43,0.98913
A,RILP-Greedy,5,10,1.0,5,44,0.989087
A,RILP-Greedy,5,10,1.0,5,45,0.989205
A,RILP-Greedy,5,10,1.0,5,46,0.989121
A,RILP-Greedy,5,10,1.0,5,47,0.988933
A,RILP-Greedy,5,10,1.0,5,48,0.988967
A,RILP-Greedy,5,10,1.0,5,49,0.989128
A,RILP-Greedy,5,10,1.0,5,50,0.988938
A,RILP-Greedy,5,10,1.0,5,51,0.988898
A,Nam2023b,5,10,1.0,5,42,0.988774
A,Nam2023b,5,10,1.0,5,43,0.98913
A,Nam2023b,5,10,1.0,5,44,0.989087
A,Nam2023b,5,10,1.0,5,45,0.989205
A,Nam2023b,5,10,1.0,5,46,0.989121
A,Nam2023b,5,10,1.0,5,47,0.988933
A,Nam2023b,5,10,1.0,5,48,0.988967
A,Nam2023b,5,10,1.0,5,49,0.989128
A,Nam2023b,5,10,1.0,5,50,0.988938
A,Nam2023b,5,10,1.0,5,51,0.988898
A,Nam2025,5,10,1.0,5,42,0.988774
A,Nam2025,5,10,1.0,5,43,0.98913
A,Nam2025,5,10,1.0,5,44,0.989087
A,Nam2025,5,10,1.0,5,45,0.989205
A,Nam2025,5,10,1.0,5,46,0.989121
A,Nam2025,5,10,1.0,5,47,0.988933
A,Nam2025,5,10,1.0,5,48,0.988967
A,Nam2025,5,10,1.0,5,49,0.989128
A,Nam2025,5,10,1.0,5,50,0.988938
A,Nam2025,5,10,1.0,5,51,0.988898
A,Youn2026,5,10,1.0,5,42,0.988774
A,Youn2026,5,10,1.0,5,43,0.98913
A,Youn2026,5,10,1.0,5,44,0.989087
A,Youn2026,5,10,1.0,5,45,0.989205
A,Youn2026,5,10,1.0,5,46,0.989121
A,Youn2026,5,10,1.0,5,47,0.988933
A,Youn2026,5,10,1.0,5,48,0.988967
A,Youn2026,5,10,1.0,5,49,0.989128
A,Youn2026,5,10,1.0,5,50,0.988938
A,Youn2026,5,10,1.0,5,51,0.988898
A,V2I-Base,5,10,1.0,5,42,0.988774
A,V2I-Base,5,10,1.0,5,43,0.98913
A,V2I-Base,5,10,1.0,5,44,0.989087
A,V2I-Base,5,10,1.0,5,45,0.989205
A,V2I-Base,5,10,1.0,5,46,0.989121
A,V2I-Base,5,10,1.0,5,47,0.988933
A,V2I-Base,5,10,1.0,5,48,0.988967
A,V2I-Base,5,10,1.0,5,49,0.989128
A,V2I-Base,5,10,1.0,5,50,0.988938
A,V2I-Base,5,10,1.0,5,51,0.988898
A,V2V-Base,5,10,1.0,5,42,0.988774
A,V2V-Base,5,10,1.0,5,43,0.98913
A,V2V-Base,5,10,1.0,5,44,0.989087
A,V2V-Base,5,10,1.0,5,45,0.989205
A,V2V-Base,5,10,1.0,5,46,0.989121
A,V2V-Base,5,10,1.0,5,47,0.988933
A,V2V-Base,5,10,1.0,5,48,0.988967
A,V2V-Base,5,10,1.0,5,49,0.989128
A,V2V-Base,5,10,1.0,5,50,0.988938
A,V2V-Base,5,10,1.0,5,51,0.988898
A,Random-K,5,10,1.0,5,42,0.988774
A,Random-K,5,10,1.0,5,43,0.98913
A,Random-K,5,10,1.0,5,44,0.989087
A,Random-K,5,10,1.0,5,45,0.989205
A,Random-K,5,10,1.0,5,46,0.989121
A,Random-K,5,10,1.0,5,47,0.988933
A,Random-K,5,10,1.0,5,48,0.988967
A,Random-K,5,10,1.0,5,49,0.989128
A,Random-K,5,10,1.0,5,50,0.988938
A,Random-K,5,10,1.0,5,51,0.988898
A,RILP,5,10,2.0,5,42,0.988774
A,RILP,5,10,2.0,5,43,0.98913
A,RILP,5,10,2.0,5,44,0.989087
A,RILP,5,10,2.0,5,45,0.989205
A,RILP,5,10,2.0,5,46,0.989121
A,RILP,5,10,2.0,5,47,0.988933
A,RILP,5,10,2.0,5,48,0.988967
A,RILP,5,10,2.0,5,49,0.989128
A,RILP,5,10,2.0,5,50,0.988938
A,RILP,5,10,2.0,5,51,0.988898
A,RILP-Greedy,5,10,2.0,5,42,0.988774
A,RILP-Greedy,5,10,2.0,5,43,0.98913
A,RILP-Greedy,5,10,2.0,5,44,0.989087
A,RILP-Greedy,5,10,2.0,5,45,0.989205
A,RILP-Greedy,5,10,2.0,5,46,0.989121
A,RILP-Greedy,5,10,2.0,5,47,0.988933
A,RILP-Greedy,5,10,2.0,5,48,0.988967
A,RILP-Greedy,5,10,2.0,5,49,0.989128
A,RILP-Greedy,5,10,2.0,5,50,0.988938
A,RILP-Greedy,5,10,2.0,5,51,0.988898
A,Nam2023b,5,10,2.0,5,42,0.988774
A,Nam2023b,5,10,2.0,5,43,0.98913
A,Nam2023b,5,10,2.0,5,44,0.989087
A,Nam2023b,5,10,2.0,5,45,0.989205
A,Nam2023b,5,10,2.0,5,46,0.989121
A,Nam2023b,5,10,2.0,5,47,0.988933
A,Nam2023b,5,10,2.0,5,48,0.988967
A,Nam2023b,5,10,2.0,5,49,0.989128
A,Nam2023b,5,10,2.0,5,50,0.988938
A,Nam2023b,5,10,2.0,5,51,0.988898
A,Nam2025,5,10,2.0,5,42,0.988774
A,Nam2025,5,10,2.0,5,43,0.98913
A,Nam2025,5,10,2.0,5,44,0.989087
A,Nam2025,5,10,2.0,5,45,0.989205
A,Nam2025,5,10,2.0,5,46,0.989121
A,Nam2025,5,10,2.0,5,47,0.988933
A,Nam2025,5,10,2.0,5,48,0.988967
A,Nam2025,5,10,2.0,5,49,0.989128
A,Nam2025,5,10,2.0,5,50,0.988938
A,Nam2025,5,10,2.0,5,51,0.988898
A,Youn2026,5,10,2.0,5,42,0.988774
A,Youn2026,5,10,2.0,5,43,0.98913
A,Youn2026,5,10,2.0,5,44,0.989087
A,Youn2026,5,10,2.0,5,45,0.989205
A,Youn2026,5,10,2.0,5,46,0.989121
A,Youn2026,5,10,2.0,5,47,0.988933
A,Youn2026,5,10,2.0,5,48,0.988967
A,Youn2026,5,10,2.0,5,49,0.989128
A,Youn2026,5,10,2.0,5,50,0.988938
A,Youn2026,5,10,2.0,5,51,0.988898
A,V2I-Base,5,10,2.0,5,42,0.988774
A,V2I-Base,5,10,2.0,5,43,0.98913
A,V2I-Base,5,10,2.0,5,44,0.989087
A,V2I-Base,5,10,2.0,5,45,0.989205
A,V2I-Base,5,10,2.0,5,46,0.989121
A,V2I-Base,5,10,2.0,5,47,0.988933
A,V2I-Base,5,10,2.0,5,48,0.988967
A,V2I-Base,5,10,2.0,5,49,0.989128
A,V2I-Base,5,10,2.0,5,50,0.988938
A,V2I-Base,5,10,2.0,5,51,0.988898
A,V2V-Base,5,10,2.0,5,42,0.988774
A,V2V-Base,5,10,2.0,5,43,0.98913
A,V2V-Base,5,10,2.0,5,44,0.989087
A,V2V-Base,5,10,2.0,5,45,0.989205
A,V2V-Base,5,10,2.0,5,46,0.989121
A,V2V-Base,5,10,2.0,5,47,0.988933
A,V2V-Base,5,10,2.0,5,48,0.988967
A,V2V-Base,5,10,2.0,5,49,0.989128
A,V2V-Base,5,10,2.0,5,50,0.988938
A,V2V-Base,5,10,2.0,5,51,0.988898
A,Random-K,5,10,2.0,5,42,0.988774
A,Random-K,5,10,2.0,5,43,0.98913
A,Random-K,5,10,2.0,5,44,0.989087
A,Random-K,5,10,2.0,5,45,0.989205
A,Random-K,5,10,2.0,5,46,0.989121
A,Random-K,5,10,2.0,5,47,0.988933
A,Random-K,5,10,2.0,5,48,0.988967
A,Random-K,5,10,2.0,5,49,0.989128
A,Random-K,5,10,2.0,5,50,0.988938
A,Random-K,5,10,2.0,5,51,0.988898
A,RILP,5,10,3.0,5,42,0.988774
A,RILP,5,10,3.0,5,43,0.98913
A,RILP,5,10,3.0,5,44,0.989087
A,RILP,5,10,3.0,5,45,0.989205
A,RILP,5,10,3.0,5,46,0.989121
A,RILP,5,10,3.0,5,47,0.988933
A,RILP,5,10,3.0,5,48,0.988967
A,RILP,5,10,3.0,5,49,0.989128
A,RILP,5,10,3.0,5,50,0.988938
A,RILP,5,10,3.0,5,51,0.988898
A,RILP-Greedy,5,10,3.0,5,42,0.988774
A,RILP-Greedy,5,10,3.0,5,43,0.98913
A,RILP-Greedy,5,10,3.0,5,44,0.989087
A,RILP-Greedy,5,10,3.0,5,45,0.989205
A,RILP-Greedy,5,10,3.0,5,46,0.989121
A,RILP-Greedy,5,10,3.0,5,47,0.988933
A,RILP-Greedy,5,10,3.0,5,48,0.988967
A,RILP-Greedy,5,10,3.0,5,49,0.989128
A,RILP-Greedy,5,10,3.0,5,50,0.988938
A,RILP-Greedy,5,10,3.0,5,51,0.988898
A,Nam2023b,5,10,3.0,5,42,0.988774
A,Nam2023b,5,10,3.0,5,43,0.98913
A,Nam2023b,5,10,3.0,5,44,0.989087
A,Nam2023b,5,10,3.0,5,45,0.989205
A,Nam2023b,5,10,3.0,5,46,0.989121
A,Nam2023b,5,10,3.0,5,47,0.988933
A,Nam2023b,5,10,3.0,5,48,0.988967
A,Nam2023b,5,10,3.0,5,49,0.989128
A,Nam2023b,5,10,3.0,5,50,0.988938
A,Nam2023b,5,10,3.0,5,51,0.988898
A,Nam2025,5,10,3.0,5,42,0.988774
A,Nam2025,5,10,3.0,5,43,0.98913
A,Nam2025,5,10,3.0,5,44,0.989087
A,Nam2025,5,10,3.0,5,45,0.989205
A,Nam2025,5,10,3.0,5,46,0.989121
A,Nam2025,5,10,3.0,5,47,0.988933
A,Nam2025,5,10,3.0,5,48,0.988967
A,Nam2025,5,10,3.0,5,49,0.989128
A,Nam2025,5,10,3.0,5,50,0.988938
A,Nam2025,5,10,3.0,5,51,0.988898
A,Youn2026,5,10,3.0,5,42,0.988774
A,Youn2026,5,10,3.0,5,43,0.98913
A,Youn2026,5,10,3.0,5,44,0.989087
A,Youn2026,5,10,3.0,5,45,0.989205
A,Youn2026,5,10,3.0,5,46,0.989121
A,Youn2026,5,10,3.0,5,47,0.988933
A,Youn2026,5,10,3.0,5,48,0.988967
A,Youn2026,5,10,3.0,5,49,0.989128
A,Youn2026,5,10,3.0,5,50,0.988938
A,Youn2026,5,10,3.0,5,51,0.988898
A,V2I-Base,5,10,3.0,5,42,0.988774
A,V2I-Base,5,10,3.0,5,43,0.98913
A,V2I-Base,5,10,3.0,5,44,0.989087
A,V2I-Base,5,10,3.0,5,45,0.989205
A,V2I-Base,5,10,3.0,5,46,0.989121
A,V2I-Base,5,10,3.0,5,47,0.988933
A,V2I-Base,5,10,3.0,5,48,0.988967
A,V2I-Base,5,10,3.0,5,49,0.989128
A,V2I-Base,5,10,3.0,5,50,0.988938
A,V2I-Base,5,10,3.0,5,51,0.988898
A,V2V-Base,5,10,3.0,5,42,0.988774
A,V2V-Base,5,10,3.0,5,43,0.98913
A,V2V-Base,5,10,3.0,5,44,0.989087
A,V2V-Base,5,10,3.0,5,45,0.989205
A,V2V-Base,5,10,3.0,5,46,0.989121
A,V2V-Base,5,10,3.0,5,47,0.988933
A,V2V-Base,5,10,3.0,5,48,0.988967
A,V2V-Base,5,10,3.0,5,49,0.989128
A,V2V-Base,5,10,3.0,5,50,0.988938
A,V2V-Base,5,10,3.0,5,51,0.988898
A,Random-K,5,10,3.0,5,42,0.988774
A,Random-K,5,10,3.0,5,43,0.98913
A,Random-K,5,10,3.0,5,44,0.989087
A,Random-K,5,10,3.0,5,45,0.989205
A,Random-K,5,10,3.0,5,46,0.989121
A,Random-K,5,10,3.0,5,47,0.988933
A,Random-K,5,10,3.0,5,48,0.988967
A,Random-K,5,10,3.0,5,49,0.989128
A,Random-K,5,10,3.0,5,50,0.988938
A,Random-K,5,10,3.0,5,51,0.988898
A,RILP,5,20,0.0,5,42,0.988774
A,RILP,5,20,0.0,5,43,0.98913
A,RILP,5,20,0.0,5,44,0.989087
A,RILP,5,20,0.0,5,45,0.989205
A,RILP,5,20,0.0,5,46,0.989121
A,RILP,5,20,0.0,5,47,0.988933
A,RILP,5,20,0.0,5,48,0.988967
A,RILP,5,20,0.0,5,49,0.989128
A,RILP,5,20,0.0,5,50,0.988938
A,RILP,5,20,0.0,5,51,0.988898
A,RILP-Greedy,5,20,0.0,5,42,0.988774
A,RILP-Greedy,5,20,0.0,5,43,0.98913
A,RILP-Greedy,5,20,0.0,5,44,0.989087
A,RILP-Greedy,5,20,0.0,5,45,0.989205
A,RILP-Greedy,5,20,0.0,5,46,0.989121
A,RILP-Greedy,5,20,0.0,5,47,0.988933
A,RILP-Greedy,5,20,0.0,5,48,0.988967
A,RILP-Greedy,5,20,0.0,5,49,0.989128
A,RILP-Greedy,5,20,0.0,5,50,0.988938
A,RILP-Greedy,5,20,0.0,5,51,0.988898
A,Nam2023b,5,20,0.0,5,42,0.988774
A,Nam2023b,5,20,0.0,5,43,0.98913
A,Nam2023b,5,20,0.0,5,44,0.989087
A,Nam2023b,5,20,0.0,5,45,0.989205
A,Nam2023b,5,20,0.0,5,46,0.989121
A,Nam2023b,5,20,0.0,5,47,0.988933
A,Nam2023b,5,20,0.0,5,48,0.988967
A,Nam2023b,5,20,0.0,5,49,0.989128
A,Nam2023b,5,20,0.0,5,50,0.988938
A,Nam2023b,5,20,0.0,5,51,0.988898
A,Nam2025,5,20,0.0,5,42,0.988774
A,Nam2025,5,20,0.0,5,43,0.98913
A,Nam2025,5,20,0.0,5,44,0.989087
A,Nam2025,5,20,0.0,5,45,0.989205
A,Nam2025,5,20,0.0,5,46,0.989121
A,Nam2025,5,20,0.0,5,47,0.988933
A,Nam2025,5,20,0.0,5,48,0.988967
A,Nam2025,5,20,0.0,5,49,0.989128
A,Nam2025,5,20,0.0,5,50,0.988938
A,Nam2025,5,20,0.0,5,51,0.988898
A,Youn2026,5,20,0.0,5,42,0.988774
A,Youn2026,5,20,0.0,5,43,0.98913
A,Youn2026,5,20,0.0,5,44,0.989087
A,Youn2026,5,20,0.0,5,45,0.989205
A,Youn2026,5,20,0.0,5,46,0.989121
A,Youn2026,5,20,0.0,5,47,0.988933
A,Youn2026,5,20,0.0,5,48,0.988967
A,Youn2026,5,20,0.0,5,49,0.989128
A,Youn2026,5,20,0.0,5,50,0.988938
A,Youn2026,5,20,0.0,5,51,0.988898
A,V2I-Base,5,20,0.0,5,42,0.988774
A,V2I-Base,5,20,0.0,5,43,0.98913
A,V2I-Base,5,20,0.0,5,44,0.989087
A,V2I-Base,5,20,0.0,5,45,0.989205
A,V2I-Base,5,20,0.0,5,46,0.989121
A,V2I-Base,5,20,0.0,5,47,0.988933
A,V2I-Base,5,20,0.0,5,48,0.988967
A,V2I-Base,5,20,0.0,5,49,0.989128
A,V2I-Base,5,20,0.0,5,50,0.988938
A,V2I-Base,5,20,0.0,5,51,0.988898
A,V2V-Base,5,20,0.0,5,42,0.988774
A,V2V-Base,5,20,0.0,5,43,0.98913
A,V2V-Base,5,20,0.0,5,44,0.989087
A,V2V-Base,5,20,0.0,5,45,0.989205
A,V2V-Base,5,20,0.0,5,46,0.989121
A,V2V-Base,5,20,0.0,5,47,0.988933
A,V2V-Base,5,20,0.0,5,48,0.988967
A,V2V-Base,5,20,0.0,5,49,0.989128
A,V2V-Base,5,20,0.0,5,50,0.988938
A,V2V-Base,5,20,0.0,5,51,0.988898
A,Random-K,5,20,0.0,5,42,0.988774
A,Random-K,5,20,0.0,5,43,0.98913
A,Random-K,5,20,0.0,5,44,0.989087
A,Random-K,5,20,0.0,5,45,0.989205
A,Random-K,5,20,0.0,5,46,0.989121
A,Random-K,5,20,0.0,5,47,0.988933
A,Random-K,5,20,0.0,5,48,0.988967
A,Random-K,5,20,0.0,5,49,0.989128
A,Random-K,5,20,0.0,5,50,0.988938
A,Random-K,5,20,0.0,5,51,0.988898
A,RILP,5,20,1.0,5,42,0.988774
A,RILP,5,20,1.0,5,43,0.98913
A,RILP,5,20,1.0,5,44,0.989087
A,RILP,5,20,1.0,5,45,0.989205
A,RILP,5,20,1.0,5,46,0.989121
A,RILP,5,20,1.0,5,47,0.988933
A,RILP,5,20,1.0,5,48,0.988967
A,RILP,5,20,1.0,5,49,0.989128
A,RILP,5,20,1.0,5,50,0.988938
A,RILP,5,20,1.0,5,51,0.988898
A,RILP-Greedy,5,20,1.0,5,42,0.988774
A,RILP-Greedy,5,20,1.0,5,43,0.98913
A,RILP-Greedy,5,20,1.0,5,44,0.989087
A,RILP-Greedy,5,20,1.0,5,45,0.989205
A,RILP-Greedy,5,20,1.0,5,46,0.989121
A,RILP-Greedy,5,20,1.0,5,47,0.988933
A,RILP-Greedy,5,20,1.0,5,48,0.988967
A,RILP-Greedy,5,20,1.0,5,49,0.989128
A,RILP-Greedy,5,20,1.0,5,50,0.988938
A,RILP-Greedy,5,20,1.0,5,51,0.988898
A,Nam2023b,5,20,1.0,5,42,0.988774
A,Nam2023b,5,20,1.0,5,43,0.98913
A,Nam2023b,5,20,1.0,5,44,0.989087
A,Nam2023b,5,20,1.0,5,45,0.989205
A,Nam2023b,5,20,1.0,5,46,0.989121
A,Nam2023b,5,20,1.0,5,47,0.988933
A,Nam2023b,5,20,1.0,5,48,0.988967
A,Nam2023b,5,20,1.0,5,49,0.989128
A,Nam2023b,5,20,1.0,5,50,0.988938
A,Nam2023b,5,20,1.0,5,51,0.988898
A,Nam2025,5,20,1.0,5,42,0.988774
A,Nam2025,5,20,1.0,5,43,0.98913
A,Nam2025,5,20,1.0,5,44,0.989087
A,Nam2025,5,20,1.0,5,45,0.989205
A,Nam2025,5,20,1.0,5,46,0.989121
A,Nam2025,5,20,1.0,5,47,0.988933
A,Nam2025,5,20,1.0,5,48,0.988967
A,Nam2025,5,20,1.0,5,49,0.989128
A,Nam2025,5,20,1.0,5,50,0.988938
A,Nam2025,5,20,1.0,5,51,0.988898
A,Youn2026,5,20,1.0,5,42,0.988774
A,Youn2026,5,20,1.0,5,43,0.98913
A,Youn2026,5,20,1.0,5,44,0.989087
A,Youn2026,5,20,1.0,5,45,0.989205
A,Youn2026,5,20,1.0,5,46,0.989121
A,Youn2026,5,20,1.0,5,47,0.988933
A,Youn2026,5,20,1.0,5,48,0.988967
A,Youn2026,5,20,1.0,5,49,0.989128
A,Youn2026,5,20,1.0,5,50,0.988938
A,Youn2026,5,20,1.0,5,51,0.988898
A,V2I-Base,5,20,1.0,5,42,0.988774
A,V2I-Base,5,20,1.0,5,43,0.98913
A,V2I-Base,5,20,1.0,5,44,0.989087
A,V2I-Base,5,20,1.0,5,45,0.989205
A,V2I-Base,5,20,1.0,5,46,0.989121
A,V2I-Base,5,20,1.0,5,47,0.988933
A,V2I-Base,5,20,1.0,5,48,0.988967
A,V2I-Base,5,20,1.0,5,49,0.989128
A,V2I-Base,5,20,1.0,5,50,0.988938
A,V2I-Base,5,20,1.0,5,51,0.988898
A,V2V-Base,5,20,1.0,5,42,0.988774
A,V2V-Base,5,20,1.0,5,43,0.98913
A,V2V-Base,5,20,1.0,5,44,0.989087
A,V2V-Base,5,20,1.0,5,45,0.989205
A,V2V-Base,5,20,1.0,5,46,0.989121
A,V2V-Base,5,20,1.0,5,47,0.988933
A,V2V-Base,5,20,1.0,5,48,0.988967
A,V2V-Base,5,20,1.0,5,49,0.989128
A,V2V-Base,5,20,1.0,5,50,0.988938
A,V2V-Base,5,20,1.0,5,51,0.988898
A,Random-K,5,20,1.0,5,42,0.988774
A,Random-K,5,20,1.0,5,43,0.98913
A,Random-K,5,20,1.0,5,44,0.989087
A,Random-K,5,20,1.0,5,45,0.989205
A,Random-K,5,20,1.0,5,46,0.989121
A,Random-K,5,20,1.0,5,47,0.988933
A,Random-K,5,20,1.0,5,48,0.988967
A,Random-K,5,20,1.0,5,49,0.989128
A,Random-K,5,20,1.0,5,50,0.988938
A,Random-K,5,20,1.0,5,51,0.988898
A,RILP,5,20,2.0,5,42,0.988774
A,RILP,5,20,2.0,5,43,0.98913
A,RILP,5,20,2.0,5,44,0.989087
A,RILP,5,20,2.0,5,45,0.989205
A,RILP,5,20,2.0,5,46,0.989121
A,RILP,5,20,2.0,5,47,0.988933
A,RILP,5,20,2.0,5,48,0.988967
A,RILP,5,20,2.0,5,49,0.989128
A,RILP,5,20,2.0,5,50,0.988938
A,RILP,5,20,2.0,5,51,0.988898
A,RILP-Greedy,5,20,2.0,5,42,0.988774
A,RILP-Greedy,5,20,2.0,5,43,0.98913
A,RILP-Greedy,5,20,2.0,5,44,0.989087
A,RILP-Greedy,5,20,2.0,5,45,0.989205
A,RILP-Greedy,5,20,2.0,5,46,0.989121
A,RILP-Greedy,5,20,2.0,5,47,0.988933
A,RILP-Greedy,5,20,2.0,5,48,0.988967
A,RILP-Greedy,5,20,2.0,5,49,0.989128
A,RILP-Greedy,5,20,2.0,5,50,0.988938
A,RILP-Greedy,5,20,2.0,5,51,0.988898
A,Nam2023b,5,20,2.0,5,42,0.988774
A,Nam2023b,5,20,2.0,5,43,0.98913
A,Nam2023b,5,20,2.0,5,44,0.989087
A,Nam2023b,5,20,2.0,5,45,0.989205
A,Nam2023b,5,20,2.0,5,46,0.989121
A,Nam2023b,5,20,2.0,5,47,0.988933
A,Nam2023b,5,20,2.0,5,48,0.988967
A,Nam2023b,5,20,2.0,5,49,0.989128
A,Nam2023b,5,20,2.0,5,50,0.988938
A,Nam2023b,5,20,2.0,5,51,0.988898
A,Nam2025,5,20,2.0,5,42,0.988774
A,Nam2025,5,20,2.0,5,43,0.98913
A,Nam2025,5,20,2.0,5,44,0.989087
A,Nam2025,5,20,2.0,5,45,0.989205
A,Nam2025,5,20,2.0,5,46,0.989121
A,Nam2025,5,20,2.0,5,47,0.988933
A,Nam2025,5,20,2.0,5,48,0.988967
A,Nam2025,5,20,2.0,5,49,0.989128
A,Nam2025,5,20,2.0,5,50,0.988938
A,Nam2025,5,20,2.0,5,51,0.988898
A,Youn2026,5,20,2.0,5,42,0.988774
A,Youn2026,5,20,2.0,5,43,0.98913
A,Youn2026,5,20,2.0,5,44,0.989087
A,Youn2026,5,20,2.0,5,45,0.989205
A,Youn2026,5,20,2.0,5,46,0.989121
A,Youn2026,5,20,2.0,5,47,0.988933
A,Youn2026,5,20,2.0,5,48,0.988967
A,Youn2026,5,20,2.0,5,49,0.989128
A,Youn2026,5,20,2.0,5,50,0.988938
A,Youn2026,5,20,2.0,5,51,0.988898
A,V2I-Base,5,20,2.0,5,42,0.988774
A,V2I-Base,5,20,2.0,5,43,0.98913
A,V2I-Base,5,20,2.0,5,44,0.989087
A,V2I-Base,5,20,2.0,5,45,0.989205
A,V2I-Base,5,20,2.0,5,46,0.989121
A,V2I-Base,5,20,2.0,5,47,0.988933
A,V2I-Base,5,20,2.0,5,48,0.988967
A,V2I-Base,5,20,2.0,5,49,0.989128
A,V2I-Base,5,20,2.0,5,50,0.988938
A,V2I-Base,5,20,2.0,5,51,0.988898
A,V2V-Base,5,20,2.0,5,42,0.988774
A,V2V-Base,5,20,2.0,5,43,0.98913
A,V2V-Base,5,20,2.0,5,44,0.989087
A,V2V-Base,5,20,2.0,5,45,0.989205
A,V2V-Base,5,20,2.0,5,46,0.989121
A,V2V-Base,5,20,2.0,5,47,0.988933
A,V2V-Base,5,20,2.0,5,48,0.988967
A,V2V-Base,5,20,2.0,5,49,0.989128
A,V2V-Base,5,20,2.0,5,50,0.988938
A,V2V-Base,5,20,2.0,5,51,0.988898
A,Random-K,5,20,2.0,5,42,0.988774
A,Random-K,5,20,2.0,5,43,0.98913
A,Random-K,5,20,2.0,5,44,0.989087
A,Random-K,5,20,2.0,5,45,0.989205
A,Random-K,5,20,2.0,5,46,0.989121
A,Random-K,5,20,2.0,5,47,0.988933
A,Random-K,5,20,2.0,5,48,0.988967
A,Random-K,5,20,2.0,5,49,0.989128
A,Random-K,5,20,2.0,5,50,0.988938
A,Random-K,5,20,2.0,5,51,0.988898
A,RILP,5,20,3.0,5,42,0.988774
A,RILP,5,20,3.0,5,43,0.98913
A,RILP,5,20,3.0,5,44,0.989087
A,RILP,5,20,3.0,5,45,0.989205
A,RILP,5,20,3.0,5,46,0.989121
A,RILP,5,20,3.0,5,47,0.988933
A,RILP,5,20,3.0,5,48,0.988967
A,RILP,5,20,3.0,5,49,0.989128
A,RILP,5,20,3.0,5,50,0.988938
A,RILP,5,20,3.0,5,51,0.988898
A,RILP-Greedy,5,20,3.0,5,42,0.988774
A,RILP-Greedy,5,20,3.0,5,43,0.98913
A,RILP-Greedy,5,20,3.0,5,44,0.989087
A,RILP-Greedy,5,20,3.0,5,45,0.989205
A,RILP-Greedy,5,20,3.0,5,46,0.989121
A,RILP-Greedy,5,20,3.0,5,47,0.988933
A,RILP-Greedy,5,20,3.0,5,48,0.988967
A,RILP-Greedy,5,20,3.0,5,49,0.989128
A,RILP-Greedy,5,20,3.0,5,50,0.988938
A,RILP-Greedy,5,20,3.0,5,51,0.988898
A,Nam2023b,5,20,3.0,5,42,0.988774
A,Nam2023b,5,20,3.0,5,43,0.98913
A,Nam2023b,5,20,3.0,5,44,0.989087
A,Nam2023b,5,20,3.0,5,45,0.989205
A,Nam2023b,5,20,3.0,5,46,0.989121
A,Nam2023b,5,20,3.0,5,47,0.988933
A,Nam2023b,5,20,3.0,5,48,0.988967
A,Nam2023b,5,20,3.0,5,49,0.989128
A,Nam2023b,5,20,3.0,5,50,0.988938
A,Nam2023b,5,20,3.0,5,51,0.988898
A,Nam2025,5,20,3.0,5,42,0.988774
A,Nam2025,5,20,3.0,5,43,0.98913
A,Nam2025,5,20,3.0,5,44,0.989087
A,Nam2025,5,20,3.0,5,45,0.989205
A,Nam2025,5,20,3.0,5,46,0.989121
A,Nam2025,5,20,3.0,5,47,0.988933
A,Nam2025,5,20,3.0,5,48,0.988967
A,Nam2025,5,20,3.0,5,49,0.989128
A,Nam2025,5,20,3.0,5,50,0.988938
A,Nam2025,5,20,3.0,5,51,0.988898
A,Youn2026,5,20,3.0,5,42,0.988774
A,Youn2026,5,20,3.0,5,43,0.98913
A,Youn2026,5,20,3.0,5,44,0.989087
A,Youn2026,5,20,3.0,5,45,0.989205
A,Youn2026,5,20,3.0,5,46,0.989121
A,Youn2026,5,20,3.0,5,47,0.988933
A,Youn2026,5,20,3.0,5,48,0.988967
A,Youn2026,5,20,3.0,5,49,0.989128
A,Youn2026,5,20,3.0,5,50,0.988938
A,Youn2026,5,20,3.0,5,51,0.988898
A,V2I-Base,5,20,3.0,5,42,0.988774
A,V2I-Base,5,20,3.0,5,43,0.98913
A,V2I-Base,5,20,3.0,5,44,0.989087
A,V2I-Base,5,20,3.0,5,45,0.989205
A,V2I-Base,5,20,3.0,5,46,0.989121
A,V2I-Base,5,20,3.0,5,47,0.988933
A,V2I-Base,5,20,3.0,5,48,0.988967
A,V2I-Base,5,20,3.0,5,49,0.989128
A,V2I-Base,5,20,3.0,5,50,0.988938
A,V2I-Base,5,20,3.0,5,51,0.988898
A,V2V-Base,5,20,3.0,5,42,0.988774
A,V2V-Base,5,20,3.0,5,43,0.98913
A,V2V-Base,5,20,3.0,5,44,0.989087
A,V2V-Base,5,20,3.0,5,45,0.989205
A,V2V-Base,5,20,3.0,5,46,0.989121
A,V2V-Base,5,20,3.0,5,47,0.988933
A,V2V-Base,5,20,3.0,5,48,0.988967
A,V2V-Base,5,20,3.0,5,49,0.989128
A,V2V-Base,5,20,3.0,5,50,0.988938
A,V2V-Base,5,20,3.0,5,51,0.988898
A,Random-K,5,20,3.0,5,42,0.988774
A,Random-K,5,20,3.0,5,43,0.98913
A,Random-K,5,20,3.0,5,44,0.989087
A,Random-K,5,20,3.0,5,45,0.989205
A,Random-K,5,20,3.0,5,46,0.989121
A,Random-K,5,20,3.0,5,47,0.988933
A,Random-K,5,20,3.0,5,48,0.988967
A,Random-K,5,20,3.0,5,49,0.989128
A,Random-K,5,20,3.0,5,50,0.988938
A,Random-K,5,20,3.0,5,51,0.988898
A,RILP,5,30,0.0,5,42,0.988774
A,RILP,5,30,0.0,5,43,0.98913
A,RILP,5,30,0.0,5,44,0.989087
A,RILP,5,30,0.0,5,45,0.989205
A,RILP,5,30,0.0,5,46,0.989121
A,RILP,5,30,0.0,5,47,0.988933
A,RILP,5,30,0.0,5,48,0.988967
A,RILP,5,30,0.0,5,49,0.989128
A,RILP,5,30,0.0,5,50,0.988938
A,RILP,5,30,0.0,5,51,0.988898
A,RILP-Greedy,5,30,0.0,5,42,0.988774
A,RILP-Greedy,5,30,0.0,5,43,0.98913
A,RILP-Greedy,5,30,0.0,5,44,0.989087
A,RILP-Greedy,5,30,0.0,5,45,0.989205
A,RILP-Greedy,5,30,0.0,5,46,0.989121
A,RILP-Greedy,5,30,0.0,5,47,0.988933
A,RILP-Greedy,5,30,0.0,5,48,0.988967
A,RILP-Greedy,5,30,0.0,5,49,0.989128
A,RILP-Greedy,5,30,0.0,5,50,0.988938
A,RILP-Greedy,5,30,0.0,5,51,0.988898
A,Nam2023b,5,30,0.0,5,42,0.988774
A,Nam2023b,5,30,0.0,5,43,0.98913
A,Nam2023b,5,30,0.0,5,44,0.989087
A,Nam2023b,5,30,0.0,5,45,0.989205
A,Nam2023b,5,30,0.0,5,46,0.989121
A,Nam2023b,5,30,0.0,5,47,0.988933
A,Nam2023b,5,30,0.0,5,48,0.988967
A,Nam2023b,5,30,0.0,5,49,0.989128
A,Nam2023b,5,30,0.0,5,50,0.988938
A,Nam2023b,5,30,0.0,5,51,0.988898
A,Nam2025,5,30,0.0,5,42,0.988774
A,Nam2025,5,30,0.0,5,43,0.98913
A,Nam2025,5,30,0.0,5,44,0.989087
A,Nam2025,5,30,0.0,5,45,0.989205
A,Nam2025,5,30,0.0,5,46,0.989121
A,Nam2025,5,30,0.0,5,47,0.988933
A,Nam2025,5,30,0.0,5,48,0.988967
A,Nam2025,5,30,0.0,5,49,0.989128
A,Nam2025,5,30,0.0,5,50,0.988938
A,Nam2025,5,30,0.0,5,51,0.988898
A,Youn2026,5,30,0.0,5,42,0.988774
A,Youn2026,5,30,0.0,5,43,0.98913
A,Youn2026,5,30,0.0,5,44,0.989087
A,Youn2026,5,30,0.0,5,45,0.989205
A,Youn2026,5,30,0.0,5,46,0.989121
A,Youn2026,5,30,0.0,5,47,0.988933
A,Youn2026,5,30,0.0,5,48,0.988967
A,Youn2026,5,30,0.0,5,49,0.989128
A,Youn2026,5,30,0.0,5,50,0.988938
A,Youn2026,5,30,0.0,5,51,0.988898
A,V2I-Base,5,30,0.0,5,42,0.988774
A,V2I-Base,5,30,0.0,5,43,0.98913
A,V2I-Base,5,30,0.0,5,44,0.989087
A,V2I-Base,5,30,0.0,5,45,0.989205
A,V2I-Base,5,30,0.0,5,46,0.989121
A,V2I-Base,5,30,0.0,5,47,0.988933
A,V2I-Base,5,30,0.0,5,48,0.988967
A,V2I-Base,5,30,0.0,5,49,0.989128
A,V2I-Base,5,30,0.0,5,50,0.988938
A,V2I-Base,5,30,0.0,5,51,0.988898
A,V2V-Base,5,30,0.0,5,42,0.988774
A,V2V-Base,5,30,0.0,5,43,0.98913
A,V2V-Base,5,30,0.0,5,44,0.989087
A,V2V-Base,5,30,0.0,5,45,0.989205
A,V2V-Base,5,30,0.0,5,46,0.989121
A,V2V-Base,5,30,0.0,5,47,0.988933
A,V2V-Base,5,30,0.0,5,48,0.988967
A,V2V-Base,5,30,0.0,5,49,0.989128
A,V2V-Base,5,30,0.0,5,50,0.988938
A,V2V-Base,5,30,0.0,5,51,0.988898
A,Random-K,5,30,0.0,5,42,0.988774
A,Random-K,5,30,0.0,5,43,0.98913
A,Random-K,5,30,0.0,5,44,0.989087
A,Random-K,5,30,0.0,5,45,0.989205
A,Random-K,5,30,0.0,5,46,0.989121
A,Random-K,5,30,0.0,5,47,0.988933
A,Random-K,5,30,0.0,5,48,0.988967
A,Random-K,5,30,0.0,5,49,0.989128
A,Random-K,5,30,0.0,5,50,0.988938
A,Random-K,5,30,0.0,5,51,0.988898
A,RILP,5,30,1.0,5,42,0.988774
A,RILP,5,30,1.0,5,43,0.98913
A,RILP,5,30,1.0,5,44,0.989087
A,RILP,5,30,1.0,5,45,0.989205
A,RILP,5,30,1.0,5,46,0.989121
A,RILP,5,30,1.0,5,47,0.988933
A,RILP,5,30,1.0,5,48,0.988967
A,RILP,5,30,1.0,5,49,0.989128
A,RILP,5,30,1.0,5,50,0.988938
A,RILP,5,30,1.0,5,51,0.988898
A,RILP-Greedy,5,30,1.0,5,42,0.988774
A,RILP-Greedy,5,30,1.0,5,43,0.98913
A,RILP-Greedy,5,30,1.0,5,44,0.989087
A,RILP-Greedy,5,30,1.0,5,45,0.989205
A,RILP-Greedy,5,30,1.0,5,46,0.989121
A,RILP-Greedy,5,30,1.0,5,47,0.988933
A,RILP-Greedy,5,30,1.0,5,48,0.988967
A,RILP-Greedy,5,30,1.0,5,49,0.989128
A,RILP-Greedy,5,30,1.0,5,50,0.988938
A,RILP-Greedy,5,30,1.0,5,51,0.988898
A,Nam2023b,5,30,1.0,5,42,0.988774
A,Nam2023b,5,30,1.0,5,43,0.98913
A,Nam2023b,5,30,1.0,5,44,0.989087
A,Nam2023b,5,30,1.0,5,45,0.989205
A,Nam2023b,5,30,1.0,5,46,0.989121
A,Nam2023b,5,30,1.0,5,47,0.988933
A,Nam2023b,5,30,1.0,5,48,0.988967
A,Nam2023b,5,30,1.0,5,49,0.989128
A,Nam2023b,5,30,1.0,5,50,0.988938
A,Nam2023b,5,30,1.0,5,51,0.988898
A,Nam2025,5,30,1.0,5,42,0.988774
A,Nam2025,5,30,1.0,5,43,0.98913
A,Nam2025,5,30,1.0,5,44,0.989087
A,Nam2025,5,30,1.0,5,45,0.989205
A,Nam2025,5,30,1.0,5,46,0.989121
A,Nam2025,5,30,1.0,5,47,0.988933
A,Nam2025,5,30,1.0,5,48,0.988967
A,Nam2025,5,30,1.0,5,49,0.989128
A,Nam2025,5,30,1.0,5,50,0.988938
A,Nam2025,5,30,1.0,5,51,0.988898
A,Youn2026,5,30,1.0,5,42,0.988774
A,Youn2026,5,30,1.0,5,43,0.98913
A,Youn2026,5,30,1.0,5,44,0.989087
A,Youn2026,5,30,1.0,5,45,0.989205
A,Youn2026,5,30,1.0,5,46,0.989121
A,Youn2026,5,30,1.0,5,47,0.988933
A,Youn2026,5,30,1.0,5,48,0.988967
A,Youn2026,5,30,1.0,5,49,0.989128
A,Youn2026,5,30,1.0,5,50,0.988938
A,Youn2026,5,30,1.0,5,51,0.988898
A,V2I-Base,5,30,1.0,5,42,0.988774
A,V2I-Base,5,30,1.0,5,43,0.98913
A,V2I-Base,5,30,1.0,5,44,0.989087
A,V2I-Base,5,30,1.0,5,45,0.989205
A,V2I-Base,5,30,1.0,5,46,0.989121
A,V2I-Base,5,30,1.0,5,47,0.988933
A,V2I-Base,5,30,1.0,5,48,0.988967
A,V2I-Base,5,30,1.0,5,49,0.989128
A,V2I-Base,5,30,1.0,5,50,0.988938
A,V2I-Base,5,30,1.0,5,51,0.988898
A,V2V-Base,5,30,1.0,5,42,0.988774
A,V2V-Base,5,30,1.0,5,43,0.98913
A,V2V-Base,5,30,1.0,5,44,0.989087
A,V2V-Base,5,30,1.0,5,45,0.989205
A,V2V-Base,5,30,1.0,5,46,0.989121
A,V2V-Base,5,30,1.0,5,47,0.988933
A,V2V-Base,5,30,1.0,5,48,0.988967
A,V2V-Base,5,30,1.0,5,49,0.989128
A,V2V-Base,5,30,1.0,5,50,0.988938
A,V2V-Base,5,30,1.0,5,51,0.988898
A,Random-K,5,30,1.0,5,42,0.988774
A,Random-K,5,30,1.0,5,43,0.98913
A,Random-K,5,30,1.0,5,44,0.989087
A,Random-K,5,30,1.0,5,45,0.989205
A,Random-K,5,30,1.0,5,46,0.989121
A,Random-K,5,30,1.0,5,47,0.988933
A,Random-K,5,30,1.0,5,48,0.988967
A,Random-K,5,30,1.0,5,49,0.989128
A,Random-K,5,30,1.0,5,50,0.988938
A,Random-K,5,30,1.0,5,51,0.988898
A,RILP,5,30,2.0,5,42,0.988774
A,RILP,5,30,2.0,5,43,0.98913
A,RILP,5,30,2.0,5,44,0.989087
A,RILP,5,30,2.0,5,45,0.989205
A,RILP,5,30,2.0,5,46,0.989121
A,RILP,5,30,2.0,5,47,0.988933
A,RILP,5,30,2.0,5,48,0.988967
A,RILP,5,30,2.0,5,49,0.989128
A,RILP,5,30,2.0,5,50,0.988938
A,RILP,5,30,2.0,5,51,0.988898
A,RILP-Greedy,5,30,2.0,5,42,0.988774
A,RILP-Greedy,5,30,2.0,5,43,0.98913
A,RILP-Greedy,5,30,2.0,5,44,0.989087
A,RILP-Greedy,5,30,2.0,5,45,0.989205
A,RILP-Greedy,5,30,2.0,5,46,0.989121
A,RILP-Greedy,5,30,2.0,5,47,0.988933
A,RILP-Greedy,5,30,2.0,5,48,0.988967
A,RILP-Greedy,5,30,2.0,5,49,0.989128
A,RILP-Greedy,5,30,2.0,5,50,0.988938
A,RILP-Greedy,5,30,2.0,5,51,0.988898
A,Nam2023b,5,30,2.0,5,42,0.988774
A,Nam2023b,5,30,2.0,5,43,0.98913
A,Nam2023b,5,30,2.0,5,44,0.989087
A,Nam2023b,5,30,2.0,5,45,0.989205
A,Nam2023b,5,30,2.0,5,46,0.989121
A,Nam2023b,5,30,2.0,5,47,0.988933
A,Nam2023b,5,30,2.0,5,48,0.988967
A,Nam2023b,5,30,2.0,5,49,0.989128
A,Nam2023b,5,30,2.0,5,50,0.988938
A,Nam2023b,5,30,2.0,5,51,0.988898
A,Nam2025,5,30,2.0,5,42,0.988774
A,Nam2025,5,30,2.0,5,43,0.98913
A,Nam2025,5,30,2.0,5,44,0.989087
A,Nam2025,5,30,2.0,5,45,0.989205
A,Nam2025,5,30,2.0,5,46,0.989121
A,Nam2025,5,30,2.0,5,47,0.988933
A,Nam2025,5,30,2.0,5,48,0.988967
A,Nam2025,5,30,2.0,5,49,0.989128
A,Nam2025,5,30,2.0,5,50,0.988938
A,Nam2025,5,30,2.0,5,51,0.988898
A,Youn2026,5,30,2.0,5,42,0.988774
A,Youn2026,5,30,2.0,5,43,0.98913
A,Youn2026,5,30,2.0,5,44,0.989087
A,Youn2026,5,30,2.0,5,45,0.989205
A,Youn2026,5,30,2.0,5,46,0.989121
A,Youn2026,5,30,2.0,5,47,0.988933
A,Youn2026,5,30,2.0,5,48,0.988967
A,Youn2026,5,30,2.0,5,49,0.989128
A,Youn2026,5,30,2.0,5,50,0.988938
A,Youn2026,5,30,2.0,5,51,0.988898
A,V2I-Base,5,30,2.0,5,42,0.988774
A,V2I-Base,5,30,2.0,5,43,0.98913
A,V2I-Base,5,30,2.0,5,44,0.989087
A,V2I-Base,5,30,2.0,5,45,0.989205
A,V2I-Base,5,30,2.0,5,46,0.989121
A,V2I-Base,5,30,2.0,5,47,0.988933
A,V2I-Base,5,30,2.0,5,48,0.988967
A,V2I-Base,5,30,2.0,5,49,0.989128
A,V2I-Base,5,30,2.0,5,50,0.988938
A,V2I-Base,5,30,2.0,5,51,0.988898
A,V2V-Base,5,30,2.0,5,42,0.988774
A,V2V-Base,5,30,2.0,5,43,0.98913
A,V2V-Base,5,30,2.0,5,44,0.989087
A,V2V-Base,5,30,2.0,5,45,0.989205
A,V2V-Base,5,30,2.0,5,46,0.989121
A,V2V-Base,5,30,2.0,5,47,0.988933
A,V2V-Base,5,30,2.0,5,48,0.988967
A,V2V-Base,5,30,2.0,5,49,0.989128
A,V2V-Base,5,30,2.0,5,50,0.988938
A,V2V-Base,5,30,2.0,5,51,0.988898
A,Random-K,5,30,2.0,5,42,0.988774
A,Random-K,5,30,2.0,5,43,0.98913
A,Random-K,5,30,2.0,5,44,0.989087
A,Random-K,5,30,2.0,5,45,0.989205
A,Random-K,5,30,2.0,5,46,0.989121
A,Random-K,5,30,2.0,5,47,0.988933
A,Random-K,5,30,2.0,5,48,0.988967
A,Random-K,5,30,2.0,5,49,0.989128
A,Random-K,5,30,2.0,5,50,0.988938
A,Random-K,5,30,2.0,5,51,0.988898
A,RILP,5,30,3.0,5,42,0.988774
A,RILP,5,30,3.0,5,43,0.98913
A,RILP,5,30,3.0,5,44,0.989087
A,RILP,5,30,3.0,5,45,0.989205
A,RILP,5,30,3.0,5,46,0.989121
A,RILP,5,30,3.0,5,47,0.988933
A,RILP,5,30,3.0,5,48,0.988967
A,RILP,5,30,3.0,5,49,0.989128
A,RILP,5,30,3.0,5,50,0.988938
A,RILP,5,30,3.0,5,51,0.988898
A,RILP-Greedy,5,30,3.0,5,42,0.988774
A,RILP-Greedy,5,30,3.0,5,43,0.98913
A,RILP-Greedy,5,30,3.0,5,44,0.989087
A,RILP-Greedy,5,30,3.0,5,45,0.989205
A,RILP-Greedy,5,30,3.0,5,46,0.989121
A,RILP-Greedy,5,30,3.0,5,47,0.988933
A,RILP-Greedy,5,30,3.0,5,48,0.988967
A,RILP-Greedy,5,30,3.0,5,49,0.989128
A,RILP-Greedy,5,30,3.0,5,50,0.988938
A,RILP-Greedy,5,30,3.0,5,51,0.988898
A,Nam2023b,5,30,3.0,5,42,0.988774
A,Nam2023b,5,30,3.0,5,43,0.98913
A,Nam2023b,5,30,3.0,5,44,0.989087
A,Nam2023b,5,30,3.0,5,45,0.989205
A,Nam2023b,5,30,3.0,5,46,0.989121
A,Nam2023b,5,30,3.0,5,47,0.988933
A,Nam2023b,5,30,3.0,5,48,0.988967
A,Nam2023b,5,30,3.0,5,49,0.989128
A,Nam2023b,5,30,3.0,5,50,0.988938
A,Nam2023b,5,30,3.0,5,51,0.989783
A,Nam2025,5,30,3.0,5,42,0.989736
A,Nam2025,5,30,3.0,5,43,0.989734
A,Nam2025,5,30,3.0,5,44,0.989723
A,Nam2025,5,30,3.0,5,45,0.989702
A,Nam2025,5,30,3.0,5,46,0.989742
A,Nam2025,5,30,3.0,5,47,0.98974
A,Nam2025,5,30,3.0,5,48,0.989693
A,Nam2025,5,30,3.0,5,49,0.989843
A,Nam2025,5,30,3.0,5,50,0.989773
A,Nam2025,5,30,3.0,5,51,0.989783
A,Youn2026,5,30,3.0,5,42,0.989736
A,Youn2026,5,30,3.0,5,43,0.989734
A,Youn2026,5,30,3.0,5,44,0.989723
A,Youn2026,5,30,3.0,5,45,0.989702
A,Youn2026,5,30,3.0,5,46,0.989742
A,Youn2026,5,30,3.0,5,47,0.98974
A,Youn2026,5,30,3.0,5,48,0.989693
A,Youn2026,5,30,3.0,5,49,0.989843
A,Youn2026,5,30,3.0,5,50,0.989773
A,Youn2026,5,30,3.0,5,51,0.989783
A,V2I-Base,5,30,3.0,5,42,0.989736
A,V2I-Base,5,30,3.0,5,43,0.989734
A,V2I-Base,5,30,3.0,5,44,0.989723
A,V2I-Base,5,30,3.0,5,45,0.989702
A,V2I-Base,5,30,3.0,5,46,0.989742
A,V2I-Base,5,30,3.0,5,47,0.98974
A,V2I-Base,5,30,3.0,5,48,0.989693
A,V2I-Base,5,30,3.0,5,49,0.989843
A,V2I-Base,5,30,3.0,5,50,0.989773
A,V2I-Base,5,30,3.0,5,51,0.989783
A,V2V-Base,5,30,3.0,5,42,0.989736
A,V2V-Base,5,30,3.0,5,43,0.989734
A,V2V-Base,5,30,3.0,5,44,0.989723
A,V2V-Base,5,30,3.0,5,45,0.989702
A,V2V-Base,5,30,3.0,5,46,0.989742
A,V2V-Base,5,30,3.0,5,47,0.98974
A,V2V-Base,5,30,3.0,5,48,0.989693
A,V2V-Base,5,30,3.0,5,49,0.989843
A,V2V-Base,5,30,3.0,5,50,0.989773
A,V2V-Base,5,30,3.0,5,51,0.989783
A,Random-K,5,30,3.0,5,42,0.989736
A,Random-K,5,30,3.0,5,43,0.989734
A,Random-K,5,30,3.0,5,44,0.989723
A,Random-K,5,30,3.0,5,45,0.989702
A,Random-K,5,30,3.0,5,46,0.989742
A,Random-K,5,30,3.0,5,47,0.98974
A,Random-K,5,30,3.0,5,48,0.989693
A,Random-K,5,30,3.0,5,49,0.989843
A,Random-K,5,30,3.0,5,50,0.989773
A,Random-K,5,30,3.0,5,51,0.989783
