{
  "episode": 462,
  "federated_round_count": 46,
  "reward_history": [
    0.11522425617141427,
    0.35324249386213413,
    0.24055640278824778,
    0.3447718721616044,
    0.39157385325800187,
    0.40847026802207986,
    0.29353629091763966,
    0.11625449639093054,
    0.346298334802319,
    0.24030124805382877,
    0.3612004761047922,
    0.3761855577467409,
    0.3991503742233385,
    0.30118420747825003,
    0.39600726150309706,
    0.39142908098495116,
    0.4061074667778111,
    0.4295029470318957,
    0.41488251193810666,
    0.4201561225995605,
    0.2621195344064195,
    0.403408155140074,
    0.39064915685536156,
    0.3690625589104334,
    0.2611027837351636,
    0.3948842827785338,
    0.27290068518904864,
    0.3874269870640275,
    0.3787330530325837,
    0.33694477082084784,
    0.2574269501133673,
    0.24028570958534368,
    0.3548743578779088,
    0.3762405650697435,
    0.34468325108952347,
    0.4014343711039581,
    0.40580250389923783,
    0.34651522368155535,
    0.3804042345696704,
    0.371285940746592,
    0.3978689431080904,
    0.4169478372493703,
    0.4081949891388511,
    0.2800236865209789,
    0.2960854571209261,
    0.24187910992125372,
    0.3329459114578783,
    0.38143798644930565,
    0.4172799303860431,
    0.3651764616913484,
    0.3860957041313765,
    0.405472074273492,
    0.41351435966823635,
    0.3168274377529635,
    0.4268432290926875,
    0.38752382666336105,
    0.3861560422807606,
    0.41280543218659677,
    0.3669521948036145,
    0.38840696432848115,
    0.4141012871199966,
    0.3669317301741342,
    0.34299989641740486,
    0.36739039246566574,
    0.31261438346915926,
    0.3597742947483346,
    0.31999042075787565,
    0.3767928771678252,
    0.2628300873104368,
    0.29077771170471756,
    0.36280435411847956,
    0.4000118039724066,
    0.28557285696511847,
    0.3574873254874133,
    0.4306900324405986,
    0.33136448401356816,
    0.3822631359101644,
    0.3855099461226381,
    0.4254382884105594,
    0.2797851866503911,
    0.40894161805549156,
    0.40562692945741924,
    0.38261166864786417,
    0.11049518466042375,
    0.34103967152305165,
    0.2404677537981161,
    0.3597402326434938,
    0.3823269292252377,
    0.409855422318138,
    0.3040074449716541,
    0.3850362261429017,
    0.39571867946629136,
    0.4092726556018362,
    0.43042301692100604,
    0.41164892920382024,
    0.417912356421374,
    0.2749895147624156,
    0.4106922731307528,
    0.3918942262269908,
    0.3724412830797673,
    0.26962515474884385,
    0.3971192153623472,
    0.2566493416534942,
    0.39106798674999427,
    0.38159299077180203,
    0.3131265539437184,
    0.260326937720063,
    0.23867317049245185,
    0.3419945559746766,
    0.36846004375233643,
    0.35137975791838627,
    0.4042170320246445,
    0.39166686617511637,
    0.34616068871870226,
    0.3928341939350326,
    0.36749938482094724,
    0.3994061731581775,
    0.4106364238446805,
    0.40722454924901025,
    0.2744190822178417,
    0.28718227293660825,
    0.24184334894867063,
    0.33713990631269214,
    0.36683677355842087,
    0.41112757556760204,
    0.371743222227814,
    0.40296135512528214,
    0.4146012008685228,
    0.40760948283330345,
    0.3249623706611614,
    0.42372608724347066,
    0.3811424451038637,
    0.3842361947555116,
    0.4108300249556586,
    0.36474943669225435,
    0.3742025017973131,
    0.4174547207871025,
    0.3705503343758393,
    0.35463908099724245,
    0.35164956525278007,
    0.29308421059393613,
    0.3375179504355213,
    0.302743279726486,
    0.35491439328523205,
    0.2443522165961021,
    0.2955150858365167,
    0.3352459811299647,
    0.3890498911903679,
    0.26584767345884297,
    0.3485035915274747,
    0.4240815459353435,
    0.32655114771607435,
    0.37898797572274,
    0.372262985109959,
    0.41028431875332166,
    0.2745900065081405,
    0.39072372218319973,
    0.4073916165527555,
    0.39084261100121725,
    0.41756807332147555,
    0.36955173358494164,
    0.2560369306790877,
    0.3882394388218119,
    0.3527584922535756,
    0.37281623695199984,
    0.38110311628167837,
    0.407392373886289,
    0.26807806048468924,
    0.3881222112115882,
    0.381110881094723,
    0.38993820235210835,
    0.34802847448770796,
    0.4225723010903043,
    0.2954012959037871,
    0.37341826539503387,
    0.38204575640829563,
    0.3067363276069816,
    0.34250156419895317,
    0.38078765374182755,
    0.3353749340965434,
    0.32817305180860173,
    0.4169202890918586,
    0.4012348601428018,
    0.381269711326719,
    0.3759445671847981,
    0.3856417936338297,
    0.3564377371286868,
    0.37718047664965987,
    0.3963340481597047,
    0.4105089351260565,
    0.4204410177602124,
    0.35465935285223604,
    0.3311888630989941,
    0.3001753477767625,
    0.34679493436823333,
    0.24112772674210958,
    0.3436222325548821,
    0.40290411301484413,
    0.3839243095335864,
    0.4280580868063039,
    0.4290770905331796,
    0.3962153121375574,
    0.34459796000130294,
    0.3903280613696781,
    0.36852856213929064,
    0.3244643694114016,
    0.3828973389269253,
    0.38382779286002633,
    0.4027244855096124,
    0.3948698877645554,
    0.34314917597511035,
    0.29690910170702034,
    0.3372207951141292,
    0.3518614648602231,
    0.3235380880462776,
    0.3802516433039202,
    0.35410515224898376,
    0.37285158777165694,
    0.395560975779851,
    0.27517306988710427,
    0.39930547441748143,
    0.3007183179347267,
    0.384049658751419,
    0.25883408469188207,
    0.30901214926339504,
    0.2910698323720219,
    0.2626344129917973,
    0.3097029249725474,
    0.37244181181536734,
    0.34915702673868965,
    0.3460613504341639,
    0.32513066401942564,
    0.4007156554163605,
    0.32082701620434706,
    0.36705315344137207,
    0.4083225470461989,
    0.3916461374803595,
    0.3204224856615647,
    0.2838613417133257,
    0.3005230322985835,
    0.33477188100419364,
    0.3842170787252511,
    0.3685815782456937,
    0.3798514728217097,
    0.36920805023870595,
    0.4062177253603617,
    0.3778965046324141,
    0.4054779607631746,
    0.25820309478063996,
    0.3036416354426215,
    0.39465034815263594,
    0.4076916326733719,
    0.33949857911933207,
    0.3788813570362506,
    0.37336486021267623,
    0.40001384800808026,
    0.380088965618495,
    0.23797935068128345,
    0.36197816732336996,
    0.40662093163925217,
    0.34881614058145805,
    0.234267708015589,
    0.4062864593031627,
    0.41341684094200704,
    0.3045284152861594,
    0.32557432466265684,
    0.38933382496932384,
    0.30288215705872457,
    0.23754787667669933,
    0.40889243140329384,
    0.3352748873194484,
    0.38695543325338944,
    0.407274943405624,
    0.36371319355254017,
    0.34125294131800044,
    0.4106088334528903,
    0.35910787130132327,
    0.29559790017196697,
    0.41192565276361454,
    0.26585132193207295,
    0.38986768255493337,
    0.3255438186956543,
    0.38772573484600115,
    0.3852128248025987,
    0.39545235409837753,
    0.3814544059790062,
    0.4102303886784121,
    0.40712478053136664,
    0.3882334244621374,
    0.41839437546223096,
    0.36073892112985745,
    0.3458052352252359,
    0.36124655177367715,
    0.40634270965939995,
    0.3499751663286546,
    0.41672663097557616,
    0.27280518118213903,
    0.41371704558967937,
    0.4095034539703798,
    0.4042319835574121,
    0.33357564413386676,
    0.3508391143837523,
    0.3706145281639555,
    0.30943352099321414,
    0.3456227891887388,
    0.4132713480854168,
    0.2483902538579866,
    0.3511076141916572,
    0.35567866456064967,
    0.4305149720303958,
    0.23677707122663308,
    0.25369793563691556,
    0.30796681550559424,
    0.4238706493051679,
    0.3918307312048097,
    0.3642635431186475,
    0.414791891395652,
    0.3798678450372235,
    0.42748116598672226,
    0.3259736593750269,
    0.36285663193014217,
    0.32867699167008435,
    0.3995614309442713,
    0.3964708763717993,
    0.34383124538641946,
