method,n_vehicles,seed,runtime_sec,n_cam_events,CBR_mean,AoI_mean,PDR_mean,energy_efficiency,ETSI_compliance,timestamp
Fixed10Hz,42,42,0.39,2005,0.0075,332.872,93.96,28.0278,100.0,1785735355.736547
Fixed10Hz,10,42,0.4,2005,0.0075,332.872,100.0,28.0278,100.0,1785735355.7455745
Fixed10Hz,34,42,0.4,2005,0.0075,332.872,97.78,28.0278,100.0,1785735355.746655
Fixed10Hz,22,42,0.4,2005,0.0075,332.872,99.63,28.0278,100.0,1785735355.7504778
Fixed10Hz,46,42,0.4,2005,0.0075,332.872,92.91,28.0278,100.0,1785735355.7532437
Fixed10Hz,36,42,0.4,2005,0.0075,332.872,97.17,28.0278,100.0,1785735355.7542748
Fixed10Hz,26,42,0.41,2005,0.0075,332.872,100.0,28.0278,100.0,1785735355.7574675
Fixed10Hz,48,42,0.41,2005,0.0075,332.872,91.52,28.0278,100.0,1785735355.7647288
Fixed10Hz,12,42,0.42,2005,0.0075,332.872,99.35,28.0278,100.0,1785735355.766541
Fixed10Hz,20,42,0.42,2005,0.0075,332.872,99.49,28.0278,100.0,1785735355.7702153
Fixed10Hz,14,42,0.42,2005,0.0075,332.872,100.0,28.0278,100.0,1785735355.7714205
Fixed10Hz,40,42,0.42,2005,0.0075,332.872,94.83,28.0278,100.0,1785735355.7719886
Fixed10Hz,18,42,0.42,2005,0.0075,332.872,99.91,28.0278,100.0,1785735355.7728724
Fixed10Hz,44,42,0.43,2005,0.0075,332.872,93.78,28.0278,100.0,1785735355.7767556
Fixed10Hz,32,42,0.43,2005,0.0075,332.872,98.05,28.0278,100.0,1785735355.7840242
Fixed10Hz,28,42,0.44,2005,0.0075,332.872,100.0,28.0278,100.0,1785735355.7866085
Fixed10Hz,30,42,0.45,2005,0.0075,332.872,100.0,28.0278,100.0,1785735355.7994745
Fixed10Hz,16,42,0.46,2005,0.0075,332.872,99.66,28.0278,100.0,1785735355.804222
Fixed10Hz,38,42,0.46,2005,0.0075,332.872,94.92,28.0278,100.0,1785735355.8053112
Fixed10Hz,24,42,0.47,2005,0.0075,332.872,100.0,28.0278,100.0,1785735355.8185017
Fixed10Hz,37,42,0.38,2005,0.0075,332.872,96.88,28.0278,100.0,1785735356.1334603
Fixed10Hz,43,42,0.41,2005,0.0075,332.872,93.74,28.0278,100.0,1785735356.14463
Fixed10Hz,21,42,0.38,2005,0.0075,332.872,100.0,28.0278,100.0,1785735356.155467
Fixed10Hz,35,42,0.41,2005,0.0075,332.872,97.35,28.0278,100.0,1785735356.1587193
Fixed10Hz,11,42,0.41,2005,0.0075,332.872,99.68,28.0278,100.0,1785735356.1590352
Fixed10Hz,49,42,0.41,2005,0.0075,332.872,90.9,28.0278,100.0,1785735356.1780229
Fixed10Hz,23,42,0.43,2005,0.0075,332.872,100.0,28.0278,100.0,1785735356.1840534
Fixed10Hz,13,42,0.42,2005,0.0075,332.872,100.0,28.0278,100.0,1785735356.1840534
Fixed10Hz,41,42,0.42,2005,0.0075,332.872,94.43,28.0278,100.0,1785735356.1931715
Fixed10Hz,19,42,0.42,2005,0.0075,332.872,100.0,28.0278,100.0,1785735356.1952217
Fixed10Hz,29,42,0.41,2005,0.0075,332.872,99.64,28.0278,100.0,1785735356.1993327
Fixed10Hz,47,42,0.45,2005,0.0075,332.872,92.1,28.0278,100.0,1785735356.201068
Fixed10Hz,17,42,0.4,2005,0.0075,332.872,99.5,28.0278,100.0,1785735356.2054431
Fixed10Hz,31,42,0.41,2005,0.0075,332.872,99.74,28.0278,100.0,1785735356.2100697
Fixed10Hz,45,42,0.45,2005,0.0075,332.872,91.75,28.0278,100.0,1785735356.224965
Fixed10Hz,15,42,0.46,2005,0.0075,332.872,100.0,28.0278,100.0,1785735356.2285428
Fixed10Hz,33,42,0.45,2005,0.0075,332.872,98.87,28.0278,100.0,1785735356.2327018
Fixed10Hz,39,42,0.43,2005,0.0075,332.872,96.28,28.0278,100.0,1785735356.239284
Fixed10Hz,25,42,0.42,2005,0.0075,332.872,99.67,28.0278,100.0,1785735356.2415235
Fixed10Hz,27,42,0.49,2005,0.0075,332.872,99.99,28.0278,100.0,1785735356.2474244
Fixed10Hz,50,42,0.43,2005,0.0075,332.872,90.97,28.0278,100.0,1785735356.5688217
Fixed10Hz,56,42,0.43,2005,0.0075,332.872,87.11,28.0278,100.0,1785735356.5861154
Fixed10Hz,52,42,0.45,2005,0.0075,332.872,89.43,28.0278,100.0,1785735356.5989883
Fixed10Hz,76,42,0.39,2005,0.0075,332.872,78.15,28.0278,100.0,1785735356.6006908
Fixed10Hz,64,42,0.42,2005,0.0075,332.872,83.56,28.0278,100.0,1785735356.601635
Fixed10Hz,58,42,0.44,2005,0.0075,332.872,86.66,28.0278,100.0,1785735356.6029289
Fixed10Hz,54,42,0.46,2005,0.0075,332.872,89.26,28.0278,100.0,1785735356.6125498
Fixed10Hz,72,42,0.42,2005,0.0075,332.872,79.97,28.0278,100.0,1785735356.6206715
Fixed10Hz,60,42,0.44,2005,0.0075,332.872,84.85,28.0278,100.0,1785735356.620689
Fixed10Hz,62,42,0.44,2005,0.0075,332.872,85.07,28.0278,100.0,1785735356.6209664
Fixed10Hz,68,42,0.43,2005,0.0075,332.872,82.07,28.0278,100.0,1785735356.6276276
Fixed10Hz,66,42,0.44,2005,0.0075,332.872,82.91,28.0278,100.0,1785735356.6319742
Fixed10Hz,78,42,0.41,2005,0.0075,332.872,77.08,28.0278,100.0,1785735356.634899
Fixed10Hz,74,42,0.43,2005,0.0075,332.872,78.97,28.0278,100.0,1785735356.6420548
Fixed10Hz,82,42,0.43,2005,0.0075,332.872,75.25,28.0278,100.0,1785735356.6606236
Fixed10Hz,70,42,0.46,2005,0.0075,332.872,79.67,28.0278,100.0,1785735356.663173
Fixed10Hz,80,42,0.44,2005,0.0075,332.872,75.33,28.0278,100.0,1785735356.6669445
Fixed10Hz,86,42,0.42,2005,0.0075,332.872,73.05,28.0278,100.0,1785735356.6670396
Fixed10Hz,88,42,0.44,2005,0.0075,332.872,72.52,28.0278,100.0,1785735356.692382
Fixed10Hz,84,42,0.46,2005,0.0075,332.872,73.62,28.0278,100.0,1785735356.7071166
Fixed10Hz,57,42,0.4,2005,0.0075,332.872,87.47,28.0278,100.0,1785735356.9881675
Fixed10Hz,51,42,0.44,2005,0.0075,332.872,89.48,28.0278,100.0,1785735357.005317
Fixed10Hz,63,42,0.39,2005,0.0075,332.872,84.01,28.0278,100.0,1785735357.0108316
Fixed10Hz,69,42,0.39,2005,0.0075,332.872,81.6,28.0278,100.0,1785735357.0192842
Fixed10Hz,65,42,0.43,2005,0.0075,332.872,83.3,28.0278,100.0,1785735357.029494
Fixed10Hz,67,42,0.4,2005,0.0075,332.872,82.72,28.0278,100.0,1785735357.032473
Fixed10Hz,59,42,0.43,2005,0.0075,332.872,86.01,28.0278,100.0,1785735357.0325572
Fixed10Hz,53,42,0.44,2005,0.0075,332.872,88.56,28.0278,100.0,1785735357.0372198
Fixed10Hz,73,42,0.42,2005,0.0075,332.872,79.67,28.0278,100.0,1785735357.0410652
Fixed10Hz,55,42,0.43,2005,0.0075,332.872,87.38,28.0278,100.0,1785735357.0422895
Fixed10Hz,61,42,0.42,2005,0.0075,332.872,85.7,28.0278,100.0,1785735357.046389
Fixed10Hz,79,42,0.41,2005,0.0075,332.872,77.0,28.0278,100.0,1785735357.0489883
Fixed10Hz,77,42,0.45,2005,0.0075,332.872,76.99,28.0278,100.0,1785735357.0545828
Fixed10Hz,75,42,0.42,2005,0.0075,332.872,78.12,28.0278,100.0,1785735357.06817
Fixed10Hz,87,42,0.41,2005,0.0075,332.872,72.93,28.0278,100.0,1785735357.0780473
Fixed10Hz,83,42,0.42,2005,0.0075,332.872,75.77,28.0278,100.0,1785735357.0829573
Fixed10Hz,71,42,0.43,2005,0.0075,332.872,80.01,28.0278,100.0,1785735357.095165
Fixed10Hz,85,42,0.41,2005,0.0075,332.872,73.34,28.0278,100.0,1785735357.1168778
Fixed10Hz,81,42,0.46,2005,0.0075,332.872,76.07,28.0278,100.0,1785735357.124705
Fixed10Hz,89,42,0.46,2005,0.0075,332.872,71.59,28.0278,100.0,1785735357.1497695
Fixed10Hz,94,42,0.27,2005,0.0075,332.872,68.57,28.0278,100.0,1785735357.2791498
Fixed10Hz,90,42,0.29,2005,0.0075,332.872,72.61,28.0278,100.0,1785735357.2866845
Fixed10Hz,100,42,0.25,2005,0.0075,332.872,67.02,28.0278,100.0,1785735357.2871015
Fixed10Hz,92,42,0.28,2005,0.0075,332.872,70.41,28.0278,100.0,1785735357.2886348
Fixed10Hz,96,42,0.27,2005,0.0075,332.872,68.61,28.0278,100.0,1785735357.2915208
Fixed10Hz,98,42,0.27,2005,0.0075,332.872,67.32,28.0278,100.0,1785735357.3033037
Fixed10Hz,93,42,0.23,2005,0.0075,332.872,70.22,28.0278,100.0,1785735357.5230677
Fixed10Hz,97,42,0.23,2005,0.0075,332.872,68.03,28.0278,100.0,1785735357.5232632
Fixed10Hz,95,42,0.24,2005,0.0075,332.872,69.6,28.0278,100.0,1785735357.524248
Fixed10Hz,91,42,0.24,2005,0.0075,332.872,70.54,28.0278,100.0,1785735357.5261664
Fixed10Hz,99,42,0.25,2005,0.0075,332.872,67.85,28.0278,100.0,1785735357.5492947
ReactDCC,38,42,0.36,2005,0.0075,332.872,96.13,28.0278,100.0,1785735357.9664545
ReactDCC,34,42,0.37,2005,0.0075,332.872,97.52,28.0278,100.0,1785735357.9688122
ReactDCC,30,42,0.4,2005,0.0075,332.872,99.72,28.0278,100.0,1785735358.0005856
ReactDCC,22,42,0.4,2005,0.0075,332.872,99.92,28.0278,100.0,1785735358.0020635
ReactDCC,10,42,0.4,2005,0.0075,332.872,99.97,28.0278,100.0,1785735358.004523
ReactDCC,18,42,0.4,2005,0.0075,332.872,99.72,28.0278,100.0,1785735358.005388
ReactDCC,26,42,0.41,2005,0.0075,332.872,99.11,28.0278,100.0,1785735358.0084574
ReactDCC,44,42,0.41,2005,0.0075,332.872,93.43,28.0278,100.0,1785735358.0101886
ReactDCC,24,42,0.41,2005,0.0075,332.872,100.0,28.0278,100.0,1785735358.015156
ReactDCC,28,42,0.41,2005,0.0075,332.872,100.0,28.0278,100.0,1785735358.0157166
ReactDCC,46,42,0.42,2005,0.0075,332.872,92.16,28.0278,100.0,1785735358.026234
ReactDCC,48,42,0.42,2005,0.0075,332.872,91.46,28.0278,100.0,1785735358.0274458
ReactDCC,12,42,0.43,2005,0.0075,332.872,100.0,28.0278,100.0,1785735358.0274744
ReactDCC,42,42,0.43,2005,0.0075,332.872,94.83,28.0278,100.0,1785735358.029955
ReactDCC,36,42,0.43,2005,0.0075,332.872,97.08,28.0278,100.0,1785735358.0307193
ReactDCC,16,42,0.44,2005,0.0075,332.872,100.0,28.0278,100.0,1785735358.03946
ReactDCC,20,42,0.47,2005,0.0075,332.872,99.48,28.0278,100.0,1785735358.0757663
ReactDCC,40,42,0.48,2005,0.0075,332.872,95.41,28.0278,100.0,1785735358.0792952
ReactDCC,14,42,0.51,2005,0.0075,332.872,100.0,28.0278,100.0,1785735358.1096354
ReactDCC,32,42,0.52,2005,0.0075,332.872,99.75,28.0278,100.0,1785735358.1201138
ReactDCC,39,42,0.43,2005,0.0075,332.872,96.38,28.0278,100.0,1785735358.401389
ReactDCC,19,42,0.41,2005,0.0075,332.872,99.28,28.0278,100.0,1785735358.4195275
ReactDCC,35,42,0.45,2005,0.0075,332.872,96.71,28.0278,100.0,1785735358.421095
ReactDCC,47,42,0.4,2005,0.0075,332.872,91.23,28.0278,100.0,1785735358.426379
ReactDCC,49,42,0.42,2005,0.0075,332.872,91.35,28.0278,100.0,1785735358.4446754
ReactDCC,13,42,0.42,2005,0.0075,332.872,99.74,28.0278,100.0,1785735358.4489443
ReactDCC,31,42,0.46,2005,0.0075,332.872,99.52,28.0278,100.0,1785735358.4593415
ReactDCC,29,42,0.44,2005,0.0075,332.872,100.0,28.0278,100.0,1785735358.4597092
ReactDCC,25,42,0.45,2005,0.0075,332.872,100.0,28.0278,100.0,1785735358.4624946
ReactDCC,45,42,0.47,2005,0.0075,332.872,92.56,28.0278,100.0,1785735358.4818938
ReactDCC,17,42,0.45,2005,0.0075,332.872,99.99,28.0278,100.0,1785735358.4858367
ReactDCC,23,42,0.48,2005,0.0075,332.872,100.0,28.0278,100.0,1785735358.487888
ReactDCC,27,42,0.48,2005,0.0075,332.872,100.0,28.0278,100.0,1785735358.4881094
ReactDCC,11,42,0.5,2005,0.0075,332.872,99.8,28.0278,100.0,1785735358.5040476
ReactDCC,43,42,0.47,2005,0.0075,332.872,93.48,28.0278,100.0,1785735358.504658
ReactDCC,37,42,0.47,2005,0.0075,332.872,96.69,28.0278,100.0,1785735358.5057478
ReactDCC,21,42,0.45,2005,0.0075,332.872,99.44,28.0278,100.0,1785735358.5261562
ReactDCC,33,42,0.42,2005,0.0075,332.872,98.55,28.0278,100.0,1785735358.5452375
ReactDCC,41,42,0.52,2005,0.0075,332.872,95.1,28.0278,100.0,1785735358.600949
ReactDCC,15,42,0.49,2005,0.0075,332.872,99.83,28.0278,100.0,1785735358.6020288
ReactDCC,66,42,0.39,2005,0.0075,332.872,82.3,28.0278,100.0,1785735358.8579297
ReactDCC,54,42,0.44,2005,0.0075,332.872,87.19,28.0278,100.0,1785735358.8632915
ReactDCC,52,42,0.46,2005,0.0075,332.872,88.46,28.0278,100.0,1785735358.8841083
ReactDCC,56,42,0.46,2005,0.0075,332.872,87.56,28.0278,100.0,1785735358.886284
ReactDCC,50,42,0.48,2005,0.0075,332.872,89.92,28.0278,100.0,1785735358.8864584
ReactDCC,76,42,0.39,2005,0.0075,332.872,78.52,28.0278,100.0,1785735358.8937595
ReactDCC,62,42,0.45,2005,0.0075,332.872,84.79,28.0278,100.0,1785735358.9061563
ReactDCC,60,42,0.46,2005,0.0075,332.872,86.27,28.0278,100.0,1785735358.9078643
ReactDCC,68,42,0.42,2005,0.0075,332.872,81.12,28.0278,100.0,1785735358.908274
ReactDCC,78,42,0.41,2005,0.0075,332.872,76.1,28.0278,100.0,1785735358.9131024
ReactDCC,70,42,0.43,2005,0.0075,332.872,81.15,28.0278,100.0,1785735358.9210684
ReactDCC,58,42,0.48,2005,0.0075,332.872,87.27,28.0278,100.0,1785735358.921764
ReactDCC,72,42,0.45,2005,0.0075,332.872,81.12,28.0278,100.0,1785735358.937228
ReactDCC,64,42,0.48,2005,0.0075,332.872,83.29,28.0278,100.0,1785735358.9376302
ReactDCC,74,42,0.47,2005,0.0075,332.872,80.26,28.0278,100.0,1785735358.9589465
ReactDCC,82,42,0.47,2005,0.0075,332.872,74.72,28.0278,100.0,1785735358.9946885
ReactDCC,80,42,0.49,2005,0.0075,332.872,76.53,28.0278,100.0,1785735358.9953403
ReactDCC,84,42,0.49,2005,0.0075,332.872,74.13,28.0278,100.0,1785735359.0378156
ReactDCC,86,42,0.45,2005,0.0075,332.872,72.69,28.0278,100.0,1785735359.0555286
ReactDCC,88,42,0.49,2005,0.0075,332.872,71.73,28.0278,100.0,1785735359.097413
ReactDCC,55,42,0.43,2005,0.0075,332.872,87.95,28.0278,100.0,1785735359.290722
ReactDCC,57,42,0.41,2005,0.0075,332.872,86.99,28.0278,100.0,1785735359.302519
ReactDCC,51,42,0.42,2005,0.0075,332.872,89.36,28.0278,100.0,1785735359.30732
ReactDCC,71,42,0.4,2005,0.0075,332.872,80.97,28.0278,100.0,1785735359.320362
ReactDCC,63,42,0.41,2005,0.0075,332.872,84.42,28.0278,100.0,1785735359.3217008
ReactDCC,77,42,0.43,2005,0.0075,332.872,76.91,28.0278,100.0,1785735359.327546
ReactDCC,67,42,0.47,2005,0.0075,332.872,81.48,28.0278,100.0,1785735359.3329232
ReactDCC,69,42,0.43,2005,0.0075,332.872,81.82,28.0278,100.0,1785735359.3377502
ReactDCC,53,42,0.47,2005,0.0075,332.872,89.59,28.0278,100.0,1785735359.3573794
ReactDCC,61,42,0.46,2005,0.0075,332.872,85.32,28.0278,100.0,1785735359.3655949
ReactDCC,59,42,0.46,2005,0.0075,332.872,85.53,28.0278,100.0,1785735359.3839912
ReactDCC,75,42,0.44,2005,0.0075,332.872,78.09,28.0278,100.0,1785735359.397607
ReactDCC,65,42,0.46,2005,0.0075,332.872,83.19,28.0278,100.0,1785735359.397921
ReactDCC,79,42,0.49,2005,0.0075,332.872,76.25,28.0278,100.0,1785735359.403464
ReactDCC,73,42,0.47,2005,0.0075,332.872,79.27,28.0278,100.0,1785735359.4058611
ReactDCC,83,42,0.47,2005,0.0075,332.872,74.2,28.0278,100.0,1785735359.4626489
ReactDCC,85,42,0.43,2005,0.0075,332.872,73.89,28.0278,100.0,1785735359.4655802
ReactDCC,81,42,0.47,2005,0.0075,332.872,75.3,28.0278,100.0,1785735359.4682736
ReactDCC,87,42,0.42,2005,0.0075,332.872,73.08,28.0278,100.0,1785735359.4718175
ReactDCC,89,42,0.4,2005,0.0075,332.872,71.93,28.0278,100.0,1785735359.4966729
ReactDCC,94,42,0.29,2005,0.0075,332.872,70.32,28.0278,100.0,1785735359.5978866
ReactDCC,96,42,0.28,2005,0.0075,332.872,68.3,28.0278,100.0,1785735359.6056745
ReactDCC,90,42,0.31,2005,0.0075,332.872,70.54,28.0278,100.0,1785735359.6065674
ReactDCC,92,42,0.31,2005,0.0075,332.872,69.8,28.0278,100.0,1785735359.6089478
ReactDCC,100,42,0.29,2005,0.0075,332.872,65.62,28.0278,100.0,1785735359.6171443
ReactDCC,98,42,0.31,2005,0.0075,332.872,67.61,28.0278,100.0,1785735359.6297889
ReactDCC,93,42,0.24,2005,0.0075,332.872,69.27,28.0278,100.0,1785735359.845211
ReactDCC,91,42,0.24,2005,0.0075,332.872,70.06,28.0278,100.0,1785735359.8455403
ReactDCC,97,42,0.24,2005,0.0075,332.872,67.57,28.0278,100.0,1785735359.8461046
ReactDCC,95,42,0.25,2005,0.0075,332.872,68.09,28.0278,100.0,1785735359.8468504
ReactDCC,99,42,0.25,2005,0.0075,332.872,66.43,28.0278,100.0,1785735359.8758917
AdaptDCC,28,42,0.37,2005,0.0075,332.872,99.66,28.0278,100.0,1785735360.2998908
AdaptDCC,10,42,0.39,2005,0.0075,332.872,100.0,28.0278,100.0,1785735360.3204503
AdaptDCC,14,42,0.4,2005,0.0075,332.872,100.0,28.0278,100.0,1785735360.3263412
AdaptDCC,44,42,0.4,2005,0.0075,332.872,91.91,28.0278,100.0,1785735360.3301716
AdaptDCC,38,42,0.41,2005,0.0075,332.872,96.16,28.0278,100.0,1785735360.3413155
AdaptDCC,26,42,0.42,2005,0.0075,332.872,100.0,28.0278,100.0,1785735360.346522
AdaptDCC,20,42,0.42,2005,0.0075,332.872,99.96,28.0278,100.0,1785735360.3495765
AdaptDCC,46,42,0.42,2005,0.0075,332.872,92.22,28.0278,100.0,1785735360.3516774
AdaptDCC,18,42,0.43,2005,0.0075,332.872,100.0,28.0278,100.0,1785735360.354384
AdaptDCC,34,42,0.43,2005,0.0075,332.872,98.53,28.0278,100.0,1785735360.356066
AdaptDCC,16,42,0.43,2005,0.0075,332.872,99.72,28.0278,100.0,1785735360.3562748
AdaptDCC,12,42,0.44,2005,0.0075,332.872,100.0,28.0278,100.0,1785735360.361682
AdaptDCC,22,42,0.44,2005,0.0075,332.872,99.93,28.0278,100.0,1785735360.3630466
AdaptDCC,32,42,0.44,2005,0.0075,332.872,100.0,28.0278,100.0,1785735360.368998
AdaptDCC,24,42,0.45,2005,0.0075,332.872,100.0,28.0278,100.0,1785735360.3797178
AdaptDCC,40,42,0.45,2005,0.0075,332.872,95.52,28.0278,100.0,1785735360.3806272
AdaptDCC,36,42,0.46,2005,0.0075,332.872,96.69,28.0278,100.0,1785735360.3861425
AdaptDCC,48,42,0.46,2005,0.0075,332.872,90.57,28.0278,100.0,1785735360.391841
AdaptDCC,42,42,0.48,2005,0.0075,332.872,94.58,28.0278,100.0,1785735360.4054277
AdaptDCC,30,42,0.48,2005,0.0075,332.872,99.99,28.0278,100.0,1785735360.406114
AdaptDCC,39,42,0.41,2005,0.0075,332.872,95.82,28.0278,100.0,1785735360.752432
AdaptDCC,11,42,0.43,2005,0.0075,332.872,100.0,28.0278,100.0,1785735360.7561555
AdaptDCC,15,42,0.43,2005,0.0075,332.872,99.39,28.0278,100.0,1785735360.7570858
AdaptDCC,35,42,0.4,2005,0.0075,332.872,97.86,28.0278,100.0,1785735360.7575774
AdaptDCC,29,42,0.46,2005,0.0075,332.872,100.0,28.0278,100.0,1785735360.7633438
AdaptDCC,45,42,0.44,2005,0.0075,332.872,92.91,28.0278,100.0,1785735360.7733016
AdaptDCC,23,42,0.42,2005,0.0075,332.872,100.0,28.0278,100.0,1785735360.7869198
AdaptDCC,21,42,0.44,2005,0.0075,332.872,100.0,28.0278,100.0,1785735360.7875285
AdaptDCC,33,42,0.43,2005,0.0075,332.872,98.01,28.0278,100.0,1785735360.79648
AdaptDCC,37,42,0.41,2005,0.0075,332.872,96.32,28.0278,100.0,1785735360.8011706
AdaptDCC,13,42,0.44,2005,0.0075,332.872,99.64,28.0278,100.0,1785735360.8023844
AdaptDCC,41,42,0.42,2005,0.0075,332.872,95.54,28.0278,100.0,1785735360.8042183
AdaptDCC,19,42,0.46,2005,0.0075,332.872,100.0,28.0278,100.0,1785735360.8116188
AdaptDCC,49,42,0.42,2005,0.0075,332.872,90.66,28.0278,100.0,1785735360.8129232
AdaptDCC,17,42,0.46,2005,0.0075,332.872,99.3,28.0278,100.0,1785735360.8129194
AdaptDCC,31,42,0.42,2005,0.0075,332.872,99.31,28.0278,100.0,1785735360.8276415
AdaptDCC,27,42,0.48,2005,0.0075,332.872,99.5,28.0278,100.0,1785735360.828177
AdaptDCC,47,42,0.49,2005,0.0075,332.872,90.57,28.0278,100.0,1785735360.8379054
AdaptDCC,43,42,0.48,2005,0.0075,332.872,93.99,28.0278,100.0,1785735360.8902278
AdaptDCC,25,42,0.53,2005,0.0075,332.872,100.0,28.0278,100.0,1785735360.9146678
AdaptDCC,60,42,0.41,2005,0.0075,332.872,85.37,28.0278,100.0,1785735361.1875489
AdaptDCC,50,42,0.45,2005,0.0075,332.872,90.33,28.0278,100.0,1785735361.200986
AdaptDCC,68,42,0.41,2005,0.0075,332.872,81.52,28.0278,100.0,1785735361.2082553
AdaptDCC,52,42,0.45,2005,0.0075,332.872,90.8,28.0278,100.0,1785735361.2097807
AdaptDCC,56,42,0.46,2005,0.0075,332.872,87.87,28.0278,100.0,1785735361.214693
AdaptDCC,54,42,0.46,2005,0.0075,332.872,87.78,28.0278,100.0,1785735361.2215369
AdaptDCC,70,42,0.42,2005,0.0075,332.872,80.65,28.0278,100.0,1785735361.2216532
AdaptDCC,62,42,0.44,2005,0.0075,332.872,84.76,28.0278,100.0,1785735361.2330844
AdaptDCC,58,42,0.48,2005,0.0075,332.872,85.81,28.0278,100.0,1785735361.2409625
AdaptDCC,78,42,0.43,2005,0.0075,332.872,77.35,28.0278,100.0,1785735361.2443287
AdaptDCC,72,42,0.44,2005,0.0075,332.872,79.07,28.0278,100.0,1785735361.244732
AdaptDCC,66,42,0.45,2005,0.0075,332.872,82.14,28.0278,100.0,1785735361.2472925
AdaptDCC,84,42,0.42,2005,0.0075,332.872,75.05,28.0278,100.0,1785735361.2604344
AdaptDCC,64,42,0.48,2005,0.0075,332.872,83.3,28.0278,100.0,1785735361.2739103
AdaptDCC,76,42,0.47,2005,0.0075,332.872,78.35,28.0278,100.0,1785735361.285575
AdaptDCC,82,42,0.47,2005,0.0075,332.872,75.33,28.0278,100.0,1785735361.2976894
AdaptDCC,74,42,0.49,2005,0.0075,332.872,77.41,28.0278,100.0,1785735361.302712
AdaptDCC,86,42,0.46,2005,0.0075,332.872,73.45,28.0278,100.0,1785735361.352362
AdaptDCC,80,42,0.53,2005,0.0075,332.872,75.95,28.0278,100.0,1785735361.3567102
AdaptDCC,88,42,0.48,2005,0.0075,332.872,72.24,28.0278,100.0,1785735361.393123
AdaptDCC,69,42,0.42,2005,0.0075,332.872,81.04,28.0278,100.0,1785735361.6264725
AdaptDCC,53,42,0.42,2005,0.0075,332.872,88.52,28.0278,100.0,1785735361.6345396
AdaptDCC,51,42,0.45,2005,0.0075,332.872,90.49,28.0278,100.0,1785735361.6484754
AdaptDCC,67,42,0.41,2005,0.0075,332.872,82.52,28.0278,100.0,1785735361.65748
AdaptDCC,71,42,0.44,2005,0.0075,332.872,79.81,28.0278,100.0,1785735361.6594112
AdaptDCC,65,42,0.4,2005,0.0075,332.872,83.85,28.0278,100.0,1785735361.675186
AdaptDCC,61,42,0.49,2005,0.0075,332.872,85.44,28.0278,100.0,1785735361.6777892
AdaptDCC,55,42,0.46,2005,0.0075,332.872,88.3,28.0278,100.0,1785735361.6836972
AdaptDCC,79,42,0.44,2005,0.0075,332.872,76.17,28.0278,100.0,1785735361.688349
AdaptDCC,59,42,0.45,2005,0.0075,332.872,86.03,28.0278,100.0,1785735361.6950474
AdaptDCC,63,42,0.5,2005,0.0075,332.872,83.99,28.0278,100.0,1785735361.738459
AdaptDCC,75,42,0.44,2005,0.0075,332.872,78.54,28.0278,100.0,1785735361.7438862
AdaptDCC,73,42,0.5,2005,0.0075,332.872,79.79,28.0278,100.0,1785735361.7450051
AdaptDCC,77,42,0.46,2005,0.0075,332.872,77.58,28.0278,100.0,1785735361.7450187
AdaptDCC,57,42,0.56,2005,0.0075,332.872,87.37,28.0278,100.0,1785735361.776826
AdaptDCC,81,42,0.43,2005,0.0075,332.872,75.44,28.0278,100.0,1785735361.7879837
AdaptDCC,83,42,0.49,2005,0.0075,332.872,74.73,28.0278,100.0,1785735361.7911248
AdaptDCC,87,42,0.44,2005,0.0075,332.872,72.55,28.0278,100.0,1785735361.7928624
AdaptDCC,89,42,0.41,2005,0.0075,332.872,71.94,28.0278,100.0,1785735361.8006065
AdaptDCC,85,42,0.55,2005,0.0075,332.872,72.74,28.0278,100.0,1785735361.8122184
AdaptDCC,92,42,0.3,2005,0.0075,332.872,69.97,28.0278,100.0,1785735361.938336
AdaptDCC,96,42,0.28,2005,0.0075,332.872,68.99,28.0278,100.0,1785735361.93907
AdaptDCC,90,42,0.32,2005,0.0075,332.872,71.9,28.0278,100.0,1785735361.9427466
AdaptDCC,98,42,0.28,2005,0.0075,332.872,67.16,28.0278,100.0,1785735361.9445512
AdaptDCC,94,42,0.3,2005,0.0075,332.872,69.25,28.0278,100.0,1785735361.9517798
AdaptDCC,100,42,0.27,2005,0.0075,332.872,67.17,28.0278,100.0,1785735361.9533224
AdaptDCC,99,42,0.24,2005,0.0075,332.872,66.87,28.0278,100.0,1785735362.1881416
AdaptDCC,93,42,0.25,2005,0.0075,332.872,70.61,28.0278,100.0,1785735362.1890142
AdaptDCC,97,42,0.25,2005,0.0075,332.872,67.24,28.0278,100.0,1785735362.1919413
AdaptDCC,91,42,0.25,2005,0.0075,332.872,70.73,28.0278,100.0,1785735362.19403
AdaptDCC,95,42,0.25,2005,0.0075,332.872,69.93,28.0278,100.0,1785735362.2009132
Heuristic,48,42,0.36,2005,0.0075,332.872,91.45,28.0278,100.0,1785735362.6181834
Heuristic,22,42,0.39,2005,0.0075,332.872,99.39,28.0278,100.0,1785735362.6469817
Heuristic,10,42,0.4,2005,0.0075,332.872,100.0,28.0278,100.0,1785735362.654775
Heuristic,36,42,0.4,2005,0.0075,332.872,97.18,28.0278,100.0,1785735362.656803
Heuristic,14,42,0.4,2005,0.0075,332.872,100.0,28.0278,100.0,1785735362.658762
Heuristic,38,42,0.4,2005,0.0075,332.872,95.93,28.0278,100.0,1785735362.660242
Heuristic,26,42,0.4,2005,0.0075,332.872,100.0,28.0278,100.0,1785735362.6604545
Heuristic,40,42,0.4,2005,0.0075,332.872,94.91,28.0278,100.0,1785735362.6607752
Heuristic,24,42,0.41,2005,0.0075,332.872,100.0,28.0278,100.0,1785735362.6617854
Heuristic,16,42,0.41,2005,0.0075,332.872,100.0,28.0278,100.0,1785735362.6628363
Heuristic,18,42,0.41,2005,0.0075,332.872,99.76,28.0278,100.0,1785735362.6681342
Heuristic,30,42,0.41,2005,0.0075,332.872,99.72,28.0278,100.0,1785735362.6682198
Heuristic,32,42,0.41,2005,0.0075,332.872,98.77,28.0278,100.0,1785735362.6689188
Heuristic,42,42,0.42,2005,0.0075,332.872,94.09,28.0278,100.0,1785735362.6726058
Heuristic,34,42,0.42,2005,0.0075,332.872,98.7,28.0278,100.0,1785735362.6728363
Heuristic,20,42,0.43,2005,0.0075,332.872,98.95,28.0278,100.0,1785735362.6839378
Heuristic,12,42,0.43,2005,0.0075,332.872,99.65,28.0278,100.0,1785735362.6849608
Heuristic,28,42,0.43,2005,0.0075,332.872,99.2,28.0278,100.0,1785735362.6854885
Heuristic,46,42,0.44,2005,0.0075,332.872,92.93,28.0278,100.0,1785735362.6976929
Heuristic,44,42,0.47,2005,0.0075,332.872,93.12,28.0278,100.0,1785735362.721202
Heuristic,49,42,0.44,2005,0.0075,332.872,91.59,28.0278,100.0,1785735363.062386
Heuristic,31,42,0.4,2005,0.0075,332.872,100.0,28.0278,100.0,1785735363.0699823
Heuristic,37,42,0.43,2005,0.0075,332.872,96.95,28.0278,100.0,1785735363.0836432
Heuristic,43,42,0.42,2005,0.0075,332.872,93.47,28.0278,100.0,1785735363.0903845
Heuristic,13,42,0.41,2005,0.0075,332.872,100.0,28.0278,100.0,1785735363.0917678
Heuristic,15,42,0.43,2005,0.0075,332.872,100.0,28.0278,100.0,1785735363.091832
Heuristic,25,42,0.44,2005,0.0075,332.872,100.0,28.0278,100.0,1785735363.0984406
Heuristic,19,42,0.43,2005,0.0075,332.872,100.0,28.0278,100.0,1785735363.0998173
Heuristic,21,42,0.42,2005,0.0075,332.872,100.0,28.0278,100.0,1785735363.1018667
Heuristic,33,42,0.43,2005,0.0075,332.872,98.92,28.0278,100.0,1785735363.103859
Heuristic,35,42,0.43,2005,0.0075,332.872,97.31,28.0278,100.0,1785735363.1042712
Heuristic,27,42,0.45,2005,0.0075,332.872,99.36,28.0278,100.0,1785735363.1063678
Heuristic,29,42,0.43,2005,0.0075,332.872,100.0,28.0278,100.0,1785735363.1121805
Heuristic,11,42,0.46,2005,0.0075,332.872,100.0,28.0278,100.0,1785735363.114946
Heuristic,23,42,0.47,2005,0.0075,332.872,100.0,28.0278,100.0,1785735363.121572
Heuristic,17,42,0.46,2005,0.0075,332.872,99.51,28.0278,100.0,1785735363.1219869
Heuristic,45,42,0.41,2005,0.0075,332.872,92.72,28.0278,100.0,1785735363.1312094
Heuristic,41,42,0.47,2005,0.0075,332.872,95.02,28.0278,100.0,1785735363.132965
Heuristic,39,42,0.49,2005,0.0075,332.872,95.5,28.0278,100.0,1785735363.1468432
Heuristic,47,42,0.47,2005,0.0075,332.872,91.91,28.0278,100.0,1785735363.1709912
Heuristic,70,42,0.39,2005,0.0075,332.872,80.33,28.0278,100.0,1785735363.4992814
Heuristic,54,42,0.44,2005,0.0075,332.872,88.34,28.0278,100.0,1785735363.5284896
Heuristic,72,42,0.42,2005,0.0075,332.872,79.92,28.0278,100.0,1785735363.5306184
Heuristic,62,42,0.43,2005,0.0075,332.872,84.32,28.0278,100.0,1785735363.5307248
Heuristic,58,42,0.44,2005,0.0075,332.872,86.65,28.0278,100.0,1785735363.53472
Heuristic,50,42,0.48,2005,0.0075,332.872,90.16,28.0278,100.0,1785735363.5397491
Heuristic,80,42,0.43,2005,0.0075,332.872,76.68,28.0278,100.0,1785735363.5537062
Heuristic,78,42,0.43,2005,0.0075,332.872,77.01,28.0278,100.0,1785735363.5537968
Heuristic,64,42,0.46,2005,0.0075,332.872,83.93,28.0278,100.0,1785735363.557033
Heuristic,56,42,0.47,2005,0.0075,332.872,87.58,28.0278,100.0,1785735363.563486
Heuristic,74,42,0.45,2005,0.0075,332.872,78.57,28.0278,100.0,1785735363.5667176
Heuristic,60,42,0.47,2005,0.0075,332.872,86.29,28.0278,100.0,1785735363.567219
Heuristic,52,42,0.5,2005,0.0075,332.872,89.58,28.0278,100.0,1785735363.569452
Heuristic,66,42,0.47,2005,0.0075,332.872,82.65,28.0278,100.0,1785735363.57309
Heuristic,82,42,0.44,2005,0.0075,332.872,74.75,28.0278,100.0,1785735363.57604
Heuristic,68,42,0.48,2005,0.0075,332.872,81.56,28.0278,100.0,1785735363.5850303
Heuristic,84,42,0.46,2005,0.0075,332.872,74.16,28.0278,100.0,1785735363.5941489
Heuristic,86,42,0.46,2005,0.0075,332.872,72.71,28.0278,100.0,1785735363.6092134
Heuristic,76,42,0.5,2005,0.0075,332.872,77.5,28.0278,100.0,1785735363.6187449
Heuristic,88,42,0.45,2005,0.0075,332.872,72.59,28.0278,100.0,1785735363.6207385
Heuristic,73,42,0.43,2005,0.0075,332.872,79.56,28.0278,100.0,1785735363.9665062
Heuristic,71,42,0.48,2005,0.0075,332.872,80.94,28.0278,100.0,1785735363.976682
Heuristic,81,42,0.43,2005,0.0075,332.872,75.6,28.0278,100.0,1785735363.989084
Heuristic,63,42,0.46,2005,0.0075,332.872,83.87,28.0278,100.0,1785735363.989194
Heuristic,59,42,0.46,2005,0.0075,332.872,85.17,28.0278,100.0,1785735363.997751
Heuristic,61,42,0.45,2005,0.0075,332.872,85.05,28.0278,100.0,1785735364.0230331
Heuristic,79,42,0.47,2005,0.0075,332.872,76.79,28.0278,100.0,1785735364.0248036
Heuristic,83,42,0.45,2005,0.0075,332.872,74.09,28.0278,100.0,1785735364.0277483
Heuristic,67,42,0.46,2005,0.0075,332.872,82.41,28.0278,100.0,1785735364.031661
Heuristic,85,42,0.44,2005,0.0075,332.872,73.41,28.0278,100.0,1785735364.0350811
Heuristic,53,42,0.47,2005,0.0075,332.872,88.55,28.0278,100.0,1785735364.0423698
Heuristic,55,42,0.52,2005,0.0075,332.872,87.83,28.0278,100.0,1785735364.0463498
Heuristic,57,42,0.49,2005,0.0075,332.872,86.41,28.0278,100.0,1785735364.0507915
Heuristic,69,42,0.47,2005,0.0075,332.872,82.29,28.0278,100.0,1785735364.0524352
Heuristic,65,42,0.5,2005,0.0075,332.872,83.19,28.0278,100.0,1785735364.0563424
Heuristic,51,42,0.52,2005,0.0075,332.872,89.87,28.0278,100.0,1785735364.062334
Heuristic,75,42,0.5,2005,0.0075,332.872,78.47,28.0278,100.0,1785735364.0721936
Heuristic,89,42,0.46,2005,0.0075,332.872,71.72,28.0278,100.0,1785735364.076906
Heuristic,77,42,0.47,2005,0.0075,332.872,76.81,28.0278,100.0,1785735364.0861645
Heuristic,87,42,0.48,2005,0.0075,332.872,72.46,28.0278,100.0,1785735364.0902407
Heuristic,92,42,0.28,2005,0.0075,332.872,68.5,28.0278,100.0,1785735364.2584536
Heuristic,94,42,0.27,2005,0.0075,332.872,69.54,28.0278,100.0,1785735364.2591736
Heuristic,90,42,0.29,2005,0.0075,332.872,71.39,28.0278,100.0,1785735364.262604
Heuristic,96,42,0.28,2005,0.0075,332.872,68.15,28.0278,100.0,1785735364.274467
Heuristic,100,42,0.25,2005,0.0075,332.872,66.97,28.0278,100.0,1785735364.2753289
Heuristic,98,42,0.28,2005,0.0075,332.872,67.27,28.0278,100.0,1785735364.283238
Heuristic,93,42,0.25,2005,0.0075,332.872,69.73,28.0278,100.0,1785735364.505643
Heuristic,95,42,0.25,2005,0.0075,332.872,68.14,28.0278,100.0,1785735364.505668
Heuristic,91,42,0.24,2005,0.0075,332.872,71.07,28.0278,100.0,1785735364.5078924
Heuristic,97,42,0.24,2005,0.0075,332.872,67.84,28.0278,100.0,1785735364.5179002
Heuristic,99,42,0.23,2005,0.0075,332.872,66.77,28.0278,100.0,1785735364.5189822
QLearning,12,42,0.41,2005,0.0075,1934.94,100.0,0.2803,100.0,1785735364.9800687
QLearning,40,42,0.41,2005,0.0075,1934.94,94.52,0.2803,100.0,1785735364.9881022
QLearning,24,42,0.43,2005,0.0075,1934.94,99.49,0.2803,100.0,1785735365.0011568
QLearning,30,42,0.43,2005,0.0075,1934.94,99.53,0.2803,100.0,1785735365.0011563
QLearning,28,42,0.43,2005,0.0075,1934.94,99.41,0.2803,100.0,1785735365.0022206
QLearning,46,42,0.43,2005,0.0075,1934.94,92.06,0.2803,100.0,1785735365.002656
QLearning,44,42,0.43,2005,0.0075,1934.94,93.69,0.2803,100.0,1785735365.0047004
QLearning,36,42,0.43,2005,0.0075,1934.94,96.61,0.2803,100.0,1785735365.0049553
QLearning,26,42,0.44,2005,0.0075,1934.94,99.79,0.2803,100.0,1785735365.0081294
QLearning,14,42,0.44,2005,0.0075,1934.94,99.59,0.2803,100.0,1785735365.0088072
QLearning,20,42,0.44,2005,0.0075,1934.94,100.0,0.2803,100.0,1785735365.0122051
QLearning,18,42,0.44,2005,0.0075,1934.94,99.05,0.2803,100.0,1785735365.0147543
QLearning,42,42,0.44,2005,0.0075,1934.94,94.29,0.2803,100.0,1785735365.0155778
QLearning,32,42,0.45,2005,0.0075,1934.94,98.59,0.2803,100.0,1785735365.0208373
QLearning,22,42,0.45,2005,0.0075,1934.94,99.85,0.2803,100.0,1785735365.0238402
QLearning,16,42,0.46,2005,0.0075,1934.94,99.66,0.2803,100.0,1785735365.0387204
QLearning,10,42,0.47,2005,0.0075,1934.94,99.88,0.2803,100.0,1785735365.0453775
QLearning,38,42,0.49,2005,0.0075,1934.94,95.83,0.2803,100.0,1785735365.0581894
QLearning,34,42,0.5,2005,0.0075,1934.94,98.08,0.2803,100.0,1785735365.0696893
QLearning,48,42,0.5,2005,0.0075,1934.94,91.9,0.2803,100.0,1785735365.074366
QLearning,37,42,0.42,2005,0.0075,1934.94,97.08,0.2803,100.0,1785735365.4293854
QLearning,47,42,0.43,2005,0.0075,1934.94,91.89,0.2803,100.0,1785735365.4348176
QLearning,25,42,0.44,2005,0.0075,1934.94,100.0,0.2803,100.0,1785735365.438853
QLearning,27,42,0.44,2005,0.0075,1934.94,100.0,0.2803,100.0,1785735365.4483092
QLearning,41,42,0.47,2005,0.0075,1934.94,94.52,0.2803,100.0,1785735365.4543102
QLearning,13,42,0.47,2005,0.0075,1934.94,100.0,0.2803,100.0,1785735365.4551592
QLearning,21,42,0.45,2005,0.0075,1934.94,99.37,0.2803,100.0,1785735365.460611
QLearning,31,42,0.47,2005,0.0075,1934.94,99.32,0.2803,100.0,1785735365.4703906
QLearning,45,42,0.47,2005,0.0075,1934.94,92.45,0.2803,100.0,1785735365.4800732
QLearning,29,42,0.48,2005,0.0075,1934.94,99.64,0.2803,100.0,1785735365.485072
QLearning,43,42,0.48,2005,0.0075,1934.94,94.02,0.2803,100.0,1785735365.4944527
QLearning,11,42,0.45,2005,0.0075,1934.94,100.0,0.2803,100.0,1785735365.5010872
QLearning,15,42,0.5,2005,0.0075,1934.94,99.41,0.2803,100.0,1785735365.5086756
QLearning,39,42,0.45,2005,0.0075,1934.94,94.66,0.2803,100.0,1785735365.5091448
QLearning,17,42,0.47,2005,0.0075,1934.94,100.0,0.2803,100.0,1785735365.5103102
QLearning,23,42,0.5,2005,0.0075,1934.94,99.8,0.2803,100.0,1785735365.5294344
QLearning,33,42,0.51,2005,0.0075,1934.94,98.14,0.2803,100.0,1785735365.5302951
QLearning,49,42,0.48,2005,0.0075,1934.94,90.08,0.2803,100.0,1785735365.5503666
QLearning,19,42,0.56,2005,0.0075,1934.94,100.0,0.2803,100.0,1785735365.5787406
QLearning,35,42,0.53,2005,0.0075,1934.94,97.65,0.2803,100.0,1785735365.5977464
QLearning,60,42,0.45,2005,0.0075,1934.94,85.44,0.2803,100.0,1785735365.9055316
QLearning,56,42,0.46,2005,0.0075,1934.94,86.93,0.2803,100.0,1785735365.9082336
QLearning,70,42,0.42,2005,0.0075,1934.94,80.49,0.2803,100.0,1785735365.918875
QLearning,62,42,0.46,2005,0.0075,1934.94,83.59,0.2803,100.0,1785735365.9233456
QLearning,74,42,0.43,2005,0.0075,1934.94,78.5,0.2803,100.0,1785735365.9384742
QLearning,66,42,0.46,2005,0.0075,1934.94,83.04,0.2803,100.0,1785735365.9434328
QLearning,64,42,0.48,2005,0.0075,1934.94,83.9,0.2803,100.0,1785735365.9563625
QLearning,78,42,0.46,2005,0.0075,1934.94,76.85,0.2803,100.0,1785735365.973333
QLearning,54,42,0.54,2005,0.0075,1934.94,87.88,0.2803,100.0,1785735365.983863
QLearning,58,42,0.53,2005,0.0075,1934.94,87.13,0.2803,100.0,1785735365.9863296
QLearning,68,42,0.5,2005,0.0075,1934.94,82.11,0.2803,100.0,1785735365.9923072
QLearning,52,42,0.56,2005,0.0075,1934.94,89.9,0.2803,100.0,1785735365.995356
QLearning,50,42,0.57,2005,0.0075,1934.94,90.49,0.2803,100.0,1785735365.9998746
QLearning,80,42,0.47,2005,0.0075,1934.94,75.35,0.2803,100.0,1785735366.0035894
QLearning,72,42,0.51,2005,0.0075,1934.94,80.15,0.2803,100.0,1785735366.0083883
QLearning,82,42,0.5,2005,0.0075,1934.94,75.18,0.2803,100.0,1785735366.035704
QLearning,84,42,0.5,2005,0.0075,1934.94,74.19,0.2803,100.0,1785735366.0498405
QLearning,76,42,0.55,2005,0.0075,1934.94,78.33,0.2803,100.0,1785735366.0617666
QLearning,88,42,0.48,2005,0.0075,1934.94,71.42,0.2803,100.0,1785735366.083411
QLearning,86,42,0.53,2005,0.0075,1934.94,72.65,0.2803,100.0,1785735366.1106937
QLearning,63,42,0.44,2005,0.0075,1934.94,83.65,0.2803,100.0,1785735366.367605
QLearning,61,42,0.47,2005,0.0075,1934.94,85.19,0.2803,100.0,1785735366.3744953
QLearning,57,42,0.47,2005,0.0075,1934.94,87.62,0.2803,100.0,1785735366.377946
QLearning,67,42,0.44,2005,0.0075,1934.94,82.27,0.2803,100.0,1785735366.388832
QLearning,71,42,0.48,2005,0.0075,1934.94,80.22,0.2803,100.0,1785735366.3965707
QLearning,75,42,0.51,2005,0.0075,1934.94,79.51,0.2803,100.0,1785735366.4525435
QLearning,73,42,0.45,2005,0.0075,1934.94,79.18,0.2803,100.0,1785735366.4628265
QLearning,79,42,0.49,2005,0.0075,1934.94,75.95,0.2803,100.0,1785735366.4656324
QLearning,65,42,0.51,2005,0.0075,1934.94,82.79,0.2803,100.0,1785735366.4708183
QLearning,53,42,0.47,2005,0.0075,1934.94,89.29,0.2803,100.0,1785735366.4712925
QLearning,55,42,0.5,2005,0.0075,1934.94,89.3,0.2803,100.0,1785735366.4838457
QLearning,85,42,0.44,2005,0.0075,1934.94,72.9,0.2803,100.0,1785735366.4894996
QLearning,59,42,0.51,2005,0.0075,1934.94,86.13,0.2803,100.0,1785735366.4947412
QLearning,51,42,0.49,2005,0.0075,1934.94,89.99,0.2803,100.0,1785735366.4949934
QLearning,69,42,0.53,2005,0.0075,1934.94,80.49,0.2803,100.0,1785735366.5279033
QLearning,81,42,0.52,2005,0.0075,1934.94,74.48,0.2803,100.0,1785735366.5287197
QLearning,87,42,0.44,2005,0.0075,1934.94,73.32,0.2803,100.0,1785735366.554357
QLearning,83,42,0.52,2005,0.0075,1934.94,74.42,0.2803,100.0,1785735366.554983
QLearning,89,42,0.48,2005,0.0075,1934.94,72.0,0.2803,100.0,1785735366.5652192
QLearning,77,42,0.5,2005,0.0075,1934.94,78.38,0.2803,100.0,1785735366.5669334
QLearning,96,42,0.3,2005,0.0075,1934.94,67.72,0.2803,100.0,1785735366.6931553
QLearning,98,42,0.3,2005,0.0075,1934.94,67.38,0.2803,100.0,1785735366.6935124
QLearning,92,42,0.32,2005,0.0075,1934.94,69.15,0.2803,100.0,1785735366.6940072
QLearning,94,42,0.32,2005,0.0075,1934.94,69.25,0.2803,100.0,1785735366.6984782
QLearning,90,42,0.33,2005,0.0075,1934.94,71.35,0.2803,100.0,1785735366.7023473
QLearning,100,42,0.29,2005,0.0075,1934.94,66.47,0.2803,100.0,1785735366.7478704
QLearning,97,42,0.25,2005,0.0075,1934.94,67.6,0.2803,100.0,1785735366.946045
QLearning,99,42,0.25,2005,0.0075,1934.94,67.31,0.2803,100.0,1785735366.947108
QLearning,95,42,0.25,2005,0.0075,1934.94,69.01,0.2803,100.0,1785735366.947965
QLearning,93,42,0.25,2005,0.0075,1934.94,68.7,0.2803,100.0,1785735366.9497664
QLearning,91,42,0.25,2005,0.0075,1934.94,70.5,0.2803,100.0,1785735366.9571912
SARSA,48,42,0.4,2005,0.0075,1934.94,91.39,0.2803,100.0,1785735367.419412
SARSA,14,42,0.42,2005,0.0075,1934.94,100.0,0.2803,100.0,1785735367.4311635
SARSA,24,42,0.42,2005,0.0075,1934.94,100.0,0.2803,100.0,1785735367.4344032
SARSA,28,42,0.42,2005,0.0075,1934.94,99.59,0.2803,100.0,1785735367.4348764
SARSA,42,42,0.43,2005,0.0075,1934.94,94.18,0.2803,100.0,1785735367.4384675
SARSA,44,42,0.43,2005,0.0075,1934.94,94.03,0.2803,100.0,1785735367.4428475
SARSA,18,42,0.43,2005,0.0075,1934.94,99.8,0.2803,100.0,1785735367.4441612
SARSA,20,42,0.43,2005,0.0075,1934.94,100.0,0.2803,100.0,1785735367.4454336
SARSA,38,42,0.44,2005,0.0075,1934.94,96.71,0.2803,100.0,1785735367.4465804
SARSA,46,42,0.43,2005,0.0075,1934.94,91.91,0.2803,100.0,1785735367.4466274
SARSA,26,42,0.45,2005,0.0075,1934.94,99.94,0.2803,100.0,1785735367.459408
SARSA,10,42,0.45,2005,0.0075,1934.94,100.0,0.2803,100.0,1785735367.4604068
SARSA,12,42,0.46,2005,0.0075,1934.94,100.0,0.2803,100.0,1785735367.4665265
SARSA,34,42,0.46,2005,0.0075,1934.94,98.11,0.2803,100.0,1785735367.4695668
SARSA,16,42,0.46,2005,0.0075,1934.94,99.97,0.2803,100.0,1785735367.473492
SARSA,22,42,0.46,2005,0.0075,1934.94,99.98,0.2803,100.0,1785735367.4735446
SARSA,32,42,0.48,2005,0.0075,1934.94,99.82,0.2803,100.0,1785735367.4881015
SARSA,30,42,0.48,2005,0.0075,1934.94,99.9,0.2803,100.0,1785735367.4908564
SARSA,36,42,0.48,2005,0.0075,1934.94,96.89,0.2803,100.0,1785735367.491007
SARSA,40,42,0.53,2005,0.0075,1934.94,94.15,0.2803,100.0,1785735367.5383494
SARSA,35,42,0.4,2005,0.0075,1934.94,96.97,0.2803,100.0,1785735367.8707223
SARSA,43,42,0.44,2005,0.0075,1934.94,93.77,0.2803,100.0,1785735367.875835
SARSA,19,42,0.45,2005,0.0075,1934.94,100.0,0.2803,100.0,1785735367.8937972
SARSA,39,42,0.45,2005,0.0075,1934.94,96.29,0.2803,100.0,1785735367.8954546
SARSA,25,42,0.46,2005,0.0075,1934.94,100.0,0.2803,100.0,1785735367.895818
SARSA,49,42,0.48,2005,0.0075,1934.94,90.84,0.2803,100.0,1785735367.8961654
SARSA,13,42,0.45,2005,0.0075,1934.94,100.0,0.2803,100.0,1785735367.9126232
SARSA,45,42,0.47,2005,0.0075,1934.94,92.44,0.2803,100.0,1785735367.9146693
SARSA,37,42,0.42,2005,0.0075,1934.94,97.31,0.2803,100.0,1785735367.9148972
SARSA,47,42,0.48,2005,0.0075,1934.94,91.17,0.2803,100.0,1785735367.9252467
SARSA,15,42,0.5,2005,0.0075,1934.94,99.97,0.2803,100.0,1785735367.9314818
SARSA,23,42,0.47,2005,0.0075,1934.94,99.27,0.2803,100.0,1785735367.9421437
SARSA,21,42,0.5,2005,0.0075,1934.94,99.92,0.2803,100.0,1785735367.945214
SARSA,27,42,0.49,2005,0.0075,1934.94,100.0,0.2803,100.0,1785735367.9523852
SARSA,29,42,0.52,2005,0.0075,1934.94,100.0,0.2803,100.0,1785735367.9560242
SARSA,11,42,0.5,2005,0.0075,1934.94,100.0,0.2803,100.0,1785735367.9660237
SARSA,17,42,0.5,2005,0.0075,1934.94,100.0,0.2803,100.0,1785735367.9726925
SARSA,41,42,0.44,2005,0.0075,1934.94,95.41,0.2803,100.0,1785735367.9837313
SARSA,33,42,0.54,2005,0.0075,1934.94,99.38,0.2803,100.0,1785735368.031494
SARSA,31,42,0.56,2005,0.0075,1934.94,98.57,0.2803,100.0,1785735368.0548334
SARSA,56,42,0.43,2005,0.0075,1934.94,86.79,0.2803,100.0,1785735368.323069
SARSA,52,42,0.48,2005,0.0075,1934.94,89.56,0.2803,100.0,1785735368.356804
SARSA,58,42,0.48,2005,0.0075,1934.94,86.35,0.2803,100.0,1785735368.374113
SARSA,66,42,0.46,2005,0.0075,1934.94,83.03,0.2803,100.0,1785735368.3742454
SARSA,72,42,0.46,2005,0.0075,1934.94,79.47,0.2803,100.0,1785735368.4073596
SARSA,60,42,0.51,2005,0.0075,1934.94,86.12,0.2803,100.0,1785735368.4092357
SARSA,76,42,0.47,2005,0.0075,1934.94,77.89,0.2803,100.0,1785735368.425953
SARSA,68,42,0.5,2005,0.0075,1934.94,81.83,0.2803,100.0,1785735368.428231
SARSA,80,42,0.46,2005,0.0075,1934.94,76.0,0.2803,100.0,1785735368.4325256
SARSA,82,42,0.46,2005,0.0075,1934.94,74.79,0.2803,100.0,1785735368.432842
SARSA,54,42,0.54,2005,0.0075,1934.94,88.86,0.2803,100.0,1785735368.4330552
SARSA,50,42,0.57,2005,0.0075,1934.94,90.09,0.2803,100.0,1785735368.4381208
SARSA,62,42,0.53,2005,0.0075,1934.94,84.38,0.2803,100.0,1785735368.4412875
SARSA,74,42,0.5,2005,0.0075,1934.94,80.03,0.2803,100.0,1785735368.4431503
SARSA,70,42,0.52,2005,0.0075,1934.94,80.5,0.2803,100.0,1785735368.457244
SARSA,78,42,0.52,2005,0.0075,1934.94,76.48,0.2803,100.0,1785735368.4733052
SARSA,86,42,0.45,2005,0.0075,1934.94,72.74,0.2803,100.0,1785735368.4872737
SARSA,64,42,0.57,2005,0.0075,1934.94,82.9,0.2803,100.0,1785735368.491681
SARSA,84,42,0.51,2005,0.0075,1934.94,74.27,0.2803,100.0,1785735368.4971185
SARSA,88,42,0.49,2005,0.0075,1934.94,73.01,0.2803,100.0,1785735368.5467892
SARSA,67,42,0.43,2005,0.0075,1934.94,83.07,0.2803,100.0,1785735368.8007069
SARSA,57,42,0.51,2005,0.0075,1934.94,87.0,0.2803,100.0,1785735368.8321538
SARSA,53,42,0.48,2005,0.0075,1934.94,88.54,0.2803,100.0,1785735368.83863
SARSA,59,42,0.48,2005,0.0075,1934.94,86.64,0.2803,100.0,1785735368.8557742
SARSA,83,42,0.44,2005,0.0075,1934.94,75.08,0.2803,100.0,1785735368.8782508
SARSA,61,42,0.49,2005,0.0075,1934.94,86.3,0.2803,100.0,1785735368.9033227
SARSA,55,42,0.48,2005,0.0075,1934.94,88.49,0.2803,100.0,1785735368.913235
SARSA,77,42,0.49,2005,0.0075,1934.94,77.26,0.2803,100.0,1785735368.9134111
SARSA,69,42,0.49,2005,0.0075,1934.94,80.21,0.2803,100.0,1785735368.915939
SARSA,71,42,0.46,2005,0.0075,1934.94,80.52,0.2803,100.0,1785735368.91603
SARSA,87,42,0.43,2005,0.0075,1934.94,73.63,0.2803,100.0,1785735368.9230285
SARSA,73,42,0.52,2005,0.0075,1934.94,79.64,0.2803,100.0,1785735368.9241712
SARSA,63,42,0.49,2005,0.0075,1934.94,83.41,0.2803,100.0,1785735368.9305782
SARSA,51,42,0.5,2005,0.0075,1934.94,89.76,0.2803,100.0,1785735368.9350543
SARSA,75,42,0.5,2005,0.0075,1934.94,78.26,0.2803,100.0,1785735368.9473164
SARSA,81,42,0.52,2005,0.0075,1934.94,75.86,0.2803,100.0,1785735368.9513934
SARSA,79,42,0.48,2005,0.0075,1934.94,76.89,0.2803,100.0,1785735368.958865
SARSA,65,42,0.48,2005,0.0075,1934.94,83.76,0.2803,100.0,1785735368.9679656
SARSA,89,42,0.44,2005,0.0075,1934.94,71.38,0.2803,100.0,1785735368.9870234
SARSA,85,42,0.51,2005,0.0075,1934.94,73.8,0.2803,100.0,1785735369.0051675
SARSA,90,42,0.33,2005,0.0075,1934.94,71.71,0.2803,100.0,1785735369.133702
SARSA,94,42,0.31,2005,0.0075,1934.94,69.75,0.2803,100.0,1785735369.1478884
SARSA,96,42,0.3,2005,0.0075,1934.94,67.39,0.2803,100.0,1785735369.153226
SARSA,92,42,0.32,2005,0.0075,1934.94,70.66,0.2803,100.0,1785735369.1557436
SARSA,98,42,0.31,2005,0.0075,1934.94,67.48,0.2803,100.0,1785735369.1846588
SARSA,100,42,0.28,2005,0.0075,1934.94,66.05,0.2803,100.0,1785735369.1869977
SARSA,91,42,0.26,2005,0.0075,1934.94,70.13,0.2803,100.0,1785735369.393754
SARSA,97,42,0.25,2005,0.0075,1934.94,68.0,0.2803,100.0,1785735369.4021077
SARSA,93,42,0.25,2005,0.0075,1934.94,69.16,0.2803,100.0,1785735369.4051094
SARSA,95,42,0.26,2005,0.0075,1934.94,68.76,0.2803,100.0,1785735369.4111445
SARSA,99,42,0.26,2005,0.0075,1934.94,66.66,0.2803,100.0,1785735369.446442
DecTree,38,42,2.81,2005,0.0075,284.603,95.44,2.8028,100.0,1785735372.3113737
DecTree,42,42,2.9,2005,0.0075,284.603,95.3,2.8028,100.0,1785735372.4025536
DecTree,22,42,2.91,2005,0.0075,284.603,99.31,2.8028,100.0,1785735372.411256
DecTree,20,42,2.94,2005,0.0075,284.603,100.0,2.8028,100.0,1785735372.4336915
DecTree,16,42,2.94,2005,0.0075,284.603,99.51,2.8028,100.0,1785735372.4367096
DecTree,28,42,2.95,2005,0.0075,284.603,100.0,2.8028,100.0,1785735372.4432282
DecTree,12,42,2.95,2005,0.0075,284.603,99.19,2.8028,100.0,1785735372.445943
DecTree,30,42,2.96,2005,0.0075,284.603,99.05,2.8028,100.0,1785735372.4594
DecTree,14,42,2.99,2005,0.0075,284.603,99.64,2.8028,100.0,1785735372.4834778
DecTree,36,42,2.99,2005,0.0075,284.603,96.43,2.8028,100.0,1785735372.488451
DecTree,44,42,3.0,2005,0.0075,284.603,93.53,2.8028,100.0,1785735372.497241
DecTree,26,42,3.03,2005,0.0075,284.603,100.0,2.8028,100.0,1785735372.523415
DecTree,40,42,3.03,2005,0.0075,284.603,94.51,2.8028,100.0,1785735372.5329664
DecTree,18,42,3.07,2005,0.0075,284.603,99.16,2.8028,100.0,1785735372.568818
DecTree,32,42,3.08,2005,0.0075,284.603,97.82,2.8028,100.0,1785735372.578991
DecTree,48,42,3.09,2005,0.0075,284.603,90.57,2.8028,100.0,1785735372.58775
DecTree,34,42,3.1,2005,0.0075,284.603,97.96,2.8028,100.0,1785735372.5948775
DecTree,46,42,3.13,2005,0.0075,284.603,93.07,2.8028,100.0,1785735372.6283844
DecTree,10,42,3.15,2005,0.0075,284.603,99.26,2.8028,100.0,1785735372.6455894
DecTree,24,42,3.23,2005,0.0075,284.603,99.98,2.8028,100.0,1785735372.724428
DecTree,13,42,1.17,2005,0.0075,284.603,98.94,2.8028,100.0,1785735373.6189282
DecTree,43,42,1.22,2005,0.0075,284.603,93.96,2.8028,100.0,1785735373.6238108
DecTree,17,42,1.2,2005,0.0075,284.603,100.0,2.8028,100.0,1785735373.6360755
DecTree,39,42,1.34,2005,0.0075,284.603,95.94,2.8028,100.0,1785735373.65092
DecTree,31,42,1.21,2005,0.0075,284.603,99.18,2.8028,100.0,1785735373.6655345
DecTree,23,42,1.26,2005,0.0075,284.603,99.39,2.8028,100.0,1785735373.6694753
DecTree,21,42,1.25,2005,0.0075,284.603,100.0,2.8028,100.0,1785735373.683999
DecTree,15,42,1.22,2005,0.0075,284.603,99.24,2.8028,100.0,1785735373.7018611
DecTree,29,42,1.28,2005,0.0075,284.603,100.0,2.8028,100.0,1785735373.7200406
DecTree,37,42,1.26,2005,0.0075,284.603,96.5,2.8028,100.0,1785735373.7543223
DecTree,35,42,1.2,2005,0.0075,284.603,97.4,2.8028,100.0,1785735373.8004603
DecTree,41,42,1.28,2005,0.0075,284.603,94.52,2.8028,100.0,1785735373.817658
DecTree,45,42,1.32,2005,0.0075,284.603,92.67,2.8028,100.0,1785735373.821941
DecTree,27,42,1.3,2005,0.0075,284.603,99.35,2.8028,100.0,1785735373.822075
DecTree,49,42,1.24,2005,0.0075,284.603,90.74,2.8028,100.0,1785735373.830413
DecTree,33,42,1.26,2005,0.0075,284.603,98.77,2.8028,100.0,1785735373.8396404
DecTree,47,42,1.25,2005,0.0075,284.603,92.31,2.8028,100.0,1785735373.8764164
DecTree,19,42,1.33,2005,0.0075,284.603,100.0,2.8028,100.0,1785735373.8994708
DecTree,25,42,1.21,2005,0.0075,284.603,100.0,2.8028,100.0,1785735373.9407969
DecTree,11,42,1.34,2005,0.0075,284.603,99.93,2.8028,100.0,1785735373.988311
DecTree,52,42,1.19,2005,0.0075,284.603,89.59,2.8028,100.0,1785735374.8126018
DecTree,54,42,1.21,2005,0.0075,284.603,89.12,2.8028,100.0,1785735374.849634
DecTree,56,42,1.2,2005,0.0075,284.603,87.85,2.8028,100.0,1785735374.857772
DecTree,62,42,1.21,2005,0.0075,284.603,83.8,2.8028,100.0,1785735374.903417
DecTree,60,42,1.24,2005,0.0075,284.603,86.03,2.8028,100.0,1785735374.9116523
DecTree,64,42,1.21,2005,0.0075,284.603,83.65,2.8028,100.0,1785735374.9126818
DecTree,58,42,1.24,2005,0.0075,284.603,86.78,2.8028,100.0,1785735374.914696
DecTree,50,42,1.31,2005,0.0075,284.603,89.26,2.8028,100.0,1785735374.934852
DecTree,78,42,1.15,2005,0.0075,284.603,77.17,2.8028,100.0,1785735374.9770849
DecTree,66,42,1.29,2005,0.0075,284.603,81.97,2.8028,100.0,1785735375.0171883
DecTree,70,42,1.23,2005,0.0075,284.603,80.31,2.8028,100.0,1785735375.0296638
DecTree,74,42,1.23,2005,0.0075,284.603,78.09,2.8028,100.0,1785735375.0599415
DecTree,72,42,1.26,2005,0.0075,284.603,79.97,2.8028,100.0,1785735375.07943
DecTree,68,42,1.34,2005,0.0075,284.603,81.75,2.8028,100.0,1785735375.099233
DecTree,76,42,1.28,2005,0.0075,284.603,77.97,2.8028,100.0,1785735375.1094644
DecTree,82,42,1.3,2005,0.0075,284.603,76.14,2.8028,100.0,1785735375.1747096
DecTree,86,42,1.23,2005,0.0075,284.603,72.67,2.8028,100.0,1785735375.1769292
DecTree,80,42,1.36,2005,0.0075,284.603,75.3,2.8028,100.0,1785735375.1989074
DecTree,84,42,1.33,2005,0.0075,284.603,74.14,2.8028,100.0,1785735375.2358966
DecTree,88,42,1.29,2005,0.0075,284.603,72.36,2.8028,100.0,1785735375.2767515
DecTree,59,42,1.19,2005,0.0075,284.603,85.36,2.8028,100.0,1785735376.10265
DecTree,57,42,1.25,2005,0.0075,284.603,86.63,2.8028,100.0,1785735376.10647
DecTree,55,42,1.27,2005,0.0075,284.603,87.87,2.8028,100.0,1785735376.1163423
DecTree,53,42,1.37,2005,0.0075,284.603,88.7,2.8028,100.0,1785735376.1869612
DecTree,65,42,1.27,2005,0.0075,284.603,82.59,2.8028,100.0,1785735376.189229
DecTree,51,42,1.26,2005,0.0075,284.603,89.78,2.8028,100.0,1785735376.199937
DecTree,79,42,1.23,2005,0.0075,284.603,76.32,2.8028,100.0,1785735376.2039838
DecTree,63,42,1.33,2005,0.0075,284.603,84.34,2.8028,100.0,1785735376.2343135
DecTree,61,42,1.35,2005,0.0075,284.603,85.36,2.8028,100.0,1785735376.2680812
DecTree,71,42,1.24,2005,0.0075,284.603,80.39,2.8028,100.0,1785735376.2728865
DecTree,67,42,1.27,2005,0.0075,284.603,81.8,2.8028,100.0,1785735376.285451
DecTree,75,42,1.23,2005,0.0075,284.603,78.84,2.8028,100.0,1785735376.2961664
DecTree,73,42,1.24,2005,0.0075,284.603,79.75,2.8028,100.0,1785735376.320279
DecTree,69,42,1.24,2005,0.0075,284.603,81.88,2.8028,100.0,1785735376.3460836
DecTree,83,42,1.18,2005,0.0075,284.603,74.35,2.8028,100.0,1785735376.3557143
DecTree,87,42,1.18,2005,0.0075,284.603,72.37,2.8028,100.0,1785735376.3621533
DecTree,77,42,1.27,2005,0.0075,284.603,77.46,2.8028,100.0,1785735376.3759954
DecTree,81,42,1.23,2005,0.0075,284.603,75.76,2.8028,100.0,1785735376.4323597
DecTree,89,42,1.2,2005,0.0075,284.603,71.73,2.8028,100.0,1785735376.480407
DecTree,85,42,1.25,2005,0.0075,284.603,74.0,2.8028,100.0,1785735376.486378
DecTree,90,42,0.8,2005,0.0075,284.603,71.08,2.8028,100.0,1785735376.9080727
DecTree,92,42,0.85,2005,0.0075,284.603,69.68,2.8028,100.0,1785735376.9570837
DecTree,94,42,0.84,2005,0.0075,284.603,69.06,2.8028,100.0,1785735376.9572015
DecTree,98,42,0.78,2005,0.0075,284.603,67.17,2.8028,100.0,1785735376.9689164
DecTree,96,42,0.79,2005,0.0075,284.603,67.82,2.8028,100.0,1785735376.9782286
DecTree,100,42,0.8,2005,0.0075,284.603,66.02,2.8028,100.0,1785735376.9994173
DecTree,91,42,0.74,2005,0.0075,284.603,70.63,2.8028,100.0,1785735377.6471162
DecTree,95,42,0.72,2005,0.0075,284.603,68.41,2.8028,100.0,1785735377.6804364
DecTree,99,42,0.72,2005,0.0075,284.603,68.23,2.8028,100.0,1785735377.688001
DecTree,93,42,0.74,2005,0.0075,284.603,69.6,2.8028,100.0,1785735377.7032046
DecTree,97,42,0.72,2005,0.0075,284.603,67.3,2.8028,100.0,1785735377.703306
StdMLP,16,42,3.13,1805,0.0068,509.432,99.79,12.2106,100.0,1785735380.9801817
StdMLP,10,42,3.26,1805,0.0068,509.432,99.97,12.2106,100.0,1785735381.1068969
StdMLP,48,42,3.29,1805,0.0068,509.432,91.68,12.2106,100.0,1785735381.142602
StdMLP,34,42,3.39,1805,0.0068,509.432,98.25,12.2106,100.0,1785735381.2397666
StdMLP,26,42,3.4,1805,0.0068,509.432,99.76,12.2106,100.0,1785735381.244889
StdMLP,30,42,3.4,1805,0.0068,509.432,100.0,12.2106,100.0,1785735381.2452564
StdMLP,24,42,3.41,1805,0.0068,509.432,100.0,12.2106,100.0,1785735381.2578454
StdMLP,44,42,3.41,1805,0.0068,509.432,93.87,12.2106,100.0,1785735381.2609706
StdMLP,18,42,3.42,1805,0.0068,509.432,99.84,12.2106,100.0,1785735381.2717035
StdMLP,38,42,3.43,1805,0.0068,509.432,96.19,12.2106,100.0,1785735381.2789896
StdMLP,22,42,3.44,1805,0.0068,509.432,99.96,12.2106,100.0,1785735381.2850015
StdMLP,14,42,3.44,1805,0.0068,509.432,100.0,12.2106,100.0,1785735381.2897725
StdMLP,40,42,3.46,1805,0.0068,509.432,95.24,12.2106,100.0,1785735381.3047855
StdMLP,32,42,3.46,1805,0.0068,509.432,98.81,12.2106,100.0,1785735381.308205
StdMLP,28,42,3.49,1805,0.0068,509.432,100.0,12.2106,100.0,1785735381.3385627
StdMLP,36,42,3.49,1805,0.0068,509.432,97.64,12.2106,100.0,1785735381.339406
StdMLP,46,42,3.5,1805,0.0068,509.432,92.14,12.2106,100.0,1785735381.3528705
StdMLP,20,42,3.52,1805,0.0068,509.432,99.73,12.2106,100.0,1785735381.3655035
StdMLP,12,42,3.52,1805,0.0068,509.432,99.85,12.2106,100.0,1785735381.3661358
StdMLP,42,42,3.52,1805,0.0068,509.432,93.8,12.2106,100.0,1785735381.3738592
StdMLP,17,42,1.7,1805,0.0068,509.432,100.0,12.2106,100.0,1785735382.6828392
StdMLP,45,42,1.55,1805,0.0068,509.432,91.98,12.2106,100.0,1785735382.8109932
StdMLP,49,42,1.67,1805,0.0068,509.432,90.97,12.2106,100.0,1785735382.8150234
StdMLP,11,42,1.74,1805,0.0068,509.432,100.0,12.2106,100.0,1785735382.8507357
StdMLP,31,42,1.67,1805,0.0068,509.432,99.44,12.2106,100.0,1785735382.9124694
StdMLP,25,42,1.67,1805,0.0068,509.432,99.79,12.2106,100.0,1785735382.9320707
StdMLP,39,42,1.66,1805,0.0068,509.432,95.37,12.2106,100.0,1785735382.9356315
StdMLP,35,42,1.71,1805,0.0068,509.432,97.97,12.2106,100.0,1785735382.949226
StdMLP,41,42,1.64,1805,0.0068,509.432,95.3,12.2106,100.0,1785735382.949544
StdMLP,19,42,1.69,1805,0.0068,509.432,100.0,12.2106,100.0,1785735382.9660444
StdMLP,27,42,1.76,1805,0.0068,509.432,100.0,12.2106,100.0,1785735383.0085528
StdMLP,15,42,1.72,1805,0.0068,509.432,99.79,12.2106,100.0,1785735383.013217
StdMLP,33,42,1.71,1805,0.0068,509.432,98.95,12.2106,100.0,1785735383.0191507
StdMLP,23,42,1.74,1805,0.0068,509.432,100.0,12.2106,100.0,1785735383.0216346
StdMLP,37,42,1.73,1805,0.0068,509.432,96.65,12.2106,100.0,1785735383.06652
StdMLP,21,42,1.72,1805,0.0068,509.432,99.97,12.2106,100.0,1785735383.084155
StdMLP,13,42,1.75,1805,0.0068,509.432,100.0,12.2106,100.0,1785735383.1181746
StdMLP,43,42,1.74,1805,0.0068,509.432,93.5,12.2106,100.0,1785735383.1224265
StdMLP,29,42,1.79,1805,0.0068,509.432,100.0,12.2106,100.0,1785735383.1328063
StdMLP,47,42,1.83,1805,0.0068,509.432,91.38,12.2106,100.0,1785735383.1862197
StdMLP,50,42,1.75,1805,0.0068,509.432,90.08,12.2106,100.0,1785735384.4401908
StdMLP,54,42,1.67,1805,0.0068,509.432,87.45,12.2106,100.0,1785735384.4868484
StdMLP,52,42,1.72,1805,0.0068,509.432,89.79,12.2106,100.0,1785735384.5366015
StdMLP,62,42,1.64,1805,0.0068,509.432,84.84,12.2106,100.0,1785735384.582134
StdMLP,56,42,1.74,1805,0.0068,509.432,87.51,12.2106,100.0,1785735384.5896754
StdMLP,68,42,1.63,1805,0.0068,509.432,81.02,12.2106,100.0,1785735384.595854
StdMLP,72,42,1.59,1805,0.0068,509.432,79.73,12.2106,100.0,1785735384.6084924
StdMLP,58,42,1.71,1805,0.0068,509.432,85.9,12.2106,100.0,1785735384.6261077
StdMLP,70,42,1.65,1805,0.0068,509.432,81.49,12.2106,100.0,1785735384.6641526
StdMLP,60,42,1.74,1805,0.0068,509.432,86.35,12.2106,100.0,1785735384.676461
StdMLP,64,42,1.74,1805,0.0068,509.432,83.56,12.2106,100.0,1785735384.6866322
StdMLP,76,42,1.7,1805,0.0068,509.432,78.33,12.2106,100.0,1785735384.7251997
StdMLP,66,42,1.79,1805,0.0068,509.432,83.47,12.2106,100.0,1785735384.7379036
StdMLP,74,42,1.73,1805,0.0068,509.432,78.81,12.2106,100.0,1785735384.75221
StdMLP,80,42,1.67,1805,0.0068,509.432,75.94,12.2106,100.0,1785735384.7617953
StdMLP,86,42,1.66,1805,0.0068,509.432,72.9,12.2106,100.0,1785735384.7971916
StdMLP,78,42,1.75,1805,0.0068,509.432,77.7,12.2106,100.0,1785735384.8145788
StdMLP,84,42,1.77,1805,0.0068,509.432,74.56,12.2106,100.0,1785735384.897195
StdMLP,82,42,1.83,1805,0.0068,509.432,74.41,12.2106,100.0,1785735384.9549177
StdMLP,88,42,1.78,1805,0.0068,509.432,72.22,12.2106,100.0,1785735384.974795
StdMLP,51,42,1.68,1805,0.0068,509.432,89.82,12.2106,100.0,1785735386.1176665
StdMLP,53,42,1.63,1805,0.0068,509.432,89.22,12.2106,100.0,1785735386.1693077
StdMLP,73,42,1.66,1805,0.0068,509.432,79.53,12.2106,100.0,1785735386.270148
StdMLP,61,42,1.6,1805,0.0068,509.432,85.06,12.2106,100.0,1785735386.2775998
StdMLP,55,42,1.81,1805,0.0068,509.432,87.69,12.2106,100.0,1785735386.2957315
StdMLP,71,42,1.64,1805,0.0068,509.432,80.61,12.2106,100.0,1785735386.3028944
StdMLP,57,42,1.75,1805,0.0068,509.432,87.2,12.2106,100.0,1785735386.3450236
StdMLP,59,42,1.73,1805,0.0068,509.432,85.97,12.2106,100.0,1785735386.35692
StdMLP,69,42,1.76,1805,0.0068,509.432,81.05,12.2106,100.0,1785735386.362252
StdMLP,81,42,1.6,1805,0.0068,509.432,75.52,12.2106,100.0,1785735386.3682752
StdMLP,65,42,1.69,1805,0.0068,509.432,83.99,12.2106,100.0,1785735386.3760118
StdMLP,63,42,1.79,1805,0.0068,509.432,84.65,12.2106,100.0,1785735386.3767736
StdMLP,75,42,1.67,1805,0.0068,509.432,78.6,12.2106,100.0,1785735386.421069
StdMLP,67,42,1.69,1805,0.0068,509.432,83.05,12.2106,100.0,1785735386.4281518
StdMLP,77,42,1.78,1805,0.0068,509.432,78.05,12.2106,100.0,1785735386.503276
StdMLP,79,42,1.69,1805,0.0068,509.432,76.14,12.2106,100.0,1785735386.508444
StdMLP,83,42,1.56,1805,0.0068,509.432,75.31,12.2106,100.0,1785735386.5211952
StdMLP,87,42,1.74,1805,0.0068,509.432,73.21,12.2106,100.0,1785735386.5380049
StdMLP,85,42,1.65,1805,0.0068,509.432,73.31,12.2106,100.0,1785735386.5461752
StdMLP,89,42,1.67,1805,0.0068,509.432,71.56,12.2106,100.0,1785735386.640931
StdMLP,90,42,1.15,1805,0.0068,509.432,70.86,12.2106,100.0,1785735387.2644763
StdMLP,92,42,1.13,1805,0.0068,509.432,69.98,12.2106,100.0,1785735387.305171
StdMLP,96,42,1.05,1805,0.0068,509.432,68.14,12.2106,100.0,1785735387.3317506
StdMLP,98,42,1.07,1805,0.0068,509.432,66.93,12.2106,100.0,1785735387.367592
StdMLP,94,42,1.14,1805,0.0068,509.432,69.03,12.2106,100.0,1785735387.410964
StdMLP,100,42,1.13,1805,0.0068,509.432,66.36,12.2106,100.0,1785735387.432477
StdMLP,91,42,1.01,1805,0.0068,509.432,70.59,12.2106,100.0,1785735388.2758367
StdMLP,93,42,1.01,1805,0.0068,509.432,69.8,12.2106,100.0,1785735388.3130157
StdMLP,97,42,0.99,1805,0.0068,509.432,67.16,12.2106,100.0,1785735388.3256466
StdMLP,99,42,1.01,1805,0.0068,509.432,67.0,12.2106,100.0,1785735388.374402
StdMLP,95,42,1.01,1805,0.0068,509.432,68.8,12.2106,100.0,1785735388.423354
ActorCritic,16,42,0.41,2005,0.0075,1934.94,100.0,0.2803,100.0,1785735388.9653018
ActorCritic,30,42,0.42,2005,0.0075,1934.94,99.66,0.2803,100.0,1785735388.9754865
ActorCritic,20,42,0.43,2005,0.0075,1934.94,99.97,0.2803,100.0,1785735388.9790802
ActorCritic,42,42,0.43,2005,0.0075,1934.94,97.32,0.2803,100.0,1785735388.9797263
ActorCritic,14,42,0.43,2005,0.0075,1934.94,100.0,0.2803,100.0,1785735388.9818358
ActorCritic,26,42,0.43,2005,0.0075,1934.94,99.87,0.2803,100.0,1785735388.9837005
ActorCritic,24,42,0.43,2005,0.0075,1934.94,98.94,0.2803,100.0,1785735388.9867618
ActorCritic,46,42,0.43,2005,0.0075,1934.94,97.14,0.2803,100.0,1785735388.988312
ActorCritic,18,42,0.44,2005,0.0075,1934.94,100.0,0.2803,100.0,1785735388.9931324
ActorCritic,28,42,0.44,2005,0.0075,1934.94,100.0,0.2803,100.0,1785735388.9932537
ActorCritic,22,42,0.44,2005,0.0075,1934.94,99.77,0.2803,100.0,1785735388.9958456
ActorCritic,36,42,0.45,2005,0.0075,1934.94,98.87,0.2803,100.0,1785735389.0015688
ActorCritic,44,42,0.45,2005,0.0075,1934.94,96.85,0.2803,100.0,1785735389.0035698
ActorCritic,34,42,0.45,2005,0.0075,1934.94,99.42,0.2803,100.0,1785735389.0048287
ActorCritic,48,42,0.45,2005,0.0075,1934.94,95.07,0.2803,100.0,1785735389.0131087
ActorCritic,10,42,0.46,2005,0.0075,1934.94,100.0,0.2803,100.0,1785735389.0155244
ActorCritic,12,42,0.46,2005,0.0075,1934.94,100.0,0.2803,100.0,1785735389.0155568
ActorCritic,38,42,0.48,2005,0.0075,1934.94,98.48,0.2803,100.0,1785735389.0287745
ActorCritic,40,42,0.51,2005,0.0075,1934.94,98.46,0.2803,100.0,1785735389.0648878
ActorCritic,32,42,0.52,2005,0.0075,1934.94,99.61,0.2803,100.0,1785735389.0734422
ActorCritic,17,42,0.43,2005,0.0075,1934.94,99.51,0.2803,100.0,1785735389.3965552
ActorCritic,45,42,0.4,2005,0.0075,1934.94,95.75,0.2803,100.0,1785735389.4054832
ActorCritic,23,42,0.41,2005,0.0075,1934.94,99.38,0.2803,100.0,1785735389.4080646
ActorCritic,31,42,0.43,2005,0.0075,1934.94,99.75,0.2803,100.0,1785735389.4089088
ActorCritic,43,42,0.43,2005,0.0075,1934.94,95.62,0.2803,100.0,1785735389.412408
ActorCritic,15,42,0.44,2005,0.0075,1934.94,100.0,0.2803,100.0,1785735389.4232564
ActorCritic,19,42,0.43,2005,0.0075,1934.94,99.91,0.2803,100.0,1785735389.4279263
ActorCritic,21,42,0.45,2005,0.0075,1934.94,99.94,0.2803,100.0,1785735389.434417
ActorCritic,25,42,0.45,2005,0.0075,1934.94,100.0,0.2803,100.0,1785735389.4375207
ActorCritic,27,42,0.46,2005,0.0075,1934.94,99.6,0.2803,100.0,1785735389.444887
ActorCritic,29,42,0.45,2005,0.0075,1934.94,99.54,0.2803,100.0,1785735389.4459274
ActorCritic,11,42,0.43,2005,0.0075,1934.94,99.87,0.2803,100.0,1785735389.4497273
ActorCritic,49,42,0.44,2005,0.0075,1934.94,95.03,0.2803,100.0,1785735389.4558802
ActorCritic,13,42,0.44,2005,0.0075,1934.94,100.0,0.2803,100.0,1785735389.457638
ActorCritic,39,42,0.43,2005,0.0075,1934.94,98.33,0.2803,100.0,1785735389.459792
ActorCritic,47,42,0.49,2005,0.0075,1934.94,96.63,0.2803,100.0,1785735389.4770904
ActorCritic,37,42,0.49,2005,0.0075,1934.94,98.74,0.2803,100.0,1785735389.4895568
ActorCritic,35,42,0.52,2005,0.0075,1934.94,98.5,0.2803,100.0,1785735389.5261002
ActorCritic,33,42,0.47,2005,0.0075,1934.94,99.31,0.2803,100.0,1785735389.5415442
ActorCritic,41,42,0.48,2005,0.0075,1934.94,97.34,0.2803,100.0,1785735389.5441494
ActorCritic,58,42,0.43,2005,0.0075,1934.94,92.64,0.2803,100.0,1785735389.8446786
ActorCritic,60,42,0.44,2005,0.0075,1934.94,92.95,0.2803,100.0,1785735389.865876
ActorCritic,66,42,0.43,2005,0.0075,1934.94,91.42,0.2803,100.0,1785735389.8675892
ActorCritic,70,42,0.42,2005,0.0075,1934.94,90.59,0.2803,100.0,1785735389.8684037
ActorCritic,50,42,0.47,2005,0.0075,1934.94,95.27,0.2803,100.0,1785735389.8734918
ActorCritic,54,42,0.47,2005,0.0075,1934.94,93.91,0.2803,100.0,1785735389.8750377
ActorCritic,72,42,0.44,2005,0.0075,1934.94,89.53,0.2803,100.0,1785735389.8860312
ActorCritic,68,42,0.44,2005,0.0075,1934.94,90.48,0.2803,100.0,1785735389.891179
ActorCritic,78,42,0.45,2005,0.0075,1934.94,88.78,0.2803,100.0,1785735389.9072273
ActorCritic,56,42,0.5,2005,0.0075,1934.94,93.19,0.2803,100.0,1785735389.9114723
ActorCritic,64,42,0.48,2005,0.0075,1934.94,91.39,0.2803,100.0,1785735389.9157488
ActorCritic,62,42,0.49,2005,0.0075,1934.94,92.78,0.2803,100.0,1785735389.9239788
ActorCritic,76,42,0.47,2005,0.0075,1934.94,88.36,0.2803,100.0,1785735389.9240708
ActorCritic,52,42,0.52,2005,0.0075,1934.94,95.36,0.2803,100.0,1785735389.9278948
ActorCritic,74,42,0.48,2005,0.0075,1934.94,89.47,0.2803,100.0,1785735389.93847
ActorCritic,80,42,0.46,2005,0.0075,1934.94,87.56,0.2803,100.0,1785735389.9390926
ActorCritic,82,42,0.45,2005,0.0075,1934.94,87.09,0.2803,100.0,1785735389.9458044
ActorCritic,88,42,0.48,2005,0.0075,1934.94,85.77,0.2803,100.0,1785735390.0254674
ActorCritic,86,42,0.48,2005,0.0075,1934.94,86.59,0.2803,100.0,1785735390.0261662
ActorCritic,84,42,0.5,2005,0.0075,1934.94,87.42,0.2803,100.0,1785735390.027414
ActorCritic,71,42,0.45,2005,0.0075,1934.94,90.31,0.2803,100.0,1785735390.3211613
ActorCritic,59,42,0.49,2005,0.0075,1934.94,93.54,0.2803,100.0,1785735390.3406324
ActorCritic,51,42,0.47,2005,0.0075,1934.94,96.11,0.2803,100.0,1785735390.341582
ActorCritic,69,42,0.45,2005,0.0075,1934.94,90.08,0.2803,100.0,1785735390.3468711
ActorCritic,75,42,0.42,2005,0.0075,1934.94,88.6,0.2803,100.0,1785735390.3615663
ActorCritic,67,42,0.5,2005,0.0075,1934.94,90.65,0.2803,100.0,1785735390.3667402
ActorCritic,57,42,0.46,2005,0.0075,1934.94,93.5,0.2803,100.0,1785735390.3691034
ActorCritic,73,42,0.48,2005,0.0075,1934.94,89.6,0.2803,100.0,1785735390.3693376
ActorCritic,55,42,0.49,2005,0.0075,1934.94,93.98,0.2803,100.0,1785735390.369609
ActorCritic,65,42,0.47,2005,0.0075,1934.94,91.31,0.2803,100.0,1785735390.3838034
ActorCritic,63,42,0.46,2005,0.0075,1934.94,92.61,0.2803,100.0,1785735390.3847406
ActorCritic,81,42,0.45,2005,0.0075,1934.94,87.78,0.2803,100.0,1785735390.387945
ActorCritic,61,42,0.52,2005,0.0075,1934.94,91.95,0.2803,100.0,1785735390.388025
ActorCritic,77,42,0.46,2005,0.0075,1934.94,89.03,0.2803,100.0,1785735390.39026
ActorCritic,79,42,0.49,2005,0.0075,1934.94,88.48,0.2803,100.0,1785735390.3972895
ActorCritic,83,42,0.46,2005,0.0075,1934.94,87.85,0.2803,100.0,1785735390.4080892
ActorCritic,53,42,0.49,2005,0.0075,1934.94,94.14,0.2803,100.0,1785735390.4224334
ActorCritic,89,42,0.44,2005,0.0075,1934.94,85.01,0.2803,100.0,1785735390.4707952
ActorCritic,87,42,0.46,2005,0.0075,1934.94,86.35,0.2803,100.0,1785735390.48565
ActorCritic,85,42,0.46,2005,0.0075,1934.94,87.2,0.2803,100.0,1785735390.4899528
ActorCritic,90,42,0.29,2005,0.0075,1934.94,85.1,0.2803,100.0,1785735390.6203773
ActorCritic,100,42,0.26,2005,0.0075,1934.94,82.59,0.2803,100.0,1785735390.634721
ActorCritic,96,42,0.29,2005,0.0075,1934.94,83.37,0.2803,100.0,1785735390.6351357
ActorCritic,94,42,0.29,2005,0.0075,1934.94,84.54,0.2803,100.0,1785735390.636943
ActorCritic,92,42,0.3,2005,0.0075,1934.94,85.43,0.2803,100.0,1785735390.6411266
ActorCritic,98,42,0.28,2005,0.0075,1934.94,84.49,0.2803,100.0,1785735390.6445558
ActorCritic,91,42,0.26,2005,0.0075,1934.94,84.59,0.2803,100.0,1785735390.8854578
ActorCritic,97,42,0.25,2005,0.0075,1934.94,83.87,0.2803,100.0,1785735390.88601
ActorCritic,99,42,0.25,2005,0.0075,1934.94,83.46,0.2803,100.0,1785735390.8907251
ActorCritic,93,42,0.25,2005,0.0075,1934.94,85.57,0.2803,100.0,1785735390.8950336
ActorCritic,95,42,0.26,2005,0.0075,1934.94,84.77,0.2803,100.0,1785735390.895103
PPO,14,42,0.38,2005,0.0075,1934.94,100.0,0.2803,100.0,1785735391.332248
PPO,20,42,0.41,2005,0.0075,1934.94,100.0,0.2803,100.0,1785735391.3571887
PPO,12,42,0.42,2005,0.0075,1934.94,99.35,0.2803,100.0,1785735391.3682723
PPO,22,42,0.42,2005,0.0075,1934.94,99.06,0.2803,100.0,1785735391.372165
PPO,18,42,0.43,2005,0.0075,1934.94,100.0,0.2803,100.0,1785735391.3733506
PPO,34,42,0.43,2005,0.0075,1934.94,99.72,0.2803,100.0,1785735391.3747945
PPO,44,42,0.43,2005,0.0075,1934.94,96.54,0.2803,100.0,1785735391.375837
PPO,36,42,0.43,2005,0.0075,1934.94,98.9,0.2803,100.0,1785735391.3761356
PPO,24,42,0.43,2005,0.0075,1934.94,99.2,0.2803,100.0,1785735391.3762531
PPO,40,42,0.43,2005,0.0075,1934.94,97.86,0.2803,100.0,1785735391.377362
PPO,30,42,0.43,2005,0.0075,1934.94,99.11,0.2803,100.0,1785735391.3776596
PPO,28,42,0.43,2005,0.0075,1934.94,99.72,0.2803,100.0,1785735391.3786125
PPO,16,42,0.43,2005,0.0075,1934.94,99.95,0.2803,100.0,1785735391.3793807
PPO,26,42,0.44,2005,0.0075,1934.94,98.83,0.2803,100.0,1785735391.3904958
PPO,32,42,0.46,2005,0.0075,1934.94,99.5,0.2803,100.0,1785735391.4059105
PPO,10,42,0.46,2005,0.0075,1934.94,100.0,0.2803,100.0,1785735391.4083078
PPO,42,42,0.47,2005,0.0075,1934.94,97.03,0.2803,100.0,1785735391.424177
PPO,48,42,0.5,2005,0.0075,1934.94,95.66,0.2803,100.0,1785735391.4490678
PPO,38,42,0.51,2005,0.0075,1934.94,96.8,0.2803,100.0,1785735391.4592762
PPO,46,42,0.54,2005,0.0075,1934.94,96.54,0.2803,100.0,1785735391.4912002
PPO,13,42,0.42,2005,0.0075,1934.94,99.65,0.2803,100.0,1785735391.7871938
PPO,15,42,0.49,2005,0.0075,1934.94,99.24,0.2803,100.0,1785735391.819321
PPO,29,42,0.44,2005,0.0075,1934.94,100.0,0.2803,100.0,1785735391.820717
PPO,21,42,0.47,2005,0.0075,1934.94,100.0,0.2803,100.0,1785735391.82767
PPO,19,42,0.46,2005,0.0075,1934.94,99.91,0.2803,100.0,1785735391.829783
PPO,45,42,0.46,2005,0.0075,1934.94,96.53,0.2803,100.0,1785735391.8341007
PPO,23,42,0.46,2005,0.0075,1934.94,99.43,0.2803,100.0,1785735391.8344953
PPO,35,42,0.46,2005,0.0075,1934.94,98.75,0.2803,100.0,1785735391.840438
PPO,27,42,0.45,2005,0.0075,1934.94,100.0,0.2803,100.0,1785735391.845794
PPO,25,42,0.47,2005,0.0075,1934.94,100.0,0.2803,100.0,1785735391.847159
PPO,17,42,0.47,2005,0.0075,1934.94,100.0,0.2803,100.0,1785735391.848818
PPO,37,42,0.48,2005,0.0075,1934.94,99.18,0.2803,100.0,1785735391.854125
PPO,41,42,0.48,2005,0.0075,1934.94,97.79,0.2803,100.0,1785735391.8562355
PPO,33,42,0.45,2005,0.0075,1934.94,99.43,0.2803,100.0,1785735391.859103
PPO,31,42,0.49,2005,0.0075,1934.94,98.82,0.2803,100.0,1785735391.867549
PPO,43,42,0.46,2005,0.0075,1934.94,96.7,0.2803,100.0,1785735391.8852298
PPO,11,42,0.5,2005,0.0075,1934.94,100.0,0.2803,100.0,1785735391.9078891
PPO,49,42,0.48,2005,0.0075,1934.94,95.75,0.2803,100.0,1785735391.9322371
PPO,39,42,0.52,2005,0.0075,1934.94,97.8,0.2803,100.0,1785735391.9772666
PPO,47,42,0.51,2005,0.0075,1934.94,95.44,0.2803,100.0,1785735392.0059142
PPO,50,42,0.45,2005,0.0075,1934.94,96.2,0.2803,100.0,1785735392.2390351
PPO,56,42,0.43,2005,0.0075,1934.94,94.13,0.2803,100.0,1785735392.2585917
PPO,62,42,0.43,2005,0.0075,1934.94,93.01,0.2803,100.0,1785735392.269118
PPO,74,42,0.44,2005,0.0075,1934.94,88.9,0.2803,100.0,1785735392.2942028
PPO,58,42,0.46,2005,0.0075,1934.94,93.24,0.2803,100.0,1785735392.2942708
PPO,72,42,0.44,2005,0.0075,1934.94,89.5,0.2803,100.0,1785735392.3024306
PPO,54,42,0.48,2005,0.0075,1934.94,93.88,0.2803,100.0,1785735392.305282
PPO,52,42,0.51,2005,0.0075,1934.94,94.66,0.2803,100.0,1785735392.3284752
PPO,64,42,0.49,2005,0.0075,1934.94,92.27,0.2803,100.0,1785735392.3288667
PPO,80,42,0.45,2005,0.0075,1934.94,88.44,0.2803,100.0,1785735392.3350036
PPO,76,42,0.48,2005,0.0075,1934.94,88.45,0.2803,100.0,1785735392.34452
PPO,78,42,0.48,2005,0.0075,1934.94,88.91,0.2803,100.0,1785735392.3482764
PPO,68,42,0.5,2005,0.0075,1934.94,91.25,0.2803,100.0,1785735392.3506544
PPO,66,42,0.5,2005,0.0075,1934.94,91.27,0.2803,100.0,1785735392.3508449
PPO,82,42,0.45,2005,0.0075,1934.94,87.09,0.2803,100.0,1785735392.354998
PPO,70,42,0.51,2005,0.0075,1934.94,89.21,0.2803,100.0,1785735392.3584335
PPO,60,42,0.53,2005,0.0075,1934.94,92.54,0.2803,100.0,1785735392.37056
PPO,86,42,0.47,2005,0.0075,1934.94,87.25,0.2803,100.0,1785735392.4540317
PPO,84,42,0.53,2005,0.0075,1934.94,87.24,0.2803,100.0,1785735392.46726
PPO,88,42,0.53,2005,0.0075,1934.94,85.64,0.2803,100.0,1785735392.534942
PPO,51,42,0.46,2005,0.0075,1934.94,95.04,0.2803,100.0,1785735392.704461
PPO,57,42,0.46,2005,0.0075,1934.94,93.05,0.2803,100.0,1785735392.7193446
PPO,63,42,0.49,2005,0.0075,1934.94,92.29,0.2803,100.0,1785735392.7625487
PPO,69,42,0.41,2005,0.0075,1934.94,91.69,0.2803,100.0,1785735392.7637312
PPO,65,42,0.43,2005,0.0075,1934.94,91.93,0.2803,100.0,1785735392.7645943
PPO,59,42,0.5,2005,0.0075,1934.94,92.74,0.2803,100.0,1785735392.791121
PPO,81,42,0.46,2005,0.0075,1934.94,86.78,0.2803,100.0,1785735392.7933466
PPO,75,42,0.5,2005,0.0075,1934.94,89.6,0.2803,100.0,1785735392.7958107
PPO,79,42,0.46,2005,0.0075,1934.94,87.93,0.2803,100.0,1785735392.812875
PPO,73,42,0.51,2005,0.0075,1934.94,89.39,0.2803,100.0,1785735392.8177292
PPO,55,42,0.51,2005,0.0075,1934.94,94.42,0.2803,100.0,1785735392.820626
PPO,53,42,0.5,2005,0.0075,1934.94,94.82,0.2803,100.0,1785735392.8249388
PPO,83,42,0.47,2005,0.0075,1934.94,86.27,0.2803,100.0,1785735392.8259127
PPO,67,42,0.49,2005,0.0075,1934.94,91.07,0.2803,100.0,1785735392.8378963
PPO,61,42,0.47,2005,0.0075,1934.94,93.37,0.2803,100.0,1785735392.8404305
PPO,77,42,0.5,2005,0.0075,1934.94,88.56,0.2803,100.0,1785735392.8481925
PPO,71,42,0.51,2005,0.0075,1934.94,90.36,0.2803,100.0,1785735392.8734553
PPO,85,42,0.43,2005,0.0075,1934.94,87.37,0.2803,100.0,1785735392.9018672
PPO,87,42,0.47,2005,0.0075,1934.94,85.86,0.2803,100.0,1785735392.9285762
PPO,89,42,0.4,2005,0.0075,1934.94,86.71,0.2803,100.0,1785735392.9326365
PPO,92,42,0.33,2005,0.0075,1934.94,84.85,0.2803,100.0,1785735393.054533
PPO,90,42,0.35,2005,0.0075,1934.94,85.71,0.2803,100.0,1785735393.05619
PPO,98,42,0.29,2005,0.0075,1934.94,83.41,0.2803,100.0,1785735393.0574377
PPO,96,42,0.31,2005,0.0075,1934.94,84.17,0.2803,100.0,1785735393.0704904
PPO,100,42,0.29,2005,0.0075,1934.94,82.81,0.2803,100.0,1785735393.083937
PPO,94,42,0.33,2005,0.0075,1934.94,84.48,0.2803,100.0,1785735393.0929892
PPO,99,42,0.25,2005,0.0075,1934.94,82.04,0.2803,100.0,1785735393.3069704
PPO,93,42,0.25,2005,0.0075,1934.94,84.8,0.2803,100.0,1785735393.309862
PPO,97,42,0.25,2005,0.0075,1934.94,83.58,0.2803,100.0,1785735393.3186543
PPO,91,42,0.26,2005,0.0075,1934.94,84.96,0.2803,100.0,1785735393.320501
PPO,95,42,0.24,2005,0.0075,1934.94,84.01,0.2803,100.0,1785735393.3389225
DDPG,30,42,0.38,2005,0.0075,1934.94,99.33,0.2803,100.0,1785735393.7895727
DDPG,24,42,0.39,2005,0.0075,1934.94,100.0,0.2803,100.0,1785735393.794649
DDPG,20,42,0.42,2005,0.0075,1934.94,99.95,0.2803,100.0,1785735393.8241804
DDPG,10,42,0.42,2005,0.0075,1934.94,99.82,0.2803,100.0,1785735393.831046
DDPG,16,42,0.42,2005,0.0075,1934.94,100.0,0.2803,100.0,1785735393.8310533
DDPG,14,42,0.43,2005,0.0075,1934.94,98.87,0.2803,100.0,1785735393.8365834
DDPG,22,42,0.43,2005,0.0075,1934.94,100.0,0.2803,100.0,1785735393.837111
DDPG,26,42,0.43,2005,0.0075,1934.94,100.0,0.2803,100.0,1785735393.8387847
DDPG,28,42,0.43,2005,0.0075,1934.94,100.0,0.2803,100.0,1785735393.838801
DDPG,46,42,0.43,2005,0.0075,1934.94,92.55,0.2803,100.0,1785735393.8392875
DDPG,36,42,0.43,2005,0.0075,1934.94,97.0,0.2803,100.0,1785735393.8418255
DDPG,18,42,0.44,2005,0.0075,1934.94,100.0,0.2803,100.0,1785735393.8425858
DDPG,42,42,0.44,2005,0.0075,1934.94,94.34,0.2803,100.0,1785735393.849587
DDPG,40,42,0.45,2005,0.0075,1934.94,95.03,0.2803,100.0,1785735393.8533194
DDPG,34,42,0.46,2005,0.0075,1934.94,98.44,0.2803,100.0,1785735393.864601
DDPG,32,42,0.46,2005,0.0075,1934.94,98.26,0.2803,100.0,1785735393.871414
DDPG,12,42,0.47,2005,0.0075,1934.94,99.94,0.2803,100.0,1785735393.8742273
DDPG,48,42,0.47,2005,0.0075,1934.94,91.59,0.2803,100.0,1785735393.8779
DDPG,38,42,0.47,2005,0.0075,1934.94,96.19,0.2803,100.0,1785735393.879682
DDPG,44,42,0.48,2005,0.0075,1934.94,92.17,0.2803,100.0,1785735393.891131
DDPG,31,42,0.44,2005,0.0075,1934.94,99.02,0.2803,100.0,1785735394.2294118
DDPG,25,42,0.46,2005,0.0075,1934.94,99.46,0.2803,100.0,1785735394.2581542
DDPG,21,42,0.46,2005,0.0075,1934.94,100.0,0.2803,100.0,1785735394.2817297
DDPG,41,42,0.43,2005,0.0075,1934.94,95.39,0.2803,100.0,1785735394.2848148
DDPG,11,42,0.46,2005,0.0075,1934.94,100.0,0.2803,100.0,1785735394.2892396
DDPG,35,42,0.43,2005,0.0075,1934.94,97.15,0.2803,100.0,1785735394.2907653
DDPG,27,42,0.45,2005,0.0075,1934.94,99.98,0.2803,100.0,1785735394.290995
DDPG,37,42,0.48,2005,0.0075,1934.94,95.4,0.2803,100.0,1785735394.3186667
DDPG,23,42,0.49,2005,0.0075,1934.94,99.87,0.2803,100.0,1785735394.325316
DDPG,33,42,0.46,2005,0.0075,1934.94,98.75,0.2803,100.0,1785735394.3315208
DDPG,49,42,0.46,2005,0.0075,1934.94,91.93,0.2803,100.0,1785735394.335505
DDPG,19,42,0.49,2005,0.0075,1934.94,100.0,0.2803,100.0,1785735394.3376684
DDPG,43,42,0.49,2005,0.0075,1934.94,94.04,0.2803,100.0,1785735394.342468
DDPG,17,42,0.52,2005,0.0075,1934.94,99.43,0.2803,100.0,1785735394.3535757
DDPG,13,42,0.48,2005,0.0075,1934.94,100.0,0.2803,100.0,1785735394.358539
DDPG,47,42,0.52,2005,0.0075,1934.94,92.1,0.2803,100.0,1785735394.3612206
DDPG,29,42,0.52,2005,0.0075,1934.94,99.63,0.2803,100.0,1785735394.364073
DDPG,15,42,0.53,2005,0.0075,1934.94,99.41,0.2803,100.0,1785735394.3642764
DDPG,39,42,0.51,2005,0.0075,1934.94,96.18,0.2803,100.0,1785735394.3953907
DDPG,45,42,0.54,2005,0.0075,1934.94,91.82,0.2803,100.0,1785735394.43122
DDPG,62,42,0.44,2005,0.0075,1934.94,83.99,0.2803,100.0,1785735394.7332077
DDPG,52,42,0.47,2005,0.0075,1934.94,90.06,0.2803,100.0,1785735394.733852
DDPG,54,42,0.46,2005,0.0075,1934.94,89.03,0.2803,100.0,1785735394.7402694
DDPG,56,42,0.46,2005,0.0075,1934.94,87.89,0.2803,100.0,1785735394.7418134
DDPG,50,42,0.52,2005,0.0075,1934.94,91.22,0.2803,100.0,1785735394.7487864
DDPG,70,42,0.43,2005,0.0075,1934.94,80.35,0.2803,100.0,1785735394.7673476
DDPG,60,42,0.48,2005,0.0075,1934.94,85.66,0.2803,100.0,1785735394.7762363
DDPG,64,42,0.46,2005,0.0075,1934.94,84.47,0.2803,100.0,1785735394.7773814
DDPG,80,42,0.43,2005,0.0075,1934.94,75.53,0.2803,100.0,1785735394.7947133
DDPG,66,42,0.48,2005,0.0075,1934.94,83.11,0.2803,100.0,1785735394.8057566
DDPG,74,42,0.46,2005,0.0075,1934.94,78.9,0.2803,100.0,1785735394.8069215
DDPG,72,42,0.47,2005,0.0075,1934.94,79.92,0.2803,100.0,1785735394.812947
DDPG,68,42,0.49,2005,0.0075,1934.94,81.44,0.2803,100.0,1785735394.8223703
DDPG,58,42,0.54,2005,0.0075,1934.94,86.69,0.2803,100.0,1785735394.8272376
DDPG,78,42,0.49,2005,0.0075,1934.94,76.92,0.2803,100.0,1785735394.851805
DDPG,76,42,0.49,2005,0.0075,1934.94,77.63,0.2803,100.0,1785735394.8521447
DDPG,82,42,0.5,2005,0.0075,1934.94,75.14,0.2803,100.0,1785735394.8691566
DDPG,86,42,0.47,2005,0.0075,1934.94,72.17,0.2803,100.0,1785735394.8735342
DDPG,88,42,0.44,2005,0.0075,1934.94,71.67,0.2803,100.0,1785735394.8762102
DDPG,84,42,0.52,2005,0.0075,1934.94,74.12,0.2803,100.0,1785735394.887376
DDPG,53,42,0.46,2005,0.0075,1934.94,88.52,0.2803,100.0,1785735395.1975808
DDPG,81,42,0.43,2005,0.0075,1934.94,76.04,0.2803,100.0,1785735395.2293258
DDPG,55,42,0.49,2005,0.0075,1934.94,88.28,0.2803,100.0,1785735395.232893
DDPG,75,42,0.42,2005,0.0075,1934.94,78.15,0.2803,100.0,1785735395.2331922
DDPG,65,42,0.46,2005,0.0075,1934.94,83.82,0.2803,100.0,1785735395.2394266
DDPG,57,42,0.51,2005,0.0075,1934.94,87.39,0.2803,100.0,1785735395.2511437
DDPG,63,42,0.52,2005,0.0075,1934.94,83.81,0.2803,100.0,1785735395.252695
DDPG,51,42,0.5,2005,0.0075,1934.94,89.73,0.2803,100.0,1785735395.2536457
DDPG,71,42,0.49,2005,0.0075,1934.94,80.22,0.2803,100.0,1785735395.260271
DDPG,61,42,0.49,2005,0.0075,1934.94,84.43,0.2803,100.0,1785735395.2712488
DDPG,67,42,0.47,2005,0.0075,1934.94,83.3,0.2803,100.0,1785735395.2739358
DDPG,59,42,0.45,2005,0.0075,1934.94,85.97,0.2803,100.0,1785735395.277388
DDPG,69,42,0.48,2005,0.0075,1934.94,81.86,0.2803,100.0,1785735395.3071887
DDPG,73,42,0.5,2005,0.0075,1934.94,78.93,0.2803,100.0,1785735395.3095822
DDPG,77,42,0.47,2005,0.0075,1934.94,77.71,0.2803,100.0,1785735395.324692
DDPG,89,42,0.45,2005,0.0075,1934.94,71.18,0.2803,100.0,1785735395.3262138
DDPG,87,42,0.46,2005,0.0075,1934.94,72.87,0.2803,100.0,1785735395.333605
DDPG,79,42,0.49,2005,0.0075,1934.94,76.6,0.2803,100.0,1785735395.3405795
DDPG,85,42,0.46,2005,0.0075,1934.94,73.77,0.2803,100.0,1785735395.3495948
DDPG,83,42,0.48,2005,0.0075,1934.94,74.16,0.2803,100.0,1785735395.3533473
DDPG,94,42,0.29,2005,0.0075,1934.94,68.68,0.2803,100.0,1785735395.5219026
DDPG,98,42,0.28,2005,0.0075,1934.94,67.86,0.2803,100.0,1785735395.5225143
DDPG,96,42,0.29,2005,0.0075,1934.94,68.72,0.2803,100.0,1785735395.5243104
DDPG,90,42,0.34,2005,0.0075,1934.94,71.46,0.2803,100.0,1785735395.53461
DDPG,92,42,0.31,2005,0.0075,1934.94,69.88,0.2803,100.0,1785735395.5376945
DDPG,100,42,0.29,2005,0.0075,1934.94,66.58,0.2803,100.0,1785735395.5484211
DDPG,95,42,0.25,2005,0.0075,1934.94,68.99,0.2803,100.0,1785735395.7704575
DDPG,99,42,0.25,2005,0.0075,1934.94,66.56,0.2803,100.0,1785735395.772838
DDPG,97,42,0.25,2005,0.0075,1934.94,67.47,0.2803,100.0,1785735395.77423
DDPG,93,42,0.24,2005,0.0075,1934.94,69.29,0.2803,100.0,1785735395.7809808
DDPG,91,42,0.25,2005,0.0075,1934.94,70.34,0.2803,100.0,1785735395.7826712
DecisionTransformer,26,42,0.4,2005,0.0075,332.872,99.38,28.0278,100.0,1785735396.2354434
DecisionTransformer,38,42,0.4,2005,0.0075,332.872,96.48,28.0278,100.0,1785735396.24002
DecisionTransformer,10,42,0.41,2005,0.0075,332.872,100.0,28.0278,100.0,1785735396.242454
DecisionTransformer,20,42,0.41,2005,0.0075,332.872,99.99,28.0278,100.0,1785735396.2428565
DecisionTransformer,28,42,0.41,2005,0.0075,332.872,100.0,28.0278,100.0,1785735396.2434356
DecisionTransformer,40,42,0.41,2005,0.0075,332.872,94.99,28.0278,100.0,1785735396.2462256
DecisionTransformer,36,42,0.41,2005,0.0075,332.872,97.39,28.0278,100.0,1785735396.2488976
DecisionTransformer,42,42,0.41,2005,0.0075,332.872,94.18,28.0278,100.0,1785735396.2492006
DecisionTransformer,24,42,0.41,2005,0.0075,332.872,100.0,28.0278,100.0,1785735396.2492166
DecisionTransformer,32,42,0.42,2005,0.0075,332.872,99.16,28.0278,100.0,1785735396.254974
DecisionTransformer,16,42,0.42,2005,0.0075,332.872,100.0,28.0278,100.0,1785735396.2562895
DecisionTransformer,14,42,0.42,2005,0.0075,332.872,99.04,28.0278,100.0,1785735396.257918
DecisionTransformer,22,42,0.42,2005,0.0075,332.872,99.75,28.0278,100.0,1785735396.259192
DecisionTransformer,30,42,0.42,2005,0.0075,332.872,100.0,28.0278,100.0,1785735396.259192
DecisionTransformer,18,42,0.43,2005,0.0075,332.872,100.0,28.0278,100.0,1785735396.2697585
DecisionTransformer,48,42,0.44,2005,0.0075,332.872,91.67,28.0278,100.0,1785735396.276085
DecisionTransformer,46,42,0.44,2005,0.0075,332.872,92.25,28.0278,100.0,1785735396.2830503
DecisionTransformer,44,42,0.44,2005,0.0075,332.872,93.79,28.0278,100.0,1785735396.2846265
DecisionTransformer,34,42,0.45,2005,0.0075,332.872,98.0,28.0278,100.0,1785735396.2909722
DecisionTransformer,12,42,0.49,2005,0.0075,332.872,99.73,28.0278,100.0,1785735396.3310704
DecisionTransformer,39,42,0.43,2005,0.0075,332.872,96.63,28.0278,100.0,1785735396.6661751
DecisionTransformer,41,42,0.43,2005,0.0075,332.872,94.39,28.0278,100.0,1785735396.6724565
DecisionTransformer,31,42,0.41,2005,0.0075,332.872,98.89,28.0278,100.0,1785735396.674603
DecisionTransformer,23,42,0.42,2005,0.0075,332.872,100.0,28.0278,100.0,1785735396.6763234
DecisionTransformer,15,42,0.43,2005,0.0075,332.872,100.0,28.0278,100.0,1785735396.6877594
DecisionTransformer,33,42,0.43,2005,0.0075,332.872,99.36,28.0278,100.0,1785735396.689261
DecisionTransformer,19,42,0.42,2005,0.0075,332.872,99.32,28.0278,100.0,1785735396.6893218
DecisionTransformer,25,42,0.44,2005,0.0075,332.872,99.73,28.0278,100.0,1785735396.69087
DecisionTransformer,17,42,0.44,2005,0.0075,332.872,99.71,28.0278,100.0,1785735396.6927772
DecisionTransformer,43,42,0.44,2005,0.0075,332.872,93.49,28.0278,100.0,1785735396.6931696
DecisionTransformer,37,42,0.45,2005,0.0075,332.872,96.13,28.0278,100.0,1785735396.6953344
DecisionTransformer,29,42,0.45,2005,0.0075,332.872,100.0,28.0278,100.0,1785735396.6954143
DecisionTransformer,21,42,0.46,2005,0.0075,332.872,100.0,28.0278,100.0,1785735396.702495
DecisionTransformer,45,42,0.42,2005,0.0075,332.872,92.89,28.0278,100.0,1785735396.703648
DecisionTransformer,47,42,0.42,2005,0.0075,332.872,91.37,28.0278,100.0,1785735396.7083876
DecisionTransformer,27,42,0.47,2005,0.0075,332.872,100.0,28.0278,100.0,1785735396.710671
DecisionTransformer,49,42,0.45,2005,0.0075,332.872,91.61,28.0278,100.0,1785735396.724445
DecisionTransformer,11,42,0.48,2005,0.0075,332.872,99.24,28.0278,100.0,1785735396.7256205
DecisionTransformer,35,42,0.46,2005,0.0075,332.872,96.85,28.0278,100.0,1785735396.7559032
DecisionTransformer,13,42,0.43,2005,0.0075,332.872,100.0,28.0278,100.0,1785735396.758132
DecisionTransformer,56,42,0.42,2005,0.0075,332.872,87.77,28.0278,100.0,1785735397.0962005
DecisionTransformer,52,42,0.44,2005,0.0075,332.872,88.98,28.0278,100.0,1785735397.116149
DecisionTransformer,64,42,0.42,2005,0.0075,332.872,83.99,28.0278,100.0,1785735397.1177237
DecisionTransformer,68,42,0.43,2005,0.0075,332.872,82.03,28.0278,100.0,1785735397.120583
DecisionTransformer,54,42,0.45,2005,0.0075,332.872,88.48,28.0278,100.0,1785735397.1223834
DecisionTransformer,50,42,0.46,2005,0.0075,332.872,90.09,28.0278,100.0,1785735397.132405
DecisionTransformer,66,42,0.45,2005,0.0075,332.872,82.59,28.0278,100.0,1785735397.1441734
DecisionTransformer,60,42,0.46,2005,0.0075,332.872,86.21,28.0278,100.0,1785735397.1480987
DecisionTransformer,84,42,0.43,2005,0.0075,332.872,73.85,28.0278,100.0,1785735397.1527083
DecisionTransformer,74,42,0.45,2005,0.0075,332.872,79.66,28.0278,100.0,1785735397.15661
DecisionTransformer,78,42,0.45,2005,0.0075,332.872,76.07,28.0278,100.0,1785735397.1638584
DecisionTransformer,58,42,0.48,2005,0.0075,332.872,86.98,28.0278,100.0,1785735397.16626
DecisionTransformer,82,42,0.44,2005,0.0075,332.872,74.69,28.0278,100.0,1785735397.1679454
DecisionTransformer,72,42,0.48,2005,0.0075,332.872,79.45,28.0278,100.0,1785735397.173246
DecisionTransformer,70,42,0.49,2005,0.0075,332.872,80.66,28.0278,100.0,1785735397.184395
DecisionTransformer,80,42,0.49,2005,0.0075,332.872,76.44,28.0278,100.0,1785735397.209875
DecisionTransformer,76,42,0.51,2005,0.0075,332.872,77.89,28.0278,100.0,1785735397.2117078
DecisionTransformer,86,42,0.46,2005,0.0075,332.872,72.93,28.0278,100.0,1785735397.2134
DecisionTransformer,88,42,0.46,2005,0.0075,332.872,70.87,28.0278,100.0,1785735397.2160244
DecisionTransformer,62,42,0.59,2005,0.0075,332.872,84.29,28.0278,100.0,1785735397.2812114
DecisionTransformer,65,42,0.43,2005,0.0075,332.872,82.95,28.0278,100.0,1785735397.5454822
DecisionTransformer,83,42,0.4,2005,0.0075,332.872,74.74,28.0278,100.0,1785735397.5665042
DecisionTransformer,69,42,0.45,2005,0.0075,332.872,81.19,28.0278,100.0,1785735397.5742557
DecisionTransformer,53,42,0.46,2005,0.0075,332.872,89.34,28.0278,100.0,1785735397.5779102
DecisionTransformer,85,42,0.43,2005,0.0075,332.872,73.34,28.0278,100.0,1785735397.5884895
DecisionTransformer,75,42,0.44,2005,0.0075,332.872,78.34,28.0278,100.0,1785735397.5943234
DecisionTransformer,55,42,0.47,2005,0.0075,332.872,87.78,28.0278,100.0,1785735397.596545
DecisionTransformer,67,42,0.45,2005,0.0075,332.872,82.03,28.0278,100.0,1785735397.5988593
DecisionTransformer,71,42,0.41,2005,0.0075,332.872,80.57,28.0278,100.0,1785735397.60028
DecisionTransformer,51,42,0.47,2005,0.0075,332.872,89.58,28.0278,100.0,1785735397.604402
DecisionTransformer,57,42,0.52,2005,0.0075,332.872,86.54,28.0278,100.0,1785735397.6138644
DecisionTransformer,79,42,0.45,2005,0.0075,332.872,76.0,28.0278,100.0,1785735397.6140988
DecisionTransformer,73,42,0.45,2005,0.0075,332.872,78.7,28.0278,100.0,1785735397.627771
DecisionTransformer,77,42,0.42,2005,0.0075,332.872,77.16,28.0278,100.0,1785735397.629372
DecisionTransformer,61,42,0.48,2005,0.0075,332.872,84.52,28.0278,100.0,1785735397.6321084
DecisionTransformer,59,42,0.47,2005,0.0075,332.872,85.79,28.0278,100.0,1785735397.6367133
DecisionTransformer,89,42,0.42,2005,0.0075,332.872,72.28,28.0278,100.0,1785735397.6375594
DecisionTransformer,87,42,0.45,2005,0.0075,332.872,73.37,28.0278,100.0,1785735397.6639297
DecisionTransformer,81,42,0.45,2005,0.0075,332.872,74.99,28.0278,100.0,1785735397.6643713
DecisionTransformer,63,42,0.4,2005,0.0075,332.872,84.11,28.0278,100.0,1785735397.6840382
DecisionTransformer,92,42,0.27,2005,0.0075,332.872,70.07,28.0278,100.0,1785735397.8416424
DecisionTransformer,90,42,0.3,2005,0.0075,332.872,71.09,28.0278,100.0,1785735397.845009
DecisionTransformer,100,42,0.25,2005,0.0075,332.872,66.41,28.0278,100.0,1785735397.8488822
DecisionTransformer,94,42,0.27,2005,0.0075,332.872,69.91,28.0278,100.0,1785735397.8491368
DecisionTransformer,98,42,0.26,2005,0.0075,332.872,67.65,28.0278,100.0,1785735397.8498015
DecisionTransformer,96,42,0.27,2005,0.0075,332.872,69.05,28.0278,100.0,1785735397.8538349
DecisionTransformer,93,42,0.24,2005,0.0075,332.872,69.89,28.0278,100.0,1785735398.0802648
DecisionTransformer,99,42,0.23,2005,0.0075,332.872,66.62,28.0278,100.0,1785735398.0820036
DecisionTransformer,95,42,0.24,2005,0.0075,332.872,69.09,28.0278,100.0,1785735398.0849953
DecisionTransformer,97,42,0.23,2005,0.0075,332.872,68.65,28.0278,100.0,1785735398.0884235
DecisionTransformer,91,42,0.25,2005,0.0075,332.872,70.07,28.0278,100.0,1785735398.0929945
DuelingDQN,32,42,0.4,2005,0.0075,1934.94,99.21,0.2803,100.0,1785735398.5471752
DuelingDQN,28,42,0.41,2005,0.0075,1934.94,100.0,0.2803,100.0,1785735398.554969
DuelingDQN,46,42,0.42,2005,0.0075,1934.94,95.72,0.2803,100.0,1785735398.5715897
DuelingDQN,38,42,0.43,2005,0.0075,1934.94,97.99,0.2803,100.0,1785735398.5756829
DuelingDQN,26,42,0.43,2005,0.0075,1934.94,99.43,0.2803,100.0,1785735398.5778313
DuelingDQN,14,42,0.43,2005,0.0075,1934.94,99.86,0.2803,100.0,1785735398.5802338
DuelingDQN,30,42,0.43,2005,0.0075,1934.94,100.0,0.2803,100.0,1785735398.5810275
DuelingDQN,20,42,0.44,2005,0.0075,1934.94,100.0,0.2803,100.0,1785735398.5923193
DuelingDQN,24,42,0.44,2005,0.0075,1934.94,100.0,0.2803,100.0,1785735398.5924978
DuelingDQN,40,42,0.45,2005,0.0075,1934.94,97.75,0.2803,100.0,1785735398.59504
DuelingDQN,34,42,0.45,2005,0.0075,1934.94,99.45,0.2803,100.0,1785735398.5951734
DuelingDQN,12,42,0.45,2005,0.0075,1934.94,98.92,0.2803,100.0,1785735398.595662
DuelingDQN,48,42,0.45,2005,0.0075,1934.94,94.94,0.2803,100.0,1785735398.59875
DuelingDQN,10,42,0.45,2005,0.0075,1934.94,98.98,0.2803,100.0,1785735398.600817
DuelingDQN,36,42,0.45,2005,0.0075,1934.94,97.95,0.2803,100.0,1785735398.6019611
DuelingDQN,16,42,0.47,2005,0.0075,1934.94,100.0,0.2803,100.0,1785735398.6152947
DuelingDQN,22,42,0.49,2005,0.0075,1934.94,99.08,0.2803,100.0,1785735398.6335554
DuelingDQN,42,42,0.49,2005,0.0075,1934.94,97.38,0.2803,100.0,1785735398.6360312
DuelingDQN,18,42,0.5,2005,0.0075,1934.94,99.6,0.2803,100.0,1785735398.6492243
DuelingDQN,44,42,0.56,2005,0.0075,1934.94,96.46,0.2803,100.0,1785735398.714464
DuelingDQN,33,42,0.47,2005,0.0075,1934.94,99.42,0.2803,100.0,1785735399.0224442
DuelingDQN,15,42,0.44,2005,0.0075,1934.94,100.0,0.2803,100.0,1785735399.0228152
DuelingDQN,35,42,0.44,2005,0.0075,1934.94,98.98,0.2803,100.0,1785735399.039735
DuelingDQN,41,42,0.46,2005,0.0075,1934.94,97.06,0.2803,100.0,1785735399.0529916
DuelingDQN,13,42,0.46,2005,0.0075,1934.94,100.0,0.2803,100.0,1785735399.05365
DuelingDQN,31,42,0.47,2005,0.0075,1934.94,100.0,0.2803,100.0,1785735399.0545273
DuelingDQN,29,42,0.5,2005,0.0075,1934.94,100.0,0.2803,100.0,1785735399.0565624
DuelingDQN,21,42,0.46,2005,0.0075,1934.94,99.09,0.2803,100.0,1785735399.0566504
DuelingDQN,37,42,0.46,2005,0.0075,1934.94,97.74,0.2803,100.0,1785735399.0579176
DuelingDQN,43,42,0.43,2005,0.0075,1934.94,96.15,0.2803,100.0,1785735399.066301
DuelingDQN,49,42,0.47,2005,0.0075,1934.94,95.35,0.2803,100.0,1785735399.06874
DuelingDQN,11,42,0.47,2005,0.0075,1934.94,99.12,0.2803,100.0,1785735399.071205
DuelingDQN,27,42,0.5,2005,0.0075,1934.94,100.0,0.2803,100.0,1785735399.0781436
DuelingDQN,39,42,0.52,2005,0.0075,1934.94,97.37,0.2803,100.0,1785735399.0926847
DuelingDQN,47,42,0.53,2005,0.0075,1934.94,95.71,0.2803,100.0,1785735399.0985427
DuelingDQN,23,42,0.47,2005,0.0075,1934.94,99.16,0.2803,100.0,1785735399.1083305
DuelingDQN,17,42,0.5,2005,0.0075,1934.94,100.0,0.2803,100.0,1785735399.118693
DuelingDQN,25,42,0.53,2005,0.0075,1934.94,100.0,0.2803,100.0,1785735399.1280296
DuelingDQN,19,42,0.48,2005,0.0075,1934.94,99.76,0.2803,100.0,1785735399.133356
DuelingDQN,45,42,0.48,2005,0.0075,1934.94,96.46,0.2803,100.0,1785735399.1917293
DuelingDQN,68,42,0.43,2005,0.0075,1934.94,91.13,0.2803,100.0,1785735399.4938743
DuelingDQN,72,42,0.43,2005,0.0075,1934.94,89.87,0.2803,100.0,1785735399.5035064
DuelingDQN,56,42,0.46,2005,0.0075,1934.94,93.6,0.2803,100.0,1785735399.5184746
DuelingDQN,64,42,0.46,2005,0.0075,1934.94,92.24,0.2803,100.0,1785735399.5226383
DuelingDQN,58,42,0.47,2005,0.0075,1934.94,94.24,0.2803,100.0,1785735399.5236683
DuelingDQN,54,42,0.49,2005,0.0075,1934.94,94.46,0.2803,100.0,1785735399.5298176
DuelingDQN,74,42,0.46,2005,0.0075,1934.94,89.44,0.2803,100.0,1785735399.5348434
DuelingDQN,52,42,0.52,2005,0.0075,1934.94,94.33,0.2803,100.0,1785735399.5410528
DuelingDQN,50,42,0.52,2005,0.0075,1934.94,95.13,0.2803,100.0,1785735399.5496063
DuelingDQN,80,42,0.44,2005,0.0075,1934.94,87.97,0.2803,100.0,1785735399.550984
DuelingDQN,66,42,0.5,2005,0.0075,1934.94,91.75,0.2803,100.0,1785735399.5591
DuelingDQN,60,42,0.5,2005,0.0075,1934.94,93.28,0.2803,100.0,1785735399.559209
DuelingDQN,70,42,0.49,2005,0.0075,1934.94,90.53,0.2803,100.0,1785735399.5631564
DuelingDQN,62,42,0.51,2005,0.0075,1934.94,92.29,0.2803,100.0,1785735399.563382
DuelingDQN,76,42,0.48,2005,0.0075,1934.94,89.14,0.2803,100.0,1785735399.5703957
DuelingDQN,78,42,0.48,2005,0.0075,1934.94,88.1,0.2803,100.0,1785735399.5790272
DuelingDQN,84,42,0.45,2005,0.0075,1934.94,87.64,0.2803,100.0,1785735399.585554
DuelingDQN,86,42,0.5,2005,0.0075,1934.94,86.6,0.2803,100.0,1785735399.633278
DuelingDQN,82,42,0.53,2005,0.0075,1934.94,87.26,0.2803,100.0,1785735399.6513903
DuelingDQN,88,42,0.5,2005,0.0075,1934.94,86.09,0.2803,100.0,1785735399.6943164
DuelingDQN,65,42,0.44,2005,0.0075,1934.94,92.19,0.2803,100.0,1785735399.9676564
DuelingDQN,69,42,0.48,2005,0.0075,1934.94,90.73,0.2803,100.0,1785735399.9779532
DuelingDQN,59,42,0.45,2005,0.0075,1934.94,93.25,0.2803,100.0,1785735399.9791975
DuelingDQN,73,42,0.48,2005,0.0075,1934.94,89.72,0.2803,100.0,1785735399.9856658
DuelingDQN,57,42,0.48,2005,0.0075,1934.94,93.68,0.2803,100.0,1785735400.002264
DuelingDQN,71,42,0.44,2005,0.0075,1934.94,89.81,0.2803,100.0,1785735400.005937
DuelingDQN,75,42,0.47,2005,0.0075,1934.94,88.84,0.2803,100.0,1785735400.009354
DuelingDQN,51,42,0.47,2005,0.0075,1934.94,94.76,0.2803,100.0,1785735400.02225
DuelingDQN,79,42,0.44,2005,0.0075,1934.94,88.2,0.2803,100.0,1785735400.0235455
DuelingDQN,55,42,0.5,2005,0.0075,1934.94,93.83,0.2803,100.0,1785735400.0309863
DuelingDQN,67,42,0.47,2005,0.0075,1934.94,91.78,0.2803,100.0,1785735400.0310466
DuelingDQN,63,42,0.47,2005,0.0075,1934.94,92.72,0.2803,100.0,1785735400.0334492
DuelingDQN,61,42,0.47,2005,0.0075,1934.94,92.66,0.2803,100.0,1785735400.0379567
DuelingDQN,81,42,0.49,2005,0.0075,1934.94,87.9,0.2803,100.0,1785735400.0388043
DuelingDQN,85,42,0.46,2005,0.0075,1934.94,86.93,0.2803,100.0,1785735400.0445445
DuelingDQN,53,42,0.5,2005,0.0075,1934.94,94.67,0.2803,100.0,1785735400.0450826
DuelingDQN,77,42,0.5,2005,0.0075,1934.94,88.57,0.2803,100.0,1785735400.0675917
DuelingDQN,83,42,0.42,2005,0.0075,1934.94,86.64,0.2803,100.0,1785735400.0715892
DuelingDQN,87,42,0.46,2005,0.0075,1934.94,86.07,0.2803,100.0,1785735400.091945
DuelingDQN,89,42,0.42,2005,0.0075,1934.94,85.85,0.2803,100.0,1785735400.1183574
DuelingDQN,90,42,0.3,2005,0.0075,1934.94,85.52,0.2803,100.0,1785735400.266921
DuelingDQN,94,42,0.3,2005,0.0075,1934.94,84.27,0.2803,100.0,1785735400.2774367
DuelingDQN,96,42,0.29,2005,0.0075,1934.94,84.61,0.2803,100.0,1785735400.2789674
DuelingDQN,92,42,0.3,2005,0.0075,1934.94,85.17,0.2803,100.0,1785735400.2798293
DuelingDQN,100,42,0.28,2005,0.0075,1934.94,83.4,0.2803,100.0,1785735400.2850726
DuelingDQN,98,42,0.29,2005,0.0075,1934.94,84.23,0.2803,100.0,1785735400.298602
DuelingDQN,91,42,0.26,2005,0.0075,1934.94,85.32,0.2803,100.0,1785735400.5267997
DuelingDQN,95,42,0.25,2005,0.0075,1934.94,84.52,0.2803,100.0,1785735400.528951
DuelingDQN,93,42,0.25,2005,0.0075,1934.94,85.22,0.2803,100.0,1785735400.5324636
DuelingDQN,97,42,0.26,2005,0.0075,1934.94,84.61,0.2803,100.0,1785735400.5376868
DuelingDQN,99,42,0.25,2005,0.0075,1934.94,83.55,0.2803,100.0,1785735400.553042
MoEDQN,46,42,0.41,2005,0.0075,1934.94,96.4,0.2803,100.0,1785735401.023403
MoEDQN,28,42,0.42,2005,0.0075,1934.94,99.87,0.2803,100.0,1785735401.027874
MoEDQN,12,42,0.42,2005,0.0075,1934.94,99.75,0.2803,100.0,1785735401.029688
MoEDQN,48,42,0.43,2005,0.0075,1934.94,95.15,0.2803,100.0,1785735401.0346277
MoEDQN,24,42,0.43,2005,0.0075,1934.94,99.54,0.2803,100.0,1785735401.0371566
MoEDQN,32,42,0.43,2005,0.0075,1934.94,99.6,0.2803,100.0,1785735401.0392487
MoEDQN,36,42,0.44,2005,0.0075,1934.94,98.43,0.2803,100.0,1785735401.0436692
MoEDQN,22,42,0.44,2005,0.0075,1934.94,100.0,0.2803,100.0,1785735401.0474842
MoEDQN,34,42,0.44,2005,0.0075,1934.94,99.11,0.2803,100.0,1785735401.0477424
MoEDQN,20,42,0.45,2005,0.0075,1934.94,99.94,0.2803,100.0,1785735401.0590763
MoEDQN,38,42,0.45,2005,0.0075,1934.94,97.89,0.2803,100.0,1785735401.0595858
MoEDQN,16,42,0.45,2005,0.0075,1934.94,99.54,0.2803,100.0,1785735401.0603616
MoEDQN,18,42,0.46,2005,0.0075,1934.94,100.0,0.2803,100.0,1785735401.0676763
MoEDQN,30,42,0.46,2005,0.0075,1934.94,100.0,0.2803,100.0,1785735401.0690782
MoEDQN,42,42,0.47,2005,0.0075,1934.94,97.85,0.2803,100.0,1785735401.080623
MoEDQN,10,42,0.48,2005,0.0075,1934.94,100.0,0.2803,100.0,1785735401.0840974
MoEDQN,14,42,0.48,2005,0.0075,1934.94,100.0,0.2803,100.0,1785735401.0841131
MoEDQN,44,42,0.48,2005,0.0075,1934.94,96.77,0.2803,100.0,1785735401.0915103
MoEDQN,26,42,0.49,2005,0.0075,1934.94,100.0,0.2803,100.0,1785735401.0918972
MoEDQN,40,42,0.5,2005,0.0075,1934.94,98.3,0.2803,100.0,1785735401.1060312
MoEDQN,47,42,0.44,2005,0.0075,1934.94,96.24,0.2803,100.0,1785735401.462903
MoEDQN,29,42,0.44,2005,0.0075,1934.94,98.81,0.2803,100.0,1785735401.467526
MoEDQN,33,42,0.43,2005,0.0075,1934.94,98.99,0.2803,100.0,1785735401.4722447
MoEDQN,13,42,0.44,2005,0.0075,1934.94,99.41,0.2803,100.0,1785735401.4737542
MoEDQN,25,42,0.44,2005,0.0075,1934.94,100.0,0.2803,100.0,1785735401.4746163
MoEDQN,49,42,0.44,2005,0.0075,1934.94,94.69,0.2803,100.0,1785735401.478993
MoEDQN,21,42,0.43,2005,0.0075,1934.94,99.78,0.2803,100.0,1785735401.4920835
MoEDQN,37,42,0.46,2005,0.0075,1934.94,97.96,0.2803,100.0,1785735401.502126
MoEDQN,35,42,0.47,2005,0.0075,1934.94,98.81,0.2803,100.0,1785735401.517341
MoEDQN,31,42,0.46,2005,0.0075,1934.94,100.0,0.2803,100.0,1785735401.533177
MoEDQN,43,42,0.45,2005,0.0075,1934.94,96.49,0.2803,100.0,1785735401.533743
MoEDQN,39,42,0.48,2005,0.0075,1934.94,97.78,0.2803,100.0,1785735401.5361862
MoEDQN,11,42,0.45,2005,0.0075,1934.94,100.0,0.2803,100.0,1785735401.5397904
MoEDQN,23,42,0.5,2005,0.0075,1934.94,99.49,0.2803,100.0,1785735401.5440528
MoEDQN,17,42,0.49,2005,0.0075,1934.94,100.0,0.2803,100.0,1785735401.5492165
MoEDQN,15,42,0.47,2005,0.0075,1934.94,100.0,0.2803,100.0,1785735401.559419
MoEDQN,19,42,0.5,2005,0.0075,1934.94,100.0,0.2803,100.0,1785735401.5682845
MoEDQN,45,42,0.49,2005,0.0075,1934.94,97.83,0.2803,100.0,1785735401.5830762
MoEDQN,41,42,0.48,2005,0.0075,1934.94,97.71,0.2803,100.0,1785735401.5861251
MoEDQN,27,42,0.54,2005,0.0075,1934.94,99.86,0.2803,100.0,1785735401.6372342
MoEDQN,60,42,0.45,2005,0.0075,1934.94,92.62,0.2803,100.0,1785735401.9288497
MoEDQN,50,42,0.49,2005,0.0075,1934.94,94.97,0.2803,100.0,1785735401.9589388
MoEDQN,56,42,0.48,2005,0.0075,1934.94,94.03,0.2803,100.0,1785735401.9597397
MoEDQN,58,42,0.49,2005,0.0075,1934.94,92.36,0.2803,100.0,1785735401.9627173
MoEDQN,52,42,0.5,2005,0.0075,1934.94,94.98,0.2803,100.0,1785735401.9653645
MoEDQN,62,42,0.47,2005,0.0075,1934.94,92.17,0.2803,100.0,1785735401.965649
MoEDQN,54,42,0.51,2005,0.0075,1934.94,93.77,0.2803,100.0,1785735401.9816449
MoEDQN,64,42,0.48,2005,0.0075,1934.94,91.58,0.2803,100.0,1785735401.982608
MoEDQN,74,42,0.44,2005,0.0075,1934.94,89.66,0.2803,100.0,1785735401.985879
MoEDQN,80,42,0.44,2005,0.0075,1934.94,87.8,0.2803,100.0,1785735401.9967434
MoEDQN,66,42,0.48,2005,0.0075,1934.94,91.17,0.2803,100.0,1785735401.9969456
MoEDQN,70,42,0.46,2005,0.0075,1934.94,89.97,0.2803,100.0,1785735401.9996753
MoEDQN,68,42,0.47,2005,0.0075,1934.94,90.0,0.2803,100.0,1785735402.005082
MoEDQN,86,42,0.44,2005,0.0075,1934.94,86.81,0.2803,100.0,1785735402.029021
MoEDQN,78,42,0.48,2005,0.0075,1934.94,88.83,0.2803,100.0,1785735402.0292113
MoEDQN,82,42,0.47,2005,0.0075,1934.94,87.32,0.2803,100.0,1785735402.0386765
MoEDQN,76,42,0.52,2005,0.0075,1934.94,88.97,0.2803,100.0,1785735402.0606897
MoEDQN,72,42,0.53,2005,0.0075,1934.94,89.69,0.2803,100.0,1785735402.0682397
MoEDQN,84,42,0.52,2005,0.0075,1934.94,86.49,0.2803,100.0,1785735402.1026306
MoEDQN,88,42,0.49,2005,0.0075,1934.94,86.39,0.2803,100.0,1785735402.132844
MoEDQN,61,42,0.46,2005,0.0075,1934.94,92.03,0.2803,100.0,1785735402.395646
MoEDQN,59,42,0.48,2005,0.0075,1934.94,92.75,0.2803,100.0,1785735402.440762
MoEDQN,63,42,0.48,2005,0.0075,1934.94,92.8,0.2803,100.0,1785735402.4432366
MoEDQN,55,42,0.47,2005,0.0075,1934.94,95.12,0.2803,100.0,1785735402.4492009
MoEDQN,57,42,0.49,2005,0.0075,1934.94,92.99,0.2803,100.0,1785735402.4540403
MoEDQN,53,42,0.49,2005,0.0075,1934.94,94.84,0.2803,100.0,1785735402.4583375
MoEDQN,75,42,0.47,2005,0.0075,1934.94,88.98,0.2803,100.0,1785735402.459212
MoEDQN,69,42,0.46,2005,0.0075,1934.94,89.9,0.2803,100.0,1785735402.462614
MoEDQN,65,42,0.48,2005,0.0075,1934.94,91.74,0.2803,100.0,1785735402.466898
MoEDQN,51,42,0.51,2005,0.0075,1934.94,94.98,0.2803,100.0,1785735402.4676588
MoEDQN,67,42,0.47,2005,0.0075,1934.94,91.25,0.2803,100.0,1785735402.4679227
MoEDQN,71,42,0.47,2005,0.0075,1934.94,90.05,0.2803,100.0,1785735402.4726586
MoEDQN,81,42,0.47,2005,0.0075,1934.94,87.96,0.2803,100.0,1785735402.4727173
MoEDQN,83,42,0.47,2005,0.0075,1934.94,86.68,0.2803,100.0,1785735402.5102758
MoEDQN,87,42,0.49,2005,0.0075,1934.94,85.43,0.2803,100.0,1785735402.5168283
MoEDQN,79,42,0.52,2005,0.0075,1934.94,88.92,0.2803,100.0,1785735402.5482223
MoEDQN,85,42,0.45,2005,0.0075,1934.94,86.7,0.2803,100.0,1785735402.5551057
MoEDQN,73,42,0.49,2005,0.0075,1934.94,90.0,0.2803,100.0,1785735402.5561028
MoEDQN,77,42,0.5,2005,0.0075,1934.94,88.67,0.2803,100.0,1785735402.5572228
MoEDQN,89,42,0.46,2005,0.0075,1934.94,86.86,0.2803,100.0,1785735402.5892873
MoEDQN,90,42,0.32,2005,0.0075,1934.94,85.69,0.2803,100.0,1785735402.718837
MoEDQN,94,42,0.29,2005,0.0075,1934.94,84.19,0.2803,100.0,1785735402.735011
MoEDQN,98,42,0.28,2005,0.0075,1934.94,82.7,0.2803,100.0,1785735402.738444
MoEDQN,96,42,0.3,2005,0.0075,1934.94,84.21,0.2803,100.0,1785735402.7478242
MoEDQN,92,42,0.32,2005,0.0075,1934.94,86.06,0.2803,100.0,1785735402.7601242
MoEDQN,100,42,0.3,2005,0.0075,1934.94,82.65,0.2803,100.0,1785735402.764442
MoEDQN,91,42,0.26,2005,0.0075,1934.94,85.61,0.2803,100.0,1785735402.975118
MoEDQN,95,42,0.25,2005,0.0075,1934.94,83.05,0.2803,100.0,1785735402.9893584
MoEDQN,99,42,0.25,2005,0.0075,1934.94,84.54,0.2803,100.0,1785735402.9893806
MoEDQN,93,42,0.25,2005,0.0075,1934.94,85.42,0.2803,100.0,1785735403.010364
MoEDQN,97,42,0.26,2005,0.0075,1934.94,84.67,0.2803,100.0,1785735403.0131276
Proposed,14,42,0.48,2005,0.0075,332.872,99.64,14.0472,100.0,1785735403.5497956
Proposed,24,42,0.5,2005,0.0075,332.872,100.0,14.0472,100.0,1785735403.570387
Proposed,16,42,0.52,2005,0.0075,332.872,99.39,14.0472,100.0,1785735403.5868132
Proposed,12,42,0.52,2005,0.0075,332.872,100.0,14.0472,100.0,1785735403.587158
Proposed,22,42,0.52,2005,0.0075,332.872,99.72,14.0472,100.0,1785735403.5878928
Proposed,34,42,0.52,2005,0.0075,332.872,99.67,14.0472,100.0,1785735403.593253
Proposed,40,42,0.53,2005,0.0075,332.872,98.97,14.0472,100.0,1785735403.5943058
Proposed,30,42,0.53,2005,0.0075,332.872,99.24,14.0472,100.0,1785735403.594324
Proposed,44,42,0.53,2005,0.0075,332.872,98.25,14.0472,100.0,1785735403.6001203
Proposed,36,42,0.53,2005,0.0075,332.872,98.99,14.0472,100.0,1785735403.6029403
Proposed,26,42,0.53,2005,0.0075,332.872,99.96,14.0472,100.0,1785735403.6029975
Proposed,20,42,0.54,2005,0.0075,332.872,100.0,14.0472,100.0,1785735403.606842
Proposed,42,42,0.54,2005,0.0075,332.872,98.53,14.0472,100.0,1785735403.6100037
Proposed,46,42,0.54,2005,0.0075,332.872,98.51,14.0472,100.0,1785735403.6139448
Proposed,28,42,0.55,2005,0.0075,332.872,99.84,14.0472,100.0,1785735403.6166656
Proposed,38,42,0.55,2005,0.0075,332.872,98.16,14.0472,100.0,1785735403.6204476
Proposed,32,42,0.57,2005,0.0075,332.872,99.75,14.0472,100.0,1785735403.6339464
Proposed,18,42,0.58,2005,0.0075,332.872,99.36,14.0472,100.0,1785735403.6487453
Proposed,48,42,0.58,2005,0.0075,332.872,97.06,14.0472,100.0,1785735403.6555753
Proposed,10,42,0.62,2005,0.0075,332.872,100.0,14.0472,100.0,1785735403.6854513
Proposed,31,42,0.5,2005,0.0075,332.872,100.0,14.0472,100.0,1785735404.094776
Proposed,35,42,0.51,2005,0.0075,332.872,99.77,14.0472,100.0,1785735404.101473
Proposed,15,42,0.56,2005,0.0075,332.872,99.88,14.0472,100.0,1785735404.107576
Proposed,17,42,0.52,2005,0.0075,332.872,99.81,14.0472,100.0,1785735404.112995
Proposed,23,42,0.53,2005,0.0075,332.872,99.66,14.0472,100.0,1785735404.1192136
Proposed,13,42,0.53,2005,0.0075,332.872,100.0,14.0472,100.0,1785735404.1194384
Proposed,37,42,0.52,2005,0.0075,332.872,99.01,14.0472,100.0,1785735404.126977
Proposed,33,42,0.5,2005,0.0075,332.872,100.0,14.0472,100.0,1785735404.1395917
Proposed,25,42,0.57,2005,0.0075,332.872,100.0,14.0472,100.0,1785735404.1404002
Proposed,45,42,0.55,2005,0.0075,332.872,98.37,14.0472,100.0,1785735404.152043
Proposed,41,42,0.58,2005,0.0075,332.872,98.67,14.0472,100.0,1785735404.179924
Proposed,49,42,0.53,2005,0.0075,332.872,97.91,14.0472,100.0,1785735404.1830354
Proposed,29,42,0.57,2005,0.0075,332.872,100.0,14.0472,100.0,1785735404.1833444
Proposed,27,42,0.59,2005,0.0075,332.872,100.0,14.0472,100.0,1785735404.1935155
Proposed,43,42,0.58,2005,0.0075,332.872,98.24,14.0472,100.0,1785735404.1945071
Proposed,39,42,0.57,2005,0.0075,332.872,99.31,14.0472,100.0,1785735404.1948962
Proposed,19,42,0.55,2005,0.0075,332.872,100.0,14.0472,100.0,1785735404.2058587
Proposed,47,42,0.6,2005,0.0075,332.872,98.23,14.0472,100.0,1785735404.21808
Proposed,21,42,0.61,2005,0.0075,332.872,100.0,14.0472,100.0,1785735404.2217803
Proposed,11,42,0.55,2005,0.0075,332.872,100.0,14.0472,100.0,1785735404.2356288
Proposed,50,42,0.52,2005,0.0075,332.872,96.65,14.0472,100.0,1785735404.616605
Proposed,52,42,0.54,2005,0.0075,332.872,97.83,14.0472,100.0,1785735404.643185
Proposed,54,42,0.56,2005,0.0075,332.872,97.63,14.0472,100.0,1785735404.6701422
Proposed,60,42,0.55,2005,0.0075,332.872,96.57,14.0472,100.0,1785735404.6722665
Proposed,56,42,0.58,2005,0.0075,332.872,96.78,14.0472,100.0,1785735404.6913445
Proposed,58,42,0.57,2005,0.0075,332.872,96.39,14.0472,100.0,1785735404.6938138
Proposed,62,42,0.59,2005,0.0075,332.872,96.4,14.0472,100.0,1785735404.7138717
Proposed,70,42,0.55,2005,0.0075,332.872,94.78,14.0472,100.0,1785735404.7260096
Proposed,64,42,0.59,2005,0.0075,332.872,95.91,14.0472,100.0,1785735404.7342951
Proposed,74,42,0.55,2005,0.0075,332.872,95.1,14.0472,100.0,1785735404.7386842
Proposed,66,42,0.6,2005,0.0075,332.872,95.11,14.0472,100.0,1785735404.7431235
Proposed,72,42,0.57,2005,0.0075,332.872,94.63,14.0472,100.0,1785735404.7520444
Proposed,68,42,0.6,2005,0.0075,332.872,96.23,14.0472,100.0,1785735404.7557862
Proposed,80,42,0.56,2005,0.0075,332.872,95.19,14.0472,100.0,1785735404.7592366
Proposed,78,42,0.57,2005,0.0075,332.872,93.69,14.0472,100.0,1785735404.768865
Proposed,84,42,0.55,2005,0.0075,332.872,93.37,14.0472,100.0,1785735404.769601
Proposed,82,42,0.58,2005,0.0075,332.872,93.27,14.0472,100.0,1785735404.782792
Proposed,86,42,0.58,2005,0.0075,332.872,92.76,14.0472,100.0,1785735404.8019578
Proposed,76,42,0.62,2005,0.0075,332.872,94.51,14.0472,100.0,1785735404.8162203
Proposed,88,42,0.61,2005,0.0075,332.872,93.42,14.0472,100.0,1785735404.84493
Proposed,53,42,0.57,2005,0.0075,332.872,96.06,14.0472,100.0,1785735405.2163427
Proposed,71,42,0.49,2005,0.0075,332.872,94.27,14.0472,100.0,1785735405.2211666
Proposed,51,42,0.61,2005,0.0075,332.872,97.22,14.0472,100.0,1785735405.224632
Proposed,57,42,0.55,2005,0.0075,332.872,97.57,14.0472,100.0,1785735405.24667
Proposed,59,42,0.56,2005,0.0075,332.872,96.86,14.0472,100.0,1785735405.2527666
Proposed,55,42,0.6,2005,0.0075,332.872,96.76,14.0472,100.0,1785735405.2692122
Proposed,65,42,0.54,2005,0.0075,332.872,96.35,14.0472,100.0,1785735405.2738376
Proposed,61,42,0.6,2005,0.0075,332.872,96.21,14.0472,100.0,1785735405.2750256
Proposed,85,42,0.51,2005,0.0075,332.872,93.21,14.0472,100.0,1785735405.277526
Proposed,69,42,0.52,2005,0.0075,332.872,95.39,14.0472,100.0,1785735405.2811103
Proposed,63,42,0.57,2005,0.0075,332.872,95.66,14.0472,100.0,1785735405.285402
Proposed,81,42,0.54,2005,0.0075,332.872,93.44,14.0472,100.0,1785735405.2964451
Proposed,73,42,0.55,2005,0.0075,332.872,94.38,14.0472,100.0,1785735405.304123
Proposed,67,42,0.57,2005,0.0075,332.872,95.43,14.0472,100.0,1785735405.3110533
Proposed,79,42,0.55,2005,0.0075,332.872,93.87,14.0472,100.0,1785735405.3228772
Proposed,77,42,0.52,2005,0.0075,332.872,95.04,14.0472,100.0,1785735405.335086
Proposed,75,42,0.61,2005,0.0075,332.872,94.61,14.0472,100.0,1785735405.345367
Proposed,87,42,0.56,2005,0.0075,332.872,92.09,14.0472,100.0,1785735405.3628528
Proposed,89,42,0.52,2005,0.0075,332.872,93.32,14.0472,100.0,1785735405.363531
Proposed,83,42,0.58,2005,0.0075,332.872,94.24,14.0472,100.0,1785735405.3692112
Proposed,90,42,0.36,2005,0.0075,332.872,92.79,14.0472,100.0,1785735405.579861
Proposed,92,42,0.36,2005,0.0075,332.872,91.98,14.0472,100.0,1785735405.581321
Proposed,100,42,0.31,2005,0.0075,332.872,92.01,14.0472,100.0,1785735405.584872
Proposed,98,42,0.33,2005,0.0075,332.872,92.13,14.0472,100.0,1785735405.5856278
Proposed,94,42,0.36,2005,0.0075,332.872,92.17,14.0472,100.0,1785735405.5863402
Proposed,96,42,0.34,2005,0.0075,332.872,92.32,14.0472,100.0,1785735405.5889063
Proposed,97,42,0.29,2005,0.0075,332.872,92.57,14.0472,100.0,1785735405.8831534
Proposed,91,42,0.3,2005,0.0075,332.872,93.28,14.0472,100.0,1785735405.883389
Proposed,95,42,0.3,2005,0.0075,332.872,93.21,14.0472,100.0,1785735405.8834002
Proposed,93,42,0.31,2005,0.0075,332.872,92.86,14.0472,100.0,1785735405.887754
Proposed,99,42,0.3,2005,0.0075,332.872,90.76,14.0472,100.0,1785735405.890435
ResNetMoEDQN,26,42,0.39,2005,0.0075,1934.94,99.99,0.2803,100.0,1785735406.3294566
ResNetMoEDQN,48,42,0.41,2005,0.0075,1934.94,97.52,0.2803,100.0,1785735406.3525815
ResNetMoEDQN,38,42,0.42,2005,0.0075,1934.94,97.7,0.2803,100.0,1785735406.3603456
ResNetMoEDQN,20,42,0.42,2005,0.0075,1934.94,100.0,0.2803,100.0,1785735406.3631914
ResNetMoEDQN,44,42,0.42,2005,0.0075,1934.94,98.97,0.2803,100.0,1785735406.364999
ResNetMoEDQN,30,42,0.43,2005,0.0075,1934.94,99.89,0.2803,100.0,1785735406.367407
ResNetMoEDQN,18,42,0.43,2005,0.0075,1934.94,99.3,0.2803,100.0,1785735406.3758185
ResNetMoEDQN,12,42,0.43,2005,0.0075,1934.94,100.0,0.2803,100.0,1785735406.376212
ResNetMoEDQN,10,42,0.43,2005,0.0075,1934.94,99.7,0.2803,100.0,1785735406.3765087
ResNetMoEDQN,14,42,0.44,2005,0.0075,1934.94,99.67,0.2803,100.0,1785735406.3770869
ResNetMoEDQN,24,42,0.44,2005,0.0075,1934.94,100.0,0.2803,100.0,1785735406.379432
ResNetMoEDQN,22,42,0.44,2005,0.0075,1934.94,98.52,0.2803,100.0,1785735406.3821535
ResNetMoEDQN,28,42,0.44,2005,0.0075,1934.94,99.6,0.2803,100.0,1785735406.3857768
ResNetMoEDQN,42,42,0.45,2005,0.0075,1934.94,98.79,0.2803,100.0,1785735406.387715
ResNetMoEDQN,46,42,0.45,2005,0.0075,1934.94,97.71,0.2803,100.0,1785735406.3893538
ResNetMoEDQN,16,42,0.45,2005,0.0075,1934.94,99.75,0.2803,100.0,1785735406.3941514
ResNetMoEDQN,40,42,0.47,2005,0.0075,1934.94,98.17,0.2803,100.0,1785735406.4095716
ResNetMoEDQN,34,42,0.48,2005,0.0075,1934.94,99.59,0.2803,100.0,1785735406.4233224
ResNetMoEDQN,36,42,0.49,2005,0.0075,1934.94,99.15,0.2803,100.0,1785735406.4322507
ResNetMoEDQN,32,42,0.51,2005,0.0075,1934.94,99.83,0.2803,100.0,1785735406.4545932
ResNetMoEDQN,43,42,0.41,2005,0.0075,1934.94,98.39,0.2803,100.0,1785735406.7982886
ResNetMoEDQN,31,42,0.43,2005,0.0075,1934.94,99.94,0.2803,100.0,1785735406.7998152
ResNetMoEDQN,49,42,0.45,2005,0.0075,1934.94,97.63,0.2803,100.0,1785735406.8079183
ResNetMoEDQN,19,42,0.44,2005,0.0075,1934.94,99.68,0.2803,100.0,1785735406.8180804
ResNetMoEDQN,45,42,0.45,2005,0.0075,1934.94,98.03,0.2803,100.0,1785735406.8193882
ResNetMoEDQN,11,42,0.44,2005,0.0075,1934.94,100.0,0.2803,100.0,1785735406.82172
ResNetMoEDQN,27,42,0.49,2005,0.0075,1934.94,99.71,0.2803,100.0,1785735406.8252304
ResNetMoEDQN,15,42,0.45,2005,0.0075,1934.94,100.0,0.2803,100.0,1785735406.8320775
ResNetMoEDQN,47,42,0.44,2005,0.0075,1934.94,98.47,0.2803,100.0,1785735406.8336322
ResNetMoEDQN,39,42,0.47,2005,0.0075,1934.94,98.89,0.2803,100.0,1785735406.8343997
ResNetMoEDQN,21,42,0.47,2005,0.0075,1934.94,99.43,0.2803,100.0,1785735406.8358383
ResNetMoEDQN,29,42,0.46,2005,0.0075,1934.94,100.0,0.2803,100.0,1785735406.8464203
ResNetMoEDQN,17,42,0.46,2005,0.0075,1934.94,99.77,0.2803,100.0,1785735406.851111
ResNetMoEDQN,25,42,0.47,2005,0.0075,1934.94,99.51,0.2803,100.0,1785735406.8523736
ResNetMoEDQN,23,42,0.47,2005,0.0075,1934.94,100.0,0.2803,100.0,1785735406.8569312
ResNetMoEDQN,41,42,0.45,2005,0.0075,1934.94,98.03,0.2803,100.0,1785735406.8610146
ResNetMoEDQN,13,42,0.49,2005,0.0075,1934.94,100.0,0.2803,100.0,1785735406.872251
ResNetMoEDQN,33,42,0.42,2005,0.0075,1934.94,100.0,0.2803,100.0,1785735406.8776174
ResNetMoEDQN,35,42,0.46,2005,0.0075,1934.94,99.33,0.2803,100.0,1785735406.886812
ResNetMoEDQN,37,42,0.48,2005,0.0075,1934.94,99.64,0.2803,100.0,1785735406.9097457
ResNetMoEDQN,56,42,0.45,2005,0.0075,1934.94,96.97,0.2803,100.0,1785735407.2661142
ResNetMoEDQN,52,42,0.48,2005,0.0075,1934.94,97.39,0.2803,100.0,1785735407.2805583
ResNetMoEDQN,50,42,0.48,2005,0.0075,1934.94,97.77,0.2803,100.0,1785735407.282448
ResNetMoEDQN,54,42,0.47,2005,0.0075,1934.94,96.62,0.2803,100.0,1785735407.2838762
ResNetMoEDQN,74,42,0.45,2005,0.0075,1934.94,94.6,0.2803,100.0,1785735407.2993174
ResNetMoEDQN,64,42,0.47,2005,0.0075,1934.94,95.56,0.2803,100.0,1785735407.30522
ResNetMoEDQN,58,42,0.49,2005,0.0075,1934.94,96.42,0.2803,100.0,1785735407.306408
ResNetMoEDQN,66,42,0.47,2005,0.0075,1934.94,95.24,0.2803,100.0,1785735407.3064334
ResNetMoEDQN,70,42,0.48,2005,0.0075,1934.94,95.04,0.2803,100.0,1785735407.3180487
ResNetMoEDQN,72,42,0.47,2005,0.0075,1934.94,95.23,0.2803,100.0,1785735407.3200507
ResNetMoEDQN,78,42,0.47,2005,0.0075,1934.94,95.02,0.2803,100.0,1785735407.3280215
ResNetMoEDQN,84,42,0.45,2005,0.0075,1934.94,93.88,0.2803,100.0,1785735407.3302364
ResNetMoEDQN,62,42,0.5,2005,0.0075,1934.94,96.85,0.2803,100.0,1785735407.331479
ResNetMoEDQN,60,42,0.51,2005,0.0075,1934.94,96.16,0.2803,100.0,1785735407.3336911
ResNetMoEDQN,76,42,0.48,2005,0.0075,1934.94,94.93,0.2803,100.0,1785735407.3355713
ResNetMoEDQN,80,42,0.48,2005,0.0075,1934.94,94.7,0.2803,100.0,1785735407.3376508
ResNetMoEDQN,82,42,0.46,2005,0.0075,1934.94,93.51,0.2803,100.0,1785735407.3390183
ResNetMoEDQN,68,42,0.51,2005,0.0075,1934.94,96.35,0.2803,100.0,1785735407.348956
ResNetMoEDQN,86,42,0.47,2005,0.0075,1934.94,93.75,0.2803,100.0,1785735407.3614855
ResNetMoEDQN,88,42,0.48,2005,0.0075,1934.94,93.17,0.2803,100.0,1785735407.3877685
ResNetMoEDQN,75,42,0.44,2005,0.0075,1934.94,94.05,0.2803,100.0,1785735407.7359066
ResNetMoEDQN,57,42,0.47,2005,0.0075,1934.94,96.28,0.2803,100.0,1785735407.7416818
ResNetMoEDQN,61,42,0.42,2005,0.0075,1934.94,96.35,0.2803,100.0,1785735407.750342
ResNetMoEDQN,55,42,0.47,2005,0.0075,1934.94,96.75,0.2803,100.0,1785735407.752366
ResNetMoEDQN,71,42,0.43,2005,0.0075,1934.94,94.5,0.2803,100.0,1785735407.7543006
ResNetMoEDQN,53,42,0.48,2005,0.0075,1934.94,98.42,0.2803,100.0,1785735407.759478
ResNetMoEDQN,63,42,0.44,2005,0.0075,1934.94,96.62,0.2803,100.0,1785735407.776521
ResNetMoEDQN,81,42,0.44,2005,0.0075,1934.94,93.69,0.2803,100.0,1785735407.7774768
ResNetMoEDQN,51,42,0.5,2005,0.0075,1934.94,97.21,0.2803,100.0,1785735407.7882314
ResNetMoEDQN,79,42,0.46,2005,0.0075,1934.94,94.61,0.2803,100.0,1785735407.7911558
ResNetMoEDQN,77,42,0.47,2005,0.0075,1934.94,94.19,0.2803,100.0,1785735407.8039522
ResNetMoEDQN,73,42,0.49,2005,0.0075,1934.94,95.3,0.2803,100.0,1785735407.8142986
ResNetMoEDQN,59,42,0.51,2005,0.0075,1934.94,97.25,0.2803,100.0,1785735407.8146431
ResNetMoEDQN,67,42,0.51,2005,0.0075,1934.94,95.24,0.2803,100.0,1785735407.8163178
ResNetMoEDQN,83,42,0.48,2005,0.0075,1934.94,94.17,0.2803,100.0,1785735407.8238077
ResNetMoEDQN,87,42,0.46,2005,0.0075,1934.94,93.19,0.2803,100.0,1785735407.8255863
ResNetMoEDQN,65,42,0.52,2005,0.0075,1934.94,95.06,0.2803,100.0,1785735407.8256638
ResNetMoEDQN,69,42,0.49,2005,0.0075,1934.94,95.03,0.2803,100.0,1785735407.8432727
ResNetMoEDQN,85,42,0.51,2005,0.0075,1934.94,93.89,0.2803,100.0,1785735407.8454597
ResNetMoEDQN,89,42,0.48,2005,0.0075,1934.94,92.95,0.2803,100.0,1785735407.87056
ResNetMoEDQN,98,42,0.28,2005,0.0075,1934.94,91.64,0.2803,100.0,1785735408.0310805
ResNetMoEDQN,90,42,0.29,2005,0.0075,1934.94,93.34,0.2803,100.0,1785735408.0316298
ResNetMoEDQN,100,42,0.27,2005,0.0075,1934.94,90.8,0.2803,100.0,1785735408.0337012
ResNetMoEDQN,96,42,0.28,2005,0.0075,1934.94,91.96,0.2803,100.0,1785735408.0348513
ResNetMoEDQN,92,42,0.29,2005,0.0075,1934.94,92.4,0.2803,100.0,1785735408.0352845
ResNetMoEDQN,94,42,0.31,2005,0.0075,1934.94,92.48,0.2803,100.0,1785735408.060154
ResNetMoEDQN,97,42,0.25,2005,0.0075,1934.94,90.84,0.2803,100.0,1785735408.2904346
ResNetMoEDQN,99,42,0.26,2005,0.0075,1934.94,92.08,0.2803,100.0,1785735408.291592
ResNetMoEDQN,93,42,0.26,2005,0.0075,1934.94,92.72,0.2803,100.0,1785735408.2918086
ResNetMoEDQN,91,42,0.26,2005,0.0075,1934.94,91.74,0.2803,100.0,1785735408.2947052
ResNetMoEDQN,95,42,0.26,2005,0.0075,1934.94,92.5,0.2803,100.0,1785735408.3165233
