veh_id,cur_rsu,next_rsu,r_cov,dirct,d_rsu,d_e_n,n_t_0,n_t_1,n_t_2,n_t_3,d_l_c,d_l_n,v_c_a,v_n_a,tls_c,tls_n,tlt_c,tlt_n,n_cur,n_nxt,v_ahead_avg,dist_leader,v_leader,est_travel_time,route_lane_changes,q_len_cur,q_len_nxt,n_ahead_cur,n_ahead_nxt,n_merge_nxt,occ_cur,occ_nxt,dwell_cur,dwell_nxt
F7_18.0,N15,N16,800.0,-1,2400.0,1193.85192118704,10,10,84,15,393.81778077228194,2793.85192118704,0.0,0.0,-2,-1,3.0,3.0,34,16,13.539422038181893,63.50547479885165,13.539422038181893,185.22362898795348,0,0,0,1,1,109,0.006304640215198386,0.003152320107599193,33.0,171.99999999999994
F2_16.0,N15,N22,800.0,-1,2400.0,1582.5546746177488,13,53,13,0,781.90170995267,3182.554674617749,0.0,0.0,-2,1,37.0,37.0,42,12,8.829390395293013,200.0,8.829390395293013,270.2727151329919,0,0,0,0,0,66,0.0021015467383994624,0.0021015467383994624,62.0,134.0
F7_12.0,N15,N16,800.0,-1,2400.0,966.7092482453695,11,11,84,18,166.68453738760172,2566.7092482453695,0.0,42.352941176470594,-2,1,27.0,27.0,47,20,13.211319950804882,23.181440351725428,12.990094412226624,184.51250669864186,0,0,0,2,2,113,0.006304640215198386,0.003152320107599193,14.0,171.99999999999994
F2_14.0,N15,N22,800.0,-1,2400.0,1094.7137041478506,19,62,19,0,294.6848258965475,2694.713704147851,39.61110303896965,35.55307557170367,-2,-1,38.0,38.0,46,9,12.58585578311666,26.713413725555597,12.481625835092887,190.28303150723258,0,0,0,2,2,81,0.014710827168796235,0.00840618695359785,26.0,147.0
F7_12.2,N15,N16,800.0,1,2400.0,1861.7021959735953,8,8,85,13,538.2978040264048,3461.7021959735953,0.0,0.0,1,-1,11.0,11.0,30,12,12.679790918063633,200.0,12.679790918063633,194.3268073476249,0,0,0,0,0,106,0.0609448554135844,0.003152320107599193,124.00000000000006,178.0
F7_12.1,N15,N16,800.0,1,2400.0,2389.2181476390333,5,5,71,10,10.781852360966468,3989.2181476390333,0.0,0.0,-1,1,5.0,5.0,15,10,7.444492759410204,608.0202504262554,11.372008042537049,206.07877961368771,0,2,0,4,0,86,0.03992938802958978,0.0,164.0,178.0
F7_12.3,N15,N16,800.0,-1,2400.0,885.7849617139923,15,15,102,26,85.76199882883031,2485.7849617139923,39.34975742365555,39.576639897199634,-2,1,25.0,25.0,74,37,12.861031851134465,46.276922161767175,12.520314366935544,190.98160810587208,0,0,0,4,1,143,0.0168123739071957,0.011558507061197043,7.0,177.0
F7_8.1,N15,N16,800.0,-1,2400.0,918.8895535992624,15,15,103,27,118.86593840485136,2518.8895535992624,39.34975742365555,39.576639897199634,-2,1,23.0,23.0,74,38,12.957154640727907,50.387233768887995,12.814684856719685,188.60617210422478,0,0,0,5,2,145,0.018913920645595158,0.011558507061197041,10.0,174.0
F2_13.0,N15,N22,800.0,1,2400.0,1859.9297360833107,9,51,9,0,540.0702639166893,3459.9297360833107,0.0,0.0,-1,-1,10.0,10.0,31,10,6.84884787919369,162.62091562333217,9.800320482309445,247.8782111241896,0,1,0,3,3,60,0.0609448554135844,0.0,102.0,194.0
F2_13.4,N15,N22,800.0,1,2400.0,2393.696860227665,14,53,14,0,6.303139772334816,3993.696860227665,0.0,0.0,1,1,36.0,36.0,43,12,8.185786942147157,71.52472627437874,10.536769290183356,240.53288998096602,0,0,0,2,2,67,0.02101546738399462,0.0021015467383994624,159.99999999999994,139.0
F2_13.2,N15,N22,800.0,1,2400.0,2258.4996046792876,18,53,18,0,141.50039532071253,3858.4996046792876,0.0,0.0,1,1,28.0,28.0,47,12,11.208621106483971,14.112470027441304,10.168607344421826,237.717234835972,0,0,0,5,4,71,0.058873092761007745,0.005253866845998656,150.0,142.0
F2_17.2,N15,N22,800.0,1,2400.0,2191.0234985511847,16,54,16,0,208.97650144881516,3791.0234985511847,0.0,0.0,1,1,31.0,31.0,45,12,10.688919725842311,76.51184392227333,10.370442294665642,236.96467295847248,0,0,0,4,4,70,0.05884330867518494,0.005253866845998656,152.0,147.0
F2_15.3,N15,N22,800.0,-1,2400.0,878.1575464222169,37,80,37,0,78.15501044471478,2478.157546422217,38.17155188870812,35.52561344714814,-2,-1,10.0,10.0,76,42,12.138344803386914,13.164794784263563,10.645668253799103,205.2108617776519,0,0,0,6,3,117,0.018913920645595158,0.024167787491593814,8.0,146.0
F7_10.2,N15,N16,800.0,1,2400.0,2391.537923084297,9,9,97,9,8.462076915703278,3991.537923084297,39.61110303896965,39.76959800456666,1,-1,30.0,30.0,51,16,11.953999959624893,20.49852413215308,13.632972599528692,211.44220364565965,0,0,0,7,2,115,0.0672494956287828,0.00945696032279758,143.0,179.0
F7_12.6,N15,N16,800.0,1,2400.0,2238.255724494682,13,13,99,12,161.74427550531823,3838.255724494682,39.09652123026607,39.76959800456666,1,-1,13.0,13.0,60,19,11.007304037961228,123.07214651957406,13.254596584447881,198.25412333275438,0,0,0,8,0,124,0.0441324815063887,0.011558507061197043,132.00000000000006,173.0
F2_14.1,N15,N22,800.0,-1,2400.0,1547.6680397674354,26,66,26,0,747.4434811660758,3147.6680397674354,39.34975742365555,35.55307557170367,-2,1,28.0,28.0,72,21,11.936566844535305,39.67585368976802,11.856158991613446,199.02335454162173,0,0,0,8,8,92,0.02101546738399462,0.017863147276395427,68.0,202.0
F2_17.1,N15,N22,800.0,1,2400.0,2390.927972015742,13,53,13,0,9.072027984257943,3990.927972015742,0.0,0.0,1,1,38.0,38.0,42,12,10.853643109569273,19.501394836743884,10.077840490256644,242.0910300574989,0,0,0,7,6,66,0.05768417521242321,0.0,169.0,201.0
F7_19.1,N15,N16,800.0,1,2400.0,2349.82501329786,13,13,98,11,50.17498670213968,3949.82501329786,39.230052828950605,39.76959800456666,1,-1,20.0,20.0,57,18,11.928483198170214,12.222162840231022,10.530872528925164,201.11705470787956,0,0,0,8,3,122,0.0609448554135844,0.011558507061197043,145.0,171.0
F2_15.0,N15,N22,800.0,-1,2400.0,1175.27441238298,37,71,37,0,375.2414581164352,2775.27441238298,38.90287985675598,35.84032197037495,-2,-1,37.0,37.0,77,27,12.146228443213479,20.609488150051106,11.756548956723512,204.17134628475117,0,0,0,10,8,108,0.027320107599193007,0.01996469401479489,35.0,202.0
F2_13.5,N15,N22,800.0,1,2400.0,1626.4515772898035,34,82,34,0,773.5484227101965,3226.4515772898035,37.69185182856861,35.52561344714814,-1,-1,0.0,0.0,77,45,0.0,0.0010135299939975084,0.0,273.8063245306332,0,9,0,2,2,116,0.05253866845998655,0.026269334229993276,75.0,136.0
F2_15.1,N15,N22,800.0,1,2400.0,1951.8360158669798,19,67,19,0,448.1639841330202,3551.83601586698,39.09652123026607,35.55307557170367,-1,-1,17.0,17.0,57,14,8.254739070682602,74.97250703644818,8.87730818245987,245.97970799499325,0,2,0,7,6,86,0.07565568258238063,0.00840618695359785,117.0,190.0
F2_15.4,N15,N22,800.0,1,2400.0,1818.5270441569664,37,70,37,0,581.4729558430336,3418.5270441569664,39.04551517631545,35.84032197037495,-1,-1,40.0,40.0,76,26,6.540274478382531,94.47006664754963,10.689069154216499,239.2340352063792,0,1,0,3,3,107,0.0882649630127774,0.01996469401479489,120.0,145.0
F7_10.3,N15,N16,800.0,-1,2400.0,1347.0187795526654,13,13,132,34,546.9678820526588,2947.0187795526654,37.69185182856861,39.09080739590556,-2,1,39.0,39.0,81,54,10.594061012854125,157.34252145201327,10.586914704054893,214.99759471823518,0,0,0,13,7,179,0.02942165433759247,0.017863147276395427,52.0,170.0
F0_17.0,N15,N22,800.0,1,2400.0,2390.9560485030306,29,69,29,0,9.043951496969612,3990.9560485030306,38.96734136186926,35.55307557170367,1,1,14.0,14.0,72,21,9.928063957101468,26.80575982171854,10.551838409189687,235.70389595782876,0,0,0,9,9,98,0.0777572293207801,0.01996469401479489,152.0,194.0
F7_8.5,N15,N16,800.0,1,2400.0,2399.5139354613,12,12,131,31,0.48606453869990673,3999.5139354613,38.17155188870812,39.40884250588142,1,-1,9.0,9.0,78,45,8.390798556917893,326.43912137780694,13.676778519823923,211.3946552437617,0,0,3,11,2,174,0.06503106805238418,0.018913920645595158,130.0,174.0
F9_8.0,N15,N16,800.0,1,2400.0,2387.8059135939347,12,12,108,28,12.194086406065253,3987.8059135939347,38.96734136186926,39.576639897199634,-1,1,16.0,16.0,71,39,11.613689560845716,109.9937879238189,12.515280074144973,214.36140641424404,0,4,0,8,7,148,0.0609448554135844,0.011558507061197041,179.0,178.0
F7_19.2,N15,N16,800.0,1,2400.0,2207.9256995783267,11,11,130,31,192.07430042167346,3807.9256995783267,38.53843561474087,39.40884250588142,1,-1,16.0,16.0,76,45,12.362276034971087,17.093059466199975,12.852333024703825,221.87279042513111,0,5,2,5,1,172,0.06304640215198387,0.01891392064559516,142.0,169.0
F2_14.3,N15,N22,800.0,1,2400.0,1780.162119095397,38,76,38,0,619.8378809046029,3380.162119095397,38.89606694290359,34.861821239677745,-1,-1,27.0,27.0,78,32,3.557873689517948,92.37855281804877,10.662698826751665,246.59078960638172,0,3,0,3,3,114,0.09036650975117687,0.01996469401479489,121.0,197.0
F2_14.2,N15,N22,800.0,1,2400.0,2397.707242640497,24,66,24,0,2.292757359502957,3997.707242640497,38.34882533335413,35.55307557170367,1,1,40.0,40.0,67,21,6.854530188827701,65.66485974112857,9.486129307584866,271.4263796046657,0,5,0,11,10,90,0.07565568258238063,0.00840618695359785,183.0,193.0
F2_14.6,N15,N22,800.0,1,2400.0,2398.2876599136976,35,68,35,0,1.7123400863023335,3998.2876599136976,39.1896757558928,35.94376578074591,1,1,7.0,7.0,78,20,10.661778097440907,27.13571188035553,10.379468041922234,235.31613408385917,0,0,0,5,4,103,0.03138141114714243,0.01996469401479489,163.0,185.0
F0_15.0,N15,N22,800.0,1,2400.0,2117.5663907995067,40,79,40,0,282.4336092004935,3717.5663907995067,38.53843561474087,34.861821239677745,-1,-1,15.0,15.0,78,37,8.457259195256238,58.40560292615646,9.69454536162591,248.0958257562949,0,4,0,13,12,119,0.0945696032279758,0.022066240753194355,133.0,180.0
F2_16.2,N15,N22,800.0,1,2400.0,2393.2066838817923,36,83,36,0,6.793316118207599,3993.2066838817923,37.69185182856861,35.52561344714814,1,1,40.0,40.0,81,45,6.235275713512287,99.06644120510418,10.881357736718758,265.5486453044334,0,6,0,7,6,119,0.04841842125835171,0.026269334229993276,162.0,144.0
F3_14.0,N15,N22,800.0,1,2400.0,2249.5207757478697,36,68,36,0,150.4792242521304,3849.5207757478697,39.03045815341897,35.94376578074591,-1,0,2.0,2.0,76,22,12.662349546121527,315.3388608439086,12.994296281351708,236.7965896055485,0,1,0,2,0,104,0.0168123739071957,0.01996469401479489,184.0,161.0
F7_8.3,N15,N16,800.0,1,2400.0,2393.9679155641147,13,13,133,34,6.032084435885281,3993.9679155641147,37.69185182856861,39.09080739590556,-1,1,40.0,40.0,81,54,10.524597715698759,80.89302130268652,11.025663683143927,216.84613586002934,0,2,1,7,3,180,0.0609448554135844,0.017961190611838252,145.0,165.0
F7_8.7,N15,N16,800.0,1,2400.0,2387.882522045735,12,12,149,44,12.117477954264814,3987.882522045735,37.64071726243876,37.71133043767359,1,-1,28.0,28.0,93,55,11.89182180275046,23.651158397070958,11.673547466545998,223.29111471238036,0,0,2,9,4,205,0.07868987016633791,0.021015467383994624,146.0,176.9999999999999
F3_14.3,N15,N22,800.0,1,2400.0,2396.1031383174277,42,89,42,2,3.896861682572194,3996.1031383174277,36.79339229915335,38.22274523758035,-1,1,31.0,31.0,104,81,10.671951746293216,15.97386783235197,13.974303492075869,192.451479398672,0,1,0,5,3,133,0.03992938802958978,0.04623402824478817,136.0,148.0
F3_13.2,N15,N22,800.0,1,2400.0,2386.6035933944513,41,89,41,2,13.396406605548577,3986.6035933944513,36.79339229915335,38.22274523758035,-1,1,32.0,32.0,103,81,9.771371057295054,15.98851862242077,13.25933105390165,190.419785447669,0,1,0,4,2,132,0.03992938802958978,0.045183254875588434,134.0,147.9999999999999
F7_19.3,N15,N16,800.0,1,2400.0,2391.845165104298,10,10,146,41,8.154834895702379,3991.845165104298,37.756102543089604,37.588212889133764,1,-1,31.0,31.0,92,56,11.443003679302551,68.39417169692524,12.81454497279696,225.77960246494914,0,2,1,9,4,197,0.07387183732679721,0.01996469401479489,159.0,171.0
F3_14.5,N15,N22,800.0,1,2400.0,2392.9252317897735,48,87,48,3,7.0747682102266936,3992.9252317897735,36.676928612612144,38.11801094051097,-1,1,10.0,10.0,107,99,9.21492588435444,109.39151102444293,10.944177399344182,201.9310866999223,0,3,0,4,1,138,0.054640215198386015,0.05253866845998655,218.0,158.0
F9_8.7,N15,N16,800.0,1,2400.0,2392.1934536672907,54,54,175,41,7.806546332709445,3992.1934536672907,34.999265978262855,35.59375777998167,1,1,22.0,22.0,224,118,9.44107773357208,12.489505279536388,9.619019138532709,244.9436910040285,0,0,0,19,0,270,0.10297579018157364,0.035726294552790853,153.9999999999999,132.0
F4_14.1,N15,N22,800.0,1,2400.0,2385.504591712687,64,101,64,3,14.495408287312785,3985.504591712687,36.47019400912428,37.729455615513814,1,-1,21.0,21.0,125,116,12.836410591319142,104.72155376842852,12.984428334475867,199.2600739455161,0,1,3,9,1,168,0.0672494956287828,0.05358944182918628,352.0000000000001,171.0
F3_14.6,N15,N22,800.0,1,2400.0,2393.6799452113128,55,88,55,3,6.32005478868723,3993.6799452113128,36.644354340412946,38.056780488685085,-1,1,3.0,3.0,113,103,10.866981857575373,12.575394499599952,10.589628273180313,200.8632057349637,0,3,0,9,5,146,0.06304640215198387,0.054640215198386015,389.0000000000001,159.0
F9_5.11,N15,N16,800.0,1,2400.0,2398.1806102548176,55,55,192,42,1.8193897451825478,3998.1806102548176,34.42597826812697,36.017045178654165,1,1,24.0,24.0,257,154,8.307191640986355,11.333153888530433,9.198786151055383,259.3045120566349,0,0,0,18,2,289,0.10717888365837257,0.03992938802958978,146.0,141.0
F9_5.12,N15,N16,800.0,1,2400.0,2396.4418856032225,52,52,192,45,3.5581143967773414,3996.4418856032225,34.43582926759041,36.149242795374406,1,1,4.0,4.0,268,161,10.129520427001586,15.490690450903458,10.612749403405765,244.3695028952105,0,0,0,10,1,289,0.06514794889038333,0.036777067921990585,142.0,144.0
F9_8.9,N15,N16,800.0,1,2400.0,2394.2261728148596,52,52,191,44,5.773827185140362,3994.2261728148596,34.40702576310813,36.17970021967304,1,1,6.0,6.0,266,160,10.033658351347787,40.14089830741227,10.18633656365089,243.52276656186737,0,0,0,9,0,287,0.06304640215198387,0.036777067921990585,143.0,146.0
F9_5.9,N15,N16,800.0,1,2400.0,2396.0672780752825,56,56,195,40,3.9327219247173844,3996.0672780752825,34.471476345031505,36.21656021451024,-1,-1,39.0,39.0,280,167,8.415868202170726,8.874185993682886,7.616194989969299,250.28554205264825,0,0,0,16,3,291,0.1050773369199731,0.036777067921990585,193.0,149.0
F9_8.11,N15,N16,800.0,1,2400.0,2391.3018777166876,53,53,192,45,8.6981222833125,3991.3018777166876,34.45761045156296,36.20154656456781,1,1,0.0,0.0,269,163,9.569633136545823,9.40572617596581,7.8690992614213275,245.82516976207256,0,0,0,14,2,290,0.10087424344317418,0.036777067921990585,199.0,147.0
F15_8.6,N15,N16,800.0,1,2400.0,2395.561730929051,61,61,198,41,4.438269070948991,3995.561730929051,34.36927338858961,36.187355651404935,-1,-1,31.0,31.0,287,166,8.405308254212159,57.04816558552261,8.221869855192692,252.60637830977262,0,3,1,19,5,300,0.10928043039677203,0.03992938802958978,189.0,145.0
F3_13.3,N15,N22,800.0,1,2400.0,2399.8687389805627,59,101,59,5,0.13126101943737467,3999.8687389805627,36.306096480008854,37.186581658521874,-1,1,39.0,39.0,138,123,9.412504236154978,309.41432140825395,12.556282575987556,205.40914840419174,0,1,3,12,12,165,0.05253866845998655,0.060913925903290485,506.0,161.0
F9_8.13,N15,N16,800.0,1,2400.0,2395.5191051316315,76,76,190,56,4.480894868368409,3995.5191051316315,33.96731728553102,35.78970502913787,1,1,6.0,6.0,296,163,9.343260598030179,18.933943926399934,9.282157070678489,246.32140544915742,0,0,0,19,6,322,0.11348352387357095,0.04413248150638871,149.0,142.0
F11_8.12,N15,N16,800.0,1,2400.0,2390.4998029495864,90,90,199,55,9.500197050413476,3990.4998029495864,33.48340783133919,35.643193766308656,1,1,25.0,25.0,344,160,7.507381809692425,11.465938585670983,9.89590705186127,266.1524852263865,0,0,0,22,6,344,0.1036791927907543,0.047284801613987903,152.0,138.0
F3_14.7,N15,N22,800.0,1,2400.0,2399.9454804243132,60,100,60,5,0.05451957568652688,3999.9454804243132,36.306096480008854,37.186581658521874,-1,1,38.0,38.0,139,126,11.70550380466934,14.599693669587396,12.605394711901432,206.14651337134063,0,2,2,9,1,165,0.05674176193678548,0.06030091024927334,585.0000000000001,161.0
F9_6.10,N15,N16,800.0,1,2400.0,2393.5397383333548,90,90,194,56,6.460261666645465,3993.5397383333548,33.542110412387345,35.65808594018468,1,1,9.0,9.0,346,168,9.80229917835293,56.65530249520998,8.49468857558334,250.83311140436055,0,0,0,7,0,340,0.0609448554135844,0.049386348352387366,149.0,133.0
F9_5.18,N15,N16,800.0,1,2400.0,2390.330159572713,92,92,194,59,9.669840427286886,3990.330159572713,33.55185962518435,35.669698086766424,1,1,3.0,3.0,354,177,10.334645550420113,15.943132140189164,10.217147560615338,247.2849551252561,0,0,0,8,1,345,0.06426871549349482,0.0504371217215871,146.0,136.0
F9_4.13,N15,N16,800.0,1,2400.0,2391.8864626840523,95,95,194,59,8.113537315947724,3991.8864626840523,33.53711532178131,35.609737357438796,1,1,1.0,1.0,357,176,9.516834351507832,28.806933663803648,9.097856923792579,249.3375879026355,0,0,0,20,2,348,0.1021235500837159,0.05098416785056924,156.0,184.0
F9_4.12,N15,N16,800.0,1,2400.0,2399.8185547974886,102,102,195,64,0.1814452025113269,3999.8185547974886,33.21487288563339,35.212716511433264,1,1,13.0,13.0,372,190,8.854728879377765,10.918618318183007,9.16058220637091,256.38046731418876,0,0,0,12,0,361,0.06514794889038333,0.048484392695001974,155.0,137.0
F3_15.5,N15,N22,800.0,1,2400.0,2389.7541708743292,71,97,71,5,10.24582912567098,3989.7541708743292,36.577408588162896,36.85180271888808,-1,1,9.0,9.0,154,120,4.209379345900526,219.2835792232945,10.205316372129877,291.4745398499646,0,18,0,18,18,173,0.0609448554135844,0.06724949562878278,661.0,163.0
F9_5.23,N15,N16,800.0,1,2400.0,2392.6407560166626,113,113,210,65,7.359243983337365,3992.6407560166626,32.436929821203115,35.22541025391256,1,1,11.0,11.0,382,207,9.204960775027223,19.305332125299174,9.758582725136154,255.94018394346722,0,0,0,16,8,388,0.10928043039677203,0.04203093476798925,143.0,126.0
F3_15.10,N15,N22,800.0,1,2400.0,2387.510825016552,70,116,70,8,12.489174983448038,3987.510825016552,35.97576357596721,36.46531729306351,0,-1,2.0,2.0,171,143,5.132441281481478,20.614812874824793,13.932356096684932,238.49690090392738,0,7,14,22,22,194,0.07355413584398117,0.07145258910558171,676.0,165.0
F3_13.4,N15,N22,800.0,1,2400.0,2395.9760399739616,73,97,73,5,4.0239600260384805,3995.9760399739616,36.59761646920246,36.80110354432888,-1,1,7.0,7.0,155,119,3.414577776185535,48.8954556109195,9.7381763672648,288.316385625627,0,19,0,10,2,175,0.05884330867518494,0.06801187374534386,667.0,213.0
F4_13.0,N15,N22,800.0,1,2400.0,2388.819463394739,72,114,72,8,11.180536605260954,3988.819463394739,36.1545847660354,36.71890905819187,1,-1,8.0,8.0,165,141,13.090591793713642,164.82335184701446,12.277815897117183,264.54524739148064,0,15,10,6,0,194,0.05674176193678548,0.0673723420681984,675.0000000000001,170.0
F3_13.7,N15,N22,800.0,1,2400.0,2390.1339340144414,65,111,65,9,9.866065985558862,3990.1339340144414,36.00414476888714,36.263132840958214,-1,1,27.0,27.0,187,137,5.900043682546411,270.71891999895706,13.513771073094196,262.2756346094982,0,13,0,7,0,185,0.07090535996508943,0.06660635930105074,682.0,157.0
F3_15.8,N15,N22,800.0,1,2400.0,2390.3829231315476,66,110,66,9,9.617076868452159,3990.3829231315476,36.04217759233303,36.29383993321221,-1,1,21.0,21.0,190,135,3.9776431862885744,67.41298852683894,11.737839407158456,270.8795867460543,0,17,0,27,27,185,0.10297579018157364,0.06565472290473989,680.0,162.0
F9_5.17,N15,N16,800.0,1,2400.0,2397.7150047809278,118,118,211,70,2.284995219072357,3997.7150047809278,32.35387530182238,35.20118164664429,0,0,0.0,0.0,391,205,9.025641591374796,17.747581543471597,8.801422547316243,257.8521888078315,0,0,0,20,9,399,0.1218897108271688,0.04308170813718898,203.0,139.0
F9_8.18,N15,N16,800.0,1,2400.0,2396.9639149606437,114,114,209,65,3.036085039356408,3996.9639149606437,32.371285569840026,35.241528275563915,1,1,2.0,2.0,384,202,8.96217548578297,10.215599044756573,8.529724734519432,260.5923848401725,0,0,0,18,7,388,0.1218897108271688,0.04203093476798925,200.0,154.0
F9_8.16,N15,N16,800.0,1,2400.0,2397.412914255846,116,116,210,66,2.587085744154251,3997.412914255846,32.349782643370986,35.21549270132666,1,1,0.0,0.0,385,203,8.894026485715495,10.169677407877998,8.204180645733805,258.27801143363746,0,0,0,19,8,392,0.11978816408876934,0.04203093476798925,205.0,144.0
F3_14.8,N15,N22,800.0,1,2400.0,2390.1453545069644,73,125,73,14,9.854645493035378,3990.1453545069644,35.254914821623494,35.77581744073615,0,-1,0.0,0.0,217,173,2.083496646495036,92.30015852509746,12.991350664191135,271.3319459956565,0,21,9,31,31,212,0.1281943510423672,0.07013896630711705,684.0000000000001,158.0
F3_15.11,N15,N22,800.0,1,2400.0,2395.9292864837466,70,130,70,12,4.0707135162532495,3995.9292864837466,35.3435798827209,36.02315177635105,1,-1,5.0,5.0,211,179,1.430443313915948,165.19991628348293,8.78283002355908,272.7736199984156,0,21,8,31,30,212,0.13033414836012733,0.06830026899798251,689.0,160.0
F3_15.15,N15,N22,800.0,1,2400.0,2386.409850118494,65,122,65,15,13.590149881506136,3986.409850118494,35.041514969017236,35.561463650872106,-1,1,31.0,31.0,216,163,2.4956495435600643,135.90011284161528,13.094036560032889,272.64569774349593,0,20,0,33,33,202,0.13660053799596505,0.06409717552118359,681.0,145.0
F3_13.8,N15,N22,800.0,1,2400.0,2395.991213532145,63,119,63,15,4.008786467854975,3995.991213532145,35.0212031525392,35.46483754228588,-1,1,26.0,26.0,221,163,3.1986145582012733,37.11255474064774,14.394239078171365,277.89340273754533,0,20,0,35,35,197,0.1387020847343645,0.06304640215198386,675.9999999999999,148.0
F9_5.20,N15,N16,800.0,1,2400.0,2394.369877671492,131,131,214,53,5.630122328508037,3994.369877671492,31.798591210527587,35.249084149162734,1,1,2.0,2.0,389,198,9.290469970968775,23.916638388013553,9.760005381738178,244.35376990292946,0,0,0,21,12,398,0.11558507061197042,0.03677706792199059,153.0,132.0
F4_14.0,N15,N22,800.0,1,2400.0,2389.397990580514,63,119,63,15,10.60200941948608,3989.397990580514,35.03287359531485,35.35358377189673,-1,1,9.0,9.0,222,164,2.5195180187492934,201.65318814818943,12.893928701469301,278.51781964540504,0,25,0,36,36,197,0.15131136516476126,0.0638664685738135,667.0,162.0
F9_6.18,N15,N16,800.0,1,2400.0,2396.629541667939,130,130,214,53,3.3704583320609345,3996.629541667939,31.798591210527587,35.249084149162734,1,1,3.0,3.0,388,196,10.458029708377188,22.514894957353818,9.423074096846939,247.29607213302035,0,0,0,5,0,397,0.0672494956287828,0.036777067921990585,155.0,186.0
F9_6.16,N15,N16,800.0,1,2400.0,2399.0189060687007,132,132,214,52,0.9810939312994833,3999.0189060687007,31.785718814614683,35.266644796007114,0,0,2.0,2.0,389,195,9.240567896957137,30.28961278641077,11.581359982601912,245.2335737282907,0,0,0,21,12,398,0.11768661735036988,0.037827841291190316,153.0,189.0
F3_15.9,N15,N22,800.0,1,2400.0,2396.540175273343,64,119,64,16,3.459824726657075,3996.540175273343,34.98801578189592,35.33725922176368,-1,1,5.0,5.0,224,161,2.21829032201974,45.096915907789025,11.285801423463411,279.54775955198426,0,28,0,37,37,199,0.14710827168796234,0.06514794889038332,670.0,212.0
F9_5.19,N15,N16,800.0,1,2400.0,2391.1577872046073,135,135,218,52,8.842212795392697,3991.1577872046073,31.60226117362826,35.17287028922231,-1,-1,35.0,35.0,392,194,7.767918540256279,10.224260994804354,8.849536230590292,260.4056559081087,0,4,1,24,14,405,0.11558507061197042,0.04098016139878951,203.0,145.0
F3_13.10,N15,N22,800.0,1,2400.0,2394.4883613977936,67,119,67,15,5.51163860220629,3994.4883613977936,35.06206404478583,35.308052984917225,-1,1,0.0,0.0,222,161,2.0113770329286926,16.19458951548586,10.06602431124784,283.6971185977665,0,31,0,39,39,201,0.14290517821116341,0.06409717552118359,722.0000000000001,176.0
F3_15.12,N15,N22,800.0,1,2400.0,2394.244034516804,69,119,69,15,5.755965483196292,3994.244034516804,35.08253809562109,35.31125883977522,-1,0,1.0,1.0,225,161,2.1715424386689786,14.666844553792089,11.458295780122103,285.05179062535194,0,34,0,40,40,203,0.14290517821116341,0.06409717552118359,727.0000000000001,166.0
F3_13.9,N15,N22,800.0,1,2400.0,2397.55365040476,75,123,75,15,2.4463495952401217,3997.55365040476,34.95929012797423,35.35045957883241,1,-1,35.0,35.0,231,165,2.15090148379847,11.059045567506473,9.225472886513526,284.6939887502226,0,29,3,42,42,213,0.14084188476722684,0.06409717552118359,748.0,152.0
F3_15.14,N15,N22,800.0,1,2400.0,2396.816429909747,73,122,73,15,3.1835700902529425,3996.816429909747,35.00444563038346,35.339300468028576,1,-1,37.0,37.0,229,165,2.111014189033638,11.132098839115542,9.184630799865722,285.27940430372877,0,28,2,41,41,210,0.1408419591123085,0.06409717552118359,738.0000000000001,163.0
F11_4.25,N15,N16,800.0,1,2400.0,2394.6489629147827,121,121,216,67,5.351037085217058,3994.6489629147827,30.78460515434939,34.749840406392515,1,1,12.0,12.0,387,206,8.40474198720395,11.663246205740961,8.569236644409767,252.48565013433222,0,0,0,24,7,404,0.1344989912575656,0.03467552118359112,149.0,127.0
F3_15.13,N15,N22,800.0,1,2400.0,2399.310454011933,91,129,91,17,0.6895459880670387,3999.310454011933,34.53067253813868,35.19457321345387,-1,1,41.0,41.0,263,188,4.0319870598586185,14.742501897856982,12.052136627593264,293.64256712368154,0,20,16,57,54,237,0.1660221923335575,0.06898139798239843,777.0,156.0
F3_15.17,N15,N22,800.0,1,2400.0,2393.3463140170898,88,128,88,17,6.653685982910474,3993.3463140170898,34.54207815312098,35.25412054617121,1,-1,2.0,2.0,263,181,3.009678653720415,27.138395547824302,10.120308153011017,302.5521363713942,0,22,17,56,51,233,0.16181909885675858,0.06677804674587041,774.0,170.0
F3_13.5,N15,N22,800.0,1,2400.0,2390.1458096779797,66,119,66,15,9.854190322020031,3990.1458096779797,35.018468256218576,35.2986181001529,-1,1,2.0,2.0,222,161,2.0106771998656217,19.665134500123713,10.87901267952975,280.5179673266463,0,30,0,38,38,200,0.14710827168796234,0.06514794889038332,745.0,224.0
F3_15.16,N15,N22,800.0,1,2400.0,2389.1201094212415,90,129,90,17,10.879890578758477,3989.1201094212415,34.53662553112306,35.22004960075847,0,-1,0.0,0.0,262,188,3.809320004555232,23.80796385329927,12.370938788708115,296.4158599111271,0,20,18,55,52,236,0.16181909885675858,0.06935104236718224,780.0,156.0
F11_6.9,N15,N16,800.0,1,2400.0,2389.4836391679114,126,126,222,69,10.516360832088594,3989.4836391679114,30.736062326546417,34.72996199981891,-1,-1,39.0,39.0,398,210,8.117780966907027,50.029655026011824,7.982598464018227,255.56695065504536,0,1,0,24,10,417,0.1281943510423672,0.03362474781439139,145.0,135.99999999999977
F3_15.6,N15,N22,800.0,1,2400.0,2396.318580278745,72,121,72,15,3.681419721255452,3996.318580278745,35.03883832465592,35.32839341778236,1,-1,39.0,39.0,228,164,2.2646819415233215,37.592543684256725,9.061989032651397,283.4763577900754,0,30,1,40,40,208,0.14294472487312157,0.06409717552118359,751.0,221.0
F9_8.17,N15,N16,800.0,1,2400.0,2399.658232954991,121,121,218,68,0.3417670450089645,3999.658232954991,30.771103130797407,34.758406704233295,1,1,1.0,1.0,392,210,8.313754438690097,15.033326110549751,10.22382757784585,250.3684323493345,0,0,0,23,9,407,0.13029589778076667,0.03257397444519166,155.0,181.99999999999977
F9_4.14,N15,N16,800.0,1,2400.0,2396.747237612568,120,120,217,67,3.2527623874323126,3996.747237612568,30.78318450720292,34.78622263446234,1,1,3.0,3.0,391,208,8.555327879231442,13.40766028332132,9.442951426250675,249.4333181881481,0,0,0,23,8,404,0.1281943510423672,0.03257397444519166,155.0,185.00000000000023
F11_6.10,N15,N16,800.0,1,2400.0,2397.5775628454194,130,130,228,72,2.422437154580848,3997.5775628454194,30.538641654926383,34.71009865956407,-1,-1,30.0,30.0,397,205,7.835823618126879,40.44088906177194,9.674677714293898,258.24199784778807,0,3,4,27,12,430,0.13239744451916613,0.037827841291190316,190.0,155.0
F9_8.15,N15,N16,800.0,1,2400.0,2398.6971859019195,127,127,225,69,1.302814098080603,3998.6971859019195,30.596214199949564,34.72180009613168,-1,-1,35.0,35.0,394,209,8.25137100651054,45.73682489845851,11.145508342494562,255.4150105127945,0,2,1,26,11,421,0.13239744451916613,0.03555770202960309,197.0,151.0
F11_6.11,N15,N16,800.0,1,2400.0,2398.6856529212046,131,131,231,75,1.3143470787952083,3998.6856529212046,30.49357148296405,34.66640934198893,-1,-1,27.0,27.0,397,209,7.844949009837981,24.590214744479,10.076223202997804,259.56093187937296,0,3,5,28,13,437,0.1344989912575656,0.037827841291190316,190.0,157.00000000000023
F9_8.24,N15,N16,800.0,1,2400.0,2393.9664521801924,143,143,219,69,6.033547819807836,3993.9664521801924,29.868602457206688,34.55883140047804,1,1,9.0,9.0,399,225,9.102109404723413,11.960091495016968,8.7629259471014,248.81325070783322,0,0,0,24,15,431,0.12322035496904783,0.0304724277067922,154.0,138.99999999999977
F11_4.26,N15,N16,800.0,1,2400.0,2390.1531883277275,152,152,229,62,9.846811672272224,3990.1531883277275,29.523944742007732,34.52195919624842,-1,-1,29.0,29.0,401,224,10.515447612863523,289.5573555492185,9.77737855124239,260.00625735600784,0,3,3,9,0,443,0.0777572293207801,0.03769578069766315,135.0,137.0
F9_6.15,N15,N16,800.0,1,2400.0,2390.521763363581,150,150,227,64,9.478236636418615,3990.521763363581,29.55442635143671,34.53874901812542,-1,-1,31.0,31.0,398,224,10.035812520924567,271.6185195189412,9.045128404441737,258.2713042656735,0,3,2,9,0,441,0.07559004088737944,0.036777067921990585,135.0,187.00000000000023
F11_5.14,N15,N16,800.0,1,2400.0,2390.930208741817,153,153,230,63,9.069791258183272,3990.930208741817,29.477785009265222,34.52147558505948,-1,-1,27.0,27.0,402,224,10.203741818768048,15.270869693154282,10.886009430738863,261.3126431930785,0,3,4,10,1,446,0.07565568258238063,0.03887861466039005,186.0,158.0
F11_8.30,N15,N16,800.0,1,2400.0,2396.12317224135,159,159,236,61,3.876827758649938,3996.12317224135,29.256476152357575,34.493624420602224,-1,-1,9.0,9.0,407,233,7.557156850889826,9.45936231584983,7.996513519751623,262.55257691413357,0,4,9,26,17,456,0.1344989912575656,0.04623402824478817,175.0,155.0
F9_8.19,N15,N16,800.0,1,2400.0,2394.9348821783433,151,151,229,62,5.065117821656486,3994.9348821783433,29.55442635143671,34.52195919624842,-1,-1,30.0,30.0,400,223,7.68165950933636,131.41079510073132,9.612819372420526,257.37689204046086,0,3,2,21,12,442,0.11558507061197042,0.036777067921990585,193.0,156.0
F11_4.27,N15,N16,800.0,1,2400.0,2395.9522195163604,161,161,222,58,4.047780483639599,3995.9522195163604,29.136314182665586,34.554458781981495,1,1,14.0,14.0,433,250,10.266095273124424,11.966520062401514,10.286525060002857,244.6490739210334,0,0,0,9,0,441,0.06304640215198387,0.041322329323937035,155.0,139.0
F9_5.30,N15,N16,800.0,1,2400.0,2393.4218657677798,154,154,231,63,6.578134232220123,3993.4218657677798,29.446824780892516,34.526783851815246,-1,-1,24.0,24.0,403,222,7.810934203643053,10.04925680813335,8.509826818158906,264.0078464779671,0,4,5,27,15,448,0.13029589778076667,0.040397164792616694,193.0,152.0
F11_5.16,N15,N16,800.0,1,2400.0,2394.0734809144565,154,154,220,53,5.926519085543646,3994.0734809144565,28.969508075690147,34.57887174465591,-1,-1,38.0,38.0,430,258,8.690058240765511,17.03137426049807,9.662602952184246,254.6584380726256,0,0,0,24,8,427,0.12609280430396774,0.048335574983187635,150.0,182.0
F11_5.15,N15,N16,800.0,1,2400.0,2399.244090162534,153,153,219,54,0.7559098374658788,3999.244090162534,29.005678540554776,34.57112914908135,-1,-1,41.0,41.0,428,261,9.143865655890014,88.10117456076682,9.24994751335536,248.74760105660917,0,0,0,20,7,426,0.11978816408876934,0.048335574983187635,150.0,187.0
F9_6.17,N15,N16,800.0,1,2400.0,2394.1602658372876,156,156,223,48,5.839734162712489,3994.1602658372876,28.795409169347195,34.56435373400224,-1,-1,30.0,30.0,429,260,7.535492995802173,29.54873697967946,10.189779524630802,262.5581551057277,0,3,2,26,10,427,0.12609280430396774,0.05253866845998655,197.00000000000023,155.0
F9_5.31,N15,N16,800.0,1,2400.0,2393.959041881754,164,164,226,47,6.040958118246181,3993.959041881754,28.58180094680536,34.546837260100546,-1,-1,19.0,19.0,432,264,7.667334242120602,33.592851171552184,9.246359379440488,260.14290648075263,0,4,2,26,11,437,0.12399125756556827,0.05884330867518493,190.00000000000023,158.0
F9_6.24,N15,N16,800.0,1,2400.0,2392.79848540495,155,155,219,53,7.201514595049957,3992.79848540495,28.91112864751739,34.57887174465591,-1,-1,36.0,36.0,429,259,8.404074486973736,10.821190186338299,9.539591707384245,258.87488374717293,0,1,0,25,9,427,0.13239744451916613,0.049386348352387366,204.0,217.0
F14_6.18,N15,N16,800.0,1,2400.0,2397.913598084999,172,172,226,47,2.08640191500092,3997.913598084999,28.59128364178434,34.39148124890953,1,1,21.0,21.0,427,259,8.642010148681793,10.867598526748225,8.99160638249457,253.73734694726573,0,0,0,26,12,445,0.133460340876784,0.06619872225958305,152.0,212.0
F11_6.14,N15,N16,800.0,1,2400.0,2390.638162166173,174,174,221,45,9.361837833826712,3990.638162166173,28.591811956786383,34.39758775617732,1,1,13.0,13.0,433,264,8.937716558115314,10.562559026581084,9.736848018105032,246.50283264317198,0,0,0,25,12,440,0.12815758328046264,0.06619872225958305,155.0,208.0
F9_8.25,N15,N16,800.0,1,2400.0,2396.3453742276693,171,171,227,48,3.6546257723307463,3996.3453742276693,28.550720918302844,34.53523224153614,-1,-1,12.0,12.0,441,263,7.504833497649286,23.237100552635184,9.663212772209201,260.1805921418089,0,4,3,28,13,446,0.12609280430396774,0.06619872225958305,186.0,209.0
F3_11.16,N15,N22,800.0,1,2400.0,2395.4387519812863,107,130,107,19,4.561248018713968,3995.4387519812863,34.00902251018936,34.52889548621223,-1,1,36.0,36.0,297,210,0.4392725934733321,15.514779458312887,12.644198787044733,451.8326853444226,0,60,5,67,66,256,0.20805312710154675,0.05569098856758575,1047.0,148.0
F4_13.1,N15,N22,800.0,1,2400.0,2397.095210484573,107,132,107,19,2.9047895154272965,3997.095210484573,34.0277159186025,34.58648979682794,-1,1,38.0,38.0,298,211,0.18533585758359464,265.17085309580966,0.5932153471335031,462.07126195767853,0,58,9,66,65,258,0.20595158036314729,0.05644295330999041,1051.0,154.0
F9_5.34,N15,N16,800.0,1,2400.0,2398.6803761677857,165,165,225,42,1.3196238322142335,3998.6803761677857,28.515128359239807,34.33865413691771,-1,-1,39.0,39.0,430,282,8.059062118972655,12.058468198114497,9.46949683093337,256.52308021876667,0,2,0,23,10,432,0.13029589778076667,0.06619872225958305,196.00000000000023,173.0
F9_6.27,N15,N16,800.0,1,2400.0,2389.898465112145,165,165,227,43,10.10153488785511,3989.898465112145,28.46632706494914,34.29028012654326,-1,-1,33.0,33.0,427,283,7.832984508191445,23.386998339296724,9.586129083115349,258.8099131055589,0,3,1,24,12,435,0.12399125756556827,0.06935104236718224,195.99999999999977,168.0
F9_4.27,N15,N16,800.0,1,2400.0,2396.661248814068,166,166,227,43,3.338751185931983,3996.661248814068,28.430532921616585,34.29096802463243,-1,-1,31.0,31.0,426,284,8.017805525312971,20.864980520390645,10.688469182708838,260.3124641749068,0,3,1,24,13,436,0.1218897108271688,0.07040181573638198,198.0,164.0
F9_4.29,N15,N16,800.0,1,2400.0,2396.2119580232065,171,171,221,39,3.788041976793579,3996.2119580232065,28.282108805285056,34.089498446741466,1,1,17.0,17.0,409,275,8.769156532064837,11.639923252936114,9.4705877961263,252.56696807327498,0,0,0,26,15,431,0.12378515239025535,0.08262695390485825,168.0,178.0
F13_8.22,N15,N16,800.0,1,2400.0,2392.021245011662,168,168,220,39,7.97875498833821,3992.021245011662,28.27376430647521,34.10395749543222,1,1,4.0,4.0,402,287,8.842373887041298,11.7218773569532,9.666598417283907,252.8791411346647,0,0,0,23,13,427,0.11768661735036988,0.08321825189896562,153.0,189.0
F11_8.31,N15,N16,800.0,1,2400.0,2396.2419949471287,168,168,230,37,3.7580050528712263,3996.2419949471287,28.293605606035367,34.16944881570508,-1,-1,14.0,14.0,422,279,6.041406664868824,9.145035954523564,7.726299560060829,282.29236718833357,0,10,9,29,16,435,0.13239744451916613,0.08090954942837929,196.00000000000023,207.0
F3_14.10,N15,N22,800.0,1,2400.0,2399.5590973583608,109,127,109,22,0.44090264163935444,3999.5590973583608,33.951657949116914,34.329106915172446,-1,1,29.0,29.0,298,208,0.9996720767423422,15.233268108137054,11.656751323974618,436.91090532949494,0,65,0,70,69,258,0.20595158036314729,0.05231178578404974,1105.9999999999998,172.0
F14_8.15,N15,N16,800.0,1,2400.0,2399.2356022508657,175,175,224,38,0.7643977491341047,3999.2356022508657,28.302169007138385,34.0845813086286,1,1,31.0,31.0,422,264,6.520552125076173,11.67407623094573,9.099792731049789,278.3877079196104,0,3,0,30,17,437,0.13351139003598508,0.09224246363891617,181.0,193.0
F3_14.9,N15,N22,800.0,1,2400.0,2398.889655017216,115,125,115,22,1.1103449827842269,3998.889655017216,33.90714169630732,34.095395195796165,-1,0,2.0,2.0,301,206,0.4823846722057282,12.368538458966668,11.602752910371125,474.11541340377227,0,74,0,72,72,262,0.21225622057834567,0.05884330867518493,1097.9999999999998,152.0
F9_6.30,N15,N16,800.0,1,2400.0,2399.7305873336336,164,164,222,31,0.2694126663664065,3999.7305873336336,28.113674520509377,34.012825720607744,-1,-1,27.0,27.0,394,287,6.832980252172587,12.56796078314801,10.686759885965797,281.03629824031526,0,8,7,27,16,417,0.11978816408876934,0.08931573638197714,188.0,158.0
F9_4.23,N15,N16,800.0,1,2400.0,2395.038433153135,168,168,231,37,4.961566846864798,3995.038433153135,28.28062211616883,34.17380935366204,-1,-1,16.0,16.0,421,279,6.223118645520714,49.7637642687032,8.997748012884305,281.2870987906624,0,10,7,28,15,436,0.1344989912575656,0.07985877605917956,205.00000000000023,211.0
F9_4.24,N15,N16,800.0,1,2400.0,2393.900716623832,170,170,226,38,6.0992833761678185,3993.900716623832,28.325430140848017,34.11245996298088,1,1,39.0,39.0,421,264,5.845486144650312,66.0108047622789,8.575314662341036,293.65631910277233,0,9,10,30,16,434,0.1344989912575656,0.09630661982532174,187.0,209.0
F9_6.29,N15,N16,800.0,1,2400.0,2390.349557419066,162,162,222,32,9.650442580934055,3990.349557419066,28.12721887089583,34.03956228679386,-1,-1,28.0,28.0,393,288,6.647989804523604,12.649623648618899,10.543399206752087,281.221880957982,0,8,7,26,15,416,0.11978816408876934,0.08826667202622387,189.0,169.0
F9_8.30,N15,N16,800.0,1,2400.0,2399.1208194360515,148,148,207,43,0.8791805639485801,3999.1208194360515,28.028010327563205,33.98611095377011,1,1,0.0,0.0,375,298,9.873063123637952,10.523587065747051,9.1284417018689,247.36473069313868,0,0,0,17,9,398,0.11348352387357095,0.08042487392450243,144.0,146.0
F14_8.14,N15,N16,800.0,1,2400.0,2391.672147210906,159,159,226,31,8.327852789093868,3991.672147210906,28.13784821504765,33.98935064050994,-1,-1,16.0,16.0,386,288,6.647144778681237,93.32360650746614,10.280875211098616,284.23528016614966,0,9,11,29,17,416,0.12609280430396774,0.09479867173967976,179.0,174.0
F13_5.23,N15,N16,800.0,1,2400.0,2392.980593477041,150,150,206,42,7.019406522958889,3992.980593477041,28.032431396570946,34.0081673159122,1,1,4.0,4.0,377,295,10.022885585214267,10.618697892930868,8.804355337211318,246.6863044836736,0,0,0,17,10,398,0.1169006084615274,0.07985877605917957,142.0,155.0
F3_14.11,N15,N22,800.0,1,2400.0,2390.623886219508,114,125,114,22,9.376113780491892,3990.623886219508,33.90714169630732,34.08043245948687,-1,1,0.0,0.0,300,207,0.31497047741089423,47.51072893677156,12.464472838494553,475.6001378799766,0,74,0,71,71,261,0.2101546738399462,0.05884330867518493,1101.0,171.0
F9_6.31,N15,N16,800.0,1,2400.0,2394.436075566342,154,154,215,41,5.5639244336580305,3994.436075566342,27.95158439033891,33.82457009437426,-1,-1,30.0,30.0,380,301,7.651984780703801,8.560770731273124,6.772280336785554,267.8591249116808,0,4,2,20,12,410,0.11768661735036988,0.08721418964357767,198.0,158.0
F13_6.18,N15,N16,800.0,1,2400.0,2393.593614270277,153,153,214,41,6.406385729722842,3993.593614270277,27.97071054884089,33.88125866550498,-1,-1,32.0,32.0,380,304,7.517861821094611,9.305362215774721,7.677170262785502,268.5106686665373,0,4,2,19,11,408,0.11768661735036988,0.08616341627437794,200.0,157.0
F11_4.31,N15,N16,800.0,1,2400.0,2391.4596907264477,156,156,221,36,8.540309273552111,3991.4596907264477,27.900068390008308,33.7653710643708,-1,-1,23.0,23.0,375,300,7.2256403878519535,18.880168380138684,8.586433041420996,273.7375797144542,0,5,5,22,14,413,0.11348352387357095,0.09036650975117687,205.0,206.0
F9_6.28,N15,N16,800.0,1,2400.0,2398.5034013199393,156,156,217,39,1.496598680060515,3998.5034013199393,27.924006173057954,33.79007953411171,-1,-1,27.0,27.0,379,300,7.205266970019463,20.26714616182312,9.299500003173048,273.4194436816159,0,4,3,22,13,412,0.11558507061197042,0.09036650975117687,209.0,216.0
F9_4.32,N15,N16,800.0,1,2400.0,2398.2956069510515,159,159,221,39,1.7043930489484183,3998.2956069510515,27.72110946412657,33.633677272901316,-1,-1,1.0,1.0,362,314,7.332217407249366,75.77788313453107,10.883025675415793,285.200014010472,0,7,21,24,17,419,0.1218897108271688,0.0945696032279758,190.0,219.0
F13_4.25,N15,N16,800.0,1,2400.0,2399.544097755186,162,162,203,49,0.4559022448140695,3999.544097755186,27.639493086878993,33.506430499538034,0,0,0.0,0.0,354,310,8.462308521788486,9.168028805549056,8.011801024302601,258.10751071226485,0,0,1,21,18,414,0.12399125756556827,0.07775722932078011,198.0,227.0
F13_6.17,N15,N16,800.0,1,2400.0,2399.9620076139613,165,165,204,47,0.03799238603869526,3999.9620076139613,27.639493086878993,33.47582837439046,-1,-1,40.0,40.0,359,311,8.367404827396337,8.74445379691997,7.9806398964393335,255.2941236225363,0,0,3,22,19,416,0.12399125756556827,0.07775722932078011,198.0,227.0
F9_5.36,N15,N16,800.0,1,2400.0,2393.6480733164512,172,172,212,48,6.351926683548754,3993.6480733164512,27.526576637028356,33.40624534908856,-1,-1,21.0,21.0,367,331,6.097739400650815,9.691260097558597,8.482780009087355,291.4443404239998,0,6,16,27,24,432,0.13029589778076667,0.09351882985877606,199.0,210.0
F9_4.33,N15,N16,800.0,1,2400.0,2393.1745462563495,171,171,212,47,6.825453743650655,3993.1745462563495,27.526576637028356,33.40624534908856,-1,-1,23.0,23.0,366,326,6.419614371826317,27.384278320385192,9.023911007091785,285.12990628771155,0,5,15,26,23,430,0.1281943510423672,0.0924349230601482,213.0,218.0
F9_8.31,N15,N16,800.0,1,2400.0,2393.8203595483324,167,167,209,47,6.1796404516676375,3993.8203595483324,27.63929112653189,33.42532713715932,-1,-1,27.0,27.0,362,319,7.5359361928737085,23.226335124103798,8.77904790857485,273.2410165161129,0,2,14,25,22,423,0.12609280430396774,0.08920126932823585,215.0,219.0
F11_5.24,N15,N16,800.0,1,2400.0,2396.352413495803,174,174,219,61,3.6475865041969655,3996.352413495803,27.4148351908219,33.32082366174188,1,1,40.0,40.0,365,334,5.311527343777083,17.626492603289307,8.85663602232009,300.38112689831314,0,11,26,36,29,454,0.14710827168796234,0.09883895422957842,199.0,214.0
F9_4.34,N15,N16,800.0,1,2400.0,2396.8192426631786,174,174,219,58,3.180757336821557,3996.8192426631786,27.412166547382316,33.312676653421896,-1,-1,1.0,1.0,365,332,5.13412157325415,60.76616941948896,9.909429774469489,306.83127501932825,0,13,29,35,28,451,0.14710827168796234,0.09982347007397445,201.0,218.0
F9_6.35,N15,N16,800.0,1,2400.0,2392.4816338562637,161,161,216,59,7.5183661437364435,3992.4816338562637,27.412762443065482,32.607601700005006,-1,-1,23.0,23.0,360,351,6.743567478838709,11.850319614332648,9.57511732078385,281.3142804068739,0,8,6,25,15,436,0.13029589778076667,0.10612811028917284,188.0,229.0
F4_14.3,N15,N22,800.0,1,2400.0,2390.5597885539287,128,140,128,22,9.440211446071203,3990.5597885539287,33.63536166197526,34.171835850606755,1,-1,3.0,3.0,346,227,1.0981920928215925,13.818424763334633,11.703224862905964,530.0985278225305,0,84,19,84,81,290,0.2291077673920343,0.061995628782784126,1504.0,149.0
F3_14.13,N15,N22,800.0,1,2400.0,2393.260702170693,126,138,126,24,6.739297829306793,3993.260702170693,33.56424240910029,34.062724486525816,-1,1,40.0,40.0,340,227,0.7230211791401242,64.24780763176227,10.19038898910406,557.0131516179174,0,78,15,86,82,288,0.23117014122394083,0.060986648850101625,1504.0,141.0
F9_8.33,N15,N16,800.0,1,2400.0,2393.5214751362228,155,155,211,59,6.478524863777352,3993.5214751362228,27.483197716965865,32.674356046558856,-1,-1,35.0,35.0,355,352,7.248106859374066,36.54215018698574,9.291134329839721,271.8368448076004,0,6,2,21,12,425,0.12399125756556827,0.09982347007397445,203.0,230.0
F9_6.37,N15,N16,800.0,1,2400.0,2390.359053486165,168,168,218,51,9.64094651383482,3990.359053486165,27.409255829962607,32.59779026328417,-1,-1,13.0,13.0,369,355,6.938185893261716,10.795625355104448,9.613218020424732,285.6626553386753,0,12,11,29,19,437,0.1387020847343645,0.11033120376597176,205.0,224.0
F9_8.34,N15,N16,800.0,1,2400.0,2391.1785217241063,159,159,215,62,8.82147827589381,3991.1785217241063,27.457185199117244,32.65546947768332,-1,-1,27.0,27.0,362,355,7.197102527547984,12.237158975920693,9.973987624681532,272.5328535443345,0,8,6,22,13,436,0.12609280430396774,0.10402656355077337,199.0,258.0
F3_15.20,N15,N22,800.0,1,2400.0,2396.300568495635,125,129,125,24,3.699431504364611,3996.300568495635,33.482712889033394,33.66635972607035,-1,1,23.0,23.0,343,222,0.6716060708209436,11.252582326882703,10.02041849860541,575.6893465431035,0,86,0,86,86,278,0.2332716879623403,0.053589441829186284,1565.9999999999998,144.0
F3_14.14,N15,N22,800.0,1,2400.0,2397.8380195688096,126,130,126,24,2.161980431190159,3997.8380195688096,33.48340783133919,33.7554856238293,-1,1,25.0,25.0,344,223,0.5186370550748137,11.897807478720097,10.621218366920163,571.5819286302798,0,86,0,86,85,280,0.23537323470073976,0.05464021519838601,1566.0,148.0
F3_15.19,N15,N22,800.0,1,2400.0,2394.9502038765077,124,129,124,25,5.049796123492456,3994.9502038765077,33.48650350961625,33.60914064918475,-1,1,21.0,21.0,343,221,0.7660784251428818,10.838567798646409,9.453413540339131,591.7337377716676,0,89,0,87,87,278,0.2332716879623403,0.05148789509078682,1581.0,150.0
F3_13.11,N15,N22,800.0,1,2400.0,2389.0614483017657,127,130,127,24,10.938551698234278,3989.0614483017657,33.48120772377364,33.77993989352178,-1,1,26.0,26.0,345,223,0.4056033495571626,11.344341916760868,10.61265060653165,568.6572539347409,0,84,0,85,84,281,0.23537323470073976,0.05464021519838601,1577.0,166.0
F3_14.12,N15,N22,800.0,1,2400.0,2389.2098237197947,122,129,122,26,10.790176280205287,3989.2098237197947,33.51685625238199,33.482424640240716,-1,1,17.0,17.0,345,220,0.8666786979280602,27.600563549578737,11.543040710441565,575.6026019477837,0,90,0,88,88,277,0.23747478143913922,0.049386348352387366,1658.9999999999998,157.0
F9_6.34,N15,N16,800.0,1,2400.0,2399.995630197285,165,165,219,54,0.004369802715018523,3999.995630197285,27.409255829962607,32.588182768075136,-1,-1,16.0,16.0,364,350,6.766811780752748,28.459342531227094,9.722458347221584,283.8617283489245,0,12,7,28,18,438,0.1345629722795101,0.10907952149763298,204.0,416.0
F9_4.21,N15,N16,800.0,1,2400.0,2391.118508531874,160,160,216,61,8.881491468125887,3991.118508531874,27.41595299045299,32.635723572707704,-1,-1,25.0,25.0,360,353,7.19878296727214,11.087780635709805,8.857552155049921,272.43605101754093,0,8,6,24,14,437,0.1281943510423672,0.1050773369199731,188.0,458.0
F9_4.35,N15,N16,800.0,1,2400.0,2394.3200372867946,170,170,217,47,5.679962713205327,3994.3200372867946,27.454164177972483,32.52062506354016,-1,-1,0.0,0.0,363,369,6.907025212976133,90.63401885812118,9.701919446250953,281.6252078980867,0,12,15,30,22,434,0.13239744451916613,0.11663584398117015,198.0,419.0
F11_6.22,N15,N16,800.0,1,2400.0,2399.581787944438,162,162,220,68,0.41821205556209406,3999.581787944438,27.493816240277898,31.963395581772236,-1,-1,21.0,21.0,350,356,5.369109150046696,14.448186130523027,10.338139902090527,298.01195021676216,0,12,11,28,19,450,0.1387020847343645,0.10612811028917284,185.0,399.0
F9_6.39,N15,N16,800.0,1,2400.0,2396.0408226816944,163,163,209,81,3.9591773183057057,3996.0408226816944,28.352498350484304,31.20782564525582,-1,-1,0.0,0.0,329,350,6.687048370201425,10.51115929885782,8.27324640820224,285.34473258253087,0,9,37,26,13,453,0.1344989912575656,0.11873739071956961,186.0,284.0
F9_8.36,N15,N16,800.0,1,2400.0,2395.91832282224,161,161,209,77,4.081677177760071,3995.91832282224,28.21634044079768,31.31005867105087,-1,-1,13.0,13.0,332,350,6.876058642254175,21.349528840225958,9.468306352050305,278.83852212293914,0,7,29,21,10,447,0.13029589778076667,0.11733476894291142,197.0,289.0
F11_8.37,N15,N16,800.0,1,2400.0,2394.5768192153087,162,162,208,80,5.4231807846914535,3994.5768192153087,28.501219679680485,31.08688095922827,1,1,36.0,36.0,320,356,7.010413702116437,17.383832913557626,8.813271175683267,277.48471752798184,0,3,28,26,13,450,0.14290517821116341,0.11558507061197042,185.0,288.0
F3_15.18,N15,N22,800.0,1,2400.0,2393.3274476767765,126,129,126,26,6.672552323223272,3993.3274476767765,33.55185962518435,33.37553375928796,-1,1,3.0,3.0,354,224,0.19301336704536706,91.32913461232556,0.5434676823418023,663.5406869345373,0,105,0,89,89,281,0.24798251513113653,0.053076158299071474,1673.0,197.0
F3_13.12,N15,N22,800.0,1,2400.0,2393.936228256325,127,129,127,26,6.063771743674806,3993.936228256325,33.53711532178131,33.31357402114792,-1,1,1.0,1.0,357,222,0.2874973594289073,11.865844540895296,9.796857185510733,658.2542780517919,0,107,0,90,90,282,0.250084061869536,0.05358944182918628,1800.0,151.0
F14_5.11,N15,N16,800.0,1,2400.0,2396.0595191099287,157,157,201,88,3.9404808900711714,3996.0595191099287,28.52866456334275,30.14180159512021,1,1,32.0,32.0,324,372,5.037513949477877,10.368920689732931,8.395632905532912,295.5744357578247,0,6,27,26,15,446,0.15341291190316073,0.10929955447209144,182.0,465.0
F9_8.37,N15,N16,800.0,1,2400.0,2398.7518321479774,163,163,206,69,1.248167852022334,3998.7518321479774,28.9263931757512,29.410614828702084,-1,-1,12.0,12.0,345,351,6.925423621278522,8.865596027766514,7.385026854375332,302.875014084078,0,15,40,31,12,438,0.1597175521183591,0.12083893745796909,194.0,439.0
F9_8.38,N15,N16,800.0,1,2400.0,2395.799118705566,168,168,211,68,4.200881294434339,3995.799118705566,28.915469616204383,29.351678791857896,-1,-1,3.0,3.0,350,346,5.3620580198162,6.500732506735403,5.5643344422295495,339.3920608507939,0,21,44,36,16,447,0.15761600537995965,0.12188971082716882,193.0,437.0
F2_15.0,N15,N22,800.0,-1,2400.0,1260.036710700649,3,42,3,0,459.9972347939428,2860.036710700649,42.043795620437955,35.33742331288344,-2,1,10.0,10.0,25,26,12.29793566058103,200.0,12.29793566058103,189.59328226638064,0,0,0,0,0,45,0.0021015467383994624,0.0010507733691997312,39.0,155.0
F7_6.0,N15,N16,800.0,-1,2400.0,1433.8086361366113,7,7,87,5,633.7341779375427,3033.8086361366113,42.043795620437955,0.0,-2,1,38.0,38.0,22,36,10.846094666143358,200.0,10.846094666143358,220.74499456869077,0,0,0,0,0,99,0.0021015467383994624,0.0010507733691997312,61.0,153.0
F2_15.5,N15,N22,800.0,1,2400.0,2343.8227332443266,5,48,5,0,56.177266755673486,3943.8227332443266,42.043795620437955,36.31813661266525,1,1,0.0,0.0,27,24,8.97778568017805,440.10591491375294,8.665016640087648,268.8490675901497,0,0,0,2,1,53,0.02942165433759247,0.0010507733691997312,118.0,128.0
F7_5.0,N15,N16,800.0,-1,2400.0,1061.1400605148144,15,15,114,8,261.11249295162077,2661.1400605148146,37.18895121547626,38.44938862763329,-2,1,36.0,36.0,41,48,11.236442660543737,21.989689555537666,11.407618629379058,221.73200152975173,0,0,0,2,2,137,0.012609280430396773,0.0073554135843981175,23.0,155.0
F7_4.1,N15,N16,800.0,-1,2400.0,843.9341779228664,15,15,115,9,43.91193385420729,2443.934177922866,37.18895121547626,38.4717472129326,-2,1,20.0,20.0,44,53,10.819365540055037,531.5641557833403,10.819365540055037,222.09662625411144,0,0,0,1,1,139,0.012609280430396773,0.0073554135843981175,4.0,162.0
F7_5.1,N15,N16,800.0,1,2400.0,1894.8074161046106,7,7,98,5,505.19258389538913,3494.8074161046106,42.043795620437955,0.0,-1,1,26.0,26.0,22,45,4.814966640262156,147.6703446548686,9.629933280524313,286.0656905830622,0,1,0,2,2,110,0.03992938802958978,0.0010507733691997312,109.0,151.0
F7_8.0,N15,N16,800.0,1,2400.0,2393.3959845887525,4,4,75,3,6.6040154112475875,3993.3959845887525,0.0,0.0,-1,1,3.0,3.0,9,21,10.285641357306773,95.94099405324573,10.43783378926134,276.83534730810214,0,0,0,3,3,82,0.027320107599193007,0.0,174.99999999999994,154.0
F2_15.2,N15,N22,800.0,1,2400.0,2395.1040567856116,2,32,2,0,4.895943214388581,3995.1040567856116,0.0,0.0,-1,-1,26.0,26.0,15,12,9.31280488615642,29.77426019842278,8.964365284395999,265.71296554201007,0,0,0,7,1,34,0.05884330867518494,0.0,187.99999999999994,147.0
F7_8.1,N15,N16,800.0,-1,2400.0,1371.6522727415727,13,13,113,6,571.5965253872522,2971.6522727415727,36.05886547657981,38.44938862763329,-2,-1,0.0,0.0,39,43,11.398949390359725,197.77064599328475,10.97023126171071,222.55811964596276,0,0,0,4,4,132,0.012609280430396773,0.0073554135843981175,59.00000000000006,165.0
F7_5.2,N15,N16,800.0,1,2400.0,2394.0835117001297,10,10,105,5,5.91648829987048,3994.0835117001297,42.043795620437955,39.265462009518,1,-1,32.0,32.0,30,37,8.13757238714396,83.06022120297735,9.09525403648598,293.58999788610004,0,0,0,4,4,120,0.037827841291190316,0.005253866845998656,155.99999999999994,154.0
F7_6.1,N15,N16,800.0,1,2400.0,2398.152778210575,9,9,100,6,1.8472217894250207,3998.152778210575,42.043795620437955,39.87632697981749,-1,0,0.0,0.0,28,46,4.681084727679592,156.5675449305054,7.567927818694309,328.34237875602196,0,3,0,5,5,115,0.03992938802958978,0.0010507733691997312,169.0,154.0
F7_4.0,N15,N16,800.0,-1,2400.0,1025.3149056313953,13,13,116,12,225.28854918954823,2625.314905631395,35.43552014236569,38.3185475474781,-2,-1,27.0,27.0,60,53,10.640541856255846,230.86618766480706,9.280867488070697,232.10443961713517,0,0,0,5,4,141,0.0168123739071957,0.010507733691997312,25.0,189.0
F2_15.6,N15,N22,800.0,1,2400.0,1611.5127905547151,5,60,5,3,788.487209445285,3211.512790554715,35.000336190128074,35.77392092892148,-1,-1,8.0,8.0,57,26,0.0,952.1676377670382,15.635158940868676,324.72106340003563,0,10,0,0,0,68,0.023117014122394083,0.004203093476798925,79.0,145.0
F2_15.1,N15,N22,800.0,1,2400.0,2395.4982725968575,3,36,3,0,4.50172740314224,3995.4982725968575,42.043795620437955,0.0,-1,-1,0.0,0.0,22,20,6.5040477645030395,109.13322189484347,9.36517304116214,285.8953678609388,0,4,0,10,1,39,0.06935104236718224,0.0,183.00000000000006,203.0
F7_6.2,N15,N16,800.0,1,2400.0,2394.9649641261417,11,11,107,5,5.035035873858419,3994.9649641261417,41.4474297251126,38.77861741384362,1,-1,24.0,24.0,32,39,8.71348634853624,75.05548458498015,9.603226783630483,288.62868458642725,0,0,0,5,5,123,0.03992938802958978,0.005253866845998656,171.0,161.0
F7_8.2,N15,N16,800.0,1,2400.0,2394.921783470126,13,13,110,4,5.078216529874226,3994.921783470126,36.05886547657981,38.44938862763329,1,-1,13.0,13.0,36,41,8.610294757731229,200.0,8.610294757731229,284.2851356063949,0,0,0,0,0,127,0.0168123739071957,0.006304640215198387,176.0,206.0
F7_4.4,N15,N16,800.0,1,2400.0,1732.6936977718756,14,14,114,10,667.3063022281243,3332.6936977718756,35.66472327219114,38.3185475474781,1,-1,30.0,30.0,60,53,8.571955080873378,69.29632987238574,8.571955080873378,280.357642460075,0,0,0,1,1,138,0.046234028244788165,0.010507733691997312,101.0,206.0
F7_4.7,N15,N16,800.0,1,2400.0,1786.1415648016832,18,18,146,12,613.8584351983168,3386.141564801683,33.65032824001497,38.03940477326442,-1,1,28.0,28.0,57,75,3.4353204922484357,97.08099871860941,6.736230790789335,289.5089544279223,0,0,0,2,2,176,0.05253866845998655,0.014710827168796235,114.0,158.0
F7_4.5,N15,N16,800.0,1,2400.0,2393.3249224254146,12,12,110,4,6.67507757458543,3993.3249224254146,36.05886547657981,38.44938862763329,1,-1,14.0,14.0,34,41,8.527849473878378,32.9069193927528,7.786774805200078,285.8503478701126,0,0,0,6,6,126,0.046234028244788165,0.006304640215198387,179.0,206.0
F7_8.5,N15,N16,800.0,1,2400.0,2397.8164196667017,14,14,114,10,2.183580333298437,3997.8164196667017,35.66472327219114,38.3185475474781,1,-1,30.0,30.0,60,53,8.512308386683246,43.119570993654406,9.235801378513582,280.357642460075,0,0,0,7,7,138,0.046234028244788165,0.010507733691997312,169.0,153.0
F2_15.4,N15,N22,800.0,1,2400.0,2272.8391354293753,6,51,6,0,127.16086457062443,3872.8391354293753,36.05886547657981,35.95644823216159,-1,-1,3.0,3.0,37,22,5.11763044205103,38.44439060735749,8.144556612636967,307.5214388995201,0,8,0,17,3,57,0.08219553019991674,0.0010507733691997312,175.0,216.0
F7_4.2,N15,N16,800.0,1,2400.0,2395.073942196498,8,8,94,5,4.92605780350209,3995.073942196498,42.043795620437955,36.92307692307693,-1,1,19.0,19.0,25,48,7.255057627437148,282.3435685096281,8.376844335059456,299.4858564371985,0,2,0,5,5,107,0.04203093476798924,0.0010507733691997312,211.00000000000006,223.00000000000006
F7_4.6,N15,N16,800.0,1,2400.0,2392.277509267175,13,13,115,10,7.722490732825008,3992.277509267175,35.66472327219114,38.21896552050784,1,-1,35.0,35.0,55,54,8.323956502001185,106.59699630120053,8.883362906733177,278.4121917516431,0,0,0,6,6,138,0.0441324815063887,0.01050773369199731,172.0,163.0
F2_15.3,N15,N22,800.0,1,2400.0,2394.9958358224203,4,44,4,0,5.004164177579469,3994.9958358224203,42.043795620437955,36.31813661266525,1,1,5.0,5.0,26,24,8.62231441245721,107.80828752184948,7.810290867032609,269.17638808568506,0,0,0,10,2,48,0.05674176193678548,0.0010507733691997312,229.99999999999994,212.99999999999994
F2_11.12,N15,N22,800.0,1,2400.0,2391.9004165470715,5,62,5,9,8.0995834529283,3991.9004165470715,34.281393873084525,35.27830775623895,-1,-1,32.0,32.0,74,41,4.339415014493031,60.349382478443204,9.6123113592702,342.3836246028254,0,7,0,19,0,76,0.07565568258238063,0.0073554135843981175,137.0,136.0
F3_15.3,N15,N22,800.0,1,2400.0,2397.3840579852954,7,71,7,7,2.615942014704615,3997.3840579852954,33.850385774305195,35.12747253464089,1,-1,2.0,2.0,73,41,11.084229525692136,472.36828858713216,9.17951518728234,190.84421236446263,0,0,0,3,0,85,0.04216938667035529,0.0073554135843981175,126.0,174.0
F2_15.9,N15,N22,800.0,1,2400.0,2398.8278542968787,6,71,6,8,1.1721457031213731,3998.8278542968787,34.22803491055162,35.12747253464089,-1,-1,12.0,12.0,72,40,4.836446113636834,13.973667801813008,9.458477412946545,343.4144498922487,0,11,0,24,2,85,0.0882649630127774,0.0073554135843981175,171.0,141.9999999999999
F2_15.8,N15,N22,800.0,1,2400.0,2378.9033893761543,6,71,6,8,21.096610623845436,3978.9033893761543,34.03872606526281,35.12747253464089,-1,-1,7.0,7.0,72,41,4.765285069672522,37.94448150556832,8.488545591584428,343.90352904578054,0,11,0,25,2,85,0.09246805648957633,0.0073554135843981175,173.0,148.0000000000001
F7_5.3,N15,N16,800.0,1,2400.0,2399.1286312233287,20,20,172,12,0.871368776671261,3999.1286312233287,34.16094774154053,36.81729398713397,1,-1,34.0,34.0,74,75,8.599608676132606,295.03012173785805,7.295860771829471,278.12344997631646,0,0,0,3,2,204,0.018913920645595158,0.016812373907195696,193.0,199.0
F3_15.5,N15,N22,800.0,1,2400.0,2392.5343408961817,16,92,16,14,7.465659103818211,3992.5343408961817,32.829637201811224,35.08441977365464,-1,1,34.0,34.0,84,69,6.1535964474622675,22.194011821750337,13.32621785688755,212.55321190640504,0,3,0,4,0,122,0.0336247478143914,0.01050773369199731,125.0,161.0000000000001
F7_5.7,N15,N16,800.0,1,2400.0,2394.1784883306495,15,15,239,8,5.821511669350343,3994.1784883306495,33.182225869213426,36.72167729579479,1,-1,9.0,9.0,73,100,7.7764723626232675,9.36431762946927,7.99224603788902,283.85986126532896,0,0,0,4,4,262,0.0441324815063887,0.026269334229993276,182.0,194.0
F7_5.11,N15,N16,800.0,1,2400.0,2393.7399253425942,17,17,252,9,6.260074657405653,3993.7399253425942,33.146603228665356,35.64651095084065,1,-1,12.0,12.0,82,121,8.38329760988514,12.608752833792778,9.744247199964107,275.8613899579792,0,0,4,8,7,278,0.031523201075991936,0.024167787491593817,158.0,151.0
F7_8.13,N15,N16,800.0,1,2400.0,2392.2929037529884,16,16,252,9,7.70709624701135,3992.2929037529884,33.0981889099797,35.63510779206301,1,-1,14.0,14.0,81,120,8.168898151983973,14.351813009720445,8.761117947232297,278.9930364911081,0,0,4,6,6,277,0.027320107599193007,0.024167787491593817,158.0,158.0
F2_11.19,N15,N22,800.0,1,2400.0,2391.754069846388,20,85,20,32,8.245930153611766,3991.754069846388,33.21407818563444,33.55489920222938,-1,-1,40.0,40.0,97,75,8.603905155894559,246.00947145153577,8.444916325950192,260.36530285313245,0,0,0,3,2,137,0.014710827168796235,0.01891392064559516,141.0000000000001,138.0
F3_14.7,N15,N22,800.0,1,2400.0,2390.145013879176,17,90,17,27,9.85498612082381,3990.145013879176,33.1391846602128,33.931956352928864,-1,1,18.0,18.0,96,74,9.209465148929754,13.919902985339377,12.298687213294224,220.60264929250602,0,4,0,6,1,134,0.0336247478143914,0.01891392064559516,206.0,152.0
F3_11.6,N15,N22,800.0,1,2400.0,2393.230358348037,19,84,19,31,6.7696416519629565,3993.230358348037,33.093517619573255,33.802303122321774,-1,1,7.0,7.0,96,76,8.04450228487928,34.72015527741837,11.02689069502058,229.3722595569516,0,5,0,12,1,134,0.0609448554135844,0.019964694014794893,201.0,150.0
F7_6.8,N15,N16,800.0,1,2400.0,2396.2394170000616,16,16,241,8,3.7605829999383786,3996.2394170000616,33.109845613636516,36.72167729579479,1,-1,8.0,8.0,73,100,8.890519842854149,766.3221441732969,8.890519842854149,285.3055422731525,0,0,0,1,0,265,0.025218560860793545,0.026269334229993276,241.0,225.0
F4_15.1,N15,N22,800.0,1,2400.0,2393.796808984376,16,91,16,27,6.2031910156238155,3993.796808984376,33.1391846602128,33.931956352928864,-1,1,20.0,20.0,92,74,10.058472144330743,61.71168737312382,11.8472982857441,216.44532092313443,0,3,0,5,0,134,0.0336247478143914,0.01891392064559516,205.0000000000001,162.0
F2_14.11,N15,N22,800.0,1,2400.0,2398.116890689702,21,86,21,35,1.8831093102978684,3998.116890689702,33.602090723943554,33.76352044069384,-1,-1,31.0,31.0,98,77,9.084599012415318,88.14396837205913,10.073706295876644,291.81112853242865,0,2,1,4,3,142,0.02001187825250503,0.018913920645595158,193.9999999999999,152.0
F4_15.3,N15,N22,800.0,1,2400.0,2399.478491203936,22,75,22,35,0.5215087960640403,3999.478491203936,33.85743457053217,33.356775618194355,-1,1,15.0,15.0,112,88,5.928964025472014,54.68259459379692,11.537165842353659,237.4543162003163,0,10,0,10,5,132,0.046234028244788165,0.01883440659509717,182.9999999999999,171.0
F3_13.7,N15,N22,800.0,1,2400.0,2391.204669600905,23,75,23,36,8.795330399094837,3991.204669600905,33.85743457053217,33.37726572968122,-1,1,12.0,12.0,113,87,6.541921325407944,28.112899719935967,15.092325419532665,238.84580949552299,0,10,0,11,6,134,0.0441324815063887,0.01786314727639543,185.0000000000001,171.0
F4_15.2,N15,N22,800.0,1,2400.0,2395.961449655624,22,75,22,35,4.038550344375608,3995.961449655624,33.85743457053217,33.356775618194355,-1,1,15.0,15.0,112,88,6.80136241289508,64.00913007167128,10.690532080449618,237.4543162003163,0,10,0,11,2,132,0.07565568258238063,0.01883440659509717,195.0000000000001,169.0
F3_14.10,N15,N22,800.0,1,2400.0,2399.6179778542755,25,73,25,36,0.382022145724477,3999.6179778542755,33.751835257232024,33.37726572968122,-1,1,7.0,7.0,113,89,5.9257790553035905,36.18111319378886,11.034720638768293,250.27968381368134,0,12,0,12,2,134,0.07565568258238063,0.017863147276395427,206.9999999999999,152.0
F3_14.6,N15,N22,800.0,1,2400.0,2388.375759874074,17,81,17,31,11.624240125926121,3988.375759874074,33.766429674362755,33.47565621892742,-1,1,40.0,40.0,99,68,11.908227032928112,119.03074266675526,13.414672713507125,206.75722687742953,0,1,0,6,1,129,0.0609448554135844,0.017950659068974983,210.0000000000001,190.0
F4_15.0,N15,N22,800.0,1,2400.0,2398.4440694663667,20,85,20,32,1.555930533633159,3998.4440694663667,33.21407818563444,33.55489920222938,1,-1,40.0,40.0,97,75,8.902686995020689,15.820355999131152,11.043136801840179,225.8604840403955,0,3,0,13,2,137,0.05758978093558608,0.01891392064559516,210.9999999999999,221.0
F3_14.11,N15,N22,800.0,1,2400.0,2391.1795378191473,24,85,24,37,8.820462180852587,3991.1795378191473,33.67137611951447,33.721963717169885,-1,1,32.0,32.0,104,119,7.077853230496097,19.150341118996266,11.764096015103878,248.5586023930785,0,8,0,9,0,146,0.0609448554135844,0.025218560860793545,146.0,156.0
F2_13.12,N15,N22,800.0,1,2400.0,2399.583987667679,25,85,25,42,0.4160123323207472,3999.583987667679,33.778184730087915,33.66178228023794,-1,-1,9.0,9.0,102,119,7.245058147635215,94.31273451650964,9.378661898073636,286.9690457424907,0,2,1,10,6,152,0.0672494956287828,0.01891392064559516,177.0000000000001,154.0
F6_15.0,N15,N22,800.0,1,2400.0,2399.197306333863,28,93,28,42,0.8026936661373156,3999.197306333863,33.59929234310196,33.81809848966479,-1,1,10.0,10.0,110,128,5.575724396879296,12.587921024092111,10.914512004682392,264.46156223280985,0,13,0,13,7,163,0.046234028244788165,0.01996469401479489,187.0,163.0
F3_14.12,N15,N22,800.0,1,2400.0,2389.5670984638978,27,86,27,38,10.432901536102122,3989.5670984638978,33.628893556985645,33.75464897001107,-1,1,22.0,22.0,104,124,6.608185776483211,50.512378759864305,11.74253835927836,257.544893620422,0,12,0,11,2,151,0.06304640215198387,0.02206624075319435,194.0,173.0
F2_13.14,N15,N22,800.0,1,2400.0,2393.007389123556,28,93,28,44,6.992610876444019,3993.007389123556,33.488654452777546,33.77753664034021,-1,-1,32.0,32.0,108,142,6.868353201562938,397.35432030340735,9.555973919247306,285.1848488577523,0,3,1,8,4,165,0.0672494956287828,0.021015467383994624,194.0,140.0
F2_15.17,N15,N22,800.0,1,2400.0,2389.672091036651,35,103,35,39,10.327908963348705,3989.672091036651,33.374842069505235,33.23986636137376,1,1,22.0,22.0,120,145,8.42552419881115,85.15145217014901,6.737733753608513,270.4947080698734,0,0,0,11,9,177,0.07355413584398117,0.030472427706792198,154.0,143.0
F3_11.9,N15,N22,800.0,1,2400.0,2394.2294491598664,34,103,34,37,5.770550840133751,3994.2294491598664,33.374842069505235,33.23986636137376,-1,1,23.0,23.0,119,145,6.589371598707277,24.19552138397603,12.359163701145828,289.61820847073506,0,11,0,15,1,174,0.06514794889038333,0.030472427706792198,138.0,158.0
F3_15.8,N15,N22,800.0,1,2400.0,2396.1040249913385,29,96,29,42,3.8959750086613667,3996.1040249913385,33.624222615987165,33.81809848966479,-1,1,5.0,5.0,113,130,7.265635478739679,47.71242613019058,10.455520049760988,262.87662344194104,0,13,0,16,3,167,0.06935104236718224,0.01996469401479489,208.0,170.0
F2_8.25,N15,N16,800.0,1,2400.0,2395.294953119115,16,16,261,31,4.7050468808851065,3995.294953119115,33.3531552270971,32.08492102799182,1,1,36.0,36.0,114,199,8.00894711325831,9.720921987940983,8.464715547723992,278.9758974046403,0,0,0,7,0,308,0.0441324815063887,0.028370880968392735,178.0,181.0
F2_14.15,N15,N22,800.0,1,2400.0,2393.8847227508645,32,101,32,29,6.115277249135488,3993.8847227508645,33.34887754763479,33.10960536177257,1,1,38.0,38.0,112,150,6.6373255234878945,8.667160881155269,7.577690073767966,294.0045668202237,0,0,0,13,8,162,0.07985877605917956,0.027320107599193007,178.0,208.0
F2_13.18,N15,N22,800.0,1,2400.0,2396.4881150708743,34,118,34,52,3.5118849291256993,3996.4881150708743,33.27237506077514,32.615240044790305,-1,-1,17.0,17.0,108,152,7.040213339974154,10.526447126594348,8.028538164068493,292.54982550771,0,5,0,17,14,204,0.07565568258238063,0.02837088096839274,173.0,168.0
F3_13.11,N15,N22,800.0,1,2400.0,2392.844453815094,32,113,32,49,7.155546184906029,3992.844453815094,33.22738284178015,33.057257128895515,1,-1,36.0,36.0,110,150,5.95293237800467,50.12745265461808,12.99131730565441,301.81452976988743,0,8,0,13,1,194,0.060684465062365654,0.026269334229993276,186.0,169.0
F2_19.19,N15,N22,800.0,1,2400.0,2389.686969817421,41,120,41,55,10.313030182579155,3989.686969817421,33.01586056730147,32.27111336028529,1,1,8.0,8.0,124,165,8.753382248280557,56.41479425676175,7.881422656077884,270.9835146902277,0,0,0,12,9,216,0.07355413584398117,0.04098016139878951,144.0,205.0
F2_12.15,N15,N22,800.0,1,2400.0,2393.2887498025657,43,124,43,55,6.711250197434538,3993.2887498025657,33.004894180225676,32.22106984690252,-1,-1,36.0,36.0,120,173,9.767845299268313,176.2557549891069,10.557127486055494,271.1483880851395,0,0,1,5,5,222,0.035726294552790853,0.04098016139878951,130.0,206.0
F2_11.24,N15,N22,800.0,1,2400.0,2399.4298782581413,37,124,37,55,0.5701217418586566,3999.4298782581413,33.23541476999238,32.52000157664503,-1,-1,5.0,5.0,111,162,5.749011883664394,61.785379702486125,9.599493343897334,313.2066343729715,0,10,0,12,10,216,0.05884330867518494,0.02942165433759247,184.0,210.0
F2_12.13,N15,N22,800.0,1,2400.0,2396.3425394467895,40,120,40,55,3.6574605532103988,3996.3425394467895,33.189471844083585,32.425142289134286,1,1,40.0,40.0,122,159,5.413277190015831,54.37135479498238,7.5298508473786345,331.7471835659752,0,11,0,19,15,215,0.08834335128604864,0.0304724277067922,175.0,216.0
F3_15.9,N15,N22,800.0,1,2400.0,2393.8507209141226,34,116,34,51,6.1492790858773105,3993.8507209141226,33.25467758074938,32.76324934184577,1,-1,27.0,27.0,112,147,9.063291559405668,92.8130755084569,11.256506991694234,254.10167726451047,0,0,0,9,2,201,0.054640215198386015,0.02837088096839274,188.0,229.0
F3_11.12,N15,N22,800.0,1,2400.0,2396.8785510748185,39,124,39,45,3.1214489251817668,3996.8785510748185,32.98015367228527,31.658557088308697,-1,1,32.0,32.0,118,176,11.481369213724298,41.57897986336707,14.545604674122908,210.8543736754992,0,2,0,7,0,208,0.054640215198386015,0.04308170813718898,149.0,167.0
F6_15.1,N15,N22,800.0,1,2400.0,2388.3454601745366,34,132,34,37,11.654539825463416,3988.3454601745366,33.08167859571989,31.21755246206135,1,-1,6.0,6.0,116,196,11.636449072034594,344.8143756283707,11.853741611930662,199.95152665716316,0,0,3,6,3,203,0.03282029497240532,0.04833557498318763,145.0,159.0
F3_11.11,N15,N22,800.0,1,2400.0,2396.4775078234925,41,121,41,44,3.522492176507285,3996.4775078234925,32.94096755705543,31.74212374672728,-1,1,18.0,18.0,120,181,10.140869157482257,174.70482019682208,12.749947084556425,221.78308977797954,0,4,0,7,0,206,0.05674176193678548,0.045183254875588434,193.0,174.0
F5_15.0,N15,N22,800.0,1,2400.0,2389.6307293990644,43,119,43,40,10.369270600935465,3989.6307293990644,33.116609617825226,31.621932692850358,1,-1,41.0,41.0,125,184,7.95923775249113,68.09211725419868,11.674522191418781,234.12431211981863,0,6,0,9,1,202,0.056233218186648434,0.04623402824478817,179.0,170.0
F3_13.13,N15,N22,800.0,1,2400.0,2389.512928828063,43,123,43,32,10.487071171936577,3989.512928828063,33.1202218949846,31.267764698937672,-1,1,24.0,24.0,126,214,8.924307083666525,80.13146717278619,12.023659659840764,230.92904266071127,0,3,0,8,0,198,0.054640215198386015,0.05569098856758574,137.0,163.0
F3_11.13,N15,N22,800.0,1,2400.0,2392.623814543762,49,115,49,33,7.376185456238318,3992.623814543762,33.19209380786838,31.21149043811251,-1,1,1.0,1.0,126,220,5.752358774665915,25.69391371574602,12.543409066259139,249.89132708953363,0,10,0,9,0,197,0.06304640215198387,0.0504371217215871,184.0,175.0
F5_15.1,N15,N22,800.0,1,2400.0,2391.1761414000616,55,111,55,44,8.823858599938262,3991.1761414000616,33.09589405405338,31.16383689516061,-1,1,29.0,29.0,131,233,7.538655283834772,501.377840629013,11.245207224734353,210.131208253817,0,2,0,3,3,210,0.03992938802958978,0.051304572047924296,140.0,163.0
F3_13.16,N15,N22,800.0,1,2400.0,2396.2295597312864,52,115,52,41,3.7704402687137417,3996.2295597312864,33.10114645176051,31.139603472617267,-1,1,34.0,34.0,126,232,11.687404594845425,39.52364706480148,13.850186841913589,208.554831149043,0,1,0,6,0,208,0.07205940664243513,0.05464021519838602,146.0,168.0
F3_11.16,N15,N22,800.0,1,2400.0,2390.466732031686,56,111,56,44,9.53326796831368,3990.466732031686,33.08110925315781,31.16383689516061,-1,1,28.0,28.0,131,236,9.481818948734318,12.052131889248358,10.186869848755137,211.58200998266014,0,2,0,8,1,211,0.07565568258238063,0.05046076714516534,149.0,169.0
F4_15.4,N15,N22,800.0,1,2400.0,2393.2299823733656,70,123,70,56,6.770017626634626,3993.2299823733656,33.06184843330838,31.344011740131776,-1,1,26.0,26.0,152,248,6.430418680868895,207.36247184693048,9.883539932848658,222.4749969511118,0,6,5,7,0,249,0.06066325924606433,0.0679650495187128,135.0,160.0
F5_15.3,N15,N22,800.0,1,2400.0,2388.4402427933946,78,122,78,57,11.559757206605127,3988.4402427933946,33.05332701524949,31.380931498282177,-1,1,19.0,19.0,166,245,7.433736155595346,23.237520972020093,11.088606127327608,228.43092338945866,0,8,0,11,1,257,0.0609448554135844,0.06647683524484925,214.0,154.0
F3_13.17,N15,N22,800.0,1,2400.0,2397.021246577971,73,123,73,57,2.978753422029172,3997.021246577971,33.06184843330838,31.34987170536202,-1,1,24.0,24.0,158,248,7.871929265079575,20.48049440325417,10.538836206433626,225.45491673496946,0,6,4,17,0,253,0.08196032279757902,0.06724949562878278,227.0,172.0
F3_15.15,N15,N22,800.0,1,2400.0,2390.606843870147,88,132,88,58,9.39315612985331,3990.606843870147,32.983335132451785,31.30079977938033,-1,1,37.0,37.0,208,253,9.286792099533693,45.55732855072415,12.422951312233785,216.66385562181512,0,3,0,12,3,278,0.05043712172158709,0.07355413584398118,204.0,194.99999999999977
F5_15.2,N15,N22,800.0,1,2400.0,2392.1605874869774,88,126,88,58,7.83941251302258,3992.1605874869774,32.971759412318754,31.292539032951638,-1,1,31.0,31.0,207,255,7.150970042608758,96.39699852339709,12.99008660150943,230.85692092214887,0,8,0,17,0,272,0.08616341627437794,0.07325550257144414,209.0,187.0
F3_14.20,N15,N22,800.0,1,2400.0,2388.422480660062,93,116,93,53,11.577519339938249,3988.422480660062,32.884228668703656,31.20697754251433,1,-1,4.0,4.0,216,258,5.106424839654955,392.27717235193904,12.781679970996425,223.60057847054821,0,1,14,12,3,262,0.05253866845998655,0.0945696032279758,161.0,171.0
F3_11.20,N15,N22,800.0,1,2400.0,2395.7241514068996,104,113,104,47,4.275848593100477,3995.7241514068996,32.86491167540739,31.212515386619824,-1,1,14.0,14.0,234,273,5.000933766931292,50.533879209273664,11.410970542069725,260.7796815455634,0,17,2,16,5,264,0.06304640215198387,0.09877269670477472,206.0,170.0
F3_11.19,N15,N22,800.0,1,2400.0,2394.236016317129,99,114,99,48,5.763983682870958,3994.236016317129,32.87401578380462,31.215522705480353,-1,1,21.0,21.0,228,275,4.623579287231701,13.132846902198025,11.334127698395172,251.7555553988466,0,13,5,15,4,261,0.05884330867518494,0.09659696367383991,211.0,173.0
F3_11.21,N15,N22,800.0,1,2400.0,2387.202512782435,100,110,100,50,12.797487217564935,3987.202512782435,32.59246027731312,31.243153711452553,1,-1,3.0,3.0,224,287,8.116637713156749,188.37685191178298,12.0805411754182,214.26963426589876,0,2,30,15,3,260,0.05888160393768315,0.1145342972427707,161.0,175.0
F3_15.16,N15,N22,800.0,1,2400.0,2393.3267640885606,101,110,101,52,6.673235911439519,3993.3267640885606,32.58121211539435,31.261626270113165,1,-1,0.0,0.0,225,286,8.100259998190879,15.20099514385629,12.452719127585947,219.69265770818316,0,4,30,17,5,263,0.05888160393768315,0.11554329925259815,225.99999999999977,187.0
F3_13.24,N15,N22,800.0,1,2400.0,2394.441676316995,96,106,96,50,5.558323683004801,3994.441676316995,32.492444570987544,31.276736445148803,-1,1,35.0,35.0,219,289,5.6928165744356365,122.45554555999206,13.122337528847444,231.06045040577413,0,5,22,14,6,252,0.05884330867518494,0.11456696030734417,226.0,241.0
F3_14.21,N15,N22,800.0,1,2400.0,2394.578756822574,97,104,97,46,5.421243177425595,3994.578756822574,32.47014505163606,31.274742116709625,-1,1,25.0,25.0,224,292,6.488681668477481,14.213657824497432,12.275236083630153,236.07379353086498,0,11,16,17,9,247,0.07145258910558171,0.11256078701136522,295.0,210.0
F4_15.5,N15,N22,800.0,1,2400.0,2393.3851717539287,99,107,99,46,6.614828246071397,3993.3851717539287,32.45699405074752,31.284121636582416,-1,1,18.0,18.0,218,297,6.6256427572075145,14.109446875498634,11.746012561722324,237.97361333933418,0,12,8,19,11,252,0.07985877605917956,0.11142307081695679,313.0,231.0
F3_14.22,N15,N22,800.0,1,2400.0,2399.4842918463382,122,125,122,38,0.5157081536618762,3999.4842918463382,32.2462904550301,31.15314459183213,1,-1,5.0,5.0,234,321,6.882194716533235,15.515759891022526,12.856217210171105,218.38644945879875,0,2,36,13,11,285,0.06938931411679207,0.13344821788836583,416.9999999999998,261.0
F5_15.6,N15,N22,800.0,1,2400.0,2389.3247697726824,121,125,121,39,10.67523022731757,3989.3247697726824,32.24636815296486,31.155244309716878,1,-1,6.0,6.0,233,322,6.981488436097636,167.63710701055265,12.157902130745532,216.67020407930065,0,2,35,12,10,285,0.07149086085519153,0.13344821788836583,417.0000000000002,277.0
F9_8.43,N15,N16,800.0,1,2400.0,2395.6128855406314,85,85,134,235,4.387114459368831,3995.6128855406314,30.219100599954302,23.49951349287658,1,1,40.0,40.0,348,307,6.468287134397001,7.568261258885968,6.995674728807122,313.92086639038035,0,1,4,17,7,454,0.08686515217208474,0.05274848033229632,190.0,174.0
F9_8.40,N15,N16,800.0,1,2400.0,2394.242166260571,81,81,134,232,5.757833739428747,3994.242166260571,30.282670057004474,23.504615610677774,-1,-1,4.0,4.0,337,299,6.098341113937932,8.200333340973657,6.751889461167589,325.00006175151486,0,5,8,16,6,447,0.08406186953597848,0.051926211031978586,203.0,176.0
F9_8.45,N15,N16,800.0,1,2400.0,2398.2661033626346,78,78,131,222,1.733896637365433,3998.2661033626346,29.713778458123382,22.80748176298622,-1,-1,19.0,19.0,339,306,5.9044855392458295,8.727517590651587,7.805379772847474,347.4630071470824,0,8,10,20,8,431,0.08616341627437794,0.05569098856758574,207.0,183.0
F9_5.37,N15,N16,800.0,1,2400.0,2393.122111825106,87,87,131,231,6.877888174893769,3993.122111825106,30.01583549251094,23.35896768667551,1,1,13.0,13.0,343,305,7.37631386544738,47.15253994649447,7.272818289023377,301.02508214206165,0,0,5,16,6,449,0.09246805648957633,0.05571011494009241,244.0,192.0
F9_5.42,N15,N16,800.0,1,2400.0,2398.448383152151,85,85,130,229,1.5516168478491181,3998.448383152151,29.25000085940252,22.837949894288723,1,1,22.0,22.0,366,323,7.2572112932354385,13.842327528145688,7.515842611107247,302.7584428684936,0,0,7,16,7,444,0.09246805648957633,0.05571011689443174,188.0,176.0
F3_11.22,N15,N22,800.0,1,2400.0,2393.5084988114286,122,125,122,50,6.491501188571192,3993.5084988114286,32.110476993568135,31.131459489415395,-1,1,19.0,19.0,234,336,4.168461133439798,16.265443431016365,11.343314787864761,241.50306227413216,0,12,39,15,14,297,0.0945696032279758,0.1408227616337723,465.0000000000002,361.0
F3_11.24,N15,N22,800.0,1,2400.0,2395.886888353795,123,121,123,50,4.113111646205198,3995.886888353795,32.06448340134581,31.14542875263119,-1,1,14.0,14.0,232,334,5.027413494677154,12.426159111699008,10.437444249537037,246.20772903788944,0,12,42,17,16,294,0.09667114996637526,0.14357372247277622,468.0000000000002,356.0
F3_15.18,N15,N22,800.0,1,2400.0,2390.0611056645735,124,121,124,51,9.938894335426653,3990.0611056645735,32.0391936476162,31.166418307883557,-1,1,8.0,8.0,236,336,4.656854350837822,51.61157691441258,10.658277007142946,253.70370711401478,0,14,45,18,17,296,0.09877269670477472,0.14502585511057123,462.9999999999998,363.0
F3_15.17,N15,N22,800.0,1,2400.0,2396.8154238998977,123,122,123,50,3.1845761001022765,3996.8154238998977,32.0909508861718,31.129722991475802,-1,1,16.0,16.0,234,334,4.765388038858208,29.98038012844404,12.004167105747923,240.20630248072112,0,11,40,16,15,295,0.0945696032279758,0.14292430837217177,468.0,366.0
F2_15.0,N15,N22,800.0,1,2400.0,1612.0289109956366,1,44,1,0,787.9710890043633,3212.0289109956366,0.0,0.0,1,-1,8.0,8.0,5,9,13.038061607082545,200.0,13.038061607082545,194.29421811828783,0,0,0,0,0,45,0.0336247478143914,0.0,83.0,177.0
F2_10.0,N15,N16,800.0,1,2400.0,2001.586456961982,2,2,30,1,398.413543038018,3601.586456961982,0.0,0.0,0,0,2.0,2.0,5,2,13.60469607691005,200.0,13.60469607691005,195.28563900101912,0,0,0,0,0,33,0.031523201075991936,0.0,138.0,159.0
F2_18.0,N15,N16,800.0,1,2400.0,1715.5797375417287,2,2,30,1,684.4202624582714,3315.5797375417287,0.0,0.0,0,0,1.0,1.0,5,2,12.910584548840596,200.0,12.910584548840596,196.59713050138168,0,0,0,0,0,33,0.02101546738399462,0.0,137.0,158.0
F2_17.0,N15,N22,800.0,-1,2400.0,1034.9244570713697,8,82,8,2,234.89779281249469,2634.92445707137,37.95726938856381,39.40115183703529,-2,1,25.0,25.0,61,47,9.674865790041535,1461.9982224142236,9.674865790041535,263.12587284194814,0,0,0,1,0,92,0.006304640215198386,0.003152320107599193,25.0,150.0
F7_5.0,N15,N16,800.0,-1,2400.0,844.7770762501193,26,26,25,56,44.754818767775646,2444.7770762501195,38.08347428445457,38.447012188519786,-2,-1,23.0,23.0,60,31,9.556005885918836,124.13528615468056,8.639841209677034,275.38605979439484,0,0,0,3,3,107,0.027320107599193007,0.01786314727639543,6.0,176.0
F2_10.1,N15,N16,800.0,-1,2400.0,1031.033168117364,26,26,25,57,231.00662993479125,2631.033168117364,38.156820896783444,38.15786652522336,-2,-1,19.0,19.0,59,32,9.131942303363369,212.4432015976289,8.515565100080243,275.1606519193165,0,0,0,4,4,108,0.02942165433759247,0.01891392064559516,27.0,158.0
F2_12.0,N15,N16,800.0,1,2400.0,2388.1296759289135,8,8,19,22,11.87032407108643,3988.1296759289135,0.0,0.0,1,1,34.0,34.0,19,11,13.752717347504499,110.45125879026091,13.752717347504499,194.69755649229327,0,0,0,1,0,49,0.037827841291190316,0.0021015467383994624,183.0,162.0
F2_12.1,N15,N16,800.0,1,2400.0,1713.9471920350425,16,16,22,37,686.0528079649578,3313.9471920350425,42.043795620437955,44.307692307692314,-1,-1,19.0,19.0,38,26,8.356915732330046,32.063759790366475,12.31481683815539,207.9808554382323,0,3,0,3,3,75,0.046234028244788165,0.005253866845998656,130.0,165.0
F2_10.2,N15,N16,800.0,-1,2400.0,1504.3875001158794,26,26,24,53,704.262096720584,3104.3875001158794,40.20113919981711,44.307692307692314,-2,1,22.0,22.0,56,31,9.10544296831351,44.57006571776205,9.07874189797265,269.8461856485511,0,0,0,5,5,103,0.014710827168796235,0.012609280430396773,87.0,166.0
F7_8.1,N15,N16,800.0,-1,2400.0,1020.8490441669521,28,28,33,53,220.82282680888648,2620.849044166952,36.344354241415125,36.97758429129349,-2,1,16.0,16.0,60,37,8.635820115433665,52.173237504766576,9.866360971580326,273.0301593810643,0,0,0,13,11,114,0.0441324815063887,0.027320107599193007,26.0,195.0
F7_8.3,N15,N16,800.0,1,2400.0,2392.2397053460463,19,19,21,40,7.760294653953451,3992.2397053460463,41.94224055855284,44.307692307692314,1,-1,3.0,3.0,40,28,10.905559516288555,137.50229800425018,10.762294104811595,230.62812675575412,0,0,0,4,3,80,0.031523201075991936,0.005253866845998656,162.99999999999994,184.0
F2_12.2,N15,N16,800.0,-1,2400.0,1575.6036742303445,26,26,25,55,775.1311973606391,3175.6036742303445,39.60097645698609,38.15384615384616,-2,1,14.0,14.0,59,30,8.77390568638473,56.17016495058483,8.662204240749219,276.9534673456289,0,0,0,9,9,106,0.02101546738399462,0.014710827168796235,95.0,214.0
F7_4.0,N15,N16,800.0,1,2400.0,2392.552193363642,17,17,21,37,7.447806636357996,3992.552193363642,41.891463027610286,44.307692307692314,1,-1,17.0,17.0,38,26,11.674804411251387,47.25956745162671,11.208614814424276,230.29382624931154,0,0,0,4,2,75,0.0336247478143914,0.005253866845998656,174.00000000000006,185.0
F2_19.1,N15,N16,800.0,1,2400.0,2392.37210971633,19,19,22,45,7.627890283669672,3992.37210971633,38.2239757354327,44.307692307692314,1,1,41.0,41.0,42,29,5.614897667660055,32.60416084257031,12.131127347804235,246.32421403855295,0,11,0,12,1,86,0.06911585056569118,0.005253866845998656,187.99999999999994,157.0
F2_18.1,N15,N16,800.0,1,2400.0,2396.910047456539,13,13,24,29,3.089952543461095,3996.910047456539,42.043795620437955,0.0,1,1,3.0,3.0,32,17,12.217355364770372,95.30649478206078,11.862847509860433,195.2224821468218,0,0,0,11,4,66,0.05884330867518494,0.0021015467383994624,176.99999999999994,210.0
F2_8.0,N15,N16,800.0,1,2400.0,1611.512809997837,26,26,25,56,788.4871900021632,3211.512809997837,38.08347428445457,38.15786652522336,-1,-1,22.0,22.0,60,32,0.0,328.2318972626283,8.580083161920577,218.93270656920393,0,5,0,0,0,107,0.0441324815063887,0.01786314727639543,117.0,172.0
F2_19.0,N15,N16,800.0,1,2400.0,1641.4361814066547,31,31,30,55,758.5638185933453,3241.4361814066547,37.64214285041295,37.73336703138699,1,1,38.0,38.0,60,37,2.4232753860798204,0.725900494560392,0.7248462573623617,270.1853318790706,0,13,0,3,3,116,0.0578628413826035,0.01891392064559516,103.0,160.0
F2_10.5,N15,N16,800.0,1,2400.0,2048.564082749798,26,26,27,57,351.43591725020156,3648.564082749798,38.15741220798116,39.31760171176229,1,1,1.0,1.0,57,31,10.223218316565417,91.70517116395695,12.364041956400797,202.7236531001043,0,0,0,6,5,110,0.03992938802958978,0.014710827168796235,162.0,159.0
F2_19.4,N15,N16,800.0,1,2400.0,1663.928752926407,26,26,25,57,736.071247073593,3263.928752926407,37.79455224126979,37.73336703138699,-1,-1,4.0,4.0,56,33,0.0,0.0013159166537661804,0.0,275.5485369574553,0,16,0,7,7,108,0.05884330867518494,0.01891392064559516,122.0,158.0
F2_10.7,N15,N16,800.0,1,2400.0,2279.8786280662293,26,26,27,57,120.12137193377066,3879.8786280662293,38.15741220798116,39.31760171176229,1,1,3.0,3.0,57,30,11.618299979813784,54.18780474512096,13.023662769151553,201.0415815474317,0,0,0,10,4,110,0.054640215198386015,0.014710827168796235,176.0,153.0
F2_16.4,N15,N22,800.0,-1,2400.0,1431.0044080126704,10,116,10,4,630.9962603133617,3031.0044080126704,35.951856515039495,38.576067913927076,-2,1,41.0,41.0,58,46,8.219630982178264,17.218553979363463,8.219630982178264,278.23106704171516,0,0,0,1,1,130,0.004203093476798925,0.009360347612670909,74.0,188.0
F2_16.0,N15,N22,800.0,-1,2400.0,985.9414505296893,10,101,10,2,185.91624019620008,2585.941450529689,37.00791436060993,38.68749103310174,-2,-1,25.0,25.0,64,34,4.672884117668513,375.5739822858636,9.345768235337026,361.0766323060745,0,1,1,2,1,113,0.00840618695359785,0.004203093476798925,27.0,250.0
F2_16.3,N15,N22,800.0,-1,2400.0,1486.895919418836,10,114,10,4,686.7890792776964,3086.895919418836,35.951856515039495,38.576067913927076,-2,-1,1.0,1.0,58,43,7.0475285960158764,50.574132160717724,7.691347817349211,312.10903156160623,0,1,1,6,5,128,0.014710827168796235,0.00945696032279758,91.0,185.0
F7_4.1,N15,N16,800.0,1,2400.0,2188.582001482724,29,29,27,55,211.41799851727615,3788.582001482724,37.64214285041295,37.73336703138699,-1,1,41.0,41.0,58,36,8.136451360424234,24.699424896341725,11.639833450070338,272.87072633949685,0,1,0,4,2,111,0.02101546738399462,0.01891392064559516,150.0,186.0
F7_8.2,N15,N16,800.0,1,2400.0,1956.3792535656066,27,27,26,54,443.62074643439314,3556.3792535656066,38.15741220798116,38.03549740773693,1,-1,33.0,33.0,61,31,10.293227389003652,34.30309587770398,9.361261028814122,233.99386424804152,0,0,0,3,2,107,0.027320107599193007,0.016812373907195696,186.0,185.0
F2_12.4,N15,N16,800.0,1,2400.0,1728.7260741688483,26,26,32,54,671.2739258311516,3328.7260741688483,35.951856515039495,34.89777657419498,-1,-1,39.0,39.0,58,37,13.4856263061535,15.69898933655395,13.4856263061535,194.16434242066867,0,0,0,1,1,112,0.03992938802958978,0.02942165433759247,128.0,183.0
F2_17.2,N15,N16,800.0,1,2400.0,2398.6420714940978,31,31,30,53,1.3579285059020094,3998.6420714940978,37.35714269153879,37.73336703138699,1,1,36.0,36.0,60,37,4.430548718977437,32.786195144850126,12.535743707117065,261.8210667039669,0,9,0,12,1,114,0.07355413584398117,0.019964694014794893,186.0,158.0
F2_8.1,N15,N16,800.0,1,2400.0,1946.9326209064461,27,27,35,56,453.0673790935537,3546.932620906446,36.15429173920458,35.70398002152073,1,1,2.0,2.0,60,36,13.175803403879664,120.56017384233314,13.175803403879664,195.29853040842178,0,0,0,1,0,118,0.054640215198386015,0.02942165433759247,156.0,166.0
F7_5.2,N15,N16,800.0,1,2400.0,1669.8774399100148,31,31,31,50,730.1225600899853,3269.877439910015,37.26530377933784,37.73336703138699,-1,1,30.0,30.0,62,37,0.0,50.81137257189175,0.0,328.30130480380654,0,4,0,1,1,112,0.023117014122394083,0.022066240753194355,154.0,198.0
F2_18.6,N15,N22,800.0,1,2400.0,2392.002625612483,13,113,13,11,7.997374387517198,3992.002625612483,35.69951694313084,37.93547734381451,1,-1,36.0,36.0,63,52,9.819468500109103,30.292821496323313,10.335343782165387,222.29996991569277,0,1,0,15,4,137,0.09246805648957633,0.00945696032279758,180.0,149.0000000000001
F7_8.4,N15,N16,800.0,1,2400.0,2392.705802379667,29,29,27,55,7.294197620332625,3992.705802379667,37.64214285041295,37.73336703138699,-1,1,41.0,41.0,58,36,9.05406597848958,87.36870361506453,10.457552173932791,272.87072633949685,0,1,0,6,3,111,0.02101546738399462,0.01891392064559516,192.0,228.9999999999999
F0_8.0,N15,N16,800.0,1,2400.0,2394.3394270263752,32,32,31,52,5.660572973624539,3994.3394270263752,37.49689953706873,37.73336703138699,1,1,32.0,32.0,60,37,6.401211175701463,39.97114548253876,13.25196623406999,239.50225484005017,0,3,0,11,2,115,0.06935104236718224,0.021015467383994624,204.0,212.0000000000001
F7_8.5,N15,N16,800.0,1,2400.0,2387.263463452836,23,23,25,51,12.736536547164292,3987.263463452836,34.94668892617505,35.173314101428765,-1,1,1.0,1.0,61,70,3.4687741316312555,563.3250918126657,6.937548263262511,241.94008886129464,0,1,0,2,2,99,0.025218560860793545,0.03992938802958978,191.0,131.0
F7_5.3,N15,N16,800.0,1,2400.0,2009.641481162368,26,26,32,54,390.3585188376319,3609.641481162368,35.951856515039495,34.89777657419498,1,-1,39.0,39.0,58,37,8.12666754881632,55.26353971160643,10.045025053786398,328.8838982196338,0,2,0,3,3,112,0.023117014122394083,0.02942165433759247,207.0,198.0000000000001
F2_8.4,N15,N16,800.0,1,2400.0,2396.3047104813954,25,25,16,70,3.695289518604568,3996.3047104813954,34.70510156561879,34.954361782395424,-1,-1,0.0,0.0,55,97,7.260877395337129,83.96283089072062,12.854039792066107,232.0936770611281,0,10,2,13,1,111,0.09877269670477472,0.04203093476798924,194.0,156.9999999999999
F7_8.7,N15,N16,800.0,1,2400.0,2390.9573209514797,26,26,26,79,9.042679048520199,3990.9573209514797,34.85651764638136,35.457697557323556,1,-1,11.0,11.0,70,116,12.643606389011078,16.620768524438063,12.643606389011078,224.93319979345898,0,0,4,1,0,131,0.006304640215198386,0.04518325487558844,150.0,143.0
F2_11.6,N15,N22,800.0,1,2400.0,2395.824588362277,13,143,13,15,4.175411637722732,3995.824588362277,34.70510156561879,37.63703794887219,1,-1,41.0,41.0,56,81,7.355368252495809,405.1842137575429,11.516575385238419,225.76192320999058,0,8,0,12,4,171,0.07719906389891733,0.011558507061197041,183.0,197.9999999999999
F7_5.4,N15,N16,800.0,1,2400.0,2392.8950216095154,26,26,30,56,7.104978390484575,3992.8950216095154,35.70950959151479,34.898211740921745,1,-1,33.0,33.0,60,38,10.098970252282845,428.4794548769712,9.238501005240275,263.405579069299,0,0,0,3,3,112,0.02101546738399462,0.03152320107599193,241.0,228.0
F2_13.5,N15,N22,800.0,1,2400.0,2398.6904534344426,14,150,14,15,1.3095465655575254,3998.6904534344426,34.86930358774705,37.74396612158011,1,-1,33.0,33.0,56,81,6.411924794762574,101.11974215329428,13.43902403206885,226.40483136132258,0,0,0,12,4,179,0.07985877605917956,0.012609280430396773,190.0,187.0
F2_8.3,N15,N16,800.0,1,2400.0,2393.7766061280417,26,26,18,73,6.223393871958024,3993.7766061280417,34.86930358774705,35.24615142449063,1,1,34.0,34.0,55,96,9.518550897923244,92.9084269805976,13.29110399534408,225.65042784207353,0,0,0,10,2,117,0.08774106376624015,0.040038571744363594,202.0,222.0
F2_19.8,N15,N22,800.0,1,2400.0,2396.951475964703,21,179,21,14,3.0485240352967367,3996.951475964703,34.93362484042274,37.04606651653647,-1,1,3.0,3.0,77,109,7.307399969802406,23.848128110586003,12.958549116778935,223.0897934557335,0,9,0,13,5,214,0.08616341627437794,0.018913920645595158,190.0,212.0
F2_12.6,N15,N16,800.0,1,2400.0,2398.1186763244573,24,24,24,64,1.8813236755426033,3998.1186763244573,34.756138527770595,35.65262000551481,-1,-1,41.0,41.0,59,97,12.004460018332821,37.63774696880114,12.070532606956812,202.87440747967054,0,0,0,12,3,112,0.08406186953597848,0.040980161398789516,207.0,206.0
F2_10.12,N15,N16,800.0,1,2400.0,2389.5939152617566,32,32,29,79,10.40608473824318,3989.5939152617566,34.60093895416105,34.860617182774284,1,1,4.0,4.0,98,129,11.24029149717132,45.26352303167164,12.748610689089746,201.56243715497627,0,0,0,18,4,140,0.09246805648957633,0.037827841291190316,253.9999999999999,182.0
F2_19.10,N15,N22,800.0,1,2400.0,2396.335641452304,31,207,31,24,3.664358547695997,3996.335641452304,34.68767822906767,35.845185350617875,1,-1,19.0,19.0,111,120,5.176027482199036,185.59779049741633,13.97419783721485,245.99688440461978,0,2,1,25,11,262,0.08196032279757902,0.02798841223801761,176.0000000000001,208.0
F7_6.4,N15,N16,800.0,1,2400.0,2396.8762349086114,30,30,32,85,3.1237650913884636,3996.8762349086114,34.7890204763009,34.22423842805389,1,-1,27.0,27.0,119,145,11.454075664738815,74.6713607405095,12.057470424665013,221.35646596229265,0,0,2,4,2,147,0.02942165433759247,0.04308170813718897,169.0000000000001,198.0
F2_13.12,N15,N22,800.0,1,2400.0,2390.345355036571,32,233,32,43,9.65464496342861,3990.345355036571,34.640178919423015,34.7857227661552,1,-1,19.0,19.0,124,137,4.1825919179325535,15.384862124760048,12.85486974968912,256.9433062608118,0,0,1,17,6,308,0.06939669899709479,0.03887861466039005,182.0,189.0
F2_18.13,N15,N16,800.0,1,2400.0,2315.97986444095,32,32,29,82,84.02013555904955,3915.97986444095,34.432853402098665,35.00851094120936,-1,-1,33.0,33.0,103,135,9.836778379192872,14.462469075642275,11.34378582495268,212.24010232683315,0,1,0,21,10,143,0.0777572293207801,0.04190777263592916,327.9999999999999,171.0
F2_14.12,N15,N22,800.0,1,2400.0,2395.861156287376,30,236,30,43,4.138843712623952,3995.861156287376,34.623218838347206,34.83735031208739,1,-1,23.0,23.0,123,134,2.5235617918605016,64.81667149662803,12.574823847501353,274.7557796505991,0,5,1,16,5,309,0.07355413584398117,0.037827841291190316,200.9999999999999,176.0
F2_10.14,N15,N22,800.0,1,2400.0,2390.456698075418,28,220,28,51,9.543301924581783,3990.456698075418,34.57073937607691,34.780525429050655,0,-1,0.0,0.0,127,143,10.03539028401995,66.11909216180356,14.959028211325707,255.17927482510535,0,8,5,14,8,299,0.0672494956287828,0.045183254875588434,181.0,182.0
F2_14.15,N15,N22,800.0,1,2400.0,2394.782214097742,33,226,33,66,5.217785902258015,3994.782214097742,33.90650026788315,34.19162706396482,1,-1,19.0,19.0,139,150,9.912469461854233,13.582679811016988,11.644735113790377,249.92017209046597,0,3,6,16,13,325,0.08196032279757902,0.04623402824478817,197.0,160.0
F7_15.9,N15,N22,800.0,1,2400.0,2388.5981220385606,38,215,38,73,11.401877961439254,3988.5981220385606,34.11441090500067,33.80199246590387,1,1,0.0,0.0,142,174,10.301797457150997,87.12135075180458,10.609344290212437,233.63027434462145,0,0,0,4,2,326,0.02942165433759247,0.04098016139878951,171.0,149.0
F2_18.19,N15,N22,800.0,1,2400.0,2389.6562028385824,30,228,30,63,10.343797161417456,3989.6562028385824,34.1272854460968,34.40250670093571,1,-1,31.0,31.0,142,149,5.727229344797343,12.043085028043834,10.96907734041657,294.98470302300956,0,16,3,17,12,321,0.0882649630127774,0.04203093476798924,193.0,200.0
F2_16.17,N15,N22,800.0,1,2400.0,2394.5980824029384,26,231,26,62,5.401917597061697,3994.5980824029384,34.1272854460968,34.404700523247335,1,-1,35.0,35.0,136,148,3.9628483614942707,12.726050885001541,11.358886265181827,307.46627141369237,0,19,1,17,11,319,0.09152289960316526,0.04098016139878951,196.0,203.0
F7_4.7,N15,N16,800.0,1,2400.0,2398.6920403793747,25,25,22,68,1.3079596206251836,3998.6920403793747,34.11441090500067,33.0056100201502,1,-1,12.0,12.0,128,214,8.330971327224724,13.222233338129627,11.249226641200252,234.8299410657218,0,0,4,4,0,115,0.037306993953449934,0.036777067921990585,165.0,190.0
F2_16.20,N15,N22,800.0,1,2400.0,2394.7080949177857,39,214,39,73,5.291905082214271,3994.7080949177857,34.11441090500067,33.80199246590387,-1,0,2.0,2.0,146,175,1.3274451936726517,14.019420832927153,11.931998404809162,315.2494828736389,0,24,0,18,3,326,0.07145258910558171,0.04098016139878951,188.0,237.0
F7_6.6,N15,N16,800.0,1,2400.0,2391.3355820899196,28,28,29,61,8.664417910080601,3991.3355820899196,33.634049825311216,32.54920390123694,1,-1,4.0,4.0,156,232,10.95454341303982,12.742401550140585,10.95454341303982,236.81231029690318,0,0,1,1,1,118,0.037827841291190316,0.03887861466039005,171.0,147.0
F2_16.19,N15,N22,800.0,1,2400.0,2398.3392707410735,40,216,40,73,1.660729258926608,3998.3392707410735,34.10258739128414,33.77359244609689,-1,0,1.0,1.0,146,176,3.6234482618784005,11.865197131489367,10.818956144221643,312.19935942076785,0,25,0,21,13,329,0.10087424344317418,0.04098016139878951,203.0,227.0
F2_12.16,N15,N22,800.0,1,2400.0,2397.439776351914,49,208,49,81,2.56022364808598,3997.439776351914,33.720645913725214,33.352312785194094,1,-1,8.0,8.0,155,184,8.63279156048853,31.914687002977644,11.667930497256016,218.9763966690504,0,0,5,19,10,338,0.06514794889038333,0.054640215198386015,182.0,287.0
F7_4.8,N15,N16,800.0,1,2400.0,2394.660444116941,29,29,29,57,5.339555883059006,3994.660444116941,33.62058385292797,31.995253724098248,-1,1,24.0,24.0,179,229,8.990037772510862,11.176905509259768,9.173247875228446,237.88612323302914,0,3,0,15,5,115,0.07985877605917956,0.037827841291190316,248.0,165.0
F2_11.17,N15,N22,800.0,1,2400.0,2395.8538358594797,74,196,74,118,4.1461641405201135,3995.8538358594797,32.97523641145539,31.748651109956597,1,-1,11.0,11.0,183,211,11.54570693414257,14.998490112681111,12.654499277932494,225.7630102614055,0,6,8,17,17,388,0.0945696032279758,0.07805941901353927,199.0,177.0
F7_4.11,N15,N16,800.0,1,2400.0,2391.392475128854,30,30,32,47,8.607524871146097,3991.392475128854,33.064940356851416,31.568277324117744,-1,1,40.0,40.0,176,205,9.949679325275836,23.370216607679595,10.374217164385644,230.6580599491039,0,1,0,6,3,109,0.046234028244788165,0.034848165927715766,232.0,191.0
F7_5.12,N15,N16,800.0,1,2400.0,2397.124216116118,28,28,32,33,2.87578388388215,3997.124216116118,32.811515659663385,31.403327502696314,1,-1,3.0,3.0,217,206,6.820630355998519,93.39470742192862,10.274506480566734,239.8292393051012,0,2,5,9,5,93,0.05255033879499169,0.037827841291190316,184.0,171.0
F7_15.13,N15,N22,800.0,1,2400.0,2398.1628056495188,91,217,91,115,1.8371943504813544,3998.1628056495188,32.811515659663385,31.50581641278244,1,1,5.0,5.0,212,250,9.424876836534885,13.461069869734956,10.864832821681679,238.7215944704874,0,1,0,18,15,423,0.08196032279757902,0.07880800268997983,177.0,198.0
F2_15.15,N15,N22,800.0,1,2400.0,2387.131091765124,76,197,76,118,12.86890823487613,3987.131091765124,32.93873510150575,31.71365449803274,1,-1,10.0,10.0,184,208,6.590100793462305,105.39645291666034,10.676185141925142,222.62548543929444,0,5,8,19,9,391,0.08611514524043425,0.07881103142836787,251.0,192.0
F2_11.21,N15,N22,800.0,1,2400.0,2183.3148767970006,90,197,90,123,216.68512320299965,3783.3148767970006,32.46414652421195,31.097181741635104,0,-1,2.0,2.0,227,236,9.643654128427627,18.704016134657195,12.464250456545914,242.681387357999,0,5,5,17,13,410,0.07985877605917956,0.10192501681237391,188.0,160.0
F7_18.17,N15,N16,800.0,1,2400.0,2396.9811869522277,42,42,32,14,3.0188130477722552,3996.9811869522277,32.38780361311754,31.127769969618452,0,-1,2.0,2.0,232,211,8.144695643924951,14.215281549757037,10.167966230889917,228.99939731139398,0,0,6,4,3,88,0.04203093476798924,0.04203093476798924,171.0,178.0
F7_12.23,N15,N16,800.0,1,2400.0,2394.0038940573354,48,48,37,10,5.9961059426647125,3994.0038940573354,32.32045419115588,31.02798889997998,-1,1,29.0,29.0,245,215,7.065372138846571,37.972956995048435,10.556331988410145,256.59365543209543,0,9,0,21,7,95,0.0953226809715083,0.035726294552790853,169.0,174.0
F7_15.17,N15,N22,800.0,1,2400.0,2389.6686918250243,90,203,90,128,10.331308174975675,3989.6686918250243,32.38232784231638,30.76417658170428,-1,-1,38.0,38.0,236,254,8.841646104153359,13.376589219159996,10.736092941196578,245.64059517877217,0,5,3,18,13,421,0.08406186953597848,0.10717888365837258,161.0,212.0
F2_15.14,N15,N22,800.0,1,2400.0,2395.941941233848,87,213,87,115,4.05805876615193,3995.941941233848,32.88426488093225,31.610485590715495,-1,1,24.0,24.0,206,228,7.557780273701028,54.845412894370156,10.477214167750759,250.36259246146838,0,16,0,24,23,415,0.10087424344317418,0.08215442859306152,257.0,231.0
F2_18.20,N15,N22,800.0,1,2400.0,2396.6627385123315,52,226,52,95,3.3372614876684565,3996.6627385123315,33.634049825311216,33.025763918823905,-1,1,2.0,2.0,159,195,4.993615726900606,211.8674331346067,12.620493487083504,284.47344261516207,0,24,0,23,12,373,0.1050773369199731,0.052557854587723184,197.0,471.0
F2_11.15,N15,N22,800.0,1,2400.0,2392.8047900082156,71,200,71,119,7.195209991784623,3992.8047900082156,33.041221998528215,31.93859560517275,1,-1,26.0,26.0,183,209,4.427503072776784,14.361083753657567,13.055285958077908,244.31200247861165,0,8,6,21,11,390,0.08620167132886407,0.06830026899798251,385.0,178.0
F7_19.14,N15,N16,800.0,1,2400.0,2398.698497749968,49,49,35,11,1.3015022500323994,3998.698497749968,32.00836090839459,31.077821157146733,1,-1,14.0,14.0,231,209,5.748050424815571,687.6706899583535,10.903113840458392,241.56402223685427,0,0,1,6,4,95,0.05884330867518494,0.03887861466039005,168.0,195.00000000000023
F7_19.13,N15,N16,800.0,1,2400.0,2394.366095401329,49,49,34,13,5.633904598670938,3994.366095401329,31.980700453244822,31.084904111406146,1,-1,5.0,5.0,228,206,9.945428576102051,39.07788961273559,11.021657297759214,233.77236773919378,0,0,1,11,5,96,0.08616341627437794,0.04413248150638871,178.0,178.0
F2_12.17,N15,N16,800.0,1,2400.0,2397.9022424332934,25,25,33,56,2.0977575667063775,3997.9022424332934,33.13031634310913,31.770516767248843,-1,-1,30.0,30.0,173,212,4.078886572994202,259.5912113632064,12.121626045315827,260.85806329932194,0,15,2,15,9,114,0.0777572293207801,0.0336247478143914,451.0,208.99999999999977
F2_11.23,N15,N22,800.0,1,2400.0,2392.6133695484477,87,192,87,132,7.386630451552378,3992.6133695484477,32.299053589716806,30.585760756482838,1,-1,25.0,25.0,251,261,2.4392522648550483,34.33964300753246,11.103383109552594,336.0596436997509,0,24,11,29,11,411,0.08830323578049358,0.11348352387357094,203.0,253.0
F2_14.22,N15,N22,800.0,1,2400.0,2397.7267596387583,71,160,71,144,2.2732403612419603,3997.7267596387583,31.837711541490474,30.062820356114166,1,-1,12.0,12.0,235,277,2.1774377809749943,13.742499148394245,12.36447031644378,290.2026522047097,0,17,18,34,7,375,0.10928043039677203,0.1387020847343645,168.0,201.0
F2_12.18,N15,N22,800.0,1,2400.0,2397.6605017750326,60,220,60,99,2.339498224967656,3997.6605017750326,33.41469276266782,32.39460238111262,1,-1,13.0,13.0,182,190,9.722916427579126,97.47352382205395,11.254871172958314,255.80607903640956,0,10,7,12,7,379,0.09676222960056954,0.058632920882066876,188.0,559.9999999999998
F2_19.20,N15,N16,800.0,1,2400.0,2394.287112581575,34,34,35,22,5.712887418424884,3994.287112581575,32.67741967993453,31.129613212220733,1,1,22.0,22.0,234,202,3.5250738335896434,13.353204003061364,11.515816284023934,281.88639852851384,0,11,0,29,12,91,0.09877269670477472,0.030584551941503092,368.0,228.99999999999977
F2_16.23,N15,N16,800.0,1,2400.0,2389.039541990085,33,33,34,22,10.960458009914987,3989.039541990085,32.67741967993453,31.128937828189784,1,1,24.0,24.0,232,202,7.933389939312077,37.47820211821522,10.876227118806913,279.32846900280316,0,15,0,23,1,89,0.09246805648957633,0.031523201075991936,383.0,216.0
F2_15.21,N15,N22,800.0,1,2400.0,2399.4778344496235,60,171,60,141,0.5221655503762577,3999.4778344496235,31.639600637064962,29.763959500676133,-1,1,1.0,1.0,239,313,2.0106537535269724,17.934238120802775,9.70218534765914,299.028956640209,0,30,13,33,0,372,0.11768661735036988,0.14290517821116341,188.0,206.99999999999977
F7_5.16,N15,N16,800.0,1,2400.0,2391.166024422699,87,87,57,10,8.833975577300862,3991.166024422699,31.376999427562748,30.824141663983326,-1,1,35.0,35.0,263,174,9.71521862920508,11.238163560989051,9.816748351712214,243.96341883736423,0,2,0,8,7,154,0.07139617848855852,0.05358944182918628,223.0,138.0
F7_8.18,N15,N16,800.0,1,2400.0,2398.050156980934,72,72,53,14,1.9498430190661793,3998.050156980934,31.599987332472043,30.850039157277866,-1,1,22.0,22.0,248,187,7.248166520041885,18.90814024676365,9.545558787931125,257.1727279523708,0,7,0,26,9,139,0.13029589778076667,0.041920132250812044,239.0,180.0
F2_11.29,N15,N22,800.0,1,2400.0,2390.656936788934,60,144,60,122,9.343063211065669,3990.656936788934,31.241266432618033,28.833413371664175,1,-1,9.0,9.0,267,360,11.405392451909611,25.73961834224974,10.81791053679265,348.3385808420014,0,21,48,12,10,326,0.05674176193678548,0.1660221923335575,180.0,179.0
F7_6.14,N15,N16,800.0,1,2400.0,2392.0648375509736,90,90,58,10,7.935162449026279,3992.0648375509736,31.37867055788417,30.826645783803443,-1,1,33.0,33.0,268,173,8.613847681134509,12.823553130325081,10.200302859703937,251.36627449418268,0,3,0,9,8,158,0.07755173065256246,0.05148789509078682,227.0,195.0
F7_10.23,N15,N16,800.0,1,2400.0,2393.3870609461114,82,82,57,10,6.612939053888567,3993.3870609461114,31.4069056275352,30.824141663983326,-1,1,39.0,39.0,257,170,10.314905435497643,12.508801413875744,10.236709945482158,239.3849613280686,0,2,5,6,5,149,0.0672494956287828,0.0577925353059852,217.0,226.0
F2_18.23,N15,N16,800.0,1,2400.0,2388.794746590339,48,48,37,10,11.205253409660827,3988.794746590339,32.32045419115588,31.02798889997998,1,1,29.0,29.0,245,215,4.347436779634526,36.64750924620307,12.49699999668155,341.7638863694758,0,27,0,23,1,95,0.09877269670477472,0.035726294552790853,476.0,226.0
F7_5.17,N15,N16,800.0,1,2400.0,2398.660644398394,95,95,67,8,1.3393556016058028,3998.660644398394,31.216002503163722,30.79149480023008,1,-1,19.0,19.0,273,183,6.359864410181,11.693733449466663,8.941370974584073,258.7944930047356,0,4,3,30,7,170,0.15131136516476126,0.05674176193678548,200.0,189.0
F7_16.23,N15,N16,800.0,1,2400.0,2396.7676617224847,77,77,57,10,3.2323382775152822,3996.7676617224847,31.40638784296759,30.88634011919794,0,-1,0.0,0.0,250,170,8.906674468552689,11.151421416135463,9.514974669326685,236.3544643614521,0,0,10,25,4,144,0.13029589778076667,0.059894082044384664,242.0,215.0
F2_15.26,N15,N22,800.0,1,2400.0,2399.787653557704,60,121,60,131,0.21234644229616606,3999.787653557704,30.94953068579721,28.5303698564144,1,-1,3.0,3.0,279,380,11.611217800765372,15.336431633937082,10.786027407021896,420.07382950027085,0,31,62,6,4,312,0.06304640215198387,0.18598688634835242,165.0,195.0
F2_10.23,N15,N16,800.0,1,2400.0,2392.7764295932034,48,48,37,10,7.223570406796512,3992.7764295932034,32.32045419115588,31.02798889997998,1,1,29.0,29.0,245,215,2.225532086563145,12.767900950832427,10.765709707041756,341.7638863694758,0,27,0,28,17,95,0.08410014230369466,0.035726294552790853,569.0000000000002,220.0
F2_10.19,N15,N22,800.0,1,2400.0,2396.677112094083,66,203,66,120,3.322887905917014,3996.677112094083,33.06254841337531,32.06366307833821,1,-1,34.0,34.0,178,211,6.434611861032707,71.77697619181458,13.103216483252385,265.54270651129065,0,14,4,20,20,389,0.10717888365837257,0.06409717552118359,209.0,758.0000000000002
F7_15.24,N15,N22,800.0,1,2400.0,2396.6774681614033,56,124,56,135,3.322531838596774,3996.6774681614033,30.96708048556698,28.593272504379854,1,1,18.0,18.0,271,389,7.667240231264956,16.979162769869163,10.366114538269432,261.64373898792803,0,0,40,29,19,315,0.13047549409857215,0.1800852077588808,199.0,210.0
F7_12.28,N15,N16,800.0,1,2400.0,2390.950700838012,101,101,75,8,9.049299161988188,3990.950700838012,31.01084780818956,30.62448002764283,-1,1,25.0,25.0,270,183,6.036690086646184,27.968666294888862,8.66309719055593,286.16300958931475,0,18,0,30,11,184,0.13239744451916613,0.050195819847923595,242.99999999999977,201.0
F7_15.26,N15,N22,800.0,1,2400.0,2395.6969907778976,52,119,52,133,4.3030092221026734,3995.6969907778976,30.88052911928236,28.397407492734043,-1,-1,35.0,35.0,277,398,7.381941619288696,10.639304489153346,8.789730128203137,282.16528270121665,0,7,40,28,15,304,0.11198523716366983,0.17758069939475457,227.00000000000023,185.0
F7_8.24,N15,N16,800.0,1,2400.0,2393.1952436142246,126,126,71,6,6.80475638577559,3993.1952436142246,30.459265468085974,30.451121357480282,1,-1,12.0,12.0,273,196,4.529418229928341,509.055980546721,10.557703329385035,270.60878338946804,0,0,6,15,13,203,0.08196032279757902,0.07985877605917956,191.0,179.0
F7_19.18,N15,N16,800.0,1,2400.0,2396.2189157714442,128,128,72,4,3.781084228555642,3996.2189157714442,30.388977150093755,30.40031089988453,0,-1,2.0,2.0,271,189,9.797784279347896,13.381640181347166,10.41472340400714,240.1955652996765,0,0,11,20,9,204,0.11138197713517149,0.08642472668259463,181.0,186.0
F7_10.27,N15,N16,800.0,1,2400.0,2390.122012431395,130,130,73,3,9.87798756860525,3990.122012431395,30.352151556611204,30.380193746546546,-1,1,38.0,38.0,266,191,7.388436985749669,28.379937471300536,9.761676766332208,268.2952709366971,0,5,3,22,11,206,0.11138197713517149,0.08556920856127023,180.0,183.0
F2_14.28,N15,N22,800.0,1,2400.0,2394.7853197794857,50,111,50,142,5.214680220514538,3994.7853197794857,30.65605884321244,27.528901258831187,-1,1,37.0,37.0,275,368,11.933180693159848,106.42338671462994,11.886296018309222,421.4678481976531,0,41,62,8,8,303,0.06935104236718224,0.18075892634984467,174.0,243.0
F2_13.24,N15,N22,800.0,1,2400.0,2396.504661646862,43,108,43,141,3.4953383531378677,3996.504661646862,30.282124265954362,26.867481605787948,1,-1,30.0,30.0,268,357,0.7485222202909189,25.22898828531629,12.818336717176066,477.62444285511674,0,43,45,80,0,292,0.21439601546738396,0.17337760591795565,185.0,208.0
F7_16.22,N15,N22,800.0,1,2400.0,2396.244533803269,90,214,90,116,3.7554661967310494,3996.244533803269,32.8572528606801,31.577831433364096,1,1,20.0,20.0,207,231,9.654570533004339,111.72493267740788,11.206001683609694,238.35521168443583,0,4,0,17,13,420,0.0882649630127774,0.08111442963250683,193.0,887.9999999999998
F7_6.20,N15,N16,800.0,1,2400.0,2398.6361019983688,143,143,70,0,1.3638980016313553,3998.6361019983688,29.833448336895795,30.451226686407566,1,-1,10.0,10.0,290,193,9.589129017989928,35.45980525097366,10.391521503224546,244.45285193426403,0,0,1,20,11,213,0.11768661735036988,0.08406186953597848,184.0,173.0
F7_15.27,N15,N22,800.0,1,2400.0,2394.964767551886,49,105,49,153,5.035232448114243,3994.964767551886,29.78721647898945,25.965268624271733,1,1,3.0,3.0,293,332,9.74330261788336,10.292272887368654,8.817165866154978,237.09069198795072,0,0,40,19,10,307,0.1050773369199731,0.17127605917955616,167.0,224.0
F2_15.30,N15,N22,800.0,1,2400.0,2394.8004544359546,48,105,48,149,5.199545564045138,3994.8004544359546,29.98728927487123,26.278319017624828,-1,1,32.0,32.0,284,339,11.139608694235498,41.15024516094741,11.23788740332784,605.0245313910393,0,53,60,9,9,302,0.05884330867518494,0.17444750868234216,187.0,237.0
F2_14.33,N15,N22,800.0,1,2400.0,2399.4320025492266,49,105,49,153,0.567997450773305,3999.4320025492266,29.582597897943536,25.49434563579425,1,-1,4.0,4.0,294,348,11.561174669330516,12.867387324680067,11.317751059250758,755.9479513468357,0,72,50,13,13,307,0.061946641785236914,0.179682246133154,170.0,196.0
F2_12.23,N15,N16,800.0,1,2400.0,2391.5868336959247,48,48,34,13,8.413166304075048,3991.5868336959247,31.980700453244822,31.084822699698325,-1,-1,6.0,6.0,227,207,4.113322308755678,68.35614203126465,14.304544129448532,358.9442593783884,0,36,1,20,0,95,0.09667114996637526,0.04394619095955528,772.0,212.0
F2_13.27,N15,N22,800.0,1,2400.0,2389.694791880442,49,106,49,151,10.305208119557733,3989.694791880442,29.702771167174557,25.82662932504144,1,-1,27.0,27.0,286,342,11.331869332066686,22.811802197685438,13.707041872267688,634.9438662381453,0,66,33,11,11,306,0.06304640215198387,0.17547915265635508,191.0,252.0
F7_13.35,N15,N22,800.0,1,2400.0,2389.2645092201965,49,106,49,151,10.735490779803513,3989.2645092201965,29.708550202459335,25.76769427490582,-1,-1,24.0,24.0,289,342,7.98946003822433,27.923935240391756,10.28722085203045,259.56788415930566,0,8,34,25,12,306,0.12399125756556827,0.1765299260255548,217.0,247.0
F2_14.34,N15,N22,800.0,1,2400.0,2398.3746956395535,42,104,42,157,1.6253043604465347,3998.3746956395535,29.199745759544328,25.05510579973526,1,-1,13.0,13.0,281,353,12.951938644931206,81.07832372069561,12.253283496860341,686.8300358555088,0,66,42,4,4,303,0.0609448554135844,0.1828345662407532,175.0,211.0
F2_18.24,N15,N16,800.0,1,2400.0,2388.192902046995,52,52,39,10,11.80709795300504,3988.192902046995,31.884906751547362,30.873078956137064,1,1,27.0,27.0,233,205,0.8576721017332227,41.5953136124881,10.444810259405525,326.39239760189133,0,28,0,33,26,101,0.10721713451113403,0.04308170813718897,820.9999999999998,209.0
F2_11.37,N15,N22,800.0,1,2400.0,2399.2053992226624,40,102,40,154,0.7946007773375641,3999.2053992226624,28.819754095388504,24.731768807707603,1,-1,25.0,25.0,289,340,10.131579337863418,40.2053687829366,12.345427944707426,616.9264430852,0,79,44,5,4,296,0.07145258910558171,0.15971755211835914,186.0,200.0
F2_16.27,N15,N16,800.0,1,2400.0,2179.5780629429037,58,58,46,11,220.4219370570961,3779.5780629429037,31.769721815949428,30.800606674886158,-1,-1,39.0,39.0,230,197,4.129115671453198,28.809858944811822,13.244053593112344,251.5382210186788,0,9,0,28,26,115,0.09877269670477472,0.03992938802958978,891.9999999999998,225.0
F7_19.21,N15,N16,800.0,1,2400.0,2394.070947507143,151,151,82,3,5.929052492857068,3994.070947507143,28.803982624973184,29.37295651995486,-1,1,21.0,21.0,288,186,8.423460404817918,53.75396650759603,9.873699798145408,255.94581939987935,0,6,0,25,11,236,0.12399125756556827,0.08196032279757902,232.0,195.0
F2_10.28,N15,N16,800.0,1,2400.0,2391.0023061593947,65,65,47,13,8.997693840605166,3991.0023061593947,31.63859792129235,30.910702374727634,-1,-1,2.0,2.0,237,195,8.364679186467447,15.0525327111136,12.727941831203216,295.8406039610136,0,30,4,14,2,125,0.0882649630127774,0.048335574983187635,947.0,217.0
F2_18.26,N15,N16,800.0,1,2400.0,2398.226601497736,71,71,53,14,1.7733985022640582,3998.226601497736,31.599987332472043,30.84025927286599,1,1,23.0,23.0,247,188,11.601887521077174,99.49274242480828,11.681656384355271,287.20263935798056,0,21,0,8,1,138,0.0737972027114017,0.04203093476798924,1083.0,232.0
F7_8.32,N15,N16,800.0,1,2400.0,2393.663265586036,162,162,95,0,6.336734413963995,3993.663265586036,28.01443011278714,28.5340390054036,1,-1,13.0,13.0,301,122,9.39219616918497,339.39717500523443,12.468364570884555,248.99337131223342,0,0,4,19,16,257,0.09877269670477472,0.09246805648957634,196.0,171.0
F7_12.41,N15,N16,800.0,1,2400.0,2399.6458845615125,165,165,96,0,0.35411543848761085,3999.6458845615125,27.97952632935804,28.518647882746805,1,-1,2.0,2.0,301,121,9.653424239801144,81.37055969652556,10.853431769481107,248.07994468563552,0,0,6,16,15,261,0.09246805648957633,0.097721923335575,193.0,180.0
F2_15.37,N15,N22,800.0,1,2400.0,2388.7642170989084,60,95,60,165,11.235782901091738,3988.7642170989084,28.21199431268369,23.61003665023447,1,-1,6.0,6.0,290,356,10.49216731525822,12.947179073169082,11.38299849757457,653.8778137333522,0,64,45,15,11,320,0.09036650975117687,0.1628698722259583,182.0,280.0
F7_5.27,N15,N16,800.0,1,2400.0,2395.7351840351016,165,165,111,0,4.2648159648982755,3995.7351840351016,27.859312685398155,28.466511893566373,1,-1,4.0,4.0,317,115,9.331370275979586,166.05759385706142,8.182874295127126,248.16675522294432,0,0,9,15,13,276,0.0945696032279758,0.10928043039677204,202.0,155.0
F7_12.42,N15,N16,800.0,1,2400.0,2396.1730952854014,165,165,111,0,3.8269047145987543,3996.1730952854014,27.864434483534048,28.466511893566373,1,-1,1.0,1.0,316,115,8.639645944263345,31.056224895556397,9.234633946119457,250.16916082932627,0,0,9,28,10,276,0.14710827168796234,0.11138197713517148,249.0,204.0
F7_11.45,N15,N22,800.0,1,2400.0,2397.308768771145,63,86,63,158,2.6912312288548037,3997.308768771145,27.92516237436176,23.507366108643826,-1,-1,10.0,10.0,300,371,4.543400623563909,9.924737860705818,9.382028761694874,309.30573229666396,0,27,42,29,16,307,0.1597175521183591,0.1663853841296988,244.0,306.0
F2_13.34,N15,N22,800.0,1,2400.0,2399.2752092444525,72,57,72,175,0.724790755547474,3999.2752092444525,27.557412057768577,23.853523390846718,-1,1,41.0,41.0,327,390,9.743816169959215,13.744891827843048,11.742766865761014,773.8008332709884,0,64,55,14,12,304,0.0882649630127774,0.1784371138561605,168.0,344.0
F2_16.31,N15,N16,800.0,1,2400.0,2318.625958704505,101,101,76,8,81.37404129549486,3918.625958704505,31.04496093762098,30.683436207992255,1,1,28.0,28.0,269,185,0.3371104099274835,275.10599681846315,4.086663237543575,452.7851342607529,0,36,0,55,55,185,0.1387020847343645,0.05043712172158709,1371.9999999999998,219.0
F2_16.28,N15,N16,800.0,1,2400.0,2396.166464809272,92,92,60,9,3.8335351907282984,3996.166464809272,31.312723644779318,30.8027854249394,1,1,26.0,26.0,275,174,10.283245923225012,45.68962060996023,8.545628787190457,365.6940876788332,0,32,0,13,2,161,0.06425143767906435,0.04833557498318763,1452.0000000000002,226.0
F2_15.0,N15,N22,800.0,1,2400.0,1618.5835681543558,4,6,4,0,781.4164318456444,3218.583568154356,45.551387846961745,33.97758423262431,0,0,0.0,0.0,15,8,9.292107358818104,428.8873039292747,10.299724944538436,267.44779863963265,0,0,0,0,0,10,0.04833557498318763,0.0010507733691997312,121.0,138.0
F2_17.0,N15,N16,800.0,1,2400.0,2386.305871234736,6,6,10,2,13.69412876526394,3986.305871234736,46.45161290322581,0.0,1,-1,32.0,32.0,13,1,9.06504451079379,77.77323809525274,9.29860026473605,266.93233912382294,0,0,0,4,0,18,0.03992938802958978,0.0010507733691997312,154.0,168.0
F2_15.1,N15,N22,800.0,1,2400.0,1995.431086734388,4,7,4,0,404.56891326561214,3595.431086734388,41.530382595648916,37.71561939275152,-1,-1,18.0,18.0,17,8,6.125345240662647,84.20873039381695,7.878446579539538,290.5230210236552,0,2,0,7,2,11,0.05043712172158709,0.0010507733691997312,123.99999999999994,164.0
F2_16.1,N15,N22,800.0,1,2400.0,1846.4281219607856,4,7,4,0,553.5718780392143,3446.4281219607856,45.551387846961745,34.80362155592675,-1,-1,24.0,24.0,17,9,8.002867019383498,200.0,8.002867019383498,283.5968539029689,0,2,0,0,0,11,0.0168123739071957,0.0010507733691997312,142.99999999999994,238.0
F2_16.3,N15,N22,800.0,1,2400.0,2118.7540495904423,7,12,7,5,281.24595040955796,3718.7540495904423,37.057901072686484,35.97605020647704,-1,-1,15.0,15.0,24,12,8.03903620386345,112.99707184243562,7.8030488687432715,263.88823226047737,0,1,0,7,1,24,0.05253866845998655,0.004203093476798925,208.0,184.0000000000001
F2_19.3,N15,N16,800.0,1,2400.0,2397.320227794975,25,25,5,1,2.6797722050249604,3997.320227794975,35.29887366825598,34.503265155896734,-1,1,2.0,2.0,42,18,8.076667641811493,83.31156798495522,11.32143643314051,306.34231800378456,0,4,0,5,1,31,0.02101546738399462,0.015761600537995968,169.0,172.0
F2_15.5,N15,N22,800.0,1,2400.0,2395.9029086531054,5,28,5,16,4.097091346894331,3995.9029086531054,35.38004528669513,35.58430525702614,-1,-1,37.0,37.0,37,46,8.321377179077592,30.890508396170617,7.4314594018670475,261.46233010553277,0,0,0,9,3,49,0.05884330867518494,0.009456960322797579,235.9999999999999,195.0
F2_15.12,N15,N22,800.0,1,2400.0,2393.9078438969686,9,45,9,26,6.092156103031357,3993.9078438969686,35.15992557855079,35.674406797998316,1,1,28.0,28.0,57,58,9.0512017368157,10.524324978217692,8.148600799595751,262.97820450929413,0,0,0,5,1,80,0.02768689344331208,0.00840618695359785,167.0,177.0
F2_18.9,N15,N16,800.0,1,2400.0,2395.6598218576546,23,23,27,7,4.340178142345508,3995.6598218576546,34.90402186904933,32.81938820575267,1,-1,16.0,16.0,59,39,8.953172106762665,83.03291101003128,10.16400436904201,279.4181857270343,0,3,3,10,1,57,0.07565568258238063,0.017863147276395427,171.0,165.0
F2_18.10,N15,N16,800.0,1,2400.0,2398.9273416641413,35,35,39,8,1.072658335858705,3998.9273416641413,34.82044348318763,32.18380001371597,1,-1,36.0,36.0,72,38,6.6693145561527984,94.24319526268664,9.431180644252136,293.7060577520201,0,1,2,14,0,82,0.08196032279757902,0.027320107599193007,161.0,166.0
F2_17.6,N15,N16,800.0,1,2400.0,2399.9343371550603,37,37,38,8,0.06566284493953845,3999.9343371550603,34.71882742257484,32.093793372577345,1,-1,29.0,29.0,76,37,8.64910159145096,38.13018323590336,9.936844743507312,266.0016452658494,0,0,2,12,1,83,0.08199624125860681,0.031523201075991936,156.0,165.0
F2_16.13,N15,N16,800.0,1,2400.0,2391.219168249605,33,33,36,7,8.780831750394782,3991.219168249605,34.48488194715518,32.10568456593544,1,-1,8.0,8.0,71,37,8.290025286870732,20.20818493406796,9.080897450254001,269.3368941361226,0,0,4,13,2,76,0.08406186953597848,0.03467552118359112,159.0,150.0
F2_15.13,N15,N22,800.0,1,2400.0,2398.8807837342147,5,58,5,38,1.1192162657855533,3998.8807837342147,34.47240843920976,35.5478550746836,1,1,11.0,11.0,71,77,8.752321911915827,85.55173203467734,8.562770083130026,269.87689465738856,0,0,0,4,2,101,0.028547183784002644,0.01050773369199731,180.0,172.0
F2_17.8,N15,N16,800.0,1,2400.0,2395.405244106325,14,14,43,12,4.594755893674801,3995.405244106325,34.47562045945909,32.3720991584552,-1,1,0.0,0.0,68,48,7.6995643657595165,12.020466021744141,9.340764316278612,290.4456771322276,0,5,0,7,2,69,0.03992938802958978,0.03467552118359112,162.0,172.0
F2_12.9,N15,N16,800.0,1,2400.0,2393.27732968365,15,15,40,12,6.722670316350104,3993.27732968365,34.433866826731084,32.27279155808068,1,-1,31.0,31.0,69,47,8.777022345283038,54.83527115780544,9.54288666481469,274.65834799650315,0,0,1,7,2,67,0.03623046291182706,0.035726294552790853,158.0,169.0
F2_18.12,N15,N16,800.0,1,2400.0,2395.868692252923,17,17,43,21,4.131307747076903,3995.868692252923,34.42783146969488,32.76555905457344,1,-1,40.0,40.0,72,59,6.036897256897133,42.76257571470205,9.961781825441353,318.83719018025585,0,4,0,5,2,81,0.037827841291190316,0.025218560860793545,153.0,175.0
F7_18.15,N15,N16,800.0,1,2400.0,2395.591859450092,25,25,50,24,4.408140549907785,3995.591859450092,34.50984261839917,32.53062731944883,1,1,32.0,32.0,98,60,12.636710940995979,533.6489206197298,12.636710940995979,209.77464085359645,0,0,0,1,0,99,0.0168123739071957,0.02206624075319435,154.0,147.0
F7_17.22,N15,N16,800.0,1,2400.0,2389.6884400161125,29,29,51,24,10.311559983887491,3989.6884400161125,34.50984261839917,32.51260222438265,1,1,28.0,28.0,106,61,13.022349412806427,15.810065514567896,13.016330118729027,207.83578849948537,0,0,0,3,2,104,0.0168123739071957,0.02206624075319435,160.0,201.0
F2_18.13,N15,N16,800.0,1,2400.0,2395.372941414531,28,28,55,28,4.627058585469285,3995.372941414531,34.48748041603838,32.33041689097073,-1,1,2.0,2.0,115,54,2.8284557955223346,10.86623539272,8.879559963784324,336.87448660212624,0,16,0,9,6,111,0.0609448554135844,0.02206624075319435,171.0,181.0
F2_17.11,N15,N16,800.0,1,2400.0,2293.1313621775394,31,31,53,30,106.86863782246076,3893.1313621775394,34.41372780204056,32.15524327310291,1,-1,28.0,28.0,109,52,4.493406409863911,12.236365303932871,9.32807040874614,297.33086070225,0,5,1,12,9,114,0.0630846742691661,0.023117014122394083,177.0,159.0
F2_16.16,N15,N16,800.0,1,2400.0,2390.7218809657406,29,29,56,30,9.278119034259475,3990.7218809657406,34.45589882839001,32.29324761469722,1,-1,41.0,41.0,114,54,3.771011153873578,21.62861353353719,8.189986610274254,331.5479463052234,0,14,0,9,7,115,0.05660229229279493,0.02206624075319435,185.0,168.0
F2_19.12,N15,N16,800.0,1,2400.0,2395.8824503231776,31,31,51,28,4.1175496768224775,3995.8824503231776,34.43210116947598,32.15524327310291,1,-1,24.0,24.0,108,53,8.182708643469239,65.04467344599766,8.690530406996922,297.0152693891746,0,6,1,15,1,110,0.09574871631863492,0.023117014122394083,190.0,163.0
F7_18.17,N15,N16,800.0,1,2400.0,2337.1918714842113,45,45,49,32,62.80812851578878,3937.1918714842113,34.025168514912615,32.07414630232557,1,1,25.0,25.0,136,66,10.807973385511144,17.563350294274187,12.136116046060309,207.43937133647538,0,0,2,9,9,126,0.0609448554135844,0.04413248150638871,144.0,164.00000000000023
F7_18.18,N15,N22,800.0,1,2400.0,2108.722485433069,14,73,14,67,291.2775145669313,3708.722485433069,33.831974079785304,34.1479294196667,-1,1,38.0,38.0,143,109,10.834548007138165,25.020331104378783,11.398999546378116,212.6354644230415,0,0,0,6,0,154,0.054640215198386015,0.0073554135843981175,133.0,152.99999999999977
F2_19.16,N15,N16,800.0,1,2400.0,2397.0322368326815,43,43,50,29,2.9677631673184806,3997.0322368326815,33.998233716288155,32.112076166302295,1,-1,7.0,7.0,117,62,6.723412889742743,69.26873513306919,8.796059219269937,278.4079391510852,0,1,2,12,10,122,0.05884330867518494,0.03887861466039005,239.0,173.00000000000023
F7_16.11,N15,N22,800.0,1,2400.0,2390.8607616558556,11,74,11,61,9.139238344144132,3990.8607616558556,33.99153572764921,34.146079010648506,1,-1,8.0,8.0,149,108,11.618725896095208,87.98221984715201,12.69081556543506,208.63544215628727,0,0,1,10,1,146,0.05884330867518494,0.00840618695359785,158.0,208.0
F7_17.24,N15,N22,800.0,1,2400.0,2399.4364558834177,16,65,16,65,0.563544116582193,3999.4364558834177,33.74406357930811,34.04144996907432,1,-1,19.0,19.0,143,122,10.899749496749239,12.213010372722692,10.000150479024217,215.12637036497105,0,0,0,10,0,146,0.054640215198386015,0.012609280430396773,162.0,150.0
F7_19.15,N15,N16,800.0,1,2400.0,2391.357640386218,45,45,53,28,8.642359613782219,3991.357640386218,33.72631465595755,32.022787094378295,1,1,14.0,14.0,144,83,11.707253745675933,13.401901626153403,11.871223289289409,213.9747711324701,0,0,0,6,6,126,0.037827841291190316,0.06061552147814292,148.0,186.0
F7_12.18,N15,N16,800.0,1,2400.0,2396.1622747821366,36,36,49,19,3.8377252178631807,3996.1622747821366,33.50608981733671,31.930056726765297,1,1,39.0,39.0,138,105,5.926651048640572,13.729922518258718,11.043816763496624,252.24126485938433,0,3,7,9,9,104,0.04833557498318763,0.060010217564777146,153.0,161.0
F7_12.20,N15,N16,800.0,1,2400.0,2398.1470174885867,44,44,52,22,1.8529825114133018,3998.1470174885867,33.49968395799751,31.82650185564229,1,1,15.0,15.0,151,98,11.524466892307549,28.611339429826558,12.790136786981918,214.18801919942095,0,0,0,6,6,118,0.035726294552790853,0.06247043452296866,151.0,203.0
F7_8.11,N15,N16,800.0,1,2400.0,2395.607325300992,39,39,50,21,4.392674699007898,3995.607325300992,33.521440515496685,31.911370449168775,1,1,24.0,24.0,144,101,11.22814668690162,14.977666293157654,11.481494100536414,211.2922837300663,0,0,3,7,7,110,0.06935104236718224,0.06724949562878278,158.0,209.0
F7_16.12,N15,N16,800.0,1,2400.0,2395.1785331521182,41,41,52,22,4.821466847881652,3995.1785331521182,33.5170634033914,31.834392376973984,1,1,18.0,18.0,147,100,11.652177089917805,11.90892171125597,11.342487952470394,209.47260440172687,0,0,0,7,7,115,0.07355413584398117,0.06544044647318761,158.99999999999977,212.0
F7_10.13,N15,N16,800.0,1,2400.0,2394.5840339329397,45,45,50,22,5.415966067060253,3994.5840339329397,33.493382902772616,31.81574564251184,1,1,9.0,9.0,157,97,11.071956086198735,14.403609953920295,10.371553209795648,212.1695664245898,0,0,0,10,9,117,0.07145258910558171,0.0577925353059852,154.0,233.0
F7_5.19,N15,N16,800.0,1,2400.0,2390.5741804003333,49,49,51,22,9.425819599666852,3990.5741804003333,33.47903599149156,31.800384130336834,-1,-1,39.0,39.0,164,99,11.625125026503879,168.76548263049722,10.404461556149238,213.80747009839615,0,0,1,8,8,122,0.0441324815063887,0.05732828902314456,154.0,224.0
F2_8.12,N15,N16,800.0,1,2400.0,2392.72283370932,51,51,51,22,7.277166290680043,3992.72283370932,33.34890707871672,31.771466299234202,1,-1,26.0,26.0,162,108,8.053424828229668,64.826820353318,8.873288931882682,286.6181031413886,0,0,3,17,0,124,0.09667114996637526,0.05989408204438467,186.99999999999977,185.0
F2_17.14,N15,N16,800.0,1,2400.0,2399.213872295601,47,47,50,17,0.786127704399064,3999.213872295601,33.35539701996581,31.695439930080898,-1,1,36.0,36.0,162,123,9.929054401898883,8.834352546342416,9.135481775063143,276.5272091851744,0,0,5,8,4,114,0.04833557498318763,0.061596997532021566,239.0,166.0
F7_10.17,N15,N16,800.0,1,2400.0,2396.6574645003307,56,56,48,21,3.3425354996693386,3996.6574645003307,33.291779818316726,31.599540794766526,1,1,29.0,29.0,187,118,10.074772166006783,131.5061876132429,10.122280059036479,221.6176761053103,0,0,2,14,13,125,0.0882649630127774,0.06306552670808163,153.0,176.0
F7_10.16,N15,N16,800.0,1,2400.0,2390.0559676574308,55,55,47,21,9.944032342569244,3990.0559676574308,33.31773192050495,31.697956855287952,1,1,5.0,5.0,190,107,10.672810076026652,209.68264089086824,10.684885375502542,212.91559335953215,0,0,0,11,10,123,0.06304640215198387,0.05884330867518493,154.0,230.0
F9_6.19,N15,N16,800.0,1,2400.0,2398.5746427477425,55,55,48,19,1.4253572522576405,3998.5746427477425,33.28357501968907,31.60311495871902,-1,1,32.0,32.0,187,119,6.900382613040003,214.94589489912437,9.397025224232763,373.40398268619845,0,21,1,11,5,122,0.09036650975117687,0.062014753338881894,150.0,179.0
F7_8.14,N15,N16,800.0,1,2400.0,2393.314859788385,60,60,48,24,6.6851402116149075,3993.314859788385,33.24214119264705,31.602360777642907,1,1,18.0,18.0,198,108,11.514241312568691,295.07245973334966,11.850710319639145,211.20008311690233,0,0,0,3,3,132,0.035726294552790853,0.06935104236718224,158.0,213.0
F9_5.13,N15,N16,800.0,1,2400.0,2399.8697679008483,61,61,48,24,0.13023209915149891,3999.8697679008483,33.24214119264705,31.602360777642907,-1,1,17.0,17.0,200,108,5.229722899163726,12.632605094943983,10.112045704968185,390.6458622234301,0,24,0,13,7,133,0.0945696032279758,0.06872545457165352,183.0,191.0
F7_8.13,N15,N16,800.0,1,2400.0,2392.9909678289014,64,64,49,17,7.0090321710986245,3992.9909678289014,33.209129214741026,31.68807865361315,-1,-1,29.0,29.0,199,110,9.417477175611072,24.43985703432304,11.990990900536948,223.64798322277025,0,3,1,14,13,130,0.07565568258238063,0.05884330867518493,201.0,226.0
F9_6.18,N15,N16,800.0,1,2400.0,2398.9194992240414,62,62,54,26,1.0805007759585123,3998.9194992240414,33.14594688839009,31.63112387129766,-1,1,0.0,0.0,207,100,5.9124721868453225,12.236982784189877,10.027118439806085,412.72402960233666,0,38,0,18,9,142,0.0945696032279758,0.06304640215198386,176.0,192.0
F7_15.17,N15,N22,800.0,1,2400.0,2278.162183154614,18,33,18,88,121.8378168453861,3878.162183154614,33.06803519665549,33.462071936142465,-1,1,37.0,37.0,208,148,9.95429239490676,12.163049976176353,10.489264077044592,219.96575471996684,0,1,0,13,3,139,0.07565568258238063,0.025218560860793545,146.0,206.0
F7_15.16,N15,N22,800.0,1,2400.0,2396.963788689942,17,43,17,85,3.0362113100582064,3996.963788689942,33.24214119264705,33.54424044129149,1,-1,17.0,17.0,200,154,11.63120018776109,11.724111206850694,9.897188587962583,212.13763240021285,0,0,1,15,2,145,0.07565568258238063,0.02837088096839274,174.0,205.0
F2_15.30,N15,N22,800.0,1,2400.0,2393.5633762015345,12,30,12,94,6.436623798465575,3993.5633762015345,32.96690901424051,33.454978875576515,1,1,2.0,2.0,204,157,8.422968236722937,41.534310318550524,7.337848726418265,313.7611849232257,0,2,0,12,1,136,0.07355413584398117,0.022066240753194355,245.0,189.0
F7_8.18,N15,N16,800.0,1,2400.0,2393.3137992103584,50,50,56,26,6.686200789641475,3993.3137992103584,32.58307262686786,31.452278063575267,1,1,8.0,8.0,225,103,10.585723452621272,60.60492916059593,11.045216062277273,217.3965906219282,0,0,0,6,4,132,0.04203093476798924,0.07883161787483768,153.0,205.0
F2_17.17,N15,N22,800.0,1,2400.0,2394.265125248917,31,17,31,109,5.734874751082998,3994.265125248917,32.7071039051751,33.3617000023087,-1,-1,26.0,26.0,225,154,3.8480040576160754,8.317653441906032,6.361632898047831,336.4652288522051,0,13,3,20,4,157,0.06935104236718224,0.027320107599193007,211.0,176.0
F2_17.16,N15,N16,800.0,1,2400.0,2396.9318800357523,69,69,56,29,3.0681199642475576,3996.9318800357523,33.024657124757276,31.593458814058135,1,-1,20.0,20.0,217,107,4.342125222468294,23.075380062771274,8.225711316254193,329.6992348227187,0,5,9,21,16,154,0.07779551537709958,0.06935104236718224,353.0,169.0
F2_10.17,N15,N16,800.0,1,2400.0,2391.337473858774,67,67,56,29,8.662526141226067,3991.337473858774,33.0142569518574,31.58551670711675,1,-1,25.0,25.0,214,105,7.821886411914506,66.28540705899172,7.504071236166128,333.922552758036,0,1,7,13,0,152,0.08222888656370236,0.06935104236718224,355.0,180.0
F7_19.26,N15,N22,800.0,1,2400.0,2391.5688237375084,39,17,39,114,8.431176262491476,3991.5688237375084,32.29418117778915,33.31370914941315,-1,1,4.0,4.0,227,153,9.007359590970076,13.824134369593821,11.891564517592252,237.8360101164656,0,3,0,12,1,170,0.06304640215198387,0.02942165433759247,184.0,153.0
F7_5.24,N15,N16,800.0,1,2400.0,2392.372822937031,55,55,63,24,7.627177062969281,3992.372822937031,32.38744754826509,31.402664751778403,-1,-1,27.0,27.0,225,107,11.321007686043627,174.28250939836948,11.05628425671172,222.33613205029332,0,1,10,7,5,142,0.05253866845998655,0.07355413584398117,200.0,226.0
F2_10.19,N15,N16,800.0,1,2400.0,2392.7741518381567,53,53,60,27,7.225848161843146,3992.7741518381567,32.47970412034548,31.43983748227354,1,-1,38.0,38.0,222,107,4.688481665946766,218.6847462601031,6.802396259919725,335.11040648384545,0,8,3,19,14,140,0.058893310827164494,0.07355413584398117,278.0,176.0
F9_5.15,N15,N16,800.0,1,2400.0,2399.348011943205,65,65,60,15,0.6519880567947212,3999.348011943205,32.29303686177562,31.36434699176361,1,-1,2.0,2.0,231,116,9.140996967107787,8.914565476487724,7.795733033094414,410.71596694447845,0,30,20,17,11,140,0.11348352387357095,0.0777572293207801,207.0,215.0
F7_19.27,N15,N22,800.0,1,2400.0,2391.7611137084646,40,10,40,130,8.23888629153555,3991.7611137084646,32.39016818616241,33.25395967172381,1,-1,6.0,6.0,238,142,11.121953827680374,12.819790867545635,10.386096381898886,218.53701346048575,0,0,2,8,1,180,0.046234028244788165,0.037827841291190316,169.0,202.0
F9_8.16,N15,N16,800.0,1,2400.0,2394.2644386989373,56,56,67,17,5.735561301062603,3994.2644386989373,32.411529391509056,31.24288019077106,-1,1,9.0,9.0,235,116,7.856246204973725,82.12051934545525,10.965553694992535,449.8086902989485,0,33,0,27,13,140,0.13029589778076667,0.06817909934486552,209.0,186.0
F7_19.25,N15,N22,800.0,1,2400.0,2391.7018834851724,37,10,37,129,8.298116514827598,3991.7018834851724,32.40984440880581,33.25661506214079,1,-1,12.0,12.0,236,141,10.900143016809523,11.47748673341448,9.20511679599511,219.34143094821835,0,0,1,14,8,176,0.08196032279757902,0.037827841291190316,185.0,198.0
F7_15.23,N15,N22,800.0,1,2400.0,2396.039159472576,37,1,37,137,3.9608405274238976,3996.039159472576,32.22645253423692,33.16231213994651,1,-1,1.0,1.0,249,154,10.69709251324215,10.531172478049939,9.446972953979312,212.53916265686226,0,0,4,13,2,175,0.08616341627437794,0.055690988567585746,148.0,161.0
F7_19.29,N15,N16,800.0,1,2400.0,2396.7790724385704,66,66,67,21,3.2209275614296757,3996.7790724385704,32.24518134183031,31.068058145911074,1,1,32.0,32.0,234,133,5.570030860660846,12.527093428445596,11.75555312504576,241.31002548910826,0,0,2,8,8,154,0.0609448554135844,0.07882509734028857,160.0,191.0
F9_8.18,N15,N16,800.0,1,2400.0,2399.66694078534,68,68,66,22,0.3330592146600111,3999.66694078534,32.25702939718151,31.003764125285105,-1,1,26.0,26.0,232,127,5.7423598691860045,43.31962787645284,9.709730386458604,544.1708329135698,0,49,0,34,14,156,0.13720666592981628,0.07582524603694708,219.0,183.0
F2_12.20,N15,N16,800.0,1,2400.0,2096.2008542905587,75,75,62,15,303.7991457094415,3696.2008542905587,31.984005671418295,30.91927673439092,1,-1,17.0,17.0,240,106,1.2065354565516944,248.4763279798567,10.856236638502331,305.3325133657315,0,8,6,9,8,152,0.07149086406237178,0.07145258910558171,237.0,163.0
F2_17.19,N15,N22,800.0,1,2400.0,2394.5044770316836,32,1,32,123,5.4955229683166635,3994.5044770316836,31.568717536036782,32.94594181777734,1,1,29.0,29.0,261,159,5.209659365879923,13.500494388544212,10.50818755318323,307.0806247924853,0,2,0,22,5,156,0.09250634185445927,0.05149713646387772,183.0,167.0
F7_6.16,N15,N16,800.0,1,2400.0,2397.484536624616,78,78,66,22,2.515463375384229,3997.484536624616,31.801603340306425,30.861322351408432,1,1,23.0,23.0,246,104,10.86079759202193,11.746400398519427,12.562228069555262,213.33976741639862,0,0,4,18,13,166,0.0945696032279758,0.07778400839779284,176.0,214.0
F9_8.17,N15,N16,800.0,1,2400.0,2399.9345150925747,76,76,67,23,0.0654849074254571,3999.9345150925747,32.250141014398835,30.96304426157691,-1,1,3.0,3.0,248,114,4.36692361747745,19.43933733132849,10.282409865361066,573.8871286643317,0,59,0,39,18,166,0.1492098184263618,0.06830026899798251,266.0,210.0
F7_19.31,N15,N22,800.0,1,2400.0,2392.9141372789136,34,1,34,115,7.085862721086414,3992.9141372789136,31.3973816051865,32.70268317574535,1,-1,17.0,17.0,252,165,10.55877610306863,19.308797832325126,9.492650571008877,221.12622682939588,0,0,5,15,2,150,0.09045846938768234,0.053589441829186284,165.0,155.0
F2_16.32,N15,N22,800.0,1,2400.0,2391.960483072725,36,0,36,133,8.03951692727503,3991.960483072725,31.005989593188573,32.539229309405044,1,1,10.0,10.0,263,180,3.102572441568654,9.252945185690123,7.66500569822088,342.27396674084514,0,6,0,26,2,169,0.09670940726660934,0.05255101327513755,184.0,159.0
F7_10.26,N15,N16,800.0,1,2400.0,2389.048506831606,85,85,72,48,10.951493168393768,3989.048506831606,30.902155131285095,30.76615660830007,1,1,17.0,17.0,270,129,11.037173316683312,24.94235124150714,10.414310808062263,213.421647060083,0,0,5,10,6,205,0.04833557498318763,0.10435096812613728,171.0,201.0
F7_8.23,N15,N16,800.0,1,2400.0,2398.050330167467,87,87,68,33,1.9496698325330044,3998.050330167467,31.04845422487835,30.784397270769006,-1,-1,22.0,22.0,252,115,7.2640597368905535,172.65149679892215,12.47182120019179,236.1378750216858,0,3,17,10,7,188,0.07985877605917956,0.101765089563157,202.0,234.0
F7_15.25,N15,N22,800.0,1,2400.0,2393.484153118347,38,0,38,135,6.515846881653033,3993.484153118347,30.890230761965377,32.34583823324419,1,-1,21.0,21.0,271,162,10.714766882420543,12.117824710330297,10.71030565842212,212.4157858781601,0,0,9,14,4,173,0.08020755347160805,0.05464021519838601,181.0,201.0
F2_15.36,N15,N22,800.0,1,2400.0,2399.558336559644,40,0,40,135,0.4416634403560238,3999.558336559644,30.712688540819894,32.243169643536895,1,1,27.0,27.0,289,147,8.730628985668849,51.734188833554754,9.459519606945477,378.41434928145503,0,16,0,12,11,175,0.06389996393238233,0.04671121286101938,197.0,166.0
F7_8.25,N15,N16,800.0,1,2400.0,2393.620284387489,93,93,65,51,6.379715612511291,3993.620284387489,30.424682542938626,30.670834620456453,1,1,9.0,9.0,285,150,8.777391763052648,200.02041869903996,10.468599563795916,220.94337585557565,0,0,3,10,10,209,0.05674176193678548,0.09548433542096402,145.0,216.0
F9_6.21,N15,N16,800.0,1,2400.0,2393.6431434375318,86,86,74,45,6.356856562468124,3993.6431434375318,30.789065626590826,30.771689160610432,-1,0,2.0,2.0,279,127,3.6624574099904454,9.271593653197215,7.225138963275053,733.5299221709374,0,80,0,44,10,205,0.13660053799596505,0.09246805648957633,269.0,187.0
F9_6.24,N15,N16,800.0,1,2400.0,2392.6727743976858,91,91,61,66,7.327225602314343,3992.6727743976858,29.981466295010964,30.60060349821219,-1,1,26.0,26.0,267,160,4.812718038417549,35.88177077076898,10.142018244819283,674.3466618532316,0,65,17,31,5,218,0.11768661735036988,0.10301717460113574,207.0,180.0
F9_6.25,N15,N16,800.0,1,2400.0,2397.0830003041565,103,103,35,60,2.9169996958437423,3997.0830003041565,29.70107680789857,30.41915731130772,-1,1,1.0,1.0,286,164,4.172266219890053,10.663818709688258,8.485254365246973,720.7065791731957,0,61,3,29,3,198,0.11558507061197042,0.09246805648957633,186.0,178.0
F2_17.26,N15,N22,800.0,1,2400.0,2395.2519744021683,31,0,31,121,4.74802559783177,3995.2519744021683,29.424261855954782,31.626060452486726,1,1,13.0,13.0,292,124,0.7609093590186443,30.693733899018298,10.5656774383394,528.3427202207828,0,43,0,62,3,152,0.17026353418323315,0.041116121412988066,188.0,171.0
F7_10.31,N15,N16,800.0,1,2400.0,2392.182789951955,95,95,29,49,7.817210048045126,3992.182789951955,29.41426317821902,30.29717729581709,1,1,17.0,17.0,292,183,10.85656397401926,160.23812503580393,9.618161010514203,217.15765083911788,0,0,10,10,8,173,0.06362470817288382,0.0885544215039509,162.0,199.0
F9_5.18,N15,N16,800.0,1,2400.0,2394.059573290199,104,104,24,48,5.940426709801045,3994.059573290199,29.26516092749275,30.27741927633558,1,-1,38.0,38.0,302,179,3.433435405780257,93.488399130694,9.971777316407865,848.4307148202864,0,73,4,24,5,176,0.0912159789456383,0.07880800268997983,178.0,194.0
F2_16.0,N15,N22,800.0,-1,2400.0,1386.6929285522192,6,48,6,0,586.6336618365837,2986.692928552219,0.0,44.307692307692314,-2,1,6.0,6.0,20,11,13.958902846162152,225.7210699426585,13.958902846162152,184.85473255031113,0,0,0,1,1,54,0.004203093476798925,0.0021015467383994624,50.0,148.0
F2_17.1,N15,N16,800.0,1,2400.0,1617.846289662852,22,22,14,22,782.1537103371477,3217.846289662852,42.51555521624614,0.0,1,-1,40.0,40.0,30,2,1.1276902135558684,5.2876231911950535,4.491730143316091,245.71442095637852,0,4,0,0,0,58,0.04203093476798924,0.004203093476798925,64.0,162.0
F2_12.1,N15,N16,800.0,1,2400.0,1636.9577148098165,25,25,14,22,763.0422851901834,3236.9577148098165,42.51555521624614,0.0,1,-1,35.0,35.0,34,2,5.941307538990705,7.759397871788224,5.941307538990705,239.22885353177185,0,1,0,1,1,61,0.036437129337601466,0.006304640215198387,65.0,157.0
F7_17.0,N15,N16,800.0,-1,2400.0,901.6175124456415,37,37,17,20,101.59424749883192,2501.6175124456413,43.012444172996915,0.0,-2,-1,3.0,3.0,48,5,12.553700699665988,263.05866505920096,12.374360076207154,187.6597967344035,0,0,0,3,2,74,0.023117014122394083,0.014710827168796235,9.0,176.0
F2_12.0,N15,N16,800.0,-1,2400.0,1272.8549153743293,37,37,17,19,472.8141465734514,2872.8549153743293,43.012444172996915,0.0,-2,-1,7.0,7.0,48,5,12.9351010259858,22.54876738674062,13.07307854125543,187.95172718359385,0,0,0,7,6,73,0.023117014122394083,0.014710827168796235,37.0,161.0
F2_19.0,N15,N16,800.0,1,2400.0,2391.3287920684907,14,14,11,12,8.671207931509343,3991.3287920684907,0.0,0.0,1,-1,8.0,8.0,20,0,12.98418345757029,13.987675729496686,11.70933839543169,208.05315135414514,0,0,0,4,3,37,0.027320107599193007,0.0021015467383994624,143.0,147.0
F2_18.3,N15,N16,800.0,-1,2400.0,1057.3985504827122,40,40,19,18,257.3955023489584,2657.3985504827124,41.80016896913482,0.0,-2,1,24.0,24.0,53,7,13.2221072738887,129.28057829122758,13.2221072738887,193.6377579049172,0,0,0,1,1,77,0.01050773369199731,0.023117014122394083,22.0,152.0
F7_12.1,N15,N16,800.0,-1,2400.0,1120.7499535854643,39,39,24,21,320.7466163505417,2720.749953585464,40.08936989376115,0.0,-2,-1,40.0,40.0,50,12,12.944229538346042,32.138767579533635,14.336180638490186,203.8705276800277,0,1,1,5,5,84,0.023117014122394083,0.03152320107599193,24.999999999999943,127.0
F7_17.3,N15,N16,800.0,1,2400.0,2251.8826905658525,19,19,12,18,148.1173094341475,3851.8826905658525,42.77436347673398,0.0,1,1,14.0,14.0,26,2,13.192884299464957,200.0,13.192884299464957,211.43861655745144,0,0,0,0,0,49,0.037827841291190316,0.004203093476798925,130.0,132.0
F2_10.0,N15,N16,800.0,1,2400.0,1843.2834590496304,18,18,11,15,556.7165409503694,3443.2834590496304,42.66900790166814,0.0,-1,1,22.0,22.0,24,2,5.073634519518029,39.555164314026115,12.83297830641862,231.51219433506475,0,3,0,5,5,44,0.037827841291190316,0.003152320107599193,110.0,153.0
F1_18.0,N15,N16,800.0,1,2400.0,2395.2739656456156,25,25,14,22,4.726034354384296,3995.2739656456156,42.51555521624614,0.0,-1,-1,36.0,36.0,34,2,12.26132673492087,12.94346035813146,10.873111220676147,215.44769358152254,0,1,0,4,1,61,0.037827841291190316,0.005253866845998656,125.99999999999994,121.0
F2_17.2,N15,N16,800.0,1,2400.0,2395.4358721750204,15,15,11,14,4.564127824979323,3995.4358721750204,0.0,0.0,0,-1,0.0,0.0,21,1,11.351864922227307,129.0368554081772,9.453095846762093,211.67772359796479,0,0,0,6,4,40,0.037827841291190316,0.0021015467383994624,146.0,142.0
F2_17.0,N15,N16,800.0,1,2400.0,2391.0179391860747,13,13,11,12,8.982060813925045,3991.0179391860747,0.0,0.0,1,-1,10.0,10.0,18,0,11.74259791545454,31.79117450560784,11.038288075858176,210.00166652601055,0,0,0,6,5,36,0.037827841291190316,0.0021015467383994624,156.0,148.0
F1_8.0,N15,N16,800.0,-1,2400.0,1255.3810026180067,42,42,26,27,455.376665642278,2855.3810026180067,39.88917999534406,0.0,-2,-1,27.0,27.0,54,15,13.497555803711066,231.59052359416154,12.987144517849726,201.81384683138157,0,1,1,6,6,95,0.02942165433759247,0.036777067921990585,35.0,125.0
F7_12.0,N15,N16,800.0,1,2400.0,2399.701923273174,19,19,12,18,0.29807672682602515,3999.701923273174,42.77436347673398,0.0,1,1,14.0,14.0,26,2,11.13991336660151,77.16050521282864,11.572076224439227,211.43861655745144,0,0,0,5,3,49,0.05674176193678548,0.004203093476798925,143.99999999999994,136.0
F7_15.2,N15,N22,800.0,1,2400.0,1631.3702079517748,12,60,12,0,768.6297920482252,3231.370207951775,42.652214115795296,44.307692307692314,1,-1,37.0,37.0,50,26,4.88858016995785,5.698474601432736,4.88858016995785,230.86614269818486,0,0,0,1,0,72,0.08406186953597848,0.006304640215198386,72.0,166.0
F2_16.1,N15,N22,800.0,-1,2400.0,1589.0578205370434,11,61,11,0,788.0468899110241,3189.0578205370434,42.51555521624614,44.307692307692314,-2,1,22.0,22.0,43,19,12.647272038572472,93.25823163474551,12.510320504658997,193.83713679918273,0,0,0,4,4,72,0.00863609677724224,0.00431804838862112,69.0,198.0
F7_15.1,N15,N22,800.0,1,2400.0,1961.708566099744,11,59,11,0,438.29143390025604,3561.708566099744,43.012444172996915,44.307692307692314,-1,1,7.0,7.0,48,24,8.552810657237353,52.02766707696992,12.507698103368126,228.28510083164832,0,3,0,7,3,70,0.08616341627437794,0.005253866845998655,98.0,157.0
F7_15.0,N15,N22,800.0,1,2400.0,1612.3702596554322,11,61,11,0,787.6297403445678,3212.370259655432,42.51555521624614,44.307692307692314,-1,1,22.0,22.0,43,19,0.0,3.07802438646799,10.686242331525392,220.79052980744805,0,2,0,0,0,72,0.07355413584398117,0.00431804838862112,103.00000000000006,168.0
F2_16.3,N15,N22,800.0,-1,2400.0,1216.5423567869504,14,59,14,0,416.5066032227449,2816.54235678695,39.49534202750883,39.71897580444722,-2,1,5.0,5.0,64,27,11.633631628519794,146.60641738106222,10.56661141236928,206.93553288133563,0,0,0,8,7,73,0.023117014122394083,0.012609280430396773,35.0,145.0
F7_16.1,N15,N22,800.0,-1,2400.0,1403.981011879373,11,57,11,0,603.9170255250214,3003.981011879373,40.08936989376115,39.71897580444722,-2,1,36.0,36.0,52,24,11.834143944688742,157.212242939383,11.534037196636714,204.96153400164374,0,0,0,7,6,68,0.018913920645595158,0.01050773369199731,55.00000000000006,158.0
F7_18.3,N15,N16,800.0,-1,2400.0,1223.224831226977,50,50,27,33,423.2208013430512,2823.2248312269767,39.49534202750883,0.0,-2,-1,5.0,5.0,64,21,12.794881457087847,12.924765145872925,11.674368212102681,206.2326689991114,0,2,2,9,9,110,0.02942165433759247,0.04203093476798924,38.0,153.0
F7_18.0,N15,N16,800.0,1,2400.0,1825.6662741451541,19,19,12,20,574.3337258548456,3425.666274145154,42.77436347673398,0.0,1,1,9.0,9.0,26,2,10.254324218069709,74.5968667768575,10.254324218069709,211.12857116215068,0,0,0,1,0,51,0.05884330867518494,0.004203093476798925,136.00000000000006,189.0
F2_18.7,N15,N16,800.0,1,2400.0,2229.9201000648463,38,38,18,19,170.07989993515343,3829.9201000648463,43.012444172996915,0.0,0,-1,0.0,0.0,50,6,11.245975406153335,107.67031734786724,10.74844766990713,220.40976586869618,0,0,0,2,2,75,0.023117014122394083,0.015761600537995964,127.00000000000006,148.0
F2_19.3,N15,N16,800.0,-1,2400.0,1249.0117388281856,52,52,26,34,449.00746731652055,2849.0117388281856,39.77898399112566,0.0,-2,1,39.0,39.0,66,27,12.312017198167423,45.11193108566863,11.433917124057599,200.78115876025018,0,0,0,10,9,112,0.025218560860793545,0.04203093476798924,36.0,148.0
F7_17.1,N15,N16,800.0,1,2400.0,1784.2986778408035,39,39,18,18,615.7013221591964,3384.2986778408035,42.652214115795296,0.0,1,1,32.0,32.0,52,7,10.743576953893909,43.37703827165751,11.957678841026285,216.58776211960682,0,0,0,3,1,75,0.0777572293207801,0.021015467383994624,94.99999999999994,168.0
F7_12.3,N15,N16,800.0,1,2400.0,2390.3779579965912,27,27,15,22,9.622042003408637,3990.3779579965912,42.51555521624614,0.0,-1,-1,33.0,33.0,36,2,10.059457482770364,14.144436569067238,10.208952023494867,216.40468457336289,0,1,0,11,9,64,0.07145258910558171,0.006757959226066339,153.99999999999994,161.0
F2_18.5,N15,N16,800.0,-1,2400.0,976.2865872431216,53,53,30,34,176.28381441969805,2576.2865872431216,40.00338694162366,0.0,-2,1,25.0,25.0,67,30,12.518553612793795,31.003456647110056,11.51275903016691,197.51956756902416,0,0,0,6,5,117,0.02942165433759247,0.047284801613987903,16.0,160.0
F2_19.2,N15,N16,800.0,-1,2400.0,1532.6635292852034,43,43,28,27,732.6439743781177,3132.6635292852034,39.88917999534406,0.0,-2,-1,23.0,23.0,55,15,12.632892049473837,75.77943299162402,11.027214986955428,206.0248986469437,0,1,1,9,9,98,0.023117014122394083,0.03887861466039005,65.0,157.0
F2_16.5,N15,N16,800.0,-1,2400.0,1466.2447455026036,50,50,27,33,666.1535657218589,3066.2447455026036,39.49534202750883,0.0,-2,-1,5.0,5.0,64,21,11.069750824417499,88.10041323995632,11.905866028525233,206.2326689991114,0,2,2,25,19,110,0.054640215198386015,0.04203093476798924,55.0,155.0
F2_12.2,N15,N16,800.0,1,2400.0,2322.5986758968866,30,30,17,21,77.40132410311367,3922.5986758968866,42.51555521624614,0.0,1,-1,24.0,24.0,41,2,11.427594812377425,19.58825211654016,12.003615710881068,222.15855835874234,0,0,0,2,0,68,0.05037944579224368,0.010507733691997312,147.0,164.0
F7_18.1,N15,N16,800.0,-1,2400.0,1330.2080622674853,43,43,28,28,530.1599590013227,2930.2080622674853,39.85390466904624,0.0,-2,-1,20.0,20.0,55,15,11.22142953007712,132.08961274685032,10.402794295925297,207.83576021290162,0,2,2,21,18,99,0.05674176193678548,0.03991532150016265,51.0,166.0
F2_18.6,N15,N16,800.0,1,2400.0,2399.653672507871,31,31,17,21,0.3463274921291486,3999.653672507871,42.51555521624614,0.0,1,-1,23.0,23.0,42,2,8.575044746830672,591.4053791216356,10.862737435025334,219.48185140041818,0,0,0,3,3,69,0.02450277593883673,0.010507733691997312,151.00000000000006,164.0
F7_8.1,N15,N16,800.0,1,2400.0,2388.6318776397397,40,40,19,18,11.368122360260259,3988.6318776397397,41.80016896913482,0.0,1,1,24.0,24.0,53,7,10.38287507230252,61.4231467990719,12.173586621487953,216.5539878762332,0,0,0,9,6,77,0.07565568258238063,0.023117014122394083,147.0,133.0
F1_18.1,N15,N16,800.0,1,2400.0,2398.291153478638,33,33,16,20,1.7088465213620339,3998.291153478638,42.51555521624614,0.0,-1,-1,20.0,20.0,44,2,9.896317406763131,53.13161984960607,13.833717250243716,221.49351671981813,0,2,0,14,11,69,0.07565568258238063,0.012609280430396773,176.0,153.0
F2_19.1,N15,N16,800.0,1,2400.0,1609.6366577351705,42,42,27,27,790.3633422648296,3209.6366577351705,39.88917999534406,0.0,1,-1,26.0,26.0,54,15,7.57807241637701,11.398438596104173,9.727362183172355,0.6611179894735321,0,0,0,0,0,96,0.17677717237102605,0.0,72.00000000000006,163.0
F2_17.4,N15,N16,800.0,1,2400.0,2398.6801618543914,35,35,17,20,1.3198381456088555,3998.6801618543914,43.012444172996915,0.0,1,-1,11.0,11.0,46,3,11.003358361839112,30.978859613180248,11.101431317973473,212.764350017993,0,0,0,6,4,72,0.046234028244788165,0.013885942054620067,161.0,160.0
F1_16.0,N15,N22,800.0,1,2400.0,1779.5494651957779,13,53,13,0,620.4505348042219,3379.549465195778,40.437015095003034,41.54474097331241,1,-1,16.0,16.0,53,26,10.613486858015957,12.675754388987116,10.884504159811245,217.21498067205647,0,0,0,5,1,66,0.06935104236718224,0.00945696032279758,127.00000000000006,178.0
F2_15.3,N15,N22,800.0,-1,2400.0,1369.06361063045,14,53,14,1,569.0084222432554,2969.06361063045,40.00338694162366,34.645287296477406,-2,-1,24.0,24.0,67,30,11.709795754974701,93.23311810643463,10.99538573477836,202.37279648573076,0,0,0,10,9,68,0.025218560860793545,0.013660053799596504,53.0,176.0
F7_16.3,N15,N22,800.0,1,2400.0,2361.015286683192,12,56,12,0,38.9847133168081,3961.015286683192,40.112196891431566,40.658331732407355,1,-1,0.0,0.0,51,25,11.445636448628093,93.3363426620067,13.22879320890326,213.4962212658049,0,0,0,2,0,68,0.045975263398994264,0.01050773369199731,138.99999999999994,165.0
F2_15.5,N15,N22,800.0,1,2400.0,2171.0236857791665,14,56,14,1,228.9763142208335,3771.0236857791665,40.11108723842598,34.99438878851876,-1,-1,31.0,31.0,67,34,9.994810395318938,12.460470350779815,10.365618873705454,224.86646957023467,0,0,0,5,0,71,0.039358105445818116,0.013660053799596504,120.0,139.0
F7_10.1,N15,N16,800.0,1,2400.0,2393.603469120961,40,40,19,18,6.396530879038892,3993.603469120961,42.652214115795296,0.0,1,1,30.0,30.0,53,7,10.720819019754607,45.28120757521128,12.392731499331266,213.15678732267673,0,0,0,9,6,77,0.07565568258238063,0.021015467383994624,147.0,197.0
F7_12.2,N15,N16,800.0,1,2400.0,2353.215771424205,39,39,18,18,46.78422857579517,3953.215771424205,42.652214115795296,0.0,1,1,31.0,31.0,52,7,10.441764719578423,403.17329036344995,10.973983746664207,215.02324583255373,0,0,0,8,5,75,0.07607162374079893,0.021015467383994624,155.0,196.0
F0_17.0,N15,N16,800.0,1,2400.0,1702.8330054212092,53,53,32,34,697.1669945787905,3302.8330054212092,40.00338694162366,0.0,1,1,21.0,21.0,67,32,11.353306895999259,243.98104009801767,12.673325325532822,219.76853559834046,0,0,0,0,0,119,0.04203093476798924,0.047284801613987903,73.0,181.0
F2_10.2,N15,N16,800.0,1,2400.0,2279.1977039518647,42,42,26,27,120.80229604813519,3879.1977039518647,39.88917999534406,0.0,1,-1,28.0,28.0,54,15,9.99358243004613,254.60438636243111,10.170986746553353,230.92354599048903,0,0,1,3,1,95,0.0441324815063887,0.035848754479940736,144.0,177.0
F2_17.5,N15,N16,800.0,1,2400.0,2399.006351386757,38,38,17,19,0.9936486132429536,3999.006351386757,42.652214115795296,0.0,-1,1,37.0,37.0,50,7,9.447112634069912,82.54981795403864,9.76351086757452,220.46985197381193,0,1,0,8,5,74,0.0441324815063887,0.016669803490370172,162.00000000000006,196.0
F7_8.0,N15,N16,800.0,1,2400.0,2320.600561342999,40,40,22,18,79.39943865700116,3920.600561342999,40.487058193369,0.0,1,1,7.0,7.0,51,9,10.75449067886077,54.32007391416914,12.210075198595813,218.9086014492723,0,0,0,7,6,80,0.06514794889038333,0.026269334229993276,145.0,188.0
F7_19.3,N15,N16,800.0,-1,2400.0,1558.3101475784774,48,48,40,29,758.029878283832,3158.3101475784774,39.21004850553523,27.831932773109244,-2,0,2.0,2.0,61,36,11.656951286653142,65.15551291356635,10.727395568055421,202.84412955223885,0,0,0,36,25,117,0.0777572293207801,0.05148789509078682,69.0,174.0
F1_12.1,N15,N16,800.0,1,2400.0,2170.6741516830325,53,53,29,34,229.3258483169675,3770.6741516830325,40.11108723842598,0.0,1,1,29.0,29.0,67,29,11.718358324947191,12.658117510630518,11.462099933480248,219.67931209163112,0,0,0,5,4,116,0.03992938802958978,0.047284801613987903,149.0,139.0
F2_18.8,N15,N16,800.0,1,2400.0,2248.394520309473,52,52,27,34,151.60547969052698,3848.394520309473,40.11108723842598,0.0,-1,1,35.0,35.0,66,27,10.546501354529369,12.67901809458931,9.730399519049907,224.17270959727637,0,0,0,4,4,113,0.031523201075991936,0.043831982639775335,131.0,152.0
F7_19.2,N15,N16,800.0,1,2400.0,2282.7377579814893,42,42,24,24,117.2622420185105,3882.7377579814893,39.91346472872314,0.0,-1,-1,34.0,34.0,53,14,10.044394100877819,53.99189397821783,11.340203839194572,223.41994914357616,0,2,1,7,6,90,0.07145258910558171,0.03362474781439139,146.0,179.0
F2_19.7,N15,N16,800.0,1,2400.0,2395.3793537141846,50,50,27,33,4.620646285815383,3995.3793537141846,39.47794002845741,0.0,1,-1,6.0,6.0,64,20,11.168269349743731,12.805833010884498,10.601981858610078,223.93099963813145,0,0,2,6,5,110,0.03992938802958978,0.04203093476798924,146.0,165.0
F2_17.6,N15,N16,800.0,1,2400.0,2115.4711333495284,39,39,25,22,284.52886665047174,3715.4711333495284,40.08936989376115,0.0,1,-1,38.0,38.0,50,13,9.920895118504262,140.87044684200077,10.311295352659783,237.73526924483235,0,0,1,2,1,86,0.04759734510559584,0.03156000792565016,169.00000000000006,169.0
F2_17.9,N15,N16,800.0,1,2400.0,2045.6475789720416,53,53,32,34,354.35242102795826,3645.6475789720416,40.00338694162366,0.0,-1,1,21.0,21.0,67,32,8.181090832317361,17.28773211306634,9.983390228474683,229.54208441982982,0,1,0,4,4,119,0.03976880208928747,0.047284801613987903,127.0,159.0
F1_16.2,N15,N22,800.0,1,2400.0,2398.261992465855,15,59,15,0,1.7380075341449128,3998.261992465855,40.13367525128102,39.71897580444722,-1,1,12.0,12.0,59,26,8.986276639276808,12.334448419652972,10.116453421558889,236.51205073154117,0,3,0,7,3,74,0.0441324815063887,0.011558507061197043,172.0,173.0
F1_16.1,N15,N22,800.0,1,2400.0,2393.4501969954254,14,64,14,1,6.549803004574642,3993.4501969954254,39.18687830217601,35.42437867803746,-1,1,30.0,30.0,63,33,8.467373963261325,74.06946512162926,9.529668493278244,234.2168986000635,0,2,0,17,6,79,0.08616341627437794,0.015761600537995964,135.0,145.0
F0_16.0,N15,N22,800.0,1,2400.0,1752.6461291335863,14,64,14,1,647.3538708664138,3352.6461291335863,39.18687830217601,35.42437867803746,-1,1,30.0,30.0,63,33,3.7913942032488253,9.769650531507523,8.341005132376843,234.2168986000635,0,2,0,5,2,79,0.08616341627437794,0.015761600537995964,118.0,159.0
F7_15.5,N15,N22,800.0,1,2400.0,2391.254468311824,14,53,14,1,8.74553168817613,3991.254468311824,40.00338694162366,34.645287296477406,1,-1,25.0,25.0,67,30,9.588558083081834,49.14496620008413,10.376012849077947,222.15434120445232,0,0,0,14,5,68,0.08196032279757902,0.013660053799596504,164.0,157.0
F2_15.4,N15,N22,800.0,1,2400.0,2396.537739172936,15,57,15,0,3.462260827063801,3996.537739172936,39.695953114179055,39.71897580444722,1,1,0.0,0.0,67,28,10.491968616358006,37.50789465918501,9.686913395904966,225.67894299811795,0,0,0,6,0,72,0.035726294552790853,0.011558507061197041,153.0,186.0
F0_18.0,N15,N16,800.0,1,2400.0,2046.482334154201,53,53,30,34,353.5176658457989,3646.482334154201,40.00338694162366,0.0,1,1,24.0,24.0,67,31,11.094783060368746,114.71760637770376,11.481545846801215,221.18906954819514,0,0,0,3,3,117,0.0441324815063887,0.047284801613987903,146.0,201.0
F7_12.6,N15,N16,800.0,1,2400.0,2395.2359114944643,55,55,33,34,4.764088505535824,3995.2359114944643,40.00338694162366,0.0,1,1,20.0,20.0,69,32,11.577396153626987,100.31144764507485,12.452112575448208,217.87241952899373,0,0,0,9,8,122,0.04203093476798924,0.04799794923356167,149.0,196.0
F0_12.0,N15,N16,800.0,1,2400.0,2394.463230017412,43,43,28,28,5.536769982587884,3994.463230017412,39.85390466904624,0.0,-1,-1,21.0,21.0,55,15,9.229643098476249,104.00206256626575,13.496200639244817,225.08148077228387,0,2,1,4,2,99,0.035726294552790853,0.03887861466039005,188.0,203.0
F0_19.1,N15,N16,800.0,1,2400.0,2148.5204752377967,53,53,30,34,251.47952476220325,3748.5204752377967,40.00338694162366,0.0,1,1,25.0,25.0,67,30,11.83422800597584,17.0344708865548,11.450401384631556,222.15434120445232,0,0,0,6,5,117,0.04203093476798924,0.047284801613987903,152.0,202.0
F7_16.4,N15,N22,800.0,1,2400.0,2397.889291479092,12,59,12,0,2.110708520907565,3997.889291479092,40.08979777773423,39.71897580444722,-1,1,16.0,16.0,54,26,8.927084641486314,173.44840136911785,13.382231920494416,230.26776736523792,0,2,0,4,2,71,0.03992938802958978,0.011558507061197043,199.0,180.0
F7_15.4,N15,N22,800.0,1,2400.0,2397.056972867491,13,55,13,1,2.943027132509201,3997.056972867491,39.358930340477016,35.43950005096373,1,-1,8.0,8.0,64,27,10.051679599947922,139.5347387403665,11.876382708329922,222.62370166385665,0,0,0,12,5,69,0.07355413584398117,0.015353694714398047,161.0,172.0
F7_18.10,N15,N16,800.0,1,2400.0,2397.552427449765,47,47,38,28,2.4475725502347814,3997.552427449765,39.22658010768901,27.831932773109244,1,1,3.0,3.0,60,33,9.977456868636816,40.296496536747554,9.63388182648573,217.12513080802228,0,0,0,12,6,113,0.07145258910558171,0.05043712172158709,142.0,204.0
F7_19.5,N15,N16,800.0,1,2400.0,2398.0868854340747,50,50,41,30,1.9131145659254116,3998.0868854340747,39.21004850553523,27.831932773109244,0,0,1.0,1.0,63,36,11.171054094660452,22.233983486086345,10.63513761694222,217.16299626426135,0,0,0,10,10,121,0.0441324815063887,0.05148789509078682,138.0,204.0
F7_18.7,N15,N16,800.0,1,2400.0,2395.369842935286,50,50,38,30,4.630157064713785,3995.369842935286,39.20151271328385,27.831932773109244,1,1,6.0,6.0,63,31,11.54639977702184,12.475476390134418,10.42837473249054,218.3182846666506,0,0,0,9,9,118,0.04455812134588886,0.0504371217215871,160.0,197.0
F2_12.7,N15,N16,800.0,1,2400.0,2396.2784495271762,49,49,48,45,3.721550472823651,3996.2784495271762,38.91697104821965,38.68528077367642,1,-1,5.0,5.0,61,45,10.923296825553024,142.86356020732114,11.055473095570377,223.612416922458,0,0,7,3,2,142,0.046234028244788165,0.06304640215198386,147.0,231.9999999999999
F7_12.4,N15,N16,800.0,1,2400.0,1901.8808459383094,48,48,38,30,498.11915406169055,3501.8808459383094,39.2150141719731,27.831932773109244,1,1,4.0,4.0,61,33,10.993332930711723,23.84015168522501,9.368607057595217,216.30053027657686,0,0,0,5,3,116,0.07355413584398117,0.05043712172158709,153.0,262.0
F7_16.7,N15,N16,800.0,1,2400.0,2397.6682148017226,53,53,50,47,2.3317851982772027,3997.6682148017226,39.17466161185918,40.88236316516645,1,1,31.0,31.0,64,48,8.433818372705858,91.97205435491674,9.941004176964947,232.4731918967304,0,0,0,14,9,150,0.09222910460413712,0.06724949562878278,153.0,222.0
F1_12.0,N15,N16,800.0,1,2400.0,2398.523361346729,53,53,47,47,1.4766386532709248,3998.523361346729,39.048301390863024,40.70908405720036,1,1,41.0,41.0,64,46,5.440995250826311,59.12924348253023,11.89135227897404,277.4261853608199,0,17,7,17,10,147,0.09654395932941934,0.06591000532781072,174.0,212.0
F9_4.21,N15,N16,800.0,1,2400.0,2396.982746447759,121,121,114,129,3.0172535522410726,3996.982746447759,33.61786228028466,30.221885152950037,1,-1,29.0,29.0,206,294,8.679763387166675,248.17161105622904,7.790405631081685,277.8349039868705,0,0,32,6,0,364,0.037827841291190316,0.11978816408876934,165.0,157.0
F9_4.25,N15,N16,800.0,1,2400.0,2395.2677117179883,116,116,115,134,4.732288282011723,3995.2677117179883,33.36184260260594,30.0734901730773,-1,1,25.0,25.0,219,298,8.501125815098236,400.3144656557681,7.934834836444304,283.8115198643679,0,0,26,3,1,365,0.0336247478143914,0.12086342363186203,185.0,179.0
F9_4.26,N15,N16,800.0,1,2400.0,2393.3998821258374,129,129,141,146,6.600117874162379,3993.3998821258374,31.695443102185624,29.200979770671896,-1,1,23.0,23.0,241,325,8.323883384512737,9.743059886887067,8.118484838110215,278.41880597173184,0,0,24,11,2,416,0.07145258910558171,0.11453429724277069,192.0,184.0
F9_4.28,N15,N16,800.0,1,2400.0,2399.1958980319678,133,133,146,147,0.8041019680322279,3999.1958980319678,31.636057757378424,28.998442161580236,-1,1,1.0,1.0,244,329,7.279147016508755,8.8446283420476,7.672920392390936,295.0233648666015,0,2,20,16,4,426,0.06935104236718224,0.10843767871496572,183.0,175.0
F9_4.23,N15,N16,800.0,1,2400.0,2394.109773603176,129,129,136,147,5.890226396824005,3994.109773603176,32.67972651338314,29.579237553189795,-1,1,25.0,25.0,233,312,4.389155112932169,8.773186370799522,7.70359174000828,326.5118125131181,0,5,26,6,0,412,0.05884330867518494,0.11442512666565469,190.0,289.0
F9_4.24,N15,N16,800.0,1,2400.0,2398.168132811661,129,129,141,144,1.8318671883391744,3998.168132811661,32.19449849341668,29.56009189989101,1,-1,38.0,38.0,223,321,7.025253434810374,31.768398946033585,8.706301966998547,294.1514179675662,0,0,15,6,1,414,0.06724326137645784,0.10928043039677203,172.99999999999977,326.0
F3_14.40,N15,N22,800.0,1,2400.0,2393.1972721982024,116,136,116,84,6.802727801797573,3993.1972721982024,29.824354830901648,31.929136345968587,0,-1,2.0,2.0,339,182,10.083691724627636,29.235244431878073,9.889858489836207,245.6188354946142,0,0,36,8,2,336,0.0672494956287828,0.10928043039677203,142.0,161.0
F3_15.28,N15,N22,800.0,1,2400.0,2390.8339629032007,108,135,108,84,9.1660370967993,3990.8339629032007,29.920121577380712,31.896103518990518,1,-1,18.0,18.0,325,179,9.812768100618111,122.04665971207942,10.975905070481822,247.8382557606304,0,0,23,12,1,327,0.06935104236718224,0.1029225559159038,152.0,171.0
F3_11.30,N15,N22,800.0,1,2400.0,2398.8780261733536,109,135,109,84,1.121973826646581,3998.8780261733536,29.91874187056841,31.896103518990518,1,-1,17.0,17.0,326,181,9.954267915499297,11.140803344245796,10.596723776593045,246.57204704191903,0,0,22,12,2,328,0.06935104236718224,0.10297579018157364,155.0,162.0
F9_4.27,N15,N16,800.0,1,2400.0,2397.83863157606,130,130,146,145,2.1613684239399618,3997.83863157606,31.636057757378424,29.004378736633086,-1,1,3.0,3.0,239,330,7.213598951650259,8.618074170169393,7.006766382080033,294.81317278170064,0,2,19,15,3,421,0.06935104236718224,0.1082296570275723,176.0,423.0
F3_13.31,N15,N22,800.0,1,2400.0,2399.1982925313578,121,130,121,92,0.8017074686423484,3999.1982925313578,29.509130016362565,31.788350962557264,1,-1,14.0,14.0,325,183,9.80137363777571,171.0991121676018,9.446070774248659,247.80619097698403,0,0,26,6,1,343,0.07822514218270948,0.10612811028917284,167.0,157.0
F9_8.43,N15,N16,800.0,1,2400.0,2396.200747898226,121,121,148,130,3.799252101773959,3996.200747898226,28.871611451244934,25.832855692000436,1,-1,34.0,34.0,362,372,7.178333632736746,7.785745638384469,6.281704974663731,388.83346055514755,0,9,11,11,1,399,0.06304640215198387,0.06514794889038332,183.0,148.0
F9_8.38,N15,N16,800.0,1,2400.0,2399.5374152226887,119,119,152,128,0.46258477731157654,3999.5374152226887,28.877441843904997,25.846137414108423,1,-1,37.0,37.0,358,371,6.109906828208214,7.7593001867021485,6.485893498925731,399.86729073785745,0,10,6,11,0,399,0.06523224898220646,0.06514794889038332,188.0,148.0
F9_8.41,N15,N16,800.0,1,2400.0,2397.9614162478706,121,121,148,130,2.038583752129398,3997.9614162478706,28.862355788869444,25.83571852544227,1,-1,32.0,32.0,364,372,7.857761847215635,8.328805923320488,7.195618409051834,377.30144873953174,0,9,13,11,2,399,0.06514794889038333,0.06514794889038332,186.0,146.0
F9_8.44,N15,N16,800.0,1,2400.0,2399.272059329608,123,123,148,131,0.7279406703917175,3999.272059329608,28.84097711519346,25.82569285293692,1,-1,30.0,30.0,364,373,7.641516885797159,5.958235579783604,4.677501930955325,376.7810667619753,0,8,14,11,3,402,0.06514794889038333,0.06514794889038332,183.0,165.0
F3_15.34,N15,N22,800.0,1,2400.0,2393.981622487656,121,132,121,94,6.018377512344273,3993.981622487656,28.98859547161067,31.411894242240205,1,-1,3.0,3.0,351,189,8.134534774781704,11.679740828438753,8.857929654987865,260.3688495893919,0,0,38,14,3,347,0.10297579018157364,0.11978816408876933,247.0,153.0
F3_15.33,N15,N22,800.0,1,2400.0,2393.915552116765,122,133,122,93,6.084447883235157,3993.915552116765,28.980752334355767,31.420153545961693,1,-1,1.0,1.0,353,191,8.647044940547374,11.28473596475692,9.400084979393792,256.70222535676453,0,0,40,13,3,348,0.09920326297875057,0.12028278436945225,345.0,207.0
F3_15.35,N15,N22,800.0,1,2400.0,2396.839405473357,121,143,121,98,3.1605945266428535,3996.839405473357,28.809666700085284,31.358565502133075,-1,1,26.0,26.0,363,199,6.406911487076638,47.2265711094235,8.562089562118954,296.7243177666183,0,13,31,21,6,362,0.11348352387357095,0.11980729688762853,395.0,168.0
F3_15.38,N15,N22,800.0,1,2400.0,2395.5527888552756,122,145,122,99,4.447211144724406,3995.5527888552756,28.809666700085284,31.35427978784736,-1,1,24.0,24.0,365,202,5.9564898439657785,12.211966441538607,10.25129276405344,303.13999689844553,0,14,32,22,7,366,0.11765391215359283,0.11978816408876933,395.0,166.0
F3_13.30,N15,N22,800.0,1,2400.0,2399.0936471387276,136,123,136,99,0.9063528612721257,3999.0936471387276,28.74626687152876,31.12835314123472,1,-1,3.0,3.0,381,214,3.658745013127689,18.133070115063447,10.495615948443227,298.2891584184906,0,11,29,33,9,358,0.13243570020405168,0.12819435104236718,422.0,159.0
F3_15.29,N15,N22,800.0,1,2400.0,2393.162461662654,134,127,134,97,6.837538337346018,3993.162461662654,28.530294063155644,31.118494318993328,-1,1,37.0,37.0,376,220,4.463643571080017,27.8706933244855,10.070210085972649,305.4655046193382,0,15,28,33,10,358,0.1387020847343645,0.12839665641396023,426.0,162.0
F3_15.31,N15,N22,800.0,1,2400.0,2398.1149343830275,138,137,138,102,1.8850656169723834,3998.1149343830275,28.357656849893594,31.027873476646427,-1,1,23.0,23.0,385,229,4.5196042578339926,21.28891952841036,9.921664623056039,326.97932060443935,0,25,26,34,12,377,0.14080363147276395,0.12426141202536482,482.0,169.0
F3_15.39,N15,N22,800.0,1,2400.0,2398.8950724261585,147,122,147,107,1.1049275738415645,3998.8950724261585,28.18561606652119,30.856398188442192,1,-1,3.0,3.0,398,277,5.01794592241228,37.90313550442124,8.366561706342273,294.8167134881529,0,4,49,25,13,376,0.13033416138545348,0.1387020847343645,499.0,178.0
F3_15.30,N15,N22,800.0,1,2400.0,2393.365504863944,140,135,140,105,6.63449513605633,3993.365504863944,27.82354666476926,30.772491040854817,-1,1,28.0,28.0,391,283,2.755907720698024,59.44836634227477,10.130917875262506,332.0884535130908,0,20,43,29,16,380,0.1387020847343645,0.13767044259024397,490.0,165.0
F3_15.32,N15,N22,800.0,1,2400.0,2399.8062082303613,145,142,145,105,0.19379176963889222,3999.8062082303613,27.70797168559624,30.643681900982813,-1,1,14.0,14.0,404,280,2.852481626728273,10.79807106564931,8.774215724546178,356.2849028226732,0,36,41,33,20,392,0.14975833412523146,0.13556900236602873,486.0,213.0
F3_15.37,N15,N22,800.0,1,2400.0,2390.4939585757,160,137,160,105,9.506041424299838,3990.4939585757,27.33194328378887,30.488567798554914,-1,1,36.0,36.0,409,324,1.4048498820079007,10.631874368928266,9.19443190786725,376.7915727132357,0,31,45,48,22,402,0.18370529634410485,0.15658437065337633,486.0,180.0
F3_15.41,N15,N22,800.0,1,2400.0,2399.7413718851535,160,137,160,103,0.25862811484648773,3999.7413718851535,27.332146895300934,30.488567798554914,-1,1,35.0,35.0,410,326,1.495786180584944,10.564110253771787,8.816678220973428,376.08302348687045,0,34,42,49,23,400,0.1828345662407532,0.15658437065337633,488.0,185.0
F3_15.40,N15,N22,800.0,1,2400.0,2393.521310226013,154,134,154,104,6.478689773986616,3993.521310226013,27.608865435699233,30.494817699553618,1,-1,11.0,11.0,406,317,2.608111196773317,19.26016467070849,9.367900869370297,352.31184204674645,0,29,48,44,20,392,0.1807712910829924,0.15244511434926084,501.0,192.0
F3_15.36,N15,N22,800.0,1,2400.0,2391.444937174693,162,139,162,105,8.555062825307004,3991.444937174693,27.33239333801767,30.465776302018995,-1,1,32.0,32.0,414,325,1.6367636267792067,15.0475178556037,11.6123800208076,372.7021666443994,0,36,44,50,24,406,0.18493611297915266,0.15658437065337633,492.0,183.0
F2_10.1,N15,N16,800.0,1,2400.0,1668.858031244808,7,7,45,0,731.1419687551921,3268.858031244808,0.0,0.0,1,-1,36.0,36.0,17,10,10.678523375426261,12.97201789268729,10.767522078098526,209.0374980161894,0,0,0,2,1,52,0.0609448554135844,0.0,79.0,132.0
F2_12.2,N15,N16,800.0,-1,2400.0,1044.9671067644174,25,25,56,2,244.94010783499868,2644.9671067644176,39.57398411059252,39.77802677892956,-2,1,1.0,1.0,47,16,10.431766861248134,121.99830998532593,10.229870076809497,217.60007330030635,0,0,0,3,3,83,0.014710827168796235,0.00840618695359785,21.0,118.0
F2_19.0,N15,N22,800.0,-1,2400.0,1163.7259432173023,20,6,20,0,363.72235747369575,2763.7259432173023,0.0,0.0,-2,-1,35.0,35.0,39,4,11.254689648677427,14.00795041773307,11.45460630605638,204.17728488398197,0,0,0,2,2,26,0.00840618695359785,0.00945696032279758,33.0,148.0
F2_15.0,N15,N22,800.0,-1,2400.0,1150.0391388681303,20,6,20,0,350.03563779221776,2750.03913886813,0.0,0.0,-2,-1,38.0,38.0,38,4,11.868586430496313,200.0,11.868586430496313,202.47160744606197,0,0,0,0,0,26,0.00840618695359785,0.00945696032279758,31.0,165.00000000000006
F2_8.1,N15,N16,800.0,-1,2400.0,1210.9493492683903,23,23,52,2,410.91401164497483,2810.9493492683905,0.0,0.0,-2,1,30.0,30.0,45,20,9.795115843391628,92.35512517535511,9.795115843391628,228.0857442369951,0,0,0,1,1,77,0.00840618695359785,0.007355413584398118,41.0,142.0
F2_10.0,N15,N16,800.0,1,2400.0,2102.056852826486,5,5,45,0,297.943147173514,3702.056852826486,0.0,0.0,-1,1,35.0,35.0,13,8,11.169843217899501,12.52855279059986,11.169843217899501,215.1769804210284,0,0,0,1,0,50,0.04833557498318763,0.0,127.0,148.0
F2_19.2,N15,N22,800.0,1,2400.0,2393.4228393451112,13,6,13,0,6.57716065488853,3993.4228393451112,0.0,0.0,1,1,25.0,25.0,22,1,10.594946585104687,24.18230357270363,12.432396248165869,211.68186396879983,0,0,0,3,1,19,0.054640215198386015,0.005253866845998656,134.99999999999994,154.0
F2_18.0,N15,N22,800.0,1,2400.0,1706.0580076886054,10,6,10,0,693.9419923113945,3306.0580076886054,0.0,0.0,-1,-1,0.0,0.0,17,0,11.175154060410746,200.0,11.175154060410746,204.28317992249245,0,0,0,0,0,16,0.07355413584398117,0.0,84.0,220.0
F7_8.3,N15,N16,800.0,1,2400.0,2191.937617442298,15,15,52,0,208.06238255770234,3791.937617442298,0.0,0.0,-1,-1,12.0,12.0,30,14,4.930693019421036,421.8258549725308,9.815258519483358,245.59014359478056,0,1,0,2,2,67,0.035726294552790853,0.004203093476798925,126.00000000000006,149.0
F7_10.0,N15,N16,800.0,-1,2400.0,829.5333268220725,26,26,64,2,29.511305603293863,2429.5333268220725,40.557927691054005,39.65170190237899,-2,-1,3.0,3.0,55,20,11.300252800975656,91.29142317521007,10.974390699473142,223.0006076403132,0,0,0,6,6,92,0.027320107599193007,0.016812373907195696,4.0,173.0
F2_10.2,N15,N16,800.0,-1,2400.0,1052.1051759691393,39,39,60,2,252.10214865667183,2652.105175969139,40.04803329950552,39.734030987148564,-2,1,18.0,18.0,78,31,11.696199659365787,13.572546071297552,10.853210439686164,225.396054927177,0,0,0,2,2,101,0.012609280430396773,0.024167787491593814,24.0,134.0
F2_12.3,N15,N16,800.0,1,2400.0,1941.4465468439066,25,25,53,2,458.5534531560932,3541.4465468439066,0.0,38.66468441681309,-1,1,21.0,21.0,48,20,11.763382516782965,14.395234322093529,12.475693468707666,212.94288161595938,0,1,0,4,3,80,0.07145258910558171,0.007355413584398118,114.99999999999994,137.0
F2_10.3,N15,N16,800.0,1,2400.0,1774.9025709145558,27,27,55,2,625.0974290854442,3374.902570914556,0.0,39.071977999377125,-1,1,15.0,15.0,51,17,12.439112748987197,12.007487750553992,10.640120188409224,211.86033764755047,0,1,0,2,1,84,0.0777572293207801,0.0073554135843981175,108.0,143.0
F2_16.0,N15,N22,800.0,1,2400.0,2389.120616537182,18,6,18,0,10.879383462818168,3989.120616537182,0.0,0.0,1,1,7.0,7.0,34,1,12.29952922543687,23.096505516507705,12.681872091617755,208.21197886603326,0,0,0,10,6,24,0.09246805648957633,0.00840618695359785,140.0,160.0
F2_10.4,N15,N16,800.0,-1,2400.0,1456.3738134401033,24,24,61,2,656.2885249150763,3056.3738134401033,40.99127838583844,40.329217758563,-2,-1,16.0,16.0,46,16,10.657403042441324,25.787087600240653,9.456800893371529,224.07378238403484,0,0,0,9,9,87,0.023117014122394083,0.014710827168796235,68.99999999999994,143.0
F2_12.4,N15,N16,800.0,1,2400.0,1606.8584591327062,24,24,59,2,793.1415408672938,3206.8584591327062,40.542202239158094,40.329217758563,1,-1,26.0,26.0,45,16,3.5667009653217896,19.25455410214216,10.294055404131733,1.4046593893659922,0,0,0,0,0,85,0.7312968990646206,0.0,81.00000000000006,144.0
F2_12.1,N15,N16,800.0,1,2400.0,1626.4568994762708,25,25,56,2,773.5431005237293,3226.456899476271,39.8827105493232,39.77802677892956,-1,1,0.0,0.0,46,16,0.0,0.006443580395171011,0.0,229.25763826099808,0,6,0,2,0,83,0.08406186953597848,0.00840618695359785,96.99999999999994,157.0
F2_16.2,N15,N22,800.0,1,2400.0,2393.916485202501,24,7,24,0,6.083514797499106,3993.916485202501,39.5993195993196,0.0,-1,-1,6.0,6.0,51,4,9.390431582426242,118.61161399979846,9.11903792816282,219.59284559599487,0,4,0,12,10,31,0.09917515177505729,0.009456960322797579,166.00000000000006,147.0
F2_16.3,N15,N22,800.0,1,2400.0,1641.6825835524378,35,5,35,2,758.3174164475621,3241.682583552438,40.313571965884144,0.0,-1,-1,7.0,7.0,79,19,0.0,0.0010656978702172637,0.0,249.28620006154995,0,13,0,4,4,42,0.12399125756556827,0.023117014122394083,79.0,148.0
F2_16.1,N15,N22,800.0,-1,2400.0,1405.0460788970354,28,4,28,2,604.9817741591762,3005.0460788970354,40.557927691054005,0.0,-2,1,4.0,4.0,55,8,12.097818011016535,81.92381029523003,11.964070345856985,196.08462026078334,0,0,0,12,12,34,0.027320107599193007,0.022066240753194355,53.0,207.0
F2_18.2,N15,N22,800.0,1,2400.0,2393.533166583438,22,7,22,0,6.466833416562281,3993.533166583438,39.57398411059252,0.0,-1,-1,1.0,1.0,47,6,8.756306785874479,59.29886989294914,12.930460670669056,227.53851661738423,0,4,0,13,11,29,0.10087424344317418,0.00945696032279758,162.00000000000006,151.0
F2_17.3,N15,N22,800.0,1,2400.0,1683.6500049446395,33,5,33,2,716.3499950553605,3283.6500049446395,39.931456977226574,0.0,1,1,36.0,36.0,74,20,1.68442794051649,4.373776808032744,2.2274359586510917,238.94479791648624,0,2,0,6,3,40,0.10889643582099238,0.024167787491593814,90.0,132.0
F2_17.1,N15,N22,800.0,1,2400.0,2033.8560242319418,20,7,20,0,366.1439757680581,3633.856024231942,39.73153456269702,0.0,1,1,40.0,40.0,44,6,5.478461908665152,82.31163781021951,9.457654918605158,231.6443947359062,0,3,0,10,2,27,0.08196032279757902,0.00945696032279758,114.00000000000006,186.0
F7_12.0,N15,N16,800.0,-1,2400.0,1234.5530429099306,42,42,62,3,434.54891124154966,2834.553042909931,40.24733781208099,39.00462718195809,-2,1,4.0,4.0,80,32,11.016058676582478,274.37844542303975,11.589059107211753,226.31701065621755,0,0,0,4,3,107,0.014710827168796235,0.024167787491593817,42.0,181.0
F2_17.2,N15,N22,800.0,-1,2400.0,1432.4741363203561,35,4,35,2,632.4659225544968,3032.474136320356,39.941799061792075,0.0,-2,1,16.0,16.0,76,25,12.185850415288531,35.85440943462933,13.2940777862218,204.01167394024492,0,0,0,7,5,41,0.025218560860793545,0.03887861466039005,51.0,151.0
F2_19.4,N15,N22,800.0,1,2400.0,2396.8922425611277,21,6,21,0,3.1077574388724543,3996.8922425611277,40.542202239158094,0.0,1,1,29.0,29.0,45,7,10.69930290525949,44.31837331852694,12.938504658930583,215.96066589704742,0,0,0,10,3,27,0.0796262458738685,0.016616431719725783,158.00000000000006,150.0
F7_8.1,N15,N16,800.0,-1,2400.0,1203.1834476322178,40,40,64,3,403.1486672132325,2803.183447632218,40.335755198674796,39.31639891050054,-2,-1,41.0,41.0,77,32,10.622835780285753,44.54137548080496,10.710402109216064,228.79060852012435,0,0,0,13,9,107,0.0336247478143914,0.024167787491593817,42.0,172.0
F7_8.4,N15,N16,800.0,-1,2400.0,1587.3016334385816,30,30,64,2,787.200698042913,3187.3016334385816,40.165914353220266,39.65170190237899,-2,1,35.0,35.0,64,29,10.293995493141493,13.824645459024833,10.734299833418897,228.58753967707773,0,0,0,5,5,96,0.01147398399952964,0.02042141912794724,81.0,173.0
F7_8.7,N15,N16,800.0,-1,2400.0,1096.5803931528694,35,35,66,3,296.551436354411,2696.5803931528694,39.93760075135899,38.92611818232664,-2,-1,28.0,28.0,73,29,10.703689969988181,12.02354229425373,9.360786398580661,234.26852679618776,0,0,0,16,11,104,0.04203093476798924,0.02837088096839274,31.0,173.0
F7_8.6,N15,N16,800.0,1,2400.0,1895.6840921483686,24,24,61,2,504.31590785163155,3495.6840921483686,40.99127838583844,40.329217758563,-1,-1,17.0,17.0,46,16,5.807900747708741,55.16296349155027,8.420770358229168,259.02366305723945,0,3,0,5,5,87,0.05253866845998655,0.014710827168796235,115.00000000000006,169.0
F2_19.5,N15,N22,800.0,1,2400.0,1937.414115945725,38,4,38,2,462.58588405427497,3537.414115945725,40.09352592214329,0.0,-1,-1,20.0,20.0,79,15,1.8919265865726842,158.70824277138036,11.351559519436105,237.1554613438268,0,9,0,6,1,44,0.10011288645007335,0.023117014122394086,104.0,156.0
F0_12.0,N15,N16,800.0,1,2400.0,1649.4801181263701,27,27,63,2,750.5198818736297,3249.48011812637,40.165914353220266,39.65170190237899,-1,1,39.0,39.0,61,28,6.761395850527922,11.735503034976318,9.322084277924782,216.50786812059073,0,0,0,2,2,92,0.07985877605917956,0.016812373907195696,139.99999999999994,133.0
F7_8.2,N15,N16,800.0,-1,2400.0,1285.989693675846,42,42,63,3,485.9850037932479,2885.989693675846,40.55694355922958,39.07572524038965,-2,0,2.0,2.0,79,33,10.885665171263716,45.68264134192975,10.040760256438315,227.88341903765266,0,0,0,6,5,108,0.014710827168796235,0.024167787491593817,55.0,163.0
F0_15.0,N15,N22,800.0,1,2400.0,1763.5777358610926,34,5,34,2,636.4222641389073,3363.5777358610926,39.93760075135899,0.0,1,1,26.0,26.0,73,23,9.944190831116437,17.613815170502676,11.259136464748147,220.55268006575469,0,0,0,6,5,41,0.11768661735036988,0.03257397444519166,84.0,196.0
F1_17.0,N15,N22,800.0,1,2400.0,2180.37356032349,35,4,35,2,219.6264396765098,3780.37356032349,40.19741967627625,0.0,-1,-1,11.0,11.0,78,18,7.287598834378122,47.62614161165175,10.62287170120533,238.62631900424748,0,12,0,17,7,41,0.10087424344317418,0.023117014122394083,122.0,186.0
F2_15.1,N15,N22,800.0,1,2400.0,2300.816787355477,29,4,29,2,99.18321264452277,3900.816787355477,40.557927691054005,0.0,1,1,1.0,1.0,56,8,10.792562509503858,11.904102381010716,10.657978763788618,215.30492231969038,0,0,0,12,10,35,0.10717888365837257,0.022066240753194355,152.00000000000006,174.0
F2_17.4,N15,N22,800.0,1,2400.0,2395.674676900828,31,4,31,2,4.325323099171783,3995.674676900828,40.165914353220266,0.0,-1,-1,41.0,41.0,59,9,10.54359595140785,14.097379980110873,11.383589142397396,214.50765205238648,0,0,0,11,6,37,0.07565568258238063,0.023117014122394086,150.0,196.0
F2_18.3,N15,N22,800.0,1,2400.0,2042.3243488306339,35,4,35,2,357.6756511693661,3642.324348830634,40.0707080876131,0.0,-1,-1,14.0,14.0,78,18,4.294122357796235,77.91362329448111,11.649460937520693,239.1863607069822,0,10,0,10,9,41,0.11768661735036988,0.023117014122394086,124.0,196.0
F0_10.1,N15,N16,800.0,1,2400.0,2393.6443651216305,32,32,64,2,6.3556348783695285,3993.6443651216305,40.165914353220266,39.65170190237899,-1,1,34.0,34.0,66,30,10.800613808850171,28.71486856992692,10.349768480698701,221.51989741782137,0,2,0,16,3,98,0.1050773369199731,0.02101546738399462,158.0,179.0
F2_12.5,N15,N16,800.0,-1,2400.0,1226.6568102471265,38,38,72,2,426.62027141751133,2826.6568102471265,38.80386125601178,39.03167718044714,-2,1,28.0,28.0,92,42,9.98289312072789,24.161991494562244,7.807546821267947,240.19195989272987,0,0,0,19,14,112,0.06304640215198387,0.04413248150638871,46.0,197.0
F2_18.4,N15,N22,800.0,1,2400.0,2389.019816975296,37,4,37,2,10.980183024703933,3989.019816975296,39.73362996840996,0.0,1,1,9.0,9.0,80,28,9.739093477272029,12.612167010949861,10.115712954859982,217.20706803382228,0,0,0,13,7,43,0.09158191689985412,0.043158712252964124,148.0,146.0
F1_15.0,N15,N22,800.0,1,2400.0,1880.0736487107006,36,4,36,2,519.9263512892994,3480.0736487107006,39.96228894266787,0.0,1,1,18.0,18.0,77,24,10.782666744684828,12.1107785074596,9.621484793606362,220.19875197117648,0,0,0,8,8,42,0.11768661735036988,0.03733613155366257,141.0,158.0
F7_8.8,N15,N16,800.0,1,2400.0,1612.370306356544,37,37,72,2,787.6296936434562,3212.370306356544,39.73362996840996,39.03167718044714,-1,-1,11.0,11.0,79,33,0.0,175.91269112673962,8.222089434283458,246.44725631510244,0,2,0,0,0,111,0.0609448554135844,0.03167097793528413,95.0,180.0
F7_8.13,N15,N16,800.0,1,2400.0,2390.2404367911267,37,37,63,2,9.759563208873033,3990.2404367911267,40.165914353220266,39.65170190237899,1,1,28.0,28.0,73,31,11.193614586531616,23.154620739603388,11.116523392808293,228.13761770224926,0,0,0,2,2,102,0.014710827168796235,0.024167787491593817,165.99999999999994,176.0
F7_8.9,N15,N16,800.0,1,2400.0,1672.2790676082095,36,36,77,2,727.7209323917905,3272.2790676082095,39.061668765579476,39.03167718044714,-1,-1,0.0,0.0,84,36,0.161902170315591,30.48587596681682,0.64434088218282,304.19323465494614,0,8,1,4,4,115,0.02101546738399462,0.036777067921990585,92.0,174.0
F7_8.12,N15,N16,800.0,1,2400.0,2002.362458719891,35,35,65,3,397.6375412801088,3602.362458719891,39.93760075135899,38.89568686925182,-1,-1,31.0,31.0,72,31,8.381714198721907,47.492189090405645,9.450090189765543,240.17110911236674,0,1,0,6,6,103,0.05884330867518494,0.027320107599193007,130.0,174.0
F2_8.2,N15,N16,800.0,1,2400.0,1618.9697695719428,36,36,63,2,781.0302304280572,3218.969769571943,40.165914353220266,39.65170190237899,-1,1,29.0,29.0,71,30,0.0,0.001084779870325292,0.0,229.27460541394694,0,4,0,1,1,101,0.09036650975117687,0.024167787491593817,133.99999999999994,199.0
F2_18.1,N15,N22,800.0,-1,2400.0,1397.5406494894555,39,4,39,2,597.4785164145901,2997.5406494894555,39.73362996840996,0.0,-2,1,8.0,8.0,83,28,11.623323894340892,43.87086967948366,8.485724001443279,201.60217590159039,0,0,0,21,11,45,0.05674176193678548,0.04413248150638871,65.0,209.0
F2_8.3,N15,N16,800.0,1,2400.0,2081.15435200573,23,23,58,2,318.8456479942703,3681.15435200573,40.542202239158094,40.329217758563,1,-1,33.0,33.0,42,15,8.032789617345479,54.036924016679905,9.039232076576031,223.9230856100835,0,0,0,8,0,83,0.09790031224022888,0.00945696032279758,189.0,197.0
F7_12.2,N15,N16,800.0,1,2400.0,2141.6925157104906,41,41,61,3,258.30748428950926,3741.6925157104906,40.313571965884144,39.00462718195809,1,1,8.0,8.0,78,30,10.388515636340884,8.894229526117442,10.84736401255548,232.55592968192676,0,0,0,4,4,105,0.054640215198386015,0.024167787491593814,153.0,182.0
F7_10.2,N15,N16,800.0,1,2400.0,1801.7275458953895,37,37,70,2,598.2724541046103,3401.7275458953895,39.941799061792075,39.03167718044714,-1,-1,16.0,16.0,76,32,7.618037736789808,11.911945337267298,9.068846747651362,245.38222642857565,0,1,0,4,4,109,0.06304640215198387,0.030472427706792198,111.0,187.0
F1_19.0,N15,N22,800.0,1,2400.0,2052.3384396470865,35,4,35,2,347.6615603529133,3652.3384396470865,39.941799061792075,0.0,1,1,16.0,16.0,76,25,9.518940416554265,13.26389253893717,10.59971397710424,221.53405331381524,0,0,0,13,3,41,0.10087424344317418,0.03887861466039005,149.0,164.0
F2_8.0,N15,N16,800.0,1,2400.0,1611.5128111571526,42,42,62,3,788.4871888428476,3211.5128111571526,40.24733781208099,39.00462718195809,-1,1,3.0,3.0,81,32,0.0,281.1160433354776,9.363017266032486,249.56087889516738,0,13,0,0,0,107,0.10297579018157364,0.024167787491593817,111.0,204.0
F7_10.1,N15,N16,800.0,1,2400.0,2399.192483362999,38,38,63,2,0.807516637000731,3999.192483362999,40.165914353220266,39.65170190237899,1,1,26.0,26.0,76,33,9.901042056093232,32.38230845240969,10.121108608113692,230.906846927383,0,0,0,6,6,103,0.0441324815063887,0.024167787491593817,180.0,173.0
F7_12.1,N15,N16,800.0,1,2400.0,2399.8682412033445,26,26,62,2,0.13175879665539014,3999.8682412033445,40.557927691054005,39.65170190237899,-1,-1,8.0,8.0,55,16,6.603674225597058,119.41823821928028,9.95424826202862,257.8375795926153,0,3,0,6,6,90,0.05043712172158709,0.0168123739071957,187.0,197.0
F0_8.2,N15,N16,800.0,1,2400.0,2397.6786342348496,36,36,77,2,2.321365765150631,3997.6786342348496,39.061668765579476,39.03167718044714,0,-1,0.0,0.0,84,36,9.868773354450328,88.07778602753592,10.363855511526385,216.99658295421978,0,0,1,15,1,115,0.10928043039677203,0.036777067921990585,155.0,141.0
F2_19.8,N15,N22,800.0,1,2400.0,2398.162902873459,39,4,39,2,1.8370971265409253,3998.162902873459,39.73362996840996,0.0,1,1,8.0,8.0,83,28,9.879220741530895,11.517427437682045,9.874322956142173,218.84540736886277,0,0,0,14,8,45,0.0945696032279758,0.04413248150638871,150.0,200.0
F1_18.0,N15,N22,800.0,1,2400.0,1972.554225609097,37,4,37,2,427.4457743909029,3572.554225609097,39.73362996840996,0.0,1,1,9.0,9.0,80,28,10.737290761574267,19.65694450642559,9.000456964213965,217.20706803382228,0,0,0,8,6,43,0.11768661735036988,0.043158712252964124,146.0,211.0
F0_18.2,N15,N22,800.0,1,2400.0,2397.2518398978627,46,4,46,3,2.748160102137035,3997.2518398978627,38.80386125601178,27.437240382878816,-1,-1,30.0,30.0,90,32,8.37270547265489,12.999992901146925,10.911652281072683,227.22227723895477,0,6,5,18,12,53,0.11558507061197042,0.0441324815063887,138.0,199.0
F0_15.1,N15,N22,800.0,1,2400.0,2395.92775577479,48,4,48,3,4.07224422521017,3995.92775577479,38.80386125601178,27.437240382878816,-1,-1,28.0,28.0,92,32,8.188306101554419,13.058099283956835,10.443497836557277,230.34646556834508,0,7,5,19,13,55,0.1140645173897508,0.0441324815063887,134.0,202.0
F1_15.4,N15,N22,800.0,1,2400.0,2393.8539830676687,47,4,47,3,6.146016932331463,3993.8539830676687,38.465066028433725,32.07055234189993,-1,-1,2.0,2.0,97,33,7.074443795816765,14.557019774645823,11.757387728717717,245.84350120063314,0,16,6,24,16,54,0.13239744451916613,0.0441324815063887,172.0,155.0
F7_10.3,N15,N16,800.0,1,2400.0,2286.8629920985363,37,37,72,2,113.13700790146368,3886.8629920985363,39.73362996840996,39.03167718044714,-1,-1,10.0,10.0,79,33,8.41425230481729,429.2257488273699,9.150181702528709,246.71748452506716,0,2,0,6,6,111,0.05884330867518494,0.03257397444519166,183.0,181.0
F0_15.2,N15,N22,800.0,1,2400.0,2398.895251934414,48,4,48,3,1.1047480655860227,3998.895251934414,38.80386125601178,27.437240382878816,-1,-1,28.0,28.0,92,32,8.558956890242431,11.160769204825328,9.328052064692638,230.34646556834508,0,7,5,14,10,55,0.1050773369199731,0.0441324815063887,183.0,181.0
F2_19.6,N15,N22,800.0,1,2400.0,1972.9051786230739,36,4,36,2,427.09482137692606,3572.905178623074,39.941799061792075,0.0,1,1,12.0,12.0,78,26,10.650024660370383,58.682986957099956,11.309367723874622,218.1824703633039,0,0,0,7,6,42,0.12104675942479325,0.04127975149140509,157.0,218.0
F2_12.7,N15,N16,800.0,1,2400.0,2339.0110087407447,37,37,70,2,60.988991259255386,3939.0110087407447,39.941799061792075,39.03167718044714,1,-1,14.0,14.0,76,32,10.82103442249451,50.372455568370924,13.115102847313509,220.26445096479242,0,0,0,13,0,109,0.1195419108959317,0.030472427706792198,175.0,197.0
F7_5.2,N15,N16,800.0,1,2400.0,2393.645770276989,42,42,69,2,6.354229723011144,3993.645770276989,38.71462068915766,39.03167718044714,1,1,20.0,20.0,97,44,10.660778639345907,64.17262550860141,10.820435382549427,231.99677114875942,0,0,0,8,8,113,0.0609448554135844,0.047284801613987903,163.0,181.0
F7_5.4,N15,N16,800.0,1,2400.0,2393.625402733465,33,33,95,2,6.374597266535147,3993.625402733465,36.83055849950707,39.23469319933386,1,1,37.0,37.0,98,58,8.052265797748753,24.88440017012067,9.838726592975334,259.25452410606135,0,0,0,8,8,130,0.05800613750897846,0.05043712172158709,173.0,171.0000000000001
F2_19.10,N15,N22,800.0,1,2400.0,2395.6516120493443,56,3,56,6,4.348387950655706,3995.6516120493443,36.83055849950707,34.83097794301602,-1,-1,38.0,38.0,96,44,9.691672104803958,11.729390576627338,9.29847012567912,224.83413907733947,0,2,1,20,16,65,0.11768661735036988,0.05253866845998656,154.0,206.9999999999999
F7_18.6,N15,N22,800.0,1,2400.0,2395.7275378291993,60,4,60,13,4.272462170800736,3995.7275378291993,35.89173308402231,35.73412155574639,-1,1,2.0,2.0,108,68,7.637062382712473,93.68673865508845,9.8436389279226,272.86086969012086,0,7,0,15,2,77,0.07145258910558171,0.07145258910558171,172.0,189.0
F7_6.9,N15,N16,800.0,1,2400.0,2397.0541816009454,48,48,147,5,2.9458183990545876,3997.0541816009454,35.130873392306256,36.2973171999354,1,1,25.0,25.0,141,99,10.929343655795858,99.8982530743308,12.914676900050678,233.4370864230603,0,0,0,5,5,200,0.04833557498318763,0.06441148175781168,167.0000000000001,170.0
F3_15.4,N15,N22,800.0,1,2400.0,2390.2560959517746,86,12,86,18,9.743904048225431,3990.2560959517746,34.78886077045859,34.943539419392536,0,-1,0.0,0.0,146,117,10.18850477092261,71.50259488852498,10.275912348047399,220.5408900971796,0,0,18,2,0,116,0.025218560860793545,0.09036650975117687,142.0,192.0
F3_13.10,N15,N22,800.0,1,2400.0,2396.149164901528,93,21,93,18,3.850835098472203,3996.149164901528,34.22701515342531,34.06265270897443,1,-1,25.0,25.0,154,136,10.991710813242562,66.14957143100492,11.766427487823778,220.31425917620018,0,0,6,3,1,132,0.037827841291190316,0.09351882985877606,178.0,201.0
F3_15.5,N15,N22,800.0,1,2400.0,2389.989366656362,90,15,90,22,10.010633343638005,3989.989366656362,34.606201880630714,34.58257895253064,-1,1,28.0,28.0,149,117,10.42515968387455,57.06156311928589,9.534429941259116,218.99576893005965,0,0,0,4,2,127,0.031523201075991936,0.08632209976315122,224.9999999999999,238.0
F3_14.8,N15,N22,800.0,1,2400.0,2392.350342541841,99,24,99,17,7.649657458159027,3992.350342541841,34.158849254881034,34.06265270897443,1,-1,7.0,7.0,171,139,10.976250592995063,663.0389308028009,10.976250592995063,216.94927263897864,0,0,23,1,0,140,0.025218560860793545,0.0945696032279758,257.9999999999999,188.0
F3_13.14,N15,N22,800.0,1,2400.0,2394.1199374732264,97,34,97,17,5.880062526773713,3994.1199374732264,33.42068367158151,33.6027139224736,1,-1,39.0,39.0,182,158,5.8418739798340065,457.73547190889917,10.512249875685724,243.35257789220412,0,1,1,6,6,148,0.027373473129965162,0.09877269670477472,283.0,180.0
F3_15.6,N15,N22,800.0,1,2400.0,2391.4465083419514,101,37,101,15,8.553491658048529,3991.4465083419514,33.49232858273046,33.6027139224736,1,-1,27.0,27.0,183,161,4.810010891499958,132.6290765893034,12.040196981204524,259.2019872443653,0,4,3,7,7,153,0.029459941287777194,0.10192501681237391,361.0,189.0
F3_13.11,N15,N22,800.0,1,2400.0,2389.142797655581,105,38,105,16,10.857202344418852,3989.142797655581,33.49232858273046,33.6027139224736,1,-1,24.0,24.0,191,161,5.037219228944032,24.771558203990935,11.418318795316571,271.23354465908136,0,4,3,8,8,159,0.03366303476457612,0.10402656355077337,517.0,187.0
F3_11.7,N15,N22,800.0,1,2400.0,2398.227108871969,124,43,124,15,1.7728911280307784,3998.227108871969,33.43123649138636,33.59573799457151,1,-1,7.0,7.0,217,177,5.416462881473449,123.59961086239787,9.252257975849162,280.7462297379602,0,5,11,12,12,182,0.0336247478143914,0.1050773369199731,512.0,187.0
F3_13.16,N15,N22,800.0,1,2400.0,2389.382167848166,125,45,125,17,10.617832151834023,3989.382167848166,33.14374429383978,33.52544502012451,-1,1,38.0,38.0,224,184,8.67262535812227,51.71837253076524,10.301950920761854,251.87298543748938,0,2,14,14,13,187,0.0336247478143914,0.1069791567564847,599.0,172.0
F3_13.17,N15,N22,800.0,1,2400.0,2397.6510658158495,122,45,122,17,2.34893418415038,3997.6510658158495,33.01392763785029,33.50949251557363,-1,1,34.0,34.0,224,183,8.839277717033863,41.17421877776337,9.759828775968984,248.64652900354113,0,3,10,15,14,184,0.0336247478143914,0.10432150431609166,601.0,171.0
F3_11.8,N15,N22,800.0,1,2400.0,2394.7212122154424,119,58,119,22,5.27878778455738,3994.7212122154424,32.633770157580685,33.13462516826499,1,-1,22.0,22.0,224,181,2.7034996546198737,587.6887639516476,10.565814904820824,319.42000160219555,0,9,16,15,15,199,0.05043712172158709,0.1050773369199731,627.0,180.0
F3_14.9,N15,N22,800.0,1,2400.0,2393.8887881890023,121,59,121,21,6.111211810997588,3993.8887881890023,32.63259832643137,33.13462516826499,1,-1,19.0,19.0,224,184,2.6683150773997055,22.35287305556062,10.091400585970403,324.7840267877775,0,8,20,15,15,201,0.048733808788247804,0.10709965879239794,627.0,179.0
F3_15.10,N15,N22,800.0,1,2400.0,2393.746539536723,115,66,115,26,6.2534604632769515,3993.746539536723,32.13313620630643,32.62821993669845,1,-1,16.0,16.0,216,216,0.02728236682861794,660.4960010754126,0.22403354157694413,333.4628371514385,0,14,5,16,16,207,0.0672877533881368,0.1113819771351715,616.0,189.0
F3_14.10,N15,N22,800.0,1,2400.0,2393.383060317422,123,62,123,20,6.616939682577822,3993.383060317422,32.60431746102424,33.100131135328525,1,-1,10.0,10.0,227,189,1.7166405749501854,88.29686760359846,10.114861897067213,350.03098751188054,0,5,26,16,16,205,0.048373846307203476,0.11033120376597176,702.0,186.00000000000023
F3_14.11,N15,N22,800.0,1,2400.0,2399.5874384544777,116,68,116,26,0.41256154552240787,3999.5874384544777,32.10801036820825,32.619255966274494,1,-1,12.0,12.0,220,215,0.6169917285859343,42.67844796364648,10.45196731873075,330.19218917020595,0,16,11,17,17,210,0.0672877533881368,0.1113819771351715,623.0,177.0
F3_15.7,N15,N22,800.0,1,2400.0,2394.9714952700406,117,69,117,25,5.0285047299594225,3994.9714952700406,32.03879697834324,32.62945008189703,1,-1,5.0,5.0,220,218,1.1747741581136872,61.93986490748148,10.249575105971546,336.54780149156966,0,16,20,18,18,211,0.0672877533881368,0.11243275050437124,713.0,228.99999999999977
F3_11.11,N15,N22,800.0,1,2400.0,2395.0600809334655,125,69,125,25,4.93991906653423,3995.0600809334655,32.008201756097996,32.618147280233906,0,-1,2.0,2.0,228,221,2.8590479320986355,11.953220054965868,10.661575143459162,326.4217408615742,0,11,29,20,20,219,0.0672494956287828,0.11422047379872993,872.0000000000002,197.0
F3_15.9,N15,N22,800.0,1,2400.0,2395.0168584625244,128,70,128,25,4.983141537475831,3995.0168584625244,32.008201756097996,32.618147280233906,0,-1,0.0,0.0,232,221,3.0639635376851593,11.011577976307535,7.766564048246115,329.6973626500438,0,11,30,21,21,223,0.0672494956287828,0.1145342972427707,877.0,189.0
F3_15.13,N15,N22,800.0,1,2400.0,2394.0786721683585,123,70,123,25,5.921327831641406,3994.0786721683585,31.796807978256204,32.501837469038726,-1,1,27.0,27.0,231,220,3.9173380970594502,12.608784781686154,10.17709852885718,315.3449151422094,0,10,13,25,25,218,0.07145258910558171,0.10834790259058541,952.9999999999998,174.0
F3_15.12,N15,N22,800.0,1,2400.0,2395.5498476082294,129,69,129,24,4.450152391770757,3995.5498476082294,32.00051762648812,32.60296938420968,-1,1,40.0,40.0,232,222,3.486057265535983,11.015342111724294,8.7538967419944,322.57128761619583,0,10,29,22,22,222,0.06935104236718224,0.11274472901645594,943.0,203.0
F3_15.8,N15,N22,800.0,1,2400.0,2393.993201977466,123,70,123,25,6.0067980225338715,3993.993201977466,31.882585926127362,32.51909975716917,-1,1,29.0,29.0,232,221,3.209628767987087,87.72830227297027,5.302831906447491,319.5576660350799,0,8,17,23,23,218,0.0672494956287828,0.10892794118251437,955.9999999999998,171.0
F4_13.3,N15,N22,800.0,1,2400.0,2398.145426179871,131,62,131,26,1.854573820129076,3998.145426179871,31.535463790001316,32.0584523261398,1,-1,34.0,34.0,233,217,3.784569651805387,343.0831593675041,9.143843483848405,300.04962582826784,0,11,9,26,26,219,0.09460785303217172,0.10717888365837257,1058.0,187.0
F3_14.12,N15,N22,800.0,1,2400.0,2398.631559465955,137,68,137,27,1.3684405340450212,3998.631559465955,31.48848628647993,32.05883920274295,1,-1,22.0,22.0,237,220,3.55338820848121,59.0927563913242,11.748476217625468,311.24755668517207,0,10,21,29,29,232,0.09460785303217172,0.1082296570275723,1059.0,183.0
F4_15.5,N15,N22,800.0,1,2400.0,2390.9147673016328,135,66,135,27,9.085232698367236,3990.9147673016328,31.51421313512067,32.05883920274295,1,-1,27.0,27.0,234,217,4.527868572571565,50.636597385364894,11.541361989225766,290.84936013006836,0,10,18,28,28,228,0.09460785303217172,0.10822965702757231,1054.0,195.0
F3_15.11,N15,N22,800.0,1,2400.0,2394.197530852837,143,75,143,27,5.802469147162924,3994.197530852837,31.297366859720885,32.05639330397874,1,-1,0.0,0.0,239,230,2.6073120814325215,16.647409540495346,10.547949632998879,353.0937057075608,0,25,32,34,34,245,0.10301403998576956,0.10928043039677203,1069.0,227.0
F3_14.15,N15,N22,800.0,1,2400.0,2398.1268675731517,139,75,139,27,1.8731324268484286,3998.1268675731517,31.21751179920359,32.01991383152117,-1,1,38.0,38.0,240,233,2.9675329218606463,42.30846898138225,8.99139035003503,358.5800817812895,0,22,26,36,36,241,0.1050773369199731,0.10735492569801194,1129.0000000000002,181.0
F3_15.14,N15,N22,800.0,1,2400.0,2397.899234466565,140,75,140,28,2.1007655334353785,3997.899234466565,31.176682086417674,31.997424886271485,-1,1,36.0,36.0,240,233,3.15780419976103,13.57336805449927,10.523011043101297,359.1407956117455,0,23,22,37,37,243,0.10717888365837257,0.10784130622511616,1129.0000000000002,187.0
F3_14.13,N15,N22,800.0,1,2400.0,2395.0235423043123,143,75,143,27,4.9764576956876,3995.0235423043123,31.28073813310677,32.05639330397874,0,-1,1.0,1.0,240,232,2.8344902136918777,11.881299506631422,9.670454612219215,352.62135429805994,0,25,33,35,35,245,0.10297579018157364,0.10928043039677203,1126.0,198.0
F3_13.19,N15,N22,800.0,1,2400.0,2397.600777493928,140,72,140,29,2.3992225060719647,3997.600777493928,30.9310569958211,31.910997515254703,-1,1,19.0,19.0,243,242,2.600757489293113,105.88400995856409,10.5633075106619,377.0388885475832,0,26,0,39,39,241,0.11978816408876934,0.10386019921165332,1221.0,174.0
F3_15.15,N15,N22,800.0,1,2400.0,2398.717475006304,149,70,149,31,1.2825249936958016,3998.717475006304,30.874528278117044,31.613030471938977,1,-1,36.0,36.0,253,239,1.6006480096448072,254.97060176032073,9.44737220775442,365.7869031318196,0,28,2,39,39,250,0.13453924854472887,0.09772192333557499,1251.0000000000002,191.0
F3_14.14,N15,N22,800.0,1,2400.0,2398.956083327049,161,77,161,29,1.0439166729511271,3998.956083327049,30.85660319180629,31.45508585989509,1,-1,18.0,18.0,261,239,0.6475293231706576,201.2117307791127,12.009283739796395,390.03527000942233,0,29,10,40,40,267,0.13453727518217656,0.10402656355077337,1257.9999999999998,172.0
F3_14.18,N15,N22,800.0,1,2400.0,2388.5753303497236,162,79,162,27,11.424669650276428,3988.5753303497236,30.795386199027146,31.45508585989509,1,-1,13.0,13.0,262,246,1.0946077748322136,14.035575375049575,11.031697866426976,388.5900025830537,0,29,13,42,42,268,0.13663882192057603,0.10717888365837257,1309.0000000000002,180.0
F3_13.20,N15,N22,800.0,1,2400.0,2399.088970699979,154,80,154,26,0.911029300020914,3999.088970699979,30.585569086423316,31.452952077362482,-1,1,39.0,39.0,253,261,1.2411615787419807,11.574916265087495,9.738694290868715,399.4619667871509,0,26,21,44,44,260,0.14080363147276395,0.1110327977773026,1304.9999999999998,173.0
F3_13.21,N15,N22,800.0,1,2400.0,2397.0190787540055,154,78,154,26,2.9809212459946366,3997.0190787540055,30.558661347246137,31.406072591001504,-1,1,34.0,34.0,255,264,1.2113731076267509,38.79502264886901,9.858478167223613,395.02255971272945,0,27,11,45,45,258,0.14500672494956288,0.1099129880064789,1303.0,173.0
F3_13.22,N15,N22,800.0,1,2400.0,2393.137818496177,167,80,167,26,6.862181503823194,3993.137818496177,30.37682473139967,31.105365673931963,1,-1,27.0,27.0,273,248,1.0335213528447804,173.80672485500418,9.721912209024298,448.1958801398849,0,36,10,52,50,273,0.14924806772585048,0.09877269670477472,1260.0,170.0
F3_14.20,N15,N22,800.0,1,2400.0,2393.219075993829,169,83,169,25,6.780924006170949,3993.219075993829,30.38086062291453,31.09128687590105,1,-1,19.0,19.0,269,248,0.8296902129436178,84.51271707684464,10.924413007440217,462.0394174684758,0,33,15,50,48,277,0.14917561480661948,0.10509775212587993,1256.0,170.0
F3_14.21,N15,N22,800.0,1,2400.0,2398.1601218906335,159,72,159,27,1.8398781093663956,3998.1601218906335,30.34196592338066,31.17418720252683,-1,1,4.0,4.0,265,250,1.8882857672158893,10.275340420638486,8.092944142774009,420.4659068441883,0,40,0,53,50,258,0.14710827168796234,0.09525975748278154,1284.0,173.0
F3_13.24,N15,N22,800.0,1,2400.0,2397.6587025401577,155,78,155,26,2.3412974598423943,3997.6587025401577,30.51042263806539,31.37897221067106,-1,1,30.0,30.0,256,263,1.5545791724804785,13.128860780899686,10.183061051977269,399.4237509505646,0,32,7,47,47,259,0.14500672494956288,0.10772573966660556,1303.0000000000002,184.0
F3_14.16,N15,N22,800.0,1,2400.0,2399.1489431774407,154,79,154,26,0.8510568225591442,3999.1489431774407,30.619718172461543,31.452952077362482,-1,1,41.0,41.0,253,258,1.154311295128259,184.2843069112489,11.223240867373809,403.1358741908258,0,28,25,43,43,259,0.14080363147276395,0.11185166910995245,1310.0,181.0
F3_14.19,N15,N22,800.0,1,2400.0,2392.778945988078,162,75,162,26,7.221054011922433,3992.778945988078,30.40614107144771,31.307845607702248,-1,1,20.0,20.0,262,253,1.68806423896451,88.07008614480401,8.865403303716596,391.752615588256,0,36,0,48,48,263,0.1492098184263618,0.10087424344317418,1297.0,180.0
F3_13.23,N15,N22,800.0,1,2400.0,2396.2976164163924,155,78,155,26,3.702383583607684,3996.2976164163924,30.529978266461423,31.398665759413557,-1,1,32.0,32.0,256,265,1.376164612756576,11.723605395075083,9.569252180497788,393.3623237974545,0,29,10,46,46,259,0.14500672494956288,0.1088909020417928,1303.0000000000002,183.0
F3_15.16,N15,N22,800.0,1,2400.0,2396.946064224718,159,72,159,27,3.0539357752818432,3996.946064224718,30.331332600381902,31.184350208140337,-1,1,6.0,6.0,264,248,1.8400229263858323,64.21096962720003,10.767525368712954,414.31581971289677,0,40,0,52,49,258,0.14710827168796234,0.09667114996637526,1297.0000000000002,230.0
F3_15.17,N15,N22,800.0,1,2400.0,2395.3635687440324,166,84,166,24,4.63643125596775,3995.3635687440324,30.33965508946744,31.09128687590105,1,-1,9.0,9.0,265,259,1.9279825142895965,85.20612745303083,11.928033358090318,404.7846058326041,0,24,15,47,46,274,0.13618883791111394,0.11033120376597176,1329.0,183.0
F3_15.18,N15,N22,800.0,1,2400.0,2391.262264026393,169,83,169,25,8.73773597360696,3991.262264026393,30.38908912941587,31.09128687590105,1,-1,17.0,17.0,270,250,1.2084058584088773,12.888968020818766,11.358255176234373,454.99139849002916,0,32,15,51,49,277,0.14710827168796234,0.10612811028917284,1320.0,190.0
F3_15.20,N15,N22,800.0,1,2400.0,2394.3679360769265,175,80,175,25,5.6320639230737015,3994.3679360769265,30.16685061245541,31.090419673025256,-1,1,28.0,28.0,285,258,2.3012142971393517,10.121653634115319,8.663438301037013,436.8758215393834,0,15,1,51,51,280,0.14500672494956288,0.10538333676535044,1487.9999999999998,169.0
F3_14.17,N15,N22,800.0,1,2400.0,2393.511020021996,175,79,175,24,6.488979978003954,3993.511020021996,30.19805463827422,31.089214636361486,-1,1,30.0,30.0,284,257,2.171561883560629,8.096005880342318,10.083949599439158,440.38618151447855,0,14,4,50,50,278,0.14080363147276395,0.10612811028917284,1477.0000000000002,194.0
F3_13.25,N15,N22,800.0,1,2400.0,2395.59381067378,176,80,176,25,4.406189326219987,3995.59381067378,30.046999503823063,31.13120171645847,-1,1,22.0,22.0,284,252,2.2352619398374336,8.76227347227109,7.57244410836752,455.4309789916244,0,19,0,54,54,281,0.15131136516476126,0.10256414556317242,1567.0000000000002,159.0
F3_15.19,N15,N22,800.0,1,2400.0,2394.9889408769063,174,80,174,25,5.01105912309356,3994.9889408769063,30.090481326801147,31.105873425757242,-1,1,26.0,26.0,283,258,2.0651629061406376,10.577749345452958,8.681751670718851,463.6075494236692,0,14,0,52,52,279,0.1492098184263618,0.10468631471902107,1502.0,222.0
F3_15.22,N15,N22,800.0,1,2400.0,2397.0934181733137,177,78,177,25,2.906581826686306,3997.0934181733137,30.042959675468477,31.12329462676574,-1,1,18.0,18.0,287,252,2.4155918069326234,10.149008118325355,9.074104449423308,455.22142434164044,0,21,0,56,56,280,0.14710827168796234,0.09985848483463465,1567.9999999999998,162.0
F3_15.21,N15,N22,800.0,1,2400.0,2396.458217538053,176,79,176,25,3.541782461947264,3996.458217538053,30.039484210499616,31.12630423386087,-1,1,20.0,20.0,286,252,2.2856814914110766,9.409320173004744,8.383801805772979,453.7040567312618,0,20,0,55,55,280,0.1492098184263618,0.10087424344317418,1570.9999999999998,159.0
F3_13.26,N15,N22,800.0,1,2400.0,2398.9666046140037,177,78,177,25,1.033395385996073,3998.9666046140037,30.039022150197216,31.118736946831273,-1,1,16.0,16.0,286,253,2.362470526672508,10.777182128194909,8.16489329630065,466.66310508198455,0,23,0,57,57,280,0.14500672494956288,0.09893755993464293,1616.0,203.0
F3_15.23,N15,N22,800.0,1,2400.0,2391.9927992274697,179,77,179,24,8.007200772530496,3991.9927992274697,30.039022150197216,31.12325370207309,-1,1,13.0,13.0,288,252,2.5257202273346726,10.188722751881642,7.702039505762084,467.6590838910441,0,28,0,58,58,280,0.1492098184263618,0.09877269670477472,1655.0,165.0
F3_14.22,N15,N22,800.0,1,2400.0,2395.2783610305014,186,87,186,21,4.721638969498713,3995.2783610305014,29.894132393767737,31.08902230112432,1,-1,17.0,17.0,302,241,0.22861977436263956,333.6030523767629,3.023968883271504,476.09557927609967,0,43,11,58,58,294,0.17026355133193063,0.11033120376597176,1679.0000000000002,180.0
F3_14.25,N15,N22,800.0,1,2400.0,2390.1241635877027,186,94,186,20,9.87583641229719,3990.1241635877027,29.855904655074085,31.059649693534528,1,-1,0.0,0.0,305,240,0.6573252044731411,11.07039934217778,8.982500105404156,496.82066345612185,0,43,18,60,60,300,0.16609699268867353,0.1145342972427707,1688.0000000000002,159.0
F3_13.27,N15,N22,800.0,1,2400.0,2390.250484851487,187,94,187,20,9.749515148513296,3990.250484851487,29.87810910860672,31.06889476683791,1,-1,2.0,2.0,303,242,0.4788951547300887,12.406098158402074,9.761831344153018,488.03097617120244,0,45,15,59,59,301,0.16651495766511062,0.1145342972427707,1688.0,162.0
F3_11.13,N15,N22,800.0,1,2400.0,2399.8811547333953,187,93,187,22,0.11884526660492156,3999.8811547333953,29.87215187905125,31.0755914961402,1,-1,5.0,5.0,305,243,0.2567312517633405,118.33453243939312,10.434509080384858,506.47582988775775,0,49,13,59,59,302,0.16812373907195696,0.11348352387357095,1692.0,167.0
F2_15.0,N15,N22,800.0,1,2400.0,1635.7051125858025,12,21,12,0,764.2948874141978,3235.7051125858025,39.71482176360226,0.0,-1,-1,0.0,0.0,13,5,0.0,16.76823425249995,0.0,260.5608251112979,0,3,0,1,1,33,0.0168123739071957,0.003152320107599193,76.0,152.0
F2_16.1,N15,N22,800.0,1,2400.0,1789.8606137737397,7,20,7,0,610.1393862262602,3389.8606137737397,44.307692307692314,0.0,-1,-1,31.0,31.0,7,3,10.128673031421789,907.0618099407868,14.141551826678509,242.13084543840523,0,0,0,0,0,27,0.03992938802958978,0.0021015467383994624,109.00000000000006,156.0
F2_19.0,N15,N22,800.0,1,2400.0,1759.8525782189122,22,21,22,0,640.1474217810879,3359.852578218912,38.94408030993397,36.92307692307693,-1,-1,22.0,22.0,23,13,6.6230159786605265,55.0223280925411,9.97668834771806,252.89086527137238,0,1,0,3,3,43,0.06935104236718224,0.009456960322797579,97.0,126.0
F7_8.0,N15,N16,800.0,1,2400.0,2396.3077363473008,1,1,8,4,3.692263652699239,3996.3077363473008,39.71482176360226,0.0,1,-1,19.0,19.0,8,5,11.22697835333605,163.72895055650952,11.22697835333605,226.72854542026977,0,0,0,1,0,13,0.012609280430396773,0.0,148.00000000000006,153.0
F2_18.2,N15,N22,800.0,1,2400.0,1714.0236370931116,25,20,25,0,685.9763629068885,3314.0236370931116,37.72877029162208,36.92307692307693,-1,-1,13.0,13.0,27,13,0.5412106667474029,79.58121917076278,1.5099450382678632,277.2583310188764,0,2,0,3,3,45,0.06304640215198387,0.009456960322797579,94.0,132.0
F1_15.0,N15,N22,800.0,1,2400.0,2247.9802226095853,21,21,21,0,152.01977739041467,3847.9802226095853,38.94408030993397,36.92307692307693,-1,-1,32.0,32.0,22,11,9.360316942119713,111.22139173358369,8.833932346356102,251.22785850149103,0,0,0,9,9,42,0.0609448554135844,0.009456960322797579,123.00000000000006,139.0
F2_17.0,N15,N22,800.0,-1,2400.0,1178.263325933862,31,27,31,0,378.23018827448476,2778.263325933862,37.74987696939584,36.84836453868712,-2,1,2.0,2.0,32,20,11.5212187952786,12.080296644623843,11.790433560930788,203.05420254233587,0,0,0,6,5,58,0.02942165433759247,0.02101546738399462,33.0,151.0
F2_15.4,N15,N22,800.0,1,2400.0,2384.626205900838,15,19,15,0,15.373794099161842,3984.626205900838,39.71482176360226,0.0,1,1,30.0,30.0,16,6,10.422140830194206,164.12908979909912,10.80995718643323,241.73737419133425,0,0,0,4,4,34,0.05043712172158709,0.0073554135843981175,157.99999999999994,153.0
F7_12.3,N15,N22,800.0,1,2400.0,2182.3912408630704,26,19,26,0,217.60875913692973,3782.3912408630704,36.832415656938416,36.92307692307693,-1,1,41.0,41.0,28,17,9.350725532110639,404.91433135301463,9.350725532110639,230.99463830309023,0,0,0,1,1,45,0.02101546738399462,0.008937391953628408,112.0,163.0
F7_10.0,N15,N22,800.0,1,2400.0,1640.9500230198182,32,25,32,0,759.0499769801819,3240.950023019818,37.74987696939584,36.76983087145602,1,-1,32.0,32.0,33,24,10.182857026635148,98.75095871239475,9.57236465660908,224.97013534783017,0,0,0,0,0,57,0.031523201075991936,0.024167787491593817,75.0,148.0
F2_15.3,N15,N22,800.0,1,2400.0,2073.185917003351,20,21,20,0,326.81408299664906,3673.185917003351,38.94408030993397,36.92307692307693,-1,-1,38.0,38.0,21,10,10.334869754159014,37.67821959697267,10.322647489385083,247.36577016073832,0,0,0,6,6,41,0.05674176193678548,0.00945696032279758,126.99999999999994,201.0
F7_12.2,N15,N22,800.0,1,2400.0,1714.151072916773,32,25,32,0,685.8489270832271,3314.151072916773,37.74987696939584,36.76983087145602,1,-1,33.0,33.0,33,23,10.12272758968644,13.705022812288007,10.431156805622988,228.53419059407443,0,0,0,2,1,57,0.031523201075991936,0.024167787491593817,82.0,170.0
F2_17.1,N15,N22,800.0,1,2400.0,2394.027255329528,24,19,24,0,5.972744670471798,3994.027255329528,36.832415656938416,36.92307692307693,-1,-1,4.0,4.0,26,16,7.075625723505411,113.97662493793837,10.73289590996124,291.3693992790332,0,6,1,13,13,43,0.0672494956287828,0.009456960322797579,175.0,150.0
F0_16.2,N15,N22,800.0,1,2400.0,2392.898806125164,29,23,29,0,7.101193874835872,3992.898806125164,37.619983419448836,36.33115271824949,1,1,7.0,7.0,31,19,9.869094297560975,247.94984182823714,9.348256059069332,245.0981968150894,0,0,0,3,3,52,0.027320107599193007,0.02101546738399462,140.0,148.0
F7_8.1,N15,N16,800.0,1,2400.0,1804.1323853404815,1,1,19,6,595.8676146595187,3404.1323853404815,37.74987696939584,33.78385772913817,-1,0,2.0,2.0,32,8,7.698903478404934,33.694064387867,10.919237855156362,233.78410535568682,0,1,0,3,0,26,0.0336247478143914,0.0010507733691997312,102.0,167.0
F7_12.0,N15,N22,800.0,1,2400.0,2384.0288561197103,19,21,19,0,15.971143880289901,3984.0288561197103,39.71482176360226,0.0,-1,1,18.0,18.0,20,7,11.030456331528745,486.4224078928678,10.974134305553958,233.83370552668796,0,0,0,2,1,40,0.023458641204728316,0.0073554135843981175,195.00000000000006,247.00000000000006
F2_15.8,N15,N22,800.0,1,2400.0,2396.7205314414573,28,22,28,0,3.2794685585425896,3996.7205314414573,37.00151682402364,38.65891980069151,1,1,35.0,35.0,31,32,8.380541556046701,57.979639369440065,9.293101409296506,251.4879141394334,0,0,0,3,3,50,0.040575851179076194,0.03127268571069434,157.0,157.0000000000001
F7_10.1,N15,N22,800.0,1,2400.0,2394.924271587257,31,27,31,0,5.075728412743047,3994.924271587257,37.1502649387742,37.455329418581,1,-1,26.0,26.0,33,55,9.98103499512668,84.10521448816485,11.270213949574755,227.01732022743926,0,0,1,4,4,58,0.035726294552790853,0.037827841291190316,150.0,167.0
F7_18.3,N15,N22,800.0,1,2400.0,2392.4388714994197,32,24,32,0,7.561128500580367,3992.4388714994197,37.292891369537266,37.97672014141005,-1,1,5.0,5.0,35,43,11.027313735439396,467.3506869732814,12.390608218452394,224.09128944237338,0,0,0,4,4,56,0.031523201075991936,0.034735783129182476,190.0,232.9999999999999
F2_16.6,N15,N22,800.0,1,2400.0,2392.162616717409,48,22,48,1,7.837383282590736,3992.162616717409,36.88350269467876,38.6945934469831,-1,-1,16.0,16.0,60,84,8.522347927289625,204.63843667432502,9.714893436995931,247.12201849797324,0,1,4,15,15,71,0.0777572293207801,0.04413248150638871,175.0,169.0
F7_18.6,N15,N22,800.0,1,2400.0,2390.277885904203,48,22,48,1,9.722114095797451,3990.277885904203,36.920775648519324,38.70049674887615,1,-1,11.0,11.0,60,86,10.718633710390534,73.85356094693907,10.332560419518575,216.50519117834094,0,0,4,3,1,71,0.02942165433759247,0.04413248150638871,133.0,453.0
F7_17.4,N15,N22,800.0,1,2400.0,2395.083221296969,47,23,47,1,4.9167787030309,3995.083221296969,36.87771545243081,38.31515255390692,1,-1,24.0,24.0,59,77,10.564868683655908,83.6367026096218,11.680049525407084,218.6097072739608,0,0,4,2,1,71,0.031523201075991936,0.04308170813718897,144.0,470.0
F2_12.4,N15,N16,800.0,1,2400.0,2393.0264417214253,4,4,23,17,6.973558278574842,3993.0264417214253,36.105544881270674,35.84162465337744,-1,-1,24.0,24.0,105,45,7.270377968742625,89.94877756652045,10.676540999829284,263.26569917947637,0,4,0,7,1,44,0.037827841291190316,0.0,131.0,114.0
F2_18.6,N15,N16,800.0,1,2400.0,2060.9327083997036,1,1,26,16,339.0672916002964,3660.9327083997036,36.098601124774014,35.92308725350532,0,0,2.0,2.0,91,44,9.946286828366686,339.41794230314304,9.422721175470203,243.41442846018793,0,0,0,2,0,43,0.031523201075991936,0.0,135.0,126.0
F7_15.4,N15,N22,800.0,1,2400.0,2398.6482545348563,63,29,63,3,1.351745465143722,3998.6482545348563,36.53833786828861,37.529902483889174,1,-1,22.0,22.0,105,133,10.648900701069959,162.48249751370895,11.132799324369499,220.87354897061408,0,0,17,8,7,95,0.05253866845998655,0.06830026899798253,158.0,176.0
F7_10.7,N15,N16,800.0,1,2400.0,2395.3114668740536,6,6,23,17,4.688533125946265,3995.3114668740536,36.10361599247396,35.84162465337744,1,-1,18.0,18.0,108,46,10.386455512087304,555.4200288301761,10.504254798627503,226.53124282751082,0,0,0,2,0,46,0.02101546738399462,0.0,144.0,150.0
F7_18.13,N15,N16,800.0,1,2400.0,2392.086570465432,5,5,23,16,7.913429534568081,3992.086570465432,36.10361599247396,35.84162465337744,1,-1,19.0,19.0,107,46,11.50170670363423,127.76725954715948,10.524242533565372,225.94340030646535,0,0,0,7,2,44,0.04833557498318763,0.0,155.0,147.0
F7_18.12,N15,N16,800.0,1,2400.0,2299.77597000075,11,11,25,13,100.22402999924986,3899.77597000075,35.90987373129092,35.87966427227325,1,-1,1.0,1.0,111,47,11.017142384457609,55.20498798295648,10.105281827421747,226.82371511290253,0,0,0,8,3,49,0.046234028244788165,0.0,149.0,154.0
F2_14.12,N15,N22,800.0,1,2400.0,2398.6926535868283,57,11,57,1,1.3073464131715582,3998.6926535868283,35.96611269908442,36.241558285123034,-1,-1,6.0,6.0,111,143,7.791494307064583,11.666935596633493,9.422302888493277,270.5037608804711,0,5,24,16,12,69,0.07565568258238063,0.09036650975117687,166.0,158.0
F2_18.4,N15,N22,800.0,1,2400.0,2397.297894895189,38,27,38,0,2.702105104810812,3997.297894895189,36.473246743405454,38.95030845980329,1,1,33.0,33.0,44,58,8.301727018491636,119.90901472017686,8.758499836005594,246.44654581080746,0,0,0,9,9,65,0.05674176193678548,0.04406192991659777,191.0,650.0
F2_12.3,N15,N16,800.0,1,2400.0,2393.3131938058796,10,10,24,12,6.686806194120436,3993.3131938058796,36.00162259181737,35.87966427227325,-1,-1,7.0,7.0,109,45,7.19087777706751,20.366807644821165,11.019629850965927,271.82308035624686,0,5,0,6,2,46,0.031523201075991936,0.0,197.0,175.0
F2_10.5,N15,N16,800.0,1,2400.0,2365.446444901629,10,10,24,12,34.55355509837102,3965.446444901629,36.00162259181737,35.87966427227325,-1,-1,7.0,7.0,109,45,6.425127362287827,237.45097051142443,9.792524093126394,271.82308035624686,0,5,0,5,1,46,0.031523201075991936,0.0,186.0,186.0
F7_18.7,N15,N22,800.0,1,2400.0,2399.8583257381215,47,20,47,1,0.14167426187839283,3999.8583257381215,36.82841004787806,38.87114914590188,-1,1,35.0,35.0,60,82,11.038012105384675,103.93593181031724,9.91600599394171,221.92396140030866,0,0,0,5,4,68,0.02942165433759247,0.042628512929316194,142.0,688.0
F7_10.4,N15,N22,800.0,1,2400.0,2390.0198427509713,49,25,49,2,9.980157249028935,3990.0198427509713,36.99436347616083,38.02958487108219,1,-1,35.0,35.0,62,81,9.852986736952863,198.33006196310293,7.330205300702655,243.7705021275797,0,0,3,4,4,76,0.027320107599193007,0.061995628782784126,152.0,665.0
F7_18.15,N15,N16,800.0,1,2400.0,2348.26402653576,11,11,20,17,51.73597346423992,3948.26402653576,35.52828191045527,35.453912274252836,1,-1,9.0,9.0,117,48,9.076468680981838,80.48756658079651,11.423105220374712,224.68489723465788,0,0,0,3,1,48,0.02218582563066729,0.012834147641962147,146.0,148.0
F2_12.6,N15,N16,800.0,1,2400.0,2395.8578702775344,10,10,17,22,4.142129722465711,3995.8578702775344,35.53618782015676,35.453912274252836,-1,-1,14.0,14.0,112,48,7.8915526302402945,125.98653191356539,12.09409596647263,281.0301195041271,0,4,0,11,0,49,0.05043712172158709,0.011558507061197041,218.0,160.0
F2_17.5,N15,N22,800.0,1,2400.0,2399.548708076958,53,25,53,2,0.4512919230417083,3999.548708076958,36.99581731243865,38.22584003002242,-1,-1,11.0,11.0,72,97,6.018723578783758,687.1621655473366,12.037447157567517,252.72602860963718,0,3,7,2,2,80,0.02942165433759247,0.06304640215198386,166.0,799.0
F2_12.7,N15,N16,800.0,1,2400.0,2398.1755783083204,17,17,18,21,1.824421691679504,3998.1755783083204,35.47409665860084,35.07891050297998,-1,-1,9.0,9.0,114,59,5.637141375877269,152.40914476262037,8.712393872531877,305.13223474694223,0,7,2,10,0,56,0.05674176193678548,0.01786314727639543,225.0,152.0
F7_8.3,N15,N16,800.0,1,2400.0,1990.249919120702,28,28,18,23,409.750080879298,3590.249919120702,35.0893301111421,35.27179341150008,-1,1,29.0,29.0,111,50,9.959608440510479,36.971093786962,10.980818549116044,240.23366082376643,0,1,0,5,4,69,0.0336247478143914,0.02091248145323502,118.0,150.0
F2_17.10,N15,N16,800.0,1,2400.0,2391.4183557310075,27,27,17,26,8.581644268992363,3991.4183557310075,35.21985251617784,35.16046682753366,-1,-1,2.0,2.0,119,54,4.133745786984772,485.7940835217976,10.485737423352079,296.9473205196853,0,7,3,8,7,70,0.027320107599193007,0.024167787491593814,209.0,175.0
F7_18.10,N15,N22,800.0,1,2400.0,2398.287658163589,35,23,35,3,1.712341836410701,3998.287658163589,36.13231745637244,38.51846433436112,1,-1,12.0,12.0,64,96,10.744442472350642,19.716317072535958,10.58320599633842,216.17195746354164,0,0,6,3,1,61,0.02942165433759247,0.06619872225958305,151.0000000000001,900.9999999999999
F9_8.11,N15,N16,800.0,1,2400.0,2398.0139407117695,31,31,22,23,1.9860592882304218,3998.0139407117695,34.88922252394107,35.36999163366255,1,1,11.0,11.0,117,57,10.179940999686682,12.701854323352563,9.993341546839542,219.2350566649411,0,0,0,13,0,76,0.08406186953597848,0.025218560860793545,156.0,180.0
F7_12.7,N15,N16,800.0,1,2400.0,2399.9761159358004,29,29,18,23,0.023884064199478416,3999.9761159358004,35.07404205431137,35.34161252997844,-1,1,24.0,24.0,109,47,8.882109996202296,177.6373806515444,10.32384805048041,249.883209282738,0,1,0,8,6,70,0.037827841291190316,0.01891392064559516,211.0,217.0
F7_12.12,N15,N16,800.0,1,2400.0,2396.4503178143614,29,29,27,29,3.5496821856386305,3996.4503178143614,34.81176634250255,35.294944632391754,1,-1,21.0,21.0,113,59,9.069361957842492,276.15593548473817,8.823254220193252,226.7329632094409,0,0,1,3,3,85,0.027320107599193007,0.035726294552790853,154.0,153.99999999999977
F7_12.14,N15,N16,800.0,1,2400.0,2397.22868304067,30,30,29,24,2.771316959329738,3997.22868304067,34.74887070800756,35.36358708238016,1,-1,2.0,2.0,112,65,13.300813424936168,536.2138682813072,13.300813424936168,218.07994535759647,0,0,3,1,0,83,0.01050773369199731,0.03677706792199059,133.0,165.0
F7_17.8,N15,N22,800.0,1,2400.0,2212.1994914538523,40,31,40,5,187.80050854614785,3812.1994914538523,36.509044518784705,37.78883446082655,1,-1,16.0,16.0,77,123,10.080351816451882,55.09253267021995,12.433244596162469,212.15418248739735,0,0,19,3,2,76,0.046234028244788165,0.06619872225958305,132.0,999.0
F9_8.12,N15,N16,800.0,1,2400.0,2396.097285985609,32,32,31,31,3.9027140143911083,3996.097285985609,34.36869433740921,35.228922851606264,1,1,26.0,26.0,122,78,11.149049962266503,12.885659382501672,11.024433395262331,218.09566473157471,0,0,0,16,0,94,0.0777572293207801,0.02942165433759247,158.0,132.0
F7_10.14,N15,N16,800.0,1,2400.0,2394.6807998557997,34,34,26,39,5.319200144200522,3994.6807998557997,34.307504007013165,35.07089371811468,1,-1,26.0,26.0,110,84,5.577018931004555,683.65887733091,10.076682021877646,244.03337823164523,0,0,3,2,0,99,0.00840618695359785,0.0304724277067922,148.99999999999977,156.0
F2_18.9,N15,N16,800.0,1,2400.0,2396.803699458882,29,29,22,26,3.1963005411180347,3996.803699458882,34.90958131280007,35.234567255435465,-1,-1,4.0,4.0,105,53,7.8344219482851924,10.652319444771365,9.29590719377607,333.70622336981336,0,11,4,10,4,77,0.04833557498318763,0.02837088096839274,382.9999999999998,182.0
F2_16.15,N15,N16,800.0,1,2400.0,2396.921484733605,31,31,22,25,3.078515266394561,3996.921484733605,34.90958131280007,35.260856584526266,-1,-1,3.0,3.0,107,52,1.8117041945894137,11.923134002469169,9.713771901650473,325.19242667085706,0,11,4,11,9,78,0.031523201075991936,0.02837088096839274,383.0,187.0
F2_17.6,N15,N22,800.0,1,2400.0,2228.794613451547,49,28,49,5,171.20538654845302,3828.794613451547,36.56165596175815,37.52999584734373,1,1,31.0,31.0,86,131,9.680810514571046,85.56225877131351,9.579231940408647,244.6032890690679,0,0,17,5,4,82,0.03992938802958978,0.06836135341367199,157.0,1105.0000000000002
F7_19.14,N15,N16,800.0,1,2400.0,2391.8840738774593,44,44,16,41,8.1159261225406,3991.8840738774593,34.276516074670674,34.87817033502765,1,-1,33.0,33.0,119,90,10.0027318700737,308.4799286045561,7.936729453407966,232.9742475100191,0,0,2,5,5,101,0.018913920645595158,0.025218560860793545,175.00000000000023,141.0
F7_12.16,N15,N16,800.0,1,2400.0,2394.1435507848346,43,43,21,37,5.856449215165185,3994.1435507848346,34.32958041236231,34.98128485480195,-1,1,22.0,22.0,115,83,10.09585382961537,26.359413865889564,8.017510317216434,231.72135478741197,0,0,0,6,6,101,0.023117014122394083,0.024167787491593814,210.0,218.0
F2_18.13,N15,N16,800.0,1,2400.0,2398.65341777353,32,32,29,23,1.346582226470332,3998.65341777353,34.68659459018071,35.3771570512219,1,1,40.0,40.0,116,65,4.922420836228733,79.09912747227622,10.35011712835081,318.4489556757103,0,10,3,11,3,84,0.05884330867518494,0.034890535118304464,458.0,197.0
F2_18.11,N15,N16,800.0,1,2400.0,2392.8406278774373,29,29,29,26,7.159372122562672,3992.8406278774373,34.75431977489623,35.36358708238016,-1,-1,3.0,3.0,111,65,4.2329284755440595,86.80655679071174,10.714405869537481,337.2400276159001,0,14,3,12,3,84,0.05884330867518494,0.03677706792199059,467.0,195.0
F7_10.5,N15,N22,800.0,1,2400.0,2392.8595561547145,43,28,43,5,7.1404438452855175,3992.8595561547145,36.56165596175815,37.62223134931293,-1,1,36.0,36.0,79,133,9.53865964957913,169.8079104052665,10.779905500838185,218.1527629797169,0,1,22,8,7,76,0.05253866845998655,0.06614511954323209,210.0,1167.0000000000002
F2_17.11,N15,N16,800.0,1,2400.0,2370.300865289854,32,32,29,33,29.699134710146154,3970.300865289854,34.42045906680194,35.340783875814864,-1,-1,1.0,1.0,121,75,2.3809306225518254,15.803170039535189,10.429522717660852,348.2790981683143,0,15,3,17,16,94,0.05043712172158709,0.03782784129119032,535.0,189.0
F7_18.22,N15,N16,800.0,1,2400.0,2390.5944178380605,44,44,28,23,9.405582161939606,3990.5944178380605,33.97682970561239,34.480398711666574,1,-1,15.0,15.0,100,106,9.1935210444827,526.557345564916,9.243220080221505,229.9324941403919,0,0,0,2,2,95,0.01050773369199731,0.02101546738399462,154.0,156.0
F2_12.12,N15,N16,800.0,1,2400.0,2386.8686017074306,35,35,24,39,13.131398292569656,3986.8686017074306,34.30199468849264,35.066519323187876,-1,-1,15.0,15.0,115,87,1.8674498059678473,442.35244852819665,9.078440754335002,414.10229798636357,0,22,3,21,21,98,0.054640215198386015,0.031523201075991936,553.0000000000002,184.0
F9_4.12,N15,N16,800.0,1,2400.0,2389.581982332573,28,28,34,15,10.41801766742708,3989.581982332573,33.68758297634164,34.03849236084239,-1,-1,32.0,32.0,76,107,8.840774112634184,34.10739082406417,12.087449037377647,254.77245062567965,0,2,1,10,0,77,0.05043712172158709,0.02942165433759247,148.0,167.0
F7_10.19,N15,N16,800.0,1,2400.0,2397.4020632138745,27,27,36,17,2.5979367861255014,3997.4020632138745,33.48197999971787,33.86694663386567,1,-1,3.0,3.0,83,105,14.263642307454766,497.7955703436803,14.263642307454766,212.3080682439838,0,0,10,1,1,80,0.004203093476798925,0.02837088096839274,135.0,154.0
F9_4.13,N15,N16,800.0,1,2400.0,2397.2982583358335,21,21,34,21,2.701741664166775,3997.2982583358335,33.492034269974546,33.83513930708894,1,1,5.0,5.0,70,102,11.156784692895716,197.5847117597059,10.162612109638975,224.22525912149442,0,0,0,5,0,76,0.025903469139662415,0.024167787491593814,151.0,181.0
F9_5.17,N15,N16,800.0,1,2400.0,2399.358543327652,21,21,34,21,0.6414566723476582,3999.358543327652,33.492034269974546,33.83513930708894,1,1,5.0,5.0,70,102,10.362809521387224,193.33298412061913,10.461547337812261,224.22525912149442,0,0,0,8,0,76,0.06304640215198387,0.024167787491593814,154.0,180.0
F7_8.8,N15,N16,800.0,1,2400.0,2389.771039667773,26,26,38,24,10.228960332227189,3989.771039667773,33.48458706937479,33.90911450245408,1,-1,22.0,22.0,80,103,12.89382236903279,60.392746950199125,12.2793942029652,215.35035476360278,0,0,6,3,3,88,0.018913920645595158,0.02837088096839274,148.0,163.0
F9_8.16,N15,N16,800.0,1,2400.0,2393.07675789951,26,26,38,24,6.9232421004898015,3993.07675789951,33.48458706937479,33.90911450245408,-1,-1,22.0,22.0,80,103,7.024399494232806,12.342287358618705,9.218815562468274,277.10614329600224,0,7,6,12,2,88,0.054640215198386015,0.02837088096839274,207.0,188.0
F7_6.23,N15,N16,800.0,1,2400.0,2393.7287558766056,12,12,27,20,6.271244123394581,3993.7287558766056,33.187679192538305,33.87492706416577,1,-1,21.0,21.0,65,115,8.810761903397157,598.480874414453,8.810761903397157,220.84952068520803,0,0,1,1,1,59,0.023117014122394083,0.03257397444519166,141.0,159.0
F7_12.21,N15,N16,800.0,1,2400.0,2233.1157598492746,14,14,26,18,166.88424015072553,3833.1157598492746,33.11508381607294,33.86520641221157,-1,1,26.0,26.0,64,112,11.316305987044855,72.27268263455812,10.127195389626236,211.67664174636087,0,0,0,5,5,58,0.023117014122394083,0.02837088096839274,129.0,147.0
F7_4.13,N15,N16,800.0,1,2400.0,2391.849943425587,15,15,26,17,8.150056574413156,3991.849943425587,33.13962467745214,33.861486088668855,1,-1,4.0,4.0,64,115,10.719004879143094,50.86324944124385,10.801225226119177,216.83842975530857,0,0,2,5,5,58,0.023117014122394083,0.03257397444519166,155.0,162.0
F7_18.26,N15,N16,800.0,1,2400.0,2341.871054379421,10,10,21,25,58.1289456205792,3941.871054379421,32.94726108668487,33.89443566749986,1,-1,21.0,21.0,58,119,10.620646657673406,12.120735906365098,10.766920883644366,217.69515138375226,0,0,2,3,3,56,0.025218560860793545,0.031523201075991936,148.0,148.0
F7_5.21,N15,N16,800.0,1,2400.0,2392.17684635135,9,9,22,22,7.823153648650077,3992.17684635135,32.94726108668487,33.890372415441306,1,-1,27.0,27.0,57,114,11.298529158770128,200.0,11.298529158770128,218.21596331909797,0,0,1,0,0,53,0.004203093476798925,0.0304724277067922,153.0,155.0
F7_6.25,N15,N16,800.0,1,2400.0,2390.839085859624,10,10,19,19,9.160914140376235,3990.839085859624,32.88872324229132,33.89106237682169,1,-1,0.0,0.0,56,117,11.641454048990287,272.42765100310567,11.749274668965525,212.87899743739973,0,0,7,2,2,48,0.023117014122394083,0.03362474781439139,143.0,148.0
F7_8.11,N15,N16,800.0,1,2400.0,2392.8379462271273,7,7,25,9,7.162053772872582,3992.8379462271273,32.95191985284048,33.86046305668755,1,-1,11.0,11.0,55,127,11.176502990137768,215.42706581572952,11.596788070277313,221.24651883114484,0,0,4,2,2,41,0.031523201075991936,0.023117014122394083,146.0,153.0
F7_5.23,N15,N16,800.0,1,2400.0,2397.034179830833,11,11,28,10,2.965820169166932,3997.034179830833,32.9795535663867,33.83071325749591,-1,1,36.0,36.0,61,124,10.629621606349387,12.80881344292402,10.629621606349387,223.65603704832156,0,0,1,1,1,49,0.01050773369199731,0.019964694014794893,148.0,151.0
F7_4.17,N15,N16,800.0,1,2400.0,2398.410153491083,10,10,28,8,1.589846508917276,3998.410153491083,32.97797922166326,33.83071325749591,-1,1,38.0,38.0,63,122,10.791772607905065,18.4035475823257,9.672534347850949,225.1229928894314,0,0,3,3,3,46,0.031523201075991936,0.02131678474141358,164.0,200.0
F7_5.22,N15,N16,800.0,1,2400.0,2391.4821301519933,8,8,28,8,8.517869848006967,3991.4821301519933,32.97797922166326,33.83071325749591,-1,1,40.0,40.0,60,120,12.035539986461647,167.01060539369632,11.58770793919035,223.3734658752066,0,0,5,2,2,44,0.031523201075991936,0.022295020045878154,167.0,200.0
F7_5.26,N15,N16,800.0,1,2400.0,2399.7891665664292,14,14,15,13,0.21083343357088324,3999.7891665664292,32.818915637908184,33.712429443970265,1,-1,20.0,20.0,62,102,11.719379393420473,200.0,11.719379393420473,226.41124446692857,0,0,0,0,0,42,0.01050773369199731,0.016812373907195696,147.0,159.0
F7_5.28,N15,N16,800.0,1,2400.0,2393.608130507504,18,18,16,13,6.391869492496198,3993.608130507504,32.79096930599412,33.62302430138651,1,-1,10.0,10.0,67,95,11.333779423486968,58.158613947864524,11.279311653148648,231.46282603876057,0,0,0,3,1,47,0.012609280430396773,0.017863147276395427,160.0,168.0
F2_16.1,N15,N22,800.0,-1,2400.0,1570.6173898425513,15,27,15,0,770.573319761276,3170.6173898425513,0.0,0.0,-2,1,35.0,35.0,21,5,12.332735364804,13.145783936874427,12.332735364804,186.38076211223938,0,0,0,1,1,42,0.004203093476798925,0.005253866845998656,59.0,125.99999999999994
F2_16.0,N15,N22,800.0,1,2400.0,1884.1678458220517,11,28,11,0,515.8321541779482,3484.1678458220517,0.0,0.0,-1,-1,9.0,9.0,14,4,10.022833152670442,29.653782732417767,11.414690759479045,216.13496202624665,0,1,0,6,5,39,0.0609448554135844,0.0010507733691997312,91.0,139.0
F2_10.0,N15,N22,800.0,-1,2400.0,943.7501124773273,24,26,24,0,143.72595213639,2543.750112477327,42.18318699975746,0.0,-2,-1,20.0,20.0,44,6,13.348495001443547,86.922068093127,12.772540936873645,185.74745381489447,0,0,0,5,5,50,0.018913920645595158,0.011558507061197041,13.0,143.00000000000006
F7_19.1,N15,N22,800.0,-1,2400.0,827.4139454996678,32,30,32,0,27.391956089156224,2427.4139454996675,40.01111725794245,39.68630825606494,-2,-1,40.0,40.0,66,22,12.487560915424684,284.7965332278461,12.020172657079398,194.7460072648598,0,0,0,10,5,62,0.04203093476798924,0.025218560860793545,2.0,141.0
F7_18.0,N15,N22,800.0,1,2400.0,1619.61458688206,20,22,20,0,780.3854131179401,3219.61458688206,0.0,0.0,-1,1,17.0,17.0,33,6,0.0,0.1171219381053561,0.0,264.379910001614,0,1,0,1,1,42,0.06514794889038333,0.008406186953597848,91.0,163.0
F2_19.2,N15,N22,800.0,1,2400.0,1611.5127683629084,20,30,20,0,788.4872316370917,3211.5127683629084,41.78792595641506,0.0,-1,-1,2.0,2.0,40,8,0.0,880.7963186890315,11.969086252987362,231.4065874582022,0,3,0,0,0,50,0.054640215198386015,0.012609280430396773,72.0,129.0
F2_19.3,N15,N22,800.0,-1,2400.0,986.5603556662975,41,28,41,0,186.55755261675233,2586.5603556662973,39.92031119945161,39.68630825606494,-2,-1,28.0,28.0,76,24,11.604220750222604,80.51843635737305,12.192738920360469,197.70388648693114,0,0,0,3,2,69,0.012609280430396773,0.02837088096839274,16.0,136.0
F7_8.0,N15,N16,800.0,1,2400.0,1618.9696330334937,21,21,23,6,781.0303669665066,3218.9696330334937,40.7914538027625,36.94736842105263,-1,-1,24.0,24.0,49,12,0.0,0.0010243167962471489,0.0,293.5669995106013,0,6,0,1,1,50,0.03992938802958978,0.007355413584398118,103.00000000000006,149.0
F7_19.2,N15,N22,800.0,1,2400.0,2391.5783220390554,17,24,17,0,8.421677960944635,3991.5783220390554,0.0,0.0,-1,1,25.0,25.0,27,6,9.741866350407086,44.41969587052017,9.509524901592657,266.23921473433614,0,1,0,4,0,41,0.036922721465249546,0.00840618695359785,189.99999999999994,154.0
F7_8.3,N15,N16,800.0,-1,2400.0,1020.9492094510176,34,34,38,9,220.92298900039464,2620.949209451018,40.02604512253422,37.68532989065165,-2,-1,25.0,25.0,90,24,11.939450613930816,29.988029771958168,11.490365977750844,210.79033650451603,0,0,0,8,7,81,0.02942165433759247,0.01996469401479489,20.0,151.0
F7_12.0,N15,N22,800.0,1,2400.0,1619.5020048069637,23,31,23,0,780.4979951930361,3219.5020048069637,40.621223358776724,42.20289855072464,-1,1,20.0,20.0,50,19,0.0,0.001049734731168428,0.0,295.2526958476114,0,7,0,1,0,54,0.07565568258238063,0.02101546738399462,96.0,166.0
F7_19.0,N15,N22,800.0,1,2400.0,1896.0890889655998,21,30,21,0,503.9109110344004,3496.0890889656,41.796229015897374,0.0,1,-1,9.0,9.0,40,7,10.031068707946362,140.90577484315145,9.639545887958414,257.9564051359329,0,0,0,3,0,51,0.035726294552790853,0.011558507061197041,136.0,164.0
F2_19.1,N15,N22,800.0,-1,2400.0,1382.6720902480838,39,29,39,0,582.6138125992186,2982.672090248084,40.04690959678575,39.68630825606494,-2,-1,30.0,30.0,75,23,12.358386326064766,39.93470794900779,10.42103205448231,196.06020610935275,0,0,0,17,11,68,0.0441324815063887,0.02837088096839274,59.99999999999994,177.0
F7_8.7,N15,N16,800.0,1,2400.0,2398.269623296696,30,30,28,8,1.7303767033039321,3998.269623296696,40.086566583603435,36.94736842105263,1,1,35.0,35.0,70,22,7.96112799552336,64.61391222340035,8.135367081698133,264.6615016545398,0,0,0,14,8,66,0.07145258910558171,0.010085363444831618,175.0,120.0
F2_8.2,N15,N16,800.0,-1,2400.0,1142.1300414039292,28,28,42,10,342.0989507981965,2742.130041403929,37.45021618006172,36.776338300758674,-2,1,34.0,34.0,89,28,10.929750478169696,42.873731185223676,11.187010405031241,213.83615837089843,0,0,0,14,10,80,0.035726294552790853,0.024167787491593814,34.0,168.0
F7_12.2,N15,N22,800.0,1,2400.0,2070.889327620304,50,29,50,0,329.11067237969627,3670.889327620304,40.08670156635022,39.48059022901303,0,-1,0.0,0.0,83,30,8.764998683492529,63.597521442462494,8.808150317251785,252.17042180639825,0,0,1,11,6,79,0.06304640215198387,0.02837088096839274,126.0,159.0
F7_18.2,N15,N22,800.0,1,2400.0,2394.3537052878464,24,31,24,0,5.646294712153804,3994.3537052878464,41.78792595641506,0.0,-1,1,29.0,29.0,48,14,6.367747489380317,10.78889346808728,9.160813839689926,288.2814989541723,0,5,0,12,5,55,0.06304640215198387,0.01996469401479489,199.0,164.0
F7_16.3,N15,N22,800.0,1,2400.0,2390.2919275726954,48,28,48,0,9.708072427304842,3990.2919275726954,40.08670156635022,39.48059022901303,1,-1,3.0,3.0,79,29,8.95752120820587,23.29428427107314,10.90793687971977,252.64375739804774,0,0,1,13,7,76,0.06514794889038333,0.02837088096839274,137.0,156.0
F7_19.4,N15,N22,800.0,1,2400.0,1816.828799850297,51,28,51,0,583.171200149703,3416.828799850297,40.02604512253422,39.48059022901303,-1,1,23.0,23.0,90,35,4.179841227842759,9.10848633411024,8.210147270958995,300.2686824864986,0,8,0,10,6,79,0.07355413584398117,0.025218560860793545,114.0,157.0
F2_15.2,N15,N22,800.0,1,2400.0,2394.2438662358554,28,33,28,0,5.756133764144806,3994.2438662358554,40.01111725794245,39.68630825606494,0,0,2.0,2.0,61,20,9.14586930276922,10.73497193412004,9.14586930276922,218.1120854122394,0,0,0,1,1,61,0.06304640215198387,0.025218560860793545,153.0,190.0
F7_12.3,N15,N22,800.0,1,2400.0,2396.868960853027,51,30,51,0,3.131039146972739,3996.868960853027,40.08670156635022,39.48059022901303,-1,1,40.0,40.0,85,31,9.108107953986975,52.37339904826399,11.760705777163901,254.3599087165878,0,0,0,9,2,81,0.035726294552790853,0.027320107599193007,135.0,158.0
F2_15.1,N15,N22,800.0,1,2400.0,2397.4566481085267,30,31,30,0,2.543351891473094,3997.4566481085267,40.01111725794245,39.68630825606494,0,0,0.0,0.0,64,21,10.931317575541573,11.736385346738643,9.282030812449388,218.5932849688831,0,0,0,8,3,61,0.0882649630127774,0.025218560860793545,160.0,184.0
F7_10.1,N15,N22,800.0,1,2400.0,2397.1606879269407,21,30,21,0,2.839312073059318,3997.1606879269407,41.78792595641506,0.0,-1,1,34.0,34.0,42,11,6.22011909916028,117.10439359555699,9.500649397591017,284.7844697665847,0,5,0,11,3,51,0.06304640215198387,0.015761600537995968,201.00000000000006,170.0
F2_12.0,N15,N22,800.0,1,2400.0,2393.134494887885,36,28,36,0,6.865505112115102,3993.134494887885,40.086566583603435,39.68630825606494,-1,-1,34.0,34.0,72,22,9.486864144648683,11.622798507878315,9.922697522274749,222.72067701073,0,0,0,6,6,64,0.07355413584398117,0.027320107599193007,195.99999999999994,160.0
F7_12.1,N15,N22,800.0,1,2400.0,1811.5597027914841,47,30,47,0,588.4402972085156,3411.559702791484,40.021057567219025,39.48059022901303,1,-1,9.0,9.0,78,27,8.854575779665753,28.683819516993935,8.407851689574876,248.76615951499934,0,0,1,3,1,77,0.0672494956287828,0.02837088096839274,135.0,178.0
F7_10.2,N15,N22,800.0,1,2400.0,2399.258060864905,23,32,23,0,0.7419391350949809,3999.258060864905,40.054122062821065,42.20289855072464,-1,1,8.0,8.0,52,20,5.489797662649358,57.19358093985329,8.733786181255498,303.440784976773,0,10,0,14,6,55,0.07355413584398117,0.023117014122394083,191.00000000000006,175.0
F2_16.2,N15,N22,800.0,1,2400.0,2192.7092315456102,50,30,50,0,207.29076845438976,3792.7092315456102,39.68999285029549,39.48059022901303,-1,-1,17.0,17.0,83,24,10.297271259520175,12.26461677436987,10.639305893932493,223.72035718594526,0,1,1,6,4,80,0.08196032279757902,0.02837088096839274,174.0,170.0
F2_19.4,N15,N22,800.0,1,2400.0,1877.0956948252242,51,30,51,0,522.9043051747758,3477.095694825224,40.08670156635022,39.48059022901303,1,1,37.0,37.0,87,32,4.960635096093678,250.83958032061264,4.960635096093678,227.59622364457766,0,0,0,1,0,81,0.07840993302475353,0.02785926586189053,109.0,190.0
F7_8.6,N15,N16,800.0,1,2400.0,2197.7197602694355,28,28,31,8,202.28023973056452,3797.7197602694355,39.9720196789147,36.94736842105263,1,1,27.0,27.0,76,22,9.398852716898244,11.115992143258154,9.184871115473701,252.53926139487967,0,0,0,7,6,67,0.03992938802958978,0.014710827168796235,166.00000000000006,194.0
F2_8.4,N15,N16,800.0,1,2400.0,2391.8145154410595,31,31,30,8,8.185484558940743,3991.8145154410595,40.086566583603435,36.94736842105263,-1,1,32.0,32.0,74,22,9.706323797503684,11.248072023493933,9.976362860813484,224.11296415236117,0,1,0,7,0,69,0.06760344173832633,0.011558507061197043,204.0,169.0
F1_8.0,N15,N16,800.0,1,2400.0,2268.215294084349,27,27,32,9,131.78470591565087,3868.215294084349,40.021057567219025,38.44452858765619,-1,1,9.0,9.0,78,21,9.61973161117959,13.918798841813896,11.997410303340141,226.53761377238104,0,2,0,15,3,68,0.08406186953597848,0.0168123739071957,187.0,168.0
F2_8.3,N15,N16,800.0,1,2400.0,1642.3764310139627,32,32,40,9,757.6235689860375,3242.3764310139627,38.406023496643584,37.03603119076315,1,-1,9.0,9.0,86,23,8.855923380493458,11.684107295548984,8.855923380493458,218.93734089088582,0,0,0,1,0,81,0.0882649630127774,0.019964694014794893,83.0,214.0
F7_8.4,N15,N16,800.0,1,2400.0,2393.838061144996,25,25,23,7,6.161938855003768,3993.838061144996,40.054122062821065,36.94736842105263,-1,-1,9.0,9.0,51,16,4.179176832427829,153.28723471223384,9.43310089900551,305.1170731159628,0,10,0,9,8,55,0.05043712172158709,0.0073554135843981175,197.0,192.0
F7_8.5,N15,N16,800.0,1,2400.0,2377.046292936542,29,29,27,8,22.95370706345784,3977.046292936542,40.01111725794245,36.94736842105263,1,1,41.0,41.0,64,21,6.379794705366281,34.46128152735878,8.988695607547008,295.28880382163436,0,8,0,17,9,64,0.07944343592432035,0.0073554135843981175,188.99999999999994,192.0
F2_19.5,N15,N22,800.0,1,2400.0,1747.292881510265,48,29,48,0,652.707118489735,3347.292881510265,38.63726114778724,39.75763471465371,1,1,13.0,13.0,86,35,9.673594761710742,13.3326652690439,10.69573726146414,219.8852411969259,0,0,0,5,4,77,0.11348352387357095,0.024167787491593817,128.0,211.0
F7_8.9,N15,N16,800.0,1,2400.0,2393.1062078432064,33,33,37,9,6.8937921567936655,3993.1062078432064,40.08670156635022,37.68532989065165,-1,-1,34.0,34.0,88,22,8.129930698113524,41.968910414009315,9.276757489949564,275.23572102319235,0,3,0,18,9,79,0.06935104236718224,0.018913920645595158,200.0,154.0
F2_10.1,N15,N22,800.0,1,2400.0,1618.970604457857,56,30,56,0,781.0293955421432,3218.970604457857,37.45021618006172,38.18258247163385,-1,-1,38.0,38.0,89,41,0.0,0.0019452803362582927,0.0,243.17278079965791,0,5,1,1,1,86,0.0945696032279758,0.030472427706792198,113.0,207.0
F0_19.0,N15,N22,800.0,1,2400.0,2394.781622024734,44,28,44,0,5.218377975265639,3994.781622024734,39.9720196789147,39.48059022901303,-1,-1,26.0,26.0,78,24,9.541257037430308,9.921078436542302,7.829594729611019,218.97667715605965,0,1,0,15,10,72,0.09667114996637526,0.02837088096839274,195.99999999999994,209.0
F0_12.0,N15,N22,800.0,1,2400.0,2394.439349092355,50,30,50,0,5.560650907644913,3994.439349092355,39.64511134031766,39.48059022901303,-1,-1,16.0,16.0,83,24,8.905442408711389,12.704503563304343,10.246069638413804,223.90188580664451,0,1,1,19,15,80,0.10029197273540132,0.02837088096839274,195.0,205.0
F2_12.1,N15,N22,800.0,1,2400.0,1898.4309200016246,51,28,51,0,501.56907999837546,3498.4309200016246,40.02604512253422,39.48059022901303,1,1,23.0,23.0,90,35,11.05944264803372,13.237448803294228,11.028336183238096,223.9658609238796,0,0,0,8,6,79,0.10928043039677203,0.025218560860793545,149.0,208.0
F0_19.2,N15,N22,800.0,1,2400.0,1929.022069030103,49,29,49,0,470.9779309698968,3529.022069030103,38.406023496643584,39.75763471465371,1,1,11.0,11.0,86,35,9.574351769173227,11.079031305346689,9.89775911405654,219.61541198258703,0,0,0,16,13,78,0.0882649630127774,0.024167787491593817,150.0,209.0
F1_12.2,N15,N22,800.0,1,2400.0,2141.607934959315,51,30,51,0,258.3920650406849,3741.607934959315,40.08670156635022,39.48059022901303,1,1,37.0,37.0,87,32,9.262988866728476,11.681280649658675,9.798013331952308,227.59622364457766,0,0,0,15,12,81,0.07840993302475353,0.02785926586189053,175.0,213.0
F0_19.1,N15,N22,800.0,1,2400.0,2395.792531177389,46,28,46,0,4.207468822611418,3995.792531177389,39.9720196789147,39.48059022901303,-1,-1,24.0,24.0,80,24,9.205082638374423,10.714687329548724,8.767667775562707,222.52271892649694,0,1,0,16,11,74,0.09667114996637526,0.02837088096839274,199.0,214.0
F2_10.2,N15,N22,800.0,1,2400.0,2395.3214961235017,50,29,50,0,4.6785038764983256,3995.3214961235017,40.08670156635022,39.48059022901303,-1,-1,1.0,1.0,82,30,8.815508567229,111.22366354723113,11.473099468831652,232.3075492916024,0,4,1,20,16,79,0.10717888365837257,0.02837088096839274,182.0,218.0
F7_8.13,N15,N16,800.0,1,2400.0,2396.0317856005686,32,32,53,7,3.9682143994313037,3996.0317856005686,37.146942545766926,35.560638712882174,-1,-1,23.0,23.0,114,30,7.86248674830734,32.97098291555221,9.35977530508191,280.43059536517546,0,3,4,10,4,92,0.05253866845998655,0.036777067921990585,190.0,151.0
F0_12.2,N15,N22,800.0,1,2400.0,2398.245532392388,53,28,53,0,1.754467607611673,3998.245532392388,37.671986827510686,38.1515228247244,0,0,0.0,0.0,87,39,8.418565854003209,13.528013123118626,12.091992100906946,226.38298385196265,0,0,0,15,12,81,0.09246805648957633,0.030472427706792198,148.0,274.0000000000001
F1_16.0,N15,N22,800.0,1,2400.0,2372.024407245801,56,30,56,0,27.97559275419917,3972.024407245801,37.45021618006172,38.18258247163385,-1,-1,38.0,38.0,89,41,7.928256737003267,12.240044891485468,11.479795521384434,243.17278079965791,0,5,1,19,17,86,0.1050773369199731,0.030472427706792198,150.0,270.0
F2_8.6,N15,N16,800.0,1,2400.0,2391.95680224542,21,21,57,4,8.043197754579865,3991.95680224542,34.41129731895699,35.851321787620904,1,-1,24.0,24.0,87,52,9.412339664109695,14.204811332115014,11.542358090554544,225.90747647117746,0,0,1,21,2,82,0.11171785640967646,0.03887861466039005,166.0,148.0
F2_15.6,N15,N22,800.0,1,2400.0,2357.4563094606347,70,24,70,3,42.54369053936534,3957.4563094606347,34.596228411490166,37.52614754692784,-1,-1,40.0,40.0,88,64,9.150920829985244,11.687303503220846,10.80624515402406,219.02656698683856,0,0,0,15,12,97,0.11348352387357095,0.0945696032279758,146.0,196.0000000000001
F7_8.15,N15,N16,800.0,1,2400.0,2394.8945011930928,16,16,51,6,5.105498806907235,3994.8945011930928,34.45964344051023,36.8843522091791,1,1,5.0,5.0,98,75,8.904280969456432,13.456144795475666,10.302862655770497,256.836477991836,0,0,0,6,2,73,0.04833557498318763,0.03555554277469341,155.0,190.0
F7_17.3,N15,N22,800.0,1,2400.0,2394.57104980303,80,22,80,1,5.428950196970277,3994.57104980303,37.146942545766926,39.842958762517505,-1,1,23.0,23.0,114,56,6.249863137452269,159.88757516935289,9.2738045520294,280.43059536517546,0,3,0,5,0,103,0.027320107599193007,0.04932410096012864,181.0,351.0
F2_16.5,N15,N22,800.0,1,2400.0,2398.986757338446,78,21,78,1,1.013242661554159,3998.986757338446,36.40155706812167,39.867223291250994,1,1,11.0,11.0,108,58,10.5683837035606,53.308657468321144,11.59087476942408,222.15502205246423,0,0,0,21,21,100,0.11978816408876934,0.055690988567585746,165.0,359.0
F7_18.7,N15,N22,800.0,1,2400.0,2395.970448506478,67,20,67,1,4.029551493522035,3995.970448506478,34.785993673737586,37.10415558195886,1,-1,3.0,3.0,90,51,9.367788425811657,26.988065662899544,10.224601141622863,252.87117085859182,0,0,5,9,4,88,0.05043712172158709,0.07145258910558172,143.0,345.0
F2_15.9,N15,N22,800.0,1,2400.0,2397.1647180465984,84,28,84,5,2.8352819534015907,3997.1647180465984,34.234603600672855,36.62667559549035,1,1,39.0,39.0,118,116,4.094809620872638,14.665521701802618,12.898551275010243,298.2913996671517,0,27,30,30,23,117,0.13029589778076667,0.11453429724277067,182.0,192.0
F2_12.7,N15,N22,800.0,1,2400.0,2391.640066734488,85,39,85,4,8.35993326551204,3991.640066734488,34.27550792460541,35.13683425788026,1,1,22.0,22.0,124,136,6.900854326684717,21.03528946731467,11.502487356246835,258.52204582071926,0,14,26,30,20,128,0.15341291190316073,0.1292451244115669,182.9999999999999,181.0
F2_16.8,N15,N22,800.0,1,2400.0,2397.3793062059167,70,24,70,3,2.620693794083195,3997.3793062059167,34.596228411490166,37.52614754692784,-1,-1,40.0,40.0,88,64,9.906340054947862,12.118027243134293,10.50134902719825,219.02656698683856,0,0,0,18,14,97,0.11348352387357095,0.0945696032279758,156.0,453.0
F2_16.9,N15,N22,800.0,1,2400.0,2389.1417377624566,68,24,68,3,10.8582622375435,3989.1417377624566,34.596228411490166,37.52614754692784,-1,-1,41.0,41.0,86,63,9.545698524259693,12.70321845882313,11.018146064511463,216.9228728887455,0,0,0,16,13,95,0.11558507061197042,0.0945696032279758,157.0,452.0000000000001
F2_18.4,N15,N22,800.0,1,2400.0,2392.840012121404,64,23,64,3,7.1599878785959845,3992.840012121404,34.596228411490166,37.38430385912843,1,1,2.0,2.0,81,66,10.033215046746543,34.13733706206358,12.38960244019033,212.50133501745827,0,0,0,13,11,90,0.10087424344317418,0.0945696032279758,167.0,460.0
F2_8.11,N15,N16,800.0,1,2400.0,2393.7908580257154,27,27,81,20,6.209141974284421,3993.7908580257154,33.82729827681378,35.707655260496466,1,-1,21.0,21.0,146,155,5.358632970669072,13.171797762232018,11.142903227551834,267.9442561998981,0,21,8,31,4,128,0.1597175521183591,0.035726294552790853,174.0,139.0
F7_8.20,N15,N16,800.0,1,2400.0,2395.463755943616,25,25,79,19,4.536244056384135,3995.463755943616,34.27550792460541,36.109814336278816,-1,-1,20.0,20.0,127,123,8.221719459874212,9.346448778697777,7.977907922576421,277.37475948791115,0,2,3,15,4,123,0.07355413584398117,0.03173656454678875,197.0,200.0
F3_15.11,N15,N22,800.0,1,2400.0,2396.88757159177,122,42,122,4,3.1124284082300164,3996.88757159177,33.84784451453287,34.42238558564198,1,-1,17.0,17.0,166,165,8.806684512090952,10.534482372205275,8.803739657772361,242.306876216567,0,0,43,6,4,168,0.050223661050585205,0.16717518110097934,153.0,174.0
F7_17.15,N15,N16,800.0,1,2400.0,2393.1155342273482,22,22,80,21,6.884465772651879,3993.1155342273482,33.139393793441776,34.62139939459144,0,0,0.0,0.0,187,203,9.632135160085278,701.1113416149046,9.547568653331428,258.23283632751304,0,0,0,2,2,123,0.027320107599193007,0.027320107599193004,137.0,128.0
F7_18.5,N15,N22,800.0,1,2400.0,2394.37796373529,72,24,72,3,5.622036264710232,3994.37796373529,34.63042437193404,37.52614754692784,1,-1,34.0,34.0,92,69,8.362461587000885,33.83800316458132,8.330691796026715,253.49298305228413,0,0,3,6,4,99,0.061004804432180086,0.09667114996637526,194.0,569.0
F2_17.11,N15,N22,800.0,1,2400.0,2398.8193599075107,106,42,106,5,1.1806400924891705,3998.8193599075107,33.83048001984989,34.3775938846239,1,1,15.0,15.0,153,158,6.916772633661478,10.92944633348975,9.263140227235747,256.45974669524384,0,12,25,30,24,153,0.16812373907195696,0.15131136516476126,241.0,229.0
F7_18.14,N15,N16,800.0,1,2400.0,2396.103320675836,27,27,81,22,3.896679324163756,3996.103320675836,33.3991588226769,34.931441994537195,-1,-1,17.0,17.0,183,184,6.321147456457579,39.31726480935595,8.964138612299493,309.60627684266535,0,7,4,14,4,130,0.07409177793750982,0.03178785401075621,190.0,198.0
F7_5.11,N15,N16,800.0,1,2400.0,2399.555017595636,24,24,81,21,0.44498240436416836,3999.555017595636,33.09812350638248,34.62139939459144,-1,-1,39.0,39.0,190,205,9.841208396934112,31.423345557563607,11.153614858561316,263.5952272906106,0,0,0,3,3,126,0.031523201075991936,0.02732010759919301,158.0,173.0
F2_13.16,N15,N22,800.0,1,2400.0,2393.5597643970905,135,36,135,4,6.4402356029095245,3993.5597643970905,33.39528669883713,33.921664040915545,1,1,15.0,15.0,184,183,5.396371808989781,67.41427702485021,10.627828356873842,294.9296360756718,0,30,30,43,37,175,0.18818632791481502,0.17696210488131675,257.0,198.0
F2_10.6,N15,N22,800.0,1,2400.0,2399.670046063148,73,22,73,4,0.3299539368516662,3999.670046063148,34.37808665701089,37.35189525879669,1,1,19.0,19.0,103,101,9.021469710547041,10.847360468838815,9.45360563218847,229.99138926319165,0,0,1,28,25,99,0.1281943510423672,0.10297579018157366,175.0,652.0
F2_15.14,N15,N22,800.0,1,2400.0,2394.9859965063997,135,35,135,4,5.014003493600512,3994.9859965063997,33.36701694439036,33.86485776826913,1,1,11.0,11.0,183,185,6.220186439433222,43.524750170472544,11.818217240805426,281.29342653506444,0,26,31,42,36,174,0.18493611297915266,0.17826039333049087,249.0,205.0
F2_15.13,N15,N22,800.0,1,2400.0,2393.4542638812704,133,43,133,4,6.545736118729451,3993.4542638812704,33.449972331902835,33.96108425339561,1,1,29.0,29.0,184,164,4.786123960376846,12.929646174368145,9.863258813050336,310.59272275993015,0,39,42,45,39,180,0.1660221923335575,0.17144680120695893,265.0,203.0
F7_10.18,N15,N16,800.0,1,2400.0,2399.3540889296805,30,30,83,21,0.6459110703193573,3999.3540889296805,33.01402343260139,34.15316258921669,1,1,7.0,7.0,207,226,8.609866930681067,16.734437469461454,10.506335064296655,257.1776676842148,0,0,0,6,3,134,0.06304640215198387,0.02521856086079355,147.0,190.0
F7_18.15,N15,N16,800.0,1,2400.0,2393.6086458379805,21,21,78,26,6.391354162019525,3993.6086458379805,32.94637669797976,34.420987787619104,-1,-1,4.0,4.0,184,222,5.507122269608877,61.851286983950104,11.01599305785208,303.8435274615166,0,9,5,12,5,125,0.0882649630127774,0.02732010759919301,183.0,204.0
F7_10.21,N15,N16,800.0,1,2400.0,2393.7507265624995,45,45,80,27,6.249273437500506,3993.7507265624995,32.47819556317248,33.84961627580313,-1,-1,13.0,13.0,198,237,8.859358726536692,12.82484874703664,10.49440700860701,261.63550187901734,0,2,6,7,6,152,0.04423455807959802,0.02732010759919301,186.0,137.0
F2_12.4,N15,N22,800.0,1,2400.0,2396.3500759923536,77,22,77,4,3.6499240076465185,3996.3500759923536,34.36979536238105,37.19319941475412,1,1,13.0,13.0,105,101,9.887984824015483,47.80734939112335,10.633343995788133,220.43537594282208,0,0,0,25,22,103,0.12334912327156944,0.10419492013088846,176.0,710.0
F7_10.8,N15,N22,800.0,1,2400.0,2390.3227322451803,83,26,83,4,9.677267754819923,3990.3227322451803,34.25927900300149,36.80365494635919,1,-1,11.0,11.0,118,106,9.28012271140599,333.04910181795117,9.541875030571394,258.8236246179178,0,0,23,4,0,113,0.03992938802958978,0.11453429724277067,136.0,707.0
F2_17.4,N15,N22,800.0,1,2400.0,2397.952773072053,81,21,81,4,2.0472269279472357,3997.952773072053,34.26327292687188,36.98561714160153,0,0,1.0,1.0,112,96,10.646857112150107,16.272459183184765,14.289281208604269,215.3717530949528,0,0,1,23,15,106,0.11978816408876934,0.11039096166745746,212.0,685.0
F7_12.11,N15,N16,800.0,1,2400.0,2393.3124675721097,47,47,81,28,6.687532427890233,3993.3124675721097,32.45060173298445,33.75926861816625,-1,-1,7.0,7.0,202,238,7.70387519637257,56.00248835096113,11.036205445306376,266.6637851440702,0,3,6,7,6,156,0.046234028244788165,0.02942165433759247,182.0,197.0
F7_8.25,N15,N16,800.0,1,2400.0,2204.105513631116,50,50,82,23,195.89448636888392,3804.105513631116,32.29672837965445,33.500033392912954,1,1,2.0,2.0,211,249,9.711039756301943,214.2197533551564,8.678418836338476,256.6446458366761,0,0,0,8,8,155,0.04833557498318763,0.02944106630468646,145.0,198.0
F2_15.15,N15,N22,800.0,1,2400.0,2391.5076267856934,134,26,134,1,8.492373214306667,3991.5076267856934,32.93856223185942,32.9829445421279,1,1,13.0,13.0,183,187,5.462035266072524,60.73233119100428,10.53500597135406,305.278345800676,0,35,43,45,36,161,0.17277002290536844,0.20281840163819512,266.0,209.0
F7_10.23,N15,N16,800.0,1,2400.0,2393.6284331245915,56,56,81,24,6.371566875408348,3993.6284331245915,32.15826703813011,33.306084858847875,-1,-1,39.0,39.0,216,250,8.905041892805892,11.883648375441226,9.699238806088717,258.5633732622116,0,0,3,16,12,161,0.08616341627437794,0.02942165433759247,146.0,196.0
F7_12.12,N15,N16,800.0,1,2400.0,2395.156516937326,54,54,81,23,4.843483062673613,3995.156516937326,32.226523183052976,33.423987960344924,0,0,1.0,1.0,215,252,10.113313453916717,192.4125451730631,10.663575573288956,255.66468303647602,0,0,0,8,8,158,0.046234028244788165,0.02942165433759247,146.0,197.0
F2_16.17,N15,N16,800.0,1,2400.0,2397.8424288471097,21,21,78,24,2.157571152890341,3997.8424288471097,32.95849687209468,34.51619734854521,1,-1,10.0,10.0,184,222,5.585349738303,29.787488915442964,10.044829204242557,298.33368172518243,0,32,5,44,0,123,0.1765299260255548,0.02732010759919301,321.0,173.0
F7_5.13,N15,N16,800.0,1,2400.0,2393.4555129420028,55,55,81,24,6.544487057997117,3993.4555129420028,32.1760573462482,33.36468502297721,-1,-1,41.0,41.0,215,251,9.358517666547415,10.729503528272971,9.727264204992197,254.44025634409343,0,0,1,15,11,160,0.08616341627437794,0.02942165433759247,146.0,205.0
F7_8.24,N15,N16,800.0,1,2400.0,2398.224016211263,42,42,80,27,1.7759837887372214,3998.224016211263,32.52194105646775,33.84848355369947,-1,-1,16.0,16.0,198,236,8.231936706348703,12.13826908822034,8.829062791131928,261.72406331746623,0,2,6,12,8,149,0.0777572293207801,0.02732010759919301,203.0,208.0
F2_16.18,N15,N16,800.0,1,2400.0,2390.76297536919,23,23,78,26,9.237024630809856,3990.76297536919,32.951610566504534,34.41049159961869,1,-1,0.0,0.0,183,227,5.645518609247642,27.893825721374697,10.469241171704143,296.20488535712724,0,26,5,40,1,127,0.1660221923335575,0.02732010759919301,322.0,168.0
F2_8.13,N15,N16,800.0,1,2400.0,2398.687904302548,21,21,78,26,1.3120956974522642,3998.687904302548,32.951745243335466,34.420987787619104,1,-1,5.0,5.0,183,222,4.78080126459453,254.28655689571656,11.365805044012976,294.26391097124747,0,27,5,40,9,125,0.14500672494956288,0.027320107599193007,316.0,190.0
F2_19.16,N15,N16,800.0,1,2400.0,2394.3211233960437,47,47,80,27,5.678876603956041,3994.3211233960437,32.46470242832257,33.81753770544525,1,-1,11.0,11.0,201,238,2.6436845275307617,12.142894745511285,10.208389140107982,360.14343139803657,0,49,6,45,17,154,0.1700121202901159,0.02732010759919301,329.0,151.0
F7_17.18,N15,N16,800.0,1,2400.0,2398.406486455259,62,62,78,30,1.5935135447410858,3998.406486455259,31.91222511384577,33.06539026114876,-1,-1,7.0,7.0,213,269,6.098001705327863,15.591144127022972,8.418680301574648,308.77391130887224,0,14,6,20,18,170,0.09667114996637526,0.0304724277067922,191.0,188.0
F7_5.12,N15,N16,800.0,1,2400.0,2392.0768300318587,60,60,77,28,7.923169968141565,3992.0768300318587,31.912648666759885,33.07283986073301,-1,-1,9.0,9.0,210,268,5.820877801722478,13.830003263489061,9.790782802554594,312.4540384613494,0,13,6,18,16,165,0.09667114996637526,0.02942165433759247,195.0,196.0
F2_16.11,N15,N22,800.0,1,2400.0,2394.8085001775034,80,29,80,3,5.191499822496326,3994.8085001775034,34.37387735221153,36.5828918234866,1,1,19.0,19.0,114,121,7.031918003100419,21.872522827363355,13.335995056872852,249.6703944916291,0,10,18,27,19,112,0.1218897108271688,0.12230341730589014,171.0000000000001,801.0000000000001
F2_15.19,N15,N22,800.0,1,2400.0,2399.6310567275677,94,46,94,2,0.36894327243203406,3999.6310567275677,31.889202292390312,32.430132757443474,1,1,4.0,4.0,211,219,3.5795877429680845,14.290870775939538,10.743059961027628,370.87515383899745,0,44,50,45,20,142,0.1492098184263618,0.24230022770288184,251.0,192.0
F7_19.20,N15,N16,800.0,1,2400.0,2398.8245410402983,88,88,101,36,1.1754589597015865,3998.8245410402983,31.235850506474957,32.26223277073503,1,1,34.0,34.0,223,292,9.11027199300331,9.176120164032227,8.407388548868106,264.22878342909326,0,0,0,12,11,225,0.0609448554135844,0.0504371217215871,179.0,185.0
F7_10.26,N15,N16,800.0,1,2400.0,2397.0665794618426,84,84,102,31,2.933420538157179,3997.0665794618426,31.175126292527217,32.1524583690576,1,1,5.0,5.0,225,305,8.706824196523783,10.678832523696883,8.751361480920039,262.46385698528815,0,0,0,17,15,217,0.08406186953597848,0.05043712172158709,159.0,175.0
F7_8.30,N15,N16,800.0,1,2400.0,2398.7691968220156,84,84,96,34,1.230803177984285,3998.7691968220156,31.20964469048588,32.328941655294905,-1,-1,7.0,7.0,215,290,6.644624313858782,11.921739034186203,9.495082962069784,283.4564336987549,0,5,7,12,12,214,0.0672494956287828,0.05148789509078682,184.0,211.0
F7_10.24,N15,N16,800.0,1,2400.0,2397.8470295731586,77,77,93,26,2.1529704268414207,3997.8470295731586,31.31482862782764,32.41012416404976,-1,-1,23.0,23.0,212,284,8.144643038335603,9.015395806188735,8.250519802656719,270.3428873307849,0,2,4,10,10,196,0.08196032279757902,0.0504371217215871,201.0,206.0
F7_17.21,N15,N16,800.0,1,2400.0,2399.3585866117032,86,86,101,37,0.6414133882966553,3999.3585866117032,31.23527277378325,32.263535312029084,1,1,36.0,36.0,222,294,8.882701099764773,35.03003819051514,9.434979206467926,270.3809343848302,0,0,0,12,11,224,0.06514794889038333,0.05038356624857344,192.0,188.0
F2_16.20,N15,N16,800.0,1,2400.0,2388.371216815591,57,57,77,28,11.62878318440869,3988.371216815591,31.88520631935188,33.12006173065571,1,-1,11.0,11.0,208,264,2.9776015979641723,78.30038654431496,10.234680541495033,375.0035592354363,0,45,6,44,0,162,0.17442837928715535,0.02942165433759247,334.0,173.0
F7_10.25,N15,N16,800.0,1,2400.0,2399.2264188457984,87,87,100,37,0.7735811542017927,3999.2264188457984,31.20533516643037,32.29023650400923,-1,-1,0.0,0.0,223,294,6.939318010819412,52.41677222893554,8.082021940563957,288.79094685255495,0,7,7,18,18,224,0.0882649630127774,0.05253866845998655,191.0,210.0
F7_19.7,N15,N22,800.0,1,2400.0,2392.430761036665,78,28,78,3,7.569238963334783,3992.430761036665,34.3478503720113,36.41958247438212,-1,1,9.0,9.0,114,120,5.195509250777452,9.665125685665998,7.971531940792843,295.04390910466,0,7,8,5,0,109,0.04203093476798924,0.12375514817413386,176.9999999999999,915.9999999999999
F7_10.27,N15,N16,800.0,1,2400.0,2396.843858599377,96,96,107,42,3.156141400622573,3996.843858599377,30.8437020517919,31.658691833933247,-1,-1,4.0,4.0,233,296,5.2201587957058395,9.345241392417165,8.08481969629214,344.5248109599885,0,18,5,23,22,245,0.10087424344317418,0.06180196177667187,185.0,199.0
F9_6.22,N15,N16,800.0,1,2400.0,2389.2563700203764,103,103,120,45,10.743629979623734,3989.2563700203764,30.195146748297553,31.1038405849684,1,-1,17.0,17.0,234,301,10.42894034555847,187.84119100265593,9.818197226769492,246.18137631078866,0,0,18,2,0,268,0.035726294552790853,0.08208940216066107,129.0,213.00000000000023
F2_15.21,N15,N22,800.0,1,2400.0,2399.189956940748,76,50,76,3,0.8100430592521661,3999.189956940748,30.892246978530057,31.988185311686667,1,1,28.0,28.0,227,225,1.7589856925506289,15.039058896001052,11.571497496819623,455.2546477497561,0,51,77,55,11,129,0.16812373907195696,0.24274869157077048,261.0,195.0
F2_15.24,N15,N22,800.0,1,2400.0,2393.1421186054567,63,64,63,2,6.857881394543483,3993.1421186054567,30.256193851017034,31.594939219543043,-1,-1,24.0,24.0,220,248,4.6247235329533805,14.380763277766846,11.875735214824479,388.7817711975121,0,30,65,32,19,129,0.13034867034902956,0.22066240753194352,205.0,144.99999999999977
F2_17.20,N15,N16,800.0,1,2400.0,2392.577034848692,87,87,97,34,7.422965151307949,3992.577034848692,31.20964469048588,32.328941655294905,1,-1,6.0,6.0,219,291,4.041948306244219,11.079918271904035,10.562762519637063,425.5464984002272,0,46,7,44,1,218,0.14769530705028464,0.05148789509078682,355.0,210.99999999999977
F2_18.19,N15,N16,800.0,1,2400.0,2392.847513142374,86,86,103,35,7.152486857626172,3992.847513142374,31.04819111328957,32.07464450355879,-1,0,0.0,0.0,227,300,1.3199948835971929,10.995028495008683,9.234334852333985,487.9101359883469,0,57,0,60,42,224,0.17863147276395427,0.05148789509078682,378.0,144.0
F7_8.33,N15,N16,800.0,1,2400.0,2397.422694737159,101,101,121,42,2.5773052628411506,3997.422694737159,30.21596425216808,31.137149333736847,-1,-1,24.0,24.0,231,305,7.676476437813441,9.14724472593889,7.014529367164979,285.7276797222899,0,5,15,13,10,264,0.07565568258238063,0.08090954942837929,202.0,211.0
F2_17.21,N15,N16,800.0,1,2400.0,2388.953232742154,89,89,101,37,11.046767257846227,3988.953232742154,31.20588808832948,32.26460988849333,-1,1,40.0,40.0,224,294,3.0814195840928824,16.753422893149718,12.423645070178384,386.32335134105983,0,37,3,53,36,227,0.15761600537995965,0.0504371217215871,417.0,158.0
F7_17.23,N15,N16,800.0,1,2400.0,2399.7434094122855,102,102,123,49,0.25659058771429955,3999.7434094122855,30.23722017063846,31.064393860092647,-1,-1,1.0,1.0,229,296,6.285482634118648,58.22772167317157,9.838155032884977,317.6471880735445,0,11,19,19,16,274,0.08616341627437794,0.08931573638197715,190.0,207.99999999999977
F7_16.9,N15,N22,800.0,1,2400.0,2392.577887421897,79,28,79,3,7.422112578103452,3992.577887421897,34.332632726798515,36.35022409847758,-1,1,7.0,7.0,115,119,4.405372474685998,9.367363834928028,8.02403999595523,300.0336627746021,0,7,8,6,1,110,0.04203093476798924,0.12504203093476798,176.9999999999999,1048.0
F2_17.22,N15,N16,800.0,1,2400.0,2399.2008753807704,89,89,101,37,0.7991246192298149,3999.2008753807704,31.21296922656081,32.28665293135654,-1,1,39.0,39.0,225,293,3.2174429379397917,14.964952152535716,12.21728871081964,381.74786124494875,0,35,1,54,37,227,0.15761600537995965,0.0504371217215871,418.0,162.0
F2_8.24,N15,N16,800.0,1,2400.0,2390.201683728444,87,87,100,37,9.798316271555791,3990.201683728444,31.20533516643037,32.29023650400923,0,-1,0.0,0.0,223,294,2.913897459397291,29.1431126346954,9.758785823931087,388.0859222266678,0,38,7,52,35,224,0.15761600537995965,0.05253866845998655,423.0,231.0
F2_17.23,N15,N16,800.0,1,2400.0,2393.6129349928633,89,89,108,39,6.3870650071369255,3993.6129349928633,30.81597226915546,31.886652167136575,1,-1,22.0,22.0,225,298,2.524780817567056,15.027118508170133,11.413761024387977,442.533219639721,0,52,4,54,42,236,0.161629759416837,0.05358944182918629,425.9999999999998,179.0
F9_5.16,N15,N16,800.0,1,2400.0,2391.960948105213,100,100,132,53,8.039051894787235,3991.960948105213,29.885214262949603,30.38460289734236,1,-1,5.0,5.0,231,316,9.010251660857204,187.69343233449376,8.795313826393961,256.6377887737709,0,0,7,4,1,285,0.05674176193678548,0.08196032279757903,154.0,262.0
F7_4.25,N15,N16,800.0,1,2400.0,2397.9937067132278,101,101,129,48,2.0062932867720065,3997.9937067132278,30.029920466468877,30.54838919058701,-1,-1,33.0,33.0,235,320,6.429783870003357,15.10431475193036,8.538053007131115,316.97672446406625,0,9,0,16,16,278,0.06935104236718224,0.07145258910558171,201.0,247.0
F9_5.14,N15,N16,800.0,1,2400.0,2391.741694440847,104,104,128,49,8.258305559152973,3991.741694440847,29.775866558141075,30.351692673163335,-1,1,14.0,14.0,223,332,8.05996167563071,47.628305981722406,8.102465475772247,266.51594838042547,0,1,4,11,7,281,0.06935104236718224,0.08250030014729154,200.0,188.0
F2_15.26,N15,N22,800.0,1,2400.0,2395.9773430784157,66,73,66,0,4.022656921584257,3995.9773430784157,29.588125093116766,30.920587801697682,1,1,35.0,35.0,223,238,1.7796204748595408,14.133979778389858,12.379084131048582,509.9060777812851,0,56,68,55,0,139,0.15975599006352512,0.20952134316423807,189.00000000000023,181.0
F7_6.25,N15,N16,800.0,1,2400.0,2394.0292319720484,103,103,126,53,5.970768027951408,3994.0292319720484,29.811474144285135,30.361387772063157,1,1,18.0,18.0,222,332,8.465314262380526,33.7320784719293,10.226482118344673,283.12658892038144,0,4,3,13,13,282,0.07565568258238063,0.08303022269198577,189.99999999999977,200.0
F7_10.31,N15,N16,800.0,1,2400.0,2398.288214405652,114,114,138,61,1.7117855943478162,3998.288214405652,29.53298731932425,29.996362930000014,-1,-1,18.0,18.0,242,331,4.9414908466776915,11.63433567637935,9.779602901020095,300.0294576301744,0,8,12,9,8,313,0.04203093476798924,0.08721418964357767,183.00000000000023,206.0
F2_17.24,N15,N16,800.0,1,2400.0,2171.761069516233,96,96,114,45,228.23893048376726,3771.761069516233,30.738569142702605,31.702911713455396,-1,1,29.0,29.0,234,307,2.8512983013077378,12.869094410507387,10.559416131031377,406.1778560032448,0,39,0,50,42,255,0.15761600537995965,0.06619872225958305,414.0,213.0
F7_8.35,N15,N16,800.0,1,2400.0,2329.7530964714347,98,98,130,50,70.24690352856544,3929.7530964714347,29.885182259908323,30.40323051439869,-1,-1,14.0,14.0,232,319,4.668286445124342,9.745976209540459,8.698099130605556,341.2428910282174,0,14,2,15,15,278,0.07145258910558171,0.07985877605917956,189.0,294.0
F2_8.26,N15,N16,800.0,1,2400.0,2242.3564302534814,91,91,109,44,157.64356974651855,3842.3564302534814,30.738569142702605,31.682832041624255,-1,1,37.0,37.0,227,300,3.55767897259189,15.037139338234738,11.399803843524596,382.5429573864678,0,33,0,50,41,244,0.15761600537995965,0.06178070814125744,423.0,230.0
F9_5.19,N15,N16,800.0,1,2400.0,2392.9774611890234,102,102,139,74,7.022538810976471,3992.9774611890234,29.117695477909795,29.837355517770547,-1,1,10.0,10.0,229,358,3.341793970071833,9.423251019630925,7.784267944785831,302.86426606522065,0,7,0,11,10,315,0.06514794889038333,0.08457162803626816,192.99999999999977,183.0
F7_6.26,N15,N16,800.0,1,2400.0,2396.356357031526,105,105,133,51,3.6436429684740688,3996.356357031526,29.75755912685864,30.23164995240515,1,1,5.0,5.0,224,327,8.169902320341965,96.27833179292111,7.137833111370519,261.01200708001454,0,0,1,8,8,289,0.06304640215198387,0.08147999222560967,154.0,363.0
F9_4.21,N15,N16,800.0,1,2400.0,2393.5257598964945,112,112,138,90,6.4742401035053945,3993.5257598964945,28.62017822423039,29.35183512155612,-1,1,39.0,39.0,230,365,8.906717224172027,12.015744474040503,10.0309606414136,262.1962329697228,0,2,18,12,9,340,0.07355413584398117,0.09669889067160725,160.0,220.0
F9_4.20,N15,N16,800.0,1,2400.0,2398.6139872280446,102,102,138,72,1.3860127719556203,3998.6139872280446,29.124706038138896,29.849474512491625,-1,1,13.0,13.0,229,359,8.124022308213112,9.61093425361446,7.704659175258957,295.630730131912,0,6,0,8,1,312,0.03992938802958978,0.08721418964357767,179.0,284.0
F2_12.19,N15,N16,800.0,1,2400.0,2399.511918430472,97,97,123,42,0.48808156952793524,3999.511918430472,30.33134015793896,31.219065582188332,1,-1,35.0,35.0,230,310,2.380308448170523,21.557127466810243,13.804955196258122,469.2195568855877,0,54,6,44,0,262,0.15067092982222793,0.07985877605917956,474.0,212.0
F7_10.33,N15,N16,800.0,1,2400.0,2398.953155373149,106,106,141,80,1.0468446268509979,3998.953155373149,28.920540437469874,29.53923315675166,-1,-1,30.0,30.0,227,351,8.128492039151926,19.802745552464103,10.739309876625903,283.7247278629401,0,3,11,8,6,327,0.04306273029236619,0.08616341627437794,205.0,211.0
F4_15.11,N15,N22,800.0,1,2400.0,2392.2912487557596,71,66,71,2,7.708751244240489,3992.2912487557596,30.135502443503274,31.456005356242805,1,-1,0.0,0.0,226,244,4.540419365489307,11.624013560031244,9.089222050046404,299.0821320162631,0,7,81,24,20,139,0.09040651854744224,0.22591627437794218,519.0,151.0
F9_4.17,N15,N16,800.0,1,2400.0,2395.8906552559242,102,102,131,56,4.10934474407577,3995.8906552559242,29.83747098466389,30.352372475477555,-1,1,29.0,29.0,229,325,9.39758012890994,11.307881028365955,9.25236501012627,258.4370757053378,0,0,3,7,4,289,0.06514794889038333,0.0826717384071114,203.0,416.0
F2_16.27,N15,N16,800.0,1,2400.0,2395.5737810086607,96,96,123,52,4.426218991339169,3995.5737810086607,30.27246149551344,31.04970493676687,-1,1,26.0,26.0,220,309,4.547290502568349,304.31548380550066,10.852768467396066,385.22945149355746,0,30,8,31,0,271,0.13239744451916613,0.0882649630127774,470.0,253.0
F7_6.30,N15,N16,800.0,1,2400.0,2397.015641668656,112,112,137,96,2.9843583313438558,3997.015641668656,28.141834638077235,29.092721696748832,-1,-1,1.0,1.0,236,353,6.902805039808412,19.352992272865322,8.560938435542703,300.669110646655,0,7,26,14,14,345,0.07355413584398117,0.10507733691997312,189.0,230.0
F9_8.24,N15,N16,800.0,1,2400.0,2396.762424455781,106,106,138,66,3.2375755442188847,3996.762424455781,29.33696699858067,29.88852340544605,-1,1,40.0,40.0,234,344,8.71243198437168,226.94052910287996,9.031873783159613,262.6530102433394,0,0,16,12,7,310,0.06304640215198387,0.09499145299991209,152.00000000000023,492.0
F9_4.22,N15,N16,800.0,1,2400.0,2398.279345262659,118,118,136,101,1.7206547373410785,3998.279345262659,28.117496117139822,29.096628065408684,-1,1,41.0,41.0,240,356,10.016649753495573,17.34153878979282,9.447714473938964,253.3083078114863,0,0,24,6,1,355,0.05884330867518494,0.10888747824949555,212.0,259.0
F11_6.24,N15,N16,800.0,1,2400.0,2398.992146770519,115,115,135,98,1.0078532294808156,3998.992146770519,28.131586360748646,29.092721696748832,0,-1,2.0,2.0,237,356,8.92966027286138,8.105233480492188,6.755736615020508,250.54624447037622,0,0,26,7,2,348,0.0882649630127774,0.10735777304505176,209.0,268.0
F2_18.23,N15,N16,800.0,1,2400.0,2396.9175875716023,101,101,131,53,3.0824124283975607,3996.9175875716023,29.885214262949603,30.38460289734236,1,-1,4.0,4.0,232,316,2.6917593509230926,11.829259129579214,9.866614356538737,376.94500996798587,0,27,7,51,50,285,0.14949815711539494,0.08196032279757903,502.0,250.0
F9_6.24,N15,N16,800.0,1,2400.0,2398.089478163149,118,118,136,101,1.9105218368508758,3998.089478163149,28.117496117139822,29.096628065408684,-1,1,41.0,41.0,240,356,9.101583736414698,15.212021082235196,8.486859091789821,253.3083078114863,0,0,24,8,3,355,0.0882649630127774,0.10888747824949555,225.0,249.0
F2_18.24,N15,N16,800.0,1,2400.0,2394.083682747662,98,98,131,55,5.916317252338217,3994.083682747662,29.87230145045357,30.352294515354906,-1,1,39.0,39.0,227,320,3.0278803534807026,52.03162488705925,11.491237557955012,374.71895296230014,0,23,1,50,50,284,0.14584810939999734,0.08305889714369219,500.0000000000002,249.0
F9_8.27,N15,N16,800.0,1,2400.0,2396.197005519736,117,117,134,103,3.8029944802635782,3996.197005519736,28.071375103237024,29.092316267611032,-1,1,38.0,38.0,239,358,8.272994904611943,8.780366897507747,5.0171545593460625,259.50884266236926,0,0,18,9,4,354,0.09036650975117687,0.10711081197563965,224.0,257.0
F2_12.21,N15,N16,800.0,1,2400.0,2397.521048281068,99,99,132,52,2.4789517189320804,3997.521048281068,29.88193959111032,30.386497461551542,1,-1,6.0,6.0,231,316,2.3906585504165387,166.07758287522802,12.465689346182074,388.15315556736755,0,28,7,50,49,283,0.1427803842397995,0.0809095494283793,502.9999999999998,260.0
F9_6.23,N15,N16,800.0,1,2400.0,2393.3910554649974,107,107,141,89,6.608944535002706,3993.3910554649974,28.665211981116308,29.391674469425034,1,-1,1.0,1.0,226,357,8.656906045388629,133.74638221159967,9.715110986835716,262.48462664207386,0,2,22,9,6,337,0.06935104236718224,0.09667114996637526,168.0,478.0
F9_8.25,N15,N16,800.0,1,2400.0,2394.8889229470187,108,108,141,91,5.1110770529815,3994.8889229470187,28.64758879271051,29.36457135132406,0,-1,1.0,1.0,227,360,8.663118148985047,24.739955558879046,10.505966720271497,263.64720101161566,0,2,23,10,7,340,0.07173905213960738,0.09772192333557499,169.00000000000023,479.0
F7_5.19,N15,N16,800.0,1,2400.0,2390.6366149818296,111,111,137,87,9.363385018170447,3990.6366149818296,28.468512418570153,29.332126255902008,1,1,0.0,0.0,227,364,9.119846470870675,11.472034455930952,9.889371436163708,263.7009221896347,0,0,0,6,6,335,0.03196744076195256,0.08412059093605384,145.0,463.0
F9_8.28,N15,N16,800.0,1,2400.0,2393.979660073529,108,108,140,91,6.020339926471252,3993.979660073529,28.619259734847766,29.362108096519833,-1,1,41.0,41.0,226,362,8.770885888533458,11.287058546776962,9.743574402179158,262.08198426111096,0,0,22,11,8,339,0.07355413584398117,0.09817452882676819,160.0,478.0
F11_8.14,N15,N16,800.0,1,2400.0,2393.816223070917,108,108,140,111,6.183776929082683,3993.816223070917,27.51345163113248,27.88202164034697,-1,1,22.0,22.0,230,369,5.9306594451512735,8.21285075086007,7.356934767258062,285.1177992641037,0,9,9,24,18,359,0.12399125756556827,0.11350265026915712,189.0,280.0
F11_5.25,N15,N16,800.0,1,2400.0,2394.90341460175,109,109,139,109,5.096585398250113,3994.90341460175,27.518231577335193,27.884897216383838,-1,1,20.0,20.0,230,370,6.132815344365632,8.556656133413071,8.126078843215547,289.81015068208984,0,9,8,25,19,357,0.12609280430396774,0.1135290418566767,186.0,290.0
F11_5.26,N15,N16,800.0,1,2400.0,2399.1574806446883,111,111,139,107,0.8425193553116515,3999.1574806446883,27.521930163294954,27.877974640586874,-1,1,16.0,16.0,232,374,6.314611077461005,9.773963876731841,7.767020299013129,293.7526287997566,0,11,7,27,21,357,0.13029589778076667,0.11350265026915711,193.0,282.0
F11_5.24,N15,N16,800.0,1,2400.0,2392.599384721424,112,112,139,109,7.40061527857597,3992.599384721424,27.45383001453716,27.701623044887125,-1,1,1.0,1.0,232,379,5.912750420280819,72.61072223403949,6.276122315927199,309.1578432686006,0,14,10,29,24,360,0.13830409195997403,0.10540550940544942,188.0,261.0
F2_8.30,N15,N16,800.0,1,2400.0,2393.0860286689613,103,103,131,56,6.9139713310385105,3993.0860286689613,29.830360761053942,30.345850160716484,-1,1,28.0,28.0,229,325,2.9961951869769656,28.02664871403067,10.566391640081488,376.99207416121726,0,30,1,53,53,290,0.14500672494956288,0.08303022269198577,577.0000000000002,275.0
F9_4.25,N15,N16,800.0,1,2400.0,2391.466397657057,127,127,137,96,8.533602342943254,3991.466397657057,27.356572089254122,27.204895951124687,1,-1,4.0,4.0,264,398,8.566870458063583,29.081874913859338,9.669502930469436,265.73731427017515,0,0,29,21,16,360,0.1067567923318915,0.12609280430396771,163.0,324.0
F9_6.26,N15,N16,800.0,1,2400.0,2393.533320355322,121,121,130,97,6.466679644678038,3993.533320355322,27.230512674195015,26.77210259744175,-1,1,2.0,2.0,248,417,5.330469549218854,8.210912800133656,6.84399501350323,299.0442625290615,0,9,12,24,20,348,0.13660053799596505,0.11770575795092056,178.0,271.0
F2_18.27,N15,N16,800.0,1,2400.0,2396.4428300595478,102,102,140,78,3.557169940452127,3996.4428300595478,29.06392238767234,29.729425440921574,-1,1,0.0,0.0,227,360,1.4205428819546102,79.83050140624619,11.803643775903083,454.0813081364355,0,50,3,54,53,320,0.15761600537995965,0.07987791077417497,555.0000000000002,245.0
F2_8.34,N15,N16,800.0,1,2400.0,2388.662311902478,112,112,134,62,11.337688097522232,3988.662311902478,29.45441837311442,29.907358468654955,1,-1,11.0,11.0,236,339,2.704421900067271,13.807824795716215,11.792285759250134,390.5566309862107,0,36,16,58,55,308,0.15429258769984341,0.0914172831203766,608.9999999999998,260.0
F9_4.19,N15,N16,800.0,1,2400.0,2391.0998909139867,114,114,135,92,8.900109086013458,3991.0998909139867,28.625132290695188,29.387824880500652,-1,1,28.0,28.0,234,373,8.659446928436973,93.52977874824114,8.523155675258984,267.8606624408573,0,2,6,12,10,341,0.07412619975464012,0.10089337165148846,196.0,623.0
F2_8.36,N15,N16,800.0,1,2400.0,2375.977766413244,106,106,140,80,24.022233586755988,3975.977766413244,29.02427675780064,29.603852369998236,1,-1,36.0,36.0,230,352,1.8376673536722463,18.58010803958996,12.090083067450642,453.5452707897031,0,47,6,56,55,326,0.16185749321530749,0.08196032279757903,558.0000000000002,324.0
F7_8.49,N15,N16,800.0,1,2400.0,2389.807263432485,130,130,117,105,10.192736567514999,3989.807263432485,27.13915490413067,25.870740056027174,-1,-1,37.0,37.0,257,456,3.1942784298074858,193.29311485330868,8.861783621114492,295.92078675540444,0,5,21,8,3,352,0.0441324815063887,0.1306855782301234,131.0,314.0
F13_8.19,N15,N16,800.0,1,2400.0,2398.324019937529,124,124,114,106,1.6759800624710124,3998.324019937529,27.07051617753462,26.03756915451221,-1,1,9.0,9.0,261,441,7.480750537754655,9.714740678551834,7.7317886581415305,275.2454796273716,0,3,20,19,15,344,0.11138197713517149,0.1303150340149554,197.0,272.0
F7_5.26,N15,N16,800.0,1,2400.0,1915.9381855931833,137,137,110,120,484.0618144068168,3515.9381855931833,26.907950268327358,25.410524719803227,1,1,38.0,38.0,278,470,1.879794256095039,13.610462970345907,10.656606129559846,305.8081655324701,0,8,47,8,4,367,0.050494106667037714,0.1434510399092799,95.0,320.0
F9_8.32,N15,N16,800.0,1,2400.0,2392.343236144232,121,121,117,103,7.656763855768077,3992.343236144232,26.990994194325168,26.10545565655865,-1,1,22.0,22.0,259,437,7.379553420051347,29.403955792830857,6.404704124501548,272.43648765750703,0,1,31,15,10,341,0.10717888365837257,0.13346740409600044,205.0,278.0
F7_12.9,N15,N22,800.0,1,2400.0,2397.5370477999254,91,39,91,4,2.462952200074483,3997.5370477999254,34.23541202461043,35.18274787012896,-1,1,16.0,16.0,133,141,8.255343768821744,9.700333607988796,8.305306724482755,276.0057697339797,0,2,23,17,12,134,0.07565568258238063,0.1292451244115669,188.0,1549.0
F4_15.14,N15,N22,800.0,1,2400.0,2396.6772529083455,66,71,66,0,3.322747091654719,3996.6772529083455,29.602559548059403,30.9192943988571,-1,1,37.0,37.0,223,239,2.453115096999057,10.90787914972816,9.228845231914114,368.32861713163123,0,21,71,30,28,137,0.0945696032279758,0.2100544656122053,871.0000000000002,150.0
F2_19.10,N15,N22,800.0,1,2400.0,2393.914960006875,94,39,94,4,6.085039993125065,3993.914960006875,34.18761996621494,35.26916333125454,1,1,13.0,13.0,136,142,7.217628710463126,13.549655165231343,11.68590653553423,244.69893064053684,0,5,24,30,26,137,0.14290517821116341,0.1292451244115669,218.0000000000001,1495.0
F9_4.24,N15,N16,800.0,1,2400.0,2396.097853100904,117,117,136,101,3.902146899095783,3996.097853100904,27.97023505383129,28.993668170447748,-1,1,16.0,16.0,237,365,7.750859156359944,156.23900061226777,6.286276770238848,260.2582545898765,0,2,12,10,7,354,0.09036650975117687,0.11035034064913832,203.0,587.0
F11_8.16,N15,N16,800.0,1,2400.0,2397.3039414062905,130,130,117,105,2.6960585937094947,3997.3039414062905,27.13915490413067,25.870740056027174,1,-1,37.0,37.0,257,456,7.190214473337231,9.146118703597267,7.9278801085200765,282.17987765696034,0,0,21,21,18,352,0.1218897108271688,0.1306855782301234,192.0,308.0
F9_8.33,N15,N16,800.0,1,2400.0,2393.162511391121,117,117,118,100,6.837488608878971,3993.162511391121,27.015124131677318,26.169379857119992,-1,1,29.0,29.0,257,437,8.51786426417551,8.830895531247506,7.823509987520729,262.2824962202862,0,0,37,13,8,335,0.1050773369199731,0.13398405030480975,213.0,329.0
F11_5.27,N15,N16,800.0,1,2400.0,2399.92810347971,124,124,114,105,0.07189652028989713,3999.92810347971,27.100418035594217,26.04671750616056,-1,1,7.0,7.0,258,443,7.271266119122549,9.85296530687856,7.986623608847063,278.6088931799226,0,4,19,20,16,343,0.11138197713517149,0.1303150340149554,193.0,345.0
F11_4.23,N15,N16,800.0,1,2400.0,2397.2763516636483,128,128,117,105,2.7236483363518573,3997.2763516636483,27.145482254947353,25.870740056027174,1,-1,39.0,39.0,256,450,6.752959581785386,78.24822584646108,7.935069930650532,284.7753366549891,0,2,21,21,18,350,0.11768661735036988,0.13029589778076667,195.0,324.0
F2_18.29,N15,N16,800.0,1,2400.0,2388.5068439084434,107,107,138,86,11.493156091556443,3988.5068439084434,28.67507362804282,29.41939091347003,1,-1,8.0,8.0,226,361,1.9908179917362718,24.130996765428563,9.614385385889305,374.30887691094534,0,24,19,54,54,331,0.1475069822338667,0.0945696032279758,633.9999999999998,302.0
F2_16.32,N15,N16,800.0,1,2400.0,2394.724025258981,108,108,137,84,5.27597474101924,3994.724025258981,28.735484851922415,29.412126199645105,1,-1,12.0,12.0,228,360,2.0098483488327465,13.04045085574353,9.087098028519735,384.89442767956626,0,25,19,55,55,329,0.15131136516476126,0.09246805648957633,637.0000000000002,301.0
F9_5.24,N15,N16,800.0,1,2400.0,2397.3738690964983,127,127,118,107,2.626130903501462,3997.3738690964983,27.0474736576897,25.65333992585318,1,-1,20.0,20.0,259,446,8.461341470265424,36.05713530604976,8.921973822863855,278.5700528254375,0,0,35,19,16,352,0.11558507061197042,0.13765131136516479,190.0,319.0
F2_10.9,N15,N22,800.0,1,2400.0,2390.4742913291607,94,39,94,4,9.525708670839435,3990.4742913291607,34.19332296922878,35.239502409951726,1,1,11.0,11.0,136,142,7.27317728834002,13.827355759636703,12.500703989778144,246.49541075843018,0,3,24,30,26,137,0.14500672494956288,0.13029589778076664,218.0000000000001,1583.0
F13_4.19,N15,N16,800.0,1,2400.0,2392.8764444952767,140,140,109,117,7.123555504723413,3992.8764444952767,26.94615645891836,25.376794710265465,-1,1,32.0,32.0,280,476,7.8276276403312215,70.05125916885663,8.895764950415812,275.05289863190285,0,2,41,24,20,366,0.1332377734093262,0.1429257731218646,200.0,348.0
F9_8.38,N15,N16,800.0,1,2400.0,2399.268757494641,145,145,108,110,0.7312425053590914,3999.268757494641,27.065140121755103,25.271700360914675,-1,1,13.0,13.0,285,482,6.24590314626996,11.435233719528014,9.415020051007271,297.41047539791344,0,7,38,29,24,363,0.13660053799596505,0.14167868386581692,196.0,333.0
F9_8.31,N15,N16,800.0,1,2400.0,2396.409191396443,144,144,107,112,3.590808603557207,3996.409191396443,27.023154802133913,25.300710219392116,-1,1,17.0,17.0,285,480,7.064671621267521,91.44967335223964,9.6692046607606,285.7435419398893,0,4,43,27,23,363,0.13660053799596505,0.14187353418303067,199.0,343.0
F7_6.38,N15,N16,800.0,1,2400.0,2396.414223767546,155,155,117,122,3.5857762324537816,3996.414223767546,27.057435260295236,24.931048134668348,-1,-1,24.0,24.0,303,469,4.38767896572673,11.054119487597973,8.318107154226373,312.4852465214233,0,13,42,13,7,394,0.06514794889038333,0.14837266894382128,203.0,317.0
F7_5.28,N15,N16,800.0,1,2400.0,2397.8736274764124,153,153,115,120,2.1263725235877473,3997.8736274764124,27.057435260295236,24.934764360955842,-1,-1,26.0,26.0,299,468,5.665261120527889,8.413822032864573,7.912887700638353,307.97440783055015,0,12,41,19,17,388,0.10297579018157364,0.14815904505716207,208.0,316.0
F2_8.37,N15,N16,800.0,1,2400.0,2395.6275914294683,114,114,136,90,4.372408570531434,3995.6275914294683,28.610919191774784,29.357806029198052,-1,1,38.0,38.0,231,363,2.4250893441277612,11.189232245155154,8.735475158726798,386.1330506640688,0,20,17,57,56,340,0.15341291190316073,0.09632640680685128,693.9999999999998,397.0
F2_17.31,N15,N16,800.0,1,2400.0,2390.43612559384,108,108,139,96,9.563874406159812,3990.43612559384,28.227053346598073,29.117432857559578,1,-1,12.0,12.0,231,354,10.116008676477499,10.664987058931501,10.043111688251098,395.72312371646126,0,25,23,15,0,343,0.07355413584398117,0.09756181503709285,698.0,330.0
F13_8.20,N15,N16,800.0,1,2400.0,2393.8050608492103,156,156,108,126,6.194939150789651,3993.8050608492103,27.133248699160816,24.553049231227337,-1,1,7.0,7.0,320,481,3.8326771843941274,9.948966209728951,8.75738974772655,332.49423416226756,0,17,52,19,13,390,0.14500672494956288,0.1607874530308362,183.0,349.0
F2_12.23,N15,N16,800.0,1,2400.0,2397.512127058111,107,107,139,96,2.487872941888554,3997.512127058111,28.227053346598073,29.117432857559578,1,-1,13.0,13.0,230,353,1.2762889018010297,17.464736394437523,9.698424719872142,396.1148986195978,0,26,22,54,53,342,0.14710827168796234,0.09667114996637526,706.0,328.0
F2_16.13,N15,N22,800.0,1,2400.0,2398.388955556361,93,39,93,4,1.6110444436387752,3998.388955556361,34.18761996621494,35.22432997770659,1,1,14.0,14.0,135,142,8.074222798080477,10.899514918255363,9.284294136568679,245.90421142963586,0,6,25,31,21,136,0.1555144586415602,0.12919808605997407,235.9999999999999,1763.0
F2_15.29,N15,N16,800.0,1,2400.0,2203.6866383358342,121,121,142,101,196.31336166416577,3803.6866383358342,27.72522737657649,28.323082017471755,1,-1,23.0,23.0,239,368,1.4440056676940345,12.338422688510036,11.558243227921434,378.44168389914967,0,25,20,51,50,364,0.14500672494956288,0.11033120376597176,715.0,309.0
F9_4.26,N15,N16,800.0,1,2400.0,2396.6963917083644,123,123,117,103,3.303608291635669,3996.6963917083644,27.006827322963666,26.048864336907016,-1,1,18.0,18.0,262,439,7.4899472285624835,14.801321455207926,9.11153814304615,268.58587582920075,0,2,28,17,12,343,0.10717888365837257,0.13346735412255456,205.0,603.0
F9_4.28,N15,N16,800.0,1,2400.0,2391.387076822966,150,150,112,132,8.61292317703419,3991.387076822966,27.19240142787734,24.172904976254575,-1,1,35.0,35.0,329,498,8.060907904801676,9.098933769232872,8.003558829571762,278.4597583122511,0,0,68,19,12,394,0.14500672494956288,0.17422807946709296,224.0,341.0
F14_6.17,N15,N16,800.0,1,2400.0,2398.777267619634,158,158,105,135,1.2227323803659829,3998.777267619634,27.243847601713984,24.066070979381244,-1,1,15.0,15.0,342,499,6.7585859569092275,10.964791723260987,8.795805329943255,301.7737167660066,0,10,53,26,19,398,0.1555144586415602,0.1665947660280399,216.0,327.0
F14_5.27,N15,N16,800.0,1,2400.0,2399.590773483922,163,163,103,133,0.4092265160780926,3999.590773483922,27.23087495296634,24.04719110320671,-1,1,6.0,6.0,346,497,6.410045775568006,10.12495139666089,8.809784827797257,314.7046815520878,0,12,51,29,21,399,0.15761600537995965,0.16604133296048446,209.0,328.0
F9_5.26,N15,N16,800.0,1,2400.0,2391.6597173047894,159,159,107,134,8.340282695210476,3991.6597173047894,27.252964962002206,24.164198199244193,-1,1,23.0,23.0,338,503,7.350459708100147,11.477697480348752,9.127145462787455,289.8064910100583,0,4,57,23,17,400,0.14690182923970574,0.1674638104203432,220.0,335.0
F2_17.7,N15,N22,800.0,1,2400.0,2396.1299026850015,94,39,94,4,3.8700973149984748,3996.1299026850015,34.22126686719879,35.26783870513058,1,1,10.0,10.0,136,142,8.038439717850007,11.944822749901505,10.617551660047086,244.7318569409733,0,2,23,31,22,137,0.15341291190316073,0.13204652396493083,232.9999999999999,1830.0
F9_4.29,N15,N16,800.0,1,2400.0,2394.0617465433415,164,164,103,132,5.938253456658231,3994.0617465433415,27.22777684500826,23.980590357592817,-1,0,1.0,1.0,348,505,6.390677831845106,55.33129189111173,8.731894714380964,313.2067781516398,0,14,50,30,22,399,0.16392064559515804,0.16499055959128472,212.0,390.0
F2_18.34,N15,N16,800.0,1,2400.0,2398.9538681884837,117,117,143,104,1.0461318115162612,3998.9538681884837,27.55682905493141,28.095308363364893,1,-1,1.0,1.0,240,375,2.5974928127879773,13.10353816124666,10.129466047734462,362.58253243680775,0,19,24,49,48,364,0.1361184444706584,0.1176866173503699,792.0,398.0
F7_4.39,N15,N16,800.0,1,2400.0,2397.1091544692426,178,178,104,134,2.8908455307575878,3997.1091544692426,27.125992776824678,23.790538210077123,-1,-1,22.0,22.0,373,496,7.257262184033765,47.19792527879281,8.330177595158009,287.4179897802494,0,8,42,20,14,416,0.09036650975117687,0.17127605917955616,283.0,389.0
F7_4.40,N15,N16,800.0,1,2400.0,2240.5275463199137,178,178,97,135,159.47245368008635,3840.5275463199137,27.108489172470996,23.83041628295435,-1,-1,3.0,3.0,388,501,6.530765052653623,9.917903804209573,8.209458278651372,304.04327983480636,0,12,60,23,22,410,0.11558507061197042,0.18073301950235374,276.0,387.0
F7_10.50,N15,N16,800.0,1,2400.0,2398.04110454182,190,190,93,127,1.9588954581799953,3998.04110454182,27.246053598608963,23.400836639827517,-1,-1,39.0,39.0,417,531,6.854328549964794,224.29667573268648,10.687504768967054,287.13143827880424,0,3,47,15,12,410,0.08616341627437794,0.17442837928715535,226.0,383.0
F11_6.27,N15,N16,800.0,1,2400.0,2394.2189185166026,183,183,89,129,5.7810814833976565,3994.2189185166026,27.192790020757638,23.51126063814525,-1,1,12.0,12.0,405,526,4.3305441943936875,9.219663981223675,7.150798679295058,341.24152646634894,0,27,60,35,24,401,0.18703765971755212,0.17729677824414108,274.0,375.0
F7_5.31,N15,N16,800.0,1,2400.0,2399.6056194078737,176,176,97,136,0.39438059212648113,3999.6056194078737,27.107111114309337,23.824958893375175,-1,-1,1.0,1.0,386,504,6.3777567835952,150.8177491886272,8.250945137899366,310.9785281287467,0,13,63,25,23,409,0.11558507061197042,0.18178379287155347,277.0,410.0
F11_5.28,N15,N16,800.0,1,2400.0,2399.1436898779125,181,181,91,130,0.8563101220876206,3999.1436898779125,27.203224803366336,23.51126063814525,-1,1,15.0,15.0,400,519,4.456063761192809,8.570434524083794,6.884153618373158,336.62152684189005,0,24,62,34,23,402,0.1828345662407532,0.17865059998220395,266.0,434.0
F9_4.30,N15,N16,800.0,1,2400.0,2399.4249095091045,184,184,89,129,0.5750904908953771,3999.4249095091045,27.172275625056084,23.424671206357072,-1,1,6.0,6.0,405,525,4.488155848219301,6.396206948059444,5.1826236582006455,339.7795685535239,0,30,52,38,27,402,0.1911919654663767,0.1747875891640478,282.0,421.0
F13_6.16,N15,N16,800.0,1,2400.0,2396.137515716742,187,187,95,128,3.862484283258027,3996.137515716742,27.438260925861506,23.16977841881615,-1,1,30.0,30.0,431,532,5.3792049540233835,11.935372106701607,9.357678810699285,330.7119550145829,0,14,59,36,23,410,0.18073301950235374,0.194506312390372,231.0,412.0
F14_6.19,N15,N16,800.0,1,2400.0,2395.8654220533826,186,186,95,129,4.134577946617242,3995.8654220533826,27.439815471316052,23.201549192847313,-1,1,32.0,32.0,431,533,5.556577761875198,44.14941711936331,9.670574401854358,326.1956127087943,0,12,57,36,22,410,0.18073301950235374,0.19540743399445656,237.0,412.0
F13_4.20,N15,N16,800.0,1,2400.0,2397.496149545536,185,185,89,129,2.5038504544641,3997.496149545536,27.156624801424993,23.460558218074162,-1,1,8.0,8.0,406,526,4.472176187120178,8.73798566873279,7.256658611877958,338.63688852903954,0,30,53,37,26,403,0.18703765971755212,0.17547915265635508,283.0,423.0
F2_16.34,N15,N16,800.0,1,2400.0,2396.803999041751,114,114,138,104,3.1960009582488738,3996.803999041751,27.4689112020504,27.505212007672124,1,-1,34.0,34.0,236,378,1.3704303854227813,37.93959663600094,12.07230826205264,451.769036429876,0,31,9,52,51,356,0.1376017610861072,0.10612811028917284,831.0,405.0
F9_4.33,N15,N16,800.0,1,2400.0,2395.3881103735043,190,190,93,127,4.611889626495781,3995.3881103735043,27.246053598608963,23.400836639827517,1,-1,39.0,39.0,417,531,3.2105588309352138,22.596300192353965,7.200915758781206,356.1078523894854,0,29,47,40,31,410,0.18703765971755212,0.17442837928715535,276.0,421.0
F9_8.40,N15,N16,800.0,1,2400.0,2396.4464901160845,191,191,94,128,3.553509883915467,3996.4464901160845,27.28011563791893,23.38897419000608,1,-1,35.0,35.0,416,529,3.915416266513488,9.283466743680947,8.304710669450708,360.47378548615023,0,27,49,41,33,413,0.18493611297915266,0.17442837928715535,274.0,421.0
F9_4.34,N15,N16,800.0,1,2400.0,2395.4060919364965,191,191,94,127,4.593908063503591,3995.4060919364965,27.25860546054013,23.420574237929703,1,-1,37.0,37.0,416,529,3.3212286487540714,8.91415635246699,7.97121479235112,360.53773416407995,0,28,50,40,32,412,0.18983459538766262,0.17442837928715535,272.0,425.0
F7_10.3,N15,N16,800.0,-1,2400.0,1414.0210784270325,5,5,6,0,613.953944758914,3014.0210784270325,34.49225473321859,0.0,-2,1,2.0,2.0,24,0,9.658966361810824,55.88420625978503,9.658966361810824,228.33362813832986,0,0,0,1,1,11,0.006304640215198386,0.003152320107599193,55.0,192.0
F7_10.0,N15,N16,800.0,-1,2400.0,1140.9083434352267,6,6,7,0,340.87731604253105,2740.908343435227,35.3025287965047,0.0,-2,-1,26.0,26.0,25,0,9.750608950583636,200.0,9.750608950583636,228.49062370135815,0,0,0,0,0,13,0.006304640215198386,0.003152320107599193,34.0,193.0
F2_17.1,N15,N22,800.0,1,2400.0,2386.3538597681268,11,31,11,0,13.646140231873233,3986.3538597681268,0.0,0.0,-1,-1,11.0,11.0,25,8,7.388367135524315,419.0357069821896,11.090102223479002,241.71960389447366,0,2,0,3,3,42,0.025218560860793545,0.0031523201075991936,121.0,159.0
F7_10.1,N15,N16,800.0,1,2400.0,2393.970531983041,2,2,3,0,6.029468016959186,3993.970531983041,0.0,0.0,1,1,19.0,19.0,9,0,9.476431529956583,21.13495524403993,9.659675398975045,275.54884118434734,0,0,0,4,1,5,0.037827841291190316,0.0,180.0,182.0
F2_16.1,N15,N22,800.0,-1,2400.0,1326.2117425801184,10,25,10,0,526.2064654748514,2926.2117425801184,36.62259936958733,31.823204419889507,-2,1,13.0,13.0,24,12,10.2532010942334,200.0,10.2532010942334,228.28424157642934,0,0,0,0,0,35,0.004203093476798925,0.00840618695359785,50.0,186.0
F7_12.1,N15,N22,800.0,1,2400.0,2390.799298306808,9,27,9,0,9.200701693191832,3990.799298306808,0.0,0.0,-1,1,0.0,0.0,20,7,7.440900406941767,308.4883547038535,8.719984126789392,287.2024600320558,0,1,0,5,0,36,0.014710827168796235,0.0031523201075991936,171.00000000000006,146.0
F2_16.3,N15,N22,800.0,1,2400.0,2396.496193017063,8,23,8,0,3.5038069829370215,3996.496193017063,0.0,0.0,1,1,4.0,4.0,18,7,12.21123984957674,258.1076563105978,10.856865024896154,205.79733076205792,0,0,0,3,3,31,0.023117014122394083,0.0031523201075991936,149.0,172.0
F2_16.0,N15,N22,800.0,-1,2400.0,906.7529865103158,13,31,13,0,106.7503901688184,2506.752986510316,35.89882417719136,32.56366832035229,-2,-1,11.0,11.0,28,24,10.315093209641352,200.0,10.315093209641352,218.46213211009703,0,0,0,0,0,44,0.0021015467383994624,0.011558507061197041,11.0,179.0
F7_10.4,N15,N16,800.0,1,2400.0,2034.3637400717294,5,5,6,0,365.6362599282705,3634.3637400717294,35.3025287965047,0.0,-1,-1,38.0,38.0,24,0,6.6363249165713825,284.94560794682843,8.217514805739397,283.30405315570823,0,0,0,3,0,11,0.018913920645595158,0.003152320107599193,119.00000000000006,158.0
F7_8.0,N15,N16,800.0,1,2400.0,2397.9498064280906,5,5,4,0,2.0501935719094035,3997.9498064280906,0.0,0.0,1,1,19.0,19.0,24,0,8.353848935169179,14.591436961441332,9.861670008563644,286.3001726986205,0,0,0,7,2,9,0.046234028244788165,0.0010507733691997312,169.0,187.0
F7_10.5,N15,N16,800.0,1,2400.0,2398.2637416187786,6,6,12,0,1.7362583812215462,3998.2637416187786,36.394404737357945,0.0,1,1,22.0,22.0,28,2,8.313547703127218,40.55075988895851,9.526213101296158,280.29526734161476,0,0,0,8,3,18,0.04203093476798924,0.004203093476798925,154.0,153.0
F7_8.1,N15,N16,800.0,1,2400.0,2394.18020929162,5,5,11,0,5.8197907083798555,3994.18020929162,36.394404737357945,0.0,1,1,30.0,30.0,25,2,8.129816322629603,143.8710275967935,9.30940075925217,281.6636395079237,0,0,0,6,2,16,0.04203093476798924,0.004203093476798925,168.0,198.0
F7_12.3,N15,N22,800.0,1,2400.0,2396.8455332316703,13,33,13,2,3.1544667683298258,3996.8455332316703,35.394542195190255,32.98664587427306,1,-1,41.0,41.0,27,36,9.258089432207507,195.3998787647795,11.02606295080132,305.93574570524345,0,3,0,5,0,48,0.037610812713994496,0.015761600537995968,165.0,150.0
F7_12.0,N15,N22,800.0,1,2400.0,2396.342564942374,10,31,10,0,3.6574350576262304,3996.342564942374,34.49225473321859,0.0,1,-1,7.0,7.0,24,8,8.682850379200183,99.2655577641417,9.288565290637917,279.1465819749722,0,0,0,7,2,41,0.04833557498318763,0.0031523201075991936,238.0,215.0
F2_13.0,N15,N22,800.0,1,2400.0,2389.532602751367,11,31,11,0,10.467397248632892,3989.532602751367,36.00118089241495,32.56366832035229,1,1,26.0,26.0,28,36,11.144129173731248,98.77683247289087,10.759344000474998,213.5460128860031,0,0,0,5,5,42,0.054640215198386015,0.012609280430396773,172.0,171.0
F7_10.2,N15,N16,800.0,1,2400.0,2398.2237217865923,6,6,6,0,1.7762782134078634,3998.2237217865923,35.3025287965047,0.0,-1,-1,37.0,37.0,25,0,8.245223691276617,108.97461931546809,7.792888732294314,295.57949227737294,0,0,0,5,1,12,0.037827841291190316,0.003152320107599193,228.00000000000006,209.00000000000006
F3_14.0,N15,N22,800.0,1,2400.0,2159.585753060241,12,30,12,1,240.41424693975898,3759.585753060241,36.239556082862606,34.35378572302284,1,1,14.0,14.0,28,39,10.373356373816542,221.20614505612298,9.519548808164075,214.05362620789919,0,0,0,2,2,43,0.04903300233931967,0.013660053799596504,155.0,177.0
F7_10.6,N15,N16,800.0,1,2400.0,2399.0106811542382,7,7,14,1,0.9893188457618862,3999.0106811542382,35.394542195190255,0.0,1,1,39.0,39.0,28,5,8.806675834476914,15.043650456738305,10.30695698793658,303.69455711305915,0,1,0,6,4,22,0.035726294552790853,0.005253866845998655,171.0,202.9999999999999
F2_10.7,N15,N16,800.0,1,2400.0,1895.0759384708563,5,5,7,3,504.9240615291436,3495.0759384708563,34.422938249322485,33.0544593528019,-1,1,33.0,33.0,49,11,5.663389296156549,274.8125719377181,5.663389296156549,214.15505004888234,0,1,0,1,0,15,0.035726294552790853,0.00840618695359785,120.0,163.0
F2_18.5,N15,N22,800.0,1,2400.0,2392.752004539361,20,36,20,3,7.247995460638776,3992.752004539361,35.318936476831816,34.681589918942215,1,1,28.0,28.0,40,49,12.05896649156943,14.134772502083933,12.05896649156943,206.54936403209018,0,0,0,1,0,59,0.0336247478143914,0.019964694014794893,170.0,164.0
F2_19.0,N15,N22,800.0,1,2400.0,2292.3783529893567,23,34,23,3,107.62164701064341,3892.3783529893567,35.32738715821481,35.0985208359235,1,1,18.0,18.0,44,53,11.441261413449087,32.15796071641557,11.441261413449087,208.5903526866551,0,0,0,1,0,60,0.035726294552790853,0.021015467383994624,161.0,173.0000000000001
F7_16.0,N15,N22,800.0,1,2400.0,2396.7825199028052,34,33,34,6,3.21748009719488,3996.7825199028052,34.422938249322485,33.37985314406104,1,-1,29.0,29.0,54,54,6.988530996765439,9.58277547159878,8.045104068147793,292.00493505319594,0,0,1,4,1,73,0.037827841291190316,0.023117014122394083,174.0,144.0
F7_12.5,N15,N22,800.0,1,2400.0,2395.588205212205,32,32,32,6,4.411794787795088,3995.588205212205,34.422938249322485,33.59454117706788,1,-1,31.0,31.0,52,53,6.927967620039362,10.298461726600863,6.083443764851906,286.98088157860354,0,0,1,3,0,70,0.037827841291190316,0.023117014122394083,181.0,151.0
F2_17.9,N15,N22,800.0,1,2400.0,2081.36734606809,44,31,44,7,318.6326539319103,3681.36734606809,35.06051163134547,33.001916329831694,-1,-1,26.0,26.0,67,67,6.442171333462197,71.61218995258105,11.326650923252176,229.27250800998138,0,5,0,7,7,82,0.09036650975117687,0.037827841291190316,135.0,163.9999999999999
F7_10.8,N15,N16,800.0,1,2400.0,2397.3555149177237,4,4,13,3,2.64448508227656,3997.3555149177237,35.127035894924326,32.30470750563122,1,1,17.0,17.0,75,17,7.974372830801748,10.203367334622044,7.974372830801748,289.0551448288609,0,0,0,1,1,20,0.046234028244788165,0.00840618695359785,171.0,182.0
F2_17.10,N15,N22,800.0,1,2400.0,1976.1241930769288,50,30,50,5,423.8758069230711,3576.124193076929,35.294695412791945,33.84707843162095,-1,-1,33.0,33.0,94,69,8.47769881468157,15.105272819102538,12.614171225751706,215.31206299272614,0,2,2,3,3,85,0.0609448554135844,0.05884330867518493,134.0,167.0
F2_12.9,N15,N22,800.0,1,2400.0,1757.8330789293623,58,33,58,5,642.1669210706376,3357.8330789293623,35.300488112944066,33.95083368792837,-1,-1,18.0,18.0,103,76,4.358157322473849,14.506014237645559,13.074471967421546,220.16350528990367,0,4,2,3,3,96,0.06304640215198387,0.05884330867518493,117.0,170.0
F2_10.9,N15,N16,800.0,1,2400.0,1826.662449689939,12,12,15,1,573.3375503100611,3426.662449689939,35.4790663821048,34.42199417826462,1,-1,32.0,32.0,110,22,7.225628128012038,21.880814545526846,11.777569851635471,228.41244389526568,0,0,0,9,2,28,0.05884330867518494,0.0073554135843981175,104.0,155.0
F2_13.1,N15,N22,800.0,1,2400.0,2392.5730532615776,45,28,45,7,7.426946738422544,3992.5730532615776,35.2527783439843,34.061195563172156,1,1,27.0,27.0,81,70,10.337069007377504,13.012425767067725,11.804672082760518,213.0707978505082,0,0,0,4,4,80,0.04089283272757912,0.04843582698799921,169.0,175.0
F7_18.6,N15,N22,800.0,1,2400.0,2391.22346147644,51,33,51,7,8.77653852356002,3991.22346147644,35.013121994252614,33.6069347419076,1,-1,6.0,6.0,85,60,8.018911094727917,19.43772777012873,8.724776027390696,293.1410390020878,0,0,1,5,2,91,0.05253866845998655,0.039929388029589785,178.0,187.0
F2_11.6,N15,N22,800.0,1,2400.0,2305.0260273061313,47,28,47,7,94.97397269386863,3905.0260273061313,35.54249034591191,34.32500122640154,1,1,14.0,14.0,82,71,11.852636218854597,14.040859277484742,11.976238966903336,208.66130777451278,0,0,0,7,7,82,0.05253866845998655,0.055129991216312624,168.0,163.0
F2_18.10,N15,N22,800.0,1,2400.0,2020.5485866727836,50,30,50,5,379.45141332721636,3620.5485866727836,35.294695412791945,33.84707843162095,-1,-1,33.0,33.0,94,69,9.92708992697516,10.659227492394393,11.669843163150809,215.31206299272614,0,2,2,5,5,85,0.0609448554135844,0.05884330867518493,144.0,162.0
F2_14.4,N15,N22,800.0,1,2400.0,2398.9370320864114,46,29,46,7,1.0629679135885226,3998.9370320864114,35.183638895946025,34.061195563172156,1,1,28.0,28.0,82,69,10.900251451143596,12.311562250536554,11.15002794463288,214.32656306853085,0,0,0,13,13,82,0.09037767429244212,0.04833557498318763,180.0,168.0
F2_13.3,N15,N22,800.0,1,2400.0,1791.3992451470294,62,34,62,5,608.6007548529706,3391.3992451470294,35.32097169803882,34.04165505263546,-1,-1,8.0,8.0,106,83,4.703653463655729,62.1310211956702,12.579915743899756,233.31127959380237,0,7,3,8,8,101,0.1017627650163819,0.05884330867518495,127.0,162.0
F2_15.4,N15,N22,800.0,1,2400.0,2396.1018633490794,46,27,46,7,3.898136650920833,3996.1018633490794,35.406137574002344,34.16236215716766,1,1,24.0,24.0,81,70,10.92727976576621,12.447491731834816,10.817306075374375,213.7025084690765,0,0,0,12,12,80,0.08490838286465786,0.05253866845998656,186.0,168.0
F2_15.5,N15,N22,800.0,1,2400.0,2392.8379008771076,48,28,48,7,7.162099122892528,3992.8379008771076,35.5229593176209,34.25129879341098,1,1,10.0,10.0,84,70,10.993911259762152,120.85526758442052,11.327806100506374,208.26610318084235,0,0,0,12,12,83,0.08406186953597848,0.05464021519838602,176.0,168.0
F7_10.9,N15,N16,800.0,1,2400.0,2391.7788805250143,9,9,17,1,8.221119474985585,3991.7788805250143,35.237327865915084,34.21682260460661,1,1,30.0,30.0,95,20,8.470013933151243,23.021399310278866,8.642009836414218,289.3176143481937,0,0,0,9,3,27,0.05674176193678548,0.005253866845998655,170.0,197.0
F2_15.6,N15,N22,800.0,1,2400.0,1855.881942776004,56,33,56,8,544.1180572239958,3455.881942776004,35.31678623587724,34.04775676594529,-1,-1,32.0,32.0,114,100,7.40535254992147,13.269185641959666,11.097999582330994,236.1977414065209,0,6,1,9,6,97,0.07145258910558171,0.07880800268997983,125.0,189.0
F2_13.4,N15,N22,800.0,1,2400.0,1946.9958487587755,56,33,56,8,453.00415124122446,3546.9958487587755,35.31678623587724,34.03466647129669,-1,-1,31.0,31.0,114,101,6.4949656486574625,35.69105720181983,11.606321035326982,236.62037286424047,0,6,1,8,8,97,0.08539366141096971,0.07880800268997983,138.0,175.0
F2_12.10,N15,N22,800.0,1,2400.0,2395.8279067664917,59,29,59,5,4.172093233508122,3995.8279067664917,35.41902171018648,34.29054021718272,1,1,30.0,30.0,109,100,9.557907477475052,75.7588492647892,11.049386711007282,221.1767975015354,0,0,0,18,17,93,0.0976650555941861,0.060944855413584395,182.0,167.0
F2_14.6,N15,N22,800.0,1,2400.0,2392.504231686349,59,28,59,5,7.4957683136510695,3992.504231686349,35.29651825090319,34.29054021718272,1,1,27.0,27.0,111,101,10.293038798550072,23.218491999278058,11.238809699473494,212.67768712982573,0,0,0,17,16,92,0.09278961380698934,0.06288322122824602,191.0,163.0
F2_17.12,N15,N22,800.0,1,2400.0,2080.9163006862796,57,35,57,15,319.08369931372033,3680.9163006862796,34.97262011911587,34.04952645938247,-1,-1,38.0,38.0,123,134,3.767174902275153,11.040956525450156,9.793217918659318,250.63212239232064,0,4,0,9,4,107,0.0672494956287828,0.07880800268997984,137.0,175.0
F7_16.7,N15,N22,800.0,1,2400.0,2397.9669112415336,65,37,65,11,2.0330887584664197,3997.9669112415336,35.14181764991395,34.26824301212357,1,-1,10.0,10.0,120,105,8.421146501512581,126.40825679635395,8.53653808208272,277.2464915158678,0,0,8,3,2,113,0.037827841291190316,0.08196032279757903,175.9999999999999,191.0
F7_16.5,N15,N22,800.0,1,2400.0,2395.0016197510167,64,36,64,11,4.998380248983494,3995.0016197510167,35.16197900562494,34.20419006492258,1,-1,15.0,15.0,119,107,8.728174847088216,28.98692696473995,10.330782948663726,274.5902834231138,0,0,3,8,3,111,0.05674176193678548,0.07985877605917957,179.0000000000001,194.0
F2_15.7,N15,N22,800.0,1,2400.0,2246.6390628327213,54,36,54,16,153.36093716727862,3846.6390628327213,34.98534031575083,34.17781790550012,1,1,2.0,2.0,117,137,10.17348902931381,78.82030198790176,9.691804746625682,237.48437589291194,0,4,0,10,10,106,0.0777572293207801,0.07639316107141138,164.0,161.0
F2_19.4,N15,N22,800.0,1,2400.0,1922.9838676315035,60,40,60,19,477.01613236849664,3522.9838676315035,34.85630199280793,33.986017769365134,-1,-1,8.0,8.0,128,135,3.903051457858307,49.43051490146854,9.760777614598014,259.96799588384914,0,13,9,11,11,119,0.09036650975117687,0.08301109616677876,122.0,168.0
F7_15.8,N15,N22,800.0,1,2400.0,2395.6314781386686,58,35,58,15,4.368521861331374,3995.6314781386686,34.91646842095397,34.04952645938247,1,-1,37.0,37.0,123,135,8.22080788537912,30.46749413493535,9.427980778735861,275.2938986230509,0,0,0,14,11,108,0.07145258910558171,0.07880800268997984,177.0,144.0
F2_12.11,N15,N22,800.0,1,2400.0,2392.427357925853,57,35,57,15,7.572642074147211,3992.427357925853,34.98534031575083,34.07582685395379,0,0,0.0,0.0,121,134,8.59917238755144,72.02384034714578,11.000006506543421,244.24974812441621,0,0,0,15,15,107,0.08616341627437794,0.07880800268997983,171.0,168.0
F7_4.6,N15,N16,800.0,1,2400.0,2391.8367776801674,21,21,21,4,8.163222319832698,3991.8367776801674,34.872422346297654,33.50284394459047,1,1,9.0,9.0,129,25,9.015359985683949,101.6637485057147,8.86433585020046,273.2732717446545,0,0,0,3,2,46,0.02101546738399462,0.012609280430396773,160.0,192.0
F7_5.9,N15,N16,800.0,1,2400.0,2397.502783627753,20,20,21,4,2.497216372246612,3997.502783627753,34.8632532768892,33.50284394459047,1,1,11.0,11.0,129,24,8.633856209488364,44.56527255665719,9.152023223597766,274.2106487918447,0,0,0,15,5,45,0.0672494956287828,0.012609280430396773,170.0,184.0
F2_10.13,N15,N16,800.0,1,2400.0,2397.4759225900707,14,14,20,3,2.524077409929191,3997.4759225900707,34.978043993459636,33.95824396175356,1,-1,14.0,14.0,113,21,6.559852836971962,12.046678062924002,10.257808156947345,243.76503636853337,0,5,0,14,5,37,0.07149085948516996,0.00945696032279758,252.0,158.0
F7_5.11,N15,N16,800.0,1,2400.0,2398.8281941044143,23,23,25,3,1.1718058955855213,3998.8281941044143,34.82624474082311,33.613344199910145,-1,-1,16.0,16.0,127,29,5.999167816794011,117.84209183997564,6.939229417855114,315.21444949590614,0,6,2,15,5,51,0.06514794889038333,0.012609280430396773,180.0,149.0
F7_10.14,N15,N16,800.0,1,2400.0,2397.566425054898,19,19,18,4,2.433574945101782,3997.566425054898,34.870474090411165,33.50325742606382,1,1,17.0,17.0,129,25,8.605735510037812,32.56408005519529,8.665196302660132,273.38486729536726,0,0,0,14,4,41,0.0672494956287828,0.012609280430396773,171.0,197.0
F2_19.3,N15,N16,800.0,1,2400.0,2170.6980570288233,14,14,16,3,229.3019429711767,3770.6980570288233,34.91646842095397,33.778119454485804,-1,1,36.0,36.0,124,25,5.6236298337399795,22.378628378732174,12.471941252089662,253.4665438579838,0,7,0,11,6,33,0.06304640215198387,0.01050773369199731,234.0,163.0
F7_16.6,N15,N22,800.0,1,2400.0,2399.3520521005626,66,36,66,11,0.647947899437554,3999.3520521005626,35.02617036763879,34.15666321242775,0,-1,0.0,0.0,122,116,8.9030134921203,9.818352390796917,8.627339450438262,278.0731752324984,0,0,17,5,1,113,0.037827841291190316,0.08196032279757902,223.9999999999999,211.0
F2_17.11,N15,N22,800.0,1,2400.0,2399.0965322519046,63,36,63,11,0.9034677480952951,3999.0965322519046,35.11318573184751,34.275608468447565,1,1,27.0,27.0,118,130,8.592668996807612,12.219497581717405,10.068331833119347,264.2192270849888,0,7,0,14,14,110,0.08406186953597848,0.07428737612358184,251.9999999999999,186.0
F7_12.9,N15,N22,800.0,1,2400.0,2398.081382714895,62,36,62,11,1.9186172851048013,3998.081382714895,35.08802372140375,34.14752808376494,-1,1,29.0,29.0,117,132,8.663060001061892,90.43475575409366,7.35570192434644,278.03430891027773,0,1,0,9,6,109,0.06304640215198387,0.07435692632957878,219.9999999999999,211.0
F2_14.7,N15,N22,800.0,1,2400.0,2391.3827195119684,54,34,54,14,8.617280488031497,3991.3827195119684,35.006454784125225,34.225808986459256,1,1,12.0,12.0,115,136,8.104430228054587,13.32511833412309,10.705763926782497,244.77786518720072,0,2,0,15,15,102,0.09036650975117687,0.07250336247478144,241.0,187.0
F2_13.6,N15,N22,800.0,1,2400.0,2392.9627015375154,66,36,66,19,7.037298462484728,3992.9627015375154,34.89058293817235,33.77542014855797,1,1,32.0,32.0,128,135,6.802512759161006,26.956225655887692,11.921029329386013,293.39998125317607,0,10,0,21,20,121,0.09604576342562536,0.08005400420553538,186.0,182.0
F7_18.12,N15,N22,800.0,1,2400.0,2396.977405483744,63,36,63,22,3.0225945162559356,3996.977405483744,34.61191500664107,33.562024974421,-1,1,1.0,1.0,125,147,5.441699111507674,111.53416337011117,10.6500843554443,356.3497274446979,0,10,0,18,9,121,0.07145258910558171,0.07985877605917956,179.0,167.0
F7_17.10,N15,N22,800.0,1,2400.0,2398.764421111078,66,35,66,18,1.235578888922305,3998.764421111078,34.61264950189057,33.467138140341184,1,-1,34.0,34.0,128,148,7.621587422578307,12.885606355197979,9.229188593175731,295.6928252769647,0,0,0,18,10,119,0.06935104236718224,0.08406186953597848,172.0,166.0
F7_16.10,N15,N22,800.0,1,2400.0,2392.672155746556,71,35,71,18,7.3278442534438,3992.672155746556,34.598613437530204,33.60400501642585,1,-1,22.0,22.0,139,151,8.572720920380943,10.293878238280513,8.775879340152548,276.2234418129531,0,0,5,17,9,124,0.06988720259706871,0.0882649630127774,164.0,163.0
F7_15.9,N15,N22,800.0,1,2400.0,2399.477429055039,64,41,64,19,0.5225709449609894,3999.477429055039,34.803129971005156,33.89061736677859,1,-1,0.0,0.0,128,138,8.52577445509214,8.783401796644966,7.582745359096682,272.1870180846686,0,0,12,14,8,124,0.0672494956287828,0.08511264290517823,233.0,163.0
F7_18.9,N15,N22,800.0,1,2400.0,2398.4183892406368,62,41,62,19,1.5816107593633433,3998.4183892406368,34.82142440052399,33.92366264356663,1,-1,2.0,2.0,127,139,8.588477501096,8.88227558040171,7.6116651841498255,274.28194010926137,0,0,11,13,7,122,0.0672494956287828,0.08503915992760325,229.0,163.0
F9_8.9,N15,N16,800.0,1,2400.0,2390.286246549145,24,24,21,3,9.713753450855052,3990.286246549145,34.47676382535148,33.79953133615176,1,-1,25.0,25.0,137,27,10.486515198880877,89.60485569479079,10.900036850510926,230.46033309472054,0,0,0,10,0,48,0.04833557498318763,0.01996469401479489,164.0,164.0
F7_10.16,N15,N16,800.0,1,2400.0,2277.6255896588855,25,25,18,3,122.37441034111441,3877.6255896588855,34.267752004663414,33.76749693427746,-1,-1,4.0,4.0,136,31,4.7154765230728986,37.27451866624847,7.403769932774641,354.54389110194523,0,9,1,12,0,46,0.05674176193678548,0.024167787491593814,167.0,149.0
F7_16.8,N15,N22,800.0,1,2400.0,2392.2563685192736,69,35,69,18,7.743631480726549,3992.2563685192736,34.598613437530204,33.592030541184236,1,-1,24.0,24.0,135,150,8.522986583222815,10.273351977696848,7.899350360385357,277.15088328787857,0,0,3,17,8,122,0.06935104236718224,0.0882649630127774,173.0,206.0
F7_8.8,N15,N16,800.0,1,2400.0,2390.913887107643,19,19,14,6,9.086112892357164,3990.913887107643,34.05936637804022,33.89282344752912,1,1,22.0,22.0,134,33,8.884721080035556,309.119264753248,9.186715154490889,291.0993206499826,0,2,0,6,2,39,0.04833557498318763,0.025218560860793545,155.0,203.0
F9_8.11,N15,N16,800.0,1,2400.0,2395.218843473332,19,19,23,5,4.781156526668042,3995.218843473332,33.641201242122804,33.658134341851735,1,-1,27.0,27.0,143,32,8.686663737761128,15.274762975426711,10.366187249462165,248.15797908061722,0,0,1,17,0,47,0.07985877605917956,0.025218560860793545,161.0,159.0
F7_5.12,N15,N16,800.0,1,2400.0,2393.2566018585867,21,21,14,6,6.743398141413195,3993.2566018585867,34.077254305241404,33.90133642357341,1,1,5.0,5.0,143,32,8.933495634769518,158.63823533484106,9.64560712961685,279.7968576400621,0,0,0,3,2,41,0.03992938802958978,0.025218560860793545,178.0,181.0
F9_8.12,N15,N16,800.0,1,2400.0,2389.5497268293425,24,24,20,5,10.45027317065751,3989.5497268293425,33.398642975093615,33.62373497167982,-1,1,37.0,37.0,151,45,9.378448499784048,16.041743200988776,10.62167732286282,236.24353650707002,0,1,0,15,2,49,0.10297579018157364,0.025659843611540046,146.0,164.0
F7_4.9,N15,N16,800.0,1,2400.0,2394.3569933238427,30,30,21,8,5.6430066761571425,3994.3569933238427,33.31312030018121,33.40877946641346,1,1,13.0,13.0,160,44,8.62594855120206,16.060506738631375,7.884344721536264,297.75703164006404,0,0,0,12,6,59,0.06935104236718224,0.025218560860793545,167.0,182.0
F7_8.10,N15,N16,800.0,1,2400.0,2399.1107947801124,28,28,21,8,0.8892052198876854,3999.1107947801124,33.377536476996276,33.43020615623136,1,1,18.0,18.0,159,45,9.625007506945636,491.07340521033416,10.96171248143679,291.19773696563294,0,0,0,2,1,57,0.027320107599193007,0.025218560860793545,173.0,184.0
F7_5.13,N15,N16,800.0,1,2400.0,2394.869758297599,19,19,22,5,5.130241702400781,3994.869758297599,33.69685904374046,33.81900665582367,-1,-1,31.0,31.0,138,31,8.85300182850615,151.6062844400044,8.643380095415996,275.8039442599413,0,0,0,6,5,46,0.05253866845998655,0.025218560860793545,211.0,202.0
F9_4.11,N15,N16,800.0,1,2400.0,2391.8376884565205,35,35,25,7,8.162311543479404,3991.8376884565205,33.17330581114108,33.405778869950616,1,-1,5.0,5.0,151,50,11.037604445477728,298.8370555331376,10.242685450146482,235.10378825898147,0,0,7,7,0,67,0.0777572293207801,0.02942165433759247,145.0,166.0
F9_4.12,N15,N16,800.0,1,2400.0,2397.809287107688,37,37,26,8,2.190712892312149,3997.809287107688,33.1512929977857,33.391675330637625,0,-1,1.0,1.0,156,51,10.888055316509881,32.97193294095132,10.153396555486525,236.63179987163062,0,0,8,5,0,71,0.07355413584398117,0.02942165433759247,142.0,165.0
F9_8.16,N15,N16,800.0,1,2400.0,2395.160454901954,39,39,26,8,4.839545098046301,3995.160454901954,33.1512929977857,33.42903957079764,-1,1,41.0,41.0,158,49,11.2471779468105,13.139917713568366,11.812482273954762,237.0238891074759,0,0,6,6,1,73,0.07565568258238063,0.029795454505937225,146.0,160.0
F9_5.13,N15,N16,800.0,1,2400.0,2395.1113416504027,40,40,26,8,4.888658349597222,3995.1113416504027,33.1512929977857,33.39268433182019,-1,1,39.0,39.0,160,48,11.34866921070936,15.87869777358992,12.241800715198169,237.2131553952555,0,0,3,7,2,74,0.07565568258238063,0.02837088096839274,142.0,169.0
F2_12.12,N15,N16,800.0,1,2400.0,2391.642573119422,23,23,20,5,8.357426880578032,3991.642573119422,34.598613437530204,33.39256798039507,-1,1,21.0,21.0,141,30,5.081915405667694,53.86716941791701,13.739866693433637,274.3598076122084,0,17,0,17,7,48,0.07628181591628709,0.015761600537995968,341.0,203.0
F7_16.11,N15,N22,800.0,1,2400.0,2394.997365282754,68,30,68,21,5.002634717245883,3994.997365282754,33.67356553623932,33.034487216868094,-1,1,28.0,28.0,142,167,8.218559735504193,16.40712188534144,8.007409832424843,272.68978955883057,0,0,0,7,1,119,0.05253866845998655,0.09036650975117687,221.0,208.0
F2_19.9,N15,N22,800.0,1,2400.0,2332.7440081237487,68,28,68,18,67.25599187625141,3932.7440081237487,33.4717999155997,32.932877293279745,1,1,0.0,0.0,152,191,4.791235619203355,42.96466578391892,9.59932162750338,274.3914147563414,0,3,0,22,14,114,0.0967094198602493,0.0914172831203766,249.0,162.0
F2_19.10,N15,N22,800.0,1,2400.0,2395.2752995405376,68,29,68,16,4.724700459462383,3995.2752995405376,33.44764743384492,32.927655473633415,-1,-1,41.0,41.0,152,197,7.470973686414967,56.31620836575962,10.686618196793608,277.4757096062629,0,4,0,20,19,113,0.10297579018157364,0.09246805648957633,239.0,175.0
F2_17.13,N15,N22,800.0,1,2400.0,2398.4274870237596,73,37,73,17,1.5725129762406596,3998.4274870237596,34.53957259247288,33.53413171503576,-1,-1,11.0,11.0,139,149,3.4968682420179755,49.763515380671606,11.538194955935516,301.4713250628869,0,26,8,20,13,127,0.0882649630127774,0.0882649630127774,389.0,180.0
F2_16.7,N15,N22,800.0,1,2400.0,2392.364325465619,72,31,72,21,7.635674534381224,3992.364325465619,33.566564308593115,33.017900533898704,1,1,18.0,18.0,151,174,4.937495784494562,12.412072742007467,10.402123058056015,257.98259226933135,0,8,0,22,17,124,0.0967094198602493,0.08552557699791408,269.0,173.0
F2_17.14,N15,N22,800.0,1,2400.0,2399.9180240260403,72,33,72,18,0.08197597395974299,3999.9180240260403,34.34198341706257,33.39672318304871,1,1,21.0,21.0,135,159,9.737464939099613,12.386214052682817,10.161225731371976,260.81026388503244,0,3,0,20,19,123,0.10087424344317418,0.08065995110740504,366.0,174.0
F7_18.15,N15,N16,800.0,1,2400.0,2391.757222968233,32,32,26,7,8.242777031767105,3991.757222968233,33.13251949098704,33.364822304474195,-1,-1,38.0,38.0,153,45,8.68518986123861,13.004062069738666,8.115681950880319,294.26621146638496,0,0,0,13,5,65,0.0672494956287828,0.026269334229993276,215.0,204.0
F9_5.12,N15,N16,800.0,1,2400.0,2396.918970989565,43,43,27,8,3.081029010435145,3996.918970989565,33.13744697538517,33.39268433182019,-1,1,35.0,35.0,165,48,9.926083174053879,9.846283105541033,8.371541514962736,237.29997120318828,0,0,0,17,2,78,0.10297579018157364,0.026269334229993276,213.0,170.0
F2_12.13,N15,N16,800.0,1,2400.0,2398.720430051626,25,25,21,3,1.27956994837416,3998.720430051626,34.34699885097329,33.79953133615176,1,-1,19.0,19.0,137,29,10.006331377318888,13.340214373803065,11.305290936568417,256.29448367648155,0,4,0,19,1,49,0.10087424344317418,0.019964694014794893,373.0,211.0
F2_15.9,N15,N22,800.0,1,2400.0,2390.7606682093465,73,26,73,21,9.239331790653637,3990.7606682093465,33.216907176762724,32.67067933961286,1,1,21.0,21.0,151,205,2.946619374773455,11.575553843872058,8.867780930231302,348.12547759303266,0,21,0,34,20,120,0.10091250089083532,0.08356456727159955,241.0,203.0
F2_11.9,N15,N22,800.0,1,2400.0,2399.628567270721,74,25,74,21,0.37143272927937687,3999.628567270721,33.216907176762724,32.67067933961286,1,1,20.0,20.0,152,205,3.057237375517745,11.094041752486419,9.726124739697939,344.36703913426635,0,20,0,35,21,120,0.10511559436763425,0.08406186953597848,266.0,175.0
F2_19.12,N15,N22,800.0,1,2400.0,2395.006701112686,70,25,70,21,4.993298887313927,3995.006701112686,33.1512929977857,32.524448285196804,0,0,1.0,1.0,156,209,9.183542349042106,127.30253882143461,10.683630661244653,310.5101620724381,0,22,0,23,20,116,0.10297579018157364,0.08931573638197714,246.0,174.0
F2_14.12,N15,N22,800.0,1,2400.0,2398.8981270088525,69,23,69,20,1.1018729911472747,3998.8981270088525,33.127318607722025,32.474271162879916,1,1,26.0,26.0,166,216,2.0469341612608845,10.02461872612298,8.820276151011253,437.70652959342516,0,31,5,32,11,112,0.08830330046265984,0.09036650975117687,204.0,165.0
F7_6.5,N15,N16,800.0,1,2400.0,2392.1482193268266,45,45,26,10,7.85178067317338,3992.1482193268266,33.122342575149425,33.56171791639091,0,0,1.0,1.0,178,43,10.069138937277595,346.5539864204909,10.069138937277595,292.8678298654592,0,0,0,1,1,81,0.031523201075991936,0.023117014122394086,220.0,204.0
F9_8.14,N15,N16,800.0,1,2400.0,2392.932956460725,45,45,26,12,7.067043539274778,3992.932956460725,33.088643173831805,33.55781390089184,-1,1,41.0,41.0,167,49,9.31818801433393,64.11383436872393,8.523404472324197,247.17446124728718,0,0,1,22,1,83,0.10717888365837257,0.03120112663195085,172.0,207.0
F2_17.19,N15,N22,800.0,1,2400.0,2241.7308674343863,62,14,62,21,158.26913256561386,3841.7308674343863,33.088643173831805,32.20790479497429,-1,-1,41.0,41.0,167,217,3.1853194205174495,15.56079654058044,10.944402635001317,325.18201314212405,0,2,0,31,12,97,0.0945696032279758,0.07985877605917956,243.0,174.0
F3_13.16,N15,N22,800.0,1,2400.0,2397.079697236338,61,23,61,16,2.9203027636624483,3997.079697236338,32.53142651836046,31.754619898476868,1,-1,0.0,0.0,181,228,8.724544208571777,738.914232784316,8.724544208571777,280.43833119690265,0,0,9,1,1,100,0.006304640215198386,0.08301109616677876,156.0,148.0
F7_6.7,N15,N16,800.0,1,2400.0,2397.895808268151,43,43,25,8,2.1041917318490277,3997.895808268151,32.92241140024994,33.32815148677302,-1,-1,26.0,26.0,173,45,6.364764998051945,8.505516957449117,7.107702758033043,294.01236304385446,0,2,1,6,3,76,0.031523201075991936,0.03257397444519167,208.0,206.0
F2_17.21,N15,N22,800.0,1,2400.0,2397.8689242418063,61,23,61,16,2.131075758193788,3997.8689242418063,32.53142651836046,31.754619898476868,-1,-1,0.0,0.0,181,228,2.6962382257235302,41.509403643372025,9.890242428233957,474.14214754950586,0,42,9,24,23,100,0.08616341627437794,0.08301109616677876,176.0,180.99999999999977
F2_15.12,N15,N22,800.0,1,2400.0,2119.0217784889833,60,23,60,14,280.9782215110166,3719.0217784889833,32.26703571685486,31.427525046667846,1,1,10.0,10.0,167,233,10.07788905038833,29.64957080239219,11.696054670984969,352.69493581118553,0,14,0,10,10,97,0.0609448554135844,0.07880800268997983,157.0,169.0
F9_8.22,N15,N16,800.0,1,2400.0,2394.6135227466802,53,53,30,3,5.386477253319526,3994.6135227466802,32.26703571685486,33.267433101417545,1,-1,9.0,9.0,168,73,9.697892695916481,10.935904325563342,9.100846828361325,231.90349892282077,0,0,1,15,2,86,0.10297579018157364,0.03257397444519167,159.0,170.0
F2_17.22,N15,N22,800.0,1,2400.0,2396.146543297047,59,20,59,15,3.853456702952599,3996.146543297047,32.34868282719785,31.563037088736067,1,1,23.0,23.0,168,222,2.9297545538081513,246.14776909246598,10.23100555755256,375.98614532581036,0,16,0,30,3,94,0.08199857463752756,0.07701726422263047,172.0,170.0
F7_17.15,N15,N22,800.0,1,2400.0,2395.6820796337906,70,21,70,24,4.317920366209364,3995.6820796337906,32.868054573096074,31.978464053787274,-1,1,20.0,20.0,174,222,7.269913977773869,8.66419738392392,6.6314177015028966,299.0603265305396,0,2,0,13,7,115,0.08406186953597848,0.07040181573638198,226.0,200.99999999999977
F2_15.11,N15,N22,800.0,1,2400.0,2396.098013457474,59,21,59,15,3.9019865425264015,3996.098013457474,32.33813044210023,31.563037088736067,1,1,22.0,22.0,167,223,6.867033657480658,96.03370157145582,11.903449477157706,371.0854912127521,0,14,0,18,18,95,0.0672494956287828,0.0760143572429631,180.0,175.00000000000023
F7_17.16,N15,N22,800.0,1,2400.0,2392.945731868532,55,27,55,8,7.054268131467893,3992.945731868532,32.216623084346836,31.417848859215187,1,-1,23.0,23.0,171,236,8.093402325488997,10.55348505614711,8.961028113464236,288.3439836073752,0,0,3,16,6,90,0.0945696032279758,0.0882649630127774,167.0,160.0
F2_18.16,N15,N22,800.0,1,2400.0,2396.999579518027,59,23,59,14,3.0004204819730376,3996.999579518027,32.266886016458514,31.44020701336337,1,1,12.0,12.0,165,233,10.480222118243942,98.82965559580794,10.302853693223037,349.3711861065968,0,13,0,15,15,96,0.06304640215198387,0.0777572293207801,173.0,176.0
F3_11.12,N15,N22,800.0,1,2400.0,2399.1268567746743,61,22,61,15,0.8731432253256344,3999.1268567746743,32.483105185394855,31.749384123654174,-1,1,40.0,40.0,178,223,7.1837926730263035,42.60059184841839,9.940318811513357,297.6241183012747,0,0,7,2,2,98,0.00840618695359785,0.08132720174546243,237.0,154.0
F7_6.10,N15,N16,800.0,1,2400.0,2394.6477271464723,55,55,33,3,5.352272853527552,3994.6477271464723,32.231528170569824,33.30947052797586,1,1,30.0,30.0,166,71,3.78468419521941,9.673089589228084,7.912162366945132,318.45447448688446,0,0,0,8,7,91,0.04833557498318763,0.03152320107599193,168.0,198.00000000000023
F7_10.21,N15,N16,800.0,1,2400.0,2392.7738565718146,57,57,33,3,7.2261434281854235,3992.7738565718146,32.216623084346836,33.30947052797586,1,1,25.0,25.0,168,71,8.207167356900051,12.416910320795523,8.035257225709802,288.5005168580371,0,0,0,17,9,93,0.09877269670477472,0.030472427706792198,177.0,184.99999999999977
F15_5.13,N15,N16,800.0,1,2400.0,2398.529895420984,64,64,36,0,1.4701045790160379,3998.529895420984,32.11958250270146,33.40517929824859,1,-1,28.0,28.0,174,71,9.77149493184613,13.346430690616671,10.609550404143835,238.97816112462985,0,0,1,13,2,100,0.0672494956287828,0.0304724277067922,160.0,186.0
F9_6.15,N15,N16,800.0,1,2400.0,2399.4105962987987,68,68,40,0,0.5894037012010358,3999.4105962987987,32.035928804554764,33.29788386178306,1,-1,13.0,13.0,170,69,9.433854289026664,11.38312844649522,9.66927315248426,241.11674286724647,0,0,3,19,3,108,0.0945696032279758,0.03257397444519166,156.0,175.0
F15_4.11,N15,N16,800.0,1,2400.0,2395.5156417167136,54,54,33,3,4.484358283286497,3995.5156417167136,32.22763043437684,33.3218478286048,-1,1,32.0,32.0,165,71,9.202799254073177,79.39375135929413,9.09613019833982,239.72612341366164,0,0,0,13,3,90,0.0945696032279758,0.0304724277067922,202.0,188.99999999999977
F9_6.16,N15,N16,800.0,1,2400.0,2390.0152292356647,69,69,41,0,9.98477076433528,3990.0152292356647,32.02259572604948,33.29380001864562,1,-1,8.0,8.0,172,74,9.491963652725092,12.588226803523185,9.267359452738269,240.1568811506716,0,0,3,18,4,110,0.09628476248497918,0.03257397444519167,162.0,165.0
F2_15.13,N15,N22,800.0,1,2400.0,2394.7371811609078,56,30,56,7,5.262818839092233,3994.7371811609078,32.09542212633684,31.31430014277732,1,1,34.0,34.0,171,246,5.572941049436696,85.08638204264162,9.016730801442861,518.5299275816693,0,24,0,16,16,93,0.05253866845998655,0.09036650975117687,193.0,146.0
F2_16.11,N15,N22,800.0,1,2400.0,2390.3828233392956,50,32,50,9,9.617176660704331,3990.3828233392956,32.035928804554764,30.998146785596358,1,1,13.0,13.0,170,251,1.2911196565572831,363.82725954554553,10.812794168230667,518.9608299787254,0,15,0,31,3,91,0.07149086950799882,0.09469492970693044,175.0,154.99999999999977
F2_15.14,N15,N22,800.0,1,2400.0,2393.8192986079744,50,29,50,11,6.180701392025526,3993.8192986079744,32.011747948501935,30.9829855052059,1,1,4.0,4.0,173,256,10.026558961111105,18.367899786290536,10.301287224944867,513.4779452142577,0,18,0,12,12,90,0.0336247478143914,0.08616341627437796,175.0,169.00000000000023
F9_5.14,N15,N16,800.0,1,2400.0,2397.5878550276,71,71,44,2,2.412144972399915,3997.5878550276,32.00315199542071,33.32048476401863,1,-1,2.0,2.0,174,72,9.772148979344761,55.760674441565925,9.560085328531027,240.2618495373904,0,0,4,19,5,117,0.10297579018157364,0.03362474781439139,163.0,221.0
F7_12.13,N15,N16,800.0,1,2400.0,2397.149295557434,61,61,33,3,2.8507044425662116,3997.149295557434,32.106145095640514,33.3423110268428,1,1,3.0,3.0,176,71,8.128736978880921,32.06717300527248,9.229821258628512,281.4594987998438,0,0,0,14,9,97,0.0945696032279758,0.02837088096839274,229.0,201.0
F7_12.17,N15,N16,800.0,1,2400.0,2399.821371053587,67,67,63,5,0.17862894641291405,3999.821371053587,31.900638223251743,33.07668943665528,1,1,23.0,23.0,160,71,7.7832490097328,8.60783392684175,7.421676324542836,291.30759423072806,0,0,0,16,9,135,0.08616341627437794,0.05358944182918628,173.0,171.0
F7_8.19,N15,N16,800.0,1,2400.0,2391.835597561297,71,71,59,5,8.16440243870295,3991.835597561297,31.91600680276999,33.087167858971405,1,1,32.0,32.0,157,73,6.139663147220526,26.563476817330184,10.004035355643088,311.26126403590314,0,0,0,11,8,135,0.05043712172158709,0.047284801613987903,180.0,198.0
F9_5.18,N15,N16,800.0,1,2400.0,2391.310395120633,63,63,69,3,8.689604879367039,3991.310395120633,31.917514708942424,33.12845919799217,1,-1,14.0,14.0,135,67,9.473848812717872,36.52983604589508,10.089356887971043,238.3954119931791,0,0,9,7,0,135,0.05043712172158709,0.060944855413584395,161.00000000000023,170.0
F7_6.12,N15,N16,800.0,1,2400.0,2397.9820011527977,62,62,74,2,2.0179988472021932,3997.9820011527977,31.888576574883928,33.11566229014518,-1,-1,1.0,1.0,136,76,4.0720995758409995,576.9586380323249,8.232227812773525,333.24478710675083,0,8,11,9,6,138,0.0441324815063887,0.060944855413584395,174.0,155.0
F9_5.17,N15,N16,800.0,1,2400.0,2397.5070639244313,61,61,73,2,2.492936075568423,3997.5070639244313,31.925734034444698,33.12473493035189,1,-1,8.0,8.0,135,71,9.477484661143796,11.488753479185334,9.72077201664311,238.89527906334973,0,0,11,15,0,136,0.10062121503069164,0.0609448554135844,163.0,176.0
F2_12.17,N15,N16,800.0,1,2400.0,2397.8535148586575,23,23,22,5,2.146485141342623,3997.8535148586575,33.44764743384492,33.62373497167982,-1,1,41.0,41.0,152,44,5.644603296491748,62.3586637398887,11.970129689887612,277.4757096062629,0,4,1,24,9,50,0.09246805648957633,0.025772705478053687,799.0,211.0
F7_19.16,N15,N16,800.0,1,2400.0,2392.589703183021,59,59,74,2,7.410296816979098,3992.589703183021,31.866474480178226,33.1134315920565,1,1,34.0,34.0,139,82,7.960761368140092,44.86485342530159,8.972434761583685,298.50882141857784,0,0,0,11,8,135,0.04526804554230515,0.05884330867518495,170.99999999999977,198.0
F7_4.16,N15,N16,800.0,1,2400.0,2393.605386485854,61,61,72,2,6.3946135141460445,3993.605386485854,31.850734488822106,33.06460713608205,1,1,20.0,20.0,148,82,7.962414600145202,100.49580815313402,6.8873602061862,282.856579844151,0,0,0,14,6,135,0.08406186953597848,0.059894082044384664,168.99999999999977,205.0
F9_8.25,N15,N16,800.0,1,2400.0,2394.8133211380455,60,60,72,2,5.186678861954533,3994.8133211380455,31.868154860422557,33.09692325548122,-1,1,28.0,28.0,141,85,7.614068030964648,11.754554807403338,9.688722247826487,260.3922849230896,0,5,0,20,3,134,0.10503688756856128,0.057792535305985215,204.00000000000023,183.0
F7_18.23,N15,N16,800.0,1,2400.0,2399.1578858629246,59,59,79,3,0.8421141370753276,3999.1578858629246,31.81829707279522,32.87737254902506,1,1,25.0,25.0,129,84,9.159322856953334,11.271743737315546,9.496037158463082,276.0442401601066,0,0,0,6,4,141,0.04833557498318763,0.055028638220098375,167.99999999999977,183.0
F7_10.24,N15,N16,800.0,1,2400.0,2399.5563479485063,63,63,81,3,0.44365205149347275,3999.5563479485063,31.848054162845372,32.940541625683856,1,1,38.0,38.0,135,84,5.904295562912742,163.07126889821097,7.85094135298242,332.4301417041301,0,4,4,15,6,147,0.07880462978883014,0.05917648648290061,171.00000000000023,203.0
F7_4.18,N15,N16,800.0,1,2400.0,2394.994897065568,61,61,82,3,5.005102934431989,3994.994897065568,31.822408468265802,32.87737254902506,1,1,15.0,15.0,132,87,8.959813226369013,83.80960144527648,10.368953773794487,283.0058303898036,0,0,0,4,2,146,0.046234028244788165,0.05464021519838602,169.0,189.0
F9_4.16,N15,N16,800.0,1,2400.0,2397.4114175863356,59,59,92,10,2.588582413664426,3997.4114175863356,31.84956956213046,32.86775571428858,1,-1,5.0,5.0,117,80,10.86848340694057,28.479051172939535,11.066850413771233,237.5946965809866,0,0,12,4,0,161,0.0609448554135844,0.06094485541358441,148.0,161.0
F11_6.17,N15,N16,800.0,1,2400.0,2395.379231644848,61,61,93,10,4.620768355151881,3995.379231644848,31.84779020885413,32.87078428373227,1,-1,1.0,1.0,122,81,10.469056396578017,13.533813921787669,10.613955793165141,237.26910257789862,0,0,12,5,2,164,0.06304640215198387,0.06304640215198387,145.0,167.0
F9_8.26,N15,N16,800.0,1,2400.0,2394.8382076980397,65,65,82,2,5.161792301960531,3994.8382076980397,31.86695560915131,32.94883910430168,-1,1,41.0,41.0,138,82,9.071443529843972,64.66829150955391,9.49184571930842,246.98541908024177,0,1,7,14,5,149,0.09877269670477472,0.06052521382820515,165.0,218.0
F7_18.21,N15,N16,800.0,1,2400.0,2392.04760829902,59,59,79,3,7.952391700980343,3992.04760829902,31.81829707279522,32.87737254902506,1,1,25.0,25.0,129,84,8.309526819442937,78.29580816900534,8.637590200658366,276.0442401601066,0,0,0,12,7,141,0.0777572293207801,0.055028638220098375,173.0,199.0
F7_10.23,N15,N16,800.0,1,2400.0,2396.088112006602,61,61,75,0,3.9118879933981816,3996.088112006602,31.87157300356384,33.06195654745692,1,1,2.0,2.0,143,86,8.082616614467886,82.60934641823064,8.459810842783869,278.6320207354672,0,0,0,14,5,136,0.07985877605917956,0.0577925353059852,233.0,211.0
F9_6.20,N15,N16,800.0,1,2400.0,2396.3993880125313,59,59,92,10,3.60061198746871,3996.3993880125313,31.847416003878433,32.87629034065091,0,-1,0.0,0.0,124,82,11.089597483633863,17.20683178258173,10.226070886128314,236.09372274192813,0,0,12,7,3,161,0.06304640215198387,0.06304640215198386,148.0,167.0
F7_6.14,N15,N16,800.0,1,2400.0,2396.359575095068,61,61,93,10,3.6404249049318196,3996.359575095068,31.84779020885413,32.87078428373227,-1,-1,1.0,1.0,122,81,4.164363628490081,8.573632114182828,6.823978053499379,327.618782206386,0,6,12,7,6,164,0.046234028244788165,0.06304640215198387,188.0,191.0
F9_6.19,N15,N16,800.0,1,2400.0,2393.8439826518065,62,62,92,10,6.156017348193586,3993.8439826518065,31.849128901675034,32.87473856954325,-1,1,38.0,38.0,128,87,8.728045072770609,10.72387416594438,8.220870810829535,240.79316980219198,0,0,4,16,2,164,0.1050773369199731,0.06169947872374913,208.0,173.0
F7_19.18,N15,N16,800.0,1,2400.0,2395.093792418199,69,69,91,11,4.9062075818012545,3995.093792418199,31.8323207401427,32.809524455837845,1,1,6.0,6.0,127,81,7.0977700038641585,17.310184761320897,7.630248705682353,295.2020175788065,0,0,0,11,6,171,0.09036650975117687,0.05779253530598521,174.0,177.0
F7_6.13,N15,N16,800.0,1,2400.0,2393.663347345127,60,60,92,9,6.336652654873092,3993.663347345127,31.87423905536286,32.87212445939589,-1,-1,9.0,9.0,113,80,6.271105421583995,113.352578056026,8.373819335000947,322.0465624880733,0,6,11,13,11,161,0.0882649630127774,0.05884330867518493,202.0,204.0
F11_6.16,N15,N16,800.0,1,2400.0,2397.0376647956878,63,63,88,10,2.962335204312353,3997.0376647956878,31.841248513146404,32.85713998369184,-1,1,32.0,32.0,130,91,8.37792605717653,10.17058245575322,8.384682635846973,248.11756316488228,0,2,0,20,5,161,0.10717888365837257,0.06449960404011022,220.0,178.0
F15_6.6,N15,N16,800.0,1,2400.0,2394.743155741083,65,65,88,11,5.256844258917454,3994.743155741083,31.83755812971972,32.81220104334116,-1,1,17.0,17.0,123,86,7.278888616008191,51.68501746666652,10.036796666644811,266.8581089071538,0,9,0,23,10,164,0.11138197713517149,0.05674176193678547,208.0,174.0
F9_5.21,N15,N16,800.0,1,2400.0,2396.1501093625147,64,64,88,10,3.849890637485146,3996.1501093625147,31.836305645376996,32.845428622416875,-1,1,23.0,23.0,126,88,8.361192199978662,36.48095287955766,12.043259925290695,253.48690999142977,0,3,0,22,9,162,0.11138197713517149,0.060944855413584395,216.0,180.0
F7_17.21,N15,N16,800.0,1,2400.0,2398.902153917957,60,60,89,10,1.0978460820429063,3998.902153917957,31.618285879882794,32.738633454598066,1,1,15.0,15.0,119,88,8.79559844990973,93.97681025465477,8.641035719959483,286.23224125691485,0,0,0,3,3,159,0.04203093476798924,0.06304640215198386,154.0,197.0
F11_8.10,N15,N16,800.0,1,2400.0,2398.296762417628,68,68,86,11,1.7032375823716848,3998.296762417628,31.785452835208684,32.887041650045624,1,-1,22.0,22.0,130,83,9.613233258897484,32.47430146008537,10.283225553111263,233.59620921541446,0,0,0,26,15,165,0.11978816408876934,0.059894082044384664,187.0,216.0
F13_5.16,N15,N16,800.0,1,2400.0,2390.7884829346194,71,71,111,12,9.211517065380349,3990.7884829346194,31.494748569897535,32.72493786182246,1,-1,3.0,3.0,125,105,9.812261145909202,106.76555138310209,10.173111288334063,231.70711603926586,0,0,12,15,10,194,0.11138197713517149,0.07565568258238063,150.0,154.0
F11_5.10,N15,N16,800.0,1,2400.0,2394.925907402095,61,61,87,11,5.074092597904723,3994.925907402095,31.657479208177996,32.90617265508883,0,-1,0.0,0.0,123,98,8.244340434703693,169.7418029350024,9.183120419037923,245.43037997246194,0,1,2,21,13,159,0.11768661735036988,0.06630239383163478,168.0,219.0
F7_18.25,N15,N16,800.0,1,2400.0,2399.664510204032,71,71,90,11,0.33548979596787376,3999.664510204032,31.842830262725062,32.848322706452656,-1,-1,41.0,41.0,128,79,7.574936901808476,82.2974639402637,9.038690063992986,297.9660106312957,0,0,0,13,8,172,0.09667114996637526,0.0577925353059852,225.0,208.0
F11_6.15,N15,N16,800.0,1,2400.0,2392.394973162054,69,69,94,11,7.605026837945729,3992.394973162054,31.596083711440624,32.72590981672012,-1,0,2.0,2.0,121,94,3.0555289671558397,41.10407482137566,10.870022068176462,348.28180972259247,0,28,0,26,16,174,0.1281943510423672,0.061995628782784126,179.0,174.0
F15_6.7,N15,N16,800.0,1,2400.0,2394.546607358574,70,70,99,11,5.453392641425921,3994.546607358574,31.616544648902984,32.75103846358657,1,-1,36.0,36.0,119,96,3.955522379519939,11.293128293473956,9.193349616390362,331.39460517011617,0,23,2,26,19,180,0.1218897108271688,0.06304640215198386,184.0,185.0
F13_6.14,N15,N16,800.0,1,2400.0,2395.549823061123,72,72,113,8,4.450176938877007,3995.549823061123,31.41894285108311,32.72702458003594,-1,1,31.0,31.0,129,109,9.19614874661369,11.665276438962564,9.554761623479068,237.14019528378256,0,0,0,20,11,193,0.11348352387357095,0.07465819347050755,205.0,192.0
F7_10.25,N15,N16,800.0,1,2400.0,2397.307815562806,65,65,91,10,2.6921844371941006,3997.307815562806,31.615471864527443,32.73571564468816,1,1,8.0,8.0,124,88,8.130942300806181,12.82754416241437,7.459874093045868,282.05326495477306,0,0,0,15,11,166,0.0882649630127774,0.061995628782784126,238.0,206.0
F9_4.18,N15,N16,800.0,1,2400.0,2393.7394090565967,70,70,110,8,6.260590943403145,3993.7394090565967,31.44830958785895,32.73279308507506,-1,1,38.0,38.0,126,107,9.698616059913201,10.653031355705252,8.646417992337549,235.87556116041492,0,0,6,18,10,188,0.10928043039677203,0.07647889933270852,210.0,191.0
F9_6.24,N15,N16,800.0,1,2400.0,2394.4152468256816,61,61,120,17,5.584753174318621,3994.4152468256816,31.081452244179875,32.657292681489324,1,-1,0.0,0.0,115,107,9.0697370625746,10.950264324840646,9.832515856636762,242.2447079901428,0,0,15,19,5,198,0.10928043039677203,0.08301109616677875,155.0,171.0
F9_5.26,N15,N16,800.0,1,2400.0,2399.9709933311055,72,72,110,9,0.029006668894339782,3999.9709933311055,31.474139589009244,32.73279308507506,-1,1,41.0,41.0,127,105,9.8832441329961,9.432779904134804,8.327259666895069,233.4433927441598,0,0,10,16,9,191,0.10928043039677203,0.07845984194450703,215.0,189.0
F7_4.20,N15,N16,800.0,1,2400.0,2399.247028991647,72,72,113,8,0.752971008353029,3999.247028991647,31.418548870234957,32.66380371353238,1,1,17.0,17.0,133,105,8.043348706949688,20.477084343913702,7.195568828621619,281.34344964647545,0,0,0,16,11,193,0.08196032279757902,0.07250336247478144,184.0,196.0
F13_6.13,N15,N16,800.0,1,2400.0,2394.295890870899,61,61,122,17,5.704109129100971,3994.295890870899,31.108540145316013,32.657292681489324,1,-1,2.0,2.0,115,106,9.119138016565188,11.201319836372022,8.806647060418404,242.7963545064156,0,0,14,18,4,200,0.10969672245083452,0.08196032279757902,162.0,165.0
F7_18.26,N15,N16,800.0,1,2400.0,2393.2086118646093,71,71,99,11,6.791388135390548,3993.2086118646093,31.616544648902984,32.75103846358657,-1,-1,35.0,35.0,121,97,8.18199752553788,41.732941861925156,8.598772644940393,282.5618584464764,0,0,3,18,14,181,0.0882649630127774,0.06304640215198386,232.0,205.0
F7_10.27,N15,N16,800.0,1,2400.0,2395.1264878295856,67,67,119,19,4.873512170414301,3995.1264878295856,31.05094702369942,32.586219043764046,1,1,23.0,23.0,124,109,7.064303001827411,32.501246818233085,8.063779674856269,292.5392645495183,0,0,0,12,8,205,0.0882649630127774,0.07985877605917956,174.0,191.0
F7_17.23,N15,N16,800.0,1,2400.0,2162.405118242857,67,67,122,21,237.59488175714284,3762.405118242857,31.051153821988486,32.61682679245568,0,0,0.0,0.0,120,103,9.080015700782756,9.951397630165275,9.234047295084906,280.2919503609576,0,0,0,4,4,210,0.035726294552790853,0.0777572293207801,150.0,193.0
F7_15.23,N15,N22,800.0,1,2400.0,2386.3495901706474,3,45,3,40,13.650409829352725,3986.3495901706474,30.741148218694377,26.874954107772126,1,-1,15.0,15.0,113,233,9.192951894561782,10.381055614893967,9.367841880267985,284.5933044439054,0,0,0,4,0,88,0.0336247478143914,0.01050773369199731,155.0,133.0
F9_4.19,N15,N16,800.0,1,2400.0,2394.2498339963972,60,60,119,17,5.750166003602885,3994.2498339963972,31.067342919447714,32.64015752969853,-1,1,36.0,36.0,116,110,7.231486731998701,10.598117067108888,8.359190095227214,254.99845511846615,0,3,5,23,7,196,0.1218897108271688,0.08192371250067872,210.0,182.0
F9_8.29,N15,N16,800.0,1,2400.0,2396.326853012591,65,65,118,19,3.6731469874088134,3996.326853012591,31.05094702369942,32.586219043764046,-1,1,26.0,26.0,121,107,7.841119812434671,12.359550078157554,9.250020972882732,253.33214740331184,0,3,0,23,8,202,0.11978816408876934,0.08090954942837929,207.0,186.0
F9_8.28,N15,N16,800.0,1,2400.0,2393.9987015765987,59,59,119,17,6.001298423401408,3993.9987015765987,31.067342919447714,32.63433190165709,-1,1,38.0,38.0,115,111,7.469378518070141,11.461725465682775,8.858886858012877,254.35090260704723,0,1,7,22,6,195,0.11558507061197042,0.08143773059547044,210.0,200.0
F11_6.13,N15,N16,800.0,1,2400.0,2387.838418488045,52,52,114,35,12.161581511954864,3987.838418488045,30.747568006801654,32.434124790346054,-1,1,10.0,10.0,112,121,5.894231246438694,76.04841946600482,10.933963427994838,297.9261417326875,0,19,0,24,11,201,0.13029589778076667,0.07985877605917957,175.0,186.0
F9_4.17,N15,N16,800.0,1,2400.0,2390.942536944277,71,71,119,19,9.057463055722792,3990.942536944277,31.04675723641505,32.60338430361427,-1,1,12.0,12.0,127,105,6.761699291121541,32.86593286724701,10.785723695244045,276.02514459380836,0,11,0,25,12,209,0.11978816408876934,0.07565568258238063,205.0,235.0
F7_18.29,N15,N16,800.0,1,2400.0,2395.110143891523,53,53,114,35,4.889856108477034,3995.110143891523,30.747568006801654,32.434124790346054,1,1,9.0,9.0,114,122,9.196456472216552,73.16027306463025,8.844326648477033,280.4527833236036,0,0,0,5,5,202,0.04131367611232502,0.07985877605917957,183.0,176.0
F7_6.20,N15,N16,800.0,1,2400.0,2393.1488339860643,65,65,125,22,6.851166013935654,3993.1488339860643,31.02615630817531,32.62257545252844,-1,-1,31.0,31.0,117,112,7.48341143487372,185.08951310756993,9.65127921083007,302.39784444475134,0,4,2,6,6,212,0.0336247478143914,0.0809095494283793,226.0,210.0
F7_17.24,N15,N16,800.0,1,2400.0,2399.6045194787657,55,55,98,40,0.3954805212345036,3999.6045194787657,30.63634857659281,32.37917296679692,1,1,16.0,16.0,114,143,8.68447519977595,10.82938289666663,8.95258289273031,285.64555130882724,0,0,0,7,6,193,0.054640215198386015,0.07825546177740018,171.0,192.0
F13_5.17,N15,N16,800.0,1,2400.0,2395.102704707055,53,53,105,43,4.897295292944932,3995.102704707055,30.64317875753295,32.42932441266509,0,-1,0.0,0.0,107,138,9.866651913170333,9.278366127608479,7.5276661740017525,241.66484833666155,0,0,13,14,4,201,0.11978816408876934,0.08931573638197714,212.0,175.0
F7_16.23,N15,N16,800.0,1,2400.0,2394.6141637634296,53,53,115,33,5.385836236570526,3994.6141637634296,30.721295670783235,32.434669674987184,0,0,1.0,1.0,110,132,8.21156228249294,41.614660388632956,8.978754665349141,283.6248608360248,0,0,0,12,8,201,0.0777572293207801,0.07880800268997983,224.0,204.0
F13_6.15,N15,N16,800.0,1,2400.0,2395.510330912044,54,54,105,43,4.489669087955917,3995.510330912044,30.640746698573945,32.43009363464486,-1,1,40.0,40.0,108,139,9.622655681138529,9.47132553461347,8.204338191293992,243.1645703276846,0,0,10,16,5,202,0.11978816408876934,0.08742762053544433,216.0,176.0
F9_5.28,N15,N16,800.0,1,2400.0,2399.117299092293,53,53,101,44,0.8827009077073171,3999.117299092293,30.638379931551608,32.41306695406592,-1,1,29.0,29.0,108,145,7.740081034413748,11.872443258937892,9.289756955289262,254.6740994214921,0,3,0,20,8,198,0.1281943510423672,0.08580895666086233,209.0,177.0
F13_4.20,N15,N16,800.0,1,2400.0,2398.59464743105,52,52,100,44,1.4053525689499793,3998.59464743105,30.63426204190403,32.41422269260848,-1,1,27.0,27.0,107,145,8.011242387908275,10.817453904023068,9.252298856771548,252.33976708947932,0,3,0,21,9,196,0.1281943510423672,0.08390977132047767,217.0,178.0
F13_4.19,N15,N16,800.0,1,2400.0,2398.469522931893,54,54,102,43,1.5304770681068476,3998.469522931893,30.6535765049795,32.42087730828613,-1,1,31.0,31.0,109,145,7.956756597816579,11.550192179181295,10.379807000510171,252.54180801100716,0,3,0,20,7,199,0.1281943510423672,0.08784369871860875,219.0,180.0
F7_8.27,N15,N16,800.0,1,2400.0,2392.863829763771,48,48,99,38,7.136170236229077,3992.863829763771,30.626913901900526,32.44995847916437,1,1,36.0,36.0,115,163,7.625469005246097,80.19583127414035,9.80144280860664,296.37795619007267,0,0,11,11,9,185,0.06304640215198387,0.0777572293207801,173.0,205.0
F7_6.25,N15,N16,800.0,1,2400.0,2399.6640643732235,48,48,102,38,0.3359356267762905,3999.6640643732235,30.618212480099576,32.459094801143046,1,1,39.0,39.0,114,160,6.1505978384546465,64.12450928778185,8.596369566546317,315.22385890245016,0,3,15,14,11,188,0.08406186953597848,0.0777572293207801,174.0,208.0
F7_10.30,N15,N22,800.0,1,2400.0,2396.286306908895,11,57,11,75,3.7136930911051422,3996.286306908895,30.680646524227832,24.754945951639087,1,-1,14.0,14.0,138,175,8.781684452521432,9.88950525086193,8.762701913929126,291.4545057938734,0,0,1,10,1,143,0.054640215198386015,0.005253866845998655,164.0,153.0
F7_16.28,N15,N22,800.0,1,2400.0,2395.2044702442367,8,61,8,72,4.795529755763141,3995.2044702442367,30.63757841502593,24.802664876347176,-1,1,1.0,1.0,129,182,6.484161548199081,23.301132819811073,8.827402352235424,313.2492564777386,0,5,0,16,5,141,0.09667114996637526,0.004203093476798925,194.0,156.0
F7_6.26,N15,N16,800.0,1,2400.0,2396.5745076012654,47,47,101,45,3.4254923987343773,3996.5745076012654,30.660311341845677,32.38724728195966,1,1,34.0,34.0,128,174,6.502911314247044,13.47946478320091,10.302446536507727,300.25535154926047,0,0,1,6,6,193,0.04587480333972354,0.07568405330975975,179.0,186.0
F7_8.28,N15,N16,800.0,1,2400.0,2395.1961187358147,45,45,100,44,4.8038812641854065,3995.1961187358147,30.680646524227832,32.337118398308995,1,1,18.0,18.0,131,181,9.296279433195801,68.94197349226238,9.641440459393483,290.1662634465855,0,0,0,7,5,189,0.05043712172158709,0.0684159100505531,171.0,207.0
F9_4.23,N15,N16,800.0,1,2400.0,2390.6751991573283,36,36,102,53,9.324800842671607,3990.6751991573283,30.69560105393514,32.23636247744408,0,-1,1.0,1.0,125,187,9.387802572903333,91.60297741757586,9.799887526234242,244.01386252025887,0,0,9,18,2,191,0.0945696032279758,0.06724949562878278,152.0,183.0
F7_17.25,N15,N22,800.0,1,2400.0,2392.1830776546217,7,59,7,72,7.81692234537843,3992.1830776546217,30.63757841502593,24.81592243484807,-1,1,4.0,4.0,127,182,6.5526982425025,129.9278151735209,8.216784031130874,310.98206440859053,0,5,0,16,4,138,0.09667114996637526,0.004203093476798925,196.0,242.0
F7_16.26,N15,N22,800.0,1,2400.0,2397.2679970986237,5,56,5,63,2.732002901376177,3997.2679970986237,30.67609802701235,25.126218735929317,-1,1,41.0,41.0,122,187,8.327910632719467,35.56982513605681,8.204014768430403,287.48606078848235,0,0,1,9,2,124,0.08196032279757902,0.0068570755092011455,231.0,258.0
F7_5.31,N15,N16,800.0,1,2400.0,2394.531358480454,40,40,104,48,5.468641519546054,3994.531358480454,30.661731565752586,32.24478727496479,0,0,0.0,0.0,135,171,8.675255312424492,119.26436729232637,7.973598528747715,284.902546056338,0,0,0,9,5,192,0.05253866845998655,0.05884330867518493,228.0,205.0
F14_4.20,N15,N16,800.0,1,2400.0,2397.594166851769,38,38,100,54,2.405833148230954,3997.594166851769,30.688934147908864,32.18572133782785,-1,1,22.0,22.0,127,182,6.055323580095472,116.28250474043011,10.288049457263224,289.52000331256926,0,11,0,20,3,192,0.1050773369199731,0.06304640215198386,201.0,178.0
F7_4.27,N15,N16,800.0,1,2400.0,2393.5122392534186,32,32,93,63,6.487760746581216,3993.5122392534186,30.469278219569308,32.08261877583274,1,1,31.0,31.0,112,193,7.151511079094101,55.78630561674413,9.294671989928887,294.5011063762597,0,0,1,13,8,188,0.1050773369199731,0.05975782884825351,171.0,200.0
F7_5.33,N15,N16,800.0,1,2400.0,2395.7939434408545,32,32,92,63,4.2060565591456225,3995.7939434408545,30.45870691273655,32.071008230843816,1,1,29.0,29.0,111,194,7.466620474495447,206.06208500192793,7.914304339504698,288.2533786866409,0,0,0,8,7,187,0.06935104236718224,0.05985892734502221,172.0,213.0
F3_13.30,N15,N22,800.0,1,2400.0,2399.041940091527,14,55,14,66,0.9580599084727055,3999.041940091527,30.45597105918747,24.074936610634722,1,-1,21.0,21.0,109,154,8.31854190277171,117.9008424230376,7.6568807671251005,283.0762636798431,0,0,1,3,1,135,0.04203093476798924,0.015761600537995968,200.0,185.0
F2_15.28,N15,N22,800.0,1,2400.0,2391.0454040453888,25,58,25,56,8.95459595461125,3991.0454040453888,30.457401930283762,23.92083157671743,1,1,16.0,16.0,118,159,11.409438755375545,43.546010737705956,11.412230871942603,209.6699946792656,0,0,0,3,2,139,0.035726294552790853,0.015761600537995964,160.0,177.0
F3_11.28,N15,N22,800.0,1,2400.0,2393.3026101786354,34,68,34,54,6.697389821364595,3993.3026101786354,30.36516067603461,24.055687547495776,1,-1,11.0,11.0,122,175,8.776113404541833,600.0323819327753,9.40056619468831,276.7385300803038,0,0,0,3,3,156,0.014710827168796235,0.022066240753194355,166.0,137.0
F7_17.27,N15,N22,800.0,1,2400.0,2393.795822923312,18,55,18,71,6.204177076688325,3993.795822923312,30.506864031930384,24.00835232866926,1,-1,38.0,38.0,115,149,4.828922539416229,73.09009275531525,9.31951340192537,329.3210698733609,0,7,0,16,6,144,0.11138197713517149,0.012609280430396773,183.0,224.0
F2_14.36,N15,N22,800.0,1,2400.0,2391.5812769884615,38,74,38,57,8.418723011538418,3991.5812769884615,30.489150120562247,24.061936279020742,1,1,38.0,38.0,121,180,11.022191992354168,74.81576664361114,12.85641143205423,214.3780597212476,0,0,0,7,7,169,0.06299073734640664,0.024708571037068028,162.0,134.0
F7_19.24,N15,N22,800.0,1,2400.0,2393.7403493612155,14,57,14,70,6.259650638784365,3993.7403493612155,30.67353870215253,24.241215409650618,1,-1,6.0,6.0,127,160,7.696561814723901,117.6003893171196,6.672701223185979,291.2970088796216,0,0,0,13,5,141,0.0945696032279758,0.011558507061197043,239.0,245.0
F2_10.28,N15,N22,800.0,1,2400.0,2281.6571457849514,27,57,27,55,118.34285421504876,3881.6571457849514,30.45758270989584,23.92174066762652,1,1,13.0,13.0,121,159,12.001394647300355,200.0,12.001394647300355,210.90617069841264,0,0,0,0,0,139,0.027320107599193007,0.015761600537995968,136.0,240.0
F2_4.30,N15,N16,800.0,1,2400.0,2395.4638265089297,40,40,109,74,4.536173491070485,3995.4638265089297,30.517127590144042,31.88541784173373,1,-1,30.0,30.0,124,219,10.681161508704498,629.9554598348234,10.681161508704498,214.59923337032708,0,0,2,1,1,223,0.02942165433759247,0.049386348352387366,162.0,173.0
F7_6.31,N15,N16,800.0,1,2400.0,2396.973461403576,33,33,96,71,3.0265385964241887,3996.973461403576,30.4226145186212,31.96966748385986,1,1,2.0,2.0,114,201,8.654637729653958,51.45845767873152,8.62000709500737,283.73941340953866,0,0,0,9,7,200,0.05884330867518494,0.048127095174117195,227.0,219.0
F2_11.32,N15,N22,800.0,1,2400.0,2394.5939990505485,47,75,47,57,5.406000949451482,3994.5939990505485,30.542504718590983,24.08381713437518,1,1,14.0,14.0,134,193,12.247692252966761,44.096700259440695,11.50169881375581,214.69937839405023,0,0,0,8,8,179,0.05674176193678548,0.03152320107599193,162.0,175.0
F7_16.34,N15,N22,800.0,1,2400.0,2395.915174945023,15,57,15,61,4.084825054976932,3995.915174945023,30.441478772082572,24.04477807149808,1,-1,11.0,11.0,114,157,8.052235480532477,9.219981343567497,8.281709750677557,286.7936073566271,0,0,2,7,0,133,0.0609448554135844,0.015761600537995964,220.0,264.0
F3_13.32,N15,N22,800.0,1,2400.0,2395.4111816082295,34,66,34,54,4.588818391770474,3995.4111816082295,30.37449636435627,23.935646214750758,1,-1,20.0,20.0,123,176,7.94647871030042,304.8142555383415,7.520845730165221,275.9758554973737,0,0,0,5,1,154,0.037827841291190316,0.01996469401479489,196.0,190.0
F7_17.28,N15,N22,800.0,1,2400.0,2397.010143983787,18,60,18,60,2.989856016212684,3997.010143983787,30.424798542888137,23.96839418700703,1,-1,0.0,0.0,115,155,8.650724088194455,10.451560554108937,8.94494486615698,284.27543138617705,0,0,2,10,1,138,0.05884330867518494,0.016018441873240637,220.0,251.0
F3_13.33,N15,N22,800.0,1,2400.0,2398.5820841628497,42,74,42,58,1.4179158371503036,3998.5820841628497,30.517127590144042,24.077494643430832,-1,1,29.0,29.0,125,185,5.027787064272307,180.68180560296037,7.1376881152798015,328.2903381836891,0,4,0,4,1,174,0.035726294552790853,0.030472427706792204,232.0,148.0
F7_12.28,N15,N22,800.0,1,2400.0,2393.614039454426,32,66,32,54,6.385960545574221,3993.614039454426,30.383993255255085,23.97688325387633,1,-1,25.0,25.0,121,180,8.477804240684959,38.15466833226219,9.085741103868925,286.563971379343,0,0,0,16,7,152,0.11641312137156536,0.01996469401479489,173.0,257.0
F7_17.30,N15,N22,800.0,1,2400.0,2372.0422658101775,37,74,37,55,27.957734189822418,3972.0422658101775,30.416041772330857,24.01298231508547,0,-1,2.0,2.0,121,173,8.852227444649202,146.68040761008024,9.741756336090141,283.0224747902963,0,0,0,9,2,166,0.06935104236718224,0.023117014122394083,165.0,252.0
F3_13.34,N15,N22,800.0,1,2400.0,2398.279305607934,51,78,51,56,1.7206943920659796,3998.279305607934,30.54446723080398,24.029288967294637,-1,1,1.0,1.0,137,196,5.510303292198699,15.91540790628278,9.08163307344164,340.1893988509149,0,6,0,6,2,185,0.046234028244788165,0.030472427706792198,215.0,188.0
F11_4.15,N15,N16,800.0,1,2400.0,2393.4105863111663,44,44,114,77,6.589413688833702,3993.4105863111663,30.55005426424041,31.766044217905414,-1,1,27.0,27.0,135,226,6.5265690107447885,24.878602303202342,11.232848587699914,246.96130018052384,0,3,4,5,0,235,0.027320107599193007,0.05067758759760714,203.0,195.0
F7_18.0,N15,N16,800.0,-1,2400.0,1501.332572104497,27,27,42,2,701.2108853589641,3101.332572104497,0.0,0.0,-2,-1,27.0,27.0,41,10,10.104002453583812,11.878354468649832,9.507767112080975,239.26197598620297,0,0,0,3,3,71,0.012609280430396773,0.00840618695359785,70.0,145.0
F7_10.0,N15,N16,800.0,1,2400.0,1642.7541406669457,14,14,40,0,757.2458593330543,3242.7541406669457,0.0,0.0,-1,1,25.0,25.0,25,6,11.794732296513244,181.67692925489763,11.279565434216558,208.57927790128142,0,0,0,0,0,54,0.0609448554135844,0.0031523201075991936,113.0,148.0
F7_10.1,N15,N16,800.0,-1,2400.0,1336.4430065757524,28,28,42,2,536.437550870228,2936.4430065757524,34.7604204421892,0.0,-2,-1,3.0,3.0,45,19,10.577639594555285,68.12187516931235,9.879426032587833,240.54575641417688,0,0,0,2,2,72,0.006304640215198386,0.008406186953597848,57.0,154.0
F7_17.0,N15,N16,800.0,1,2400.0,2139.4013906272125,9,9,32,0,260.59860937278756,3739.4013906272125,0.0,0.0,1,-1,1.0,1.0,18,6,12.135663704589492,44.970861759735726,12.078151276381046,210.34593704000227,0,0,0,4,2,41,0.05043712172158709,0.0,142.0,158.0
F2_16.1,N15,N22,800.0,1,2400.0,1706.0865806122429,4,37,4,0,693.9134193877571,3306.086580612243,34.7604204421892,0.0,-1,1,8.0,8.0,44,7,0.0,87.07692241749737,0.0,222.83060522851395,0,5,0,1,1,41,0.040339029189488826,0.0010507733691997312,96.0,165.0
F2_16.2,N15,N22,800.0,-1,2400.0,1401.167997855141,6,45,6,0,601.1609788731603,3001.167997855141,36.23065331753847,0.0,-2,-1,15.0,15.0,64,12,9.73573889818357,16.913586044079693,9.73573889818357,246.5457605962294,0,0,0,1,1,51,0.004203093476798925,0.004203093476798925,61.0,166.0
F2_12.0,N15,N16,800.0,1,2400.0,2088.5807854043187,14,14,40,0,311.41921459568124,3688.5807854043187,0.0,0.0,1,1,22.0,22.0,25,6,12.906206008000753,200.0,12.906206008000753,191.31792192946853,0,0,0,0,0,54,0.03963636549196407,0.0031523201075991936,154.0,181.0
F7_18.1,N15,N16,800.0,-1,2400.0,1188.4077652170945,33,33,45,3,388.37398410765803,2788.4077652170945,36.14658660109911,0.0,-2,1,32.0,32.0,55,19,10.127177808642628,28.827015272149936,9.080371645337305,239.71532844580193,0,0,0,4,4,81,0.012609280430396773,0.012609280430396773,44.0,204.0
F7_10.2,N15,N16,800.0,1,2400.0,1751.57675350098,32,32,43,2,648.4232464990203,3351.57675350098,36.14658660109911,0.0,-1,1,37.0,37.0,52,19,13.059243187331193,144.63493008049596,7.641699328143326,207.92352956069544,0,0,0,0,0,77,0.05674176193678548,0.010507733691997312,118.0,152.0
F7_18.4,N15,N16,800.0,-1,2400.0,1257.3171553780212,45,45,48,5,457.3127980033459,2857.317155378021,35.81056382812214,37.560637936064204,-2,-1,2.0,2.0,71,29,10.137119731508696,12.449074828555524,10.335876865544051,240.30607367699764,0,0,0,8,8,98,0.025218560860793545,0.03467552118359112,43.0,150.0
F2_8.1,N15,N16,800.0,-1,2400.0,892.9486348067896,45,45,47,4,92.94606839835762,2492.9486348067894,35.85842922225805,37.560637936064204,-2,-1,7.0,7.0,72,29,10.187042714158057,370.945384612521,10.11831975137165,237.30512761033896,0,0,0,2,2,96,0.025218560860793545,0.03362474781439139,10.0,182.0
F7_10.3,N15,N16,800.0,-1,2400.0,1375.2242791800845,42,42,47,4,575.1677391297713,2975.2242791800845,35.88907662869185,37.560637936064204,-2,-1,13.0,13.0,70,27,9.621931193481227,12.259324253825667,10.436877168965704,238.56818844779903,0,0,0,14,13,93,0.037827841291190316,0.03257397444519166,56.00000000000006,153.0
F2_10.0,N15,N16,800.0,1,2400.0,2039.9008185182192,22,22,42,1,360.0991814817809,3639.9008185182192,0.0,0.0,0,0,0.0,0.0,35,10,12.22560074217649,52.05858436713288,12.527265707593351,190.36850732278754,0,0,0,3,2,65,0.037827841291190316,0.0031523201075991936,144.0,172.0
F7_18.5,N15,N16,800.0,1,2400.0,2388.71371411379,26,26,40,1,11.286285886209953,3988.71371411379,0.0,0.0,1,-1,38.0,38.0,39,10,7.294922013442085,14.11019847183843,12.057189258163914,237.0103573420216,0,3,0,7,7,67,0.07279904361941335,0.0031523201075991936,167.0,158.0
F2_17.1,N15,N16,800.0,-1,2400.0,864.2849218174108,48,48,53,5,64.2824129180791,2464.2849218174106,35.349913791273245,37.560637936064204,-2,1,31.0,31.0,76,30,10.13905346868256,75.95840593020375,9.328688131926416,238.4594203098661,0,0,0,6,6,106,0.025218560860793545,0.037827841291190316,6.999999999999943,170.0
F7_18.2,N15,N16,800.0,1,2400.0,2397.470763518898,20,20,42,1,2.5292364811018615,3997.470763518898,0.0,0.0,-1,1,5.0,5.0,33,9,6.580134323271961,328.7406415353007,9.60186282248319,231.4207234330069,0,6,0,5,5,63,0.06935104236718224,0.0031523201075991936,177.99999999999994,154.0
F2_10.1,N15,N16,800.0,1,2400.0,2396.464614437238,16,16,41,1,3.5353855627616895,3996.464614437238,0.0,0.0,1,1,13.0,13.0,29,6,12.328143573525063,42.13087114374662,12.850153267840497,191.2749181800318,0,0,0,6,4,58,0.037827841291190316,0.0031523201075991936,170.0,171.0
F7_8.1,N15,N16,800.0,1,2400.0,2235.2898936946845,27,27,42,2,164.71010630531566,3835.2898936946845,0.0,0.0,1,-1,29.0,29.0,40,10,11.153607351962782,103.04680981550041,12.429032313327088,213.1337080238537,0,0,0,2,2,71,0.07145258910558171,0.008175784056295292,168.0,158.0
F2_8.2,N15,N16,800.0,-1,2400.0,984.2849863035915,58,58,62,6,184.25982044995328,2584.2849863035917,35.50348982089283,35.53572833294917,-2,-1,28.0,28.0,90,33,9.400279986799783,34.85017973276467,9.755574076608411,245.94641598075125,0,0,0,21,16,126,0.06514794889038333,0.047284801613987903,17.0,144.0
F2_12.1,N15,N16,800.0,1,2400.0,2179.8545824836615,26,26,42,2,220.1454175163384,3779.8545824836615,0.0,0.0,-1,-1,31.0,31.0,39,10,12.592658513466418,40.59336235700653,12.199132373384886,191.32106650412652,0,0,0,6,4,70,0.03992938802958978,0.0073554135843981175,156.0,171.0
F7_19.0,N15,N16,800.0,1,2400.0,1925.7373928924708,26,26,40,1,474.2626071075293,3525.737392892471,0.0,0.0,1,-1,36.0,36.0,39,10,3.9423181516390766,279.2468767245664,1.2184840253958198,232.0333563879281,0,1,0,3,3,67,0.07355413584398117,0.004203093476798925,137.0,189.0
F2_16.6,N15,N22,800.0,1,2400.0,1754.8173649683854,10,61,10,0,645.1826350316146,3354.8173649683854,35.29521948734235,33.634320735444334,1,-1,23.0,23.0,81,22,15.173982056039712,165.3436988007112,9.379195312341489,195.64768271003035,0,0,0,0,0,71,0.05043712172158709,0.010507733691997312,77.0,138.0
F3_15.0,N15,N22,800.0,1,2400.0,2053.4587485288052,9,55,9,0,346.5412514711948,3653.4587485288052,35.88907662869185,0.0,-1,1,31.0,31.0,62,15,12.45286005471668,33.700430801450466,12.549680474570108,211.16561435232427,0,2,0,4,2,64,0.04406528226559761,0.004203093476798925,118.99999999999994,151.0
F2_16.4,N15,N22,800.0,1,2400.0,2011.3458855347822,9,50,9,0,388.65411446521773,3611.345885534782,35.92486907083276,0.0,-1,1,41.0,41.0,65,14,12.64089121018381,30.630115932231547,12.267806316016278,201.8223450371942,0,0,0,2,1,59,0.04203093476798924,0.004203093476798925,128.0,163.0
F2_17.2,N15,N16,800.0,-1,2400.0,1578.1825060753422,48,48,52,5,777.6559978013393,3178.182506075342,35.58921913096026,37.560637936064204,-2,1,35.0,35.0,76,30,9.870087485063422,132.20713663221423,9.917950640744186,238.23550051419323,0,0,0,23,20,105,0.05043712172158709,0.036777067921990585,66.0,189.0
F7_17.3,N15,N16,800.0,-1,2400.0,1278.536858246613,52,52,53,6,478.49548234824874,2878.536858246613,35.29521948734235,37.560637936064204,-2,1,21.0,21.0,82,31,9.797835159818193,38.334200301941166,9.057162033342614,241.60339146254793,0,0,0,22,19,111,0.05674176193678548,0.04220024249171316,49.0,194.0
F7_12.0,N15,N16,800.0,1,2400.0,1697.6440283109268,40,40,48,4,702.3559716890732,3297.644028310927,35.88907662869185,37.560637936064204,1,-1,16.0,16.0,67,26,11.48641019823476,9.318500702926485,11.48641019823476,206.1244417638369,0,0,0,1,1,92,0.09877269670477472,0.030472427706792198,93.0,190.0
F2_8.3,N15,N16,800.0,1,2400.0,2397.689005255276,29,29,42,2,2.3109947447243258,3997.689005255276,34.7604204421892,0.0,-1,-1,2.0,2.0,46,19,6.463925060824555,55.41779266232356,15.623335016198986,244.22725712614672,0,6,0,5,2,73,0.05223493482111768,0.009456960322797579,176.0,189.0
F2_15.2,N15,N22,800.0,1,2400.0,2298.18493896824,9,50,9,0,101.81506103175968,3898.18493896824,35.71741095090733,0.0,1,-1,1.0,1.0,66,14,12.47010645458237,79.55683868449023,12.97733907239241,190.65623132783446,0,0,0,6,2,59,0.04203093476798924,0.004203093476798925,143.99999999999994,173.0
F2_8.6,N15,N16,800.0,1,2400.0,1732.7431236233601,45,45,47,4,667.2568763766401,3332.74312362336,35.85842922225805,37.560637936064204,-1,-1,7.0,7.0,72,29,5.193255322334971,13.780910633341591,12.013119731720797,226.4373564172365,0,5,0,7,7,96,0.04833557498318763,0.03362474781439139,114.0,165.0
F2_19.2,N15,N16,800.0,1,2400.0,1901.9544978359836,39,39,53,3,498.0455021640163,3501.9544978359836,35.96346921918992,37.560637936064204,-1,-1,35.0,35.0,62,19,4.4030687246299385,223.18864840095375,13.205722179292895,206.58500721055856,0,2,0,3,3,95,0.02101546738399462,0.023497521254422782,132.00000000000006,176.0
F7_17.2,N15,N16,800.0,1,2400.0,2390.140316771604,30,30,43,2,9.85968322839608,3990.140316771604,34.7604204421892,0.0,0,-1,0.0,0.0,47,19,12.318056611675026,175.36380144647023,10.358962059972852,205.60952840585404,0,0,0,5,3,75,0.05884330867518494,0.009456960322797579,159.99999999999994,197.0
F0_12.0,N15,N16,800.0,1,2400.0,2395.7449783987504,41,41,51,3,4.255021601249609,3995.7449783987504,36.23065331753847,37.58349416642801,-1,1,16.0,16.0,63,18,7.8238469470196375,86.03510169309516,10.262900859843228,225.72146874906355,0,7,0,15,11,95,0.09877269670477472,0.018913920645595158,191.99999999999994,153.0
F2_12.2,N15,N16,800.0,-1,2400.0,1517.1182289914173,52,52,53,6,717.1022344370796,3117.1182289914173,35.29521948734235,37.560637936064204,-2,1,20.0,20.0,82,31,10.176131417360654,119.48893500929378,11.515066205158165,237.2377785212556,0,0,0,10,10,111,0.02942165433759247,0.04308170813718897,77.0,172.0
F7_17.7,N15,N16,800.0,1,2400.0,2393.415183345241,40,40,51,3,6.584816654758924,3993.415183345241,35.88907662869185,37.560637936064204,1,-1,23.0,23.0,65,24,10.475741044479543,16.540363849358073,12.944877335011356,204.82052448099884,0,0,0,10,3,94,0.08980342841315951,0.030472427706792198,156.0,153.0
F7_8.2,N15,N16,800.0,1,2400.0,2391.3672729317595,28,28,43,2,8.632727068240229,3991.3672729317595,0.0,0.0,1,-1,16.0,16.0,43,15,11.853453830753791,65.0557669424461,11.363142150085732,209.1963193338275,0,0,0,8,6,73,0.0777572293207801,0.00840618695359785,162.99999999999994,218.0
F7_19.5,N15,N16,800.0,1,2400.0,2388.445280163256,44,44,46,4,11.554719836744084,3988.445280163256,35.85842922225805,37.560637936064204,1,-1,10.0,10.0,71,27,10.934137806198573,22.787606331069128,12.693889956093058,209.2722734816487,0,0,0,12,4,94,0.0945696032279758,0.03257397444519166,159.00000000000006,143.0
F7_10.5,N15,N16,800.0,-1,2400.0,1259.060348425307,60,60,58,6,459.0559724798374,2859.060348425307,35.677295538116844,35.19067935933546,-2,-1,0.0,0.0,91,41,10.320532412214947,306.66943809282145,9.000255221075676,247.12566528485158,0,1,1,12,8,124,0.046234028244788165,0.06409717552118359,44.0,154.0
F7_10.6,N15,N16,800.0,1,2400.0,2029.8075873964485,53,53,53,5,370.19241260355165,3629.8075873964485,35.349913791273245,37.560637936064204,-1,1,25.0,25.0,82,31,6.3581954590636185,14.710057484157005,12.453610806579292,224.17301608239367,0,9,0,8,7,111,0.09877269670477472,0.04090618202127691,127.0,141.0
F7_8.3,N15,N16,800.0,1,2400.0,2292.030565002071,40,40,48,4,107.96943499792894,3892.030565002071,35.88907662869185,37.560637936064204,1,-1,17.0,17.0,67,26,10.76222750738101,356.46627219937614,13.180791421956517,205.64126168418176,0,0,0,8,1,92,0.0882649630127774,0.030472427706792198,155.0,151.0
F2_8.5,N15,N16,800.0,1,2400.0,2278.222290612033,42,42,51,3,121.7777093879672,3878.222290612033,36.23065331753847,37.64050745876092,1,1,12.0,12.0,65,16,12.293826321759987,22.240127924463195,11.392433351575136,192.59112659805282,0,0,0,4,1,96,0.0441324815063887,0.019964694014794893,162.0,177.0
F2_16.3,N15,N22,800.0,1,2400.0,2367.8499127411396,6,41,6,0,32.15008725886048,3967.8499127411396,36.14658660109911,0.0,1,-1,29.0,29.0,58,11,13.449620486227458,51.08402405651509,11.905429236221707,207.08609475795308,0,0,0,4,1,47,0.046234028244788165,0.004203093476798925,175.00000000000006,226.0
F2_16.5,N15,N22,800.0,-1,2400.0,1135.264815352393,12,68,12,1,335.23407533767465,2735.2648153523933,35.74903518373888,32.26903433645007,-2,1,17.0,17.0,90,31,9.650330110767104,82.47026344879305,9.391403246888652,240.46559935832462,0,0,0,7,6,81,0.0168123739071957,0.011558507061197043,39.0,217.0
F7_12.2,N15,N16,800.0,1,2400.0,2391.6459416032485,45,45,47,4,8.35405839675127,3991.6459416032485,35.85842922225805,37.560637936064204,1,-1,8.0,8.0,72,29,11.270636326683157,21.49224978474558,12.12387638872428,207.8570631806429,0,0,0,9,6,96,0.0942652692755967,0.032643900468380754,160.99999999999994,199.0
F7_18.7,N15,N16,800.0,1,2400.0,2282.8370470818327,45,45,47,5,117.16295291816743,3882.8370470818327,35.85842922225805,37.560637936064204,1,-1,6.0,6.0,72,29,11.117820381859833,103.02165922727522,12.876868426906803,208.00731772428136,0,0,0,8,3,97,0.09240681085162057,0.03362474781439139,163.0,197.0
F7_10.7,N15,N16,800.0,1,2400.0,2399.6106824781223,47,47,50,5,0.3893175218777287,3999.6106824781223,35.657738669259764,37.560637936064204,-1,1,41.0,41.0,74,30,10.214739809151414,11.029327052901635,9.218836629106713,208.13729393530056,0,0,0,12,10,102,0.09246805648957633,0.03467552118359112,159.0,197.0
F7_8.4,N15,N16,800.0,1,2400.0,2399.5718101273587,46,46,49,5,0.4281898726412692,3999.5718101273587,35.77655657517972,37.560637936064204,0,-1,1.0,1.0,73,30,10.643861182291959,12.071937510943371,9.057232678856128,206.8158645098776,0,0,0,12,9,100,0.0945696032279758,0.03467552118359112,166.99999999999994,194.0
F1_8.1,N15,N16,800.0,1,2400.0,2394.3486475459126,47,47,53,5,5.651352454087373,3994.3486475459126,35.349913791273245,37.560637936064204,-1,1,32.0,32.0,75,30,8.838049104790489,35.704554966323485,11.555649132081575,218.59561925505284,0,4,0,15,6,105,0.09246805648957633,0.037827841291190316,148.0,204.0
F7_19.2,N15,N16,800.0,1,2400.0,1612.3703303019465,48,48,52,5,787.6296696980537,3212.3703303019465,35.58921913096026,37.560637936064204,-1,1,35.0,35.0,76,30,0.0,25.723437551297586,11.97853949555016,214.64451605187847,0,2,0,0,0,105,0.09667114996637526,0.036777067921990585,134.00000000000006,215.0
F7_19.1,N15,N16,800.0,-1,2400.0,1588.0364644310257,58,58,61,5,787.1049764632826,3188.0364644310257,35.50348982089283,36.05155519196704,-2,-1,33.0,33.0,90,35,9.429332402637248,9.228628554815195,7.186212901758446,244.14266269187976,0,0,0,30,26,124,0.06370559836112447,0.04446207961095901,93.0,211.0
F1_8.0,N15,N16,800.0,1,2400.0,1809.7510540520216,58,58,62,6,590.2489459479784,3409.7510540520216,35.50348982089283,35.302068786388766,1,-1,26.0,26.0,91,32,6.76772389307892,31.507392544590402,12.456115692915937,214.71773829912027,0,0,0,7,2,126,0.09246805648957633,0.048335574983187635,103.0,198.0
F7_12.1,N15,N16,800.0,1,2400.0,2173.597305949356,46,46,51,5,226.4026940506443,3773.597305949356,35.537916908186546,37.560637936064204,-1,1,39.0,39.0,73,30,9.477485250322806,23.668272987422142,11.310232295327403,205.55236635328384,0,1,0,6,4,102,0.0945696032279758,0.03467552118359112,149.0,211.0
F2_8.7,N15,N16,800.0,1,2400.0,1984.266281845461,56,56,55,6,415.73371815453896,3584.266281845461,35.19303317572598,36.05155519196704,1,1,9.0,9.0,88,31,13.729340106547728,41.79955088978704,13.729340106547728,195.84140050053514,0,0,0,1,0,117,0.05043712172158709,0.04308170813718897,143.0,190.0
F1_17.1,N15,N16,800.0,-1,2400.0,1509.6765495988207,59,59,57,6,709.5441172016627,3109.6765495988207,35.63306944100154,35.19067935933546,-2,-1,3.0,3.0,92,40,9.273672989755205,19.802196315823437,8.00512905597254,245.36662043811154,0,1,1,35,27,122,0.07985877605917956,0.061995628782784126,78.0,200.0
F2_8.8,N15,N16,800.0,1,2400.0,2386.778148522582,56,56,56,6,13.221851477418113,3986.778148522582,35.29521948734235,36.05155519196704,1,1,11.0,11.0,88,30,12.167883939086087,38.518003746819204,11.231527119008168,195.15621731603503,0,0,0,6,4,118,0.04833557498318763,0.04308170813718897,160.0,172.0
F7_8.5,N15,N16,800.0,1,2400.0,2288.598656306905,59,59,56,5,111.40134369309499,3888.598656306905,35.11210167460081,36.05155519196704,-1,0,0.0,0.0,91,33,6.996955596435415,44.64587666732382,12.304662067164346,236.41495316476107,0,14,0,19,9,120,0.09877269670477472,0.04098016139878951,172.0,161.0
F7_17.6,N15,N16,800.0,-1,2400.0,1480.973712685885,59,59,56,6,680.8719202827342,3080.973712685885,35.66554256495871,35.19067935933546,-2,-1,5.0,5.0,92,38,9.327011383522171,19.72983205440005,10.052409830959483,245.93079430660484,0,1,1,34,27,121,0.07985877605917956,0.060944855413584395,77.0,199.0
F2_10.5,N15,N16,800.0,1,2400.0,1642.134464663818,65,65,61,6,757.865535336182,3242.134464663818,35.6388681534353,35.68114539136869,1,1,38.0,38.0,99,40,2.466887316151767,1.8274695881323169,1.2141911685936364,214.7149036389128,0,0,0,2,2,132,0.05318495562543018,0.06416471001965118,95.0,187.0
F2_10.3,N15,N16,800.0,1,2400.0,2397.3132072750286,52,52,53,6,2.686792724971383,3997.3132072750286,35.29521948734235,37.560637936064204,1,1,21.0,21.0,82,31,13.072034487961341,26.35074978139187,11.838147912365494,194.534739474069,0,0,0,6,2,111,0.05253866845998655,0.04220024249171316,172.0,184.0
F7_17.1,N15,N16,800.0,1,2400.0,2115.2899949096777,40,40,51,4,284.7100050903224,3715.2899949096777,35.82183396652044,37.64050745876092,-1,0,1.0,1.0,65,18,7.573721167772507,17.67335631130618,11.106295766458757,232.27024506406502,0,10,0,12,9,95,0.10297579018157364,0.01996469401479489,200.99999999999994,216.99999999999994
F2_18.2,N15,N16,800.0,1,2400.0,2197.4050478491217,58,58,61,5,202.59495215087816,3797.4050478491217,35.50348982089283,36.05155519196704,-1,-1,31.0,31.0,90,35,11.533813879156792,28.604059726474134,12.290244967831194,200.4448479676283,0,0,0,8,4,124,0.05674176193678548,0.04528829904411768,146.0,186.0
F7_18.9,N15,N16,800.0,1,2400.0,2133.682218814815,59,59,61,6,266.31778118518514,3733.682218814815,35.74903518373888,35.274372072281,1,-1,16.0,16.0,90,34,11.289986958625205,14.30785916486525,11.831146173948095,208.40845152350556,0,0,0,14,8,126,0.08256094556010304,0.053589441829186284,170.0,208.0
F7_8.6,N15,N16,800.0,1,2400.0,2391.482529362743,66,66,61,6,8.517470637256679,3991.482529362743,35.677295538116844,35.19067935933546,-1,1,39.0,39.0,100,41,11.859558250431121,13.625738099476393,10.773121282291717,207.96531953396658,0,0,0,18,10,133,0.0882649630127774,0.06409717552118359,168.0,190.0
F7_10.9,N15,N16,800.0,1,2400.0,2118.9537009313485,59,59,56,5,281.04629906865136,3718.9537009313485,35.11210167460081,36.05155519196704,-1,0,0.0,0.0,91,33,6.479548104744305,10.935177936830087,10.536793388081238,236.41495316476107,0,14,0,17,7,120,0.09877269670477472,0.04098016139878951,183.0,225.0
F1_19.1,N15,N16,800.0,1,2400.0,2380.6625041764555,59,59,57,6,19.33749582354426,3980.6625041764555,35.11210167460081,36.05155519196704,-1,0,2.0,2.0,89,31,7.8092877156467795,30.88456957919334,12.985655578774669,234.31313999089232,0,13,0,20,9,122,0.09586625627110829,0.04098016139878951,216.0,205.0
F1_10.0,N15,N16,800.0,1,2400.0,2073.1299214681403,58,58,62,6,326.8700785318599,3673.1299214681403,35.542247118478635,35.34568948723947,1,-1,22.0,22.0,91,31,10.17640275702558,36.31021581648406,12.09963291107402,208.01249304781234,0,0,0,12,12,126,0.11978816408876934,0.05043712172158709,174.0,218.0
F7_10.12,N15,N16,800.0,1,2400.0,2390.013337046806,66,66,61,6,9.986662953194013,3990.013337046806,35.674675592937994,35.68114539136869,-1,1,37.0,37.0,100,41,10.056357542646237,12.86632098499058,10.127298130137474,213.22516130727712,0,1,0,17,15,133,0.0945696032279758,0.06514794889038332,214.0,161.0000000000001
F7_12.4,N15,N16,800.0,1,2400.0,2394.5633321562414,59,59,56,6,5.436667843758528,3994.5633321562414,35.188336378331016,36.05155519196704,1,-1,40.0,40.0,91,33,7.848326079817549,12.091316083229913,10.782543299438368,237.82136271774004,0,11,0,25,23,121,0.12008072187900543,0.04098016139878951,216.0,218.0
F2_15.5,N15,N22,800.0,1,2400.0,2389.9943237755288,12,78,12,1,10.005676224471017,3989.9943237755288,35.65464703136063,32.707752436936886,1,-1,12.0,12.0,109,34,12.51278591009019,18.006494290246792,10.58596869832582,200.3765032568643,0,0,1,8,4,91,0.05884330867518494,0.016812373907195696,164.0,221.9999999999999
F0_19.0,N15,N16,800.0,1,2400.0,1731.9177596899267,62,62,60,6,668.0822403100732,3331.9177596899267,35.677295538116844,35.19067935933546,0,-1,1.0,1.0,93,41,9.486496404074078,11.16997149866529,9.211645947704458,205.5651742451422,0,0,1,2,2,128,0.0945696032279758,0.06514794889038332,167.0,261.0
F2_10.4,N15,N16,800.0,1,2400.0,2399.336310212714,60,60,62,6,0.6636897872857617,3999.336310212714,35.63955230645064,35.33252841266727,-1,-1,20.0,20.0,92,32,7.362677777333213,319.74644763271795,11.430763051746554,215.57137850974306,0,2,0,5,1,128,0.054640215198386015,0.05148789509078682,219.0,260.0
F2_19.7,N15,N16,800.0,1,2400.0,2390.334252398149,70,70,70,6,9.66574760185074,3990.334252398149,35.63036903012524,35.73059061223647,1,1,9.0,9.0,109,45,12.561162916817395,28.792566403759793,11.931089563678912,197.96390194516422,0,0,0,9,4,146,0.05884330867518494,0.07040181573638198,177.0,266.0
F3_13.25,N15,N22,800.0,1,2400.0,2391.1124828140814,104,129,104,5,8.887517185918568,3991.1124828140814,30.5305740706762,32.52765840556171,1,1,8.0,8.0,316,129,11.976693322115377,145.69056052973679,12.783962592689953,195.7302776905464,0,0,0,14,1,238,0.07355413584398117,0.08650321487195695,236.0,207.99999999999977
F3_11.14,N15,N22,800.0,1,2400.0,2397.953384153751,122,129,122,2,2.046615846248983,3997.953384153751,30.168059788664028,32.40315609276579,1,1,6.0,6.0,329,120,12.148879878692304,20.542462128460556,11.610194518486665,202.62705709088945,0,0,0,7,0,253,0.0609448554135844,0.09562037659717552,423.0,192.0
F3_15.18,N15,N22,800.0,1,2400.0,2390.626316787356,122,129,122,2,9.373683212644323,3990.626316787356,30.120097889991317,32.404797152393385,-1,-1,39.0,39.0,330,130,8.827500528464341,84.16493222247163,13.128843090418295,205.56934102841453,0,1,0,11,10,253,0.054640215198386015,0.10087424344317418,425.9999999999998,193.0
F3_13.26,N15,N22,800.0,1,2400.0,2389.631680796947,123,130,123,2,10.36831920305292,3989.631680796947,29.995041538897315,32.404797152393385,-1,-1,35.0,35.0,328,132,10.77215816424806,34.66105221001294,13.623176672777511,207.8267949299522,0,4,0,9,0,255,0.0672494956287828,0.10297579018157364,427.0,246.0
F3_15.23,N15,N22,800.0,1,2400.0,2399.4809235352964,123,130,123,2,0.519076464703744,3999.4809235352964,29.995041538897315,32.404797152393385,-1,-1,35.0,35.0,328,132,9.622578124090918,30.89247000684327,12.762949051659538,207.8267949299522,0,4,0,14,13,255,0.0609448554135844,0.10297579018157364,429.0,251.0
F3_14.23,N15,N22,800.0,1,2400.0,2392.2096284003765,124,130,124,2,7.7903715996235405,3992.2096284003765,30.168886760894452,32.40315609276579,1,1,1.0,1.0,333,125,8.952880308960282,52.53387278604214,12.871407919970817,201.55864636379135,0,0,0,10,9,256,0.05678001614313931,0.09877269670477472,427.0,270.0
F3_15.17,N15,N22,800.0,1,2400.0,2399.5985171710768,122,130,122,2,0.4014828289231218,3999.5985171710768,30.110154745401474,32.404797152393385,-1,-1,38.0,38.0,331,132,9.350646772663435,14.327997022085583,12.855778472042552,205.69627988657106,0,2,0,12,11,254,0.05674176193678548,0.10087424344317418,427.0000000000002,266.0
F3_11.16,N15,N22,800.0,1,2400.0,2388.0583126622373,123,141,123,2,11.941687337762687,3988.0583126622373,29.900181595335365,32.39561871733354,-1,-1,17.0,17.0,329,139,9.401189078444546,142.56599322776947,13.14002408826406,216.93279447276328,0,6,12,18,17,266,0.07565568258238063,0.11138197713517149,470.0,278.0
F3_13.33,N15,N22,800.0,1,2400.0,2395.5174149183454,131,144,131,3,4.482585081654747,3995.5174149183454,29.311370619257506,32.2521052330675,-1,-1,41.0,41.0,329,153,11.336104227352203,38.216895765962136,13.190923979573412,241.87131298634003,0,12,1,7,0,278,0.07985877605917956,0.10297579018157364,488.0,282.0
F3_15.19,N15,N22,800.0,1,2400.0,2393.423364882821,130,144,130,3,6.576635117179308,3993.423364882821,29.34980598165026,32.2521052330675,0,0,0.0,0.0,329,152,2.7200456231471355,368.6398481199301,12.630667645195288,238.99229301276335,0,13,1,18,17,277,0.08616341627437794,0.10297579018157364,500.9999999999998,280.0
F3_13.27,N15,N22,800.0,1,2400.0,2391.3328322146563,133,145,133,3,8.66716778534385,3991.3328322146563,29.311370619257506,32.2521052330675,-1,-1,40.0,40.0,332,155,2.236337706184873,14.499476476770269,12.045006703421505,244.7774261351203,0,11,1,18,18,281,0.08406186953597848,0.10346767146783144,525.0000000000002,265.0
F3_15.21,N15,N22,800.0,1,2400.0,2399.926030980897,135,148,135,3,0.07396901910328779,3999.926030980897,29.314074560522492,32.2521052330675,-1,-1,37.0,37.0,333,159,3.0879995333135466,13.858477947868323,11.88782756290809,245.01582992726244,0,11,4,20,20,286,0.08616341627437794,0.1050773369199731,582.9999999999998,289.0
F3_14.27,N15,N22,800.0,1,2400.0,2397.9732506925784,129,154,129,3,2.02674930742171,3997.9732506925784,29.162904178598033,32.240047438375875,-1,-1,22.0,22.0,334,174,3.9193773075834333,159.71560816806846,13.585436689957024,235.88258642658553,0,13,4,23,22,286,0.09877269670477472,0.11243275050437124,570.0,296.0
F3_15.20,N15,N22,800.0,1,2400.0,2390.4553997677413,134,146,134,3,9.544600232258858,3990.4553997677413,29.318249789012874,32.2521052330675,-1,-1,38.0,38.0,333,159,2.5764497333751546,15.474404355811203,11.837322591878452,245.33608938006023,0,12,3,19,19,283,0.08406186953597848,0.10402656355077337,584.0,290.0
F3_13.34,N15,N22,800.0,1,2400.0,2394.480725221976,124,161,124,3,5.5192747780236004,3994.480725221976,28.99030451330134,32.21503171442176,-1,-1,9.0,9.0,329,172,3.801077478297048,43.83076325415891,12.750171290595569,247.17663294322665,0,19,12,24,23,288,0.1050773369199731,0.11873739071956962,560.0000000000002,301.0
F3_13.28,N15,N22,800.0,1,2400.0,2397.187595529254,132,160,132,5,2.812404470745946,3997.187595529254,28.776976748494548,32.15018188783845,1,1,20.0,20.0,334,166,3.79381811644214,36.4090124034733,12.63241441777596,261.0719842936186,0,14,0,30,28,297,0.11562336152446713,0.10828025902745839,561.0000000000002,335.0
F3_13.36,N15,N22,800.0,1,2400.0,2397.029983658167,137,159,137,5,2.970016341833116,3997.029983658167,28.796957075106683,32.14907041075336,1,1,15.0,15.0,337,173,3.7902475306930965,67.08320292224653,13.303174830263641,262.7476426690423,0,14,3,31,29,301,0.11352181478606767,0.10722149726099761,624.0,296.0
F3_14.28,N15,N22,800.0,1,2400.0,2398.261606175853,124,163,124,3,1.7383938241467831,3998.261606175853,28.935232806277128,32.1921765209723,-1,-1,3.0,3.0,329,166,4.051131514784718,72.63488598486038,12.299099764004252,253.38895384005517,0,21,17,25,24,290,0.1050773369199731,0.12188971082716882,577.0,445.0
F3_14.31,N15,N22,800.0,1,2400.0,2388.733872315096,137,158,137,4,11.266127684904063,3988.733872315096,28.610546313045692,32.09043234440074,-1,-1,24.0,24.0,336,181,2.4347375161539335,25.93072638312833,12.656144916565573,283.26339553410406,0,25,18,33,31,299,0.1387020847343645,0.1082296570275723,620.0000000000002,329.0
F3_13.35,N15,N22,800.0,1,2400.0,2394.7518117942723,137,160,137,4,5.248188205727729,3994.7518117942723,28.58010062226328,32.09043234440074,-1,-1,18.0,18.0,338,182,2.2368473251912526,12.077449835451944,9.884248869177162,285.11780375332086,0,27,19,34,33,301,0.14710827168796234,0.10928043039677203,685.0,372.0
F3_11.19,N15,N22,800.0,1,2400.0,2395.286703528378,138,160,138,4,4.713296471621902,3995.286703528378,28.610546313045692,32.09043234440074,-1,-1,20.0,20.0,339,182,2.451327980117789,46.91562551289371,12.601207731737905,280.7626702922541,0,26,19,33,32,302,0.14290517821116341,0.10928043039677203,620.9999999999998,428.0
F3_15.26,N15,N22,800.0,1,2400.0,2390.8050038395213,134,163,134,6,9.194996160478695,3990.8050038395213,28.462742393000948,32.05616096482365,-1,-1,1.0,1.0,329,190,1.904331152711949,33.12181365302604,11.703430534158372,319.68304646807434,0,41,26,36,36,303,0.1597175521183591,0.1176866173503699,680.9999999999998,349.0
F3_14.25,N15,N22,800.0,1,2400.0,2388.623685293098,134,163,134,6,11.376314706902235,3988.623685293098,28.420343312395524,32.04838747599435,-1,-1,2.0,2.0,328,193,2.051664974873153,11.672707016284221,10.344859357530416,317.8077672196524,0,43,27,37,37,303,0.16181909885675858,0.11873739071956962,736.0,380.0
F3_14.32,N15,N22,800.0,1,2400.0,2392.322206037768,150,158,150,6,7.677793962232158,3992.322206037768,28.23273518605507,31.887231243960688,1,1,22.0,22.0,342,191,3.8251497356743305,30.34308795726679,11.30719272270488,272.8895541193316,0,21,1,43,42,314,0.16185736379128648,0.10509750992668601,736.9999999999998,427.0
F3_11.15,N15,N22,800.0,1,2400.0,2398.196542215688,157,156,157,6,1.8034577843120587,3998.196542215688,28.220106624583586,31.84110486641038,1,1,16.0,16.0,349,183,3.994418497129299,19.21069727095096,10.242785176890417,269.9452831028561,0,17,2,45,44,319,0.16186006555352042,0.10612811028917284,735.9999999999998,446.0
F3_15.29,N15,N22,800.0,1,2400.0,2393.9383920199843,176,151,176,5,6.061607980015765,3993.9383920199843,28.092389275777983,31.7913382094816,-1,-1,41.0,41.0,368,184,4.071184576308435,13.091908733501441,10.768338089033408,281.609531228047,0,16,4,56,54,332,0.18073301950235374,0.10192501681237391,888.9999999999998,425.0
F9_4.60,N15,N16,800.0,1,2400.0,2398.2328717243845,49,49,238,206,1.7671282756156188,3998.2328717243845,19.93355407647031,24.515449505339543,1,1,24.0,24.0,489,612,9.687770115520713,42.093311091552096,10.486823453726805,410.2723510661936,0,28,3,9,1,493,0.0777572293207801,0.07357327336205594,171.0,190.0
F7_6.1,N15,N16,800.0,1,2400.0,1764.283338196522,12,12,57,3,635.716661803478,3364.283338196522,0.0,0.0,-1,0,2.0,2.0,25,12,0.0,145.31218631929323,0.0,205.7603817795497,0,1,0,1,1,72,0.06514794889038333,0.0,84.0,155.0
F7_10.1,N15,N16,800.0,-1,2400.0,1046.513782252524,15,15,64,10,246.4867305578565,2646.513782252524,43.63636363636364,0.0,-2,1,19.0,19.0,44,29,12.258577774430996,84.20534296494816,11.122552316828072,219.617940388693,0,0,0,2,2,89,0.0168123739071957,0.011558507061197043,22.0,151.0
F7_12.1,N15,N16,800.0,1,2400.0,1853.8835351318348,12,12,57,3,546.1164648681654,3453.883535131835,0.0,0.0,-1,0,1.0,1.0,25,12,8.849263828795747,45.56756747488589,13.367982351532154,205.10824327621174,0,1,0,3,3,72,0.06514794889038333,0.0,94.0,146.0
F7_5.1,N15,N16,800.0,1,2400.0,2396.5437969674813,10,10,46,2,3.4562030325186015,3996.5437969674813,0.0,0.0,-1,1,24.0,24.0,19,11,12.834351196037954,40.11358161935732,12.021758299161291,198.68627358713178,0,0,0,2,1,58,0.0336247478143914,0.0,143.0,147.0
F2_14.0,N15,N22,800.0,1,2400.0,2100.336122792893,9,65,9,0,299.6638772071071,3700.336122792893,0.0,0.0,1,-1,30.0,30.0,15,9,13.177479195462706,200.0,13.177479195462706,195.0378347254092,0,0,0,0,0,74,0.035726294552790853,0.0,152.0,150.0
F2_15.1,N15,N22,800.0,-1,2400.0,887.4954436882238,40,81,40,0,87.4724490100067,2487.4954436882235,42.62651789013199,43.12814927573291,-2,1,17.0,17.0,69,40,11.850411402501562,14.174134394532302,12.089312002220334,216.94089471106497,0,0,0,3,3,121,0.023117014122394083,0.015761600537995968,8.0,149.0
F7_8.0,N15,N16,800.0,-1,2400.0,1502.2367342908838,13,13,61,7,702.1139717343102,3102.2367342908838,0.0,0.0,-2,1,38.0,38.0,31,28,11.030486607980729,12.591499867784435,10.550226083737163,217.35084522297655,0,0,0,6,6,81,0.0168123739071957,0.011558507061197043,69.0,150.0
F2_18.1,N15,N22,800.0,1,2400.0,1620.2987240384532,13,66,13,0,779.7012759615468,3220.298724038453,0.0,0.0,-1,1,32.0,32.0,26,14,0.0003981184109629661,0.8220227865608649,0.0003981184109629661,213.50525842461406,0,2,0,1,1,79,0.04203093476798924,0.0,111.0,163.0
F2_17.2,N15,N22,800.0,1,2400.0,2199.7178689101784,10,57,10,0,200.28213108982152,3799.7178689101784,0.0,0.0,1,-1,20.0,20.0,21,9,12.900476359259065,90.93350262763124,12.411605924945633,196.0512749403863,0,0,0,3,3,67,0.035726294552790853,0.0,147.0,160.0
F2_16.0,N15,N22,800.0,-1,2400.0,1097.116542000103,38,71,38,0,297.11332198033995,2697.116542000103,44.117298289755624,42.568754712059025,-2,1,40.0,40.0,64,36,11.839031552985356,200.0,11.839031552985356,214.63415178844033,0,0,0,0,0,109,0.01050773369199731,0.012609280430396773,26.0,170.0
F2_17.1,N15,N22,800.0,-1,2400.0,911.0753064624939,39,78,39,0,111.07270043130279,2511.075306462494,43.77171451153601,43.12814927573291,-2,1,20.0,20.0,69,39,11.632257094067567,40.23915071166232,11.632257094067567,220.15895260136818,0,0,0,1,1,117,0.00840618695359785,0.015761600537995968,10.0,171.0
F7_18.1,N15,N22,800.0,-1,2400.0,1455.2227379263009,40,80,40,0,655.2133294920579,3055.222737926301,42.62651789013199,43.12814927573291,-2,1,18.0,18.0,69,39,11.233863772832661,537.753720765244,10.830493778424483,221.35657351688414,0,0,0,3,3,120,0.00840618695359785,0.015761600537995968,55.0,140.0
F2_17.3,N15,N22,800.0,1,2400.0,2331.871065729406,12,59,12,0,68.12893427059385,3931.871065729406,0.0,0.0,0,-1,1.0,1.0,25,11,13.060188445284275,510.72314707969144,13.065679568821192,190.09954957278043,0,0,0,3,3,71,0.0168123739071957,0.0,140.0,167.0
F2_15.0,N15,N22,800.0,-1,2400.0,1508.7209173255824,25,64,25,0,708.7063411401556,3108.7209173255824,43.63636363636364,43.957770701904735,-2,-1,20.0,20.0,43,36,11.098397795186788,10.273349290290412,10.92507065808364,216.758466475358,0,0,0,5,5,89,0.012609280430396773,0.012609280430396773,76.0,165.0
F7_5.0,N15,N16,800.0,-1,2400.0,1142.7798559341647,19,19,57,11,342.74873155810604,2742.7798559341645,44.23753195310361,37.72604181710093,-2,1,0.0,0.0,60,25,11.073765139750444,22.713685774823034,10.364163903977536,217.21662747757915,0,0,0,7,7,87,0.0168123739071957,0.011558507061197043,33.0,199.0
F7_5.2,N15,N16,800.0,1,2400.0,1754.2579405041288,13,13,62,5,645.7420594958711,3354.257940504129,0.0,0.0,1,-1,10.0,10.0,27,25,12.06891304951747,71.63428097695032,11.874899656762366,200.9174698844668,0,0,0,2,2,80,0.046234028244788165,0.005253866845998656,136.00000000000006,161.0
F7_8.1,N15,N16,800.0,1,2400.0,2366.186333630254,14,14,64,9,33.8136663697461,3966.186333630254,0.0,0.0,-1,1,34.0,34.0,33,29,9.9490084520897,115.77597592682173,12.414366193530856,203.80052162503398,0,1,0,5,2,87,0.06935104236718224,0.011558507061197043,123.99999999999994,159.0
F9_8.0,N15,N16,800.0,1,2400.0,2399.0525945074983,19,19,55,11,0.9474054925016162,3999.0525945074983,43.86526570125102,37.72604181710093,1,1,4.0,4.0,55,25,12.56403269609636,200.0,12.56403269609636,193.06754435144163,0,0,0,0,0,85,0.014710827168796235,0.011558507061197043,124.00000000000006,134.0
F7_8.4,N15,N16,800.0,-1,2400.0,1042.5308901927879,33,33,67,11,242.5278994122683,2642.530890192788,38.69986137010692,38.53151703806594,-2,1,1.0,1.0,83,46,11.162375092925402,820.6584276714312,10.929390839617662,208.32300388538573,0,0,0,4,3,111,0.01050773369199731,0.021015467383994624,21.0,139.0
F7_10.3,N15,N16,800.0,-1,2400.0,1538.5654277926183,28,28,65,13,738.3732853989086,3138.5654277926183,38.58894527097579,37.72312758094442,-2,1,38.0,38.0,66,35,11.263529685535499,80.50496968566438,11.131960071820245,211.6137920477693,0,0,0,11,10,106,0.025218560860793545,0.017863147276395427,67.00000000000006,145.0
F7_15.2,N15,N22,800.0,1,2400.0,1911.162759778471,30,63,30,0,488.8372402215291,3511.162759778471,43.63636363636364,43.12747422509526,-1,-1,10.0,10.0,53,35,7.647679376235254,158.280703043019,13.505367700471117,198.82740566891266,0,1,0,3,1,93,0.08406186953597848,0.012609280430396773,96.99999999999994,185.0
F7_15.3,N15,N22,800.0,-1,2400.0,1395.9810011577783,32,77,32,0,595.9192991378675,2995.9810011577783,38.53488847763967,43.12814927573291,-2,0,2.0,2.0,61,52,10.527316114121126,117.52405297641161,8.054551158006035,221.40700988194246,0,0,0,12,12,109,0.031523201075991936,0.021015467383994624,54.0,175.0
F2_18.5,N15,N22,800.0,-1,2400.0,1277.5276504603703,44,75,44,0,477.5230650427711,2877.5276504603703,38.54114976800475,41.81748462071703,-2,-1,7.0,7.0,82,70,11.603137681525038,13.615651672227102,11.352655498200662,221.07912475083026,0,0,0,5,5,119,0.0168123739071957,0.0336247478143914,43.0,172.0
F2_19.0,N15,N22,800.0,1,2400.0,2392.579406103155,16,71,16,0,7.420593896844821,3992.579406103155,0.0,45.96596157187668,1,-1,40.0,40.0,31,30,4.92820430010329,528.5303235790523,9.807899251391373,244.91570382033817,0,5,0,7,6,87,0.047019728629064006,0.0010507733691997312,160.0,181.0
F2_16.1,N15,N22,800.0,1,2400.0,2388.3144651122716,23,67,23,0,11.685534887728409,3988.3144651122716,0.0,44.520753413714246,1,-1,24.0,24.0,41,37,13.264271423839563,200.0,13.264271423839563,196.69461934228855,0,0,0,0,0,90,0.023117014122394083,0.012609280430396773,149.0,186.0
F9_6.0,N15,N16,800.0,1,2400.0,2178.066852568346,23,23,62,12,221.933147431654,3778.066852568346,39.34731043699991,37.72312758094442,-1,-1,9.0,9.0,62,27,12.988725838656368,65.48708649200967,12.395123377086124,193.11036464244978,0,0,0,2,2,97,0.014710827168796235,0.014710827168796233,108.99999999999994,180.0
F7_5.4,N15,N16,800.0,1,2400.0,2397.0191678800065,19,19,58,11,2.9808321199933516,3997.0191678800065,43.63636363636364,38.684636118598384,-1,1,13.0,13.0,52,27,11.213325778122202,15.478823985022018,11.096630973474008,199.5877115798872,0,1,0,12,5,88,0.07985877605917956,0.011558507061197043,177.99999999999994,160.0
F7_8.3,N15,N16,800.0,1,2400.0,1801.404600328733,22,22,60,12,598.5953996712672,3401.404600328733,40.46074970831382,37.72312758094442,1,-1,12.0,12.0,64,26,12.107011445151718,22.1854074880016,12.366714667654684,199.97120789739327,0,0,0,4,1,94,0.09667114996637526,0.014710827168796235,134.99999999999994,156.0
F9_5.0,N15,N16,800.0,1,2400.0,2394.094652410279,25,25,58,12,5.905347589721032,3994.094652410279,43.77171451153601,38.21809852266497,-1,-1,32.0,32.0,67,26,13.716775262823463,210.2239924867563,13.716775262823463,190.9934529894286,0,0,0,1,1,95,0.014710827168796235,0.013660053799596504,129.0,190.0
F7_6.3,N15,N16,800.0,1,2400.0,1974.5832230835003,23,23,62,12,425.41677691649966,3574.5832230835003,39.161348746055474,37.72312758094442,1,-1,6.0,6.0,61,28,12.406493214572905,177.66724736827769,11.349866464295557,198.71189147144213,0,0,0,3,3,97,0.0609448554135844,0.014710827168796233,140.0,150.0
F7_5.3,N15,N16,800.0,1,2400.0,2398.22777509117,20,20,54,11,1.7722249088302533,3998.22777509117,43.63636363636364,38.94044234390577,-1,1,6.0,6.0,55,26,11.40438981119269,72.7185209492643,11.444780880949716,199.1055998178096,0,1,0,14,7,85,0.09036650975117687,0.011558507061197043,184.0,153.0
F7_16.0,N15,N22,800.0,1,2400.0,2389.9961830044303,19,69,19,0,10.003816995569764,3989.9961830044303,0.0,44.520753413714246,-1,-1,31.0,31.0,36,35,10.958343180321377,19.743007851876882,12.291820419245928,202.93839132801048,0,1,0,7,4,88,0.07565568258238063,0.008675537876528179,150.0,210.0
F1_10.1,N15,N16,800.0,1,2400.0,2399.539527533532,24,24,58,12,0.46047246646821804,3999.539527533532,43.77171451153601,37.72604181710093,1,-1,37.0,37.0,66,27,12.255831202011827,11.499572730610907,10.940663302809781,196.17455199106942,0,0,0,12,6,94,0.05253866845998655,0.013181865891849652,182.0,147.0
F3_14.0,N15,N22,800.0,1,2400.0,1613.649572397238,45,80,45,0,786.3504276027618,3213.649572397238,39.35030703159833,41.06654627824345,1,1,25.0,25.0,86,79,10.710070086037613,21.3093801033015,8.84610022291619,205.08513576613976,0,0,0,0,0,125,0.00840618695359785,0.03992938802958978,94.0,155.0
F2_15.4,N15,N22,800.0,1,2400.0,2273.055827302778,37,73,37,0,126.9441726972218,3873.055827302778,38.496195311478225,42.165020103816,1,-1,31.0,31.0,69,62,11.555919501600641,53.55157236442642,12.440326605090274,210.23537652854998,0,0,0,5,4,110,0.046234028244788165,0.02664784735581746,164.0,146.0
F7_8.5,N15,N16,800.0,1,2400.0,1937.952392912876,25,25,66,13,462.047607087124,3537.952392912876,38.53488847763967,37.72312758094442,0,-1,0.0,0.0,63,31,11.332434727438649,13.474494146347297,10.609295363639362,199.37087220710075,0,0,0,4,4,104,0.06935104236718224,0.017863147276395427,141.0,172.0
F2_15.2,N15,N22,800.0,1,2400.0,1666.638834850758,40,73,40,0,733.3611651492421,3266.638834850758,38.496195311478225,42.165020103816,1,-1,24.0,24.0,74,63,10.793927684637822,78.68254176090413,10.062635366238288,211.33186333974112,0,0,0,0,0,113,0.03992938802958978,0.03152320107599193,90.0,205.0
F2_14.2,N15,N22,800.0,1,2400.0,2353.4761365782415,38,70,38,0,46.52386342175862,3953.4761365782415,43.77171451153601,42.568754712059025,-1,1,38.0,38.0,65,36,11.786868067094964,27.597421292874515,11.24417883334878,198.0006159865462,0,0,0,9,7,108,0.037827841291190316,0.012609280430396773,163.0,194.0
F2_13.0,N15,N22,800.0,-1,2400.0,1585.693120798443,44,84,44,1,784.904802563647,3185.693120798443,39.51713429967777,36.17907332353929,-2,-1,33.0,33.0,88,93,10.43212384079187,13.221001399401544,10.704877135480173,223.76715331654836,0,0,0,31,24,129,0.06679207632472985,0.05020841206956062,78.0,153.0
F2_17.4,N15,N22,800.0,1,2400.0,2323.077903662407,19,70,19,0,76.92209633759285,3923.077903662407,0.0,44.520753413714246,1,-1,30.0,30.0,36,36,11.762939500278442,58.09280985159921,13.946063367020383,194.81136213757836,0,0,0,3,2,89,0.035726294552790853,0.00945696032279758,154.0,260.0
F2_15.3,N15,N22,800.0,1,2400.0,2389.3736797999854,40,73,40,0,10.626320200014561,3989.3736797999854,38.496195311478225,42.165020103816,1,-1,25.0,25.0,74,63,12.238369176912366,54.76679310068539,13.211746448590688,209.19608350155346,0,0,0,7,5,113,0.03992938802958978,0.030472427706792198,166.0,161.0
F7_5.5,N15,N16,800.0,-1,2400.0,1338.7538586918276,35,35,76,19,538.7483606756725,2938.7538586918276,39.39795831093531,37.217574843289036,-2,1,36.0,36.0,87,56,10.673504650771246,11.314303259437395,9.557146563528635,223.5653200229077,0,0,0,7,5,130,0.0168123739071957,0.0367505045821688,51.0,203.0
F2_12.3,N15,N16,800.0,1,2400.0,2391.722295075221,25,25,66,13,8.277704924779073,3991.722295075221,38.61547905536781,37.72312758094442,-1,-1,0.0,0.0,61,28,2.3506466399952255,608.416734022707,11.713493310575151,254.15063692455405,0,7,0,5,0,104,0.031523201075991936,0.016812373907195696,175.0,193.0
F2_18.2,N15,N22,800.0,1,2400.0,2395.3351721063345,21,68,21,0,4.664827893665233,3995.3351721063345,0.0,44.520753413714246,1,-1,28.0,28.0,38,36,11.848259670055077,29.81424396518628,10.685521734129376,195.67643751758717,0,0,0,5,3,89,0.035726294552790853,0.011558507061197041,164.99999999999994,267.00000000000006
F7_12.4,N15,N16,800.0,1,2400.0,2391.5275050253053,30,30,63,13,8.472494974694655,3991.5275050253053,38.496195311478225,37.72312758094442,-1,1,27.0,27.0,73,44,9.6346968392155,14.614827472582192,11.914047396858447,216.99201694289633,0,6,0,18,6,106,0.09667114996637526,0.018913920645595158,136.00000000000006,206.0
F2_17.5,N15,N22,800.0,1,2400.0,2389.8352463816095,31,64,31,0,10.164753618390591,3989.8352463816095,43.63636363636364,43.12747422509526,1,-1,8.0,8.0,54,35,12.380350257873802,73.20908400711141,12.209958104870147,195.81191024521735,0,0,0,7,5,95,0.035726294552790853,0.012609280430396773,150.0,265.0
F7_18.0,N15,N22,800.0,1,2400.0,2391.902865096932,30,62,30,0,8.097134903068081,3991.902865096932,43.63636363636364,43.12747422509526,-1,-1,12.0,12.0,53,35,13.063137583587201,15.46872759727421,12.848984731724045,200.34160224940953,0,1,0,6,2,92,0.04833557498318763,0.012609280430396773,177.00000000000006,258.0
F2_10.2,N15,N16,800.0,1,2400.0,1636.1699571768527,35,35,75,18,763.8300428231471,3236.1699571768527,39.51713429967777,37.217574843289036,1,1,33.0,33.0,88,59,0.5392801076825026,0.40606174991535227,0.279915399485774,226.66463975993076,0,1,0,3,1,128,0.04203093476798924,0.03677706792199059,82.0,192.0
F0_10.1,N15,N16,800.0,1,2400.0,2138.6047374262967,33,33,76,17,261.39526257370335,3738.6047374262967,39.40926501735172,37.63446580418053,1,-1,1.0,1.0,81,54,12.556334545481343,185.36347108706218,11.30068554345373,196.37685239687173,0,0,2,4,3,126,0.06304640215198387,0.03887861466039005,140.0,154.0
F7_17.0,N15,N22,800.0,-1,2400.0,1429.6108491712826,40,80,40,0,629.5380878632152,3029.6108491712826,42.62651789013199,43.12814927573291,-2,1,18.0,18.0,69,39,10.842274881011503,350.5074236141138,9.491847573402325,221.35657351688414,0,0,0,9,9,120,0.023117014122394083,0.015761600537995968,74.0,301.0
F0_8.1,N15,N16,800.0,1,2400.0,2391.6228725434166,33,33,75,16,8.377127456583253,3991.6228725434166,39.6313302747162,37.63446580418053,1,-1,12.0,12.0,85,54,11.913616562298744,61.98887470704494,12.598071508983727,195.5581769849806,0,0,1,15,3,124,0.10928043039677203,0.037827841291190316,158.0,149.0
F7_10.4,N15,N16,800.0,1,2400.0,2266.761572899687,35,35,77,17,133.23842710031306,3866.761572899687,39.51713429967777,37.217574843289036,-1,1,31.0,31.0,90,61,9.1233666373792,21.773214477155307,10.595525803888894,213.0542003149994,0,6,0,16,4,129,0.10717888365837257,0.037827841291190316,141.0,146.0
F7_6.5,N15,N16,800.0,1,2400.0,2394.7612466903706,31,31,65,11,5.23875330962926,3994.7612466903706,38.598909834551506,38.050153301680595,-1,1,12.0,12.0,79,48,6.725755732285859,73.61605049031846,11.530213666127747,247.58720221002744,0,13,0,20,7,107,0.1050773369199731,0.019964694014794893,199.0,157.0
F7_10.7,N15,N16,800.0,1,2400.0,2393.698422939393,38,38,74,16,6.30157706060686,3993.698422939393,39.39397487488877,37.217574843289036,-1,1,21.0,21.0,100,71,7.205366401858292,91.54847646243729,12.133327282728633,225.5216347261231,0,7,0,12,9,128,0.07565568258238063,0.03887861466039005,138.0,148.0
F0_15.0,N15,N22,800.0,1,2400.0,2227.3559547529967,47,84,47,0,172.64404524700308,3827.3559547529967,39.49638545117491,41.06654627824345,1,1,17.0,17.0,88,86,11.769583283636395,33.026646386678976,14.523632108351551,195.16780715495875,0,0,0,13,10,131,0.11558507061197042,0.04203093476798925,158.0,176.0
F2_15.6,N15,N22,800.0,1,2400.0,2398.2464157814284,46,83,46,1,1.753584218571632,3998.2464157814284,39.439732244366766,35.93465386724171,1,-1,30.0,30.0,90,94,1.8804959252686022,747.4753260399057,0.3324941127310725,217.34865804076802,0,0,0,4,2,130,0.037827841291190316,0.05148789509078682,156.0,160.0
F7_17.1,N15,N22,800.0,1,2400.0,2399.6929938360536,34,65,34,0,0.3070061639461983,3999.6929938360536,43.86526570125102,42.568754712059025,-1,-1,2.0,2.0,57,34,10.445716308031457,11.716293849672411,9.651177861875333,202.14177571757048,0,2,0,16,8,99,0.09246805648957633,0.012609280430396773,183.99999999999994,295.00000000000006
F2_15.5,N15,N22,800.0,1,2400.0,2398.9186466885917,55,80,55,3,1.081353311408293,3998.9186466885917,39.39397487488877,34.62327680876065,1,-1,16.0,16.0,106,87,12.865077671467457,87.75223719356813,13.31683591028476,198.50122834435842,0,0,0,4,4,138,0.031523201075991936,0.05464021519838602,155.0,155.0
F1_17.0,N15,N22,800.0,1,2400.0,1694.0352612834827,45,78,45,0,705.9647387165174,3294.0352612834827,39.167489659718846,41.06654627824345,1,1,36.0,36.0,86,71,1.1993378309702505,0.0010530411200306844,0.0,238.36726035745457,0,11,0,9,7,123,0.10928043039677203,0.03467552118359113,95.0,285.0
F2_18.3,N15,N22,800.0,1,2400.0,2394.5609186670144,29,62,29,0,5.4390813329856655,3994.5609186670144,43.63636363636364,43.12747422509526,1,-1,13.0,13.0,52,35,12.276391279860333,17.150215006513235,11.595957944483361,194.8513904126457,0,0,0,6,4,91,0.035726294552790853,0.012609280430396773,162.99999999999994,323.99999999999994
F7_17.3,N15,N22,800.0,1,2400.0,2193.0027686643357,42,75,42,0,206.9972313356642,3793.0027686643357,38.598909834551506,41.81748462071703,-1,-1,14.0,14.0,77,70,3.8982316658228284,151.0869526045501,13.234864288510686,239.3625885562981,0,10,0,10,0,117,0.0777572293207801,0.03257397444519166,123.0,295.0
F7_19.1,N15,N22,800.0,-1,2400.0,1263.2445495693041,43,85,43,1,463.20475962679166,2863.244549569304,39.40926501735172,38.11744679336768,-2,0,2.0,2.0,83,95,10.747246345350781,44.85929036146291,10.418247761841341,222.85054722042824,0,0,0,25,18,129,0.0672494956287828,0.047284801613987903,47.0,309.0
F7_19.5,N15,N22,800.0,1,2400.0,2390.935257560572,37,72,37,0,9.064742439427846,3990.935257560572,38.496195311478225,42.176040511395826,-1,-1,33.0,33.0,69,62,9.286209720703273,60.244451756047056,12.699078874325231,210.27458618947716,0,4,0,16,10,109,0.09877269670477472,0.02524460971512394,149.0,301.0
F9_8.1,N15,N16,800.0,1,2400.0,2387.4239537122803,40,40,87,17,12.576046287719464,3987.4239537122803,37.645069310686054,38.344911515479026,-1,-1,32.0,32.0,112,69,12.765187568863139,200.0,12.765187568863139,213.79930405734618,0,0,3,0,0,144,0.025218560860793545,0.036777067921990585,130.0,199.9999999999999
F7_8.10,N15,N16,800.0,1,2400.0,2398.070370855279,45,45,90,24,1.9296291447208205,3998.070370855279,37.1186402895888,38.11557734061178,0,-1,0.0,0.0,116,76,12.315841447043844,14.1523568228572,12.905417867295435,200.12326676261245,0,0,6,11,8,159,0.07565568258238063,0.05464021519838601,145.0,147.0
F2_8.8,N15,N16,800.0,1,2400.0,2392.3175572589257,41,41,82,15,7.6824427410743965,3992.3175572589257,39.021015400179095,37.29195032538624,1,1,11.0,11.0,107,70,12.404415403864308,44.723008016798076,11.866888097239435,200.4369420863386,0,0,0,4,0,138,0.031523201075991936,0.03887861466039005,147.0,199.9999999999999
F7_12.6,N15,N16,800.0,1,2400.0,2387.5065668596217,42,42,89,22,12.493433140378443,3987.5065668596217,37.13578319851784,38.08979252028092,1,-1,4.0,4.0,111,73,12.360541156802684,15.202235575998884,13.476089413159048,198.14142455987763,0,0,4,8,7,153,0.0777572293207801,0.049386348352387366,147.0,149.0
F7_4.7,N15,N16,800.0,1,2400.0,2398.184000275076,50,50,82,24,1.8159997249240405,3998.184000275076,37.06218169201033,38.11557734061178,-1,1,26.0,26.0,127,86,8.430263587926547,16.115963006565835,14.058214681879306,217.06185491830672,0,4,0,9,6,156,0.0672494956287828,0.049386348352387366,137.0,159.9999999999999
F7_15.6,N15,N22,800.0,1,2400.0,2389.407788658864,53,74,53,3,10.592211341136135,3989.407788658864,37.1186402895888,34.25516734885439,0,0,0.0,0.0,116,106,10.951860081401964,11.63668290937494,10.47378768303091,200.12326676261245,0,0,0,16,10,130,0.10717888365837257,0.061995628782784126,151.0,155.0000000000001
F9_8.2,N15,N16,800.0,1,2400.0,2396.220996487443,40,40,90,19,3.7790035125574377,3996.220996487443,37.345783827305766,38.30249758046312,-1,-1,16.0,16.0,107,69,9.499815255765933,12.366916207454324,10.19226924721708,222.70216256458949,0,1,4,6,3,149,0.05884330867518494,0.04308170813718897,187.0,196.0
F7_12.9,N15,N16,800.0,1,2400.0,2399.7399268266936,59,59,83,22,0.2600731733066368,3999.7399268266936,37.17229456733905,37.88637792762484,-1,1,16.0,16.0,143,90,8.00553630939098,16.257490475697296,10.651775939792577,232.69608609394527,0,9,0,28,13,164,0.1218897108271688,0.04833557498318763,185.0,178.0000000000001
F7_12.13,N15,N16,800.0,1,2400.0,2393.1319958430795,61,61,85,21,6.86800415692062,3993.1319958430795,36.88165038952207,36.349109735234975,-1,1,40.0,40.0,142,101,10.942704786271031,58.02612920269735,12.955689180756309,202.19729852700627,0,0,0,7,6,167,0.0672494956287828,0.07052074228040342,143.0,154.0
F2_13.3,N15,N22,800.0,1,2400.0,2336.9676457239575,53,69,53,3,63.03235427604261,3936.9676457239575,37.08139189470833,33.98698563109453,1,-1,33.0,33.0,117,110,10.84414454047081,80.1638325458091,12.497721544833809,203.62942611634008,0,0,2,9,4,125,0.07145258910558171,0.06849298176846785,158.0,234.0
F3_13.2,N15,N22,800.0,1,2400.0,2398.067492693715,44,87,44,1,1.9325073062851743,3998.067492693715,39.281461337717374,37.77011696076871,-1,-1,41.0,41.0,86,95,11.987575675867683,692.2502781500555,11.987575675867683,197.18547325065558,0,0,0,1,1,132,0.01050773369199731,0.047284801613987903,248.0,237.9999999999999
F7_15.7,N15,N22,800.0,1,2400.0,2398.743842682509,65,79,65,5,1.2561573174913292,3998.743842682509,37.027923370546205,33.86555609966225,-1,-1,5.0,5.0,148,114,7.730620655101825,14.119465904113213,12.628272054350345,234.5357721934567,0,13,8,17,1,149,0.08033020696709393,0.07355413584398117,184.0,185.0
F11_5.0,N15,N16,800.0,1,2400.0,2395.5552603765823,71,71,85,23,4.444739623417718,3995.5552603765823,36.93599288919733,35.74747499927221,0,0,0.0,0.0,168,111,9.882875139757882,181.23178372649636,10.281400242130317,217.47699149610565,0,0,1,12,9,179,0.0882649630127774,0.0746049092131809,134.0,195.0
F2_10.6,N15,N16,800.0,1,2400.0,2398.2698220794973,62,62,85,20,1.730177920502456,3998.2698220794973,36.9829733499525,36.36339732383766,1,1,33.0,33.0,144,104,9.61712417485732,150.68220230916927,13.248375827131124,233.46002045044202,0,0,0,10,0,167,0.06514794889038333,0.06935104236718224,161.0,201.0
F2_8.13,N15,N16,800.0,1,2400.0,2388.450655063137,72,72,85,21,11.549344936862894,3988.450655063137,37.07429494576754,36.02953292922923,1,1,8.0,8.0,173,110,12.51238086722377,14.832651753761638,12.582075325257458,201.68117736415786,0,0,0,5,2,178,0.035726294552790853,0.07837172348682825,142.0,199.0
F9_5.6,N15,N16,800.0,1,2400.0,2395.280558666683,67,67,89,23,4.719441333316809,3995.280558666683,36.91417293089144,35.713629401719714,-1,-1,34.0,34.0,167,106,7.285579556157246,89.28898946844834,12.011734701120934,235.22564857159293,0,4,9,13,10,179,0.09667114996637526,0.07880800268997984,139.0,182.0
F9_8.4,N15,N16,800.0,1,2400.0,2395.016212694993,59,59,88,23,4.983787305006786,3995.016212694993,36.90237365456356,36.35731154231513,-1,-1,3.0,3.0,138,98,8.358190494866784,34.99573407746357,13.488169690598003,239.8992015729404,0,6,3,22,16,170,0.09667114996637526,0.06935104236718224,181.0,206.0000000000001
F9_6.2,N15,N16,800.0,1,2400.0,2390.9898790287943,66,66,84,20,9.010120971205538,3990.9898790287943,37.072417836830695,36.39840503849596,1,1,22.0,22.0,157,106,10.89540806581739,22.708482198156617,9.888408708902762,214.3194080718332,0,0,0,14,11,170,0.08406186953597848,0.07460490921318091,170.0,201.0
F2_15.8,N15,N22,800.0,1,2400.0,2390.8328557798923,69,85,69,4,9.167144220107616,3990.8328557798923,36.88946708044786,32.89041008690073,-1,1,41.0,41.0,168,152,11.49712750263503,111.88242846368644,9.702813830834979,204.43413377451688,0,0,23,10,7,158,0.046234028244788165,0.09093413178519746,160.0,197.0
F2_14.7,N15,N22,800.0,1,2400.0,2390.8663062338765,65,98,65,4,9.133693766123429,3990.8663062338765,36.748490955340436,32.70765112834168,1,-1,39.0,39.0,161,175,8.335625915013996,35.4171978629131,12.92861722455287,226.3377545297813,0,2,2,13,8,167,0.07355413584398117,0.09667114996637526,167.0,161.0
F9_6.3,N15,N16,800.0,1,2400.0,2396.5998585503535,57,57,88,22,3.4001414496466396,3996.5998585503535,36.654312434356584,37.16569793079545,-1,-1,25.0,25.0,141,102,7.306898839478257,12.786356495836117,10.546824708879903,232.33869747685918,0,3,2,14,9,167,0.07985877605917956,0.05700027630075807,185.0,299.0
F2_12.6,N15,N16,800.0,1,2400.0,2398.2987336024075,62,62,85,21,1.7012663975924625,3998.2987336024075,37.05056247050494,36.36339732383766,1,1,31.0,31.0,149,104,10.484128406195444,16.271814124479306,11.950595702026302,228.38320433855108,0,0,0,10,1,168,0.0609448554135844,0.06935104236718224,161.0,286.0
F9_4.5,N15,N16,800.0,1,2400.0,2391.154582597813,66,66,91,27,8.845417402187422,3991.154582597813,36.76209983569965,35.551683247815895,-1,-1,8.0,8.0,160,121,7.274085562643086,13.83173501593319,11.325610000435152,249.06738125436505,0,9,15,17,16,184,0.10297579018157364,0.09246805648957633,192.0000000000001,198.0
F7_19.0,N15,N22,800.0,1,2400.0,1715.056695851346,41,73,41,0,684.9433041486539,3315.056695851346,38.496195311478225,42.165020103816,-1,-1,19.0,19.0,76,68,2.9032850564235986,11.869382255123583,10.008517122566477,222.80869028725007,0,9,0,7,6,114,0.09877269670477472,0.03152320107599193,126.0,584.0000000000001
F2_8.17,N15,N16,800.0,1,2400.0,2391.4802319748087,70,70,83,30,8.519768025191297,3991.4802319748087,36.66717095430992,35.51577476823472,1,1,20.0,20.0,172,131,12.929484184059156,48.29293827444576,13.401154840571678,203.94223592764368,0,0,1,6,5,183,0.03992938802958978,0.09246805648957633,166.0,202.0
F2_8.16,N15,N16,800.0,1,2400.0,2396.5005773430703,65,65,82,30,3.499422656929596,3996.5005773430703,36.641764709209525,35.51577476823472,1,1,29.0,29.0,166,124,10.262768435791035,9.188204410851995,12.902563999283759,212.23337342354807,0,0,0,7,4,177,0.04384629335999428,0.0914172831203766,168.9999999999999,209.0
F9_5.8,N15,N16,800.0,1,2400.0,2393.799698767148,60,60,92,32,6.200301232851757,3993.799698767148,36.670827914923386,35.241074343865435,-1,-1,21.0,21.0,176,130,6.959317675973847,163.37760976733307,11.304592690186158,250.08286532390898,0,7,10,20,14,184,0.11348352387357095,0.09667114996637526,134.0000000000001,191.0
F3_14.6,N15,N22,800.0,1,2400.0,2392.170369852573,57,69,57,3,7.82963014742711,3992.170369852573,37.06218169201033,33.808225689848186,-1,-1,27.0,27.0,124,112,8.361733865473507e-05,743.2633254253403,0.00041808669327367536,241.29907566979483,0,5,2,5,5,129,0.02101546738399462,0.07040181573638198,398.0,171.0
F3_11.4,N15,N22,800.0,1,2400.0,2398.914048223487,58,79,58,5,1.085951776512843,3998.914048223487,37.05056247050494,33.168159618954,-1,-1,32.0,32.0,146,144,2.410257890403274,184.8125231738711,10.238491129021753,250.35620136838358,0,5,8,9,8,142,0.0441324815063887,0.08196032279757902,327.0,167.0
F3_14.3,N15,N22,800.0,1,2400.0,2389.850694578154,55,79,55,3,10.149305421845952,3989.850694578154,39.021015400179095,34.63773019263666,-1,-1,12.0,12.0,105,87,12.334431707686372,120.10913947655877,11.984494041861616,205.08439087636424,0,1,0,5,2,137,0.031523201075991936,0.05464021519838601,478.0,176.0
F3_13.3,N15,N22,800.0,1,2400.0,2397.6318755789225,55,69,55,3,2.368124421077596,3997.6318755789225,37.06218169201033,33.849976893353954,-1,-1,29.0,29.0,120,111,12.199396363973849,103.12551639046546,11.679427316841506,244.795277281151,0,5,2,3,0,127,0.031523201075991936,0.07040181573638198,408.0,174.0
F7_5.10,N15,N16,800.0,1,2400.0,2387.1839349894935,65,65,94,33,12.816065010506577,3987.1839349894935,36.49123006389637,35.12324290016537,-1,1,33.0,33.0,183,139,10.103563652061855,15.819055945989703,13.388423049875348,212.34494856318238,0,3,1,5,4,192,0.03992938802958978,0.10194504908235753,126.0,222.0
F7_4.11,N15,N16,800.0,1,2400.0,2389.8327996340636,62,62,94,29,10.167200365936424,3989.8327996340636,36.518770586366614,35.01994467606449,0,-1,2.0,2.0,177,139,10.542932590485083,14.331561311438236,12.354581656720079,200.62768166830833,0,0,13,13,3,185,0.07565568258238063,0.10297579018157364,128.0,246.0
F11_6.3,N15,N16,800.0,1,2400.0,2392.11791926647,63,63,98,31,7.882080733530188,3992.11791926647,36.58806957177048,35.22238999355001,-1,-1,10.0,10.0,176,130,7.725001471277429,26.355353368060605,10.597200636090575,247.46290327940335,0,8,10,25,19,192,0.11768661735036988,0.10087424344317418,183.9999999999999,205.0
F11_5.3,N15,N16,800.0,1,2400.0,2389.495288171405,62,62,96,30,10.504711828595077,3989.495288171405,36.59656187460128,35.209752047412906,-1,-1,13.0,13.0,176,130,7.729695422820405,12.609623878116508,10.57669148035755,245.26075424494653,0,8,10,24,18,188,0.11768661735036988,0.10087424344317418,184.9999999999999,209.0
F9_6.6,N15,N16,800.0,1,2400.0,2393.881022630834,60,60,94,32,6.118977369165577,3993.881022630834,36.65167326862654,35.242821461708154,-1,-1,19.0,19.0,176,131,6.9901331309475445,16.711028352988478,11.473867934613631,250.72514091824812,0,8,10,21,15,186,0.11978816408876934,0.09772192333557499,182.9999999999999,225.0
F9_4.7,N15,N16,800.0,1,2400.0,2394.715423151072,62,62,93,30,5.2845768489280545,3994.715423151072,36.54698402391563,34.994269966474185,1,1,41.0,41.0,176,138,6.869133201671763,37.46750454986545,9.43438679007065,268.4934633090355,0,10,12,25,23,185,0.11294076601698887,0.10472990356811923,192.0,192.0
F11_5.2,N15,N16,800.0,1,2400.0,2389.112852921753,61,61,94,32,10.887147078246699,3989.112852921753,36.65194757109503,35.248255680672976,-1,-1,17.0,17.0,177,130,7.341608677657902,11.549461385757695,11.737870236828744,247.2932781200813,0,8,10,22,16,187,0.11978816408876934,0.09888520669338786,188.9999999999999,222.0
F11_8.0,N15,N16,800.0,1,2400.0,2395.5603416904287,63,63,98,30,4.439658309571087,3995.5603416904287,36.56484617809276,35.14046638009798,-1,-1,8.0,8.0,177,131,7.174371650460817,20.89618304325154,12.182391989451414,249.4460253557108,0,8,10,24,20,191,0.11138197713517149,0.10087424344317418,195.0,205.0
F13_8.0,N15,N16,800.0,1,2400.0,2396.413396020879,61,61,95,29,3.586603979120582,3996.413396020879,36.49600484441229,35.051334946776144,-1,-1,1.0,1.0,176,138,7.184016118388135,10.35938864519926,8.575292461096883,255.67362115838935,0,9,12,25,23,185,0.11138197713517149,0.10297579018157364,199.0,194.0
F3_13.5,N15,N22,800.0,1,2400.0,2392.8035914663583,55,80,55,5,7.196408533641829,3992.8035914663583,36.9829733499525,33.168159618954,-1,-1,33.0,33.0,144,143,11.597718444785754,176.11602279205977,13.016268906799532,249.6105403750149,0,5,8,3,1,140,0.0441324815063887,0.08196032279757902,392.0,183.0
F9_5.7,N15,N16,800.0,1,2400.0,2397.3581611848454,62,62,96,30,2.6418388151545287,3997.3581611848454,36.537188898366985,35.135594922958184,-1,-1,5.0,5.0,178,133,7.1781686458260285,25.981755440591996,10.679512837994434,252.1332320928066,0,9,11,25,21,188,0.11348352387357095,0.10277616349108015,198.0,207.0
F4_14.0,N15,N22,800.0,1,2400.0,2387.868903851587,59,79,59,5,12.131096148412666,3987.868903851587,37.05056247050494,33.168159618954,-1,-1,31.0,31.0,149,145,9.20425147500534,12.742537933720087,12.877945307128385,250.84963200063683,0,6,9,3,1,143,0.04203093476798924,0.08301109616677875,397.9999999999999,181.0
F11_5.1,N15,N16,800.0,1,2400.0,2393.323550500829,63,63,93,32,6.676449499171099,3993.323550500829,36.540394389108435,35.05564908658056,1,1,36.0,36.0,181,139,7.474253672059399,23.152002308106603,11.003517165303364,264.7280743137638,0,4,3,25,24,188,0.10928043039677203,0.10301487401929005,194.0000000000001,203.0
F2_13.8,N15,N22,800.0,1,2400.0,2393.7768580208894,76,96,76,3,6.223141979110665,3993.7768580208894,36.099760364818565,31.232486585783217,-1,1,0.0,0.0,195,240,7.2737027125628755,435.43167141287086,10.744725242259511,232.4120826003039,0,8,41,13,11,175,0.08196032279757902,0.12946324432686596,168.0,166.0
F3_14.7,N15,N22,800.0,1,2400.0,2387.289804611938,59,79,59,5,12.71019538806172,3987.289804611938,37.031244119716355,33.04037623885456,-1,-1,28.0,28.0,150,146,4.507497619105347,39.604190904689176,14.759576630666128,254.17040136601423,0,8,10,11,10,143,0.04833557498318763,0.08406186953597848,415.0,174.0
F7_8.13,N15,N16,800.0,1,2400.0,2388.8994400121537,65,65,88,28,11.100559987846509,3988.8994400121537,36.748490955340436,35.491708925160225,-1,1,39.0,39.0,161,121,8.106934003725367,83.14892133221815,10.02763853181854,216.01013410329338,0,3,11,10,8,181,0.06514794889038333,0.09409943410332038,142.0,400.0
F0_18.0,N15,N22,800.0,1,2400.0,1906.3078519883638,43,85,43,1,493.6921480116362,3506.307851988364,39.51562712266882,39.11250400486974,1,1,9.0,9.0,83,91,12.408207388846906,63.30810984259051,11.193814114331863,197.09707453576817,0,0,0,3,1,129,0.1046204841809441,0.04623402824478817,129.0,703.0000000000001
F15_5.4,N15,N16,800.0,1,2400.0,2398.037059102916,67,67,107,34,1.9629408970843087,3998.037059102916,36.29133543459919,35.05716302867244,1,1,5.0,5.0,194,144,10.224242445543176,11.241850470275267,9.22760625226143,226.4651166068965,0,0,0,18,16,208,0.09246805648957633,0.10402656355077337,168.0000000000001,238.0
F9_4.6,N15,N16,800.0,1,2400.0,2387.2254678490863,65,65,95,24,12.774532150913501,3987.2254678490863,36.87084474165392,35.678562816265455,-1,-1,17.0,17.0,158,118,5.9070306026767545,54.764637050576994,10.806687495663574,251.32298632565968,0,9,13,13,12,184,0.09667114996637526,0.09036650975117687,185.0,385.0
F7_5.13,N15,N16,800.0,1,2400.0,2387.979220860175,64,64,118,38,12.020779139824981,3987.979220860175,35.96733259210214,34.46225162340501,-1,1,34.0,34.0,193,141,12.705120036989376,34.84087343011629,16.314090163933997,206.0853025948089,0,0,11,8,6,220,0.05253866845998655,0.11022441486082264,145.0,232.0
F11_8.3,N15,N16,800.0,1,2400.0,2391.0023649916775,69,69,124,37,8.99763500832239,3991.0023649916775,36.220038657725745,34.88959140498456,-1,-1,20.0,20.0,203,145,7.717992190541635,11.526783523595896,9.805811119228435,248.90034214966684,0,8,13,28,22,230,0.1218897108271688,0.11033120376597176,197.0,215.0
F11_8.4,N15,N16,800.0,1,2400.0,2390.6195795624944,65,65,119,39,9.38042043750579,3990.6195795624944,35.97367527915903,34.46225162340501,1,1,35.0,35.0,194,141,7.038571560371713,11.09571293269687,10.173026325884424,266.3439900570528,0,7,13,31,28,223,0.14290517821116341,0.10929961084249643,191.0,202.0
F3_11.5,N15,N22,800.0,1,2400.0,2396.038914345324,71,94,71,4,3.961085654676026,3996.038914345324,36.66537584340204,32.650112080584236,-1,-1,32.0,32.0,167,176,2.7499074306227977,13.98069205603042,12.011460205100922,263.83552545979273,0,9,6,16,16,169,0.06935104236718224,0.10087424344317418,411.0,163.0
F4_14.2,N15,N22,800.0,1,2400.0,2399.6271340306116,66,95,66,4,0.37286596938849925,3999.6271340306116,36.729981321302134,32.68975680619887,-1,-1,36.0,36.0,163,175,1.5239905609258941,340.8110875300647,10.541191671835646,259.7034440743046,0,10,4,14,14,165,0.06935104236718224,0.09877269670477472,410.9999999999999,169.0
F2_10.9,N15,N16,800.0,1,2400.0,2388.9922734742163,70,70,120,41,11.00772652578371,3988.9922734742163,36.009018212587804,34.49432149595763,1,1,17.0,17.0,205,137,9.837773186231246,68.94492906247478,7.344451890542282,205.9760206291434,0,0,1,9,5,231,0.0609448554135844,0.10855377534472796,164.0,215.0
F4_14.1,N15,N22,800.0,1,2400.0,2397.463327774803,69,94,69,4,2.5366722251968667,3997.463327774803,36.68066308618118,32.66559682603614,-1,-1,34.0,34.0,164,177,2.1671832023429114,13.177918554352118,11.340073868771672,261.488894589239,0,10,5,15,15,167,0.06935104236718224,0.09982347007397445,411.9999999999999,170.0
F3_13.7,N15,N22,800.0,1,2400.0,2395.9001420664245,73,99,73,4,4.099857933575777,3995.9001420664245,36.624413605366286,32.40577316043678,-1,-1,17.0,17.0,175,177,3.6628325863736992,12.200184096476505,11.789263751672095,268.09306127294616,0,14,21,18,18,176,0.06304640215198387,0.10717888365837257,410.0,164.0
F3_13.4,N15,N22,800.0,1,2400.0,2394.309713578449,67,91,67,3,5.690286421550695,3994.309713578449,36.95275527385397,33.14258776176738,1,1,25.0,25.0,164,162,12.481294708254644,374.0884135728902,11.015667763629459,249.82703061840135,0,8,11,3,0,161,0.054640215198386015,0.09041928550895534,451.0,172.0
F4_13.0,N15,N22,800.0,1,2400.0,2399.5648768701103,72,98,72,4,0.43512312988957547,3999.5648768701103,36.624413605366286,32.415873019225906,-1,-1,19.0,19.0,172,174,3.243758364519502,146.03874130293002,11.787303900436338,265.29643250879826,0,14,19,17,17,174,0.0672494956287828,0.10717888365837257,404.0,170.0
F3_11.2,N15,N22,800.0,1,2400.0,2397.799100030282,69,85,69,4,2.200899969717966,3997.799100030282,36.881032059971965,32.89041008690073,1,1,40.0,40.0,168,154,10.420557081965551,221.34410106692508,11.037063954907932,242.7292264604322,0,6,21,5,0,158,0.054640215198386015,0.0893714798592979,464.0000000000001,182.0
F9_6.8,N15,N16,800.0,1,2400.0,2397.706800657507,68,68,125,42,2.2931993424931534,3997.706800657507,35.93260977483093,34.540279016318344,1,1,5.0,5.0,203,138,9.917894123070617,53.60465198566726,9.474549874386058,245.3447006901655,0,3,0,22,17,235,0.1281943510423672,0.1082296570275723,166.0,251.0
F9_5.11,N15,N16,800.0,1,2400.0,2392.3513035320384,64,64,121,38,7.648696467961486,3992.3513035320384,36.01574319596442,34.53202317245887,1,1,41.0,41.0,195,145,5.9072836189726425,11.408773747783016,9.922012765697986,277.1482281781832,0,15,23,32,27,223,0.14677408188182653,0.11082870968019995,185.0,273.0
F9_5.13,N15,N16,800.0,1,2400.0,2392.7918319731602,67,67,127,44,7.208168026839871,3992.7918319731602,35.874907966344786,34.54944827520109,-1,-1,36.0,36.0,208,147,8.29174546329462,52.12445550503185,11.79310061053351,257.0114610009375,0,6,6,21,17,238,0.12609280430396774,0.1078525249043121,156.0,250.0
F11_8.2,N15,N16,800.0,1,2400.0,2391.3310241108,63,63,120,39,8.6689758891996,3991.3310241108,35.99641009311637,34.513571400803315,1,1,39.0,39.0,193,145,5.959804754404749,10.603877135975154,9.277247652925253,275.39683156366783,0,11,19,32,28,222,0.14500672494956288,0.10954208132611395,193.0,262.0
F11_5.4,N15,N16,800.0,1,2400.0,2398.0159731325416,67,67,124,40,1.984026867458283,3998.0159731325416,36.115879566248545,34.67578759224853,-1,-1,3.0,3.0,196,149,5.768448926730711,13.061345605384076,10.736334140469387,281.72345185722514,0,16,22,31,26,231,0.14290517821116341,0.11138197713517149,189.0,285.0
F13_6.0,N15,N16,800.0,1,2400.0,2392.137114675273,65,65,120,39,7.86288532472679,3992.137114675273,35.982639164967125,34.490169689496575,1,1,37.0,37.0,194,144,6.733072702625448,12.245251851221838,10.074539246236368,269.33042387991196,0,9,16,31,28,224,0.14500672494956288,0.10930055023444465,195.0,257.0
F9_5.12,N15,N16,800.0,1,2400.0,2393.441491291222,64,64,125,43,6.558508708777936,3993.441491291222,35.91909250328557,34.57506424978073,-1,-1,41.0,41.0,202,143,9.099378897240193,109.43239351568968,12.84658601278479,250.02476739864036,0,1,1,20,16,232,0.12399125756556827,0.1050773369199731,163.0,258.0
F9_5.10,N15,N16,800.0,1,2400.0,2397.654973118114,61,61,97,29,2.3450268818859286,3997.654973118114,36.51457256717002,35.076976240922214,-1,-1,3.0,3.0,177,134,7.271633160940288,11.880383050774526,9.906030648479447,252.1256525289894,0,9,11,26,22,187,0.11558507061197042,0.10297579018157364,198.0,365.0
F2_8.22,N15,N16,800.0,1,2400.0,2393.4707995878825,68,68,109,36,6.529200412117461,3993.4707995878825,36.21144499981702,35.001686850565214,1,1,0.0,0.0,196,145,12.798390911539135,13.520261470976038,11.721178129418622,204.6388291513269,0,0,0,7,3,213,0.0441324815063887,0.09989344120116486,158.9999999999999,358.0
F9_5.9,N15,N16,800.0,1,2400.0,2392.370208126785,65,65,123,39,7.629791873214685,3992.370208126785,36.06032495546066,34.58195667983923,-1,-1,1.0,1.0,195,146,5.855078477328293,40.97316080532346,10.939889546490166,278.80231976483543,0,17,25,32,27,227,0.14663693576371856,0.1113819771351715,199.0,272.0
F11_8.5,N15,N16,800.0,1,2400.0,2396.3464702706547,71,71,136,44,3.6535297293454505,3996.3464702706547,35.67634255789927,34.59804938105611,-1,-1,20.0,20.0,204,140,6.3333799361306085,13.703067869102142,11.382766443696237,273.7641526236199,0,15,24,22,20,251,0.14710827168796234,0.1113819771351715,193.0,227.0
F13_6.1,N15,N16,800.0,1,2400.0,2392.0864274518367,71,71,134,44,7.913572548163188,3992.0864274518367,35.5511511615023,34.44786644560609,-1,-1,2.0,2.0,202,159,5.403960550175556,10.841865664047646,8.996710456803955,277.85307834014753,0,21,31,28,26,249,0.16181909885675858,0.12188971082716882,181.0,221.0
F11_8.1,N15,N16,800.0,1,2400.0,2395.3183218206045,68,68,120,40,4.681678179395362,3995.3183218206045,36.009018212587804,34.50238961632779,1,1,21.0,21.0,200,135,9.297235302431949,128.09417479570197,8.565886146263265,257.00074861516634,0,7,3,24,23,228,0.1281943510423672,0.1100645635534781,186.0,271.0
F11_5.5,N15,N16,800.0,1,2400.0,2394.96184099004,70,70,132,44,5.038159009960054,3994.96184099004,35.55625025918569,34.48459998100995,-1,-1,3.0,3.0,202,155,5.369321946154222,12.648130507776841,10.667495907440214,277.15616362487515,0,20,31,27,24,246,0.15836061684275846,0.11978816408876936,183.0,223.0
F9_6.7,N15,N16,800.0,1,2400.0,2393.6958687840406,64,64,94,32,6.304131215959501,3993.6958687840406,36.503549467880475,35.10222925019277,1,1,34.0,34.0,183,139,7.9906130480814355,12.075238419733068,9.705180214877121,257.49619749501085,0,2,1,25,24,190,0.10717888365837257,0.10299675529597078,194.0000000000001,371.0
F14_6.0,N15,N16,800.0,1,2400.0,2395.1223403539143,72,72,137,44,4.877659646085476,3995.1223403539143,35.63536386415167,34.59090151363775,-1,-1,18.0,18.0,204,142,6.564768881297674,14.210124346142493,11.721052523256182,269.9405438402565,0,16,25,23,21,253,0.14710827168796234,0.1113819771351715,181.0,261.0
F2_19.19,N15,N16,800.0,1,2400.0,2222.556762356668,75,75,142,49,177.44323764333205,3822.556762356668,35.27578540262548,34.326482767525704,-1,-1,37.0,37.0,227,150,12.514955242549611,14.545315492404143,12.049050205068433,207.59625188151506,0,1,5,2,1,266,0.054640215198386015,0.12399125756556828,153.0,212.0
F3_14.8,N15,N22,800.0,1,2400.0,2395.197370910205,74,100,74,4,4.8026290897951185,3995.197370910205,36.6406800414898,32.39043388636361,-1,-1,15.0,15.0,178,180,3.973905774343008,13.663881972026957,11.22244366267562,265.6137585186045,0,14,22,19,19,178,0.06935104236718224,0.10717888365837257,499.0,166.0
F2_11.7,N15,N22,800.0,1,2400.0,2394.8571051324493,86,78,86,2,5.142894867550808,3994.8571051324493,35.285879318301795,30.406199524635333,-1,1,41.0,41.0,223,303,11.117135557237697,10.688003070541754,9.471218679164568,211.12186331747824,0,1,67,6,2,166,0.05674176193678548,0.1604971175338813,218.0,161.0
F15_6.7,N15,N16,800.0,1,2400.0,2395.864761184065,69,69,139,45,4.135238815934713,3995.864761184065,35.436654035379526,34.33629662961831,1,1,21.0,21.0,202,158,8.128685462047548,158.70725500088474,11.93850197765503,270.85181061638383,0,10,14,21,19,253,0.14863036107810834,0.12295961197543262,169.0,279.0
F4_11.3,N15,N22,800.0,1,2400.0,2393.0558701254386,76,100,76,4,6.944129874561668,3993.0558701254386,36.6406800414898,32.39551686891532,-1,-1,13.0,13.0,181,180,4.4370142098430865,12.825879271272697,10.489012427564752,265.54575716165255,0,14,23,20,20,180,0.06935104236718224,0.10717888365837257,575.0000000000001,172.0
F7_17.23,N15,N16,800.0,1,2400.0,2398.742054335617,76,76,149,52,1.2579456643831008,3998.742054335617,35.3018152504813,34.20150358154794,1,-1,6.0,6.0,231,151,11.846262596325602,83.6943359454724,14.182625649609172,207.8362213909017,0,0,39,13,12,277,0.05047539354595633,0.12819435104236718,154.0,252.0
F7_17.25,N15,N16,800.0,1,2400.0,2389.790798547513,78,78,147,53,10.20920145248715,3989.790798547513,35.27505783806319,34.12041912768498,0,-1,2.0,2.0,234,147,11.93181792147047,78.82895255157428,14.09914471223717,212.37328768782086,0,0,47,10,10,278,0.04837384680755687,0.13029589778076664,158.0,252.0
F4_11.5,N15,N22,800.0,1,2400.0,2392.361672874803,69,107,69,2,7.638327125197179,3992.361672874803,36.58806957177048,32.54961398183733,1,1,9.0,9.0,177,207,4.396839371311889,201.6240600888466,11.906661675402304,256.5273702587298,0,11,10,23,20,178,0.0714955179717491,0.10612811028917284,594.9999999999999,118.0
F7_16.15,N15,N16,800.0,1,2400.0,2395.1368844718086,75,75,142,49,4.863115528191429,3995.1368844718086,35.27578540262548,34.326482767525704,1,-1,37.0,37.0,227,150,8.149542488315412,12.318923672679603,10.195858861980563,227.7588274374657,0,0,5,18,8,266,0.07692186592059685,0.12399125756556828,188.0,262.0
F1_17.3,N15,N22,800.0,1,2400.0,2388.341044664843,47,84,47,0,11.658955335157088,3988.341044664843,39.49638545117491,41.06654627824345,1,1,17.0,17.0,88,86,11.900011321675956,23.057617019340796,11.508731119226955,195.16780715495875,0,0,0,17,13,131,0.11558507061197042,0.04203093476798925,160.0,949.0
F15_8.9,N15,N16,800.0,1,2400.0,2399.611464432238,75,75,148,52,0.3885355677618918,3999.611464432238,35.32487134511945,34.21451222105284,-1,-1,8.0,8.0,228,153,5.513631694099307,10.578908769867894,8.899584637485418,280.6742502621415,0,23,39,25,19,275,0.1723268325487559,0.1281943510423672,190.0,273.0
F4_11.2,N15,N22,800.0,1,2400.0,2392.012028887164,69,108,69,2,7.987971112836135,3992.012028887164,36.50651993589967,32.3029234438074,1,1,0.0,0.0,176,206,3.0546379260921945,124.92244062149234,14.69077218603167,274.43346090841646,0,11,3,25,21,179,0.0756939373811161,0.10597171040862455,612.9999999999999,157.0
F7_8.17,N15,N16,800.0,1,2400.0,2399.7337023513146,84,84,146,51,0.2662976486852813,3999.7337023513146,35.23109216344325,33.9968263210512,-1,1,8.0,8.0,258,156,4.6176963247502485,12.249301317247273,12.7912659576824,309.2166899587929,0,23,15,23,8,281,0.08616341627437794,0.12493976637361878,191.0,256.0
F7_16.19,N15,N16,800.0,1,2400.0,2395.4277560913374,92,92,149,44,4.5722439086625855,3995.4277560913374,35.22418220716498,33.984429227415546,-1,1,0.0,0.0,267,156,4.424311360172502,14.56696780542643,12.399740828682415,303.93080037994145,0,26,14,20,19,285,0.06935104236718224,0.1244917663287337,184.0,271.0
F3_13.6,N15,N22,800.0,1,2400.0,2394.2660113638594,78,100,78,4,5.73398863614068,3994.2660113638594,36.59373386897329,32.39011573285467,-1,-1,11.0,11.0,182,178,4.501296133730469,15.791320329111386,11.861074495286129,266.9019915990922,0,14,25,21,21,182,0.06935104236718224,0.1082296570275723,649.0,174.0
F7_17.27,N15,N16,800.0,1,2400.0,2398.3301674421873,87,87,149,47,1.6698325578128106,3998.3301674421873,35.23782979225005,33.987532730304196,-1,1,4.0,4.0,264,156,3.818298928452877,40.35060748923706,12.489440092960438,302.4583221162809,0,26,14,19,18,283,0.06935104236718224,0.1252256898823278,186.0,274.0
F9_8.5,N15,N16,800.0,1,2400.0,2396.138630430536,82,82,150,54,3.861369569463818,3996.138630430536,35.27417344872337,34.03924239198515,1,1,27.0,27.0,246,151,6.988548963976089,14.09721258559307,10.12251123623125,291.4434067832126,0,11,31,32,25,286,0.18724736617642496,0.1271627190974049,207.0,270.0
F0_19.0,N15,N22,800.0,1,2400.0,2141.950085658172,45,81,45,0,258.04991434182784,3741.950085658172,39.49638545117491,41.06654627824345,1,1,22.0,22.0,85,82,11.423298305680138,38.84872183811581,13.66891463831666,199.034034544996,0,0,0,8,1,126,0.06304640215198387,0.04098016139878951,160.0,1045.0
F9_6.10,N15,N16,800.0,1,2400.0,2398.1671887384623,84,84,147,55,1.8328112615376995,3998.1671887384623,35.26780103174387,34.039850964562255,1,1,23.0,23.0,250,155,7.270054796277764,7.552346862024706,5.9388529399051,285.99435948205166,0,11,27,32,25,286,0.18108180081456857,0.12611194572820517,248.0,291.0
F14_5.0,N15,N16,800.0,1,2400.0,2397.33186883356,84,84,149,55,2.668131166440162,3997.33186883356,35.28731265355713,34.03924239198515,1,1,25.0,25.0,248,153,6.9185358110461825,10.508881431820328,8.205368804677217,291.69098343851135,0,13,29,32,25,288,0.1828345662407532,0.12611194572820517,248.0,299.0
F15_8.8,N15,N16,800.0,1,2400.0,2399.1334443322767,75,75,149,52,0.8665556677233326,3999.1334443322767,35.325068514915266,34.21451222105284,-1,-1,10.0,10.0,228,153,5.232841923485204,9.744743498594971,9.06830992632483,282.28691426579906,0,23,37,24,18,276,0.17090258623722648,0.12819435104236718,183.0,419.0
F2_10.15,N15,N16,800.0,1,2400.0,2389.0859107860247,86,86,149,48,10.914089213975217,3989.0859107860247,35.23782979225005,33.987532730304196,1,1,5.0,5.0,262,154,7.289284795006917,19.457336013574377,11.722500093358812,220.06882816599577,0,1,14,18,14,283,0.09246805648957633,0.12508860067702843,262.0,281.0
F4_14.3,N15,N22,800.0,1,2400.0,2396.5972912707944,71,108,71,1,3.402708729205756,3996.5972912707944,36.49123006389637,31.996407104417774,-1,-1,33.0,33.0,183,203,1.873564814291701,151.00934941519517,12.39474637290146,282.4037651917048,0,10,4,24,22,180,0.09036650975117687,0.10928043039677204,701.9999999999999,156.0
F15_5.9,N15,N16,800.0,1,2400.0,2398.6529155727126,98,98,152,44,1.347084427287541,3998.6529155727126,35.04837175982152,33.931853019915366,-1,-1,23.0,23.0,277,160,8.236246329781627,11.752962412384477,9.308136690196253,271.9072908098263,0,17,20,35,25,294,0.17238606442052623,0.13344821788836586,237.0,325.0
F7_16.2,N15,N22,800.0,1,2400.0,1969.9299181281544,45,81,45,0,430.0700818718455,3569.9299181281544,39.19439950927188,41.06654627824345,1,1,28.0,28.0,86,78,6.874062886828021,135.40027287529324,12.91116456605982,215.49106049260746,0,1,0,10,8,126,0.10717888365837257,0.037827841291190316,157.0,1146.0
F9_8.6,N15,N16,800.0,1,2400.0,2391.311136058016,102,102,148,45,8.688863941983755,3991.311136058016,35.02513271602733,33.89134973211748,-1,-1,16.0,16.0,284,169,7.765365544524728,16.560032000670162,12.690992062387325,277.35607957323344,0,22,29,38,27,295,0.1828345662407532,0.13554976462676532,278.0,304.0
F14_8.0,N15,N16,800.0,1,2400.0,2399.0760364995463,103,103,148,48,0.9239635004537377,3999.0760364995463,35.01515587023566,33.89363713435338,-1,-1,13.0,13.0,285,171,7.464056225195662,11.991798772477296,10.78078092412969,286.23379523146724,0,24,30,40,29,299,0.1828345662407532,0.13660053799596505,279.0,298.0
F13_8.1,N15,N16,800.0,1,2400.0,2394.9030099075435,77,77,149,53,5.096990092456281,3994.9030099075435,35.25590416396649,34.045145196519734,1,1,33.0,33.0,241,148,7.320607880258097,12.949974464981551,11.102618108013921,286.0526166916508,0,15,35,31,23,279,0.18073301950235374,0.1271627425171129,191.0,462.0
F14_8.1,N15,N16,800.0,1,2400.0,2398.149210877269,110,110,149,49,1.8507891227311575,3998.149210877269,34.95541291924368,33.692516674831865,1,1,41.0,41.0,294,169,4.850806157853312,11.988872127810964,9.539214227971502,334.82293946778435,0,44,48,44,33,308,0.20962173985028681,0.1434841922130908,272.0,302.0
F4_13.1,N15,N22,800.0,1,2400.0,2389.963900346243,75,104,75,2,10.036099653756878,3989.963900346243,36.504992814209054,31.850952136485525,-1,-1,26.0,26.0,187,206,2.551488436291496,13.848819314091315,12.48289839926237,295.5776548615786,0,15,10,26,24,181,0.0882649630127774,0.11138197713517148,772.0,163.0
F15_4.12,N15,N16,800.0,1,2400.0,2396.4042874223223,93,93,149,44,3.595712577677773,3996.4042874223223,35.214818718315456,33.984429227415546,0,0,2.0,2.0,266,157,8.950285071957483,11.936697111344529,9.690564489773697,263.5537541565382,0,7,13,31,22,286,0.16181909885675858,0.12294048419636855,237.0,390.0
F3_11.6,N15,N22,800.0,1,2400.0,2393.3338315874007,73,106,73,2,6.666168412599404,3993.3338315874007,36.494932985718975,31.918344413010317,-1,-1,28.0,28.0,186,205,2.140958593977384,46.71464179040527,11.402059499091958,290.92982144227676,0,13,8,26,23,181,0.09036650975117687,0.11061033228890685,757.0000000000001,177.0
F0_16.0,N15,N22,800.0,1,2400.0,2397.351208070821,45,78,45,0,2.6487919291789694,3997.351208070821,39.167489659718846,41.06654627824345,1,1,37.0,37.0,86,71,6.7144483208247205,38.73043166090292,11.419926276340558,241.67138959858795,0,13,0,22,15,123,0.10717888365837257,0.0336247478143914,183.0,1218.0
F15_5.11,N15,N16,800.0,1,2400.0,2393.466850723165,114,114,144,52,6.533149276835047,3993.466850723165,34.82296754183171,33.38339907950396,1,1,16.0,16.0,302,168,5.775948093778458,12.414070682542615,10.99466828185369,338.03265183063803,0,37,27,40,31,310,0.18703765971755212,0.1398221307372411,261.0,348.0
F2_10.14,N15,N16,800.0,1,2400.0,2396.347014596952,83,83,147,55,3.652985403048092,3996.347014596952,35.25981166198823,34.0370786363596,1,1,20.0,20.0,253,157,9.721636347342555,13.85952336645255,11.457294007693122,209.6212652964538,0,2,26,17,13,285,0.0862016804932086,0.12693083393429427,247.0,464.0
F7_10.16,N15,N16,800.0,1,2400.0,2393.0056928743784,140,140,146,70,6.994307125621731,3993.0056928743784,34.257613969652446,32.92335311714197,-1,1,2.0,2.0,340,182,8.706475361677267,11.397336569242725,9.465248232557897,219.1617753124628,0,7,11,20,9,356,0.11513422132512162,0.1505877355555795,197.0,310.0
F7_4.17,N15,N16,800.0,1,2400.0,2390.809624750473,124,124,141,63,9.190375249526937,3990.809624750473,34.334542431699965,33.03902350883145,-1,1,28.0,28.0,326,182,12.289215379513934,14.607220438533659,11.871529935830702,205.08950689127482,0,1,48,8,4,328,0.0672494956287828,0.16397518276164985,135.0,434.0000000000002
F4_14.4,N15,N22,800.0,1,2400.0,2395.367959218559,78,105,78,3,4.632040781441219,3995.367959218559,36.518322382670945,31.833246506431585,-1,-1,21.0,21.0,188,210,3.1094976892836814,29.07976909601325,12.273069574938184,297.5690670897077,0,20,12,28,26,186,0.0882649630127774,0.11243275050437121,862.0,150.99999999999977
F4_11.0,N15,N22,800.0,1,2400.0,2393.322362033846,76,105,76,3,6.677637966154407,3993.322362033846,36.51167829652768,31.850952136485525,-1,-1,24.0,24.0,187,208,2.9083034769950933,20.60325847431477,12.73238746527318,296.7149616430561,0,17,11,27,25,184,0.0882649630127774,0.11138197713517148,863.0,154.0
F7_17.32,N15,N16,800.0,1,2400.0,2398.708978557439,132,132,144,69,1.2910214425608046,3998.708978557439,34.269574129599874,32.91700869068534,-1,1,6.0,6.0,335,182,7.832692434958789,133.0227806932121,10.327759263638384,217.28210779612303,0,6,18,9,9,345,0.061108016785791024,0.15446368527236046,195.0,357.0
F13_5.0,N15,N16,800.0,1,2400.0,2390.2719027476846,108,108,149,48,9.728097252315479,3990.2719027476846,34.954533140382246,33.73951177483821,-1,-1,2.0,2.0,292,170,4.995986082071636,12.598834199362273,11.091901985769898,328.3802180172117,0,41,46,43,32,305,0.20595158036314729,0.14290517821116344,271.0,461.0
F9_4.10,N15,N16,800.0,1,2400.0,2390.3651775459084,102,102,148,47,9.634822454091477,3990.3651775459084,35.01515587023566,33.89363713435338,-1,-1,14.0,14.0,284,170,7.688520144066966,13.700411818979092,10.998066221920535,281.19804787693226,0,23,30,39,28,297,0.1828345662407532,0.13660053799596505,278.0,472.0
F7_16.24,N15,N16,800.0,1,2400.0,2392.352691813807,142,142,150,70,7.6473081861933,3992.352691813807,33.972862211907966,32.38962101802361,-1,1,30.0,30.0,364,196,10.196398188831399,15.639371797361264,13.083961979649334,208.4052452526983,0,4,47,14,11,362,0.07145258910558171,0.16768058654316587,147.0,374.9999999999998
F11_5.6,N15,N16,800.0,1,2400.0,2391.6988896145576,108,108,151,48,8.301110385442485,3991.6988896145576,34.964766038253465,33.77392045399447,-1,-1,1.0,1.0,290,169,5.16838063946938,12.911020953152502,10.875263804950462,324.7332949432476,0,39,43,42,31,307,0.20595158036314729,0.14194372409800277,271.0,467.9999999999998
F13_5.1,N15,N16,800.0,1,2400.0,2395.0405101653214,124,124,140,63,4.95948983467872,3995.0405101653214,34.380773003513184,33.0447901568558,1,1,30.0,30.0,325,181,3.5680446133780697,12.736652792067844,10.022189886586599,429.8030214741963,0,59,50,51,37,327,0.21435776731674513,0.16415304701399,275.0,362.0
F7_16.3,N15,N22,800.0,1,2400.0,2399.8726553928404,45,75,45,0,0.1273446071596709,3999.8726553928404,38.29273245138955,41.81748462071703,-1,-1,9.0,9.0,82,70,6.821814749473984,13.03826425203306,10.637847732086412,251.92494634524678,0,17,0,23,15,120,0.11558507061197042,0.03271896803307375,202.0,1308.0000000000002
F7_17.34,N15,N16,800.0,1,2400.0,2388.246785027197,145,145,151,71,11.753214972803221,3988.246785027197,33.91808875374337,32.313225695548276,-1,1,26.0,26.0,366,194,10.547304610654143,19.617216785456094,13.853463015482532,207.82089596875088,0,4,45,15,12,367,0.06514794889038333,0.16904311033703268,147.0,383.9999999999998
F2_18.22,N15,N16,800.0,1,2400.0,2387.0509962998135,115,115,142,52,12.949003700186495,3987.0509962998135,34.81002890293413,33.40628333690885,1,1,14.0,14.0,303,168,6.3658319142011655,38.387219657916376,9.85201201323228,229.38551967662852,0,0,23,25,23,309,0.10717888365837257,0.14082626423533118,319.0,382.9999999999998
F11_6.4,N15,N16,800.0,1,2400.0,2397.611751932212,124,124,146,61,2.388248067787913,3997.611751932212,34.49944491846982,33.13416803866323,-1,-1,0.0,0.0,330,183,2.495804062068099,55.38555308866398,11.888006193437874,434.91256574766453,0,70,60,51,36,331,0.22486550100874245,0.16707296570275723,288.0,368.0
F13_8.6,N15,N16,800.0,1,2400.0,2394.555447090848,126,126,144,63,5.444552909152321,3994.555447090848,34.33103878373441,33.0256150446294,1,1,26.0,26.0,328,183,3.66842457628557,11.838150269871676,10.0557785972441,427.1598223502939,0,57,44,51,36,333,0.2101546738399462,0.16352171268398719,272.0,386.0
F7_8.21,N15,N16,800.0,1,2400.0,2388.9243612405444,156,156,152,71,11.075638759455728,3988.9243612405444,33.86602541166803,32.29736272931192,-1,1,18.0,18.0,376,193,8.90637363202999,16.608557966522994,13.908043158609194,226.77105555770623,0,5,39,17,14,379,0.06514794889038333,0.16986758749198239,184.0,375.0000000000002
F11_4.5,N15,N16,800.0,1,2400.0,2389.8954080231615,112,112,150,50,10.104591976838265,3989.8954080231615,34.89155625760845,33.64337034765463,1,1,36.0,36.0,295,167,4.678846586924183,12.380748896042405,10.804056658924319,341.55641274259807,0,40,42,46,35,312,0.20595158036314729,0.1415548624256725,277.0,474.0000000000002
F14_6.1,N15,N16,800.0,1,2400.0,2393.9973330930534,122,122,141,63,6.0026669069465015,3993.9973330930534,34.419721563854736,33.04744498291759,1,1,32.0,32.0,327,181,3.3373439470774144,11.82936709140381,10.095446235299782,437.31453457422407,0,64,53,51,36,326,0.21435776731674513,0.16544911336587947,291.0,363.0
F15_5.12,N15,N16,800.0,1,2400.0,2399.3707397252215,118,118,143,55,0.6292602747786304,3999.3707397252215,34.76141823170974,33.35527540386743,1,1,6.0,6.0,301,169,6.103263545425335,12.529434314399168,10.884327223283998,338.1659228013777,0,38,13,39,31,316,0.18493611297915266,0.13870208473436452,256.0,469.9999999999998
F3_15.6,N15,N22,800.0,1,2400.0,2395.4763991360164,83,98,83,4,4.523600863983688,3995.4763991360164,36.21144499981702,31.87203385348974,-1,-1,2.0,2.0,199,217,2.6379062867016843,263.27680391992726,11.60808341113562,344.9456837580907,0,34,30,27,27,185,0.09036650975117687,0.11348352387357097,933.0000000000001,148.9999999999999
F15_8.14,N15,N16,800.0,1,2400.0,2396.9308255711244,140,140,147,69,3.0691744288757263,3996.9308255711244,34.242108468881746,32.9372299488357,-1,-1,36.0,36.0,340,189,4.617450951463007,11.880558323264268,10.550529048462204,412.7265976638914,0,40,6,49,39,356,0.20385003362474782,0.152362138533961,317.0,382.0
F13_8.3,N15,N16,800.0,1,2400.0,2392.348849219943,135,135,150,71,7.651150780057151,3992.348849219943,34.15320880776045,32.64899609413162,-1,-1,0.0,0.0,356,199,2.9365647621935542,9.796662520393511,8.396030238073081,443.30855112277425,0,57,52,58,45,356,0.22906859448554137,0.16488797505379107,296.0,375.9999999999998
F7_19.17,N15,N16,800.0,1,2400.0,2177.878999663532,184,184,134,66,222.121000336468,3777.878999663532,33.26321995837422,31.672451086203186,-1,1,16.0,16.0,411,186,6.979681135139986,12.819457330202113,11.921526074257255,247.6541550326782,0,12,52,15,12,384,0.0609448554135844,0.1891392064559516,185.0,373.0
F3_13.8,N15,N22,800.0,1,2400.0,2389.522756605578,90,97,90,4,10.477243394422317,3989.522756605578,36.21349581227598,31.93851557537741,1,1,39.0,39.0,208,225,2.953673422276474,12.662396151238454,10.517100648519923,349.7002941743517,0,29,30,28,28,191,0.09056412572351513,0.11249317662500022,998.9999999999999,173.0
F3_11.7,N15,N22,800.0,1,2400.0,2391.0926581911554,88,99,88,4,8.907341808844421,3991.0926581911554,36.21144499981702,31.87203385348974,1,1,41.0,41.0,206,221,2.8106202455046745,22.55739755480886,11.148044615618266,342.4187510415153,0,33,30,27,27,191,0.09023482516817793,0.11406282478215114,1010.0,165.0
F3_14.10,N15,N22,800.0,1,2400.0,2399.746687416322,90,96,90,4,0.25331258367805276,3999.746687416322,36.190767800163556,31.84102872490477,1,1,34.0,34.0,210,232,3.2238693949332924,56.81096542099999,10.274629576760377,330.60179019196045,0,25,30,29,29,190,0.09250635903222144,0.11349405698444094,1007.0000000000001,162.0
F3_14.9,N15,N22,800.0,1,2400.0,2394.50345215987,86,95,86,3,5.4965478401302335,3994.50345215987,36.148976767873634,31.816758567937693,1,1,29.0,29.0,206,235,3.657829850931298,20.69167514269634,10.394936659172592,315.48883028944994,0,20,34,31,30,184,0.09460785956985124,0.11455342576445085,1023.0000000000001,169.0
F7_5.19,N15,N16,800.0,1,2400.0,2389.7546125560784,183,183,134,65,10.245387443921686,3989.7546125560784,33.26321995837422,31.672451086203186,-1,1,17.0,17.0,410,186,8.118728395707151,10.015357153956757,13.93327278745269,246.7000062122671,0,12,54,21,15,382,0.08406186953597848,0.1897393129090924,202.0,410.0
F11_6.7,N15,N16,800.0,1,2400.0,2394.2354189594503,136,136,151,70,5.764581040549842,3994.2354189594503,34.06288633085588,32.49109514544825,1,1,39.0,39.0,357,195,3.116320430966264,11.27148783944699,8.727537101248878,456.7443414763355,0,57,54,60,47,357,0.22906859448554137,0.16331537856644107,335.0,402.9999999999998
F11_5.7,N15,N16,800.0,1,2400.0,2394.5347763737154,139,139,150,69,5.465223626284796,3994.5347763737154,34.03441184358175,32.445135104924645,1,1,35.0,35.0,361,194,3.207986317894007,11.086500222938412,9.289010959763397,458.4029282707128,0,57,51,60,47,358,0.2269670477471419,0.16420756261659356,338.0,393.0
F13_8.2,N15,N16,800.0,1,2400.0,2389.7832484753744,119,119,147,58,10.216751524625579,3989.7832484753744,34.56521845757054,33.265559155766276,-1,-1,10.0,10.0,326,186,3.3100948399580625,12.102832899306122,9.917221280771473,400.3580704925851,0,50,43,45,34,324,0.20385003362474782,0.1628698722259583,285.0,558.0
F15_6.16,N15,N16,800.0,1,2400.0,2397.4745894430635,153,153,152,71,2.525410556936663,3997.4745894430635,33.879235993040346,32.29736272931192,1,1,19.0,19.0,374,193,3.24430431554387,12.585620894687509,9.640095000995526,512.4180663441427,0,58,42,58,44,376,0.21787840838723424,0.17064619314392726,354.0,374.0000000000002
F4_11.4,N15,N22,800.0,1,2400.0,2387.761505959266,76,95,76,3,12.238494040734281,3987.761505959266,36.14194250913501,31.438665534444254,1,1,6.0,6.0,196,238,2.6974687399806743,222.7790128610543,9.85253604888022,282.896665725703,0,8,40,28,28,174,0.09246805648957633,0.12716270619484762,1069.0,154.0
F15_5.13,N15,N16,800.0,1,2400.0,2395.2940633225876,128,128,142,63,4.705936677412296,3995.2940633225876,34.29747694414067,32.94123253207486,1,1,20.0,20.0,336,182,4.37433586061802,11.863236606337296,8.544354993079848,409.3001543895086,0,54,37,51,36,333,0.20595158036314729,0.15966018472083215,327.0,557.0
F7_12.33,N15,N16,800.0,1,2400.0,2392.2664968798517,215,215,131,74,7.733503120148157,3992.2664968798517,32.0080563924799,31.220168638900535,1,-1,0.0,0.0,449,248,11.017774608371752,87.2210194167451,12.27577633665841,199.79151270683792,0,0,56,12,9,420,0.08616341627437794,0.22171318090114325,146.0,424.9999999999998
F15_6.15,N15,N16,800.0,1,2400.0,2394.6875575447652,126,126,144,63,5.312442455234645,3994.6875575447652,34.30580834610264,32.94123253207486,1,1,22.0,22.0,332,182,4.0788155213314665,11.551454747095704,9.696031079556775,417.0985738897201,0,55,37,51,36,333,0.20805312710154675,0.16132862941727052,331.0,581.9999999999998
F13_5.3,N15,N16,800.0,1,2400.0,2397.178811638467,176,176,142,72,2.8211883615331317,3997.178811638467,33.66331762760391,32.04954641677383,-1,-1,1.0,1.0,408,197,2.6774947917344147,12.281724838979471,10.201322049781595,559.8480693030307,0,83,53,70,54,390,0.24798251513113653,0.19124075319435105,383.0,370.0
F11_5.14,N15,N16,800.0,1,2400.0,2399.844867539606,165,165,146,70,0.15513246039370188,3999.844867539606,33.78318988839675,32.193130555383696,-1,-1,22.0,22.0,385,204,2.6937749751957836,12.349821373149098,10.236368464592895,508.32028052200457,0,69,25,61,46,381,0.23117014122394083,0.179682246133154,378.0,398.9999999999998
F9_6.14,N15,N16,800.0,1,2400.0,2396.920598695835,173,173,144,72,3.0794013041652306,3996.920598695835,33.66332655626604,32.08852504707202,-1,-1,3.0,3.0,405,198,2.8136584486719114,12.201740293982084,9.56025711198898,556.0679793659086,0,80,50,69,53,389,0.24588096839273707,0.19018997982515132,383.0,372.9999999999998
F3_11.10,N15,N22,800.0,1,2400.0,2391.050699102442,77,97,77,3,8.949300897557691,3991.050699102442,35.96733259210214,31.04135152338619,-1,-1,33.0,33.0,194,249,3.82158218929391,14.844305414787868,12.162986230044185,266.15756047993943,0,6,44,27,27,177,0.09667114996637526,0.13560378626316852,1141.0,159.0
F4_11.1,N15,N22,800.0,1,2400.0,2393.4899671223334,76,97,76,3,6.510032877666617,3993.4899671223334,35.97367527915903,31.05318560052781,-1,-1,35.0,35.0,194,246,3.5643762179134915,211.62642666542092,13.245970022178232,266.72970902812517,0,4,45,26,26,176,0.09667114996637526,0.13366323102494937,1132.9999999999998,166.0
F11_8.6,N15,N16,800.0,1,2400.0,2396.669240106026,172,172,148,71,3.330759893974232,3996.669240106026,33.72320620793897,32.12907705965629,-1,-1,7.0,7.0,400,197,3.0627619111487263,36.6107357377814,8.16706947424893,539.010305935792,0,75,44,67,51,391,0.2437794216543376,0.18808843308675186,383.0,384.0000000000002
F7_17.37,N15,N16,800.0,1,2400.0,2389.4612326320594,205,205,135,70,10.538767367940409,3989.4612326320594,32.257440036219734,31.260799190380933,1,-1,38.0,38.0,431,209,6.580301959941693,85.27401389904207,9.143613426801272,242.9414853864423,0,7,47,15,12,410,0.07355413584398117,0.20385003362474782,198.0,423.0000000000002
F15_5.15,N15,N16,800.0,1,2400.0,2399.2806396303445,140,140,146,70,0.7193603696555328,3999.2806396303445,34.257613969652446,32.92335311714197,1,1,2.0,2.0,340,182,5.265266630499274,29.326397764788226,11.570838526359013,380.782631486647,0,44,11,49,39,356,0.19754539340954944,0.1505877355555795,326.0,629.9999999999998
F15_4.13,N15,N16,800.0,1,2400.0,2398.9534424460717,139,139,147,69,1.0465575539280962,3998.9534424460717,34.2337446030495,32.9372299488357,-1,-1,38.0,38.0,340,187,4.746572048999616,88.39457704408505,10.814054643896505,402.07651969998705,0,39,3,48,38,355,0.19754539340954944,0.15026059179556153,320.0,630.0
F9_6.12,N15,N16,800.0,1,2400.0,2395.092395982513,177,177,139,72,4.90760401748696,3995.092395982513,33.60216445029391,32.00063665819817,-1,-1,1.0,1.0,409,197,2.425773077766242,21.067564449409474,9.927020695293756,571.8443524967612,0,82,57,72,55,388,0.2506528171482325,0.19433929760957117,384.0,432.0
F11_4.6,N15,N16,800.0,1,2400.0,2393.521289472721,186,186,139,71,6.4787105272791905,3993.521289472721,33.5084306055873,31.871036045229374,1,1,35.0,35.0,414,190,2.5036050671194787,11.903307866410614,10.291454612676553,596.2062221811854,0,76,54,73,56,396,0.2516625874961117,0.19336142400806994,382.0,424.0
F11_6.6,N15,N16,800.0,1,2400.0,2394.392040666061,181,181,141,72,5.607959333938993,3994.392040666061,33.55748254986069,31.924021255266315,1,1,39.0,39.0,411,192,2.4495828265319344,12.081572631770769,9.4997324559971,586.6885967865545,0,75,56,73,56,394,0.2521856086079355,0.1923106506388702,382.0,431.9999999999998
F11_6.8,N15,N16,800.0,1,2400.0,2391.343416428431,189,189,140,69,8.656583571568945,3991.343416428431,33.45193380063669,31.812500641215387,1,1,31.0,31.0,421,185,2.4216844878337094,11.061300067310412,9.024418533540297,590.4214181382304,0,70,55,73,57,398,0.248173317904253,0.19336142400806994,382.0,402.0
F9_4.11,N15,N16,800.0,1,2400.0,2394.1197464342704,184,184,139,72,5.880253565729845,3994.1197464342704,33.55748254986069,31.871036045229374,1,1,37.0,37.0,414,189,2.4165961649695493,10.772766047552523,9.425919935595749,593.2052913190882,0,73,56,73,56,395,0.24798251513113653,0.19336142400806994,382.0,431.0
F14_5.1,N15,N16,800.0,1,2400.0,2393.9780217038174,135,135,150,71,6.02197829618251,3993.9780217038174,34.12319648380115,32.58989780697471,-1,-1,1.0,1.0,354,201,3.0733824499332187,12.259933901434806,9.585472525555028,448.5752707870356,0,57,55,59,46,356,0.22906859448554137,0.16497141896435777,296.0,624.0
F14_6.2,N15,N16,800.0,1,2400.0,2392.1427091692417,189,189,140,69,7.857290830758302,3992.1427091692417,33.4932219093111,31.810892009946,1,1,33.0,33.0,420,187,2.4500080090031813,11.634054915447223,10.095723214647506,595.7023517635571,0,75,55,73,57,398,0.2519731457370532,0.19441219737726967,382.0,407.0
F11_4.8,N15,N16,800.0,1,2400.0,2391.6648766668777,188,188,139,68,8.335123333122283,3991.6648766668777,33.390726735710714,31.765316697842785,1,1,29.0,29.0,420,186,2.3737158510659446,10.526304258721893,8.93000643869333,595.4419894819854,0,69,57,73,57,395,0.249934798145498,0.19336142400806994,382.0,404.0
F7_18.3,N15,N22,800.0,1,2400.0,2389.9724193728593,44,74,44,0,10.027580627140765,3989.9724193728593,38.598909834551506,41.81748462071703,-1,-1,10.0,10.0,81,70,6.804304174159827,11.00949849165977,11.405814648456536,250.99904799200272,0,15,0,22,14,118,0.10717888365837257,0.03257397444519166,201.0,1672.0
F11_5.10,N15,N16,800.0,1,2400.0,2395.097609175499,137,137,150,70,4.902390824501026,3995.097609175499,34.03883237196852,32.46453894911945,1,1,37.0,37.0,359,195,3.1800474354441044,11.66884880992734,9.795006758812793,457.9081287092241,0,55,52,60,47,357,0.2269670477471419,0.16394162496042755,341.0,592.0
F11_5.8,N15,N16,800.0,1,2400.0,2390.0364727684255,144,144,150,71,9.96352723157429,3990.0364727684255,33.95827095156892,32.37034347466861,1,1,28.0,28.0,366,196,3.035660105525303,11.769273417214663,10.4044575321284,482.1012485186174,0,58,47,59,46,365,0.22276395427034298,0.1676104821566925,342.0,630.9999999999998
F3_11.8,N15,N22,800.0,1,2400.0,2396.9466384542493,80,96,80,3,3.0533615457505903,3996.9466384542493,36.009018212587804,30.947565419096737,-1,-1,14.0,14.0,208,257,1.6850944517300346,230.96890846499014,12.261234756194556,305.1504416623699,0,22,45,28,28,179,0.10087424344317418,0.1433834454910867,1231.0,170.0
F11_6.17,N15,N16,800.0,1,2400.0,2397.6859035587167,197,197,135,61,2.314096441283368,3997.6859035587167,33.17935171024287,31.632011306077274,-1,-1,38.0,38.0,431,194,3.113017825256733,13.09386779799729,10.587308038573406,521.136455732948,0,48,35,67,56,393,0.2332716879623403,0.1828345662407532,416.0,411.0
F11_5.9,N15,N16,800.0,1,2400.0,2394.6178318175257,197,197,136,61,5.382168182474288,3994.6178318175257,33.14565169528224,31.64465387287367,-1,-1,32.0,32.0,427,197,2.71412668038492,11.604519895905923,9.317497375776485,536.6331450952633,0,53,36,71,59,394,0.24268961007047082,0.18808843308675186,412.0,412.0
F14_5.3,N15,N16,800.0,1,2400.0,2398.0230211945336,187,187,138,60,1.9769788054665014,3998.0230211945336,33.06906094479877,31.684779183489685,-1,-1,13.0,13.0,419,210,1.7784553016223117,79.29199744592643,1.1489840265892273,581.7854009860175,0,75,39,73,61,385,0.2521856086079355,0.19439307330195024,400.0,407.0
F13_5.2,N15,N16,800.0,1,2400.0,2392.4598141250362,186,186,130,63,7.540185874963527,3992.4598141250362,32.68556171409481,31.48002320671551,1,1,35.0,35.0,420,205,1.798726536060419,12.253317094495515,9.489439141162544,619.157142856083,0,86,57,76,65,379,0.250084061869536,0.20386920594496016,383.0,412.0
F3_13.9,N15,N22,800.0,1,2400.0,2395.368886658421,85,94,85,3,4.631113341578953,3995.368886658421,35.91311666956719,30.914400531015595,-1,-1,0.0,0.0,204,266,2.064021304032547,12.094616184547931,10.055399066904474,322.74501975873085,0,30,52,32,31,182,0.09667114996637526,0.14815904505716207,1276.0,169.0
F13_6.2,N15,N16,800.0,1,2400.0,2397.668424097595,147,147,152,71,2.3315759024047793,3997.668424097595,33.899674169382315,32.313225695548276,1,1,23.0,23.0,368,194,3.0022415454735487,50.40573616851043,9.474272110500335,507.400884468839,0,59,46,58,44,370,0.2195832761364386,0.17018745742315505,355.0,656.9999999999998
F4_14.5,N15,N22,800.0,1,2400.0,2395.4190038953857,80,96,80,3,4.580996104614314,3995.4190038953857,35.986310844237174,30.947565419096737,-1,-1,12.0,12.0,206,258,1.9206245955120973,11.70156534387138,10.100352741016202,305.3415751360574,0,23,48,29,29,179,0.09877269670477472,0.14513459106931006,1279.0000000000002,176.0
F3_13.12,N15,N22,800.0,1,2400.0,2394.581245426716,85,92,85,3,5.4187545732841045,3994.581245426716,35.8992647651527,30.90764099073472,-1,-1,1.0,1.0,203,268,2.3341703894198886,11.265083990512949,9.472835873265456,324.9998729848102,0,31,53,33,32,180,0.09667114996637526,0.14815904505716207,1291.0000000000002,158.0
F9_4.12,N15,N16,800.0,1,2400.0,2391.3796089125176,194,194,129,65,8.62039108748229,3991.3796089125176,32.49819623991876,31.36775917957707,1,1,23.0,23.0,427,211,2.3460772035423387,10.154696143465344,8.827167053123606,573.1308301588286,0,72,51,74,64,388,0.24588096839273707,0.20367458058847215,431.0000000000002,403.0
F11_8.7,N15,N16,800.0,1,2400.0,2391.867673912563,197,197,128,67,8.132326087437036,3991.867673912563,32.488116771961614,31.321766100536312,1,1,21.0,21.0,428,209,2.3876151496994322,6.900770580099788,4.706348303868403,567.8834389256741,0,70,52,74,64,392,0.2437794216543376,0.2036230425576514,431.0000000000002,413.0
F9_6.15,N15,N16,800.0,1,2400.0,2395.2653376892385,200,200,129,68,4.734662310761337,3995.2653376892385,32.481346653588076,31.290806800934458,1,1,19.0,19.0,429,205,2.3815581813877142,2.9719395578763397,1.3084350221293697,574.8529056574422,0,69,54,74,64,397,0.2437794216543376,0.20449856923320833,433.0,410.0
F11_8.11,N15,N16,800.0,1,2400.0,2399.0907491354815,163,163,145,71,0.9092508645186399,3999.0907491354815,33.78025629200363,32.193130555383696,-1,-1,24.0,24.0,380,204,2.554449789852836,11.66372065994392,9.281122553507423,508.07363785118633,0,66,23,60,45,379,0.23117014122394083,0.17863147276395427,371.0,682.9999999999998
F14_4.2,N15,N16,800.0,1,2400.0,2396.490861285181,212,212,131,71,3.5091387148190734,3996.490861285181,32.12926743156459,31.235237745997843,-1,-1,7.0,7.0,447,245,1.7874814890539896,12.119428417890504,10.1436690220611,607.1273486695961,0,89,47,78,66,414,0.27950571620712844,0.21856086079354406,385.0000000000002,411.0
F11_4.13,N15,N16,800.0,1,2400.0,2395.2654839762536,204,204,134,71,4.73451602374621,3995.2654839762536,32.27878048663092,31.260185865842075,0,0,0.0,0.0,427,210,3.43593649460786,9.072345941184267,8.157229869848669,524.1651550253229,0,52,46,67,59,409,0.24167787491593815,0.20385003362474782,416.0,417.0
F9_6.13,N15,N16,800.0,1,2400.0,2397.4653632350282,171,171,149,70,2.5346367649716512,3997.4653632350282,33.73863349903543,32.13073626772239,-1,-1,12.0,12.0,397,196,2.966205205735962,10.560042528914892,9.32489384759135,531.0331162792725,0,77,37,66,50,390,0.23957632817753868,0.1844012046446649,373.0,729.0
F9_8.7,N15,N16,800.0,1,2400.0,2396.633916616812,172,172,146,71,3.36608338318797,3996.633916616812,33.693241789598055,32.111949457232754,-1,-1,5.0,5.0,402,198,2.9175647017385793,11.621978170343482,9.802336400028356,552.849904108969,0,77,48,68,52,389,0.250084061869536,0.1891392064559516,381.0,716.0000000000002
F7_17.45,N15,N16,800.0,1,2400.0,2392.8720180455566,234,234,140,75,7.127981954443385,3992.8720180455566,29.376927523661397,30.07943457417889,-1,1,11.0,11.0,438,251,5.271124397217232,14.03058420308298,11.226025262725836,247.37750769906506,0,17,54,16,16,449,0.08616341627437794,0.24491379440301703,192.0,451.0
F3_14.12,N15,N22,800.0,1,2400.0,2395.4512435413717,75,82,75,3,4.548756458628304,3995.4512435413717,35.55625025918569,30.87772752592235,1,1,4.0,4.0,201,294,3.919148833901204,41.25789617592318,12.179942489813273,293.695639198315,0,10,56,36,31,160,0.10721715918564387,0.14607663056034512,1413.0,165.0
F7_5.25,N15,N16,800.0,1,2400.0,2395.5084370931118,221,221,135,77,4.4915629068884755,3995.5084370931118,30.49205735836269,30.782943230526776,-1,1,26.0,26.0,430,255,7.756504118126403,12.996444259990994,10.956113943139806,221.00364738657365,0,6,64,8,5,433,0.07145258910558171,0.22906859448554137,151.0,666.0
F3_14.14,N15,N22,800.0,1,2400.0,2393.5581162387075,75,80,75,3,6.441883761292502,3993.5581162387075,35.527558803568304,30.77543407653094,-1,-1,36.0,36.0,203,289,2.7282053184584196,76.36915844576288,13.887188438999585,333.8145184500395,0,15,58,39,33,158,0.10928043039677203,0.1492098184263618,1411.9999999999998,151.0
F7_18.5,N15,N22,800.0,1,2400.0,2388.2070823330514,53,82,53,3,11.792917666948824,3988.2070823330514,39.39397487488877,34.67412204767659,-1,-1,18.0,18.0,103,89,7.365450089272533,14.317691414905994,12.533480852596043,234.6179016149584,0,9,0,23,16,138,0.11138197713517149,0.05464021519838602,170.0,1975.0
F11_4.14,N15,N16,800.0,1,2400.0,2396.0665594101274,197,197,135,61,3.9334405898724754,3996.0665594101274,33.171123675495394,31.64465387287367,-1,-1,36.0,36.0,428,194,2.9892602775791506,12.801557351152042,10.627467280247819,519.392894516643,0,51,36,69,57,393,0.23747478143913922,0.18493611297915266,406.0,668.0
F13_8.4,N15,N16,800.0,1,2400.0,2394.195440035949,197,197,137,61,5.804559964050668,3994.195440035949,33.12558855861586,31.655135522795923,-1,-1,30.0,30.0,426,197,2.701061062242049,10.994276011902912,9.057633257440624,542.9835009022314,0,55,33,72,60,395,0.24167787491593815,0.19018997982515132,408.0,659.0
F11_5.11,N15,N16,800.0,1,2400.0,2395.5769316235424,212,212,131,72,4.423068376457763,3995.5769316235424,32.097091909601325,31.232608065147936,-1,-1,5.0,5.0,446,245,1.7830385682253824,11.81016593021036,9.591708861599756,612.613140733273,0,88,48,79,67,415,0.2816072629455279,0.22066240753194352,456.0000000000002,461.0
F14_5.4,N15,N16,800.0,1,2400.0,2396.12606738996,187,187,137,61,3.873932610040015,3996.12606738996,33.05187674729363,31.684779183489685,-1,-1,11.0,11.0,420,212,1.8328291891908353,13.56765335585942,11.610810060010582,584.932551327411,0,78,42,74,62,385,0.2563887020847344,0.19501674037450023,397.9999999999998,661.0
F11_8.8,N15,N16,800.0,1,2400.0,2395.717234170779,209,209,133,80,4.282765829221034,3995.717234170779,31.186998490562754,30.932254702217108,-1,-1,39.0,39.0,429,248,3.380994017012692,8.600187706232873,7.5156415035874335,547.5115058387519,0,58,46,67,60,422,0.250084061869536,0.2101546738399462,414.0,417.0
F15_5.20,N15,N16,800.0,1,2400.0,2393.8025240326033,215,215,135,80,6.197475967396713,3993.8025240326033,31.117094753648754,30.95401499669892,-1,-1,24.0,24.0,433,257,2.441291864027879,12.354180976103862,10.064591957974644,550.497106973502,0,71,65,74,67,430,0.2626933422999328,0.21856086079354406,411.0,413.0
F9_5.16,N15,N16,800.0,1,2400.0,2391.57927492814,190,190,130,63,8.420725071860147,3991.57927492814,32.646728099172726,31.444855452929573,1,1,33.0,33.0,424,208,1.9859535250427214,10.685831142834104,9.763546097754261,607.9713593049702,0,84,59,76,65,383,0.250084061869536,0.20385003362474782,384.9999999999998,661.0
F11_6.5,N15,N16,800.0,1,2400.0,2391.291823291827,184,184,131,63,8.708176708173141,3991.291823291827,32.68556171409481,31.542981394547592,1,1,37.0,37.0,416,203,1.608488302722576,51.93690824850887,0.08320581424071209,615.7268429045857,0,89,59,76,65,378,0.25428715534633495,0.2049228224526411,387.0000000000002,666.0
F7_4.23,N15,N16,800.0,1,2400.0,2394.3188636006917,239,239,155,75,5.681136399308343,3994.3188636006917,28.357443707126603,29.530901091607447,-1,1,11.0,11.0,448,275,5.942869723938498,16.32103524535887,13.22245860047134,305.363620393132,0,24,65,25,21,469,0.07145258910558171,0.2699100840449481,210.0,428.0
F13_4.6,N15,N16,800.0,1,2400.0,2394.7681954347913,217,217,136,76,5.231804565208677,3994.7681954347913,30.215780639999,30.525689222263306,0,0,2.0,2.0,424,244,3.346553668795804,7.58812218595358,7.078776322898068,593.3884388719756,0,79,41,67,60,429,0.2668964357767317,0.22591627437794218,419.0,408.0
F13_5.7,N15,N16,800.0,1,2400.0,2399.895764987142,221,221,137,77,0.10423501285845305,3999.895764987142,30.551075311101094,30.79834489499999,1,1,28.0,28.0,432,256,1.8459903858061757,0.20790185376836234,0.14201533394098853,615.846782448742,0,89,63,80,72,435,0.27950571620712844,0.22803694519166107,446.0000000000002,412.0
F3_14.11,N15,N22,800.0,1,2400.0,2391.6427757864208,75,79,75,3,8.357224213579116,3991.6427757864208,35.48206116562419,30.682153571856716,-1,-1,29.0,29.0,201,293,1.9603819217864231,56.41336681327539,12.063622624491662,354.05800118309054,0,19,60,40,35,157,0.11138197713517149,0.152362138533961,1588.9999999999998,155.0
F13_5.8,N15,N16,800.0,1,2400.0,2396.581018663858,221,221,136,76,3.418981336142224,3996.581018663858,30.204154063043575,30.528981092119704,0,0,0.0,0.0,429,244,3.340019657613322,7.557647585654877,6.601136708145268,595.8422184552529,0,76,42,68,61,433,0.2668964357767317,0.2269670477471419,421.0000000000002,407.0
F11_5.12,N15,N16,800.0,1,2400.0,2397.972012964441,222,222,138,77,2.027987035559022,3997.972012964441,30.189200649973724,30.528981092119704,-1,-1,40.0,40.0,429,245,3.2079140343438866,7.9096812932036755,7.176619969284345,604.0078465637121,0,76,42,69,62,437,0.2668964357767317,0.2269670477471419,421.0,412.0
F14_5.2,N15,N16,800.0,1,2400.0,2392.787707967641,194,194,129,65,7.21229203235896,3992.787707967641,32.53667843590659,31.377604084761668,1,1,25.0,25.0,429,213,2.1491404783036105,23.65554829566281,0.6855902215032466,580.9832493324603,0,75,53,74,64,388,0.24588096839273707,0.20494017405776857,432.0,616.0
F2_16.4,N15,N22,800.0,1,2400.0,2389.9160221064317,56,73,56,3,10.083977893568203,3989.9160221064317,38.80042834413573,34.15914443099046,1,-1,3.0,3.0,112,86,12.369771833209052,62.312103004072924,12.099587523118425,199.83421520631254,0,0,5,5,2,132,0.02942165433759247,0.05464021519838602,145.0,2167.0
F11_8.10,N15,N16,800.0,1,2400.0,2392.7664863295167,230,230,138,79,7.2335136704834895,3992.7664863295167,30.1947847742711,30.537198252968487,-1,-1,31.0,31.0,437,247,2.420630775780459,7.886872254679247,7.172885350869655,640.2484652361378,0,77,54,73,66,447,0.2732010759919301,0.23468950375917463,413.9999999999998,466.0
F11_6.12,N15,N16,800.0,1,2400.0,2392.639002369253,228,228,137,80,7.360997630746851,3992.639002369253,30.196924988712524,30.531628489036645,-1,-1,33.0,33.0,436,246,2.578072411895596,9.943796180547906,8.64483116831482,639.8249947846557,0,74,52,72,65,445,0.2732010759919301,0.23275577920351626,420.0,451.0
F11_6.21,N15,N16,800.0,1,2400.0,2399.3849357088507,239,239,141,77,0.6150642911492241,3999.3849357088507,30.172723463998366,30.54580015568824,-1,-1,20.0,20.0,450,245,2.0720192968490783,4.954975162687106,4.240838077602534,663.5906753227018,0,78,64,78,71,457,0.2816072629455279,0.23852555480833895,415.0000000000002,420.0
F13_8.10,N15,N16,800.0,1,2400.0,2397.113813331247,242,242,154,71,2.8861866687528845,3997.113813331247,29.297216804640247,30.139560382634258,-1,-1,20.0,20.0,457,265,2.1233529863730634,9.437017808653763,8.142445097748869,741.0338603528602,0,92,69,77,65,467,0.2879119031607263,0.2668964357767317,406.0,405.0
F3_13.14,N15,N22,800.0,1,2400.0,2392.5743656075038,87,64,87,0,7.425634392496136,3992.5743656075038,35.3018152504813,30.73807744965578,1,1,6.0,6.0,231,318,1.5515456740150264,320.99685587656677,11.727254003833748,338.5266072154868,0,6,72,34,33,151,0.09269003661530528,0.1618382292624895,1686.0,114.0
F3_11.9,N15,N22,800.0,1,2400.0,2391.76111169648,81,78,81,3,8.238888303520184,3991.76111169648,35.417232576908205,30.43084449594201,-1,-1,16.0,16.0,208,301,2.114688297445486,83.45194040162824,11.655102696223148,364.09493942790886,0,27,64,38,37,162,0.10087424344317418,0.15656523201075992,1680.0000000000002,169.0
F14_8.2,N15,N16,800.0,1,2400.0,2395.817301465552,213,213,133,73,4.182698534447695,3995.817301465552,32.05521370780313,31.232608065147936,-1,-1,3.0,3.0,447,246,1.8313624662857033,11.596551389991646,9.155863301189004,612.6350872839924,0,90,51,80,68,419,0.2816072629455279,0.22171318090114325,446.0,617.0
F11_8.9,N15,N16,800.0,1,2400.0,2395.663558457156,234,234,148,72,4.336441542844227,3995.663558457156,29.32316218599157,30.117123638692863,-1,-1,30.0,30.0,442,256,2.6730063414789003,10.729895951615617,9.036189033154585,725.3270920718526,0,84,57,72,60,454,0.2816072629455279,0.25743947545393414,414.9999999999998,456.0
F13_6.4,N15,N16,800.0,1,2400.0,2394.6370671102495,233,233,147,73,5.362932889750368,3994.6370671102495,29.33235259187859,30.114070137018867,-1,-1,32.0,32.0,443,257,2.8017717328601077,16.311599884639918,9.657700476115757,718.5648889741183,0,82,54,71,59,453,0.2816072629455279,0.2553379287155347,431.0,429.0
F14_8.3,N15,N16,800.0,1,2400.0,2396.2762000195135,237,237,150,70,3.7237999804865467,3996.2762000195135,29.32316218599157,30.134568527586133,-1,-1,26.0,26.0,449,260,2.4358571422979276,10.270963565224747,9.150628336097679,730.9240724251754,0,89,60,74,62,457,0.28478346348925604,0.26079281037714896,430.9999999999998,428.0
F11_4.11,N15,N16,800.0,1,2400.0,2395.282653113469,213,213,132,74,4.7173468865308905,3995.282653113469,32.0080563924799,31.220168638900535,-1,-1,1.0,1.0,447,247,1.7403664004160717,8.757745761848128,6.841357051947382,636.6127411713292,0,93,56,81,69,419,0.28370880968392737,0.22171318090114325,448.0,612.0
F13_5.6,N15,N16,800.0,1,2400.0,2398.712714987619,218,218,130,73,1.2872850123807211,3998.712714987619,31.87746499201979,31.139343028533453,1,1,38.0,38.0,450,249,1.622904619946119,3.5632768998630127,2.6873060676985223,628.176172789212,0,97,56,82,70,421,0.27878666345394815,0.22032905971879735,448.0,607.0
F11_6.9,N15,N16,800.0,1,2400.0,2398.7613071694514,217,217,131,73,1.238692830548871,3998.7613071694514,31.96785697178512,31.2104633241389,-1,-1,0.0,0.0,451,247,1.6197442497001677,4.195215923731439,3.676338298212578,634.0599447108305,0,100,59,83,71,421,0.28370880968392737,0.22171318090114325,454.0,607.0
F4_13.2,N15,N22,800.0,1,2400.0,2391.5376881437396,84,79,84,3,8.462311856260612,3991.5376881437396,35.40248419945694,30.355588568578558,-1,-1,6.0,6.0,220,303,2.1790612590621663,73.28257565008653,10.578327651042397,403.92958320624706,0,34,70,39,39,166,0.09877269670477472,0.15866677874915938,1737.0000000000002,164.0
F13_8.5,N15,N16,800.0,1,2400.0,2397.9831658668336,212,212,134,80,2.0168341331662987,3997.9831658668336,31.186998490562754,30.932254702217108,-1,-1,37.0,37.0,433,250,3.202281996990161,10.317489770799966,8.639155577705992,556.167060577439,0,60,49,68,61,426,0.2521856086079355,0.2117886968009887,412.0,604.0
F13_5.12,N15,N16,800.0,1,2400.0,2399.233709775613,213,213,133,80,0.7662902243870349,3999.233709775613,31.159604965234937,30.94635680942822,-1,-1,33.0,33.0,432,250,3.021306978637413,10.858187686872725,8.62249466258044,543.3812213636435,0,65,55,70,63,426,0.2563887020847344,0.21584208165176327,410.0,603.0
F13_6.3,N15,N16,800.0,1,2400.0,2396.6163433848346,209,209,133,79,3.383656615165478,3996.6163433848346,31.196629334441845,30.934335385290836,0,0,0.0,0.0,429,245,3.534681428462271,5.096062871619097,4.976810756155457,540.3367319799377,0,58,47,66,59,421,0.24798251513113653,0.20910390047074648,425.0000000000002,605.0
F14_5.5,N15,N16,800.0,1,2400.0,2395.2488665648557,247,247,157,67,4.751133435144311,3995.2488665648557,29.26927975392963,30.153659875144545,-1,-1,13.0,13.0,460,278,1.8526224501925448,4.975121921039772,3.7585563355903435,694.479825752359,0,98,75,80,68,471,0.29538546536586796,0.2721306189055374,453.9999999999998,420.0
F7_10.27,N15,N16,800.0,1,2400.0,2394.4075390383705,218,218,147,83,5.59246096162974,3994.4075390383705,25.955285742231872,27.451433499832618,-1,1,28.0,28.0,409,326,10.199832319833892,68.62991657452494,13.444224760751188,216.1137137438371,0,4,112,14,11,448,0.07355413584398117,0.32996198050617964,162.0,434.0
F14_6.3,N15,N16,800.0,1,2400.0,2398.730403321205,246,246,155,69,1.2695966787950965,3998.730403321205,29.264482566539495,30.153659875144545,-1,-1,16.0,16.0,459,272,1.90171674567988,6.885803063724779,5.73166783882259,727.1566639298062,0,97,73,79,67,470,0.2921149966375252,0.2700487558843309,463.0000000000002,456.0
F15_6.21,N15,N16,800.0,1,2400.0,2398.1463377512964,233,233,159,76,1.8536622487033583,3998.1463377512964,28.270742055462016,29.425837668232397,-1,-1,38.0,38.0,444,281,3.099148682385166,8.621346688274116,7.054549376566486,759.3211189275958,0,84,48,69,62,468,0.30052118359112306,0.26374411566913253,410.0,402.0
F7_6.28,N15,N16,800.0,1,2400.0,2389.1102219869135,240,240,155,73,10.889778013086698,3989.1102219869135,28.465711619563955,29.58725351074021,-1,1,16.0,16.0,451,282,6.525024007851452,15.099965156870212,12.709170066854192,276.80764253487723,0,21,67,23,20,468,0.06935104236718224,0.2732010759919301,205.0,562.0
F13_8.14,N15,N16,800.0,1,2400.0,2392.6122627678815,238,238,159,73,7.387737232118411,3992.6122627678815,28.304256037794435,29.398649310172488,-1,-1,27.0,27.0,454,300,2.4417332334570743,8.928306729925453,7.115606874605475,731.446725691699,0,89,60,74,67,470,0.3152320107599193,0.2761183254606084,408.0,411.0
F14_5.14,N15,N16,800.0,1,2400.0,2393.176868119169,243,243,161,73,6.82313188083117,3993.176868119169,28.30692468123402,29.39805423470274,-1,-1,23.0,23.0,459,302,2.187166527339013,9.171398358321767,7.389023650641017,724.6196916276631,0,90,62,76,69,477,0.3194351042367182,0.27990352262790835,408.0,409.0
F15_4.19,N15,N16,800.0,1,2400.0,2397.0767751119524,219,219,138,80,2.923224888047457,3997.0767751119524,31.060766104920205,30.97875629057434,-1,-1,16.0,16.0,442,249,2.0751490331746445,6.876812016619169,5.21400796085655,571.9560132339117,0,80,70,78,71,437,0.27115875747948415,0.22171318090114325,451.0,513.0
F2_10.25,N15,N16,800.0,1,2400.0,2394.8399627774616,211,211,134,70,5.160037222538335,3994.8399627774616,32.18827775903388,31.3073198943302,-1,-1,21.0,21.0,441,235,0.8588524108954392,10.32556006778168,8.579324625705715,490.47743852410014,0,57,45,82,82,415,0.26059179556153333,0.21225622057834567,785.0,403.0
F13_6.5,N15,N16,800.0,1,2400.0,2399.263438780326,220,220,142,80,0.7365612196739448,3999.263438780326,30.784149587360115,30.8749995261682,-1,-1,1.0,1.0,436,252,1.5930297033018574,5.7495297266382295,3.912702529771342,589.3942003609772,0,98,77,83,75,442,0.2816072629455279,0.23117014122394083,455.0,490.0
F4_13.3,N15,N22,800.0,1,2400.0,2393.0778993899403,90,68,90,0,6.922100610059715,3993.0778993899403,35.270103319435535,30.349004672744385,-1,-1,29.0,29.0,245,323,1.547945027175752,326.41688191753906,15.546333010184265,358.25613326755985,0,11,79,34,34,158,0.0945696032279758,0.17114363796549015,1775.0,152.0
F13_8.8,N15,N16,800.0,1,2400.0,2398.944307040304,247,247,158,69,1.055692959695989,3998.944307040304,28.286489605824038,29.366587230822017,-1,-1,14.0,14.0,466,302,1.8525539954419117,5.394767282739167,4.346807380605684,730.5188387224057,0,96,71,80,73,474,0.32994283792871554,0.2879119031607263,458.0,407.0
F13_6.7,N15,N16,800.0,1,2400.0,2399.5837168567123,247,247,158,68,0.4162831432877283,3999.5837168567123,28.29279113220501,29.366587230822017,-1,-1,11.0,11.0,466,305,1.8073141113647115,5.817407822081577,4.770798715816283,728.5113108006694,0,98,75,81,74,473,0.33414593140551446,0.2879119031607263,452.0,405.0
F14_5.8,N15,N16,800.0,1,2400.0,2399.483881150997,247,247,159,66,0.5161188490030781,3999.483881150997,28.29388446852904,29.337376685137084,-1,-1,8.0,8.0,466,304,1.6181394457229452,4.039144944998725,2.652570118858397,744.3288962189962,0,103,80,82,75,472,0.33414593140551446,0.2879119031607263,456.0,408.0
F15_5.21,N15,N16,800.0,1,2400.0,2393.987318979392,231,231,138,78,6.012681020607829,3993.987318979392,30.181183438096472,30.525300817951898,-1,-1,29.0,29.0,438,249,2.4096156835882043,8.74793623246137,8.193205430073634,644.9202578662391,0,79,55,74,67,447,0.27596220052383436,0.23537323470073976,422.0,505.0
F14_5.6,N15,N16,800.0,1,2400.0,2397.6525458347055,233,233,160,83,2.3474541652946073,3997.6525458347055,27.437129208599142,28.71569541179946,1,1,0.0,0.0,431,287,3.2685600929998726,9.171835026454119,7.861711262190486,728.0130740310386,0,69,73,67,60,476,0.31313046402151984,0.2953569697360834,412.0,411.0
F3_13.13,N15,N22,800.0,1,2400.0,2397.5788651132975,91,68,91,0,2.4211348867023617,3997.5788651132975,35.26780103174387,30.284279071677414,-1,-1,23.0,23.0,250,325,1.6930154757224716,64.23840494693263,10.86181292439875,366.9896407381463,0,17,82,35,35,159,0.09667114996637526,0.17337760591795565,1833.9999999999998,170.99999999999977
F13_8.9,N15,N16,800.0,1,2400.0,2395.5728891088725,247,247,159,69,4.427110891127654,3995.5728891088725,28.27666694041094,29.393548062652467,-1,-1,16.0,16.0,465,304,1.9538183662121213,7.255421043366368,5.50020233132609,729.0742179803711,0,96,71,79,72,475,0.3278412911903161,0.28686112979152656,455.0,408.0
F13_8.7,N15,N16,800.0,1,2400.0,2399.667092069917,249,249,160,69,0.3329079300831381,3999.667092069917,28.161043333833366,29.153125113879174,1,1,41.0,41.0,468,304,1.5137033075157835,1.574800004719009,1.115518993074604,812.8068542225872,0,111,92,83,76,478,0.34002536694195473,0.2939344648910105,448.0,420.0
F3_13.15,N15,N22,800.0,1,2400.0,2399.664566888269,80,52,80,3,0.3354331117311631,3999.664566888269,34.853284033245345,30.08207446027484,-1,-1,22.0,22.0,305,348,0.9526587126363081,114.77905620837714,11.695687549236162,402.8845917966457,0,34,87,40,37,135,0.1050773369199731,0.1859868863483524,1757.0,165.0
F4_13.4,N15,N22,800.0,1,2400.0,2391.285924706759,69,33,69,5,8.714075293240853,3991.285924706759,34.334542431699965,30.008265872817727,-1,-1,28.0,28.0,326,327,0.7459078984613423,296.20286856291364,13.859734950276463,456.1370351554661,0,35,97,42,38,107,0.10717888365837257,0.1891392064559516,1676.0,162.0
F3_11.11,N15,N22,800.0,1,2400.0,2396.6045428779576,91,67,91,0,3.395457122042444,3996.6045428779576,35.23782979225005,30.31171439018512,-1,-1,4.0,4.0,264,338,0.7036956381242249,220.78516197934937,11.880092858252324,407.604810187275,0,35,86,36,36,158,0.10087424344317418,0.17555470693663247,1829.9999999999998,167.99999999999977
F6_11.1,N15,N22,800.0,1,2400.0,2399.2076656663476,68,17,68,4,0.7923343336525477,3999.2076656663476,33.265351719273,29.157920033158515,-1,-1,13.0,13.0,415,362,0.07171696295721174,502.56602171065356,1.3930302954770621,425.48025875298345,0,34,121,37,36,89,0.1050773369199731,0.20069771351714863,1490.0,161.0
F3_14.15,N15,N22,800.0,1,2400.0,2399.278248501181,74,45,74,4,0.7217514988187759,3999.278248501181,34.66941405713716,30.222040606280277,1,1,38.0,38.0,302,328,0.8429300212174224,308.26305474070887,11.413435357488199,469.3549844128221,0,36,100,38,37,123,0.09461355270007564,0.19427773724538286,1736.9999999999998,170.0
F13_8.12,N15,N16,800.0,1,2400.0,2392.61091300783,232,232,162,82,7.389086992170064,3992.61091300783,27.43114242345446,28.714310518992402,0,0,0.0,0.0,431,289,3.1685190046875156,9.915061000967853,8.627488832467497,726.6272350324293,0,72,70,68,61,476,0.3089273705447209,0.29736886348352387,408.0,456.0
F14_8.5,N15,N16,800.0,1,2400.0,2395.5988653194145,229,229,163,79,4.401134680585528,3995.5988653194145,27.31304166584299,28.668975359177626,-1,-1,27.0,27.0,426,304,2.399740948693569,10.053389443702144,8.519410419339511,769.2574413988946,0,80,64,75,67,471,0.3152320107599193,0.3057750504371217,404.0,453.0
F13_4.7,N15,N16,800.0,1,2400.0,2396.9629444262937,233,233,146,77,3.0370555737063114,3996.9629444262937,29.30947177350652,30.073389727734618,-1,-1,41.0,41.0,437,253,3.426035147513863,8.414892655379845,7.796737696401032,679.0663319935645,0,76,46,67,58,456,0.2816072629455279,0.2490332885003363,404.0000000000002,556.0
F14_5.7,N15,N16,800.0,1,2400.0,2396.056090101248,231,231,164,72,3.9439098987518264,3996.056090101248,27.275484674204833,28.59911204198537,-1,-1,10.0,10.0,429,315,1.6399305117660876,3.9664866901696314,3.298789138592996,808.2845451219954,0,101,76,82,73,467,0.332044384667115,0.31628278412911903,459.0,416.0
F11_6.10,N15,N16,800.0,1,2400.0,2396.36284559031,239,239,151,70,3.637154409689856,3996.36284559031,29.32316218599157,30.134568527586133,-1,-1,24.0,24.0,453,264,2.3751918226857534,10.164717434333625,8.653134769865368,722.7183224720649,0,89,62,75,63,460,0.28581035642232683,0.2626933422999328,428.0,574.0
F6_11.2,N15,N22,800.0,1,2400.0,2393.7685046161705,62,13,62,4,6.231495383829497,3993.7685046161705,32.674458434073124,28.86086697202189,-1,-1,34.0,34.0,422,361,0.4761867370941254,11.588498383432807,9.341859257841637,433.5446006995324,0,19,123,37,36,79,0.0945696032279758,0.20069771351714863,1488.0,170.0
F4_11.6,N15,N22,800.0,1,2400.0,2393.5448063382355,63,13,63,5,6.455193661764497,3993.5448063382355,32.61764023136875,28.838634922081624,-1,-1,32.0,32.0,425,362,0.7348666623006501,11.669628259767933,9.998806579156094,426.8077146656874,0,19,126,38,37,81,0.0945696032279758,0.20069771351714863,1500.0000000000002,159.0
F6_11.0,N15,N22,800.0,1,2400.0,2388.5735065385425,69,17,69,4,11.426493461457426,3988.5735065385425,33.22710222986647,29.109752889951356,-1,-1,10.0,10.0,418,360,0.34080268831410315,16.535501876570834,11.293972320583894,431.70354979504145,0,35,120,38,37,90,0.10717888365837257,0.20069771351714863,1545.0,178.0
F13_4.8,N15,N16,800.0,1,2400.0,2398.396960292601,221,221,165,71,1.6030397073990343,3998.396960292601,27.041163336966147,28.447848822473272,1,1,40.0,40.0,411,316,1.4390624733934303,0.5156579739789322,0.5034548399243521,843.6483026453891,0,114,95,84,75,457,0.332044384667115,0.3248906288023632,449.0,429.0
F13_5.10,N15,N16,800.0,1,2400.0,2399.742816478391,218,218,161,73,0.25718352160902214,3999.742816478391,26.805670087454605,28.229711007686973,1,1,28.0,28.0,404,305,1.857793411496182,0.2233431409840705,0.1508569080501864,896.883387249968,0,104,84,80,72,452,0.3278412911903161,0.3235303213731671,439.0,429.0
F13_6.11,N15,N16,800.0,1,2400.0,2391.312790442742,206,206,154,95,8.687209557257916,3991.312790442742,26.349462815067923,27.89763419579911,-1,-1,32.0,32.0,386,295,2.4904012492536935,13.871972559576534,10.615809229702032,927.26305782948,0,82,84,72,61,455,0.304724277067922,0.3225874243443174,405.0,429.0
F4_11.8,N15,N22,800.0,1,2400.0,2391.4794449677547,60,8,60,8,8.52055503224517,3991.4794449677547,32.134151642090906,28.531477009092097,1,1,8.0,8.0,445,373,0.7140786636472845,152.12305016762775,11.124318001928515,491.23471885853263,0,28,120,39,37,76,0.08830321116341623,0.20281838710670788,1488.0,130.0
F14_6.4,N15,N16,800.0,1,2400.0,2398.060680962455,244,244,154,70,1.9393190375448057,3998.060680962455,29.288457512151144,30.149040835199855,-1,-1,18.0,18.0,459,267,1.9846498524189804,9.353496636384534,7.2091822226557305,745.2303315436209,0,93,71,78,66,468,0.29001344989912575,0.26794720914593145,456.9999999999998,560.0
F13_6.12,N15,N16,800.0,1,2400.0,2397.4686312895874,207,207,154,93,2.5313687104126075,3997.4686312895874,26.350168129880004,27.87216435996574,-1,-1,22.0,22.0,395,304,2.221307123883716,6.57168192290942,4.850838821671266,941.5870131907175,0,92,93,77,64,454,0.3089273705447209,0.32363819771351715,417.0,462.0
F15_6.20,N15,N16,800.0,1,2400.0,2399.069082410252,251,251,158,69,0.9309175897481055,3999.069082410252,29.07499168491193,30.09768413699413,-1,-1,0.0,0.0,465,278,1.4699079717131083,0.8977381216971025,0.5001846552052052,693.6659201719718,0,100,96,84,72,478,0.3089273705447209,0.277404169468729,445.0,559.0
F6_11.4,N15,N22,800.0,1,2400.0,2389.725781373734,55,4,55,6,10.27421862626602,3989.725781373734,29.93274980198464,27.17500970528684,1,1,4.0,4.0,444,354,1.0348628259949466,276.68171898242076,14.036187913800836,412.5268991120048,0,16,129,34,33,65,0.08620183969458958,0.2133261275572048,1310.0,182.0
F5_11.1,N15,N22,800.0,1,2400.0,2390.571001334591,53,5,53,6,9.42899866540904,3990.571001334591,29.745720909152624,27.05247434198331,-1,-1,26.0,26.0,438,366,0.904915805498857,291.5680431787582,12.828953509940625,419.68348130513215,0,20,125,34,34,64,0.09036650975117687,0.21435776731674513,1322.0,150.0
F14_6.12,N15,N16,800.0,1,2400.0,2392.9934390990184,240,240,159,73,7.0065609009817535,3992.9934390990184,28.304256037794435,29.398649310172488,-1,-1,25.0,25.0,457,304,2.3529855711281384,9.922361199576471,9.131525323708596,723.9047741119608,0,90,61,75,68,472,0.31733355749831876,0.2779437301950295,413.0,512.0
F4_11.7,N15,N22,800.0,1,2400.0,2399.9663472540615,56,7,56,7,0.0336527459384115,3999.9663472540615,31.597009868220965,28.328110665758732,-1,-1,28.0,28.0,438,373,0.8974236608970725,333.75721392779883,12.987834768738285,582.9640622303222,0,33,129,39,37,70,0.09036650975117687,0.20595158036314729,1478.0,174.0
F15_6.25,N15,N16,800.0,1,2400.0,2392.4504796846777,211,211,139,95,7.549520315322525,3992.4504796846777,25.5086557815732,27.16242142338848,-1,-1,37.0,37.0,390,309,2.997781697099977,11.205925092315283,9.643580385442842,784.3768640075342,0,82,89,70,62,445,0.29631809011432414,0.3246889710827169,434.0,410.0
F15_8.24,N15,N16,800.0,1,2400.0,2395.3362141262487,208,208,141,93,4.663785873751067,3995.3362141262487,25.487687793773432,27.17034455775762,0,0,2.0,2.0,389,307,3.4014194491307834,6.613452133475903,4.664970936185609,786.1973975381336,0,82,85,67,59,442,0.2921149966375252,0.3225874243443174,422.0,471.0
F2_12.24,N15,N16,800.0,1,2400.0,2396.5900450778518,215,215,134,80,3.409954922148131,3996.5900450778518,31.14521318910701,30.961909866622758,-1,-1,30.0,30.0,437,251,0.8675253048175384,1.93251677112994,1.8754142561410414,492.00621283680005,0,33,57,91,91,429,0.27109952925353065,0.21751008742434433,961.9999999999998,424.0
F14_6.7,N15,N16,800.0,1,2400.0,2396.392671780714,231,231,139,90,3.6073282192859324,3996.392671780714,25.50945982353772,27.103833191182517,-1,-1,23.0,23.0,412,324,2.132287692363407,7.497994969211959,6.65519304002071,827.8184041479618,0,93,101,77,69,460,0.3110289172831204,0.33099361129791527,443.0,421.0
F5_11.0,N15,N22,800.0,1,2400.0,2391.440772191353,56,10,56,7,8.559227808647165,3991.440772191353,28.30688152660245,25.974733668029263,-1,-1,4.0,4.0,448,352,1.2619492777435484,13.568143824588105,10.48591283020237,500.11276756488013,0,32,145,39,37,73,0.09246805648957633,0.2164593140551446,1279.0,162.0
F5_11.3,N15,N22,800.0,1,2400.0,2397.6162020707798,56,10,56,6,2.3837979292201226,3997.6162020707798,28.889001161365794,26.174754330548122,-1,-1,38.0,38.0,461,342,0.7238353146512151,390.83701189204817,12.163177142863834,456.4903091650892,0,27,138,37,35,72,0.09246805648957633,0.21120544720914594,1304.9999999999998,176.0
F13_8.11,N15,N16,800.0,1,2400.0,2395.0769631105672,229,229,139,91,4.9230368894326375,3995.0769631105672,25.50330256643106,27.114458741843308,-1,-1,25.0,25.0,409,325,2.204537182711641,8.51278232374466,5.72982211647775,811.8601182503219,0,91,98,76,68,459,0.30818636755069617,0.33099361129791527,466.0,424.0
F4_11.11,N15,N22,800.0,1,2400.0,2390.2661022326815,56,9,56,7,9.733897767318581,3990.2661022326815,28.301406082527638,25.94166602234241,-1,-1,2.0,2.0,448,351,1.436771898141906,11.977975808533756,9.160356096803092,511.37502388574353,0,33,146,40,38,72,0.09246805648957633,0.2164593140551446,1280.0,161.0
F13_6.8,N15,N16,800.0,1,2400.0,2399.8810267550866,250,250,159,68,0.11897324491337713,3999.8810267550866,28.24701386982775,29.28285284810761,-1,-1,3.0,3.0,472,305,1.5643305068774194,2.0389457547557868,1.429046758302463,795.727386270349,0,108,85,83,76,477,0.3353372922814014,0.2910642232683255,447.0,508.0
F6_11.6,N15,N22,800.0,1,2400.0,2395.7291480761724,57,8,57,7,4.270851923827536,3995.7291480761724,27.50378918379327,25.176128761958264,-1,-1,10.0,10.0,438,341,0.4510036094746111,347.3707903818354,11.574234004555352,548.7477557582889,0,27,144,38,38,72,0.09667114996637526,0.22381472763954272,1205.0,163.0
F6_11.3,N15,N22,800.0,1,2400.0,2392.716927119529,53,6,53,6,7.283072880471309,3992.716927119529,29.509888408285466,27.008177014473805,-1,-1,16.0,16.0,439,369,1.2486110502718684,111.25678671499577,11.921469930765621,427.4504539125863,0,21,134,35,35,65,0.0945696032279758,0.21435776731674513,1377.9999999999998,173.0
F4_11.10,N15,N22,800.0,1,2400.0,2395.86895824162,57,11,57,4,4.131041758380093,3995.86895824162,28.13467229810634,25.42096668650159,-1,-1,39.0,39.0,466,332,0.2800063430769181,492.9458395512793,0.2895904176189995,517.330335797777,0,19,138,37,37,72,0.09036650975117687,0.21856086079354406,1238.0,163.0
F7_18.1,N15,N16,800.0,1,2400.0,2397.2799245220394,2,2,19,4,2.7200754779604495,3997.2799245220394,0.0,0.0,0,-1,1.0,1.0,4,7,9.403954733292014,530.6047346057949,9.403954733292014,267.40305024029203,0,0,0,1,1,25,0.027320107599193007,0.0,170.00000000000006,173.0
F7_8.2,N15,N16,800.0,-1,2400.0,1127.882714223865,17,17,42,7,327.87933910383197,2727.882714223865,38.65058545841625,37.01789205595036,-2,1,36.0,36.0,26,23,10.012885870008887,200.0,10.012885870008887,247.17791555516783,0,0,0,0,0,66,0.006304640215198386,0.012609280430396773,34.0,141.0
F7_17.0,N15,N16,800.0,1,2400.0,2396.0707058131993,3,3,24,5,3.929294186800689,3996.0707058131993,0.0,0.0,-1,1,34.0,34.0,5,7,9.119790634271261,73.25553470430123,9.32592440535564,267.18364476007554,0,0,0,2,2,32,0.031523201075991936,0.0,212.0,143.0
F7_8.1,N15,N16,800.0,-1,2400.0,1484.6262152111858,16,16,40,7,684.6145611569394,3084.626215211186,41.4162077104642,37.01789205595036,-2,-1,25.0,25.0,24,16,9.363591665511178,14.08856489246645,9.363591665511178,252.17553572692538,0,0,0,1,1,63,0.006304640215198386,0.009456960322797579,71.0,144.0
F7_12.1,N15,N16,800.0,1,2400.0,2313.566282664795,8,8,25,4,86.43371733520519,3913.566282664795,0.0,0.0,-1,1,10.0,10.0,11,7,7.248863335400896,10.868816278011991,9.058148507199325,284.8441005982775,0,1,0,5,5,37,0.035726294552790853,0.0,194.0,143.0
F7_18.3,N15,N16,800.0,1,2400.0,2399.2554597079697,11,11,29,8,0.7445402920301376,3999.2554597079697,0.0,0.0,1,-1,1.0,1.0,15,18,8.664263427413925,586.1172089808631,8.542388321466818,278.1371394490713,0,0,0,2,2,48,0.006304640215198386,0.0010507733691997312,157.99999999999994,133.0
F7_12.0,N15,N16,800.0,1,2400.0,1843.7094443509222,10,10,29,8,556.290555649078,3443.7094443509222,0.0,0.0,1,-1,9.0,9.0,14,17,9.16608806053251,80.17513373477641,8.81059734048687,275.60793257452207,0,0,0,2,2,47,0.03992938802958978,0.0010507733691997312,148.00000000000006,148.0
F7_18.2,N15,N16,800.0,1,2400.0,1942.4322274339825,15,15,43,5,457.56777256601754,3542.4322274339825,41.4162077104642,37.64203890145015,-1,0,2.0,2.0,22,15,3.0959900769123507,141.75753386729002,7.435516712516434,369.99120994817514,0,6,0,5,5,63,0.0441324815063887,0.0021015467383994624,114.0,136.0
F9_5.0,N15,N16,800.0,1,2400.0,2395.679674001784,16,16,39,5,4.320325998216163,3995.679674001784,46.64044059795437,39.183673469387756,1,1,8.0,8.0,22,18,11.866407443909303,200.0,11.866407443909303,203.77690846133598,0,0,0,0,0,60,0.006304640215198386,0.0021015467383994624,145.0,165.0
F7_10.0,N15,N16,800.0,-1,2400.0,928.2730079735331,19,19,54,9,128.2491929117466,2528.273007973533,38.65058545841625,37.61751873848819,-2,1,5.0,5.0,32,21,9.818714015001213,43.932242099563155,8.910107064921112,248.06434444944475,0,0,0,5,4,82,0.018913920645595158,0.013660053799596504,15.0,199.0
F7_10.1,N15,N16,800.0,1,2400.0,2395.5240393488975,10,10,26,4,4.475960651102696,3995.5240393488975,0.0,0.0,1,-1,33.0,33.0,14,10,8.762333884399608,110.90390329507522,7.356824766745754,274.9050468576958,0,0,0,7,7,40,0.03992938802958978,0.0010507733691997312,202.0,174.0
F7_18.0,N15,N16,800.0,-1,2400.0,1199.1074580862148,17,17,44,8,399.07296106901106,2799.107458086215,38.65058545841625,37.76378987731478,-2,1,27.0,27.0,28,23,9.739445149726976,64.94972639544034,8.543122635866231,246.92388834136017,0,0,0,5,5,69,0.018913920645595158,0.013660053799596504,50.0,186.0
F7_10.2,N15,N16,800.0,1,2400.0,2398.6979221575234,13,13,34,6,1.3020778424765922,3998.6979221575234,46.829268292682926,0.0,-1,1,39.0,39.0,16,18,8.841049840268475,59.085651466053605,10.22023245314438,273.5481165383113,0,0,0,7,7,53,0.037827841291190316,0.0021015467383994624,219.00000000000006,145.0
F7_17.1,N15,N16,800.0,1,2400.0,1722.6376401795128,13,13,62,10,677.3623598204873,3322.637640179513,32.720187628620394,36.9676949584574,1,-1,29.0,29.0,27,23,9.221349113633671,161.13828740308713,8.444218730113768,278.61505762413225,0,0,0,0,0,85,0.02942165433759247,0.01786314727639543,90.0,135.0
F7_12.2,N15,N16,800.0,1,2400.0,2392.2492740021016,15,15,37,5,7.750725997898485,3992.2492740021016,46.64044059795437,39.183673469387756,-1,1,22.0,22.0,17,18,5.5869777068550315,58.232299589042896,10.442941914443338,380.945646320382,0,5,0,8,8,57,0.037827841291190316,0.0021015467383994624,207.00000000000006,149.0
F7_18.4,N15,N16,800.0,1,2400.0,2205.573782112477,16,16,37,8,194.42621788752274,3805.573782112477,41.4162077104642,37.01789205595036,1,-1,17.0,17.0,24,18,9.381947207713687,246.8551234882218,9.352851080131456,278.3292125768601,0,0,0,4,4,61,0.0336247478143914,0.01050773369199731,164.0,196.0
F7_12.4,N15,N16,800.0,1,2400.0,2391.404590948221,17,17,43,7,8.59540905177903,3991.404590948221,38.65058545841625,37.01789205595036,-1,1,37.0,37.0,26,23,6.925805094912493,142.18196368941972,10.125375951280631,330.1328588554178,0,1,0,4,4,67,0.02942165433759247,0.012609280430396773,217.0,144.0
F7_19.0,N15,N16,800.0,1,2400.0,2397.9236228667405,18,18,49,9,2.076377133259598,3997.9236228667405,38.65058545841625,37.61751873848819,-1,1,14.0,14.0,30,21,5.428741576987706,211.07339123969632,8.98729961661704,334.5319640704504,0,3,0,5,5,76,0.027320107599193007,0.013660053799596504,209.0,191.9999999999999
F11_8.1,N15,N16,800.0,1,2400.0,2392.6924172298345,17,17,57,14,7.307582770165368,3992.6924172298345,33.56277454731684,36.221541010226446,-1,-1,7.0,7.0,36,39,8.553100502583634,78.76290517757116,9.033893109614596,229.8644283069995,0,2,1,5,3,88,0.05674176193678548,0.021015467383994624,186.0,173.0
F7_10.5,N15,N16,800.0,1,2400.0,2399.273380970335,16,16,56,10,0.7266190296650166,3999.273380970335,33.563737606709495,36.116364204244725,1,-1,41.0,41.0,36,32,5.143777952373997,334.74390685597973,6.715029162607119,284.95906173581045,0,1,0,4,4,82,0.05416477574474291,0.01786314727639543,190.0,200.0
F7_10.4,N15,N16,800.0,1,2400.0,2397.720498148613,12,12,54,12,2.2795018513872947,3997.720498148613,33.8440390010316,36.47752955309781,1,-1,1.0,1.0,24,26,7.817964467601925,200.0,7.817964467601925,274.63811576349246,0,0,0,0,0,78,0.00840618695359785,0.01891392064559516,248.0,188.9999999999999
F7_17.3,N15,N16,800.0,1,2400.0,2398.980459193147,23,23,62,14,1.0195408068528877,3998.980459193147,33.452260810012504,36.04774267745169,-1,1,20.0,20.0,46,53,7.079172054109809,67.19540206022634,10.243946757233292,283.85670751699485,0,2,0,8,8,99,0.06935104236718224,0.02206624075319435,197.0,149.9999999999999
F11_8.2,N15,N16,800.0,1,2400.0,2393.3054473458474,25,25,50,13,6.694552654152517,3993.3054473458474,32.967449837352675,36.32914672846123,-1,-1,30.0,30.0,58,59,11.120692251050214,163.83034366318338,12.417965079711973,212.5769537650493,0,0,1,9,3,88,0.0777572293207801,0.024167787491593814,158.0,151.9999999999999
F2_15.3,N15,N22,800.0,1,2400.0,2394.0043102665177,3,28,3,11,5.9956897334823225,3994.0043102665177,33.452260810012504,35.18513585358847,1,1,6.0,6.0,53,62,8.71356623712469,756.3328191017279,8.71356623712469,280.93108756135774,0,0,0,1,0,42,0.012609280430396773,0.0010507733691997312,163.0,198.0
F7_19.1,N15,N16,800.0,1,2400.0,2395.374153843716,12,12,54,12,4.625846156283956,3995.374153843716,33.8440390010316,36.47752955309781,1,-1,1.0,1.0,24,26,8.020588925164008,174.46056628733345,7.109245232866257,274.63811576349246,0,0,0,4,4,78,0.035726294552790853,0.01891392064559516,255.0,193.0
F13_6.0,N15,N16,800.0,1,2400.0,2391.9206214205938,40,40,52,10,8.079378579406352,3991.9206214205938,33.382912577862356,35.852075313129184,-1,-1,33.0,33.0,87,72,11.208298743181453,282.3455034603978,10.97321548309622,212.01737556701104,0,0,0,6,0,102,0.05043712172158709,0.0304724277067922,147.0,157.0
F7_19.2,N15,N16,800.0,1,2400.0,2394.4465942466863,24,24,52,13,5.553405753313768,3994.4465942466863,33.12195387235017,36.32914672846123,1,-1,35.0,35.0,57,56,9.388235446593585,117.17645458152538,9.598797595013455,267.71134534276564,0,0,1,7,7,89,0.0609448554135844,0.021264772672550593,192.0,187.0
F15_8.0,N15,N16,800.0,1,2400.0,2392.4824498497196,29,29,52,14,7.517550150280272,3992.4824498497196,33.101422127302165,36.38686599460672,-1,-1,2.0,2.0,61,65,7.4993058050670625,79.96696122521757,11.288603117784186,239.20434832712465,0,5,3,10,6,95,0.07355413584398117,0.027320107599193007,187.0,164.0
F9_6.1,N15,N16,800.0,1,2400.0,2398.9693913475962,35,35,54,10,1.030608652403771,3998.9693913475962,33.61104389017862,36.130484112633646,1,1,9.0,9.0,77,67,10.946105139504686,75.42082739699208,11.220216036240227,218.4412978551518,0,0,0,12,6,99,0.0777572293207801,0.023117014122394083,154.0,179.0
F9_5.4,N15,N16,800.0,1,2400.0,2389.550412282073,34,34,51,11,10.449587717927216,3989.550412282073,33.65226619908674,36.845376416182084,1,1,30.0,30.0,73,64,10.787469458272067,40.308478785546185,11.183000596057438,216.08029526864,0,0,0,11,4,96,0.07565568258238063,0.025218560860793545,177.0,170.0
F9_6.2,N15,N16,800.0,1,2400.0,2397.881915830049,43,43,47,11,2.1180841699509756,3997.881915830049,33.40022520735279,35.698048936067885,-1,-1,8.0,8.0,92,77,6.82402954478072,45.36771563688785,11.538648145928486,254.4213025494785,0,9,1,12,0,101,0.04833557498318763,0.03257397444519167,183.0,181.0
F9_6.4,N15,N16,800.0,1,2400.0,2391.1043680293133,47,47,54,6,8.89563197068685,3991.1043680293133,33.79760497502602,34.93913712228959,1,1,7.0,7.0,97,81,10.707959415546078,10.84330314011936,8.98820198289655,220.95348217452857,0,0,0,15,4,107,0.08652952208376503,0.036777067921990585,163.0000000000001,172.0
F15_6.0,N15,N16,800.0,1,2400.0,2391.8472682815723,46,46,52,11,8.15273171842773,3991.8472682815723,33.59558448673526,35.80168106289768,1,1,40.0,40.0,98,77,7.689292402904225,32.13794504108,10.36289637320502,251.32015445239503,0,8,0,21,9,109,0.09104518292997611,0.03167227866202526,189.0000000000001,170.0
F13_8.0,N15,N16,800.0,1,2400.0,2390.7757398442104,45,45,46,7,9.22426015578958,3990.7757398442104,33.611912718820136,34.14099325024789,-1,-1,30.0,30.0,97,77,7.738283667764046,88.10004645575646,12.346813521236614,240.954281502009,0,5,1,11,4,98,0.0945696032279758,0.04737830104057357,149.0000000000001,163.0
F7_6.6,N15,N16,800.0,1,2400.0,2393.04714843287,46,46,55,7,6.9528515671297555,3993.04714843287,33.65746790684774,35.597841924115016,-1,1,22.0,22.0,96,85,7.0312875973006435,178.2699961246576,8.528297162654251,293.9565825008531,0,4,0,12,12,108,0.06304640215198387,0.03705386958178695,202.9999999999999,149.0
F11_5.1,N15,N16,800.0,1,2400.0,2395.8321999827313,45,45,46,11,4.167800017268519,3995.8321999827313,33.40022520735279,35.62744733904424,-1,-1,6.0,6.0,94,76,7.906406237178826,58.40048481193321,10.480591897886416,252.9083064834363,0,11,1,21,8,102,0.0945696032279758,0.03257397444519167,206.0,166.0
F2_15.8,N15,N22,800.0,1,2400.0,2397.2090729507145,3,47,3,13,2.7909270492855285,3997.2090729507145,33.912146819108386,34.60979040426387,1,1,33.0,33.0,94,94,8.248932166816035,264.617224505075,7.706243239736892,281.07054174373957,0,0,0,4,0,63,0.0441324815063887,0.0073554135843981175,152.0,155.0
F7_5.3,N15,N16,800.0,1,2400.0,2398.517734983218,47,47,56,11,1.4822650167819802,3998.517734983218,33.912146819108386,33.97673552870353,-1,1,33.0,33.0,94,94,8.510643654785003,118.08768499266989,9.269192494924367,266.29601671109094,0,0,0,7,7,114,0.03992938802958978,0.060944855413584395,153.0,182.0
F7_8.9,N15,N16,800.0,1,2400.0,2399.658414773347,48,48,51,6,0.3415852266530237,3999.658414773347,33.74637996047745,34.58365532278935,-1,1,1.0,1.0,98,79,6.238734619615327,22.335240780606,8.371304784232304,334.34404849026646,0,10,0,18,18,105,0.0672494956287828,0.03887861466039005,201.0,185.0
F7_17.8,N15,N16,800.0,1,2400.0,2393.164858577899,48,48,54,6,6.83514142210106,3993.164858577899,33.79760497502602,34.79408668638285,-1,1,4.0,4.0,98,79,6.313675739841714,63.28959720028183,8.951135233394393,333.691663046755,0,10,0,18,18,108,0.0672494956287828,0.038262928373018215,202.9999999999999,191.0
F13_8.1,N15,N16,800.0,1,2400.0,2396.957065597313,48,48,46,11,3.0429344026872513,3996.957065597313,33.67023992954336,33.917227090069744,-1,-1,7.0,7.0,98,83,6.191712916186921,20.08647583482798,10.583343165014387,269.41189816526753,0,12,2,16,7,105,0.0945696032279758,0.059894082044384664,201.0000000000001,164.0
F9_5.8,N15,N16,800.0,1,2400.0,2399.9179334533856,48,48,55,11,0.0820665466144419,3999.9179334533856,33.89090441191127,33.97673552870353,1,1,35.0,35.0,94,92,8.878427456337088,17.25924255387872,10.867329108491502,249.50870442495938,0,1,0,17,9,114,0.09667114996637526,0.060944855413584395,175.0000000000001,187.0
F7_6.8,N15,N16,800.0,1,2400.0,2397.9420097359425,48,48,57,10,2.0579902640577075,3997.9420097359425,33.912146819108386,33.97673552870353,-1,1,31.0,31.0,96,94,9.721272155474368,466.99849880287206,10.560223350546657,262.2278382202582,0,0,0,2,2,115,0.018913920645595158,0.060944855413584395,210.0,144.0
F15_5.0,N15,N16,800.0,1,2400.0,2390.5730001272186,47,47,46,10,9.426999872781607,3990.5730001272186,33.65638266455949,33.92332933911101,-1,-1,11.0,11.0,97,81,5.823731138139698,47.97873640061198,10.851574298832743,266.3582388859628,0,12,2,13,5,103,0.09877269670477472,0.059894082044384664,206.0000000000001,163.0
F2_11.11,N15,N22,800.0,1,2400.0,2399.880493147417,13,37,13,12,0.11950685258295835,3999.880493147417,33.47977341139841,34.26243246992527,1,1,33.0,33.0,101,105,8.19538239521796,10.922455203941581,8.468772432538124,277.72678778093217,0,0,0,4,4,62,0.029207656290027303,0.004203093476798925,139.0,169.0
F2_13.6,N15,N22,800.0,1,2400.0,2398.7328432631843,11,37,11,13,1.267156736815764,3998.7328432631843,33.47977341139841,34.2767985659761,1,1,35.0,35.0,97,106,8.338368414504107,528.2725474941103,8.005873006852754,275.0523109341568,0,0,0,3,3,61,0.025218560860793545,0.004203093476798925,150.0,156.0
F13_5.1,N15,N16,800.0,1,2400.0,2394.3123303076864,37,37,60,10,5.687669692313648,3994.3123303076864,33.59862110190922,33.069728225565456,-1,-1,12.0,12.0,93,91,6.473301738448217,12.5829984743973,10.611677808695136,270.87430031027816,0,12,7,19,9,107,0.13029589778076667,0.06935104236718224,198.0,164.0
F9_6.3,N15,N16,800.0,1,2400.0,2393.1351922397507,52,52,58,8,6.864807760249505,3993.1351922397507,34.20917291745891,33.6046685381933,1,1,8.0,8.0,109,91,10.267313382213215,99.92304686389411,7.927092867729725,230.0542811837387,0,0,0,16,7,118,0.11558507061197042,0.061559436569903245,181.0,212.0
F13_5.0,N15,N16,800.0,1,2400.0,2392.4143752054833,36,36,64,12,7.585624794516775,3992.4143752054833,33.45183151469929,33.122789061105,-1,-1,2.0,2.0,88,90,6.490501233530182,12.11670037806266,11.003002532678344,274.1837052544806,0,17,7,25,14,112,0.1387020847343645,0.06935104236718224,197.0,160.0
F15_5.3,N15,N16,800.0,1,2400.0,2392.7822246715336,35,35,60,11,7.217775328466473,3992.7822246715336,33.43129011031896,33.0972521448334,-1,-1,8.0,8.0,88,91,6.21126001390059,12.126178933835035,9.303521861341258,274.5083705890177,0,15,7,22,11,106,0.13662611472560812,0.06935104236718224,198.0,166.0
F13_8.2,N15,N16,800.0,1,2400.0,2393.101957019927,36,36,61,10,6.8980429800731144,3993.101957019927,33.486366427135344,33.0972521448334,-1,-1,10.0,10.0,89,90,6.179800079614056,12.159472050036356,10.202512950110219,276.5358101843649,0,14,7,20,10,107,0.1344989912575656,0.06935104236718224,200.0,166.0
F9_5.10,N15,N16,800.0,1,2400.0,2397.2274966814293,36,36,71,11,2.772503318570557,3997.2274966814293,33.50351153430403,33.311611929851985,1,1,24.0,24.0,104,94,9.93541834639434,13.387399621136865,10.822024070427483,248.55321158016437,0,2,0,22,11,118,0.1281943510423672,0.06500388632177724,185.0,152.0
F2_19.9,N15,N22,800.0,1,2400.0,2391.2024706128095,15,39,15,12,8.797529387190707,3991.2024706128095,33.50351153430403,34.030272044316874,1,1,24.0,24.0,104,99,8.315001668634103,53.90836861573712,8.22769055123005,275.1034030249378,0,0,0,6,3,66,0.0609448554135844,0.0043496038608849975,135.0,237.0
F11_6.0,N15,N16,800.0,1,2400.0,2393.808793143268,49,49,54,10,6.191206856732265,3993.808793143268,34.026784659548134,33.89829008529262,1,1,25.0,25.0,98,92,10.495342309979392,16.094812127899104,8.145814848366715,230.98308135668572,0,0,0,17,7,113,0.09933320614971405,0.06304640215198386,211.0,203.0
F11_8.3,N15,N16,800.0,1,2400.0,2393.80345158065,35,35,62,11,6.196548419350279,3993.80345158065,33.39370754214724,33.0972521448334,-1,-1,6.0,6.0,89,91,6.108105231692407,12.323353483777282,9.7111554320558,274.1388096841571,0,16,7,23,12,108,0.1387020847343645,0.06935104236718224,207.0,165.0
F7_17.10,N15,N22,800.0,1,2400.0,2397.015923277783,11,37,11,13,2.98407672221731,3997.015923277783,33.47977341139841,34.2767985659761,-1,1,35.0,35.0,97,106,8.159439331501275,40.74459060926188,8.423524315164874,266.9929992269764,0,0,0,8,2,61,0.054640215198386015,0.004203093476798925,194.0,198.0
F14_6.0,N15,N16,800.0,1,2400.0,2397.2008048767393,37,37,70,11,2.7991951232605743,3997.2008048767393,33.52388754917865,33.311611929851985,1,1,26.0,26.0,104,93,9.332918403378436,85.68950881154842,11.547515441398748,251.72306300410844,0,1,0,22,11,118,0.13029589778076667,0.06409717552118359,194.0,165.0
F9_8.7,N15,N16,800.0,1,2400.0,2393.70146201172,36,36,68,14,6.298537988279918,3993.70146201172,33.533727540517184,32.77006924055172,1,1,13.0,13.0,121,107,9.592978450511882,11.399647680427051,9.508508947254464,241.81699360889053,0,0,0,24,10,118,0.1281943510423672,0.06409717552118359,172.0,157.0
F9_6.6,N15,N16,800.0,1,2400.0,2399.666358258085,35,35,75,14,0.33364174191478924,3999.666358258085,33.52643464628915,32.73442541454965,-1,-1,36.0,36.0,106,103,9.551215726964518,96.88056964432258,10.753141328816607,236.37868397257787,0,2,3,17,8,124,0.12399125756556827,0.06514794889038332,173.0,210.0
F11_8.5,N15,N16,800.0,1,2400.0,2398.7424766292866,33,33,71,16,1.2575233707133293,3998.7424766292866,33.5449727880665,32.77006924055172,1,1,24.0,24.0,115,105,9.558425846134263,10.641445186028477,8.773783385047665,251.25935844345167,0,1,0,22,9,120,0.12931320602722776,0.061995628782784126,194.0,145.0
F7_15.12,N15,N22,800.0,1,2400.0,2392.70005595958,19,49,19,15,7.299944040420087,3992.70005595958,33.60344110266443,33.73594642586223,-1,1,40.0,40.0,142,111,8.597549629749246,474.6586674257542,8.597549629749246,265.2588654163546,0,0,0,1,0,83,0.031523201075991936,0.01996469401479489,137.0,171.0
F2_17.15,N15,N22,800.0,1,2400.0,2397.7105542161785,24,39,24,12,2.2894457838214066,3997.7105542161785,33.53608069219494,33.93218224128527,1,1,3.0,3.0,128,95,8.341192765166515,31.021589227458435,8.07039049706459,280.8382216314284,0,0,0,7,4,75,0.07355413584398117,0.0168123739071957,158.0,198.0
F9_8.4,N15,N16,800.0,1,2400.0,2394.928546148773,35,35,69,15,5.071453851227034,3994.928546148773,33.51936589059108,32.77006924055172,1,1,17.0,17.0,117,107,9.709796033682847,13.657630750140925,9.12712973333905,243.3816078711315,0,0,0,24,10,119,0.1281943510423672,0.061995628782784126,190.0,151.0
F2_13.8,N15,N22,800.0,1,2400.0,2397.585661917135,21,50,21,15,2.414338082865015,3997.585661917135,33.58678969302696,33.71071995645182,1,1,38.0,38.0,145,111,7.32563800441086,253.93367981886672,6.3802951101232335,304.34903078340034,0,0,0,11,4,86,0.07291348978094551,0.01996469401479489,167.0,155.0
F11_4.6,N15,N16,800.0,1,2400.0,2391.7371246047765,36,36,54,13,8.26287539522366,3991.7371246047765,33.609495962738265,32.38422059501376,-1,-1,5.0,5.0,137,106,6.365407856761656,10.211765437399436,8.310667757509828,276.1293031909827,0,16,13,29,13,103,0.14080363147276395,0.06409717552118359,198.0,167.0
F15_5.2,N15,N16,800.0,1,2400.0,2392.5239803238974,32,32,72,17,7.476019676102396,3992.5239803238974,33.56942568663388,32.695671507467935,1,1,39.0,39.0,110,103,4.90236462683806,10.915699637384932,9.330313869573198,284.76740036083146,0,18,3,22,12,121,0.12609280430396774,0.06830026899798251,207.0,216.0
F15_4.7,N15,N16,800.0,1,2400.0,2392.84962316566,34,34,57,13,7.15037683434025,3992.84962316566,33.619581669842795,32.43186249715146,-1,-1,11.0,11.0,133,104,6.696592202283028,12.410429718947626,9.861627966106717,271.3866038888621,0,16,12,26,11,104,0.13660053799596505,0.06409717552118359,206.0,162.0
F11_4.7,N15,N16,800.0,1,2400.0,2392.4282077294874,34,34,55,13,7.571792270512333,3992.4282077294874,33.609495962738265,32.443925675278635,-1,-1,7.0,7.0,134,108,6.7769220970356105,12.469629168717574,10.073429392616946,271.0289106227058,0,16,12,28,12,102,0.14080363147276395,0.06409717552118359,198.0,172.0
F9_6.5,N15,N16,800.0,1,2400.0,2391.8838778797876,36,36,74,15,8.116122120212253,3991.8838778797876,33.52223976052371,32.629736133685206,-1,-1,28.0,28.0,109,102,9.48204704561583,44.616801179500044,9.378638627761394,237.9610295255049,0,2,3,18,9,125,0.12399125756556827,0.06830026899798251,234.0,225.0
F15_5.7,N15,N16,800.0,1,2400.0,2392.6615325865905,36,36,55,14,7.338467413409376,3992.6615325865905,33.576552006793165,32.63529354756399,1,1,36.0,36.0,147,102,5.796874773216473,11.990967577652327,9.729844183227387,310.16275171258064,0,19,6,32,13,105,0.14193164049134044,0.05957886211570795,208.0,148.0
F7_6.12,N15,N16,800.0,1,2400.0,2398.8116282654482,38,38,33,15,1.1883717345515379,3998.8116282654482,33.48056104282126,32.16590554882205,0,-1,1.0,1.0,154,101,10.112963864584827,18.178549069708197,9.86851438139502,272.0068873479872,0,0,10,2,2,86,0.0441324815063887,0.055690988567585746,162.0,184.0
F2_10.20,N15,N16,800.0,1,2400.0,2391.802295187906,34,34,53,13,8.197704812093889,3991.802295187906,33.525911998242975,32.68085287035777,1,1,29.0,29.0,150,104,7.797055449718133,12.018678440565282,9.967515862566309,285.2012354394264,0,0,0,12,0,100,0.07145258910558171,0.05478422479615374,271.0,154.0
F11_5.3,N15,N16,800.0,1,2400.0,2391.637882421645,36,36,36,16,8.362117578355083,3991.637882421645,33.539866946669875,32.17961617835724,-1,-1,6.0,6.0,153,103,2.73381167507126,10.76544460284913,9.601603557429842,364.94918519725337,0,43,6,30,10,88,0.15341291190316073,0.055690988567585746,210.0,151.0
F7_5.7,N15,N16,800.0,1,2400.0,2397.241088747519,44,44,28,12,2.758911252480857,3997.241088747519,33.370827523100175,32.17995909154226,-1,1,16.0,16.0,168,111,6.977851351520855,24.938530632382935,10.42049341609545,282.948918713215,0,3,0,13,4,84,0.0876259001490507,0.04413248150638871,196.0,136.0
F9_8.8,N15,N16,800.0,1,2400.0,2399.631251411665,33,33,49,10,0.36874858833527924,3999.631251411665,33.49374792697421,32.65704589992612,1,1,17.0,17.0,150,111,8.241201820580093,47.077878236140805,11.123645777069136,284.7932785583527,0,5,0,27,12,92,0.13029589778076667,0.04833557498318763,250.0,168.0
F9_8.6,N15,N16,800.0,1,2400.0,2391.0003937885263,33,33,52,11,8.99960621147386,3991.0003937885263,33.477137529844505,32.68259194610058,1,1,24.0,24.0,151,108,6.709578606372443,14.2782371312328,9.278389009455628,301.2230497592014,0,9,0,30,12,96,0.1344989912575656,0.05148789509078682,254.0,173.0
F2_16.7,N15,N22,800.0,1,2400.0,2391.5291949082607,25,50,25,15,8.470805091739294,3991.5291949082607,33.54122390295026,33.734107999566824,1,1,31.0,31.0,148,109,7.982733007229831,23.353022145671957,7.826103353696727,284.69694974273176,0,0,0,11,4,90,0.07293528879085882,0.02101546738399462,163.0,311.0
F2_14.11,N15,N22,800.0,1,2400.0,2399.8700934948397,28,56,28,10,0.12990650516042024,3999.8700934948397,33.384189288047416,33.72984048968538,1,1,27.0,27.0,168,100,4.881827997790958,10.473956661096281,8.324735805487936,321.2352709452806,0,3,3,11,5,94,0.050475369872225916,0.026288464187447215,177.0,204.0
F2_11.15,N15,N22,800.0,1,2400.0,2393.525283759813,40,63,40,10,6.4747162401866944,3993.525283759813,33.033630056347484,33.67975431622614,1,1,36.0,36.0,180,99,6.8554086924514985,22.56084185916029,9.51927719851386,306.29964600476586,0,0,1,17,7,113,0.06518690889315505,0.035745462010490524,160.0,151.0
F2_13.11,N15,N22,800.0,1,2400.0,2394.940384212585,36,63,36,10,5.059615787415169,3994.940384212585,33.059373755360994,33.69891940510614,1,1,41.0,41.0,177,103,6.276567705734396,31.94392642760249,5.6484303870642565,313.6603351089754,0,6,5,11,5,109,0.08134235690882682,0.03838241439153915,174.0,155.0
F9_6.9,N15,N16,800.0,1,2400.0,2394.976463379301,42,42,30,13,5.023536620698678,3994.976463379301,33.41000511931209,32.26388182520575,1,1,31.0,31.0,166,107,3.6893230999069595,11.67064448593942,9.283281076990683,347.5317971623268,0,38,0,34,12,85,0.15341291190316073,0.047284801613987903,267.0,168.0
F7_17.15,N15,N16,800.0,1,2400.0,2396.7745274921745,43,43,25,11,3.225472507825657,3996.7745274921745,33.36901175998312,32.112904200466275,-1,1,8.0,8.0,168,115,7.23360552301871,69.45621767225043,9.883302850423718,282.36076023569893,0,3,0,14,6,79,0.0882649630127774,0.04203093476798924,213.0,188.0
F2_8.12,N15,N16,800.0,1,2400.0,2393.9185521216086,45,45,29,12,6.081447878391145,3993.9185521216086,33.393357965404086,32.27602253565483,1,1,24.0,24.0,172,105,4.798470391355917,9.464875558731364,7.2199336690512785,317.3979753465994,0,4,0,11,5,86,0.04627227639542699,0.045471013669770965,284.0,152.0
F9_6.8,N15,N16,800.0,1,2400.0,2392.8017057077845,43,43,23,10,7.198294292215337,3992.8017057077845,33.34493291659444,32.112904200466275,1,1,7.0,7.0,167,116,9.44440755296357,11.919153465905993,10.276938599297715,279.4190317432481,0,8,0,26,13,76,0.13660053799596505,0.04203093476798924,253.0,169.0
F9_8.5,N15,N16,800.0,1,2400.0,2399.347079555856,32,32,36,14,0.6529204441441152,3999.347079555856,33.556850047129664,32.21049903382247,-1,-1,18.0,18.0,149,107,3.1843968427761213,331.6703368861165,10.982615854473575,340.1092042259255,0,30,1,25,7,82,0.13660053799596505,0.054640215198386015,243.0,212.0
F9_8.9,N15,N16,800.0,1,2400.0,2394.9240857034138,43,43,27,11,5.07591429658612,3994.9240857034138,33.39237522137259,32.112904200466275,1,1,11.0,11.0,166,112,8.369051006098077,63.704886458648616,11.942443798724703,286.61779499945294,0,10,0,26,11,81,0.13660053799596505,0.04308170813718897,261.0,163.0
F9_5.11,N15,N16,800.0,1,2400.0,2399.6572600990157,44,44,18,9,0.3427399009842702,3999.6572600990157,33.33544277361562,32.05432795921559,-1,-1,38.0,38.0,178,115,8.079822445954804,25.21490005589635,10.17216775653112,300.15433242626654,0,16,1,27,13,71,0.13660053799596505,0.0441324815063887,249.0,160.0
F7_15.18,N15,N22,800.0,1,2400.0,2397.5137793699896,40,62,40,12,2.486220630010621,3997.5137793699896,32.9923207861855,33.72327410648634,1,-1,30.0,30.0,193,96,7.759925598875815,16.07301104655039,8.907117893615851,285.65970134759675,0,0,1,20,15,114,0.08196032279757902,0.03632694365293857,171.0,177.0
F7_16.11,N15,N22,800.0,1,2400.0,2399.266866450829,28,50,28,15,0.7331335491710433,3999.266866450829,33.49375256652856,33.78932573860267,-1,1,3.0,3.0,157,111,5.785762766156652,139.50390535732572,9.406597474099248,309.2229992782216,0,6,0,13,11,93,0.08616341627437794,0.023117014122394086,172.0,390.0
F7_5.8,N15,N16,800.0,1,2400.0,2398.9351406210462,51,51,19,8,1.0648593789535425,3998.9351406210462,32.91867165359552,32.21067259326813,-1,1,16.0,16.0,183,110,6.471924090000109,171.19452546988236,9.17192859818425,308.67257975813567,0,6,0,7,6,78,0.0336247478143914,0.04078710155630568,207.0,186.0
F9_6.11,N15,N16,800.0,1,2400.0,2391.4865663183805,52,52,18,9,8.513433681619631,3991.4865663183805,32.9509853649998,32.12368690422246,1,1,1.0,1.0,189,111,6.719489925537212,30.133433679835207,8.298982654395186,323.296688113685,0,10,0,29,16,79,0.13029589778076667,0.04098016139878951,260.0,150.0
F15_5.8,N15,N16,800.0,1,2400.0,2395.9212869007956,49,49,17,12,4.078713099204265,3995.9212869007956,33.033630056347484,32.20051266947702,1,1,37.0,37.0,177,106,2.3387746475008484,52.52753367296668,10.850112018811998,403.44555481683494,0,50,0,36,18,78,0.1492098184263618,0.0441324815063887,270.0,168.0
F7_6.15,N15,N16,800.0,1,2400.0,2396.856995692996,62,62,18,8,3.1430043070040483,3996.856995692996,32.47785477963324,32.04152571746653,-1,1,23.0,23.0,202,99,4.706789235276404,11.008347951775704,8.035069103548526,320.2265577061904,0,9,0,6,4,88,0.03725351265699025,0.048335574983187635,208.0,140.0
F7_6.16,N15,N16,800.0,1,2400.0,2393.9628500780514,59,59,18,8,6.037149921948526,3993.9628500780514,32.22830214679814,31.897782934468392,1,-1,5.0,5.0,212,74,8.779594123078741,56.95554943934167,9.761255232692212,272.5027565764803,0,0,9,15,2,85,0.07985877605917956,0.061995628782784126,151.0,140.0
F15_5.9,N15,N16,800.0,1,2400.0,2394.426799025642,49,49,18,9,5.573200974357974,3994.426799025642,32.91867165359552,32.21067259326813,1,1,18.0,18.0,179,108,5.417647702619189,10.715498282118233,8.66199434125229,339.5661737750331,0,28,0,33,16,76,0.13660053799596505,0.03957427407659968,290.0,140.0
F11_4.11,N15,N16,800.0,1,2400.0,2395.946882418092,52,52,19,8,4.0531175819080545,3995.946882418092,32.91867165359552,32.200843565621824,1,1,14.0,14.0,186,110,6.062804026902756,9.985357726515076,8.685602586444057,328.3492447900318,0,20,0,32,16,79,0.1373709141541356,0.04098016139878951,282.0,146.0
F9_5.12,N15,N16,800.0,1,2400.0,2393.7525735320805,54,54,14,10,6.247426467919354,3993.7525735320805,32.9923207861855,32.012941510426614,-1,-1,27.0,27.0,195,113,5.602008954809828,10.890081778341255,9.418909121090799,354.07965352137927,0,22,2,34,18,78,0.1344989912575656,0.048335574983187635,245.0,154.0
F11_8.12,N15,N16,800.0,1,2400.0,2390.7022810996355,53,53,14,9,9.29771890036443,3990.7022810996355,32.98950496293612,32.102623406088924,-1,-1,39.0,39.0,190,112,7.2124402522379345,19.484966357621488,9.934279545882456,321.86221676485496,0,9,0,31,17,76,0.13029589778076667,0.04203093476798924,255.0,157.0
F2_14.14,N15,N22,800.0,1,2400.0,2394.7429230310413,37,66,37,14,5.2570769689587,3994.7429230310413,32.38061619984516,33.80951840564346,1,1,0.0,0.0,196,124,5.538947584543136,9.998372664574617,8.897684552034958,307.9536938537371,0,1,3,8,1,117,0.052576932864100374,0.04520238623273769,204.0,156.0
F7_19.12,N15,N22,800.0,1,2400.0,2394.785693669518,32,61,32,9,5.214306330482032,3994.785693669518,33.37040692889938,33.74183657750578,-1,1,19.0,19.0,171,100,6.339486409694811,33.85432966381882,7.932605140322523,283.22291170529763,0,3,0,11,8,102,0.07985877605917956,0.02524948272549555,178.0,396.0
F9_4.8,N15,N16,800.0,1,2400.0,2395.307255862454,51,51,19,8,4.6927441375461285,3995.307255862454,32.91867165359552,32.21067259326813,1,1,16.0,16.0,183,110,5.819054974914122,10.592903957016915,8.313338707448695,331.91607993700785,0,24,0,33,16,78,0.13917899012703644,0.04078710155630568,286.0,198.0
F2_17.20,N15,N16,800.0,1,2400.0,2395.028225874503,60,60,16,9,4.971774125497063,3995.028225874503,32.5610726962823,32.043939998383905,1,1,33.0,33.0,205,100,5.6366823656553,27.566784571663675,8.772106399791094,351.4523599324705,0,2,0,16,0,85,0.08672629316854225,0.04623402824478817,207.0,207.99999999999977
F11_4.8,N15,N16,800.0,1,2400.0,2395.478950787335,57,57,15,11,4.5210492126648205,3995.478950787335,32.97013220203714,32.005037529098175,-1,-1,21.0,21.0,198,112,4.6569538285840615,11.640845542417992,9.315814955166518,378.5296400679032,0,27,4,37,21,83,0.14500672494956288,0.049386348352387366,291.0,177.0
F11_4.12,N15,N16,800.0,1,2400.0,2389.2059623317173,62,62,19,8,10.79403766828284,3989.2059623317173,32.433171777340625,32.047711695272795,1,1,19.0,19.0,201,99,5.14382774145765,13.444358308072196,10.37373946784108,401.61764279057877,0,46,0,40,19,89,0.14867151183821123,0.049386348352387366,267.0,163.0
F9_6.10,N15,N16,800.0,1,2400.0,2394.2218035239894,56,56,15,11,5.778196476010407,3994.2218035239894,32.97013220203714,31.98670715890349,-1,-1,23.0,23.0,197,115,4.854818332304068,9.89707055961594,8.587137021768896,372.40036241795207,0,25,3,36,20,82,0.14290517821116341,0.049386348352387366,259.0,204.0
F11_6.2,N15,N16,800.0,1,2400.0,2392.639026497721,59,59,16,12,7.3609735022793075,3992.639026497721,32.8803688481804,31.997844760902424,-1,-1,8.0,8.0,205,104,3.9290198248336514,11.775751010753993,10.451886178170666,410.4042046923362,0,49,4,42,24,87,0.14500672494956288,0.049386348352387366,292.0,170.99999999999977
F13_8.9,N15,N16,800.0,1,2400.0,2394.04793415664,56,56,22,2,5.9520658433599465,3994.04793415664,31.89805867226614,31.953414812856746,1,1,16.0,16.0,208,73,4.319741447480332,14.206422269603308,11.733321374702063,416.3770666374231,0,41,0,38,18,80,0.15723112205642167,0.059894082044384664,261.0,147.00000000000023
F11_8.14,N15,N16,800.0,1,2400.0,2397.5392708312656,56,56,22,3,2.460729168734474,3997.5392708312656,31.95778834842288,31.96218898816293,1,1,20.0,20.0,212,73,3.49178628140307,12.808793319233018,11.275117930683276,440.3167606111735,0,47,0,38,18,81,0.16059773922587128,0.05674176193678548,267.0,148.99999999999977
F11_6.5,N15,N16,800.0,1,2400.0,2395.978326896373,56,56,22,2,4.021673103626995,3995.978326896373,31.890118528474066,31.96218898816293,1,1,18.0,18.0,209,74,3.937218922066323,13.07071115051167,11.623391010851792,432.15792569201074,0,43,0,38,18,80,0.15930586024140775,0.0577925353059852,261.0,161.0
F9_4.10,N15,N16,800.0,1,2400.0,2388.5057609297564,57,57,22,3,11.494239070243793,3988.5057609297564,31.98671619790825,31.96218898816293,1,1,21.0,21.0,213,73,3.237650267984839,33.73115540376352,11.48226513204012,439.1861633912188,0,48,0,38,18,82,0.16181909885675858,0.05551696233532731,264.0,150.0
F9_5.14,N15,N16,800.0,1,2400.0,2392.4035719368867,58,58,22,4,7.596428063113535,3992.4035719368867,32.06705735035093,31.948777300199165,1,1,25.0,25.0,214,76,2.5923241832066743,44.32102458639338,10.903689791545055,462.30055744862614,0,52,0,38,18,84,0.15968245116060184,0.05358944182918628,266.0,160.00000000000023
F13_6.6,N15,N16,800.0,1,2400.0,2392.7091532510694,51,51,19,3,7.290846748930335,3992.7091532510694,31.781465117699433,31.898876682241358,-1,-1,32.0,32.0,207,72,6.158911559565885,12.687669039485854,10.253634058856187,366.03911080051444,0,17,3,38,19,73,0.15341291190316073,0.07040181573638198,257.0,141.0
F2_12.12,N15,N22,800.0,1,2400.0,2394.4779496452093,31,58,31,10,5.522050354790736,3994.4779496452093,33.411389801205026,33.73976128280615,1,1,22.0,22.0,175,99,5.624005442273646,8.032810517938515,6.708435922139857,313.096779071113,0,4,3,11,4,99,0.050475369872225916,0.02626933422999328,228.0,533.0
F7_15.22,N15,N22,800.0,1,2400.0,2398.6291317267774,49,77,49,7,1.370868273222527,3998.6291317267774,31.314937193002827,33.66108683320087,-1,1,16.0,16.0,217,154,6.6247269779572875,50.35526349927841,9.749110586171971,294.6102135829477,0,3,3,19,13,133,0.0882649630127774,0.05884330867518495,191.0,198.0
F9_5.15,N15,N16,800.0,1,2400.0,2392.941901416347,53,53,22,2,7.058098583653191,3992.941901416347,31.811444865289676,31.905589651532434,-1,-1,39.0,39.0,207,71,6.760568910661251,44.804527699802975,9.362482164062715,354.92191058127537,0,14,1,36,17,77,0.15105169319446285,0.06724949562878278,262.0,209.0
F11_5.4,N15,N16,800.0,1,2400.0,2393.748154519877,52,52,21,2,6.2518454801231655,3993.748154519877,31.806120619759046,31.935772232317337,1,1,6.0,6.0,208,75,6.310590069282416,17.13290055587254,11.036295050016395,367.9769366647295,0,24,0,37,18,75,0.15341291190316073,0.060944855413584395,276.0,214.00000000000023
F9_6.12,N15,N16,800.0,1,2400.0,2398.485398888694,53,53,22,2,1.5146011113059785,3998.485398888694,31.81712924204388,31.906555626767467,1,1,0.0,0.0,210,75,7.626302533935835,55.72658126590545,9.477996144227042,341.6930730477616,0,16,0,35,16,77,0.1492098184263618,0.06454249549292741,272.0,215.0
F9_4.11,N15,N16,800.0,1,2400.0,2396.196348079493,50,50,17,3,3.8036519205072636,3996.196348079493,31.74947798169289,31.885955852482958,-1,-1,20.0,20.0,211,68,4.044914193691384,115.22210206067166,9.438031955605002,387.8342997595588,0,27,3,40,20,70,0.15761600537995965,0.07040181573638198,254.0,211.00000000000023
F9_8.10,N15,N16,800.0,1,2400.0,2394.6818496526857,56,56,18,8,5.318150347314258,3994.6818496526857,32.25550781313291,31.88537782187399,-1,-1,10.0,10.0,209,78,2.4981881829383252,9.35776184756969,8.193038220847919,464.1756337900864,0,49,8,40,16,82,0.15341291190316073,0.059894082044384664,309.0,225.99999999999977
F15_5.13,N15,N16,800.0,1,2400.0,2394.930276331632,58,58,18,2,5.0697236683681695,3994.930276331632,31.43674898649218,31.895964404128176,1,1,27.0,27.0,221,66,2.9630912075769933,10.386612906013625,8.698479080811738,424.227502368113,0,52,0,42,22,78,0.16392064559515804,0.06724949562878278,278.0,176.0
F7_6.17,N15,N16,800.0,1,2400.0,2393.0621435086778,50,50,16,2,6.937856491322009,3993.0621435086778,30.779772705413013,31.968748115548117,-1,1,33.0,33.0,214,75,4.564415018070478,587.7566151884239,8.63663125536401,303.7225640278852,0,3,0,5,5,68,0.031523201075991936,0.06350024910207858,209.0,155.0
F2_8.16,N15,N16,800.0,1,2400.0,2397.866759409856,55,55,22,2,2.133240590144055,3997.866759409856,31.130672876825773,31.842696159459457,-1,-1,41.0,41.0,216,69,6.102060302735185,7.059348900218765,5.8648107811421255,305.514224759811,0,1,0,10,4,79,0.05253866845998655,0.06514794889038332,252.0,169.0
F11_5.6,N15,N16,800.0,1,2400.0,2399.9988127925544,59,59,21,2,0.001187207445354943,3999.9988127925544,31.191703178480967,31.86513980729654,1,1,6.0,6.0,216,70,4.65252985112925,10.124774273748926,8.615559678318611,389.39450882283506,0,31,0,36,23,82,0.1492098184263618,0.0656407185441356,272.0,153.0
F11_5.7,N15,N16,800.0,1,2400.0,2391.832103565049,60,60,21,2,8.16789643495133,3991.832103565049,31.17694308094323,31.849464534301926,1,1,3.0,3.0,218,70,5.082490857535436,10.470534297709719,8.883368432631901,378.67489814448857,0,30,0,35,24,83,0.15341291190316073,0.06514794889038332,266.0,159.0
F2_13.20,N15,N22,800.0,1,2400.0,2396.2487864725754,45,85,45,18,3.7512135274247385,3996.2487864725754,30.624146817047876,33.359225565896956,1,1,10.0,10.0,215,159,7.980724413129374,8.701772029178755,7.447586467095913,290.36711462448085,0,0,17,18,10,148,0.09608021343707775,0.0746049092131809,167.0,210.0
F2_16.14,N15,N16,800.0,1,2400.0,2394.0033974919834,52,52,18,2,5.9966025080167356,3994.0033974919834,30.73809770998605,31.968748115548117,1,1,28.0,28.0,216,76,7.750394582801734,50.057641930486625,9.084937843308227,294.9854244842721,0,0,0,17,0,72,0.10297579018157364,0.061995628782784126,216.0,204.0
F2_8.18,N15,N16,800.0,1,2400.0,2397.9750044022494,57,57,21,2,2.0249955977508307,3997.9750044022494,30.624146817047876,31.991320238703373,1,1,10.0,10.0,215,71,8.089459888246939,9.061167767110419,8.068510104827697,290.36711462448085,0,0,0,8,4,80,0.05884330867518494,0.060944855413584395,247.0,162.0
F7_12.18,N15,N16,800.0,1,2400.0,2399.0794679242945,66,66,20,5,0.9205320757054096,3999.0794679242945,30.65244273397612,31.978542284902264,1,-1,36.0,36.0,226,83,4.065074931231751,121.72295589432838,8.527382856706827,347.9120349129255,0,5,2,7,7,91,0.02942165433759247,0.06514794889038332,191.0,194.0
F11_8.9,N15,N16,800.0,1,2400.0,2390.9897622119697,59,59,21,2,9.010237788030167,3990.9897622119697,31.19714915942265,31.88315580119685,1,1,7.0,7.0,215,69,4.260008737387749,126.55292747770204,10.106513003164471,392.05662056335603,0,32,0,35,22,82,0.14710827168796234,0.06619872225958305,286.0,201.0
F2_18.19,N15,N16,800.0,1,2400.0,2398.2536152232733,59,59,21,2,1.7463847767269272,3998.2536152232733,30.637150759121713,31.99339898269806,1,1,8.0,8.0,217,72,7.503137603150289,8.405555498110516,7.53390809247818,288.70411879648924,0,0,0,8,4,82,0.054962515468923785,0.061995628782784126,247.99999999999977,173.0
F7_12.12,N15,N22,800.0,1,2400.0,2398.298966381817,41,63,41,11,1.7010336181831462,3998.298966381817,32.985001788254564,33.673842488905905,-1,1,29.0,29.0,178,95,6.281522776245444,40.51144624663357,9.60903699587632,310.47905063710857,0,4,3,18,13,115,0.0882649630127774,0.035099351110598975,200.0,621.0000000000002
F11_8.16,N15,N16,800.0,1,2400.0,2390.8558149611613,62,62,20,3,9.144185038838714,3990.8558149611613,30.637150759121713,31.99339898269806,1,1,6.0,6.0,221,74,5.488737904099457,12.326537655157608,10.383307125593296,406.85780412004186,0,45,0,32,18,85,0.14551142848139956,0.06327403076445483,271.9999999999998,147.0
F2_13.22,N15,N22,800.0,1,2400.0,2398.9859365296797,43,80,43,29,1.014063470320366,3998.9859365296797,30.42606821495837,33.13869627993458,1,1,9.0,9.0,232,168,8.170953084559937,39.493770481014735,7.633315943519735,294.5789220094869,0,0,13,19,9,152,0.1050773369199731,0.08513177977875172,158.00000000000023,203.0
F11_6.6,N15,N16,800.0,1,2400.0,2397.9131647121844,65,65,21,5,2.0868352878155747,3997.9131647121844,30.65244273397612,31.978542284902264,-1,-1,37.0,37.0,224,82,6.842410496673848,11.47266471649391,9.634026986413582,414.4535230624948,0,35,1,33,17,91,0.143490881977946,0.06501625798372655,256.0000000000002,150.0
F11_8.15,N15,N16,800.0,1,2400.0,2390.244055096897,56,56,21,2,9.755944903103341,3990.244055096897,30.625905436702137,31.991320238703373,1,1,12.0,12.0,214,71,4.280798202347198,94.38564123425454,8.404230654601031,418.75138043404155,0,49,0,33,19,79,0.14290517821116341,0.060944855413584395,264.9999999999998,164.0
F11_4.14,N15,N16,800.0,1,2400.0,2389.8017059888116,63,63,21,3,10.198294011188636,3989.8017059888116,30.634941842452836,31.99339898269806,1,1,4.0,4.0,223,75,5.939970836847432,12.143313562796266,10.164835167579598,401.66342053425507,0,42,0,32,18,87,0.14600948797501678,0.06409717552118359,265.9999999999998,163.0
F15_4.12,N15,N16,800.0,1,2400.0,2394.8669419704424,55,55,18,2,5.13305802955756,3994.8669419704424,30.679884159036757,31.989490296942723,1,1,24.0,24.0,214,74,3.2486597293868815,10.860012433987322,8.34362782156354,419.1213910476577,0,58,0,38,22,75,0.1555144586415602,0.058950676760510204,290.0,186.0
F13_4.12,N15,N16,800.0,1,2400.0,2397.5908763761136,69,69,19,5,2.4091236238863303,3997.5908763761136,30.65154030278111,31.978542284902264,-1,-1,33.0,33.0,229,84,6.31921529412816,10.75660913019965,8.410161958209038,427.06584421465357,0,39,4,36,20,93,0.14500672494956288,0.06626413612202933,259.9999999999998,206.0
F14_5.12,N15,N16,800.0,1,2400.0,2397.6480190531565,67,67,19,5,2.3519809468435824,3997.6480190531565,30.64808691126973,31.978542284902264,-1,-1,35.0,35.0,227,83,6.384796126302833,11.070315934663768,9.413269903348644,426.2782159037568,0,37,2,35,19,91,0.14500672494956288,0.0661237224246909,259.9999999999998,211.0
F14_8.5,N15,N16,800.0,1,2400.0,2398.851857423073,72,72,19,7,1.1481425769268299,3998.851857423073,30.679598566738257,31.976977522101215,-1,-1,29.0,29.0,230,86,6.471901043256067,12.906483984858141,11.161029377797023,424.3224433454074,0,40,4,38,22,98,0.14710827168796234,0.0693849221126089,304.0,175.0
F13_8.8,N15,N16,800.0,1,2400.0,2391.224018150059,59,59,21,2,8.775981849941218,3991.224018150059,30.637150759121713,31.99339898269806,1,1,8.0,8.0,217,72,5.1449345591611335,33.680027141209166,10.659035091205567,409.49630200838743,0,48,0,32,18,82,0.14500672494956288,0.061995628782784126,276.0000000000002,205.0
F13_6.8,N15,N16,800.0,1,2400.0,2398.8468875043645,67,67,29,8,1.1531124956353551,3998.8468875043645,30.401131285050607,32.10943679112702,0,0,0.0,0.0,227,65,5.2939423096503235,13.071466414010956,10.664150495077592,437.4186676775711,0,49,0,38,22,104,0.1597175521183591,0.06409717552118359,260.0,148.0
F14_5.13,N15,N16,800.0,1,2400.0,2390.9318928277303,66,66,29,8,9.06810717226972,3990.9318928277303,30.411491597172052,32.10943679112702,1,1,0.0,0.0,226,64,5.242492872663578,12.901793344639827,10.593898759417572,437.43784146694395,0,47,0,37,20,103,0.1555144586415602,0.06409717552118359,270.0,145.0
F9_8.12,N15,N16,800.0,1,2400.0,2393.0405246645687,73,73,21,8,6.959475335431534,3993.0405246645687,30.679598566738257,31.976977522101215,-1,-1,25.0,25.0,233,87,5.92100925751951,23.704793065874128,8.32268627326806,437.5794965191297,0,44,5,39,23,102,0.1492098184263618,0.07145258910558171,310.0,170.0
F11_8.17,N15,N16,800.0,1,2400.0,2388.939752679854,66,66,29,8,11.060247320146232,3988.939752679854,30.399513619209753,32.10943679112702,0,0,1.0,1.0,227,64,5.230945466876197,12.014197746230593,10.295303649036226,436.36768278964,0,45,0,37,21,103,0.1597175521183591,0.06409717552118359,264.0,154.0
F11_4.15,N15,N16,800.0,1,2400.0,2391.542674427883,67,67,25,8,8.457325572116929,3991.542674427883,30.436043892911684,32.080080521880326,1,1,18.0,18.0,237,75,3.8423742951078954,12.771074442811596,10.123599086283992,476.9077162252,0,60,0,42,21,100,0.16181909885675858,0.06695459911835171,283.9999999999998,145.0
F15_8.7,N15,N16,800.0,1,2400.0,2399.590141712078,72,72,22,8,0.4098582879219066,3999.590141712078,30.553858547902323,32.006530023300186,1,1,36.0,36.0,242,81,3.869058596311053,12.76372463011694,10.122778988993138,490.5797566599134,0,60,0,47,23,102,0.1723268325487559,0.07250336247478144,293.0,160.0
F7_16.17,N15,N22,800.0,1,2400.0,2395.306453901666,41,60,41,14,4.693546098333854,3995.306453901666,32.483852487213255,33.7354250382084,-1,1,25.0,25.0,203,116,4.026000640868283,121.26702879078425,11.211784408539572,316.6685861573755,0,8,0,5,0,115,0.03715161492214276,0.043100864810150394,190.0,649.0
F7_16.18,N15,N22,800.0,1,2400.0,2394.694496565253,41,62,41,14,5.305503434747038,3994.694496565253,32.47785477963324,33.754955371297626,-1,1,22.0,22.0,203,118,5.980854683852233,11.07876225675227,8.848906443782946,320.7968052748936,0,9,2,21,13,117,0.09884283307723915,0.04468113011669085,190.0,650.0000000000002
F2_11.20,N15,N22,800.0,1,2400.0,2396.370263667698,35,86,35,29,3.6297363323021727,3996.370263667698,30.08216583260281,32.83807669519462,1,1,8.0,8.0,239,180,8.426794714301831,11.03933878414523,7.743064214016013,284.5741982526789,0,0,27,16,10,150,0.1050773369199731,0.09669551410915722,224.00000000000023,172.0
F2_13.24,N15,N22,800.0,1,2400.0,2393.425670841481,34,84,34,29,6.574329158519049,3993.425670841481,30.08216583260281,32.84352117472233,1,1,10.0,10.0,238,178,8.644892157595807,12.935475364015701,7.518262685998753,279.59941570594066,0,0,29,16,9,147,0.10717888365837257,0.09534313278501443,222.0,175.0
F14_6.8,N15,N16,800.0,1,2400.0,2391.391239548536,67,67,28,8,8.608760451463922,3991.391239548536,30.414394987414532,32.10312087487298,1,1,2.0,2.0,229,66,5.1300944571781715,151.91287798316284,10.357569400458416,428.05724638949766,0,50,0,37,19,103,0.15761600537995965,0.06400474068831696,270.0,208.0
F15_4.11,N15,N16,800.0,1,2400.0,2390.8862985151727,66,66,25,8,9.113701484827402,3990.8862985151727,30.421013192723024,32.080080521880326,1,1,20.0,20.0,237,74,3.649837884310101,11.05306900248911,9.44359230651573,487.60309474595357,0,61,0,42,21,99,0.16392064559515804,0.06514794889038332,283.9999999999998,214.0
F7_6.20,N15,N16,800.0,1,2400.0,2391.369157412432,79,79,29,8,8.630842587568168,3991.369157412432,29.996131998890352,32.23850294946605,-1,1,37.0,37.0,246,71,8.199472954126582,54.284175722700866,8.594340068384223,278.1001843342293,0,0,0,11,7,116,0.05674176193678548,0.08090954942837929,163.0,193.0
F11_8.11,N15,N16,800.0,1,2400.0,2387.703610924995,64,64,28,10,12.296389075005209,3987.703610924995,30.356330134376844,32.11869990587322,-1,-1,27.0,27.0,235,67,5.340685155926419,18.921807541893486,10.202624421986974,433.0996389583415,0,34,7,43,26,102,0.16812373907195696,0.07345705016038177,311.9999999999998,163.0
F13_5.8,N15,N16,800.0,1,2400.0,2389.8276091051553,67,67,30,11,10.172390894844625,3989.8276091051553,30.234657481298562,32.13510419040794,1,1,41.0,41.0,246,59,2.792593761610353,12.486673103510157,10.07842566226643,512.6549170392179,0,56,12,51,31,108,0.17843428207858067,0.07521060083725786,284.0000000000002,157.0
F9_5.16,N15,N16,800.0,1,2400.0,2395.31415476069,63,63,30,9,4.685845239309629,3995.31415476069,30.358106690791782,32.11869990587322,-1,-1,35.0,35.0,227,65,5.092719923159759,11.674694970692144,9.973081894060595,448.6300928497285,0,40,4,40,23,102,0.16181909885675858,0.06724949562878278,309.0000000000002,176.0
F14_6.9,N15,N16,800.0,1,2400.0,2399.5625494482697,69,69,29,11,0.43745055173042147,3999.5625494482697,30.23719670585396,32.17670099912553,1,1,37.0,37.0,249,58,2.9364169093776145,45.32847796802821,10.71266486081889,507.23646723227955,0,56,4,52,31,109,0.17638000717730273,0.07145258910558171,288.0,156.0
F9_6.13,N15,N16,800.0,1,2400.0,2392.9883880217317,64,64,27,9,7.011611978268206,3992.9883880217317,30.359906248855026,32.11869990587322,-1,-1,30.0,30.0,232,65,5.343012899192289,20.263265983469182,9.814106527958478,437.95144672984236,0,36,7,42,25,100,0.1660221923335575,0.07040181573638198,313.0,167.0
F11_8.18,N15,N16,800.0,1,2400.0,2397.1332796386973,63,63,28,9,2.8667203613027823,3997.1332796386973,30.34961163457699,32.11869990587322,-1,-1,33.0,33.0,228,65,5.267534100777048,14.183989911791969,10.122554792345868,442.34738540127705,0,36,5,41,24,100,0.16392064559515804,0.06870774228430156,312.9999999999998,171.0
F15_6.8,N15,N16,800.0,1,2400.0,2392.998317827589,66,66,29,11,7.001682172411165,3992.998317827589,30.279691194481543,32.12056370674193,-1,-1,2.0,2.0,244,63,3.183327441368371,26.045869563742826,10.636106974801653,493.81763469151855,0,49,12,48,29,106,0.17022528581035642,0.07565568258238063,301.0000000000002,157.0
F7_8.13,N15,N16,800.0,1,2400.0,2393.747085786575,73,73,34,9,6.252914213425015,3993.747085786575,30.103588808927693,32.2654353723599,1,-1,28.0,28.0,236,79,8.490945535329999,110.7503298827005,7.162650064204409,276.1807038589968,0,0,0,13,8,116,0.06514794889038333,0.07880800268997983,208.00000000000023,181.0
F13_5.9,N15,N16,800.0,1,2400.0,2391.396250673926,71,71,33,12,8.603749326074308,3991.396250673926,30.083856136852333,32.24949209267442,1,1,2.0,2.0,238,64,3.901873898870739,12.532846682082209,10.995784523253217,499.9108753741942,0,53,0,43,25,116,0.17442837928715535,0.07442564618729738,323.0,172.0
F7_8.16,N15,N16,800.0,1,2400.0,2399.272829076345,84,84,35,7,0.7271709236553079,3999.272829076345,29.917673739174933,32.26136790763971,1,-1,26.0,26.0,242,85,7.898912647462926,43.23361010325789,8.88341771709189,274.5620461676976,0,0,7,9,6,126,0.054640215198386015,0.08721418964357769,192.0,180.0
F11_4.16,N15,N16,800.0,1,2400.0,2392.9076140268244,72,72,33,12,7.092385973175624,3992.9076140268244,30.082255440628415,32.24949209267442,1,1,0.0,0.0,237,64,4.133854277498085,15.754876049403947,10.879605183486731,502.6168554815153,0,52,0,43,25,117,0.1723268325487559,0.07448998606291626,324.0000000000002,166.0
F14_4.9,N15,N16,800.0,1,2400.0,2394.215644432416,74,74,35,12,5.78435556758393,3994.215644432416,30.103216446258262,32.24928695479032,-1,-1,38.0,38.0,236,68,4.391655907462746,12.076808439826664,10.185081512790067,505.7309067694257,0,54,0,46,28,121,0.1723268325487559,0.07565568258238063,325.9999999999998,161.0
F13_8.10,N15,N16,800.0,1,2400.0,2393.277854093336,69,69,32,11,6.7221459066641955,3993.277854093336,30.072690226652487,32.24949209267442,1,1,4.0,4.0,236,64,3.93549011040137,74.64986547369767,10.203379660171128,494.98022606942226,0,50,0,43,25,112,0.1765299260255548,0.07355413584398118,327.0,167.0
F14_4.8,N15,N16,800.0,1,2400.0,2395.4756255734455,73,73,35,13,4.524374426554687,3995.4756255734455,30.102002424271348,32.24928695479032,-1,-1,40.0,40.0,235,67,4.322950858661936,11.206096849179858,10.410251879887223,509.6734077745296,0,54,0,45,27,121,0.1723268325487559,0.07565568258238063,326.0000000000002,165.0
F13_4.11,N15,N16,800.0,1,2400.0,2397.5996167159947,70,70,30,11,2.400383284005443,3997.5996167159947,30.072575744277305,32.24949209267442,1,1,12.0,12.0,239,63,3.779797380646856,77.51196428834464,10.732136993021399,493.4135996833035,0,51,0,46,25,111,0.18073301950235374,0.07250336247478144,331.9999999999998,172.0
F11_6.3,N15,N16,800.0,1,2400.0,2395.0140772915524,74,74,35,12,4.985922708447447,3995.0140772915524,30.087507294926507,32.253967679055656,-1,-1,34.0,34.0,237,73,4.427631378186253,12.488765993730112,10.213016484375977,510.4158130370122,0,53,0,48,30,121,0.17442837928715535,0.07880800268997983,325.0,157.0
F11_5.8,N15,N16,800.0,1,2400.0,2394.615205774806,73,73,34,12,5.384794225194014,3994.615205774806,30.087507294926507,32.25035953343466,-1,-1,36.0,36.0,235,70,4.454045504903117,12.75956905813473,9.18451609492914,504.62450986408044,0,54,0,47,29,119,0.17442837928715535,0.0777572293207801,325.0,165.0
F13_6.7,N15,N16,800.0,1,2400.0,2398.2153911847413,73,73,34,13,1.7846088152588209,3998.2153911847413,30.09928205182697,32.24928695479032,0,0,0.0,0.0,236,65,4.176488545530513,30.736887282028874,11.282811414322323,505.79852978450725,0,53,0,44,26,120,0.17442837928715535,0.07565568258238063,328.0,167.0
F15_8.11,N15,N16,800.0,1,2400.0,2396.55592800017,80,80,31,9,3.44407199982993,3996.55592800017,29.989778266961313,32.23850294946605,1,1,32.0,32.0,242,72,2.539372318616688,63.669307667229305,11.079451978754653,583.3454573023405,0,67,0,55,31,120,0.1891392064559516,0.07863246442235376,301.0,154.0
F11_6.8,N15,N16,800.0,1,2400.0,2395.146693788072,74,74,32,9,4.85330621192827,3995.146693788072,30.115123087705165,32.267084991455256,-1,-1,26.0,26.0,240,78,4.266280154451697,76.9755539686796,9.898484851133228,525.0291607816869,0,57,0,49,31,115,0.1723268325487559,0.07985877605917956,325.9999999999998,164.0
F11_8.19,N15,N16,800.0,1,2400.0,2392.0649733148866,78,78,33,9,7.935026685113144,3992.0649733148866,29.892157065533254,32.24675823040136,1,1,2.0,2.0,237,75,3.5507207105713268,14.035627485437317,12.48973522464509,495.71368616722646,0,56,0,46,28,120,0.17022528581035642,0.07985877605917957,320.0,184.0
F7_4.18,N15,N16,800.0,1,2400.0,2392.245646526376,91,91,58,10,7.754353473624292,3992.245646526376,29.58882585054882,32.411969840080765,-1,0,1.0,1.0,235,92,6.8757367122005375,152.06813474806313,8.144691248225532,305.3176783384904,0,4,0,10,7,159,0.05043712172158709,0.07565568258238063,193.0,198.0
F14_6.12,N15,N16,800.0,1,2400.0,2394.692112395011,81,81,31,9,5.307887604989105,3994.692112395011,29.985015560617054,32.23001727146754,1,1,30.0,30.0,241,71,2.612439993614682,13.800162563392178,11.57070186495798,581.5112157957092,0,69,0,55,32,121,0.18703765971755212,0.07670645595158036,340.0,188.0
F14_8.7,N15,N16,800.0,1,2400.0,2394.6352697850552,80,80,33,9,5.3647302149445295,3994.6352697850552,29.902604415745444,32.25488556425747,-1,-1,38.0,38.0,237,75,4.02026320821151,10.63325122074616,9.490022859694554,510.10112135206316,0,56,3,49,31,122,0.17022528581035642,0.08196032279757902,329.0,160.0
F14_5.16,N15,N16,800.0,1,2400.0,2394.6582858629076,78,78,33,9,5.341714137092254,3994.6582858629076,29.89406923411678,32.24675823040136,1,1,4.0,4.0,237,74,3.207228490672784,13.176371646905181,11.420249755967996,494.3239264914297,0,57,0,46,28,120,0.1723268325487559,0.0777572293207801,322.0,182.0
F14_5.15,N15,N16,800.0,1,2400.0,2397.321691808092,78,78,33,9,2.678308191907945,3997.321691808092,29.895227081022735,32.25720694315263,0,0,0.0,0.0,236,74,3.8061028420713536,11.913751034180677,9.782356737555125,504.3909164356115,0,56,0,47,29,120,0.16812373907195696,0.0809095494283793,336.0,157.0
F13_6.10,N15,N16,800.0,1,2400.0,2396.7570257073626,79,79,33,9,3.2429742926373137,3996.7570257073626,29.91456059905064,32.24675823040136,1,1,6.0,6.0,238,72,2.9864605344293293,36.75770888633838,10.5189373777595,501.89277917148905,0,58,0,46,28,121,0.17022528581035642,0.07565568258238063,322.0,179.0
F13_6.11,N15,N16,800.0,1,2400.0,2393.933857290292,81,81,32,8,6.066142709707833,3993.933857290292,29.908134352740856,32.25859971261076,-1,-1,33.0,33.0,239,78,4.267156399226393,12.920178736297203,10.731403327208795,505.1737597149605,0,55,3,51,33,121,0.17022528581035642,0.08605446869886671,329.0,156.0
F14_6.11,N15,N16,800.0,1,2400.0,2397.2669165055013,78,78,33,9,2.7330834944988283,3997.2669165055013,29.902604415745444,32.25488556425747,-1,-1,40.0,40.0,235,73,3.944839975983269,13.118293606908082,11.400798416603928,502.7404709649764,0,56,1,48,30,120,0.16812373907195696,0.08196032279757903,329.0,163.0
F7_5.18,N15,N16,800.0,1,2400.0,2234.866558353434,94,94,55,9,165.13344164656598,3834.866558353434,29.248109912921436,32.36873671473388,-1,1,8.0,8.0,246,92,6.103473786294269,21.132753228829415,9.507162456160374,288.01294579712123,0,3,0,7,6,158,0.06514794889038333,0.0882649630127774,176.0,157.0
F11_6.9,N15,N16,800.0,1,2400.0,2397.9853762695047,78,78,33,9,2.0146237304951455,3997.9853762695047,29.903614275960088,32.251484017989256,0,0,2.0,2.0,235,74,3.61321377463021,35.80157901138955,12.063863946101664,504.93531570641295,0,56,0,46,28,120,0.16812373907195696,0.0809095494283793,336.0,167.0
F13_4.17,N15,N16,800.0,1,2400.0,2394.8712005637963,80,80,32,8,5.128799436203849,3994.8712005637963,29.908134352740856,32.25488556425747,-1,-1,35.0,35.0,238,76,4.164635565995266,22.512650499158326,10.314278295226208,508.5135411221668,0,58,3,50,32,120,0.17022528581035642,0.08511264290517823,337.0,166.0
F7_5.17,N15,N16,800.0,1,2400.0,2392.006422038389,99,99,58,11,7.993577961611209,3992.006422038389,29.23640880004385,32.390496496571934,-1,0,2.0,2.0,255,94,8.404067737701766,115.37787826217073,9.925124106687903,288.4217270125054,0,3,0,5,5,168,0.027320107599193007,0.08406186953597848,194.0,193.0
F15_5.15,N15,N16,800.0,1,2400.0,2399.206311970458,87,87,34,6,0.7936880295421815,3999.206311970458,29.917538841129705,32.3090482968533,-1,-1,13.0,13.0,245,87,3.1536079563824093,150.1947147899332,10.405841140026517,515.8218830247946,0,65,14,55,35,127,0.18703765971755212,0.08826496301277742,330.0,205.0
F14_5.17,N15,N16,800.0,1,2400.0,2390.79459565415,99,99,48,8,9.205404345850297,3990.79459565415,29.637228845665355,32.38584732555919,1,1,21.0,21.0,246,92,2.728970912126583,11.114150651144882,9.669526831735075,558.50979071815,0,62,0,57,36,155,0.18703765971755212,0.07915054159836726,341.0,178.0
F15_5.14,N15,N16,800.0,1,2400.0,2398.928800659164,90,90,36,6,1.0711993408359604,3998.928800659164,29.913882746443793,32.32916123374778,-1,-1,10.0,10.0,245,86,2.9487975808747477,20.551992916208746,9.514420813891478,517.2879791260578,0,65,15,57,36,132,0.1899942758928804,0.0890201276599813,331.0,202.0
F11_5.9,N15,N16,800.0,1,2400.0,2397.611756991777,96,96,50,5,2.388243008223185,3997.611756991777,29.58252611197314,32.37613765691747,-1,-1,12.0,12.0,247,103,2.7122958738600507,9.778821024206081,8.674445187348734,642.0080269298246,0,93,4,59,36,151,0.1933422999327505,0.08406186953597848,314.0,152.0
F15_5.16,N15,N16,800.0,1,2400.0,2398.033244255355,92,92,39,6,1.96675574464507,3998.033244255355,29.872194484287267,32.35019815843132,-1,-1,2.0,2.0,249,87,2.660621875356503,69.93152197542645,9.331938286025382,532.7549574621628,0,67,16,60,37,137,0.19544384667114997,0.08931573638197715,328.0,201.0
F14_8.6,N15,N16,800.0,1,2400.0,2395.811649846647,98,98,54,8,4.1883501533528715,3995.811649846647,29.63975986461172,32.40232604663713,1,1,11.0,11.0,241,90,2.783894684560579,91.25171551128483,9.573079195964693,544.1703278183738,0,66,0,53,34,160,0.18722803208054314,0.0777572293207801,349.0,157.0
F13_4.18,N15,N16,800.0,1,2400.0,2399.106325818819,91,91,58,10,0.8936741811806996,3999.106325818819,29.58882585054882,32.411969840080765,0,0,1.0,1.0,235,92,3.6809083585905933,64.43856394956265,12.798003860022046,550.3124790274481,0,74,0,51,32,159,0.1765299260255548,0.07565568258238063,343.0,158.0
F7_17.27,N15,N16,800.0,1,2400.0,2396.2342914997544,98,98,58,9,3.7657085002457507,3996.2342914997544,28.59014228774389,32.391305556112265,-1,1,20.0,20.0,248,112,5.743947280675188,80.33396991046925,10.302644984161853,292.4214414585027,0,3,0,5,4,165,0.025218560860793545,0.08511264290517821,202.0,158.0
F15_5.17,N15,N16,800.0,1,2400.0,2398.99683868998,94,94,39,6,1.0031613100200047,3998.99683868998,29.872194484287267,32.367217552247325,-1,-1,0.0,0.0,252,85,2.646156432618806,12.735329368936618,9.807739284267797,534.5954460062687,0,66,16,61,38,139,0.19754539340954944,0.08931573638197714,377.0,176.0
F13_5.11,N15,N16,800.0,1,2400.0,2397.2733652248935,93,93,57,10,2.726634775106618,3997.2733652248935,29.599099671790015,32.392524586551815,-1,-1,35.0,35.0,239,96,3.2982504998334483,42.38738259176603,11.675013825792437,586.4450763185498,0,76,1,53,33,160,0.17863147276395427,0.0778513421774183,343.0,215.0
F14_6.14,N15,N16,800.0,1,2400.0,2392.7118600729027,92,92,53,8,7.288139927097518,3992.7118600729027,29.286958001552613,32.34322460099593,1,1,21.0,21.0,237,93,2.3854922542158885,139.46719998051185,8.058092624499345,671.9278281180666,0,89,0,53,29,153,0.1791251004074004,0.08616341627437794,341.0,168.0
F13_5.10,N15,N16,800.0,1,2400.0,2397.887245481903,95,95,52,5,2.1127545180971765,3997.887245481903,29.58617363470737,32.37955656002095,-1,-1,14.0,14.0,247,104,2.5858045209486,9.532681502703099,8.687007284199186,636.0752569444219,0,93,4,58,35,152,0.19124075319435105,0.08406186953597848,333.0,206.0
F14_5.19,N15,N16,800.0,1,2400.0,2399.430605442926,98,98,58,11,0.5693945570736787,3999.430605442926,29.202300569234456,32.3966216052564,-1,-1,37.0,37.0,254,96,3.7285875500824863,11.67345987647036,10.469643273338653,629.9657820422841,0,79,2,47,27,167,0.1597175521183591,0.08823575341387793,332.0,152.0
F14_5.18,N15,N16,800.0,1,2400.0,2391.965676753169,99,99,67,10,8.034323246830809,3991.965676753169,29.186741822587265,32.39703025652257,-1,-1,18.0,18.0,256,105,3.323191665037638,11.187821992848512,9.72421116854284,659.2392497233666,0,82,10,50,29,176,0.1555144586415602,0.09246805648957633,313.0,156.0
F11_6.10,N15,N16,800.0,1,2400.0,2390.726947460129,98,98,58,11,9.27305253987106,3990.726947460129,29.227666495713276,32.3966216052564,-1,-1,38.0,38.0,254,96,3.6928751154040276,167.77021354056092,11.193776123164795,618.5040794850014,0,81,2,46,26,167,0.1597175521183591,0.08616341627437796,331.0,167.0
F7_19.26,N15,N16,800.0,1,2400.0,2399.959361506919,98,98,64,11,0.04063849308136014,3999.959361506919,27.654932016719112,32.331211230926066,1,-1,12.0,12.0,273,161,8.611022322589283,108.42376888632975,10.460502748113983,273.4839375420853,0,0,4,9,6,173,0.05405800017785539,0.09246805648957634,163.0,196.0
F14_6.13,N15,N16,800.0,1,2400.0,2393.574529005561,100,100,64,10,6.425470994439138,3993.574529005561,29.177115299917,32.39446541924079,-1,-1,14.0,14.0,255,105,3.6720359086392778,12.181453262630612,9.711470459649757,626.4739760106172,0,80,11,52,31,174,0.15761600537995965,0.09246805648957633,327.0,210.0
F11_5.10,N15,N16,800.0,1,2400.0,2392.6282688125802,100,100,66,10,7.371731187419641,3992.6282688125802,29.179541822587264,32.38741764084783,-1,-1,16.0,16.0,256,105,3.5264324980189237,12.280233932312285,9.19146910048094,645.3294986822368,0,83,10,51,30,176,0.15761600537995965,0.09246805648957633,327.0,213.0
F11_4.19,N15,N16,800.0,1,2400.0,2389.7208245277484,96,96,62,9,10.279175472251723,3989.7208245277484,28.520963706039353,32.386304317640246,1,1,8.0,8.0,250,113,3.13189528609096,16.28944844021612,4.995067438425987,599.2199385498668,0,49,0,50,25,167,0.1597175521183591,0.08511264290517823,346.0,161.0
F13_4.21,N15,N16,800.0,1,2400.0,2398.4106704937267,99,99,59,9,1.5893295062730886,3998.4106704937267,28.59014228774389,32.391305556112265,1,1,19.0,19.0,249,112,2.6945907477081157,21.89112448453875,0.0008662477867727189,638.708199189547,0,69,0,50,26,167,0.16181909885675858,0.08576040080524897,339.0,173.0
F14_4.10,N15,N16,800.0,1,2400.0,2397.5466727763037,98,98,62,6,2.4533272236963057,3997.5466727763037,28.493962244397522,32.35890737866084,-1,-1,34.0,34.0,259,112,4.931883004064742,42.59030846513451,10.51807919507626,530.8921308009809,0,45,5,53,24,166,0.1597175521183591,0.09351882985877608,337.0,154.0
F2_10.30,N15,N16,800.0,1,2400.0,2392.944787705167,90,90,55,8,7.055212294832813,3992.944787705167,29.306050292644237,32.32915101091715,1,1,26.0,26.0,233,95,8.427384075158445,99.33926414164898,7.311582152866311,330.60042232686664,0,6,0,10,0,153,0.08196032279757902,0.08467532679223042,447.0,174.0
F11_6.11,N15,N16,800.0,1,2400.0,2395.0827026500765,98,98,59,9,4.917297349923615,3995.0827026500765,28.557325046340914,32.386304317640246,1,1,12.0,12.0,249,111,2.94983277980197,8.977800864701067,5.4895298417699685,626.1512054211541,0,51,0,51,24,166,0.15979782613033214,0.08511264290517821,353.0,161.0
F2_12.20,N15,N16,800.0,1,2400.0,2392.4307866199433,93,93,53,8,7.569213380056567,3992.4307866199433,29.268746290231118,32.34562407083826,1,1,17.0,17.0,237,93,8.64096131593075,16.60164792553337,7.9210844826526206,324.3433551957345,0,1,0,12,2,154,0.0882649630127774,0.08721418964357769,443.0,183.0
F13_4.22,N15,N16,800.0,1,2400.0,2391.8959907519165,93,93,73,9,8.104009248083457,3991.8959907519165,27.682375596799087,32.3675898829933,-1,-1,36.0,36.0,260,142,3.9965996672984243,10.635351525876558,9.076474230717814,631.5864865503422,0,56,0,44,18,175,0.14710827168796234,0.08301109616677875,320.0,158.0
F7_6.28,N15,N16,800.0,1,2400.0,2392.1608946599786,101,101,82,16,7.8391053400213195,3992.1608946599786,27.115718476875685,32.29465428664054,1,-1,28.0,28.0,278,158,8.682280070099235,11.599165413631454,7.670791567749941,272.3924540453443,0,0,3,7,7,199,0.04203093476798924,0.08721418964357769,190.0,182.0
F13_8.11,N15,N16,800.0,1,2400.0,2391.349831466889,92,92,72,9,8.6501685331109,3991.349831466889,27.682375596799087,32.37740467771773,-1,-1,38.0,38.0,258,142,3.9956174186116127,10.478672620949965,8.572262427111374,623.2785888562412,0,52,0,43,17,173,0.14500672494956288,0.08090954942837929,320.0,164.0
F13_6.13,N15,N16,800.0,1,2400.0,2396.5576772920094,97,97,63,8,3.4423227079907974,3996.5576772920094,28.503164701981884,32.367029571162284,0,0,1.0,1.0,253,113,4.8326498832639695,11.503717223411059,7.540634835750101,514.6876677038498,0,44,0,50,23,168,0.15761600537995965,0.08931573638197715,354.0,210.0
F13_4.23,N15,N16,800.0,1,2400.0,2397.5485792480345,100,100,74,14,2.451420751965429,3997.5485792480345,27.287030132439536,32.33229609791302,1,1,21.0,21.0,264,151,1.6693155141536793,12.98868104335179,11.19595316971243,713.068535773803,0,96,0,41,16,188,0.14080363147276395,0.08075297994020735,273.0,155.0
F11_8.20,N15,N16,800.0,1,2400.0,2391.552758142535,92,92,71,9,8.447241857465315,3991.552758142535,27.695775923147696,32.37740467771773,-1,-1,40.0,40.0,257,141,3.9300924205911576,10.909324512944977,9.026005398580192,613.8692334017331,0,50,0,42,16,172,0.14290517821116341,0.07985877605917956,320.0,173.0
F13_5.12,N15,N16,800.0,1,2400.0,2399.2748869566476,100,100,74,15,0.7251130433526214,3999.2748869566476,27.30401420653829,32.33229609791302,1,1,23.0,23.0,263,149,1.0352596969950705,245.94187354180872,0.3916930657294562,743.1523570552018,0,98,0,40,15,189,0.14307780664038205,0.08126330000316272,279.0,153.0
F14_8.8,N15,N16,800.0,1,2400.0,2390.9265086879186,95,95,71,9,9.07349131208116,3990.9265086879186,27.659740718178895,32.36159177989387,-1,-1,23.0,23.0,267,152,2.2970165083414473,17.223005267306917,10.054758885747693,721.439288932711,0,70,3,47,19,175,0.1597175521183591,0.09036650975117688,326.0,169.0
F14_4.11,N15,N16,800.0,1,2400.0,2394.221744276516,101,101,82,15,5.778255723484108,3994.221744276516,27.145635238024457,32.31525339793687,0,0,2.0,2.0,269,152,1.7927733145413185,192.24003070629078,11.946513165074037,736.4643780666502,0,81,0,34,12,198,0.12399125756556827,0.07880800268997983,271.0,207.0
F14_6.18,N15,N16,800.0,1,2400.0,2397.560091271059,108,108,90,20,2.4399087289410772,3997.560091271059,26.648240418447404,32.29603933531568,1,1,22.0,22.0,272,160,6.255296477740192,11.460410092378652,10.390764218216315,605.0046930469457,0,68,0,38,15,218,0.11978816408876934,0.08196032279757902,256.0,169.0
F13_8.13,N15,N16,800.0,1,2400.0,2391.460580996016,107,107,92,17,8.539419003984221,3991.460580996016,26.440575106031975,32.276696469742255,1,1,8.0,8.0,261,169,8.374593746200064,12.600499346144716,10.639651383842878,566.3619918494654,0,49,0,34,13,216,0.11074953426557983,0.07360017561546935,251.0,161.0
F14_6.16,N15,N16,800.0,1,2400.0,2399.679968395543,106,106,89,21,0.32003160445708545,3999.679968395543,26.694344296815494,32.313933043336455,1,1,24.0,24.0,270,159,5.81868855208828,108.04166850865454,10.289556795075551,619.1363720569325,0,73,0,37,14,216,0.11978816408876934,0.08301109616677876,265.0,160.0
F11_4.10,N15,N16,800.0,1,2400.0,2399.2680832224823,103,103,92,20,0.7319167775175401,3999.2680832224823,26.32527770632398,32.22812452526111,-1,-1,15.0,15.0,268,160,3.8192780117661824,12.759965391792548,10.463068304078826,848.0547902632704,0,59,7,37,15,215,0.11138197713517149,0.08170165068421817,230.0,147.0
F7_18.19,N15,N16,800.0,1,2400.0,2394.1657971336713,107,107,91,21,5.83420286632861,3994.1657971336713,26.192451447850843,32.21834802645418,0,-1,0.0,0.0,266,149,8.344992373107939,395.5104173913305,7.624265650027097,277.5679601216782,0,0,11,6,6,219,0.035726294552790853,0.08406186953597848,169.0,194.0
F14_8.9,N15,N16,800.0,1,2400.0,2393.3679364249806,107,107,92,18,6.6320635750194015,3993.3679364249806,26.459730110850455,32.276696469742255,1,1,10.0,10.0,262,168,8.316802307863911,74.55019195027967,11.620520456987768,561.6256247945798,0,50,0,34,13,217,0.11308656625477154,0.0746049092131809,258.0,160.0
F7_4.23,N15,N16,800.0,1,2400.0,2392.2856464095617,102,102,92,20,7.71435359043835,3992.2856464095617,25.771665218332704,32.14748123147514,1,-1,33.0,33.0,246,159,9.071852345166349,150.993679626926,11.781888502918074,281.57934773839077,0,0,3,6,6,214,0.046234028244788165,0.07962249217283927,185.0,193.0
F13_8.12,N15,N16,800.0,1,2400.0,2398.652257310099,103,103,95,18,1.3477426899011107,3998.652257310099,26.38490926679233,32.228207611369044,-1,-1,26.0,26.0,266,159,5.2195879664446245,107.27057237597342,9.137240285733322,746.9560203149064,0,54,3,34,13,216,0.10928043039677203,0.07985877605917956,246.0,210.0
F13_4.24,N15,N16,800.0,1,2400.0,2399.7104439228797,101,101,91,20,0.2895560771203236,3999.7104439228797,26.32979135647565,32.22812452526111,-1,-1,17.0,17.0,266,156,3.9940948158174896,64.99453360593816,8.890236896884788,821.1256969935909,0,56,6,36,14,212,0.11348352387357095,0.08090954942837929,245.0,207.0
F2_16.20,N15,N16,800.0,1,2400.0,2391.73185347479,99,99,53,9,8.26814652521,3991.73185347479,28.93153159342511,32.36168433491995,1,1,36.0,36.0,254,99,6.528767054644283,43.98351466474173,6.881243527051955,387.14468186227504,0,17,4,14,0,161,0.08214032298580974,0.09024129408021925,653.0,164.0
F7_10.30,N15,N16,800.0,1,2400.0,2392.349122041543,111,111,83,11,7.650877958456817,3992.349122041543,24.773554487248603,31.94266550982844,-1,1,10.0,10.0,219,201,6.883336510552354,19.71292175151666,8.842508552341423,283.06578564700374,0,2,0,4,4,205,0.035726294552790853,0.05390752575428425,194.0,135.0
F7_6.30,N15,N16,800.0,1,2400.0,2393.27605424115,113,113,79,13,6.723945758849823,3993.27605424115,24.804705334680815,31.935893540512374,-1,1,3.0,3.0,219,199,7.372395995855147,50.51477161493062,8.744888753048734,283.24993845289674,0,2,0,9,9,205,0.0777572293207801,0.05358944182918629,199.0,195.0
F7_10.0,N15,N16,800.0,-1,2400.0,1507.991146800352,7,7,45,0,707.8610419503834,3107.991146800352,0.0,0.0,-2,1,0.0,0.0,11,13,10.703553424293831,50.281606615212425,10.703553424293831,253.54100380735403,0,0,0,1,1,52,0.006304640215198386,0.003152320107599193,77.0,146.0
F7_8.2,N15,N16,800.0,1,2400.0,1930.6963136015543,10,10,63,2,469.3036863984459,3530.6963136015543,0.0,0.0,-1,-1,8.0,8.0,17,24,0.0,304.2594164035022,0.0,255.8424959870224,0,4,0,2,2,75,0.0441324815063887,0.004203093476798925,112.0,147.0
F7_8.0,N15,N16,800.0,-1,2400.0,1272.0248494398097,11,11,64,2,471.9841675171532,2872.0248494398097,0.0,0.0,-2,-1,7.0,7.0,18,25,9.79532921320536,47.56159489388813,9.226648082492783,251.3165819031154,0,0,0,3,3,77,0.00840618695359785,0.004203093476798925,56.0,201.0
F7_5.1,N15,N16,800.0,1,2400.0,2198.8895467233,7,7,37,0,201.1104532766999,3798.8895467233,0.0,0.0,1,1,24.0,24.0,11,11,12.223344067899772,200.0,12.223344067899772,221.926508575172,0,0,0,0,0,44,0.02101546738399462,0.0,171.0,154.0
F7_5.2,N15,N16,800.0,1,2400.0,1659.6475499889598,13,13,82,4,740.3524500110404,3259.64754998896,38.55038293435984,41.065870141258806,1,1,3.0,3.0,23,20,12.093466502686127,105.44222242120605,9.597812139823429,226.32442422470933,0,0,0,0,0,99,0.05884330867518494,0.00945696032279758,91.00000000000006,147.0
F7_4.0,N15,N16,800.0,-1,2400.0,1438.1974324425491,12,12,83,4,638.1211054772587,3038.197432442549,37.53554169178784,41.17570080784272,-2,-1,36.0,36.0,22,19,9.15634466939777,187.30110104310765,9.972064229279532,263.41891360189055,0,0,0,7,7,99,0.018913920645595158,0.01050773369199731,71.00000000000006,153.0
F2_15.2,N15,N22,800.0,-1,2400.0,1511.3817722034141,6,63,6,0,711.2468948390431,3111.381772203414,37.53554169178784,33.81623566887864,-2,-1,30.0,30.0,22,19,10.042507618037403,700.3467678987041,10.042507618037403,253.3116828884343,0,0,0,1,1,69,0.00840618695359785,0.004203093476798925,73.0,161.0
F2_15.3,N15,N22,800.0,-1,2400.0,1043.6072073211,6,61,6,0,243.58025451140293,2643.6072073211,34.57869629567464,33.883304042712304,-2,1,21.0,21.0,33,26,9.553491220169683,60.122191391825254,9.958319954877332,257.45542723278123,0,0,0,2,2,67,0.01050773369199731,0.005253866845998655,26.0,163.0
F2_15.4,N15,N22,800.0,1,2400.0,2399.408026824599,5,56,5,0,0.5919731754012219,3999.408026824599,0.0,0.0,0,-1,0.0,0.0,22,21,10.739650937345731,186.72897473577018,11.48950851164131,227.92560696981985,0,0,0,3,3,61,0.014710827168796235,0.0010507733691997312,165.0,196.0
F2_15.0,N15,N22,800.0,-1,2400.0,1026.1023467102848,7,63,7,2,226.07596548724496,2626.102346710285,34.57869629567464,33.883304042712304,-2,1,14.0,14.0,34,26,9.65322478615127,43.320449374348755,9.34713544681786,257.60854709191364,0,0,0,3,3,72,0.01050773369199731,0.005253866845998655,28.0,215.0
F7_12.2,N15,N16,800.0,1,2400.0,2399.729602647468,14,14,64,2,0.2703973525321999,3999.729602647468,0.0,0.0,-1,-1,0.0,0.0,21,28,2.7477841144909005,14.73218341755478,10.991136457963602,262.7061506175042,0,5,0,4,2,80,0.027320107599193007,0.004203093476798925,199.0,166.0
F7_8.3,N15,N16,800.0,1,2400.0,1612.3702441162068,23,23,95,5,787.6297558837932,3212.370244116207,37.50895283394975,41.17271502011676,-1,-1,0.0,0.0,35,30,0.0,436.091409124773,9.866583320529243,257.09103715842974,0,5,0,0,0,123,0.0609448554135844,0.01050773369199731,103.0,170.0
F7_12.3,N15,N16,800.0,-1,2400.0,1165.2739249702204,30,30,108,3,365.2415649024343,2765.2739249702204,34.70815747198462,39.994782263031325,-2,1,39.0,39.0,42,44,8.549660700780409,27.761911328973156,9.402781372389354,286.2462973129952,0,0,0,14,11,141,0.031523201075991936,0.01786314727639543,44.0,194.0
F7_8.5,N15,N16,800.0,1,2400.0,2069.174626528101,25,25,93,5,330.82537347189924,3669.174626528101,37.50895283394975,41.17271502011676,1,1,37.0,37.0,38,31,5.261669868747667,444.30207038160825,5.261669868747667,235.96798486266917,0,0,0,1,1,123,0.0336247478143914,0.012293743702763862,178.00000000000006,164.0
F7_5.7,N15,N16,800.0,1,2400.0,2398.1416697502827,19,19,87,5,1.858330249717028,3998.1416697502827,37.50895283394975,41.17271502011676,-1,-1,14.0,14.0,30,22,8.098343219690591,43.2655183947968,10.998973608882379,243.77664436534573,0,2,0,9,9,111,0.05884330867518494,0.01050773369199731,205.0,160.0
F7_8.4,N15,N16,800.0,1,2400.0,2393.767316526661,15,15,79,2,6.232683473338852,3993.767316526661,42.666666666666664,40.12328965817338,1,1,19.0,19.0,25,24,10.711373653613494,144.45410947390837,8.569255342804365,223.16512001573096,0,0,0,7,6,96,0.05325966724750129,0.00840618695359785,190.0,202.0
F7_5.8,N15,N16,800.0,1,2400.0,1633.9418816120647,27,27,106,3,766.0581183879352,3233.9418816120647,34.70815747198462,39.994782263031325,-1,-1,4.0,4.0,36,36,0.0,0.001001913507025165,0.0,295.79119320532016,0,12,1,3,2,136,0.0441324815063887,0.01891392064559516,108.0,159.0
F7_8.1,N15,N16,800.0,1,2400.0,2398.308806842742,15,15,65,2,1.6911931572582262,3998.308806842742,0.0,0.0,1,1,36.0,36.0,24,28,11.542416561689587,86.69471391812795,9.643565176157386,224.16802731920905,0,0,0,6,6,82,0.03992938802958978,0.005253866845998655,205.00000000000006,213.00000000000006
F7_5.6,N15,N16,800.0,1,2400.0,2325.147751080012,18,18,87,5,74.85224891998814,3925.147751080012,37.50895283394975,41.17271502011676,-1,-1,16.0,16.0,29,21,7.729043926641701,54.73864778767802,11.356509449394526,239.58326401682714,0,1,0,6,6,110,0.05884330867518494,0.01050773369199731,208.0,165.0
F7_5.5,N15,N16,800.0,1,2400.0,1626.9666620802004,21,21,93,4,773.0333379197998,3226.9666620802004,35.21348282737552,40.117259454655745,-1,-1,34.0,34.0,31,24,6.87498916188934e-05,0.13398392817634885,0.0001374997832377868,259.0103005044707,0,4,0,2,2,118,0.0672494956287828,0.018913920645595158,145.0,173.0
F7_5.4,N15,N16,800.0,1,2400.0,2396.239840460149,21,21,91,5,3.760159539851088,3996.239840460149,37.50895283394975,41.17271502011676,-1,-1,8.0,8.0,32,26,8.46561760254198,34.49590745086857,11.196620046005235,242.3437551886701,0,3,0,11,11,117,0.06304640215198387,0.01050773369199731,217.0,220.0
F7_4.2,N15,N16,800.0,1,2400.0,2396.3661734583025,33,33,109,3,3.6338265416976583,3996.3661734583025,34.70815747198462,39.994782263031325,1,1,36.0,36.0,46,45,4.777848675548274,12.060455469454382,10.310120091679355,269.1082383669479,0,4,0,11,7,145,0.0441324815063887,0.01891392064559516,190.0,155.0000000000001
F7_17.5,N15,N16,800.0,1,2400.0,2395.86846289124,32,32,109,3,4.1315371087599715,3995.86846289124,34.70815747198462,39.994782263031325,1,1,37.0,37.0,44,45,7.112671814070836,10.49124113202879,8.733951210409835,279.3473009142355,0,5,0,13,13,144,0.0672494956287828,0.01891392064559516,196.0,152.0
F2_15.8,N15,N22,800.0,1,2400.0,2392.999995277744,4,69,4,2,7.000004722255994,3992.999995277744,34.70815747198462,34.30688425629169,1,-1,12.0,12.0,35,20,8.136740662533178,422.30164150887526,8.136740662533178,220.21216956759113,0,0,0,1,1,75,0.02101546738399462,0.0073554135843981175,161.0,215.9999999999999
F7_6.1,N15,N16,800.0,1,2400.0,2251.749067935444,22,22,92,5,148.25093206455574,3851.749067935444,34.57869629567464,40.15946461264031,1,1,17.0,17.0,34,27,10.515342447862142,59.97671206055793,9.512643655878328,225.69228189080638,0,0,0,7,6,119,0.054640215198386015,0.0168123739071957,197.0,204.9999999999999
F2_15.9,N15,N22,800.0,1,2400.0,2395.437157472893,6,60,6,3,4.562842527106795,3995.437157472893,34.70815747198462,34.106599855785284,-1,1,35.0,35.0,48,28,10.318519906315545,43.677608766361345,11.14900203073217,215.32885755186538,0,0,0,4,3,69,0.025218560860793545,0.0073554135843981175,176.0,186.9999999999999
F2_15.7,N15,N22,800.0,1,2400.0,2365.3555264210027,7,63,7,2,34.64447357899746,3965.3555264210027,34.57869629567464,33.883304042712304,-1,1,13.0,13.0,34,27,5.467310553665754,543.9724757051547,10.934621107331507,247.02462554896078,0,1,0,2,2,72,0.02101546738399462,0.005253866845998655,214.0,210.0000000000001
F2_15.11,N15,N22,800.0,1,2400.0,2395.2983806054203,5,64,5,7,4.7016193945797795,3995.2983806054203,33.17784874218983,34.4055931276819,1,-1,6.0,6.0,65,48,11.210067634465151,44.86269715550452,10.149176805741407,212.76539812010478,0,0,0,4,1,76,0.025218560860793545,0.009456960322797579,155.0,161.9999999999999
F7_10.6,N15,N16,800.0,1,2400.0,2394.6317494031655,36,36,106,3,5.368250596834514,3994.6317494031655,33.998287052224995,39.985449699859025,1,1,29.0,29.0,51,47,10.14761146890866,11.573249043426813,10.147165401614886,230.14532411196373,0,0,0,13,12,145,0.056949776932496095,0.025657730367271214,197.0,216.0
F7_19.4,N15,N16,800.0,1,2400.0,2395.499352509232,34,34,108,3,4.500647490768301,3995.499352509232,34.70815747198462,39.994782263031325,1,1,35.0,35.0,48,45,8.116673048287241,11.10096327275869,9.937584944702492,264.95491374386336,0,2,0,13,13,145,0.06514794889038333,0.020414101126506105,205.0,206.9999999999999
F7_12.7,N15,N16,800.0,1,2400.0,2392.6121659387263,43,43,145,4,7.387834061273452,3992.6121659387263,33.17784874218983,40.3487844520027,-1,-1,5.0,5.0,66,69,7.748098306031488,12.804480637373672,11.085821726315215,261.27256453284997,0,6,1,16,11,192,0.054640215198386015,0.03152320107599193,187.0,175.9999999999999
F7_10.4,N15,N16,800.0,1,2400.0,2397.1506651713307,28,28,106,3,2.849334828669271,3997.1506651713307,34.70815747198462,39.994782263031325,-1,-1,2.0,2.0,37,42,4.701280949265003,65.84870431187505,12.688244315284283,301.3173373710621,0,14,1,12,12,137,0.07145258910558171,0.01891392064559516,206.0,223.0
F7_10.3,N15,N16,800.0,1,2400.0,2396.384912244026,29,29,108,3,3.6150877559740593,3996.384912244026,34.70815747198462,39.994782263031325,1,1,41.0,41.0,39,43,5.322355292316907,22.048842801852516,10.384620587893995,298.6434928057835,0,13,0,12,12,140,0.06870587478228672,0.018612573314897272,207.0,223.0
F2_13.7,N15,N22,800.0,1,2400.0,2395.327332378087,4,67,4,15,4.672667621913433,3995.327332378087,32.00573031841037,34.27646235412533,1,-1,18.0,18.0,56,70,11.689183513092662,29.886262639394772,11.809632605536386,229.89186699628198,0,0,0,4,1,86,0.02942165433759247,0.00945696032279758,149.0,156.0000000000001
F2_14.10,N15,N22,800.0,1,2400.0,2392.6579993147825,5,68,5,14,7.342000685217613,3992.6579993147825,32.00573031841037,34.121064506896644,1,-1,7.0,7.0,61,73,11.773672885897309,115.88627134280796,12.132790704223552,223.81256126657036,0,0,2,5,2,87,0.031523201075991936,0.00945696032279758,155.0,164.0000000000001
F2_13.8,N15,N22,800.0,1,2400.0,2393.548902681384,6,66,6,14,6.451097318616235,3993.548902681384,32.00573031841037,34.121064506896644,1,-1,1.0,1.0,66,77,11.455216928689305,60.08470406142169,11.222773508839854,226.34118725198326,0,0,2,6,3,86,0.031523201075991936,0.00945696032279758,164.0,202.0
F7_5.10,N15,N16,800.0,1,2400.0,2394.0991137830006,41,41,159,7,5.900886216999652,3994.0991137830006,32.00573031841037,40.19459321280671,-1,-1,2.0,2.0,68,104,6.521590478245445,13.180372876772253,11.14252633055571,279.01923684303006,0,11,0,14,12,207,0.0672494956287828,0.045183254875588434,203.0,151.0
F7_12.10,N15,N16,800.0,1,2400.0,2397.500600660757,37,37,159,7,2.499399339243041,3997.500600660757,32.00573031841037,40.19459321280671,-1,-1,3.0,3.0,63,100,5.8207214701924,57.421250084425765,11.166089001881518,275.87788881764214,0,10,0,12,10,203,0.06514794889038333,0.04518325487558844,203.0,165.0
F7_5.11,N15,N16,800.0,1,2400.0,2396.4045906693364,33,33,181,5,3.5954093306635286,3996.4045906693364,32.352408051154384,39.08301893303533,-1,-1,15.0,15.0,49,114,1.6453328308892172,14.467797979816396,12.054439701437975,278.4352246619728,0,11,1,8,7,219,0.03992938802958978,0.05464021519838602,200.0000000000001,170.0
F2_13.11,N15,N22,800.0,1,2400.0,2397.787611896033,4,71,4,35,2.2123881039671005,3997.787611896033,32.35659795060275,32.30788693188777,1,-1,16.0,16.0,65,67,10.859880533164203,200.0,10.859880533164203,240.21284049211675,0,0,2,0,0,110,0.012609280430396773,0.010699702177771626,158.0000000000001,165.0
F7_6.14,N15,N16,800.0,1,2400.0,2398.3115272685163,46,46,220,3,1.6884727314837846,3998.3115272685163,32.35659795060275,37.571770211615295,-1,-1,12.0,12.0,71,161,3.8641713443986694,30.31203337001898,12.507829291333023,294.30565144061336,0,11,4,10,9,269,0.037827841291190316,0.0577925353059852,203.0,168.0
F2_14.15,N15,N22,800.0,1,2400.0,2390.881279659685,8,68,8,34,9.118720340315235,3990.881279659685,32.37938806630353,32.3818134591007,0,-1,0.0,0.0,81,69,9.635186101703681,94.66122629513393,9.338804343977278,239.95867851887508,0,0,2,6,4,110,0.0336247478143914,0.011558507061197041,178.0000000000001,189.0
F7_6.11,N15,N16,800.0,1,2400.0,2397.583401709512,47,47,219,3,2.4165982904876273,3997.583401709512,32.35659795060275,37.51137971375447,-1,-1,11.0,11.0,72,161,6.981230941464307,12.78321725845899,10.051275681866386,292.2279409965912,0,12,4,19,19,269,0.06935104236718224,0.0577925353059852,212.0000000000001,174.0
F7_8.17,N15,N16,800.0,1,2400.0,2392.7310302389906,40,40,239,13,7.268969761009657,3992.7310302389906,32.1029033178624,36.43306555514764,-1,-1,27.0,27.0,86,183,9.081290217332928,83.06088513871555,12.152170575678698,239.58098250505745,0,4,7,11,9,292,0.0672494956287828,0.06514794889038332,165.0000000000001,205.0
F7_12.14,N15,N16,800.0,1,2400.0,2393.979461677905,39,39,238,9,6.020538322094922,3993.979461677905,32.06458220419029,36.48278613911177,-1,-1,40.0,40.0,82,179,10.63445740606845,104.24339120366221,13.281032205514789,221.2336891991231,0,0,1,9,8,286,0.06304640215198387,0.06514794889038332,161.9999999999999,216.0
F2_14.20,N15,N22,800.0,1,2400.0,2390.020926624702,12,52,12,41,9.979073375298071,3990.020926624702,31.91520008512884,31.9117632865352,-1,1,31.0,31.0,92,102,10.18522144804908,26.538372555671685,10.024122918385421,236.33522237265322,0,1,0,6,2,105,0.031523201075991936,0.013660053799596504,150.0,150.0
F2_10.20,N15,N16,800.0,1,2400.0,2393.517146475105,41,41,225,37,6.482853524894722,3993.517146475105,31.953538794137984,34.91528255348841,-1,1,39.0,39.0,89,217,10.655831374409072,9.9800094451939,8.84956016182603,239.0302001416869,0,0,0,2,0,303,0.02942165433759247,0.060944855413584395,163.0,188.0
F7_16.12,N15,N16,800.0,1,2400.0,2395.477533901682,34,34,230,33,4.522466098318091,3995.477533901682,31.98145336206025,35.09244372366531,-1,-1,14.0,14.0,79,206,8.043029772231652,17.451287984572673,11.972716237100476,237.5814441921668,0,3,2,8,5,297,0.0441324815063887,0.061995628782784126,206.0,162.0
F7_12.17,N15,N16,800.0,1,2400.0,2392.918422812473,39,39,226,37,7.081577187526818,3992.918422812473,31.952984812699114,34.93358550076586,-1,-1,1.0,1.0,85,212,9.607913011872034,51.21228131576572,11.466626016825103,247.45104772866992,0,6,2,15,14,302,0.06514794889038333,0.061995628782784126,211.0,164.0
F7_19.17,N15,N16,800.0,1,2400.0,2399.1299569588896,39,39,231,37,0.8700430411105344,3999.1299569588896,31.873828564868294,34.92413735917042,1,1,24.0,24.0,97,234,11.198568396793759,70.82287984074992,9.886559996641472,222.24293869268172,0,0,0,13,13,307,0.07145258910558171,0.06724949562878278,196.0,209.0
F7_8.19,N15,N16,800.0,1,2400.0,2396.6772486252385,40,40,229,37,3.322751374761765,3996.6772486252385,31.91520008512884,34.92910371232025,1,1,32.0,32.0,91,225,11.562251874901019,90.38830159283839,10.744195519325249,217.78879968028986,0,0,0,14,13,306,0.0672494956287828,0.06619872225958305,211.0,204.0
F2_13.21,N15,N22,800.0,1,2400.0,2390.079482422407,14,64,14,47,9.920517577592818,3990.079482422407,31.85240496286272,31.863975529062795,1,-1,28.0,28.0,79,107,9.108211541475425,52.104426997265364,11.72824376860986,236.31843652310783,0,0,0,12,8,125,0.07355413584398117,0.015761600537995968,190.0,191.0
F7_12.19,N15,N16,800.0,1,2400.0,2391.9187644207595,43,43,228,47,8.08123557924057,3991.9187644207595,31.795762971030513,34.25839827379541,1,1,34.0,34.0,97,276,7.649229888548135,23.060362877884927,10.07174603643376,250.60254031714095,0,0,0,13,12,318,0.09246805648957633,0.05674176193678547,197.0,216.0
F7_4.13,N15,N16,800.0,1,2400.0,2391.8279274134,44,44,228,46,8.172072586599825,3991.8279274134,31.795762971030513,34.235501679394396,1,1,32.0,32.0,98,279,7.7238012340536875,29.045124093629966,9.342268478321456,238.63518152667737,0,0,0,8,7,318,0.0672494956287828,0.0577925353059852,196.0,218.0
F7_4.14,N15,N16,800.0,1,2400.0,2395.621891531207,48,48,232,49,4.37810846879313,3995.621891531207,31.906019246043037,33.689089747654144,0,0,2.0,2.0,101,285,10.352333401945023,253.857409887514,9.720462434983762,223.37855871059352,0,0,0,13,13,329,0.10312682314265635,0.059894082044384664,171.0,217.0
F2_10.21,N15,N16,800.0,1,2400.0,2396.309348382618,48,48,230,46,3.690651617382173,3996.309348382618,31.78805583381579,34.24314910273417,-1,1,28.0,28.0,102,280,8.118453113362055,60.491387863114596,9.74218129017272,264.65263097838186,0,6,0,15,2,324,0.06817252351024955,0.061995628782784126,230.0,200.0
F2_17.14,N15,N16,800.0,1,2400.0,2398.2946352412073,52,52,233,45,1.7053647587924843,3998.2946352412073,31.765158243555113,34.18068843859075,-1,1,19.0,19.0,107,291,6.846785725285244,38.52615038992076,8.870052917569906,266.69022390768555,0,7,0,13,3,330,0.06304640215198387,0.06514794889038332,237.0,184.0
F7_6.23,N15,N16,800.0,1,2400.0,2395.629208514526,64,64,217,45,4.370791485473887,3995.629208514526,32.053809813758846,33.288901952050075,-1,-1,2.0,2.0,117,304,3.7487794381380075,85.55065703618129,9.944461650635063,279.69301254027397,0,16,11,15,13,326,0.07985877605917956,0.06619872225958305,213.0,216.0
F7_10.19,N15,N16,800.0,1,2400.0,2393.974780244494,68,68,217,45,6.0252197555061,3993.974780244494,32.05293298716619,33.28455678841124,1,1,40.0,40.0,121,305,5.55582418770958,13.298771397825703,11.847729076200547,281.01953840237775,0,16,9,17,15,330,0.0822840903847692,0.0642245689259318,212.0,207.0
F7_18.20,N15,N16,800.0,1,2400.0,2392.6687580766365,73,73,220,40,7.331241923363336,3992.6687580766365,31.958404220115234,33.31275452858726,1,1,29.0,29.0,128,318,8.78349188083226,12.845268567181392,9.004486528871817,235.1299761548848,0,0,0,19,19,333,0.09693293002986153,0.06544174135419344,222.0,251.0
F7_19.25,N15,N22,800.0,1,2400.0,2393.3373668045133,13,67,13,51,6.662633195486592,3993.3373668045133,31.576283811297355,30.85446428002288,1,1,33.0,33.0,141,140,6.970791672987149,10.901448191167674,9.619458343978591,281.1922250162863,0,8,0,21,4,131,0.09877269670477472,0.022066240753194355,170.0,188.0
F9_8.18,N15,N16,800.0,1,2400.0,2396.25219372669,81,81,204,25,3.7478062733096067,3996.25219372669,31.68755714508458,32.20456600050616,1,-1,39.0,39.0,123,327,4.97715922704161,109.10411859614419,8.490435409305134,297.5372498005038,0,6,0,9,0,310,0.06514794889038333,0.10507733691997312,178.0,215.0
F7_8.23,N15,N16,800.0,1,2400.0,2392.9239835679505,92,92,206,27,7.076016432049528,3992.9239835679505,31.67123764443962,32.672639063292394,1,1,24.0,24.0,140,335,7.124973503460216,11.91245377446512,9.3252009595951,263.49822171148907,0,2,1,21,19,325,0.07985877605917956,0.08303023234122026,193.0,220.0
F7_4.20,N15,N16,800.0,1,2400.0,2398.22494507722,87,87,205,26,1.7750549227797592,3998.22494507722,31.716838575771426,32.67158856700229,1,1,35.0,35.0,133,325,3.871641411116986,10.000403364721251,8.927434541222201,319.53944577119864,0,20,0,20,19,318,0.07985877605917956,0.07563159025211467,212.0,214.0
F9_6.18,N15,N16,800.0,1,2400.0,2397.3821846615906,83,83,201,25,2.6178153384092866,3997.3821846615906,31.674434818463226,32.18252082115468,1,-1,35.0,35.0,127,330,7.787438844196048,10.750926665829638,9.31765364538446,284.7333687564279,0,2,1,9,1,309,0.06212955900499477,0.10507733691997312,186.0,212.0
F9_8.17,N15,N16,800.0,1,2400.0,2398.7758699561296,88,88,203,27,1.2241300438705593,3998.7758699561296,31.67408585526644,32.101066106349386,1,-1,27.0,27.0,135,326,9.810623150255545,41.86230933703223,8.570778474196644,258.52936989845233,0,0,1,8,2,318,0.0609448554135844,0.10507733691997312,180.0,213.0
F7_10.22,N15,N16,800.0,1,2400.0,2398.7568940056635,91,91,205,28,1.2431059943367018,3998.7568940056635,31.715015054013943,32.66536163994293,1,1,31.0,31.0,136,327,5.450324200411112,9.751221513768769,8.306973043178548,296.54168144044496,0,12,1,21,19,324,0.07950285127024143,0.0777763654952216,196.0,235.0
F7_6.27,N15,N16,800.0,1,2400.0,2392.137138562527,91,91,206,27,7.862861437473157,3992.137138562527,31.690015288688006,32.66724122250589,1,1,28.0,28.0,138,332,6.506883768824366,10.330152181856874,8.596643238924866,277.3248027287726,0,8,1,21,19,324,0.07355413584398117,0.07945516168317503,201.0,217.0
F9_4.18,N15,N16,800.0,1,2400.0,2396.8345681391143,87,87,198,30,3.1654318608858603,3996.8345681391143,31.653128999366356,32.00801900682226,1,-1,19.0,19.0,136,324,9.915722215820383,9.403333777413309,8.539178746521028,241.9435141596261,0,0,1,10,3,315,0.05884330867518494,0.10612811028917282,180.0,210.0
F7_8.24,N15,N16,800.0,1,2400.0,2395.096658229405,89,89,196,27,4.9033417705952616,3995.096658229405,31.6282044013722,31.879641618777505,-1,-1,3.0,3.0,143,322,4.628212061118165,300.4006461895219,11.825736875784642,289.204731441559,0,14,8,16,14,312,0.06514794889038333,0.11138197713517148,201.0,231.0
F7_12.24,N15,N16,800.0,1,2400.0,2391.990941980336,90,90,206,27,8.00905801966394,3991.990941980336,31.67123764443962,32.672639063292394,1,1,26.0,26.0,138,334,6.804089968361598,9.578480937168706,9.17008410606691,268.60547117053113,0,5,1,21,19,323,0.07565568258238063,0.08114627283204734,196.0,292.0
F7_10.23,N15,N16,800.0,1,2400.0,2395.5982159224236,89,89,197,30,4.401784077576508,3995.5982159224236,31.675134971420007,31.98083902668664,-1,-1,11.0,11.0,139,332,7.31610119224294,37.78439904584843,9.469923296186806,265.03624380517306,0,9,2,17,14,316,0.09036650975117687,0.10833191964346693,201.0,250.0
F7_12.28,N15,N16,800.0,1,2400.0,2392.6100628343574,88,88,196,27,7.389937165642323,3992.6100628343574,31.631300813250903,31.86918914891145,-1,-1,1.0,1.0,142,321,6.2745961310738725,23.329975936588426,10.208541253625937,293.94042718134097,0,17,9,20,16,311,0.10087424344317418,0.11138197713517148,199.0,247.0
F9_5.22,N15,N16,800.0,1,2400.0,2394.3329229734672,64,64,190,33,5.667077026532638,3994.3329229734672,31.27276184664152,31.433999078097077,1,-1,16.0,16.0,125,352,9.391327446018387,11.034613242436535,9.034900174342097,243.25882418930937,0,0,4,8,3,287,0.0672494956287828,0.12714357767316745,181.0,207.0
F7_6.29,N15,N16,800.0,1,2400.0,2399.3440113630836,87,87,193,30,0.6559886369162768,3999.3440113630836,31.572600205665548,31.867623689724404,1,1,29.0,29.0,142,331,7.0971325266571785,58.12092803496762,10.110506380634003,253.29866341842592,0,1,0,15,12,310,0.0609448554135844,0.11146631145629077,200.0,235.0
F7_12.31,N15,N16,800.0,1,2400.0,2397.87429402134,73,73,192,32,2.12570597865988,3997.87429402134,31.251238602116356,31.3783362061767,1,1,32.0,32.0,144,355,7.755642683696935,10.800642399812205,9.708457626245698,244.02177950234747,0,0,0,9,9,297,0.046234028244788165,0.12819435104236718,180.0,230.00000000000023
F7_5.20,N15,N16,800.0,1,2400.0,2392.211347725581,68,68,189,32,7.788652274418951,3992.211347725581,31.261114116357014,31.370542800711657,1,1,39.0,39.0,136,355,3.646558961310987,13.26974346646216,10.268518349936151,268.30011771338,0,9,5,9,7,289,0.054640215198386015,0.1292451244115669,186.0,242.00000000000023
F9_4.17,N15,N16,800.0,1,2400.0,2394.4376703867083,63,63,190,33,5.562329613291695,3994.4376703867083,31.27276184664152,31.45572996419341,1,-1,18.0,18.0,123,352,9.19349099588691,24.992306017087003,10.076989128359706,244.2505731120174,0,0,4,7,2,286,0.0672494956287828,0.12609280430396771,184.0,263.0
F9_6.17,N15,N16,800.0,1,2400.0,2396.193460626546,88,88,195,28,3.806539373454143,3996.193460626546,31.615723215539873,31.862997534021368,-1,1,36.0,36.0,143,328,9.107262776393943,87.25132430797066,7.801611121880638,244.43799764065696,0,0,2,13,4,311,0.0672494956287828,0.10924129840264737,242.0,273.0
F7_18.29,N15,N16,800.0,1,2400.0,2397.771996104726,65,65,187,31,2.228003895274128,3997.771996104726,31.26833684042265,31.399879537166164,-1,-1,1.0,1.0,129,350,6.353444418305228,34.186473878826064,9.33874660352736,279.3762022414355,0,14,10,20,9,283,0.0945696032279758,0.13134667114996637,214.0,224.0
F9_4.21,N15,N16,800.0,1,2400.0,2392.209069841967,57,57,181,44,7.790930158032779,3992.209069841967,31.209743053085592,31.11966898456481,1,-1,22.0,22.0,131,385,10.16086238918566,15.515407151537147,10.032131169351414,249.98341222373986,0,3,17,6,2,282,0.06637994606668884,0.13087713403224477,172.0,220.0
F7_10.26,N15,N16,800.0,1,2400.0,2394.482600964712,56,56,183,42,5.5173990352875535,3994.482600964712,31.211571179014843,31.11966898456481,-1,-1,24.0,24.0,131,381,7.392448502815219,18.15358231083951,11.46275458509112,251.51615607838923,0,6,16,19,11,281,0.10087424344317418,0.1292451244115669,215.0,190.0
F9_4.19,N15,N16,800.0,1,2400.0,2391.8734196606315,57,57,182,41,8.126580339368502,3991.8734196606315,31.186502468380507,31.057510465410836,1,-1,15.0,15.0,130,384,10.1514041778514,64.82472141053654,10.126146313919165,251.82937033497785,0,3,17,7,3,280,0.06304640215198387,0.13344821788836583,178.0,271.0000000000002
F7_6.37,N15,N16,800.0,1,2400.0,2394.801693356021,62,62,183,34,5.198306643978867,3994.801693356021,31.144220849929848,30.958817761809467,1,1,30.0,30.0,149,384,7.9167110347728284,23.72645758346448,9.329449559865356,257.6650643290357,0,1,5,20,12,279,0.08616341627437794,0.1313466711499664,200.0,221.99999999999977
F7_6.36,N15,N16,800.0,1,2400.0,2393.2415688772344,60,60,181,34,6.758431122765842,3993.2415688772344,31.152059921979504,30.972697530138262,1,1,32.0,32.0,144,384,6.808960916628544,55.4084835395754,11.32106847349693,267.08023821565513,0,5,4,14,11,275,0.0609448554135844,0.1323974445191661,207.0,219.99999999999977
F7_4.23,N15,N16,800.0,1,2400.0,2286.716713887435,62,62,183,40,113.28328611256484,3886.716713887435,31.142429836174635,30.517846426246134,-1,-1,34.0,34.0,160,386,9.843026718682585,294.8304259171093,10.753219303167075,236.48697499369143,0,1,7,9,8,285,0.04833557498318763,0.12819435104236718,175.0,201.0
F7_17.23,N15,N22,800.0,1,2400.0,2392.8395035867234,30,90,30,95,7.160496413276746,3992.8395035867234,31.05975018614221,30.4036580300948,1,1,38.0,38.0,157,153,5.142889498074349,24.615076086457293,8.95325229984664,308.31712173126584,0,14,0,19,5,215,0.09011758073927273,0.04222910492074816,177.0,189.99999999999977
F9_8.20,N15,N16,800.0,1,2400.0,2393.7084949824666,62,62,184,41,6.2915050175334954,3993.7084949824666,31.156769921469998,30.588761465687877,1,-1,40.0,40.0,158,389,7.267659995192051,41.717118964230394,10.634119456835947,317.21769138019357,0,13,2,12,5,287,0.07619866643067909,0.12504203093476798,190.0,201.0
F9_6.20,N15,N16,800.0,1,2400.0,2394.8399754390157,64,64,178,41,5.160024560984084,3994.8399754390157,31.1383156628798,30.495707424796006,1,-1,29.0,29.0,162,387,10.058307664351398,11.156870937361418,10.97205195290696,289.797202113177,0,2,7,11,5,283,0.06935104236718224,0.1292451244115669,190.0,202.99999999999977
F9_5.24,N15,N16,800.0,1,2400.0,2393.294566016884,64,64,171,37,6.705433983116222,3993.294566016884,31.0832535244968,30.342437753335368,1,-1,18.0,18.0,159,382,10.031204820732318,11.19932091208966,9.351336192877257,260.74579619304006,0,0,14,10,6,272,0.06514794889038333,0.13449899125756556,175.0,206.0
F7_10.29,N15,N16,800.0,1,2400.0,2391.032887206811,63,63,165,37,8.967112793188676,3991.032887206811,31.059314183218955,30.20941908603393,1,1,41.0,41.0,154,381,1.1570811772569152,583.2608376876578,12.632229467270122,321.748547901586,0,20,31,11,10,265,0.05403715691845109,0.1341676048126271,187.0,192.0
F9_8.19,N15,N16,800.0,1,2400.0,2393.142026270625,64,64,174,38,6.857973729374862,3993.142026270625,31.123032200998242,30.36383829123079,1,-1,20.0,20.0,160,384,9.930850444357539,76.74161334302607,9.551403734316976,268.5405815092316,0,0,11,9,5,276,0.06514794889038333,0.1342618631921374,186.0,205.0
F9_5.25,N15,N16,800.0,1,2400.0,2397.8583277925,58,58,159,35,2.1416722074998233,3997.8583277925,30.922712459805375,29.705598329354395,1,-1,26.0,26.0,151,380,9.575764248009326,9.08017978902376,8.147593259374313,301.40531871196004,0,9,18,7,2,252,0.08196032279757902,0.129591459869253,176.0,193.0
F9_4.23,N15,N16,800.0,1,2400.0,2392.01930743067,61,61,150,37,7.980692569330017,3992.01930743067,30.91701887715209,29.558228281944317,1,-1,14.0,14.0,156,379,9.380421371012178,11.668444816167948,9.272798280132605,305.7676345437648,0,15,32,8,4,248,0.08196032279757902,0.13449899125756556,195.0,183.0
F7_16.25,N15,N22,800.0,1,2400.0,2395.3734306731367,31,89,31,88,4.626569326863091,3995.3734306731367,30.93733736313752,30.434013041656808,1,1,19.0,19.0,166,205,9.534138077874188,9.515708794013108,8.140237524378415,231.87769741614764,0,1,0,14,1,208,0.09036650975117687,0.048335574983187635,175.0,187.0
F9_4.22,N15,N16,800.0,1,2400.0,2399.16075266202,59,59,151,36,0.8392473379797138,3999.16075266202,30.91701887715209,29.57520677378158,1,-1,17.0,17.0,153,379,9.523619685567914,9.66278011557256,8.659399343744107,300.91629808599396,0,14,30,7,3,246,0.08196032279757902,0.13449899125756556,188.0,205.0
F9_8.21,N15,N16,800.0,1,2400.0,2395.552730808703,64,64,129,32,4.447269191296755,3995.552730808703,30.89457112549714,28.14300892610433,1,-1,17.0,17.0,161,377,9.455281168442859,10.888695080142952,9.493059194933672,331.20338535096283,0,8,20,10,7,225,0.0945696032279758,0.11768661735036987,178.00000000000023,216.0
F9_6.21,N15,N16,800.0,1,2400.0,2394.433883528446,63,63,131,31,5.566116471553755,3994.433883528446,30.90656851867943,28.195855313399854,1,-1,21.0,21.0,160,374,8.8496252084015,10.680172499510036,8.553773978705966,323.79850296261,0,8,17,8,5,225,0.0945696032279758,0.1156073628856979,178.99999999999977,217.0
F7_12.36,N15,N16,800.0,1,2400.0,2396.643806757461,76,76,125,32,3.3561932425392342,3996.643806757461,30.906224333147637,27.94969857768908,-1,-1,1.0,1.0,176,366,7.865746161381593,16.148945897156864,10.584237517560377,254.50564932927858,0,9,30,25,18,233,0.10297579018157364,0.12399125756556825,217.99999999999977,221.0
F9_8.26,N15,N16,800.0,1,2400.0,2398.636729111782,91,91,120,36,1.3632708882179259,3998.636729111782,30.839939878426037,27.036203172112373,1,-1,8.0,8.0,211,358,9.181171477400111,6.801246835110987,4.851715064136794,324.8912718395244,0,15,27,21,13,247,0.1387020847343645,0.12609280430396771,190.99999999999977,248.0
F9_8.22,N15,N16,800.0,1,2400.0,2395.7601005774836,89,89,120,39,4.23989942251626,3995.7601005774836,30.880372006178092,27.081889042114593,1,-1,14.0,14.0,204,361,9.674799435561166,9.66546549374084,8.601753385734764,329.1483496694102,0,13,22,17,10,248,0.14080363147276395,0.12609280430396771,194.00000000000023,254.0
F9_5.27,N15,N16,800.0,1,2400.0,2391.648283069711,87,87,124,38,8.351716930289172,3991.648283069711,30.87112685391716,27.179429359071758,1,-1,19.0,19.0,200,363,9.83233997027571,11.629778251284733,10.169856747644582,317.6364210612156,0,14,21,17,9,249,0.14451591768397706,0.12504203093476798,197.00000000000023,257.0
F7_8.34,N15,N16,800.0,1,2400.0,2398.132977421448,94,94,120,36,1.8670225785522234,3998.132977421448,30.841010622492163,26.978346497950433,-1,-1,4.0,4.0,219,354,5.436809796402415,38.07275550653412,11.092543726067976,306.7148190639399,0,20,28,23,15,250,0.10297579018157364,0.12609280430396771,207.0,251.0
F7_10.36,N15,N16,800.0,1,2400.0,2395.3066873227885,108,108,113,39,4.693312677211566,3995.3066873227885,30.696737497588323,26.43513043387766,-1,-1,23.0,23.0,260,334,7.829542873761961,452.91645838520253,9.609125913078861,240.08891223463257,0,5,16,10,9,260,0.0609448554135844,0.13536615663728366,168.0,280.0
F9_5.31,N15,N16,800.0,1,2400.0,2399.547026114276,111,111,110,41,0.45297388572407726,3999.547026114276,30.626798106104108,26.37803487515464,1,-1,13.0,13.0,260,338,9.029212150581888,11.809262924979976,9.31706005592805,371.82916207456765,0,36,24,16,10,262,0.13660053799596505,0.14142708785659383,196.0,271.0
F9_5.30,N15,N16,800.0,1,2400.0,2398.480382298984,109,109,112,40,1.5196177010162728,3998.480382298984,30.637075907518494,26.400713966638918,1,-1,17.0,17.0,260,340,8.919264593387297,11.188965053775064,9.812092287477421,363.5608641183314,0,35,20,16,10,261,0.14080363147276395,0.13758178665159962,205.0,256.0
F9_8.25,N15,N16,800.0,1,2400.0,2398.3726889901945,111,111,110,45,1.6273110098053394,3998.3726889901945,30.60756038461331,26.321111151298783,1,-1,1.0,1.0,261,337,9.015920471888203,77.13683375750247,8.464265370899803,386.46915565985176,0,39,33,12,7,266,0.13239744451916613,0.14886450644966723,196.0,267.0
F7_17.31,N15,N16,800.0,1,2400.0,2396.8596721451695,109,109,112,40,3.140327854830616,3996.8596721451695,30.637075907518494,26.400713966638918,-1,-1,17.0,17.0,260,340,7.5060504643165,33.09470406663945,12.351240807079748,243.03802687830395,0,6,20,10,9,261,0.05674176193678548,0.13758178665159962,215.0,306.0
F15_5.28,N15,N16,800.0,1,2400.0,2399.006930146029,121,121,110,48,0.9930698539708374,3999.006930146029,30.559443689037817,26.249844400590977,-1,1,26.0,26.0,270,338,7.307106930314554,10.698529160664293,9.372237878361904,396.65520741829016,0,38,6,18,12,279,0.14710827168796234,0.14195169465870736,231.0,284.0
F7_5.35,N15,N16,800.0,1,2400.0,2389.8647954013322,130,130,101,43,10.135204598667656,3989.8647954013322,30.37755969683167,25.74173283863226,-1,-1,0.0,0.0,292,314,2.7869195121966195,13.008316417402966,11.519293974252813,314.7957487579963,0,21,10,13,11,274,0.05674176193678548,0.14815904505716207,216.0,323.0
F9_5.29,N15,N16,800.0,1,2400.0,2397.013237708468,91,91,138,38,2.986762291532159,3997.013237708468,30.914574530968398,27.49602626507114,-1,1,3.0,3.0,201,366,9.548223192428008,12.468909125006121,10.73226418197196,319.48046765263786,0,28,0,18,12,267,0.1281943510423672,0.11845319413948328,210.0,627.0
F9_6.23,N15,N16,800.0,1,2400.0,2397.518517837111,91,91,137,38,2.4814821628887103,3997.518517837111,30.921827291801687,27.499296239839854,-1,1,5.0,5.0,202,366,9.355820248112767,49.731627082677505,10.279267235215753,317.4686996140404,0,26,2,16,11,266,0.12609280430396774,0.11978816408876933,216.0,629.0
F9_8.24,N15,N16,800.0,1,2400.0,2396.7058636166557,90,90,120,37,3.2941363833442665,3996.7058636166557,30.871307897092347,27.03658551882028,1,-1,12.0,12.0,207,359,9.500373737595734,11.101830579986881,8.821141464574259,326.63223856320195,0,12,24,18,11,247,0.14080363147276395,0.12609280430396771,196.00000000000023,637.0
F9_4.25,N15,N16,800.0,1,2400.0,2393.860599916361,104,104,120,33,6.139400083638975,3993.860599916361,30.79989952129928,26.740223845021642,-1,1,11.0,11.0,247,356,5.554887228389068,12.396666059715699,10.95530780965116,346.61203752858586,0,29,9,24,16,257,0.1480152873198482,0.12714357767316745,203.0,718.0
F9_6.25,N15,N16,800.0,1,2400.0,2397.985901177568,110,110,111,41,2.014098822432288,3997.985901177568,30.64154180516622,26.37803487515464,1,-1,15.0,15.0,260,338,9.005056211802,10.610097971795994,8.59598147476035,369.83405019054317,0,36,23,16,10,262,0.13660053799596505,0.13946801376067156,193.0,705.0
F9_4.27,N15,N16,800.0,1,2400.0,2392.857324629277,129,129,110,46,7.142675370722827,3992.857324629277,30.489276274482176,25.8951640094115,1,-1,31.0,31.0,298,332,8.578188383013858,11.295059683250429,9.660341693173685,386.5109079740092,0,46,3,27,21,285,0.16392064559515804,0.13660053799596503,211.0,626.0
F9_8.27,N15,N16,800.0,1,2400.0,2398.824170779631,159,159,94,55,1.1758292203689962,3998.824170779631,29.935981933024664,24.772304236862098,1,-1,16.0,16.0,353,369,6.628561408962739,14.71182454681366,0.3153694388548207,489.5275405089083,0,76,33,39,27,308,0.1933422999327505,0.18178379287155347,294.0,433.0
F11_8.21,N15,N16,800.0,1,2400.0,2391.074248182396,112,112,110,46,8.925751817604123,3991.074248182396,30.60438361237923,26.307070316264902,-1,1,41.0,41.0,261,343,9.137539061436057,10.707763932844955,8.815848944786946,384.020410713783,0,40,33,13,8,268,0.13239744451916613,0.15107696309624588,223.0,851.0
F9_6.27,N15,N16,800.0,1,2400.0,2394.0294742122574,202,202,92,80,5.970525787742645,3994.0294742122574,29.007816942027006,24.164342670556785,1,-1,27.0,27.0,415,353,5.4641610719722555,9.461399256746972,7.8698392530772825,693.5970350283526,0,115,39,50,37,374,0.20174848688634836,0.21435776731674513,293.0,477.0
F9_8.28,N15,N16,800.0,1,2400.0,2392.227768733481,203,203,92,79,7.772231266518929,3992.227768733481,29.012196013372627,24.177150173958363,1,-1,29.0,29.0,413,353,5.209459312986592,8.777719569304054,7.7653531406719924,710.4502599311477,0,117,34,49,36,374,0.20091625855245052,0.2133069939475454,293.0,486.0
F9_8.29,N15,N16,800.0,1,2400.0,2398.3310655967202,205,205,92,82,1.6689344032796498,3998.3310655967202,28.91300805510761,24.10083379929727,1,-1,17.0,17.0,420,359,6.711894229552829,10.642349029925072,9.205890959478571,629.6634593413097,0,104,53,50,38,379,0.1990774698311878,0.2196116341627438,329.0,467.0
F9_5.32,N15,N16,800.0,1,2400.0,2397.9134395264855,124,124,106,45,2.0865604735146235,3997.9134395264855,30.42754064795503,25.80301003293068,1,-1,20.0,20.0,292,326,8.538013002394473,10.830506952247106,9.016581640488953,387.81944124324446,0,45,4,28,23,275,0.15761600537995965,0.13765131136516476,253.0,989.0
F2_10.1,N15,N22,800.0,-1,2400.0,807.9188226791821,22,40,22,2,7.897114423659104,2407.918822679182,38.11149946011925,41.69874207074508,-2,-1,22.0,22.0,24,24,12.139898019971945,637.7354280540561,11.518397597883107,207.02598323192805,0,0,0,4,1,64,0.025218560860793545,0.0168123739071957,1.0,118.0
F2_11.0,N15,N22,800.0,1,2400.0,2258.1399316572374,4,23,4,0,141.86006834276247,3858.1399316572374,0.0,0.0,-1,-1,22.0,22.0,4,1,6.314302912350851,168.45983655671648,12.628605824701703,232.92811633448105,0,2,0,2,2,27,0.025218560860793545,0.0,125.0,174.0
F2_12.1,N15,N22,800.0,1,2400.0,1786.9863899222996,13,28,13,0,613.0136100777003,3386.9863899222996,0.0,0.0,1,1,3.0,3.0,13,4,11.671247222708724,13.339221477108822,11.671247222708724,206.94840011269008,0,0,0,1,1,41,0.012609280430396773,0.004203093476798925,124.0,125.0
F2_10.0,N15,N22,800.0,1,2400.0,1853.5459767757447,12,27,12,0,546.4540232242551,3453.5459767757447,0.0,0.0,1,1,13.0,13.0,12,4,11.276624944139764,230.4704251833009,11.276624944139764,205.67212600010672,0,0,0,1,1,39,0.037827841291190316,0.0031523201075991936,136.0,137.0
F2_14.0,N15,N22,800.0,1,2400.0,2390.417553133192,10,23,10,0,9.582446866807686,3990.417553133192,0.0,0.0,-1,-1,11.0,11.0,10,2,7.430182529131055,20.967251987552345,10.757720666832187,235.6456928616643,0,2,0,3,3,33,0.01050773369199731,0.0,180.0,139.0
F2_19.1,N15,N22,800.0,-1,2400.0,890.6134192479178,19,41,19,2,90.61085775450215,2490.6134192479176,34.015321463383344,42.88695977886526,-2,-1,0.0,0.0,23,29,11.168303647370564,80.92718093501776,11.59626483986723,204.5389363054499,0,0,0,3,3,62,0.00840618695359785,0.0168123739071957,8.0,170.0
F2_13.1,N15,N22,800.0,1,2400.0,1642.5950727827262,15,36,15,0,757.4049272172739,3242.595072782726,36.697685554668794,0.0,-1,-1,1.0,1.0,16,13,0.0,0.9196278838753642,0.0,314.6915871299077,0,8,0,4,4,51,0.031523201075991936,0.004203093476798925,90.00000000000006,170.0
F2_19.2,N15,N22,800.0,1,2400.0,2397.865777570103,15,28,15,0,2.1342224298970223,3997.865777570103,0.0,0.0,-1,-1,32.0,32.0,15,6,6.552150748507513,54.22847973206535,11.96109380649385,263.13663789887653,0,4,0,7,7,43,0.035726294552790853,0.004203093476798925,137.0,170.0
F2_11.1,N15,N22,800.0,1,2400.0,2397.1690140590467,11,22,11,0,2.8309859409531555,3997.1690140590467,0.0,0.0,-1,-1,5.0,5.0,11,2,8.728195282356651,70.85837890563562,11.939734705180115,233.55690826450888,0,2,0,4,4,33,0.01050773369199731,0.0,186.00000000000006,181.0
F2_18.0,N15,N22,800.0,1,2400.0,1873.9484104868397,13,26,13,0,526.0515895131605,3473.9484104868397,0.0,0.0,1,1,10.0,10.0,13,4,11.613729082157157,12.567525447255775,10.496865125108815,207.00337337977768,0,0,0,3,3,39,0.037827841291190316,0.004203093476798925,144.0,182.0
F2_15.1,N15,N22,800.0,1,2400.0,1608.0184806657921,15,35,15,0,791.9815193342081,3208.018480665792,36.697685554668794,0.0,1,1,35.0,35.0,16,15,7.378546942738946,16.91283229038264,10.88159429206359,2.838656481989339,0,0,0,0,0,50,0.19119779435868622,0.0,79.99999999999994,193.0
F2_14.1,N15,N22,800.0,1,2400.0,2250.122771391466,15,35,15,0,149.87722860853387,3850.122771391466,36.697685554668794,0.0,1,1,39.0,39.0,16,15,5.557173625872985,156.85525370472965,10.970790759058989,280.4887825127514,0,3,0,7,7,50,0.02942165433759247,0.004203093476798925,158.0,135.0
F2_13.0,N15,N22,800.0,1,2400.0,2191.0957610047944,12,23,12,0,208.90423899520533,3791.0957610047944,0.0,0.0,1,1,25.0,25.0,12,4,11.069429118208163,87.98726195098902,11.919253844412317,210.1635746127878,0,0,0,5,5,35,0.0336247478143914,0.0031523201075991936,169.00000000000006,186.0
F2_16.1,N15,N22,800.0,1,2400.0,2119.107436324476,22,41,22,2,280.89256367552366,3719.107436324476,36.319927746343154,41.69874207074508,-1,-1,14.0,14.0,24,25,6.860971541512921,209.0724691558912,13.721943083025842,217.73643821319766,0,2,0,2,2,65,0.031523201075991936,0.016812373907195696,109.0,133.0
F2_15.5,N15,N22,800.0,1,2400.0,2392.57313478219,15,48,15,2,7.426865217809791,3992.57313478219,35.92670830015188,41.854156263832564,1,1,5.0,5.0,20,36,11.089553167078973,436.3720921441127,10.939948441893176,206.9379836859888,0,0,0,6,4,65,0.037827841291190316,0.02101546738399462,127.0,115.0
F3_11.0,N15,N22,800.0,1,2400.0,2395.694895184658,15,33,15,0,4.305104815341906,3995.694895184658,38.11149946011925,42.266422965272554,-1,1,10.0,10.0,16,16,10.662028533728941,200.0,10.662028533728941,217.76489317399756,0,0,0,0,0,48,0.012609280430396773,0.014710827168796235,173.0,161.0
F2_10.5,N15,N22,800.0,1,2400.0,2398.6324389292013,22,41,22,2,1.367561070798729,3998.6324389292013,37.14815910566765,41.69874207074508,-1,-1,16.0,16.0,24,25,8.917106569233455,210.95504225604714,13.758035676947681,221.88063199961937,0,2,0,3,3,65,0.02101546738399462,0.016812373907195696,186.0,138.0
F2_15.2,N15,N22,800.0,1,2400.0,2016.7833700923388,14,47,14,2,383.21662990766134,3616.783370092339,35.92670830015188,43.71316698435979,1,1,24.0,24.0,19,32,11.887250188806203,30.41127732966993,10.708478538375774,203.43056405328872,0,0,0,5,5,63,0.04203093476798924,0.01891392064559516,155.0,194.0
F2_15.7,N15,N22,800.0,1,2400.0,1943.260923545848,22,49,22,11,456.739076454152,3543.260923545848,37.61634031845418,41.52429955530788,-1,-1,15.0,15.0,29,58,2.0115548253313738,158.3626548447969,10.057774126656868,263.61847258234627,0,6,6,5,3,82,0.0441324815063887,0.0304724277067922,101.0,181.0
F2_12.4,N15,N22,800.0,1,2400.0,2398.218175020528,22,52,22,11,1.7818249794718213,3998.218175020528,37.40985053736143,41.17946302215158,-1,-1,31.0,31.0,29,57,8.011038648507455,46.36550971058841,13.197087725932784,248.98756068077037,0,4,3,8,6,85,0.04203093476798924,0.02837088096839274,144.0,164.0
F3_11.3,N15,N22,800.0,1,2400.0,2395.8898416498378,18,54,18,10,4.110158350162351,3995.8898416498378,37.119479763427364,41.0627456209234,-1,1,32.0,32.0,22,72,9.381723047106943,485.8535238657548,9.381723047106943,230.96043788633526,0,0,0,1,0,82,0.037827841291190316,0.0274558656183423,131.0,145.0
F7_8.0,N15,N16,800.0,1,2400.0,2246.6989510187423,2,2,18,14,153.30104898125796,3846.6989510187423,35.15298928801823,38.355577589227394,1,-1,6.0,6.0,25,11,6.534170280583606,200.0,6.534170280583606,297.13684297270936,0,0,0,0,0,34,0.0021015467383994624,0.0010507733691997312,265.0,217.0
F2_18.4,N15,N22,800.0,1,2400.0,1808.9947418382021,27,71,27,14,591.005258161798,3408.994741838202,36.81776529712356,39.50933274267399,-1,-1,16.0,16.0,38,92,5.70724701686586,165.13939286520736,11.41449403373172,237.82160637419142,0,3,3,2,2,112,0.03992938802958978,0.027320107599193007,100.0,183.0
F2_12.5,N15,N22,800.0,1,2400.0,2337.954436726324,21,49,21,11,62.045563273676066,3937.954436726324,37.65390556008303,40.99861472313921,-1,-1,10.0,10.0,28,57,6.606732780130148,169.80689052537195,11.873144486357093,264.9184150571966,0,6,6,9,7,81,0.0441324815063887,0.0304724277067922,182.0,186.9999999999999
F4_15.0,N15,N22,800.0,1,2400.0,2391.3989180772223,25,71,25,13,8.601081922777894,3991.3989180772223,36.81776529712356,39.60311573936562,1,-1,18.0,18.0,36,92,11.164205206605475,595.0154097928357,10.826766666510498,233.75174746236303,0,0,2,2,2,109,0.031523201075991936,0.027320107599193007,147.0,161.0000000000001
F8_11.0,N15,N22,800.0,1,2400.0,2396.7755764713024,27,71,27,14,3.2244235286976846,3996.7755764713024,36.81776529712356,39.50933274267399,1,-1,16.0,16.0,38,92,9.92627185941186,10.626736842756372,8.122545592844629,230.66063356481348,0,0,3,4,3,112,0.04833557498318763,0.027320107599193007,165.0,146.0
F2_15.9,N15,N22,800.0,1,2400.0,2389.1391203703374,23,71,23,13,10.860879629662463,3989.1391203703374,36.81776529712356,39.63626924641368,-1,-1,19.0,19.0,33,91,0.001871289220720702,770.2360691130366,0.001871289220720702,237.64351147739475,0,2,2,1,1,107,0.014710827168796235,0.027320107599193007,188.0,141.0
F7_8.3,N15,N16,800.0,1,2400.0,2394.558463980692,4,4,12,38,5.441536019308046,3994.558463980692,36.81776529712356,34.18382941572258,1,-1,28.0,28.0,29,38,8.492360076894476,200.0,8.492360076894476,246.92057756680236,0,0,0,0,0,54,0.006304640215198386,0.0010507733691997312,176.0,152.0
F2_10.8,N15,N22,800.0,1,2400.0,2388.780591287366,25,70,25,12,11.219408712634163,3988.780591287366,36.1913022280286,38.127770791044306,-1,-1,26.0,26.0,43,101,2.8378545534482726,111.42767686721004,11.35141821379309,254.0678499395052,0,5,4,4,3,107,0.0441324815063887,0.03362474781439139,127.0,176.0
F2_12.6,N15,N22,800.0,1,2400.0,2214.929546535838,24,67,24,6,185.07045346416203,3814.929546535838,36.11932956940823,39.24997751590599,-1,-1,0.0,0.0,36,93,4.548138938427632,53.808684272613164,11.05072275167287,262.1087773527808,0,5,4,5,4,97,0.023117014122394083,0.029421654337592466,173.0,184.0
F2_16.3,N15,N22,800.0,1,2400.0,2393.9940495261244,27,70,27,12,6.005950473875373,3993.9940495261244,36.27817161249927,38.25636418599802,-1,-1,20.0,20.0,46,112,6.117969826702381,31.502414494260393,12.612140518223097,258.4472280225677,0,6,4,6,5,109,0.0441324815063887,0.03362474781439139,128.0,172.0
F2_18.5,N15,N22,800.0,1,2400.0,2397.2292821269707,25,68,25,11,2.7707178730294117,3997.2292821269707,36.04988107492266,38.16773510782422,-1,-1,37.0,37.0,38,100,5.114706350039178,673.2833982811071,9.810352117280743,230.20368392473605,0,2,2,4,3,104,0.0441324815063887,0.029421654337592466,138.0,174.0
F2_13.5,N15,N22,800.0,1,2400.0,2354.9923845606863,27,70,27,12,45.00761543931367,3954.9923845606863,36.27817161249927,38.25636418599802,-1,-1,20.0,20.0,46,112,4.819135688398236,34.76277098644823,12.83116353750795,258.4472280225677,0,6,4,5,4,109,0.0441324815063887,0.03362474781439139,126.0,175.0
F4_15.1,N15,N22,800.0,1,2400.0,2395.1211788815726,29,72,29,12,4.878821118427595,3995.1211788815726,36.27817161249927,38.23316511403202,1,-1,15.0,15.0,49,114,9.357077491487408,31.15093503480466,9.229250854520261,242.24610420311916,0,0,4,6,2,113,0.046234028244788165,0.03362474781439139,153.9999999999999,146.0
F3_14.3,N15,N22,800.0,1,2400.0,2395.123480451448,28,69,28,12,4.876519548552096,3995.123480451448,36.27817161249927,38.25636418599802,1,-1,19.0,19.0,47,113,9.547962244940724,61.45915336498115,9.753512057085418,243.6795127476513,0,1,4,4,1,109,0.0441324815063887,0.03362474781439139,159.9999999999999,151.0
F3_15.1,N15,N22,800.0,1,2400.0,2398.9437219927804,23,66,23,11,1.0562780072198166,3998.9437219927804,36.12156829946344,38.50998546352417,-1,1,6.0,6.0,36,104,6.977142806627163,202.41999013021132,7.446553425875931,246.38157257117373,0,2,0,4,0,100,0.05043712172158709,0.029421654337592466,185.0000000000001,162.0
F2_13.6,N15,N22,800.0,1,2400.0,2388.9275608690787,36,69,36,17,11.072439130921225,3988.9275608690787,36.41363857949415,36.79317068680538,1,1,1.0,1.0,54,116,10.764855027176935,40.821361641597605,12.596323947391852,205.50637224020682,0,0,0,5,4,122,0.037827841291190316,0.03665318421452805,136.9999999999999,177.0
F2_8.9,N15,N16,800.0,1,2400.0,2397.3039831397637,7,7,10,38,2.6960168602364547,3997.3039831397637,36.43148483343163,34.81784915043735,-1,-1,6.0,6.0,55,54,5.512153620260274,10.633910189706512,9.165947418372683,257.0324873783287,0,6,0,6,0,55,0.023117014122394083,0.006304640215198386,181.9999999999999,179.0
F3_11.7,N15,N22,800.0,1,2400.0,2399.89431449066,37,69,37,17,0.10568550934010545,3999.89431449066,36.41363857949415,36.710867961167104,-1,1,0.0,0.0,55,117,6.270249393914135,94.0379355805369,9.455497125110194,271.2276351493991,0,6,0,10,3,123,0.08410023479169895,0.03677706792199059,177.0,153.0
F3_14.7,N15,N22,800.0,1,2400.0,2396.431251110253,39,68,39,18,3.568748889746985,3996.431251110253,36.484645137564655,36.48426177737174,1,-1,39.0,39.0,58,109,7.222742205905388,12.699268002962981,10.914669006308898,268.01547626834696,0,4,0,12,10,125,0.05467846334902484,0.03677706792199059,173.0000000000001,152.0
F2_18.6,N15,N22,800.0,1,2400.0,2399.2026793153896,35,72,35,16,0.7973206846104404,3999.2026793153896,36.33543169863743,37.881997471315245,-1,-1,3.0,3.0,56,115,8.357237241688763,49.05519706509267,11.08376266330658,260.5913816962866,0,6,5,11,10,123,0.046234028244788165,0.036777067921990585,182.0000000000001,187.0
F7_8.5,N15,N16,800.0,1,2400.0,2394.1946112066416,5,5,9,44,5.805388793358361,3994.1946112066416,36.506501061599835,35.187755308882615,1,-1,36.0,36.0,58,59,10.53330913047431,134.57237077605055,10.590682316367701,267.1326551217835,0,0,0,3,0,58,0.03992938802958978,0.0073554135843981175,169.9999999999999,147.0
F3_14.4,N15,N22,800.0,1,2400.0,2391.577049976722,33,67,33,15,8.422950023278077,3991.577049976722,36.524418568914854,37.685161589616754,-1,1,17.0,17.0,53,124,9.292946126766159,161.6916551831946,11.099684964139382,244.45984314855164,0,1,0,10,2,115,0.07985877605917956,0.03257397444519166,195.0,158.0
F3_15.4,N15,N22,800.0,1,2400.0,2397.318170647526,38,68,38,18,2.681829352473983,3997.318170647526,36.484645137564655,36.60434412518665,1,-1,41.0,41.0,56,113,6.544934481239139,211.0790183744391,11.367075530587172,270.6321116312415,0,7,0,11,9,124,0.05635721295495609,0.03677706792199059,181.0,154.0
F3_15.3,N15,N22,800.0,1,2400.0,2389.8716588137286,36,68,36,15,10.128341186271427,3989.8716588137286,36.524418568914854,37.47492545590846,-1,1,14.0,14.0,56,122,9.476959382802853,22.03085462792319,10.88169290561566,244.61641026536049,0,1,0,10,2,119,0.07985877605917956,0.03257397444519166,188.9999999999999,166.0
F2_15.11,N15,N22,800.0,1,2400.0,2397.813900618303,45,80,45,16,2.1860993816974315,3997.813900618303,36.23312861749468,36.205687552992636,1,1,3.0,3.0,62,112,10.396915028819098,250.32302435985252,10.50325246094948,209.29782600101137,0,0,0,7,4,141,0.04203093476798924,0.04623402824478817,126.0,135.0
F2_10.7,N15,N22,800.0,1,2400.0,2391.765449918607,32,72,32,12,8.234550081392968,3991.765449918607,36.27817161249927,38.15002674840773,-1,-1,14.0,14.0,52,113,6.955766792353396,65.6928154075747,12.056390410991279,260.1420364032356,0,6,4,7,6,116,0.0441324815063887,0.03362474781439139,193.9999999999999,203.0
F7_18.11,N15,N22,800.0,1,2400.0,2390.007071593205,34,67,34,15,9.992928406794704,3990.007071593205,36.524418568914854,37.61471689700439,-1,1,15.0,15.0,54,124,8.633026329422481,647.1529981225076,8.633026329422481,263.83859486529735,0,0,0,1,0,116,0.035726294552790853,0.03257397444519166,173.0,202.0
F3_11.8,N15,N22,800.0,1,2400.0,2392.37540904094,42,69,42,19,7.62459095905956,3992.37540904094,36.44073851148257,36.52468121300503,1,-1,28.0,28.0,60,106,10.081072628034638,93.22473220792608,9.000910579581767,251.10564301978275,0,0,7,6,4,130,0.07355413584398117,0.038908977039698686,181.0,157.0
F2_13.7,N15,N22,800.0,1,2400.0,2393.3100801287214,47,71,47,19,6.689919871278562,3993.3100801287214,36.38083367569344,36.41451622591634,-1,-1,19.0,19.0,65,107,4.0237771227506585,61.80605487746493,11.293500661201396,263.26481429196434,0,7,7,6,5,137,0.023117014122394083,0.04203902971150041,186.0000000000001,143.0
F7_17.6,N15,N22,800.0,1,2400.0,2303.52161405223,46,70,46,19,96.47838594777022,3903.52161405223,36.38083367569344,36.44748505430234,1,-1,21.0,21.0,63,108,9.828513431790531,32.22067522291809,8.911733774727248,264.61051541688045,0,0,7,4,3,135,0.046234028244788165,0.04203093476798925,143.9999999999999,192.0
F7_10.3,N15,N22,800.0,1,2400.0,2395.0155233080413,46,73,46,19,4.9844766919587755,3995.0155233080413,36.1400127680664,36.32535924931351,1,-1,10.0,10.0,65,110,9.701545869884752,189.99873400938964,9.202414289709688,268.5696940624776,0,0,8,5,4,138,0.046234028244788165,0.045183254875588434,154.0000000000001,172.0
F2_14.6,N15,N22,800.0,1,2400.0,2398.054170841402,43,80,43,17,1.9458291585978031,3998.054170841402,36.19904405229224,36.24440512714817,-1,-1,39.0,39.0,58,106,6.841231384754579,102.9643358546607,13.579076637024768,222.15194984621405,0,1,0,2,2,140,0.014710827168796235,0.04855171286940657,128.0,143.0
F2_14.4,N15,N22,800.0,1,2400.0,2081.7182461613747,47,74,47,17,318.2817538386251,3681.7182461613747,35.92500967441346,36.09943665236944,1,1,39.0,39.0,68,105,8.81836771968051,40.68305712175561,11.177865583723039,244.91974150152674,0,2,4,9,7,138,0.04203093476798924,0.04413248150638871,163.9999999999999,146.0
F3_11.5,N15,N22,800.0,1,2400.0,2395.5918208602916,37,69,37,18,4.4081791397081815,3995.5918208602916,36.484645137564655,36.60434412518665,-1,0,0.0,0.0,55,113,6.699264221869958,24.008273664827357,11.73919538345179,272.80534734337755,0,9,0,11,4,124,0.08616341627437794,0.03677706792199059,201.0000000000001,155.0
F7_4.8,N15,N16,800.0,1,2400.0,2392.4559698986714,7,7,11,69,7.544030101328758,3992.4559698986714,36.1615551278292,35.11135772754596,1,-1,23.0,23.0,67,59,9.327905854116738,10.268527585083575,9.327905854116738,264.47036606225544,0,0,0,1,0,87,0.02101546738399462,0.009456960322797579,157.0,133.0
F2_18.7,N15,N22,800.0,1,2400.0,1861.5588853837517,64,94,64,18,538.4411146162481,3461.5588853837517,36.08368636789237,35.75123873424995,1,1,25.0,25.0,90,113,12.759950287348369,160.65216650944058,12.759950287348369,205.22274581331519,0,0,0,1,1,176,0.02101546738399462,0.059894082044384664,80.0,176.0
F2_16.4,N15,N22,800.0,1,2400.0,2394.5178739114526,47,75,47,17,5.4821260885471474,3994.5178739114526,35.92500967441346,36.078984957569176,-1,-1,0.0,0.0,66,102,7.970798498897776,223.2464002133304,10.77953465744037,270.75853041348563,0,8,10,12,9,139,0.0441324815063887,0.046234028244788165,181.0,187.0
F3_15.2,N15,N22,800.0,1,2400.0,2394.124554819469,46,72,46,17,5.875445180531301,3994.124554819469,36.0677773237362,36.34029905469276,1,-1,8.0,8.0,65,111,9.722024377366003,58.92625209488983,9.1173884259473,236.16960020617412,0,0,8,4,2,135,0.06304640215198387,0.04518325487558844,191.0,191.0
F3_14.6,N15,N22,800.0,1,2400.0,2399.9223305742016,45,81,45,16,0.07766942579849001,3999.9223305742016,36.31565459260907,36.184855119754225,-1,1,7.0,7.0,64,114,9.554594377535583,67.27280126787377,9.358652103473343,268.0866310048966,0,8,0,5,2,142,0.07145258910558171,0.04413248150638871,197.0,154.0
F7_19.7,N15,N22,800.0,1,2400.0,2393.4543389770633,56,89,56,17,6.5456610229368835,3993.4543389770633,36.12678450601831,35.9982248999907,1,-1,6.0,6.0,74,114,8.756414909515941,75.10312607321043,8.649027842508028,264.9156743063886,0,0,9,3,2,162,0.025218560860793545,0.061995628782784126,160.0,148.0
F3_14.9,N15,N22,800.0,1,2400.0,2394.3844668330985,45,84,45,19,5.615533166901628,3994.3844668330985,36.10648938283736,36.25354594559572,1,-1,31.0,31.0,59,113,9.471529764941506,188.16862260214202,10.075572394858419,266.63633195150277,0,0,5,4,2,148,0.07565568258238063,0.05358944182918629,178.0,151.0
F7_15.5,N15,N22,800.0,1,2400.0,2391.453806578708,50,86,50,20,8.54619342129206,3991.453806578708,36.1615551278292,36.2588311581382,1,-1,23.0,23.0,67,116,9.677918488037806,10.101897897165372,8.919588922137097,264.47036606225544,0,0,7,7,4,156,0.05884330867518494,0.056741761936785484,173.0,153.0
F2_11.8,N15,N22,800.0,1,2400.0,1926.8060069536455,59,104,59,28,473.1939930463546,3526.8060069536455,35.84861122468645,35.64152573246341,-1,-1,19.0,19.0,92,127,8.872815336400828,174.81791931627413,8.872815336400828,218.39371024663296,0,0,5,1,1,191,0.0336247478143914,0.06811626055407688,90.0,141.0
F3_15.5,N15,N22,800.0,1,2400.0,2399.1208756782785,44,84,44,19,0.8791243217216334,3999.1208756782785,36.1615551278292,36.25354594559572,1,-1,29.0,29.0,59,115,9.261199355020636,18.71898744927762,10.707144064221598,261.52196225807637,0,0,6,5,3,147,0.07565568258238063,0.05464021519838602,178.0,155.0
F7_5.7,N15,N16,800.0,1,2400.0,2394.310213392737,8,8,12,65,5.689786607263386,3994.310213392737,36.097063522640056,35.11135772754596,1,-1,12.0,12.0,71,62,8.894495003908807,30.03897741995479,8.0284068644125,268.7293889722408,0,0,1,8,2,85,0.054640215198386015,0.009456960322797579,180.0,185.0
F2_15.12,N15,N22,800.0,1,2400.0,2393.9417671386773,60,105,60,27,6.058232861322722,3993.9417671386773,35.89171543273699,35.64650149831621,-1,-1,26.0,26.0,92,128,11.4735470433691,147.38876319851602,11.574294919345267,217.81808028081326,0,0,5,3,2,192,0.0336247478143914,0.06304640215198386,148.0,161.0
F7_16.10,N15,N22,800.0,1,2400.0,2395.072446603789,59,105,59,27,4.927553396210783,3995.072446603789,35.92876776558813,35.62042846421544,1,-1,30.0,30.0,91,128,8.679075364012014,10.791882350767764,8.544939474684291,266.3320642398612,0,0,4,16,11,191,0.08616341627437794,0.061995628782784126,163.0,151.0
F4_15.4,N15,N22,800.0,1,2400.0,2395.8473434382627,60,89,60,16,4.152656561737331,3995.8473434382627,36.04584363227002,35.97266381315425,1,-1,2.0,2.0,77,112,9.511197953376183,22.900384189833176,10.697696096956186,239.2843074968612,0,0,11,10,10,165,0.054640215198386015,0.06409717552118359,233.0,149.0
F4_15.2,N15,N22,800.0,1,2400.0,2397.6136515157814,62,91,62,16,2.3863484842185017,3997.6136515157814,36.08055019746997,35.869868727684064,-1,1,39.0,39.0,83,112,8.93999412270404,12.394881537666151,10.256181773358955,245.05001806287208,0,2,7,10,6,169,0.07145258910558171,0.06514794889038332,248.0,153.0
F2_19.6,N15,N22,800.0,1,2400.0,2392.8341194858117,64,103,64,24,7.165880514188416,3992.8341194858117,35.89667651858276,35.49226087870445,-1,-1,1.0,1.0,99,121,10.85061411578721,129.10313936731268,11.10950234409467,219.3986463020408,0,1,9,2,2,191,0.0168123739071957,0.07880800268997984,176.0,184.0
F7_17.9,N15,N22,800.0,1,2400.0,2390.532028404153,60,98,60,38,9.467971595846961,3990.532028404153,35.73250261149746,35.33480664913372,1,-1,30.0,30.0,90,141,9.648016600436709,200.0,9.648016600436709,274.24234893802577,0,0,3,0,0,196,0.012609280430396773,0.06487297163082642,155.0,167.0
F4_15.6,N15,N22,800.0,1,2400.0,2398.263939762531,60,105,60,27,1.7360602374686778,3998.263939762531,35.92876776558813,35.64650149831621,1,-1,28.0,28.0,92,128,7.464400430579077,14.199412487850395,11.497593909806564,264.5732301801484,0,1,5,26,24,192,0.07779556051161189,0.061995628782784126,274.0,140.0
F3_15.6,N15,N22,800.0,1,2400.0,2397.19454447125,57,100,57,24,2.8054555287498033,3997.19454447125,35.9520407892593,35.59681734821625,-1,0,1.0,1.0,86,128,9.235473717237284,58.95966009653921,9.157553029335393,269.13911661166,0,5,0,13,3,181,0.07565568258238063,0.060944855413584395,290.0,144.0
F2_10.10,N15,N22,800.0,1,2400.0,2399.0322323776663,62,97,62,39,0.9677676223334402,3999.0322323776663,35.707600633934234,35.349928709166086,-1,-1,21.0,21.0,92,146,5.3738153801060315,13.229206345048397,11.186799078868475,270.6220735737319,0,4,7,7,5,198,0.04203093476798924,0.06935104236718226,185.0,146.0
F3_14.8,N15,N22,800.0,1,2400.0,2394.174704572405,59,101,59,23,5.82529542759471,3994.174704572405,36.08285861348169,35.61879214266578,-1,1,4.0,4.0,89,127,7.302132950700359,16.55759853092968,9.210527961340032,262.2643214221613,0,4,0,24,19,183,0.0777572293207801,0.05989408204438468,290.0,159.0
F2_17.3,N15,N22,800.0,1,2400.0,2110.9950014259443,79,96,79,32,289.0049985740555,3710.9950014259443,35.71567191349849,35.2287887094759,1,1,19.0,19.0,110,144,11.21667746311442,69.31174542801705,10.598867061191804,208.4695354787065,0,0,6,6,4,207,0.05674176193678548,0.07042095390156689,156.0,180.0
F3_11.9,N15,N22,800.0,1,2400.0,2398.5286705666495,56,101,56,25,1.4713294333504336,3998.5286705666495,35.876737820543816,35.60969371089339,1,-1,40.0,40.0,86,128,10.124827653422578,25.02726367422224,10.033094250214791,267.6017984467738,0,3,0,12,3,182,0.07173103695463348,0.060944855413584395,289.0,207.0
F2_13.8,N15,N22,800.0,1,2400.0,2389.425353878611,60,98,60,39,10.574646121389037,3989.425353878611,35.71524518419348,35.349928709166086,-1,-1,24.0,24.0,89,146,6.783757612441226,98.21443783720383,11.903083907852485,243.09084398983217,0,3,6,5,3,197,0.04203093476798924,0.06771862825862546,197.0,200.0
F8_11.4,N15,N22,800.0,1,2400.0,2398.519669976015,64,103,64,24,1.480330023985175,3998.519669976015,35.89667651858276,35.49226087870445,1,-1,1.0,1.0,99,121,5.670292461376106,104.85783296907698,10.442145292234144,289.8521707388046,0,1,9,25,23,191,0.07145258910558171,0.07880800268997984,313.0,159.0
F4_15.3,N15,N22,800.0,1,2400.0,2391.5444772037313,58,101,58,23,8.45552279626861,3991.5444772037313,36.08285861348169,35.61879214266578,-1,1,5.0,5.0,88,126,9.59908433754272,105.95654532580647,9.39829904724382,263.7717986563404,0,4,0,12,4,182,0.06935104236718224,0.05884330867518495,295.0,214.0
F2_15.13,N15,N22,800.0,1,2400.0,2396.150938169693,67,95,67,32,3.8490618303070505,3996.150938169693,35.70558872661118,35.28131678007178,-1,-1,1.0,1.0,98,149,6.539903627079721,103.1670794642746,10.572448974049284,279.4694780180016,0,7,18,10,8,194,0.0441324815063887,0.07985877605917957,183.0,189.0
F8_15.1,N15,N22,800.0,1,2400.0,2395.4012546922595,66,96,66,26,4.598745307740728,3995.4012546922595,36.026526318441206,35.47739385677973,-1,1,19.0,19.0,98,135,4.729363549789213,188.3862183075771,10.375186888916083,350.5408323584746,0,20,0,26,26,188,0.07355413584398117,0.06514794889038332,307.0,154.0
F4_13.3,N15,N22,800.0,1,2400.0,2398.738486733121,61,98,61,37,1.2615132668789784,3998.738486733121,35.72204429133021,35.278833524317825,1,-1,11.0,11.0,92,144,10.172057037011996,15.292478726112222,9.801180291116752,349.82482840498454,0,0,11,2,1,196,0.04203093476798924,0.07455125891582662,260.0,154.0
F4_15.7,N15,N22,800.0,1,2400.0,2398.5417918962207,63,96,63,34,1.4582081037792705,3998.5417918962207,35.70558872661118,35.28131678007178,1,-1,1.0,1.0,94,144,10.185574850986296,121.07853465806829,10.185574850986296,316.78626815202426,0,0,13,1,0,193,0.035726294552790853,0.07880800268997984,256.0,152.0
F8_11.5,N15,N22,800.0,1,2400.0,2393.600161074072,60,98,60,39,6.399838925928179,3993.600161074072,35.71524518419348,35.349928709166086,1,-1,24.0,24.0,89,146,10.850381827529437,719.3509133659106,11.139956055405127,362.5566671170156,0,12,6,3,0,197,0.04833557498318763,0.06771862825862546,269.0,194.0
F2_8.13,N15,N16,800.0,1,2400.0,2397.9758859371705,8,8,21,34,2.024114062829767,3997.9758859371705,34.87355171271277,35.36213866451941,-1,-1,23.0,23.0,94,99,7.0738387211816,62.10432752628344,11.211794708618779,252.62718062924827,0,5,0,9,0,63,0.054640215198386015,0.014710827168796235,206.0,173.0
F2_11.11,N15,N22,800.0,1,2400.0,2393.180638435856,86,91,86,47,6.819361564143719,3993.180638435856,34.44429800140473,35.02033451336532,-1,-1,31.0,31.0,98,173,11.815172676502332,38.38151809048145,11.664098525300279,227.06054133409964,0,1,4,9,8,224,0.054640215198386015,0.06935104236718224,140.0,177.0
F2_15.14,N15,N22,800.0,1,2400.0,2393.31543863556,76,93,76,34,6.684561364440015,3993.31543863556,34.80264317379158,35.146258813490334,-1,-1,8.0,8.0,94,176,5.304780273037237,148.56154044295408,10.51856879706195,260.8665864025736,0,8,5,8,6,203,0.05253866845998655,0.07145258910558172,179.0,196.0
F2_11.12,N15,N22,800.0,1,2400.0,2111.2933906071166,84,92,84,49,288.7066093928834,3711.2933906071166,34.0240045150561,34.99043177826007,-1,-1,12.0,12.0,96,179,7.946521117084454,12.321931502796588,10.599870497801552,237.5064171424345,0,2,4,6,5,225,0.05674176193678548,0.08418358087857206,113.0,186.0
F2_11.10,N15,N22,800.0,1,2400.0,2395.6757486102133,80,91,80,43,4.324251389786582,3995.6757486102133,34.50231542822782,35.03407882890626,-1,-1,39.0,39.0,92,167,11.330531233937066,14.022964927282374,11.075571200293883,228.12103973825486,0,0,2,6,5,214,0.05674176193678548,0.06455326830587182,139.0,193.0
F2_18.10,N15,N22,800.0,1,2400.0,2390.5957675363893,82,88,82,38,9.404232463610583,3990.5957675363893,34.75488142082916,35.064525189990356,1,1,26.0,26.0,97,174,11.006623959810682,127.5029322936391,10.67755336878298,209.75976340959662,0,0,0,4,4,208,0.04833557498318763,0.07599477046497374,160.0,196.0
F2_15.15,N15,N22,800.0,1,2400.0,1839.4262844267591,83,88,83,44,560.5737155732409,3439.426284426759,33.971526193465444,34.77160582888212,1,1,32.0,32.0,98,177,11.513187887259292,13.335397141079739,11.630286885730307,224.4416432562558,0,0,0,2,2,215,0.02942165433759247,0.0882649630127774,94.0,194.0
F2_13.12,N15,N22,800.0,1,2400.0,2399.6792504690543,85,92,85,49,0.32074953094581815,3999.6792504690543,34.284963272872965,35.01851935492771,-1,-1,26.0,26.0,97,172,9.710604266433103,112.28826086634626,12.461050671899233,230.06706984828102,0,1,4,5,4,226,0.031523201075991936,0.0729216048196373,135.0,256.0
F2_18.13,N15,N22,800.0,1,2400.0,2398.783656375495,84,84,84,46,1.216343624505157,3998.783656375495,33.808555484159065,34.80009016681116,1,1,3.0,3.0,106,162,11.015155797024224,74.29529659896343,11.541725949556,233.81985384570453,0,0,0,10,7,214,0.0441324815063887,0.08511264290517821,135.0,210.0
F2_19.12,N15,N22,800.0,1,2400.0,2395.1806801189005,85,85,85,42,4.8193198810995455,3995.1806801189005,34.011400151017085,34.75788421861472,1,1,13.0,13.0,106,166,11.882881662565831,560.8826700189541,10.842650530041418,226.31954264301493,0,0,0,5,5,212,0.027320107599193007,0.08196032279757902,147.0,210.0
F4_11.2,N15,N22,800.0,1,2400.0,2389.3868182860415,74,90,74,35,10.613181713958284,3989.3868182860415,34.726819126060434,35.08146678661997,-1,1,40.0,40.0,91,174,2.886110620159873,45.738492210642335,9.762627306395917,355.6470103808322,0,2,5,26,26,199,0.07985877605917956,0.07357325991930058,302.0,170.0
F2_13.11,N15,N22,800.0,1,2400.0,2394.2337792453163,87,93,87,49,5.766220754683559,3994.2337792453163,34.00523081606858,34.984376065447606,-1,-1,6.0,6.0,99,178,9.543482874350653,17.43205042225827,12.015431289582319,240.30900941078326,0,3,4,13,11,229,0.05253866845998655,0.08931573638197714,192.0,197.0
F7_4.11,N15,N16,800.0,1,2400.0,2390.82575236819,7,7,12,70,9.17424763181009,3990.82575236819,33.532692688893775,34.39418313096013,-1,1,12.0,12.0,121,67,9.20194857493395,27.268100385509115,9.414906449316181,287.7693742752486,0,0,0,3,2,89,0.0336247478143914,0.0073554135843981175,176.0,148.0
F7_12.10,N15,N16,800.0,1,2400.0,2397.594111672629,6,6,11,71,2.4058883273711444,3997.594111672629,33.538889323992656,34.339985964077,-1,1,16.0,16.0,118,72,7.891152388473846,23.857787587743132,7.871280141835873,277.99003350648593,0,0,0,18,1,88,0.09036650975117687,0.00840618695359785,185.0,146.0
F7_19.13,N15,N22,800.0,1,2400.0,2399.3238559769575,87,84,87,50,0.6761440230424114,3999.3238559769575,33.667748717492266,34.80616643698443,1,-1,34.0,34.0,109,164,8.60212239959868,9.780294181243107,8.501919195387268,272.0402599357996,0,0,3,11,10,221,0.06935104236718224,0.0877131825032994,188.0,202.0
F7_8.10,N15,N16,800.0,1,2400.0,2391.2558046800154,8,8,12,68,8.74419531998467,3991.2558046800154,33.52118978159016,34.40173206765302,-1,1,9.0,9.0,123,66,8.176168366065241,25.609847286616287,10.411531148589074,293.1561710827299,0,1,0,4,3,88,0.0336247478143914,0.0073554135843981175,176.0,155.0
F3_14.12,N15,N22,800.0,1,2400.0,2397.0874944021034,87,88,87,42,2.912505597896825,3997.0874944021034,34.71151592725043,35.00614087083576,-1,1,21.0,21.0,101,169,2.892790977352551,9.836038078580032,8.4237944147495,358.4852047280632,0,15,0,33,33,217,0.09660602946649345,0.07565568258238063,314.0,201.0
F2_8.14,N15,N16,800.0,1,2400.0,2393.742364980406,7,7,12,70,6.257635019593863,3993.742364980406,33.532692688893775,34.39418313096013,1,1,12.0,12.0,121,67,11.230731801971565,10.017990077010609,11.654208051803133,222.69346203454668,0,0,0,5,0,89,0.025218560860793545,0.0073554135843981175,160.0,171.0
F2_16.9,N15,N22,800.0,1,2400.0,2399.5549695631767,84,82,84,41,0.44503043682323096,3999.5549695631767,33.538889323992656,34.441961083457414,1,1,16.0,16.0,118,165,11.37513495872622,15.146728920230544,11.958492718934082,218.1946358829095,0,0,1,3,3,207,0.023117014122394083,0.0945696032279758,141.0,200.0
F2_16.8,N15,N22,800.0,1,2400.0,2388.8667550521263,82,81,82,40,11.133244947873663,3988.8667550521263,33.538889323992656,34.43536435192985,1,1,17.0,17.0,115,165,11.180142194142347,14.009132653560073,11.267039607157674,219.70871414008417,0,0,1,2,2,203,0.023117014122394083,0.09521592676537605,140.0,199.0
F7_19.12,N15,N22,800.0,1,2400.0,2392.669396800735,83,82,83,49,7.330603199265056,3992.669396800735,33.562076053933104,34.831553290487676,1,-1,27.0,27.0,104,164,9.74526060683267,22.492181681355532,9.929091038545206,271.8576859955974,0,0,7,5,3,214,0.02942165433759247,0.09036650975117687,179.0,216.0
F2_13.14,N15,N22,800.0,1,2400.0,2396.741979558323,80,82,80,32,3.2580204416773313,3996.741979558323,33.359376485205516,34.4832057758791,-1,-1,30.0,30.0,114,169,9.19655564070768,251.20091506863014,9.451915901776088,217.6664256698332,0,0,3,4,4,194,0.037827841291190316,0.0914172831203766,145.0,188.0
F3_11.13,N15,N22,800.0,1,2400.0,2398.6789051113956,85,85,85,44,1.321094888604307,3998.6789051113956,34.02327727171665,34.80182708936956,-1,1,18.0,18.0,103,167,2.389209757097224,11.244209413045837,10.110106848541417,336.06406649698425,0,16,0,28,28,214,0.09246805648957633,0.08406186953597848,387.0,140.0
F2_10.15,N15,N16,800.0,1,2400.0,2392.229428275617,22,22,13,74,7.7705717243829895,3992.229428275617,33.00414537244981,34.29256854037543,-1,-1,37.0,37.0,127,76,10.24051367362937,186.30806440752576,9.288962303460195,232.08879509265057,0,0,0,2,0,109,0.02942165433759247,0.00945696032279758,166.0,148.99999999999977
F2_12.12,N15,N16,800.0,1,2400.0,2397.9617977126827,26,26,15,66,2.0382022873175174,3997.9617977126827,32.82793602836579,34.29256854037543,-1,-1,19.0,19.0,121,86,9.924962929409938,179.40262837533578,11.63243190975603,228.12675079668315,0,1,0,6,5,107,0.025218560860793545,0.012609280430396773,196.0,179.00000000000023
F2_8.18,N15,N16,800.0,1,2400.0,2391.2222150470825,38,38,17,61,8.777784952917386,3991.2222150470825,32.745367399086696,34.34495294860785,-1,-1,24.0,24.0,108,90,7.412107233565137,13.662678840831404,12.215086467309334,238.75534272109078,0,3,0,3,1,116,0.031523201075991936,0.024167787491593814,136.0,168.0
F7_12.13,N15,N16,800.0,1,2400.0,2398.000309551379,32,32,16,61,1.9996904486210951,3998.000309551379,32.85327723949397,34.32017777721184,-1,1,6.0,6.0,114,79,6.94588927780335,212.8398449245651,7.330909654367241,292.37532820987064,0,3,0,10,10,109,0.05884330867518494,0.0168123739071957,195.0,136.0
F2_15.18,N15,N22,800.0,1,2400.0,2396.754059811483,60,66,60,44,3.2459401885172383,3996.754059811483,32.841000758410736,34.33812551099294,-1,-1,9.0,9.0,113,221,9.57133267372316,119.77714717005392,11.758355203239521,258.7714223520304,0,4,24,7,4,170,0.0336247478143914,0.10402656355077337,180.0,209.99999999999977
F8_15.3,N15,N22,800.0,1,2400.0,2399.8013419949093,79,80,79,43,0.1986580050906923,3999.8013419949093,33.34240105677159,34.62942407315242,-1,1,35.0,35.0,109,177,4.337596869287309,9.326205555368915,7.982959357523365,321.8446450285612,0,5,1,27,27,202,0.0882649630127774,0.10258528069340442,403.0,147.0
F2_17.8,N15,N16,800.0,1,2400.0,2394.3487489862637,37,37,17,61,5.651251013736555,3994.3487489862637,32.745367399086696,34.33249660264221,-1,-1,26.0,26.0,106,89,5.486985718685857,738.1622806110283,10.927203349892176,243.17880006218866,0,3,0,2,0,115,0.031523201075991936,0.024167787491593814,149.0,167.00000000000023
F7_19.15,N15,N16,800.0,1,2400.0,2396.4265411404845,28,28,18,61,3.573458859515654,3996.4265411404845,32.87341957516724,34.277900591752115,0,-1,0.0,0.0,114,81,8.376253244776942,8.943839074456719,7.44373388187384,282.0912597248056,0,0,3,3,3,107,0.05674176193678548,0.015761600537995968,218.0,163.99999999999977
F8_14.4,N15,N22,800.0,1,2400.0,2392.3073831646298,75,79,75,41,7.6926168353704725,3992.3073831646298,33.48603521492218,34.56664550050082,-1,1,28.0,28.0,108,172,4.37530180296909,11.494843045202288,9.477173295809687,328.42783288107483,0,11,0,30,29,195,0.09246805648957633,0.10089888393772731,408.0,156.00000000000023
F7_17.15,N15,N16,800.0,1,2400.0,2392.25980747037,35,35,16,60,7.7401925296301215,3992.25980747037,32.704073953632395,34.32730540557646,1,-1,34.0,34.0,104,81,8.154534813297083,17.352280664810678,8.82406243440041,283.0536004240629,0,0,0,15,6,111,0.08406186953597848,0.021015467383994624,186.0,162.00000000000023
F2_10.18,N15,N16,800.0,1,2400.0,2309.4095908937707,33,33,16,58,90.59040910622946,3909.4095908937707,32.654571239243175,34.303365473434305,-1,-1,31.0,31.0,115,97,7.0309869339475854,27.815915267272658,13.442654728790943,227.37452245411663,0,4,0,6,1,107,0.0609448554135844,0.03812848435833987,129.0,174.0
F3_11.12,N15,N22,800.0,1,2400.0,2391.5859919209474,85,82,85,37,8.414008079052564,3991.5859919209474,33.485548602925086,34.44140557016279,-1,0,1.0,1.0,120,169,3.8156258621589547,81.90440856668624,9.122384340618447,362.0834442485047,0,24,0,35,34,204,0.0945696032279758,0.08511264290517821,395.0,198.0
F3_13.2,N15,N22,800.0,1,2400.0,2395.5851631319774,85,82,85,35,4.414836868022348,3995.5851631319774,33.50783317342584,34.475224995089725,1,-1,40.0,40.0,119,166,4.080016168224299,23.047756542086063,8.545777658149973,354.53018412723753,0,20,0,35,34,202,0.09252812316443709,0.08511264290517821,458.0,164.0
F2_18.17,N15,N16,800.0,1,2400.0,1868.016770058981,32,32,15,52,531.9832299410192,3468.016770058981,32.142464361845704,34.16429186645042,-1,-1,2.0,2.0,117,103,6.365555882739583,12.394680869165768,11.029567618163584,227.80922687848658,0,4,7,5,4,99,0.046234028244788165,0.053589441829186284,103.0,184.0
F2_16.13,N15,N16,800.0,1,2400.0,2399.0349562763413,34,34,13,49,0.9650437236584821,3999.0349562763413,32.44793207530288,34.13078944353759,0,0,1.0,1.0,132,95,13.032799279811027,16.949790052082108,13.372898350085183,205.92328396358144,0,0,0,4,3,96,0.037827841291190316,0.0441324815063887,150.99999999999977,179.0
F2_18.16,N15,N16,800.0,1,2400.0,2388.3642951733937,35,35,17,53,11.635704826606343,3988.3642951733937,32.43213574336389,34.23270596911697,-1,-1,11.0,11.0,119,100,7.833163476596958,24.275630027470015,10.84351145944219,221.63958956826187,0,4,4,8,1,105,0.0609448554135844,0.048335574983187635,186.0,199.0
F2_13.18,N15,N22,800.0,1,2400.0,2177.893678723287,70,43,70,50,222.10632127671306,3777.893678723287,32.21021112228389,33.53857052557737,-1,-1,17.0,17.0,121,180,7.339312534369633,99.03415504948975,12.418628978603824,224.67283107604183,0,4,15,5,3,163,0.06304640215198387,0.06619872225958306,113.99999999999977,197.0
F2_13.17,N15,N22,800.0,1,2400.0,2398.353922767935,64,54,64,46,1.646077232065295,3998.353922767935,32.49369621911045,33.90285583494451,-1,-1,21.0,21.0,114,192,8.118424812428085,98.46285082429858,10.772399804169273,225.02341188293616,0,4,24,7,2,164,0.06304640215198387,0.07250336247478145,194.99999999999977,205.0
F2_16.12,N15,N16,800.0,1,2400.0,2398.6778570794104,30,30,15,50,1.3221429205893855,3998.6778570794104,32.31036898010334,34.14615982937848,-1,-1,34.0,34.0,124,97,8.402882976814917,89.5229802105548,11.883389875261766,219.3069480351269,0,1,0,6,2,95,0.06514794889038333,0.047284801613987903,156.00000000000023,173.0
F2_11.13,N15,N22,800.0,1,2400.0,2395.1279882177632,81,34,81,62,4.872011782236541,3995.1279882177632,32.065758643027145,33.00765180402603,-1,-1,32.0,32.0,125,172,12.030673459016727,17.51847485248868,11.23566959338296,212.9425840007852,0,0,9,8,8,177,0.062446410394995634,0.07006279111437641,130.0,176.0
F2_19.16,N15,N16,800.0,1,2400.0,2003.6593596505923,30,30,12,46,396.34064034940786,3603.6593596505923,31.989581498643105,33.95235281013559,-1,-1,1.0,1.0,118,108,5.290100792595038,276.1791808282053,10.303428528025231,244.51409822069127,0,7,6,6,4,88,0.054640215198386015,0.05884330867518494,114.0,155.0
F7_12.18,N15,N16,800.0,1,2400.0,2399.0385553460173,30,30,13,51,0.9614446539825394,3999.0385553460173,31.94719870919379,33.90941712760551,1,-1,10.0,10.0,120,114,8.237653777445436,10.066609277690304,8.237653777445436,284.1175898142618,0,0,6,1,1,94,0.023117014122394083,0.05674176193678548,165.0,131.0
F2_15.20,N15,N22,800.0,1,2400.0,2393.173756880418,73,24,73,59,6.826243119582045,3993.173756880418,32.017553221499746,32.81112591589592,1,1,41.0,41.0,122,182,7.158087080374977,11.787711818885327,9.578164402762933,250.77098967600222,0,7,14,9,3,156,0.05191786902994456,0.07747880204974064,172.0,130.0
F2_17.12,N15,N16,800.0,1,2400.0,2399.697529922807,28,28,11,51,0.3024700771929929,3999.697529922807,32.0338014405378,33.92463563529118,-1,-1,30.0,30.0,126,113,11.832855810586771,37.53042580948977,12.542334127704283,213.32843353985322,0,0,2,8,5,90,0.04342441655736554,0.053589441829186284,148.0,184.0
F7_15.10,N15,N22,800.0,1,2400.0,2391.9036190222614,72,29,72,60,8.096380977738818,3991.9036190222614,31.95902530803481,32.958511821400684,1,-1,11.0,11.0,120,183,7.792891580775711,8.125753452660092,7.556046355267331,283.7705553910449,0,0,15,16,11,161,0.07565568258238063,0.07460490921318091,171.0,137.0
F7_18.24,N15,N22,800.0,1,2400.0,2396.580524472531,74,35,74,57,3.419475527468876,3996.580524472531,32.14810180854332,33.269067529425676,-1,1,26.0,26.0,125,166,6.341813030108168,70.99818810978832,7.363146055645725,299.2174013273859,0,5,3,18,9,166,0.08616341627437794,0.07567481206843299,213.99999999999977,167.0
F8_14.6,N15,N22,800.0,1,2400.0,2391.133793824003,61,55,61,49,8.866206175996808,3991.133793824003,32.86338714963553,34.05690810077871,-1,1,8.0,8.0,114,204,1.3648535517416378,255.23122758663476,9.087582840853639,486.2573980978221,0,25,2,32,32,165,0.0882649630127774,0.08301109616677875,479.0,206.0
F2_13.21,N15,N22,800.0,1,2400.0,2391.9231206321037,65,20,65,57,8.076879367896481,3991.9231206321037,32.06726553152649,32.4417975921331,-1,-1,2.0,2.0,122,190,7.048341471722762,45.574556791563055,13.062681036347502,259.9080119633628,0,7,13,11,7,142,0.07565568258238063,0.08511264290517821,180.0,140.0
F2_8.22,N15,N16,800.0,1,2400.0,2011.9378256814698,36,36,14,38,388.0621743185304,3611.93782568147,32.064824241434906,33.81945736249794,-1,-1,18.0,18.0,129,130,9.948292122985908,62.043888665641134,13.52107790843386,220.3801644120749,0,1,5,11,10,88,0.0609448554135844,0.045183254875588434,215.0,160.0
F9_8.18,N15,N16,800.0,1,2400.0,2392.106419668993,37,37,13,37,7.893580331006888,3992.106419668993,32.022403384093586,33.81252139117432,-1,-1,13.0,13.0,126,129,7.790783776058753,275.7484437884257,8.912921627808153,284.5972066850441,0,1,5,6,1,87,0.0336247478143914,0.04623402824478817,192.0,177.0
F2_15.21,N15,N22,800.0,1,2400.0,2393.7536283697295,58,14,58,62,6.24637163027046,3993.7536283697295,31.89929320881521,32.11252437172435,-1,-1,26.0,26.0,121,162,2.0558942381276273,150.47768203710962,11.552504778024925,273.8937910969368,0,12,10,12,1,134,0.0672494956287828,0.07565568258238063,145.0,165.0
F7_19.22,N15,N16,800.0,1,2400.0,2385.477345309056,47,47,10,33,14.522654690944023,3985.477345309056,31.780368706146042,33.67422975345241,1,-1,12.0,12.0,125,118,9.263958088587085,44.79457164551809,9.36300224227114,272.1376544710619,0,0,6,5,5,90,0.031523201075991936,0.0472848016139879,155.0,141.0
F7_18.26,N15,N16,800.0,1,2400.0,2393.082018638669,43,43,11,37,6.917981361331044,3993.082018638669,31.931353861276634,33.688239957993325,1,-1,28.0,28.0,120,114,8.332212557948463,8.750702457801935,8.295670318336349,274.5383099470484,0,0,1,9,6,91,0.06500698646750767,0.04623402824478817,173.0,142.0
F3_13.4,N15,N22,800.0,1,2400.0,2399.9530448511964,70,48,70,50,0.04695514880359042,3999.9530448511964,32.47251620873703,33.641822764862496,-1,1,24.0,24.0,125,175,2.996897196062312,73.5671027018875,10.339901487265497,402.2618981041993,0,11,0,25,25,168,0.0672494956287828,0.07123812494235071,435.0,199.0
F7_19.20,N15,N16,800.0,1,2400.0,2392.7485359235025,49,49,10,30,7.251464076497314,3992.7485359235025,31.790749771416287,33.70338944678883,1,-1,7.0,7.0,127,113,8.901022785378704,49.37187850324085,9.695601632442788,276.4034412330646,0,0,6,6,6,89,0.0336247478143914,0.0472848016139879,171.0,192.0
F7_10.13,N15,N16,800.0,1,2400.0,2398.4729870250094,46,46,10,33,1.5270129749908392,3998.4729870250094,31.791992212607237,33.684419520727126,1,-1,17.0,17.0,123,118,8.394531502302257,42.69757851710415,7.7800783088885925,277.1892657440937,0,0,6,12,8,89,0.06935104236718224,0.046234028244788165,180.0,193.0
F2_14.11,N15,N22,800.0,1,2400.0,2391.884430193041,56,14,56,64,8.11556980695866,3991.884430193041,31.81314728364014,32.10822669413481,-1,-1,20.0,20.0,120,163,7.60881014073639,8.220797847840686,7.092380593198332,281.59231144510215,0,14,16,16,13,134,0.0882649630127774,0.0777572293207801,197.0,193.0
F2_16.18,N15,N16,800.0,1,2400.0,1834.1373769294155,50,50,3,31,565.8626230705847,3434.1373769294155,31.814087181746533,33.681633860098295,1,1,25.0,25.0,128,109,3.1592022331549647,24.400443545015605,9.67304788768366,242.63398062302056,0,0,0,11,9,84,0.08780391481327933,0.036777067921990585,160.0,196.0
F2_19.19,N15,N16,800.0,1,2400.0,1795.5424491097679,52,52,2,43,604.4575508902321,3395.542449109768,31.52841089139039,33.40738251571183,1,1,24.0,24.0,130,104,6.272661954377975,12.720349711679773,10.333150926622816,231.7585424944951,0,0,0,10,6,97,0.09036650975117687,0.0504371217215871,95.0,169.0
F7_19.23,N15,N16,800.0,1,2400.0,2393.0897700556848,49,49,2,39,6.91022994431512,3993.0897700556848,31.770690367161638,33.51814930250416,-1,1,2.0,2.0,127,103,6.61075078843712,55.2513311311709,9.139850838315912,312.984748226934,0,6,0,17,14,90,0.08406186953597848,0.04098016139878951,181.0,160.0
F2_14.13,N15,N22,800.0,1,2400.0,1707.3919417681873,50,5,50,62,692.6080582318126,3307.3919417681873,31.532665048445377,31.769711236334622,1,1,17.0,17.0,130,165,10.351375871677218,8.111094766357382,10.569302831986203,222.1601330841007,0,0,0,3,2,117,0.0882649630127774,0.06724949562878278,83.0,178.0
F2_16.17,N15,N16,800.0,1,2400.0,2392.2026748425224,45,45,11,34,7.797325157477758,3992.2026748425224,31.785666359708905,33.67584470873549,-1,-1,19.0,19.0,121,118,4.217026502684646,18.53012372852777,11.187986500432304,283.2941614410278,0,14,6,16,12,90,0.07145258910558171,0.046234028244788165,208.0,197.0
F2_15.23,N15,N22,800.0,1,2400.0,2396.496727776563,55,9,55,71,3.503272223436852,3996.496727776563,31.686388389106092,31.903860284357677,-1,-1,31.0,31.0,132,164,7.215564460952562,12.26782333157007,9.0227432302602,251.69049168727065,0,9,4,14,3,135,0.07565568258238063,0.0672494956287828,150.0,181.0
F7_10.14,N15,N16,800.0,1,2400.0,2392.6755432487234,52,52,2,41,7.324456751276784,3992.6755432487234,31.686388389106092,33.49604716324886,1,-1,35.0,35.0,130,103,9.222486584927621,25.115085275210276,8.87452735632959,284.2869636232546,0,0,0,8,7,95,0.04296237549059672,0.046735762823890886,181.0,150.0
F2_19.18,N15,N16,800.0,1,2400.0,2393.3162087735946,57,57,2,42,6.683791226405333,3993.3162087735946,31.627418062902386,33.496890256745175,-1,-1,17.0,17.0,137,117,6.669235234888039,33.16488278500174,10.29184604277751,269.74104739389105,0,15,4,21,0,101,0.10852917791341773,0.055690988567585746,205.0,172.0
F7_10.15,N15,N16,800.0,1,2400.0,2391.1239441834277,56,56,2,47,8.876055816572034,3991.1239441834277,31.544306448785324,33.355765321481634,-1,1,5.0,5.0,133,104,2.8985828455001523,630.5580931381019,9.676197462263861,329.46482191500394,0,9,0,6,6,105,0.04203093476798924,0.0577925353059852,178.0,155.0
F7_18.28,N15,N16,800.0,1,2400.0,2397.2700281495972,52,52,2,47,2.729971850402535,3997.2700281495972,31.542870310873138,33.302069770991245,1,-1,41.0,41.0,128,102,4.728348028400926,96.5952847483793,10.156174093709069,338.68708550205326,0,9,0,12,9,101,0.08172054493987803,0.059894082044384664,175.0,149.0
F7_18.30,N15,N16,800.0,1,2400.0,2399.828805937765,53,53,2,48,0.17119406223480382,3999.828805937765,31.57186486462271,33.30993792677443,1,-1,22.0,22.0,128,107,10.585083255236373,278.4389173674608,10.585083255236373,276.81607271499774,0,0,3,1,1,103,0.025218560860793545,0.0746049092131809,165.0,145.0
F2_17.17,N15,N16,800.0,1,2400.0,2397.677992811768,58,58,3,38,2.3220071882318507,3997.677992811768,31.607458816962495,33.48580324173565,-1,-1,1.0,1.0,138,110,5.963297075693367,49.65700194977444,8.769573650173664,270.5845683146865,0,19,6,23,1,99,0.10928043039677203,0.05884330867518493,206.0,182.0
F2_14.12,N15,N22,800.0,1,2400.0,2398.924855784432,50,6,50,62,1.0751442155676614,3998.924855784432,31.52841089139039,31.75150377335926,1,1,24.0,24.0,130,166,9.834147205829534,65.39242483863973,13.327184819103799,231.7585424944951,0,0,0,14,12,118,0.08616341627437794,0.06409717552118359,185.0,185.0
F2_8.23,N15,N16,800.0,1,2400.0,2398.3135526868587,50,50,2,46,1.6864473131413433,3998.3135526868587,31.56797421951317,33.30751544911035,-1,-1,34.0,34.0,125,102,8.738369341538789,21.98236659387544,11.397621751505262,229.7676715339028,0,2,1,12,9,98,0.06514794889038333,0.06410826496892863,220.0,176.0
F2_11.15,N15,N22,800.0,1,2400.0,2326.9756126561138,48,7,48,73,73.02438734388625,3926.9756126561138,31.467984659182793,31.31775695320306,-1,-1,29.0,29.0,123,123,7.621999021275521,26.876752235049253,9.64585222802146,263.4457951881287,0,10,3,12,10,128,0.07122267639667193,0.06619872225958305,126.0,191.0
F2_10.23,N15,N16,800.0,1,2400.0,2392.761900716562,51,51,2,48,7.2380992834379185,3992.761900716562,31.57186486462271,33.30993792677443,-1,-1,27.0,27.0,126,105,8.338268513042646,47.510124145813506,10.14907874753917,237.88537820851184,0,7,2,15,3,101,0.08531149269333245,0.07040181573638198,224.0,172.0
F7_15.14,N15,N22,800.0,1,2400.0,2397.7241286392177,51,9,51,72,2.2758713607823893,3997.7241286392177,31.48191073072435,31.53213931732215,0,-1,0.0,0.0,131,139,7.347870782161766,9.531355004108946,8.352876306870787,282.7691097733207,0,0,16,10,3,132,0.07985877605917956,0.07670645595158036,209.0,177.0
F2_14.14,N15,N22,800.0,1,2400.0,2391.6417649738914,52,7,52,75,8.358235026108673,3991.6417649738914,31.556649303333593,31.546872279794115,-1,-1,14.0,14.0,128,136,7.793448229094286,42.96849825678214,11.456456600406488,241.01610431603217,0,8,14,16,11,134,0.09667114996637526,0.07040181573638198,188.0,204.0
F7_15.12,N15,N22,800.0,1,2400.0,2397.0772635321014,50,9,50,72,2.922736467898744,3997.0772635321014,31.48924877854198,31.54396190922766,0,-1,2.0,2.0,128,138,7.7993581484988965,9.459457394092396,8.586512206941224,277.54004608205554,0,0,16,9,2,131,0.07985877605917956,0.07565568258238065,224.0,164.0
F2_13.24,N15,N22,800.0,1,2400.0,1661.4645411819124,37,9,37,68,738.5354588180878,3261.4645411819124,31.319654687720025,31.182976556596742,1,1,3.0,3.0,118,125,10.236677780424445,12.702349016845346,10.236677780424445,220.69561297627214,0,0,0,1,1,114,0.05884330867518494,0.06619872225958305,119.0,149.0
F2_16.20,N15,N16,800.0,1,2400.0,2392.691987108306,53,53,3,45,7.30801289169392,3992.691987108306,31.556649303333593,33.335277287723045,-1,-1,13.0,13.0,129,109,8.011580660703142,56.90675550232527,11.06689334028524,242.9800852519562,0,9,3,18,13,101,0.07145258910558171,0.0746049092131809,217.0,182.0
F7_16.21,N15,N16,800.0,1,2400.0,2399.6063183956467,56,56,5,38,0.39368160435333266,3999.6063183956467,31.48191073072435,33.31653316590536,0,-1,0.0,0.0,131,104,8.659340148010799,13.190085261177728,7.918132145533853,282.7691097733207,0,0,9,5,5,99,0.02942165433759247,0.0746049092131809,227.0,179.0
F2_11.17,N15,N22,800.0,1,2400.0,1798.7917733400773,27,6,27,72,601.2082266599227,3398.7917733400773,31.276479485567357,31.046551968682614,1,1,16.0,16.0,98,137,12.325625059842533,161.79355244941326,12.325625059842533,225.2636564976332,0,0,0,1,1,105,0.054640215198386015,0.06617093839670492,79.0,175.0
F7_8.15,N15,N16,800.0,1,2400.0,2398.3472573929866,53,53,3,42,1.6527426070134652,3998.3472573929866,31.49885552659909,33.33089469846465,1,-1,5.0,5.0,125,107,8.274421737543449,69.39482297575591,8.042048259294011,277.2285797933507,0,0,4,8,6,98,0.07985877605917956,0.0746049092131809,237.0,211.0
F7_12.24,N15,N16,800.0,1,2400.0,2397.9731234224237,63,63,5,36,2.0268765775762176,3997.9731234224237,31.311942875468212,33.152792385736056,1,-1,2.0,2.0,119,120,7.929775622320595,81.36226740443863,8.39155061304468,280.3901295629076,0,0,8,20,12,104,0.08136006351940543,0.07565568258238063,171.0,186.0
F2_14.15,N15,N22,800.0,1,2400.0,2394.4885328556543,46,6,46,72,5.511467144345829,3994.4885328556543,31.344407607001216,31.235636822912223,-1,-1,11.0,11.0,122,124,6.611515508132716,52.62468922951757,9.924542700017303,278.3800675307681,0,17,7,14,10,124,0.07355413584398117,0.06935104236718224,193.0,190.0
F2_17.18,N15,N16,800.0,1,2400.0,2396.13525850657,58,58,5,44,3.864741493429733,3996.13525850657,31.464982295860793,33.147036941834365,-1,-1,24.0,24.0,125,112,7.00298624122813,79.75947056697078,10.30245279160162,266.79742463074416,0,13,0,13,0,107,0.06935104236718224,0.07280651024715953,220.0,203.0
F7_18.32,N15,N16,800.0,1,2400.0,2226.020376902933,69,69,5,29,173.9796230970669,3826.020376902933,31.272224338579782,33.05884374333442,1,-1,6.0,6.0,108,137,9.851835705921694,247.07419483629064,10.400851353209116,265.1661483227147,0,0,15,4,4,103,0.027320107599193007,0.08931573638197714,147.0,228.0
F7_18.33,N15,N16,800.0,1,2400.0,2392.0000595244537,45,45,3,24,7.999940475546055,3992.0000595244537,31.190806083896923,32.96996636315898,1,-1,14.0,14.0,79,138,8.376429917048059,9.205369384381811,7.62066925788142,278.825741979665,0,0,2,6,0,72,0.05253866845998655,0.09246805648957634,169.0,136.0
F9_8.26,N15,N16,800.0,1,2400.0,2393.961778926593,48,48,3,26,6.038221073406703,3993.961778926593,31.199015838970933,32.991580399108734,-1,-1,23.0,23.0,82,138,9.066940300057421,547.362919972677,9.479488089776165,262.68288876966966,0,0,2,2,1,77,0.0168123739071957,0.09137425510261779,199.0,179.0
F7_10.16,N15,N16,800.0,1,2400.0,2399.545928433499,45,45,3,24,0.4540715665010566,3999.545928433499,31.190806083896923,32.96996636315898,1,-1,14.0,14.0,79,138,7.642311478880279,9.407393558256672,7.642311478880279,278.825741979665,0,0,2,1,1,72,0.02101546738399462,0.09246805648957634,190.0,177.0
F2_11.19,N15,N22,800.0,1,2400.0,2390.601452345511,16,10,16,62,9.398547654488993,3990.601452345511,31.134700639195263,30.932861735033985,1,1,41.0,41.0,56,131,8.495427086078132,50.08939911564471,9.732684028396196,251.92299443074043,0,5,17,12,7,88,0.08137993235306253,0.04995513150097622,167.0,141.0
F2_11.18,N15,N22,800.0,1,2400.0,2393.2725275896887,17,9,17,60,6.727472410311179,3993.2725275896887,31.122368623384986,30.896756148064206,1,1,34.0,34.0,60,128,9.977789151883485,30.284449811557124,10.656722473008163,233.4316935376924,0,0,4,11,6,86,0.07464679423489405,0.04510596995180184,166.0,188.0
F2_14.16,N15,N22,800.0,1,2400.0,2390.793829058938,18,10,18,62,9.206170941061941,3990.793829058938,31.07480786165843,30.9141911013082,-1,-1,12.0,12.0,61,122,11.503154285663152,528.848110212122,10.678000987434656,214.91992737509014,0,0,16,8,2,90,0.0441324815063887,0.04833557498318763,187.0,196.0
F7_10.17,N15,N16,800.0,1,2400.0,2397.781872832044,29,29,7,17,2.218127167956027,3997.781872832044,31.122368623384986,32.970051737744996,-1,1,34.0,34.0,60,144,10.377086865422719,511.9234965680687,10.377086865422719,281.317953002699,0,1,1,1,1,53,0.018913920645595158,0.08931573638197714,225.0,203.0
F2_13.31,N15,N22,800.0,1,2400.0,2391.6615107100624,22,12,22,61,8.338489289937797,3991.6615107100624,31.03794069563722,30.859921055130282,-1,-1,29.0,29.0,77,83,9.24179049399306,210.30084691431716,10.33126754012597,229.06733701127973,0,2,0,7,4,95,0.0672494956287828,0.027320107599193007,141.0,175.0
F7_10.19,N15,N16,800.0,1,2400.0,2397.1391758139325,23,23,39,11,2.8608241860677026,3997.1391758139325,30.845092872226438,32.071598651094305,1,-1,31.0,31.0,83,116,9.321168595846013,102.4445170214924,10.312855977485093,268.16272945666304,0,0,1,7,5,73,0.06304640215198387,0.04938634835238736,164.0,135.0
F2_15.27,N15,N22,800.0,1,2400.0,2387.721452734175,31,7,31,55,12.27854726582541,3987.721452734175,30.858005088107898,30.84986332956659,-1,-1,37.0,37.0,85,80,9.955505705573799,52.973939748371095,11.961368565395734,230.26155230813464,0,1,3,8,3,93,0.04203093476798924,0.03720888495431003,141.0,176.0
F2_15.25,N15,N22,800.0,1,2400.0,2393.1158828816688,21,13,21,55,6.884117118331233,3993.1158828816688,31.03150285386811,30.821811532720684,1,1,12.0,12.0,80,92,12.197021729745922,17.86421216015492,13.228716223176523,215.19100549671305,0,0,0,9,5,89,0.0777572293207801,0.0304724277067922,190.0,235.0
F7_19.29,N15,N16,800.0,1,2400.0,2398.9806832628046,36,36,46,9,1.0193167371951404,3998.9806832628046,30.9173350654948,31.809199433414552,1,-1,38.0,38.0,82,112,7.22985810054516,238.36793635392814,9.670688067500361,291.53866763392386,0,1,0,7,6,91,0.041463945943174596,0.04833557498318763,184.0,139.0
F7_17.0,N15,N22,800.0,-1,2400.0,1314.2954337578703,4,35,4,0,514.2496673692438,2914.2954337578703,0.0,0.0,-2,1,4.0,4.0,6,2,10.969244511065744,200.0,10.969244511065744,216.37885019545428,0,0,0,0,0,39,0.0021015467383994624,0.0021015467383994624,47.0,181.99999999999994
F7_15.1,N15,N22,800.0,-1,2400.0,1126.3451115867563,8,38,8,0,326.3148107665343,2726.3451115867565,42.59968602825746,0.0,-2,-1,0.0,0.0,19,2,10.87651795345705,344.38626737434083,10.87651795345705,215.9421118214335,0,0,0,1,1,46,0.004203093476798925,0.0031523201075991936,32.0,150.0
F7_8.0,N15,N16,800.0,1,2400.0,1970.5798569133708,11,11,78,6,429.42014308662937,3570.579856913371,42.59968602825746,49.6551724137931,1,-1,39.0,39.0,21,12,13.032307709233844,15.655631752175623,13.032307709233844,197.66067479734943,0,0,0,1,0,95,0.02942165433759247,0.0010507733691997312,100.0,129.0
F7_17.2,N15,N22,800.0,1,2400.0,2373.0031693470755,8,35,8,0,26.996830652924473,3973.0031693470755,0.0,0.0,-1,-1,27.0,27.0,13,2,12.79812065656461,20.098763902433802,12.904934829526091,195.09796908228523,0,0,0,2,1,43,0.04203093476798924,0.0031523201075991936,135.0,162.0
F7_15.2,N15,N22,800.0,-1,2400.0,1227.0914025563025,16,27,16,0,427.054828990457,2827.0914025563025,43.03039985224859,0.0,-2,-1,15.0,15.0,36,20,10.757732360707701,92.60975315482841,10.708709712029695,227.846133749845,0,0,0,5,4,43,0.014710827168796235,0.00945696032279758,41.0,155.0
F7_18.0,N15,N22,800.0,1,2400.0,1778.0344708960274,10,41,10,0,621.9655291039726,3378.0344708960274,42.59968602825746,0.0,1,1,30.0,30.0,22,3,12.056872581104795,40.04855543915983,12.056872581104795,196.99157127893957,0,0,0,1,1,51,0.06514794889038333,0.004203093476798925,93.0,160.0
F7_19.0,N15,N22,800.0,-1,2400.0,892.0414239901836,23,29,23,0,92.01834383751316,2492.041423990184,42.30161956367473,0.0,-2,1,39.0,39.0,45,21,10.921197696929797,350.60871549424064,11.442668905583881,230.34653134590454,0,0,0,3,2,52,0.014710827168796235,0.00945696032279758,10.0,165.0
F7_15.0,N15,N22,800.0,1,2400.0,1732.1841580454593,10,36,10,0,667.8158419545407,3332.1841580454593,42.59968602825746,0.0,1,1,20.0,20.0,22,8,12.571462452119784,19.700189826874066,12.691967013786835,194.0666918354942,0,0,0,3,2,46,0.07263882072837427,0.004203093476798925,100.0,169.0
F7_10.1,N15,N16,800.0,1,2400.0,2391.8493885791136,11,11,67,6,8.150611420886548,3991.8493885791136,0.0,0.0,-1,1,14.0,14.0,20,10,13.09144586965892,99.7800129660991,14.659652771778642,196.4806833977291,0,0,0,4,3,84,0.031523201075991936,0.0010507733691997312,143.0,172.0
F7_8.1,N15,N16,800.0,1,2400.0,2213.3769861500305,12,12,69,6,186.62301384996954,3813.3769861500305,0.0,0.0,-1,1,9.0,9.0,22,10,12.2496070999607,22.669944918720375,12.016303544437127,198.35558960512964,0,0,0,3,2,87,0.027320107599193007,0.0010507733691997312,137.0,172.0
F7_10.0,N15,N16,800.0,1,2400.0,2234.2170386502007,2,2,68,5,165.78296134979928,3834.2170386502007,0.0,0.0,0,-1,0.0,0.0,6,10,14.79726283736858,16.11214259393114,14.79726283736858,193.57912467904438,0,0,0,1,0,75,0.054640215198386015,0.0010507733691997312,137.0,202.0
F7_4.0,N15,N16,800.0,1,2400.0,2397.0061835461356,4,4,63,6,2.9938164538646106,3997.0061835461356,0.0,0.0,-1,1,31.0,31.0,11,10,12.492249012083793,25.711303896071968,12.492249012083793,196.5882859948349,0,0,0,1,0,73,0.03992938802958978,0.0010507733691997312,157.0,173.0
F7_12.0,N15,N16,800.0,1,2400.0,1901.00754990111,12,12,84,6,498.9924500988899,3501.00754990111,42.59968602825746,49.6551724137931,1,-1,26.0,26.0,22,17,11.703031193491219,51.98179225618014,10.716563127507213,197.88749231479605,0,0,0,7,2,102,0.06935104236718224,0.0021015467383994624,119.0,162.0
F7_4.2,N15,N16,800.0,-1,2400.0,916.3671558442293,23,23,93,8,116.34359320299586,2516.3671558442293,41.92627164898996,40.77435373855722,-2,-1,14.0,14.0,44,41,9.449066760628819,45.27768816693924,9.41887025736422,269.4190250574914,0,0,0,5,4,124,0.023117014122394083,0.015761600537995968,15.0,167.0
F7_6.3,N15,N16,800.0,1,2400.0,2392.2411606665064,13,13,82,7,7.758839333493711,3992.2411606665064,42.59968602825746,49.6551724137931,1,-1,15.0,15.0,23,21,11.763275816689202,234.7181224081828,10.131277468623862,197.1210622249948,0,0,0,11,7,102,0.07355413584398117,0.0021015467383994624,158.0,145.0
F7_18.2,N15,N22,800.0,-1,2400.0,1185.165452503298,28,33,28,0,385.16172216943005,2785.165452503298,39.96325536620707,30.545454545454547,-2,-1,36.0,36.0,47,42,6.969203441835503,742.0638729179896,9.641181129735223,260.9386392139186,0,1,1,3,2,61,0.012609280430396773,0.017863147276395427,38.0,178.0
F7_18.6,N15,N22,800.0,1,2400.0,2393.7525701338486,16,28,16,0,6.247429866151492,3993.7525701338486,42.53799981531074,0.0,-1,-1,22.0,22.0,35,18,6.259711310055995,14.980162870126833,12.840051682828582,214.1969556221641,0,4,0,4,0,44,0.03992938802958978,0.00945696032279758,132.0,169.0
F7_19.1,N15,N22,800.0,-1,2400.0,1434.2102575070126,28,33,28,0,634.1356324299679,3034.2102575070126,39.96325536620707,30.545454545454547,-2,-1,34.0,34.0,47,42,8.876727336059881,36.23254700893054,9.450695953765212,260.1943569129123,0,2,2,9,6,61,0.025218560860793545,0.01996469401479489,58.00000000000006,162.0
F2_15.0,N15,N22,800.0,1,2400.0,2363.7696665258554,13,29,13,0,36.23033347414446,3963.7696665258554,42.53799981531074,0.0,1,-1,34.0,34.0,27,17,8.673335223671835,73.44423036109538,9.168358127718673,262.22349147384926,0,0,0,2,2,42,0.025218560860793545,0.00945696032279758,165.99999999999994,144.0
F2_14.1,N15,N22,800.0,1,2400.0,2399.4120526759402,11,25,11,0,0.5879473240596553,3999.4120526759402,42.53799981531074,0.0,-1,1,1.0,1.0,24,15,8.999554640115997,359.33642523650155,8.999554640115997,252.09726604374094,0,0,0,1,1,36,0.025218560860793545,0.00945696032279758,173.99999999999994,149.0
F7_15.3,N15,N22,800.0,1,2400.0,2389.417745441263,9,37,9,0,10.582254558737077,3989.417745441263,42.59968602825746,0.0,-1,-1,1.0,1.0,20,2,11.252169249520138,137.87350582721888,11.455628431458683,201.85702389179357,0,1,0,11,5,46,0.06304640215198387,0.0031523201075991936,186.0,174.0
F7_15.4,N15,N22,800.0,-1,2400.0,889.9925009636947,41,46,41,1,89.96945951206374,2489.9925009636945,38.77695489567211,30.545454545454547,-2,1,25.0,25.0,66,57,10.611718813170164,42.83311817495132,11.260659377426395,232.59216265803698,0,0,0,10,6,88,0.03992938802958978,0.024167787491593814,10.0,164.0
F7_18.4,N15,N22,800.0,-1,2400.0,1261.4082473885042,37,51,37,1,461.36863796485767,2861.408247388504,37.41411597187079,30.555436416835644,-2,1,5.0,5.0,60,54,10.055545328810936,146.8337559815675,9.616644527138249,243.44025769392277,0,0,0,14,10,89,0.0441324815063887,0.0304724277067922,42.0,137.0
F2_14.0,N15,N22,800.0,1,2400.0,2394.5157233761583,10,38,10,0,5.484276623841538,3994.5157233761583,42.59968602825746,0.0,0,-1,0.0,0.0,21,2,8.584121257896363,200.0,8.584121257896363,250.08443788580482,0,0,0,0,0,48,0.025218560860793545,0.0031523201075991936,224.00000000000006,160.0
F7_8.2,N15,N16,800.0,1,2400.0,2397.3498605583954,19,19,85,9,2.6501394416045514,3997.3498605583954,42.53799981531074,49.6551724137931,-1,1,24.0,24.0,33,31,4.052580024992614,26.810959149647488,12.157596901121721,213.14344590471674,0,4,0,3,3,113,0.037827841291190316,0.009456960322797579,157.0,168.0
F7_6.2,N15,N16,800.0,-1,2400.0,1192.1672483714651,19,19,97,9,392.13322022150686,2792.167248371465,39.96325536620707,40.77435373855722,-2,1,36.0,36.0,47,48,8.435981449574061,435.01877024660274,7.816430246894537,281.1666783318649,0,0,0,6,5,125,0.025218560860793545,0.021015467383994624,47.00000000000006,201.0
F7_12.3,N15,N16,800.0,1,2400.0,2399.658165948532,16,16,86,9,0.341834051467913,3999.658165948532,42.53799981531074,49.6551724137931,-1,1,27.0,27.0,30,31,0.0003657666649691494,773.2541087789775,0.0007315333299382988,211.72814419773016,0,4,0,2,2,111,0.037827841291190316,0.009456960322797579,158.99999999999994,165.0
F7_6.5,N15,N16,800.0,1,2400.0,1779.1347641840243,23,23,93,9,620.8652358159757,3379.1347641840243,42.00461309960324,40.77435373855722,1,-1,23.0,23.0,44,35,11.889302252564997,20.849945894975008,11.889302252564997,197.2774310285664,0,0,0,1,0,125,0.0777572293207801,0.015761600537995964,114.0,170.0
F7_12.1,N15,N16,800.0,1,2400.0,1618.9697745788008,18,18,84,9,781.0302254211991,3218.9697745788008,42.53799981531074,49.6551724137931,-1,1,25.0,25.0,32,31,0.0,0.0011635836981440661,0.0,214.03881710317458,0,4,0,1,1,111,0.037827841291190316,0.009456960322797579,142.0,183.0
F7_6.0,N15,N16,800.0,-1,2400.0,1001.9299440719651,27,27,115,14,201.90428947386147,2601.929944071965,39.48980729090585,38.94033192685387,-2,1,1.0,1.0,66,42,8.82895186709705,52.824321617836745,8.558977539021566,283.9284711321213,0,0,0,7,7,156,0.023117014122394083,0.019964694014794893,27.0,190.0
F7_4.1,N15,N16,800.0,1,2400.0,2390.058572824453,12,12,79,6,9.941427175547005,3990.058572824453,42.59968602825746,49.6551724137931,1,-1,38.0,38.0,22,12,12.233948560562993,48.88403892965289,10.8248528913968,200.61758562084515,0,0,0,11,6,97,0.061117799905545334,0.0015005514798665245,209.00000000000006,198.00000000000006
F0_16.0,N15,N22,800.0,1,2400.0,1928.3880911344554,25,36,25,0,471.61190886554454,3528.3880911344554,39.96325536620707,30.545454545454547,-1,-1,41.0,41.0,44,37,10.149200289259932,9.11114890104136,8.440318715678686,202.09618053755474,0,0,0,9,7,61,0.08616341627437794,0.015761600537995964,148.00000000000006,162.0
F0_17.0,N15,N22,800.0,1,2400.0,2388.347308074274,23,29,23,0,11.652691925725776,3988.347308074274,42.30161956367473,0.0,1,1,39.0,39.0,45,21,10.275525681160836,14.655971475651995,12.409955457696118,211.3600359400917,0,1,0,9,2,52,0.03992938802958978,0.00945696032279758,194.99999999999994,150.0
F2_13.1,N15,N22,800.0,1,2400.0,2391.970471911139,21,30,21,0,8.02952808886073,3991.970471911139,41.92627164898996,29.090909090909093,-1,1,15.0,15.0,44,22,7.272275923151369,366.6594634628532,8.862668249730872,273.11652676324985,0,1,0,4,4,51,0.03992938802958978,0.012609280430396773,192.00000000000006,147.0
F2_15.1,N15,N22,800.0,1,2400.0,2395.58808675265,18,27,18,0,4.411913247350299,3995.58808675265,43.03039985224859,0.0,1,-1,13.0,13.0,39,20,9.193398515528143,231.38324515067802,9.806987221337438,255.78119473478063,0,0,0,3,3,45,0.027320107599193007,0.00945696032279758,176.00000000000006,196.0
F2_13.2,N15,N22,800.0,1,2400.0,2391.0207174193124,24,36,24,0,8.979282580687595,3991.0207174193124,40.53549114161681,30.545454545454547,-1,0,2.0,2.0,44,34,5.929347509321534,78.13568950405488,9.892112855408266,324.1264223482273,0,4,0,5,5,60,0.037827841291190316,0.015761600537995964,174.00000000000006,151.0
F2_15.2,N15,N22,800.0,1,2400.0,1732.242016796687,40,45,40,1,667.7579832033128,3332.242016796687,38.57086046237538,30.545454545454547,-1,1,34.0,34.0,66,52,10.254528899923235,86.07017852652916,10.254528899923235,258.16405380683295,0,0,0,1,1,86,0.04203093476798924,0.019964694014794893,112.0,159.0
F7_18.8,N15,N22,800.0,-1,2400.0,1528.8224344723426,39,50,39,1,728.8039040538317,3128.8224344723426,37.97417347926482,30.608523858894294,-2,1,10.0,10.0,62,53,10.163976511787267,32.21486095637327,9.961402155282645,241.9138189202428,0,0,0,7,6,90,0.0168123739071957,0.02942165433759247,78.0,164.0
F3_13.0,N15,N22,800.0,1,2400.0,2397.7674680298037,25,36,25,0,2.2325319701961917,3997.7674680298037,40.53549114161681,30.545454545454547,0,0,1.0,1.0,46,35,12.988388106739933,48.98229905967787,12.984353258904626,199.10034881433648,0,0,0,2,2,61,0.031523201075991936,0.015761600537995964,159.0,167.0
F7_16.1,N15,N22,800.0,1,2400.0,1641.6824227321763,33,36,33,0,758.3175772678239,3241.6824227321763,39.96325536620707,30.545454545454547,-1,-1,22.0,22.0,56,44,0.0,0.0010608133397909114,0.0,221.50963649239,0,7,2,4,3,69,0.07985877605917956,0.01996469401479489,127.0,172.0
F7_16.2,N15,N22,800.0,1,2400.0,2394.1797462339646,31,35,31,0,5.820253766035648,3994.1797462339646,39.96325536620707,30.545454545454547,-1,-1,26.0,26.0,52,44,8.754135045980991,142.5875971641683,14.912736433031492,221.62157288036983,0,5,2,4,1,66,0.04833557498318763,0.01996469401479489,151.99999999999994,168.0
F7_18.5,N15,N22,800.0,-1,2400.0,1382.4329781259094,38,53,38,1,582.3747581314628,2982.4329781259094,37.26425327200181,30.663177904315102,-2,1,0.0,0.0,60,52,9.92038859751119,33.54029663956155,8.055488814018311,246.03225180305273,0,0,0,18,14,92,0.04876005212106064,0.031735439644928434,68.0,175.0
F2_13.5,N15,N22,800.0,1,2400.0,2393.067433303957,36,37,36,0,6.932566696042954,3993.067433303957,39.96325536620707,30.545454545454547,1,-1,19.0,19.0,62,45,9.937477269739958,71.04514601971277,8.98381626611439,256.8311148229011,0,0,2,6,6,73,0.03782714067663826,0.019964694014794893,168.0,155.0
F7_18.1,N15,N22,800.0,1,2400.0,2394.685579968509,16,27,16,0,5.314420031491068,3994.685579968509,43.03039985224859,0.0,-1,-1,15.0,15.0,36,20,9.31689093553523,83.59222255061445,12.028322634655948,216.3136260341938,0,5,0,12,5,43,0.07355413584398117,0.00945696032279758,214.0,184.0
F7_10.4,N15,N16,800.0,-1,2400.0,1395.7283549107647,22,22,121,17,595.7215059087864,2995.7283549107647,37.97417347926482,38.96989300316451,-2,-1,13.0,13.0,62,55,8.883718847790652,492.8586240024203,9.116065480910592,285.0866028090379,0,0,0,4,4,160,0.014710827168796235,0.02847096632207965,69.0,196.0
F7_4.3,N15,N16,800.0,-1,2400.0,1571.6149093399258,20,20,120,17,771.5693121453911,3171.614909339926,36.85322433596697,39.01818049645316,-2,1,40.0,40.0,59,66,8.207460828810868,10.107899571559084,8.801680336836494,283.0217547005497,0,0,0,9,9,157,0.02101546738399462,0.03362474781439139,89.0,166.0
F7_6.9,N15,N16,800.0,1,2400.0,1730.5533278603803,22,22,121,17,669.4466721396197,3330.5533278603803,37.97417347926482,38.96989300316451,1,-1,13.0,13.0,62,55,12.811548587723308,16.416558244172393,12.811548587723308,193.8167741495161,0,0,0,1,1,160,0.04031221721223836,0.02847096632207965,105.0,166.0
F7_6.8,N15,N16,800.0,1,2400.0,2391.4724351095547,21,21,100,11,8.527564890445547,3991.4724351095547,39.96325536620707,40.77435373855722,-1,1,24.0,24.0,54,49,7.67823467454227,13.686903935622922,11.66952280759117,223.0647607914767,0,6,0,5,3,132,0.04833557498318763,0.021015467383994624,162.0,164.0
F7_10.3,N15,N16,800.0,1,2400.0,2145.176947434813,23,23,88,13,254.82305256518714,3745.176947434813,42.30161956367473,40.77435373855722,1,-1,36.0,36.0,47,28,10.68709908785172,32.81581637828026,12.823789067203492,201.60820195154253,0,0,0,7,5,124,0.03992938802958978,0.011558507061197043,176.0,219.0
F7_10.6,N15,N16,800.0,1,2400.0,1667.1844638200027,24,24,115,16,732.8155361799971,3267.1844638200027,38.90260261585541,38.96989300316451,1,-1,20.0,20.0,65,48,12.407959748722167,18.980632044107097,12.407959748722167,193.62003481018735,0,0,0,1,0,155,0.08196032279757902,0.02837088096839274,103.0,180.0
F7_12.4,N15,N16,800.0,1,2400.0,1612.3704248209042,19,19,97,9,787.6295751790957,3212.370424820904,39.96325536620707,40.77435373855722,-1,1,35.0,35.0,47,48,0.0006356088052566117,111.59007902058596,7.256355478921777,213.75807627413434,0,3,0,0,0,125,0.08406186953597848,0.021015467383994624,141.00000000000006,200.0
F7_10.5,N15,N16,800.0,1,2400.0,1602.1251965301153,24,24,115,15,797.8748034698847,3202.1251965301153,38.574479531476634,39.02322661013488,1,-1,28.0,28.0,66,46,7.489628676908655,8.688750738681914,6.824734999805876,2.2354019374722096,0,0,0,0,0,154,0.26971079367624945,0.0,99.0,196.0
F7_5.2,N15,N16,800.0,1,2400.0,2366.5373279385226,23,23,89,13,33.462672061477406,3966.5373279385226,42.30161956367473,40.77435373855722,1,-1,33.0,33.0,47,28,12.799474232936706,27.12906289286957,12.09572440154189,195.89483302616787,0,0,0,9,5,125,0.037827841291190316,0.012943332860554824,199.0,186.0
F7_8.5,N15,N16,800.0,1,2400.0,1969.1015019011966,26,26,116,22,430.8984980988036,3569.1015019011966,36.777048146356954,39.01818049645316,-1,1,21.0,21.0,76,74,2.066236687674277,79.26864464560549,10.559664825488886,235.95616136696788,0,11,0,10,0,164,0.08406186953597848,0.03362474781439139,119.0,147.0
F7_17.3,N15,N22,800.0,1,2400.0,2395.2496316107477,33,36,33,0,4.750368389252344,3995.2496316107477,39.96325536620707,30.545454545454547,-1,-1,23.0,23.0,55,44,7.911734574718202,13.042863992016919,12.005474115221082,222.90467964690666,0,6,2,16,11,69,0.07985877605917956,0.01996469401479489,197.0,186.0
F7_16.4,N15,N22,800.0,1,2400.0,1914.7022154188103,41,48,41,1,485.29778458118966,3514.7022154188103,38.77695489567211,30.913086913086914,1,1,23.0,23.0,66,56,10.95336500061432,14.247368339042168,11.844214654923988,195.80301553777645,0,0,0,8,7,90,0.08406186953597848,0.025218560860793545,155.0,184.0
F1_16.0,N15,N22,800.0,1,2400.0,2392.9175475075144,38,40,38,1,7.082452492485345,3992.9175475075144,39.96325536620707,30.545454545454547,-1,-1,6.0,6.0,66,48,7.048029105943416,22.81698261939823,12.117688857717999,247.30744181439402,0,13,2,22,14,79,0.08406186953597848,0.021015467383994624,185.0,186.0
F7_10.2,N15,N16,800.0,1,2400.0,1693.5397865746845,20,20,100,10,706.4602134253156,3293.5397865746845,39.96325536620707,40.77435373855722,-1,1,27.0,27.0,51,48,0.10577031386477123,44.3367895910751,0.5251355157716819,220.44715965832557,0,5,0,5,1,130,0.0777572293207801,0.02101546738399462,153.0,199.0
F1_15.1,N15,N22,800.0,1,2400.0,2394.6026138331113,41,43,41,1,5.39738616688885,3994.6026138331113,39.58725937240372,30.545454545454547,-1,-1,0.0,0.0,69,49,7.688863729047081,16.717328891459147,12.436569746670344,246.8157210788975,0,13,2,25,18,85,0.09667114996637526,0.021015467383994624,178.0,184.0
F1_17.1,N15,N22,800.0,1,2400.0,2389.9551577375046,39,42,39,1,10.044842262495536,3989.9551577375046,39.48980729090585,30.545454545454547,-1,-1,0.0,0.0,67,48,7.1126510168857955,67.66643171924284,11.695770834303964,251.09391056902155,0,13,2,23,15,82,0.09036650975117687,0.021015467383994624,184.0,185.0
F2_14.3,N15,N22,800.0,1,2400.0,2392.251113234034,38,42,38,1,7.748886765965835,3992.251113234034,39.48980729090585,30.545454545454547,1,-1,1.0,1.0,66,48,9.650614996354832,41.519718138644976,9.091156182784328,260.53865666594663,0,0,2,7,7,81,0.0441324815063887,0.021015467383994624,173.0,192.0
F7_15.7,N15,N22,800.0,1,2400.0,1929.3657852065767,41,45,41,1,470.6342147934233,3529.3657852065767,38.574479531476634,30.545454545454547,1,1,28.0,28.0,66,57,9.606723941328756,12.621574970228266,10.917661853405148,199.8248470954699,0,0,0,8,7,87,0.08196032279757902,0.022426697025733223,162.0,187.0
F2_15.3,N15,N22,800.0,1,2400.0,2392.550180045827,46,53,46,1,7.449819954172881,3992.550180045827,36.777048146356954,31.45162803256987,1,-1,24.0,24.0,75,50,8.61637343456644,107.58195960272815,8.61637343456644,266.13219116495134,0,0,0,1,1,100,0.00840618695359785,0.0375928957779192,157.0,154.0
F1_17.0,N15,N22,800.0,1,2400.0,2197.512250086425,41,45,41,1,202.48774991357516,3797.512250086425,38.574479531476634,30.545454545454547,1,1,28.0,28.0,66,57,10.79244232917942,21.733421579813466,13.315290963517473,199.8248470954699,0,0,0,15,12,87,0.08196032279757902,0.022426697025733223,171.0,188.0
F2_13.6,N15,N22,800.0,1,2400.0,2399.1514517509017,38,53,38,1,0.8485482490982577,3999.1514517509017,36.85322433596697,31.07973540303273,1,-1,38.0,38.0,61,49,8.448965092814941,471.244571365964,8.431727390167786,268.78777436812993,0,0,0,4,4,92,0.03983687066726575,0.03257397444519166,176.0,160.0
F7_4.4,N15,N16,800.0,1,2400.0,2389.9662084458505,24,24,116,20,10.03379155414973,3989.9662084458505,36.777048146356954,39.01818049645316,-1,1,30.0,30.0,68,72,5.254016805485184,37.91054190517366,13.528568832815717,227.94813084472366,0,6,0,5,5,160,0.046234028244788165,0.03362474781439139,151.0,182.0
F7_8.3,N15,N16,800.0,1,2400.0,2391.3221121596575,25,25,104,11,8.67788784034235,3991.3221121596575,39.96325536620707,40.28190892145763,-1,1,19.0,19.0,62,53,7.2695030971535886,13.80739156958657,11.71085344351253,233.49925916873144,0,8,0,18,5,140,0.0777572293207801,0.021015467383994624,211.0,196.0
F7_6.11,N15,N16,800.0,1,2400.0,2399.6668340190877,21,21,118,19,0.3331659809124403,3999.6668340190877,36.777048146356954,39.01818049645316,-1,1,36.0,36.0,62,68,6.523280957184845,83.82252740753688,13.626468279830583,212.10288159794558,0,4,0,4,4,158,0.046234028244788165,0.03362474781439139,156.0,183.9999999999999
F7_6.10,N15,N16,800.0,1,2400.0,2398.965874842799,27,27,111,13,1.0341251572006058,3998.965874842799,39.96325536620707,40.02909425481015,-1,1,9.0,9.0,64,51,6.977447454986729,20.207722007448638,12.819399175715061,246.87339907343429,0,13,0,21,7,151,0.0777572293207801,0.01996469401479489,211.0,191.9999999999999
F7_8.6,N15,N16,800.0,1,2400.0,2389.577236268197,26,26,114,20,10.42276373180323,3989.577236268197,36.777048146356954,39.01818049645316,-1,1,24.0,24.0,75,73,6.320576286959085,37.72026628940171,11.11174949556478,234.7905852178661,0,10,0,17,6,160,0.08616341627437794,0.0336247478143914,155.0,183.0000000000001
F7_10.7,N15,N16,800.0,1,2400.0,2396.8881970001403,26,26,110,13,3.111802999859947,3996.8881970001403,39.96325536620707,40.05087684936556,-1,1,11.0,11.0,63,51,6.493903324987838,87.53227791557265,9.985506143329133,246.77982849903847,0,12,0,20,6,149,0.0777572293207801,0.01996469401479489,207.0,206.0
F7_6.6,N15,N16,800.0,1,2400.0,2395.980526274709,23,23,93,9,4.019473725290823,3995.980526274709,42.00461309960324,40.77435373855722,1,-1,23.0,23.0,44,35,11.468181711638156,131.16479881768578,10.907045584729865,197.2774310285664,0,0,0,14,5,125,0.0777572293207801,0.015761600537995964,204.0,245.0000000000001
F7_12.5,N15,N16,800.0,1,2400.0,2393.597684606655,23,23,117,19,6.402315393344907,3993.597684606655,36.777048146356954,39.01818049645316,-1,1,34.0,34.0,66,68,9.337699457912178,42.75847146419369,12.44048722743287,212.06043342494283,0,4,0,14,3,159,0.0882649630127774,0.03362474781439139,171.0,177.0000000000001
F2_13.7,N15,N22,800.0,1,2400.0,2397.8473890657383,43,51,43,1,2.1526109342615882,3997.8473890657383,36.777048146356954,31.45162803256987,1,-1,26.0,26.0,71,50,8.847610522522093,98.75032226685812,8.790431029862367,262.90808368672276,0,0,0,4,4,95,0.03992938802958978,0.036777067921990585,181.0,204.9999999999999
F2_15.4,N15,N22,800.0,1,2400.0,2397.7306953135367,50,56,50,2,2.2693046864634425,3997.7306953135367,36.54479264051905,31.78534708706958,1,-1,3.0,3.0,85,51,9.062603925696742,157.8771647561316,9.075659424532613,259.51479983039934,0,0,1,4,4,108,0.04203093476798924,0.03887861466039005,181.0,187.0
F7_8.7,N15,N16,800.0,1,2400.0,1863.5347365922398,27,27,132,18,536.4652634077602,3463.53473659224,35.056362215354184,39.036247424726966,1,-1,5.0,5.0,76,73,12.691799675329111,200.0,12.691799675329111,201.0992614828719,0,0,3,0,0,177,0.05253866845998655,0.04518325487558844,150.0,197.0
F7_10.11,N15,N16,800.0,1,2400.0,2370.690028023436,33,33,113,18,29.30997197656393,3970.690028023436,36.38526328206603,38.661738054522374,-1,0,0.0,0.0,88,66,8.88120829548864,24.209980571632286,11.913143320247093,242.68724943373658,0,13,0,11,11,164,0.05674176193678548,0.03257397444519166,205.0,182.0000000000001
F7_8.8,N15,N16,800.0,1,2400.0,2396.4647674088474,26,26,134,22,3.5352325911525213,3996.4647674088474,34.95239479800731,39.127656829849336,-1,1,33.0,33.0,80,92,11.572362083721709,36.32654794684095,12.67881565206495,204.61990558980358,0,2,0,16,7,182,0.09036650975117687,0.04098016139878951,168.0,174.0
F7_4.5,N15,N16,800.0,1,2400.0,2227.693927393655,30,30,116,19,172.30607260634497,3827.693927393655,35.625038812552575,39.041350672492285,1,-1,29.0,29.0,88,67,9.908978766017665,32.32314091642661,11.158095177165338,205.12197393993537,0,0,1,14,7,165,0.0882649630127774,0.036777067921990585,200.0,189.0
F7_12.9,N15,N16,800.0,1,2400.0,2389.8999429230817,28,28,134,28,10.100057076918233,3989.8999429230817,34.80736513413249,38.91372645315278,-1,1,6.0,6.0,97,99,8.41042494379625,14.12306107730501,11.563763355263086,238.11932904307048,0,11,0,21,8,190,0.10297579018157364,0.03887861466039005,194.0,206.0
F7_4.8,N15,N16,800.0,1,2400.0,2290.746574836372,33,33,129,25,109.25342516362775,3890.746574836372,34.4788407725714,38.59433530537617,1,-1,33.0,33.0,100,97,10.943305143021893,11.976631283020197,10.802792470703274,222.76377654580727,0,2,0,8,7,187,0.05674176193678548,0.04203093476798924,191.0,183.0000000000001
F7_8.11,N15,N16,800.0,1,2400.0,2387.41332858189,26,26,131,26,12.586671418110313,3987.41332858189,34.49916807566445,38.277080606158044,-1,1,34.0,34.0,98,106,12.44761826991046,15.592562877288856,12.765925762468306,204.35677662409344,0,0,0,7,7,183,0.0609448554135844,0.048335574983187635,154.0,181.0
F3_14.0,N15,N22,800.0,1,2400.0,2389.239682569415,49,54,49,2,10.760317430585133,3989.239682569415,36.54479264051905,31.78534708706958,-1,-1,7.0,7.0,81,50,11.821667912751458,21.175111444089453,11.473524481999435,196.28192190876467,0,1,1,6,2,105,0.0441324815063887,0.03887861466039005,325.0,169.0
F7_8.12,N15,N16,800.0,1,2400.0,2393.0327478580093,29,29,133,27,6.967252141990571,3993.0327478580093,34.49916807566445,38.29035636143214,-1,1,27.0,27.0,106,110,7.878949116386927,14.57421117482545,11.55178932013813,220.36720378450082,0,3,0,16,6,189,0.0945696032279758,0.04413248150638871,151.0,179.0
F7_5.11,N15,N16,800.0,1,2400.0,2397.684913386262,27,27,133,26,2.3150866137380035,3997.684913386262,34.49916807566445,38.29035636143214,-1,1,33.0,33.0,100,105,12.463566578616092,15.534882809590727,12.763277073030695,203.51888045426838,0,0,0,8,8,186,0.06304640215198387,0.04761382453007439,155.0,181.0000000000001
F7_12.10,N15,N16,800.0,1,2400.0,2399.3022907531094,30,30,135,28,0.6977092468906676,3999.3022907531094,34.766864961237864,38.911017646228544,-1,1,5.0,5.0,98,97,8.487077858171867,13.714834218230635,11.812314827609491,239.07051925312666,0,12,0,22,9,193,0.10297579018157364,0.037827841291190316,213.0,174.0
F7_8.9,N15,N16,800.0,1,2400.0,2051.640266036171,28,28,137,19,348.35973396382917,3651.640266036171,34.56981740591669,38.537725266692334,1,-1,17.0,17.0,94,92,12.973816993499224,35.79070456727936,12.298481896916792,204.0839298306241,0,0,2,2,2,184,0.054640215198386015,0.05009968521750868,174.0,190.0000000000001
F7_17.5,N15,N22,800.0,1,2400.0,2398.5691235850863,74,81,74,28,1.4308764149137687,3998.5691235850863,34.47506029498179,32.41207980948966,-1,-1,10.0,10.0,126,83,7.17337476711647,11.76217426676908,10.302880257919709,244.41800342383584,0,14,2,22,11,183,0.0882649630127774,0.06935104236718224,190.0,182.0
F2_15.10,N15,N22,800.0,1,2400.0,2392.4491144934746,60,72,60,16,7.550885506525333,3992.4491144934746,34.564249623689264,31.92661110721985,-1,1,5.0,5.0,95,71,7.175972801686808,214.98097640656556,8.099734094614282,274.4723759691838,0,2,0,7,7,148,0.0441324815063887,0.05884330867518493,201.0,197.0
F2_11.11,N15,N22,800.0,1,2400.0,2397.119604433489,71,78,71,40,2.880395566511197,3997.119604433489,33.923071309241344,33.174533474089465,1,-1,14.0,14.0,133,113,9.469589564684004,67.18909433291083,8.921648204517654,256.3391518846222,0,0,8,7,7,189,0.0471147171853802,0.07355413584398118,160.0000000000001,154.0
F7_5.12,N15,N16,800.0,1,2400.0,2391.742051409665,34,34,134,29,8.257948590335332,3991.742051409665,34.47506029498179,38.212169937945106,-1,1,17.0,17.0,115,114,6.3023334900814625,19.491384007556007,13.288364982489258,241.8397556341219,0,13,0,18,8,197,0.0882649630127774,0.04308170813718898,211.0,196.0
F7_19.5,N15,N16,800.0,1,2400.0,2205.666870763259,45,45,137,28,194.3331292367409,3805.666870763259,34.40023356821833,37.917538630358294,1,-1,37.0,37.0,133,127,9.72178806869718,41.53202167031577,14.248614907377027,237.12458701681754,0,4,1,16,14,210,0.0609448554135844,0.04308170813718898,194.0,191.0
F7_5.8,N15,N16,800.0,1,2400.0,2397.0103448089358,26,26,131,26,2.9896551910641165,3997.0103448089358,34.49916807566445,38.277080606158044,-1,1,34.0,34.0,98,106,10.363899480364408,11.641984067732665,8.734412485917174,204.35677662409344,0,0,0,14,4,183,0.09036650975117687,0.048335574983187635,233.0,201.0
F7_8.13,N15,N16,800.0,1,2400.0,2389.1720287030357,44,44,132,29,10.827971296964165,3989.1720287030357,34.45138301038275,37.98483734111726,-1,0,2.0,2.0,133,124,8.47371540611742,89.1341200856184,12.37920784595293,243.3711922712627,0,14,0,18,17,205,0.06304640215198387,0.040980161398789516,217.9999999999999,181.0
F7_19.4,N15,N16,800.0,1,2400.0,2397.5322587497,45,45,132,29,2.467741250300037,3997.5322587497,34.40010277505114,37.98483734111726,-1,0,1.0,1.0,133,125,8.427633476013494,14.129165826342614,13.268918777303705,245.0525525091373,0,14,0,18,17,206,0.0609448554135844,0.040980161398789516,219.0000000000001,180.0
F7_10.20,N15,N16,800.0,1,2400.0,2392.4672263854254,36,36,152,35,7.53277361457458,3992.4672263854254,33.969455431940766,37.51708937940537,-1,1,35.0,35.0,118,136,7.536532480129197,158.98077593212247,11.966808846083287,239.56101693726143,0,8,0,16,6,223,0.08406186953597848,0.05253866845998655,171.0,175.0
F7_4.10,N15,N16,800.0,1,2400.0,2234.190459933606,43,43,139,29,165.80954006639445,3834.190459933606,34.24014445359491,37.84712469545688,1,-1,32.0,32.0,129,127,8.834075081845295,39.536745105876435,11.671804022933378,217.27007233174916,0,2,1,21,10,211,0.09246805648957633,0.04623402824478817,206.0,182.0
F7_16.14,N15,N22,800.0,1,2400.0,2387.7002180206446,61,75,61,35,12.299781979355544,3987.7002180206446,33.0260228165626,33.79186087009387,1,1,1.0,1.0,131,157,12.477647736727794,657.639939336475,12.912956097242628,192.34880354462956,0,0,0,5,0,171,0.05043712172158709,0.05569098856758574,146.0,170.0
F3_13.1,N15,N22,800.0,1,2400.0,2398.143114561831,52,57,52,3,1.8568854381686606,3998.143114561831,36.21562713808564,32.375302896704014,1,1,39.0,39.0,89,52,12.023236738662636,66.23408408784962,11.61780376148537,191.71255706448187,0,0,0,8,4,112,0.046234028244788165,0.03958525605063506,485.9999999999999,227.0
F7_8.22,N15,N16,800.0,1,2400.0,1905.7345381571836,38,38,179,56,494.2654618428163,3505.7345381571836,32.947228601303884,35.13410175850864,-1,0,0.0,0.0,152,190,1.6617992806944573,61.974111164256556,14.956193526250116,242.07377760174901,0,14,0,9,6,273,0.05674176193678548,0.059894082044384664,126.0,195.0
F7_6.21,N15,N16,800.0,1,2400.0,2397.2618762817506,42,42,173,43,2.738123718249426,3997.2618762817506,33.40698473611762,36.63729305056891,-1,1,20.0,20.0,130,157,7.919616226422643,13.514255374155482,10.907243460321142,236.08206215990953,0,9,0,15,11,258,0.07145258910558171,0.05818120353437821,202.0,239.0
F7_19.10,N15,N16,800.0,1,2400.0,2397.395474108692,52,52,169,48,2.6045258913084126,3997.395474108692,33.380490500771316,36.26841363733657,-1,1,3.0,3.0,145,157,8.92906972008595,24.030865835431314,10.841666272528082,232.043601413545,0,9,0,21,16,269,0.07355413584398117,0.05674176193678547,214.0,198.0
F7_12.18,N15,N16,800.0,1,2400.0,2387.014220509166,34,34,179,57,12.985779490833693,3987.014220509166,33.100943933022,34.847513115020796,1,-1,9.0,9.0,141,183,11.078057884498213,90.17199472390871,12.325589696545952,204.24145571136694,0,2,2,7,5,270,0.0777572293207801,0.07317844096052539,151.0,152.0
F7_8.20,N15,N16,800.0,1,2400.0,2398.0953023326842,32,32,169,51,1.9046976673158724,3998.0953023326842,32.95616918996063,35.45755926193198,-1,1,35.0,35.0,128,161,6.651936000120736,52.844376752167136,11.638212382006706,223.88734573855115,0,8,0,11,9,252,0.07355413584398117,0.06830026899798251,176.0,182.0
F7_15.12,N15,N22,800.0,1,2400.0,2283.275243862141,70,87,70,46,116.72475613785878,3883.275243862141,32.849885120071185,33.6984006496562,-1,-1,33.0,33.0,145,184,9.492701668242935,15.785319702061543,13.45207933280198,209.1109645132075,0,6,4,7,1,203,0.07985877605917956,0.05148789509078682,129.0,181.0
F7_8.25,N15,N16,800.0,1,2400.0,2388.3682597350935,30,30,182,58,11.631740264906512,3988.3682597350935,32.85035564268793,34.83706772190967,0,-1,1.0,1.0,140,186,11.586658710208587,18.56613648694497,12.09930017530007,199.4380161792778,0,1,11,6,4,270,0.07985877605917956,0.08090954942837929,156.0,195.0
F7_5.16,N15,N16,800.0,1,2400.0,2393.6990913406685,31,31,176,60,6.30090865933164,3993.6990913406685,32.85266620475867,34.88462255191656,-1,1,32.0,32.0,146,196,10.568208693669567,28.45243323023442,13.407600753526488,208.25716831039662,0,7,0,10,6,267,0.08196032279757902,0.07250336247478144,178.0,184.0
F7_15.13,N15,N22,800.0,1,2400.0,2393.124010900682,79,91,79,49,6.875989099317735,3993.124010900682,32.84762455764665,33.715773890070444,-1,-1,22.0,22.0,157,183,10.712642247568056,13.723234396191174,11.974228339951985,211.18792094603893,0,8,8,14,5,219,0.07985877605917956,0.05253866845998655,183.0,189.0
F2_13.22,N15,N22,800.0,1,2400.0,2393.3572469087408,88,88,88,51,6.642753091259124,3993.3572469087408,32.813467124620075,33.60765946371846,-1,1,9.0,9.0,168,205,7.197064279910157,65.08517941282798,9.686053717255465,291.3481056872804,0,4,0,11,11,227,0.0609448554135844,0.035726294552790853,183.0,162.0
F7_19.13,N15,N16,800.0,1,2400.0,2392.551022855709,28,28,169,56,7.448977144290893,3992.551022855709,32.767269495044495,34.337103224568125,-1,1,37.0,37.0,165,185,8.676991281010409,17.658233153113315,13.223175299125352,223.1280332922605,0,7,2,16,11,253,0.09877269670477472,0.07053313577661881,173.0,183.0
F7_10.28,N15,N16,800.0,1,2400.0,2388.1126418388144,35,35,172,57,11.887358161185489,3988.1126418388144,32.77645417849973,34.368692248651406,-1,1,26.0,26.0,179,197,8.635861818273563,14.844553033343118,11.584258499996817,233.4843587161732,0,11,0,22,15,264,0.10170401184382981,0.059894082044384664,168.0,221.0
F7_18.22,N15,N16,800.0,1,2400.0,2398.403408001557,33,33,165,52,1.5965919984430457,3998.403408001557,32.722033192769,33.65469842768945,1,-1,3.0,3.0,185,214,9.566591963317936,25.088621402404442,14.292391927612975,248.60422472546415,0,10,3,14,10,250,0.09036650975117687,0.06284328094401274,174.0,193.0
F7_19.12,N15,N16,800.0,1,2400.0,2398.3804966407506,32,32,170,55,1.6195033592493928,3998.3804966407506,32.84745420581625,34.32862060079084,1,-1,15.0,15.0,168,198,10.909410948597278,222.8451828582438,11.247936985935413,214.81171791724438,0,1,5,14,8,257,0.09036650975117687,0.07040181573638198,279.0,206.0
F7_18.26,N15,N22,800.0,1,2400.0,2397.5339011462556,93,91,93,56,2.4660988537444837,3997.5339011462556,32.43092679538592,32.630272391660085,-1,-1,33.0,33.0,194,232,6.657105522604658,25.5186055759832,11.26802370294916,257.1822415876595,0,12,2,18,3,240,0.10717888365837257,0.05443752222256586,139.0,198.0
F3_15.2,N15,N22,800.0,1,2400.0,2388.0303467816734,57,63,57,6,11.969653218326584,3988.0303467816734,34.90178318613517,31.628046323782335,-1,-1,25.0,25.0,90,47,4.911572758312508,13.992938110591467,12.166603242981186,249.21665367175044,0,9,1,15,14,126,0.04203093476798924,0.052538668459986546,870.0,172.0
F7_4.19,N15,N16,800.0,1,2400.0,2389.4761104806535,44,44,163,51,10.523889519346653,3989.4761104806535,32.58536344095489,33.52823307468195,-1,1,10.0,10.0,189,227,4.3146652383696,69.8750898277076,12.318438023761395,276.5491291487224,0,22,0,19,11,258,0.07985877605917956,0.059894082044384664,206.0,202.0
F7_5.20,N15,N16,800.0,1,2400.0,2391.2518906899295,30,30,169,54,8.748109310070731,3991.2518906899295,32.75856797785881,34.296222847725154,1,-1,3.0,3.0,165,184,5.838607011649952,66.77236077970952,14.79543550672932,206.19706861823147,0,0,7,9,4,253,0.06138721503225413,0.0746049092131809,366.0,181.0
F7_4.15,N15,N16,800.0,1,2400.0,2394.8449889389244,31,31,170,54,5.155011061075697,3994.8449889389244,32.796654057294326,34.28660086662354,1,-1,8.0,8.0,168,190,11.905092843209122,40.72412275907527,12.987735189564498,213.16701618180633,0,0,6,13,6,255,0.0901661412631812,0.07355413584398117,368.0,188.0
F7_15.18,N15,N22,800.0,1,2400.0,2399.120940628676,92,95,92,61,0.8790593713238195,3999.120940628676,32.4329473975219,32.600173932958505,-1,-1,22.0,22.0,198,234,4.298428139925946,25.901100473786755,11.616788152111628,276.81937874367964,0,23,3,19,4,248,0.10297579018157364,0.056741761936785484,201.0,184.0
F3_15.4,N15,N22,800.0,1,2400.0,2393.2417461043106,60,72,60,16,6.758253895689222,3993.2417461043106,34.564249623689264,31.92661110721985,1,1,5.0,5.0,95,71,13.166337110958601,54.73750694834621,12.986071943132684,281.3776091335569,0,8,0,4,0,148,0.04203093476798924,0.05884330867518493,896.0,169.0
F7_17.17,N15,N22,800.0,1,2400.0,2395.9359996310163,103,107,103,71,4.064000368983784,3995.9359996310163,32.37333470448872,32.413360339519706,1,1,34.0,34.0,221,244,7.567465225210007,14.300316572589736,11.775962106599971,271.640555606784,0,17,0,28,8,281,0.1020993594295067,0.05884330867518493,205.0,167.0
F7_12.24,N15,N16,800.0,1,2400.0,2396.7839945151018,47,47,160,61,3.216005484898119,3996.7839945151018,32.420968098746734,33.03309400048199,-1,1,18.0,18.0,203,229,5.03820079615688,14.494926947887734,11.585297590939685,280.62961041451535,0,26,0,21,14,268,0.10928043039677203,0.05464021519838602,219.0,198.0
F7_10.32,N15,N16,800.0,1,2400.0,2391.296121788044,53,53,164,64,8.703878211956066,3991.296121788044,32.41981790198231,32.936618946264836,-1,1,1.0,1.0,212,227,2.947638132216185,215.47944514892538,12.081587587439813,292.399665543383,0,30,0,21,10,281,0.08616341627437794,0.046234028244788165,210.0,203.0
F3_13.5,N15,N22,800.0,1,2400.0,2397.358154304602,61,71,61,19,2.6418456953981604,3997.358154304602,34.635915938224876,32.122515571584636,0,0,2.0,2.0,94,69,12.600311845972508,131.5238554935886,11.864568681772344,259.857428852577,0,3,0,4,0,151,0.0441324815063887,0.060944855413584395,936.0000000000001,189.9999999999999
F7_16.23,N15,N22,800.0,1,2400.0,2393.484002699687,109,97,109,67,6.515997300312733,3993.484002699687,32.152690547019965,32.19745365141891,-1,-1,30.0,30.0,243,261,6.280792494055084,60.431207759770814,12.769325363345661,273.54414982709943,0,13,3,24,10,273,0.0945696032279758,0.060333053366187245,210.0,185.0
F7_17.19,N15,N22,800.0,1,2400.0,2388.8815323627414,104,101,104,73,11.118467637258505,3988.8815323627414,32.139027527229125,32.12959822743513,-1,-1,15.0,15.0,239,264,2.862096680269849,278.68766925588693,14.885244279252316,347.84711017911224,0,33,19,24,0,278,0.08616341627437794,0.06409717552118359,206.0,179.0
F7_18.28,N15,N22,800.0,1,2400.0,2393.4666937488446,105,102,105,75,6.533306251155295,3993.4666937488446,32.14889445809025,32.10425025525481,-1,-1,10.0,10.0,239,264,2.9934426127919633,12.990909852492678,11.245498010823743,358.70661412313865,0,36,20,26,1,282,0.08616341627437794,0.06514794889038332,202.0,180.0
F3_14.6,N15,N22,800.0,1,2400.0,2391.197123924787,64,75,64,25,8.802876075213362,3991.197123924787,34.26801639492204,32.999650116244304,1,1,14.0,14.0,114,94,2.016180989869067,487.02607207451797,11.917636261156968,279.552622845302,0,8,0,21,21,164,0.0651862046004069,0.060944855413584395,943.9999999999999,145.0000000000001
F7_15.22,N15,N22,800.0,1,2400.0,2399.799954560862,106,109,106,83,0.20004543913807993,3999.799954560862,32.041941763764605,31.779671365299148,1,1,4.0,4.0,244,282,9.341515183784896,70.05522650613602,13.107358846630262,311.17452647743204,0,19,0,15,13,298,0.08676017554895755,0.04518325487558844,218.0,140.0
F7_6.33,N15,N16,800.0,1,2400.0,2397.6720827073877,55,55,163,64,2.327917292612483,3997.6720827073877,32.39983011802791,32.857116044726894,1,-1,38.0,38.0,218,227,6.546432762126415,13.623804712967512,11.225098475652063,281.727203509028,0,22,1,28,20,282,0.09877269670477472,0.04623402824478817,228.0,236.0
F7_4.24,N15,N16,800.0,1,2400.0,2398.7834437023325,55,55,163,64,1.21655629766758,3998.7834437023325,32.40701329162445,32.902036241174294,1,-1,40.0,40.0,216,229,6.3109909856586155,22.553243521930426,12.507165902625255,283.0138643375933,0,26,1,27,19,282,0.09509285085896858,0.04623402824478817,235.0,232.0
F7_8.31,N15,N16,800.0,1,2400.0,2391.7657103559536,50,50,159,70,8.234289644046498,3991.7657103559536,32.167731150682116,32.43498551865726,-1,1,35.0,35.0,242,197,7.899192005286688,52.25494546224172,12.726847260500529,251.72880537448648,0,7,0,23,12,279,0.0945696032279758,0.060944855413584395,260.0,180.0
F7_12.27,N15,N16,800.0,1,2400.0,2396.2643889623682,52,52,166,73,3.7356110376316565,3996.2643889623682,32.1424667956422,32.436169153275216,-1,1,12.0,12.0,237,205,2.708967910984904,37.58884256030592,12.781799348138861,355.8791192032652,0,35,0,25,6,291,0.08616341627437794,0.059894082044384664,228.0,187.0
F7_10.34,N15,N16,800.0,1,2400.0,2398.149522413495,43,43,148,72,1.8504775865046668,3998.149522413495,31.86394276917454,31.917731716062807,-1,1,33.0,33.0,235,183,5.006187940773361,101.83141767838583,12.719401301504941,331.7071809015029,0,21,0,21,8,263,0.0945696032279758,0.07040181573638198,260.0,192.0
F3_13.6,N15,N22,800.0,1,2400.0,2394.926213051012,65,71,65,25,5.073786948988186,3994.926213051012,34.037225020271464,33.189726287410345,1,1,4.0,4.0,112,98,1.754787686188376,146.24496629170062,14.879154964182764,277.5846719757213,0,5,0,21,21,161,0.06938963556700464,0.06096862723370029,1034.0,185.00000000000045
F3_14.8,N15,N22,800.0,1,2400.0,2397.5670780152877,67,73,67,31,2.432921984712493,3997.5670780152877,33.969455431940766,33.19556304892953,-1,-1,35.0,35.0,118,101,2.2440525309090296,191.28682550359736,13.921286026094654,288.6087979675891,0,9,0,23,23,171,0.06935104236718224,0.06549686667672605,1029.0,184.0
F3_15.6,N15,N22,800.0,1,2400.0,2392.171801680104,70,76,70,34,7.828198319895705,3992.171801680104,33.969455431940766,33.19556304892953,-1,-1,31.0,31.0,123,103,3.436587293689772,15.969047540580277,13.442697240739959,288.94782954490563,0,9,2,26,26,180,0.07145258910558171,0.06928408398723633,1031.0,180.0
F7_17.26,N15,N22,800.0,1,2400.0,2396.2099175085755,100,125,100,110,3.7900824914245277,3996.2099175085755,31.36810217054951,31.314875140740675,-1,-1,28.0,28.0,246,284,5.187759633986554,62.491179742441545,12.179921631862811,347.986446327607,0,25,0,25,11,335,0.10087424344317418,0.06724949562878278,220.0,178.0
F7_19.23,N15,N22,800.0,1,2400.0,2397.006474007634,100,126,100,110,2.993525992365676,3997.006474007634,31.358280739655644,31.314875140740675,-1,-1,27.0,27.0,246,284,0.8079719683621148,25.27712310263655,14.60623459961071,354.8771383559628,0,26,0,26,0,336,0.08616341627437794,0.06724949562878278,217.0,179.0
F7_15.23,N15,N22,800.0,1,2400.0,2394.2045639627227,106,123,106,99,5.795436037277227,3994.2045639627227,31.776769235462,31.602072638026645,-1,-1,7.0,7.0,246,282,4.2156603583159,60.68284209261469,13.301079142885314,373.48852399351796,0,40,7,31,15,328,0.1050773369199731,0.05464021519838602,223.0,229.99999999999977
F7_15.24,N15,N22,800.0,1,2400.0,2399.043747481424,100,124,100,108,0.9562525185759796,3999.043747481424,31.38190720097529,31.325755704573705,-1,-1,34.0,34.0,246,283,6.73376633986243,71.68651081701955,12.454047965847925,319.10667039358464,0,25,0,21,10,332,0.0945696032279758,0.06514794889038332,222.0,185.0
F3_14.7,N15,N22,800.0,1,2400.0,2394.78151318515,69,75,69,33,5.21848681485028,3994.78151318515,33.969455431940766,33.19556304892953,-1,-1,33.0,33.0,122,102,2.688239775954616,16.344792352945888,13.27658306854008,289.8736714729058,0,8,1,24,24,177,0.0672494956287828,0.0670192021361757,1029.0,195.0
F9_6.26,N15,N16,800.0,1,2400.0,2392.172533477539,55,55,131,92,7.827466522460895,3992.172533477539,30.76552448098443,31.361437479337116,1,1,9.0,9.0,227,238,7.797172260068875,443.6484273135345,7.967184418268934,308.5451016588728,0,2,4,2,0,278,0.05253866845998655,0.07454749998712878,174.0,159.0
F7_5.32,N15,N16,800.0,1,2400.0,2389.9990878264407,57,57,140,87,10.000912173559072,3989.9990878264407,31.198653508408377,31.590356524737054,-1,1,5.0,5.0,245,245,1.4797331661487856,211.03569130264214,11.855153368446336,400.46797827626386,0,46,4,26,7,284,0.08196032279757902,0.07042094870683309,235.0,178.0
F3_15.5,N15,N22,800.0,1,2400.0,2391.178494885261,72,80,72,41,8.821505114738784,3991.178494885261,33.923071309241344,33.21495673744953,-1,-1,11.0,11.0,137,114,2.4714892424043886,252.90376620763436,12.703911994979435,304.09733878264456,0,22,11,27,27,193,0.0777572293207801,0.0746049092131809,1049.0,218.99999999999977
F3_15.8,N15,N22,800.0,1,2400.0,2388.8320001693155,66,79,66,30,11.167999830684607,3988.8320001693155,33.43174127911624,33.65847495621618,-1,-1,25.0,25.0,126,123,1.6232597036928014,101.03422449826257,9.148800970629615,320.7624042080603,0,27,3,33,31,175,0.0945696032279758,0.0746049092131809,1047.0,165.0
F3_13.7,N15,N22,800.0,1,2400.0,2399.019933265102,73,80,73,43,0.9800667348979459,3999.019933265102,33.915356479680256,33.362955751324535,-1,-1,7.0,7.0,140,109,3.0461523417727334,25.228860088522197,11.743664280103788,306.55540123998605,0,25,12,29,28,196,0.08196032279757902,0.07565568258238065,1091.0,188.0
F3_15.7,N15,N22,800.0,1,2400.0,2398.8683663840247,65,81,65,36,1.1316336159753746,3998.8683663840247,33.40698473611762,33.74539004468726,-1,-1,19.0,19.0,132,123,2.2721394311423375,77.49252616664171,11.808385666939271,322.026294497868,0,28,4,35,33,182,0.0945696032279758,0.07565568258238063,1054.0,225.0
F3_14.9,N15,N22,800.0,1,2400.0,2394.1061457562173,67,83,67,41,5.8938542437825845,3994.1061457562173,33.38182886900759,33.71529283330107,-1,-1,7.0,7.0,142,136,2.2710463283982802,132.93985826923358,12.55340039545709,330.1718362957151,0,31,8,35,34,191,0.09036650975117687,0.07670645595158036,1134.0,168.0
F9_8.24,N15,N16,800.0,1,2400.0,2394.319034418948,60,60,106,120,5.680965581052078,3994.319034418948,30.074214406009123,30.89898572036028,1,1,23.0,23.0,250,227,8.467942522473,51.536450854585155,8.047089666087233,319.26535562412465,0,4,0,8,3,286,0.046234028244788165,0.061995628782784126,185.0,159.0
F9_4.25,N15,N16,800.0,1,2400.0,2392.3952573189413,59,59,113,106,7.60474268105861,3992.3952573189413,30.42220805084387,31.052224925769462,0,0,0.0,0.0,256,232,8.578833733718756,65.95340867839946,10.43318551159335,297.65876396265185,0,0,0,8,0,278,0.06304640215198387,0.06304640215198386,231.0,174.0
F9_4.27,N15,N16,800.0,1,2400.0,2393.258784293092,60,60,111,108,6.741215706907951,3993.258784293092,30.316566096490856,31.009018742849886,-1,-1,29.0,29.0,252,219,8.644826007527461,105.43663871823696,8.955721467101313,282.7243156947458,0,0,1,8,1,279,0.0672494956287828,0.06409717552118359,227.0,168.0
F3_13.8,N15,N22,800.0,1,2400.0,2390.3071955617825,58,76,58,35,9.69280443821765,3990.3071955617825,33.09820813790693,33.79189627929572,1,1,7.0,7.0,132,157,1.1871297745708473,181.23263768124957,12.499865085527412,324.4913019837719,0,17,0,35,33,169,0.10091957145695309,0.054655118473752456,1128.0000000000002,202.0
F3_11.10,N15,N22,800.0,1,2400.0,2389.446680749565,62,76,62,36,10.55331925043481,3989.446680749565,33.08681897756586,33.86860536071216,0,0,0.0,0.0,128,156,1.7610880020676085,56.961378722367726,14.002759948033905,328.30646160903177,0,17,0,37,35,174,0.10717888365837257,0.05569098856758574,1157.0,177.0
F9_5.31,N15,N16,800.0,1,2400.0,2397.359295723114,65,65,107,117,2.640704276885913,3997.359295723114,30.280018291325312,30.90769246471396,-1,-1,14.0,14.0,260,219,7.790741176228346,20.565788459752184,7.748023766820819,293.2074134036758,0,1,5,11,2,289,0.0672494956287828,0.06830026899798251,221.0,221.0
F9_4.29,N15,N16,800.0,1,2400.0,2399.4470236865063,75,75,88,109,0.5529763134935592,3999.4470236865063,29.733925022234278,30.170431284575248,1,1,14.0,14.0,278,242,8.058486956729613,121.11949022994759,7.952549606324777,366.91511489578045,0,12,0,11,6,272,0.06514794889038333,0.06409717552118359,179.0,156.0
F3_15.12,N15,N22,800.0,1,2400.0,2396.714457435398,59,78,59,38,3.285542564602224,3996.714457435398,32.988590997626154,33.86860536071216,-1,-1,37.0,37.0,127,157,2.3000582498626723,67.3204742561727,13.060394895300881,322.793436545487,0,17,1,39,36,175,0.11348352387357095,0.05884330867518493,1242.0,161.0
F7_8.30,N15,N16,800.0,1,2400.0,2395.956209192549,55,55,162,64,4.043790807450932,3995.956209192549,32.38770578818073,32.8257134661236,1,-1,36.0,36.0,220,229,7.100804200892426,12.088708504531269,10.681242929083199,273.6087648601066,0,18,1,28,20,281,0.09715240377209448,0.047284801613987903,817.0,199.0
F9_5.33,N15,N16,800.0,1,2400.0,2398.539930358607,75,75,100,119,1.460069641393261,3998.539930358607,29.941255364628542,30.344002219783516,-1,-1,17.0,17.0,288,219,6.827397070043876,8.70704165854886,7.370471087208063,388.38532977300537,0,13,9,12,8,294,0.05674176193678548,0.07286785957202503,233.0,213.0
F9_8.25,N15,N16,800.0,1,2400.0,2393.9171634874524,75,75,98,119,6.082836512547601,3993.9171634874524,29.90970799984449,30.33882601224551,-1,-1,10.0,10.0,289,221,7.073508293278744,23.544824515270193,7.130948404166124,382.5963510110831,0,13,11,14,9,292,0.06304640215198387,0.07565568258238063,239.0,217.0
F3_11.11,N15,N22,800.0,1,2400.0,2393.563662516736,60,79,60,41,6.43633748326431,3993.563662516736,32.96805915406235,33.86221990685052,-1,-1,31.0,31.0,130,160,2.5219348392083245,70.54310688452938,13.584616313055248,326.9412669169087,0,22,2,40,37,180,0.11978816408876934,0.060944855413584395,1327.0,185.0
F9_6.27,N15,N16,800.0,1,2400.0,2393.388717277152,75,75,85,120,6.6112827228480455,3993.388717277152,29.340970067662678,29.599555989104072,1,1,31.0,31.0,261,231,4.296050809896695,679.4819624040226,9.60868540828801,383.12370942636306,0,9,0,8,4,280,0.09246805648957633,0.07565568258238063,235.0,212.0
F3_15.14,N15,N22,800.0,1,2400.0,2388.8341553954156,68,85,68,42,11.16584460458455,3988.8341553954156,32.85035564268793,33.56482966313201,0,0,2.0,2.0,138,192,0.7048406614468652,23.2777930283396,14.082041650419063,354.4410800916681,0,32,0,44,43,195,0.1198264126384891,0.047284801613987903,1342.0,186.0
F3_11.12,N15,N22,800.0,1,2400.0,2399.8365267183153,66,85,66,42,0.16347328168490094,3999.8365267183153,32.873595422092436,33.64510666332957,1,1,2.0,2.0,136,192,0.6536262211804756,246.44500892104975,11.233697040160031,347.29979873972536,0,31,0,44,42,193,0.12192795937688856,0.050800116567238755,1346.0,180.0
F3_13.9,N15,N22,800.0,1,2400.0,2391.449032426641,72,88,72,51,8.550967573358776,3991.449032426641,32.938896330736036,33.77834071355539,-1,-1,0.0,0.0,152,183,1.8593359259651732,12.609305544042627,11.099883143631779,377.8962688494342,0,37,6,42,42,211,0.10928043039677203,0.06619872225958305,1385.9999999999998,177.0
F3_15.11,N15,N22,800.0,1,2400.0,2388.039023630371,63,83,63,42,11.960976369628952,3988.039023630371,32.960927153988706,33.878846432482966,-1,-1,18.0,18.0,142,172,2.717001942372905,35.02690264392595,12.52937960283754,323.56714876790136,0,19,4,42,40,188,0.11558507061197042,0.06267520001952727,1394.9999999999998,191.0
F3_15.10,N15,N22,800.0,1,2400.0,2395.6040519645394,62,81,62,43,4.395948035460719,3995.6040519645394,32.96805915406235,33.889670460913656,-1,-1,22.0,22.0,140,169,2.6326250646688667,39.65534273586695,12.99418182589773,328.1495566992047,0,20,2,41,39,186,0.11768661735036988,0.061995628782784126,1399.0,191.0
F3_15.9,N15,N22,800.0,1,2400.0,2393.7435674533995,70,89,70,53,6.256432546600422,3993.7435674533995,32.945183055753915,33.77513045567018,-1,-1,2.0,2.0,151,183,1.6847096100842869,200.15363174213257,13.059073714781196,372.76286863257013,0,37,6,41,41,212,0.11138197713517149,0.06619872225958305,1389.0000000000002,177.0
F9_5.36,N15,N16,800.0,1,2400.0,2393.4424075839183,79,79,78,129,6.557592416081775,3993.4424075839183,28.90374756091639,29.121844296946215,-1,-1,16.0,16.0,260,221,8.208899408525124,25.779388723223292,8.084135891388312,347.8562309667086,0,15,2,6,2,286,0.0945696032279758,0.08511264290517821,219.0,232.0
F9_8.29,N15,N16,800.0,1,2400.0,2396.402746366707,81,81,77,137,3.5972536332927803,3996.402746366707,28.48352160466316,28.91411416943509,1,1,8.0,8.0,278,229,7.772553878164757,8.00024336598608,7.050931831643999,330.92830855908045,0,14,0,15,5,295,0.11558507061197042,0.08196032279757903,189.0,220.0
F9_5.39,N15,N16,800.0,1,2400.0,2399.751594700642,74,74,69,134,0.24840529935829636,3999.751594700642,28.012664663299162,28.56196332822087,1,1,34.0,34.0,289,210,8.021865026591362,22.824760693345752,7.480121879424509,353.76236502177676,0,18,1,16,6,277,0.1281943510423672,0.10404568873285527,198.0,167.0
F9_4.32,N15,N16,800.0,1,2400.0,2396.488709413259,79,79,76,136,3.51129058674087,3996.488709413259,28.343034438796785,28.63484493043225,-1,-1,30.0,30.0,274,218,7.493430662414239,6.957451357418449,6.7554031894245,345.14283706994627,0,14,1,14,6,291,0.12399125756556827,0.09036650975117688,231.0,174.0
F3_11.14,N15,N22,800.0,1,2400.0,2388.84321375934,81,91,81,50,11.156786240659926,3988.84321375934,32.850385567444235,33.674122737494244,-1,-1,20.0,20.0,161,184,1.610938923519666,23.53032023624496,13.081195752587341,349.8790435060329,0,41,8,49,48,222,0.13660053799596505,0.053589441829186284,1393.9999999999998,166.0
F3_14.12,N15,N22,800.0,1,2400.0,2398.9865839916706,87,88,87,50,1.0134160083295,3998.9865839916706,32.82227306384252,33.56073084312294,1,1,5.0,5.0,163,206,0.7009080406069552,214.539131418004,12.43964319632622,379.54067644360447,0,41,0,53,50,225,0.15134962695087154,0.03483429839185468,1339.0,171.0
F3_11.13,N15,N22,800.0,1,2400.0,2392.549009397556,84,92,84,57,7.450990602444335,3992.549009397556,32.86505933481246,33.683225982286515,-1,-1,12.0,12.0,163,190,1.6199386055020546,102.39353659441485,13.297118698307038,349.723001617407,0,42,9,49,49,233,0.1387020847343645,0.055690988567585746,1391.9999999999998,167.0
F3_15.16,N15,N22,800.0,1,2400.0,2394.233902953221,88,89,88,52,5.766097046779237,3994.233902953221,32.75856797785881,33.539407034764665,1,1,3.0,3.0,165,205,0.87283384520534,14.626310657513613,13.331609249185703,376.83920766543974,0,38,0,53,51,229,0.1492098184263618,0.03610687783249748,1339.0000000000002,173.0
F3_14.10,N15,N22,800.0,1,2400.0,2389.708468292003,73,90,73,48,10.291531707997137,3989.708468292003,32.85102794680863,33.70823295226581,-1,-1,26.0,26.0,151,184,1.257646076754848,98.98369914668842,11.873138693293454,359.8746067782119,0,38,5,47,46,211,0.13239744451916613,0.05148789509078682,1402.0,169.0
F3_11.15,N15,N22,800.0,1,2400.0,2393.5820727994906,88,85,88,54,6.417927200509325,3993.5820727994906,32.73865463551682,33.48401233986442,0,0,0.0,0.0,165,202,1.1023283644632778,70.62289629405473,12.61296976721479,363.29217586232835,0,33,1,52,50,227,0.14290517821116341,0.039544595039770564,1338.0000000000002,157.0
F9_5.37,N15,N16,800.0,1,2400.0,2394.5322521896583,78,78,66,132,5.467747810341621,3994.5322521896583,27.877463506667382,28.55477462819858,1,1,18.0,18.0,284,222,7.934575741498685,41.659656516262885,9.166382017978467,375.07715066086223,0,22,0,17,7,276,0.12609280430396774,0.09877269670477473,196.0,205.0
F9_6.30,N15,N16,800.0,1,2400.0,2393.7806885745363,77,77,75,135,6.219311425463843,3993.7806885745363,28.15695984122395,28.584264005225684,-1,-1,10.0,10.0,284,215,7.209946337938304,42.21040661436882,7.8179975715590055,356.4105743030938,0,20,5,14,7,287,0.12609280430396774,0.10022921591439138,222.0,217.0
F9_4.33,N15,N16,800.0,1,2400.0,2393.8448386769583,78,78,63,124,6.1551613230418525,3993.8448386769583,27.749689764415088,28.530056469395415,-1,-1,41.0,41.0,291,230,7.339444044785845,8.606559890438575,7.929432235634625,387.717518772471,0,18,0,17,6,265,0.1218897108271688,0.09667114996637526,220.0,186.0
F9_8.28,N15,N16,800.0,1,2400.0,2396.6281883465613,78,78,77,134,3.3718116534386127,3996.6281883465613,28.343034438796785,28.649907856458192,-1,-1,32.0,32.0,272,219,7.342701663689042,20.97800943329321,8.349691368909351,344.57907385189066,0,14,1,13,5,289,0.13029589778076667,0.09036650975117687,242.0,221.0
F3_13.10,N15,N22,800.0,1,2400.0,2390.857038207143,89,85,89,56,9.142961792856795,3990.857038207143,32.746143882425656,33.47302194765996,-1,-1,40.0,40.0,165,201,1.3340707447941111,14.687965162962655,12.451163803234234,361.3793994408748,0,32,1,53,51,230,0.14290517821116341,0.03992938802958978,1395.0,188.0
F3_11.17,N15,N22,800.0,1,2400.0,2395.9313364935438,93,89,93,58,4.068663506456346,3995.9313364935438,32.77216650774059,33.39641492096971,-1,-1,29.0,29.0,174,202,1.9498314010523514,26.05202103718966,12.388970026191526,355.5375548152813,0,29,1,56,55,240,0.15341291190316073,0.04518325487558844,1387.0,187.0
F3_11.18,N15,N22,800.0,1,2400.0,2399.877129044834,89,86,89,56,0.12287095516592217,3999.877129044834,32.75874065974658,33.47302194765996,-1,-1,39.0,39.0,165,202,1.6011465165604908,14.716279222275261,13.196170132985646,359.7952546121459,0,32,1,53,52,231,0.14080363147276395,0.03992938802958978,1392.0,197.0
F3_14.11,N15,N22,800.0,1,2400.0,2394.5762102771496,84,93,84,65,5.423789722850529,3994.5762102771496,32.856568579760534,33.59923739121076,-1,-1,0.0,0.0,168,188,1.5189324035846372,22.50356508158052,13.813277930830823,375.12366084861947,0,47,14,51,50,242,0.14290517821116341,0.05779253530598521,1391.0000000000002,240.0
F3_11.19,N15,N22,800.0,1,2400.0,2390.9856290654625,97,84,97,58,9.01437093453751,3990.9856290654625,32.66265210306322,33.015708129583025,-1,-1,35.0,35.0,184,208,0.2190142045815974,344.5235410252383,0.0003014424498544477,437.6989519841356,0,39,2,56,56,239,0.1492098184263618,0.055586629794081896,1307.0,193.0
F3_15.15,N15,N22,800.0,1,2400.0,2390.7135913306724,91,88,91,58,9.286408669327557,3990.7135913306724,32.767269495044495,33.44009245655621,-1,-1,33.0,33.0,170,201,1.5935250863230428,58.46436129484164,13.211379939745639,355.5721121741604,0,29,1,54,53,237,0.1533901553521904,0.0441324815063887,1390.0000000000002,203.0
F3_11.16,N15,N22,800.0,1,2400.0,2391.374043688302,95,92,95,64,8.625956311697792,3991.374043688302,32.72725084652735,33.39041024963262,-1,-1,17.0,17.0,184,210,1.7369032367127322,137.8901261540948,12.233301074393877,395.79845119428654,0,37,2,56,56,251,0.15341291190316073,0.05330969688081871,1378.0000000000002,199.0
F3_15.17,N15,N22,800.0,1,2400.0,2399.8010828212655,93,88,93,58,0.19891717873429116,3999.8010828212655,32.767269495044495,33.3962875149089,-1,-1,32.0,32.0,172,201,1.7402435193658186,14.08188698239178,12.49437709873338,357.5444250499183,0,29,1,55,54,239,0.15131136516476126,0.0441324815063887,1388.9999999999998,190.0
F3_11.20,N15,N22,800.0,1,2400.0,2389.438559496793,94,93,94,71,10.561440503207109,3989.438559496793,32.58536344095489,32.887629041832895,-1,-1,9.0,9.0,192,220,0.6261242943399621,17.747925378282844,9.960174356312491,451.612927968844,0,51,9,59,59,258,0.1765299260255548,0.061995628782784126,1308.9999999999998,173.0
F3_15.18,N15,N22,800.0,1,2400.0,2398.177156304866,94,93,94,71,1.8228436951342246,3998.177156304866,32.58536344095489,32.887629041832895,-1,-1,9.0,9.0,192,220,0.7986494716705376,1.2386145595853577,10.977634934174485,451.612927968844,0,51,9,60,60,258,0.1765299260255548,0.061995628782784126,1357.0,193.0
F3_14.14,N15,N22,800.0,1,2400.0,2395.706847191098,91,86,91,62,4.293152808902278,3995.706847191098,32.59774537323343,32.95652041492784,-1,-1,26.0,26.0,180,214,0.448117709164963,121.10111402525308,13.146605517264515,415.229507215806,0,39,5,57,57,239,0.1597175521183591,0.0577925353059852,1324.0000000000002,231.0
F3_11.21,N15,N22,800.0,1,2400.0,2398.9035962697917,100,93,100,69,1.0964037302082943,3998.9035962697917,32.571496752465045,32.86690281604918,-1,-1,1.0,1.0,194,216,1.1906583819656176,31.958971457478356,11.354786917106237,473.0683728442514,0,62,9,64,63,262,0.1765299260255548,0.06304640215198386,1371.9999999999998,183.0
F3_14.13,N15,N22,800.0,1,2400.0,2394.385700398621,91,92,91,71,5.614299601379116,3994.385700398621,32.58885796699301,32.88467325907627,-1,-1,12.0,12.0,187,219,0.5866589834688196,143.9272337082018,11.517843700610168,431.8626882056158,0,49,9,58,58,254,0.17022528581035642,0.06116624942355328,1326.0,227.0
F3_14.17,N15,N22,800.0,1,2400.0,2388.996492678376,94,90,94,55,11.003507321624284,3988.996492678376,32.47241919943948,32.678447488156635,0,0,2.0,2.0,194,230,0.07920582662425595,289.3191804274918,0.18822336576786863,502.5239268325903,0,52,0,64,64,239,0.16185735275348132,0.049386348352387366,1327.0000000000002,190.0
F3_14.16,N15,N22,800.0,1,2400.0,2390.8345930070764,97,93,97,69,9.165406992923522,3990.8345930070764,32.56904314184593,32.88322200387665,-1,-1,4.0,4.0,193,223,1.0675526718114652,10.817513989369445,9.950670871852802,474.0697105123081,0,58,9,63,62,259,0.1765299260255548,0.06304640215198386,1372.0000000000002,194.0
F3_15.20,N15,N22,800.0,1,2400.0,2391.1362686402827,101,93,101,68,8.863731359717121,3991.1362686402827,32.51272075043343,32.88170839253505,-1,-1,1.0,1.0,195,218,1.1904013192454845,19.735384933467913,11.314332135466367,477.62345135046894,0,65,10,65,64,262,0.1765299260255548,0.06304640215198386,1374.0,183.0
F3_15.19,N15,N22,800.0,1,2400.0,2392.572744104634,96,93,96,69,7.4272558953662156,3992.572744104634,32.56866823418046,32.88393958097669,-1,-1,6.0,6.0,194,222,0.7750957779643783,12.607100897950659,9.21022690191739,472.64066224334255,0,54,9,61,61,258,0.1765299260255548,0.06304640215198386,1379.0000000000002,181.0
F3_11.22,N15,N22,800.0,1,2400.0,2395.459272663556,95,97,95,64,4.5407273364440925,3995.459272663556,32.420968098746734,32.533816291335256,-1,-1,19.0,19.0,202,237,0.4498367706228538,79.78488953792998,10.430162208378047,482.9914403860981,0,50,3,67,66,256,0.17442837928715535,0.056741761936785484,1314.0,175.0
F3_13.11,N15,N22,800.0,1,2400.0,2394.564682766012,93,92,93,58,5.435317233988144,3994.564682766012,32.425850661456295,32.599295619290054,-1,-1,27.0,27.0,196,231,0.47919420621350656,147.18989477404875,13.539543397142722,480.2196634695339,0,50,2,66,65,243,0.17442837928715535,0.05674176193678547,1320.0,177.0
F9_5.40,N15,N16,800.0,1,2400.0,2395.8739210777976,71,71,53,119,4.126078922202282,3995.8739210777976,27.154945167788288,28.215934005290627,1,1,5.0,5.0,301,251,7.69915396409343,7.347958619927567,6.155929499280841,468.5952210142675,0,24,0,11,3,243,0.08196032279757902,0.09351882985877606,343.0,164.0
F9_4.35,N15,N16,800.0,1,2400.0,2392.995408960588,70,70,52,120,7.004591039411935,3992.995408960588,27.08362426289491,28.050986222064292,-1,-1,31.0,31.0,310,263,6.633553874297492,25.521201421726346,8.626626583715096,536.7572986537535,0,29,1,17,7,242,0.09036650975117687,0.09877269670477473,332.0,160.0
F3_15.23,N15,N22,800.0,1,2400.0,2394.913992089033,104,107,104,71,5.086007910966828,3994.913992089033,32.37855230984798,32.41700075938602,1,1,33.0,33.0,222,240,0.09942283844491753,278.87174834634106,0.09829969789117946,484.46811872432653,0,59,0,66,66,282,0.17656819936470236,0.05835678785876637,1304.0,217.0
F9_5.34,N15,N16,800.0,1,2400.0,2396.0845924187597,95,95,33,115,3.9154075812404017,3996.0845924187597,25.334399411563336,27.590834916388445,-1,-1,21.0,21.0,357,268,2.416511908884394,8.121068016664822,7.241985901970803,677.5893057384974,0,88,11,28,11,243,0.13660053799596505,0.0746049092131809,242.0,139.0
F9_5.32,N15,N16,800.0,1,2400.0,2397.1817929700464,80,80,44,125,2.8182070299534416,3997.1817929700464,26.03559968930906,27.6320411777531,-1,-1,11.0,11.0,325,276,1.5641304390361817,6.830848344491642,6.1200843509622,779.9854309649108,0,81,19,19,7,249,0.11558507061197042,0.08406186953597848,293.0,162.0
F9_4.39,N15,N16,800.0,1,2400.0,2399.6247407539354,96,96,32,116,0.3752592460645019,3999.6247407539354,25.334399411563336,27.59195845605846,-1,-1,19.0,19.0,361,267,2.8885945388813465,8.656673341336727,5.1185104509019235,680.1745704164248,0,87,11,29,12,244,0.14080363147276395,0.0746049092131809,246.0,202.0
F9_6.32,N15,N16,800.0,1,2400.0,2392.701597999979,112,112,26,115,7.298402000020701,3992.701597999979,24.854539973330994,27.438225719934284,-1,-1,35.0,35.0,397,274,5.383336015240185,8.152869600091208,6.483404511114909,780.0190156901537,0,69,3,25,11,253,0.12399125756556827,0.061995628782784126,241.0,162.0
F9_4.28,N15,N16,800.0,1,2400.0,2399.3719294966922,93,93,33,114,0.6280705033079812,3999.3719294966922,25.382117950747208,27.56446430626731,-1,-1,28.0,28.0,348,270,1.735813013914884,32.107250241708925,6.307186880023806,694.4829307245107,0,90,10,26,9,240,0.1344989912575656,0.0746049092131809,262.0,205.0
F9_4.37,N15,N16,800.0,1,2400.0,2394.7263256479546,110,110,26,115,5.273674352045418,3994.7263256479546,24.822295515523713,27.438164611186842,-1,-1,40.0,40.0,393,271,6.270941352352055,122.69531725578804,8.404812890543328,716.5998431625866,0,63,2,23,9,251,0.12399125756556827,0.060944855413584395,261.0,229.0
F9_4.34,N15,N16,800.0,1,2400.0,2396.007362395453,100,100,27,116,3.992637604546644,3996.007362395453,25.24071900434891,27.654023331875788,1,1,39.0,39.0,371,270,2.802648105127184,82.9549550225006,3.3141608296469927,754.4319236771963,0,79,15,33,14,243,0.1492098184263618,0.0746049092131809,303.0,233.0
F9_8.26,N15,N16,800.0,1,2400.0,2394.3212607914265,131,131,16,119,5.678739208573688,3994.3212607914265,24.127767602038926,27.551820083359058,1,1,35.0,35.0,417,273,1.8486835752652875,7.841497038745501,6.762228820569072,946.5675882099844,0,89,0,17,7,266,0.11138197713517149,0.084259121332975,200.0,243.0
F9_5.38,N15,N16,800.0,1,2400.0,2395.76928919506,90,90,34,113,4.230710804940145,3995.76928919506,25.481374307085115,27.62349984430755,-1,-1,39.0,39.0,337,270,1.8373451312449898,55.21093102562713,8.794050841938065,689.7061003483648,0,88,2,23,8,237,0.13239744451916613,0.06619872225958305,283.0,354.0
F9_5.42,N15,N16,800.0,1,2400.0,2395.6012894567975,130,130,16,121,4.398710543202469,3995.6012894567975,24.178199102479827,27.480640035656446,-1,-1,0.0,0.0,415,269,0.028393578598041685,656.5997339052681,0.44693586103386684,935.7845151543069,0,99,10,17,7,267,0.11348352387357095,0.08931573638197715,225.0,226.0
F9_5.35,N15,N16,800.0,1,2400.0,2394.214570241684,121,121,14,122,5.785429758315786,3994.214570241684,24.021115841801144,27.408435976493656,1,1,38.0,38.0,424,275,7.014014994145934,24.84444749518684,7.528262380337031,798.2467699658968,0,90,4,27,7,257,0.11768661735036988,0.09815205670289381,211.0,231.0
F9_4.42,N15,N16,800.0,1,2400.0,2396.4066452973857,118,118,21,121,3.5933547026141923,3996.4066452973857,24.670333898011,27.5348129137873,-1,-1,8.0,8.0,407,276,5.8033118134600095,7.975479833495683,6.7908657679932345,789.1464076582896,0,70,12,32,13,260,0.13029589778076667,0.06724949562878278,241.0,384.0
F9_6.28,N15,N16,800.0,1,2400.0,2399.5733329712702,129,129,12,113,0.42666702872975293,3999.5733329712702,23.939624163952434,27.349786241680594,1,1,18.0,18.0,423,280,7.211724865384154,9.466486704425733,8.152083221305169,754.0724226211828,0,88,0,28,7,254,0.1304201744709812,0.09353795792168147,256.0,239.0
F9_4.30,N15,N16,800.0,1,2400.0,2394.964763544166,103,103,9,125,5.035236455834138,3994.964763544166,23.42489253705809,27.049967545928304,1,1,26.0,26.0,405,334,5.404565012116909,9.813374430078056,8.414030797585554,930.8729463189757,0,83,0,19,4,237,0.11354644986408294,0.1143806485445236,190.0,163.0
F9_5.45,N15,N16,800.0,1,2400.0,2398.7032315510487,107,107,10,126,1.296768448951184,3998.7032315510487,23.723714308935758,27.351368125869936,1,1,37.0,37.0,411,310,3.9463594111604463,29.776357898813558,7.761946442682564,815.9913561313639,0,96,0,31,6,243,0.13239744451916613,0.11140114025957512,239.0,207.0
F2_13.0,N15,N22,800.0,-1,2400.0,1101.6631438163117,9,23,9,0,301.6339698751465,2701.6631438163117,0.0,0.0,-2,1,10.0,10.0,20,5,10.169516302112504,279.83194977484607,10.169516302112504,244.54460350389724,0,0,0,1,1,32,0.006304640215198386,0.003152320107599193,31.0,144.00000000000006
F2_10.1,N15,N16,800.0,-1,2400.0,1175.416876908855,28,28,39,34,375.3839139630329,2775.416876908855,39.596638655462186,38.4,-2,-1,21.0,21.0,48,28,12.91332916039112,200.0,12.91332916039112,202.51025230999144,0,0,0,0,0,101,0.014710827168796235,0.00945696032279758,30.0,131.0
F2_15.0,N15,N22,800.0,-1,2400.0,966.4411627725476,12,23,12,0,166.4164586219597,2566.4411627725476,40.0,0.0,-2,-1,35.0,35.0,33,6,10.2399641312874,55.94761288221616,10.139564316620305,244.91400816899989,0,0,0,2,2,35,0.006304640215198386,0.003152320107599193,19.0,183.99999999999994
F7_18.0,N15,N16,800.0,1,2400.0,2396.116057391037,12,12,32,17,3.883942608963025,3996.116057391037,40.0,0.0,1,-1,6.0,6.0,25,10,11.194532872517353,35.12781482735977,10.660314011960924,216.7041130334561,0,0,0,4,4,61,0.037827841291190316,0.0,133.0,160.0
F7_19.0,N15,N16,800.0,1,2400.0,2395.385503345654,3,3,31,11,4.614496654345885,3995.385503345654,0.0,0.0,1,-1,27.0,27.0,7,5,11.355970848387802,200.0,11.355970848387802,216.7642400524117,0,0,0,0,0,45,0.04203093476798924,0.0,149.0,163.0
F7_19.1,N15,N16,800.0,1,2400.0,2396.36587093777,7,7,31,17,3.6341290622298175,3996.36587093777,0.0,0.0,1,-1,13.0,13.0,18,8,12.156120027840414,200.0,12.156120027840414,215.58890287046165,0,0,0,0,0,55,0.02101546738399462,0.0,134.0,165.0
F7_12.1,N15,N16,800.0,-1,2400.0,1502.4137551580284,28,28,39,36,702.2907796407098,3102.4137551580284,39.596638655462186,38.4,-2,-1,19.0,19.0,48,29,11.685720167425178,15.481660680907481,11.509854697502716,205.9072542164015,0,0,0,5,5,103,0.014710827168796235,0.01050773369199731,62.0,160.0
F2_10.0,N15,N16,800.0,1,2400.0,1887.52733380463,16,16,32,29,512.4726661953698,3487.52733380463,40.0,0.0,1,1,28.0,28.0,33,19,12.870188348197058,32.23918728145645,12.870188348197058,198.56884717017311,0,0,0,1,0,77,0.054640215198386015,0.0,102.0,168.0
F7_12.0,N15,N16,800.0,1,2400.0,2397.3936507188055,7,7,31,17,2.6063492811944116,3997.3936507188055,0.0,0.0,1,-1,13.0,13.0,18,8,10.820290307071545,148.58427390570637,10.381571228331579,215.58890287046165,0,0,0,2,2,55,0.037827841291190316,0.0,145.0,163.0
F2_12.2,N15,N16,800.0,1,2400.0,1960.7086334363958,27,27,38,34,439.2913665636042,3560.7086334363958,39.596638655462186,38.4,-1,-1,26.0,26.0,46,28,4.730053414934656,174.20080761136546,11.82810179049179,254.6799264322783,0,9,0,8,5,99,0.04203093476798924,0.00840618695359785,127.0,119.0
F2_12.1,N15,N16,800.0,1,2400.0,2393.820955530866,12,12,32,17,6.179044469134055,3993.820955530866,40.0,0.0,-1,-1,6.0,6.0,25,10,11.253092572630763,11.880999816294434,10.333213644346799,203.1059276211194,0,0,0,8,3,61,0.054640215198386015,0.0,176.00000000000006,138.0
F2_18.1,N15,N16,800.0,-1,2400.0,936.9492812331994,35,35,31,48,136.92527506743465,2536.949281233199,40.159392862076416,38.02476015560251,-2,-1,26.0,26.0,56,35,11.200437398622698,219.17534278279823,11.115730605898431,215.99490312938016,0,0,0,8,8,114,0.04203093476798924,0.03257397444519166,11.999999999999943,144.0
F2_14.1,N15,N22,800.0,1,2400.0,2398.5649713378184,7,23,7,0,1.4350286621817077,3998.5649713378184,0.0,0.0,-1,1,21.0,21.0,14,5,12.512874249956402,12.95650249326195,11.240257944033711,203.39558304261885,0,0,0,3,2,30,0.025218560860793545,0.003152320107599193,146.0,179.0
F2_16.0,N15,N22,800.0,1,2400.0,1768.80999346703,10,20,10,0,631.1900065329702,3368.80999346703,39.596638655462186,0.0,1,-1,11.0,11.0,33,9,11.3706587979002,8.46944585342544,8.891195129700419,200.87021716068392,0,0,0,5,3,30,0.06935104236718224,0.003152320107599193,137.99999999999994,142.0
F2_12.0,N15,N16,800.0,1,2400.0,2395.058953411202,13,13,31,18,4.941046588798031,3995.058953411202,40.0,0.0,-1,-1,4.0,4.0,27,10,12.114544583656144,11.882063949009535,10.06225607023044,202.857350797892,0,0,0,7,1,62,0.027320107599193007,0.0,183.0,141.0
F2_13.1,N15,N22,800.0,-1,2400.0,818.1925197042112,13,23,13,0,18.17066582212192,2418.192519704211,40.66921253285447,34.95791501876078,-2,-1,12.0,12.0,59,19,9.844944204033574,88.12781542762741,9.721210397800885,249.0993238537192,0,0,0,4,1,36,0.023117014122394083,0.014710827168796235,2.0,180.0
F2_16.2,N15,N22,800.0,-1,2400.0,924.6841729095866,13,27,13,7,124.66043511196983,2524.684172909587,39.649750631240316,33.94963014225251,-2,1,12.0,12.0,61,31,10.06142747733052,80.27350017437846,10.58876920421574,252.92234898408492,0,0,0,5,3,47,0.023117014122394083,0.014710827168796235,13.0,143.0
F7_12.2,N15,N16,800.0,1,2400.0,2390.6154298653546,27,27,38,35,9.3845701346454,3990.6154298653546,39.596638655462186,38.4,1,-1,28.0,28.0,46,28,13.408468629723258,200.0,13.408468629723258,214.8872571331788,0,0,0,0,0,100,0.014710827168796235,0.006304640215198386,145.99999999999994,168.0
F2_10.2,N15,N16,800.0,1,2400.0,2122.7657050955204,31,31,39,38,277.2342949044796,3722.7657050955204,39.596638655462186,37.66153846153846,-1,-1,13.0,13.0,53,28,2.563689423363887,88.49914110340387,12.63132529964125,291.4334450368429,0,15,0,10,1,108,0.06935104236718224,0.011558507061197043,112.99999999999994,183.0
F2_19.0,N15,N16,800.0,1,2400.0,1663.9282835296995,32,32,37,37,736.0717164703007,3263.9282835296995,39.596638655462186,37.66153846153846,-1,-1,8.0,8.0,55,29,0.0,0.0010386964422650635,0.0,289.82759464199233,0,16,0,7,4,106,0.046234028244788165,0.011558507061197043,107.0,194.0
F7_18.1,N15,N16,800.0,-1,2400.0,1562.7025824181665,32,32,31,48,762.3901463728007,3162.7025824181665,40.159392862076416,37.797857043398004,-2,-1,33.0,33.0,52,33,11.160387071941399,260.083364331603,11.498337039129755,212.82630925195457,0,0,0,15,15,111,0.03430376862198346,0.025506637864642353,61.99999999999994,188.0
F0_10.1,N15,N16,800.0,1,2400.0,2388.801635284614,40,40,29,40,11.198364715386106,3988.801635284614,41.21747899159664,37.66153846153846,1,1,20.0,20.0,64,34,10.100473499306942,352.2361310439446,13.29316852081351,208.0952684504858,0,0,0,3,3,109,0.04238701595761223,0.016812373907195696,142.99999999999994,143.0
F2_18.0,N15,N16,800.0,1,2400.0,1824.4379296068232,22,22,37,32,575.5620703931768,3424.437929606823,39.596638655462186,38.4,-1,-1,41.0,41.0,38,25,7.821556509947894,111.66409822471314,13.443218973099999,212.75627061737688,0,1,0,4,2,91,0.04203093476798924,0.0021015467383994624,145.00000000000006,188.0
F1_12.0,N15,N16,800.0,-1,2400.0,1157.7725532246639,36,36,28,65,357.7690049958982,2757.772553224664,36.3154920557574,36.88654905093884,-2,1,3.0,3.0,54,62,11.92123909958467,41.12945499327975,11.247898399102091,207.81340083238834,0,0,0,13,9,129,0.037827841291190316,0.0441324815063887,29.0,149.0
F2_17.2,N15,N22,800.0,-1,2400.0,1029.4025847574796,14,27,14,9,229.39964181966036,2629.4025847574794,39.649750631240316,33.94963014225251,-2,1,11.0,11.0,62,31,10.031730759452365,658.0956483214338,10.031730759452365,254.2980716055551,0,0,0,1,1,50,0.006304640215198386,0.014710827168796235,26.0,196.0
F2_13.3,N15,N22,800.0,1,2400.0,2397.8380592534913,11,22,11,0,2.16194074650889,3997.8380592534913,40.0,0.0,-1,0,1.0,1.0,31,6,11.114724960819908,45.26057112213812,12.240263160428583,202.15838525338378,0,0,0,11,4,33,0.05253866845998655,0.003152320107599193,201.99999999999994,188.0
F2_14.0,N15,N22,800.0,-1,2400.0,946.3825932262032,16,28,16,11,146.3583721469488,2546.3825932262034,38.736068475630574,34.82708747155424,-2,1,2.0,2.0,65,31,9.88114699001043,114.67934638009854,10.502324513361268,258.95033636812025,0,0,0,7,5,55,0.025218560860793545,0.014710827168796235,18.0,197.0
F2_15.1,N15,N22,800.0,1,2400.0,2393.575079270072,12,23,12,0,6.42492072992809,3993.575079270072,39.596638655462186,33.68421052631579,-1,1,18.0,18.0,50,12,5.994083238676211,62.12075934987638,11.440027850145839,274.45175738988627,0,14,0,14,5,35,0.06935104236718224,0.006304640215198386,146.00000000000006,188.0
F2_17.1,N15,N22,800.0,1,2400.0,1630.2749878557051,13,25,13,0,769.7250121442949,3230.274987855705,39.596638655462186,35.78947368421053,1,-1,37.0,37.0,57,15,5.361987987965533,5.386581034644678,5.361987987965533,269.3283576316353,0,7,0,1,1,38,0.06304640215198387,0.006304640215198386,103.0,194.0
F0_15.0,N15,N22,800.0,1,2400.0,1881.7430075030916,11,24,11,4,518.2569924969082,3481.7430075030916,40.159392862076416,34.26312900150075,-1,1,26.0,26.0,56,26,0.00916152537045562,255.28623565806583,0.01832305074091124,219.8418654050399,0,3,0,2,1,39,0.0609448554135844,0.014710827168796235,117.99999999999994,146.0
F2_13.2,N15,N22,800.0,1,2400.0,2011.5984560840666,10,21,10,0,388.4015439159333,3611.5984560840666,39.596638655462186,0.0,1,-1,3.0,3.0,34,12,11.333026170075046,54.799290614793335,11.395093684921191,202.85785128485622,0,0,0,11,6,31,0.06304640215198387,0.004203093476798925,171.99999999999994,184.0
F7_18.2,N15,N16,800.0,1,2400.0,2391.2276883918785,34,34,34,39,8.77231160812164,3991.2276883918785,39.596638655462186,37.66153846153846,0,-1,0.0,0.0,57,33,10.807875254771153,175.03041662443434,10.16307601796309,216.98982644615222,0,0,0,8,8,107,0.04833557498318763,0.011558507061197043,162.00000000000006,206.0
F7_12.3,N15,N16,800.0,1,2400.0,1885.2640965448536,35,35,31,48,514.7359034551466,3485.2640965448536,40.159392862076416,38.07660705168627,1,-1,27.0,27.0,56,35,10.614268972190242,70.79784514653875,10.110678507021756,214.77857345582933,0,0,0,2,2,114,0.0609448554135844,0.03095668302344272,107.0,206.0
F2_10.3,N15,N16,800.0,1,2400.0,2349.0608169736124,35,35,31,48,50.939183026387354,3949.0608169736124,40.159392862076416,38.07660705168627,-1,-1,29.0,29.0,56,34,5.7850448810929125,421.36917226811056,13.619536224225886,215.1733460276824,0,2,0,3,0,114,0.06304640215198387,0.028663710046487937,140.99999999999994,176.0
F2_18.2,N15,N16,800.0,1,2400.0,2394.876099605234,32,32,37,37,5.12390039476611,3994.876099605234,39.596638655462186,37.66153846153846,-1,-1,8.0,8.0,55,29,6.042538571889246,35.10586328009708,11.270400698838547,289.82759464199233,0,16,0,16,1,106,0.0672494956287828,0.011558507061197043,183.99999999999994,200.0
F2_19.3,N15,N16,800.0,1,2400.0,2394.0974665783715,36,36,32,48,5.902533421628505,3994.0974665783715,40.159392862076416,38.02476015560251,-1,-1,23.0,23.0,59,37,8.12398385708536,12.747502852203525,11.014293644528099,222.23439101888383,0,4,0,6,5,116,0.05884330867518494,0.03257397444519166,137.0,176.0
F7_8.2,N15,N16,800.0,1,2400.0,2297.119961404551,37,37,33,50,102.88003859544938,3897.119961404551,39.649750631240316,38.55659721826377,1,-1,14.0,14.0,60,39,11.269038463108615,56.04567124640789,10.659635528732718,215.2624089878859,0,0,0,4,3,120,0.025218560860793545,0.03257397444519166,146.0,165.0
F7_18.4,N15,N16,800.0,1,2400.0,1693.2541211431949,33,33,30,68,706.7458788568053,3293.254121143195,36.37315192671598,36.41340852266947,1,-1,40.0,40.0,53,63,3.922453330241347,55.68755880996969,6.8449455029498605,238.97541696422726,0,1,0,2,2,131,0.04066822765591281,0.0441324815063887,81.0,171.0
F7_18.3,N15,N16,800.0,1,2400.0,2394.6020885727817,39,39,29,41,5.397911427218446,3994.6020885727817,41.21747899159664,37.66153846153846,-1,1,24.0,24.0,62,34,9.64520311553042,23.531697722369472,10.603094495924154,229.3888697787741,0,2,0,11,11,109,0.05674176193678548,0.014710827168796235,199.00000000000006,167.0
F2_16.4,N15,N22,800.0,1,2400.0,2396.0750376594615,13,24,13,4,3.9249623405386274,3996.0750376594615,40.159392862076416,34.26312900150075,-1,1,25.0,25.0,58,26,7.601143562958248,69.53786975518733,11.285027783872009,221.7895760491715,0,3,0,5,0,41,0.05884330867518494,0.014710827168796235,164.0,166.0
F2_14.2,N15,N22,800.0,1,2400.0,2391.3690367228546,13,25,13,0,8.630963277145383,3991.3690367228546,39.596638655462186,33.68421052631579,-1,1,14.0,14.0,53,13,6.082614392087661,41.00144869111182,13.152191865511991,286.7209978393797,0,14,0,15,6,38,0.06935104236718224,0.006304640215198386,215.99999999999994,186.0
F2_15.3,N15,N22,800.0,1,2400.0,2325.358490532921,17,27,17,12,74.64150946707878,3925.358490532921,37.53906562686503,34.82708747155424,-1,0,1.0,1.0,65,32,6.880463149239887,13.058362917600789,11.623028371152774,228.58486500883922,0,7,0,10,2,56,0.06935104236718224,0.013660053799596504,181.0,141.0
F7_12.7,N15,N16,800.0,1,2400.0,2389.653980104634,36,36,37,75,10.346019895366453,3989.653980104634,36.33247826789776,36.2425835434071,0,-1,1.0,1.0,67,85,13.080596751849356,156.33332841085303,13.06946741796632,217.21365491981314,0,0,5,2,1,148,0.031523201075991936,0.05569098856758574,137.0,165.0
F2_15.6,N15,N22,800.0,1,2400.0,1982.4145257528407,21,28,21,29,417.58547424715914,3582.4145257528407,36.33247826789776,34.64898197046032,1,-1,36.0,36.0,76,49,3.6087778897047085,15.324591411147367,12.293964039308467,240.27297148421445,0,7,1,9,4,78,0.10087424344317418,0.0168123739071957,113.0,182.0
F2_17.6,N15,N22,800.0,1,2400.0,2324.8250652956376,14,26,14,23,75.1749347043625,3924.8250652956376,36.4818753676206,34.99885929873373,-1,1,32.0,32.0,57,42,10.357194715127694,33.056073495372175,13.042727903376079,222.4463759044643,0,2,0,12,7,63,0.10922697515120619,0.015761600537995968,152.0,185.9999999999999
F0_15.1,N15,N22,800.0,1,2400.0,2394.471069200718,18,29,18,15,5.528930799282193,3994.471069200718,37.29260963563201,34.82708747155424,1,-1,38.0,38.0,68,33,9.487110374849655,57.9945586909073,10.990561676095636,216.54274063617484,0,0,0,7,4,62,0.07294575306310072,0.013660053799596504,189.0,205.0
F2_14.4,N15,N22,800.0,1,2400.0,2399.8094825934895,13,27,13,19,0.19051740651036653,3999.8094825934895,36.351378395139385,34.99885929873373,1,-1,2.0,2.0,54,40,10.719605738923537,93.30513382401296,12.017737068040358,208.22066581420574,0,0,1,10,6,59,0.09877269670477472,0.015761600537995968,164.0,200.9999999999999
F2_13.5,N15,N22,800.0,1,2400.0,2392.225153441481,16,26,16,25,7.774846558518902,3992.225153441481,36.31105416195716,34.99885929873373,-1,1,29.0,29.0,59,42,10.012471997565788,14.931190876671053,12.30327730027082,221.92366956064944,0,3,0,14,9,67,0.10717888365837257,0.015761600537995968,159.0,182.0
F2_15.2,N15,N22,800.0,1,2400.0,2101.9080684898413,14,26,14,18,298.09193151015876,3701.9080684898413,36.435312053994394,35.23879645663699,1,-1,17.0,17.0,62,38,11.123883125169444,24.124304806988448,11.298356983242659,205.98837166099375,0,0,1,9,2,58,0.08196032279757902,0.015761600537995968,184.0,189.0
F2_16.3,N15,N22,800.0,1,2400.0,1825.0971959633803,14,26,14,22,574.90280403662,3425.0971959633803,36.37315192671598,34.99885929873373,-1,1,36.0,36.0,57,42,11.520769283676515,68.23791737644842,9.84732600275395,212.79753371569325,0,1,0,5,1,62,0.08406186953597848,0.015761600537995968,162.0,194.0
F7_19.3,N15,N16,800.0,1,2400.0,2399.564141021289,52,52,35,80,0.43585897871116686,3999.564141021289,36.45040010855211,37.06432719351498,1,-1,41.0,41.0,87,97,8.051902483903561,183.43544820160082,9.748029696805663,240.6196608040605,0,6,0,16,15,167,0.08996980150569589,0.047284801613987903,180.0,179.0000000000001
F2_15.8,N15,N22,800.0,1,2400.0,2399.612676280872,28,30,28,28,0.3873237191279486,3999.612676280872,36.37368939738533,34.45087917606308,-1,1,2.0,2.0,110,57,7.208422971164971,13.171719919150974,10.889118691801844,254.16412643742734,0,12,0,20,9,86,0.12399125756556827,0.027320107599193007,191.0,141.0
F2_8.10,N15,N16,800.0,1,2400.0,2397.868014816254,60,60,35,93,2.131985183746224,3997.868014816254,36.40991165279149,36.60720392043158,-1,-1,8.0,8.0,105,114,8.659459986650583,11.795834312150873,10.584991607334413,237.04662805752517,0,7,7,17,1,188,0.11978816408876934,0.061995628782784126,196.0,192.9999999999999
F7_10.7,N15,N16,800.0,1,2400.0,2388.229162678801,65,65,35,88,11.77083732119911,3988.229162678801,36.37368939738533,36.586760642476776,1,-1,1.0,1.0,113,113,10.558401743658518,65.99776661818782,11.583956464114964,216.42028978020377,0,0,9,9,8,188,0.0777572293207801,0.06409717552118359,149.0,210.0000000000001
F7_10.8,N15,N16,800.0,1,2400.0,2023.0088246891223,69,69,30,79,376.99117531087757,3623.0088246891223,36.01893889097201,36.91609352957203,-1,1,30.0,30.0,115,112,4.06051107214673,290.86172346689773,12.081503982110256,232.55925538057403,0,4,0,3,3,178,0.04794186575202381,0.05896820860711854,129.0,217.0
F2_10.10,N15,N16,800.0,1,2400.0,2312.8279374419794,56,56,36,87,87.17206255802068,3912.8279374419794,36.58900667093011,36.883479989913816,-1,-1,22.0,22.0,96,115,11.086494746701451,27.071255145029227,13.508913801525107,217.68117482222,0,3,4,20,18,179,0.1218897108271688,0.05674176193678547,214.0,196.0
F2_18.7,N15,N16,800.0,1,2400.0,2253.834642843533,67,67,34,86,146.16535715646705,3853.834642843533,36.04753382809212,36.46539262879572,1,1,39.0,39.0,113,109,5.0637542577648,13.266360179475896,11.011364443526853,256.84785131217615,0,15,6,24,22,187,0.15131136516476126,0.06304640215198386,194.0,194.0000000000001
F7_8.5,N15,N16,800.0,1,2400.0,2354.0111061725515,79,79,33,85,45.98889382744858,3954.0111061725515,36.07472971257902,36.665138572667495,1,-1,20.0,20.0,122,124,11.212121455506349,498.9308618406128,11.212121455506349,218.60605208770224,0,0,4,1,1,197,0.037827841291190316,0.07775722932078011,160.0,168.0
F7_18.7,N15,N16,800.0,1,2400.0,2398.0123169670956,79,79,32,85,1.9876830329043287,3998.0123169670956,36.037988680908185,36.66492386024765,1,-1,22.0,22.0,122,121,10.571173096753133,13.206480531290026,10.461335099400834,218.6703071653599,0,0,2,12,10,196,0.09036650975117687,0.07670645595158038,163.0,179.0
F2_12.7,N15,N16,800.0,1,2400.0,2398.554470933568,67,67,34,86,1.445529066431959,3998.554470933568,36.04753382809212,36.46539262879572,1,1,39.0,39.0,113,109,7.226373257030907,37.60557593448357,10.224349638695081,256.84785131217615,0,15,6,23,3,187,0.11348352387357095,0.06304640215198386,207.0,197.9999999999999
F7_19.7,N15,N16,800.0,1,2400.0,2395.5046231900187,85,85,35,83,4.495376809981394,3995.5046231900187,36.00287608896792,36.49081058033844,1,-1,4.0,4.0,133,136,10.406392129317258,40.55342381970172,10.472606200993969,217.5731622087004,0,0,8,13,11,203,0.0777572293207801,0.07880800268997983,157.0,214.0
F7_19.12,N15,N16,800.0,1,2400.0,1913.9152611804866,105,105,39,75,486.0847388195134,3513.9152611804866,34.93370978022593,35.32232942147579,-1,1,28.0,28.0,162,180,1.943171030437475,277.9509125067266,4.908820907585561,240.46116421148452,0,3,0,3,2,219,0.05253866845998655,0.09676445204465092,109.0,195.0
F2_13.8,N15,N22,800.0,1,2400.0,2391.7830751129395,30,32,30,62,8.216924887060372,3991.7830751129395,35.82412587230845,34.702661218841534,1,-1,41.0,41.0,133,75,3.665656934415905,164.45887047940573,10.291120015052634,313.00378196603623,0,36,0,34,0,124,0.12978772885030035,0.028370880968392735,200.0,193.0
F7_8.7,N15,N16,800.0,1,2400.0,2391.825970820155,92,92,34,84,8.174029179844979,3991.825970820155,35.435784115603596,35.7385665807868,1,-1,23.0,23.0,153,147,10.958639926916874,29.970870487068623,9.847176566748642,221.22038697221188,0,0,3,12,12,210,0.08641043131397731,0.08895607168461003,156.9999999999999,196.0
F2_17.9,N15,N22,800.0,1,2400.0,2396.3350972325406,25,29,25,52,3.664902767459239,3996.3350972325406,36.037988680908185,34.89486071495194,-1,1,27.0,27.0,114,66,8.726106582807919,36.0568152012213,10.914066894683092,238.8217822784209,0,11,0,21,12,106,0.1218897108271688,0.029421654337592466,222.0,205.0
F7_10.9,N15,N16,800.0,1,2400.0,2393.7433820238084,86,86,31,88,6.2566179761913645,3993.7433820238084,35.69021197859912,35.66400384390068,-1,1,28.0,28.0,138,143,9.209184760566,69.60865583168788,12.125918226208084,233.84917105892274,0,4,0,15,12,205,0.08406186953597848,0.07355413584398117,204.0,234.0
F7_18.9,N15,N16,800.0,1,2400.0,2392.8854553405904,93,93,38,85,7.114544659409603,3992.8854553405904,35.42766419702622,35.73498160775614,1,-1,13.0,13.0,156,159,10.996380528371077,19.814538998489752,10.73742126568722,219.80723280101878,0,0,5,14,13,216,0.09036650975117687,0.09562037659717552,153.0,233.0
F7_19.11,N15,N16,800.0,1,2400.0,2087.0890680554066,105,105,42,74,312.9109319445932,3687.0890680554066,34.495008092157484,35.042031047476414,-1,1,9.0,9.0,159,179,6.02273389914237,49.51234628349448,10.462024702178457,254.4209494474421,0,9,0,9,8,221,0.05674176193678548,0.09252648683903911,122.0,218.0
F2_19.7,N15,N16,800.0,1,2400.0,2393.700166814312,78,78,32,85,6.299833185688158,3993.700166814312,36.037988680908185,36.66492386024765,-1,-1,23.0,23.0,120,120,6.823759917859112,14.489879556758297,12.154965012703828,248.69363728491072,0,14,2,31,29,195,0.1344989912575656,0.07583679986752724,291.0,214.0
F2_17.10,N15,N16,800.0,1,2400.0,2398.34954048934,73,73,32,85,1.6504595106597435,3998.34954048934,36.037988680908185,36.66492386024765,-1,-1,27.0,27.0,114,114,7.635404263746693,26.987888758779263,12.546454618180759,238.8217822784209,0,11,0,29,27,190,0.13239744451916613,0.07093692347224956,294.0000000000001,209.0
F7_17.9,N15,N16,800.0,1,2400.0,2391.7747506892842,94,94,50,90,8.225249310715753,3991.7747506892842,34.405427761105365,35.153001874721646,1,-1,18.0,18.0,146,206,10.356836429436406,23.095614076851916,11.658353410047509,226.1393056441934,0,0,4,13,12,234,0.08616341627437794,0.10717888365837258,154.0,185.0
F2_10.12,N15,N16,800.0,1,2400.0,2394.4718631128057,76,76,32,85,5.5281368871942504,3994.4718631128057,36.037988680908185,36.66492386024765,-1,-1,24.0,24.0,118,118,8.05769682046919,24.12970364935427,11.353822924605078,245.33089028473145,0,14,1,22,1,193,0.11978816408876934,0.0746049092131809,301.0,217.0
F2_12.9,N15,N16,800.0,1,2400.0,2054.0901257965616,94,94,28,87,345.9098742034382,3654.0901257965616,35.34899562426303,35.71171937958819,-1,-1,41.0,41.0,149,138,9.331364433826536,59.93479083502439,10.196440867644238,242.57598118242714,0,1,0,14,0,209,0.11768661735036988,0.07565568258238063,243.0,199.0
F2_10.13,N15,N16,800.0,1,2400.0,2391.5257088071507,81,81,33,85,8.47429119284925,3991.5257088071507,36.07472971257902,36.665138572667495,-1,-1,18.0,18.0,125,126,6.316420038437084,32.84785413141276,10.427049772982672,264.81071821794603,0,20,4,24,2,199,0.11768661735036988,0.0777572293207801,304.0,209.0
F2_19.6,N15,N16,800.0,1,2400.0,2392.876232011869,86,86,35,81,7.123767988130908,3992.876232011869,36.00287608896792,36.49081058033844,-1,-1,2.0,2.0,134,139,4.47738492116795,44.20576578257942,11.17896146286399,303.55625981903324,0,34,10,27,0,202,0.13239744451916613,0.07880800268997983,292.9999999999999,210.0
F2_13.10,N15,N22,800.0,1,2400.0,2394.483614793404,25,33,25,111,5.5163852065960555,3994.483614793404,34.25766021040762,34.828221324633354,-1,1,6.0,6.0,157,98,4.542820225376189,35.65156059086212,11.242592631662184,329.20593168956066,0,38,0,23,12,169,0.13204008648957274,0.037827841291190316,200.0,145.0
F7_16.10,N15,N16,800.0,1,2400.0,2398.788422580389,96,96,50,93,1.2115774196109896,3998.788422580389,34.405427761105365,35.1528638718096,1,-1,15.0,15.0,149,207,10.473784858092388,34.65267502776692,11.31382161857594,225.22183868001588,0,0,6,12,12,239,0.08196032279757902,0.10717888365837258,159.9999999999999,229.0
F7_16.12,N15,N16,800.0,1,2400.0,1964.6376255745417,113,113,47,75,435.36237442545837,3564.6376255745417,33.7049367007215,34.482094098719195,-1,1,16.0,16.0,168,225,6.214271757417205,13.339931421764732,11.059026804803565,247.707648233802,0,6,0,9,8,235,0.07985877605917956,0.10507733691997312,110.00000000000011,232.0
F2_19.8,N15,N16,800.0,1,2400.0,2161.5799426014432,91,91,37,86,238.42005739855676,3761.5799426014432,35.505051657572594,35.7385665807868,-1,-1,19.0,19.0,153,152,3.834014268868542,11.825319618018966,10.685991428769201,292.00309061815256,0,26,3,38,37,214,0.1597175521183591,0.09106780228272668,304.0,213.0
F2_15.15,N15,N22,800.0,1,2400.0,2398.437656332044,28,31,28,124,1.5623436679561564,3998.437656332044,33.55715272752319,34.51304148834175,0,-1,1.0,1.0,171,131,10.068684160872147,13.991956744549725,11.81732257328242,287.582362091458,0,17,7,25,15,183,0.1281943510423672,0.047284801613987903,233.0,147.0
F2_16.9,N15,N16,800.0,1,2400.0,2262.524349392913,93,93,40,86,137.47565060708712,3862.524349392913,35.42766419702622,35.73498160775614,-1,-1,11.0,11.0,156,160,3.2502340763057522,12.587919214676504,10.438209532457202,313.74458755300725,0,33,8,43,41,219,0.16812373907195696,0.09562037659717552,303.0,252.0
F2_8.12,N15,N16,800.0,1,2400.0,2393.8115486845654,87,87,30,88,6.188451315434577,3993.8115486845654,35.64026032726366,35.66400384390068,1,1,27.0,27.0,138,143,5.181878282108295,12.93268814881958,10.221292175760196,278.88425186834496,0,19,0,38,35,205,0.14080363147276395,0.07311498748557448,332.0,312.0
F2_8.14,N15,N16,800.0,1,2400.0,2176.175582858961,104,104,39,74,223.82441714103857,3776.175582858961,34.96960686519413,35.32232942147579,1,1,29.0,29.0,161,179,1.9291266027742238,13.557917075205523,12.212048953513824,324.32249947206486,0,38,0,39,39,217,0.16812373907195696,0.0970876444736225,340.0,225.0
F2_14.11,N15,N22,800.0,1,2400.0,1975.8922243103138,32,40,32,137,424.107775689686,3575.892224310314,33.27079150879825,34.21251987298367,1,-1,30.0,30.0,182,147,3.281992391055898,11.250221929901954,9.19016230448426,385.199158388778,0,40,1,29,19,209,0.13966719299970184,0.03992938802958978,198.0,177.0
F2_15.17,N15,N22,800.0,1,2400.0,2390.3896437480316,32,39,32,132,9.610356251968142,3990.3896437480316,33.312872560386786,34.17024913901526,1,-1,38.0,38.0,180,137,2.0076641632420005,28.13730011648272,12.167333522820948,389.40198875870783,0,44,1,63,0,203,0.18707637024388796,0.03677706792199059,227.0,177.0
F7_8.12,N15,N16,800.0,1,2400.0,2396.109114112758,121,121,50,69,3.890885887241666,3996.109114112758,32.84304133332104,33.75554224163982,1,-1,21.0,21.0,190,253,10.957904583507132,143.47188989161464,7.065533104714324,226.44834006631345,0,0,18,10,8,240,0.0672494956287828,0.12491622910937539,155.0,258.0
F7_19.17,N15,N16,800.0,1,2400.0,2390.523975883456,129,129,59,65,9.476024116544181,3990.523975883456,32.66380076859715,33.58030384113404,-1,1,40.0,40.0,204,276,9.46206401735534,20.183042497733368,10.20211540777394,235.76150238466752,0,0,29,17,15,253,0.09246805648957633,0.1313657952252858,158.0,244.0
F2_15.20,N15,N22,800.0,1,2400.0,2393.4496495565695,37,34,37,133,6.550350443430489,3993.4496495565695,32.79843162462253,33.9789910125191,-1,1,24.0,24.0,192,154,4.803972499192194,112.11390174408757,12.773507519262782,385.2379371458163,0,38,0,33,22,204,0.12840515031298436,0.03467552118359113,239.0,184.0
F2_13.13,N15,N22,800.0,1,2400.0,2396.9178208754442,39,37,39,132,3.0821791245557506,3996.9178208754442,32.91986241985111,33.92215260363993,-1,1,11.0,11.0,195,166,4.431981893988043,79.68977538161971,11.421760126410641,404.02570231501767,0,46,0,37,26,208,0.12399125756556827,0.03362474781439139,233.0,183.0
F7_19.20,N15,N16,800.0,1,2400.0,2388.857517608419,130,130,57,66,11.14248239158087,3988.857517608419,32.66380076859715,33.58030384113404,-1,1,38.0,38.0,205,280,10.879470061307707,14.747914561260131,11.309085730427267,237.30599804621224,0,1,25,11,10,253,0.05674176193678548,0.13036673362420909,145.0,330.0
F7_16.17,N15,N16,800.0,1,2400.0,2392.0490074926797,128,128,71,56,7.950992507320166,3992.0490074926797,31.97275133409522,32.735679204879084,-1,1,29.0,29.0,192,311,10.186614656668784,10.43470021940061,9.046166027192802,244.47934228894133,0,3,20,9,7,255,0.06514794889038333,0.1355497646267653,145.0,249.0
F2_15.22,N15,N22,800.0,1,2400.0,2052.854288417461,38,35,38,149,347.14571158253904,3652.854288417461,32.38070409234833,33.403953882496886,-1,1,14.0,14.0,192,182,1.0521419422692484,30.819084288202703,10.17316594608637,531.1334494375761,0,52,0,24,18,222,0.10928043039677203,0.03467552118359112,204.0,210.0
F2_15.24,N15,N22,800.0,1,2400.0,2388.410453843603,19,37,19,151,11.589546156396636,3988.410453843603,31.074121285536602,32.24219019589183,-1,1,39.0,39.0,184,202,10.037198322511355,245.43196043526427,9.656512331085562,698.8067676700136,0,24,3,2,1,207,0.018913920645595158,0.05830000144572114,138.0,140.0
F7_10.18,N15,N16,800.0,1,2400.0,2398.9989079488523,131,131,71,54,1.0010920511476797,3998.9989079488523,31.97275133409522,32.69254548599983,-1,1,25.0,25.0,196,312,8.47014220758593,8.751463804643436,7.993065455734083,238.953213919948,0,3,14,17,17,256,0.09246805648957633,0.13451896550666823,205.0,267.0
F7_12.18,N15,N16,800.0,1,2400.0,2393.7754689590074,129,129,82,52,6.2245310409927015,3993.7754689590074,31.77094349414843,32.524334349825736,1,-1,8.0,8.0,184,290,11.145928309172914,36.13246232625261,11.610529405658074,222.40220662024078,0,0,42,11,10,263,0.0609448554135844,0.1492098184263618,161.0,247.0
F7_8.14,N15,N16,800.0,1,2400.0,2391.7393440977885,130,130,75,57,8.260655902211397,3991.7393440977885,31.728220865264536,32.407483197386185,1,-1,29.0,29.0,188,297,9.680076232808826,27.734059954297436,10.767639166436085,235.73090768506577,0,0,20,14,13,262,0.09246805648957633,0.1365121746162796,192.0,253.0
F2_18.13,N15,N16,800.0,1,2400.0,2399.0376684678686,92,92,50,88,0.9623315321313157,3999.0376684678686,34.45181326956606,35.131203089749505,-1,-1,20.0,20.0,143,205,2.351432181115775,11.760615452203865,9.593450183759435,337.0992976588811,0,27,3,47,46,230,0.17604630241982422,0.10717888365837258,374.9999999999999,426.0
F7_12.15,N15,N16,800.0,1,2400.0,2398.4476165796946,130,130,71,55,1.552383420305432,3998.4476165796946,31.97275133409522,32.6809922023595,-1,1,27.0,27.0,194,311,8.582934750727327,9.663047532485734,7.937988733341614,240.95534614625453,0,3,17,17,17,256,0.09246805648957633,0.13457307179875735,201.0,341.0
F7_17.17,N15,N16,800.0,1,2400.0,2152.462980020954,139,139,83,57,247.53701997904568,3752.462980020954,31.08311316943554,31.940277249635887,-1,1,6.0,6.0,186,300,6.329570888120971,12.470007696342009,11.03832498950889,260.3037452508517,0,12,11,15,13,279,0.06304640215198387,0.13435422475854716,178.0,272.0
F7_18.18,N15,N16,800.0,1,2400.0,2391.904409196866,138,138,81,53,8.095590803134314,3991.904409196866,31.141103812135288,32.058051909287244,-1,1,16.0,16.0,187,307,7.300651109338027,118.60931122796364,9.983535234285705,258.5902509641832,0,10,26,17,15,272,0.06304640215198387,0.1418544048419637,198.0,273.0
F7_17.20,N15,N16,800.0,1,2400.0,2395.258661241909,134,134,86,60,4.741338758091047,3995.258661241909,31.136905238114974,31.987022181017476,1,-1,17.0,17.0,178,309,9.322457991759793,15.735662722660209,11.655377599454374,235.19999351121294,0,0,30,16,13,280,0.08197133750654671,0.1466504381868431,162.0,272.0
F2_15.25,N15,N22,800.0,1,2400.0,2387.574177570811,10,57,10,180,12.425822429188997,3987.574177570811,30.577660593341644,31.06598001371794,-1,1,34.0,34.0,151,218,8.256990912491514,168.9836173684123,2.8875150341319755,619.4975077870754,0,28,0,5,4,247,0.04203093476798924,0.02939199657673343,140.0,143.0
F7_6.17,N15,N16,800.0,1,2400.0,2390.927904512916,140,140,84,59,9.072095487084084,3990.927904512916,31.074121285536602,31.903043839300004,1,-1,37.0,37.0,185,291,5.947653292657008,186.13049550448886,12.46631875679221,272.085466008225,0,10,6,18,17,283,0.06938951235958216,0.1323974445191661,170.0,346.0
F7_17.19,N15,N16,800.0,1,2400.0,2397.907034529364,134,134,90,49,2.092965470636159,3997.907034529364,30.898228900330025,31.757469426071033,-1,1,30.0,30.0,176,322,6.149308418674738,46.42597204704043,10.101596778431684,265.4390481516204,0,12,45,14,14,273,0.08196032279757902,0.14972242847278924,202.0,283.0
F7_16.25,N15,N22,800.0,1,2400.0,2222.8533680782666,9,58,9,182,177.14663192173361,3822.8533680782666,30.573456657939193,31.04677633090944,-1,-1,12.0,12.0,161,218,7.699313996648512,11.783467482986907,10.263766721287988,247.14725423719688,0,8,10,15,4,249,0.10717888365837257,0.03467552118359112,199.0,209.99999999999977
F2_16.16,N15,N16,800.0,1,2400.0,2390.3433167075373,122,122,52,69,9.656683292462844,3990.3433167075373,32.90646047318445,33.75923523887731,-1,-1,16.0,16.0,193,255,2.1420972545993036,12.916295246103573,11.042113144565464,396.0313230234294,0,46,22,62,62,243,0.18493611297915266,0.12609280430396771,561.0,263.0000000000002
F7_8.16,N15,N16,800.0,1,2400.0,2392.1185580467213,124,124,110,58,7.8814419532786815,3992.1185580467213,30.816764978887264,31.442585176741375,1,-1,14.0,14.0,158,329,10.620126999832223,13.52602295294946,12.276156688729712,227.3206777148172,0,0,34,7,4,292,0.06304640215198387,0.15656523201075992,136.0,351.0
F7_6.20,N15,N16,800.0,1,2400.0,2395.090387358661,124,124,110,58,4.909612641339322,3995.090387358661,30.808028302764924,31.43166333744445,1,-1,16.0,16.0,158,326,8.745695463605411,312.99017147321047,11.436869132960753,228.66482502922418,0,0,33,7,4,292,0.0672494956287828,0.15451783032113514,152.0,353.0000000000002
F7_18.21,N15,N16,800.0,1,2400.0,2393.2732640698814,107,107,117,52,6.72673593011848,3993.2732640698814,30.66456338238733,31.019749153079644,1,-1,3.0,3.0,153,324,10.437205616320847,16.486324999822955,10.701381008656949,225.53249963054955,0,0,51,12,8,276,0.10717888365837257,0.15341291190316073,140.0,262.0000000000002
F7_19.25,N15,N16,800.0,1,2400.0,2396.1775261966236,125,125,115,54,3.8224738033765107,3996.1775261966236,30.590654986069584,31.134723767929607,-1,1,22.0,22.0,164,330,7.960278792697868,66.7515665497981,9.82980879304802,242.895124446698,0,5,43,15,10,294,0.10087424344317418,0.15026059179556153,201.0,273.0
F2_12.13,N15,N16,800.0,1,2400.0,2391.0017407346686,97,97,51,94,8.998259265331512,3991.0017407346686,34.358686277803635,35.166305355943294,-1,-1,13.0,13.0,151,206,3.8796961758027986,12.913764868973885,10.14879694441656,338.61572017199603,0,32,7,21,0,242,0.1281943510423672,0.10928043039677204,382.9999999999999,674.0000000000001
F2_15.27,N15,N22,800.0,1,2400.0,2393.8950456004186,22,56,22,168,6.104954399581175,3993.8950456004186,30.409517134699406,30.628298363531666,-1,1,40.0,40.0,167,236,9.268091150175259,551.5377844600787,8.342622822481237,610.3522900998358,0,22,3,4,4,246,0.02942165433759247,0.019964694014794893,166.0,159.0
F2_8.20,N15,N16,800.0,1,2400.0,2395.814673905085,125,125,56,67,4.185326094915126,3995.814673905085,32.800761823359544,33.58134087625717,-1,-1,4.0,4.0,200,262,2.738184716711194,12.003692811643987,9.521025667132426,392.69280614852727,0,53,29,68,66,248,0.19754539340954944,0.13029589778076664,556.0,313.0000000000002
F2_16.17,N15,N16,800.0,1,2400.0,2393.1676121220053,123,123,61,66,6.832387877994847,3993.1676121220053,32.33189304317889,33.12179159388148,-1,-1,24.0,24.0,191,293,1.394110505517423,13.68870763201312,10.92950473932661,499.1996701727842,0,43,17,69,69,250,0.1765299260255548,0.12541233580187508,579.0,258.0000000000002
F7_8.20,N15,N16,800.0,1,2400.0,2398.220562725617,109,109,118,51,1.7794372743828717,3998.220562725617,30.54317012299574,30.855830431800527,-1,1,36.0,36.0,160,326,8.764978028091027,36.78579535785684,11.613752359679834,238.79327875857524,0,5,55,12,7,278,0.08406186953597848,0.15238163551491693,205.0,265.0000000000002
F7_10.22,N15,N16,800.0,1,2400.0,2391.068616564964,107,107,118,52,8.931383435035741,3991.068616564964,30.69254937737712,31.064861671174608,1,-1,5.0,5.0,154,322,10.44103666370205,91.08805285776475,9.90430463588141,225.76437220874843,0,0,47,12,8,277,0.10928043039677203,0.15341291190316073,149.0,345.0000000000002
F7_10.23,N15,N16,800.0,1,2400.0,2391.680816500536,107,107,118,51,8.319183499463861,3991.680816500536,30.54317012299574,30.871918408964095,-1,1,38.0,38.0,157,325,8.646325020221898,11.779400722863102,10.359063301893112,238.26466654739932,0,4,57,15,8,276,0.09877269670477472,0.1532356661753645,214.0,281.0
F2_15.28,N15,N22,800.0,1,2400.0,2395.55456968427,28,58,28,168,4.445430315730164,3995.55456968427,30.49466550940666,30.629036287019375,-1,1,8.0,8.0,167,249,2.5559142603697946,386.1015875376622,12.77932186116003,745.7039323060651,0,37,0,5,5,254,0.02942165433759247,0.014929208198528651,204.0,197.0
F2_10.18,N15,N16,800.0,1,2400.0,2396.7729966297384,102,102,53,90,3.2270033702615137,3996.7729966297384,34.22244437046316,35.11585273805057,-1,-1,3.0,3.0,157,220,2.5165239034738276,12.999235197356484,11.157865364548622,330.8671950246306,0,39,13,55,52,245,0.1933422999327505,0.11453429724277067,385.9999999999999,812.0000000000001
F7_12.25,N15,N16,800.0,1,2400.0,2391.659062782314,116,116,120,53,8.340937217686019,3991.659062782314,30.504659640508176,30.362203712238887,1,-1,0.0,0.0,171,330,7.806136296271563,263.8720015272577,11.33035206956446,241.61831848416332,0,0,55,15,9,289,0.06857076125391565,0.14710827168796234,161.0,316.0
F7_8.22,N15,N16,800.0,1,2400.0,2394.9605396446323,113,113,117,53,5.039460355367851,3994.9605396446323,30.2736503916535,30.203353570736812,-1,1,32.0,32.0,173,343,7.535744629576318,10.443578872397893,9.174367897034056,260.8986514320234,0,6,52,18,9,283,0.07985877605917956,0.13905120491817974,207.0,280.0000000000002
F7_4.31,N15,N16,800.0,1,2400.0,2395.320128242626,109,109,120,55,4.679871757373576,3995.320128242626,30.36577173830303,29.928992582276425,1,-1,11.0,11.0,169,344,9.529745363814754,45.023144415426714,11.191472948103518,244.814748567333,0,0,40,16,7,284,0.09667114996637526,0.1481590450571621,157.0,267.0
F7_8.21,N15,N16,800.0,1,2400.0,2397.1314353093826,118,118,115,54,2.868564690617518,3997.1314353093826,30.223550538561785,30.049062741139963,-1,1,20.0,20.0,178,346,6.834151224027349,48.36584886759874,9.29006125196128,272.06454482657193,0,13,46,24,15,287,0.09246805648957633,0.13239744451916613,209.0,271.9999999999998
F7_4.33,N15,N16,800.0,1,2400.0,2389.777951129324,83,83,128,43,10.222048870676417,3989.777951129324,29.903016972696967,29.298101708203507,1,-1,3.0,3.0,160,362,10.14723100532392,13.961156138786919,12.022755864155883,226.44485553663367,0,0,52,8,2,254,0.05674176193678548,0.14290517821116344,146.0,244.0
F7_16.30,N15,N22,800.0,1,2400.0,2393.5911488197016,36,63,36,180,6.408851180298143,3993.5911488197016,30.243469613845274,29.99212026263257,0,0,0.0,0.0,168,250,8.900974372495751,137.84713635124217,12.405091762258927,241.1391087495423,0,0,0,12,0,279,0.05674176193678548,0.026269334229993276,171.0,286.0
F7_5.26,N15,N16,800.0,1,2400.0,2392.7955773543254,85,85,134,47,7.20442264567464,3992.7955773543254,29.95815006707516,29.47994348761884,1,-1,23.0,23.0,155,364,9.320444860058425,49.72106852519664,11.063780254038496,250.77321827818977,0,0,24,17,11,266,0.09013011004889813,0.13610280152642712,164.0,259.0
F9_5.14,N15,N16,800.0,1,2400.0,2398.062324512801,82,82,135,43,1.9376754871990443,3998.062324512801,29.758796093952785,28.98605684980199,1,1,25.0,25.0,159,375,9.292214584927667,148.61056007186767,8.92255557975173,245.15441728030072,0,0,41,8,2,260,0.05197735295007172,0.13134667114996637,153.0,232.0
F15_8.25,N15,N16,800.0,1,2400.0,2394.5269534130593,81,81,133,41,5.473046586940882,3994.5269534130593,29.71738924254804,28.90599541847621,1,1,15.0,15.0,162,378,9.273800251247982,13.833363790940211,11.036981565466531,246.92316702772843,0,0,27,10,3,255,0.05253866845998655,0.12819435104236718,145.00000000000023,242.0
F3_15.18,N15,N22,800.0,1,2400.0,2397.406287161569,31,58,31,168,2.5937128384313155,3997.406287161569,30.500073293513104,30.610318903260215,1,1,6.0,6.0,169,249,8.688534519559965,10.122612133604434,8.441966238558583,274.9845382277704,0,0,0,3,3,257,0.014710827168796235,0.015761600537995964,410.0,175.0
F3_15.16,N15,N22,800.0,1,2400.0,2396.1195122399695,28,58,28,168,3.8804877600307464,3996.1195122399695,30.49466550940666,30.629036287019375,1,1,8.0,8.0,167,249,9.189540877959939,80.69223932264663,10.068379108845525,269.77053263659576,0,0,0,2,2,254,0.014958027715426285,0.014929208198528651,369.0,206.0
F15_8.24,N15,N16,800.0,1,2400.0,2398.911278582235,77,77,137,39,1.0887214177651003,3998.911278582235,29.70172015634788,28.636532775678948,-1,-1,32.0,32.0,153,377,7.576538931246314,77.23781659968722,9.79788925240011,270.1635907266988,0,3,11,9,5,253,0.0609448554135844,0.12294048419636852,206.00000000000023,223.0
F9_8.38,N15,N16,800.0,1,2400.0,2399.3777403883987,75,75,144,40,0.62225961160118,3999.3777403883987,29.527774567403753,28.28826540564983,1,1,36.0,36.0,146,389,7.631745079862108,12.987179142494824,10.610081692835436,263.067554590068,0,0,53,9,7,259,0.07145258910558171,0.13449899125756556,167.00000000000023,223.0
F9_8.37,N15,N16,800.0,1,2400.0,2394.4668690420917,63,63,123,39,5.533130957908384,3994.4668690420917,29.465149270337818,27.699418899981474,1,1,23.0,23.0,149,400,9.9306663171739,146.7781669464389,11.050570459095555,243.6621595322203,0,0,35,11,3,225,0.0777572293207801,0.11851594738388946,149.0,157.0
F3_15.17,N15,N22,800.0,1,2400.0,2397.1763160871496,37,63,37,181,2.8236839128502425,3997.1763160871496,30.213288561771897,29.938493827285896,-1,-1,35.0,35.0,168,252,2.0525804328111414,463.9910288147446,9.648191408281386,359.89380934509825,0,4,0,10,10,281,0.027320107599193007,0.02928098305672368,372.0,191.0
F11_4.24,N15,N16,800.0,1,2400.0,2390.7057251826564,71,71,119,39,9.294274817343648,3990.7057251826564,29.32045487556064,27.475303883427316,1,1,4.0,4.0,162,406,10.026007388855712,44.81144568461127,10.106524601854854,242.19913951595436,0,0,9,13,7,229,0.06935104236718224,0.10501687273273047,149.0,197.0
F2_15.33,N15,N22,800.0,1,2400.0,2388.0931363564155,62,87,62,151,11.906863643584643,3988.0931363564155,29.25025426469556,28.801895652840358,-1,1,39.0,39.0,160,328,11.176467685347035,29.564854163318387,12.230939498575419,360.9205191290189,0,3,5,7,7,300,0.035726294552790853,0.060910844158961655,150.0,203.0
F7_17.29,N15,N22,800.0,1,2400.0,2395.954279013177,44,71,44,165,4.045720986823312,3995.954279013177,29.879447806375534,29.556565183428173,1,1,1.0,1.0,160,291,10.82244198614491,11.961729796771806,9.791989885594688,222.3626684633651,0,0,0,17,3,280,0.0882649630127774,0.04098016139878951,152.0,480.0
F2_15.36,N15,N22,800.0,1,2400.0,2389.2127789761234,58,95,58,157,10.787221023876555,3989.2127789761234,29.13034174548357,28.758441923334193,-1,1,5.0,5.0,162,339,6.957092102497958,52.59077795001713,12.76398729859051,570.9653604003297,0,30,2,11,11,310,0.037827841291190316,0.06937017407064774,196.0,201.0
F2_15.34,N15,N22,800.0,1,2400.0,2390.032418093025,59,94,59,156,9.967581906974715,3990.032418093025,29.184307213743807,28.841280092528972,-1,1,17.0,17.0,164,333,7.171802466405552,13.206211602768235,12.88695947426238,475.96257665744474,0,19,2,9,9,309,0.03992938802958978,0.06304640215198387,210.0,201.0
F2_12.15,N15,N16,800.0,1,2400.0,2392.7455418761565,116,116,53,69,7.254458123843733,3992.7455418761565,33.58112946222918,34.38141977648394,-1,-1,27.0,27.0,175,230,3.470905308280731,12.123557500029392,11.313902424455941,314.9104481728013,0,22,10,62,59,238,0.1933422999327505,0.11033120376597175,491.0,1038.9999999999998
F2_12.16,N15,N16,800.0,1,2400.0,2391.9967262882396,122,122,50,68,8.003273711760244,3991.9967262882396,32.85826587761331,33.75923523887731,-1,-1,20.0,20.0,191,252,2.1554174561040296,50.45530271805933,10.720066716641337,391.56396900543524,0,39,18,62,60,240,0.1828345662407532,0.12504203093476798,563.0,887.0000000000002
F2_10.20,N15,N16,800.0,1,2400.0,2391.3793510631654,124,124,43,69,8.620648936834527,3991.3793510631654,32.833328176687736,33.68234218745031,-1,-1,36.0,36.0,194,246,2.294491525964058,61.064836118223866,12.067330387171356,362.68398388802575,0,28,5,61,57,236,0.1765299260255548,0.11033120376597175,510.0,1026.0
F3_15.19,N15,N22,800.0,1,2400.0,2393.2813738341715,57,90,57,155,6.718626165828482,3993.2813738341715,29.58482493628619,29.1306456530264,1,1,4.0,4.0,155,323,4.891629611687689,246.1632509769329,9.719964524642803,332.8009350435623,0,1,0,14,14,302,0.04206922101558357,0.06295275749443772,429.0,166.0
F2_10.21,N15,N16,800.0,1,2400.0,2390.3203478347723,124,124,51,68,9.679652165227822,3990.3203478347723,32.91986241985111,33.73303599800248,-1,-1,11.0,11.0,195,261,2.224010526555834,23.04211963375451,10.795030867133907,404.02570231501767,0,46,26,64,64,243,0.19754539340954944,0.12819435104236718,561.0,960.0
F7_4.44,N15,N16,800.0,1,2400.0,2389.5186111743174,36,36,118,24,10.481388825682757,3989.5186111743174,28.204929601997396,26.044072162312986,1,-1,19.0,19.0,153,454,9.80142216905897,13.092606206154642,10.822027683989324,224.0875433530427,0,0,10,15,6,178,0.0882649630127774,0.0813103127777694,154.0,156.0
F7_4.45,N15,N16,800.0,1,2400.0,2390.993570122036,37,37,121,23,9.006429877964024,3990.993570122036,28.10907346965521,25.914654241709638,-1,1,40.0,40.0,159,441,10.847179301498896,31.133555356558418,12.168574094085754,232.63549952627062,0,2,12,11,5,181,0.04203093476798924,0.0840618695359785,142.0,161.0
F7_6.37,N15,N16,800.0,1,2400.0,2390.865096529974,38,38,120,23,9.13490347002596,3990.865096529974,28.16919457363048,25.98698623134576,0,-1,2.0,2.0,160,444,9.692482530687737,63.03862733771712,11.216829209202267,222.47681030821616,0,0,16,10,5,181,0.07145258910558171,0.08616341627437794,148.0,165.0
F7_8.41,N15,N16,800.0,1,2400.0,2387.3854441700264,35,35,113,23,12.614555829973483,3987.3854441700264,28.1478250194597,25.720334979415448,-1,1,4.0,4.0,157,442,7.965554272993762,49.3955261284259,14.804415389712386,252.7687268352498,0,8,0,23,10,171,0.10717888365837257,0.06409717552118359,167.0,186.0
F11_5.19,N15,N16,800.0,1,2400.0,2391.8852711135532,35,35,111,23,8.114728886446755,3991.8852711135532,28.15503069947711,25.723222637988187,1,1,1.0,1.0,157,445,9.501121752675067,68.07248478197471,10.671533509936019,242.30771842999104,0,0,0,9,0,169,0.054640215198386015,0.06514794889038332,147.0,195.0
F2_6.40,N15,N16,800.0,1,2400.0,2394.8862929803977,38,38,120,23,5.113707019602316,3994.8862929803977,28.13802491295184,25.96968753004706,-1,-1,1.0,1.0,161,443,5.543578098898274,133.76968182214705,10.98311289542228,293.94375657771815,0,17,16,16,7,181,0.05253866845998655,0.08616341627437794,204.0,181.0
F7_5.32,N15,N16,800.0,1,2400.0,2395.38008863354,30,30,102,23,4.619911366460087,3995.38008863354,28.182899310522775,25.761568208046448,1,-1,19.0,19.0,161,442,10.821663430736624,25.001538911174066,10.790946430526645,228.47120199857173,0,0,9,15,5,155,0.09246805648957633,0.07565568258238065,164.0,163.0
F7_4.47,N15,N16,800.0,1,2400.0,2336.7830170075295,30,30,87,20,63.21698299247055,3936.7830170075295,28.257224420640284,25.42408186886743,1,-1,0.0,0.0,178,425,9.103454304009064,11.088732767459533,9.730058782761471,246.22078217750152,0,0,12,12,5,137,0.06304640215198387,0.054640215198386015,150.0,155.0
F3_15.20,N15,N22,800.0,1,2400.0,2393.6973223715954,63,68,63,143,6.302677628404581,3993.6973223715954,28.10603169873988,26.9373493214628,-1,-1,26.0,26.0,155,397,0.9950291989676135,140.23994972277978,7.141784301998781,406.9789244197373,0,12,23,15,15,274,0.054640215198386015,0.11076890322588806,354.0,196.0
F7_6.38,N15,N16,800.0,1,2400.0,2394.165140585736,30,30,94,23,5.834859414263974,3994.165140585736,28.119250530040947,25.721772615425856,-1,1,34.0,34.0,164,440,8.697487931792088,96.32974872516456,10.923711441015012,249.78181387437064,0,2,4,12,4,147,0.07795813212451988,0.07355413584398117,217.0,191.0
F3_15.21,N15,N22,800.0,1,2400.0,2398.509741213595,69,50,69,137,1.4902587864049792,3998.509741213595,28.171097366203146,26.15287390553182,1,1,35.0,35.0,152,452,2.220375901943536,224.80225230874544,10.46429523761633,366.96109522895216,0,10,44,17,15,256,0.06728790223028407,0.13663493189381684,276.0,177.0
F7_4.48,N15,N16,800.0,1,2400.0,2395.031649966521,30,30,87,20,4.968350033479169,3995.031649966521,28.23700334197263,25.4161635756884,1,-1,4.0,4.0,175,424,9.47257336076732,12.681988041573277,10.120592071965548,242.77777481779782,0,0,12,9,4,137,0.046234028244788165,0.054640215198386015,160.0,213.0
F7_5.33,N15,N16,800.0,1,2400.0,2397.750280793536,27,27,84,18,2.249719206463851,3997.750280793536,28.321920774279366,24.966543985675358,1,-1,24.0,24.0,154,384,9.242847640738033,226.13235433128807,8.590826985657648,243.34015064472112,0,0,0,16,6,129,0.06514794889038333,0.03362474781439139,145.0,182.0
F7_19.45,N15,N16,800.0,1,2400.0,2256.7450356692384,41,41,91,16,143.2549643307617,3856.7450356692384,28.410952275815475,24.58659480966746,-1,1,18.0,18.0,162,334,9.46992050375539,37.43913623667618,12.004753453655296,247.61283028459843,0,4,0,7,1,148,0.035726294552790853,0.02732010759919301,121.0,168.0
F2_5.43,N15,N16,800.0,1,2400.0,2393.0627901292482,26,26,88,20,6.937209870751872,3993.0627901292482,28.20247095195223,25.33478234835498,-1,-1,13.0,13.0,158,434,7.162258755074585,12.621717014207888,10.114214461553367,233.7470307375134,0,6,11,10,7,134,0.05674176193678548,0.054640215198386015,284.0,138.0
F2_16.28,N15,N22,800.0,1,2400.0,2393.440376028452,43,75,43,162,6.559623971547921,3993.440376028452,29.683181257284257,29.36220503344032,-1,1,37.0,37.0,159,300,13.773539712350777,137.5891624967246,13.773539712350777,455.6454358614904,0,5,0,1,1,280,0.025900666956586056,0.04257511737463036,156.99999999999977,947.0
F7_12.48,N15,N16,800.0,1,2400.0,2399.6119641378036,36,36,83,16,0.38803586219660247,3999.6119641378036,28.41661688309005,24.277738253033274,1,-1,19.0,19.0,180,309,10.846540816106549,458.83246791842294,8.24295014507629,222.91445073871276,0,0,3,3,1,135,0.028718802152573098,0.03467552118359112,159.0,175.0
F3_15.23,N15,N22,800.0,1,2400.0,2396.5911061951156,79,56,79,136,3.4088938048843147,3996.5911061951156,28.12333632469936,26.09078785196996,1,1,0.0,0.0,169,479,4.738107020670756,25.18231791628932,8.988315380630018,318.28171363658345,0,3,39,17,16,271,0.06304640215198387,0.1345181223620678,340.0,219.0
F7_6.40,N15,N16,800.0,1,2400.0,2394.7694036466373,41,41,90,16,5.230596353362785,3994.7694036466373,28.391656576941596,24.70684214363495,-1,1,26.0,26.0,167,342,10.88337441356268,11.150393455792937,11.292315961193927,243.3451798041663,0,3,0,9,2,147,0.0336247478143914,0.03152320107599193,209.0,185.0
F7_10.48,N15,N16,800.0,1,2400.0,2399.492105139907,44,44,75,16,0.5078948600929607,3999.492105139907,28.688933785653724,23.713335106149987,1,-1,11.0,11.0,182,306,10.924719613762718,19.10701944353127,12.776478518605321,223.0593724564535,0,0,0,7,7,135,0.0777572293207801,0.03992938802958978,134.0,176.0
F7_12.53,N15,N16,800.0,1,2400.0,2398.3061992638004,51,51,74,16,1.6938007361995915,3998.3061992638004,28.773111271159202,23.65508838762617,0,-1,0.0,0.0,184,303,10.622094790608466,9.722827315912355,8.64794896959655,226.94067863160268,0,0,2,2,1,141,0.046234028244788165,0.04203093476798925,146.0,165.0
F7_18.42,N15,N16,800.0,1,2400.0,2390.386105679271,55,55,74,16,9.61389432072906,3990.386105679271,28.75023326434289,23.68422191341109,-1,1,37.0,37.0,188,301,10.86605465401539,12.815601716655465,10.235371086844385,225.19134706685557,0,0,0,10,10,145,0.07355413584398117,0.038878614660390054,153.0,150.0
F3_15.22,N15,N22,800.0,1,2400.0,2395.565064825946,78,52,78,124,4.434935174053862,3995.565064825946,28.23700334197263,25.631308212901892,1,1,9.0,9.0,166,490,3.7930589796253407,33.589138698682746,8.671764839384744,364.5802603545365,0,6,40,21,21,254,0.06108355313027796,0.15973667644077033,384.0,202.0
F7_19.46,N15,N16,800.0,1,2400.0,2390.6829343002987,54,54,74,16,9.317065699701402,3990.6829343002987,28.766351720597406,23.68422191341109,-1,1,39.0,39.0,187,301,10.549762779341336,14.131043774134696,9.53019006546457,227.76289897224206,0,0,0,9,9,144,0.07355413584398117,0.039929388029589785,161.0,218.0
F7_6.45,N15,N16,800.0,1,2400.0,2397.9677616091367,76,76,67,16,2.032238390863313,3997.9677616091367,28.870271739732587,23.584073699880516,1,-1,10.0,10.0,207,321,10.022647319479544,13.501017388814262,10.713880228491142,226.69575142296213,0,0,3,7,6,159,0.06514794889038333,0.04308170813718897,154.0,172.0
F7_12.52,N15,N16,800.0,1,2400.0,2394.4269614190075,60,60,75,16,5.573038580992488,3994.4269614190075,28.75320851701063,23.727598276023276,-1,1,24.0,24.0,190,309,10.238069730998863,49.52925313504488,9.917309318582818,228.30288654187413,0,0,0,13,13,151,0.08196032279757902,0.03616659897636244,206.0,180.0
F3_15.26,N15,N22,800.0,1,2400.0,2399.966652811405,84,54,84,122,0.033347188595030275,3999.966652811405,28.23959326038612,25.614011557672008,0,0,1.0,1.0,179,499,6.262926027027723,32.0857535567643,8.003379504773356,320.0472786198314,0,0,46,21,21,260,0.05674176193678548,0.164990543286769,464.0,192.0
F3_15.25,N15,N22,800.0,1,2400.0,2394.5717713528657,83,53,83,122,5.4282286471344605,3994.5717713528657,28.256648624023853,25.60994097090391,-1,-1,40.0,40.0,179,504,5.93713305001937,8.401559337322851,7.13374314281644,338.09572564618054,0,1,45,22,22,258,0.054640215198386015,0.16602219233355753,510.0,166.0
F7_5.38,N15,N16,800.0,1,2400.0,2395.734080301786,77,77,66,16,4.265919698214134,3995.734080301786,28.864099507716347,23.570716651283348,1,-1,8.0,8.0,208,321,10.908973831159335,25.952898980111286,10.530288476039761,230.28327239228793,0,0,3,14,14,159,0.1050773369199731,0.04413248150638871,156.0,178.0
F7_8.50,N15,N16,800.0,1,2400.0,2392.513642320758,67,67,73,16,7.486357679241678,3992.513642320758,28.808158219437765,23.75047421894383,1,-1,24.0,24.0,198,320,10.662873946110103,29.598661913997148,13.705925016742572,227.19626529683646,0,0,3,13,13,156,0.09667114996637526,0.04203093476798924,176.0,175.0
F3_15.24,N15,N22,800.0,1,2400.0,2396.375265733757,87,54,87,121,3.6247342662431947,3996.375265733757,28.24191732320651,25.603207605046816,-1,-1,38.0,38.0,183,502,5.955577921069721,8.1930769289213,7.252595545845842,335.7550059208631,0,3,45,23,23,262,0.054640215198386015,0.16610819940791832,520.0,158.0
