veh_id,cur_rsu,next_rsu,r_cov,dirct,d_rsu,d_e_n,n_t_0,n_t_1,n_t_2,n_t_3,d_l_c,d_l_n,v_c_a,v_n_a,tls_c,tls_n,tlt_c,tlt_n,n_cur,n_nxt,v_ahead_avg,dist_leader,v_leader,est_travel_time,route_lane_changes,q_len_cur,q_len_nxt,n_ahead_cur,n_ahead_nxt,n_merge_nxt,occ_cur,occ_nxt,dwell_cur,dwell_nxt
F8_9.0,N17,N16,800.0,1,2400.0,1830.0791943316294,9,3,58,9,569.9208056683707,3430.0791943316294,0.0,0.0,1,-1,8.0,8.0,9,9,13.336366424128366,200.0,13.336366424128366,204.37996129419912,0,0,0,0,0,70,0.027320107599193007,0.0,127.0,146.0
F8_9.1,N17,N16,800.0,1,2400.0,1808.6616148149164,10,3,65,10,591.3383851850833,3408.6616148149164,0.0,0.0,-1,1,30.0,30.0,11,10,6.10153326593331,76.44523459729908,12.20306653186662,225.1472744154216,0,1,0,2,2,78,0.037827841291190316,0.0,112.0,139.0
F8_1.1,N17,N16,800.0,-1,2400.0,1252.0500180600711,15,10,84,15,452.0457156298875,2852.050018060071,0.0,0.0,-2,-1,4.0,4.0,20,16,11.222284625215307,200.0,11.222284625215307,224.27594772077848,0,0,0,0,0,109,0.004203093476798925,0.010507733691997312,43.0,137.0
F8_0.1,N17,N16,800.0,1,2400.0,1814.6490483554376,10,3,69,10,585.3509516445627,3414.6490483554376,0.0,0.0,-1,1,9.0,9.0,12,10,7.592594395804679,75.41310727995688,11.450261171972423,240.13679431996638,0,3,0,6,6,82,0.05566117588095734,0.0,95.0,141.0
F8_2.1,N17,N16,800.0,1,2400.0,2121.057555714114,10,3,60,10,278.9424442858859,3721.057555714114,0.0,0.0,0,-1,1.0,1.0,10,10,11.849918277060398,77.76875517943154,11.849918277060398,209.1439866271572,0,0,0,1,1,73,0.014710827168796235,0.0,126.0,144.99999999999994
F8_1.0,N17,N16,800.0,1,2400.0,1955.254187342864,10,3,64,10,444.7458126571358,3555.254187342864,0.0,0.0,-1,1,35.0,35.0,10,10,8.99538203895441,80.0391895477178,11.865786503691748,223.14821803499999,0,0,0,3,3,77,0.0336247478143914,0.0,124.0,143.0
F4_17.2,N17,N24,800.0,1,2400.0,2162.620458092721,2,0,2,39,237.37954190727885,3762.620458092721,0.0,0.0,1,-1,8.0,8.0,12,11,8.842086056359209,200.0,8.842086056359209,275.22209768466206,0,0,0,0,0,41,0.0168123739071957,0.0,130.0,155.0
F8_2.0,N17,N16,800.0,-1,2400.0,1569.3644850525475,13,7,81,13,768.9859273286468,3169.3644850525475,0.0,0.0,-2,-1,19.0,19.0,18,12,10.553551470553739,32.903512471782975,10.819968172264623,230.4998849563945,0,0,0,5,5,101,0.012609280430396773,0.010507733691997312,83.0,196.0
F8_0.3,N17,N16,800.0,-1,2400.0,842.5529760880315,28,10,116,28,42.53075390970673,2442.5529760880318,37.32584466879883,39.6166162757872,-2,1,5.0,5.0,42,42,10.937790115523173,126.72091032344326,10.884959378904401,225.24456815212375,0,0,0,9,3,154,0.027320107599193007,0.01786314727639543,5.0,147.0
F4_17.6,N17,N24,800.0,-1,2400.0,804.7087081726725,7,2,7,95,4.6870442877198,2404.7087081726722,36.49965395915208,36.12777227894699,-2,-1,32.0,32.0,49,28,10.44157772109514,131.09765912639466,10.206739944942736,222.3230244821254,0,0,0,4,2,104,0.014710827168796235,0.0073554135843981175,1.0,137.0
F4_17.5,N17,N24,800.0,1,2400.0,2396.5726762905697,6,0,6,46,3.427323709430084,3996.5726762905697,36.120598155535745,42.735913899698744,1,-1,5.0,5.0,22,15,8.360222332711475,12.724981049251028,9.164285408630743,270.3933421502362,0,0,0,3,3,52,0.014710827168796235,0.0021015467383994624,156.0,139.0
F4_17.0,N17,N24,800.0,1,2400.0,2280.873586973046,4,0,4,42,119.1264130269542,3880.873586973046,0.0,0.0,-1,1,33.0,33.0,14,11,8.847865513753723,231.43968397981098,8.863372463657647,275.9714776208305,0,0,0,2,2,46,0.018913920645595158,0.0,210.00000000000006,161.0
F4_17.3,N17,N24,800.0,-1,2400.0,1255.3318937966555,7,2,7,75,455.32755733524806,2855.3318937966555,37.32584466879883,37.114230271897185,-2,-1,3.0,3.0,43,22,9.250211041002975,200.0,9.250211041002975,222.14202970408496,0,0,0,0,0,84,0.0021015467383994624,0.006304640215198386,48.0,164.0
F8_9.2,N17,N16,800.0,-1,2400.0,1047.8539470513247,29,9,119,29,247.8268493667763,2647.8539470513247,37.50311376748149,39.6166162757872,-2,1,0.0,0.0,43,43,10.907603663798211,189.0390581037219,10.637605331342817,224.06926609244513,0,0,0,11,5,157,0.027320107599193007,0.01786314727639543,28.0,187.0
F8_7.2,N17,N16,800.0,1,2400.0,2397.885322442864,11,10,97,11,2.1146775571360195,3997.885322442864,37.155371055071925,39.76959800456666,1,-1,27.0,27.0,20,16,10.360221638024298,23.83367624073162,12.628174349772618,217.48839069591395,0,0,0,7,5,118,0.08406186953597848,0.014326390558971199,162.00000000000006,147.0
F4_17.7,N17,N24,800.0,1,2400.0,2393.965975956242,7,0,7,73,6.034024043758222,3993.965975956242,36.955713560221106,37.00708279455529,1,-1,15.0,15.0,42,22,8.63153520704565,56.073829039557495,8.987174739658862,264.5892153212922,0,0,0,4,4,80,0.018913920645595158,0.004203093476798925,165.0,146.0
F8_9.5,N17,N16,800.0,1,2400.0,2396.405274612962,13,14,100,13,3.594725387038352,3996.405274612962,36.95170188430171,39.76959800456666,1,-1,8.0,8.0,22,21,10.28186085218818,45.27613939482899,10.538383591573387,218.17998017714035,0,0,0,6,5,127,0.07985877605917956,0.0168123739071957,164.0,194.0
F8_9.4,N17,N16,800.0,1,2400.0,2393.988447705055,12,13,99,12,6.011552294944977,3993.988447705055,36.95170188430171,39.76959800456666,1,-1,13.0,13.0,21,19,9.97858987271562,141.76525447378617,10.333733897380196,215.0868618063407,0,0,0,5,4,124,0.07355413584398117,0.0168123739071957,166.99999999999994,197.0
F8_1.4,N17,N16,800.0,1,2400.0,2395.4256439671717,17,15,103,17,4.574356032828518,3995.4256439671717,36.95170188430171,39.76959800456666,1,-1,2.0,2.0,26,24,10.960129079408606,13.2741264180479,11.39248625706032,216.47961258682471,0,0,0,8,8,135,0.0777572293207801,0.01786314727639543,162.99999999999994,194.0
F8_11.2,N17,N16,800.0,1,2400.0,2391.9590199730983,15,14,101,15,8.04098002690148,3991.9590199730983,36.95170188430171,39.76959800456666,1,-1,5.0,5.0,24,23,9.604562792215168,200.0,9.604562792215168,217.8960356565439,0,0,0,0,0,130,0.031523201075991936,0.0168123739071957,164.0,195.0
F6_7.0,N17,N16,800.0,-1,2400.0,1426.162698514037,34,14,135,34,626.091269420865,3026.162698514037,36.51659087770907,39.09080739590556,-2,1,31.0,31.0,48,58,10.022628468445124,16.58048630213088,9.380998434392717,235.22451669027254,0,0,0,19,14,183,0.04203093476798924,0.03152320107599193,66.0,191.0
F6_7.2,N17,N16,800.0,1,2400.0,2271.603672967627,26,11,107,26,128.39632703237282,3871.603672967627,37.32584466879883,39.576639897199634,-1,1,13.0,13.0,40,40,9.792119767749787,38.51594362892024,10.612216380672148,222.63910724317793,0,1,0,14,11,144,0.0882649630127774,0.017863147276395427,136.0,190.0
F8_9.6,N17,N16,800.0,1,2400.0,1728.828375645157,31,11,129,31,671.171624354843,3328.828375645157,37.84038832414014,39.45578777994867,1,-1,23.0,23.0,45,44,10.36626514526915,11.782470651730819,10.544006202683923,218.72977547981478,0,0,0,5,4,171,0.0882649630127774,0.022479698111161107,97.0,188.0
F8_0.5,N17,N16,800.0,1,2400.0,1751.0100757501764,31,11,129,31,648.9899242498235,3351.0100757501764,37.84038832414014,39.45578777994867,1,-1,22.0,22.0,46,44,10.138899855218883,15.34652165531179,9.853100052745916,216.7836747889757,0,0,0,3,3,171,0.054640215198386015,0.023117014122394083,94.0,191.0
F8_0.4,N17,N16,800.0,1,2400.0,2396.4019089446165,14,14,101,14,3.5980910553832928,3996.4019089446165,36.95170188430171,39.76959800456666,1,-1,6.0,6.0,23,22,10.730139643071652,12.600457113361017,10.523767440540963,218.42380958471952,0,0,0,7,6,129,0.08196032279757902,0.0168123739071957,164.0,196.0
F8_2.5,N17,N16,800.0,1,2400.0,1985.928071842674,28,11,112,28,414.071928157326,3585.928071842674,37.32584466879883,39.6166162757872,-1,1,9.0,9.0,42,42,7.688603556915808,10.962547395816046,9.669732003643594,226.5083947326828,0,2,0,6,6,151,0.09036650975117687,0.01786314727639543,124.0,195.0
F8_11.3,N17,N16,800.0,1,2400.0,1854.9595071622757,32,12,133,32,545.0404928377244,3454.9595071622757,36.93251809642637,39.40884250588142,1,-1,3.0,3.0,46,49,11.19420341674678,185.7630892526172,11.708707197240228,215.89958065350865,0,0,1,3,3,177,0.0441324815063887,0.03362474781439139,127.0,167.0
F8_7.4,N17,N16,800.0,1,2400.0,2389.66674165889,32,11,129,32,10.333258341110309,3989.66674165889,37.8431057500384,39.40884250588142,1,-1,19.0,19.0,46,43,10.605915723320555,29.01446236096581,11.647520310094556,220.22412541810218,0,0,0,18,12,172,0.08607680837463916,0.023117014122394083,157.0,151.0
F8_9.3,N17,N16,800.0,1,2400.0,2395.3278259389995,18,15,103,18,4.672174061000646,3995.3278259389995,36.835356356906196,39.76959800456666,1,-1,1.0,1.0,26,24,9.642713992936208,36.60906939335041,9.642713992936208,217.59546383389304,0,0,0,1,1,136,0.0336247478143914,0.01786314727639543,173.0,196.0
F6_9.0,N17,N16,800.0,1,2400.0,2048.3214136878737,31,11,130,31,351.67858631212636,3648.3214136878737,37.654498473425924,39.40884250588142,1,-1,16.0,16.0,45,45,10.019423070683198,11.284230888908269,8.935446914202787,222.44122437747956,0,0,0,12,7,172,0.08406186953597848,0.02578665689821212,154.0,155.0
F8_0.0,N17,N16,800.0,1,2400.0,1764.6660806092432,12,13,100,12,635.333919390757,3364.666080609243,36.95170188430171,39.76959800456666,1,-1,12.0,12.0,21,19,9.205876486439845,77.25644420365325,9.121232604338662,214.96845553596717,0,0,0,2,1,125,0.07355413584398117,0.0168123739071957,163.00000000000006,213.0
F6_7.1,N17,N16,800.0,1,2400.0,1894.3083328234184,31,11,129,31,505.6916671765817,3494.3083328234184,37.84038832414014,39.45578777994867,1,-1,23.0,23.0,45,44,9.799986953881108,45.23977247476887,8.973148565618782,218.72977547981478,0,0,0,12,7,171,0.0882649630127774,0.022479698111161107,148.0,177.0
F6_11.2,N17,N16,800.0,1,2400.0,2393.2234496840315,28,11,111,28,6.776550315968393,3993.2234496840315,37.32584466879883,39.33591141319733,-1,1,10.0,10.0,42,43,9.539442454162321,184.27868188850198,12.728465727594344,225.60165025854602,0,2,0,10,8,150,0.046234028244788165,0.01786314727639543,187.0,167.0
F4_17.12,N17,N24,800.0,1,2400.0,2391.339859133629,7,2,7,94,8.660140866370966,3991.339859133629,36.49965395915208,36.12777227894699,1,-1,34.0,34.0,49,28,9.468725836053693,36.36743870222335,10.225190062014086,253.9504566329054,0,0,0,3,3,103,0.014710827168796235,0.0073554135843981175,148.0,164.0
F4_17.9,N17,N24,800.0,1,2400.0,2396.7137148302545,6,2,6,93,3.2862851697457245,3996.7137148302545,36.49965395915208,36.12777227894699,1,-1,39.0,39.0,48,26,9.578659875084167,567.7378344527201,9.17821847482486,250.9887176229774,0,0,0,2,2,101,0.014710827168796235,0.006304640215198386,155.0,162.0
F8_1.3,N17,N16,800.0,1,2400.0,2395.1248086598716,28,11,111,28,4.875191340128254,3995.1248086598716,37.32584466879883,39.33591141319733,-1,1,10.0,10.0,42,43,10.014796545171397,111.29125976096498,11.635818301468998,225.60165025854602,0,2,0,16,13,150,0.09036650975117687,0.01786314727639543,209.0,196.0
F3_17.28,N17,N24,800.0,1,2400.0,2398.9436212937408,88,7,88,206,1.0563787062592382,3998.9436212937408,31.88427225673309,27.992771435165217,-1,-1,31.0,31.0,244,199,9.903003398241818,22.511699974426847,9.503345314175286,445.3897492831032,0,45,0,14,7,301,0.1050773369199731,0.06698111311097867,191.0,147.0
F3_17.30,N17,N24,800.0,1,2400.0,2396.2988414431634,109,5,109,178,3.701158556836617,3996.2988414431634,31.766012434567436,27.727760359378028,-1,-1,21.0,21.0,303,201,7.997389193653214,9.461807146582032,8.683856521552292,484.3006954509772,0,42,9,15,3,292,0.10448580164188656,0.07250336247478144,198.0,184.0
F3_17.29,N17,N24,800.0,1,2400.0,2396.728357681278,107,5,107,187,3.2716423187223427,3996.728357681278,31.73174258709102,28.004180629366335,-1,-1,40.0,40.0,283,196,8.79410033064784,34.22443760732949,10.50589726772806,480.4619898520016,0,35,2,7,2,299,0.0882649630127774,0.06405908103004983,219.0,207.0
F3_19.47,N17,N24,800.0,1,2400.0,2392.227162392713,127,7,127,175,7.772837607286874,3992.227162392713,31.181081862658285,27.63405229982871,1,1,7.0,7.0,349,213,8.301691502191385,88.91227095546355,11.757862924217246,593.5043237982569,0,82,0,18,9,309,0.1387020847343645,0.07602221709521134,169.0,190.0
F3_19.43,N17,N24,800.0,1,2400.0,2394.247846012475,132,7,132,174,5.752153987525276,3994.247846012475,31.14936028216525,27.61992519316533,1,1,3.0,3.0,351,214,8.150733224538747,29.98241628775554,9.42718674453327,595.2250813092425,0,87,0,17,9,313,0.13221550791213565,0.0746049092131809,177.0,243.0
F3_18.41,N17,N24,800.0,1,2400.0,2392.317064602474,139,9,139,168,7.682935397525853,3992.317064602474,30.70742378571529,27.400710450480712,1,1,33.0,33.0,365,224,5.853919836476698,79.03598289953106,10.500908772225102,637.3557679557243,0,89,2,26,15,316,0.14710827168796234,0.09074870357500175,183.0,255.0
F3_19.46,N17,N24,800.0,1,2400.0,2394.319761928477,147,10,147,176,5.680238071522922,3994.319761928477,30.623195893280073,27.53017464572011,1,1,13.0,13.0,365,202,8.608845526139545,9.046308223964388,8.375323750493369,602.1924107660317,0,81,1,22,14,333,0.14009415506116676,0.089335248216248,171.0,254.0
F3_19.45,N17,N24,800.0,1,2400.0,2394.7670660975746,144,10,144,175,5.232933902425202,3994.7670660975746,30.616981586140618,27.524645817973777,1,1,15.0,15.0,364,203,8.727224118327118,10.632830286021772,8.211625261428477,608.9101001721873,0,86,2,22,13,329,0.14710827168796234,0.09040709184483571,176.0,256.0
F3_18.40,N17,N24,800.0,1,2400.0,2393.1567087886933,134,8,134,164,6.843291211306905,3993.1567087886933,30.746643614755868,27.378354274209883,-1,-1,2.0,2.0,358,227,4.899146902979026,38.87636742485597,7.999068631170575,644.9784676788354,0,94,11,28,17,306,0.15341291190316073,0.09036650975117687,189.0,266.0
F3_19.49,N17,N24,800.0,1,2400.0,2396.1398891128733,138,9,138,153,3.8601108871267797,3996.1398891128733,28.99071260918945,26.83942563237139,-1,-1,0.0,0.0,423,237,4.501568744800119,10.756686009901841,9.517801261131453,614.7636422059435,0,76,25,52,16,300,0.22542958063012175,0.1292451244115669,385.0,277.0
F3_17.34,N17,N24,800.0,1,2400.0,2396.868364553561,139,9,139,151,3.1316354464389633,3996.868364553561,29.02708041349339,26.83942563237139,-1,-1,2.0,2.0,424,235,4.784509628945432,10.778797567826814,8.877232692843627,617.6327000156953,0,75,25,51,15,299,0.22276395427034298,0.12819435104236718,390.0,273.0
F8_16.2,N17,N24,800.0,1,2400.0,1648.43778864973,10,0,10,40,751.56221135027,3248.43778864973,0.0,0.0,1,1,36.0,36.0,22,9,2.9946057431328494,1.9996265352629052,1.9207171653286643,215.4367582589496,0,0,0,2,2,50,0.06699920738241716,0.0021015467383994624,71.0,131.0
F8_13.2,N17,N24,800.0,-1,2400.0,957.1559464917893,29,0,29,49,157.1532268954669,2557.155946491789,43.84016606123508,43.63636363636364,-2,-1,25.0,25.0,51,16,13.824616758985528,200.0,13.824616758985528,188.48078704114124,0,0,0,0,0,78,0.004203093476798925,0.00840618695359785,12.0,140.0
F8_13.0,N17,N24,800.0,-1,2400.0,1131.9212098317473,24,0,24,51,331.8906365657442,2731.9212098317475,46.829268292682926,0.0,-2,1,2.0,2.0,44,14,15.389959730415217,764.325439672115,15.389959730415217,186.59793034345253,0,0,0,1,1,75,0.014710827168796235,0.00840618695359785,27.0,146.00000000000006
F8_17.0,N17,N24,800.0,-1,2400.0,846.3268785482417,28,0,28,44,46.324402714344046,2446.3268785482414,40.86553400876881,42.3896103896104,-2,-1,12.0,12.0,49,16,12.747618301543362,14.828751926113,12.564735408095471,192.59510911823168,0,0,0,2,2,72,0.006304640215198386,0.008406186953597848,4.0,143.0
F8_13.1,N17,N24,800.0,1,2400.0,2029.5646665011272,7,0,7,34,370.43533349887275,3629.5646665011272,0.0,0.0,0,0,1.0,1.0,12,5,13.115743511925102,17.633937305821064,11.709275919109427,200.92978171429758,0,0,0,3,1,41,0.054640215198386015,0.0,120.0,154.0
F8_7.0,N17,N16,800.0,-1,2400.0,1501.2503469375156,4,5,81,4,701.1287570496921,3101.2503469375156,46.829268292682926,0.0,-2,-1,28.0,28.0,24,24,8.982673939901977,200.0,8.982673939901977,277.10792388479456,0,0,0,0,0,90,0.0021015467383994624,0.0021015467383994624,77.0,145.0
F8_15.1,N17,N24,800.0,1,2400.0,2392.807024217455,10,0,10,38,7.192975782545091,3992.807024217455,0.0,0.0,-1,-1,0.0,0.0,17,8,7.232595406861279,125.27243086068415,13.85629003419546,224.72070192912517,0,6,0,8,2,48,0.08406186953597848,0.0010507733691997312,158.0,140.0
F8_15.3,N17,N24,800.0,1,2400.0,2396.9852809150616,22,0,22,49,3.014719084938406,3996.9852809150616,46.829268292682926,0.0,1,1,7.0,7.0,38,13,12.116593572081458,28.870463643997027,12.47517564424941,203.3785234482683,0,0,0,7,3,71,0.05884330867518494,0.00840618695359785,142.0,134.0
F8_14.3,N17,N24,800.0,1,2400.0,2399.9564692251897,27,0,27,48,0.043530774810164985,3999.9564692251897,46.829268292682926,0.0,0,0,0.0,0.0,49,14,11.235836152758159,11.999637926442801,10.857115512200645,205.37058074247568,0,0,0,17,6,75,0.08196032279757902,0.00840618695359785,138.99999999999994,132.0
F8_13.3,N17,N24,800.0,1,2400.0,1634.0856520023394,30,0,30,45,765.9143479976607,3234.0856520023394,40.96720481628521,42.3896103896104,-1,-1,14.0,14.0,51,16,0.0,0.14494439265263281,0.0,232.081452125072,0,9,0,3,2,75,0.08196032279757902,0.00840618695359785,91.0,146.0
F4_12.2,N17,N24,800.0,1,2400.0,2132.79735874364,29,0,29,48,267.20264125636004,3732.79735874364,46.829268292682926,0.0,1,-1,30.0,30.0,52,17,8.88894135428965,31.239234687404178,9.774194803174398,263.02609407209866,0,0,0,2,2,77,0.035726294552790853,0.00840618695359785,139.0,121.0
F8_16.3,N17,N24,800.0,-1,2400.0,832.4435488519293,40,3,40,53,32.42148354773974,2432.4435488519293,38.25280343637365,37.20772459154913,-2,-1,11.0,11.0,76,33,12.495700727574606,60.77631762484339,12.77392260694739,192.6818751536135,0,0,0,9,3,96,0.046234028244788165,0.03257397444519166,3.0,143.0
F8_11.0,N17,N24,800.0,1,2400.0,2391.3141040939117,25,0,25,48,8.68589590608849,3991.3141040939117,46.829268292682926,0.0,0,0,1.0,1.0,47,14,11.567347933432258,12.468004076210036,10.494197188127714,204.50845473829673,0,0,0,16,5,73,0.08196032279757902,0.00840618695359785,142.99999999999994,148.0
F4_17.1,N17,N24,800.0,1,2400.0,1764.9026951188994,25,0,25,42,635.0973048811007,3364.9026951188994,39.450128270147026,40.56743256743257,-1,1,41.0,41.0,45,15,8.855253496161847,33.20805509800903,8.855253496161847,263.0787089540305,0,0,0,1,1,67,0.037827841291190316,0.008406186953597848,114.0,169.0
F4_18.1,N17,N24,800.0,1,2400.0,2395.100056406417,22,0,22,49,4.899943593582748,3995.100056406417,46.829268292682926,0.0,-1,1,7.0,7.0,38,13,9.517638844511968,20.4165493152027,10.698189264904336,259.04552063963075,0,0,0,3,3,71,0.031523201075991936,0.00840618695359785,170.0,170.0
F8_15.4,N17,N24,800.0,1,2400.0,2004.1965213610888,25,0,25,41,395.8034786389114,3604.196521361089,40.395141097161726,40.56743256743257,-1,-1,4.0,4.0,46,15,6.860680685935082,8.903580655359747,6.689396851419895,245.2242679784494,0,12,0,17,13,66,0.09667114996637526,0.008406186953597848,109.0,190.0
F4_17.0,N17,N24,800.0,1,2400.0,2392.131143030104,11,0,11,42,7.868856969896228,3992.131143030104,46.829268292682926,0.0,-1,1,30.0,30.0,23,10,7.95731975950878,200.0,7.95731975950878,272.5788007127605,0,0,0,0,0,53,0.027320107599193007,0.005253866845998656,197.00000000000006,172.0
F4_19.1,N17,N24,800.0,-1,2400.0,1417.9324458625356,40,3,40,54,617.9248385488839,3017.9324458625356,38.39306549145026,36.670383366117036,-2,-1,18.0,18.0,76,32,13.010221341164298,44.53077236715589,12.77765671309573,196.5529935927752,0,0,0,9,9,97,0.023117014122394083,0.03257397444519166,56.0,170.0
F8_16.1,N17,N24,800.0,1,2400.0,2395.0351879446507,9,0,9,34,4.9648120553492845,3995.0351879446507,0.0,0.0,-1,-1,26.0,26.0,14,7,10.177492316874792,177.229115410737,10.838944524504454,209.96828907014995,0,2,0,7,2,43,0.06304640215198387,0.0010507733691997312,202.0,206.0
F8_16.5,N17,N24,800.0,1,2400.0,1611.5127771133912,38,3,38,55,788.4872228866091,3211.512777113391,38.01407675332048,38.33012612888286,-1,-1,1.0,1.0,70,34,0.0,395.79439149734804,11.736326545792103,226.21180512856716,0,4,0,0,0,96,0.0945696032279758,0.03257397444519167,70.0,151.0
F4_12.1,N17,N24,800.0,1,2400.0,1624.8137520047999,39,0,39,55,775.1862479952001,3224.8137520048,39.05513542428386,36.94551355431399,1,-1,39.0,39.0,72,26,4.353311202309965,4.580733009282994,4.353311202309965,327.5136207929848,0,1,0,1,1,94,0.04203093476798924,0.023117014122394083,74.0,179.0
F8_15.0,N17,N24,800.0,1,2400.0,2392.6224078290124,14,0,14,43,7.377592170987782,3992.6224078290124,46.829268292682926,0.0,1,1,22.0,22.0,27,10,12.577725282710766,43.78244465055559,13.209661482687437,202.98988258068448,0,0,0,9,4,57,0.07323250461561696,0.007355413584398118,162.99999999999994,206.0
F8_15.2,N17,N24,800.0,1,2400.0,2395.969073421943,19,0,19,48,4.030926578057006,3995.969073421943,46.829268292682926,0.0,1,1,10.0,10.0,34,13,12.475380617751394,15.704823076850062,10.788128004338107,201.9224538505565,0,0,0,8,3,67,0.07355413584398117,0.00840618695359785,160.00000000000006,202.0
F4_18.0,N17,N24,800.0,-1,2400.0,1090.9050845493452,38,6,38,61,290.8763645992255,2690.9050845493452,38.52486461126528,38.33012612888286,-2,1,28.0,28.0,67,35,11.770323940042598,55.52364173528764,10.873117795861154,197.96651717252584,0,0,0,20,15,105,0.04875505127568104,0.0320112306902085,29.0,166.0
F8_7.3,N17,N16,800.0,-1,2400.0,823.872449098397,12,14,124,12,23.850512286154526,2423.872449098397,38.20586818878262,38.30646933746148,-2,-1,18.0,18.0,71,54,9.074607926823736,52.39808543318213,8.550024027781062,269.51940911322544,0,0,0,4,3,150,0.014710827168796235,0.00840618695359785,4.0,167.0
F8_14.1,N17,N24,800.0,-1,2400.0,990.3162187195228,35,3,35,58,190.29088954176393,2590.316218719523,38.20714251445699,38.33012612888286,-2,1,38.0,38.0,64,35,12.108976143507476,82.78988241331194,12.074035526646814,194.8375638768058,0,0,0,16,9,96,0.04833557498318763,0.03257397444519167,18.0,198.0
F8_7.1,N17,N16,800.0,-1,2400.0,1273.9378838269804,8,15,113,8,473.8970009934076,2873.9378838269804,39.05513542428386,38.44938862763329,-2,1,37.0,37.0,74,46,9.080772658242486,84.55083173779752,9.58588888888564,275.8291698169644,0,0,0,3,3,136,0.01050773369199731,0.005253866845998655,60.0,176.0
F8_11.1,N17,N24,800.0,-1,2400.0,1180.2396861700474,38,9,38,63,380.206425727982,2780.239686170047,37.38779341470459,37.33840665433512,-2,-1,40.0,40.0,75,41,11.99799829803402,136.73204893537854,12.948525778082981,194.43464171462546,0,0,0,18,15,110,0.05253866845998655,0.037827841291190316,32.0,152.0
F4_19.0,N17,N24,800.0,-1,2400.0,1506.513108471464,40,3,40,55,706.3849757574419,3106.513108471464,38.36538056648664,37.20772459154913,-2,-1,13.0,13.0,77,33,12.334582450355738,126.0991657423858,14.089698892614859,192.73254244235588,0,0,0,21,15,98,0.046234028244788165,0.03257397444519166,69.0,166.0
F8_15.5,N17,N24,800.0,-1,2400.0,1374.8624732245353,34,8,34,65,574.8060146241587,2974.8624732245353,37.518201017318056,37.5709471127386,-2,1,7.0,7.0,66,38,11.6242114260923,39.15651927053764,12.575307567194685,199.17324862045575,0,0,0,20,17,107,0.05043712172158709,0.035726294552790853,48.0,153.0
F8_16.9,N17,N24,800.0,1,2400.0,2393.3589623650782,39,0,39,55,6.641037634921645,3993.3589623650782,39.05513542428386,36.94551355431399,-1,-1,39.0,39.0,72,26,11.700811372372039,14.1669320431688,11.416648396582032,210.1806539080499,0,0,0,11,6,94,0.07145258910558171,0.023117014122394083,150.0,157.0
F4_17.4,N17,N24,800.0,1,2400.0,2399.4132244569573,28,0,28,44,0.5867755430427906,3999.4132244569573,39.56687290011704,40.56743256743257,-1,1,29.0,29.0,50,15,8.649083485067397,10.635388120672587,9.10575403421484,265.0606243724461,0,0,0,7,7,72,0.035726294552790853,0.011895733393751651,192.99999999999994,162.0
F4_12.3,N17,N24,800.0,1,2400.0,2395.2099531053777,27,0,27,44,4.790046894622151,3995.2099531053777,39.56687290011704,40.56743256743257,-1,1,30.0,30.0,49,15,9.570906384608088,374.4943870484292,10.40362857223656,263.08364703111675,0,0,0,3,3,71,0.012609280430396773,0.011558507061197043,193.00000000000006,167.0
F4_19.2,N17,N24,800.0,1,2400.0,2399.1752687835933,26,0,26,43,0.8247312164068035,3999.1752687835933,39.56687290011704,40.56743256743257,-1,1,31.0,31.0,48,15,8.423517371209432,377.6002612391983,7.157755434655771,266.4894649916252,0,0,0,6,6,69,0.035726294552790853,0.01050773369199731,193.99999999999994,173.0
F5_17.0,N17,N24,800.0,1,2400.0,1711.3667671389126,37,8,37,64,688.6332328610873,3311.3667671389126,37.9902304286437,38.33012612888286,1,1,15.0,15.0,69,36,9.886717410025348,21.67028044724657,9.1527004986222,207.51568054638793,0,0,0,4,4,109,0.09323146217879125,0.03362474781439139,82.0,176.0
F8_16.6,N17,N24,800.0,1,2400.0,1693.8749746624262,38,7,38,61,706.1250253375738,3293.874974662426,38.52486461126528,38.33012612888286,1,1,27.0,27.0,68,35,8.655667218823439,47.643959404953875,9.524373417413047,210.59548890436662,0,0,0,2,1,106,0.10140824230219787,0.03257397444519167,88.0,182.0
F8_14.5,N17,N24,800.0,1,2400.0,2351.8017806056287,38,0,38,55,48.19821939437145,3951.8017806056287,39.05513542428386,36.94551355431399,-1,-1,41.0,41.0,71,23,11.888909818966937,15.400481378514769,11.913135630503662,205.2270270596135,0,0,0,8,5,93,0.06935104236718224,0.023117014122394083,151.00000000000006,183.0
F8_14.4,N17,N24,800.0,-1,2400.0,1208.737263147455,39,9,39,67,408.70208660142407,2808.737263147455,37.28343992804362,36.09824486151858,-2,-1,33.0,33.0,80,40,11.674768598326333,59.12642508014244,12.09217911843025,199.2383443694176,0,0,0,21,18,115,0.05884330867518494,0.04308170813718897,35.0,211.0
F6_17.1,N17,N24,800.0,1,2400.0,1635.4000569057293,35,8,35,65,764.5999430942704,3235.4000569057293,37.518201017318056,37.5709471127386,1,1,3.0,3.0,69,38,2.557785669814274,5.179950049868239,4.547364978952384,208.48789225829188,0,0,0,2,1,108,0.0777572293207801,0.036777067921990585,118.0,151.0
F8_9.2,N17,N16,800.0,-1,2400.0,1383.9764151891595,12,13,138,12,583.9178207721941,2983.9764151891595,37.38779341470459,38.19780028200885,-2,-1,2.0,2.0,72,64,8.54638734890389,141.60105414265269,8.928478992347232,294.9590362312059,0,0,0,6,4,163,0.018913920645595158,0.01050773369199731,68.0,178.0
F8_14.7,N17,N24,800.0,1,2400.0,2396.7723468008344,37,4,37,60,3.227653199165843,3996.7723468008344,38.386992183015714,38.33012612888286,1,1,34.0,34.0,65,35,10.010310145705159,51.02000909013418,12.575255894458547,212.00503933801357,0,0,0,17,0,101,0.11558507061197042,0.03362474781439139,167.0,155.0
F8_7.5,N17,N16,800.0,-1,2400.0,1392.4602642133204,12,13,138,12,592.3995112187,2992.4602642133204,37.38779341470459,38.19780028200885,-2,1,41.0,41.0,74,65,8.649861997189413,28.350668232633637,9.302133607829525,287.18479524779826,0,0,0,7,5,163,0.02101546738399462,0.01050773369199731,78.0,174.0
F4_12.5,N17,N24,800.0,1,2400.0,2393.454639485963,40,7,40,63,6.545360514036929,3993.454639485963,38.44752567054362,38.33012612888286,-1,1,24.0,24.0,73,35,4.942365145095969,10.719127349482505,9.07788551111575,305.63516730512976,0,3,0,5,5,110,0.023117014122394083,0.03362474781439139,188.0,166.0
F4_19.3,N17,N24,800.0,1,2400.0,2393.1779951190224,37,3,37,57,6.822004880977488,3993.1779951190224,38.13980361788275,38.33012612888286,-1,1,40.0,40.0,66,35,8.956137550617791,699.4622194331787,9.079956685459313,265.64610807214905,0,0,0,2,2,97,0.012609280430396773,0.03257397444519167,213.0,172.0
F8_15.8,N17,N24,800.0,1,2400.0,2398.787966923447,36,9,36,63,1.212033076553098,3998.787966923447,37.518201017318056,37.5709471127386,1,1,0.0,0.0,72,40,10.717020602139415,24.21610580690367,12.75745151520963,207.0887622643748,0,0,0,9,4,108,0.0777572293207801,0.036777067921990585,158.0,192.0
F8_16.10,N17,N24,800.0,1,2400.0,2394.1429715761265,38,9,38,63,5.857028423873658,3994.1429715761265,37.38779341470459,37.33840665433512,-1,-1,40.0,40.0,75,41,10.569992513397702,23.389442986284166,11.60128427336767,211.3625518835283,0,2,0,14,7,110,0.0882649630127774,0.037827841291190316,166.0,175.0
F8_7.8,N17,N16,800.0,1,2400.0,2393.7447184314374,10,12,115,10,6.255281568562509,3993.7447184314374,38.20714251445699,38.137862592046766,1,-1,37.0,37.0,66,53,10.63489507735448,335.76190302140594,13.06225359765221,211.0493442142333,0,0,0,14,3,137,0.0945696032279758,0.006304640215198386,190.0,185.0
F8_9.4,N17,N16,800.0,1,2400.0,1730.404219337554,12,18,145,12,669.595780662446,3330.404219337554,37.28343992804362,38.03940477326442,-1,1,29.0,29.0,81,73,0.0,103.91370443352298,0.0,213.92644047457443,0,4,0,2,0,175,0.0945696032279758,0.01050773369199731,139.0,184.0
F8_7.9,N17,N16,800.0,1,2400.0,2249.706986856522,12,17,143,12,150.2930131434781,3849.706986856522,37.38779341470459,38.03940477326442,-1,1,36.0,36.0,80,69,8.96030362478177,12.941583634044719,10.790888023142987,212.2350422501707,0,4,0,9,2,172,0.0882649630127774,0.01050773369199731,165.0,174.0
F6_17.2,N17,N24,800.0,1,2400.0,2399.1571200045955,40,10,40,67,0.8428799954042461,3999.1571200045955,37.28343992804362,36.09824486151858,-1,-1,26.0,26.0,82,47,9.800948374485069,36.56372732134923,12.512757789274,216.5197708700899,0,4,1,19,3,117,0.09877269670477472,0.04308170813718898,203.0,203.0
F6_17.0,N17,N24,800.0,1,2400.0,2397.554646523828,41,11,41,63,2.445353476171931,3997.554646523828,37.322857049182865,36.09824486151858,-1,-1,17.0,17.0,85,53,8.702180958933292,30.37023845610247,11.9058859738066,227.98537769850037,0,5,1,19,13,115,0.09646492794478469,0.04413248150638871,202.0,207.9999999999999
F8_11.3,N17,N24,800.0,1,2400.0,2391.1809422081587,42,18,42,73,8.819057791841487,3991.1809422081587,38.01864609191936,37.027841153331245,1,1,20.0,20.0,76,72,7.266418540046433,78.27670548505967,11.623341497057481,221.81218109658042,0,0,0,15,13,133,0.09667114996637526,0.0463543331391495,178.0,206.0
F4_18.10,N17,N24,800.0,1,2400.0,2399.961322538731,66,19,66,94,0.038677461268775915,3999.961322538731,36.65360054580149,35.627839955017585,-1,1,23.0,23.0,102,101,4.5554746427772095,100.31169834622642,10.122087909862213,291.31118772528436,0,3,0,4,4,179,0.023117014122394083,0.04625616379214721,186.0,171.0
F8_16.16,N17,N24,800.0,1,2400.0,2394.6692792872177,54,24,54,90,5.330720712782181,3994.6692792872177,36.819478368918006,36.86527864262619,1,1,6.0,6.0,88,95,11.210130216486442,13.252252686447036,11.43192740380673,235.0703226761403,0,0,0,12,2,168,0.07145258910558171,0.04921078044635279,324.0,132.0
F10_7.10,N17,N16,800.0,1,2400.0,2389.860589360903,8,20,264,8,10.139410639096923,3989.860589360903,36.11145819605198,35.153733092630475,1,1,7.0,7.0,113,136,12.017804034769723,446.3921891640648,12.017804034769723,188.94407577378266,0,0,0,1,0,292,0.0168123739071957,0.015761600537995968,158.0,149.0
F8_16.15,N17,N24,800.0,1,2400.0,2390.1235698669752,53,24,53,89,9.876430133024655,3990.1235698669752,36.853011660700865,36.86527864262619,1,1,7.0,7.0,88,95,6.50780306641728,13.96809474686188,12.14832746130082,237.263483866665,0,0,0,25,22,166,0.09152596473885038,0.04833557498318763,342.0000000000001,173.0
F8_9.8,N17,N24,800.0,1,2400.0,2392.940355330068,55,24,55,92,7.059644669931913,3992.940355330068,36.819478368918006,36.898401872888975,1,1,4.0,4.0,91,96,11.663745320013552,12.519959075412316,10.950847747015917,230.71221022427957,0,0,0,12,3,171,0.07130891603236597,0.048335574983187635,327.0,204.0
F8_15.10,N17,N24,800.0,1,2400.0,2396.940668255303,53,24,53,88,3.0593317446969195,3996.940668255303,36.92733558600067,36.86527864262619,1,1,8.0,8.0,88,95,10.837112455264313,13.312493032198972,11.199682369762092,242.61891120677467,0,0,0,12,2,165,0.07355413584398117,0.048335574983187635,338.9999999999999,200.0
F8_14.13,N17,N24,800.0,1,2400.0,2398.325986625831,53,24,53,87,1.6740133741690215,3998.325986625831,37.00362248839356,36.86527864262619,1,1,10.0,10.0,88,92,10.670987168682997,118.74943709379227,11.76158359349379,242.0056184617058,0,0,0,13,2,164,0.07565568258238063,0.04833557498318763,335.0,205.0
F8_9.9,N17,N24,800.0,1,2400.0,2390.9652360874375,56,25,56,93,9.034763912562653,3990.9652360874375,36.819478368918006,36.78890343046216,1,1,2.0,2.0,93,96,11.999356646350945,13.009823309563672,11.32483647555731,230.11870651928245,0,1,0,12,4,174,0.07122737786089287,0.048335574983187635,334.9999999999999,203.0
F8_11.7,N17,N24,800.0,1,2400.0,2394.953600380908,63,20,63,94,5.046399619091858,3994.953600380908,36.73224873848802,36.944964666368584,-1,-1,34.0,34.0,100,110,10.587306296033649,51.36140906593164,10.898897330800146,246.78794456182732,0,4,1,15,7,177,0.07428339345749528,0.05358944182918628,394.0,211.0
F8_15.11,N17,N24,800.0,1,2400.0,2390.063219471092,66,19,66,94,9.936780528908116,3990.063219471092,36.592235351411816,35.60208085625069,1,1,22.0,22.0,102,100,3.059435358653015,15.413283227663669,12.415126039797201,271.68882647699286,0,15,0,35,34,179,0.1240458829371723,0.046222714866736764,358.0,201.0
F10_7.12,N17,N16,800.0,1,2400.0,2398.2226247200124,14,18,281,14,1.777375279987723,3998.2226247200124,35.51365558679948,33.68333458733054,-1,-1,40.0,40.0,142,155,13.8976912372288,366.1574608458168,14.111864047013336,188.7660877496364,0,0,0,3,0,313,0.02101546738399462,0.011558507061197041,142.0000000000001,219.0
F10_7.11,N17,N16,800.0,1,2400.0,2394.821601921458,15,12,281,15,5.178398078542159,3994.821601921458,35.26862745222496,33.447481103170524,-1,-1,31.0,31.0,145,155,10.721591907444525,96.46027448130963,12.599070332102626,206.4231383148982,0,2,0,6,1,308,0.0336247478143914,0.013660053799596504,171.0,201.0
F8_0.14,N17,N16,800.0,1,2400.0,2396.3757100125245,14,12,282,14,3.6242899874754357,3996.3757100125245,35.32568071888078,33.5285345269193,1,-1,32.0,32.0,144,158,1.33011076989905,316.2437521029956,10.498276063478901,340.8260399990793,0,27,0,51,1,308,0.1567537562128254,0.013660053799596504,187.0,194.0
F8_16.18,N17,N24,800.0,1,2400.0,2399.7285656256377,66,15,66,112,0.2714343743623431,3999.7285656256377,35.90103511639088,35.888119026068686,1,1,26.0,26.0,112,121,1.9339237833470047,102.39554808913545,13.65954293376634,300.2066706428156,0,23,0,38,38,193,0.13664898948880022,0.05123457801318328,359.9999999999999,191.0
F8_1.21,N17,N16,800.0,1,2400.0,2395.8422481302264,31,16,261,31,4.1577518697736195,3995.8422481302264,34.83405766232184,32.08492102799182,-1,1,36.0,36.0,164,199,2.688171324884777,13.480066447563786,10.584335052670252,341.45324114233557,0,24,0,55,1,308,0.17022528581035642,0.027320107599193007,155.0,179.0
F10_7.14,N17,N16,800.0,1,2400.0,2398.002022995064,27,14,274,27,1.9979770049357057,3998.002022995064,34.967219734317496,32.47632682327735,-1,-1,28.0,28.0,175,189,7.0907155267946385,732.36370325542,12.212875563348993,208.29864249734595,0,1,0,3,0,315,0.054101800911635294,0.01786314727639543,177.0,190.0
F8_14.16,N17,N24,800.0,1,2400.0,2396.5428248467447,64,15,64,112,3.4571751532554345,3996.5428248467447,35.88775076517347,35.8499880481704,1,1,32.0,32.0,111,118,1.4261779595654183,116.73285516090459,12.655653234056743,311.33134461959185,0,30,0,37,37,191,0.13243570217092035,0.055690988567585746,363.0,215.0
F10_1.9,N17,N16,800.0,1,2400.0,2391.0765150129955,34,18,270,34,8.9234849870046,3991.0765150129955,34.6630146145909,31.48792683038205,-1,-1,40.0,40.0,174,211,11.525131887019702,330.4217653460687,10.524456816906483,200.75328027291263,0,0,0,7,0,322,0.0672494956287828,0.027449909232639083,156.0,152.0
F8_9.15,N17,N16,800.0,1,2400.0,2393.4869534189206,24,14,267,24,6.513046581079493,3993.4869534189206,35.20994008680131,33.13940047285142,0,-1,0.0,0.0,163,172,10.819676902698985,109.85346334179371,12.193662919014393,302.79602689395347,0,16,1,15,9,305,0.0882649630127774,0.018913920645595158,249.0,186.0
F10_1.7,N17,N16,800.0,1,2400.0,2395.397289586424,37,20,269,37,4.602710413576119,3995.397289586424,34.66631486596452,31.49697228560401,-1,-1,35.0,35.0,180,217,9.223113775737946,372.7483603999533,11.296375349531333,214.324002876128,0,2,1,12,5,326,0.06935104236718224,0.0304724277067922,161.0,158.0
F10_2.17,N17,N16,800.0,1,2400.0,2392.4285266794946,35,20,271,35,7.571473320505447,3992.4285266794946,34.66681286852672,31.49697228560401,-1,-1,37.0,37.0,178,213,11.833859884810597,35.55466330217632,13.581686643545813,208.48361324783508,0,1,1,8,1,326,0.0672494956287828,0.029421654337592466,160.0,162.0
F8_16.19,N17,N24,800.0,1,2400.0,2393.4629954046322,74,21,74,118,6.537004595367762,3993.4629954046322,35.76206675490897,35.85099985430044,1,1,14.0,14.0,126,122,11.362460248491724,30.371532777272932,11.23219063565451,288.2203833360553,0,10,0,8,0,213,0.08196032279757902,0.05148789509078683,429.0,188.0
F8_17.9,N17,N24,800.0,1,2400.0,2396.1132347799476,73,20,73,118,3.886765220052439,3996.1132347799476,35.78646565434977,35.888119026068686,1,1,16.0,16.0,124,124,3.286058334424571,11.75686384419464,13.304483633747278,284.1915821640311,0,12,0,41,39,211,0.13029589778076667,0.0504371217215871,430.0,194.0
F8_17.10,N17,N24,800.0,1,2400.0,2397.5879269431475,72,22,72,123,2.4120730568524777,3997.5879269431475,35.62251163750496,35.7259667660165,1,1,0.0,0.0,124,122,4.62085298658522,21.233693133535553,10.82491253781618,269.4522961409476,0,1,0,43,41,217,0.13925118281784574,0.05253866845998656,428.0,190.0
F10_7.17,N17,N16,800.0,1,2400.0,2392.352111930698,41,20,269,41,7.647888069301871,3992.352111930698,34.497504615365486,31.403518521808955,-1,-1,28.0,28.0,189,216,8.508050170284582,38.787437005451466,13.95023023634974,215.3796168173159,0,4,1,13,6,330,0.07145258910558171,0.03152320107599193,172.0,193.0
F8_2.25,N17,N16,800.0,1,2400.0,2389.788422447391,43,18,254,43,10.211577552608787,3989.788422447391,34.12110668362587,31.047422399517316,0,-1,2.0,2.0,192,217,11.211567003848357,14.683123285192778,11.433661980177023,307.02667884770744,0,23,1,12,8,315,0.09877269670477472,0.03992938802958978,187.0,170.0
F10_2.16,N17,N16,800.0,1,2400.0,2392.163786319496,41,20,268,41,7.836213680503988,3992.163786319496,34.3270550945806,31.280993139104062,-1,-1,25.0,25.0,193,215,9.456394797018644,12.757074110064195,9.925324326718885,222.34923865533693,0,6,1,12,3,329,0.08196032279757902,0.0336247478143914,239.0,161.0
F8_17.11,N17,N24,800.0,1,2400.0,2394.6909471831773,83,31,83,139,5.3090528168226,3994.6909471831773,35.194549604765086,35.57165989303453,1,1,21.0,21.0,152,137,1.5613178629028677,22.827244365390925,13.71039845546881,338.10634385901494,0,30,0,55,53,253,0.1597175521183591,0.045183254875588434,456.0,184.0
F10_7.16,N17,N16,800.0,1,2400.0,2396.6216615197686,43,18,263,43,3.3783384802314913,3996.6216615197686,34.22275784171803,31.110854687484032,-1,-1,14.0,14.0,186,214,7.21926796994281,103.92884981735529,9.639385805408011,237.93887633410554,0,12,1,20,11,324,0.0882649630127774,0.036777067921990585,241.0,201.0
F10_7.19,N17,N16,800.0,1,2400.0,2388.3793538851737,41,19,254,41,11.620646114826286,3988.3793538851737,34.0392561537817,30.87301752537386,1,1,6.0,6.0,216,225,10.526840636673342,141.3935545345132,11.587141737462357,206.56915496525394,0,0,0,15,5,314,0.07149288645128052,0.045183254875588434,269.0,147.0
F8_16.20,N17,N24,800.0,1,2400.0,2396.7704741899133,85,33,85,148,3.2295258100866704,3996.7704741899133,35.27824079807034,35.44918713161644,-1,-1,33.0,33.0,166,152,2.8812010568260913,41.4935347580456,14.598703930764108,321.62933898506515,0,20,0,53,49,266,0.16181909885675858,0.05253866845998656,503.0,186.0
F10_7.18,N17,N16,800.0,1,2400.0,2390.8187079231466,44,17,255,44,9.181292076853424,3990.8187079231466,33.73201618058265,30.501802103175415,-1,-1,39.0,39.0,213,218,8.690394933121585,172.32593062596015,15.179793969474435,214.97400416070406,0,2,0,17,5,316,0.07565568258238063,0.047284801613987903,328.0,156.0
F10_0.18,N17,N16,800.0,1,2400.0,2389.5844316368225,44,17,255,44,10.415568363177385,3989.5844316368225,33.73201618058265,30.501802103175415,-1,-1,39.0,39.0,213,218,10.817032759676819,180.97760783733793,10.062218652745338,214.97400416070406,0,2,0,11,0,316,0.0672494956287828,0.047284801613987903,366.0,188.0
F8_15.18,N17,N16,800.0,1,2400.0,2398.696312106279,47,15,223,47,1.3036878937207348,3998.696312106279,32.95179097817243,29.033179425397567,1,-1,0.0,0.0,256,227,10.476568730622883,12.763510928578171,10.9431543525053,405.53181529872813,0,30,5,20,13,285,0.10928043039677203,0.06514794889038332,242.0,189.0
F10_7.20,N17,N16,800.0,1,2400.0,2397.840634278008,45,16,251,45,2.159365721991662,3997.840634278008,33.67719652734247,30.43227922578646,-1,-1,36.0,36.0,214,216,8.386944933666275,16.087455744275758,12.85071954629595,224.12638149896625,0,4,0,20,6,312,0.07565568258238063,0.0472848016139879,430.0,156.0
F8_9.22,N17,N16,800.0,1,2400.0,2394.07341922974,71,11,207,71,5.926580770259989,3994.07341922974,32.2782109110136,27.973645420037528,1,-1,8.0,8.0,303,238,10.716274665390301,13.903283910054142,11.793635755642846,450.31093373475676,0,42,6,26,19,289,0.11768661735036988,0.060944855413584395,251.0,198.0
F10_2.18,N17,N16,800.0,1,2400.0,2391.8543694048058,38,16,251,38,8.145630595194348,3991.8543694048058,33.32836510408309,29.71565626221618,1,1,7.0,7.0,249,241,5.783521292628695,17.64316593503736,14.783920640196914,232.61249934522075,0,4,0,25,7,305,0.11566223778790127,0.05884330867518493,427.0,166.0
F10_1.12,N17,N16,800.0,1,2400.0,2389.908530313931,39,16,249,39,10.091469686068876,3989.908530313931,33.333529729423695,29.577616423379407,1,1,1.0,1.0,256,239,6.879079642097876,22.116065819837786,11.008829881691153,224.14647205800804,0,2,0,26,8,304,0.1104420294287981,0.05936085049582317,451.0,146.0
F10_7.21,N17,N16,800.0,1,2400.0,2388.834746068394,40,15,246,40,11.165253931606117,3988.834746068394,33.335534328489565,29.517562067701437,0,0,1.0,1.0,262,238,7.552402218109975,30.431255680389995,12.266686974640102,220.72344706299873,0,0,0,26,9,301,0.11558507061197042,0.05779253530598521,527.0,153.99999999999977
F10_1.11,N17,N16,800.0,1,2400.0,2396.8810809772363,40,15,246,40,3.1189190227636345,3996.8810809772363,33.335534328489565,29.517562067701437,0,0,1.0,1.0,262,238,10.773933198830523,70.76145104102056,9.777710270551058,220.72344706299873,0,0,0,10,0,301,0.0882649630127774,0.05779253530598521,549.0,197.0
F10_2.21,N17,N16,800.0,1,2400.0,2386.654875022249,45,13,238,45,13.345124977750743,3986.654875022249,33.205649684054215,29.16649976439493,-1,-1,25.0,25.0,267,233,4.405762579134563,39.034868199818675,13.02395425550446,244.17643556510552,0,10,3,28,12,296,0.12399125756556827,0.061995628782784126,590.0,155.0
F10_7.22,N17,N16,800.0,1,2400.0,2390.221951856946,44,15,239,44,9.778048143054207,3990.221951856946,33.21721396956677,29.30045346179551,-1,-1,29.0,29.0,264,234,4.796641034979739,145.99121453522275,9.45880421391627,241.74979614428472,0,8,2,27,11,298,0.11768661735036988,0.060944855413584395,593.0,164.0
F10_2.19,N17,N16,800.0,1,2400.0,2394.0323794337096,46,14,237,46,5.967620566290293,3994.0323794337096,33.17042778615941,29.12900709082406,-1,-1,23.0,23.0,267,231,4.540402191743179,27.440993161740607,13.478569514957258,250.87655695031845,0,13,3,29,13,297,0.1218897108271688,0.061995628782784126,603.0,203.0
F10_0.19,N17,N16,800.0,1,2400.0,2397.3097083361527,44,13,239,44,2.690291663847347,3997.3097083361527,33.208476770484,29.217927861680877,-1,-1,26.0,26.0,267,235,11.042080465155493,126.77124755978025,14.003287262680496,244.68984764261057,0,10,3,12,0,296,0.09642075698965068,0.061995628782784126,604.0,208.0
F10_1.10,N17,N16,800.0,1,2400.0,2398.4748485039436,46,14,234,46,1.5251514960565373,3998.4748485039436,32.98821621416093,29.07963077318346,-1,-1,17.0,17.0,263,230,7.886068052974612,93.98898383644882,11.514418882979454,259.2548831583279,0,19,5,14,1,294,0.1050773369199731,0.06409717552118359,601.0,207.0
F10_1.13,N17,N16,800.0,1,2400.0,2394.882446190946,46,15,221,46,5.117553809053902,3994.882446190946,32.955369401651375,28.98125224505909,1,1,35.0,35.0,253,235,5.049757372890716,101.63393088818657,11.901723585696855,259.3458045102602,0,13,0,16,0,282,0.1114462498899475,0.060944855413584395,586.0,206.0
F3_12.26,N17,N24,800.0,1,2400.0,2399.176912778701,132,46,132,213,0.8230872212991471,3999.176912778701,30.00634440628038,32.20649886644341,-1,-1,23.0,23.0,415,284,5.847556819152057,112.17387970945401,9.287769700179808,432.36488424563913,0,23,41,9,3,391,0.06935104236718224,0.125042030934768,177.99999999999977,254.0
F3_19.17,N17,N24,800.0,1,2400.0,2395.8460439602804,134,41,134,227,4.153956039719446,3995.8460439602804,29.18239778894712,31.85216862085721,1,1,20.0,20.0,418,284,10.150061138281314,12.50503047860525,9.660390992477417,389.10376350263385,0,15,55,9,6,402,0.06514794889038333,0.12323417517999499,174.0,272.0
F3_12.27,N17,N24,800.0,1,2400.0,2397.930995447124,136,39,136,230,2.0690045528757537,3997.930995447124,28.931965500083596,31.68114227515411,1,1,2.0,2.0,424,278,9.612995377228122,43.96663146473338,9.925223463639787,391.1583211243979,0,24,42,15,8,405,0.07355413584398117,0.11991924916864155,170.00000000000023,263.0
F3_12.28,N17,N24,800.0,1,2400.0,2398.224934546412,154,30,154,229,1.7750654535881267,3998.224934546412,28.33323013196321,31.082612377688864,1,1,24.0,24.0,468,284,7.494919287271781,54.69514007982616,8.853105050729454,403.82949567288466,0,15,58,18,10,413,0.07565568258238063,0.12916717037726128,167.0,210.0
F3_18.24,N17,N24,800.0,1,2400.0,2397.708449140861,153,30,153,229,2.2915508591391927,3997.708449140861,28.27544272558311,31.08493943344124,1,1,22.0,22.0,468,286,8.162004639371988,11.9726297677621,9.678585172046311,395.46646576301964,0,14,57,19,12,412,0.0777572293207801,0.12821348199168633,163.0,217.0
F10_0.22,N17,N16,800.0,1,2400.0,2394.221192936971,56,18,226,56,5.778807063029149,3994.221192936971,32.648944296886505,28.510506902201662,0,0,0.0,0.0,288,251,11.719912746089001,31.79463710686764,10.744399972386013,256.9544095856995,0,11,0,17,0,300,0.09877269670477472,0.051743270376630415,790.0,215.0
F10_2.23,N17,N16,800.0,1,2400.0,2399.1562801804725,55,18,225,55,0.8437198195273368,3999.1562801804725,32.77348401469176,28.56893553973875,0,0,2.0,2.0,288,252,4.975273526722032,15.919948972077009,10.801347985281613,254.56386954650947,0,11,0,36,23,298,0.11768661735036988,0.05148789509078682,789.0,214.0
F10_7.24,N17,N16,800.0,1,2400.0,2397.6810745011503,58,19,225,58,2.318925498849694,3997.6810745011503,32.58463845673774,28.465419037650513,-1,-1,40.0,40.0,290,250,5.161940952665169,9.496072422532961,8.616026708601524,258.76556865731794,0,11,0,39,24,302,0.12399125756556827,0.05253866845998655,802.9999999999998,210.0
F3_19.18,N17,N24,800.0,1,2400.0,2399.5179856091545,150,30,150,232,0.4820143908453929,3999.5179856091545,28.00759533202827,31.012206028034786,1,1,9.0,9.0,461,291,8.240504713175689,119.80603812358686,9.37458903516733,398.6440301498204,0,17,51,15,9,412,0.06935104236718224,0.12520214686463157,165.0,213.0
F10_0.20,N17,N16,800.0,1,2400.0,2390.0639842641876,62,16,219,62,9.936015735812362,3990.0639842641876,32.550242410784016,28.27403938760383,-1,-1,32.0,32.0,297,244,5.1176509501184455,12.121734146736799,10.822097622189728,264.0184657087502,0,14,2,42,28,297,0.13029589778076667,0.05358944182918628,799.0000000000002,218.0
F10_7.25,N17,N16,800.0,1,2400.0,2391.4386341445793,60,16,221,60,8.561365855420604,3991.4386341445793,32.5873367111645,28.301662294730892,-1,-1,34.0,34.0,295,245,5.047837266031218,16.286720826176406,9.00487905969321,262.19001223234153,0,13,1,43,27,297,0.13239744451916613,0.05358944182918628,799.0,217.0
F10_2.22,N17,N16,800.0,1,2400.0,2394.5310869204077,61,17,223,61,5.468913079592426,3994.5310869204077,32.61049077948901,28.380007343672936,-1,-1,37.0,37.0,294,247,11.87168370954096,32.812557200521496,14.572952382278359,263.3045014093663,0,12,0,17,0,301,0.09007773621957624,0.053589441829186284,796.0,221.0
F10_2.24,N17,N16,800.0,1,2400.0,2399.2391399829553,62,16,219,62,0.7608600170448199,3999.2391399829553,32.47481260461551,28.27403938760383,-1,-1,31.0,31.0,295,245,5.374394514002219,12.926253787489031,11.251079469887657,264.30832730974544,0,14,2,43,29,297,0.13239744451916613,0.05358944182918629,802.9999999999998,221.0
F3_18.23,N17,N24,800.0,1,2400.0,2392.0796574695755,154,23,154,224,7.920342530424591,3992.0796574695755,27.625480633510147,30.76618021119174,-1,-1,7.0,7.0,480,299,5.588651495591591,25.605509870649257,9.370127220117897,401.16026262726143,0,28,64,15,9,401,0.0882649630127774,0.12714357767316747,174.0,235.0
F8_17.22,N17,N24,800.0,1,2400.0,2399.4250110432104,130,25,130,173,0.5749889567896389,3999.4250110432104,32.68646281335344,34.27190189572319,-1,-1,1.0,1.0,287,201,0.8158666455687006,1.3722932796652003,0.5921479165328181,501.75677569977034,0,65,28,92,92,328,0.28581035642232683,0.0809095494283793,909.0,216.0
F3_12.29,N17,N24,800.0,1,2400.0,2391.9657310350376,154,19,154,232,8.034268964962166,3991.9657310350376,27.50539204119696,30.641178529240882,1,1,26.0,26.0,487,319,8.34817742439687,67.6503095568712,9.632586911625767,361.4355347155763,0,14,63,13,9,405,0.07355413584398117,0.12190883884444868,174.0,217.0
F3_12.30,N17,N24,800.0,1,2400.0,2395.484097895042,164,22,164,238,4.515902104957945,3995.484097895042,26.083077901216587,29.777294663862055,1,1,12.0,12.0,521,351,9.262769877538172,58.46968113495018,9.796380353313081,329.1630517923777,0,16,60,13,8,424,0.07985877605917956,0.13136579566879492,168.0,207.0
F10_0.24,N17,N16,800.0,1,2400.0,2395.3742517708047,66,13,216,66,4.62574822919521,3995.3742517708047,32.39469862324385,27.98119414947345,-1,-1,18.0,18.0,299,240,5.568258904398365,23.875646523345267,10.982871391009354,269.34785521900375,0,18,5,48,32,295,0.14433265845534232,0.05674176193678548,882.0,287.0
F10_2.20,N17,N16,800.0,1,2400.0,2396.508299879348,69,11,209,69,3.4917001206516716,3996.508299879348,32.31684177060387,27.973645420037528,-1,-1,10.0,10.0,302,237,4.743563314165187,77.32133315015767,10.921620326749906,286.1288022803298,0,27,6,49,34,289,0.1555144586415602,0.0605488043338216,880.0,280.0
F10_7.23,N17,N16,800.0,1,2400.0,2393.852246764232,71,11,207,71,6.14775323576805,3993.852246764232,32.2782109110136,27.973645420037528,-1,-1,8.0,8.0,303,238,4.598411177640527,13.124142888415236,11.561515766267144,294.34502509184114,0,28,6,50,35,289,0.1597175521183591,0.060944855413584395,886.0,277.0
F10_0.21,N17,N16,800.0,1,2400.0,2397.810802590304,64,13,219,64,2.189197409696021,3997.810802590304,32.39571011740908,28.02913459104203,-1,-1,21.0,21.0,297,242,5.704333775603434,71.24733407737494,10.331313925536469,263.1974655732596,0,16,4,45,30,296,0.1387020847343645,0.05569098856758574,881.9999999999998,309.0
F3_12.31,N17,N24,800.0,1,2400.0,2397.853101506024,168,18,168,227,2.1468984939762095,3997.853101506024,25.78402928498836,29.43417598675595,-1,-1,9.0,9.0,538,371,8.216229568360411,129.815679873725,6.229618625457557,343.0679393062495,0,22,51,20,10,413,0.10717888365837257,0.13660053799596503,186.0,217.0
F10_0.23,N17,N16,800.0,1,2400.0,2395.758550613504,73,11,205,73,4.241449386495674,3995.758550613504,32.2630480662089,27.97186347285747,-1,-1,4.0,4.0,300,234,3.9809165980754875,37.11358642167147,10.463047625387125,314.8499324881945,0,33,6,51,36,289,0.16181909885675858,0.061995628782784126,946.0,297.0
F3_12.32,N17,N24,800.0,1,2400.0,2392.5985199135757,182,25,182,234,7.401480086424044,3992.5985199135757,24.965178164107822,28.619656182470845,-1,-1,11.0,11.0,560,394,6.884364693881405,9.956373323588878,8.827580149706602,364.87688110761303,0,25,66,25,7,441,0.10297579018157364,0.14080363147276398,198.0,194.0
F8_14.2,N17,N16,800.0,-1,2400.0,836.3854555307471,37,17,20,37,36.363329752232175,2436.385455530747,31.475409836065577,44.307692307692314,-2,-1,9.0,9.0,47,27,11.577375972947776,100.76956721916201,11.577375972947776,205.12155470646638,0,0,0,1,1,74,0.014710827168796235,0.011558507061197043,3.0,126.0
F4_13.2,N17,N16,800.0,-1,2400.0,912.4237898338008,50,24,22,50,112.4003083755747,2512.4237898338006,41.29642811042063,44.307692307692314,-2,1,28.0,28.0,68,30,12.397553301189596,418.0636249871959,12.841628216147758,208.0916880986704,0,0,0,2,2,96,0.025218560860793545,0.02206624075319435,10.0,170.0
F4_16.2,N17,N16,800.0,1,2400.0,2057.800485552346,28,10,21,28,342.1995144476539,3657.800485552346,0.0,0.0,-1,1,21.0,21.0,36,12,6.280595784843114,12.15507553408952,10.931027997099799,231.57966016846268,0,1,0,5,2,59,0.04172738255526778,0.0010507733691997312,112.0,154.0
F8_1.0,N17,N16,800.0,1,2400.0,2130.1945006278092,22,8,21,22,269.805499372191,3730.1945006278092,0.0,0.0,1,1,32.0,32.0,29,11,11.101186219574487,27.759028856634814,10.801128453466712,228.09211476446777,0,0,0,3,2,51,0.05043712172158709,0.0010507733691997312,150.0,134.0
F8_0.1,N17,N16,800.0,1,2400.0,1795.8422497425554,28,12,23,28,604.1577502574445,3395.8422497425554,0.0,0.0,1,1,14.0,14.0,36,15,12.384941354157634,285.85419187834293,13.447850795054212,222.92844863077508,0,0,0,0,0,63,0.07565568258238063,0.0021015467383994624,129.99999999999994,139.0
F4_16.0,N17,N16,800.0,-1,2400.0,1021.7320821669496,54,26,24,54,221.72916603886847,2621.7320821669496,40.19242199144209,44.307692307692314,-2,1,20.0,20.0,72,31,10.932127279544174,200.0,10.932127279544174,214.6528054903726,0,0,0,0,0,104,0.027320107599193007,0.029421654337592473,21.0,157.0
F4_11.0,N17,N16,800.0,1,2400.0,2394.0829294515806,21,5,18,21,5.917070548419133,3994.0829294515806,0.0,0.0,1,-1,2.0,2.0,28,10,11.2220915207702,69.431812238264,11.421887312432117,217.493245331399,0,0,0,6,5,44,0.031523201075991936,0.0,146.0,162.0
F4_15.0,N17,N16,800.0,-1,2400.0,955.101652775892,55,27,27,55,155.09893866962034,2555.101652775892,39.06988736943417,39.31760171176229,-2,1,9.0,9.0,73,28,11.595954526640474,34.85116390335725,11.595954526640474,205.90497177040612,0,0,0,1,1,109,0.025218560860793545,0.029421654337592473,14.0,162.0
F8_0.2,N17,N16,800.0,-1,2400.0,1372.179073366358,56,27,27,56,572.1728657322012,2972.179073366358,39.30021734425894,39.31760171176229,-2,1,4.0,4.0,73,29,11.96622760472192,14.27814446969569,12.566862679781295,203.23808397202922,0,0,0,11,11,110,0.02942165433759247,0.031523201075991936,49.0,138.0
F4_13.1,N17,N16,800.0,-1,2400.0,1169.4095181502082,49,21,22,49,369.37691590821936,2769.409518150208,41.29642811042063,44.307692307692314,-2,1,33.0,33.0,66,29,12.457364302284642,163.70073520271825,12.066392334609702,207.95521407176165,0,0,0,4,4,92,0.018913920645595158,0.016812373907195696,36.0,172.0
F8_14.1,N17,N16,800.0,1,2400.0,1619.5019665462673,37,16,21,37,780.4980334537328,3219.5019665462673,0.0,44.307692307692314,-1,-1,18.0,18.0,47,26,0.0,0.0010163104143430246,0.0,248.85775568918584,0,10,0,1,1,74,0.09877269670477472,0.009456960322797579,98.0,148.0
F8_1.1,N17,N16,800.0,1,2400.0,2287.645013514654,20,5,20,20,112.3549864853461,3887.645013514654,0.0,0.0,-1,-1,5.0,5.0,26,8,9.456408956874231,12.38730739637981,10.365357763936046,228.54603494124237,0,1,0,5,3,45,0.06514794889038333,0.0,176.99999999999994,148.0
F8_16.1,N17,N16,800.0,-1,2400.0,1156.9656541234028,53,27,26,53,356.9621108966383,2756.9656541234026,38.79904916746612,38.19441461983122,-2,-1,34.0,34.0,70,31,11.706809284548413,13.783196921672868,11.32368431915781,206.97814930376055,0,0,0,8,7,106,0.02942165433759247,0.035726294552790853,32.00000000000006,144.0
F4_19.4,N17,N24,800.0,1,2400.0,2395.294465685802,6,0,6,15,4.705534314197735,3995.294465685802,0.0,0.0,1,1,29.0,29.0,40,10,11.052826521534694,23.63453233302107,13.8342937204561,215.80789118736968,0,0,0,7,0,21,0.05561782778011598,0.003152320107599193,153.99999999999994,141.0
F8_9.5,N17,N16,800.0,1,2400.0,1972.470791853223,50,23,22,50,427.529208146777,3572.470791853223,41.29642811042063,44.307692307692314,1,1,29.0,29.0,68,30,8.845842991153,13.994247373506369,11.484675345329226,221.15081738617653,0,0,0,5,5,95,0.07145258910558171,0.02101546738399462,87.0,184.0
F8_11.0,N17,N16,800.0,1,2400.0,2398.733856677103,26,9,21,26,1.2661433228965961,3998.733856677103,0.0,0.0,1,1,26.0,26.0,33,12,11.99393914884886,15.56953252617609,11.909458607395283,224.2991318985242,0,0,0,6,5,56,0.05674176193678548,0.0010507733691997312,164.00000000000006,200.0
F8_9.2,N17,N16,800.0,-1,2400.0,967.8016158786527,57,25,25,57,167.77687762055507,2567.8016158786527,38.202501402856704,38.15786652522336,-2,-1,17.0,17.0,85,32,11.979065424163254,41.23345183512595,12.26527461975407,204.52694468439165,0,0,0,13,11,107,0.05043712172158709,0.037827841291190316,16.0,203.0
F8_14.4,N17,N16,800.0,-1,2400.0,1069.4288269903882,56,26,24,56,269.42572980331636,2669.428826990388,38.79904916746612,38.447012188519786,-2,-1,24.0,24.0,80,31,11.350991362792621,12.981193570595792,10.267896411456412,206.2772252956498,0,0,0,8,7,106,0.02942165433759247,0.037827841291190316,25.0,203.0
F8_2.0,N17,N16,800.0,-1,2400.0,867.061895045515,56,26,27,56,67.03926742474948,2467.061895045515,36.150924040225306,37.73336703138699,-2,-1,1.0,1.0,91,34,11.772468579753907,44.70601996143705,11.35847073197534,206.3667820722086,0,0,0,16,14,109,0.05674176193678548,0.03992938802958978,7.0,200.0
F8_14.0,N17,N16,800.0,-1,2400.0,1278.0323308922398,56,27,27,56,478.02773940253,2878.0323308922398,39.30021734425894,39.31760171176229,-2,1,4.0,4.0,73,29,12.110102729624748,36.080861024157855,11.716186001918205,203.23808397202922,0,0,0,7,7,110,0.02942165433759247,0.031523201075991936,45.0,216.0
F8_9.3,N17,N16,800.0,-1,2400.0,1351.899316961857,53,28,33,53,551.8475361285572,2951.899316961857,36.63542110756055,36.97758429129349,-2,1,18.0,18.0,93,36,11.132407201177827,76.8976457988339,9.704219140408858,206.12416887092175,0,0,0,23,21,114,0.06514794889038333,0.05569098856758575,47.0,148.0
F8_1.3,N17,N16,800.0,1,2400.0,1917.834843079218,57,26,27,57,482.16515692078195,3517.834843079218,39.30021734425894,39.31760171176229,1,1,2.0,2.0,74,31,11.806672246004819,26.950763107842704,10.767788490854906,218.99424652348074,0,0,0,4,3,110,0.06935104236718224,0.031523201075991936,127.00000000000006,148.0
F8_16.3,N17,N16,800.0,1,2400.0,2389.7662301112155,31,15,22,31,10.233769888784423,3989.7662301112155,0.0,44.307692307692314,-1,-1,31.0,31.0,39,23,6.820555746541913,163.20697622371586,8.572406150172553,241.1608382499845,0,4,0,12,11,68,0.09667114996637526,0.004203093476798925,135.99999999999994,215.0
F4_19.5,N17,N24,800.0,1,2400.0,2390.7919861607047,10,0,10,19,9.208013839295404,3990.7919861607047,41.347618432941786,35.33742331288344,-1,-1,38.0,38.0,62,11,10.762722435671137,11.807680600298454,10.377106837574914,212.07201028850153,0,0,0,2,0,29,0.02942165433759247,0.005253866845998656,143.0,170.0
F8_14.3,N17,N16,800.0,-1,2400.0,1304.4567707513334,54,27,27,54,504.45183155122345,2904.4567707513334,38.938983227407995,38.93460084992932,-2,-1,40.0,40.0,72,31,11.669478405990182,14.032593013801488,10.073387979583067,206.15281719118138,0,0,0,12,12,108,0.031523201075991936,0.0336247478143914,49.0,219.0
F4_12.1,N17,N24,800.0,1,2400.0,2397.623566712225,10,1,10,16,2.376433287774944,3997.623566712225,38.79904916746612,35.123257110987176,1,1,32.0,32.0,72,15,10.502848779673746,14.25106387027904,11.776876394091136,216.0337864065371,0,0,0,10,4,27,0.0609448554135844,0.0073554135843981175,160.00000000000006,135.0
F8_9.0,N17,N16,800.0,1,2400.0,2394.217124589975,29,12,24,29,5.782875410025099,3994.217124589975,0.0,0.0,1,1,7.0,7.0,37,16,10.258006644166278,128.7231356671225,9.0984739624361,221.34639497134387,0,0,0,12,11,65,0.08406186953597848,0.0021015467383994624,186.0,200.0
F4_18.1,N17,N24,800.0,1,2400.0,2395.5373686553467,11,1,11,17,4.462631344653573,3995.5373686553467,38.79904916746612,35.123257110987176,1,1,31.0,31.0,73,15,10.952135886485596,13.23522568566841,11.56051055881571,217.54030336191605,0,0,0,4,2,29,0.031523201075991936,0.0073554135843981175,157.00000000000006,139.0
F4_17.0,N17,N24,800.0,1,2400.0,1816.9782336467251,10,1,10,15,583.0217663532746,3416.978233646725,38.88609736986335,35.123257110987176,1,1,38.0,38.0,72,15,10.696328064744165,82.97058513320644,11.956875185292155,215.4711298919932,0,0,0,3,0,26,0.06304640215198387,0.005253866845998655,115.0,177.0
F4_16.3,N17,N16,800.0,1,2400.0,2392.3619635255072,31,15,22,31,7.638036474492651,3992.3619635255072,0.0,44.307692307692314,1,-1,31.0,31.0,39,23,10.717086461340887,632.2982293810221,11.174888000981053,216.82543152095784,0,0,0,7,7,68,0.054640215198386015,0.004203093476798925,139.0,264.0
F8_2.2,N17,N16,800.0,1,2400.0,1708.5933404117013,54,26,25,54,691.4066595882988,3308.5933404117013,38.79904916746612,38.03549740773693,-1,-1,32.0,32.0,72,31,3.429122713255815,37.01920502233361,10.287368139767445,227.1314233352524,0,3,0,3,2,105,0.10087424344317418,0.036777067921990585,118.0,205.0
F8_1.4,N17,N16,800.0,1,2400.0,2396.433335916342,55,26,25,55,3.5666640836582246,3996.433335916342,38.79904916746612,38.03549740773693,-1,-1,28.0,28.0,75,31,10.535834361815752,118.00018172427576,12.080380211708293,228.40749151956243,0,3,0,12,11,106,0.06935104236718224,0.036777067921990585,136.0,193.0
F4_11.3,N17,N16,800.0,1,2400.0,2133.3803274008615,50,24,22,50,266.61967259913865,3733.3803274008615,41.29642811042063,44.307692307692314,-1,1,28.0,28.0,68,30,12.105386753543174,42.516622543618496,11.997417726136431,212.02181147235368,0,0,0,5,3,96,0.054640215198386015,0.02206624075319435,117.00000000000006,253.0
F8_9.4,N17,N16,800.0,1,2400.0,2390.7789166083426,51,24,23,51,9.221083391657316,3990.7789166083426,41.29642811042063,44.307692307692314,1,1,26.0,26.0,69,30,10.488259497574193,55.36412814426035,11.833247222683179,216.6059855113547,0,0,0,16,12,98,0.10087424344317418,0.024167787491593814,163.00000000000006,206.0
F10_2.0,N17,N16,800.0,1,2400.0,2394.206700299687,56,27,27,56,5.793299700313014,3994.206700299687,39.06988736943417,39.31760171176229,1,1,7.0,7.0,74,28,10.417401163230057,64.65280048200862,8.328185385302517,218.46711946210505,0,0,0,15,11,110,0.09667114996637526,0.02970523987531188,146.00000000000006,209.0
F8_2.3,N17,N16,800.0,-1,2400.0,1199.2274476697796,59,27,30,59,399.2236136086979,2799.2274476697794,36.71901416434038,34.838826035252836,-2,-1,29.0,29.0,100,41,11.913492703037656,21.32331866240446,10.646678141336654,210.1595441883411,0,0,0,24,16,116,0.06304640215198387,0.06935104236718226,37.0,201.0
F8_7.4,N17,N16,800.0,1,2400.0,2115.229080518068,53,31,30,53,284.7709194819323,3715.229080518068,36.16051405495683,37.73336703138699,1,1,36.0,36.0,92,37,5.917739063944329,12.474555732870158,10.627143454078167,265.16222507143425,0,11,0,18,16,114,0.0945696032279758,0.04203093476798924,162.0,148.0
F8_7.3,N17,N16,800.0,-1,2400.0,1433.5042419014108,58,26,30,58,633.4299096422269,3033.5042419014108,36.71901416434038,34.838826035252836,-2,-1,30.0,30.0,99,41,10.804463069032783,40.62654799121037,8.440434913182333,208.40719555936428,0,0,0,33,26,114,0.07565568258238063,0.06935104236718226,52.0,206.0
F4_7.3,N17,N16,800.0,1,2400.0,2354.6500699519775,56,26,26,56,45.34993004802266,3954.6500699519775,36.318533320407624,37.73336703138699,1,-1,3.0,3.0,91,33,11.900588598303791,20.099469640584857,11.013077146937587,209.0697227362124,0,0,0,5,1,108,0.025218560860793545,0.03992938802958978,136.0,184.0
F4_19.8,N17,N24,800.0,-1,2400.0,1555.4450685635793,27,4,27,25,755.1823945554036,3155.4450685635793,36.71901416434038,36.09059822616144,-2,1,29.0,29.0,100,23,10.487624652776953,31.71694991070879,8.268077540524638,222.8799624725177,0,0,0,12,8,56,0.02942165433759247,0.01996469401479489,77.0,180.0
F4_14.0,N17,N16,800.0,1,2400.0,1728.7821240056878,57,26,27,57,671.217875994312,3328.782124005688,39.30021734425894,39.31760171176229,-1,1,3.0,3.0,74,30,0.0,109.79160753940823,0.0,223.803499732544,0,2,0,1,1,110,0.06935104236718224,0.031523201075991936,88.00000000000006,277.0
F4_17.7,N17,N24,800.0,1,2400.0,2390.343971753761,18,2,18,21,9.656028246239202,3990.343971753761,37.63060147622835,36.82220747328612,1,1,13.0,13.0,86,15,11.657366639061426,44.6476305295821,11.284367211877957,214.20847453027875,0,0,0,7,5,41,0.031523201075991936,0.00945696032279758,160.0,173.0
F4_13.3,N17,N16,800.0,1,2400.0,1896.2479952803687,54,26,24,54,503.75200471963103,3496.2479952803687,39.60833467439707,44.307692307692314,-1,1,17.0,17.0,72,31,7.674937101366697,14.083117823942757,10.921855274204539,217.44132276680736,0,1,0,3,2,104,0.0668640874832014,0.029421654337592473,104.0,276.0
F4_18.0,N17,N24,800.0,1,2400.0,1781.412411312182,27,3,27,21,618.5875886878179,3381.412411312182,36.654600514936476,36.09059822616144,-1,-1,10.0,10.0,97,22,2.983481152657701,121.69609093305098,10.980034121083742,238.63339339224677,0,4,0,5,5,51,0.04203093476798924,0.012609280430396773,104.0,179.0
F4_18.4,N17,N24,800.0,1,2400.0,2398.85971177551,27,7,27,28,1.1402882244899502,3998.85971177551,36.46681677913228,36.02424775914104,1,1,8.0,8.0,106,23,12.70776486321673,33.2204225468879,11.539967474707543,208.57515083914112,0,0,0,4,1,62,0.0336247478143914,0.026269334229993276,136.0,139.0
F5_9.1,N17,N16,800.0,1,2400.0,2396.9276588524244,56,26,27,56,3.0723411475753437,3996.9276588524244,36.150924040225306,37.73336703138699,-1,-1,1.0,1.0,91,34,6.944035659759108,22.497720306223073,12.415982249341063,271.26933168994964,0,20,0,22,18,109,0.09877269670477472,0.03992938802958978,170.0,206.0
F4_19.6,N17,N24,800.0,1,2400.0,2391.80962313698,21,2,21,21,8.190376863019765,3991.80962313698,37.04798174961031,36.73709427629377,1,1,8.0,8.0,89,14,11.352291828176316,38.43633143146508,10.963372902693472,213.7224258959407,0,0,0,11,7,44,0.05253866845998655,0.01050773369199731,176.0,181.0
F5_7.1,N17,N16,800.0,1,2400.0,2397.336392316014,51,31,31,51,2.663607683985788,3997.336392316014,36.50901511247364,37.73336703138699,1,1,29.0,29.0,91,37,7.981095169266457,135.14898334317763,9.969809741686566,240.7653333900771,0,2,0,19,10,113,0.10616681521614967,0.04833557498318763,163.0,201.0
F8_14.6,N17,N16,800.0,1,2400.0,1780.8303817558908,55,26,25,55,619.1696182441093,3380.830381755891,38.79904916746612,38.03549740773693,-1,-1,27.0,27.0,75,31,9.636777576362658,12.989859014459853,11.755312110077226,230.93998117377737,0,3,0,6,5,106,0.06935104236718224,0.036777067921990585,110.0,302.0
F10_7.0,N17,N16,800.0,1,2400.0,2390.5380476346622,53,29,32,53,9.461952365337652,3990.5380476346622,36.63542110756055,36.97758429129349,1,1,21.0,21.0,93,36,10.98608623679972,203.0701836350222,11.748935397721239,220.80549296986075,0,0,0,16,14,114,0.07985877605917956,0.05468284879109542,174.0,191.0
F8_2.5,N17,N16,800.0,1,2400.0,1900.9033659804713,54,26,33,54,499.0966340195288,3500.9033659804713,36.64160750965821,34.89777657419498,-1,-1,41.0,41.0,95,36,11.345496461825325,79.42796371660006,10.979037406905046,221.7674126693606,0,0,0,6,5,113,0.1050773369199731,0.06619872225958305,133.0,201.0
F8_7.6,N17,N16,800.0,1,2400.0,1846.808293779537,52,22,27,52,553.191706220463,3446.808293779537,36.090115756383526,35.30636047119519,1,1,20.0,20.0,96,59,7.097687177162348,20.27034451317104,12.807831820618281,229.93240369287787,0,0,1,6,4,101,0.09824117527222347,0.07387511451025552,92.0,184.0
F4_11.2,N17,N16,800.0,-1,2400.0,1018.7296275183589,54,27,34,54,218.7034753093559,2618.729627518359,36.64160750965821,35.3547914708069,-2,1,0.0,0.0,95,36,11.267665406968561,225.0927719422051,9.168089446878842,208.6744753274776,0,0,0,20,14,115,0.07355413584398117,0.06514794889038332,21.0,326.0
F4_11.1,N17,N16,800.0,1,2400.0,2393.768275508876,47,19,22,47,6.231724491124169,3993.768275508876,41.347618432941786,44.307692307692314,-1,1,39.0,39.0,61,29,11.616739609838502,114.90603830822556,9.986428843212144,211.68429862441857,0,0,0,6,3,88,0.04203093476798924,0.011558507061197043,158.00000000000006,323.00000000000006
F8_7.7,N17,N16,800.0,1,2400.0,2276.0859755703877,65,25,27,65,123.91402442961248,3876.0859755703877,36.45903649948007,34.87403786663964,-1,-1,7.0,7.0,107,52,5.023279030813854,44.95301761007795,12.057312853181294,271.99224322836807,0,17,2,17,14,117,0.11978816408876934,0.07145258910558171,169.0,158.0
F8_15.3,N17,N16,800.0,1,2400.0,2394.0848195782796,39,18,20,39,5.915180421720493,3994.0848195782796,41.347618432941786,44.307692307692314,-1,-1,5.0,5.0,50,28,6.430160444075726,19.24764152035891,10.619068214073792,252.40835366902718,0,11,0,17,15,77,0.10297579018157364,0.011558507061197043,182.0,327.0
F8_11.2,N17,N16,800.0,1,2400.0,1664.0881619014008,55,29,27,55,735.9118380985992,3264.088161901401,36.13065186509117,37.73336703138699,1,1,41.0,41.0,91,36,0.0,0.0010294204394085682,0.0,273.28962451330995,0,18,0,6,4,111,0.10861808909788374,0.03992938802958978,88.0,372.9999999999999
F8_0.6,N17,N16,800.0,1,2400.0,2392.355724751959,57,26,26,57,7.644275248041254,3992.355724751959,35.835334607054875,35.23537946156117,1,1,38.0,38.0,98,57,6.329497512066119,74.75490316824516,10.224524113737688,277.53777788807486,0,13,0,21,19,109,0.12734320067016167,0.07042093981170139,177.0,196.0000000000001
F8_16.2,N17,N16,800.0,-1,2400.0,1145.583475418869,55,26,33,55,345.5522041535857,2745.583475418869,36.64160750965821,34.89777657419498,-2,-1,38.0,38.0,97,37,11.354238301545903,10.716935157075795,11.658568514523916,207.79018824450395,0,0,0,26,18,114,0.08196032279757902,0.06724949562878278,32.0,392.0
F8_16.4,N17,N16,800.0,-1,2400.0,1373.363900654348,56,27,35,56,573.3077766120322,2973.363900654348,36.6682578719531,35.981325619455404,-2,1,3.0,3.0,97,36,11.112840484220277,21.804435439196993,10.765410201141174,208.76547746102744,0,0,0,29,23,118,0.07508126201495771,0.06486073860667187,52.0,386.9999999999999
F4_9.2,N17,N16,800.0,1,2400.0,2399.3334537833107,66,23,22,66,0.6665462166893121,3999.3334537833107,35.95857122050213,34.6950246096438,1,-1,21.0,21.0,108,81,11.04799336570631,13.28482831118231,10.942588268054775,206.99565422762865,0,0,5,5,2,111,0.02942165433759247,0.08406186953597848,153.0,171.0000000000001
F4_11.4,N17,N16,800.0,1,2400.0,2398.4844909657127,54,27,26,54,1.51550903428722,3998.4844909657127,38.79904916746612,38.03549740773693,1,-1,33.0,33.0,71,31,11.540984242441237,509.9068361517611,11.815076821830251,217.01750520270198,0,0,0,2,0,107,0.02942165433759247,0.0363033089844466,155.99999999999994,365.00000000000006
F8_14.5,N17,N16,800.0,1,2400.0,1986.301289706621,55,27,27,55,413.698710293379,3586.301289706621,39.06988736943417,39.31760171176229,1,1,9.0,9.0,73,28,10.472271750686259,18.853747035273727,10.139879651714343,217.32255616306415,0,0,0,7,6,109,0.09877269670477472,0.029421654337592473,144.99999999999994,390.99999999999994
F4_7.4,N17,N16,800.0,1,2400.0,2390.96837207834,63,23,24,63,9.03162792166006,3990.96837207834,35.95857122050213,34.63121799762889,1,-1,24.0,24.0,103,81,11.207890301239908,12.756350607472086,10.741354100199732,207.61116544790502,0,0,5,3,1,110,0.02942165433759247,0.08301109616677875,151.0,179.9999999999999
F8_0.7,N17,N16,800.0,1,2400.0,2396.7584853995195,60,23,25,60,3.2415146004804,3996.7584853995195,35.95857122050213,34.63121799762889,-1,-1,25.0,25.0,100,81,7.93706832816139,10.07115043275985,8.940310820768516,245.3106317007574,0,6,5,17,13,108,0.11978816408876934,0.08196032279757902,187.0,147.9999999999999
F8_2.8,N17,N16,800.0,1,2400.0,2394.9894704299754,67,23,21,67,5.010529570024687,3994.9894704299754,35.96970750848433,34.6950246096438,-1,-1,20.0,20.0,109,83,7.915827608791844,9.38379834342527,8.658168131708985,245.82289096035726,0,8,5,16,12,111,0.11348352387357095,0.08406186953597848,200.0,143.9999999999999
F4_13.4,N17,N16,800.0,1,2400.0,2399.268292847573,53,27,26,53,0.7317071524270204,3999.268292847573,38.79904916746612,38.19441461983122,1,-1,34.0,34.0,70,31,10.538191336765022,90.47135619265418,12.717720578918204,215.12513574112253,0,0,0,9,4,106,0.05945006701775762,0.035726294552790853,154.99999999999994,382.99999999999994
F3_12.0,N17,N24,800.0,1,2400.0,2398.51469496806,26,9,26,32,1.4853050319400154,3998.51469496806,35.45579012802782,36.586434996061726,1,-1,37.0,37.0,113,35,5.104971262024148,217.56677544880085,12.837719812145993,284.3146610848454,0,2,0,8,8,67,0.028320459561799644,0.03467552118359112,166.0,154.9999999999999
F2_18.0,N17,N24,800.0,1,2400.0,2389.916395304611,31,12,31,26,10.083604695388885,3989.916395304611,35.612260386685314,36.39824861600137,1,-1,3.0,3.0,110,43,12.502339426841019,200.0,12.502339426841019,195.1403603111008,0,0,3,0,0,69,0.00840618695359785,0.04518325487558844,137.0,152.0
F4_18.6,N17,N24,800.0,1,2400.0,2368.5265292120566,31,12,31,26,31.473470787943143,3968.5265292120566,35.63530176141243,36.39824861600137,-1,-1,2.0,2.0,112,46,7.738385362852832,142.0323990431623,9.403994933733559,247.80538681553486,0,4,3,18,2,69,0.07565568258238063,0.04623402824478817,167.0,139.9999999999999
F8_9.8,N17,N16,800.0,1,2400.0,1963.8211442488719,65,23,24,65,436.17885575112814,3563.821144248872,35.63530176141243,35.65262000551481,0,0,0.0,0.0,114,96,9.388339611653699,13.293897022333567,11.347347211107163,227.605387114883,0,0,4,11,9,112,0.11768661735036988,0.09351882985877606,148.0,189.0
F8_7.9,N17,N16,800.0,1,2400.0,2395.510902236005,71,23,16,71,4.489097763994778,3995.510902236005,35.48138717900329,34.954361782395424,-1,-1,2.0,2.0,109,96,6.67237808033254,27.8958802720108,10.0445602506224,267.43957550604904,0,14,11,23,19,110,0.14080363147276395,0.08406186953597848,191.0,198.0
F8_7.11,N17,N16,800.0,1,2400.0,2399.8941700838564,74,24,25,74,0.10582991614353432,3999.8941700838564,35.6756020584566,35.613088285538566,-1,-1,22.0,22.0,126,112,8.390143783085552,14.329219494829886,12.923479212807893,247.88598800415045,0,8,19,21,17,123,0.12399125756556827,0.10297579018157364,180.0,162.0
F8_9.6,N17,N16,800.0,1,2400.0,2399.8072147666453,72,25,16,72,0.19278523335481168,3999.8072147666453,35.641476439306025,34.793747525506014,-1,-1,3.0,3.0,113,96,6.485252848537683,25.587955473624334,9.253038067244612,265.05072647615094,0,13,10,22,18,113,0.13660053799596505,0.08406186953597848,193.0,206.0
F8_9.9,N17,N16,800.0,1,2400.0,2388.9204146967495,82,29,25,82,11.07958530325061,3988.9204146967495,35.513683592053944,35.457697557323556,-1,-1,5.0,5.0,134,125,6.080312434043825,13.44663632792458,11.269890393886199,273.17074184878044,0,23,32,28,23,136,0.13634276935383433,0.1082296570275723,179.0,153.0
F4_13.5,N17,N16,800.0,1,2400.0,1659.4426351412426,56,26,30,56,740.5573648587575,3259.4426351412426,36.64160750965821,34.838826035252836,1,-1,32.0,32.0,98,37,6.792341343992045,5.1669206059327735,4.0766591646043935,226.62872736475782,0,0,0,3,0,112,0.06514794889038333,0.06935104236718224,79.0,453.0
F3_12.1,N17,N24,800.0,1,2400.0,2394.295743466184,32,12,32,25,5.704256533816306,3994.295743466184,35.63530176141243,36.39824861600137,0,-1,1.0,1.0,113,47,12.10810779351923,36.66970639651208,9.002238634584783,201.4505619096047,0,0,3,6,6,69,0.02874559560473658,0.04623402824478817,165.0,193.0
F4_19.11,N17,N24,800.0,1,2400.0,2394.698448679128,31,15,31,32,5.3015513208719085,3994.698448679128,35.450070569259736,36.53335586750838,1,1,1.0,1.0,132,62,10.766138615963504,156.9724959231121,13.72987970958367,213.0896562560576,0,0,0,6,3,78,0.02942165433759247,0.04308170813718898,174.0,179.0
F8_15.4,N17,N16,800.0,1,2400.0,2324.420453482693,57,26,25,57,75.579546517307,3924.420453482693,36.53070233129126,37.73336703138699,-1,-1,4.0,4.0,91,33,6.452751286014258,46.29544758567249,12.036906201019965,271.7759232126036,0,19,0,20,17,108,0.09667114996637526,0.03992938802958978,171.0,490.0000000000001
F8_14.7,N17,N16,800.0,1,2400.0,2262.0016864909444,57,26,25,57,137.9983135090556,3862.0016864909444,36.79814804112322,37.73336703138699,-1,-1,6.0,6.0,90,33,6.093079668217603,14.800275287312616,11.746761842068427,273.3199022265686,0,19,0,18,15,108,0.0945696032279758,0.03887861466039005,178.0,487.9999999999999
F8_11.6,N17,N16,800.0,1,2400.0,1689.3155557994028,50,21,27,50,710.684444200597,3289.315555799403,36.149435529143965,35.173314101428765,1,1,10.0,10.0,95,63,4.856585187402227,63.96173893749574,4.856585187402227,226.00337948671174,0,0,0,1,1,98,0.09036650975117687,0.07861296416650694,78.0,466.9999999999999
F4_14.2,N17,N16,800.0,1,2400.0,2399.7719532550627,59,27,30,59,0.228046744937501,3999.7719532550627,36.71901416434038,34.838826035252836,1,-1,29.0,29.0,100,41,10.935898857343252,712.2461676391399,10.74246951136587,214.68254040714152,0,0,0,3,0,116,0.037827841291190316,0.06935104236718226,151.0,473.0
F2_12.0,N17,N24,800.0,1,2400.0,2398.295254625949,31,17,31,31,1.7047453740509582,3998.295254625949,35.8133157020655,36.67023034788136,-1,1,23.0,23.0,142,74,11.757702129958941,119.7555226982347,11.075013140959955,196.12508472529086,0,0,0,3,1,79,0.06304640215198387,0.04623402824478817,145.0,199.0
F4_15.7,N17,N24,800.0,1,2400.0,2280.394398970896,40,18,40,32,119.60560102910404,3880.394398970896,35.760387236293,36.51356965870053,1,1,8.0,8.0,163,76,12.650921641707384,50.23388952199048,12.650921641707384,215.00961147533008,0,0,0,1,1,90,0.04203093476798924,0.04623402824478817,160.9999999999999,162.0
F4_18.9,N17,N24,800.0,1,2400.0,2389.369565460836,38,19,38,32,10.63043453916407,3989.369565460836,35.78158941841965,36.5247382703915,1,1,14.0,14.0,155,76,10.779193509665355,12.944454017639828,10.739557284209127,212.92529117643073,0,0,0,11,8,89,0.05884330867518494,0.04623402824478817,169.9999999999999,182.0
F3_17.7,N17,N24,800.0,1,2400.0,2393.8855702545548,42,21,42,37,6.11442974544525,3993.8855702545548,35.34661746559393,36.22147860593257,1,-1,26.0,26.0,162,89,10.846720679505017,23.565674050036023,11.692036821456856,199.11756743413898,0,0,2,9,7,100,0.07985877605917956,0.04518325487558844,167.0000000000001,157.0
F2_12.1,N17,N24,800.0,1,2400.0,2394.966379594042,40,18,40,32,5.0336204059582315,3994.966379594042,35.760387236293,36.51356965870053,-1,1,8.0,8.0,163,76,11.542107779904596,200.0,11.542107779904596,197.52137990035305,0,0,0,0,0,90,0.031523201075991936,0.04623402824478817,185.0,162.0
F3_17.6,N17,N24,800.0,1,2400.0,2393.045864221621,41,19,41,38,6.954135778378941,3993.045864221621,35.652396030663134,36.44028270184411,-1,0,2.0,2.0,164,82,11.938240889185295,48.248279276878066,13.03879912477095,194.55370533351788,0,0,0,6,4,98,0.06935104236718224,0.04464826844299639,183.0,157.0
F2_19.1,N17,N24,800.0,1,2400.0,2396.880434288978,41,21,41,40,3.119565711022119,3996.880434288978,35.3137201723672,35.710104106161445,-1,1,37.0,37.0,152,85,10.065506977408527,91.25840045562586,13.072564267233856,201.06738550007768,0,1,0,5,1,102,0.037827841291190316,0.04668890720725821,141.9999999999999,159.0
F4_11.6,N17,N16,800.0,1,2400.0,2397.67163719769,63,26,28,63,2.3283628023102665,3997.67163719769,36.82658655856993,34.87403786663964,1,-1,21.0,21.0,105,45,11.151808287422826,30.19770303778614,11.296221231688774,209.43511097067983,0,0,0,8,4,117,0.054640215198386015,0.07145258910558171,149.0,519.9999999999999
F8_1.9,N17,N16,800.0,1,2400.0,2392.302879201127,95,32,28,95,7.697120798873243,3992.302879201127,35.78158941841965,34.92474286015882,-1,-1,15.0,15.0,152,140,6.0488303963148065,10.171385663702722,9.2387487770511,290.22461165542666,0,22,25,33,27,155,0.1344989912575656,0.12188971082716882,218.0,171.0
F8_0.14,N17,N16,800.0,1,2400.0,2392.835050378028,96,32,30,96,7.164949621971914,3992.835050378028,35.78158941841965,34.85744155755637,-1,-1,13.0,13.0,157,141,5.977525663775421,13.867594372634358,11.465231404738912,291.85855657978897,0,25,27,33,27,158,0.1344989912575656,0.12294048419636855,213.9999999999999,174.0
F8_11.3,N17,N16,800.0,1,2400.0,2393.793702443409,56,26,27,56,6.2062975565909255,3993.793702443409,36.150924040225306,37.73336703138699,-1,-1,1.0,1.0,91,34,5.642917810753267,29.83789429189619,10.807318606301635,271.26933168994964,0,20,0,24,15,109,0.10928043039677203,0.03992938802958978,198.0,540.0
F4_9.4,N17,N24,800.0,1,2400.0,2398.9943298915287,49,23,49,41,1.0056701084711221,3998.9943298915287,35.39180329027752,35.599420767235074,1,1,25.0,25.0,169,85,11.966359547619414,14.255653643308051,12.105345969340169,213.5931389567107,0,0,0,6,4,113,0.046669563567090934,0.051203937387323616,150.0,185.0
F8_2.11,N17,N16,800.0,1,2400.0,1897.962595763302,76,30,34,76,502.0374042366978,3497.962595763302,35.35186659128781,34.20596146726417,1,1,2.0,2.0,144,137,6.924555444090462,9.01708648760632,6.161071724720012,255.221599621563,0,0,15,17,14,140,0.11978816408876934,0.13241658502414436,214.0000000000001,157.0
F4_9.5,N17,N16,800.0,1,2400.0,2398.554053230789,86,27,31,86,1.445946769210991,3998.554053230789,35.25789582380773,34.09528925935019,1,-1,5.0,5.0,196,147,11.528700223417978,12.076047520333304,10.106721838822208,209.862969663349,0,0,36,11,2,144,0.06514794889038333,0.13975285810356422,150.9999999999999,176.0
F3_19.5,N17,N24,800.0,1,2400.0,2397.1805349663337,41,20,41,39,2.819465033666347,3997.1805349663337,35.3711874093069,35.792032781930935,1,-1,3.0,3.0,145,89,9.856132843236423,280.3123314901609,13.14814129781214,205.2219143371395,0,1,5,4,0,100,0.03786609943222362,0.047284801613987903,155.0,212.0
F2_12.2,N17,N24,800.0,1,2400.0,2389.7993838318007,43,21,43,40,10.200616168199304,3989.7993838318007,35.331392770614,35.710104106161445,-1,1,35.0,35.0,156,87,10.760077432583236,9.765786024531963,11.976540851832667,208.19805731767912,0,1,0,17,11,104,0.09246805648957633,0.046953907891634686,154.9999999999999,203.0
F3_19.4,N17,N24,800.0,1,2400.0,2395.466876717128,41,20,41,39,4.533123282871998,3995.466876717128,35.3711874093069,35.792032781930935,1,-1,3.0,3.0,145,89,12.014060583898255,131.04620246839067,10.566484336112419,205.2219143371395,0,1,5,12,9,100,0.08272120313356712,0.047284801613987903,159.0,211.0
F4_11.14,N17,N24,800.0,1,2400.0,2389.351135673828,75,29,75,41,10.648864326171633,3989.351135673828,35.1024716515349,35.127267828957045,-1,-1,34.0,34.0,199,90,11.457859908855678,76.03173931894185,14.470739823691897,209.70303198949594,0,0,2,14,9,145,0.07355413584398117,0.05253866845998655,152.0,172.0
F8_9.15,N17,N24,800.0,1,2400.0,1982.9300562505928,40,20,40,39,417.0699437494073,3582.9300562505928,35.361079858758174,35.83265353068812,1,-1,6.0,6.0,144,88,7.529391928609266,12.94558179566775,11.321810507265836,258.9894440982885,0,0,3,21,3,99,0.12399125756556827,0.047284801613987903,229.0,163.0
F3_17.4,N17,N24,800.0,1,2400.0,2390.523544569375,43,20,43,39,9.476455430624696,3990.523544569375,35.315153482204835,36.105653757636055,1,-1,16.0,16.0,155,93,11.786431871856054,109.71429418330013,11.795609065636308,198.02292798675873,0,0,3,9,8,102,0.07985877605917956,0.04587346208547637,172.9999999999999,214.0
F3_18.9,N17,N24,800.0,1,2400.0,2389.202683999735,72,29,72,44,10.797316000264686,3989.202683999735,35.187358497180426,35.175657056023056,-1,0,2.0,2.0,199,88,7.5866937931541605,101.47501203256411,12.180172258171552,251.25472712789042,0,14,0,23,22,145,0.09246805648957633,0.04938634835238736,184.0000000000001,159.0
F3_17.8,N17,N24,800.0,1,2400.0,2390.294558984412,73,29,73,42,9.705441015587667,3990.294558984412,35.14875667845192,35.182287549208844,1,-1,40.0,40.0,199,88,8.188794791616326,45.12293056920544,13.056635589781015,242.30325148104953,0,10,1,23,23,144,0.09036650975117687,0.05043712172158709,183.0,156.0
F2_19.0,N17,N24,800.0,1,2400.0,2397.9381511377924,52,24,52,42,2.0618488622077393,3997.9381511377924,35.36642760713694,35.6295345224261,-1,1,21.0,21.0,173,87,7.860610153964109,29.22876952363572,10.786918394015887,228.9337136839419,0,8,0,19,15,118,0.09667114996637526,0.052538668459986546,195.0000000000001,180.0
F2_19.4,N17,N24,800.0,1,2400.0,2399.154267107976,54,27,54,42,0.8457328920242162,3999.154267107976,35.35237196775614,35.712446265968765,-1,1,17.0,17.0,178,88,6.756520757106724,178.51668234475915,12.38808334681168,237.24823589756065,0,9,0,8,0,123,0.03992938802958978,0.05201965179218271,199.0,167.0
F2_18.1,N17,N24,800.0,1,2400.0,2394.175648647728,51,23,51,42,5.824351352271947,3994.175648647728,35.39180329027752,35.599420767235074,-1,1,24.0,24.0,172,85,7.977802507200581,63.910950098666945,12.323428061605249,228.1032895546486,0,6,0,19,14,116,0.09877269670477472,0.05148789509078683,204.0000000000001,177.0
F8_16.6,N17,N16,800.0,1,2400.0,2392.8868988906934,65,25,27,65,7.113101109306513,3992.8868988906934,36.8529687346833,34.87403786663964,-1,-1,20.0,20.0,106,46,6.7644340055672805,86.89256993863592,10.285350324807212,258.4305486325701,0,13,0,19,16,117,0.11720866904924943,0.07145258910558171,189.0,572.0000000000001
F8_13.1,N17,N16,800.0,1,2400.0,2398.198076035973,67,25,27,67,1.8019239640270825,3998.198076035973,36.66350616231116,34.87403786663964,-1,-1,12.0,12.0,106,51,6.473114468366463,12.797554817599348,9.591223713675507,272.1232431944324,0,15,2,21,18,119,0.11768661735036988,0.07145258910558172,187.0,569.0000000000001
F8_0.13,N17,N16,800.0,1,2400.0,2207.0631241086166,78,30,34,78,192.93687589138312,3807.0631241086166,35.319887570669835,34.14872411856153,1,1,12.0,12.0,149,138,6.85596780542297,54.41637599926548,12.286144006855167,259.92227932579203,0,4,15,28,21,142,0.14710827168796234,0.12611427914996357,234.0,206.0
F8_0.15,N17,N16,800.0,1,2400.0,2393.6759783005014,88,30,29,88,6.324021699498758,3993.6759783005014,35.36642760713694,34.18789686473871,-1,-1,20.0,20.0,175,148,3.452041860468491,14.973604526663621,10.253778466353749,322.44276539714167,0,29,24,30,24,147,0.12574098783340742,0.1387020847343645,226.0000000000001,192.0
F3_17.9,N17,N24,800.0,1,2400.0,2390.4996185322484,74,29,74,41,9.500381467751708,3990.4996185322484,35.13615205926383,35.127267828957045,1,-1,37.0,37.0,201,88,9.038906704169488,30.189358231922824,12.122022833583229,237.40138216458809,0,4,2,23,23,144,0.09246805648957633,0.051350769755384745,179.0,218.0
F4_13.17,N17,N24,800.0,1,2400.0,2399.0235199576496,73,35,73,31,0.9764800423503175,3999.0235199576496,34.78854247477306,35.219450909762905,1,1,22.0,22.0,204,91,9.94205772775824,15.71165666300044,12.162412711943201,218.44584480492202,0,0,0,5,4,139,0.03992938802958978,0.06935104236718224,147.0,191.0
F3_12.2,N17,N24,800.0,1,2400.0,2399.775958319281,77,33,77,40,0.22404168071898312,3999.775958319281,34.91782958629238,35.181212966494705,1,-1,23.0,23.0,196,94,11.304133404068837,96.38052601234972,13.085992132219479,234.95797019423074,0,8,5,18,17,150,0.08196032279757902,0.05892053131107802,179.0,207.0
F8_7.14,N17,N16,800.0,1,2400.0,2397.865419972458,85,27,31,85,2.134580027542029,3997.865419972458,35.22044163944306,34.09528925935019,-1,-1,4.0,4.0,195,149,4.18850744084837,34.5451566375109,11.38673487535499,334.5512834595335,0,45,36,37,26,143,0.13239744451916613,0.13975285810356422,265.0000000000001,159.0
F4_9.6,N17,N24,800.0,1,2400.0,2307.4130911146485,80,37,80,33,92.58690888535148,3907.4130911146485,34.56413286381428,35.042046988212604,-1,-1,41.0,41.0,212,78,12.740791101372594,23.31502919797458,12.211227305914678,211.74841348089035,0,0,0,4,4,150,0.04833557498318763,0.06619872225958305,147.0,176.0
F4_11.16,N17,N24,800.0,1,2400.0,2394.249302243559,83,36,83,33,5.750697756440786,3994.249302243559,34.631780364352686,35.084402364753245,0,0,2.0,2.0,214,78,12.087557617220142,42.89915216882105,11.740920261021785,214.65518918288046,0,0,0,5,5,152,0.046234028244788165,0.06619872225958305,148.0,180.0
F8_11.9,N17,N24,800.0,1,2400.0,1972.8631608309224,77,32,77,39,427.1368391690777,3572.8631608309224,34.91782958629238,35.17536385630468,1,-1,19.0,19.0,201,94,6.323579847156992,12.406379277518454,10.174815594567974,262.39303468214223,0,4,5,23,5,148,0.13239744451916613,0.061995628782784126,258.0,147.0
F4_18.12,N17,N24,800.0,1,2400.0,2389.0494001365114,72,34,72,31,10.950599863488378,3989.0494001365114,34.78854247477306,35.18809828839433,1,1,23.0,23.0,203,92,10.090921924269235,17.561100369825,10.821553247846008,216.57860184566465,0,0,0,6,2,137,0.07145258910558171,0.06935104236718224,164.0,210.0
F8_7.16,N17,N16,800.0,1,2400.0,1876.3724010887322,68,26,24,68,523.627598911268,3476.372401088732,34.08194762784744,32.95267999931437,1,1,8.0,8.0,202,197,5.244403430472829,2.3943002790188075,0.0,286.3440898626212,0,13,41,19,9,118,0.1387020847343645,0.15658436319005187,151.0,188.0
F8_2.12,N17,N16,800.0,1,2400.0,2334.444654226975,70,29,22,70,65.5553457730249,3934.444654226975,34.30557466843862,33.202459129839475,1,1,31.0,31.0,204,182,2.519190789615005,72.0381438820175,8.788710145245723,377.8715759128308,0,45,42,34,22,121,0.13029589778076667,0.15133050513271648,195.0,183.0
F2_12.4,N17,N24,800.0,1,2400.0,2390.1387078821676,71,31,71,31,9.861292117832477,3990.1387078821676,34.79484288207472,35.17536005790649,-1,1,28.0,28.0,198,91,4.360683934086783,103.26918061443735,12.46874004536555,267.8889194115691,0,13,0,9,0,133,0.03992938802958978,0.06409717552118359,143.0,280.0
F4_13.8,N17,N16,800.0,1,2400.0,2397.263852426212,56,26,24,56,2.736147573787889,3997.263852426212,36.03950989046512,34.619248894656124,1,-1,30.0,30.0,96,77,8.011418401815552,562.904896669136,9.383278154737889,216.1322789740908,0,0,3,5,4,106,0.07081834681179137,0.07985877605917956,153.0,648.0
F3_19.7,N17,N24,800.0,1,2400.0,2396.731424407378,82,35,82,33,3.268575592621687,3996.731424407378,34.461289529397824,34.99477770338096,1,-1,37.0,37.0,211,79,5.504211446551361,78.89635774468229,12.35527194666338,285.3449067448703,0,12,1,20,16,150,0.08406186953597848,0.06724949562878278,176.0,220.0
F3_12.3,N17,N24,800.0,1,2400.0,2394.4431583832525,84,34,84,33,5.556841616747533,3994.4431583832525,34.30557466843862,34.99787315126559,1,-1,31.0,31.0,204,82,7.317656640495482,62.80468358976782,12.191993898488588,256.16626391285473,0,4,1,17,14,151,0.08780546958834384,0.07094549522019931,174.0,222.0
F2_17.2,N17,N24,800.0,1,2400.0,2397.9306922759797,70,31,70,30,2.0693077240201774,3997.9306922759797,34.79484288207472,35.17536005790649,-1,1,29.0,29.0,197,91,5.679798387222898,23.013577095854316,12.818420170497866,262.69604923466517,0,12,0,17,14,131,0.0945696032279758,0.06487261538664374,143.0,294.0
F8_15.10,N17,N24,800.0,1,2400.0,2394.856368901702,69,28,69,43,5.143631098297874,3994.856368901702,35.25789582380773,35.37221864333339,-1,1,5.0,5.0,196,87,4.02102033371504,11.295850649194108,9.989640410289399,334.40632172198235,0,45,0,41,3,140,0.1597175521183591,0.0504371217215871,306.0,201.0
F3_19.6,N17,N24,800.0,1,2400.0,2395.1560216269017,75,32,75,29,4.84397837309848,3995.1560216269017,34.82661449060108,35.12610285661465,-1,1,41.0,41.0,197,90,10.676491324161944,147.8342220574882,14.19047364172612,225.77117395816305,0,1,5,16,13,136,0.08406186953597848,0.06776424324247046,163.0,289.0
F4_16.10,N17,N24,800.0,1,2400.0,2391.8510487587887,83,36,83,36,8.148951241211307,3991.8510487587887,33.96861360019465,34.90160008069481,1,1,5.0,5.0,206,98,11.159090388334452,33.8512816380769,10.99245896562273,213.25851409688994,0,0,0,11,7,155,0.06514794889038333,0.0914172831203766,153.0,186.0
F4_15.10,N17,N24,800.0,1,2400.0,2293.331923792839,82,34,82,37,106.668076207161,3893.331923792839,33.87368865530143,34.85477663404721,1,1,0.0,0.0,204,98,11.221229658620391,17.754303322404894,9.90140219943055,211.08759268480847,0,0,0,9,6,153,0.06304640215198387,0.09246805648957633,160.0,177.0
F4_14.12,N17,N24,800.0,1,2400.0,2391.801041430008,80,37,80,33,8.1989585699921,3991.801041430008,34.121967130652784,35.03795541251061,1,1,14.0,14.0,207,97,10.59753249244451,35.063880780376394,10.865649013655975,215.3487148836938,0,0,0,11,7,150,0.06935104236718224,0.09036650975117687,169.0,186.0
F3_18.14,N17,N24,800.0,1,2400.0,2396.85316840362,83,35,83,42,3.146831596379684,3996.85316840362,33.62018494302858,34.81849732267978,1,-1,30.0,30.0,205,108,7.082876016063905,67.38066274788957,11.753249602865033,270.02429002464055,0,5,3,13,6,160,0.08092679858823335,0.09562037659717552,170.0,176.0
F8_2.13,N17,N16,800.0,1,2400.0,2388.9230490181735,65,25,21,65,11.076950981826258,3988.9230490181735,33.96861360019465,32.97241337145414,-1,-1,6.0,6.0,205,210,2.968405664706364,112.85909671962395,13.691555962391137,406.4292398332806,0,46,42,37,24,111,0.14500672494956288,0.15866677874915938,206.0,181.0
F4_13.10,N17,N16,800.0,1,2400.0,2394.9901717404446,70,24,20,70,5.0098282595555474,3994.9901717404446,35.94664553017187,34.62131424478387,1,-1,14.0,14.0,112,89,11.215572823204585,41.0256136113037,12.325297738742734,206.0946320846481,0,0,9,8,5,114,0.06514794889038333,0.08406186953597848,151.0,703.9999999999999
F4_16.7,N17,N16,800.0,1,2400.0,2390.143006363489,73,25,18,73,9.856993636511106,3990.143006363489,35.45579012802782,35.2321912656849,-1,1,38.0,38.0,112,94,9.691324992788875,121.58576604966584,12.417434554303698,217.544924237977,0,0,4,13,12,116,0.06304640215198387,0.08198628394536994,139.0,697.0
F8_14.10,N17,N16,800.0,1,2400.0,2392.172531782421,69,23,22,69,7.827468217578826,3992.172531782421,35.96970750848433,34.6950246096438,-1,-1,19.0,19.0,111,84,7.638996451122051,20.44649196383125,9.599888258058868,249.74793951178134,0,8,7,19,14,114,0.1281943510423672,0.08406186953597848,190.0,677.0
F4_9.9,N17,N24,800.0,1,2400.0,2397.8317856887643,89,43,89,41,2.1682143112359427,3997.8317856887643,33.504398022737846,34.59505035590167,1,1,4.0,4.0,224,143,11.555968998306252,14.041427705209117,12.975954572830164,208.0226324960252,0,0,0,9,8,173,0.0441324815063887,0.0965835258516234,153.0,182.0
F4_15.12,N17,N24,800.0,1,2400.0,2393.9601641561803,91,44,91,40,6.039835843819787,3993.9601641561803,33.437085287442,34.59715512021369,1,1,1.0,1.0,225,143,12.25186338663915,24.703699290289023,11.637786818631948,205.90969139158523,0,0,0,8,7,175,0.043205664395257554,0.09564219510937025,152.0,183.0
F3_18.11,N17,N24,800.0,1,2400.0,2390.8919107610272,78,38,78,39,9.10808923897298,3990.8919107610272,33.43890786643328,34.78057838417391,1,-1,11.0,11.0,196,118,11.239986813825384,52.41682849828112,11.933025621417476,259.0456171742302,0,9,8,11,4,155,0.06935104236718224,0.09982347007397445,169.0,210.0
F8_0.17,N17,N16,800.0,1,2400.0,2399.460294985478,60,26,25,60,0.5397050145221556,3999.460294985478,33.61870196145559,32.92889665010198,1,1,29.0,29.0,205,228,3.882459423204294,6.7387847934417096,9.847701947971688,418.59896916887345,0,43,34,38,28,111,0.1387939160030922,0.15553358687785218,252.0,203.0
F8_0.18,N17,N16,800.0,1,2400.0,2394.017892918284,60,24,30,60,5.982107081715981,3994.017892918284,33.49505040463264,32.59867925307698,-1,-1,18.0,18.0,212,225,2.505465760846808,13.110541971717339,11.996246169994517,397.6105408925395,0,33,41,41,15,114,0.11978816408876934,0.15026059179556153,212.0,187.0
F8_7.21,N17,N16,800.0,1,2400.0,2393.396280529363,60,28,27,60,6.603719470636634,3993.396280529363,33.29310348857875,32.411167654015266,1,1,40.0,40.0,219,229,3.34464926685636,12.828706382736073,10.847020071782218,477.38080924852005,0,55,59,52,15,115,0.13239744451916613,0.14942307549420636,256.0,149.0
F8_16.7,N17,N16,800.0,1,2400.0,2399.659357599839,72,25,16,72,0.3406424001608457,3999.659357599839,35.641476439306025,34.793747525506014,-1,-1,3.0,3.0,113,96,6.485958128409942,68.71632467234076,11.272665632669746,265.05072647615094,0,13,10,20,15,113,0.13223526385589654,0.08406186953597848,196.0,739.9999999999999
F3_19.9,N17,N24,800.0,1,2400.0,2396.059652167317,84,40,84,35,3.9403478326830736,3996.059652167317,32.936282697500445,34.71664305497811,1,-1,9.0,9.0,209,155,9.792443595031488,9.676899147914582,8.24750040854171,298.79245125476905,0,18,18,13,3,159,0.08807141427039089,0.10297579018157364,162.0,209.0
F8_9.18,N17,N24,800.0,1,2400.0,2291.3903321972216,80,36,80,33,108.60966780277852,3891.3903321972216,34.80773056320806,35.08251723769168,-1,1,11.0,11.0,208,88,1.9885564769369308,8.581752453786976,9.848246706301905,371.8985267597211,0,39,0,35,15,149,0.1387020847343645,0.06935104236718224,395.0,211.0
F4_17.14,N17,N24,800.0,1,2400.0,2393.5439696183457,85,40,85,33,6.456030381654045,3993.5439696183457,32.94323736727815,34.48961969082774,1,1,31.0,31.0,213,157,7.2862351011426005,56.48243982733902,11.786750553297104,237.18841755022837,0,0,9,9,7,158,0.08446682610201048,0.10012634472975002,163.0,195.0
F4_9.10,N17,N24,800.0,1,2400.0,2392.830305685668,82,43,82,36,7.169694314331878,3992.830305685668,32.934718222627424,34.552301488062604,1,1,18.0,18.0,217,151,11.619240070983514,60.600490185256376,12.630040967455876,213.3082864185899,0,0,3,8,5,161,0.07565568258238063,0.10270518156780728,159.0,194.0
F8_13.10,N17,N24,800.0,1,2400.0,2399.578207572903,81,36,81,32,0.42179242709687514,3999.578207572903,34.75922430461131,34.997573965448865,-1,1,6.0,6.0,211,84,2.361716319268128,32.920706169629966,13.294446807850566,395.8332282317328,0,45,0,39,18,149,0.14080363147276395,0.068676651425872,452.0,177.0
F4_18.20,N17,N24,800.0,1,2400.0,2164.8938004358733,93,47,93,36,235.10619956412654,3764.8938004358733,32.8699041143039,34.44607205721897,1,1,5.0,5.0,224,146,11.842962604806424,23.892210475645925,11.361632895315184,209.77249966598728,0,0,0,4,2,176,0.07213459373271484,0.0945696032279758,139.0,209.0
F4_16.12,N17,N24,800.0,1,2400.0,2240.70832084231,88,47,88,34,159.29167915769006,3840.70832084231,32.5764715114513,34.32511905693422,-1,-1,15.0,15.0,212,177,9.012502439856641,269.42118521821726,12.099483540245295,228.41838625027822,0,2,15,10,8,169,0.054640215198386015,0.09667114996637526,143.0,174.0
F4_17.16,N17,N24,800.0,1,2400.0,2399.552797464191,90,44,90,36,0.44720253580885583,3999.552797464191,32.920048629838696,34.503187392807206,1,1,11.0,11.0,226,148,11.362303017404397,34.272253161812614,10.923050305454804,210.92209441653443,0,0,1,8,6,170,0.06935104236718224,0.09875370121160272,157.0,207.0
F8_7.24,N17,N16,800.0,1,2400.0,2397.004122520434,47,31,33,47,2.995877479566161,3997.004122520434,32.781675824026216,31.568277324117744,1,1,39.0,39.0,216,205,2.479586755354567,100.50486151824543,10.078579528763488,567.4608478630705,0,54,55,33,25,111,0.10087424344317418,0.14820056728140696,189.0,186.0
F8_0.21,N17,N16,800.0,1,2400.0,2395.0460532803336,56,24,33,56,4.9539467196666465,3995.0460532803336,32.962708574188554,31.78344318664561,-1,-1,22.0,22.0,214,204,3.823240501950511,25.064614291236694,11.901925298338579,464.1260061986741,0,25,42,30,24,113,0.09877269670477472,0.15026059179556153,211.0,190.0
F4_13.13,N17,N16,800.0,1,2400.0,2394.790518445041,77,26,25,77,5.209481554959211,3994.790518445041,35.64666355461465,35.49921533477131,1,-1,14.0,14.0,129,116,10.859596169633026,42.90940633570631,11.424130313258193,213.8704654363799,0,0,26,8,3,128,0.05884330867518494,0.10612811028917284,140.0,794.9999999999999
F8_14.15,N17,N24,800.0,1,2400.0,2393.9958885456576,82,36,82,32,6.004111454342251,3993.9958885456576,34.6595095206992,35.04938622453848,-1,1,0.0,0.0,213,79,2.8084216803764734,13.897650555488326,12.233883326301806,420.85098903190254,0,55,0,43,21,150,0.14500672494956288,0.06619872225958305,476.0,195.0
F4_11.9,N17,N16,800.0,1,2400.0,2394.6482774338456,81,30,25,81,5.351722566154422,3994.6482774338456,35.450070569259736,35.457697557323556,1,-1,1.0,1.0,132,130,11.664019492016955,12.743756430049416,11.100625616673812,213.0896562560576,0,0,32,9,6,136,0.0609448554135844,0.1082296570275723,150.0,802.0000000000001
F4_14.16,N17,N24,800.0,1,2400.0,2399.1357082452523,99,56,99,30,0.864291754747569,3999.1357082452523,32.47771156372751,33.759424530957176,0,0,1.0,1.0,229,175,11.013127874195572,16.037523332241335,11.960478422522977,212.8300507674721,0,0,3,14,11,185,0.0609448554135844,0.09667114996637526,150.0,170.0
F8_16.17,N17,N24,800.0,1,2400.0,2250.2509546015435,77,34,77,30,149.74904539845636,3850.2509546015435,34.10851471847828,34.98445050312377,1,-1,2.0,2.0,200,91,4.806383645270487,27.711943289524925,11.84223537729205,280.191056777557,0,7,7,31,20,141,0.13003926019556108,0.08616341627437796,449.0,188.0
F4_13.21,N17,N24,800.0,1,2400.0,2399.192895995621,96,55,96,30,0.8071040043793118,3999.192895995621,32.49257559032836,33.79770082816307,1,1,0.0,0.0,226,176,10.9159849868596,23.966355537854042,10.219050235699603,213.77566245237531,0,0,4,13,10,181,0.0609448554135844,0.09562037659717552,165.0,166.0
F4_9.13,N17,N24,800.0,1,2400.0,2334.5684867262985,103,58,103,30,65.43151327370163,3934.5684867262985,32.395403388225844,33.735077086289046,-1,-1,34.0,34.0,227,182,9.482435407242425,13.460349418967326,10.37095392855772,223.53244686735212,0,2,9,15,13,191,0.06761085260299991,0.09772192333557499,152.0,165.0
F4_18.16,N17,N24,800.0,1,2400.0,2393.660692315517,81,43,81,36,6.339307684483401,3993.660692315517,32.950317153807326,34.552301488062604,1,1,19.0,19.0,217,151,11.370967381122941,124.19593255947734,13.347016694187687,214.90450100897021,0,0,3,4,3,160,0.04161447505420856,0.1033780919043291,175.0,284.0
F3_18.15,N17,N24,800.0,1,2400.0,2391.3983261060284,88,43,88,36,8.601673893971451,3991.3983261060284,32.920048629838696,34.51522749223456,-1,1,12.0,12.0,223,150,6.905885026052954,42.94076446061467,9.594513994578818,325.6555537841796,0,28,2,15,7,167,0.09844775811255303,0.09879768036309203,205.0,245.0
F8_13.7,N17,N16,800.0,1,2400.0,2399.1625431040748,80,30,25,80,0.8374568959253565,3999.1625431040748,35.424233304117664,35.458936266161935,-1,-1,0.0,0.0,132,129,5.6406476371146415,53.9682239083852,10.31074304802952,273.99581089900477,0,25,32,28,23,135,0.15341291190316073,0.1082296570275723,182.0,853.0000000000001
F8_9.20,N17,N24,800.0,1,2400.0,2392.4994674939876,74,33,74,31,7.500532506012291,3992.4994674939876,34.156299496234865,35.01597804029154,-1,1,27.0,27.0,198,95,5.525889751630226,76.98205538113893,9.361703136488192,313.12187767104064,0,17,0,34,0,138,0.14500672494956288,0.08616341627437794,496.0,183.0
F8_15.11,N17,N24,800.0,1,2400.0,2388.6476879131487,82,34,82,37,11.352312086851157,3988.6476879131487,33.87368865530143,34.85477663404721,-1,1,0.0,0.0,204,98,2.2135566830127944,15.824695150999332,12.234346179247366,423.1316831489813,0,53,0,40,27,153,0.1281943510423672,0.09246805648957633,482.0,183.0
F2_12.6,N17,N24,800.0,1,2400.0,2399.8932166287454,89,47,89,31,0.10678337125455073,3999.8932166287454,32.58849593885146,34.29917602208198,1,-1,9.0,9.0,214,178,11.04517598887148,61.02715447118908,10.841084735508046,321.33097398693434,0,20,16,9,4,167,0.08406186953597848,0.09772192333557499,181.0,279.0
F4_9.15,N17,N24,800.0,1,2400.0,2068.3960015474063,96,61,96,44,331.6039984525936,3668.3960015474063,32.15970956995562,33.23109613908078,1,1,7.0,7.0,236,189,10.273168185422001,61.09646811626271,11.478616038986205,211.79456656964516,0,0,0,4,2,201,0.035726294552790853,0.09982347007397445,148.0,185.0
F3_12.8,N17,N24,800.0,1,2400.0,2396.068091939551,85,50,85,29,3.9319080604489045,3996.068091939551,32.59625192730907,34.05070829439397,-1,1,21.0,21.0,220,185,6.516308748109992,10.425066499048398,9.197853348680317,368.2688724243509,0,39,5,14,6,164,0.08835151529087819,0.1014604749868862,222.0,232.0
F8_15.7,N17,N16,800.0,1,2400.0,2304.706103015647,81,32,30,81,95.29389698435318,3904.706103015647,35.6179882606515,35.00632162758423,1,1,7.0,7.0,129,133,9.837901460429137,10.342687063054427,12.796922915103845,226.49281361198305,0,0,8,21,18,143,0.1387020847343645,0.11288318371405776,172.0,898.0
F4_13.14,N17,N16,800.0,1,2400.0,2395.1602709169806,91,31,28,91,4.839729083019392,3995.1602709169806,35.8133157020655,35.00238662184648,1,-1,22.0,22.0,145,133,10.588094994853076,12.543123696150587,11.320063054379546,213.5569536519616,0,0,20,9,4,150,0.06935104236718224,0.11978816408876936,152.9999999999999,893.0000000000001
F8_7.27,N17,N16,800.0,1,2400.0,2391.5784734600006,13,48,34,13,8.42152653999949,3991.5784734600006,31.88772230576645,31.084822699698325,-1,-1,6.0,6.0,233,207,1.0202876087083326,45.49848880870513,11.009100491268585,432.22528977619936,0,29,55,34,1,95,0.08616341627437794,0.12083893745796907,180.0,148.0
F3_12.15,N17,N24,800.0,1,2400.0,2397.9251996387948,97,59,97,49,2.074800361205007,3997.9251996387948,32.09857460550386,33.331805735537465,1,-1,36.0,36.0,231,181,8.299450555401663,12.962150607414742,9.501172237858896,433.15899111443576,0,35,5,26,14,205,0.1050773369199731,0.09772192333557499,181.0,217.0
F8_16.19,N17,N24,800.0,1,2400.0,2396.609367112617,78,39,78,41,3.3906328873832763,3996.609367112617,33.47464968685169,34.60111148610742,-1,1,20.0,20.0,213,139,2.4658174292002064,116.6705626083442,10.999976957900719,389.6499732967159,0,32,0,41,25,158,0.11978816408876934,0.0994333168265564,504.0,195.0
F8_16.18,N17,N24,800.0,1,2400.0,2396.031924232666,76,36,76,39,3.968075767334085,3996.031924232666,33.460043821462314,34.69765040482177,-1,1,31.0,31.0,205,138,3.170925344188355,90.25052499644153,8.834309581157328,337.6428623364666,0,19,2,43,24,151,0.13029589778076667,0.10435290861599816,500.0,207.0
F3_18.18,N17,N24,800.0,1,2400.0,2398.431091790746,98,57,98,50,1.5689082092542321,3998.431091790746,32.032159794600204,33.34393889189654,1,-1,27.0,27.0,230,191,8.043623035098399,12.8664615857208,10.816030751977294,432.3099677745235,0,31,10,26,12,205,0.10297579018157364,0.10402656355077337,175.0,219.0
F3_19.15,N17,N24,800.0,1,2400.0,2398.8276316158904,105,56,105,35,1.1723683841097454,3998.8276316158904,32.23595651438758,33.64976596855016,1,-1,13.0,13.0,228,183,1.3165208344913313,13.2966264945278,12.280025720673713,391.46932652189696,0,38,25,54,1,196,0.15134964571917356,0.10192501681237391,182.0,265.0
F2_18.13,N17,N24,800.0,1,2400.0,2396.5151339879253,96,60,96,48,3.4848660120745762,3996.5151339879253,32.123583982386315,33.28466542010255,1,-1,38.0,38.0,233,183,8.436380917359118,11.758877789047347,8.449135757402292,434.44374125007687,0,36,3,25,13,204,0.10507662514983866,0.09562037659717552,186.0,218.0
F3_17.15,N17,N24,800.0,1,2400.0,2394.272238148329,100,61,100,38,5.727761851670948,3994.272238148329,32.16121118120181,33.46231626054057,0,-1,2.0,2.0,233,194,7.874166706120699,10.62315705261426,8.074553326286678,403.0971129189525,0,30,30,20,13,199,0.08616341627437794,0.1050773369199731,173.0,267.0
F4_12.12,N17,N24,800.0,1,2400.0,2393.8738919040684,101,61,101,38,6.126108095931727,3993.8738919040684,32.16121118120181,33.46231626054057,-1,-1,0.0,0.0,236,196,5.287956527369346,441.6926485334386,10.167833821344574,278.8971788385344,0,14,31,16,11,200,0.05884330867518494,0.1050773369199731,173.0,267.0
F4_12.14,N17,N24,800.0,1,2400.0,2355.4080963049255,89,53,89,59,44.59190369507462,3955.4080963049255,31.818945716227013,32.78516595287949,0,0,1.0,1.0,234,194,11.498120170651582,39.67473108728814,10.599071192644386,207.12217048979193,0,0,0,11,8,201,0.06304640215198387,0.10297579018157366,154.0,191.00000000000023
F8_9.14,N17,N16,800.0,1,2400.0,2394.8392948179553,94,32,27,94,5.16070518204458,3994.8392948179553,35.793599019955785,34.955686407458586,-1,-1,17.0,17.0,150,140,6.227153017756018,13.748352190511696,10.973185117001481,284.25106509121906,0,20,23,32,26,153,0.13239744451916613,0.12083893745796909,215.9999999999999,893.0000000000003
F8_7.28,N17,N16,800.0,1,2400.0,2394.070719503756,12,59,51,12,5.929280496243678,3994.070719503756,31.398851356971875,30.87241662280628,-1,-1,20.0,20.0,216,192,6.378463122732246,27.680622888813787,12.152351709257342,470.98644632682493,0,27,49,18,4,122,0.07355413584398117,0.09877269670477472,191.0,158.0
F4_19.19,N17,N24,800.0,1,2400.0,2397.9750920688107,66,62,66,61,2.0249079311892046,3997.9750920688107,31.390956751080598,32.550989586188194,1,1,13.0,13.0,220,230,11.083689478603958,178.54756366281708,12.421488349726937,206.2778253488427,0,0,0,14,9,189,0.06935104236718224,0.10824906721224886,160.0,176.99999999999977
F8_9.13,N17,N16,800.0,1,2400.0,2398.934912532945,94,32,26,94,1.0650874670550365,3998.934912532945,35.81608307393111,34.955686407458586,-1,-1,18.0,18.0,150,136,6.333241541611911,9.77857536787974,8.539881802273893,281.20015726378614,0,20,22,35,28,152,0.1551786810744526,0.11978816408876936,220.0,976.0000000000002
F4_17.25,N17,N24,800.0,1,2400.0,2284.544308780413,55,68,55,60,115.45569121958727,3884.544308780413,31.17422081164312,32.19252140078734,1,1,7.0,7.0,206,269,11.61589011645324,87.8470276598382,11.18927149705705,213.72570564328964,0,0,4,7,3,183,0.054640215198386015,0.10087424344317418,143.0,183.99999999999977
F8_13.16,N17,N24,800.0,1,2400.0,2394.465197321411,86,42,86,41,5.534802678589244,3994.465197321411,33.47275242629221,34.60507641152897,-1,1,6.0,6.0,223,142,3.5548352230273568,8.796995768382658,7.891877651727443,443.59249146359565,0,45,0,47,31,169,0.12609280430396774,0.09804396149084141,745.0,141.0
F8_7.35,N17,N16,800.0,1,2400.0,2368.635771478026,9,92,71,9,31.3642285219737,3968.635771478026,30.67818149106781,30.8009100401662,-1,-1,14.0,14.0,180,185,5.622051315694434,60.841888941126626,10.95530744785711,489.6389649478254,0,24,37,12,2,172,0.05253866845998655,0.08616341627437794,184.0,149.0
F8_13.12,N17,N24,800.0,1,2400.0,2399.8701749890433,89,43,89,41,0.12982501095655152,3999.8701749890433,33.504398022737846,34.59505035590167,-1,1,4.0,4.0,224,143,3.5212872237603183,14.279473813695176,8.796444419316552,447.7687914102076,0,47,0,48,32,173,0.12609280430396774,0.0965835258516234,763.0,190.0
F8_15.12,N17,N24,800.0,1,2400.0,2398.553842688314,92,44,92,39,1.446157311686079,3998.553842688314,33.22125735628733,34.59217487396743,1,-1,32.0,32.0,217,144,3.311369425323076,85.99874467513268,10.050624009825148,465.5357732916233,0,48,10,49,36,175,0.1303341825818554,0.09877269670477472,815.0,206.0
F8_9.23,N17,N24,800.0,1,2400.0,2398.616887105871,84,41,84,31,1.3831128941294537,3998.616887105871,32.93217678633689,34.59126705680726,-1,1,36.0,36.0,210,163,1.8425585875536379,343.2544797768837,9.73751640276189,408.56412027742516,0,14,13,42,37,156,0.11978816408876934,0.10072818918511833,787.9999999999998,205.0
F8_13.19,N17,N24,800.0,1,2400.0,1941.4505812254915,89,47,89,28,458.5494187745084,3541.4505812254915,32.5301443498844,34.232380884680595,1,-1,3.0,3.0,219,177,0.7782761330908242,0.0010035191721726733,0.0,434.4945427742262,0,18,24,39,34,164,0.11768661735036988,0.09982347007397445,796.9999999999998,196.0
F8_9.24,N17,N24,800.0,1,2400.0,2395.43080490204,84,50,84,28,4.569195097960005,3995.43080490204,32.5480951553703,34.13121054075172,-1,1,36.0,36.0,210,183,1.2168753870911304,171.134073448947,12.239785786461137,441.9781670269,0,13,14,43,37,162,0.11348352387357095,0.10089418774693357,941.0,148.0
F8_14.18,N17,N24,800.0,1,2400.0,2397.5978763296444,92,53,92,31,2.4021236703554223,3997.5978763296444,32.54789105643798,33.9348869876254,-1,1,6.0,6.0,226,183,1.924447595472348,47.69375387509581,11.37801891027894,518.4979391762656,0,40,4,45,40,176,0.11138197713517149,0.09903558308846686,1017.0000000000002,146.0
F4_15.29,N17,N16,800.0,1,2400.0,2389.7666910363937,5,181,157,5,10.233308963606305,3989.7666910363937,29.315781208667374,28.545395553472847,1,-1,19.0,19.0,142,144,1.2158495303455275,16.710185266175586,12.591685079451896,368.88176471366813,0,30,0,43,1,343,0.11562334845966041,0.0,152.0,151.0
F4_14.36,N17,N16,800.0,1,2400.0,2393.5997682132793,9,179,152,9,6.400231786720951,3993.5997682132793,29.389367531404147,28.614675067432966,-1,1,38.0,38.0,143,153,10.26707360677587,30.999061617996176,11.097649982306002,354.8101193747215,0,23,0,14,6,340,0.07355413584398117,0.0,150.0,240.0
F4_17.1,N17,N24,800.0,-1,2400.0,1399.9205097457802,2,1,2,16,599.9135305700537,2999.9205097457802,37.36961451247166,33.294797687861276,-2,1,16.0,16.0,9,14,9.63938765024673,200.0,9.63938765024673,256.655581910582,0,0,0,0,0,19,0.0021015467383994624,0.0021015467383994624,64.00000000000006,167.0
F4_17.0,N17,N24,800.0,-1,2400.0,960.9717606499794,2,2,2,16,160.96903074248212,2560.9717606499794,37.30017311584132,33.99679643429209,-2,-1,12.0,12.0,14,20,8.298843059538118,200.0,8.298843059538118,262.8062391819611,0,0,0,0,0,20,0.0021015467383994624,0.0021015467383994624,18.0,162.0
F8_7.1,N17,N16,800.0,1,2400.0,2398.058721648532,2,4,8,2,1.9412783514679859,3998.058721648532,0.0,0.0,-1,1,28.0,28.0,4,1,10.466080771033294,200.0,10.466080771033294,221.54320064380178,0,0,0,0,0,14,0.004203093476798925,0.0010507733691997312,216.0,226.0
F4_17.2,N17,N24,800.0,1,2400.0,2307.763412297703,1,7,1,19,92.23658770229702,3907.763412297703,36.1544772723148,36.451975011436296,1,1,21.0,21.0,18,36,10.113017752497642,218.9151581662179,9.895866453308178,221.26671912251794,0,0,0,3,0,27,0.027320107599193007,0.0021015467383994624,158.0,170.0000000000001
F4_17.5,N17,N24,800.0,1,2400.0,2391.1992947220606,8,16,8,21,8.8007052779393,3991.1992947220606,34.78368288227661,35.97603357243014,1,1,11.0,11.0,42,57,10.243093324485304,30.564967031147717,10.482920976321369,229.1912533960337,0,0,0,10,5,45,0.06304640215198387,0.0010507733691997312,168.0,165.0
F4_12.1,N17,N24,800.0,1,2400.0,2320.0357271031016,9,23,9,18,79.96427289689814,3920.0357271031016,35.06305993177399,37.1694434208402,0,0,1.0,1.0,60,56,10.05991802349115,27.10933893545166,8.375016088834577,254.46490091757045,0,0,0,4,1,50,0.04833557498318763,0.008406186953597848,149.0,154.0
F8_7.3,N17,N16,800.0,1,2400.0,2392.000000107285,7,13,7,7,7.999999892714982,3992.000000107285,34.51180635436131,33.962398684468674,-1,1,40.0,40.0,61,21,10.272323739294562,11.527878547006821,8.88519342379997,231.63001318166744,0,0,0,6,3,27,0.018913920645595158,0.0021015467383994624,164.0,204.0
F4_17.6,N17,N24,800.0,1,2400.0,2397.031680740497,8,28,8,17,2.9683192595027776,3997.031680740497,34.95052160195998,37.18450929507801,1,1,14.0,14.0,58,58,10.221824702166693,25.241104234694376,11.22036816429904,251.8323214961471,0,2,0,3,0,53,0.0441324815063887,0.00840618695359785,174.0,173.0
F4_19.5,N17,N24,800.0,1,2400.0,2035.8602706287015,7,26,7,27,364.13972937129853,3635.8602706287015,34.42154149475347,35.67854679024504,-1,-1,25.0,25.0,75,63,12.591905544221476,107.29609835854853,12.591905544221476,301.26164767167575,0,11,0,1,1,60,0.05253866845998655,0.01050773369199731,130.0000000000001,161.0
F8_16.9,N17,N24,800.0,1,2400.0,2234.5562684909473,9,25,9,29,165.44373150905255,3834.5562684909473,34.4709697781241,35.66251475167157,-1,1,41.0,41.0,90,68,10.896159754659212,200.0,10.896159754659212,237.13645726170927,0,0,0,0,0,63,0.012609280430396773,0.010189389146335152,148.0,208.0
F4_11.7,N17,N24,800.0,1,2400.0,2373.401256209804,9,23,9,30,26.598743790196067,3973.401256209804,34.45858736710472,35.78699129206098,1,1,29.0,29.0,90,72,10.541070427979035,47.02453690854645,10.578154644475088,359.82810464265134,0,15,0,3,1,62,0.04534094099086961,0.01050773369199731,161.0,192.0
F4_12.3,N17,N24,800.0,1,2400.0,2390.505783242909,11,20,11,31,9.49421675709118,3990.505783242909,34.33096075009389,35.75667011271358,1,1,18.0,18.0,94,75,2.7575096727166084,13.428695848590678,11.112663231933839,344.7350840660868,0,15,0,29,0,62,0.08620166841083908,0.013660053799596504,175.0,161.0
F8_7.4,N17,N16,800.0,1,2400.0,2399.005055502147,3,17,26,3,0.9949444978528845,3999.005055502147,34.4709697781241,32.990580156941945,-1,1,41.0,41.0,90,29,10.611541257123031,106.35778725170394,10.425754166207126,237.13645726170927,0,0,0,3,0,46,0.023117014122394083,0.009276197847885043,189.0000000000001,208.0
F8_13.7,N17,N24,800.0,1,2400.0,2394.359081478682,18,31,18,23,5.640918521317644,3994.359081478682,34.443415628931994,35.89887199109158,0,-1,2.0,2.0,112,80,10.121195921165762,57.84026637941565,9.765010482444845,228.5898349294286,0,0,2,7,2,72,0.037827841291190316,0.0168123739071957,177.0,188.0
F8_14.9,N17,N16,800.0,1,2400.0,2391.6394529231684,6,22,27,6,8.360547076831722,3991.6394529231684,34.52535352509601,32.94841095190088,-1,1,15.0,15.0,93,30,10.658346250629462,28.171492849731294,12.096777071554525,230.89454589901584,0,0,0,4,2,55,0.023117014122394083,0.00840618695359785,218.0000000000001,214.0
F8_9.10,N17,N16,800.0,1,2400.0,2394.216736393627,8,26,27,8,5.783263606373225,3994.216736393627,34.41014861374252,32.83457759679703,1,-1,6.0,6.0,112,39,9.938298736298318,19.99570948693372,10.146727038002743,230.05870914475153,0,0,1,8,6,61,0.03992938802958978,0.00840618695359785,185.0,203.0
F8_11.10,N17,N24,800.0,1,2400.0,2398.5507382912433,14,45,14,27,1.4492617087566941,3998.5507382912433,34.54289171668865,35.69831499579779,1,-1,7.0,7.0,124,100,10.424267813990053,16.045083127092994,9.76254650185789,227.1076614966211,0,0,1,3,0,86,0.04833557498318763,0.02128796050071363,172.0,197.0
F8_11.12,N17,N16,800.0,1,2400.0,1957.7326050059355,8,18,40,8,442.26739499406466,3557.7326050059355,33.49218941221121,32.29418874557844,-1,1,29.0,29.0,129,47,5.552184224760528,149.49280369756548,9.731178330807692,239.26999283602854,0,1,0,2,2,66,0.07355413584398117,0.01050773369199731,121.0,169.0
F8_1.15,N17,N16,800.0,1,2400.0,2395.8253853513015,6,19,37,6,4.1746146486982525,3995.8253853513015,33.503636132208584,32.54101185527858,1,-1,0.0,0.0,123,42,10.301039184705997,56.19675003178554,10.1065558497046,230.1431603774852,0,0,0,7,3,62,0.0672494956287828,0.01050773369199731,156.0,213.0
F8_15.11,N17,N24,800.0,1,2400.0,2390.888070480493,23,52,23,17,9.111929519507044,3990.888070480493,33.68043635187667,34.91561626444236,-1,1,41.0,41.0,150,126,9.823575253751104,18.764976084290083,9.840476799766575,233.84875308154918,0,0,2,8,0,92,0.07985877605917956,0.026898190152619503,163.0,184.0
F8_9.12,N17,N16,800.0,1,2400.0,2391.4377466274373,16,13,41,16,8.56225337256285,3991.4377466274373,33.687679612014065,32.400690868048066,0,-1,0.0,0.0,148,60,10.217288315124549,69.9470210584393,10.986213322675399,229.81191249608526,0,0,1,8,2,70,0.054640215198386015,0.0168123739071957,169.0,189.0
F8_1.17,N17,N16,800.0,1,2400.0,2390.7589865653918,13,15,42,13,9.241013434608021,3990.7589865653918,33.663487848376214,32.1865626765939,1,-1,18.0,18.0,141,54,10.117314643639554,115.81475241993076,11.571947529744776,232.2664883226098,0,0,1,9,6,70,0.08406186953597848,0.013660053799596504,171.0,218.0
F8_13.9,N17,N16,800.0,1,2400.0,2395.681016537116,15,13,40,15,4.318983462883807,3995.681016537116,33.780119579558686,32.400690868048066,0,-1,2.0,2.0,148,57,10.238821082055816,27.878010138974105,9.584988073908432,232.29524745392376,0,0,1,7,6,68,0.07565568258238063,0.0168123739071957,171.0,195.0
F4_19.6,N17,N24,800.0,1,2400.0,2399.0996120355694,22,45,22,17,0.9003879644304789,3999.0996120355694,33.608011989630754,34.89949042201941,-1,-1,30.0,30.0,140,103,9.636041585606414,312.40025422371104,10.130443003491209,532.1371274742402,0,16,2,4,4,84,0.03992938802958978,0.025218560860793545,222.0,177.0
F8_15.13,N17,N24,800.0,1,2400.0,2394.3665325901775,31,56,31,18,5.633467409822401,3994.3665325901775,33.52908718749682,34.53981277905588,1,-1,13.0,13.0,172,154,9.74811297704904,35.53743385570306,10.07242450553032,232.30932096942706,0,0,3,12,2,105,0.08425524969494254,0.02942165433759247,185.0,185.0
F8_15.10,N17,N24,800.0,1,2400.0,2391.3845391891746,26,49,26,17,8.615460810825425,3991.3845391891746,33.818751947277796,34.898801606486124,-1,1,34.0,34.0,150,128,8.674316767354469,54.41138939959524,10.62882649382565,237.72669055587113,0,1,0,10,7,92,0.0609448554135844,0.024167787491593814,229.0,201.0
F8_1.18,N17,N16,800.0,1,2400.0,2391.9114671669904,26,16,45,26,8.088532833009708,3991.9114671669904,33.56428659971452,32.71341926101995,0,-1,2.0,2.0,175,60,10.485209257104799,14.126834600819393,10.109104737349442,230.46152862201728,0,0,3,14,5,87,0.05253866845998655,0.024167787491593814,175.0,204.0
F8_0.9,N17,N16,800.0,1,2400.0,2397.88222025952,18,12,40,18,2.117779740480046,3997.88222025952,33.833602673358946,32.45149119151213,-1,1,32.0,32.0,151,61,9.955417233028674,30.83319823292959,8.704369551457814,243.3266004718203,0,1,0,10,8,70,0.07565568258238063,0.015761600537995968,232.0,223.0
F8_2.14,N17,N16,800.0,1,2400.0,2393.306369851618,23,16,45,23,6.6936301483817715,3993.306369851618,33.55704562169328,32.72722855068033,1,-1,2.0,2.0,172,62,9.817243741754295,50.63541847378542,10.26896952311535,230.8646903363271,0,0,3,11,7,84,0.07985877605917956,0.024167787491593814,185.0,209.0
F8_13.8,N17,N16,800.0,1,2400.0,2394.537492491976,17,12,40,17,5.462507508023805,3994.537492491976,33.79267073186547,32.400690868048066,-1,1,36.0,36.0,149,63,10.067940414474437,52.97618385901251,10.993366354698985,236.20445281019605,0,1,0,9,7,69,0.0777572293207801,0.015761600537995968,236.0,234.0
F8_0.13,N17,N16,800.0,1,2400.0,2393.8886270489056,24,24,49,24,6.111372951094381,3993.8886270489056,32.94654955029649,32.574192665951664,-1,1,39.0,39.0,166,62,10.571235690806706,12.694647858934786,9.928429690820886,231.56663681517824,0,0,0,11,2,97,0.05253866845998655,0.03467552118359112,156.0,208.0
F8_0.12,N17,N16,800.0,1,2400.0,2393.563079721266,23,24,48,23,6.436920278734078,3993.563079721266,32.97485078320906,32.574192665951664,-1,1,41.0,41.0,168,61,10.89570634668684,116.31196213871794,10.829529604518422,229.62117272805372,0,0,0,10,1,95,0.05043712172158709,0.036482796713316806,172.0,199.0
F8_11.18,N17,N24,800.0,1,2400.0,2373.398012760054,33,63,33,14,26.601987239946084,3973.398012760054,32.97485078320906,34.00079471632303,-1,1,41.0,41.0,168,179,9.665998256200394,85.75521328556601,10.03115557841666,229.62117272805372,0,0,2,6,3,110,0.07355413584398117,0.045736961518237605,180.0,189.0
F8_7.10,N17,N16,800.0,1,2400.0,2392.9999189355717,28,21,45,28,7.0000810644284,3992.9999189355717,33.36684747443545,32.632485103521574,-1,1,22.0,22.0,169,57,6.5581661431529135,62.33763969842107,11.567830608019934,287.34935432138855,0,14,0,16,12,94,0.0882649630127774,0.018913920645595158,221.0,218.0
F8_2.17,N17,N16,800.0,1,2400.0,2393.5383481592035,23,24,48,23,6.461651840796321,3993.5383481592035,32.97485078320906,32.574192665951664,-1,1,41.0,41.0,168,61,9.81324368736315,12.640713458894425,10.696716274339668,229.62117272805372,0,0,0,7,3,95,0.07355413584398117,0.036482796713316806,192.0,214.0
F4_17.13,N17,N24,800.0,1,2400.0,2391.506452683445,24,65,24,17,8.49354731655535,3991.506452683445,32.402850093290155,33.62120069044746,1,1,18.0,18.0,154,175,11.228095351434357,200.0,11.228095351434357,1182.8042574362926,0,29,0,0,0,106,0.014710827168796235,0.04833557498318763,161.0,170.0
F8_0.14,N17,N16,800.0,1,2400.0,2207.639363888818,29,33,50,29,192.3606361111821,3807.639363888818,32.580997064643164,32.15524327310291,1,-1,20.0,20.0,156,55,6.764237862842983,12.735505288809009,11.384902837502398,252.80089227482193,0,2,2,13,3,112,0.05640299237242869,0.036777067921990585,171.0,218.0
F8_7.12,N17,N16,800.0,1,2400.0,2397.6799622337894,29,32,50,29,2.3200377662104756,3997.6799622337894,32.59224469252603,32.15524327310291,1,-1,23.0,23.0,157,54,10.086688568550903,152.05076024310847,9.896000386511757,252.6163157998792,0,1,2,11,8,111,0.07565568258238063,0.036777067921990585,182.0,208.00000000000023
F8_1.20,N17,N16,800.0,1,2400.0,2391.0446588852337,22,32,50,22,8.955341114766156,3991.0446588852337,32.53224350524129,32.10275273124614,1,-1,7.0,7.0,151,57,9.620956648178776,307.83070737509956,9.810038166332514,238.19862513503517,0,0,4,10,4,104,0.05230542956736403,0.03887861466039005,167.0,215.0
F8_1.21,N17,N16,800.0,1,2400.0,2210.920901271199,30,45,50,30,189.079098728801,3810.920901271199,32.21445568906348,32.112076166302295,1,-1,13.0,13.0,172,58,10.638907680424639,18.842111084212775,9.111256819387823,232.04232224430837,0,0,5,9,4,125,0.0336247478143914,0.0472848016139879,173.0,201.0
F8_2.22,N17,N16,800.0,1,2400.0,2197.1075410316885,28,42,55,28,202.89245896831153,3797.1075410316885,31.85716107150406,32.04997175713066,1,-1,16.0,16.0,161,84,8.600060558096397,11.007047908691675,9.182247588662385,239.00196629354315,0,0,6,5,1,125,0.03992938802958978,0.0512708036747262,150.0,159.0
F8_0.15,N17,N16,800.0,1,2400.0,2394.7932798611027,31,45,51,31,5.206720138897367,3994.7932798611027,32.22271456869999,32.089201422622565,1,-1,21.0,21.0,169,57,10.050437047215322,45.33379570136708,9.539195880499253,231.64196572422972,0,0,4,14,10,127,0.06514794889038333,0.04518325487558844,195.0,195.00000000000023
F8_2.20,N17,N16,800.0,1,2400.0,2392.595084094802,31,43,49,31,7.404915905197981,3992.595084094802,32.00175197081186,32.15026526509961,-1,1,36.0,36.0,163,65,9.694408515553295,76.18002505541267,10.69082002771666,241.60419086302772,0,1,0,13,12,123,0.07355413584398117,0.04308170813718898,174.0,194.99999999999977
F8_2.21,N17,N16,800.0,1,2400.0,2377.71953595855,34,42,54,34,22.280464041450045,3977.71953595855,31.907476042367012,32.04045795913669,1,-1,29.0,29.0,167,74,7.473736482681784,39.87523614333327,8.630132790266646,288.4692878096436,0,0,1,15,13,130,0.07355413584398117,0.0414295924762421,171.0,168.0
F8_7.13,N17,N16,800.0,1,2400.0,2397.203547541028,32,45,49,32,2.7964524589721123,3997.203547541028,32.012782187039775,32.07414630232557,-1,1,26.0,26.0,159,66,8.522150455945233,39.36349479996761,8.411761265161246,255.77673588039383,0,5,0,15,14,126,0.07565568258238063,0.036777067921990585,237.0,227.0
F8_9.18,N17,N24,800.0,1,2400.0,2398.5974764622,14,58,14,24,1.4025235377999934,3998.5974764622,31.66302299406376,32.35139338040849,1,-1,14.0,14.0,156,204,10.581177237730373,20.402787364053893,10.835520271522551,231.45412221565036,0,0,3,8,4,96,0.02942165433759247,0.03257397444519166,179.0,198.0
F8_0.16,N17,N16,800.0,1,2400.0,2394.2738241692145,24,36,49,24,5.726175830785451,3994.2738241692145,31.65448076654796,31.937331540072766,1,-1,11.0,11.0,156,100,11.034211332910424,22.25473616699105,11.780226157111867,228.76066418465282,0,0,3,9,4,109,0.027320107599193007,0.04833557498318763,170.0,222.0
F8_7.15,N17,N16,800.0,1,2400.0,2390.7220021929525,22,51,51,22,9.277997807047313,3990.7220021929525,31.4903233675017,31.771466299234202,1,-1,20.0,20.0,153,111,9.980702993034882,56.119410580746944,9.315595728659444,237.90520976115317,0,0,2,6,5,124,0.04833557498318763,0.04938634835238736,171.0,222.0
F8_13.16,N17,N16,800.0,1,2400.0,2398.0605419504964,16,58,48,16,1.9394580495038554,3998.0605419504964,31.328787404001922,31.660283917757145,1,-1,0.0,0.0,120,122,9.760273617298235,49.085985787719665,8.692059564564147,235.4251532827422,0,0,12,5,5,122,0.046234028244788165,0.046401815526590486,167.0,214.0
F8_1.24,N17,N16,800.0,1,2400.0,2398.3114907888503,21,55,48,21,1.6885092111494941,3998.3114907888503,31.35263436535178,31.599540794766526,-1,1,30.0,30.0,119,118,8.472749841902933,9.70050282904458,10.099177511304758,242.34513416692297,0,1,1,7,7,124,0.04833557498318763,0.04203093476798924,240.0,229.0
F8_0.19,N17,N16,800.0,1,2400.0,2247.3427389686185,23,57,63,23,152.6572610313815,3847.3427389686185,30.840694976053825,31.402664751778403,1,-1,25.0,25.0,106,108,11.4002580398868,200.0,11.4002580398868,237.6275399454179,0,0,6,0,0,143,0.006304640215198386,0.0441324815063887,161.0,163.0
F8_0.21,N17,N16,800.0,1,2400.0,2343.1416731276313,16,59,63,16,56.85832687236859,3943.1416731276313,30.837210978132283,31.285099177251002,-1,1,33.0,33.0,99,118,9.798448416187961,45.470633646797296,9.567897445545956,236.22561973570535,0,0,2,6,6,138,0.031523201075991936,0.04205006671478193,151.0,203.0
F8_7.17,N17,N16,800.0,1,2400.0,2333.4757379332978,25,49,56,25,66.52426206670236,3933.4757379332978,30.94169677792867,31.44886899435846,-1,1,11.0,11.0,105,103,7.498782533416843,91.15916484451168,8.405429084160982,248.54544200654328,0,1,2,5,5,130,0.0336247478143914,0.04310084090046694,203.0,227.0
F8_7.18,N17,N16,800.0,1,2400.0,2392.2041418085646,15,64,61,15,7.7958581914354,3992.2041418085646,30.834552828014754,31.35852994360153,0,-1,2.0,2.0,101,118,9.969354693278277,185.97950571309548,10.408440735848544,232.6209624927999,0,0,8,7,7,140,0.031523201075991936,0.04623402824478817,185.0,207.0
F8_0.17,N17,N16,800.0,1,2400.0,2398.5873314737078,25,45,53,25,1.4126685262921228,3998.5873314737078,31.150791732326645,31.535933109286077,-1,1,30.0,30.0,109,110,7.774067518404162,255.4867097090139,9.016364831826978,251.16981840455972,0,1,2,5,4,123,0.037827841291190316,0.04520237992859449,236.0,224.0
F8_2.28,N17,N16,800.0,1,2400.0,2395.9767103568493,20,65,65,20,4.023289643150747,3995.9767103568493,30.50977354709951,31.112794026049148,1,-1,23.0,23.0,89,109,10.548272670195423,200.0,10.548272670195423,232.43198139857333,0,0,2,0,0,150,0.00840618695359785,0.0441324815063887,177.0,212.0
F10_0.26,N17,N16,800.0,1,2400.0,2399.334172237247,22,68,66,22,0.6658277627531106,3999.334172237247,30.520815198752775,31.119021470987455,-1,-1,4.0,4.0,96,124,9.2550600179706,69.1572504098333,11.658936848447992,221.20051605942044,0,5,6,20,2,156,0.0945696032279758,0.04518325487558844,194.0,189.0
F10_0.27,N17,N16,800.0,1,2400.0,2399.336517011438,23,68,67,23,0.6634829885618956,3999.336517011438,30.41639104036962,31.012953957503882,1,1,25.0,25.0,93,125,11.26277446799738,307.46649831799573,13.173501058594711,203.45411551406255,0,0,0,6,5,158,0.04919304793167978,0.03832848793344089,184.0,193.0
F8_7.20,N17,N16,800.0,1,2400.0,2058.4506767605094,23,78,66,23,341.54932323949055,3658.4506767605094,30.159069636185716,30.8466101685974,-1,1,19.0,19.0,92,102,10.483054114841348,50.888681228912446,10.980952195706463,249.45306791515787,0,1,0,2,2,167,0.04203093476798924,0.03423237466508718,125.0,169.0
F8_0.23,N17,N16,800.0,1,2400.0,2397.9562027473607,20,80,64,20,2.043797252639365,3997.9562027473607,30.22536334611374,30.91552549152358,1,-1,1.0,1.0,95,114,10.670807925869331,22.597814715466484,11.651616015535682,240.3744133413975,0,0,12,4,4,164,0.037827841291190316,0.04203093476798924,183.0,204.0
F10_2.21,N17,N16,800.0,1,2400.0,2392.264495017239,21,77,66,21,7.735504982761199,3992.264495017239,30.24302230776058,30.872510958593267,1,1,31.0,31.0,92,105,8.699209131351111,188.27908405427183,11.285667183486336,227.847074218263,0,0,4,19,0,164,0.10283291710145752,0.038897740175606876,193.0,252.0
F10_2.23,N17,N16,800.0,1,2400.0,2390.1393082128043,26,84,65,26,9.860691787195606,3990.1393082128043,30.048921843124567,30.91554295781221,-1,-1,1.0,1.0,91,123,5.447079436925043,133.6727911338396,10.328730014858731,269.2552847971922,0,18,2,17,10,175,0.06935104236718224,0.03467552118359112,189.0,194.0
F10_0.32,N17,N16,800.0,1,2400.0,2394.4426976339323,34,83,72,34,5.557302366067688,3994.4426976339323,30.113261643473002,30.8569437292061,1,1,19.0,19.0,96,110,11.059157145387978,15.64708450600051,11.825729493183589,206.88011138569698,0,0,0,17,3,189,0.10859174870937727,0.03469466730583878,179.0,187.0
F10_2.22,N17,N16,800.0,1,2400.0,2394.874183469682,29,83,66,29,5.125816530318161,3994.874183469682,30.0695641861823,30.910739328504448,1,1,38.0,38.0,94,122,6.164554714358486,291.49504468210534,11.989807286692002,262.18272307789914,0,12,0,14,9,178,0.06576664772476072,0.03260605497745901,193.0,197.0
F8_16.33,N17,N16,800.0,1,2400.0,2393.9753114090954,38,94,72,38,6.024688590904475,3993.9753114090954,30.14660332633843,30.77849487312179,-1,1,32.0,32.0,104,129,7.8617999345955925,124.38030070762943,8.902347015213437,259.8529678248243,0,2,0,7,7,204,0.06304640215198387,0.04415702085909448,162.0,213.0
F17_0.12,N17,N16,800.0,1,2400.0,2392.4698168927,46,86,73,46,7.530183107300218,3992.4698168927,30.205157170401495,30.76722571904563,0,0,1.0,1.0,121,127,12.045564208277405,36.784317993505056,13.940102034714618,210.4430216408866,0,0,2,8,4,205,0.07355413584398117,0.047284801613987903,166.0,190.0
F8_13.25,N17,N24,800.0,1,2400.0,2392.239687064226,1,15,1,44,7.760312935773754,3992.239687064226,30.170537313369184,28.853757792028183,-1,1,32.0,32.0,124,181,7.608737387074275,12.643837597157017,10.78699875674592,265.3956132465576,0,2,0,10,0,60,0.04203093476798924,0.0021015467383994624,159.0,188.0
F17_0.11,N17,N16,800.0,1,2400.0,2393.389082620791,46,90,69,46,6.6109173792088995,3993.389082620791,30.173670569277462,30.756548993166454,-1,-1,32.0,32.0,118,127,10.982032604343509,14.094295199279259,11.640970012463955,220.44634379317137,0,2,2,11,7,205,0.07565568258238063,0.05358944182918628,164.0,233.0
F10_0.35,N17,N16,800.0,1,2400.0,2395.6248228500012,48,84,64,48,4.375177149998876,3995.6248228500012,30.170537313369184,30.716567251945605,1,1,33.0,33.0,123,145,8.190915428725221,52.810386451446675,9.544920428407538,234.8934684891365,0,4,0,27,0,196,0.1319443161484718,0.05360018600933308,173.0,203.0
F8_11.35,N17,N24,800.0,1,2400.0,2394.883895292608,2,13,2,39,5.116104707391742,3994.883895292608,30.12812719901619,28.770650867722814,1,-1,33.0,33.0,130,172,8.677551384042467,28.27727063426005,10.206791397178582,252.12775385440742,0,0,0,17,0,54,0.06935104236718224,0.0021015467383994624,180.0,157.0
F8_11.31,N17,N16,800.0,1,2400.0,2396.160542208989,41,91,73,41,3.839457791010659,3996.160542208989,30.153816336111394,30.75982277157187,-1,1,27.0,27.0,106,129,5.359253932576876,17.392531387480403,10.718507865153752,262.03829195921327,0,3,2,2,2,205,0.04203093476798924,0.04625317097150175,219.0,251.0
F4_17.22,N17,N24,800.0,1,2400.0,2398.7604960904014,13,9,13,42,1.2395039095986249,3998.7604960904014,30.016817698372602,28.743784452081012,1,1,17.0,17.0,151,183,11.733854800937616,200.0,11.733854800937616,222.9018595644588,0,0,0,0,0,64,0.00840618695359785,0.0021015467383994624,153.0,173.0
F8_16.35,N17,N24,800.0,1,2400.0,2395.20156855651,3,14,3,37,4.79843144348979,3995.20156855651,30.093360279283306,28.73259836545631,1,-1,17.0,17.0,140,164,9.051734811971013,190.4292579735427,9.50319653469514,238.7041193000297,0,0,1,11,0,54,0.0672494956287828,0.0021015467383994624,190.0,188.0
F4_9.34,N17,N24,800.0,1,2400.0,2394.1875128257443,15,6,15,47,5.812487174255693,3994.1875128257443,30.01528816614994,28.721277860786255,0,0,1.0,1.0,149,176,11.066653893256351,116.78004646820045,11.171770182842337,226.25831996878114,0,0,0,5,5,68,0.027320107599193007,0.0021015467383994624,159.0,176.0
F10_0.34,N17,N16,800.0,1,2400.0,2391.435576727821,50,89,63,50,8.564423272178942,3991.435576727821,30.171273708900678,30.675019194284623,1,1,24.0,24.0,122,150,10.431273208937084,138.6683467187636,9.81931344921154,217.38971156064756,0,0,0,24,0,202,0.12399125756556827,0.04938634835238736,184.0,254.0
F4_14.24,N17,N24,800.0,1,2400.0,2394.5794759408136,18,6,18,46,5.420524059186619,3994.5794759408136,29.95190268190141,28.70153093294408,-1,-1,34.0,34.0,152,174,12.046444921577267,322.26175997841574,12.046444921577267,226.0216742940441,0,0,0,1,1,70,0.012609280430396773,0.0021015467383994624,157.0,179.0
F18_2.20,N17,N16,800.0,1,2400.0,2391.3906430772518,62,98,57,62,8.609356922748134,3991.3906430772518,30.093360279283306,30.64551625529265,-1,-1,18.0,18.0,137,154,8.967397939348244,14.81627615259822,12.923805216920197,238.89636835547432,0,9,2,12,11,217,0.05884330867518494,0.06514794889038332,217.0,266.0
F4_13.27,N17,N24,800.0,1,2400.0,2393.3594106777173,23,7,23,41,6.640589322282949,3993.3594106777173,29.780945429224282,28.649258305867225,-1,-1,39.0,39.0,145,162,9.269866319003606,58.154695570456624,10.396742594476603,240.89963840938339,0,0,0,3,3,71,0.0441324815063887,0.015761600537995964,154.0,189.0
F8_15.23,N17,N24,800.0,1,2400.0,2262.470865736214,21,7,21,45,137.5291342637862,3862.470865736214,29.83270549041497,28.710526429945894,-1,1,26.0,26.0,146,169,8.48152890169224,17.32238759698157,8.985507614926242,258.71722793096336,0,3,0,10,0,73,0.0672494956287828,0.01050773369199731,232.0,209.0
F12_0.23,N17,N16,800.0,1,2400.0,2395.902221776928,59,91,41,59,4.097778223071941,3995.902221776928,29.89284417268284,30.487053067964766,-1,-1,14.0,14.0,153,150,3.856766740266801,417.8232018018982,13.267990393045247,307.9119404760438,0,20,6,18,16,191,0.06514794889038333,0.0914172831203766,302.0,196.0
F4_7.0,N17,N16,800.0,-1,2400.0,1177.1302021970455,20,19,12,20,377.0971343864035,2777.1302021970455,0.0,0.0,-2,1,7.0,7.0,47,2,14.179741483062445,22.45360442171102,14.179741483062445,185.4000092476625,0,0,0,1,1,51,0.012609280430396773,0.00840618695359785,27.0,134.00000000000006
F4_7.2,N17,N16,800.0,1,2400.0,2101.0418956278986,12,7,11,12,298.9581043721015,3701.0418956278986,0.0,0.0,-1,-1,29.0,29.0,30,0,6.676690920252521,11.678001674423058,10.050561450729347,252.17324692840813,0,3,0,3,0,30,0.056400239915446286,0.0,104.0,126.99999999999994
F4_7.3,N17,N16,800.0,1,2400.0,2300.895906248037,12,8,11,12,99.10409375196298,3900.895906248037,0.0,0.0,-1,-1,28.0,28.0,32,0,8.72027145345951,11.966397427296215,10.012827262332724,251.5470223329549,0,3,0,6,1,31,0.05674176193678548,0.0,118.0,124.99999999999994
F4_9.3,N17,N16,800.0,1,2400.0,2028.493779463944,7,7,9,7,371.50622053605576,3628.493779463944,0.0,0.0,0,0,1.0,1.0,15,0,13.04885553707459,236.68450666014382,12.91374667814103,228.0805505442414,0,0,0,4,3,23,0.06935104236718224,0.0,119.0,131.00000000000006
F4_11.1,N17,N24,800.0,1,2400.0,1654.7117123292342,10,0,10,67,745.288287670766,3254.711712329234,0.0,0.0,-1,1,35.0,35.0,22,4,0.17376047852500764,27.939454341038072,0.33971881808897,242.03945588811573,0,1,0,2,0,77,0.07565568258238063,0.0,101.0,169.00000000000006
F4_12.0,N17,N24,800.0,1,2400.0,2399.6646655521076,12,0,12,68,0.33533444789247824,3999.6646655521076,0.0,0.0,-1,1,34.0,34.0,24,4,10.76402287604435,12.327478574187808,10.918408699979693,241.51987535505512,0,1,0,8,3,80,0.05253866845998655,0.0,137.0,135.0
F4_13.0,N17,N24,800.0,-1,2400.0,1051.4173649281777,35,0,35,93,251.41434028807396,2651.4173649281774,35.55555555555556,48.0,-2,1,26.0,26.0,62,28,12.967575709443123,21.060611569211915,12.967575709443123,194.42317632950963,0,0,0,1,1,128,0.00840618695359785,0.011558507061197043,22.0,149.99999999999994
F4_11.2,N17,N24,800.0,-1,2400.0,956.4874225537671,40,1,40,93,156.46296268098058,2556.487422553767,38.49433950662035,45.61538461538461,-2,1,13.0,13.0,66,25,13.262827079146462,61.21987453199836,11.239077343559288,188.2681195822966,0,0,0,4,4,134,0.0168123739071957,0.011558507061197043,14.0,145.0
F4_11.4,N17,N24,800.0,1,2400.0,2234.2847345366754,17,0,17,77,165.7152654633245,3834.2847345366754,0.0,0.0,-1,1,21.0,21.0,32,7,7.776576724453822,10.996685082952581,9.64139887575642,247.2691968938379,0,4,0,11,5,94,0.08406186953597848,0.0,132.0,136.0
F4_19.1,N17,N24,800.0,1,2400.0,1872.1525581597343,19,0,19,78,527.8474418402656,3472.1525581597343,0.0,48.0,1,-1,30.0,30.0,37,25,10.282112329861961,15.484412691713715,9.210412531739323,225.94809005010583,0,0,0,5,2,97,0.08338714840477705,0.0021015467383994624,92.0,134.0
F4_11.0,N17,N24,800.0,1,2400.0,2038.3427720838267,17,0,17,73,361.6572279161734,3638.3427720838267,0.0,0.0,-1,1,28.0,28.0,32,4,4.544597061073697,136.98328353816305,10.959331961439387,251.5470223329549,0,3,0,5,0,90,0.08196032279757902,0.0,113.0,152.0
F4_7.4,N17,N16,800.0,1,2400.0,1682.1787530459465,21,19,13,21,717.8212469540534,3282.1787530459465,0.0,0.0,1,1,3.0,3.0,48,2,9.783585923350676,11.067338464773002,10.049318688470729,223.75605070689548,0,0,0,3,0,53,0.08902683270656962,0.00840618695359785,112.99999999999994,140.0
F4_13.1,N17,N24,800.0,1,2400.0,2242.1867083861052,18,0,18,80,157.81329161389488,3842.1867083861052,0.0,0.0,-1,1,18.0,18.0,33,9,7.964050318154586,9.501571977061985,8.380063160667621,247.08671502210672,0,4,0,13,7,98,0.08672863909642713,0.0,176.00000000000006,164.0
F4_13.3,N17,N24,800.0,1,2400.0,2397.782983382909,13,0,13,70,2.2170166170906214,3997.782983382909,0.0,0.0,-1,1,32.0,32.0,28,4,10.345028215129156,10.996274672915206,10.147005751843148,240.8748120488901,0,2,0,9,4,83,0.054640215198386015,0.0,193.99999999999994,164.0
F4_13.4,N17,N24,800.0,1,2400.0,1647.2278212409624,38,1,38,97,752.7721787590375,3247.2278212409624,39.36307821020712,45.61538461538461,1,-1,35.0,35.0,63,45,3.5875865714477904,2.837852429913255,2.721713636038134,237.44330221244073,0,0,0,2,2,136,0.11030155901423688,0.014710827168796235,71.99999999999994,157.0
F4_14.1,N17,N24,800.0,-1,2400.0,1314.8603768884614,41,2,41,106,514.8552826634678,2914.8603768884614,38.978296010709684,45.4885892718624,-2,-1,8.0,8.0,65,51,13.205700354729895,15.256215962062925,12.37502758277291,194.26119710104473,0,0,0,4,4,149,0.014710827168796235,0.025218560860793545,40.00000000000006,165.0
F4_11.5,N17,N24,800.0,1,2400.0,2015.9873838902354,29,0,29,90,384.01261610976474,3615.9873838902354,0.0,48.0,-1,1,35.0,35.0,56,28,2.4860323151391004,311.2008971334492,9.942290362365313,245.63505916009754,0,7,0,4,3,119,0.09036650975117687,0.011558507061197043,119.0,156.0
F4_16.0,N17,N24,800.0,-1,2400.0,1380.1370074276142,35,0,35,93,580.079334583575,2980.137007427614,35.55555555555556,48.0,-2,1,26.0,26.0,62,28,12.887490067829845,34.161536059674404,12.566365508656203,194.42317632950963,0,0,0,5,5,128,0.014710827168796235,0.011558507061197043,57.0,201.0
F4_18.0,N17,N24,800.0,1,2400.0,2396.006929522393,21,0,21,77,3.993070477606807,3996.006929522393,0.0,48.0,1,-1,24.0,24.0,39,25,10.613206882735275,478.3849774724174,12.05313152978079,222.23396765090214,0,0,0,7,6,98,0.07275219922975752,0.005253866845998656,160.0,152.0
F4_11.6,N17,N24,800.0,1,2400.0,2395.5354170177543,23,0,23,76,4.464582982245815,3995.5354170177543,0.0,48.0,1,-1,17.0,17.0,44,25,10.382451048045526,41.831368288325166,11.350710580640758,221.9034383017081,0,0,0,12,9,99,0.09246805648957633,0.006304640215198386,152.0,153.0
F4_12.1,N17,N24,800.0,-1,2400.0,850.702552765372,51,2,51,119,50.6801998031018,2450.7025527653723,36.79681366876068,37.91130111565522,-2,1,1.0,1.0,96,67,12.350051871441483,41.89257923388516,11.38091051992023,198.37085918809186,0,0,0,15,7,172,0.037827841291190316,0.027320107599193007,5.0,157.0
F8_0.3,N17,N16,800.0,1,2400.0,2398.5165261021843,20,19,12,20,1.4834738978156565,3998.5165261021843,0.0,0.0,-1,1,9.0,9.0,47,2,10.372554154545007,43.87544022244015,10.643591102706669,241.13462050569188,0,0,0,9,9,51,0.046234028244788165,0.00840618695359785,171.0,174.0
F8_7.1,N17,N16,800.0,1,2400.0,1728.5482470549832,19,38,17,19,671.4517529450167,3328.548247054983,39.36307821020712,0.0,0,-1,2.0,2.0,61,5,10.96382041197143,20.209719908262286,10.179833775442496,238.64137005165716,0,0,0,2,2,74,0.02101546738399462,0.012609280430396773,115.00000000000006,175.0
F8_0.1,N17,N16,800.0,-1,2400.0,1369.6093058239385,28,41,28,28,569.5540006629291,2969.6093058239385,37.77891582162069,0.0,-2,-1,18.0,18.0,92,16,12.781591302523317,39.51640202187161,14.014412106271065,189.1419949905553,0,0,0,10,6,97,0.0336247478143914,0.024167787491593817,45.0,178.0
F4_7.5,N17,N16,800.0,1,2400.0,2389.1442290289483,21,34,16,21,10.855770971051811,3989.1442290289483,35.94691231840379,0.0,-1,-1,19.0,19.0,67,2,7.903862456846713,13.880470768012401,12.008961094593525,243.11846744704653,0,9,0,16,1,71,0.1050773369199731,0.012609280430396773,183.00000000000006,139.0
F8_1.0,N17,N16,800.0,1,2400.0,2396.181207521557,18,19,11,18,3.8187924784429015,3996.181207521557,0.0,0.0,-1,1,18.0,18.0,43,2,9.866510166855397,15.386708162698142,10.240250016572356,240.5262695885321,0,0,0,7,7,48,0.04833557498318763,0.006304640215198386,186.99999999999994,172.0
F8_0.2,N17,N16,800.0,1,2400.0,2162.2414028600347,21,34,16,21,237.75859713996522,3762.2414028600347,35.94691231840379,0.0,1,-1,17.0,17.0,68,2,10.325799992845154,107.43954549887758,11.80912604379718,237.0057131907469,0,0,0,6,6,71,0.04426896609501942,0.012609280430396773,149.00000000000006,166.0
F8_7.0,N17,N16,800.0,1,2400.0,1619.5020304254726,20,39,24,20,780.4979695745276,3219.5020304254726,38.978296010709684,0.0,1,-1,41.0,41.0,79,12,0.0,1.508229702222252,1.5071746258763596,311.9903939219078,0,7,0,0,0,83,0.05022438852310401,0.013660053799596504,83.00000000000006,172.0
F4_19.2,N17,N24,800.0,1,2400.0,2216.249084693258,40,1,40,94,183.7509153067424,3816.249084693258,38.49433950662035,45.61538461538461,-1,1,10.0,10.0,66,25,6.30315160684971,10.862645346068348,8.548301135003722,249.40094740065743,0,9,0,12,10,135,0.10928043039677203,0.011558507061197043,172.0,158.0
F4_14.2,N17,N24,800.0,1,2400.0,1641.436185496491,51,2,51,120,758.5638145035092,3241.436185496491,36.79681366876068,37.91130111565522,-1,1,3.0,3.0,95,66,0.0,0.0010730273852459504,0.0,290.0839160939381,0,26,0,4,3,173,0.11241653721194676,0.027320107599193004,82.0,155.0
F4_17.1,N17,N24,800.0,1,2400.0,2180.861047944857,41,1,41,94,219.13895205514314,3780.861047944857,37.63733548499646,45.61538461538461,-1,1,14.0,14.0,67,25,3.9382353011695543,11.873159518196644,9.417142405869715,246.02371091192393,0,9,0,8,8,136,0.08616341627437794,0.011558507061197043,174.0,161.0
F4_11.8,N17,N24,800.0,1,2400.0,2397.946121683819,32,0,32,91,2.053878316181226,3997.946121683819,0.0,48.0,-1,1,31.0,31.0,59,28,6.32218297215802,28.852503179919495,9.956459797443296,243.2616315562843,0,7,0,10,10,123,0.07145258910558171,0.011558507061197043,201.0,155.0
F8_1.1,N17,N16,800.0,1,2400.0,2115.460898591876,19,38,18,19,284.53910140812434,3715.460898591876,39.36307821020712,0.0,0,-1,0.0,0.0,61,6,9.766940811234875,134.12109036417542,8.844072945721953,245.89337155983137,0,0,0,6,6,75,0.05253866845998655,0.012609280430396773,136.0,171.0
F4_16.2,N17,N24,800.0,1,2400.0,1986.687291991639,37,1,37,98,413.31270800836074,3586.687291991639,39.36307821020712,45.61538461538461,1,-1,36.0,36.0,62,44,5.095139098158282,11.416652480831772,9.112457628516188,242.65112590230467,0,0,0,8,7,136,0.10928043039677203,0.013660053799596504,150.99999999999994,168.0
F8_7.2,N17,N16,800.0,1,2400.0,2340.2986266000207,19,37,17,19,59.7013733999795,3940.2986266000207,38.727364921192795,0.0,1,-1,8.0,8.0,64,4,9.934815733560164,124.0278710239038,8.023933268096597,240.51453175501996,0,0,0,8,8,73,0.04833557498318763,0.012609280430396773,158.99999999999994,169.0
F4_15.0,N17,N24,800.0,1,2400.0,2133.031136232072,40,1,40,94,266.9688637679279,3733.031136232072,38.49433950662035,45.61538461538461,-1,1,11.0,11.0,66,25,3.1788654702695394,363.12606573707626,10.471529340003354,244.85540301908216,0,9,0,7,7,135,0.08406186953597848,0.011558507061197043,137.0,198.0
F4_17.2,N17,N24,800.0,-1,2400.0,1477.7539698832798,55,6,55,115,677.6547162630379,3077.7539698832798,36.63887481601653,37.55655079169339,-2,-1,21.0,21.0,100,72,10.830753282886556,53.57113825577302,12.227362782965496,216.22126408053293,0,2,2,21,12,176,0.05354318190035351,0.04082448459450812,55.0,172.0
F4_12.2,N17,N24,800.0,1,2400.0,2394.5202325045984,26,0,26,87,5.479767495401688,3994.5202325045984,0.0,48.0,-1,1,39.0,39.0,51,27,6.072561097331389,146.40019347815405,9.275404299189292,245.4819553424296,0,4,0,7,6,113,0.08196032279757902,0.011558507061197041,166.0,198.0
F4_16.3,N17,N24,800.0,1,2400.0,2009.1580680098568,37,1,37,99,390.84193199014317,3609.158068009857,39.36307821020712,45.61538461538461,1,-1,39.0,39.0,62,41,3.472759071001967,10.227437545193197,9.305791769077599,246.42292443932757,0,6,0,7,7,137,0.09667114996637526,0.011558507061197041,171.0,158.0
F4_11.7,N17,N24,800.0,1,2400.0,2399.184918783472,30,0,30,90,0.8150812165280286,3999.184918783472,0.0,48.0,-1,1,33.0,33.0,57,28,5.733664061013327,10.752028173234976,9.95278375325733,245.3404934981467,0,7,0,9,9,120,0.07145258910558171,0.011558507061197043,200.00000000000006,173.0
F4_12.5,N17,N24,800.0,1,2400.0,1824.7373240039728,56,2,56,112,575.2626759960273,3424.737324003973,38.65752685154163,45.4885892718624,-1,1,29.0,29.0,91,60,0.6372624714356706,134.3505838937699,5.515442148780096,273.54911493325625,0,14,0,10,8,170,0.09246805648957633,0.027320107599193007,139.0,136.0
F4_16.5,N17,N24,800.0,1,2400.0,1611.7597999755249,56,9,56,121,788.240200024475,3211.759799975525,36.1667305268274,37.55655079169339,1,-1,7.0,7.0,97,76,9.66924580046391,14.852328701244403,12.174441066922954,245.28830994234912,0,0,4,0,0,186,0.11348352387357095,0.05279437175733012,78.0,133.0
F4_19.3,N17,N24,800.0,1,2400.0,2390.6153498224985,39,1,39,96,9.384650177501271,3990.6153498224985,35.94691231840379,48.61538461538461,-1,1,21.0,21.0,65,27,6.512796733531607,10.59874969742259,9.470611231828354,242.95775240575134,0,9,0,15,15,136,0.07985877605917956,0.011558507061197043,217.0,141.0
F4_18.2,N17,N24,800.0,1,2400.0,2396.8971426982125,39,2,39,100,3.1028573017875942,3996.8971426982125,39.52983238816789,46.255019556714466,1,-1,31.0,31.0,63,48,10.279898850988598,44.423315699293425,12.052744096616715,225.17028892451768,0,0,0,15,12,141,0.10717888365837257,0.018376576855966893,190.00000000000006,138.0
F4_14.3,N17,N24,800.0,-1,2400.0,1252.358876133192,56,11,56,129,452.320127564715,2852.358876133192,35.7135916263555,37.55655079169339,-2,1,34.0,34.0,103,88,11.410413167348462,13.187483958289306,10.177509812111802,218.20529210682952,0,0,0,20,12,196,0.0672494956287828,0.054536087864154995,46.0,155.0
F4_14.5,N17,N24,800.0,1,2400.0,1851.8344548074779,51,4,51,116,548.1655451925221,3451.834454807478,36.59217642058047,37.617450639074384,1,-1,38.0,38.0,97,65,3.0072603749940567,15.728147034855283,11.196075105893799,281.7605932028225,0,20,1,17,15,171,0.13808596230745823,0.027320107599193007,113.0,142.0
F4_12.4,N17,N24,800.0,1,2400.0,1739.0119877233083,53,6,53,115,660.988012276692,3339.0119877233083,36.720437672800806,37.55655079169339,1,-1,27.0,27.0,99,67,3.0884819784619375,0.011517348325924104,0.00019700910689009955,278.0651511819917,0,8,2,10,9,174,0.13160929221817502,0.03621687269728368,101.0,142.0
F4_15.1,N17,N24,800.0,1,2400.0,2042.530691230716,44,2,44,110,357.469308769284,3642.530691230716,38.978296010709684,45.4885892718624,1,-1,5.0,5.0,70,52,10.505620370813023,96.25391079953533,12.684830278025158,227.11115710114348,0,0,0,10,9,156,0.09877269670477472,0.025218560860793545,158.99999999999994,145.0
F4_15.2,N17,N24,800.0,1,2400.0,2391.531605501359,37,1,37,98,8.468394498640805,3991.531605501359,39.36307821020712,45.61538461538461,1,-1,40.0,40.0,62,40,6.7977367985986215,230.6928157610712,8.904244563240912,245.68759826340673,0,8,0,17,13,136,0.11389333385148093,0.011558507061197041,193.0,156.0
F4_16.1,N17,N24,800.0,1,2400.0,1889.9986701208322,39,2,39,105,510.00132987916794,3489.9986701208322,39.27545430644477,45.4885892718624,1,-1,17.0,17.0,58,48,8.19596331747392,10.391983011109005,8.959025786874665,229.8152843242724,0,0,0,7,6,146,0.0882649630127774,0.02423818514965568,162.0,161.0
F4_18.1,N17,N24,800.0,1,2400.0,2391.782230677788,37,1,37,94,8.217769322212234,3991.782230677788,35.92921642453839,48.61538461538461,-1,1,23.0,23.0,64,27,6.3218262318461695,12.332274048346562,9.901766816748651,242.7301239085506,0,9,0,14,14,132,0.0777572293207801,0.011558507061197043,215.0,161.0
F8_7.3,N17,N16,800.0,1,2400.0,2286.814901715804,26,43,28,26,113.18509828419633,3886.814901715804,38.36658656213021,0.0,1,-1,25.0,25.0,91,15,10.151197166187087,173.75911738364084,10.111165661208465,241.57721308445838,0,0,0,5,5,97,0.04833557498318763,0.024167787491593817,145.0,173.0
F5_9.1,N17,N16,800.0,1,2400.0,1780.2494246743136,30,51,37,30,619.7505753256867,3380.2494246743136,36.1667305268274,27.831932773109244,1,1,8.0,8.0,97,31,9.463470597295712,10.399856519713467,7.911087578648154,247.93793445548928,0,0,0,8,3,118,0.11558507061197042,0.021015467383994624,131.0,128.0
F8_2.3,N17,N16,800.0,1,2400.0,1607.040539601353,31,50,40,31,792.9594603986473,3207.040539601353,35.7135916263555,27.831932773109244,1,-1,38.0,38.0,98,37,7.766502755019016,12.698278177809275,10.098475173464976,3.439787548325188,0,0,0,0,0,121,0.3002372470533688,0.0,63.0,181.0
F4_7.8,N17,N16,800.0,1,2400.0,2395.3500686767547,21,39,24,21,4.649931323245255,3995.3500686767547,38.978296010709684,0.0,-1,-1,40.0,40.0,81,12,9.171114108206195,11.457030007801677,10.104479698085164,241.87076373913723,0,0,0,22,2,84,0.1050773369199731,0.013660053799596504,196.99999999999994,142.0
F4_9.4,N17,N16,800.0,1,2400.0,2388.1809117625235,34,52,26,34,11.819088237476421,3988.1809117625235,36.59217642058047,0.0,1,1,40.0,40.0,95,27,5.685290152349862,126.2051349755643,14.867246629736922,283.7037544887404,0,23,0,28,0,112,0.11584817888111326,0.024167787491593817,170.0,127.0
F8_0.7,N17,N16,800.0,1,2400.0,2391.1950790489354,32,45,26,32,8.804920951064446,3991.1950790489354,36.953412058031084,0.0,1,-1,10.0,10.0,93,18,10.341002590841354,238.28636654498405,10.341002590841354,235.96137489662155,0,0,0,1,1,103,0.0168123739071957,0.02521856086079355,153.0,163.0
F4_7.7,N17,N16,800.0,1,2400.0,2396.351876212588,20,39,23,20,3.648123787411805,3996.351876212588,38.978296010709684,0.0,0,0,0.0,0.0,79,12,9.254548824271959,10.783221870073021,9.177920784197994,232.11865609387573,0,0,0,21,0,82,0.09036650975117687,0.013660053799596504,208.0,151.0
F3_12.1,N17,N24,800.0,1,2400.0,2378.27088608644,56,2,56,114,21.7291139135599,3978.27088608644,38.65752685154163,45.4885892718624,-1,1,30.0,30.0,91,60,6.696869718941342,12.570454691292298,9.794857009260117,272.771149241975,0,13,0,25,22,172,0.09036650975117687,0.027320107599193007,193.99999999999994,168.0
F4_15.3,N17,N24,800.0,1,2400.0,2012.9880769934034,49,3,49,120,387.0119230065966,3612.9880769934034,36.80473760309184,37.41100356262088,-1,0,2.0,2.0,94,65,4.127329260801206,14.766125112116242,12.682571036811195,288.8184102450606,0,26,0,23,18,172,0.11768661735036988,0.027320107599193007,162.0,170.0
F3_18.0,N17,N24,800.0,1,2400.0,2112.280187500663,50,2,50,121,287.7198124993371,3712.280187500663,36.79681366876068,38.13113461221684,-1,1,5.0,5.0,94,65,5.497280746663429,12.061793054881946,9.150008994856524,286.4237063199461,0,26,0,27,21,173,0.11558507061197042,0.02732010759919301,175.0,167.0
F4_12.3,N17,N24,800.0,1,2400.0,1773.3155016940973,42,2,42,107,626.6844983059026,3373.3155016940973,38.978296010709684,45.4885892718624,1,-1,6.0,6.0,67,51,9.320675277775592,12.5500665804866,8.770806931657036,226.6561760086303,0,0,0,6,5,151,0.09246805648957633,0.025218560860793545,156.00000000000006,216.0
F4_11.9,N17,N24,800.0,1,2400.0,1746.418958738458,55,6,55,114,653.5810412615419,3346.418958738458,36.63887481601653,37.55655079169339,1,-1,22.0,22.0,100,71,5.648136376155673,0.3780951147364249,0.37148072700622903,279.4475222830302,0,6,2,9,8,175,0.1281943510423672,0.03992938802958978,98.0,205.0
F8_2.2,N17,N16,800.0,1,2400.0,2395.768316265423,28,43,28,28,4.2316837345769045,3995.768316265423,38.067779899196985,0.0,1,-1,22.0,22.0,93,15,9.976198709129555,49.38385297701734,8.978985845560848,243.60759878993588,0,0,0,8,8,99,0.04767623829831248,0.024167787491593817,173.0,176.0
F4_13.5,N17,N24,800.0,1,2400.0,2327.2345177428097,40,1,40,94,72.76548225719057,3927.2345177428097,38.49433950662035,45.61538461538461,-1,1,10.0,10.0,66,25,6.6535482984613665,30.885322551901027,8.907767962162078,249.40094740065743,0,9,0,16,16,135,0.08616341627437794,0.011558507061197043,207.00000000000006,216.0
F3_12.0,N17,N24,800.0,1,2400.0,2394.621755210223,49,3,49,117,5.378244789776886,3994.621755210223,36.59217642058047,37.617450639074384,1,-1,40.0,40.0,95,65,6.1221341033973316,69.63301586358693,12.934341880100362,283.7037544887404,0,23,1,29,21,169,0.1367623612200459,0.027320107599193007,181.0,154.0
F4_14.4,N17,N24,800.0,1,2400.0,1768.8167874466644,57,8,57,117,631.1832125533356,3368.8167874466644,36.383750060516086,37.55655079169339,1,-1,18.0,18.0,99,74,5.671082591919506,0.34445710375530325,0.33605645712863497,276.5444253111527,0,5,3,11,8,182,0.11138197713517149,0.04413248150638871,131.0,195.0
F4_19.4,N17,N24,800.0,1,2400.0,2398.037375388,46,2,46,109,1.9626246120002406,3998.037375388,38.978296010709684,45.4885892718624,1,-1,3.0,3.0,72,53,10.136629957627306,11.76710828096384,9.7124528024986,224.0587811879373,0,0,0,19,16,157,0.09246805648957633,0.02521856086079355,207.00000000000006,191.0
F4_13.8,N17,N24,800.0,1,2400.0,2399.154261238565,50,2,50,121,0.8457387614347454,3999.154261238565,36.79681366876068,38.13113461221684,-1,1,5.0,5.0,94,65,5.828299084708916,259.03951861474025,10.200541424900077,286.4237063199461,0,26,0,29,23,173,0.11558507061197042,0.02732010759919301,186.0,179.0
F4_15.6,N17,N24,800.0,1,2400.0,2300.974399023739,55,6,55,115,99.02560097626099,3900.974399023739,36.63887481601653,37.55655079169339,1,-1,21.0,21.0,100,72,5.303982457162334,103.7379328279826,12.673527750556914,278.58580927592374,0,5,2,23,17,176,0.11722821153359905,0.04082448459450812,173.0,148.0
F4_19.5,N17,N24,800.0,1,2400.0,2080.136324828729,51,4,51,116,319.86367517127115,3680.136324828729,36.59217642058047,37.617450639074384,1,-1,38.0,38.0,97,65,5.396873470650189,80.61260328969865,11.449312857445097,281.7605932028225,0,20,1,24,17,171,0.13808596230745823,0.027320107599193007,177.0,161.0
F8_1.3,N17,N16,800.0,1,2400.0,2394.0993389874084,32,45,26,32,5.900661012591627,3994.0993389874084,36.953412058031084,0.0,1,-1,10.0,10.0,93,18,9.818329831258383,49.98210155100924,8.624328694143117,235.96137489662155,0,0,0,10,10,103,0.046234028244788165,0.02521856086079355,180.0,216.0
F8_2.4,N17,N16,800.0,1,2400.0,2391.107366340875,38,49,43,38,8.892633659124613,3991.107366340875,35.7135916263555,27.831932773109244,1,-1,30.0,30.0,107,41,9.528267291700432,23.956975527033592,10.63879590447922,239.55560894196435,0,0,1,10,10,130,0.0441324815063887,0.02837088096839274,161.0,179.0
F8_1.8,N17,N16,800.0,1,2400.0,2393.6279654928976,45,58,60,45,6.372034507102626,3993.6279654928976,33.786594738604514,40.10939368516533,-1,1,4.0,4.0,111,64,2.7149010084442873,658.3168478788987,10.233244744661942,295.76842465513204,0,5,0,4,4,163,0.018913920645595158,0.035726294552790853,158.0,129.0
F4_13.11,N17,N24,800.0,1,2400.0,2397.7398228024967,56,12,56,140,2.260177197503481,3997.7398228024967,34.86793621427651,36.95009426684314,-1,1,9.0,9.0,115,99,4.275162892886762,14.19636523395343,11.436819287346486,290.85482636192773,0,28,0,23,15,208,0.13029589778076667,0.05043712172158709,178.0,150.0
F4_14.10,N17,N24,800.0,1,2400.0,2399.254616769746,56,12,56,136,0.7453832302539922,3999.254616769746,35.139090208708076,37.28387685061433,-1,1,13.0,13.0,112,99,4.085984899149518,28.325058664744574,8.686514919604303,287.74584692698164,0,27,0,21,13,204,0.13029589778076667,0.0504371217215871,185.0,157.0000000000001
F3_17.1,N17,N24,800.0,1,2400.0,2395.297150398502,56,17,56,156,4.702849601498201,3995.297150398502,33.82839781124714,36.08182159200735,1,-1,27.0,27.0,114,98,7.314464778016847,9.368611060638841,11.81344878548477,255.13486559016775,0,5,2,25,18,229,0.14710827168796234,0.057792535305985215,177.0,146.0000000000001
F4_18.6,N17,N24,800.0,1,2400.0,2394.8345436812074,55,29,55,152,5.165456318792508,3994.8345436812074,33.809477757441535,36.37395311197125,1,-1,6.0,6.0,108,99,8.666504397940269,17.665294908684245,10.761623302438181,230.48723587442475,0,2,8,19,18,236,0.10717888365837257,0.06935104236718224,176.0,133.0000000000001
F4_16.11,N17,N24,800.0,1,2400.0,2393.9431088254973,48,27,48,154,6.056891174502539,3993.9431088254973,33.76284151845517,36.016279628530235,1,-1,12.0,12.0,102,96,7.140474332752656,12.04649487910001,10.372821186594164,236.83518665838596,0,4,8,18,17,229,0.10931870079718993,0.06660377316107598,179.0,128.0
F4_7.12,N17,N16,800.0,1,2400.0,2398.6018065744115,45,58,60,45,1.3981934255886017,3998.6018065744115,33.786594738604514,40.10939368516533,1,1,4.0,4.0,111,64,10.012139165643339,12.00791094311785,10.473257556524372,229.51848135913238,0,0,0,24,5,163,0.1344989912575656,0.035726294552790853,213.0,149.0000000000001
F4_7.9,N17,N16,800.0,1,2400.0,2398.798264336168,44,51,45,44,1.2017356638320962,3998.798264336168,35.40015677405391,36.19942217372369,-1,-1,17.0,17.0,113,40,4.027780365240244,39.7634847402835,12.10878817745044,287.33210516572507,0,27,4,20,7,140,0.12399125756556827,0.03152320107599193,208.0,206.0000000000001
F4_12.10,N17,N24,800.0,1,2400.0,2399.273325678171,55,29,55,152,0.7266743218289093,3999.273325678171,33.809477757441535,36.37395311197125,1,-1,6.0,6.0,108,99,9.882448601528823,11.612914990517993,9.869148136219854,230.48723587442475,0,2,8,24,17,236,0.13660053799596505,0.06935104236718224,218.0,167.0
F4_19.10,N17,N24,800.0,1,2400.0,2390.1973391443526,61,39,61,153,9.802660855647332,3990.1973391443526,33.78933068724943,36.37395311197125,-1,1,37.0,37.0,121,110,8.051262380153826,64.96434577636956,11.907010353490083,238.43559941253,0,5,2,27,17,253,0.14112333835504184,0.07040181573638199,207.0,166.0
F4_15.14,N17,N24,800.0,1,2400.0,2395.6440403297634,66,52,66,183,4.355959670236643,3995.6440403297634,33.16654580152695,35.80616892978352,1,-1,9.0,9.0,130,137,9.333666315444203,14.32016947039483,11.244239170920608,244.42118936767616,0,0,10,28,18,301,0.14290517821116341,0.08003172184884172,168.0,143.0
F10_2.3,N17,N16,800.0,1,2400.0,2371.7130104912317,33,50,40,33,28.286989508768443,3971.7130104912317,35.7135916263555,27.831932773109244,-1,-1,37.0,37.0,100,39,11.806598068835271,707.8367637333226,13.258114436465698,195.12624250806957,0,0,0,2,0,123,0.03992938802958978,0.024167787491593814,326.0,179.0
F8_2.7,N17,N16,800.0,1,2400.0,2395.476466874914,72,62,93,72,4.523533125086033,3995.476466874914,33.15044767274458,38.8258784563207,1,-1,17.0,17.0,159,98,10.45207045718645,50.11284797802796,9.095205701345787,230.8223063717165,0,0,7,9,9,227,0.0589212757033363,0.0504371217215871,150.0,168.0000000000001
F4_7.15,N17,N16,800.0,1,2400.0,2335.016128121976,59,61,76,59,64.98387187802405,3935.016128121976,33.20735594790869,38.95001651907763,1,1,2.0,2.0,131,77,10.043922158781253,11.509215403523058,10.068303030625131,235.28937320490903,0,0,0,26,9,196,0.1387020847343645,0.03992938802958978,209.0,152.0
F8_9.12,N17,N16,800.0,1,2400.0,2393.9935645318265,69,63,92,69,6.006435468173663,3993.9935645318265,33.20735594790869,38.8258784563207,1,-1,23.0,23.0,153,94,10.477130476763264,40.324192366181705,9.825952049055457,228.51520163246764,0,0,5,7,7,224,0.054640215198386015,0.0504371217215871,152.0,183.0
F4_12.14,N17,N24,800.0,1,2400.0,2397.2719659645963,65,50,65,185,2.7280340354036525,3997.2719659645963,33.184072975511796,35.81390236099638,1,-1,11.0,11.0,132,136,8.726483960418394,14.449579343846835,11.207742414936028,246.80190336468883,0,0,10,27,17,300,0.1471408801996578,0.0777572293207801,219.0,157.0
F4_16.13,N17,N24,800.0,1,2400.0,2393.2120547426043,56,47,56,180,6.787945257395677,3993.2120547426043,33.04392720130322,35.79566586256076,1,-1,22.0,22.0,128,136,6.230221822937706,56.7098985163866,10.677911495647871,282.9241176289602,0,10,7,30,18,283,0.15131136516476126,0.06935104236718226,237.0,159.0
F4_12.17,N17,N24,800.0,1,2400.0,2399.502325731381,76,64,76,198,0.49767426861899366,3999.502325731381,33.20735594790869,35.83395945290473,-1,1,24.0,24.0,151,169,5.157749072111011,135.99464161593164,12.350493996359859,285.9526314317262,0,21,0,26,24,338,0.12441303740589596,0.07880800268997983,209.0,151.0
F4_14.15,N17,N24,800.0,1,2400.0,2388.7922583236486,79,65,79,199,11.207741676351247,3988.7922583236486,33.15044767274458,35.934804581244954,-1,1,19.0,19.0,156,171,5.8299540106946885,11.744054277766509,9.94892191235669,288.8605477754044,0,27,0,36,24,343,0.15761600537995965,0.07670645595158036,217.0,144.0
F8_1.13,N17,N16,800.0,1,2400.0,2394.718538473349,80,68,110,80,5.2814615266510145,3994.718538473349,32.99618479404587,37.56568117521793,-1,0,2.0,2.0,155,100,7.9606880485055305,12.578754191720009,9.643118545121098,274.41960804940464,0,5,0,15,15,258,0.05674176193678548,0.04098016139878951,159.0,175.0
F4_15.15,N17,N24,800.0,1,2400.0,2389.204675839948,65,72,65,216,10.795324160052019,3989.204675839948,32.99618479404587,34.90836635788178,0,-1,2.0,2.0,155,175,10.277146757441669,198.87768794125282,13.334563695680702,242.95175889951688,0,0,20,17,16,353,0.09877269670477472,0.0945696032279758,212.9999999999999,157.0
F4_14.18,N17,N24,800.0,1,2400.0,2393.373049977406,64,99,64,216,6.626950022594087,3993.373049977406,32.640924221637306,34.99997065346037,1,-1,37.0,37.0,179,202,4.159590195909464,89.94763215963485,10.956806983437689,319.2263318653385,0,35,0,31,29,379,0.1281943510423672,0.06619872225958305,195.0000000000001,140.0
F4_12.19,N17,N24,800.0,1,2400.0,2399.6771387242234,72,89,72,215,0.32286127577674506,3999.6771387242234,33.03606372224197,35.47209397306187,-1,1,20.0,20.0,172,187,5.040793692727468,8.000080265083625,7.5116198753240635,303.08771049241653,0,25,0,38,20,376,0.1554666502293964,0.07403389696260482,210.9999999999999,153.0
F10_0.4,N17,N16,800.0,1,2400.0,2398.3646292346843,35,50,42,35,1.6353707653157699,3998.3646292346843,35.7135916263555,27.831932773109244,-1,-1,34.0,34.0,103,39,6.615878912542851,40.03214516721437,14.055188257712542,214.07803294967857,0,1,0,3,3,127,0.02942165433759247,0.026269334229993276,505.0000000000001,191.0
F8_2.11,N17,N16,800.0,1,2400.0,2394.5639828055164,108,56,125,108,5.436017194483497,3994.5639828055164,32.62392465422869,36.56344258889588,1,-1,17.0,17.0,195,136,9.938054752963225,9.995594945155517,9.194241191898227,237.9157172593409,0,0,8,2,2,289,0.025218560860793545,0.06619872225958305,149.9999999999999,179.0
F10_0.2,N17,N16,800.0,1,2400.0,2394.2761414631714,37,50,42,37,5.723858536828629,3994.2761414631714,35.7135916263555,27.831932773109244,-1,-1,32.0,32.0,106,41,7.179534623049495,14.922628599093287,12.93703032465373,220.20930915997303,0,2,0,4,4,129,0.02942165433759247,0.02837088096839274,589.0,176.0
F4_19.17,N17,N24,800.0,1,2400.0,2399.9781296819174,64,147,64,198,0.021870318082619633,3999.9781296819174,31.783423524758316,34.45571732210751,1,-1,29.0,29.0,214,282,5.763692539421844,14.563368729784315,12.186871742292219,289.4578729033908,0,15,0,38,34,409,0.1355924939458199,0.059894082044384664,247.0,173.0
F4_11.22,N17,N24,800.0,1,2400.0,2396.528251520076,65,134,65,202,3.4717484799239173,3996.528251520076,31.738831853411373,34.395629936688465,-1,1,37.0,37.0,223,279,6.323809600875528,292.43706000601196,10.607302435506467,267.17742764202177,0,6,3,28,22,401,0.11768661735036988,0.08000438507984439,236.0,152.0
F10_1.1,N17,N16,800.0,1,2400.0,2396.3850563744813,51,55,65,51,3.6149436255187766,3996.3850563744813,33.8616486214107,39.76143636212227,-1,-1,25.0,25.0,125,71,2.8951129389817267,32.014360669727694,14.112493767968054,263.4746664788622,0,11,4,14,14,171,0.046234028244788165,0.04623402824478817,837.0,150.0
F4_13.24,N17,N16,800.0,1,2400.0,2389.5051241820447,128,56,136,128,10.494875817955517,3989.5051241820447,31.725847081675845,34.54977048515501,1,1,14.0,14.0,219,175,8.67815529984225,12.95511109224094,9.733564083206499,257.73485269510866,0,0,0,37,18,320,0.15341291190316073,0.06306894827622024,245.0,411.0
F10_1.2,N17,N16,800.0,1,2400.0,2389.7968295395244,54,53,62,54,10.20317046047569,3989.7968295395244,33.358061997145064,38.991905323181676,-1,-1,10.0,10.0,126,70,12.750699033339028,69.17041269214383,11.627125830070474,264.4121183307248,0,11,5,5,3,169,0.03992938802958978,0.04623402824478817,1294.0,190.0
F12_2.1,N17,N16,800.0,1,2400.0,2395.7980820457688,61,63,82,61,4.201917954231249,3995.7980820457688,33.20735594790869,38.96693187175238,-1,-1,41.0,41.0,139,81,1.2927634347508867,399.3370728624377,10.292047793868006,317.1973324210758,0,19,0,25,25,206,0.07565568258238063,0.03992938802958978,1318.0,136.0
F10_0.6,N17,N16,800.0,1,2400.0,2391.110108651749,59,58,75,59,8.889891348250558,3991.110108651749,33.190781486182104,38.92172494970225,1,1,6.0,6.0,131,74,13.217515856197485,88.69327893956938,13.217515856197485,304.74665653309467,0,18,0,1,0,192,0.04665333153180986,0.03901381590589469,1324.0,143.0
F3_18.45,N17,N24,800.0,1,2400.0,2394.143018252853,97,151,97,118,5.856981747147074,3994.143018252853,28.852028423261988,31.576642624918385,-1,-1,15.0,15.0,287,279,6.762381971324237,11.400959217303125,10.01174327658127,252.35959264518806,0,7,21,14,8,366,0.08406186953597848,0.10192501681237391,184.0,129.0
F3_18.42,N17,N24,800.0,1,2400.0,2396.0599214683343,95,152,95,118,3.940078531665449,3996.0599214683343,28.852028423261988,31.583559859582454,-1,-1,17.0,17.0,284,279,6.512720096601304,13.04448007447013,10.959917596099793,250.62933755854053,0,7,19,13,7,365,0.08406186953597848,0.09982347007397445,184.0,130.0
F3_19.31,N17,N24,800.0,1,2400.0,2390.446105921376,98,154,98,117,9.553894078624126,3990.446105921376,28.829318124751143,31.505908827606085,-1,-1,3.0,3.0,283,274,6.702858362794793,12.270506550755726,9.821717339354723,259.71644358812955,0,8,28,14,10,369,0.08406186953597848,0.10332664859069408,177.00000000000023,130.0
F3_17.30,N17,N24,800.0,1,2400.0,2395.69998090307,114,161,114,116,4.300019096930214,3995.69998090307,28.829684570898944,31.43612665965747,1,1,29.0,29.0,299,274,9.760113752019514,11.679246204004357,9.695816257972291,234.95407355687473,0,2,11,13,9,391,0.07355413584398117,0.09672236359587624,165.00000000000023,126.0
F3_18.37,N17,N24,800.0,1,2400.0,2394.5262822087907,116,171,116,112,5.473717791209538,3994.5262822087907,28.775644747947513,31.518476091448722,-1,-1,27.0,27.0,299,281,8.691744561095787,73.2168607911201,11.124379194136568,241.58204974384827,0,4,7,16,10,399,0.0882649630127774,0.08021501711569415,126.0,124.0
F12_1.2,N17,N16,800.0,1,2400.0,2391.779947784574,66,61,85,66,8.220052215425994,3991.779947784574,33.20735594790869,38.93592519056029,-1,-1,35.0,35.0,146,87,13.133037499705134,34.04971823195615,12.05816004128612,325.0198863308517,0,20,1,3,1,212,0.046234028244788165,0.04367649870893223,1392.0,196.0
F12_1.1,N17,N16,800.0,1,2400.0,2393.08550303166,68,62,89,68,6.91449696833979,3993.08550303166,33.20735594790869,38.8258784563207,-1,-1,27.0,27.0,149,92,12.79730579561628,95.33408887221117,12.203815760977388,321.41233108643075,0,18,2,4,2,219,0.04833557498318763,0.0504371217215871,1387.0,199.0
F10_2.5,N17,N16,800.0,1,2400.0,2399.5515887992697,62,63,84,62,0.4484112007302201,3999.5515887992697,33.20735594790869,38.965990441304655,-1,-1,39.0,39.0,141,85,13.64369957240047,35.08086667434986,13.070622500855931,323.3348229653606,0,20,1,3,1,209,0.0441324815063887,0.04098016139878951,1397.0,200.0
F10_0.5,N17,N16,800.0,1,2400.0,2398.4545973619233,80,64,91,80,1.5454026380768937,3998.4545973619233,33.0654527008639,38.17897603097786,-1,-1,3.0,3.0,164,98,1.7039547330122022,298.22482530318985,13.046125112288589,357.97891365710586,0,26,10,30,30,235,0.0882649630127774,0.05253866845998655,1381.0000000000002,194.0
F3_18.41,N17,N24,800.0,1,2400.0,2397.6236938434427,93,153,93,118,2.3763061565574617,3997.6236938434427,28.852028423261988,31.583559859582454,-1,-1,19.0,19.0,281,278,6.493038057563186,66.90655656863237,12.354074539224266,251.42543721407048,0,6,19,12,6,364,0.07985877605917956,0.097721923335575,185.99999999999977,180.0
F3_17.33,N17,N24,800.0,1,2400.0,2391.3198711963614,98,155,98,117,8.680128803638581,3991.3198711963614,28.83450657157901,31.52095175076931,-1,-1,5.0,5.0,284,275,6.714628207797128,96.74822522642694,10.71649202621264,257.79886684435456,0,7,26,14,9,370,0.08406186953597848,0.10192501681237391,177.0,182.0
F3_17.32,N17,N24,800.0,1,2400.0,2395.371263796664,110,161,110,116,4.628736203335848,3995.371263796664,28.81439097675785,31.44418020495295,1,1,31.0,31.0,297,274,9.482489537445076,34.430203199959806,9.008019866104915,240.1895340666792,0,4,12,12,8,387,0.07145258910558171,0.09655404650791027,171.0,189.0
F3_18.39,N17,N24,800.0,1,2400.0,2396.5898805608977,126,171,126,111,3.410119439102232,3996.5898805608977,28.745205338443053,31.481477467827528,-1,-1,2.0,2.0,307,284,7.948117227733205,20.12187107759587,10.52360031363768,253.34797925621137,0,8,13,18,13,408,0.09246805648957633,0.08616341627437794,173.0,136.0
F3_19.34,N17,N24,800.0,1,2400.0,2389.622516719058,127,172,127,111,10.377483280942442,3989.622516719058,28.75877717547554,31.417155845692207,-1,-1,1.0,1.0,312,281,8.084359399754524,31.37267256250925,11.485433183760954,258.34412066097497,0,8,13,18,14,410,0.09036650975117687,0.09036650975117687,169.0,134.0
F3_19.30,N17,N24,800.0,1,2400.0,2396.666451563814,131,175,131,111,3.333548436185879,3996.666451563814,28.778672383588283,31.363823111234385,1,1,34.0,34.0,314,280,8.968967554100981,106.15942851429486,11.906002341378086,252.21595766691428,0,2,5,15,12,417,0.08616341627437794,0.08903126553658702,162.0,137.0
F12_1.0,N17,N16,800.0,1,2400.0,2395.1953960134924,81,63,92,81,4.804603986507345,3995.1953960134924,33.0654527008639,38.144929530493826,-1,-1,2.0,2.0,165,98,11.726465760220364,131.67196184519025,11.954362744975002,358.6778104759611,0,26,10,3,0,236,0.035726294552790853,0.052538668459986546,1459.9999999999998,194.0
F10_0.7,N17,N16,800.0,1,2400.0,2396.410954896805,84,67,113,84,3.5890451031949624,3996.410954896805,33.057624895109825,37.56568117521793,-1,-1,36.0,36.0,161,104,10.420276593878729,210.47727723148137,12.740363625198649,366.2839126591182,0,28,0,4,0,264,0.05884330867518494,0.04308170813718898,1410.0,198.0
F3_19.33,N17,N24,800.0,1,2400.0,2399.2396965257285,138,179,138,112,0.7603034742717227,3999.2396965257285,28.786908181967846,31.328990210373853,1,1,19.0,19.0,318,270,10.102623770607607,97.47563492210497,11.167288572062342,252.49179414830013,0,3,0,13,9,429,0.08406186953597848,0.08301109616677875,164.0,188.0
F3_18.40,N17,N24,800.0,1,2400.0,2397.4604490977536,153,182,153,111,2.5395509022462193,3997.4604490977536,28.748584868404915,31.279025849237584,-1,-1,25.0,25.0,329,276,8.442857722679431,42.455998130522175,12.795965840455509,252.4951953045981,0,5,4,18,16,446,0.09036650975117687,0.08931573638197714,186.0,154.0
F3_18.44,N17,N24,800.0,1,2400.0,2394.744933050819,154,188,154,110,5.255066949181241,3994.744933050819,28.672216146251216,31.300497876091896,-1,-1,1.0,1.0,333,268,7.134349527980017,12.169233863947511,10.982393561120016,276.14320146213834,0,10,14,24,20,452,0.10928043039677203,0.09667114996637526,173.0,189.0
F3_18.46,N17,N24,800.0,1,2400.0,2393.490160317064,154,189,154,109,6.50983968293599,3993.490160317064,28.68544020291256,31.289645910336766,-1,-1,2.0,2.0,332,270,7.399989431112292,11.852122518951774,10.229740250582534,276.49653096861425,0,11,16,25,21,452,0.11138197713517149,0.09667114996637526,173.0,188.0
F10_0.9,N17,N16,800.0,1,2400.0,2393.174298514511,86,64,115,86,6.8257014854890485,3993.174298514511,33.065945856442085,37.563869133299924,-1,-1,25.0,25.0,165,106,8.128105753329455,12.868531011313053,10.602636742413022,383.2277592044657,0,30,0,6,1,265,0.054640215198386015,0.05079718946945304,1534.0,169.0
F3_19.39,N17,N24,800.0,1,2400.0,2397.949642646,154,182,154,111,2.0503573539997433,3997.949642646,28.746240618951862,31.26507019783313,-1,-1,19.0,19.0,330,276,7.736592884802265,13.118807395060458,11.147810153860956,264.1167834586406,0,6,7,21,17,447,0.10087424344317418,0.09246805648957633,184.0,205.0
F3_19.32,N17,N24,800.0,1,2400.0,2395.368110207243,154,187,154,111,4.631889792757306,3995.368110207243,28.707411256837997,31.31544048252908,-1,-1,3.0,3.0,333,267,7.115540921336283,11.767131874418737,9.964660231825574,273.9989180399374,0,10,13,23,19,452,0.10928043039677203,0.09562037659717552,175.0,196.0
F3_18.43,N17,N24,800.0,1,2400.0,2390.3448371992317,156,185,156,108,9.655162800768494,3990.3448371992317,28.650146140107864,31.32083967594057,1,1,38.0,38.0,333,265,8.043708412640752,47.05623850694792,9.645308799669854,256.71409355406854,0,3,11,24,21,449,0.10436913204345004,0.09416924185679992,172.0,193.0
F3_18.38,N17,N24,800.0,1,2400.0,2396.1544181364225,152,187,152,111,3.845581863577763,3996.1544181364225,28.707411256837997,31.321511812314693,-1,-1,5.0,5.0,330,269,7.259736153847848,144.28767723582314,10.861609856122257,267.0530300241354,0,10,10,22,18,450,0.10717888365837257,0.09562037659717552,182.0,201.0
F3_17.31,N17,N24,800.0,1,2400.0,2399.6521125643476,157,183,157,108,0.3478874356526376,3999.6521125643476,28.66948114861878,31.304514175171846,1,1,32.0,32.0,337,263,9.53035841422998,66.93657671309893,10.339488934743695,244.7374163576585,0,1,4,21,20,448,0.09877269670477472,0.09523801568283594,174.0,193.0
F3_19.36,N17,N24,800.0,1,2400.0,2393.3053424875216,152,189,152,106,6.694657512478329,3993.3053424875216,28.822271355300384,31.11445291323644,-1,-1,41.0,41.0,340,248,8.808729394639847,8.659622042600859,7.377217532892793,252.15301607765005,0,1,1,14,9,447,0.08406186953597848,0.0914172831203766,200.0,157.0
F3_17.37,N17,N24,800.0,1,2400.0,2399.825293941519,160,188,160,105,0.17470605848109244,3999.825293941519,28.767331085154222,31.34417914650264,-1,-1,2.0,2.0,352,243,4.887911654808959,20.94985628672498,7.428480937290207,293.5514187640821,0,13,16,22,14,453,0.09036650975117687,0.1145342972427707,173.0,151.0
F10_7.8,N17,N16,800.0,1,2400.0,2394.134236002491,90,64,116,90,5.865763997509248,3994.134236002491,33.03606372224197,37.38450604107867,-1,-1,19.0,19.0,174,106,1.3068139093204485,12.73204720739136,11.61878497904672,382.4275133222069,0,29,6,36,36,270,0.1050773369199731,0.05148789509078682,1565.0,188.0
F10_1.3,N17,N16,800.0,1,2400.0,2394.6814665845773,92,63,118,92,5.3185334154228485,3994.6814665845773,33.03606372224197,37.32470709891535,-1,-1,17.0,17.0,178,108,8.892835157857974,42.134992908455615,12.283686211706911,385.70689547313265,0,29,8,8,2,273,0.05253866845998655,0.05148789509078682,1566.0000000000002,189.0
F12_0.0,N17,N16,800.0,1,2400.0,2397.107822523853,88,65,116,88,2.892177476147026,3997.107822523853,33.065945856442085,37.38450604107867,-1,-1,23.0,23.0,168,104,0.731864867851247,31.413465145071996,12.315133756574221,382.29307731147304,0,30,3,34,34,269,0.10297579018157364,0.05148789509078683,1567.0,202.0
F3_19.37,N17,N24,800.0,1,2400.0,2395.257558204984,159,190,159,104,4.742441795015907,3995.257558204984,28.83347549683505,31.34323442590783,-1,-1,4.0,4.0,353,246,4.611156738757778,9.595661381251603,8.334933253246428,294.493471768473,0,12,14,20,12,453,0.0945696032279758,0.11033120376597176,181.0,192.0
F3_17.34,N17,N24,800.0,1,2400.0,2394.5767924569136,158,188,158,105,5.423207543086164,3994.5767924569136,28.782755205594537,31.335506210784015,-1,-1,2.0,2.0,352,245,4.631198900654958,8.135523784332008,7.390506761927311,296.1310233109889,0,13,15,21,13,451,0.0945696032279758,0.11237804004891813,185.0,184.0
F3_19.38,N17,N24,800.0,1,2400.0,2398.0205074960645,159,183,159,105,1.979492503935603,3998.0205074960645,28.846423058926703,31.319572520505456,1,1,28.0,28.0,347,250,8.698247732697231,12.293784741038962,9.48508790130358,258.52420733083005,0,3,3,17,13,447,0.07565568258238063,0.10929957001518159,177.0,180.0
F3_18.47,N17,N24,800.0,1,2400.0,2390.213550924655,143,192,143,107,9.786449075344876,3990.213550924655,28.84442608309686,31.28555318867567,-1,-1,26.0,26.0,344,263,6.912778824388248,47.69978846009826,9.207074675344169,261.47677414989596,0,6,7,20,12,442,0.08196032279757902,0.09877269670477472,190.0,144.0
F3_19.35,N17,N24,800.0,1,2400.0,2399.4273952106923,151,190,151,106,0.5726047893076611,3999.4273952106923,28.846951653050844,31.15180691261599,0,0,2.0,2.0,340,250,9.38684838804228,52.52169069336492,9.956729287177712,248.37913499940151,0,4,0,13,8,447,0.08196032279757902,0.0914172831203766,234.0,193.0
F12_2.8,N17,N16,800.0,1,2400.0,2399.929234910595,95,63,118,95,0.07076508940497206,3999.929234910595,32.89087102978036,37.268061278714114,-1,-1,12.0,12.0,179,116,9.42025007572771,55.803700606613575,12.193077031765558,380.9670250268121,0,29,8,9,3,276,0.05253866845998655,0.05148789509078682,1639.0000000000002,200.0
F10_2.7,N17,N16,800.0,1,2400.0,2390.7644660651345,94,63,118,94,9.235533934865543,3990.7644660651345,32.919376512749345,37.32470709891535,-1,-1,13.0,13.0,179,114,2.020084658123947,11.816871148829023,10.287407346301288,384.19959081979016,0,29,8,39,38,275,0.10297579018157364,0.05148789509078682,1655.0,196.0
F3_19.44,N17,N24,800.0,1,2400.0,2397.540311031345,157,180,157,106,2.4596889686550867,3997.540311031345,28.862890935278195,31.53148963293209,1,1,28.0,28.0,353,263,6.815213750566459,12.8599693712099,9.461762555297009,275.31764117295256,0,3,6,18,15,443,0.08406186953597848,0.10087424344317418,168.0,192.0
F3_19.45,N17,N24,800.0,1,2400.0,2394.310676468048,161,198,161,104,5.689323531952255,3994.310676468048,28.637210139621228,31.465964575640655,-1,-1,6.0,6.0,343,302,3.938848958361604,11.713541161609555,9.487766074255056,280.11441045924533,0,13,25,13,11,463,0.08196032279757902,0.11243275050437124,176.0,145.0
F10_1.4,N17,N16,800.0,1,2400.0,2393.4136869708327,97,65,123,97,6.586313029167059,3993.4136869708327,32.63669551917605,36.69901297973175,1,1,2.0,2.0,177,120,12.412043437026108,217.05405411168,9.9721078828426,416.74032764301364,0,34,0,6,0,285,0.0609448554135844,0.05043712172158709,1685.0,188.0
F12_2.2,N17,N16,800.0,1,2400.0,2392.3532231391,100,57,113,100,7.646776860900218,3992.3532231391,32.76680149739139,36.99881772283955,-1,-1,3.0,3.0,183,118,8.522732127955189,48.05673747319588,9.766991218036853,392.65779612392225,0,31,11,10,4,270,0.05253866845998655,0.05414114307982203,1724.0,193.0
F12_2.3,N17,N16,800.0,1,2400.0,2396.2174524933207,99,55,113,99,3.782547506679066,3996.2174524933207,32.701573129290466,36.98676744331725,-1,-1,0.0,0.0,181,118,7.8211463997450625,31.733870541387205,12.370320606616662,402.6548161420773,0,32,11,9,4,267,0.04833557498318763,0.05464021519838601,1731.0,186.0
F3_17.36,N17,N24,800.0,1,2400.0,2395.2023752439873,161,197,161,104,4.797624756012738,3995.2023752439873,28.623749522854926,31.445516312419933,-1,-1,8.0,8.0,343,303,3.4507819209286743,11.7644389200168,10.235867437849372,280.9582700235867,0,12,25,12,10,462,0.08196032279757902,0.1113819771351715,179.0,190.0
F12_2.0,N17,N16,800.0,1,2400.0,2395.997564238049,96,61,118,96,4.002435761950778,3995.997564238049,32.879440803351514,37.35317990429251,-1,-1,9.0,9.0,181,119,9.919080373246892,25.498129256451193,12.748393030447177,377.31231282657444,0,29,9,9,3,275,0.05043712172158709,0.05148789509078682,1740.0000000000002,198.0
F3_17.35,N17,N24,800.0,1,2400.0,2396.1440740977746,160,196,160,104,3.855925902225408,3996.1440740977746,28.655081403196366,31.430714709418847,-1,-1,10.0,10.0,342,304,3.3934593763193264,31.927683776884578,11.543462487712278,281.3048327395595,0,11,24,12,9,460,0.08406186953597848,0.11138197713517149,179.0,202.0
F3_19.47,N17,N24,800.0,1,2400.0,2391.172626342341,149,195,149,103,8.827373657658768,3991.172626342341,28.565012960525255,31.777807695322668,1,1,34.0,34.0,339,289,9.434050320410087,12.112006555511925,10.376576880364546,241.4005450719624,0,2,10,18,10,447,0.09036650975117687,0.11523277480866884,175.0,124.0
F3_19.41,N17,N24,800.0,1,2400.0,2391.611346788821,148,195,148,103,8.38865321117919,3991.611346788821,28.587593224160056,31.76067998982687,1,1,36.0,36.0,336,291,8.694785275524211,11.743961448684104,9.461697414044611,248.05340965441113,0,1,13,18,10,446,0.09246805648957633,0.11504017113541512,178.0,125.0
F12_2.4,N17,N16,800.0,1,2400.0,2398.444741819087,97,61,125,97,1.5552581809128014,3998.444741819087,32.656706912748405,36.69161357037094,-1,-1,35.0,35.0,180,127,0.3959405993722357,151.53706279071298,12.509432595049217,437.8692608078803,0,32,2,46,46,283,0.13029589778076667,0.0577925353059852,1754.9999999999998,196.0
F3_19.48,N17,N24,800.0,1,2400.0,2393.58155911345,144,205,144,101,6.418440886549774,3993.58155911345,28.713293456520162,31.882063386819105,-1,-1,28.0,28.0,355,301,6.6611126346134295,11.783267138476049,10.523649841777846,304.07452693905526,0,14,7,21,9,450,0.08852284287897572,0.10135215570574116,143.0,163.0
F3_19.40,N17,N24,800.0,1,2400.0,2392.119248603028,147,194,147,103,7.880751396971959,3992.119248603028,28.584456699450758,31.71796621805002,-1,-1,0.0,0.0,336,295,6.902332936236446,128.67011776981371,11.917646181704825,259.9586117413032,0,12,24,18,10,444,0.09246805648957633,0.11663584398117016,188.0,183.0
F3_19.43,N17,N24,800.0,1,2400.0,2398.59884710089,149,206,149,101,1.4011528991100022,3998.59884710089,28.699589289102075,32.015309132759434,-1,-1,1.0,1.0,358,310,4.427192265841729,12.519774366321826,11.138872676293499,326.25799746873366,0,24,15,25,14,456,0.1050773369199731,0.11033120376597177,176.0,144.0
F3_19.42,N17,N24,800.0,1,2400.0,2395.952673168396,148,208,148,101,4.0473268316042095,3995.952673168396,28.621281292302225,31.968498996444985,-1,-1,8.0,8.0,359,307,4.6038517254362334,65.36082456579106,12.495742610992991,320.93329800662127,0,21,13,24,12,457,0.1037287328117649,0.10822965702757231,187.0,134.0
F10_2.10,N17,N16,800.0,1,2400.0,2392.4872992399582,104,59,126,104,7.512700760041753,3992.4872992399582,32.66932311307765,36.6835564213297,-1,-1,21.0,21.0,189,137,1.2590027226497358,11.733366538710698,11.872409058042363,435.4831827885854,0,42,7,50,50,289,0.1387020847343645,0.06414812035860484,1836.0,193.0
F12_2.5,N17,N16,800.0,1,2400.0,2397.113078402349,102,60,126,102,2.8869215976512805,3997.113078402349,32.66932311307765,36.6835564213297,-1,-1,23.0,23.0,187,135,1.0543895670583578,39.255141616841684,11.88063072522057,441.21186886411635,0,39,7,49,49,288,0.1387020847343645,0.06409717552118359,1838.0,195.0
F10_2.8,N17,N16,800.0,1,2400.0,2397.095985709411,107,55,123,107,2.904014290589089,3997.095985709411,32.489332716556945,36.29773495804718,-1,-1,7.0,7.0,188,146,1.1726774631428742,153.10583798558287,10.913330227908633,483.6821464695593,0,47,10,51,51,285,0.1492098184263618,0.06619872225958305,1831.0,191.0
F10_0.10,N17,N16,800.0,1,2400.0,2390.5261059500767,111,56,121,111,9.473894049923274,3990.5261059500767,32.394154287451876,36.1474843203013,-1,-1,1.0,1.0,191,150,1.4899452449407626,13.307271306338862,10.977253114742995,484.83404531341336,0,45,15,53,53,288,0.1492098184263618,0.06619872225958305,1830.0,190.0
F3_18.48,N17,N24,800.0,1,2400.0,2399.7408687936836,157,208,157,101,0.25913120631639686,3999.7408687936836,28.90557565562463,32.2742149676308,-1,-1,37.0,37.0,372,297,6.733620593317516,8.454732262750667,7.93137260828375,299.42684360487215,0,9,4,19,10,466,0.0933589851038762,0.09141728312037661,203.0,180.0
F10_1.7,N17,N16,800.0,1,2400.0,2390.2335856331238,111,55,121,111,9.766414366876461,3990.2335856331238,32.351738807214005,36.13762171760902,-1,-1,2.0,2.0,191,149,1.6719089889707694,13.680550739211412,11.289261876243645,481.96375804405915,0,45,16,54,54,287,0.1492098184263618,0.06619872225958305,1921.9999999999998,183.00000000000023
F3_19.51,N17,N24,800.0,1,2400.0,2394.6154229737804,172,206,172,100,5.384577026219631,3994.6154229737804,29.055585841232055,32.485415488654986,-1,-1,0.0,0.0,397,297,3.752122956962799,8.896804569083997,8.18647938214428,318.41373436859925,0,23,28,23,14,478,0.10928043039677203,0.10402656355077337,188.0,175.0
F3_18.51,N17,N24,800.0,1,2400.0,2399.0519835546756,172,206,172,100,0.9480164453242423,3999.0519835546756,29.085010812155087,32.51014243557183,1,1,36.0,36.0,401,293,3.891052333306055,12.206711650790794,9.62530268669629,328.29218952883,0,19,22,22,15,478,0.10087424344317418,0.09982347007397445,180.0,178.0
F3_19.46,N17,N24,800.0,1,2400.0,2399.74340066654,156,209,156,101,0.2565993334601444,3999.74340066654,28.859139299013894,32.287820491049345,-1,-1,39.0,39.0,371,295,7.345901800600114,89.4800448537776,9.880287222014479,295.59876290366634,0,6,3,18,9,466,0.0945696032279758,0.08931573638197714,230.0,209.0
F12_2.7,N17,N16,800.0,1,2400.0,2389.5360611690185,114,50,122,114,10.46393883098142,3989.5360611690185,32.27147402552652,35.98453556335982,1,1,38.0,38.0,187,151,1.8674790407733897,13.118395677319995,10.787658601081864,449.55047511220056,0,40,8,56,56,286,0.14504582609024197,0.06474175369315571,2078.0,134.0
F12_2.6,N17,N16,800.0,1,2400.0,2398.7327127931453,112,55,122,112,1.2672872068545757,3998.7327127931453,32.356510283711756,36.13762171760902,-1,-1,1.0,1.0,190,151,1.8292756903191234,11.692322518132187,10.693178122419917,482.82561968899046,0,45,16,55,55,289,0.1492098184263618,0.06619872225958305,2001.0,205.0
F10_2.11,N17,N16,800.0,1,2400.0,2390.951158032988,113,51,122,113,9.048841967011981,3990.951158032988,32.30488395572134,36.04201771688457,1,1,40.0,40.0,189,152,1.7211644905547223,14.32057527198208,9.816154751863044,461.4716725346985,0,42,12,55,55,286,0.14553138691741366,0.06422501658139931,2003.0,203.0
F3_17.40,N17,N24,800.0,1,2400.0,2390.943572096083,176,200,176,100,9.05642790391721,3990.943572096083,29.09640478101938,32.58364521011169,1,1,40.0,40.0,405,294,5.4471231449307025,12.60017919067991,10.387194951493777,275.5668992968125,0,12,18,21,14,476,0.10800340600594968,0.10315583175077095,168.0,198.0
F3_19.52,N17,N24,800.0,1,2400.0,2391.2882793655867,175,201,175,100,8.711720634413155,3991.2882793655867,29.084279546874342,32.57556303937353,-1,-1,0.0,0.0,401,298,4.800299770329665,25.578394781128964,9.47514211294522,284.95435049337823,0,15,22,21,13,476,0.10928043039677203,0.1050773369199731,175.0,195.0
F3_17.39,N17,N24,800.0,1,2400.0,2399.9421509889553,164,185,164,100,0.05784901104482287,3999.9421509889553,29.323184718737014,32.25901411708873,1,1,33.0,33.0,391,297,7.718315736002735,12.016556921830215,9.92422998996436,261.02525739572076,0,0,0,14,6,449,0.08053459346156328,0.09877269670477472,162.0,128.0
F3_17.38,N17,N24,800.0,1,2400.0,2390.675066622253,165,189,165,100,9.32493337774713,3990.675066622253,29.337639108968297,32.26976826220129,1,1,30.0,30.0,394,302,8.596258874533229,12.145052834270473,9.639319742686284,258.2840296918999,0,0,0,14,6,454,0.0777572293207801,0.09741972874490501,164.0,132.0
F3_18.53,N17,N24,800.0,1,2400.0,2390.382785156568,164,187,164,100,9.61721484343218,3990.382785156568,29.32233159406097,32.260054908262525,-1,-1,0.0,0.0,392,299,5.304913911394398,80.14856133729882,10.820861862815038,286.7319894801741,0,15,7,16,4,451,0.08406186953597848,0.10612811028917284,175.0,140.0
F12_1.4,N17,N16,800.0,1,2400.0,2389.2053542724766,113,49,126,113,10.794645727523289,3989.2053542724766,32.22568624523868,35.82081721622134,1,1,33.0,33.0,184,150,1.8027545735294093,46.106838662277596,11.094185719542686,422.9005093360007,0,38,3,57,57,288,0.14294345636292288,0.0641163167638321,2164.0,194.0
F3_19.49,N17,N24,800.0,1,2400.0,2391.584272812316,170,186,170,100,8.415727187683956,3991.584272812316,29.314110809296302,32.27866319794864,-1,-1,2.0,2.0,386,323,6.252398882496082,12.152865038003256,9.540684096915767,301.91681120107717,0,14,22,21,7,456,0.0777572293207801,0.10192501681237391,161.0,132.0
F3_18.49,N17,N24,800.0,1,2400.0,2391.857201371391,169,187,169,100,8.142798628609171,3991.857201371391,29.337507327671545,32.27639474312401,-1,-1,4.0,4.0,386,324,6.196615760774442,21.929606429082014,10.413265444799825,296.3468657258807,0,14,20,20,6,456,0.0777572293207801,0.10087424344317418,178.0,198.0
F4_17.0,N17,N24,800.0,1,2400.0,1830.085829675566,1,0,1,59,569.9141703244338,3430.085829675566,0.0,0.0,1,-1,2.0,2.0,9,24,10.422801225994451,200.0,10.422801225994451,267.0587290927583,0,0,0,0,0,60,0.037827841291190316,0.0,129.0,151.0
F8_7.2,N17,N16,800.0,1,2400.0,1968.0432963408566,3,34,68,3,431.95670365914344,3568.0432963408566,33.91627925948216,39.03167718044714,1,-1,21.0,21.0,28,32,10.454637553615681,200.0,10.454637553615681,240.47926857970307,0,0,0,0,0,105,0.006304640215198386,0.0021015467383994624,149.0,140.0
F4_17.4,N17,N24,800.0,1,2400.0,2392.297655258929,5,0,5,99,7.7023447410711015,3992.297655258929,33.83499616112015,34.412044508436686,-1,1,17.0,17.0,28,71,8.31813881519273,100.63513292657149,7.880373479255483,286.29144626592444,0,1,0,5,3,104,0.02942165433759247,0.0021015467383994624,184.0,155.0
F8_7.0,N17,N16,800.0,1,2400.0,2395.2127745280814,2,19,54,2,4.787225471918873,3995.2127745280814,0.0,0.0,-1,1,35.0,35.0,16,20,9.84963628444355,187.10921025273865,9.84963628444355,253.89079036954632,0,0,0,1,1,75,0.006304640215198386,0.0,248.0,213.0
F4_17.6,N17,N24,800.0,1,2400.0,2391.2968719723563,6,0,6,96,8.703128027643743,3991.2968719723563,32.12885708816107,32.7995567574711,1,-1,24.0,24.0,30,91,8.153773437338337,390.3988392772337,7.56465777523537,265.6768235966376,0,0,0,4,2,102,0.031523201075991936,0.003152320107599193,159.0,154.0
F8_7.5,N17,N16,800.0,1,2400.0,2390.0600862531664,2,43,84,2,9.939913746833668,3990.0600862531664,35.74101126036131,37.967769839877086,-1,0,1.0,1.0,37,60,0.0,771.1444429866065,0.0,278.04877065646593,0,1,0,1,1,129,0.027320107599193007,0.003152320107599193,174.0,146.9999999999999
F3_18.12,N17,N24,800.0,1,2400.0,2398.4451339561974,14,3,14,107,1.5548660438025763,3998.4451339561974,35.33982090919608,32.838289697046115,-1,-1,29.0,29.0,77,148,9.942042226856715,16.109647312005336,12.887776165069312,215.8827736787277,0,4,0,8,1,124,0.05043712172158709,0.013660053799596504,116.0,124.0
F8_7.4,N17,N16,800.0,1,2400.0,2391.3713431848,3,44,96,3,8.628656815199975,3991.3713431848,36.21801117340997,36.83597074388134,1,-1,22.0,22.0,39,60,10.779598472769559,210.94425231625632,10.779598472769559,258.2370761400059,0,0,0,1,1,143,0.0336247478143914,0.004203093476798925,186.0,189.0000000000001
F4_17.13,N17,N24,800.0,1,2400.0,2394.6119076438767,12,5,12,107,5.388092356123252,3994.6119076438767,35.510088299925805,32.57778008725547,1,-1,18.0,18.0,46,128,11.463414418489686,449.6769314616274,11.463414418489686,261.8306551389249,0,0,1,1,1,124,0.018913920645595158,0.01050773369199731,173.0,211.0
F4_17.14,N17,N24,800.0,1,2400.0,2398.1350313676185,14,5,14,108,1.864968632381533,3998.1350313676185,35.38772323679185,32.543118723518695,1,-1,11.0,11.0,50,131,9.028531862608425,54.654989367239295,9.21935959122727,263.7899835184556,0,0,1,7,5,127,0.0336247478143914,0.010507733691997312,174.0,206.0
F3_17.5,N17,N24,800.0,1,2400.0,2387.651531554462,15,2,15,103,12.34846844553806,3987.651531554462,35.329958974911875,32.72258878064908,-1,-1,20.0,20.0,80,141,7.804538942993822,79.09238802827258,14.445135545516667,232.01216008217946,0,7,0,9,2,120,0.054640215198386015,0.014710827168796235,140.0,167.0
F3_19.5,N17,N24,800.0,1,2400.0,2395.006196921794,14,3,14,118,4.993803078205929,3995.006196921794,35.0021190739645,32.48141021101528,0,0,0.0,0.0,105,188,12.356356495492207,139.2083892815342,12.336268043931387,204.78638034343828,0,0,0,7,0,135,0.05253866845998655,0.018913920645595158,136.0,184.0
F3_18.15,N17,N24,800.0,1,2400.0,2391.670339159645,17,4,17,113,8.329660840354677,3991.670339159645,34.903051355204404,32.358524961201574,-1,-1,33.0,33.0,108,198,11.3425046726838,118.08714968303207,14.427831496603325,209.00966501693608,0,2,1,7,1,134,0.049244380258217514,0.02101546738399462,140.0000000000001,171.0
F3_17.6,N17,N24,800.0,1,2400.0,2385.9435117985013,18,4,18,113,14.056488201498837,3985.9435117985013,34.779741390025066,32.18003443197282,-1,-1,26.0,26.0,109,198,10.232182692544443,89.36468274330036,15.11647202361338,220.06698456590362,0,3,1,9,2,135,0.05043712172158709,0.021015467383994624,140.0,166.0
F4_18.10,N17,N24,800.0,1,2400.0,2398.7397807894486,16,4,16,105,1.260219210551213,3998.7397807894486,35.21615753142089,32.6751805574344,1,-1,9.0,9.0,82,138,10.076047429946344,65.84481461543692,9.892374764052175,259.32380473525524,0,0,2,2,1,125,0.046234028244788165,0.01786314727639543,174.0,202.0
F4_18.13,N17,N24,800.0,1,2400.0,2390.3735457318076,15,3,15,116,9.626454268192333,3990.3735457318076,35.002574748640605,32.48141021101528,1,-1,39.0,39.0,106,192,10.313522732903802,113.08665626027846,10.690081355015034,263.540324875184,0,0,0,2,0,134,0.018913920645595158,0.018913920645595158,172.0,154.0
F8_7.13,N17,N16,800.0,1,2400.0,2391.644536790902,10,67,188,10,8.355463209098275,3991.644536790902,34.865192721547686,34.704827411641325,1,-1,22.0,22.0,101,119,8.205469553620368,8.96263776228875,8.205469553620368,271.7970174294938,0,0,0,1,1,265,0.027320107599193007,0.008406186953597848,158.0,143.0
F4_19.8,N17,N24,800.0,1,2400.0,2399.5862545166674,15,7,15,117,0.41374548333249095,3999.5862545166674,34.865192721547686,31.637947380211706,-1,1,20.0,20.0,104,205,8.648997188349007,412.2388163632852,8.638889677049415,271.35249947514075,0,1,0,9,2,139,0.037827841291190316,0.01891392064559516,184.9999999999999,156.0
F4_18.15,N17,N24,800.0,1,2400.0,2398.072872552935,13,6,13,116,1.9271274470650042,3998.072872552935,34.85212871507288,31.533065697127945,-1,1,1.0,1.0,118,216,4.928583454197496,127.02693734790023,10.487283426914953,312.67727570047333,0,7,0,7,5,135,0.04833557498318763,0.02101546738399462,181.0,157.0
F4_12.20,N17,N24,800.0,1,2400.0,2330.7924324400387,19,5,19,119,69.20756755996138,3930.7924324400387,34.63753583479684,31.300517152241298,1,-1,8.0,8.0,128,226,5.899536558496121,79.10767570817097,9.22520795531919,282.8187392664615,0,2,2,8,0,143,0.038997681636989474,0.027320107599193007,160.0,160.0
F8_2.13,N17,N16,800.0,1,2400.0,2394.652015001285,13,68,189,13,5.347984998715106,3994.652015001285,34.86134093818427,34.67864701059646,1,-1,17.0,17.0,106,116,8.604956211366177,10.54081173851273,8.565026485088374,278.7524716177495,0,0,0,8,6,270,0.05884330867518494,0.008406186953597848,180.0,191.0
F8_7.7,N17,N16,800.0,1,2400.0,2398.8477661455527,9,55,172,9,1.1522338544472177,3998.8477661455527,35.06140136693545,35.72970135601879,0,-1,2.0,2.0,104,115,9.573369625963853,54.35432909582664,8.722625799223035,269.05469410192904,0,0,0,8,3,236,0.05253866845998655,0.006304640215198386,246.9999999999999,197.0
F8_2.17,N17,N16,800.0,1,2400.0,2390.7479090765873,15,76,201,15,9.252090923412538,3990.7479090765873,34.612474648123744,34.36178884313036,1,-1,18.0,18.0,136,142,9.251545217129589,754.7289899313726,9.251545217129589,270.9100834282708,0,0,0,1,1,292,0.0336247478143914,0.015761600537995968,163.0,153.0
F8_2.16,N17,N16,800.0,1,2400.0,2391.1717145433813,14,75,196,14,8.828285456618914,3991.1717145433813,34.585535868553876,34.52341200269596,1,-1,36.0,36.0,130,141,8.541131007704157,78.80523705569249,10.615763115602173,270.08228671832745,0,0,0,11,4,285,0.0672494956287828,0.011558507061197043,181.0,155.0
F3_17.7,N17,N24,800.0,1,2400.0,2395.625519414878,18,5,18,117,4.374480585121887,3995.625519414878,34.63290145935494,31.297505270319604,-1,-1,12.0,12.0,127,225,6.930650305217396,113.27997264192663,12.973719388733015,238.83235159653563,0,9,1,15,0,140,0.08616341627437794,0.027320107599193007,187.0,193.0
F3_18.17,N17,N24,800.0,1,2400.0,2388.882599067975,23,1,23,121,11.117400932024793,3988.882599067975,34.19775860889413,30.87604946382387,-1,-1,15.0,15.0,136,236,4.559479464158757,122.2922739978701,14.31902341708956,263.5890532407661,0,14,5,13,3,145,0.08406186953597848,0.02798325822401629,137.0,162.0
F4_18.18,N17,N24,800.0,1,2400.0,2393.3293757660886,19,5,19,119,6.670624233911326,3993.3293757660886,34.63753583479684,31.300517152241298,1,-1,8.0,8.0,128,226,9.099139306349121,51.50047207300054,8.373367932602747,282.8187392664615,0,2,2,9,6,143,0.05884330867518494,0.027320107599193007,170.0,207.0
F3_19.6,N17,N24,800.0,1,2400.0,2391.4909120902175,21,5,21,118,8.509087909782352,3991.4909120902175,34.541092415556605,31.337739807568067,-1,-1,2.0,2.0,125,228,7.757956732181902,39.0525710932709,12.433685317263572,244.27530257167922,0,13,2,19,2,144,0.08585966999447577,0.027320107599193007,191.0,179.0
F3_17.8,N17,N24,800.0,1,2400.0,2392.868067587341,20,5,20,119,7.1319324126591255,3992.868067587341,34.60620919264453,31.30959683082161,-1,-1,6.0,6.0,129,226,7.154700994949013,25.47258328621865,10.25669716295231,243.91402038072087,0,13,2,17,1,144,0.08406186953597848,0.027320107599193007,194.0,186.0
F4_17.18,N17,N24,800.0,1,2400.0,2393.6454751950373,15,7,15,115,6.354524804962807,3993.6454751950373,34.76856403052833,31.70551225635523,-1,1,29.0,29.0,98,200,9.049259311317234,163.43455993496946,9.040736133650496,267.0351391954098,0,0,0,8,4,137,0.05884330867518494,0.017863147276395427,223.9999999999999,218.0
F3_19.7,N17,N24,800.0,1,2400.0,2395.7855862274373,26,1,26,119,4.214413772562807,3995.7855862274373,34.096703584606914,30.88372211801406,-1,-1,0.0,0.0,142,235,3.976550776020181,15.32573285780245,12.566406838060953,289.9561502562504,0,20,7,16,4,146,0.08616341627437794,0.029421654337592466,183.0,185.0
F3_17.11,N17,N24,800.0,1,2400.0,2389.852854199289,24,0,24,130,10.147145800710632,3989.852854199289,33.93907000714355,30.681544906007986,-1,-1,27.0,27.0,136,259,9.291507886901028,74.30406335374391,10.840055135563604,207.1987760785245,0,3,1,11,1,154,0.07145258910558171,0.027320107599193007,141.0,175.0
F4_11.29,N17,N24,800.0,1,2400.0,2395.7762360788774,26,0,26,131,4.223763921122668,3995.7762360788774,33.93907000714355,30.676540102657533,1,-1,25.0,25.0,139,257,1.932521134973476,647.9241931236663,8.779952228523278,304.83442151362925,0,2,2,6,2,157,0.04206922341040427,0.02801726113912426,152.0,169.0
F4_14.13,N17,N24,800.0,1,2400.0,2395.974665528631,16,1,16,120,4.025334471369092,3995.974665528631,34.273430799721105,30.953921934698624,1,-1,29.0,29.0,127,239,2.1747966408834607,390.5156092914624,7.924125230645941,320.01384719078607,0,5,3,9,1,137,0.04837385694217384,0.024167787491593814,186.0,213.0
F4_9.20,N17,N16,800.0,1,2400.0,2396.083686330605,22,70,212,22,3.9163136693952083,3996.083686330605,33.92564856175777,33.921005997470644,1,1,14.0,14.0,137,202,6.422292252269583,23.878462557205467,10.267572733911647,282.42055823209455,0,0,0,5,0,304,0.037827841291190316,0.01891392064559516,168.0,164.0
F3_18.18,N17,N24,800.0,1,2400.0,2392.0295022629543,29,0,29,130,7.970497737045434,3992.0295022629543,33.95108150263174,30.58469995369222,-1,-1,7.0,7.0,139,252,2.9347441176262903,581.7701152851878,12.027992366959952,238.98639092365352,0,10,3,8,0,159,0.054640215198386015,0.03467552118359112,177.0,195.0
F4_14.14,N17,N24,800.0,1,2400.0,2394.8127221751283,27,1,27,128,5.187277824871899,3994.8127221751283,34.05759069993564,30.856001421510562,-1,1,20.0,20.0,134,228,7.626959897526501,232.7463017868838,8.828212571018971,307.38317247848556,0,6,0,8,7,156,0.07565568258238063,0.023117014122394086,217.0,218.0
F4_17.23,N17,N24,800.0,1,2400.0,2398.5948442915733,35,0,35,127,1.4051557084264914,3998.5948442915733,33.94095004097214,30.52885469477457,-1,1,40.0,40.0,148,240,8.956918440515782,20.481939646595492,9.097002227956445,272.5391962161533,0,1,0,12,9,162,0.0777572293207801,0.03469131672948555,244.0,213.0
F3_17.9,N17,N24,800.0,1,2400.0,2390.5564238588795,40,4,40,132,9.443576141120502,3990.5564238588795,33.534839655838205,30.180534803619675,-1,-1,5.0,5.0,161,247,5.880489936507753,93.23185172188118,11.11029398788759,241.64678566011884,0,11,2,14,2,176,0.09036650975117687,0.03887861466039005,196.0,188.0
F3_17.10,N17,N24,800.0,1,2400.0,2396.146810439731,38,4,38,129,3.853189560269243,3996.146810439731,33.53161661203704,30.167636912616814,-1,-1,15.0,15.0,160,243,6.816750402711804,15.569842551378997,13.799012758626708,240.42853671703736,0,9,0,13,1,171,0.08406186953597848,0.035726294552790853,205.0,191.0
F3_18.19,N17,N24,800.0,1,2400.0,2391.5346374435376,45,4,45,148,8.46536255646231,3991.5346374435376,33.21987042965524,29.897353636533158,-1,-1,18.0,18.0,158,267,7.204942101924908,279.73955990489617,9.983633882199747,226.46765103065036,0,7,2,12,2,197,0.09036650975117687,0.03992938802958978,142.0,185.0
F3_18.22,N17,N24,800.0,1,2400.0,2392.8270438391455,48,0,48,142,7.172956160854483,3992.8270438391455,33.0041694161606,29.699008171315175,-1,-1,28.0,28.0,172,254,10.864943569452196,26.065211418292165,12.749817169293067,203.02116522771757,0,2,3,14,0,190,0.07985877605917956,0.05148789509078682,141.0,169.0
F10_1.24,N17,N16,800.0,1,2400.0,2390.726648541797,32,70,216,32,9.27335145820291,3990.726648541797,32.89311503058308,32.59889288389324,-1,-1,37.0,37.0,173,266,7.6895072175752475,12.03158980310991,9.520010462751596,243.87755085816514,0,2,0,5,0,318,0.035726294552790853,0.04203093476798925,161.0,150.0
F3_17.14,N17,N24,800.0,1,2400.0,2391.605872150092,48,2,48,142,8.394127849907818,3991.605872150092,32.68439341679565,29.4505996013687,-1,-1,28.0,28.0,187,254,8.037884514520012,174.84641726532027,12.085563796299683,242.3135101631443,0,10,4,13,1,192,0.07145258910558171,0.04098016139878951,136.0,177.0
F3_19.11,N17,N24,800.0,1,2400.0,2388.904165431242,48,2,48,138,11.095834568758164,3988.904165431242,32.67411766128737,29.429140644401958,-1,-1,15.0,15.0,188,262,7.575274651162249,136.05367386695661,14.35364328335998,251.9764317042533,0,14,6,15,2,188,0.08060383453845925,0.04623402824478817,131.0,178.0
F3_17.12,N17,N24,800.0,1,2400.0,2395.607548195404,50,0,50,137,4.392451804596021,3995.607548195404,32.889877010464595,29.74670078159539,-1,-1,12.0,12.0,168,258,9.570101708489682,133.24356889099636,11.362110128668204,210.33938376248219,0,5,5,14,1,187,0.08406186953597848,0.05148789509078683,199.0,188.0
F10_1.23,N17,N16,800.0,1,2400.0,2391.8913113772996,35,65,231,35,8.108688622700129,3991.8913113772996,32.86397724264554,32.6095303949425,-1,-1,24.0,24.0,180,263,8.561392903963796,97.45677163809819,9.888949008198848,242.2016518682634,0,2,3,6,1,331,0.037827841291190316,0.047284801613987903,226.0,169.0
F3_17.13,N17,N24,800.0,1,2400.0,2399.387700893295,51,7,51,158,0.6122991067052226,3999.387700893295,32.66834090175208,29.159210389843544,-1,-1,27.0,27.0,212,258,11.555028256779233,78.83591990858076,10.187502405075833,254.06770180839206,0,11,6,9,0,216,0.06514794889038333,0.0504371217215871,141.0,178.0
F10_7.17,N17,N16,800.0,1,2400.0,2399.2785019358867,40,68,233,40,0.7214980641132342,3999.2785019358867,32.742239581341224,32.573457274763115,-1,-1,8.0,8.0,188,265,8.93649107204228,12.532756925037802,10.075694998884304,244.04136073192586,0,3,5,9,3,341,0.046234028244788165,0.050003403264645925,226.0,220.0
F10_0.23,N17,N16,800.0,1,2400.0,2394.6614738973353,56,70,236,56,5.338526102664673,3994.6614738973353,32.76034918099037,32.14970659870604,-1,-1,14.0,14.0,208,269,5.418792011824817,13.575656593721988,11.006354891034812,282.31261646974986,0,13,3,14,5,362,0.06514794889038333,0.0520809470585361,213.0,174.99999999999977
F10_0.22,N17,N16,800.0,1,2400.0,2395.5623265457452,55,68,236,55,4.4376734542548775,3995.5623265457452,32.742790503105866,32.16242869974547,-1,-1,16.0,16.0,207,271,4.874662396666043,19.74555016579393,10.82456605686682,280.38396903780716,0,13,3,13,4,359,0.06304640215198387,0.05148789509078682,221.0,167.0
F10_7.18,N17,N16,800.0,1,2400.0,2396.446847735491,57,70,236,57,3.5531522645090945,3996.446847735491,32.76034918099037,32.155233678285505,-1,-1,12.0,12.0,211,268,5.523303129983868,16.280444833440015,10.269503321709506,283.0702152741253,0,14,4,15,6,363,0.0672494956287828,0.05253866845998655,218.0,175.0
F10_1.26,N17,N16,800.0,1,2400.0,2391.919632095943,58,68,236,58,8.080367904056857,3991.919632095943,32.68702455787934,32.14771690639304,1,1,41.0,41.0,207,268,5.30566298889063,96.81184484803362,8.716448261339007,296.67846526102477,0,15,8,17,8,362,0.0728725901456941,0.05674176193678548,210.0,168.99999999999977
F10_7.19,N17,N16,800.0,1,2400.0,2396.1703948589275,62,70,233,62,3.8296051410724203,3996.1703948589275,32.67329377660451,32.128424781383856,1,1,36.0,36.0,211,262,6.592643477934366,11.07481145990505,9.59862356980387,279.4318070393405,0,8,0,17,9,365,0.06720747016407978,0.053589441829186284,216.0,222.0
F10_1.25,N17,N16,800.0,1,2400.0,2397.1243711318702,61,69,234,61,2.8756288681298656,3997.1243711318702,32.68702455787934,32.131207407921195,1,1,38.0,38.0,211,263,5.885216801547973,27.827840528601882,9.958972605302856,289.4335055931293,0,12,2,17,9,364,0.06820284510515741,0.055690988567585746,217.0,225.0
F10_2.22,N17,N16,800.0,1,2400.0,2392.411171501879,63,69,232,63,7.588828498120961,3992.411171501879,32.66935131592322,32.09580477164071,1,1,24.0,24.0,213,262,8.239051152436637,105.28923458955228,9.04101078900636,242.45628417532927,0,0,0,17,10,364,0.07565568258238063,0.05043712172158709,218.0,224.00000000000023
F3_17.15,N17,N24,800.0,1,2400.0,2390.674889394177,58,14,58,157,9.325110605822942,3990.674889394177,32.40414001477792,28.96573743194851,-1,-1,12.0,12.0,239,263,10.39706952340029,15.1431892316441,12.2318097193394,308.9044032999877,0,29,3,13,2,229,0.08406186953597848,0.04518325487558844,189.0,218.0
F10_1.27,N17,N16,800.0,1,2400.0,2393.494627955291,74,73,231,74,6.505372044709134,3993.494627955291,32.66973090556572,31.830027596239034,-1,-1,29.0,29.0,224,256,7.389323935536733,12.665384811846934,10.519023164648113,261.1176949359966,0,5,1,19,10,378,0.08196032279757902,0.059894082044384664,246.0,225.0
F10_1.29,N17,N16,800.0,1,2400.0,2393.2639715859063,73,72,231,73,6.7360284140937665,3993.2639715859063,32.659507878668286,31.8743597637051,-1,-1,31.0,31.0,224,255,7.941331188944154,11.772069472630164,9.925923500893305,252.87535018191252,0,4,1,18,9,376,0.08196032279757902,0.05884330867518493,247.0,229.0
F3_18.25,N17,N24,800.0,1,2400.0,2391.5815139583046,61,14,61,155,8.418486041695473,3991.5815139583046,32.393942020022926,28.940136412267606,-1,-1,1.0,1.0,237,260,8.814185520343173,13.51649178588923,11.839128694843636,324.7517320524067,0,34,6,16,3,230,0.09036650975117687,0.04656100261102471,182.0,220.0
F10_1.28,N17,N16,800.0,1,2400.0,2398.625213724289,74,75,228,74,1.3747862757109033,3998.625213724289,32.64173589214777,31.786980437471275,-1,-1,6.0,6.0,234,251,5.427501637227945,209.67358024763644,10.810102473254934,288.1317864931294,0,16,6,19,11,377,0.09036650975117687,0.0649506955074531,325.0000000000002,226.0
F10_7.22,N17,N16,800.0,1,2400.0,2398.011730611275,77,77,228,77,1.9882693887248024,3998.011730611275,32.62806681953891,31.783844427849225,-1,-1,4.0,4.0,237,251,5.530892263930544,12.630267845165918,10.133523267108105,289.44225951165674,0,18,7,20,12,382,0.0882649630127774,0.06514794889038332,325.0,224.0
F3_17.16,N17,N24,800.0,1,2400.0,2398.065309615742,59,13,59,156,1.9346903842581469,3998.065309615742,32.01578252397243,28.902888853410474,-1,-1,2.0,2.0,253,280,4.831804857768123,41.26305668051441,11.339422995677984,442.4970340738505,0,48,8,18,2,228,0.08406186953597848,0.05464021519838601,188.0,267.0
F10_7.23,N17,N16,800.0,1,2400.0,2392.7500895697535,85,84,228,85,7.249910430246473,3992.7500895697535,32.381187097512864,31.49056417276091,-1,-1,18.0,18.0,254,268,3.693905927428443,12.066053989563216,10.30715497170098,277.2855066954516,0,12,6,12,8,397,0.08616341627437794,0.09036650975117687,343.0000000000002,208.0
F10_2.23,N17,N16,800.0,1,2400.0,2392.1794040471427,87,85,228,87,7.820595952857275,3992.1794040471427,32.326994771810234,31.49387678271216,-1,-1,16.0,16.0,257,265,4.044637058203737,13.120464788617028,10.85241794372532,278.49592182106875,0,12,6,13,9,400,0.08419806853905554,0.09072401429485519,343.0,202.0
F10_0.26,N17,N16,800.0,1,2400.0,2397.5889930558296,79,77,229,79,2.411006944170481,3997.5889930558296,32.5903258479608,31.781220213936937,-1,-1,2.0,2.0,239,248,5.510426431981398,12.186628461249938,10.10467187899468,292.1978411539295,0,18,7,21,13,385,0.08616341627437794,0.06514794889038332,386.9999999999998,242.0
F10_0.24,N17,N16,800.0,1,2400.0,2394.0412186195535,83,83,226,83,5.958781380446453,3994.0412186195535,32.381187097512864,31.5107648785697,-1,-1,20.0,20.0,248,270,3.847975839209749,336.1720587962475,11.331604805636063,267.3736422531372,0,9,4,11,7,392,0.08616341627437794,0.08931573638197714,342.0,212.0
F10_7.21,N17,N16,800.0,1,2400.0,2393.9187224413618,81,75,223,81,6.081277558638249,3993.9187224413618,32.51623825263828,31.77314939032692,1,1,33.0,33.0,246,253,5.2856096266047885,130.5523309974526,10.351662853876862,272.46751520920134,0,4,0,19,13,379,0.08620562448311456,0.06146556765038022,397.9999999999998,222.0
F10_0.25,N17,N16,800.0,1,2400.0,2394.939790680287,90,88,227,90,5.060209319713067,3994.939790680287,32.26329078270964,31.455822774588057,-1,-1,5.0,5.0,265,263,5.320360967183843,50.74998535984605,11.725762507047087,279.9574521140025,0,16,8,16,12,405,0.09036650975117687,0.09351882985877606,395.0,228.0
F10_7.20,N17,N16,800.0,1,2400.0,2390.0976527206903,92,85,224,92,9.902347279309424,3990.0976527206903,32.200732673780735,31.434803170466612,1,1,37.0,37.0,271,266,6.732544004373507,29.98428890920968,10.553151528494535,272.4325970049513,0,8,0,20,13,401,0.09251541215070225,0.09373270652638332,387.0000000000002,226.0
F10_2.24,N17,N16,800.0,1,2400.0,2392.4128280069767,91,84,225,91,7.587171993023389,3992.4128280069767,32.2224604040763,31.44207526134462,-1,-1,0.0,0.0,266,261,5.655582047447654,18.68920041005572,10.810430119779951,286.2363702743974,0,16,9,18,13,400,0.09036650975117687,0.09479668395630433,393.0,228.0
F10_0.27,N17,N16,800.0,1,2400.0,2395.8143452596987,90,87,216,90,4.185654740301516,3995.8143452596987,32.08551560398884,31.400607814357947,1,1,19.0,19.0,266,276,5.672406077623658,189.52659416320057,9.983958982874789,266.0956318038519,0,8,0,20,14,393,0.09670941863640074,0.08931573638197714,378.9999999999998,237.0
F10_7.25,N17,N16,800.0,1,2400.0,2392.7413261298025,84,88,208,84,7.25867387019764,3992.7413261298025,32.011165883665555,31.343872757680884,0,0,1.0,1.0,253,295,8.071713939302237,90.40150448472218,9.8817736702739,247.18083942306055,0,0,0,19,15,380,0.09881158748441939,0.09351882985877606,365.0000000000002,236.0
F10_7.26,N17,N16,800.0,1,2400.0,2394.305011398579,86,88,208,86,5.694988601420619,3994.305011398579,32.024190702563025,31.320350610409243,-1,-1,37.0,37.0,261,295,7.353338467094734,11.303862157382127,9.74743079887391,255.8971271052352,0,2,0,23,16,382,0.09877269670477472,0.09562037659717552,361.0000000000002,292.0
F10_7.28,N17,N16,800.0,1,2400.0,2395.329367257321,84,95,206,84,4.670632742679004,3995.329367257321,32.01048244857405,31.324753215661286,-1,-1,19.0,19.0,270,289,5.14050680421389,77.66432489400972,10.000759427734875,292.41311576953376,0,14,7,28,20,385,0.10717888365837257,0.09772192333557499,352.0,294.0
F10_7.27,N17,N16,800.0,1,2400.0,2398.4151249932943,87,95,206,87,1.584875006705829,3998.4151249932943,31.927101893495134,31.318458463392417,-1,-1,10.0,10.0,273,288,4.46622766635485,75.08200171625776,10.632781262543313,301.0385761458548,0,20,10,27,22,388,0.1050773369199731,0.10192501681237391,415.0,248.0
F10_7.24,N17,N16,800.0,1,2400.0,2399.0504516117107,86,86,211,86,0.9495483882890312,3999.0504516117107,32.0409934330769,31.383836611297998,1,1,9.0,9.0,259,288,7.635664581839197,69.26021669142483,8.061076485166875,250.09723659141054,0,3,0,20,15,383,0.0988109653748002,0.0882649630127774,371.0,340.0
F10_7.31,N17,N16,800.0,1,2400.0,2397.835436526921,100,85,206,100,2.164563473079056,3997.835436526921,31.593724265406394,31.236787779768477,-1,-1,20.0,20.0,270,317,3.634213510530972,13.799372545679262,10.796254541078198,336.1055375829608,0,24,18,32,26,391,0.1281943510423672,0.12352851040537369,435.0000000000002,300.0
F10_0.32,N17,N16,800.0,1,2400.0,2399.190845474075,100,85,206,100,0.8091545259247823,3999.190845474075,31.62487219180331,31.239984371897435,-1,-1,22.0,22.0,268,316,3.6232431661081583,15.837158646586659,10.441019332591415,328.89972241995684,0,22,16,31,25,391,0.12445511044271243,0.12194306934656947,435.0,308.0
F10_0.31,N17,N16,800.0,1,2400.0,2394.134636780787,88,86,205,88,5.865363219213236,3994.134636780787,31.729225448540333,31.337706866886418,1,1,23.0,23.0,264,292,5.168306159054631,11.128556667340035,9.0038934352945,285.56950109487474,0,9,1,33,26,379,0.13033414894185205,0.10173016326788091,479.0,317.0
F10_2.26,N17,N16,800.0,1,2400.0,2397.942754096453,100,89,201,100,2.057245903547141,3997.942754096453,31.540878838103694,31.22448736493196,-1,-1,7.0,7.0,277,318,2.8138619364210773,126.9916477183383,10.599033962681125,337.8906188071077,0,33,20,33,27,390,0.13660053799596505,0.12609280430396771,424.0,317.0
F10_0.30,N17,N16,800.0,1,2400.0,2393.3669229560546,87,88,205,87,6.633077043945377,3993.3669229560546,31.73799858101995,31.337706866886418,1,1,25.0,25.0,264,289,5.000133435038858,16.3033391726442,10.491152914595306,290.2658641262613,0,10,1,32,25,380,0.12613105546505313,0.10194414331918031,480.0,320.0
F3_18.27,N17,N24,800.0,1,2400.0,2398.981413481364,46,39,46,209,1.0185865186359706,3998.981413481364,29.116462379858003,27.105568999217535,-1,-1,15.0,15.0,322,312,8.112811484971209,94.1153808707545,9.114086675696974,464.4313902533742,0,45,9,11,4,294,0.08196032279757902,0.06724949562878278,190.0,280.0
F3_19.14,N17,N24,800.0,1,2400.0,2394.7932854348137,55,42,55,224,5.206714565186189,3994.7932854348137,28.503973659132086,26.807651414024892,-1,-1,11.0,11.0,364,341,8.152990007864226,22.237945882014174,12.153171794929891,410.54826398682553,0,52,6,27,11,321,0.1218897108271688,0.07565568258238063,199.0,200.0
F3_17.18,N17,N24,800.0,1,2400.0,2395.232421547601,61,41,61,226,4.767578452399221,3995.232421547601,28.70955721182598,26.846590628246577,-1,-1,31.0,31.0,361,347,9.496109045423715,21.90816142908875,7.29971285099093,410.2913045109963,0,47,6,21,9,328,0.1050773369199731,0.06830026899798251,212.0,196.0
F12_1.29,N17,N16,800.0,1,2400.0,2396.249152177043,101,90,201,101,3.750847822956871,3996.249152177043,31.540022861320182,31.22448736493196,-1,-1,3.0,3.0,282,321,2.482302061992321,12.02539569561577,10.37459432899444,345.7853534140097,0,35,20,35,29,392,0.13965607295883242,0.12609280430396771,489.0000000000002,318.0
F3_19.13,N17,N24,800.0,1,2400.0,2394.728427638569,57,46,57,225,5.271572361430913,3994.728427638569,28.503587104580593,26.807651414024892,-1,-1,7.0,7.0,367,349,7.068428992557766,43.2172648915232,13.054107709223448,420.14316438155873,0,51,6,28,12,328,0.1218897108271688,0.07565568258238063,207.0,205.0
F10_0.28,N17,N16,800.0,1,2400.0,2397.3596441056943,100,90,201,100,2.6403558943059124,3997.3596441056943,31.53971269531956,31.22448736493196,-1,-1,5.0,5.0,280,319,2.8590242252744322,11.495454701970857,9.674948347491197,342.55085390430474,0,34,21,34,28,391,0.1387020847343645,0.12609280430396771,493.9999999999998,322.0
F3_17.17,N17,N24,800.0,1,2400.0,2393.653650842881,55,42,55,225,6.346349157118993,3993.653650842881,28.578592320934685,26.82729542433202,-1,-1,16.0,16.0,362,342,8.871491632047064,128.8527155329209,8.852504447049855,402.8739877263309,0,50,6,25,10,322,0.12019252372642225,0.07565568258238063,214.0,262.0
F3_19.15,N17,N24,800.0,1,2400.0,2389.5084811107363,66,51,66,233,10.491518889263716,3989.5084811107363,28.141020292993122,26.655757103912915,-1,-1,40.0,40.0,391,339,9.897605283200443,11.821834802198055,10.467751725286055,467.49983987821696,0,49,1,23,15,350,0.09667114996637526,0.07040181573638199,227.0,206.0
F3_18.28,N17,N24,800.0,1,2400.0,2390.827384496766,67,51,67,231,9.172615503233601,3990.827384496766,28.141020292993122,26.62645789567001,-1,-1,38.0,38.0,395,338,9.935291100857476,15.135473470131728,11.007494890190134,472.25003620175397,0,51,2,24,16,349,0.0945696032279758,0.07145258910558171,227.0,204.0
F3_17.19,N17,N24,800.0,1,2400.0,2389.801116657841,68,49,68,229,10.198883342159434,3989.801116657841,28.12788443484727,26.56059931044839,-1,-1,33.0,33.0,403,332,8.735183865096632,47.23111626967284,10.135581689587644,488.25475774194143,0,53,7,27,17,346,0.1050773369199731,0.07262272468921972,224.0,201.0
F10_0.29,N17,N16,800.0,1,2400.0,2395.918152751004,106,75,192,106,4.081847248995928,3995.918152751004,31.243297925027175,31.036491799563443,1,1,10.0,10.0,264,335,3.777107785937798,8.974542249378828,7.409878400218143,302.288169033599,0,11,15,36,31,373,0.14500672494956288,0.11770574323500135,550.0,316.0
F10_2.25,N17,N16,800.0,1,2400.0,2394.3895689401807,104,76,192,104,5.610431059819575,3994.3895689401807,31.250858363771787,31.051337389238032,1,1,12.0,12.0,264,334,3.786685103159942,36.76640368911694,8.872884587584943,302.13952125951425,0,10,15,35,30,372,0.14084191398244325,0.11875651660420108,586.0,293.0
F3_18.29,N17,N24,800.0,1,2400.0,2393.2130678191,68,51,68,220,6.786932180899953,3993.2130678191,27.941085946000666,26.67662500993513,-1,-1,2.0,2.0,402,330,5.456562082253965,200.33632644883528,11.140348917959422,500.2886506243263,0,78,21,33,19,339,0.12609280430396774,0.0882649630127774,201.0,253.0
F3_17.20,N17,N24,800.0,1,2400.0,2395.9712588671537,63,50,63,220,4.028741132846221,3995.9712588671537,28.040853824968607,26.73419879538735,-1,-1,17.0,17.0,396,331,5.0068746517149085,160.36623683420135,4.89307495236627,555.1287533992368,0,71,14,30,18,333,0.11978816408876934,0.08350224805457533,221.0,269.0
F10_2.28,N17,N16,800.0,1,2400.0,2396.985905586199,109,76,192,109,3.0140944138012173,3996.985905586199,31.24062307341692,31.036491799563443,1,1,8.0,8.0,266,335,3.480020565876985,8.371505193969142,7.328328212570453,306.60840352066566,0,8,15,36,31,377,0.1481554189472207,0.11770574323500135,616.0,307.0
F10_1.31,N17,N16,800.0,1,2400.0,2398.130093749837,112,76,191,112,1.8699062501626713,3998.130093749837,31.228328905204897,31.036491799563443,1,1,6.0,6.0,267,336,3.4156523917854624,8.448174445361246,7.011752987722206,310.0831782589637,0,7,15,36,32,379,0.15131136516476126,0.11875651660420108,634.0,322.0
F10_7.32,N17,N16,800.0,1,2400.0,2391.8738018033655,114,76,190,114,8.126198196634732,3991.8738018033655,31.216263672146884,31.033886799238637,1,1,3.0,3.0,270,337,3.644691294451917,9.720847708087376,7.563202112104686,307.0823671692651,0,6,16,35,31,380,0.14860047185981143,0.1201348021594624,635.0,324.0
F10_1.34,N17,N16,800.0,1,2400.0,2394.9167766979826,117,75,188,117,5.083223302017132,3994.9167766979826,31.167895890921876,30.983654922532047,-1,-1,22.0,22.0,278,334,3.279215319552597,94.2591175867442,7.600033989138308,324.63364326731715,0,20,25,38,35,380,0.14500672494956288,0.13029589778076667,618.0,312.0
F10_0.35,N17,N16,800.0,1,2400.0,2393.3729611972103,118,75,188,118,6.627038802789798,3993.3729611972103,31.167695134697766,30.987620009387157,-1,-1,20.0,20.0,280,335,3.4626086083107888,12.39867127431512,11.072934600106565,329.18203052942704,0,22,27,39,36,381,0.14290517821116341,0.13029589778076667,657.0,351.0
F10_2.29,N17,N16,800.0,1,2400.0,2392.823541749196,119,75,188,119,7.176458250803762,3992.823541749196,31.169072567309648,30.95050463521129,-1,-1,18.0,18.0,281,333,3.492630570042407,13.740343735385522,11.399679672599433,329.96715240333094,0,24,27,40,37,382,0.14290517821116341,0.13047677242697892,658.0,351.0
F10_7.34,N17,N16,800.0,1,2400.0,2392.390881955925,120,77,187,120,7.6091180440749895,3992.390881955925,31.169072567309648,30.92998994979874,-1,-1,16.0,16.0,283,330,3.6324231158398623,14.735077321375684,11.874983921175627,337.83062594587665,0,25,28,42,38,384,0.1492098184263618,0.1313466711499664,658.0,347.0
F3_18.30,N17,N24,800.0,1,2400.0,2391.846450663919,74,56,74,224,8.153549336081142,3991.846450663919,26.247367338454215,25.887976603910584,-1,-1,16.0,16.0,482,368,5.486439758900003,50.351093062562995,14.2807884638929,620.8925991672452,0,93,26,26,11,354,0.11348352387357095,0.08616341627437794,201.0,197.0
F10_1.35,N17,N16,800.0,1,2400.0,2395.8602223833036,124,80,177,124,4.139777616696392,3995.8602223833036,31.011680284914966,30.726072916218516,1,1,34.0,34.0,294,332,3.40324977123195,11.070787402310543,8.726193636717007,333.5806206792704,0,27,39,44,40,381,0.15765429966880445,0.13241657169797813,658.0,399.0
F10_1.38,N17,N16,800.0,1,2400.0,2395.6228589028665,122,68,173,122,4.377141097133517,3995.6228589028665,30.480708452576483,30.456808552265972,-1,-1,17.0,17.0,290,343,3.413377388248415,12.961690149141305,10.252310174373067,339.06669525850236,0,27,35,37,32,363,0.1660221923335575,0.15761600537995965,610.0,393.0
F10_1.32,N17,N16,800.0,1,2400.0,2393.3725440163557,122,80,179,122,6.627455983644154,3993.3725440163557,31.027584245131575,30.749097630878815,1,1,38.0,38.0,291,332,3.697763037583148,222.87098266704106,10.13535505608561,329.37394931725834,0,31,40,43,38,381,0.16190625890072322,0.13346902971430918,659.0,413.0
F10_1.39,N17,N16,800.0,1,2400.0,2391.322823239834,133,62,173,133,8.677176760165821,3991.322823239834,30.398731325445628,30.41218496702256,-1,-1,8.0,8.0,303,342,2.7610390216896787,42.516837016175714,11.333724685327798,353.2183857759061,0,34,43,39,35,368,0.16812373907195696,0.16121312287261308,609.0,393.0
F10_7.35,N17,N16,800.0,1,2400.0,2395.0687689085717,123,68,174,123,4.931231091428117,3995.0687689085717,30.444912300750087,30.454725712029287,-1,-1,15.0,15.0,290,343,3.3279948225025606,13.62622862452713,10.76732775848525,342.97843031488486,0,28,37,38,33,365,0.1644888928290558,0.15866677874915938,610.0,395.0
F3_18.33,N17,N24,800.0,1,2400.0,2396.8944987397967,86,64,86,229,3.1055012602033685,3996.8944987397967,25.48421345300489,25.629319584789148,-1,-1,12.0,12.0,514,388,6.014657376964144,35.348281645610086,9.758407604432742,591.4764992607745,0,90,31,22,9,379,0.11138197713517149,0.0882649630127774,218.0,199.0
F10_7.29,N17,N16,800.0,1,2400.0,2396.0341297795326,121,69,172,121,3.9658702204674228,3996.0341297795326,30.486870401226913,30.47254944295423,-1,-1,19.0,19.0,287,343,3.4838473145851285,29.064747628983923,10.593552734131348,336.8792312336283,0,26,33,36,31,362,0.16392064559515804,0.15656523201075992,609.0,443.0
F12_7.33,N17,N16,800.0,1,2400.0,2396.1572750075884,123,78,174,123,3.8427249924118314,3996.1572750075884,30.938499087227903,30.666444819436908,1,1,30.0,30.0,292,331,3.740616480561893,9.704593589033038,8.65451099934977,326.84221562931515,0,21,36,44,41,375,0.1555144586415602,0.13312143834133297,660.0,436.0
F10_1.30,N17,N16,800.0,1,2400.0,2396.8692076463108,123,80,175,123,3.1307923536891167,3996.8692076463108,30.995116897277576,30.70436430990352,1,1,32.0,32.0,294,330,3.5300052132008797,11.587200877219402,9.774129687591007,335.4147850464451,0,24,37,44,41,378,0.1555144586415602,0.13241657169797813,659.0,443.0
F10_7.30,N17,N16,800.0,1,2400.0,2397.0073245702924,137,60,168,137,2.992675429707333,3997.0073245702924,30.12350684408532,30.186938610743134,1,1,20.0,20.0,318,339,2.2776173848805525,193.2596639436772,10.256837969874761,326.72364891376634,0,21,32,39,35,365,0.17866974306406666,0.16078745642674974,581.0,459.0
F10_7.33,N17,N16,800.0,1,2400.0,2392.1782163154658,136,61,166,136,7.821783684534125,3992.1782163154658,29.943835193789663,30.145516291351225,1,1,7.0,7.0,313,341,2.3423907374128894,10.747602002780013,8.501270905412824,331.1850600764263,0,21,28,44,41,363,0.17446664958726774,0.16078745642674974,626.0,414.0
F10_1.36,N17,N16,800.0,1,2400.0,2398.886521128942,134,61,166,134,1.1134788710580779,3998.886521128942,29.945542810758397,30.15425664939086,1,1,10.0,10.0,311,341,2.9043733450599962,9.67123291902385,8.811054891484263,319.0777595059884,0,22,28,43,40,361,0.1765681963256672,0.16087719405776635,626.0,419.0
F10_0.34,N17,N16,800.0,1,2400.0,2398.666389252606,134,61,166,134,1.3336107473937773,3998.666389252606,29.97979746247976,30.15219316681945,1,1,12.0,12.0,312,341,3.124040393879981,9.928636265870864,9.063879208882813,315.0194709801907,0,21,27,43,39,361,0.18077128980246612,0.16078745642674974,623.0,427.0
F3_17.21,N17,N24,800.0,1,2400.0,2395.5515298677524,86,68,86,229,4.448470132247621,3995.5515298677524,25.419925947933525,25.66022803121088,-1,-1,4.0,4.0,516,384,6.6500931979684985,8.560296449004454,3.848817172969145,557.578709032076,0,86,32,26,10,383,0.11558507061197042,0.0882649630127774,225.0,238.0
F3_18.31,N17,N24,800.0,1,2400.0,2392.8620673861333,86,74,86,233,7.1379326138664965,3992.8620673861333,24.578543993450708,25.301818512858674,1,1,34.0,34.0,558,401,2.0300052025803854,12.005401130163364,10.397721185444787,717.3484287476653,0,109,13,41,6,393,0.15131136516476126,0.09556379742274554,253.0,143.0
F10_1.37,N17,N16,800.0,1,2400.0,2397.113237270146,137,62,168,137,2.88676272985424,3997.113237270146,30.119977197261555,30.182853349399185,1,1,18.0,18.0,318,340,2.4167212858807923,10.307202187302437,8.851072742849654,324.54761856849785,0,20,28,39,36,367,0.17866974306406666,0.16078745642674974,629.0,466.0
F10_0.33,N17,N16,800.0,1,2400.0,2398.352663173058,136,61,168,136,1.6473368269422508,3998.352663173058,30.09027286421492,30.1652384629867,1,1,16.0,16.0,318,340,2.7543619596626825,10.387497967624086,8.339438205709996,321.2646555167528,0,20,29,41,37,365,0.18287283654086559,0.16078161120484824,629.0,425.0
F3_18.32,N17,N24,800.0,1,2400.0,2391.835418183587,87,73,87,234,8.164581816412806,3991.835418183587,24.565956001732282,25.28862421433423,1,1,32.0,32.0,558,400,2.382500333872399,11.947194058486048,10.021287082930247,690.8605539296419,0,108,10,41,6,394,0.15341291190316073,0.09539623649119419,261.0,186.0
F3_17.22,N17,N24,800.0,1,2400.0,2391.340418541873,80,76,80,244,8.659581458126809,3991.340418541873,24.297092995835527,25.080167075584335,-1,-1,30.0,30.0,565,414,7.248477572054969,12.347804201105873,9.595719750463068,545.7862880054124,0,90,20,40,6,400,0.13873234281163171,0.0882649630127774,248.0,165.0
F10_7.37,N17,N16,800.0,1,2400.0,2394.5606860131834,135,60,168,135,5.4393139868166145,3994.5606860131834,29.666462427795356,30.045695984314793,-1,-1,27.0,27.0,326,348,3.108707444716353,11.929745731670664,10.035393261652416,354.3474408682569,0,31,41,51,48,363,0.16812373907195696,0.1691745124411567,705.0,420.0
F8_16.0,N17,N24,800.0,1,2400.0,1626.451556745289,3,0,3,12,773.5484432547112,3226.451556745289,0.0,0.0,-1,-1,17.0,17.0,15,1,0.0,0.0010109699696840835,0.0,246.20086263359505,0,5,0,2,1,15,0.023117014122394083,0.0,95.0,126.0
F8_9.0,N17,N16,800.0,-1,2400.0,905.2344630412206,4,1,11,4,105.21112658435447,2505.234463041221,37.721218533236836,0.0,-2,-1,2.0,2.0,20,5,12.00768188097065,254.6115579023799,12.00768188097065,176.96211568425878,0,0,0,1,1,16,0.006304640215198386,0.003152320107599193,8.0,134.0
F8_14.0,N17,N24,800.0,1,2400.0,1605.4123373914485,4,0,4,13,794.5876626085515,3205.4123373914485,0.0,0.0,1,1,40.0,40.0,17,2,4.148276687189863,200.0,4.148276687189863,3.4568571677686815,0,0,0,0,0,17,0.006973500697350045,0.0,79.0,182.0
F4_19.0,N17,N24,800.0,1,2400.0,2114.624371657651,7,0,7,10,285.37562834234916,3714.624371657651,44.651162790697676,0.0,1,-1,30.0,30.0,19,3,8.282952860313578,200.0,8.282952860313578,292.89917551623176,0,0,0,0,0,17,0.027320107599193007,0.003152320107599193,158.0,143.0
F8_15.0,N17,N24,800.0,1,2400.0,2398.7618148589104,4,0,4,13,1.238185141089616,3998.7618148589104,0.0,0.0,-1,-1,16.0,16.0,16,1,8.942398568984288,42.40431386826913,11.357063372234105,242.241824240434,0,5,0,7,1,17,0.0336247478143914,0.0,198.0,174.0
F6_16.0,N17,N24,800.0,-1,2400.0,1144.8061990584088,27,1,27,14,344.80272891869726,2744.8061990584088,39.052751675238305,39.74996099641167,-2,-1,36.0,36.0,42,21,11.981457785846954,200.0,11.981457785846954,223.500087100195,0,0,0,0,0,42,0.004203093476798925,0.014710827168796235,28.0,121.0
F4_18.0,N17,N24,800.0,1,2400.0,2394.4189787886635,7,0,7,10,5.581021211336292,3994.4189787886635,44.651162790697676,0.0,1,-1,38.0,38.0,19,3,8.774025868963562,204.98332105586292,8.774025868963562,287.57130774470096,0,0,0,1,1,17,0.027320107599193007,0.003152320107599193,177.99999999999994,146.0
F8_7.1,N17,N16,800.0,-1,2400.0,1529.8469138747532,5,2,20,5,729.6779603091495,3129.846913874753,39.80197926377657,32.0,-2,1,29.0,29.0,32,11,12.92635750231582,2022.9647218540304,14.430068479934866,184.52748831065307,0,0,0,2,0,27,0.00840618695359785,0.006304640215198387,57.0,147.0
F8_11.1,N17,N16,800.0,-1,2400.0,1505.090389324254,5,2,21,5,705.076348552209,3105.090389324254,39.80197926377657,32.0,-2,1,25.0,25.0,33,11,14.784555397126354,2206.249081593818,14.784555397126354,183.67941558076762,0,0,0,1,0,28,0.004203093476798925,0.006304640215198387,64.0,172.0
F8_16.2,N17,N24,800.0,1,2400.0,2258.0317811642744,16,0,16,16,141.96821883572545,3858.0317811642744,41.02958974482988,39.74996099641167,-1,-1,31.0,31.0,27,11,5.973883106392814,142.3943426626554,12.694592408257604,234.91786078895132,0,5,0,6,0,32,0.05253866845998655,0.006304640215198386,128.0,170.0
F8_14.1,N17,N24,800.0,1,2400.0,1611.512797757306,16,0,16,17,788.487202242694,3211.512797757306,40.10543330659908,39.74996099641167,-1,-1,3.0,3.0,27,13,0.0,200.0,0.0,252.1510306760697,0,9,0,0,0,33,0.02942165433759247,0.0073554135843981175,86.0,183.0
F8_16.1,N17,N24,800.0,1,2400.0,1634.511643821534,16,0,16,16,765.4883561784658,3234.511643821534,40.50118031356535,39.74996099641167,-1,-1,19.0,19.0,28,11,0.053635989788536655,0.46634698827438115,0.16090796936560997,242.41360168615478,0,5,0,3,2,32,0.02942165433759247,0.0073554135843981175,115.0,172.0
F8_17.2,N17,N24,800.0,1,2400.0,1618.9732275139477,15,0,15,14,781.0267724860522,3218.9732275139477,41.02958974482988,39.05351292318893,-1,-1,36.0,36.0,26,7,0.00039331063448382004,0.004568616740471043,0.00039331063448382004,236.0251799166152,0,4,0,1,1,29,0.025218560860793545,0.006304640215198386,130.0,174.0
F4_19.2,N17,N24,800.0,1,2400.0,1941.9321258304526,16,0,16,16,458.06787416954717,3541.9321258304526,41.02958974482988,39.74996099641167,1,-1,29.0,29.0,27,11,8.338926182280428,200.0,8.338926182280428,282.13550988840205,0,0,0,0,0,32,0.0441324815063887,0.006304640215198386,152.0,159.0
F4_19.1,N17,N24,800.0,1,2400.0,2395.2968290954846,10,0,10,11,4.703170904515332,3995.2968290954846,40.742669150594445,0.0,-1,1,29.0,29.0,20,3,8.101629117161396,50.345343099748334,8.657069116773219,293.11806426922544,0,0,0,3,3,21,0.035726294552790853,0.005253866845998656,200.0,155.0
F4_17.0,N17,N24,800.0,1,2400.0,1958.8468008019731,27,1,27,14,441.15319919802675,3558.846800801973,39.052751675238305,39.74996099641167,1,-1,39.0,39.0,41,21,7.112160438315765,153.10283049376358,10.274931477956839,288.45724824441163,0,0,0,3,3,42,0.03992938802958978,0.012609280430396773,104.0,139.0
F4_13.0,N17,N24,800.0,1,2400.0,2393.2575723178516,14,0,14,12,6.7424276821484455,3993.2575723178516,41.02958974482988,35.1219512195122,-1,1,0.0,0.0,24,7,6.6963786276474755,8.88400999307919,7.469633248998441,297.96936736235494,0,1,0,6,6,26,0.04833557498318763,0.005253866845998655,189.0,146.0
F10_7.0,N17,N16,800.0,1,2400.0,2295.743268625242,6,2,20,6,104.25673137475826,3895.743268625242,39.84004931467225,32.49612403100775,1,1,14.0,14.0,37,9,11.734074808600926,22.75878353677217,12.02414311845348,202.92051366983603,0,0,0,7,2,28,0.06304640215198387,0.004203093476798925,138.0,148.0
F4_16.1,N17,N24,800.0,1,2400.0,2279.0361972863325,16,0,16,16,120.96380271366752,3879.0361972863325,41.02958974482988,39.74996099641167,1,-1,31.0,31.0,27,11,6.999005726330258,200.0,6.999005726330258,285.34341725188176,0,0,0,0,0,32,0.01050773369199731,0.006304640215198386,173.0,154.0
F5_7.0,N17,N16,800.0,1,2400.0,2116.4267507679792,6,2,20,6,283.57324923202077,3716.4267507679792,39.84004931467225,32.49612403100775,1,1,14.0,14.0,37,9,11.48690340028628,28.786787224504224,11.826614213386671,202.92051366983603,0,0,0,4,1,28,0.06304640215198387,0.004203093476798925,134.0,153.0
F4_15.0,N17,N24,800.0,1,2400.0,2399.613663208788,12,0,12,12,0.38633679121232944,3999.613663208788,41.02958974482988,35.1219512195122,-1,1,3.0,3.0,22,7,6.728180794623357,126.20349065162964,8.171883838610917,299.6036747993003,0,1,0,5,5,24,0.046234028244788165,0.005253866845998655,191.00000000000006,157.0
F8_11.2,N17,N16,800.0,1,2400.0,2393.0548746615077,4,1,16,4,6.945125338492062,3993.0548746615077,41.02958974482988,0.0,-1,-1,25.0,25.0,28,8,7.156785326717303,213.79483164762382,12.311352762704306,232.2773352613193,0,5,0,5,0,21,0.025218560860793545,0.003152320107599193,192.0,167.0
F8_14.3,N17,N24,800.0,1,2400.0,2218.375745002614,31,1,31,14,181.62425499738572,3818.375745002614,38.83666856921432,39.74996099641167,-1,-1,18.0,18.0,47,21,7.98543990681533,19.984651463813407,11.075986189744569,226.61842991094827,0,4,2,9,1,46,0.0672494956287828,0.01996469401479489,132.0,157.0
F4_18.1,N17,N24,800.0,1,2400.0,2396.1189790587423,23,1,23,15,3.8810209412579297,3996.1189790587423,39.84004931467225,39.74996099641167,-1,1,19.0,19.0,36,17,7.299797880850166,10.83333147211215,8.969104389640004,300.35077363252054,0,2,0,7,7,39,0.04833557498318763,0.012609280430396773,193.0,147.0
F4_16.3,N17,N24,800.0,1,2400.0,2391.711891733761,24,1,24,15,8.288108266238737,3991.711891733761,39.84004931467225,39.74996099641167,-1,1,17.0,17.0,37,17,3.7383897074387855,555.3561199709727,7.476779414877571,300.85547820857124,0,2,0,2,2,40,0.01050773369199731,0.012609280430396773,191.0,151.0
F4_15.1,N17,N24,800.0,1,2400.0,2393.590239363232,26,1,26,13,6.409760636768283,3993.590239363232,39.84004931467225,39.74996099641167,-1,1,8.0,8.0,39,18,6.103673678228989,104.87616638619738,8.792305585908204,313.9959605523619,0,3,0,7,7,40,0.0441324815063887,0.012609280430396773,184.0,150.0
F8_0.5,N17,N16,800.0,1,2400.0,2213.70708001409,10,0,11,10,186.29291998590986,3813.70708001409,36.70968287085028,36.63900454316174,-1,-1,10.0,10.0,57,14,9.828444411747563,12.634584931462314,10.483552348953365,224.5476126901484,0,3,0,8,6,21,0.07355413584398117,0.0073554135843981175,106.0,139.0
F8_2.2,N17,N16,800.0,1,2400.0,2396.239970533188,12,0,12,12,3.760029466811602,3996.239970533188,36.7252836188362,36.83302547940563,-1,-1,28.0,28.0,56,14,11.367742686539755,12.509888593275036,11.089524222332019,211.6733041240084,0,1,0,9,2,24,0.05043712172158709,0.0073554135843981175,127.0,146.0
F8_14.4,N17,N24,800.0,1,2400.0,2395.223482708689,37,8,37,7,4.7765172913108245,3995.223482708689,36.7252836188362,36.336881613732274,-1,-1,26.0,26.0,58,25,11.803535206794209,14.205318628522718,11.636856825744887,211.5001759479413,0,1,0,11,7,52,0.05253866845998655,0.0336247478143914,136.0,164.9999999999999
F4_13.1,N17,N24,800.0,1,2400.0,2396.6043685872196,29,1,29,14,3.39563141278029,3996.6043685872196,39.052751675238305,39.74996099641167,1,-1,35.0,35.0,45,21,8.125016572464522,234.1496789128746,8.696751805575483,278.9868232433472,0,0,0,3,3,44,0.012609280430396773,0.015761600537995968,194.0,196.9999999999999
F6_17.0,N17,N24,800.0,1,2400.0,2393.9978938986064,29,4,29,13,6.002106101393679,3993.9978938986064,37.83619155446234,41.24104217588018,1,1,38.0,38.0,41,22,6.009454903957987,127.04607477919535,11.64962041210436,240.10190764434356,0,4,0,8,0,46,0.06227358500656244,0.01891392064559516,170.0,187.0
F4_15.4,N17,N24,800.0,1,2400.0,2392.5745790722804,37,7,37,7,7.425420927719756,3992.5745790722804,37.394726948328994,37.21605517150177,-1,1,7.0,7.0,52,22,4.291602437545824,15.397124141574068,8.58259352065847,313.205873810124,0,3,0,2,2,51,0.01050773369199731,0.027320107599193007,174.0,161.0
F4_13.4,N17,N24,800.0,1,2400.0,2397.2485074951855,38,8,38,7,2.7514925048144505,3997.2485074951855,37.191989966780454,37.21605517150177,-1,1,3.0,3.0,53,25,5.406852643149654,34.083242653747675,9.155735817561533,320.46654818665553,0,3,0,4,4,53,0.014710827168796235,0.027320107599193007,174.0,158.0000000000001
F4_14.1,N17,N24,800.0,1,2400.0,2393.2025165660953,38,9,38,8,6.797483433904858,3993.2025165660953,36.70968287085028,35.68731224994715,1,-1,10.0,10.0,57,25,7.552183274411121,221.68085222220043,7.557403787394346,279.08287229549,0,0,0,6,6,55,0.025218560860793545,0.036777067921990585,150.0,145.9999999999999
F4_16.2,N17,N24,800.0,1,2400.0,2394.569040059764,29,1,29,14,5.430959940235994,3994.569040059764,39.052751675238305,39.74996099641167,1,-1,35.0,35.0,45,21,8.908999987037182,104.60325932032924,8.707424359268591,278.9868232433472,0,0,0,7,7,44,0.03992938802958978,0.015761600537995968,203.0,194.0000000000001
F4_15.3,N17,N24,800.0,1,2400.0,2392.9968002401743,36,7,36,7,7.003199759825748,3992.9968002401743,37.63346936356035,38.08586629033076,-1,1,10.0,10.0,51,23,6.699933885947251,14.865182209055547,7.2492183097546405,322.22652218989174,0,3,0,10,10,50,0.04203093476798924,0.026269334229993276,193.0,148.0
F8_11.5,N17,N16,800.0,1,2400.0,2397.4510701778563,10,0,13,10,2.548929822143805,3997.4510701778563,36.7252836188362,36.83302547940563,-1,-1,32.0,32.0,52,13,9.033004294228016,147.32464860166328,12.001688108539335,214.9235120365223,0,0,0,6,4,23,0.0609448554135844,0.0073554135843981175,137.0,198.0
F8_17.5,N17,N24,800.0,1,2400.0,2390.040176320572,31,15,31,8,9.959823679428041,3990.040176320572,36.47985309809359,35.548361621108974,-1,-1,35.0,35.0,54,44,10.503276269725474,18.82874732447931,11.20756750169946,212.40419218676834,0,1,0,8,5,54,0.04833557498318763,0.04623402824478817,144.0,162.0
F8_17.4,N17,N24,800.0,1,2400.0,2397.517025040401,34,11,34,10,2.4829749595988915,3997.517025040401,36.49263836924737,36.521876901257805,-1,-1,0.0,0.0,54,27,7.130825062903898,153.6707229935978,10.19721366455511,245.14055179898426,0,10,1,11,1,55,0.08196032279757902,0.036777067921990585,177.0,184.0
F4_14.2,N17,N24,800.0,1,2400.0,2398.5390910130636,31,19,31,9,1.4609089869366017,3998.5390910130636,36.6326687597618,36.520047908146516,-1,1,34.0,34.0,57,52,7.237447457205496,68.34531835291136,8.858968224282869,308.7771127690952,0,1,0,4,3,59,0.027320107599193007,0.04833557498318763,202.0,152.0
F8_15.2,N17,N24,800.0,1,2400.0,2398.851851417247,27,19,27,10,1.1481485827531515,3998.851851417247,36.477675176907546,35.90903278931993,-1,-1,34.0,34.0,61,61,10.149278872126647,23.245184252684567,10.435872037345632,217.35462004260694,0,1,5,13,2,56,0.07951912376947205,0.0504371217215871,156.0,150.0
F8_7.4,N17,N16,800.0,1,2400.0,2398.9705366293365,18,1,21,18,1.0294633706636205,3998.9705366293365,36.46907351950759,36.272934109521586,-1,-1,9.0,9.0,65,33,4.042425546396095,153.77618328926656,8.375700414856976,279.3476329804776,0,15,1,16,5,40,0.08196032279757902,0.02206624075319435,168.9999999999999,147.0
F8_11.10,N17,N16,800.0,1,2400.0,2389.985885178355,25,1,20,25,10.014114821644853,3989.985885178355,36.974964470411805,35.76829934391949,-1,-1,20.0,20.0,82,34,7.784144607573117,13.871122593339578,11.382942387371745,234.51757511484786,0,8,1,15,3,46,0.0609448554135844,0.022066240753194355,117.99999999999989,140.0
F8_13.2,N17,N24,800.0,1,2400.0,2392.0672117332188,29,22,29,10,7.932788266781131,3992.0672117332188,36.40803357368224,35.90903278931993,-1,-1,24.0,24.0,64,65,7.864949592945713,31.883697865316208,8.601143370627597,231.54518516304267,0,7,6,17,4,61,0.08406186953597848,0.05043712172158709,211.9999999999999,172.0
F4_13.5,N17,N24,800.0,1,2400.0,2393.3808778120624,29,34,29,7,6.619122187937705,3993.3808778120624,36.806428235475074,36.20663873493331,-1,1,19.0,19.0,64,64,6.264048876634071,32.8203786465499,8.77725978419403,302.1743214613875,0,1,0,4,4,70,0.03622657004852269,0.04203093476798924,190.0,154.0
F8_11.9,N17,N16,800.0,1,2400.0,2389.8388921347623,22,1,18,22,10.16110786523791,3989.8388921347623,36.9943829224643,35.58167555820467,-1,-1,35.0,35.0,73,30,9.003530319651821,134.28146028489346,11.646599791385151,233.5072827366254,0,5,0,12,9,41,0.07145258910558171,0.02206624075319435,135.9999999999999,200.0
F8_1.3,N17,N16,800.0,1,2400.0,2399.51189580865,22,0,25,22,0.48810419134986205,3999.51189580865,36.77205693557772,35.721990271043886,-1,-1,35.0,35.0,70,33,11.838712850421755,13.515740447352755,10.735003572614222,211.7018381702074,0,1,0,7,1,47,0.05674176193678548,0.026269334229993276,131.0,130.0
F8_2.5,N17,N16,800.0,1,2400.0,2390.275526729707,23,1,18,23,9.724473270292947,3990.275526729707,36.97712286425572,35.82582263824642,-1,-1,25.0,25.0,79,32,8.817005651934547,19.380118434831274,9.313290565684095,232.3311735953589,0,8,1,14,10,42,0.07565568258238063,0.022066240753194355,194.0,168.0
F8_17.10,N17,N24,800.0,1,2400.0,2096.268688388436,37,43,37,15,303.731311611564,3696.268688388436,36.628397429014505,35.5327723749206,-1,-1,3.0,3.0,84,68,4.866628801122258,12.61118112771328,10.468721347005857,250.75571578358003,0,10,7,10,8,95,0.0609448554135844,0.0504371217215871,172.0,144.0
F8_2.10,N17,N16,800.0,1,2400.0,2391.9571654953606,20,0,23,20,8.042834504639131,3991.9571654953606,36.31419544764806,35.8014207655003,-1,-1,26.0,26.0,71,37,9.553047802407521,13.007588703231477,11.254509159512384,213.7089490241792,0,4,0,11,9,43,0.07250780247633362,0.027320107599193007,128.0,143.0
F8_9.2,N17,N16,800.0,1,2400.0,2398.8841002094,21,0,24,21,1.1158997906001105,3998.8841002094,36.31419544764806,35.8014207655003,-1,-1,23.0,23.0,75,40,9.857297848553307,12.400219695429541,11.299999758815346,214.91551414200367,0,4,0,13,10,45,0.07565568258238063,0.027320107599193004,178.0,131.0
F8_7.5,N17,N16,800.0,1,2400.0,2395.55090161902,21,0,24,21,4.44909838097999,3995.55090161902,36.32036611142529,35.8014207655003,-1,-1,18.0,18.0,80,42,8.654066597493255,13.184670430349797,11.766348780773006,221.30146013325887,0,5,1,17,1,45,0.05043712172158709,0.027320107599193007,185.0,154.0
F4_9.12,N17,N16,800.0,1,2400.0,2397.2759054755047,13,10,24,13,2.7240945244951718,3997.2759054755047,36.41636148899527,35.87966427227325,1,-1,6.0,6.0,63,45,8.001184676349945,447.0324252623102,8.99310818754241,282.3159276865766,0,0,4,3,0,47,0.023117014122394083,0.026269334229993276,135.0,157.0
F8_13.4,N17,N24,800.0,1,2400.0,2390.7923438079156,32,52,32,16,9.207656192084414,3990.7923438079156,36.31419544764806,35.650922138606624,-1,-1,25.0,25.0,72,79,10.209247251791899,12.533837306397572,10.464223889054873,212.94499849311367,0,4,5,13,12,100,0.05043712172158709,0.04833557498318763,196.0,182.0
F8_15.4,N17,N24,800.0,1,2400.0,2390.1902470855684,33,51,33,16,9.809752914431442,3990.1902470855684,36.31419544764806,35.72507867434786,-1,-1,23.0,23.0,75,77,9.594446607319298,13.260697656394768,11.245288510093383,214.91551414200367,0,4,5,14,13,100,0.05043712172158709,0.04833557498318763,196.0,184.0
F4_17.8,N17,N24,800.0,1,2400.0,2393.481716607238,39,58,39,13,6.518283392761873,3993.481716607238,36.536909997561885,35.657599831641704,-1,1,8.0,8.0,74,90,5.620863748916638,24.05815310896628,8.742491540704966,355.13315849459843,0,3,0,7,7,110,0.027320107599193007,0.0504371217215871,173.0,155.0
F4_19.8,N17,N24,800.0,1,2400.0,2399.6468090261774,36,52,36,14,0.35319097382262044,3999.6468090261774,36.30369440106489,35.7418228016291,-1,1,32.0,32.0,77,81,7.630213094906112,194.8407349335721,6.765858726854354,280.3366564167609,0,0,0,6,6,102,0.027320107599193007,0.04518325487558844,200.0,155.0
F8_17.11,N17,N24,800.0,1,2400.0,1929.7318748161356,32,42,32,11,470.2681251838645,3529.7318748161356,36.41636148899527,35.656169811490905,-1,-1,5.0,5.0,63,105,3.683576466861115,14.485786687012478,12.16319517805549,258.3877456565626,0,14,9,13,12,85,0.07528165170755331,0.05464021519838602,116.0,161.0
F8_13.5,N17,N24,800.0,1,2400.0,2397.5407667094523,35,50,35,16,2.4592332905476724,3997.5407667094523,36.32036611142529,35.74201884142021,-1,-1,17.0,17.0,81,81,9.95837476763304,14.027123379704562,10.740928139874242,225.93204147673487,0,5,5,15,0,101,0.0777572293207801,0.048335574983187635,208.0,184.0
F8_0.10,N17,N16,800.0,1,2400.0,2020.9318761533823,13,11,25,13,379.0681238466176,3620.9318761533823,36.40609024477467,35.87966427227325,-1,-1,1.0,1.0,63,47,4.159850323984417,24.318070094989707,11.730316244537049,261.27659597157765,0,16,4,9,5,49,0.0783162274292554,0.026269334229993276,101.0,202.0
F8_7.6,N17,N16,800.0,1,2400.0,2394.5729148842674,16,11,24,16,5.42708511573278,3994.5729148842674,36.372730743356534,36.01315967798432,1,1,2.0,2.0,65,41,12.471458586164234,152.76483279337526,10.458870112662781,213.60258168977396,0,0,0,6,3,51,0.0672494956287828,0.022066240753194355,131.0,145.0
F4_16.9,N17,N24,800.0,1,2400.0,2393.293562709839,28,46,28,7,6.706437290160807,3993.293562709839,36.35865548005734,35.73811807995055,-1,1,24.0,24.0,62,109,6.499398965653623,253.5734908630866,10.102612903302337,313.8685517522726,0,2,0,3,2,81,0.027320107599193007,0.04303248503952089,194.0,158.0
F8_15.6,N17,N24,800.0,1,2400.0,2398.7607519080098,27,45,27,7,1.239248091990362,3998.7607519080098,36.35831857588931,35.64652103527842,-1,-1,32.0,32.0,66,118,12.29402521196576,12.500360383428642,11.078948046428426,217.57717603475317,0,1,2,7,0,79,0.07565568258238063,0.04833557498318763,144.0,173.0
F8_2.13,N17,N16,800.0,1,2400.0,2394.2254907493334,21,11,24,21,5.7745092506663696,3994.2254907493334,36.28626403730272,35.812093767806516,-1,-1,22.0,22.0,70,47,11.923173006396407,100.60271051477116,11.908753025822014,211.54225737637006,0,1,2,8,6,56,0.07355413584398117,0.023117014122394086,127.0,197.0
F8_11.13,N17,N16,800.0,1,2400.0,2397.810386443691,24,8,18,24,2.1896135563089274,3997.810386443691,36.25845517167144,35.453912274252836,-1,-1,30.0,30.0,77,40,10.409711633974455,19.650049479397694,10.087636752235264,219.7503885242423,0,1,0,11,6,50,0.08214931802601097,0.025218560860793545,196.0,146.0
F4_16.11,N17,N24,800.0,1,2400.0,2399.352763106433,31,46,31,10,0.6472368935669692,3999.352763106433,36.25845517167144,35.57554158781277,1,-1,25.0,25.0,83,110,8.367672938060773,47.25575870089415,7.890686028053656,293.8814646979354,0,0,4,4,4,87,0.025218560860793545,0.04308170813718897,184.0,198.0
F4_16.12,N17,N24,800.0,1,2400.0,2391.293342601495,29,54,29,11,8.706657398505058,3991.293342601495,36.484260071842314,35.4682195571967,-1,1,35.0,35.0,81,122,8.164096636492966,258.09892462804555,8.143045309429787,292.58947716398967,0,0,0,4,4,94,0.02942165433759247,0.038150967031893704,199.0,162.0
F8_14.9,N17,N24,800.0,1,2400.0,2391.322189670582,37,53,37,11,8.677810329418207,3991.322189670582,36.629674255350245,35.41257163533526,-1,-1,26.0,26.0,109,113,9.742156009596592,17.443219198105453,12.409142115374172,227.7524592271746,0,6,3,17,14,101,0.07565568258238063,0.045183254875588434,149.0,161.0
F8_0.15,N17,N16,800.0,1,2400.0,2395.583688144673,26,15,18,26,4.416311855326853,3995.583688144673,36.629674255350245,35.02722122887605,-1,-1,25.0,25.0,111,54,8.959456544995463,32.39097467737429,10.673204071597233,224.26681010593578,0,6,3,14,12,59,0.07985877605917956,0.027320107599193007,131.0,192.0
F8_2.14,N17,N16,800.0,1,2400.0,2394.0841116614765,23,16,20,23,5.915888338523473,3994.0841116614765,36.629674255350245,35.02722122887605,-1,-1,30.0,30.0,105,52,9.40697927441287,179.1799221020426,10.432685066785616,231.2075448531331,0,5,3,16,2,59,0.07541151141824409,0.027320107599193004,135.0,199.0
F8_1.9,N17,N16,800.0,1,2400.0,1857.4598861836425,29,21,23,29,542.5401138163572,3457.4598861836425,36.552674540392935,35.22100286967859,1,1,2.0,2.0,117,53,11.032759467625976,225.1415497909552,11.032759467625976,218.41239664622717,0,0,0,1,1,73,0.06679929258421372,0.027320107599193004,118.0,162.0
F8_16.6,N17,N24,800.0,1,2400.0,2399.823738404269,39,52,39,11,0.17626159573080713,3999.823738404269,36.629674255350245,35.41964429327267,-1,-1,23.0,23.0,113,113,9.967173904652304,36.13831971309128,11.682721774955725,225.5224981731256,0,6,3,17,15,102,0.07565568258238063,0.04518325487558844,203.0,175.0
F8_11.15,N17,N16,800.0,1,2400.0,2398.497000118305,28,23,24,28,1.5029998816949046,3998.497000118305,36.55348211327921,35.22037014987857,1,1,4.0,4.0,115,54,9.62640102912664,9.953600828921935,7.8545812613618,217.75967803137652,0,0,0,17,6,75,0.06648156742578883,0.02626933422999328,151.0,189.0
F8_14.11,N17,N24,800.0,1,2400.0,2397.2865007457567,33,51,33,8,2.7134992542431746,3997.2865007457567,36.60710033496738,35.47478957757137,1,1,27.0,27.0,106,111,10.275099977781917,119.03432116689123,10.646972995184012,234.03356592295253,0,0,0,14,0,92,0.08616341627437794,0.0386404495275732,182.0,163.0
F4_12.11,N17,N24,800.0,1,2400.0,2394.32600875652,31,53,31,12,5.673991243480145,3994.32600875652,36.59462301113565,35.2080645413642,-1,1,34.0,34.0,99,115,7.888870056328535,350.7004444129882,7.261871117333702,285.1582922863031,0,0,0,4,4,96,0.025218560860793545,0.04623402824478817,199.0,152.0
F8_15.7,N17,N16,800.0,1,2400.0,2075.1420753103566,25,31,22,25,324.85792468964354,3675.1420753103566,36.61641797087092,35.260856584526266,-1,-1,3.0,3.0,91,52,6.713272644250847,29.508684268502066,11.799823970411465,237.44473101482717,0,8,0,10,9,78,0.07985877605917956,0.03362474781439139,107.0,192.99999999999977
F8_11.14,N17,N16,800.0,1,2400.0,2395.263565665478,31,25,17,31,4.736434334522073,3995.263565665478,36.654517631145076,35.08200678699864,-1,-1,14.0,14.0,111,55,9.32733667637574,34.5565742819922,10.036369257335632,237.3578192958301,0,5,2,15,10,73,0.07985877605917956,0.029421654337592473,190.0,207.0
F8_0.17,N17,N16,800.0,1,2400.0,2390.447939991592,29,27,20,29,9.55206000840792,3990.447939991592,36.620800486125184,35.23319278280755,-1,-1,34.0,34.0,90,46,11.020587105808426,23.133029571109546,12.161181596059327,209.15136948868863,0,0,0,10,9,76,0.06610240257332008,0.03362474781439139,137.0,205.0
F8_1.11,N17,N16,800.0,1,2400.0,1804.3737552078028,21,35,30,21,595.6262447921972,3404.373755207803,36.63300943996077,35.42883289476154,1,1,32.0,32.0,92,64,9.835442434715915,11.574954808469556,9.313648032526865,220.06726972117252,0,0,0,7,4,86,0.04833557498318763,0.03677706792199059,81.0,149.0
F8_13.10,N17,N24,800.0,1,2400.0,2399.2961762944615,28,51,28,11,0.7038237055386389,3999.2961762944615,36.61620066480025,35.15282557322294,-1,-1,22.0,22.0,92,125,10.782149247343899,16.657026474709937,13.014840744740068,218.4402658458333,0,3,2,14,9,90,0.06304640215198387,0.051652867394817906,197.0,183.99999999999977
F8_14.12,N17,N16,800.0,1,2400.0,2261.221673590414,33,29,27,33,138.77832640958627,3861.221673590414,36.61328093763658,35.29626886131373,-1,-1,27.0,27.0,106,69,8.129041117217296,8.754188233055856,7.281829332091765,231.69567366117369,0,2,7,11,4,89,0.0441324815063887,0.03992938802958978,127.0,135.0
F8_7.11,N17,N16,800.0,1,2400.0,2345.5748342661714,28,29,32,28,54.42516573382875,3945.5748342661714,36.59743585670403,35.336788789864634,-1,-1,38.0,38.0,100,67,9.981074703760095,13.494508011402331,11.20408119648461,213.48327824314123,0,1,0,7,3,89,0.0336247478143914,0.03782784129119032,141.0,189.0
F8_7.12,N17,N16,800.0,1,2400.0,2392.398504247964,35,29,27,35,7.601495752036158,3992.398504247964,36.61328093763658,35.29626886131373,-1,-1,26.0,26.0,108,69,8.228985470515438,130.80948016320963,7.132329042592851,229.22773631829148,0,4,7,12,5,91,0.0441324815063887,0.03992938802958978,127.0,199.0
F8_7.10,N17,N16,800.0,1,2400.0,2329.1633132768116,33,29,30,33,70.83668672318845,3929.1633132768116,36.61220473366749,35.29626886131373,-1,-1,32.0,32.0,105,66,9.759998649848443,25.07629611721154,10.595345618084295,222.82916667992092,0,1,4,8,5,92,0.06379413848603466,0.03992938802958978,134.0,200.0
F8_16.8,N17,N16,800.0,1,2400.0,2399.3161545512035,34,35,30,34,0.6838454487964327,3999.3161545512035,36.56529898886531,35.15879309692024,1,1,5.0,5.0,111,77,10.972527954533193,75.90258527429933,10.347995388028568,204.44134069111198,0,0,0,11,5,99,0.07145258910558171,0.04203093476798924,132.00000000000023,209.0
F4_13.12,N17,N16,800.0,1,2400.0,2391.6654557348206,33,35,31,33,8.334544265179261,3991.6654557348206,36.573597019090506,35.15879309692024,-1,1,6.0,6.0,110,77,6.011603559280656,25.78683438160806,7.668620797349431,325.7411707557379,0,0,0,10,8,99,0.0441324815063887,0.04158319917871811,171.00000000000023,190.0
F4_16.18,N17,N16,800.0,1,2400.0,2396.67856563576,39,34,25,39,3.3214343642399626,3996.67856563576,36.5198444432651,35.07089371811468,1,-1,21.0,21.0,108,87,8.330646178382784,743.7017653219746,8.330646178382784,305.2925117426891,0,0,8,1,0,98,0.006304640215198386,0.040980161398789516,166.0,175.0
F8_14.14,N17,N16,800.0,1,2400.0,2394.8983701826523,41,45,18,41,5.101629817347657,3994.8983701826523,36.66353976087173,34.92219549954255,-1,-1,39.0,39.0,112,88,11.27449076972833,54.604360370726226,11.651369542028508,209.8283078355608,0,0,1,14,9,104,0.08699306399337324,0.0434650273447243,137.0,208.0
F4_16.20,N17,N16,800.0,1,2400.0,2395.2057027269148,38,44,21,38,4.794297273085135,3995.2057027269148,36.592483909467035,34.96039164109285,-1,1,17.0,17.0,114,83,5.91443603462113,68.269380953373,6.169407044786445,346.21873534543477,0,3,0,8,5,103,0.035726294552790853,0.04203093476798925,177.99999999999977,195.0
F4_15.13,N17,N16,800.0,1,2400.0,2399.950601377967,42,43,16,42,0.04939862203309531,3999.950601377967,36.674975338098264,34.87817033502765,1,-1,34.0,34.0,110,90,7.101246540046974,13.131316070835055,7.555389929853135,302.35987109306836,0,0,4,7,4,101,0.02942165433759247,0.045682048460749865,158.99999999999977,189.0
F4_9.18,N17,N16,800.0,1,2400.0,2394.0496608893936,42,43,17,42,5.950339110606251,3994.0496608893936,36.68165396985734,34.90068733736644,1,-1,36.0,36.0,111,87,6.777446947876677,215.85940852874342,7.616951612316117,309.14255023548253,0,0,2,7,4,102,0.031523201075991936,0.04488083718170482,173.0,182.0
F8_7.15,N17,N16,800.0,1,2400.0,2364.587364869243,38,46,21,38,35.412635130756826,3964.587364869243,36.6547562856569,34.69136375398513,-1,-1,21.0,21.0,111,88,9.441241476438258,12.800042586135305,11.232670774369378,217.96033669576852,0,3,5,10,7,105,0.05674176193678548,0.054640215198386015,184.0,153.0
F4_14.11,N17,N16,800.0,1,2400.0,2392.331100600279,34,45,22,34,7.668899399720999,3992.331100600279,36.653371506601964,34.76058562184484,-1,1,27.0,27.0,104,83,6.221911089226885,47.726206226052,9.166022185660921,354.4658616873649,0,2,0,6,3,101,0.025218560860793545,0.04938634835238736,187.0,206.0
F8_9.9,N17,N16,800.0,1,2400.0,2070.2476657618354,35,46,28,35,329.7523342381644,3670.2476657618354,36.577399558104396,34.54299048750879,-1,-1,18.0,18.0,104,96,4.815269282859806,45.45565278025242,13.87226307389439,296.13747341888705,0,18,11,17,6,109,0.08406186953597848,0.056741761936785484,115.0,203.0
F8_13.14,N17,N16,800.0,1,2400.0,2391.1817894443006,40,46,22,40,8.818210555699352,3991.1817894443006,36.66256870551564,34.68336386861717,-1,-1,13.0,13.0,116,94,9.022290662928757,10.903653132391128,8.962737963816435,226.33759869197914,0,6,9,22,11,108,0.09246805648957633,0.054640215198386015,194.0,207.0
F8_13.15,N17,N16,800.0,1,2400.0,2398.1387679595937,36,46,28,36,1.8612320404065485,3998.1387679595937,36.585570992338404,34.539490861998246,-1,-1,28.0,28.0,109,96,8.315450661823105,92.36486713832733,11.584651301272459,252.60768706660167,0,7,8,19,8,110,0.08406186953597848,0.056741761936785484,133.0,203.0
F8_14.15,N17,N16,800.0,1,2400.0,2046.628242257727,23,44,28,23,353.37175774227285,3646.628242257727,36.52523902552645,34.4591382766267,-1,-1,10.0,10.0,91,114,6.298738910513779,9.598817310666163,11.234355102852673,231.03583802985017,0,3,13,7,3,95,0.04203093476798924,0.053589441829186284,98.0,133.0
F8_15.10,N17,N16,800.0,1,2400.0,2336.9142123179763,24,44,31,24,63.08578768202369,3936.9142123179763,36.52523902552645,34.43908997355216,-1,-1,6.0,6.0,94,114,7.528372272658097,46.738358933939935,12.46195512964473,234.4852778941649,0,5,13,9,4,99,0.03992938802958978,0.053589441829186284,168.0,138.0
F8_7.18,N17,N16,800.0,1,2400.0,2388.8316209585983,24,43,26,24,11.168379041401522,3988.8316209585983,36.54540903970338,34.49093557841671,-1,-1,25.0,25.0,90,97,9.82320952482439,17.731944340396694,9.59745702757702,214.7704381971967,0,1,10,13,2,93,0.0672494956287828,0.05358944182918629,136.0,192.0
F8_16.10,N17,N24,800.0,1,2400.0,2392.3441461990737,9,41,9,8,7.655853800926138,3992.3441461990737,36.44209045198594,34.09248982539145,-1,-1,30.0,30.0,69,63,7.205357804139647,12.92922848874332,10.877141268196851,239.84737901068286,0,4,1,11,1,58,0.06514794889038333,0.019964694014794893,151.0,148.0
F8_7.20,N17,N16,800.0,1,2400.0,2149.993195468357,14,28,35,14,250.00680453164296,3749.993195468357,36.43777715074524,34.010973053559994,-1,-1,8.0,8.0,59,112,6.880558123464927,12.834624190332534,10.25695066503199,239.68042515771688,0,5,11,8,1,77,0.06996518019650051,0.02837088096839274,113.0,197.0
F8_16.12,N17,N24,800.0,1,2400.0,2170.671501647138,18,29,18,11,229.32849835286186,3770.671501647138,36.536966541621574,33.95679545401124,-1,-1,14.0,14.0,93,50,7.952759501342686,45.3711472528405,13.956445741775394,220.26998786229223,0,5,0,6,5,58,0.046234028244788165,0.011558507061197041,124.0,160.0
F8_11.19,N17,N24,800.0,1,2400.0,1825.0847658603993,19,35,19,12,574.9152341396008,3425.0847658603993,36.607442629030054,33.943234228830356,1,1,29.0,29.0,82,51,7.497300149200122,14.318463831529243,12.335994819449239,208.4227102814814,0,0,0,5,5,66,0.05884330867518494,0.010507733691997312,92.0,176.0
F8_15.11,N17,N24,800.0,1,2400.0,2399.9457857742364,23,33,23,9,0.05421422576364421,3999.9457857742364,36.54243592873888,33.89432285923521,1,1,2.0,2.0,84,47,11.353588633620726,32.2563149876089,11.802576678876429,203.417799048577,0,0,0,11,1,65,0.06815261856162458,0.015381479726952689,160.0,157.0
F4_17.13,N17,N24,800.0,1,2400.0,2399.1385611860064,24,33,24,9,0.8614388139935727,3999.1385611860064,36.530667594470785,33.878965641769604,-1,1,0.0,0.0,85,45,4.588970701799859,35.08079805013722,9.748001192553462,323.06507221614373,0,3,0,4,4,66,0.037827841291190316,0.013660053799596504,174.0,140.0
F4_15.18,N17,N24,800.0,1,2400.0,2399.329038403333,27,20,27,10,0.6709615966670981,3999.329038403333,36.57539044375338,33.86336345439369,1,-1,1.0,1.0,90,51,8.202941824222732,37.72247614553339,7.507668766123734,279.4698999773388,0,0,0,4,4,57,0.035726294552790853,0.01786314727639543,155.0,133.0
F8_9.15,N17,N16,800.0,1,2400.0,2390.802808513025,21,7,23,21,9.197191486975044,3990.802808513025,36.51076259398099,33.87378711615536,-1,-1,37.0,37.0,103,113,10.015073664163332,15.905735839947965,13.79355942466206,208.59861535926183,0,2,3,9,0,51,0.0441324815063887,0.029421654337592473,120.0,134.0
F8_17.22,N17,N24,800.0,1,2400.0,1792.2487638307148,40,17,40,9,607.7512361692852,3392.248763830715,36.501892890936304,33.87344839298308,-1,-1,3.0,3.0,105,66,1.4182570302998194,111.25780639048753,11.267983790080969,228.9758181713634,0,8,2,8,8,66,0.06304640215198387,0.03130162041243932,111.0,164.0
F3_19.13,N17,N24,800.0,1,2400.0,2391.6143941601863,32,26,32,7,8.38560583981382,3991.6143941601863,36.512438769264364,33.85328467439637,1,1,8.0,8.0,95,50,11.003848745059795,33.30701282120526,10.597557719606534,289.0683799898778,0,5,0,5,0,65,0.04203093476798924,0.02206624075319435,143.0,180.0
F8_7.22,N17,N16,800.0,1,2400.0,2391.995660483957,25,10,22,25,8.004339516042592,3991.995660483957,36.508280994153324,33.890372415441306,-1,-1,24.0,24.0,110,116,11.819244573639686,13.003426845311424,11.296253884774574,209.31869663681815,0,3,5,9,5,57,0.0672494956287828,0.029421654337592466,138.0,166.0
F4_13.20,N17,N24,800.0,1,2400.0,2399.8853585284774,31,25,31,8,0.11464147152264559,3999.8853585284774,36.52868661734581,33.86543667529045,-1,1,29.0,29.0,91,52,8.288401551805247,88.52088213045022,9.040913195361897,276.3103640650089,0,0,0,6,6,64,0.035726294552790853,0.017863147276395427,194.0,174.0
F4_16.27,N17,N24,800.0,1,2400.0,2392.7213883018962,31,26,31,7,7.278611698103646,3992.7213883018962,36.51227836826186,33.85328467439637,-1,1,9.0,9.0,95,48,7.837822278932795,36.772003915065625,8.903957393974505,290.0490507254135,0,0,0,9,9,64,0.03992938802958978,0.02206624075319435,190.0,149.0
F8_9.14,N17,N24,800.0,1,2400.0,2324.847809523647,26,18,26,10,75.1521904763531,3924.847809523647,36.60841029651165,33.87353247896305,-1,-1,16.0,16.0,96,47,7.062209440067954,126.88292132134393,12.384138299225167,255.80049714177835,0,15,0,18,1,54,0.08196032279757902,0.01786314727639543,205.0,192.0
F3_18.23,N17,N24,800.0,1,2400.0,2396.576131076231,37,18,37,7,3.423868923768964,3996.576131076231,36.51076259398099,33.8544959031698,-1,-1,29.0,29.0,107,64,8.366466607099078,117.9288484086992,9.06437138191141,306.98808078288016,0,8,0,9,2,62,0.054640215198386015,0.0304724277067922,203.0,185.0
F3_12.19,N17,N24,800.0,1,2400.0,2392.8954720527745,45,15,45,7,7.104527947225506,3992.8954720527745,36.45207909331458,33.805212090603135,1,1,5.0,5.0,105,76,10.020726363010121,56.56535409212552,10.054297375235185,262.3311650914045,0,1,0,6,1,67,0.05253866845998655,0.04105899627692675,161.0,165.0
F3_18.24,N17,N24,800.0,1,2400.0,2395.5470267053533,44,10,44,8,4.452973294646654,3995.5470267053533,36.437268289330426,33.84559104006816,1,1,18.0,18.0,90,74,10.490242685171118,182.03521821596678,11.686905675183349,264.48912726198097,0,0,0,3,3,62,0.05043712172158709,0.04623402824478817,152.0,177.0
F8_15.13,N17,N24,800.0,1,2400.0,2091.1304337765596,46,10,46,7,308.86956622344064,3691.1304337765596,36.42359632575296,33.85384207043672,-1,-1,10.0,10.0,96,72,7.102679024611447,141.8281006659954,12.036876836247743,233.79364122566668,0,8,4,12,12,63,0.0609448554135844,0.0487178411997196,189.0,179.0
F3_12.20,N17,N24,800.0,1,2400.0,2394.4213890768874,43,8,43,9,5.578610923112592,3994.4213890768874,36.36547895032877,33.77561479309627,-1,-1,40.0,40.0,96,83,10.28771269914771,31.618840435744914,8.965213459839934,248.40155316788383,0,1,0,7,3,60,0.05674176193678548,0.052538668459986546,152.0,172.0
F8_2.24,N17,N16,800.0,1,2400.0,2389.66121780027,11,11,22,11,10.338782199729849,3989.66121780027,36.35382374804362,33.73895691372947,-1,-1,14.0,14.0,111,108,7.812042707135368,12.138151379260535,10.159686504385256,260.1622511944145,0,12,2,14,6,44,0.07145258910558171,0.014710827168796235,173.0,145.0
F8_9.17,N17,N16,800.0,1,2400.0,2396.3912830972085,10,10,28,10,3.6087169027916843,3996.3912830972085,36.482213696134956,33.83071325749591,1,1,37.0,37.0,98,123,6.286311648948718,47.12029252676189,8.839424937639322,250.64899646069503,0,5,0,10,3,48,0.06527637267779067,0.026311391263203292,172.0,213.0
F8_7.23,N17,N16,800.0,1,2400.0,2391.1382666237637,9,11,22,9,8.861733376236316,3991.1382666237637,36.35880690076195,33.73625674838225,-1,-1,16.0,16.0,110,110,8.562805197827375,104.55909082137896,10.36069669531007,251.4463000030413,0,11,2,14,5,42,0.07355413584398117,0.014710827168796235,187.0,171.0
F8_13.17,N17,N16,800.0,1,2400.0,2390.133618589335,8,13,11,8,9.866381410664758,3990.133618589335,36.15476936135995,33.55565801177048,1,1,6.0,6.0,98,110,3.613698965833338,155.09976898489253,11.586922454180307,258.7200476685246,0,3,0,17,0,32,0.06098310814297725,0.013660053799596504,129.0,131.0
F8_9.19,N17,N24,800.0,1,2400.0,2395.236227753749,44,8,44,9,4.763772246250824,3995.236227753749,36.35590693947189,33.743239300890444,-1,-1,33.0,33.0,99,79,9.146275235951098,13.720430998219854,12.70656527583301,224.87578868264967,0,5,0,17,16,61,0.054640215198386015,0.058813909523080944,238.0,175.0
F8_14.20,N17,N24,800.0,1,2400.0,2390.8409901727828,46,8,46,9,9.159009827217346,3990.8409901727828,36.35590693947189,33.75349231737751,-1,-1,30.0,30.0,101,78,10.245456143273604,33.528814723913456,11.702807781971208,226.24931306112865,0,5,0,13,1,63,0.07355413584398117,0.05884330867518493,296.0,181.0
F3_18.25,N17,N24,800.0,1,2400.0,2395.9377628540024,45,3,45,13,4.062237145997756,3995.9377628540024,36.15476936135995,33.738789783862075,0,0,2.0,2.0,101,85,9.000890934213993,55.909242349254555,9.063629702277222,239.48865097808434,0,0,0,10,5,61,0.08406186953597848,0.048335574983187635,157.0,154.0
F4_16.1,N17,N24,800.0,1,2400.0,2377.5128710617214,6,0,6,52,22.487128938278488,3977.5128710617214,0.0,0.0,1,-1,36.0,36.0,9,11,10.03173315198157,40.13074789993925,8.61111283283408,210.7476399602561,0,0,0,3,3,58,0.035726294552790853,0.0010507733691997312,159.0,148.0
F4_18.0,N17,N24,800.0,1,2400.0,1670.5891496647164,8,0,8,56,729.4108503352837,3270.5891496647164,0.0,0.0,1,-1,20.0,20.0,12,17,10.820778894565507,248.16614043270266,9.258316395492145,214.61043720677944,0,0,0,0,0,64,0.0336247478143914,0.0010507733691997312,92.0,198.0
F4_17.0,N17,N24,800.0,1,2400.0,2399.783114143586,9,0,9,56,0.2168858564140237,3999.783114143586,0.0,0.0,1,-1,13.0,13.0,13,18,10.618602983587486,141.64718286763173,10.649336576443426,215.2998722170841,0,0,0,5,5,65,0.0336247478143914,0.0010507733691997312,151.0,149.0
F4_19.0,N17,N24,800.0,1,2400.0,2388.2300598390693,10,0,10,59,11.769940160930446,3988.2300598390693,0.0,0.0,1,-1,2.0,2.0,15,27,10.771055222109604,109.95539108212392,11.637043819948873,213.1518854926517,0,0,0,5,5,69,0.031523201075991936,0.0021015467383994624,145.00000000000006,147.0
F4_12.2,N17,N24,800.0,1,2400.0,2396.009809429899,8,0,8,55,3.990190570101049,3996.009809429899,0.0,0.0,1,-1,26.0,26.0,12,15,10.41995905071418,29.406302295681826,12.945422851300544,210.81125714138426,0,0,0,4,4,63,0.035726294552790853,0.0010507733691997312,163.00000000000006,153.0
F8_9.3,N17,N16,800.0,1,2400.0,2325.4541170851335,3,8,22,3,74.54588291486675,3925.4541170851335,0.0,0.0,-1,-1,30.0,30.0,10,2,9.453153927074522,200.0,9.453153927074522,259.38870000572206,0,0,0,0,0,33,0.0021015467383994624,0.0,161.0,162.0
F4_12.4,N17,N24,800.0,1,2400.0,2390.672218841552,14,0,14,67,9.327781158448033,3990.672218841552,34.11320754716981,34.687118645663226,1,-1,33.0,33.0,21,28,10.818596378252451,143.86049830821685,12.756056324057527,212.41912609219287,0,0,0,5,4,81,0.04103597613522429,0.006812823241492443,156.00000000000006,153.0
F4_16.0,N17,N24,800.0,1,2400.0,2391.7184866675075,3,0,3,47,8.281513332492636,3991.7184866675075,0.0,0.0,-1,1,16.0,16.0,4,8,10.641519007003545,273.37558361112247,10.248858073564683,225.70412614178943,0,1,0,2,2,50,0.031523201075991936,0.0,203.0,217.0
F8_9.0,N17,N16,800.0,1,2400.0,1612.370303821588,7,28,26,7,787.6296961784119,3212.370303821588,34.74213836477987,36.94736842105263,-1,-1,3.0,3.0,23,19,0.0,408.6702429189416,9.272531982779281,298.403457924587,0,2,0,0,0,61,0.023117014122394083,0.0010507733691997312,105.0,178.0
F8_7.0,N17,N16,800.0,-1,2400.0,1269.6409152025362,9,34,38,9,469.60048029338157,2869.6409152025362,35.5940826178109,37.68532989065165,-2,-1,27.0,27.0,32,23,8.281883819976875,63.52683970566943,7.881144780866318,290.31308888210486,0,0,0,3,3,81,0.00840618695359785,0.006304640215198387,51.0,178.0
F8_9.2,N17,N16,800.0,-1,2400.0,1264.4075707272777,8,28,36,8,464.40313657289795,2864.4075707272777,34.79964061096137,38.1840457913915,-2,0,2.0,2.0,28,21,7.776588220123754,200.0,7.776588220123754,284.831595903863,0,0,0,0,0,72,0.0021015467383994624,0.006304640215198386,57.0,179.0
F8_9.5,N17,N16,800.0,1,2400.0,1955.186735140379,6,23,24,6,444.8132648596209,3555.186735140379,34.11320754716981,36.94736842105263,-1,-1,20.0,20.0,22,13,3.8148472509097684,136.58238514584878,7.629694501819537,296.390781211376,0,2,0,2,2,53,0.023117014122394083,0.0010507733691997312,125.00000000000006,179.0
F4_19.3,N17,N24,800.0,1,2400.0,1803.2949975016077,16,0,16,75,596.7050024983926,3403.2949975016077,35.5940826178109,36.244316137291,1,-1,36.0,36.0,28,37,5.927092414994357,183.53524342646233,5.927092414994357,220.05032756015981,0,0,0,1,1,91,0.018913920645595158,0.012609280430396774,97.0,150.0
F4_18.2,N17,N24,800.0,1,2400.0,2397.7500268926733,15,0,15,67,2.2499731073266958,3997.7500268926733,34.11320754716981,35.088070920218485,1,-1,21.0,21.0,22,32,10.566390545378779,155.3466494091315,13.230841154441357,214.61459705188634,0,0,0,4,3,82,0.0402289988648946,0.01050773369199731,159.99999999999994,159.0
F4_12.0,N17,N24,800.0,1,2400.0,2046.7838033210019,10,0,10,59,353.2161966789982,3646.783803321002,0.0,0.0,1,-1,1.0,1.0,15,27,11.339032369775822,108.10901666906398,12.275285435458583,211.5411539238632,0,0,0,2,2,69,0.0336247478143914,0.0021015467383994624,167.99999999999994,211.0
F6_16.1,N17,N24,800.0,1,2400.0,2391.548465861475,17,0,17,74,8.451534138524835,3991.548465861475,35.28512029286126,36.23319087069939,1,-1,41.0,41.0,28,38,3.846049927065837,525.2821356767361,11.538149781197511,235.12897938404402,0,3,0,3,3,91,0.02271990725800535,0.011558507061197043,173.0,151.0
F4_19.5,N17,N24,800.0,1,2400.0,2343.293371275252,20,0,20,87,56.70662872474793,3943.293371275252,35.5940826178109,36.35991627306946,1,-1,21.0,21.0,33,36,11.473208081453535,78.99441604225194,13.521524019934661,220.5777598994477,0,0,0,5,3,107,0.021319413979340004,0.016812373907195696,154.0,155.0
F8_9.1,N17,N16,800.0,1,2400.0,1717.130071692363,7,25,24,7,682.869928307637,3317.130071692363,34.74213836477987,36.94736842105263,-1,-1,8.0,8.0,22,17,0.0,98.1306073124174,0.0,297.32881217521657,0,2,0,1,1,56,0.023117014122394083,0.0010507733691997312,126.0,234.0
F4_18.1,N17,N24,800.0,1,2400.0,2396.4716668628485,12,0,12,55,3.528333137151435,3996.4716668628485,0.0,34.71498401264287,-1,1,14.0,14.0,18,28,9.655019192704007,150.2797226723178,8.21001243877241,233.5089310196448,0,3,0,8,7,67,0.046234028244788165,0.0021015467383994624,218.0,203.0
F4_19.4,N17,N24,800.0,1,2400.0,2397.6445408449877,19,0,19,81,2.3554591550123405,3997.6445408449877,35.5940826178109,36.309473437526655,1,-1,27.0,27.0,32,38,11.343188153862963,40.50441476282185,11.55185100166753,216.74422421410995,0,0,0,7,7,100,0.05253866845998655,0.016812373907195696,169.0,154.0
F6_16.0,N17,N24,800.0,1,2400.0,2393.318555187464,17,0,17,74,6.681444812536142,3993.318555187464,35.151533619952936,36.244316137291,1,-1,40.0,40.0,28,37,8.961405845426233,105.69598018699912,11.791958966635786,235.25372389677432,0,1,0,7,6,91,0.05884330867518494,0.011558507061197043,179.0,160.0
F3_12.1,N17,N24,800.0,1,2400.0,2396.695746742304,25,0,25,94,3.3042532576960184,3996.695746742304,33.634554247627754,36.15515882070588,1,1,32.0,32.0,37,52,10.634234265628919,472.6756202805934,10.634234265628919,239.49720157786254,0,0,0,1,1,119,0.025218560860793545,0.022066240753194355,152.0,150.0
F8_7.1,N17,N16,800.0,1,2400.0,2067.0097513869105,8,28,34,8,332.9902486130894,3667.0097513869105,34.79964061096137,38.1840457913915,1,1,3.0,3.0,28,21,7.919071153543598,97.47886482927788,7.919071153543598,251.6844990450106,0,0,0,1,1,70,0.014710827168796235,0.006304640215198386,155.0,189.0
F8_9.4,N17,N16,800.0,1,2400.0,2394.5561467402304,7,25,23,7,5.443853259769867,3994.5561467402304,34.74213836477987,36.94736842105263,-1,-1,9.0,9.0,22,16,7.4911951769964835,413.2666085363537,10.792699482404613,296.86988502157476,0,2,0,4,4,55,0.023117014122394083,0.0010507733691997312,208.00000000000006,191.0
F4_16.2,N17,N24,800.0,1,2400.0,2394.5833367056575,23,0,23,91,5.4166632943423565,3994.5833367056575,34.95596689329099,36.15515882070588,0,-1,2.0,2.0,37,40,11.397084805260496,130.52590997162906,12.68010356651084,215.87217951225034,0,0,0,7,7,114,0.04833557498318763,0.021015467383994624,167.0,192.0
F4_15.6,N17,N24,800.0,1,2400.0,2393.690199600494,28,0,28,108,6.309800399506003,3993.690199600494,34.120621260923535,36.257241110348886,1,-1,26.0,26.0,42,55,10.052097005954142,57.21267636973016,10.746761702457157,226.33438024319042,0,0,1,3,3,136,0.02101546738399462,0.0336247478143914,180.0,134.0000000000001
F4_16.4,N17,N24,800.0,1,2400.0,1852.3712397010027,32,3,32,112,547.6287602989976,3452.3712397010027,33.352423048396304,36.00152510863005,-1,1,23.0,23.0,43,67,11.014997379392405,18.791689338268952,12.101688526207903,223.25841380486344,0,1,0,3,3,147,0.027320107599193007,0.03152320107599193,134.0,145.0000000000001
F3_18.5,N17,N24,800.0,1,2400.0,2394.5477990554323,35,3,35,114,5.452200944567721,3994.5477990554323,33.45744228000456,36.00152510863005,1,1,18.0,18.0,45,70,10.471938624884364,61.67093653293773,11.644596627793796,233.48259780045632,0,0,0,4,3,152,0.0336247478143914,0.02942165433759247,146.0,185.9999999999999
F4_15.5,N17,N24,800.0,1,2400.0,2392.5855135296097,29,3,29,110,7.414486470390557,3992.5855135296097,33.71007445176283,35.98476962109465,-1,1,40.0,40.0,43,62,10.030270076037873,85.2565192029806,8.990261276530855,219.74077778282816,0,0,0,8,7,142,0.05253866845998655,0.03362474781439139,160.0,201.0
F5_17.1,N17,N24,800.0,1,2400.0,2390.3605902660265,27,0,27,104,9.639409733973707,3990.3605902660265,33.81867168395544,36.287958319636665,1,-1,34.0,34.0,40,54,4.949291265975011,740.4498193635143,4.05200485107864,249.47812973120648,0,0,0,3,3,131,0.023117014122394083,0.026269334229993276,183.0,217.0
F5_17.0,N17,N24,800.0,1,2400.0,2398.6994357070066,27,0,27,104,1.3005642929933856,3998.6994357070066,33.81867168395544,36.287958319636665,1,-1,34.0,34.0,40,54,8.258247815266753,68.43448503950754,9.373406040625825,249.47812973120648,0,0,0,8,8,131,0.05253866845998655,0.026269334229993276,187.0,213.0
F4_18.8,N17,N24,800.0,1,2400.0,2392.856245898442,36,6,36,113,7.143754101558102,3992.856245898442,33.94690450866383,36.52966027333477,1,-1,14.0,14.0,55,79,11.243297570677614,210.19089294157175,10.323396609488428,214.42012589232402,0,0,2,8,8,155,0.05674176193678548,0.03992938802958978,148.0,161.0000000000001
F4_12.6,N17,N24,800.0,1,2400.0,2389.1353390369436,31,4,31,115,10.864660963056508,3989.1353390369436,33.933303961916636,36.28646783516199,1,-1,36.0,36.0,45,74,9.179734665348226,306.55412228656155,11.469348884478405,235.63433417707694,0,0,0,6,5,150,0.035726294552790853,0.03152320107599193,165.0,177.0
F4_19.8,N17,N24,800.0,1,2400.0,2297.0461115454154,36,7,36,118,102.95388845458433,3897.0461115454154,34.06560173284829,36.55505221136944,1,-1,0.0,0.0,58,78,11.247153419627258,59.723859349109034,11.891784487889288,215.96921060450993,0,0,3,6,6,161,0.0609448554135844,0.04203093476798925,152.0,208.0000000000001
F8_9.10,N17,N16,800.0,1,2400.0,2391.8863053480018,7,21,58,7,8.113694651998117,3991.8863053480018,33.864658001717125,35.78147169023315,-1,-1,20.0,20.0,55,50,9.29750201649964,9.59639388119058,8.71832852104146,253.56424329196895,0,0,0,3,1,86,0.0441324815063887,0.012609280430396774,208.0,168.0
F3_18.6,N17,N24,800.0,1,2400.0,2391.096612367225,48,7,48,123,8.903387632774866,3991.096612367225,33.995031945140475,36.489013565834675,1,1,8.0,8.0,69,100,9.642371685529477,59.42925602259538,11.320582139826172,242.34486197453415,0,0,0,9,5,178,0.05253866845998655,0.04260741647654059,157.0,198.0
F4_12.11,N17,N24,800.0,1,2400.0,2376.046818728964,51,6,51,131,23.953181271035987,3976.046818728964,33.61406215174267,35.54277287176866,1,-1,9.0,9.0,74,88,11.09141563179753,145.52417534959227,11.21817983187431,210.48320424853816,0,0,3,10,9,188,0.06304640215198387,0.05358944182918629,156.0,160.0
F3_17.1,N17,N24,800.0,1,2400.0,2394.9455038320843,55,5,55,134,5.054496167915659,3994.9455038320843,33.88350391549821,35.57474551288428,1,1,23.0,23.0,78,97,9.843217239816255,53.78535140120039,10.589485390115552,235.97044248911845,0,0,0,5,3,194,0.05674176193678548,0.05043712172158709,157.0000000000001,182.0
F4_19.9,N17,N24,800.0,1,2400.0,2396.2479122183645,52,5,52,130,3.7520877816356233,3996.2479122183645,33.734322515387404,35.48093622677005,-1,1,41.0,41.0,74,93,10.692257139880459,40.77000179409356,10.384938884961382,211.19790518437395,0,0,2,13,12,187,0.0672494956287828,0.05527023237227459,157.0,199.0
F8_17.8,N17,N24,800.0,1,2400.0,2392.609362410116,48,6,48,125,7.3906375898843635,3992.609362410116,33.47636807555099,35.457111336954696,-1,-1,24.0,24.0,70,91,7.363673958146168,28.90509989323732,11.506815575819374,271.7968608571558,0,3,3,6,6,179,0.04203093476798924,0.04938634835238736,215.0,175.0
F4_15.10,N17,N24,800.0,1,2400.0,2393.8112589769726,54,5,54,132,6.188741023027433,3993.8112589769726,33.82932410609416,35.54670580265387,-1,1,34.0,34.0,75,95,9.996951584297863,44.101232510710815,11.151107172489738,220.62770919488153,0,2,0,14,13,191,0.0672494956287828,0.05253866845998656,162.0000000000001,196.0
F8_1.7,N17,N16,800.0,1,2400.0,2396.1951100390606,7,23,66,7,3.8048899609391356,3996.1951100390606,33.47636807555099,36.5909205496612,-1,-1,22.0,22.0,72,90,7.661877425722658,16.7978277839552,10.467359750857748,273.5388629212261,0,4,1,7,0,96,0.0441324815063887,0.00945696032279758,208.0000000000001,190.0
F3_19.2,N17,N24,800.0,1,2400.0,2398.384014181995,56,5,56,139,1.615985818005015,3998.384014181995,33.93642089029077,35.28684516256023,1,1,0.0,0.0,83,102,9.565454340280565,100.72884161784532,10.724042239805488,238.69185696984638,0,0,0,7,4,200,0.05674176193678548,0.04938634835238736,162.0,171.0
F3_19.1,N17,N24,800.0,1,2400.0,2390.641581357421,61,5,61,139,9.358418642579068,3990.641581357421,33.997295173755724,35.0970535220739,-1,-1,37.0,37.0,92,101,9.756360825424576,64.93662217555016,9.657776332853599,242.26213845248478,0,0,1,8,5,205,0.05674176193678548,0.05253866845998656,156.0,172.0
F4_16.6,N17,N24,800.0,1,2400.0,2395.631404191543,51,6,51,131,4.3685958084569165,3995.631404191543,33.73138615233171,35.54287851378343,1,-1,5.0,5.0,74,90,10.958021641873351,55.35657891509527,11.382486441038443,209.7244146428003,0,0,3,12,11,188,0.06514794889038333,0.05358944182918629,183.0,198.0
F4_19.10,N17,N24,800.0,1,2400.0,2394.905733355011,62,5,62,139,5.094266644989034,3994.905733355011,33.997295173755724,35.0970535220739,1,-1,36.0,36.0,93,102,9.21057361949992,68.1282447584797,12.158426141190365,234.63005880446855,0,0,1,13,13,206,0.06935104236718224,0.05253866845998656,171.0000000000001,166.0
F8_14.6,N17,N24,800.0,1,2400.0,2391.2452332128055,50,6,50,130,8.754766787194399,3991.2452332128055,33.73138615233171,35.54287851378343,-1,-1,6.0,6.0,73,89,6.073615028553999,96.54098181435666,9.035757778489032,275.20572739595156,0,5,3,9,4,186,0.07145258910558171,0.05358944182918629,225.0000000000001,176.0
F3_18.4,N17,N24,800.0,1,2400.0,2394.090971645251,51,7,51,125,5.909028354749012,3994.090971645251,33.43947651466765,35.49293166896463,-1,-1,20.0,20.0,74,89,6.370770299545797,176.95217752445114,11.999517896457366,282.05180911242496,0,5,3,10,6,183,0.05253866845998655,0.05253866845998656,212.0,190.0
F4_18.11,N17,N24,800.0,1,2400.0,2391.827705250209,67,3,67,140,8.17229474979115,3991.827705250209,34.005034846781896,34.91997556633216,1,-1,12.0,12.0,101,109,11.210359640292967,47.5012266236929,10.402144379774517,211.00730808605508,0,0,2,10,10,210,0.05043712172158709,0.06409717552118359,155.9999999999999,222.0
F8_0.16,N17,N16,800.0,1,2400.0,2396.3947092089443,13,25,64,13,3.605290791055836,3996.3947092089443,33.997295173755724,37.386789355137246,-1,-1,41.0,41.0,86,100,9.95419913957239,10.8256769975103,8.844722232601313,255.74786178058636,0,0,0,8,7,102,0.054640215198386015,0.00840618695359785,226.0000000000001,175.0
F4_17.4,N17,N24,800.0,1,2400.0,2390.4765571583807,65,3,65,142,9.523442841619385,3990.4765571583807,33.910389960964324,34.90615752263823,1,-1,19.0,19.0,98,103,11.111358834495945,13.140373145489548,10.989663923050612,208.47405301464931,0,0,1,9,9,210,0.05253866845998655,0.061995628782784126,159.0,228.0
F8_0.17,N17,N16,800.0,1,2400.0,2183.649762293292,15,27,77,15,216.35023770670819,3783.649762293292,33.91366416407724,36.611456931840074,-1,-1,2.0,2.0,105,113,7.696331334753172,133.119663480177,9.66435722281492,294.5017341383656,0,10,1,9,9,119,0.06935104236718224,0.00840618695359785,193.0,171.0
F8_7.5,N17,N16,800.0,1,2400.0,2396.9198038658064,7,24,66,7,3.080196134193443,3996.9198038658064,33.88350391549821,36.5822873587655,1,1,26.0,26.0,76,108,9.582209819359898,374.75232830201776,10.5746329926666,273.6751745064264,0,1,0,2,2,97,0.05674176193678548,0.01050773369199731,206.0000000000001,216.0
F3_18.7,N17,N24,800.0,1,2400.0,2397.174248175924,65,3,65,142,2.825751824076292,3997.174248175924,33.910389960964324,34.90615752263823,-1,-1,19.0,19.0,98,103,9.978431885293809,37.623655376718034,12.355598155179747,240.66290396884744,0,0,1,10,6,210,0.06304640215198387,0.061995628782784126,200.0,195.0
F8_13.11,N17,N24,800.0,1,2400.0,2399.7072884766935,66,3,66,141,0.29271152330636596,3999.7072884766935,34.00628670296154,34.91997556633216,-1,-1,16.0,16.0,99,104,5.312382466259578,22.77372274496861,10.092586694942637,299.8534281697728,0,9,1,16,15,210,0.07355413584398117,0.06304640215198386,223.9999999999999,181.0
F3_17.4,N17,N24,800.0,1,2400.0,2399.473835497114,63,5,63,147,0.5261645028857629,3999.473835497114,33.32246144121555,34.4773621798812,-1,-1,32.0,32.0,102,106,10.04411494061338,36.16759889578384,10.463688278383158,244.64548591727652,0,0,5,9,4,215,0.06514794889038333,0.08301109616677875,149.0,187.0
F8_17.10,N17,N24,800.0,1,2400.0,2396.9884701947294,71,3,71,140,3.011529805270584,3996.9884701947294,33.96189171480892,34.82526349236642,-1,-1,4.0,4.0,106,111,7.939249994219978,77.33500017796041,8.764194744935068,293.49960334187193,0,10,3,12,0,214,0.06935104236718224,0.06935104236718224,230.0,171.0
F3_18.11,N17,N24,800.0,1,2400.0,2394.636837794442,66,5,66,152,5.363162205558069,3994.636837794442,33.3867061310856,34.323131291624115,-1,-1,22.0,22.0,105,100,9.41908289203283,69.92136936620523,10.814805714851357,245.61568281494164,0,0,9,10,6,223,0.06514794889038333,0.0882649630127774,196.0000000000001,187.0
F8_17.13,N17,N24,800.0,1,2400.0,2395.0888795354913,65,5,65,150,4.911120464508599,3995.0888795354913,33.34990961906782,34.41176048084841,-1,-1,27.0,27.0,103,102,4.250283242610499,21.871719830237907,9.536904422299116,327.28766409167025,0,12,7,16,14,220,0.05674176193678548,0.08626105745960966,236.0,149.0
F3_19.4,N17,N24,800.0,1,2400.0,2395.1109739234103,60,6,60,146,4.889026076589744,3995.1109739234103,33.149804348304606,34.38116346422782,1,1,19.0,19.0,106,113,10.071295795813475,12.403230633841986,9.927395483911045,240.62557721172635,0,0,0,15,8,212,0.07145258910558171,0.0746049092131809,179.0,142.0
F8_7.6,N17,N16,800.0,1,2400.0,2397.620227354361,13,25,70,13,2.37977264563915,3997.620227354361,33.441558066003644,36.08531430082165,1,1,0.0,0.0,95,115,5.806168865156295,83.65100826455023,9.471366308599807,283.69576335266726,0,1,0,12,0,108,0.05674176193678548,0.013660053799596504,179.9999999999999,220.0
F8_1.9,N17,N16,800.0,1,2400.0,2396.576635124684,14,25,71,14,3.423364875315997,3996.576635124684,33.42446038408431,36.08531430082165,0,0,2.0,2.0,95,115,7.934268127296126,494.9804684635153,8.659422115357868,285.6973276024192,0,1,0,4,4,110,0.05674176193678548,0.013660053799596504,182.0000000000001,218.0
F8_14.9,N17,N24,800.0,1,2400.0,2397.8872992872216,66,5,66,151,2.112700712778519,3997.8872992872216,33.373946976023646,34.32231233224633,-1,-1,23.0,23.0,105,101,4.724204757424589,10.385751608187093,7.557603991469219,326.67518785793976,0,12,9,19,16,222,0.0664398453005786,0.0882649630127774,235.9999999999999,149.0
F8_9.14,N17,N16,800.0,1,2400.0,2399.024998849343,18,23,68,18,0.9750011506570218,3999.024998849343,33.14297091025834,35.670472742633166,1,1,13.0,13.0,106,149,9.122498460810982,308.99833103757237,8.256721156387753,279.58077398388525,0,0,0,8,8,109,0.06304640215198387,0.0168123739071957,175.0,163.0
F8_0.18,N17,N16,800.0,1,2400.0,2393.5865838486443,17,25,74,17,6.413416151355932,3993.5865838486443,33.398718006004664,36.09066454961207,-1,-1,39.0,39.0,99,120,7.537034056701928,18.152543297411512,9.232150079370282,294.27359460359355,0,4,1,6,6,116,0.05884330867518494,0.014710827168796235,231.0,177.0
F4_14.13,N17,N24,800.0,1,2400.0,2092.161198750471,62,7,62,150,307.8388012495287,3692.161198750471,33.2644160361869,33.70606076396653,1,-1,2.0,2.0,121,111,10.481457118729404,11.367853497928536,9.532638180522321,228.30085519962734,0,0,10,5,5,219,0.046234028244788165,0.09562037659717552,147.0,151.0
F8_16.13,N17,N24,800.0,1,2400.0,2391.9935445717683,66,5,66,150,8.006455428231902,3991.9935445717683,33.34990961906782,34.341639935846686,-1,-1,25.0,25.0,106,100,5.285491839349006,118.72692104286443,9.636452857337884,331.5841264245095,0,12,7,7,0,221,0.05985949815110228,0.0882649630127774,243.0,165.0
F4_17.11,N17,N24,800.0,1,2400.0,2396.9559728474283,60,7,60,149,3.04402715257163,3996.9559728474283,33.2644160361869,33.770550964140156,1,-1,9.0,9.0,119,114,10.951483472592923,19.71689701703326,10.359160509059429,224.03532999955064,0,0,7,8,8,216,0.04833557498318763,0.09395781094447679,156.0,155.0
F3_18.8,N17,N24,800.0,1,2400.0,2394.2313038041525,65,5,65,148,5.768696195847497,3994.2313038041525,33.404999647813774,34.27563798256304,-1,-1,2.0,2.0,114,105,8.819725258740485,9.086346275089,7.468235052806838,258.87455802957413,0,3,16,14,8,218,0.0672494956287828,0.09246805648957633,204.0,181.0
F3_12.6,N17,N24,800.0,1,2400.0,2393.7798396902276,57,7,57,149,6.220160309772268,3993.7798396902276,33.2644160361869,33.862259280618794,-1,-1,19.0,19.0,109,117,6.315403433270581,10.855200340951797,9.355164465130283,293.40032667085876,0,7,2,14,7,213,0.07355413584398117,0.09351882985877606,193.0,188.0
F8_7.9,N17,N16,800.0,1,2400.0,2397.239588294898,18,22,81,18,2.760411705102001,3997.239588294898,33.25033677125346,35.780807896644134,-1,-1,28.0,28.0,103,152,4.87469530194441,10.631137757116221,9.09594409006162,306.69765640717395,0,7,0,16,2,121,0.05884330867518494,0.01996469401479489,214.0,171.0
F8_7.10,N17,N16,800.0,1,2400.0,2390.5880033181966,21,21,74,21,9.411996681803203,3990.5880033181966,32.846566895087,35.211943818089374,1,1,6.0,6.0,104,175,9.437702954923713,279.99039519184817,7.675778658245936,288.4896010851336,0,0,0,9,7,116,0.06304640215198387,0.026269334229993276,165.0,158.0
F8_7.8,N17,N16,800.0,1,2400.0,2397.5523445201416,20,23,82,20,2.4476554798586676,3997.5523445201416,33.25033677125346,35.702695391750915,-1,-1,26.0,26.0,106,153,4.977877451745527,10.309289634152265,8.292093086768201,310.00246699407853,0,8,0,17,3,125,0.0609448554135844,0.01996469401479489,214.0,172.0
F4_13.16,N17,N24,800.0,1,2400.0,2390.2113653481592,58,7,58,150,9.788634651840539,3990.2113653481592,33.2644160361869,33.77958695283336,1,-1,11.0,11.0,116,115,11.506746143506708,195.2848656540416,11.300844230668304,222.03556273401864,0,0,5,8,8,215,0.050941906255053265,0.09351882985877606,164.0,210.0
F8_9.12,N17,N16,800.0,1,2400.0,2398.7537946292778,19,24,79,19,1.246205370722123,3998.7537946292778,33.3867061310856,36.109814336278816,-1,-1,21.0,21.0,107,123,4.553559174959565,9.69561528139866,8.295669705645867,338.8230944878387,0,12,1,20,3,122,0.0672494956287828,0.014710827168796235,229.0,234.0
F8_16.15,N17,N24,800.0,1,2400.0,2396.4221933838926,54,9,54,152,3.5778066161076367,3996.4221933838926,33.18923542811254,34.103962145005966,-1,-1,33.0,33.0,101,119,6.24235084940467,10.499489381019202,9.070566467638777,298.0034929132747,0,6,1,14,12,215,0.06256889915407021,0.09052396292662393,240.0,171.0
F8_11.14,N17,N24,800.0,1,2400.0,2312.182183298879,53,9,53,152,87.81781670112093,3912.182183298879,33.23418415499841,33.97143905129763,-1,-1,31.0,31.0,100,115,4.8782868429771815,91.1175842968023,9.982949770627663,309.4003743546096,0,6,1,12,10,214,0.0609448554135844,0.09246805648957633,228.0,185.0
F3_18.10,N17,N24,800.0,1,2400.0,2394.448286527007,56,7,56,149,5.551713472993129,3994.448286527007,33.2644160361869,33.86593317977521,-1,-1,21.0,21.0,107,118,6.352489344877636,16.48869647925744,9.111332803275138,292.3013818062829,0,7,2,13,6,212,0.07355413584398117,0.09246805648957633,203.0,191.0
F8_1.14,N17,N16,800.0,1,2400.0,2399.199578414688,21,27,81,21,0.8004215853120513,3999.199578414688,33.2644160361869,35.704018126789514,-1,-1,19.0,19.0,109,158,5.356156165087154,73.9631993606863,9.692410593989168,330.0724959854902,0,12,1,11,10,129,0.06820511313663155,0.019964694014794893,217.0,171.0
F3_19.3,N17,N24,800.0,1,2400.0,2397.4272837192475,56,7,56,151,2.5727162807526156,3997.4272837192475,33.256866672268295,33.922301965959406,-1,-1,24.0,24.0,106,118,6.548409209678315,293.8958060906223,9.383652342080609,281.24485953763576,0,5,2,12,5,214,0.07145258910558171,0.09246805648957633,205.0,192.0
F8_13.12,N17,N24,800.0,1,2400.0,2396.2622368802204,66,5,66,152,3.7377631197798564,3996.2622368802204,33.4106278119413,34.322818241329166,-1,-1,18.0,18.0,109,100,4.655230192123292,14.70889718972603,8.937549758650556,336.23858377939445,0,13,11,21,17,223,0.06935104236718224,0.09036650975117687,303.9999999999999,182.0
F3_17.3,N17,N24,800.0,1,2400.0,2399.3383169911663,48,7,48,138,0.6616830088336201,3999.3383169911663,32.80860857697275,33.38519323560212,-1,-1,36.0,36.0,102,113,9.867918103905534,101.89232362183884,11.265654886683373,248.91021562675587,0,0,1,9,5,193,0.05674176193678548,0.08406186953597848,162.0,170.0
F8_11.12,N17,N24,800.0,1,2400.0,2397.265127867791,54,8,54,152,2.7348721322092615,3997.265127867791,33.23418415499841,33.97143905129763,-1,-1,30.0,30.0,101,115,5.195679160133314,19.460648870628347,8.562976637247145,310.75278479782287,0,6,2,15,13,214,0.0609448554135844,0.09246805648957633,251.0,171.0
F8_15.16,N17,N24,800.0,1,2400.0,2395.6538810527727,48,7,48,138,4.34611894722741,3995.6538810527727,32.80860857697275,33.38519323560212,-1,-1,36.0,36.0,102,113,4.701390345186108,165.85169568192987,10.274632587800316,311.66441034152786,0,4,1,12,11,193,0.05884330867518494,0.08406186953597848,220.0,167.0
F3_19.5,N17,N24,800.0,1,2400.0,2395.409803637898,46,6,46,137,4.590196362101665,3995.409803637898,32.90031813865528,33.36727651683943,-1,-1,24.0,24.0,99,116,6.566235478852013,106.86629100943856,9.616898714536427,292.19254112215054,0,1,6,10,6,189,0.0609448554135844,0.09036650975117687,205.0,176.0
F8_17.15,N17,N24,800.0,1,2400.0,2396.0652296437215,53,6,53,124,3.9347703562784773,3996.0652296437215,32.39791479090153,33.247786549366985,1,1,12.0,12.0,102,118,4.078645370636304,11.442048065255904,10.117847306675435,298.8019716589222,0,2,0,13,11,183,0.0702678896195898,0.07384695019733137,178.0,160.0
F8_13.13,N17,N24,800.0,1,2400.0,2397.4199769683,62,7,62,150,2.580023031699966,3997.4199769683,33.2644160361869,33.70606076396653,-1,-1,3.0,3.0,121,111,4.898653229934247,47.35606955702701,8.990041585451104,330.5652044538457,0,15,10,19,15,219,0.06935104236718224,0.09562037659717552,232.0,219.0
F3_18.12,N17,N24,800.0,1,2400.0,2398.503091322568,47,7,47,134,1.4969086774320886,3998.503091322568,32.89648699763973,33.376838853219034,-1,-1,20.0,20.0,99,117,6.333445542786726,37.53346216642194,10.033187327372126,308.0898496554662,0,7,6,11,7,188,0.06304640215198387,0.0914172831203766,202.0,180.0
F8_2.10,N17,N16,800.0,1,2400.0,2392.6638264594103,22,21,78,22,7.336173540589698,3992.6638264594103,32.39791479090153,34.82434986431453,1,1,12.0,12.0,102,211,9.32614161493805,235.4250565693103,8.947891177954927,298.8019716589222,0,2,0,9,9,121,0.05674176193678548,0.02942165433759247,172.0,164.0
F4_13.17,N17,N24,800.0,1,2400.0,2398.84197764925,53,5,53,128,1.1580223507497749,3998.84197764925,32.8850947274014,33.25418258547903,0,-1,0.0,0.0,112,127,10.507488092148657,41.80698421909915,8.838031814594,230.4382756657051,0,0,13,6,6,186,0.054640215198386015,0.09246805648957633,176.0,190.0
F8_1.15,N17,N16,800.0,1,2400.0,2396.9873794672894,20,21,79,20,3.0126205327106845,3996.9873794672894,32.80860857697275,35.01633675014849,-1,-1,35.0,35.0,103,174,6.32571875599532,14.052372318800508,10.209312101063304,310.4644925551642,0,5,1,11,9,120,0.06326486722177788,0.027320107599193007,227.0,177.0
F4_18.12,N17,N24,800.0,1,2400.0,2396.254161378409,52,5,52,130,3.7458386215906785,3996.254161378409,32.93403663973468,33.29364320248456,1,-1,2.0,2.0,114,127,10.885963801276475,64.6941680773632,10.534785532867366,231.33042099732853,0,0,11,5,5,187,0.054640215198386015,0.09246805648957633,181.0,191.0
F4_18.14,N17,N24,800.0,1,2400.0,2393.1882636461737,57,9,57,130,6.811736353826291,3993.1882636461737,32.31512872129389,32.92449115238365,1,-1,6.0,6.0,115,128,9.855222132019406,12.066030260974912,10.345492017937964,227.6824467194044,0,0,14,8,7,196,0.049289782556355244,0.0809095494283793,167.0,144.0
F4_16.15,N17,N24,800.0,1,2400.0,2395.020030635513,54,8,54,130,4.979969364486919,3995.020030635513,32.32376707491558,32.92734579627197,1,-1,10.0,10.0,109,127,9.521006488012953,12.79762560322979,10.71066833526685,235.34696782083614,0,0,13,6,5,192,0.04203093476798924,0.0809095494283793,167.0,144.0
F8_14.11,N17,N24,800.0,1,2400.0,2394.74733624936,60,7,60,142,5.252663750639954,3994.74733624936,33.0575058139609,33.55269181734361,1,1,35.0,35.0,117,108,5.460365626445652,95.65105966397005,8.420366622444742,303.9107787494771,0,5,3,20,15,209,0.0777956167430651,0.09458940301499574,283.0,182.0
F8_9.16,N17,N16,800.0,1,2400.0,2396.3746953880013,26,25,83,26,3.6253046119987857,3996.3746953880013,32.96867959796906,34.94351724711645,-1,-1,8.0,8.0,110,195,3.556069999715398,42.68876247125945,8.41542052981399,352.6969867328916,0,17,4,15,13,134,0.0777572293207801,0.027320107599193007,213.0,184.0
F8_9.15,N17,N16,800.0,1,2400.0,2397.2178108982043,24,26,81,24,2.7821891017958933,3997.2178108982043,32.96312248958195,34.931441994537195,-1,-1,14.0,14.0,104,187,3.6460540683173965,16.67627074490474,8.480143179178393,349.08600704558387,0,17,2,15,12,131,0.0777572293207801,0.027320107599193007,216.0,189.0
F4_19.14,N17,N24,800.0,1,2400.0,2380.9253197731377,51,6,51,124,19.074680226862142,3980.9253197731377,32.36498733662285,33.2654528794861,-1,1,9.0,9.0,101,119,6.654541457281387,10.791744419137785,8.970397628832936,240.57498951846577,0,3,0,6,6,181,0.05116214694393269,0.07460490921318091,203.0,212.0
F3_17.7,N17,N24,800.0,1,2400.0,2391.668264322759,48,9,48,130,8.331735677241,3991.668264322759,32.32256445334349,33.0088104238211,-1,-1,29.0,29.0,97,121,7.225523324940428,10.765917645696163,9.612266276967585,277.65857217788573,0,3,5,11,3,187,0.05674176193678548,0.07670645595158038,209.0,192.0
F4_19.15,N17,N24,800.0,1,2400.0,2396.337004456453,60,9,60,129,3.6629955435470265,3996.337004456453,32.22061192860173,32.911519969159116,-1,1,39.0,39.0,121,128,10.603913394095189,14.686773044817528,11.863031283526363,230.15706671631898,0,0,16,9,9,198,0.04833557498318763,0.08138535219467793,161.0,204.0
F8_7.11,N17,N16,800.0,1,2400.0,2398.4066623612757,28,20,79,28,1.5933376387241651,3998.4066623612757,32.876558023753994,34.90064395079189,1,1,41.0,41.0,113,198,4.779647264910729,58.02914109978292,9.315857824969129,336.82033884547735,0,16,4,17,15,127,0.08554236194934987,0.027320107599193007,211.0,229.0
F4_7.23,N17,N16,800.0,1,2400.0,2393.331073549888,29,24,79,29,6.668926450111826,3993.331073549888,32.27128827895123,34.41396149039426,-1,1,41.0,41.0,122,228,9.553769715100264,27.45534844655981,10.785105533267833,228.60472161166012,0,0,1,11,1,132,0.07145258910558171,0.03001755267887328,173.0,183.0
F8_16.16,N17,N24,800.0,1,2400.0,2396.681638128045,50,9,50,130,3.3183618719549486,3996.681638128045,32.33859586824647,33.02957305746266,-1,-1,19.0,19.0,101,125,6.084344303163147,7.299718097302275,6.003990870582593,284.3647610634789,0,5,8,11,9,189,0.05884330867518494,0.08090954942837929,221.0,189.0
F8_13.17,N17,N24,800.0,1,2400.0,2399.8026819247693,50,8,50,132,0.1973180752306689,3999.8026819247693,32.32649093286872,33.02957305746266,-1,-1,21.0,21.0,99,122,6.913203804147225,354.7976603425184,10.466754694270954,286.1283685354991,0,5,8,9,0,190,0.06304640215198387,0.07906188756257092,229.0,177.0
F4_16.18,N17,N24,800.0,1,2400.0,2395.927176806499,67,9,67,132,4.072823193500767,3995.927176806499,32.12898459382962,32.81995018591326,-1,1,31.0,31.0,124,119,9.650871351853983,10.466362197555554,8.391804809515383,228.78753854104994,0,0,3,15,13,208,0.07565568258238063,0.07628967229012126,204.0,178.0
F4_13.22,N17,N24,800.0,1,2400.0,1840.3575684455532,71,11,71,139,559.6424315544467,3440.357568445553,31.619911334662877,32.529327259587276,1,-1,39.0,39.0,127,99,4.657789513869993,39.171024787104216,11.512684773111364,260.0057676688008,0,6,0,9,7,221,0.07985877605917956,0.0746049092131809,99.0,159.0
F4_18.15,N17,N24,800.0,1,2400.0,2399.7184278432114,68,9,68,132,0.28157215678879766,3999.7184278432114,32.12898459382962,32.8227832599273,-1,1,30.0,30.0,126,118,10.273716893187238,12.404475674873993,10.456949064179913,229.22176411178424,0,0,2,13,13,209,0.05674176193678548,0.07565568258238063,214.0,167.0
F4_13.20,N17,N24,800.0,1,2400.0,2396.7816055619405,66,10,66,132,3.2183944380592493,3996.7816055619405,32.008165478349824,32.82572940615732,-1,1,25.0,25.0,118,115,9.3441140038726,44.89055669405366,7.915176669243091,228.21253746489424,0,0,0,15,13,208,0.07985877605917956,0.070464350397131,212.0,217.0
F4_13.21,N17,N24,800.0,1,2400.0,2397.289994440584,66,10,66,137,2.7100055594158903,3997.289994440584,31.911169542281083,32.748601985690414,1,-1,14.0,14.0,127,112,11.015616390220647,23.881647306551713,11.565877662769958,219.25198718606694,0,0,4,13,10,213,0.06935104236718224,0.08117179072734171,169.0,215.0
F4_16.16,N17,N24,800.0,1,2400.0,2395.822211760429,65,9,65,131,4.177788239570759,3995.822211760429,32.15769699099402,32.825625267257394,-1,1,33.0,33.0,124,121,9.731752979851334,11.831100995330871,9.255639889296129,226.66713775807136,0,0,7,14,12,205,0.07565568258238063,0.07683096110172105,234.0,208.0
F8_15.20,N17,N24,800.0,1,2400.0,2395.0393657490426,58,9,58,130,4.960634250957241,3995.0393657490426,32.3004843888436,32.92605314944914,-1,-1,4.0,4.0,115,129,5.49027901202074,9.555292747984595,8.020254388647185,311.65108415026515,0,12,16,15,13,197,0.07565568258238063,0.08196032279757902,278.0,198.0
F8_7.13,N17,N16,800.0,1,2400.0,2390.5532090029246,23,50,80,23,9.446790997075368,3990.5532090029246,31.633011617954445,33.55896952631084,1,1,10.0,10.0,128,248,9.668974423657497,82.03135220254558,11.203883159073374,304.3981020793812,0,4,0,8,8,153,0.07355413584398117,0.03467552118359112,165.0,174.0
F8_11.15,N17,N24,800.0,1,2400.0,2133.5587438123594,63,12,63,136,266.4412561876404,3733.5587438123594,31.911169542281083,32.76293077573572,-1,-1,22.0,22.0,119,115,5.542071479820608,233.6648940815985,8.915827433120395,293.416814662112,0,4,3,13,10,211,0.08196032279757902,0.07565568258238063,219.0,191.0
F8_14.15,N17,N24,800.0,1,2400.0,2399.1192053928407,60,9,60,130,0.8807946071591459,3999.1192053928407,32.257637849647985,32.921200641870975,-1,-1,0.0,0.0,121,128,5.164691786280753,26.546032469738066,7.615113566082248,318.34790622650996,0,13,21,17,15,199,0.07565568258238063,0.08301109616677876,276.0,205.0
F4_15.20,N17,N24,800.0,1,2400.0,2394.9230698642095,64,10,64,144,5.076930135790576,3994.9230698642095,31.557816580569853,32.50657626967867,1,-1,14.0,14.0,124,102,10.99122613818521,13.715123516694575,11.89096341250455,219.4508561029475,0,0,7,8,8,218,0.0441324815063887,0.0914172831203766,160.0,159.0
F4_1.15,N17,N16,800.0,1,2400.0,2123.4147192693686,30,64,76,30,276.58528073063144,3723.4147192693686,31.568258920894387,33.022775696544514,-1,1,31.0,31.0,122,270,8.901296302175371,10.387813228514005,9.70334110987966,222.20942542133824,0,1,0,8,1,170,0.07145258910558171,0.03257397444519167,133.0,153.0
F3_17.6,N17,N24,800.0,1,2400.0,2399.3674915718234,65,7,65,142,0.6325084281766067,3999.3674915718234,31.568258920894387,32.610305037152585,1,1,30.0,30.0,123,100,8.606177499577209,74.61278304442749,10.023541114426546,243.5587184648133,0,0,0,6,2,214,0.0441324815063887,0.0858970539151866,155.0,139.0
F8_16.18,N17,N24,800.0,1,2400.0,2398.9663211577636,62,12,62,136,1.033678842236327,3998.9663211577636,31.911169542281083,32.76293077573572,-1,-1,23.0,23.0,118,115,7.120221415248367,103.27476388105174,9.703499707074753,293.6422965185237,0,4,3,19,14,210,0.07985877605917956,0.07360863386663519,239.0,179.0
F4_17.15,N17,N24,800.0,1,2400.0,1827.302203110794,64,9,64,148,572.697796889206,3427.302203110794,31.506327613795257,32.624578189211114,-1,1,10.0,10.0,115,104,3.575686811959388,14.222711637424709,10.727060435878164,237.52418362533103,0,4,0,3,3,221,0.054640215198386015,0.07880800268997983,106.0,167.0
F8_15.19,N17,N24,800.0,1,2400.0,2397.039137494521,60,9,60,129,2.960862505478758,3997.039137494521,32.28546944302941,32.91271910093949,-1,-1,1.0,1.0,117,127,5.1985484781829125,18.421667554861642,8.216706735585035,314.6156406085623,0,12,18,16,14,198,0.07565568258238063,0.08301109616677876,296.0,181.0
F4_15.21,N17,N24,800.0,1,2400.0,2396.1786316352373,62,10,62,145,3.821368364762975,3996.1786316352373,31.612761350490356,32.58597492087513,0,-1,1.0,1.0,121,99,11.010188048900218,147.59202765905866,11.633807654667272,219.9136955717848,0,0,13,6,6,217,0.03992938802958978,0.09667114996637526,150.0,162.0
F4_11.14,N17,N24,800.0,1,2400.0,2353.2797289542586,63,11,63,144,46.72027104574158,3953.2797289542586,31.545180718157035,32.508747146381005,1,-1,16.0,16.0,121,100,11.109893646681028,13.741866005780366,11.244059349113002,219.60980596460504,0,0,6,5,5,218,0.0441324815063887,0.0914172831203766,173.0,197.0
F4_1.14,N17,N16,800.0,1,2400.0,2390.012710781098,29,60,77,29,9.987289218901765,3990.012710781098,31.619386484851482,33.06539026114876,1,-1,8.0,8.0,120,268,10.427524601949772,30.198834739380345,11.032340109535824,220.36606543711426,0,0,3,11,3,166,0.0701067338032006,0.035726294552790853,166.0,201.0
F4_14.16,N17,N24,800.0,1,2400.0,2395.659049635164,63,12,63,144,4.340950364835749,3995.659049635164,31.53062641310582,32.51805344631934,1,-1,22.0,22.0,118,97,10.809065238249898,421.4120224530027,9.334948021510652,221.36608838827948,0,0,5,5,5,219,0.0441324815063887,0.0882649630127774,181.0,207.0
F4_13.24,N17,N24,800.0,1,2400.0,2395.875338364542,64,10,64,146,4.124661635457869,3995.875338364542,31.601348971039396,32.598290830002774,-1,1,40.0,40.0,123,100,9.353380566964232,41.179100996117995,9.411291210500016,223.9654291631653,0,1,11,11,8,220,0.05884330867518494,0.09474951833874942,158.0,205.0
F8_14.16,N17,N24,800.0,1,2400.0,2398.173415725366,65,11,65,136,1.8265842746340013,3998.173415725366,31.911169542281083,32.77078773987228,-1,-1,19.0,19.0,125,115,6.3103590587559495,12.44181698533339,10.00308809621585,304.30648109793657,0,6,3,21,15,212,0.08196032279757902,0.0777572293207801,289.0,201.0
F4_18.17,N17,N24,800.0,1,2400.0,2392.106201709671,73,9,73,129,7.893798290328846,3992.106201709671,31.737748428214466,32.5735519109581,-1,1,23.0,23.0,132,100,8.944267384702343,16.776987672514224,9.23984253138297,243.33184688227885,0,6,0,18,15,211,0.09036650975117687,0.0761295148385018,215.0,217.0
F8_2.14,N17,N16,800.0,1,2400.0,2396.460205413929,26,38,80,26,3.539794586071025,3996.460205413929,31.911169542281083,33.84848355369947,-1,-1,20.0,20.0,122,229,7.03331887231041,44.91273127151794,9.625140884633415,299.3469774526489,0,5,4,9,7,144,0.05884330867518494,0.035726294552790853,234.0,233.0
F8_15.22,N17,N24,800.0,1,2400.0,2396.91699314001,68,9,68,137,3.083006859989837,3996.91699314001,31.907347104833814,32.74185129640726,-1,-1,7.0,7.0,130,111,5.920158693464462,16.512592519784903,8.978455231257492,330.2775979104063,0,12,4,21,17,214,0.08406186953597848,0.084490578511169,289.0,188.0
F8_2.19,N17,N16,800.0,1,2400.0,2392.0726688064065,30,62,78,30,7.927331193593545,3992.0726688064065,31.619386484851482,33.06539026114876,-1,-1,7.0,7.0,122,269,4.749324660431838,49.26735537234481,9.324409252360375,329.8063027364629,0,18,3,12,12,170,0.09273755560208306,0.035726294552790853,193.0,197.0
F4_0.16,N17,N16,800.0,1,2400.0,2339.85189091454,28,73,87,28,60.14810908546008,3939.85189091454,31.482861182571646,32.62110537661689,-1,0,1.0,1.0,116,289,9.18065654432184,111.02854338241741,11.30652188189139,241.3021732175908,0,4,0,14,3,188,0.10412335178786804,0.037827841291190316,173.0,170.0
F4_14.18,N17,N24,800.0,1,2400.0,2390.7141029811087,58,12,58,153,9.285897018891319,3990.7141029811087,31.494166021332095,32.53224643301119,1,-1,32.0,32.0,109,98,9.789324898688546,46.135530708648275,12.058406445329226,235.6606161904415,0,0,1,12,8,223,0.0945696032279758,0.0882649630127774,169.0,159.0
F4_9.15,N17,N24,800.0,1,2400.0,2394.4423693286267,72,9,72,131,5.5576306713733175,3994.4423693286267,31.759377718241783,32.56602250478947,-1,1,26.0,26.0,133,101,9.136615648745096,49.08079761451836,9.7060972615884,240.1930444824813,0,6,0,16,13,212,0.08196032279757902,0.07670645595158038,226.0,218.0
F8_14.19,N17,N24,800.0,1,2400.0,2395.3139983156802,61,11,61,144,4.686001684319649,3995.3139983156802,31.619386484851482,32.53270017347478,-1,-1,7.0,7.0,122,101,3.023015241444979,10.244978016490904,8.040994757407114,329.8063027364629,0,18,8,18,16,216,0.0882649630127774,0.0914172831203766,219.0,178.0
F8_16.19,N17,N24,800.0,1,2400.0,2394.3075862608425,60,11,60,146,5.692413739157473,3994.3075862608425,31.619386484851482,32.502208749925316,-1,-1,9.0,9.0,119,101,2.695054606374768,19.948143770108572,9.96750816527961,330.73240884806177,0,18,7,17,15,217,0.08616341627437794,0.0914172831203766,215.0,181.0
F8_9.20,N17,N16,800.0,1,2400.0,2397.32105465362,25,56,81,25,2.678945346380033,3997.32105465362,31.61095554188729,33.26036567926899,-1,-1,37.0,37.0,126,249,7.168140008870627,36.14003414125318,9.506264036303394,302.9174200110915,0,5,0,10,10,162,0.07985877605917956,0.03362474781439139,232.0,185.0
F4_15.22,N17,N24,800.0,1,2400.0,2110.8677646289098,67,14,67,145,289.1322353710901,3710.8677646289098,31.464320941552167,32.48328022153231,-1,1,31.0,31.0,133,117,7.685577377719602,12.485892003141089,10.73332124026142,254.4148657479325,0,5,0,10,7,226,0.08196032279757902,0.09164933380093102,140.0,154.0
F4_13.27,N17,N24,800.0,1,2400.0,2398.79409414207,59,12,59,150,1.2059058579299062,3998.79409414207,31.51294950783064,32.5172068278286,1,-1,21.0,21.0,112,102,11.731690488787297,12.20716039330705,10.50663749592549,230.50989986926777,0,0,4,10,9,221,0.08196032279757902,0.09562037659717552,171.0,154.0
F3_18.13,N17,N24,800.0,1,2400.0,2399.239676152859,62,13,62,149,0.7603238471413079,3999.239676152859,31.51294950783064,32.5172068278286,-1,-1,18.0,18.0,118,105,8.743521603258046,9.612883664370656,7.884495763468489,269.07932721830605,0,2,6,9,2,224,0.037827841291190316,0.09562037659717552,204.0,162.0
F8_2.21,N17,N16,800.0,1,2400.0,2399.530793924026,27,77,93,27,0.46920607597394337,3999.530793924026,31.51294950783064,32.414172595567315,-1,-1,22.0,22.0,110,283,6.076359437239164,11.939326673360938,10.378720664959559,298.2721016731731,0,8,1,8,7,197,0.09246805648957633,0.04000083110424165,207.0,177.0
F8_16.21,N17,N24,800.0,1,2400.0,2395.4102042308846,62,12,62,151,4.589795769115426,3995.4102042308846,31.582420890245462,32.50211637403936,-1,-1,10.0,10.0,126,113,5.113788934534926,17.430234803673102,9.387047784913552,300.4016515218235,0,10,7,20,16,225,0.10717888365837257,0.09667114996637526,224.0,169.0
F8_0.26,N17,N16,800.0,1,2400.0,2395.8136570889346,29,65,77,29,4.186342911065253,3995.8136570889346,31.547019570041588,32.98449742591152,1,1,22.0,22.0,118,270,8.463165521629671,124.528251758946,8.093523671977922,291.8582675559678,0,6,0,10,10,171,0.09055119241626745,0.03577739060690781,216.0,209.0
F8_9.22,N17,N16,800.0,1,2400.0,2395.8954895069696,32,82,102,32,4.104510493030261,3995.8954895069696,31.273509575057577,32.132860159269555,1,1,4.0,4.0,128,304,8.366534700729733,10.268674370437793,9.186106682042949,264.5830447337837,0,1,0,19,1,216,0.10427122671297025,0.0408850048633035,184.0,161.0
F8_14.21,N17,N24,800.0,1,2400.0,2396.8236988926287,64,13,64,149,3.1763011073712732,3996.8236988926287,31.582420890245462,32.50211637403936,-1,-1,8.0,8.0,129,117,5.03607010703732,12.768131006570002,9.428536856139244,296.393200295284,0,11,7,21,17,226,0.10717888365837257,0.09877269670477472,220.0,188.0
F8_15.25,N17,N24,800.0,1,2400.0,2398.0619617264283,59,13,59,149,1.9380382735714647,3998.0619617264283,31.582420890245462,32.50273227008567,-1,-1,13.0,13.0,120,108,5.627835887437226,11.193925590155686,9.278096888816007,298.0194631486319,0,10,7,19,15,221,0.10717888365837257,0.09667114996637526,213.0,199.0
F4_0.17,N17,N16,800.0,1,2400.0,2397.4315699142817,37,85,99,37,2.5684300857185463,3997.4315699142817,31.57972460652386,32.34392514908303,0,-1,1.0,1.0,137,295,11.078175524982461,11.420981923876298,9.579331641005664,234.16834629196967,0,0,1,14,3,221,0.07565568258238063,0.040980161398789516,188.0,192.99999999999977
F8_15.23,N17,N24,800.0,1,2400.0,2394.0530002690266,60,12,60,153,5.946999730973403,3994.0530002690266,31.458910341189114,32.53224643301119,-1,-1,35.0,35.0,112,97,7.985142216151318,235.61598640832744,7.2051848536892384,277.7495957572414,0,5,0,8,0,225,0.10087424344317418,0.08601887254214852,235.0,202.99999999999977
F4_0.20,N17,N16,800.0,1,2400.0,2399.5537909337045,44,91,110,44,0.44620906629563706,3999.5537909337045,31.278404719230444,31.665049714908168,-1,1,40.0,40.0,135,297,9.699795576532534,17.62023765538811,11.783971758458588,234.30743563936994,0,1,0,6,1,245,0.05856739049621282,0.042507857279354085,161.0,195.0
F8_7.14,N17,N16,800.0,1,2400.0,2393.0519303256483,33,81,96,33,6.948069674351586,3993.0519303256483,31.582420890245462,32.39849982003979,-1,-1,12.0,12.0,124,285,5.963275530410331,15.54610954601253,8.729894246960304,300.14202496614234,0,10,1,12,10,210,0.10087424344317418,0.04098016139878951,229.0,216.00000000000023
F8_7.16,N17,N16,800.0,1,2400.0,2395.9945190545195,34,82,102,34,4.005480945480372,3995.9945190545195,31.273509575057577,32.094749210092736,1,1,2.0,2.0,130,305,8.744242602864748,11.597855512529122,9.595041071088202,264.3657493623265,0,0,0,20,2,218,0.10717888365837257,0.03887861466039005,256.0,164.99999999999977
F4_15.23,N17,N24,800.0,1,2400.0,2396.589272685474,60,15,60,157,3.410727314525843,3996.589272685474,31.331199119695825,32.63137013458868,1,-1,2.0,2.0,132,131,10.886887228391169,331.62530055230536,11.012507586629765,229.50459770029565,0,0,17,5,2,232,0.0609448554135844,0.10822965702757231,165.0,194.0
F8_1.22,N17,N16,800.0,1,2400.0,2392.113775160595,36,83,107,36,7.8862248394049175,3992.113775160595,31.283578749364032,31.987068069938104,-1,-1,37.0,37.0,133,293,8.54973577483486,43.344310042406505,8.610780643706487,265.6748316859004,0,1,0,17,16,226,0.11403143211615163,0.03887861466039005,228.0,182.0
F4_13.30,N17,N24,800.0,1,2400.0,2396.799472627481,68,14,68,147,3.2005273725187635,3996.799472627481,31.213488659146602,32.601645461383356,-1,1,29.0,29.0,142,128,9.128117095517398,10.615691021454268,9.225059625195842,243.63019618508952,0,4,2,15,9,229,0.09667114996637526,0.09936813275820819,222.0,157.99999999999977
F8_0.29,N17,N16,800.0,1,2400.0,2397.053923689575,37,86,108,37,2.9460763104247008,3997.053923689575,31.30108823350892,31.976806637801953,-1,-1,29.0,29.0,129,297,7.986350565394452,55.127146654184344,9.875368952643244,272.6340385964785,0,4,0,19,18,231,0.11138197713517149,0.03992938802958978,237.0,184.0
F4_15.24,N17,N24,800.0,1,2400.0,2390.5511108213987,68,14,68,147,9.448889178601348,3990.5511108213987,31.213488659146602,32.601645461383356,-1,1,29.0,29.0,142,128,6.918444363024896,31.19063123519868,10.741614874800696,243.63019618508952,0,4,2,9,6,229,0.06514794889038333,0.09936813275820819,218.0,218.0
F4_0.21,N17,N16,800.0,1,2400.0,2391.0196445952097,51,102,123,51,8.980355404790316,3991.0196445952097,31.1815828212163,31.064393860092647,1,-1,0.0,0.0,166,298,9.638031289515464,12.384980670383811,10.409424404376507,229.75970545785023,0,0,6,17,7,276,0.0945696032279758,0.054640215198386015,173.0,188.00000000000023
F4_16.22,N17,N24,800.0,1,2400.0,2396.5015231373086,70,14,70,146,3.498476862691291,3996.5015231373086,31.208007762577697,32.601645461383356,-1,1,27.0,27.0,145,129,9.325214940187875,8.486137547283306,6.824923007124414,241.86645479061173,0,4,0,16,10,230,0.09667114996637526,0.0981470941682702,222.0,213.0
F4_7.25,N17,N16,800.0,1,2400.0,2398.8288616035898,47,97,116,47,1.1711383964102424,3998.8288616035898,31.208007762577697,31.714898436388054,-1,1,25.0,25.0,148,309,9.256393252983601,9.949877807068106,8.315876010867338,244.44985053031115,0,4,0,17,6,260,0.09877269670477472,0.041673935226060235,225.0,205.99999999999977
F4_12.23,N17,N24,800.0,1,2400.0,2232.2728210674213,80,15,80,143,167.72717893257845,3832.2728210674213,31.18560594927947,32.67920435487096,1,-1,3.0,3.0,160,152,10.121008523455442,13.248776572592533,11.197669445476704,227.61550093937984,0,0,18,7,7,238,0.07145258910558171,0.09667114996637526,158.0,209.0
F4_11.23,N17,N24,800.0,1,2400.0,2379.5801311903615,89,17,89,137,20.41986880963873,3979.5801311903615,31.16807848527615,32.59796448450102,-1,1,35.0,35.0,175,148,7.642857394163431,10.662914098454621,9.263013920855835,258.2244897860511,0,4,7,21,13,243,0.09877269670477472,0.09246805648957633,160.0,210.0
F4_13.32,N17,N24,800.0,1,2400.0,2392.9996978557924,80,15,80,143,7.000302144207581,3992.9996978557924,31.190162506993648,32.6876937067908,1,-1,6.0,6.0,159,151,9.868532514117474,41.15434956016816,10.447466607017397,230.26812301231587,0,0,18,15,10,238,0.10087424344317418,0.09562037659717552,178.0,216.0
F4_17.20,N17,N24,800.0,1,2400.0,2398.1060493028276,74,15,74,143,1.8939506971724995,3998.1060493028276,31.16116231813871,32.6479717283767,-1,1,12.0,12.0,146,126,9.21747145965195,89.0329667250221,8.986406837734755,244.03112779226566,0,4,0,19,11,232,0.10928043039677203,0.0882649630127774,216.0,237.99999999999977
F3_17.9,N17,N24,800.0,1,2400.0,2399.9048510351904,77,15,77,146,0.0951489648094821,3999.9048510351904,31.205204058708183,32.6876937067908,-1,-1,15.0,15.0,156,139,9.65913977654651,11.05913671352937,9.617532533493868,240.45954323710956,0,0,17,8,0,238,0.05043712172158709,0.09246805648957633,193.0,264.0000000000002
F4_15.25,N17,N24,800.0,1,2400.0,2399.898166885121,81,15,81,140,0.1018331148791276,3999.898166885121,31.1815828212163,32.65346738541394,0,-1,2.0,2.0,169,154,9.8552538735217,11.420153363066447,10.041469420419492,228.73134158952516,0,0,19,18,10,236,0.0945696032279758,0.09877269670477472,171.0,268.0
F4_15.29,N17,N24,800.0,1,2400.0,2388.7944317004235,98,19,98,142,11.205568299576498,3988.7944317004235,31.023383875054297,32.566593288525986,1,-1,2.0,2.0,187,146,12.020267263692027,13.518241638643076,10.09116805666352,224.4745047914785,0,0,16,9,8,259,0.06304640215198387,0.10297579018157364,160.0,212.0
F4_2.29,N17,N16,800.0,1,2400.0,2140.137264044716,57,103,130,57,259.86273595528394,3740.137264044716,30.929126973817528,30.346786869729904,-1,1,23.0,23.0,201,331,7.809455592746836,11.093770273601194,9.507937324066289,238.4829737387115,0,3,0,10,4,290,0.09036650975117687,0.060944855413584395,146.0,190.0
F4_11.22,N17,N24,800.0,1,2400.0,2397.0897662648454,88,16,88,136,2.9102337351547476,3997.0897662648454,31.11759753694632,32.5506061128596,-1,1,24.0,24.0,172,141,6.753918525996585,126.9381456625199,11.479388838100625,266.32946082524217,0,13,0,16,15,240,0.08616341627437794,0.08406186953597848,206.0,232.0
F4_16.25,N17,N24,800.0,1,2400.0,2394.474913573308,90,18,90,145,5.525086426691587,3994.474913573308,30.99875637262724,32.59097195444784,1,-1,15.0,15.0,173,140,9.545274831981967,37.70091441239401,11.081758151436327,235.30434679686948,0,0,11,15,8,253,0.10087424344317418,0.09351882985877606,169.0,217.0
F4_19.24,N17,N24,800.0,1,2400.0,2395.7877672471495,107,18,107,134,4.212232752850468,3995.7877672471495,30.975110404212156,32.522627532560264,-1,1,32.0,32.0,198,155,10.94728631182818,22.903377564851553,11.547972392549385,240.67468611073946,0,3,0,13,12,259,0.0609448554135844,0.09695020757252007,157.0,208.0
F8_1.23,N17,N16,800.0,1,2400.0,2398.2508544936736,44,103,121,44,1.7491455063263857,3998.2508544936736,31.20211349513571,31.142326136709762,-1,-1,21.0,21.0,147,303,3.0232001696329895,36.19286240791598,8.687055159267016,345.2364003449463,0,22,1,17,14,268,0.10928043039677203,0.05148789509078682,227.0,239.0
F4_13.34,N17,N24,800.0,1,2400.0,2209.4215258704417,93,18,93,144,190.57847412955846,3809.4215258704417,31.023383875054297,32.582578790720596,1,-1,6.0,6.0,181,148,10.727932804007782,158.83556496962433,13.43919378339634,229.59041420079384,0,0,15,5,4,255,0.05884330867518494,0.09982347007397445,145.0,247.0
F4_16.26,N17,N24,800.0,1,2400.0,2307.517078273627,109,20,109,137,92.4829217263732,3907.517078273627,30.909074111567694,32.52264486703867,-1,1,22.0,22.0,200,154,10.946982780837029,12.89907434462907,10.902726542288601,238.32913732805193,0,3,0,14,13,266,0.06935104236718224,0.08934230383973986,148.0,208.0
F10_1.24,N17,N16,800.0,1,2400.0,2399.1921108577108,47,99,129,47,0.8078891422893548,3999.1921108577108,30.97487723744031,30.619808028094695,1,-1,35.0,35.0,167,323,9.919536156793757,200.0,9.919536156793757,261.172259617926,0,0,2,0,0,275,0.012609280430396773,0.05884330867518493,219.0,187.0
F8_7.20,N17,N16,800.0,1,2400.0,2396.5782849720804,50,98,130,50,3.421715027919504,3996.5782849720804,31.006499713215412,30.40323051439869,-1,-1,14.0,14.0,173,319,3.0997547648275168,8.8113960966773,7.657089884991323,359.0310643781461,0,21,6,42,4,278,0.17108628920739924,0.061995628782784126,223.0,172.0
F4_0.24,N17,N16,800.0,1,2400.0,2390.13141722591,55,98,129,55,9.868582774090214,3990.13141722591,31.009387858609607,30.342230395744764,0,-1,0.0,0.0,189,321,10.01776166206175,40.26216081899065,9.4421208238044,227.47473662781198,0,0,8,13,5,282,0.08616341627437794,0.06619872225958305,179.0,188.0
F3_12.8,N17,N24,800.0,1,2400.0,2391.925071455911,100,18,100,137,8.074928544088834,3991.925071455911,30.986340486498193,32.525913031823784,1,1,37.0,37.0,190,149,7.83398831251815,29.000144638866686,11.71327991797964,278.9918137953384,0,0,9,11,4,255,0.05253866845998655,0.10087424344317418,188.0,197.0
F4_15.33,N17,N16,800.0,1,2400.0,2391.4841080512724,67,106,139,67,8.515891948727699,3991.4841080512724,30.7943463815622,29.88852340544605,-1,1,39.0,39.0,191,345,9.454018373244466,26.19671564703549,11.656977455256,237.6836141601316,0,2,0,5,1,312,0.0441324815063887,0.06935104236718224,155.00000000000023,197.0
F4_9.23,N17,N16,800.0,1,2400.0,2393.2808646491912,63,107,133,63,6.71913535080887,3993.2808646491912,30.802278106530434,29.881101083056144,1,-1,4.0,4.0,182,346,10.193813589358767,119.15444498836428,9.892710255769044,229.06340133991722,0,0,2,13,7,303,0.08616341627437794,0.07040181573638198,153.99999999999977,205.0
F8_9.28,N17,N16,800.0,1,2400.0,2396.096146785269,51,99,130,51,3.9038532147309297,3996.096146785269,30.991346943061508,30.432164075614818,-1,-1,16.0,16.0,173,318,3.189785799108588,9.50030432852759,7.739987774347841,352.333175140451,0,18,6,41,3,280,0.16886401299298393,0.061968327588675334,228.99999999999977,233.0
F10_1.25,N17,N16,800.0,1,2400.0,2393.6826587177684,50,105,131,50,6.3173412822316095,3993.6826587177684,30.814186040893173,30.280980788763852,-1,1,7.0,7.0,189,331,4.97569786418893,681.961185258778,9.750815279204101,273.0599235722215,0,1,0,2,1,286,0.018913920645595158,0.06409717552118359,217.0,188.0
F8_2.23,N17,N16,800.0,1,2400.0,2391.330435982988,55,98,129,55,8.669564017012135,3991.330435982988,31.009387858609607,30.342230395744764,-1,-1,0.0,0.0,189,321,4.199640141367102,123.64535182046711,8.450187997450934,398.77241499936684,0,37,8,21,18,282,0.1218897108271688,0.06619872225958305,221.0,219.0
F4_18.28,N17,N24,800.0,1,2400.0,2393.109727450197,93,20,93,141,6.890272549802603,3993.109727450197,30.797008414944877,32.594695697326955,1,-1,0.0,0.0,186,152,10.41990278188527,46.222910187150546,13.528619698902592,230.27095920585757,0,0,7,13,5,254,0.08406186953597848,0.10402656355077337,160.0,216.0
F4_0.25,N17,N16,800.0,1,2400.0,2397.118088557282,59,111,138,59,2.8819114427178647,3997.118088557282,30.72411199382653,30.0530064161295,1,-1,21.0,21.0,189,334,9.997046211798407,37.44636438440989,12.012832165522866,239.8858535670999,0,0,1,17,10,308,0.09041200766027672,0.06619872225958305,180.0,203.0
F10_1.27,N17,N16,800.0,1,2400.0,2397.8158587544126,52,100,135,52,2.1841412455875115,3997.8158587544126,30.801554302081332,30.169426789018598,1,-1,38.0,38.0,194,330,9.846701983237931,114.41990443597706,10.139001125628987,254.40071880901039,0,0,0,2,2,287,0.017442591299753597,0.06409717552118359,208.99999999999977,203.0
F10_0.22,N17,N16,800.0,1,2400.0,2399.9763946747466,54,100,135,54,0.02360532525324288,3999.9763946747466,30.788897024278768,30.169426789018598,1,-1,35.0,35.0,196,334,9.141130385745772,669.7284057704503,9.961998091084473,255.5833577560211,0,0,1,2,0,289,0.035726294552790853,0.06514794889038332,210.00000000000023,202.0
F8_13.21,N17,N24,800.0,1,2400.0,2397.46284363788,73,18,73,148,2.537156362120186,3997.46284363788,31.156551741893054,32.64927925843226,-1,-1,35.0,35.0,145,132,5.832817039352728,11.074400485789738,9.029830096860378,303.44584862305476,0,6,4,26,24,239,0.1344989912575656,0.08721418964357767,388.0,232.0
F8_14.23,N17,N24,800.0,1,2400.0,2393.463607824076,71,18,71,147,6.536392175924107,3993.463607824076,31.17845474035733,32.663005668565994,-1,-1,32.0,32.0,143,131,5.755090864936439,15.748560689050919,8.456515432816968,308.03018025858347,0,9,4,27,25,236,0.1344989912575656,0.0882649630127774,403.0,203.0
F4_18.27,N17,N24,800.0,1,2400.0,2398.3615161286734,105,24,105,142,1.6384838713265708,3998.3615161286734,30.73397747760786,32.601090800132496,1,-1,25.0,25.0,191,146,9.567797785783158,35.200503615915295,11.13041462132814,237.32896840838382,0,0,5,17,7,271,0.09453963147614848,0.0914172831203766,169.00000000000023,249.0
F8_15.27,N17,N24,800.0,1,2400.0,2397.136455252693,67,15,67,147,2.8635447473071736,3997.136455252693,31.21078986338565,32.66932068995794,-1,-1,26.0,26.0,142,132,4.880085344253703,10.348312727958046,8.008453408772551,335.6312443793139,0,17,8,29,27,229,0.14080363147276395,0.09085466836796048,417.0000000000002,188.0
F7_18.15,N17,N24,800.0,1,2400.0,2395.274003625577,105,18,105,134,4.725996374423062,3995.274003625577,30.975110404212156,32.522627532560264,1,1,33.0,33.0,196,154,9.632621666674025,31.441973237254388,8.700911929155543,248.532685993881,0,0,2,10,4,257,0.05652320693933001,0.09667114996637526,185.0,287.0
F4_19.25,N17,N24,800.0,1,2400.0,2393.939124634514,96,19,96,141,6.060875365485913,3993.939124634514,30.70362746863864,32.53285920567957,-1,1,28.0,28.0,197,147,6.6134715956506795,10.074926883749868,8.817570308965417,255.70299334949263,0,9,1,18,7,256,0.09036650975117687,0.09986947525756834,207.99999999999977,224.0
F10_7.21,N17,N16,800.0,1,2400.0,2398.688760322534,53,100,135,53,1.3112396774661192,3998.688760322534,30.788897024278768,30.169426789018598,1,-1,36.0,36.0,194,332,9.941853880704114,12.669078480945473,9.998073517804512,250.88568218222238,0,0,1,3,3,288,0.016879168852539574,0.06514794889038332,283.0000000000002,208.0
F4_18.30,N17,N24,800.0,1,2400.0,2398.497003368048,96,15,96,135,1.5029966319522146,3998.497003368048,30.691257046921148,32.598563223727616,1,-1,14.0,14.0,211,149,11.765628543629887,275.1948916598169,14.778268815367483,222.0624246812574,0,0,4,8,5,246,0.05884330867518494,0.1050773369199731,168.0,216.0
F8_2.24,N17,N16,800.0,1,2400.0,2398.8835837813695,59,111,138,59,1.1164162186305475,3998.8835837813695,30.72411199382653,30.0530064161295,-1,-1,21.0,21.0,189,334,4.476237082757621,49.281831685755606,7.834506055305879,387.11307995909044,0,20,1,18,16,308,0.13029589778076667,0.06619872225958305,225.00000000000023,243.0
F8_0.34,N17,N16,800.0,1,2400.0,2391.2627161802325,64,110,132,64,8.73728381976764,3991.2627161802325,30.779460225091043,29.881101083056144,-1,-1,9.0,9.0,185,342,3.899477019447012,38.553594400961174,9.21121150204137,403.00758047344357,0,35,2,22,20,306,0.14710827168796234,0.06935104236718224,217.99999999999977,233.0
F4_18.32,N17,N24,800.0,1,2400.0,2396.2697265198085,94,13,94,130,3.730273480191613,3996.2697265198085,30.723133497248565,32.57382546919736,0,-1,0.0,0.0,219,157,11.963562794931264,514.3797805368013,14.385719328816048,229.31012037567905,0,0,10,3,3,237,0.046234028244788165,0.1082296570275723,158.0,217.0
F4_18.35,N17,N24,800.0,1,2400.0,2393.2672620184157,96,12,96,138,6.732737981584478,3993.2672620184157,30.44058154958182,32.49163886535133,1,-1,7.0,7.0,233,171,9.635358894519982,56.0918927623818,11.271233600821091,238.94575046889716,0,0,28,7,5,246,0.05253866845998655,0.11558507061197043,168.0,156.0
F4_0.26,N17,N16,800.0,1,2400.0,2394.6080211406143,72,98,136,72,5.391978859385972,3994.6080211406143,30.662985518783042,29.87368397830301,-1,1,19.0,19.0,202,352,7.418420066046622,17.990475869695956,9.049877415808071,251.8122368406194,0,9,0,24,16,306,0.10087424344317418,0.07250336247478144,244.00000000000023,210.0
F4_17.24,N17,N24,800.0,1,2400.0,1877.6932427534593,107,17,107,135,522.3067572465407,3477.6932427534593,30.309974769989864,32.48876926457593,-1,1,1.0,1.0,262,169,8.639125599183522,13.950979729605478,8.199735077457403,247.5786915333164,0,2,1,9,6,259,0.06514794889038333,0.0947710666125541,124.0,202.0
F4_18.29,N17,N24,800.0,1,2400.0,2389.1098740299535,99,18,99,141,10.89012597004637,3989.1098740299535,30.689153094761128,32.52625395358822,-1,1,24.0,24.0,200,145,8.812180584576986,21.50947620700549,12.325360192800064,254.74250143001078,0,9,3,11,5,258,0.05043712172158709,0.10089338860024047,207.0,310.0
F8_2.25,N17,N16,800.0,1,2400.0,2392.357457519861,81,106,140,81,7.642542480139127,3992.357457519861,30.65915758151726,29.575487326220326,-1,-1,33.0,33.0,216,350,8.011406510965893,31.803938784478305,10.440730502932118,350.458440008855,0,10,0,23,22,327,0.1344989912575656,0.0746049092131809,241.0,228.0
F4_16.28,N17,N16,800.0,1,2400.0,2398.0273549752665,80,105,137,80,1.9726450247337652,3998.0273549752665,30.674988518231817,29.433368584658663,1,-1,21.0,21.0,210,354,9.935636303405504,20.230432644906614,10.846842586509636,221.89477349701684,0,0,2,15,8,322,0.09414335064779586,0.08090954942837929,184.0,292.0
F4_15.35,N17,N16,800.0,1,2400.0,2365.891421525711,84,107,137,84,34.108578474288834,3965.891421525711,30.682630335886937,29.435158210891984,1,-1,15.0,15.0,210,359,9.579591381484681,30.501570118393147,10.646784655796113,222.74059650273074,0,0,7,14,8,328,0.09036650975117687,0.08406186953597848,173.99999999999977,296.0
F4_18.34,N17,N24,800.0,1,2400.0,2399.922874093045,97,13,97,141,0.07712590695496147,3999.922874093045,30.46228833357144,32.49178263507154,1,-1,15.0,15.0,234,161,10.36075295133428,19.728345439023087,12.405082727939643,237.43318711103754,0,0,18,6,4,251,0.05253866845998655,0.11348352387357097,180.0,204.0
F8_1.29,N17,N16,800.0,1,2400.0,2394.550383684381,84,107,137,84,5.44961631561921,3994.550383684381,30.682630335886937,29.435158210891984,-1,-1,15.0,15.0,210,359,7.038903160661397,8.032230877568963,6.693523643968641,372.4928404442203,0,21,7,28,26,328,0.1492098184263618,0.08406186953597848,233.99999999999977,233.0
F4_1.21,N17,N16,800.0,1,2400.0,2393.6187562148652,89,111,139,89,6.381243785134757,3993.6187562148652,30.437709318492313,29.226077071572693,1,-1,30.0,30.0,227,359,6.442649542667585,10.861853818049894,8.989371672176388,246.33330622956757,0,1,5,15,10,339,0.11558507061197042,0.08616341627437794,172.0,233.0
F4_11.26,N17,N16,800.0,1,2400.0,2392.9530688807445,71,103,139,71,7.046931119255305,3992.9530688807445,30.705367914927855,29.8466506875301,-1,1,30.0,30.0,195,351,6.389838684463725,9.001110597786692,7.386726602026689,255.3318375177623,0,7,0,17,10,313,0.0882649630127774,0.07040181573638198,230.0,304.0
F4_1.22,N17,N16,800.0,1,2400.0,2393.9409257134935,97,109,139,97,6.059074286506643,3993.9409257134935,30.448783503356925,29.18317158057068,1,-1,22.0,22.0,233,356,8.82405075946803,8.649133807492262,6.967616244985432,235.7750253362568,0,0,9,16,10,345,0.10928043039677203,0.08932070816749016,178.0,223.0
F8_9.33,N17,N16,800.0,1,2400.0,2392.923930290312,87,108,138,87,7.076069709687999,3992.923930290312,30.710928136522405,29.41939091347003,-1,-1,7.0,7.0,213,361,5.250832106106802,28.3921507109103,8.715980257417158,411.2002782851939,0,31,9,30,28,333,0.14710827168796234,0.08721418964357769,235.99999999999977,236.0
F4_0.30,N17,N16,800.0,1,2400.0,2397.446178168454,96,105,138,96,2.553821831545747,3997.446178168454,30.457653874881686,29.139647748986487,1,-1,14.0,14.0,235,353,9.074039169322317,10.304127765509747,8.690294822669665,236.02702673133552,0,0,9,15,10,339,0.09811879407257322,0.09456960322797581,183.0,225.0
F4_9.24,N17,N16,800.0,1,2400.0,2394.894067560876,92,114,135,92,5.105932439124103,3994.894067560876,30.630588147328186,29.387824880500652,-1,1,28.0,28.0,217,373,6.233584571738604,11.02417540469105,8.960971120198598,257.94908223082837,0,10,0,22,11,341,0.11138197713517149,0.08132389154285694,224.00000000000023,235.0
F3_17.10,N17,N24,800.0,1,2400.0,2394.4354784919906,100,25,100,131,5.564521508009193,3994.4354784919906,30.273946612642845,32.52385998161351,-1,-1,19.0,19.0,259,188,7.903085135792245,43.607560929180636,8.283776993767713,272.0215376919339,0,3,26,17,9,256,0.09667114996637526,0.09982347007397445,199.0,186.0
F3_19.6,N17,N24,800.0,1,2400.0,2396.617575766112,101,26,101,130,3.3824242338880595,3996.617575766112,30.279886718443635,32.50047574074022,-1,-1,26.0,26.0,258,185,8.480366373045566,8.291386971121938,6.992085526276982,256.8004943334066,0,0,20,16,8,257,0.0882649630127774,0.09877269670477472,214.0,181.0
F4_2.31,N17,N16,800.0,1,2400.0,2394.2067975340547,96,110,139,96,5.793202465945342,3994.2067975340547,30.44205844621564,29.097177856106622,1,-1,2.0,2.0,233,352,8.762400163862184,58.57956034788231,8.924796437763877,237.37679827539162,0,0,12,16,12,345,0.09246805648957633,0.09772192333557499,189.0,266.0
F8_7.24,N17,N16,800.0,1,2400.0,2396.035989675558,91,113,135,91,3.964010324442029,3996.035989675558,30.652882332988245,29.372077198639897,1,1,33.0,33.0,216,370,5.352486093784156,77.80351461288728,10.215635441169098,424.3138720452769,0,36,0,31,29,339,0.1497062445489386,0.08467031352706121,287.0,254.0
F10_7.19,N17,N16,800.0,1,2400.0,2391.6172320238456,62,112,133,62,8.382767976154128,3991.6172320238456,30.770964108995774,29.89704765902344,1,-1,12.0,12.0,184,335,9.454326624059066,42.048716469803594,8.830713090589647,253.09023152003053,0,0,1,9,9,307,0.025256821608529566,0.06830026899798251,385.0,287.0
F3_18.14,N17,N24,800.0,1,2400.0,2392.361830971548,113,31,113,130,7.6381690284521255,3992.361830971548,29.981870789573943,32.12302752934039,-1,-1,16.0,16.0,283,190,7.956433284646508,11.685977447999448,9.532939426979548,260.9227683220856,0,2,21,15,6,274,0.09246805648957633,0.09351882985877606,193.0,185.0
F2_17.20,N17,N24,800.0,1,2400.0,2392.875119903574,114,38,114,124,7.124880096425841,3992.875119903574,29.994958147244645,31.846049254643724,1,1,33.0,33.0,292,187,8.029216802295164,10.115767008269586,8.149322141783054,265.5799991494209,0,0,15,15,6,276,0.08616341627437794,0.09563950949470076,181.0,173.0
F8_16.24,N17,N24,800.0,1,2400.0,2393.2562412815655,92,18,92,145,6.743758718434378,3993.2562412815655,31.015692914471003,32.586014358323844,-1,-1,9.0,9.0,179,145,3.0590776919017992,9.886843757171619,7.304072415216336,359.9057318889306,0,28,12,43,38,255,0.17442837928715535,0.09772192333557499,655.0,175.0
F8_1.31,N17,N16,800.0,1,2400.0,2392.913265971857,95,110,141,95,7.0867340281430415,3992.913265971857,30.45027943020878,29.191144648009836,-1,-1,24.0,24.0,231,358,5.584126563056722,30.253402669683055,10.709283097117499,415.6832243732405,0,24,8,39,37,346,0.16392064559515804,0.08878470467190192,308.0,276.0
F4_0.32,N17,N16,800.0,1,2400.0,2396.728436879705,112,106,141,112,3.271563120295127,3996.728436879705,30.142436440408925,27.906888012922337,-1,1,24.0,24.0,287,371,8.454751508100255,12.306257861734366,9.510745546201148,252.92844803502098,0,6,0,20,13,359,0.09246805648957633,0.11348352387357097,217.0,246.0
F4_2.32,N17,N16,800.0,1,2400.0,2399.616894702331,99,118,137,99,0.3831052976688625,3999.616894702331,30.33028276413842,28.890148878404695,-1,1,7.0,7.0,266,368,8.386101187196656,112.79145072963229,11.194519943925737,250.14367837875676,0,2,0,26,20,354,0.11138197713517149,0.0935057690389946,229.0,298.0
F4_15.42,N17,N24,800.0,1,2400.0,2399.166878191224,115,34,115,135,0.8331218087757861,3999.166878191224,29.564661843593584,31.694261485666452,1,-1,30.0,30.0,296,189,10.67066260996417,14.048714058425276,12.002623600307118,230.15368194152373,0,0,14,9,2,284,0.05884330867518494,0.0914172831203766,176.0,209.0
F4_14.35,N17,N24,800.0,1,2400.0,2034.6884703794071,125,44,125,137,365.311529620593,3634.688470379407,29.168978340841495,31.548686274358666,-1,1,11.0,11.0,315,197,8.72875603046582,39.79631358600682,10.635019053092105,239.60248130244975,0,4,2,11,8,306,0.10087424344317418,0.08264889090765574,116.0,205.0
F3_12.10,N17,N24,800.0,1,2400.0,2398.0420918040854,112,34,112,135,1.9579081959146833,3998.0420918040854,29.59921248227406,31.685944465685,-1,-1,33.0,33.0,294,190,8.311073604172245,10.484833093513544,9.526422634133189,263.6368583691064,0,3,9,16,6,281,0.09877269670477472,0.08909151892857628,205.0,209.0
F4_19.29,N17,N24,800.0,1,2400.0,2386.0104212165124,136,52,136,141,13.98957878348756,3986.0104212165124,28.941293965195875,31.470242792134545,1,-1,9.0,9.0,329,197,9.996250176533634,12.421463369919593,11.95301571951384,234.78254069679846,0,0,22,11,8,329,0.06935104236718224,0.08931573638197714,160.0,138.0
F4_9.27,N17,N16,800.0,1,2400.0,2399.1656689560323,102,115,137,102,0.8343310439678362,3999.1656689560323,29.943756378263796,27.38491193156457,1,-1,26.0,26.0,286,384,9.543347684639183,9.169149007461328,7.8287781363629465,233.41667637500217,0,0,4,17,8,354,0.09246805648957633,0.12253445337489519,186.0,307.0
F8_1.33,N17,N16,800.0,1,2400.0,2398.3442587582754,101,121,142,101,1.6557412417246269,3998.3442587582754,30.267118768064158,28.323082017471755,-1,-1,23.0,23.0,258,368,1.2599856136103318,11.998452732668056,8.90018594479371,452.98104615249116,0,39,4,63,3,364,0.2164593140551446,0.10507733691997312,317.0,262.0
F4_7.33,N17,N16,800.0,1,2400.0,2398.890978892842,101,123,133,101,1.1090211071579006,3998.890978892842,30.00572062847898,27.13243595207742,-1,1,39.0,39.0,282,406,9.856023401974003,12.705665075609659,10.012931699993633,233.98041601497962,0,1,14,16,6,357,0.08616341627437794,0.1306626772030347,189.0,272.0
F8_0.39,N17,N16,800.0,1,2400.0,2394.7599361903185,103,115,136,103,5.24006380968126,3994.7599361903185,30.41837276512172,29.03414450459975,1,1,21.0,21.0,263,360,3.6042236054130212,16.606123216972037,10.014233006966553,462.50638685645475,0,43,0,40,37,354,0.16181909885675858,0.08998975845145415,316.0,302.0
F4_9.28,N17,N16,800.0,1,2400.0,2389.613490457891,100,120,130,100,10.38650954210891,3989.613490457891,29.571828795979805,26.51016246321746,1,-1,31.0,31.0,294,413,9.229381936125929,11.553440257696138,9.82841219458023,232.5078125718426,0,0,11,15,7,350,0.10087424344317418,0.12819435104236718,171.0,297.0
F4_14.36,N17,N24,800.0,1,2400.0,2399.8672648312604,136,54,136,141,0.13273516873948665,3999.8672648312604,28.949149938430867,31.444396700269785,0,-1,1.0,1.0,342,200,9.533392156452896,47.520720351828004,5.631240502628225,232.06100423658077,0,0,24,18,8,331,0.09246805648957633,0.0914172831203766,182.0,197.0
F8_2.31,N17,N16,800.0,1,2400.0,2274.308107727897,105,115,138,105,125.69189227210302,3874.308107727897,29.958870736802563,27.553357233842828,-1,-1,36.0,36.0,290,377,1.131460621734433,11.168904001038527,9.75705041362854,489.6974614525479,0,37,2,69,2,358,0.2269670477471419,0.11768661735036987,339.0,274.0
F3_18.15,N17,N24,800.0,1,2400.0,2395.580808853476,131,50,131,141,4.419191146524099,3995.580808853476,28.97236910221703,31.460200449172834,-1,-1,19.0,19.0,322,193,7.333027511787559,11.777447212996776,9.517175888245985,287.2625678706752,0,7,20,16,6,322,0.09246805648957633,0.08511264290517821,196.0,234.0
F4_0.33,N17,N16,800.0,1,2400.0,2367.4293513137836,98,120,130,98,32.57064868621626,3967.4293513137836,29.785670046182616,26.776563477367613,-1,1,6.0,6.0,290,410,5.8165222030233386,67.8449499242995,10.071416301900245,263.3786372072103,0,8,3,14,7,348,0.09877269670477472,0.12611193523737224,216.0,306.0
F4_0.35,N17,N16,800.0,1,2400.0,2390.5268732225873,117,134,114,117,9.47312677741263,3990.5268732225873,28.949149938430867,25.519216192100174,1,-1,3.0,3.0,332,462,9.779933943008942,11.939751582248391,10.42574936516739,229.01561061720457,0,0,45,17,8,365,0.09246805648957633,0.1344989912575656,181.0,278.0
F4_13.37,N17,N16,800.0,1,2400.0,2393.9685222650005,92,111,140,92,6.031477734999726,3993.9685222650005,30.43593101908226,29.22296868909998,1,-1,26.0,26.0,229,358,8.11284270934203,9.138328269665863,7.832378758946942,239.2568643325302,0,0,6,16,10,343,0.11138197713517149,0.08804937327033444,173.0,677.0
F8_0.41,N17,N16,800.0,1,2400.0,2399.2399076564425,100,124,133,100,0.7600923435574032,3999.2399076564425,30.004740557868274,27.137731680156882,1,1,41.0,41.0,281,406,2.4928674862918854,10.183832136810906,8.676877806857645,556.5747417113772,0,58,17,54,50,357,0.20114952102314979,0.13187416624922185,360.0,275.0
F8_0.40,N17,N16,800.0,1,2400.0,2392.384637685622,97,124,133,97,7.615362314378444,3992.384637685622,30.002399128063253,27.176004628145407,-1,-1,2.0,2.0,277,401,0.6639551258968959,8.278482297728942,7.828598134873623,544.3451771408783,0,57,18,70,2,354,0.23117014122394083,0.1311904652751664,380.0,269.0
F8_1.35,N17,N16,800.0,1,2400.0,2398.334008193905,99,122,137,99,1.6659918060951213,3998.334008193905,30.003400790252446,27.204541326668235,-1,-1,11.0,11.0,278,394,2.9160216107953936,142.37834677993737,9.002038459017381,535.3086478416101,0,47,11,51,47,358,0.1933422999327505,0.12717352353841477,336.0,310.0
F4_1.26,N17,N16,800.0,1,2400.0,2391.2822082895577,114,132,115,114,8.717791710442157,3991.2822082895577,28.954359697808055,25.527511440023908,1,-1,7.0,7.0,329,456,9.676547684512501,11.820464612708292,9.789303580137036,230.29777790228627,0,0,42,15,7,361,0.0882649630127774,0.13344821788836586,190.0,272.0
F8_7.29,N17,N16,800.0,1,2400.0,2355.299244390743,107,115,139,107,44.70075560925716,3955.299244390743,29.96275057892291,27.589293992909514,-1,-1,41.0,41.0,292,375,5.186395910771633,9.205668709260408,8.042992283546312,469.44402369380003,0,37,2,44,41,361,0.17442837928715535,0.11558507061197043,346.0,344.0
F4_11.27,N17,N16,800.0,1,2400.0,2394.5965408945067,95,110,141,95,5.403459105493084,3994.5965408945067,30.45027943020878,29.191144648009836,1,-1,24.0,24.0,231,358,8.697707474074397,11.26987690015585,9.834942632938498,235.74042588858498,0,0,8,16,10,346,0.10928043039677203,0.08878470467190192,177.0,676.0
F4_14.24,N17,N16,800.0,1,2400.0,2395.9292179472004,98,108,139,98,4.070782052799586,3995.9292179472004,30.44946500941804,29.200459987891907,1,-1,20.0,20.0,233,355,8.917149268251165,10.222174295056902,9.055710524844702,235.8407358415117,0,0,9,16,10,345,0.1050773369199731,0.09036650975117687,187.0,676.0
F8_0.42,N17,N16,800.0,1,2400.0,2396.2554234774625,101,118,131,101,3.7445765225375,3996.2554234774625,29.556011553715916,26.476197538518498,-1,-1,28.0,28.0,296,414,3.0850668130063896,8.998781285204132,7.5023843154201515,546.7523569327454,0,63,14,54,50,350,0.20385003362474782,0.12924512441156694,344.0,314.0
F4_11.34,N17,N24,800.0,1,2400.0,2272.9290431465133,131,63,131,146,127.07095685348645,3872.9290431465133,28.24224037657947,31.20468920212118,0,-1,1.0,1.0,357,217,5.74334541054118,11.603443278306486,10.540255351195915,260.6906394886188,0,3,8,11,6,340,0.046234028244788165,0.0777572293207801,219.0,160.0
F4_0.34,N17,N16,800.0,1,2400.0,2398.362308491562,105,126,116,105,1.6376915084380244,3998.362308491562,29.11257141680604,26.02656220377052,-1,1,3.0,3.0,320,446,7.470867994514528,9.84420215102341,8.386537447190054,252.139272061677,0,7,8,19,6,347,0.10297579018157364,0.13131104132744476,228.0,349.0
F4_15.36,N17,N16,800.0,1,2400.0,2397.9973412373874,96,108,139,96,2.0026587626126684,3997.9973412373874,30.458246711839376,29.117432857559578,1,-1,12.0,12.0,234,354,8.966099623625333,9.443327276475202,8.33650772200995,238.64643179897132,0,0,9,16,11,343,0.09246805648957633,0.09562037659717552,184.0,744.0
F8_1.34,N17,N16,800.0,1,2400.0,2395.255373036681,103,120,131,103,4.74462696331932,3995.255373036681,29.994958147244645,27.033759728971194,1,1,34.0,34.0,289,403,2.4032375003363557,12.877160139575608,7.674991188034825,554.9098860523843,0,58,5,56,51,354,0.1996469401479489,0.1292451244115669,379.0,342.0
F4_7.35,N17,N16,800.0,1,2400.0,2250.8745133199836,110,145,108,110,149.1254866800166,3850.8745133199836,28.685890837066466,25.251601156884185,-1,1,12.0,12.0,338,481,7.983234243999524,9.625731589107772,7.872162939439545,249.75874317003212,0,7,6,25,12,363,0.1344989912575656,0.12927192661013007,213.0,314.0
F4_2.37,N17,N16,800.0,1,2400.0,2397.4989778066088,102,118,117,102,2.50102219339135,3997.4989778066088,29.297213767243353,26.160138170752276,-1,1,26.0,26.0,310,437,9.492628136900292,36.09274069403841,10.277127292225309,225.470299842057,0,1,6,15,4,337,0.0882649630127774,0.13483153850785434,249.0,358.0
F4_18.45,N17,N24,800.0,1,2400.0,2396.7208522502997,135,66,135,141,3.279147749700087,3996.7208522502997,28.0383508407761,31.112848034112503,-1,1,2.0,2.0,359,219,6.9380101858285315,57.96903719895249,12.31004251565521,288.3117829879985,0,17,0,33,14,342,0.1218897108271688,0.06724949562878278,211.0,197.0
F4_14.43,N17,N24,800.0,1,2400.0,2389.00277511748,129,64,129,134,10.997224882520186,3989.00277511748,27.828920152666097,31.161954690834797,1,-1,16.0,16.0,357,233,7.578351311728282,188.44951557878062,12.038954905003951,251.63264151092642,0,0,13,16,11,327,0.05884330867518494,0.07474638807121431,183.0,211.0
F4_13.38,N17,N16,800.0,1,2400.0,2184.8730465167046,102,116,134,102,215.12695348329532,3784.8730465167046,30.424074981411806,29.042562145625098,-1,1,24.0,24.0,258,357,7.497899199268431,10.198714296658409,9.33797263891557,254.77909650226152,0,2,0,18,14,352,0.11138197713517149,0.09036650975117688,153.0,820.0
F4_11.36,N17,N24,800.0,1,2400.0,2387.8348222720297,130,70,130,136,12.165177727970104,3987.8348222720297,27.34327265345572,30.767327418943392,1,-1,36.0,36.0,344,269,4.147068029384809,35.969814522132765,12.823662104191968,326.2764587301391,0,18,5,20,6,336,0.10297579018157364,0.06304640215198386,171.0,157.0
F3_17.8,N17,N24,800.0,1,2400.0,2399.861899911496,132,58,132,149,0.13810008850418853,3999.861899911496,28.250182521265344,31.234744206567477,-1,-1,12.0,12.0,362,207,5.042506465862824,10.153279372045517,7.659551520609721,348.59430388650367,0,19,6,22,4,339,0.08406186953597848,0.0746049092131809,228.0,238.0
F4_17.29,N17,N24,800.0,1,2400.0,2395.4142455832484,133,72,133,135,4.585754416751456,3995.4142455832484,27.282478385285835,30.597003726926797,-1,1,37.0,37.0,361,261,7.164730012213143,11.192542411953582,9.84703178290131,255.53974862113722,0,4,10,9,1,340,0.046234028244788165,0.07145258910558171,144.0,147.0
F4_1.27,N17,N16,800.0,1,2400.0,2390.771994047556,117,142,110,117,9.228005952444278,3990.771994047556,28.868910061562946,25.371522237778247,-1,1,29.0,29.0,337,477,8.919291312544136,10.122233121148838,8.62268002917274,240.82454076254893,0,3,29,23,10,369,0.1165188923475036,0.1335549281221166,230.0,386.0
F4_13.46,N17,N24,800.0,1,2400.0,2391.4079664549267,134,61,134,137,8.592033545073264,3991.4079664549267,27.918180744052126,31.140850113726454,1,-1,30.0,30.0,360,226,5.097288481127851,27.81726374244704,11.575013221381463,278.791544108652,0,6,2,18,9,332,0.06728774377942162,0.07040181573638198,269.0,154.0
F3_19.7,N17,N24,800.0,1,2400.0,2396.9367817422512,130,67,130,134,3.063218257748872,3996.9367817422512,27.768781085342322,31.094043069774262,1,1,41.0,41.0,363,252,4.344559329717427,43.17284455136087,9.501482126616946,330.95107906660917,0,22,17,22,6,331,0.10909310305231493,0.08051253241480083,209.0,171.0
F8_7.30,N17,N16,800.0,1,2400.0,2396.561823511284,104,118,116,104,3.4381764887161808,3996.561823511284,29.275514692124926,26.14114521369321,1,1,24.0,24.0,313,436,2.5678799689209817,26.295510621568837,7.393260653453767,615.1699114027246,0,64,8,60,55,338,0.21289048788413423,0.13567612538082197,407.0,320.0
F4_1.31,N17,N16,800.0,1,2400.0,2243.4775504249233,135,157,109,135,156.52244957507662,3843.4775504249233,28.140376081863312,24.166414165541145,-1,1,27.0,27.0,362,504,6.765507982411397,11.0731395557209,9.387333504740445,273.6894325817433,0,8,34,16,7,401,0.10259687914073956,0.14846219561840904,164.0,350.0
F8_7.34,N17,N16,800.0,1,2400.0,2398.9467088747715,106,127,117,106,1.0532911252286112,3998.9467088747715,29.033821401826287,25.782783834488917,-1,-1,32.0,32.0,318,452,0.5888613398306322,9.897366855467226,8.247180733543953,615.0958179269421,0,66,12,88,1,350,0.2437794216543376,0.13134667114996637,427.0,329.0
F4_7.37,N17,N16,800.0,1,2400.0,2399.2081799559733,132,149,113,132,0.7918200440266219,3999.2081799559733,28.262798674394677,24.322241255943986,1,-1,3.0,3.0,359,494,9.708015582019275,45.712669564022235,10.64046544257303,261.44034634936577,0,6,52,13,5,394,0.0882649630127774,0.1513113651647613,194.0,355.0
F4_7.36,N17,N16,800.0,1,2400.0,2393.401686699735,133,152,109,133,6.598313300265204,3993.401686699735,28.21588294226227,24.375198609715277,1,-1,21.0,21.0,360,495,9.644674101391974,11.421292244384404,9.599597521244183,250.13260784197632,0,0,33,13,7,394,0.0945696032279758,0.1450067249495629,215.0,337.0
F4_14.28,N17,N16,800.0,1,2400.0,2345.5127521000204,104,117,134,104,54.48724789997971,3945.5127521000204,30.449181393446104,29.092316267611032,-1,1,37.0,37.0,246,358,10.608494171988598,14.118229987325094,11.439266671097945,234.3161260342848,0,0,6,11,2,355,0.05253866845998655,0.09667114996637526,172.0,935.0
F4_15.47,N17,N24,800.0,1,2400.0,2334.5144223840666,133,77,133,128,65.48557761593327,3934.5144223840666,26.58753379203294,30.310213042946515,0,-1,0.0,0.0,359,272,4.797061235493444,15.55963841663447,12.407773951234594,237.30120943273513,0,0,14,4,0,338,0.05617448230900543,0.07145258910558171,145.0,205.0
F4_14.27,N17,N16,800.0,1,2400.0,2393.147958376574,98,112,136,98,6.852041623425976,3993.147958376574,30.44392872419137,29.092721696748832,1,-1,0.0,0.0,235,353,8.83603658166682,12.492374193871683,10.559676614709407,236.8397874601867,0,0,12,17,13,346,0.09036650975117687,0.09772192333557499,187.0,979.0
F3_17.12,N17,N24,800.0,1,2400.0,2394.539421702956,133,69,133,130,5.460578297043867,3994.539421702956,26.655610921650542,30.334779471039795,-1,-1,19.0,19.0,350,256,5.294098480948551,34.10333105298264,9.403761688795395,343.65602227103864,0,25,11,28,10,332,0.11348352387357095,0.06619872225958305,220.0,175.0
F4_14.45,N17,N24,800.0,1,2400.0,2395.4174477192632,133,75,133,127,4.58255228073665,3995.4174477192632,26.612750672872902,30.344514262195883,1,-1,5.0,5.0,359,272,10.218781122548615,29.69905779369992,12.159167015038898,230.84847146817467,0,0,14,8,5,335,0.08406186953597848,0.07145258910558171,166.0,208.0
F4_0.37,N17,N16,800.0,1,2400.0,2391.2308338515645,135,152,111,135,8.769166148435602,3991.2308338515645,28.179708132367235,24.172904976254575,-1,1,32.0,32.0,362,503,8.573240616314541,13.634121099980575,10.754947545991795,260.9508219941509,0,7,39,20,12,398,0.09667114996637526,0.14922916138481612,230.0,387.0
F3_17.11,N17,N24,800.0,1,2400.0,2392.0558554874415,132,68,132,133,7.944144512558523,3992.0558554874415,26.759623712775177,30.269232045161612,-1,-1,27.0,27.0,349,258,5.140310452273156,47.70807320335962,8.120367432305171,334.62822974448363,0,17,10,24,8,333,0.11768661735036988,0.06474161407263092,219.0,192.0
F4_17.33,N17,N24,800.0,1,2400.0,2110.4933378380397,127,68,127,120,289.5066621619604,3710.4933378380397,26.115597624618864,29.99508458999666,1,-1,23.0,23.0,356,291,9.676770516653553,65.79540242095459,12.489865115742615,238.70364736407555,0,0,7,8,5,315,0.09877269670477472,0.06619872225958305,157.0,171.0
F3_18.16,N17,N24,800.0,1,2400.0,2399.236109867314,133,69,133,134,0.7638901326859013,3999.236109867314,26.749129850042507,30.29808163731352,-1,-1,24.0,24.0,352,257,5.156302355900833,28.04570967189875,9.601196220177806,342.55183677405546,0,20,11,25,9,336,0.11768661735036988,0.06514794889038332,220.0,192.0
F4_0.39,N17,N16,800.0,1,2400.0,2399.983620320306,137,158,105,137,0.01637967969395504,3999.983620320306,28.105363801299337,24.079681108848483,-1,1,16.0,16.0,362,500,7.370740480719723,11.204917677307094,8.614366938286743,275.4586480512372,0,12,32,29,17,400,0.10928043039677203,0.14805985905957092,243.0,370.0
F4_17.30,N17,N24,800.0,1,2400.0,2390.2319150281483,135,75,135,128,9.768084971851863,3990.2319150281483,26.58243052917091,30.298710134384724,-1,1,38.0,38.0,362,273,6.236573317187763,12.973543007255785,10.761365235744409,238.05003054244483,0,2,6,6,2,338,0.05674176193678548,0.06943865867006185,169.0,216.0
F8_14.27,N17,N16,800.0,1,2400.0,2236.910708841822,95,110,137,95,163.08929115817818,3836.910708841822,30.454616964002827,29.116812917876025,-1,-1,9.0,9.0,232,354,3.753710529860243,29.14148300211241,10.400918500503815,468.95660954229646,0,38,9,39,36,342,0.1660221923335575,0.0957451906548219,236.0,978.0
F4_1.35,N17,N16,800.0,1,2400.0,2398.6196953855933,136,158,105,136,1.3803046144065547,3998.6196953855933,28.105363801299337,24.12424513105394,-1,1,18.0,18.0,361,503,7.474945844107519,10.677178368557861,8.340460966591248,273.572680755864,0,12,31,28,16,399,0.10958816030702005,0.14801008535227814,245.0,428.0
F8_11.20,N17,N24,800.0,1,2400.0,2394.339034548203,91,21,91,140,5.660965451797097,3994.339034548203,30.8008981086615,32.609345311819794,-1,-1,2.0,2.0,183,152,1.6899384271467324,75.71131254656575,11.001287739589706,410.8438128089753,0,40,7,50,47,252,0.18073301950235374,0.10297579018157364,1205.0000000000002,236.0
F4_16.36,N17,N24,800.0,1,2400.0,2394.623007235948,140,75,140,125,5.376992764052034,3994.623007235948,26.54484507482807,30.18868694590782,-1,1,25.0,25.0,374,271,9.998822276591088,41.23065167418031,10.042246363151564,236.69700311923725,0,3,4,15,8,340,0.09639780787866715,0.06449069505709094,223.0,219.0
F4_17.36,N17,N24,800.0,1,2400.0,2371.9130414078218,137,69,137,112,28.086958592178462,3971.9130414078218,26.05051564903715,29.741669797641755,-1,1,16.0,16.0,378,309,6.740267951000445,12.279672183285129,9.380812229452797,261.6998157762119,0,12,2,22,12,318,0.10928043039677203,0.06735592637863821,220.0,203.0
F8_0.47,N17,N16,800.0,1,2400.0,2327.3900048836013,131,150,115,131,72.60999511639898,3927.3900048836013,28.2665143675685,24.314856640559373,-1,-1,4.0,4.0,359,494,1.531286339864894,0.6384563564536165,0.4541224452465851,991.8657683787842,0,126,52,76,67,396,0.23117014122394083,0.1513113651647613,447.0,375.0
F4_11.39,N17,N24,800.0,1,2400.0,2395.4468887602743,134,73,134,117,4.553111239725581,3995.4468887602743,26.094200288852456,29.900141041305403,-1,1,33.0,33.0,373,307,8.032332077298893,40.43188052623236,11.727589655811869,256.6973430201113,0,9,3,15,5,324,0.07229272251647008,0.06937017451658609,218.0,220.0
F4_15.51,N17,N24,800.0,1,2400.0,2212.7377243833394,140,66,140,100,187.26227561666076,3812.7377243833394,25.63239212535663,29.465375146686778,-1,1,26.0,26.0,390,341,5.4471561755038636,12.493038205341236,10.023707447935362,286.49848054076585,0,15,0,18,14,306,0.10928043039677203,0.06833927494314562,156.0,199.0
F4_15.50,N17,N24,800.0,1,2400.0,2247.3255541663098,135,74,135,114,152.67444583369036,3847.3255541663098,26.096481226583236,29.802632122896206,-1,1,25.0,25.0,374,305,8.041021731791297,34.552439268031094,11.838243163676895,264.623312608024,0,11,6,15,3,323,0.07565568258238063,0.06619872225958305,245.0,195.0
F4_15.37,N17,N16,800.0,1,2400.0,2370.852377187998,104,117,134,104,29.147622812002055,3970.852377187998,30.449181393446104,29.092316267611032,-1,1,37.0,37.0,246,358,9.019727976127191,10.920331852132449,9.871030716011363,234.3161260342848,0,0,6,20,16,355,0.0945696032279758,0.09667114996637526,228.0,1126.0
F8_7.39,N17,N16,800.0,1,2400.0,2397.9731331971066,133,169,103,133,2.0268668028933234,3997.9731331971066,27.923775563663597,23.922286096697476,-1,-1,34.0,34.0,354,505,2.7243394410541213,7.295652772189442,5.315857908968337,891.4451666662663,0,99,19,73,62,405,0.21225622057834567,0.15026059179556153,441.0,350.0
F8_1.40,N17,N16,800.0,1,2400.0,2398.7793935366153,124,156,106,124,1.2206064633846836,3998.7793935366153,28.308984511040716,24.558792652421467,1,1,12.0,12.0,360,479,2.7451763196411845,14.780443764565234,0.014380428931694113,726.6373003093281,0,88,31,71,63,386,0.22276395427034298,0.13977198601609242,470.0,409.0
F4_16.0,N17,N24,800.0,1,2400.0,2396.546786600868,2,0,2,23,3.4532133991318688,3996.546786600868,0.0,0.0,-1,1,40.0,40.0,2,5,10.213435390125118,200.0,10.213435390125118,280.03689372376283,0,0,0,0,0,25,0.00840618695359785,0.0,149.0,128.0
F4_14.0,N17,N24,800.0,-1,2400.0,1102.982628359643,13,0,13,46,302.953397253595,2702.982628359643,38.52885906040268,38.946255272235554,-2,1,38.0,38.0,13,25,12.360112750904694,708.7534517614406,12.360112750904694,208.80094280837977,0,0,0,1,1,59,0.00840618695359785,0.005253866845998656,28.0,145.0
F4_17.0,N17,N24,800.0,-1,2400.0,1539.846035740376,13,0,13,40,739.824213920792,3139.846035740376,0.0,38.946255272235554,-2,-1,33.0,33.0,13,13,12.415881422095849,652.2695001645986,12.415881422095849,214.29101437237034,0,0,0,1,1,53,0.004203093476798925,0.004203093476798925,74.00000000000006,152.0
F4_17.1,N17,N24,800.0,1,2400.0,1769.3770850695246,13,0,13,45,630.6229149304754,3369.3770850695246,38.52885906040268,38.946255272235554,-1,1,33.0,33.0,13,26,3.656256442825462,148.6843027424643,3.656256442825462,276.49918468795863,0,0,0,1,1,58,0.04077180087792017,0.005253866845998656,123.0,154.0
F4_11.0,N17,N24,800.0,1,2400.0,2399.384351230213,11,0,11,35,0.6156487697869579,3999.384351230213,0.0,39.902331285416395,-1,1,4.0,4.0,11,10,7.279508628112629,13.849183149341115,7.065390281438642,286.5964159209458,0,2,0,6,6,46,0.04203093476798924,0.0021015467383994624,189.0,158.0
F4_13.2,N17,N24,800.0,1,2400.0,2392.6767457005813,19,1,19,52,7.32325429941875,3992.6767457005813,34.71993725188243,39.45182023723839,1,-1,17.0,17.0,21,30,9.136622660465068,473.8413530184673,9.136622660465068,266.37563436032764,0,0,0,1,1,72,0.014710827168796235,0.013660053799596504,144.0,145.0
F3_17.2,N17,N24,800.0,1,2400.0,2392.981389724444,17,1,17,49,7.018610275555943,3992.981389724444,33.67019183512331,38.2084396733901,1,-1,40.0,40.0,18,29,5.7770737359719035,155.3187468344404,8.97528187816214,292.162128165499,0,0,0,5,5,67,0.04252646823822658,0.006304640215198386,165.0,151.0
F8_15.4,N17,N24,800.0,1,2400.0,2399.247798374274,13,0,13,41,0.7522016257257746,3999.247798374274,38.52885906040268,38.946255272235554,-1,-1,14.0,14.0,13,23,10.428638572679091,159.2934179916192,10.691535824956752,231.59945823014183,0,0,0,2,2,54,0.027320107599193007,0.004203093476798925,189.0,184.0
F8_9.4,N17,N24,800.0,1,2400.0,2303.864935066601,12,0,12,44,96.13506493339901,3903.864935066601,38.52885906040268,38.946255272235554,-1,-1,21.0,21.0,12,17,9.836792677599005,126.52012413969624,9.836792677599005,235.29542825772674,0,0,0,1,1,56,0.025218560860793545,0.004203093476798925,191.0,204.0
F3_17.1,N17,N24,800.0,1,2400.0,2395.4462336933284,24,1,24,52,4.553766306671378,3995.4462336933284,34.71993725188243,40.048589644391676,1,-1,7.0,7.0,26,30,10.224958903462184,25.22564049965058,10.264034459068812,259.91304335896734,0,0,0,6,6,77,0.03992938802958978,0.013660053799596504,157.0,135.0
F8_13.1,N17,N24,800.0,1,2400.0,2398.9633384227336,29,1,29,55,1.036661577266159,3998.9633384227336,35.04793072476402,40.048589644391676,1,1,17.0,17.0,32,38,10.793631952803054,437.52140451640525,11.701476985349887,233.98357927155487,0,0,0,2,2,85,0.0168123739071957,0.015761600537995964,147.0,129.0
F8_17.5,N17,N24,800.0,1,2400.0,1930.4998103843168,32,3,32,55,469.50018961568315,3530.499810384317,32.05470731595481,39.435012964065095,-1,-1,9.0,9.0,35,32,5.277690560476601,45.76089546717412,10.516072553578287,260.3157371672607,0,4,0,6,6,90,0.02942165433759247,0.025218560860793545,96.0,129.0
F8_16.4,N17,N24,800.0,1,2400.0,2398.436528134897,31,1,31,54,1.5634718651031108,3998.436528134897,35.04793072476402,40.17329001789457,1,1,13.0,13.0,34,38,9.950740816768674,54.58175320537657,10.322511417623408,229.6919248691601,0,0,0,5,2,86,0.04833557498318763,0.015761600537995964,148.0,179.0
F8_14.6,N17,N24,800.0,1,2400.0,2394.0760764538013,18,1,18,49,5.92392354619858,3994.0760764538013,33.67019183512331,38.2084396733901,-1,-1,37.0,37.0,19,29,10.483479144429644,14.233783991792734,9.011902345649988,244.48536511124837,0,1,0,3,2,68,0.02942165433759247,0.008069818067730673,210.0,185.0
F8_15.7,N17,N24,800.0,1,2400.0,2245.019558562715,32,3,32,50,154.9804414372851,3845.019558562715,32.45747599559807,38.91510355047621,-1,-1,32.0,32.0,35,33,8.6911464217782,45.34660527495339,12.009684717535265,251.35889528017134,0,2,0,5,3,85,0.05253866845998655,0.022066240753194355,137.0,167.9999999999999
F8_14.7,N17,N24,800.0,1,2400.0,2395.2213705100617,21,1,21,53,4.778629489938339,3995.2213705100617,34.71993725188243,40.048589644391676,-1,-1,16.0,16.0,23,29,9.435873439383322,183.83211238682497,8.441307687736948,249.6721333098102,0,2,0,3,2,75,0.0336247478143914,0.013660053799596504,193.0,184.0
F4_19.3,N17,N24,800.0,1,2400.0,2390.5471127778446,32,3,32,55,9.452887222155596,3990.5471127778446,32.05470731595481,39.435012964065095,1,-1,10.0,10.0,35,32,8.66622866485694,207.69919197679542,8.177662527860834,274.37133349398766,0,0,0,7,7,90,0.046234028244788165,0.02458785409633096,143.0,144.0
F8_7.0,N17,N16,800.0,1,2400.0,2399.7100100457824,1,6,15,1,0.2899899542177309,3999.7100100457824,33.67019183512331,0.0,-1,1,40.0,40.0,18,5,11.148094696313812,52.131963771298615,11.354215465957127,242.95900441127637,0,1,0,2,0,22,0.031523201075991936,0.0,226.0,240.9999999999999
F8_16.5,N17,N24,800.0,1,2400.0,2398.3945232037318,41,3,41,58,1.6054767962683627,3998.3945232037318,33.04317864974337,39.17584823640713,1,1,13.0,13.0,45,52,10.366140764203474,106.24627193657352,10.263185394105227,233.81008512152403,0,0,0,6,6,102,0.05884330867518494,0.0304724277067922,158.0,176.0
F8_9.5,N17,N24,800.0,1,2400.0,2393.5685273255367,39,3,39,52,6.431472674463521,3993.5685273255367,33.04317864974337,39.48245308014265,1,1,23.0,23.0,42,51,10.110441410245903,104.2092985807667,10.207907178410975,232.42109429457057,0,0,0,5,5,94,0.04833557498318763,0.02951166417042734,161.0,194.0
F4_14.2,N17,N24,800.0,1,2400.0,2393.8659149359673,38,3,38,53,6.134085064032661,3993.8659149359673,33.04317864974337,39.48245308014265,-1,1,28.0,28.0,41,49,9.382450299888715,10.889791767472389,9.245941691580407,275.94103651113386,0,0,0,4,4,94,0.02101546738399462,0.029513572295791185,195.0,169.9999999999999
F8_7.3,N17,N16,800.0,1,2400.0,2393.8956792583963,3,3,13,3,6.1043207416038285,3993.8956792583963,34.128045194049506,32.30470750563122,-1,1,18.0,18.0,41,17,10.089627252392319,109.0366439349491,11.15504249996145,245.12846205441852,0,2,0,2,0,19,0.05674176193678548,0.003152320107599193,204.0,241.0
F4_15.4,N17,N24,800.0,1,2400.0,2394.57714549945,59,6,59,46,5.422854500549761,3994.57714549945,33.95238253758309,38.25093706161443,-1,1,22.0,22.0,67,92,9.552358160651043,58.499181596763265,9.552358160651043,292.57309576476547,0,1,0,1,1,111,0.035726294552790853,0.04518325487558844,196.0000000000001,161.0
F3_18.5,N17,N24,800.0,1,2400.0,2392.876223215712,49,6,49,40,7.123776784288225,3992.876223215712,33.76944916640747,38.22214048198839,1,1,34.0,34.0,59,86,8.774443307314355,170.38491342425073,9.857280658934206,265.9143016860714,0,0,0,4,4,95,0.0336247478143914,0.04815846567446326,170.9999999999999,190.0
F8_11.10,N17,N24,800.0,1,2400.0,2398.1313728693176,69,6,69,46,1.8686271306822846,3998.1313728693176,33.90578747293049,37.62779971376388,1,1,1.0,1.0,75,98,7.703481366332877,253.48608492757717,4.915843799915518,256.96308330018917,0,0,0,13,13,121,0.07145258910558171,0.05043712172158709,162.9999999999999,178.0
F4_16.7,N17,N24,800.0,1,2400.0,2392.65058915672,64,6,64,45,7.349410843279998,3992.65058915672,33.88764991312863,37.74686431019514,-1,1,5.0,5.0,70,98,7.889649003848433,12.113450514111719,9.065898168100782,284.94445492363883,0,2,0,6,6,115,0.0336247478143914,0.05043712172158709,193.9999999999999,206.0
F4_12.8,N17,N24,800.0,1,2400.0,2399.641164505939,82,6,82,44,0.3588354940612817,3999.641164505939,33.82349079104742,37.206612497983485,-1,1,39.0,39.0,91,97,8.446060865660927,91.04535826549431,7.565459702508249,277.93032460945994,0,0,0,16,16,132,0.0672494956287828,0.05677239551259251,150.0,221.0
F8_16.9,N17,N24,800.0,1,2400.0,2392.9371937045585,73,6,73,45,7.062806295441419,3992.9371937045585,33.97566880598748,37.30928694323998,-1,-1,39.0,39.0,82,93,9.156146432164325,11.137636580243225,9.355823323894127,251.87326333725355,0,0,0,6,6,124,0.07145258910558171,0.05043712172158709,226.0000000000001,201.0
F3_18.6,N17,N24,800.0,1,2400.0,2394.6144471911566,82,6,82,44,5.385552808843386,3994.6144471911566,34.24998905216249,37.271706856537996,-1,-1,10.0,10.0,90,97,9.200092542763592,200.0,9.200092542763592,286.45011920588775,0,1,5,0,0,132,0.004203093476798925,0.056741761936785484,177.0000000000001,222.0
F3_17.5,N17,N24,800.0,1,2400.0,2390.719033192662,81,6,81,44,9.280966807337563,3990.719033192662,33.892480873435076,37.206612497983485,1,1,40.0,40.0,91,97,5.936200792653372,132.33019872572072,10.220576701602692,305.28918751884487,0,2,2,8,7,131,0.044522008940775,0.05674176193678547,168.9999999999999,220.0
F8_14.9,N17,N24,800.0,1,2400.0,2392.412374016434,73,6,73,46,7.587625983565886,3992.412374016434,34.05503671886477,37.28958121599919,-1,-1,37.0,37.0,82,92,9.83162075758272,10.831166707241891,9.345184849484129,252.15280524567922,0,0,1,5,5,125,0.07145258910558171,0.05253866845998655,233.0,253.0
F8_16.8,N17,N24,800.0,1,2400.0,2391.900490776263,70,6,70,44,8.099509223737186,3991.900490776263,33.90578747293049,37.48052592448309,0,0,1.0,1.0,77,97,10.348582198121656,25.753908727386943,9.761480488020833,252.57268699687688,0,0,0,4,4,120,0.07423628227786472,0.05043712172158709,237.0,257.0
F3_12.3,N17,N24,800.0,1,2400.0,2393.2339458251918,96,9,96,63,6.76605417480846,3993.2339458251918,33.8582780511386,37.02721310524343,-1,-1,13.0,13.0,115,101,5.483783666494447,184.5008027604556,9.033717416996316,312.15209916562293,0,3,10,8,6,168,0.03992938802958978,0.0914172831203766,175.0,214.0
F8_11.13,N17,N24,800.0,1,2400.0,2391.9524469107664,92,5,92,59,8.047553089233816,3991.9524469107664,33.930469469551056,37.14698070840752,-1,-1,35.0,35.0,106,102,6.962927365081636,30.39130387074715,9.153707003948725,274.5057207522091,0,4,3,26,26,156,0.09246805648957633,0.07250336247478144,236.0,188.0
F4_16.6,N17,N24,800.0,1,2400.0,2394.5839489439813,87,5,87,43,5.416051056018659,3994.5839489439813,34.24998905216249,37.27088895628646,1,-1,7.0,7.0,96,99,8.397454830934025,12.093853172080344,10.016431543191,279.11524228055254,0,0,5,14,14,135,0.0672494956287828,0.0577925353059852,240.0,230.0
F4_16.8,N17,N24,800.0,1,2400.0,2392.599483398232,92,6,92,53,7.400516601767549,3992.599483398232,33.983786265382044,37.23923597060327,-1,1,6.0,6.0,102,106,3.134745535455226,91.41735937416183,9.336265358833543,392.5565168492867,0,14,0,13,13,151,0.05043712172158709,0.06411875190872385,198.0,234.0
F4_14.9,N17,N24,800.0,1,2400.0,2393.206599241688,87,7,87,42,6.793400758312032,3993.206599241688,33.0663421604312,36.43360253019068,1,-1,3.0,3.0,107,110,8.486062050830386,96.7124353542863,10.067575343861805,274.0366322531685,0,0,17,11,11,136,0.0672494956287828,0.10612811028917284,146.0,168.0
F3_18.8,N17,N24,800.0,1,2400.0,2397.1915428844804,89,8,89,51,2.8084571155196727,3997.1915428844804,33.45867620148367,37.25082828198728,1,1,30.0,30.0,107,107,9.066301881213944,282.64099863456113,10.089687998293087,270.07140410794625,0,0,0,4,3,148,0.031523201075991936,0.08635251905582547,169.0,209.0
F8_14.11,N17,N24,800.0,1,2400.0,2393.940929817246,90,6,90,52,6.0590701827541125,3993.940929817246,33.983786265382044,37.23923597060327,1,1,8.0,8.0,100,105,9.921981382972477,97.22530918163989,9.816401550065994,264.6881132885305,0,0,0,4,2,148,0.0777572293207801,0.06514794889038332,251.0,207.0
F8_15.12,N17,N24,800.0,1,2400.0,2389.595125430947,95,9,95,60,10.40487456905305,3989.595125430947,33.930469469551056,37.1339548984859,-1,-1,29.0,29.0,111,102,6.366352392504714,16.040989504474965,10.596246160743362,285.06394317988253,0,7,6,29,29,164,0.1050773369199731,0.07788489986462716,234.0,207.0
F8_1.12,N17,N16,800.0,1,2400.0,2394.5868141575165,5,21,21,5,5.413185842483472,3994.5868141575165,33.05228004595215,33.61857162426735,-1,1,32.0,32.0,106,31,5.820321598196835,13.697624313284223,9.938023935487841,312.5837969806495,0,8,0,9,2,47,0.09036650975117687,0.004203093476798925,211.0,171.0
F3_17.8,N17,N24,800.0,1,2400.0,2395.3145424312024,90,8,90,47,4.685457568797688,3995.3145424312024,33.45117756454689,37.266444195906125,1,1,18.0,18.0,106,109,8.537061698894142,8.554411029978155,6.85577680291076,271.3714731499974,0,0,0,4,3,145,0.02942165433759247,0.08721418964357769,234.0,190.0
F3_17.10,N17,N24,800.0,1,2400.0,2395.725877834666,86,8,86,43,4.27412216533412,3995.725877834666,32.97344700490177,36.51246519928591,-1,-1,8.0,8.0,108,108,6.102921622875027,9.999674691653809,9.212637389433734,303.14704239304115,0,2,15,8,6,137,0.03992938802958978,0.10612811028917284,188.0,177.0
F3_17.9,N17,N24,800.0,1,2400.0,2397.571595176223,87,8,87,41,2.4284048237769866,3997.571595176223,33.07535909589728,36.384217380489524,-1,-1,1.0,1.0,107,108,6.561898706725077,53.05016084230488,8.090442487685323,301.8349099725904,0,2,17,10,8,136,0.04203093476798924,0.10612811028917284,187.0,183.0
F8_13.8,N17,N24,800.0,1,2400.0,2395.591000773938,85,9,85,47,4.408999226061951,3995.591000773938,33.143400915521994,36.92335927625088,-1,-1,38.0,38.0,101,106,7.254473224255309,12.728454905115086,8.787147253539198,296.49017706508215,0,3,0,7,0,141,0.0882649630127774,0.09667114996637526,249.0,172.0
F3_19.10,N17,N24,800.0,1,2400.0,2392.460999969426,106,6,106,39,7.5390000305737885,3992.460999969426,31.739843998185204,35.714902802115546,1,1,32.0,32.0,123,141,7.386681954070814,386.21519840056817,8.910336889412173,276.48051750373264,0,0,14,5,5,151,0.037827841291190316,0.11778254124515705,165.0,195.0
F3_18.10,N17,N24,800.0,1,2400.0,2394.154327465882,98,6,98,43,5.84567253411808,3994.154327465882,32.300603810753444,35.967485035411954,-1,-1,34.0,34.0,116,148,4.9089758381471675,34.8658325741585,8.942657006001996,319.115328325751,0,3,0,9,8,147,0.046234028244788165,0.10648643061717779,209.0,198.0
F4_11.12,N17,N24,800.0,1,2400.0,2390.702273506561,107,6,107,40,9.297726493438745,3990.702273506561,31.651489985342852,35.715586062598064,-1,1,25.0,25.0,124,139,7.987895132530419,141.40700832210132,9.651610847779269,291.2620628324382,0,2,10,8,8,153,0.025218560860793545,0.11902177218279637,191.0,187.0
F8_7.9,N17,N16,800.0,1,2400.0,2394.5149845202777,8,27,21,8,5.4850154797222785,3994.5149845202777,31.603708278348797,33.43020615623136,-1,1,19.0,19.0,132,45,2.8318539218551764,9.12532696534754,7.913631440905641,389.4831365583459,0,20,0,46,0,56,0.16812373907195696,0.004203093476798925,193.0,158.0
F8_1.14,N17,N16,800.0,1,2400.0,2398.0102798746784,6,26,20,6,1.9897201253216963,3998.0102798746784,31.578495716939024,33.618709521129446,-1,1,26.0,26.0,125,45,3.840407496571517,11.250114265674483,8.439704996631713,377.0995731783637,0,18,0,9,3,52,0.08936413646657163,0.004203093476798925,202.0,166.0
F3_19.13,N17,N24,800.0,1,2400.0,2397.5554881266,104,5,104,53,2.4445118734000744,3997.5554881266,31.445210912011916,35.632935659673656,-1,-1,4.0,4.0,130,156,7.329293481539859,9.692179987741383,8.330628375268228,291.1676863738217,0,2,33,10,8,162,0.0609448554135844,0.12399125756556825,173.0,182.0
F8_1.13,N17,N16,800.0,1,2400.0,2390.5663393490377,7,26,20,7,9.433660650962338,3990.5663393490377,31.578495716939024,33.43020615623136,-1,1,23.0,23.0,129,44,4.089557615611855,11.326904432906076,8.574955877945056,381.6334029521195,0,20,0,10,4,53,0.09036650975117687,0.004203093476798925,206.0,177.0
F4_19.9,N17,N24,800.0,1,2400.0,2399.8430862558043,106,6,106,46,0.15691374419554904,3999.8430862558043,31.551829784929488,35.715586062598064,-1,1,17.0,17.0,122,142,6.757478919957848,60.59700003773469,8.925205761074254,317.5454553762207,0,5,1,13,13,158,0.0609448554135844,0.11552752811980083,204.0,222.0
F3_18.11,N17,N24,800.0,1,2400.0,2399.3723839724416,102,4,102,59,0.627616027558588,3999.3723839724416,30.866285442046046,35.27644887848544,1,1,11.0,11.0,127,138,8.014803438716983,43.310389905201646,7.781567557645537,280.8590838727474,0,0,3,7,6,165,0.05674176193678548,0.11350264794889037,174.0,160.0
F4_16.14,N17,N24,800.0,1,2400.0,2395.15752174097,103,4,103,55,4.842478259029917,3995.15752174097,31.248212098336325,35.499740275183,-1,1,36.0,36.0,128,146,7.970478530449224,16.515466409593046,10.034550197681636,294.39378456484104,0,1,25,9,9,162,0.04203093476798924,0.1240099828263692,205.0,159.0
F8_7.10,N17,N16,800.0,1,2400.0,2398.980299015688,11,43,29,11,1.019700984311953,3998.980299015688,30.902094696152623,33.33535451904624,-1,1,29.0,29.0,126,45,4.062012863818335,9.52484947421749,7.516122758249618,335.53968840448437,0,8,0,47,0,83,0.15341291190316073,0.006304640215198386,216.0,176.0
F3_19.14,N17,N24,800.0,1,2400.0,2399.612152801411,103,3,103,58,0.3878471985890428,3999.612152801411,30.618785556686742,34.71388013032115,1,1,27.0,27.0,135,124,8.890512339452817,46.4481075956528,9.360287277355857,271.2881214975735,0,0,10,6,6,164,0.05674176193678548,0.11768661735036988,171.0,182.0
F3_17.11,N17,N24,800.0,1,2400.0,2399.516464375342,105,3,105,58,0.4835356246582023,3999.516464375342,30.618785556686742,34.70865766676732,1,1,25.0,25.0,138,123,8.593551614998095,10.5071066805167,9.225050577457942,270.44592776564434,0,0,9,7,7,166,0.05884330867518494,0.11727555909898664,175.0,177.0
F4_14.13,N17,N24,800.0,1,2400.0,2392.618136638708,103,3,103,58,7.381863361291721,3992.618136638708,30.618785556686742,34.71388013032115,-1,1,27.0,27.0,135,124,6.738246228674574,56.683022997878425,8.521278266019046,287.10687065533625,0,1,10,6,6,164,0.04203093476798924,0.11768661735036988,201.0,169.0
F8_13.10,N17,N24,800.0,1,2400.0,2398.689326538975,105,4,105,50,1.3106734610250896,3998.689326538975,31.578495716939024,35.68559458264061,-1,-1,24.0,24.0,128,151,2.831738615850075,9.459390607982186,8.6632260374789,378.5327337095123,0,20,21,44,44,159,0.15347676341116992,0.1187373907195696,323.0,180.0
F4_9.15,N17,N24,800.0,1,2400.0,2398.922860595052,100,3,100,59,1.0771394049480705,3998.922860595052,30.786465304057657,34.76107235499172,-1,1,35.0,35.0,134,123,8.927418105512437,221.62117731106673,9.901694345749616,289.62712101656786,0,1,24,2,2,162,0.0168123739071957,0.1200957485661856,207.0,177.0
F8_7.13,N17,N16,800.0,1,2400.0,2397.3874377814636,11,44,29,11,2.6125622185362545,3997.3874377814636,30.494864422748645,33.606257168783785,1,-1,0.0,0.0,144,48,9.222203729615456,11.127730843565132,9.905822789763638,359.36761356838764,0,18,1,13,5,84,0.0672494956287828,0.011558507061197041,225.0,163.0
F3_17.13,N17,N24,800.0,1,2400.0,2392.1381799429905,102,3,102,64,7.861820057009481,3992.1381799429905,30.493184377903404,34.58122807863751,-1,-1,36.0,36.0,144,142,8.495484754312292,13.19140705368136,9.017344998345122,275.11808822328663,0,0,6,12,11,169,0.07145258910558171,0.10717888365837257,211.0,196.0
F3_12.7,N17,N24,800.0,1,2400.0,2399.1613377376298,105,2,105,69,0.8386622623700077,3999.1613377376298,30.505133348288066,34.423417313429766,-1,-1,2.0,2.0,145,141,7.29230222386211,194.49117700791885,7.866754221433738,286.65729723920924,0,1,19,17,16,176,0.08196032279757902,0.11243275050437124,181.0,195.0
F8_7.12,N17,N16,800.0,1,2400.0,2394.9133730816484,12,45,26,12,5.086626918351726,3994.9133730816484,30.494303059271957,33.55781390089184,-1,1,41.0,41.0,146,49,8.559194030356853,30.043164920399022,10.406591912211617,359.4634244151005,0,16,0,15,6,83,0.0672494956287828,0.01148733455423776,233.0,178.0
F4_9.16,N17,N24,800.0,1,2400.0,2397.1624215204065,106,3,106,58,2.837578479593617,3997.1624215204065,30.5556679145148,34.7081679207962,-1,1,16.0,16.0,139,129,7.817417572131644,12.87740065128014,9.78087617784726,273.7084413937797,0,1,0,9,9,167,0.05043712172158709,0.11100890003497746,197.0,236.0
F4_17.16,N17,N24,800.0,1,2400.0,2392.4268967267612,105,1,105,62,7.573103273238644,3992.4268967267612,30.09146026158752,34.07855197350039,-1,1,5.0,5.0,140,125,5.981475310042709,16.589531159649823,8.005161986466126,308.03416520570755,0,5,1,10,10,168,0.054640215198386015,0.10654964610054768,194.0,220.0
F8_11.18,N17,N24,800.0,1,2400.0,2399.267990679771,95,4,95,69,0.7320093202285989,3999.267990679771,30.902094696152623,35.16571234249834,-1,-1,27.0,27.0,128,137,4.174210504598695,8.93571557121345,7.709296439627151,338.1730263699027,0,9,14,48,47,168,0.1555144586415602,0.11978816408876936,330.0,237.0
F4_16.16,N17,N24,800.0,1,2400.0,2394.761619006803,107,1,107,70,5.238380993197211,3994.761619006803,30.085532586701213,34.066891997763285,1,-1,2.0,2.0,145,126,8.382179065606637,381.6706490105403,8.37759571178516,272.5470132587634,0,0,23,6,6,178,0.046234028244788165,0.1145342972427707,143.0,235.0
F3_18.12,N17,N24,800.0,1,2400.0,2393.464706375961,106,1,106,62,6.535293624039014,3993.464706375961,30.09146026158752,34.07855197350039,1,1,4.0,4.0,141,126,8.860720819390773,10.817256233977105,8.23546096878353,270.88633206440073,0,0,1,10,9,169,0.0672494956287828,0.10632378264651246,223.0,201.00000000000023
F3_17.14,N17,N24,800.0,1,2400.0,2391.883163608663,103,1,103,62,8.11683639133696,3991.883163608663,30.09146026158752,34.07777520139008,1,1,6.0,6.0,138,124,9.109540457689956,318.27565518246865,9.684890134488107,268.95195789299527,0,0,2,9,8,166,0.0672494956287828,0.10738640825691691,177.0,248.00000000000023
F2_19.3,N17,N24,800.0,1,2400.0,2393.500523968917,108,1,108,70,6.499476031083077,3993.500523968917,30.12513752426058,34.04102985814773,-1,-1,11.0,11.0,149,132,5.409205907919897,8.899739728883105,7.8738015248415545,318.40682264458763,0,7,22,16,14,179,0.07495354911970406,0.11138197713517149,206.0,187.99999999999977
F4_17.19,N17,N24,800.0,1,2400.0,2392.5334789247863,103,1,103,66,7.466521075213564,3992.5334789247863,29.920217349596196,34.05632990495687,-1,1,32.0,32.0,137,124,8.594701674272091,11.62847572590249,9.106074301206336,276.17221930970663,0,0,13,7,7,170,0.05253866845998655,0.11243275050437124,197.0,185.99999999999977
F8_7.16,N17,N16,800.0,1,2400.0,2392.5721729755755,1,69,43,1,7.427827024424573,3992.5721729755755,29.48166661941628,33.30362878854275,1,-1,5.0,5.0,121,73,9.472967440636184,576.4038321771034,9.577810828139759,430.18100899190387,0,9,0,4,0,113,0.02101546738399462,0.00840618695359785,141.0,153.00000000000023
F3_12.6,N17,N24,800.0,1,2400.0,2397.9018574384813,104,3,104,62,2.098142561518671,3997.9018574384813,30.50285716525402,34.61831363890113,1,1,4.0,4.0,138,136,8.823003505213066,126.68018765620582,9.210557515150018,266.93038875151075,0,0,0,10,10,169,0.0609448554135844,0.10612811028917284,174.0,403.0
F4_17.20,N17,N24,800.0,1,2400.0,2392.385058298598,100,1,100,66,7.614941701402245,3992.385058298598,29.75386094626121,34.02538340235243,-1,1,12.0,12.0,130,125,5.906348222473679,10.371605123921654,8.537449861392446,318.6643304894864,0,5,0,9,9,167,0.05253866845998655,0.10717888365837258,197.0,227.99999999999977
F3_19.15,N17,N24,800.0,1,2400.0,2393.4285657915193,101,1,101,65,6.571434208480582,3993.4285657915193,29.893175483782805,34.04283331663107,1,1,24.0,24.0,134,128,8.500857790123643,8.228798045187432,7.024713663054474,279.39157708778384,0,0,3,12,11,167,0.05674176193678548,0.11144687206406222,185.0,248.00000000000023
F4_17.21,N17,N24,800.0,1,2400.0,2398.7953565090356,102,1,102,65,1.2046434909644859,3998.7953565090356,29.837191572343976,34.01961736116967,-1,1,15.0,15.0,134,126,6.38061749794338,9.153762614513198,8.496530403564618,311.9710033186761,0,4,0,8,8,168,0.05253866845998655,0.10804386993168968,198.0,230.00000000000023
F8_16.13,N17,N24,800.0,1,2400.0,2390.8279143136097,103,3,103,65,9.172085686390119,3990.8279143136097,30.51910971495268,34.56055982993221,-1,-1,32.0,32.0,146,144,3.3442759350223,11.705713961140873,9.272098201568326,400.61953679848006,0,17,8,53,52,171,0.13660053799596505,0.10928043039677203,406.0,182.99999999999977
F8_11.21,N17,N24,800.0,1,2400.0,2318.761833463569,103,3,103,66,81.2381665364311,3918.761833463569,30.51910971495268,34.5372618554124,-1,-1,30.0,30.0,146,145,2.992388122964271,11.274067973889714,8.63882899054075,413.6652912214064,0,18,9,51,50,172,0.13660053799596505,0.10928043039677204,402.0,194.99999999999977
F8_9.15,N17,N24,800.0,1,2400.0,2395.549879301511,105,3,105,63,4.450120698489286,3995.549879301511,30.50285716525402,34.60173082879825,1,1,2.0,2.0,141,135,3.788564236927465,13.944989226442203,8.346336268477343,364.75997386469066,0,19,0,50,49,171,0.13848549848654718,0.10413540826095846,418.0,209.00000000000023
F8_7.15,N17,N16,800.0,1,2400.0,2399.6734968648416,2,71,44,2,0.32650313515830476,3999.6734968648416,29.480843971987845,33.32048476401863,1,-1,2.0,2.0,123,72,9.53596094994928,34.31177459945411,11.456757838296532,427.7485060770344,0,6,0,5,1,117,0.02101546738399462,0.00840618695359785,161.0,221.00000000000023
F4_11.14,N17,N24,800.0,1,2400.0,2396.384216084446,107,1,107,62,3.6157839155539477,3996.384216084446,30.231121072732936,34.193931768119924,-1,1,21.0,21.0,144,135,6.776210491023981,19.482802991914696,8.79093874489741,303.55200353883504,0,4,0,8,8,170,0.054640215198386015,0.11218181736424031,198.0,425.0
F8_11.20,N17,N24,800.0,1,2400.0,2393.7210822479055,102,2,102,67,6.27891775209423,3993.7210822479055,30.505133348288066,34.430484134243564,-1,-1,1.0,1.0,142,140,2.227723363850126,28.476076455727934,10.457473600412824,493.7896833388914,0,32,17,55,55,171,0.14710827168796234,0.11243275050437124,467.0,198.0
F2_12.13,N17,N24,800.0,1,2400.0,2397.9841510201454,46,12,46,72,2.015848979854468,3997.9841510201454,29.225148326805275,33.53820720803469,-1,-1,11.0,11.0,81,210,4.40506655097892,62.579429019273675,7.820734730041764,356.5852706615156,0,11,37,14,8,130,0.06304640215198387,0.11558507061197042,198.99999999999977,172.0
F8_7.21,N17,N16,800.0,1,2400.0,2394.1474936505074,11,65,88,11,5.852506349492501,3994.1474936505074,28.822322461161647,32.81220104334116,-1,1,17.0,17.0,83,86,7.638998970554209,200.0,7.638998970554209,262.7486963488828,0,0,0,0,0,164,0.004203093476798925,0.003152320107599193,212.0,237.0
F8_14.31,N17,N16,800.0,1,2400.0,2394.680190646219,41,48,97,41,5.31980935378067,3994.680190646219,29.67464071665131,32.4403635279599,-1,1,31.0,31.0,124,165,7.114909101943825,30.067126589465943,8.313521354052765,257.91962388151256,0,3,4,10,6,186,0.0777572293207801,0.05465935807724061,216.0,187.0
F8_11.38,N17,N16,800.0,1,2400.0,2168.86705987901,33,49,121,33,231.13294012099004,3768.86705987901,29.374279747930647,32.47189833395824,-1,1,26.0,26.0,113,126,5.15084109581813,99.19237074634998,10.10143045298367,265.6265045506746,0,2,5,4,3,203,0.054640215198386015,0.022085373997055617,123.0,542.0
F8_13.27,N17,N16,800.0,1,2400.0,2020.9657940368434,34,51,113,34,379.0342059631564,3620.9657940368434,29.38650641846212,32.434124790346054,-1,1,3.0,3.0,129,129,5.408899688462049,11.969105051817678,10.817799376924098,260.46293680895803,0,3,2,2,2,198,0.035470681809592085,0.025237699677217,107.0,600.0
F8_14.29,N17,N16,800.0,1,2400.0,2394.340338778088,19,69,119,19,5.659661221911847,3994.340338778088,29.28897630230069,32.58141456428196,-1,1,17.0,17.0,82,107,8.23053467910147,86.78454097167605,10.045459067917482,250.5554207431443,0,1,2,6,6,207,0.046234028244788165,0.016204555266391585,198.0,607.0
F8_11.37,N17,N16,800.0,1,2400.0,2392.9110328494935,29,58,122,29,7.088967150506619,3992.9110328494935,29.349023176170043,32.5129988082565,-1,1,40.0,40.0,100,123,9.928507040347828,25.943164416152285,10.019812320152736,245.04996658430827,0,0,4,7,6,209,0.04203093476798924,0.018100741020678907,162.0,593.0
F8_11.36,N17,N16,800.0,1,2400.0,2394.9540230768066,26,62,124,26,5.04597692319328,3994.9540230768066,29.349023176170043,32.53721346878044,1,-1,1.0,1.0,94,122,9.990239440178584,118.18850491588705,11.129305695365959,245.20799656390986,0,0,6,5,4,212,0.0441324815063887,0.01891392064559516,163.0,603.0
F4_13.24,N17,N16,800.0,1,2400.0,2396.639555713492,23,63,126,23,3.3604442865078,3996.639555713492,29.312954355992687,32.60729777723924,-1,-1,27.0,27.0,99,115,7.1633605892471355,44.289745799107095,10.089078076195754,297.9447572550527,0,3,1,18,10,212,0.0945696032279758,0.017863147276395427,207.0,588.0
F8_9.31,N17,N16,800.0,1,2400.0,2392.15044262364,57,38,99,57,7.849557376359826,3992.15044262364,29.635531511076618,32.17939682303668,-1,1,19.0,19.0,156,181,5.885811695377711,11.567514768055617,10.652244684635736,282.38465601593947,0,7,16,9,9,194,0.0672494956287828,0.08618297976773763,202.0,191.0
F8_9.33,N17,N16,800.0,1,2400.0,2398.561129691637,61,37,99,61,1.4388703083632208,3998.561129691637,29.6325458651436,32.182734791670946,-1,1,13.0,13.0,164,186,6.95933190016914,9.269006834094625,8.653059469369605,287.15171183888134,0,9,11,18,16,197,0.10717888365837257,0.08626818978515916,203.0,236.0
F8_9.32,N17,N16,800.0,1,2400.0,2394.655599997717,54,37,100,54,5.344400002282896,3994.655599997717,29.635531511076618,32.18233460643365,-1,1,23.0,23.0,153,183,7.413941499025677,223.4350847350497,9.482322260430827,275.1436874317065,0,5,20,17,15,191,0.10087424344317418,0.08564193094658196,204.0,248.0
F8_13.33,N17,N16,800.0,1,2400.0,2395.414303766667,63,32,93,63,4.5856962333325555,3995.414303766667,29.43028257179126,32.08261877583274,-1,1,31.0,31.0,184,193,8.518419198945079,18.196432387879668,8.741525281297854,253.27081688048247,0,1,30,17,15,188,0.10297579018157364,0.10509646628664626,220.0,242.0
F4_17.34,N17,N24,800.0,1,2400.0,2398.454221027959,24,60,24,74,1.5457789720408073,3998.454221027959,29.243430800328593,27.934797326483228,-1,1,7.0,7.0,187,189,5.97399537966517,525.1016576384607,9.053597236079455,306.9250221423139,0,6,0,7,4,158,0.05884330867518494,0.029201174644986116,177.0,149.0
F4_12.33,N17,N24,800.0,1,2400.0,2395.001540238659,18,64,18,95,4.998459761340882,3995.001540238659,29.269630266584432,27.676465763699163,1,-1,39.0,39.0,194,155,8.109878101614337,8.98933693433355,8.639364837737169,317.48877326530334,0,7,0,6,4,177,0.04833557498318763,0.024167787491593814,168.0,160.0
F4_19.31,N17,N24,800.0,1,2400.0,2395.6281187889635,17,65,17,93,4.371881211036566,3995.6281187889635,29.280458298007005,27.678229959808558,1,-1,41.0,41.0,195,158,7.198747975335192,10.645654621342374,8.273619370943807,328.06229017356196,0,10,0,5,3,175,0.04815865421076039,0.024167787491593814,187.0,141.0
F4_16.25,N17,N16,800.0,1,2400.0,2396.174933595416,34,51,114,34,3.8250664045840495,3996.174933595416,29.385970274286908,32.434669674987184,1,1,1.0,1.0,130,130,8.758399422984192,20.66126341622794,9.569340779574222,277.49229156063024,0,0,2,14,4,199,0.07355413584398117,0.02628847304641673,246.0,734.0
F8_13.0,N17,N24,800.0,-1,2400.0,1474.5045389451457,24,0,24,54,674.4077152006253,3074.5045389451457,53.333333333333336,0.0,-2,1,14.0,14.0,38,5,10.287808006955279,117.95824589853794,10.287808006955279,234.72155218828925,0,0,0,1,1,78,0.006304640215198386,0.006304640215198386,76.0,161.0
F8_14.0,N17,N24,800.0,-1,2400.0,1002.6479207855054,42,0,42,64,202.62224558370679,2602.6479207855054,42.9628516085602,38.430540827147404,-2,-1,0.0,0.0,66,11,10.370204578130394,47.58932139482249,8.430796208597211,228.2635065696652,0,0,0,5,5,106,0.025218560860793545,0.013660053799596504,23.0,159.0
F8_14.1,N17,N24,800.0,-1,2400.0,1004.6418042745563,60,2,60,63,204.61607155106344,2604.6418042745563,40.60852532797865,38.09569270296113,-2,-1,32.0,32.0,98,24,10.488177882005486,17.922616589669815,10.526754595258257,236.52325679700664,0,0,0,12,11,125,0.05253866845998655,0.03467552118359113,17.999999999999943,127.0
F8_7.2,N17,N16,800.0,-1,2400.0,1047.9366721295728,6,56,56,6,247.90957159793072,2647.936672129573,39.57441601992878,36.05155519196704,-2,1,11.0,11.0,101,30,10.578510733308196,114.00891987261525,8.991006187943727,214.81285494844704,0,0,0,2,1,118,0.006304640215198386,0.003152320107599193,19.0,121.0
F4_14.0,N17,N24,800.0,-1,2400.0,1382.8052428758833,41,0,41,59,582.7469330658084,2982.8052428758833,44.264367816091955,41.73913043478261,-2,-1,16.0,16.0,64,7,10.530007486607046,39.35657460759609,12.28479930533736,225.16102034685062,0,0,0,7,7,100,0.0168123739071957,0.010507733691997312,62.0,153.0
F4_17.2,N17,N24,800.0,1,2400.0,1697.8237755584732,41,0,41,58,702.1762244415266,3297.8237755584732,43.019157088122604,41.73913043478261,1,-1,17.0,17.0,65,7,10.498205971376796,297.9437433450612,8.936402554632402,239.5860221965498,0,0,0,0,0,99,0.07985877605917956,0.010507733691997312,86.0,139.0
F8_7.1,N17,N16,800.0,-1,2400.0,1069.1987347559677,5,53,53,5,269.1708693349243,2669.198734755968,40.60852532797865,37.560637936064204,-2,1,26.0,26.0,103,31,12.252334059038064,924.2207769673939,12.252334059038064,210.5943458107413,0,0,0,1,1,111,0.006304640215198386,0.003152320107599193,28.999999999999943,150.0
F8_17.0,N17,N24,800.0,1,2400.0,2399.8481353712596,27,0,27,53,0.1518646287405545,3999.8481353712596,53.333333333333336,0.0,1,1,9.0,9.0,44,5,12.024388454925345,11.121405368604655,9.346813951954593,198.11561071960594,0,0,0,6,3,80,0.0609448554135844,0.006304640215198387,152.0,163.0
F6_15.0,N17,N24,800.0,1,2400.0,2398.4540081832356,37,0,37,55,1.5459918167642854,3998.4540081832356,46.52873563218391,41.73913043478261,-1,-1,26.0,26.0,62,6,9.858187381463352,53.91769457410942,10.72377264222788,207.01086818771222,0,3,0,17,7,92,0.09036650975117687,0.010507733691997312,138.00000000000006,156.0
F8_11.1,N17,N24,800.0,-1,2400.0,896.907424460213,65,3,65,69,96.88425121960847,2496.907424460213,38.968760330259,38.09569270296113,-2,-1,1.0,1.0,100,29,10.52243876866929,24.678313118429628,11.013535274196096,236.61686612183027,0,0,0,14,10,137,0.0672494956287828,0.05148789509078683,9.0,162.0
F8_11.2,N17,N24,800.0,1,2400.0,2393.903115878781,24,0,24,54,6.096884121219091,3993.903115878781,53.333333333333336,0.0,1,1,14.0,14.0,38,5,12.786203186940767,12.143638568932602,10.570280552141346,200.06338929427903,0,0,0,4,2,78,0.05884330867518494,0.006304640215198386,154.99999999999994,170.0
F8_13.5,N17,N24,800.0,1,2400.0,2394.841859078075,29,0,29,53,5.15814092192511,3994.841859078075,53.333333333333336,0.0,1,1,7.0,7.0,46,5,11.356981353941686,12.959897549332254,10.384230460793214,198.19979931378532,0,0,0,10,4,82,0.07565568258238063,0.006304640215198387,167.0,157.0
F8_16.1,N17,N24,800.0,1,2400.0,2391.1890420295113,19,0,19,53,8.810957970488857,3991.1890420295113,53.333333333333336,0.0,1,1,34.0,34.0,29,4,12.471314244878148,25.911778625959187,12.655804759987817,200.47891610735175,0,0,0,7,1,72,0.08406186953597848,0.0021015467383994624,176.0,171.0
F8_13.6,N17,N24,800.0,-1,2400.0,1135.3685029850053,63,3,63,66,335.33775775798676,2735.3685029850053,39.57441601992878,38.09569270296113,-2,-1,8.0,8.0,101,27,10.268037523947552,28.07829592514537,9.467538826889001,236.48559116575572,0,0,0,18,15,132,0.0672494956287828,0.0504371217215871,36.0,154.0
F8_15.1,N17,N24,800.0,-1,2400.0,884.9096356537602,62,4,62,71,84.88668896136323,2484.9096356537602,38.76290694826202,38.09569270296113,-2,1,34.0,34.0,91,30,10.219865470443889,77.91392960557312,11.344511304313494,237.81265513070235,0,0,0,14,9,137,0.0672494956287828,0.05358944182918629,9.0,168.0
F8_13.4,N17,N24,800.0,1,2400.0,2167.0457562020265,40,0,40,61,232.95424379797362,3767.0457562020265,44.62749425287357,38.430540827147404,-1,-1,12.0,12.0,63,8,7.500311752089239,11.504048928010434,10.715291359238558,219.6883308431705,0,5,0,14,4,101,0.09191998811539609,0.010507733691997312,141.99999999999994,157.0
F4_13.0,N17,N24,800.0,1,2400.0,2397.9865387187056,19,0,19,53,2.0134612812945534,3997.9865387187056,53.333333333333336,0.0,-1,1,34.0,34.0,29,4,10.044225842867956,12.479660318507513,9.860493761471316,244.83247848501043,0,0,0,6,6,72,0.05674176193678548,0.0021015467383994624,219.0,151.0
F8_15.0,N17,N24,800.0,1,2400.0,1661.929710229016,47,0,47,66,738.0702897709839,3261.929710229016,42.82033550090294,38.430540827147404,1,1,34.0,34.0,73,12,9.844108285543134,44.58993891580849,7.871012020398158,206.69613622218975,0,0,0,0,0,113,0.06700533762174696,0.01707245822315266,103.0,172.0
F4_17.0,N17,N24,800.0,1,2400.0,2006.2832827831057,31,0,31,54,393.7167172168943,3606.2832827831057,53.333333333333336,0.0,1,-1,41.0,41.0,52,6,6.410344123425994,27.49710896084639,9.317361036807045,253.5142578138844,0,1,0,3,3,85,0.08165298545324241,0.007355413584398118,179.0,158.0
F4_17.1,N17,N24,800.0,-1,2400.0,1070.0588725177174,70,5,70,74,270.03097470846694,2670.0588725177176,38.72840030721259,38.09569270296113,-2,1,24.0,24.0,101,36,9.952338003277275,28.35201533399004,8.709247756561979,240.5762135682704,0,0,0,21,13,149,0.0672494956287828,0.056741761936785484,30.0,156.0
F8_7.3,N17,N16,800.0,1,2400.0,2110.4755871347425,3,38,54,3,289.52441286525743,3710.4755871347425,42.82033550090294,37.560637936064204,1,-1,30.0,30.0,75,22,9.970693119272957,221.77393830579103,10.479846127270951,208.44317221396182,0,0,0,11,0,95,0.09877269670477472,0.0021015467383994624,157.99999999999994,137.0
F8_9.0,N17,N16,800.0,1,2400.0,2395.597444862299,4,40,49,4,4.402555137700574,3995.597444862299,41.75812690855777,37.560637936064204,1,-1,20.0,20.0,77,25,11.453581963199257,24.33986703708092,11.232345514165887,203.8449782341562,0,0,0,12,1,93,0.09246805648957633,0.0021015467383994624,159.0,146.0
F8_16.2,N17,N24,800.0,-1,2400.0,1291.8695437679653,71,5,71,72,491.86477782662934,2891.8695437679653,38.42971907873855,36.76444323479945,-2,1,13.0,13.0,104,37,9.94750583878692,134.03974307516825,9.53127011774691,242.79950464585642,0,0,0,21,19,148,0.05043712172158709,0.057792535305985215,42.0,189.0
F4_11.1,N17,N24,800.0,1,2400.0,1604.9583527669647,61,2,61,62,795.0416472330352,3204.9583527669647,40.60852532797865,38.09569270296113,1,-1,31.0,31.0,100,25,8.756168090682888,69.7881493590476,10.731906584262497,2.263987984210763,0,0,0,0,0,125,0.24038461538461536,0.0,87.99999999999994,202.0
F4_11.4,N17,N24,800.0,-1,2400.0,1459.8495757661212,65,3,65,69,659.762307756418,3059.8495757661212,38.968760330259,38.09569270296113,-2,-1,1.0,1.0,100,29,9.84346682586355,25.798752260881884,10.182122294178038,236.61686612183027,0,0,0,30,26,137,0.0672494956287828,0.05148789509078683,67.0,196.0
F4_11.0,N17,N24,800.0,1,2400.0,2202.048219789137,31,0,31,53,197.95178021086303,3802.048219789137,53.333333333333336,0.0,-1,1,1.0,1.0,50,6,8.439978555415113,61.85641685909741,9.510221304805748,260.962994297805,0,2,0,8,6,84,0.0777572293207801,0.007355413584398118,191.99999999999994,209.0
F8_16.4,N17,N24,800.0,-1,2400.0,1419.4381659114279,72,5,72,73,619.3691876451563,3019.438165911428,38.51497064732235,36.76444323479945,-2,1,15.0,15.0,105,37,9.395286185090166,31.061476947845364,10.051921875831418,246.18627835187738,0,0,0,28,22,150,0.06514794889038333,0.057792535305985215,59.0,189.0
F4_14.4,N17,N24,800.0,-1,2400.0,1251.3346744288056,71,5,71,72,451.2960203825609,2851.3346744288056,38.42971907873855,36.76444323479945,-2,1,13.0,13.0,104,37,9.473013997281715,103.23504317808676,8.580062960494068,242.79950464585642,0,0,0,26,20,148,0.06514794889038333,0.057792535305985215,43.0,196.0
F4_11.2,N17,N24,800.0,1,2400.0,2361.3211353519932,40,0,40,56,38.678864648006765,3961.3211353519932,46.52873563218391,41.73913043478261,1,-1,21.0,21.0,65,7,9.238637774515992,40.49871568319577,10.91942031103369,239.23349347295664,0,0,0,11,10,96,0.07985877605917956,0.010507733691997312,172.0,212.0
F8_11.3,N17,N24,800.0,1,2400.0,2373.8122606980114,56,0,56,63,26.187739301988472,3973.8122606980114,41.29088805788454,38.430540827147404,1,1,5.0,5.0,90,17,12.014664705076889,66.57722531571653,11.716873097008175,202.07089146009812,0,0,0,9,0,119,0.08730604003765316,0.027320107599193007,152.99999999999994,180.0
F6_17.0,N17,N24,800.0,1,2400.0,2377.8104402871377,61,2,61,62,22.189559712862433,3977.8104402871377,40.60852532797865,38.09569270296113,-1,-1,31.0,31.0,100,25,11.063819685140793,12.481316363811402,10.153698120655157,203.79068324767078,0,2,0,9,6,125,0.06935104236718224,0.03572629455279086,154.0,164.0
F4_17.3,N17,N24,800.0,1,2400.0,2395.9693819291374,42,0,42,62,4.030618070862488,3995.9693819291374,44.57419392867669,38.430540827147404,1,-1,7.0,7.0,65,11,9.732230017589155,19.421981391521513,10.553531709729127,237.58054989058584,0,0,0,12,12,104,0.07355413584398117,0.01050773369199731,160.0,213.0
F4_15.1,N17,N24,800.0,1,2400.0,1634.3109023490342,67,4,67,73,765.689097650966,3234.310902349034,38.81036505920577,38.09569270296113,-1,1,28.0,28.0,97,34,0.0037575017447921233,0.06877393416243649,0.011152356196919469,279.1218052557221,0,7,0,3,3,144,0.08406186953597848,0.05488610307436727,118.0,152.0
F4_14.3,N17,N24,800.0,1,2400.0,2242.360004791579,56,0,56,63,157.63999520842094,3842.360004791579,41.51729813893648,38.430540827147404,-1,1,9.0,9.0,89,15,8.066220735110385,36.14406916837106,8.677269733440287,269.42018089871107,0,7,0,18,18,119,0.09036650975117687,0.026269334229993276,183.00000000000006,161.0
F4_14.6,N17,N24,800.0,1,2400.0,2388.925281134313,63,3,63,66,11.074718865687032,3988.925281134313,39.32676164140788,38.09569270296113,1,-1,6.0,6.0,99,27,10.461582047652378,444.8951099770279,8.527539350870683,241.65607386985187,0,0,0,6,4,132,0.0441324815063887,0.0504371217215871,146.0,157.0
F4_16.1,N17,N24,800.0,1,2400.0,2398.79330853973,50,0,50,66,1.2066914602703491,3998.79330853973,41.75812690855777,38.430540827147404,-1,1,18.0,18.0,80,14,7.605426522448854,11.92576626995151,9.72666757885146,267.93053607513355,0,7,0,10,7,116,0.05884330867518494,0.023117014122394086,194.99999999999994,153.0
F4_14.5,N17,N24,800.0,-1,2400.0,1549.7179959875261,71,8,71,73,749.484527233411,3149.717995987526,36.63888331576834,36.058551975526605,-2,-1,29.0,29.0,103,51,9.354266383105506,10.578152120315124,9.121854412241234,247.4591034576621,0,0,0,38,28,152,0.08406186953597848,0.06619872225958305,85.0,146.0
F4_15.0,N17,N24,800.0,1,2400.0,1612.370306050906,69,5,69,74,787.629693949094,3212.370306050906,38.81036505920577,38.09569270296113,-1,1,26.0,26.0,99,34,0.0,15.6875555677491,10.11288950138421,276.8634391690566,0,8,0,0,0,148,0.08616341627437794,0.055982364301869036,123.0,159.0
F6_14.0,N17,N24,800.0,1,2400.0,1633.4172003331123,76,5,76,69,766.5827996668877,3233.4172003331123,37.79879452600115,36.76444323479945,1,1,2.0,2.0,108,42,5.780179413790558,7.812960137310711,5.780179413790558,201.29497340045677,0,0,0,1,1,150,0.1050773369199731,0.05674176193678547,132.0,186.0
F8_17.2,N17,N24,800.0,1,2400.0,1649.1073130791342,76,8,76,72,750.8926869208657,3249.107313079134,36.98444014702923,36.76444323479945,-1,-1,34.0,34.0,108,51,0.018972949919616705,0.1377761739613561,0.08661374700378453,215.94187143926163,0,8,0,5,5,156,0.10928043039677203,0.061995628782784126,123.0,185.0
F8_16.7,N17,N24,800.0,1,2400.0,2327.0472687833194,70,5,70,73,72.95273121668049,3927.0472687833194,38.79385096215976,37.13551369994116,1,1,22.0,22.0,101,35,11.691552161949843,18.264920961051757,13.666494249139957,199.6847137698356,0,0,0,12,11,148,0.09877269670477472,0.0568277675029569,172.0,177.0
F8_17.1,N17,N24,800.0,1,2400.0,2389.4000872690963,64,3,64,67,10.599912730903839,3989.4000872690963,39.32676164140788,38.09569270296113,-1,-1,3.0,3.0,100,27,7.851552748668469,87.15238194024641,12.809399945779369,225.09768552665471,0,7,0,19,4,134,0.11138197713517149,0.0504371217215871,190.0,179.0
F5_17.1,N17,N24,800.0,1,2400.0,2399.4200764489033,75,5,75,69,0.5799235510967264,3999.4200764489033,37.79879452600115,36.76444323479945,1,1,4.0,4.0,107,42,11.452596450912186,15.645229148663475,11.80835292176435,201.48172916494798,0,0,0,17,16,149,0.1050773369199731,0.0577925353059852,163.0,173.0
F6_16.0,N17,N24,800.0,1,2400.0,2397.5228407715845,64,2,64,62,2.4771592284154167,3997.5228407715845,40.60852532797865,38.09569270296113,-1,-1,27.0,27.0,103,25,9.649500210352434,13.688403800286778,10.615637074208973,212.6564155893392,0,3,0,12,8,128,0.07092712469635573,0.039397153364428894,212.0,187.0
F8_17.3,N17,N24,800.0,1,2400.0,2397.2537398893987,63,4,63,72,2.74626011060127,3997.2537398893987,38.76290694826202,38.09569270296113,1,1,33.0,33.0,92,30,7.8840681465017415,18.76862775742211,12.888255113145895,221.6869231216899,0,0,0,15,2,139,0.10928043039677203,0.05358944182918629,186.0,175.0
F4_14.7,N17,N24,800.0,1,2400.0,2392.8581019262256,63,4,63,70,7.141898073774428,3992.8581019262256,38.69315740220985,38.09569270296113,-1,1,36.0,36.0,93,30,8.882713947275828,46.51049575183288,8.956581951296844,257.51955820209326,0,3,0,12,11,137,0.0777572293207801,0.05253866845998656,165.0,191.0
F8_16.5,N17,N24,800.0,1,2400.0,1898.3752764487394,70,5,70,74,501.6247235512604,3498.3752764487394,38.72840030721259,38.09569270296113,1,1,24.0,24.0,101,36,10.604712400725646,11.179589588716226,9.551008547831461,200.21881355353892,0,0,0,5,5,149,0.09843861251120403,0.056741761936785484,172.0,181.0
F8_16.6,N17,N24,800.0,1,2400.0,2388.755596485013,67,4,67,73,11.244403514987084,3988.755596485013,38.81036505920577,38.09569270296113,1,1,28.0,28.0,97,34,10.300012657565103,45.08008756554182,12.443195214713118,208.68625808389606,0,0,0,12,1,144,0.10087424344317418,0.05488610307436727,189.0,174.0
F5_14.0,N17,N24,800.0,1,2400.0,2386.8556067966874,73,7,73,71,13.144393203312688,3986.8556067966874,37.15014325746095,36.76444323479945,-1,-1,39.0,39.0,105,45,9.814210425239509,91.17429066166028,9.143961611258055,213.86996920357495,0,2,0,13,1,151,0.09877269670477472,0.05884330867518493,160.0,184.0
F8_13.9,N17,N24,800.0,1,2400.0,2388.9031008293273,71,5,71,70,11.096899170672827,3988.9031008293273,38.20491314403315,36.76444323479945,1,1,11.0,11.0,103,38,11.706297721935458,74.69413726564426,14.996026523245336,201.194707896459,0,0,0,13,12,146,0.09877269670477472,0.0577925353059852,174.0,186.0
F4_13.4,N17,N24,800.0,1,2400.0,2391.78035346394,70,5,70,73,8.219646536059713,3991.78035346394,38.79385096215976,37.13551369994116,-1,1,22.0,22.0,101,35,6.697556790665464,23.668190801155788,10.355441544570892,279.5667225135459,0,8,0,15,15,148,0.0882649630127774,0.0568277675029569,201.0,173.0
F4_16.2,N17,N24,800.0,1,2400.0,2250.3479462452224,76,5,76,70,149.65205375477785,3850.3479462452224,37.79879452600115,36.76444323479945,-1,1,0.0,0.0,108,42,4.821545010826625,42.081819880505236,8.812436020851186,297.6535195168189,0,12,0,13,10,151,0.0777572293207801,0.0577925353059852,194.0,196.0000000000001
F4_14.9,N17,N24,800.0,1,2400.0,2392.723032389538,74,8,74,78,7.276967610462179,3992.723032389538,36.54343221004553,37.705079132431926,1,-1,6.0,6.0,103,62,9.800123362845245,71.58397187466858,10.364327195516735,241.88837057533505,0,0,4,11,9,160,0.07145258910558171,0.07565568258238063,167.0,196.0000000000001
F6_15.1,N17,N24,800.0,1,2400.0,2393.636574655774,70,8,70,74,6.36342534422613,3993.636574655774,36.62342226375074,36.058551975526605,-1,-1,27.0,27.0,102,52,8.942264925756444,89.77199699989205,11.920445482575804,219.0643715051466,0,11,1,15,3,152,0.11138197713517149,0.06830026899798251,213.0,181.9999999999999
F4_15.3,N17,N24,800.0,1,2400.0,2393.0423305399,72,5,72,73,6.957669460099851,3993.0423305399,38.51497064732235,36.76444323479945,-1,1,15.0,15.0,105,37,6.740170000832869,27.436613665514187,11.13736481897162,279.658068773162,0,9,0,17,17,150,0.08406186953597848,0.057792535305985215,210.0,212.0
F6_17.5,N17,N24,800.0,1,2400.0,2388.5851080566445,70,8,70,78,11.41489194335577,3988.5851080566445,36.606786481092975,36.058551975526605,-1,-1,14.0,14.0,100,59,7.289621800398306,74.65140650585931,11.731706633997627,234.73383006619812,0,16,3,26,26,156,0.12399125756556827,0.07565568258238063,215.0,181.0000000000001
F4_13.5,N17,N24,800.0,1,2400.0,2394.0512518083065,80,17,80,79,5.948748191693539,3994.0512518083065,36.765826360064786,37.49147273861813,-1,1,28.0,28.0,107,70,7.06488320202647,10.220361118467736,9.008371000130042,278.0968810492437,0,7,0,15,12,176,0.07985877605917956,0.07670645595158038,206.0,160.0
F5_17.0,N17,N24,800.0,1,2400.0,2396.379045633645,70,8,70,74,3.6209543663547947,3996.379045633645,36.69258466940074,36.058551975526605,-1,-1,22.0,22.0,101,56,8.050324689056811,19.16721427956054,12.358299760551155,222.4602168794456,0,12,1,23,23,152,0.11558507061197042,0.07249130636350447,227.0,172.0
F4_11.10,N17,N24,800.0,1,2400.0,2392.4784105575604,81,20,81,78,7.521589442439449,3992.4784105575604,36.765826360064786,37.49147273861813,-1,1,24.0,24.0,110,72,5.856265949030076,33.889794810537296,8.816018555379225,275.0725574952426,0,9,0,10,8,179,0.05674176193678548,0.07670645595158038,201.0,150.0000000000001
F8_1.12,N17,N16,800.0,1,2400.0,2397.729804010099,8,65,69,8,2.2701959899009125,3997.729804010099,36.765826360064786,36.394671222873185,1,-1,17.0,17.0,118,55,7.80976145082276,31.72958682453782,12.707970025770026,220.8348189255951,0,0,0,31,2,142,0.14469849567273416,0.00840618695359785,170.0,194.0
F8_11.7,N17,N24,800.0,1,2400.0,2395.2408739960124,78,15,78,78,4.75912600398749,3995.2408739960124,36.720232289410696,37.49147273861813,1,1,31.0,31.0,103,70,7.277735932997756,13.96535518754331,10.702580978621413,231.71313839234725,0,6,0,33,32,171,0.14757258927748712,0.07670645595158036,248.0,204.0
F10_1.31,N17,N16,800.0,1,2400.0,2396.2434991972414,51,131,152,51,3.7565008027585236,3996.2434991972414,31.035904166814653,30.93921477844054,-1,-1,30.0,30.0,253,341,8.948815172581524,8.725039905116773,13.50039116101277,243.7685248398068,0,3,0,9,1,334,0.054640215198386015,0.06409717552118359,247.0,165.99999999999977
F10_2.18,N17,N16,800.0,1,2400.0,2394.498807424379,53,132,153,53,5.5011925756211895,3994.498807424379,31.021702047082016,30.93921477844054,-1,-1,28.0,28.0,256,345,8.51222685205243,13.14339391612225,11.16516106272267,246.97837388810697,0,4,1,11,2,338,0.054640215198386015,0.06514794889038332,322.0,163.0
F10_1.33,N17,N16,800.0,1,2400.0,2392.8395439482592,59,139,143,59,7.160456051740994,3992.8395439482592,30.894114382139875,30.85881757739224,-1,-1,1.0,1.0,250,363,4.514483001954948,316.22535829503136,8.778291528153487,284.4881797393206,0,15,7,14,4,341,0.0609448554135844,0.07460490921318091,298.0000000000002,155.0
F10_1.32,N17,N16,800.0,1,2400.0,2397.2770046147552,60,134,144,60,2.7229953852448716,3997.2770046147552,30.913337843572236,30.848514882735465,1,1,35.0,35.0,249,367,6.691977819893567,50.53103076971274,10.549188305130015,261.7157992806594,0,2,0,13,5,338,0.05884330867518494,0.07040181573638198,303.0,157.0
F3_18.30,N17,N24,800.0,1,2400.0,2398.5776441141775,146,169,146,114,1.4223558858224123,3998.5776441141775,30.524126318268973,30.225493110658554,-1,-1,4.0,4.0,269,345,8.79039962434883,10.569354740119252,8.834807806343639,265.3832132076396,0,2,50,8,1,429,0.031523201075991936,0.11683308630641485,175.99999999999977,188.0
F3_12.30,N17,N24,800.0,1,2400.0,2396.2606533236813,142,173,142,114,3.739346676318746,3996.2606533236813,30.563032307136243,30.373126671136866,-1,-1,21.0,21.0,260,344,8.554804587073058,34.311643438820965,9.012891331828035,245.2777518863703,0,1,30,6,0,429,0.035726294552790853,0.1050773369199731,188.0,214.0
F3_18.31,N17,N24,800.0,1,2400.0,2392.714344476247,142,173,142,114,7.285655523753235,3992.714344476247,29.956753451476875,29.75649857639597,1,1,40.0,40.0,259,345,5.812924855447237,20.10617421459392,10.701824679844632,286.132380819453,0,2,42,7,3,429,0.03223693004643719,0.12229761811798864,172.0,212.0
F10_7.23,N17,N16,800.0,1,2400.0,2393.2455778651806,60,132,160,60,6.754422134819379,3993.2455778651806,30.87012104568666,30.569479943284254,-1,-1,34.0,34.0,264,381,7.613258396758318,76.72740580410027,11.26402915232514,248.60010255735955,0,4,8,11,7,352,0.07145258910558171,0.07336780222857775,426.0,167.0
F10_7.22,N17,N16,800.0,1,2400.0,2399.5775780766553,62,133,157,62,0.4224219233448139,3999.5775780766553,30.833392242028054,30.493782929365317,-1,-1,20.0,20.0,269,374,7.908166013428429,157.94255034844332,11.550026516780951,250.987536668774,0,4,12,12,8,352,0.0777572293207801,0.07355413584398117,498.9999999999998,168.0
F10_2.19,N17,N16,800.0,1,2400.0,2395.6051324596688,62,134,147,62,4.394867540331234,3995.6051324596688,30.82823356990361,30.26137227231573,-1,-1,2.0,2.0,265,377,7.137121421196446,21.764441706805428,8.9536481018442,269.7625030235342,0,8,16,14,9,343,0.07565568258238063,0.0809095494283793,488.0,163.0
F10_7.24,N17,N16,800.0,1,2400.0,2389.933054406378,56,134,154,56,10.066945593622222,3989.933054406378,30.565464194140766,30.085015653964017,1,1,26.0,26.0,258,376,7.946988695102732,37.44768304368313,11.626258437541978,250.5558417632759,0,3,0,15,8,344,0.07652239520759538,0.07145258910558171,473.0000000000002,157.0
F3_18.32,N17,N24,800.0,1,2400.0,2399.1616169055046,132,224,132,109,0.8383830944953843,3999.1616169055046,29.546076927419108,28.453257997148476,1,1,40.0,40.0,290,378,10.252920827483987,11.596673908670027,9.510229068410553,236.0799756548232,0,0,37,8,1,465,0.04833557498318763,0.12527404030306777,173.0,209.0
F10_2.21,N17,N16,800.0,1,2400.0,2395.1936059646146,63,134,176,63,4.806394035385438,3995.1936059646146,30.41565769959809,29.74994011505857,-1,-1,24.0,24.0,276,383,6.747310669038524,79.00398202657789,9.755882805312538,266.9757850260301,0,9,4,19,13,373,0.1023125239443688,0.0777572293207801,509.9999999999998,150.0
F10_1.36,N17,N16,800.0,1,2400.0,2394.3577034191703,59,132,167,59,5.642296580829566,3994.3577034191703,30.51038891349847,29.81382678400475,1,1,0.0,0.0,268,376,6.814629134361857,43.72239187817536,12.353718577873254,264.7020278538459,0,6,0,17,11,358,0.08410014055191638,0.07040181573638198,499.9999999999998,167.0
F3_19.27,N17,N24,800.0,1,2400.0,2398.0974246089127,131,224,131,109,1.9025753910872254,3998.0974246089127,29.546076927419108,28.467563154798825,-1,-1,0.0,0.0,289,380,9.302874572949786,10.298834262378932,8.967503091689908,254.2157610469749,0,2,41,8,0,464,0.05043712172158709,0.12714357767316745,172.0,268.0
F3_19.28,N17,N24,800.0,1,2400.0,2391.600726708165,134,229,134,109,8.399273291834788,3991.600726708165,29.335153906687825,28.26793368717253,1,1,5.0,5.0,296,385,9.32192548304329,114.16072293593606,10.10650446802874,242.50996938908585,0,0,14,6,2,472,0.05253866845998655,0.1082296570275723,176.0,241.0
F10_1.37,N17,N16,800.0,1,2400.0,2399.9038611306355,65,130,175,65,0.09613886936460858,3999.9038611306355,30.31206842014819,29.646657133940653,-1,-1,17.0,17.0,271,386,6.361510820850027,77.42756068757171,11.690329846165858,279.5009571309724,0,10,8,19,14,370,0.10087424344317418,0.07880800268997984,556.0,195.0
F10_2.20,N17,N16,800.0,1,2400.0,2397.598380379114,61,131,173,61,2.4016196208857536,3997.598380379114,30.075495250114848,29.37512683212487,1,1,26.0,26.0,252,391,2.5861120950083283,12.199682581675916,10.225590371357256,303.9724773625376,0,9,0,20,16,365,0.10301403855045584,0.0777572293207801,561.0,158.0
F10_7.26,N17,N16,800.0,1,2400.0,2399.168569401804,57,130,182,57,0.8314305981962207,3999.168569401804,30.037115299905267,29.29022615018299,1,1,14.0,14.0,254,388,3.725657720837046,9.004407658580249,7.415666484306245,290.58168711982364,0,15,0,25,17,369,0.10875168015280463,0.06724949562878278,551.0,158.0
F3_19.30,N17,N24,800.0,1,2400.0,2394.4463153965544,139,208,139,101,5.553684603445845,3994.4463153965544,29.20958290588,27.952462362981592,1,1,39.0,39.0,319,390,8.307403760396058,52.54286179945916,9.249914234491914,253.02790589026048,0,0,42,13,3,448,0.07145258910558171,0.1145342972427707,179.0,265.0
F10_1.42,N17,N16,800.0,1,2400.0,2397.060494892139,61,123,179,61,2.9395051078606684,3997.060494892139,29.755161965881154,28.913894018443454,1,1,39.0,39.0,254,386,4.276932394776714,12.407908863501689,9.626914672379389,289.76585566565547,0,12,12,22,16,363,0.10932997155673657,0.08301109616677876,572.0000000000002,158.0
F10_7.25,N17,N16,800.0,1,2400.0,2393.6838174307404,56,124,180,56,6.316182569259354,3993.6838174307404,29.785114558238682,28.995776906793015,-1,-1,0.0,0.0,252,383,3.920044378777303,434.0662810871522,11.903351112248913,288.7069354139001,0,16,15,21,15,360,0.1050773369199731,0.08511264290517823,573.0,167.0
F10_0.25,N17,N16,800.0,1,2400.0,2395.926666703267,59,123,178,59,4.0733332967331535,3995.926666703267,29.769515503923888,28.978948070494596,1,1,41.0,41.0,253,387,3.8384591875596965,11.310557067194623,8.904787673158504,291.49247200916017,0,16,15,21,15,360,0.10670944824167058,0.08468503964356926,567.0000000000002,175.0
F3_19.34,N17,N24,800.0,1,2400.0,2397.8886993208607,143,214,143,94,2.111300679139049,3997.8886993208607,28.909827332579727,27.539839233034197,1,1,32.0,32.0,342,402,8.708391504714653,10.19792742558775,8.51735554978701,253.80979290853583,0,0,36,11,6,451,0.07666337707610557,0.11226903555706816,180.0,252.0
F3_12.35,N17,N24,800.0,1,2400.0,2397.5375165581636,141,213,141,92,2.462483441836639,3997.5375165581636,28.92898244560029,27.484192913270846,1,1,40.0,40.0,337,399,6.044233887263044,27.160231139406505,10.430481195798508,280.8280303494585,0,5,48,11,3,446,0.08185727618282639,0.11785919242223757,185.0,259.0
F3_19.29,N17,N24,800.0,1,2400.0,2392.9278067660607,159,237,159,73,7.072193233939174,3992.9278067660607,28.545003527370252,26.92004959744904,1,1,23.0,23.0,434,389,8.850860419514174,131.83060976750244,9.480705512819409,251.00512107093834,0,0,33,17,7,469,0.07985877605917956,0.10929955968777608,168.0,192.0
F3_17.36,N17,N24,800.0,1,2400.0,2395.521591355659,154,224,154,77,4.478408644340902,3995.521591355659,28.636272931983626,27.402180187692643,-1,-1,31.0,31.0,380,413,8.999429900057722,7.899270174742696,6.965948612641506,254.03982263120656,0,1,18,17,8,455,0.08196032279757902,0.10612811028917284,205.0,216.0
F3_17.32,N17,N24,800.0,1,2400.0,2399.7652914672813,161,223,161,76,0.2347085327186278,3999.7652914672813,28.621303869965658,27.368141583250544,-1,-1,27.0,27.0,390,413,8.42827405610363,9.127473658005556,7.567765256322822,260.37831890718576,0,2,23,20,10,460,0.08196032279757902,0.1082296570275723,217.0,198.0
F3_17.35,N17,N24,800.0,1,2400.0,2396.9256768096798,157,224,157,76,3.0743231903203423,3996.9256768096798,28.636272931983626,27.37855928397237,-1,-1,29.0,29.0,386,413,8.74978583895708,7.369237095225344,6.124936767447938,257.19788799150774,0,1,19,19,9,457,0.08406186953597848,0.10717888365837257,208.0,269.0
F3_17.34,N17,N24,800.0,1,2400.0,2398.258796248414,141,213,141,93,1.7412037515862266,3998.258796248414,28.909103605384672,27.500180410765793,1,1,36.0,36.0,337,399,7.388977144976198,11.598297217148911,9.175597080334358,273.2551981383457,0,0,42,11,5,447,0.07985877605917956,0.11478922129549152,183.0,362.0
F3_12.29,N17,N24,800.0,1,2400.0,2398.614373506826,142,213,142,93,1.3856264931741862,3998.614373506826,28.909827332579727,27.524187999022306,1,1,34.0,34.0,339,401,8.363962793681809,11.647999635958058,9.526304041294487,261.9225965853533,0,0,38,11,5,448,0.07895391529596765,0.11312880436916051,183.0,361.0
F10_0.26,N17,N16,800.0,1,2400.0,2396.305861259635,61,122,186,61,3.694138740364906,3996.305861259635,29.749219552357285,28.910340189622357,1,1,31.0,31.0,247,385,3.9374984870292855,9.075320097970462,7.688244099104123,296.3022491587458,0,7,0,26,18,369,0.11137375733807907,0.07702950076266715,627.0,218.0
F3_19.31,N17,N24,800.0,1,2400.0,2394.808616905847,157,225,157,74,5.191383094153252,3994.808616905847,28.070324850410646,26.465220552781926,1,1,8.0,8.0,452,426,9.266578664240441,10.270179968728598,8.745019938442162,237.9789969357937,0,0,11,9,2,456,0.06935104236718224,0.09879182702921084,176.0,171.0
F3_18.33,N17,N24,800.0,1,2400.0,2394.8242951742377,153,223,153,75,5.175704825762523,3994.8242951742377,28.64382603977277,27.433023778581624,-1,-1,33.0,33.0,377,410,8.980750828335964,41.194471135895355,10.953529396999077,255.19229988247847,0,0,18,16,7,451,0.08196032279757902,0.10612811028917284,245.0,247.0
F10_2.24,N17,N16,800.0,1,2400.0,2393.2576174313,54,125,196,54,6.74238256870035,3993.2576174313,29.639442032969765,28.683534594494397,-1,-1,18.0,18.0,267,385,5.44035409825857,139.59260862849078,9.00595920791667,295.40150371003807,0,22,3,32,21,375,0.1281943510423672,0.07460490921318091,584.0,233.0
F10_2.26,N17,N16,800.0,1,2400.0,2397.427085815847,59,124,191,59,2.5729141841527507,3997.427085815847,29.498764479942313,28.66248016903257,-1,-1,9.0,9.0,269,389,3.7709143452690697,59.745958734789156,10.117202905134983,322.2007824871829,0,25,6,33,23,374,0.13029589778076667,0.07973118369725204,583.0,230.0
F10_1.34,N17,N16,800.0,1,2400.0,2392.771258322891,59,121,199,59,7.228741677109042,3992.771258322891,29.716574976340624,28.86422889571546,1,1,15.0,15.0,247,395,3.287246454291586,100.63359967300562,10.644798256165116,300.0615234733496,0,15,0,29,19,379,0.12192797068830365,0.06619872225958305,625.0,234.0
F10_1.40,N17,N16,800.0,1,2400.0,2392.901625527173,60,121,198,60,7.098374472827004,3992.901625527173,29.728177214933094,28.858066300884506,1,1,13.0,13.0,247,396,4.125250698424285,9.472048918383507,8.530338756394187,296.9886811505005,0,15,0,30,20,379,0.12402951742670311,0.06619872225958305,622.0,261.0
F3_18.37,N17,N24,800.0,1,2400.0,2393.4361370345027,156,224,156,74,6.563862965497265,3993.4361370345027,28.070324850410646,26.45979442896315,1,1,10.0,10.0,451,424,9.470666444641795,9.468062119122806,8.287247586190485,239.40850181543877,0,0,13,9,1,454,0.07145258910558171,0.09984260039841057,180.0,225.0
F3_12.32,N17,N24,800.0,1,2400.0,2395.7149856760725,159,212,159,90,4.285014323927612,3995.7149856760725,27.606629063339156,26.083619542327625,1,1,29.0,29.0,478,424,9.307218034056783,12.659936044452479,10.933820498058468,241.30861524486886,0,0,27,14,5,461,0.07355413584398117,0.09482294695798532,162.0,208.0
F3_12.31,N17,N24,800.0,1,2400.0,2395.8136940898075,157,223,157,75,4.186305910192345,3995.8136940898075,28.031862233915003,26.467695323160545,1,1,6.0,6.0,451,426,9.21441819501175,10.856722207076928,8.684806844632798,240.7402786861809,0,0,10,10,3,455,0.0672494956287828,0.09774105366001111,179.0,249.0
F3_12.37,N17,N24,800.0,1,2400.0,2396.316404384638,158,212,158,90,3.683595615361696,3996.316404384638,27.599452791335295,26.09019101673802,1,1,31.0,31.0,477,421,9.005874751978592,27.792399496686357,8.333569932672516,243.12378173745964,0,0,30,12,4,460,0.06935104236718224,0.09484901488528576,167.0,270.0
F10_1.44,N17,N16,800.0,1,2400.0,2395.3501690678527,62,125,189,62,4.649830932147211,3995.3501690678527,29.486890446559006,28.659428756556526,-1,-1,2.0,2.0,270,390,3.221126541729439,61.52278032438221,10.002361803515196,341.46847068566626,0,33,9,35,24,376,0.12609280430396774,0.08301109616677876,583.0,374.0
F3_12.34,N17,N24,800.0,1,2400.0,2389.3479342187397,161,212,161,78,10.652065781260262,3989.3479342187397,26.967690080221512,25.429006741632634,-1,-1,3.0,3.0,472,453,7.4629259525251825,18.959804023127845,11.270499409529597,273.58274663175575,0,5,51,14,2,451,0.07145258910558171,0.11374783193833868,185.0,193.0
F10_1.45,N17,N16,800.0,1,2400.0,2396.2872750591346,64,123,195,64,3.7127249408653142,3996.2872750591346,29.49991883942594,28.63638340613683,1,1,36.0,36.0,267,388,4.1062070336583085,86.25862345397991,9.80799684403655,343.2145646350923,0,28,6,35,25,382,0.1219292545390506,0.0809095494283793,668.0,310.0
F3_17.33,N17,N24,800.0,1,2400.0,2393.826157036126,162,215,162,76,6.1738429638739944,3993.826157036126,26.826682963417092,25.375352657600132,1,1,39.0,39.0,474,462,8.721933200705884,97.91407432195115,10.777810405608074,253.345046005033,0,0,54,13,3,453,0.07565568258238063,0.11528998277267563,181.0,251.0
F3_12.33,N17,N24,800.0,1,2400.0,2392.8381607292513,164,215,164,74,7.161839270748601,3992.8381607292513,26.843408678753967,25.285366242194197,1,1,31.0,31.0,477,465,9.87233017868175,70.72036213506362,9.445175062646507,240.91500404719247,0,0,41,10,4,453,0.0672494956287828,0.10935049527169337,178.0,254.0
F3_12.38,N17,N24,800.0,1,2400.0,2395.6176729587996,167,220,167,72,4.382327041200256,3995.6176729587996,26.8773913519849,25.265099922884158,1,1,24.0,24.0,482,470,10.100870379195815,62.17351560128759,9.494651817598792,238.33679157776797,0,0,33,8,3,459,0.0611149074137447,0.10929957027343037,176.0,253.0
F10_2.25,N17,N16,800.0,1,2400.0,2394.5268968550317,56,126,195,56,5.473103144968377,3994.5268968550317,29.561329730920065,28.67393431954491,-1,-1,15.0,15.0,266,386,5.179344665423225,24.918603414675772,10.187944551149092,297.79873644014407,0,22,5,33,22,377,0.13029589778076667,0.07670645595158036,583.0,468.0
F3_18.38,N17,N24,800.0,1,2400.0,2393.8895446066863,162,224,162,66,6.1104553933136,3993.8895446066863,26.57801092597367,25.085215961869324,1,1,1.0,1.0,486,468,9.871276063550336,94.33617517181892,9.12957906408416,236.38390282948703,0,0,18,12,5,452,0.06514794889038333,0.10404570342743172,174.0,251.0
F3_17.37,N17,N24,800.0,1,2400.0,2391.195654028089,165,214,165,73,8.804345971911061,3991.195654028089,26.282332408815297,24.563071919513376,1,1,32.0,32.0,497,473,7.324656267149483,12.042964582896275,10.512050861119658,258.57372218244257,0,0,37,13,6,452,0.07285445617043826,0.11875652201999959,168.0,275.0
F10_2.27,N17,N16,800.0,1,2400.0,2394.4965956325677,69,122,209,69,5.503404367432381,3994.4965956325677,29.488813573370855,28.541054468962816,-1,-1,25.0,25.0,292,415,3.0058670090453576,11.335388149702567,10.096168543285161,351.17226416969885,0,29,3,37,26,400,0.1344989912575656,0.059894082044384664,660.0,406.0
F3_18.39,N17,N24,800.0,1,2400.0,2392.7948721198695,163,212,163,78,7.205127880130362,3992.7948721198695,26.160087156465938,24.473369550372553,1,1,18.0,18.0,506,473,9.475608874877421,129.6032304763096,9.272115628837025,237.98297168365275,0,0,27,11,2,453,0.06935104236718224,0.11875652201999959,167.0,275.0
F3_18.34,N17,N24,800.0,1,2400.0,2394.508835514047,141,212,141,96,5.491164485952822,3994.508835514047,29.10240715733428,27.908758631096457,1,1,7.0,7.0,329,388,10.318345645638711,310.3026689392909,10.349965721016936,242.1769234206052,0,0,16,7,2,449,0.07355413584398117,0.10719802448283404,172.0,863.0
F10_7.28,N17,N16,800.0,1,2400.0,2397.9705173782186,66,123,210,66,2.0294826217813124,3997.9705173782186,29.31034147130346,28.420695118890528,-1,-1,11.0,11.0,295,419,3.1931990483443453,74.74582993423883,9.124308916425537,369.2020392109924,0,41,6,39,27,399,0.14080363147276395,0.06724949562878278,658.0,483.0
F10_0.22,N17,N16,800.0,1,2400.0,2398.1293462446224,73,118,214,73,1.8706537553774751,3998.1293462446224,29.21211994415045,27.96205121122393,1,1,8.0,8.0,299,421,1.8396267705319935,46.06558329908535,11.269093096226143,374.91736094628374,0,31,0,44,28,405,0.16343868699999373,0.05884330867518493,715.0,431.0
F3_18.40,N17,N24,800.0,1,2400.0,2390.630286772119,164,202,164,89,9.369713227881448,3990.630286772119,24.291696069929756,23.194861236579097,1,1,30.0,30.0,506,484,9.421233265629109,10.97296903140591,9.098421598640876,242.36439939928636,0,0,42,10,3,455,0.06304640215198387,0.12716271062724646,158.0,280.0
F10_7.29,N17,N16,800.0,1,2400.0,2398.8798514807636,86,116,207,86,1.120148519236409,3998.8798514807636,29.220658959564954,27.578142879301485,-1,-1,25.0,25.0,334,426,2.994007319927317,194.80972353411084,9.325927321107487,375.7941896076272,0,28,7,42,28,409,0.17022528581035642,0.06514794889038332,693.0,456.0
F3_19.40,N17,N24,800.0,1,2400.0,2395.48679513765,155,200,155,86,4.513204862350108,3995.48679513765,24.69061013725299,23.577959453560016,-1,-1,35.0,35.0,514,479,9.612822702553146,24.868414140231607,9.882559701937184,250.11491841804926,0,0,32,9,1,441,0.0609448554135844,0.11558507061197042,226.0,269.0
F3_19.43,N17,N24,800.0,1,2400.0,2396.311066762409,166,203,166,92,3.688933237590959,3996.311066762409,23.97338689817167,23.12560570093275,1,1,10.0,10.0,513,490,9.833257596532873,20.834773210830008,10.581378841245256,239.46508587857753,0,0,23,13,5,461,0.06935104236718224,0.12216307601298536,170.0,264.0
F3_12.40,N17,N24,800.0,1,2400.0,2399.3293848977264,165,202,165,89,0.670615102273473,3999.3293848977264,24.291696069929756,23.194861236579097,1,1,29.0,29.0,509,485,9.408894973814327,9.709984829421046,8.510728127119627,241.9242365472107,0,0,41,11,4,456,0.06304640215198387,0.1264425311500725,167.0,296.0
F10_0.31,N17,N16,800.0,1,2400.0,2391.8310873282217,84,116,202,84,8.16891267177823,3991.8310873282217,29.046454288775195,27.166946022172386,1,1,38.0,38.0,318,410,0.8302181679124601,11.287146934414523,9.316214295015849,437.44582245238405,0,55,5,39,29,402,0.18707590786819095,0.07154465736093865,756.0,408.0
F10_0.30,N17,N16,800.0,1,2400.0,2392.0201288404814,83,116,199,83,7.979871159518666,3992.0201288404814,29.057260569888697,27.15995888608572,1,1,40.0,40.0,319,410,0.9025333173913316,327.3462201831187,12.053488855969972,435.5451695232488,0,58,9,38,28,398,0.1891774546065904,0.07250886198404473,745.0,416.0
F3_12.42,N17,N24,800.0,1,2400.0,2391.172608241607,166,203,166,89,8.827391758392992,3991.172608241607,24.30602984426353,23.19930686842521,1,1,26.0,26.0,513,487,9.662485436100603,11.388452287129894,8.727131021311683,243.51517988132395,0,0,38,12,5,458,0.0672494956287828,0.1256418499212796,169.0,351.0
F8_11.0,N17,N24,800.0,1,2400.0,2327.831163097846,6,0,6,10,72.168836902154,3927.831163097846,0.0,0.0,-1,1,5.0,5.0,6,1,10.152353424513302,200.0,10.152353424513302,249.0880867813433,0,0,0,0,0,16,0.023117014122394083,0.0,171.0,174.0
F4_15.0,N17,N24,800.0,-1,2400.0,1188.840655546553,15,0,15,17,388.8068462337427,2788.840655546553,45.0,0.0,-2,-1,7.0,7.0,26,13,12.355202261237977,130.07397475551863,12.16609733043021,197.6305278192389,0,0,0,5,5,32,0.0168123739071957,0.00840618695359785,35.0,181.0
F8_0.0,N17,N16,800.0,1,2400.0,2390.437864141449,4,12,63,4,9.562135858550846,3990.437864141449,0.0,0.0,-1,-1,17.0,17.0,13,20,8.813113604709262,471.06762110955765,8.935362245513398,266.96038853829714,0,1,0,3,3,79,0.0336247478143914,0.0,201.0,157.0
F8_9.2,N17,N16,800.0,-1,2400.0,1077.0786185816185,15,33,74,15,277.0504520175705,2677.0786185816187,36.6186760401858,38.07092139253732,-2,-1,23.0,23.0,40,52,8.490470759538198,24.69874229027539,9.656922775992602,282.271860259744,0,0,0,4,4,122,0.014710827168796235,0.011558507061197043,31.0,154.0
F8_7.3,N17,N16,800.0,1,2400.0,2356.475878863043,5,13,62,5,43.52412113695709,3956.475878863043,0.0,0.0,-1,-1,8.0,8.0,14,25,9.193142854984886,51.23401398122019,9.734581757701187,283.1393976272177,0,2,0,3,3,80,0.031523201075991936,0.0,196.00000000000006,158.0
F8_7.1,N17,N16,800.0,1,2400.0,1973.3910087750137,3,12,61,3,426.6089912249863,3573.3910087750137,0.0,0.0,-1,-1,26.0,26.0,12,17,9.571368866432199,160.53180830813994,9.571368866432199,251.39441193921243,0,0,0,1,1,76,0.0336247478143914,0.0,145.0,218.0
F8_0.2,N17,N16,800.0,-1,2400.0,1547.6376592294005,13,29,64,13,747.6126749088318,3147.6376592294005,37.39342109766928,37.72312758094442,-2,1,29.0,29.0,31,43,9.15665200147757,11.730509711242796,9.28912828695517,282.40768193955444,0,0,0,2,2,106,0.00840618695359785,0.010507733691997312,87.99999999999994,158.0
F8_9.0,N17,N16,800.0,1,2400.0,2397.113995603793,6,13,61,6,2.886004396207227,3997.113995603793,0.0,0.0,-1,-1,0.0,0.0,15,28,7.463450502811285,111.64459533218724,10.263590422910417,301.1541144647466,0,3,0,4,4,80,0.031523201075991936,0.0,192.0,161.0
F8_0.3,N17,N16,800.0,1,2400.0,1674.122237385238,13,28,63,13,725.8777626147619,3274.122237385238,38.33702878669141,37.72312758094442,1,1,32.0,32.0,30,41,9.775708224901186,88.14095491440078,8.952180314709812,251.0404703124074,0,0,0,0,0,104,0.031523201075991936,0.009456960322797579,104.0,163.0
F4_15.1,N17,N24,800.0,-1,2400.0,1219.0029969845184,26,0,26,18,418.9670563841301,2819.002996984518,36.63896943237854,36.731984695273226,-2,1,0.0,0.0,44,25,11.384091784270097,14.999161483686805,10.259682386271635,206.7795242989498,0,0,0,8,5,44,0.02942165433759247,0.02101546738399462,40.0,193.0
F4_17.0,N17,N24,800.0,1,2400.0,1633.1318499875965,14,0,14,20,766.8681500124035,3233.1318499875965,38.33702878669141,40.80979807102365,0,0,1.0,1.0,27,16,4.389787896039593,12.575929704819373,4.389787896039593,259.54887284835365,0,0,0,1,1,34,0.05043712172158709,0.012609280430396773,125.0,213.0
F3_17.1,N17,N24,800.0,1,2400.0,2085.5262643754363,25,0,25,23,314.47373562456374,3685.5262643754363,36.263667312801935,38.2528303385755,1,-1,11.0,11.0,36,17,12.248601727411911,200.0,12.248601727411911,217.49190640852555,0,0,0,0,0,48,0.023117014122394083,0.012609280430396773,126.0,192.0
F4_16.1,N17,N24,800.0,1,2400.0,2221.279932921084,16,0,16,16,178.72006707891637,3821.279932921084,0.0,0.0,-1,-1,21.0,21.0,26,12,9.990507130158038,32.9055237117002,10.480399729171694,247.60710179437513,0,0,0,3,3,32,0.0441324815063887,0.00840618695359785,193.99999999999994,214.0
F8_11.5,N17,N24,800.0,1,2400.0,2399.074031023711,20,0,20,21,0.9259689762888001,3999.074031023711,37.39342109766928,38.45260950363082,1,-1,28.0,28.0,33,17,10.412390426081718,200.0,10.412390426081718,251.47940743987547,0,0,0,0,0,41,0.01050773369199731,0.012609280430396773,152.99999999999994,182.0
F8_11.2,N17,N24,800.0,1,2400.0,2052.181361167745,26,0,26,22,347.81863883225515,3652.181361167745,35.86464585640724,38.2528303385755,1,-1,3.0,3.0,37,19,8.588555586137158,46.30213878286645,9.698013104920202,248.8398644575779,0,0,0,2,0,48,0.04203093476798924,0.012609280430396773,130.0,181.0
F4_17.1,N17,N24,800.0,-1,2400.0,1507.5184268249373,25,0,25,21,707.504032639919,3107.5184268249373,36.6186760401858,38.2528303385755,-2,1,27.0,27.0,40,24,11.242833347866236,17.535360630876212,10.411185477212772,212.88620039623962,0,0,0,4,1,46,0.012609280430396773,0.017863147276395427,70.0,218.0
F4_15.3,N17,N24,800.0,1,2400.0,2395.430385874162,22,0,22,22,4.569614125838257,3995.430385874162,36.89003404408213,38.45260950363082,-1,-1,23.0,23.0,34,17,3.891566450585072,281.25687406809743,11.543976562664717,274.8563177671007,0,3,0,3,3,44,0.02101546738399462,0.012609280430396773,189.0,157.0
F10_1.2,N17,N16,800.0,1,2400.0,2394.800417371598,13,32,69,13,5.1995826284021405,3994.800417371598,35.86464585640724,37.93899313425556,-1,0,1.0,1.0,39,45,13.530271975652873,200.0,13.530271975652873,200.9699995165504,0,0,0,0,0,114,0.004203093476798925,0.011558507061197043,181.0,133.0
F8_0.4,N17,N16,800.0,-1,2400.0,1559.4617996571656,19,35,76,19,759.4296947139078,3159.4617996571656,35.50229210575492,37.217574843289036,-2,1,34.0,34.0,50,59,8.938358739339401,703.676378418479,8.917341150464615,280.5083282884095,0,0,0,3,3,130,0.00840618695359785,0.013660053799596504,94.0,170.0
F4_15.4,N17,N24,800.0,1,2400.0,2398.458781170775,27,0,27,19,1.5412188292249311,3998.458781170775,36.63896943237854,36.731984695273226,0,0,2.0,2.0,45,25,9.231837268549306,546.6743080655658,8.470821492244445,252.68031484020193,0,0,0,2,2,46,0.02101546738399462,0.02101546738399462,170.0,180.0
F8_13.9,N17,N24,800.0,1,2400.0,2395.978988058204,43,0,43,25,4.021011941796132,3995.978988058204,34.501167134201275,37.36808208746548,1,-1,9.0,9.0,59,27,9.496009080917858,113.924509113152,6.888689380468094,244.72371498159342,0,0,3,7,2,68,0.05674176193678548,0.027320107599193007,160.0,164.0
F8_0.5,N17,N16,800.0,1,2400.0,2398.337928159024,16,34,76,16,1.6620718409757274,3998.337928159024,36.63896943237854,37.84430022165976,-1,-1,18.0,18.0,41,51,6.230512119713946,497.1914052774148,8.569067552806436,257.3799173784815,0,1,0,4,3,126,0.04833557498318763,0.011558507061197043,203.0,162.0
F8_0.7,N17,N16,800.0,1,2400.0,2396.071927993568,17,33,76,17,3.9280720064319894,3996.071927993568,36.63896943237854,37.63446580418053,-1,-1,4.0,4.0,43,54,6.591132863900351,132.0864086392362,10.330167469291503,265.0681755016092,0,1,0,3,3,126,0.046234028244788165,0.011558507061197043,192.0,161.0
F10_7.1,N17,N16,800.0,1,2400.0,1916.5658643271358,16,33,76,16,483.43413567286416,3516.565864327136,36.63896943237854,37.63446580418053,1,-1,5.0,5.0,42,54,13.96029786032494,34.84726643661588,13.96029786032494,196.7942470045428,0,0,0,1,1,125,0.00840618695359785,0.011558507061197043,160.0,200.0
F8_9.3,N17,N16,800.0,1,2400.0,2396.0751952440883,21,34,79,21,3.9248047559117367,3996.0751952440883,36.140078618974286,37.217574843289036,1,1,41.0,41.0,50,53,10.05025659084808,12.617486469339156,9.496035952391885,250.16808446347943,0,1,0,4,4,134,0.043484883175131245,0.011558507061197043,192.0,161.0
F8_9.1,N17,N16,800.0,1,2400.0,2399.9166479299656,12,21,56,12,0.08335207003437972,3999.9166479299656,41.9477001871368,37.72604181710093,-1,-1,39.0,39.0,25,25,9.676318607337256,221.26194856031293,9.326599183163793,246.2613175601893,0,0,0,7,7,89,0.04203093476798924,0.003152320107599193,247.0,220.0
F4_15.9,N17,N24,800.0,1,2400.0,2393.4010249512958,40,0,40,24,6.59897504870446,3993.4010249512958,34.94240838224529,37.04238582242406,1,1,0.0,0.0,66,40,9.568457451877642,11.597621588826314,9.14072269710006,243.87167257718738,0,0,0,4,4,64,0.018913920645595158,0.03284856167946837,145.0,196.0000000000001
F4_18.6,N17,N24,800.0,1,2400.0,2397.6389607950364,54,4,54,23,2.361039204963731,3997.6389607950364,34.01095674331811,36.68892357578301,0,0,0.0,0.0,84,56,10.796855195723825,214.34245293574713,11.36344202631259,239.16713053140398,0,0,0,2,2,81,0.02101546738399462,0.05674176193678547,143.0,196.0000000000001
F10_1.3,N17,N16,800.0,1,2400.0,2392.857665839179,22,41,90,22,7.142334160820951,3992.857665839179,34.93201325249165,38.10764833177516,1,-1,5.0,5.0,62,73,10.81348073167406,125.9645940925534,10.60659430644747,205.1982401542107,0,0,0,2,2,153,0.018913920645595158,0.01996469401479489,253.0,182.0
F10_7.4,N17,N16,800.0,1,2400.0,2391.0304498892597,23,57,89,23,8.969550110740443,3991.0304498892597,34.060365941849945,37.16569793079545,1,-1,26.0,26.0,81,102,11.245423345607707,200.0,11.245423345607707,249.63680455100382,0,4,1,0,0,169,0.0336247478143914,0.025218560860793545,197.0,168.0
F8_14.3,N17,N24,800.0,1,2400.0,2394.776887841753,64,4,64,23,5.223112158247204,3994.776887841753,33.84675271524063,36.7843506186957,1,-1,30.0,30.0,96,64,9.148210417770906,10.056888683319585,8.473843169132873,279.24818758254344,0,5,8,8,2,91,0.07565568258238063,0.060944855413584395,195.0,170.0
F10_7.3,N17,N16,800.0,1,2400.0,2392.0303208610376,22,57,92,22,7.969679138962306,3992.0303208610376,33.99194949228128,37.06734297972557,1,-1,19.0,19.0,79,102,10.691336318282412,67.72933835486856,10.691336318282412,252.9901626208257,0,4,1,1,1,171,0.035726294552790853,0.025218560860793545,195.0,174.0
F10_0.4,N17,N16,800.0,1,2400.0,2393.849040984467,22,70,85,22,6.150959015532862,3993.849040984467,33.72476190228204,36.02953292922923,-1,1,5.0,5.0,106,113,12.243685334334902,98.63467590330356,12.643621547893881,242.07574754339637,0,3,0,5,1,177,0.0441324815063887,0.023117014122394083,201.0,136.0
F10_0.2,N17,N16,800.0,1,2400.0,2399.0124657192837,21,63,86,21,0.9875342807165453,3999.0124657192837,33.823554010713494,36.36339732383766,-1,1,29.0,29.0,95,104,12.31081842876004,121.96060149731443,11.533083312510625,241.96080571823606,0,3,0,2,0,170,0.03992938802958978,0.02837088096839274,180.0,170.0
F8_13.15,N17,N24,800.0,1,2400.0,2397.7628485312075,67,4,67,25,2.2371514687923764,3997.7628485312075,33.760630527017874,37.00259793539524,1,-1,19.0,19.0,104,64,9.773668863730002,10.908745757516499,9.400916725412609,263.24315619767225,0,1,12,11,4,96,0.0882649630127774,0.06514794889038332,256.0,168.0
F3_19.9,N17,N24,800.0,1,2400.0,2392.2293215568725,60,5,60,29,7.770678443127281,3992.2293215568725,33.83599276250753,36.72855122525607,-1,1,26.0,26.0,100,84,8.782913221952636,145.0804198235037,9.235287577505387,240.34531104403564,0,2,0,12,8,94,0.0882649630127774,0.0681510431476968,192.0,198.0
F10_7.8,N17,N16,800.0,1,2400.0,2393.6094617478293,30,67,90,30,6.390538252170586,3993.6094617478293,34.123897642282095,35.47716729898778,1,-1,1.0,1.0,119,120,11.001084046135404,38.58150666843494,11.194511310014576,224.00240106866545,0,0,0,5,3,187,0.037827841291190316,0.02837088096839274,187.0000000000001,162.0
F10_7.7,N17,N16,800.0,1,2400.0,2389.079402969135,28,66,90,28,10.920597030864656,3989.079402969135,34.16037471394301,35.513465045085006,1,-1,7.0,7.0,112,122,11.284892230368527,63.82902372024114,10.705794150396622,225.00335192544767,0,0,0,4,2,184,0.03992938802958978,0.02837088096839274,182.0,174.0
F3_17.8,N17,N24,800.0,1,2400.0,2394.4154021113973,83,4,83,46,5.58459788860273,3994.4154021113973,33.84634325808008,35.516232481348965,0,-1,0.0,0.0,141,116,8.927700161358803,10.857751906008389,8.751590417985618,229.53883419125296,0,0,12,20,13,133,0.10087424344317418,0.08511264290517821,156.0,169.0
F10_7.6,N17,N16,800.0,1,2400.0,2395.9282572516413,24,67,90,24,4.071742748358815,3995.9282572516413,33.79312610189725,35.713629401719714,1,-1,33.0,33.0,102,108,12.104548180925148,319.8359029573769,12.976238349174409,248.99050358300383,0,2,0,4,0,181,0.0441324815063887,0.023117014122394086,196.0,191.0
F10_0.3,N17,N16,800.0,1,2400.0,2398.8973087876484,25,66,94,25,1.1026912123514876,3998.8973087876484,33.9553204192353,35.64434716454669,1,-1,15.0,15.0,106,117,12.133287156195356,54.97129435751572,10.562639501766636,220.37186124589664,0,0,0,3,1,185,0.037827841291190316,0.027320107599193004,198.0000000000001,179.0
F3_18.1,N17,N24,800.0,1,2400.0,2396.382751252943,86,3,86,43,3.617248747057147,3996.382751252943,34.04038225912492,35.184973532832345,-1,1,30.0,30.0,147,115,8.362072316620555,25.713243931419356,9.889610975621038,237.99220047223398,0,2,4,22,17,132,0.10087424344317418,0.08723331384387684,198.9999999999999,184.0
F3_19.10,N17,N24,800.0,1,2400.0,2399.4012412813254,94,2,94,40,0.5987587186748442,3999.4012412813254,33.596988555722604,35.23933252563222,1,-1,29.0,29.0,159,120,6.969344344274671,18.0532060496962,10.648183365175019,255.43371635237133,0,2,7,24,21,136,0.11225985497385389,0.08301109616677876,171.0,170.0
F10_7.5,N17,N16,800.0,1,2400.0,2394.0023498286428,29,66,85,29,5.99765017135735,3994.0023498286428,33.86897719040109,35.491708925160225,-1,1,33.0,33.0,126,125,5.369912398305573,186.34946280980148,10.739824796611146,244.04589075698905,0,2,0,2,0,180,0.035726294552790853,0.031688243498256115,251.0,173.0
F10_0.5,N17,N16,800.0,1,2400.0,2396.050574291976,29,66,85,29,3.949425708024137,3996.050574291976,33.86897719040109,35.491708925160225,-1,1,33.0,33.0,126,125,9.308978281927427,151.4735726233398,12.333582173654996,244.04589075698905,0,2,0,6,6,180,0.025218560860793545,0.031688243498256115,250.0000000000001,180.0
F8_7.11,N17,N16,800.0,1,2400.0,2395.6779973281455,33,63,96,33,4.32200267185442,3995.6779973281455,33.6482662181198,35.117277083054844,1,1,32.0,32.0,156,138,8.57430767578912,9.545889325157077,8.195523353939683,301.35861055986925,0,9,0,8,5,192,0.10280969545047904,0.03782784129119032,185.9999999999999,165.0
F4_15.15,N17,N24,800.0,1,2400.0,2393.6652783721424,101,2,101,33,6.334721627857675,3993.6652783721424,33.30814241517084,34.863104224361436,1,1,15.0,15.0,176,124,9.245878059074196,139.79016132247943,7.65206860807877,263.46743570639177,0,0,0,9,9,136,0.06935104236718224,0.09459777568838276,158.0000000000001,193.0
F3_17.7,N17,N24,800.0,1,2400.0,2399.6045546446085,91,2,91,39,0.39544535539141634,3999.6045546446085,33.899017665049435,35.19136581543565,-1,1,12.0,12.0,154,109,7.071586593841197,20.04781194822317,7.898569823747334,271.6615968819227,0,10,0,27,21,132,0.10717888365837257,0.08288338395545879,209.0,227.0
F8_17.10,N17,N24,800.0,1,2400.0,2398.442367617771,75,5,75,40,1.5576323822290306,3998.442367617771,33.85087300659125,36.36702727339375,1,-1,30.0,30.0,127,103,7.820604278584607,29.54267440130593,9.571515776962043,310.9321937912269,0,7,1,12,3,120,0.09877269670477472,0.06830026899798251,356.9999999999999,166.0
F8_17.11,N17,N24,800.0,1,2400.0,2394.1736423937,75,5,75,40,5.826357606300007,3994.1736423937,33.78192335519531,36.07614560680821,1,-1,18.0,18.0,130,102,9.949400348019992,88.1278678646097,10.347538666159581,288.325760155179,0,3,5,7,2,120,0.09246805648957633,0.07460490921318091,347.0,170.0
F3_17.10,N17,N24,800.0,1,2400.0,2391.5363624057945,110,4,110,39,8.463637594205466,3991.5363624057945,32.86206185490781,34.80681381924376,1,-1,7.0,7.0,190,146,9.775531713173251,59.57553243204757,10.518929073763982,237.57326465627926,0,0,20,18,15,153,0.10717888365837257,0.10822965702757231,161.0,165.0
F4_13.11,N17,N24,800.0,1,2400.0,2392.552944977686,92,3,92,40,7.447055022314089,3992.552944977686,33.234897780937644,34.951838938574305,1,1,38.0,38.0,161,126,8.716910540097821,67.81017889435202,8.104355883510166,261.1201608709831,0,0,14,11,11,135,0.07682492923310778,0.09832960803033478,179.0,214.0
F3_17.5,N17,N24,800.0,1,2400.0,2395.195222407752,86,1,86,38,4.804777592247888,3995.195222407752,34.08281370935906,35.07529819206634,-1,1,17.0,17.0,150,114,7.811958319931051,84.2892840554855,11.389914808518268,257.44975284761375,0,8,0,25,19,125,0.1050773369199731,0.08616341627437796,212.0,243.0
F10_7.9,N17,N16,800.0,1,2400.0,2397.6610199846073,33,65,94,33,2.338980015392849,3997.6610199846073,33.68558788005312,35.12324290016537,-1,1,33.0,33.0,156,139,3.180661823029729,231.05539750280923,9.541985469089187,235.4992924470933,0,3,0,3,3,192,0.025218560860793545,0.038276788505888004,244.0000000000001,189.0
F10_0.6,N17,N16,800.0,1,2400.0,2391.0135585465673,32,62,94,32,8.98644145343269,3991.0135585465673,33.84558759477165,35.05564908658056,-1,1,37.0,37.0,154,138,8.876921726945573,22.740826777064512,12.00181799381409,228.10704132767574,0,3,0,6,2,188,0.06304640215198387,0.03992938802958978,245.0,196.0
F8_7.15,N17,N16,800.0,1,2400.0,2392.3363689671796,39,64,120,39,7.663631032820604,3992.3363689671796,33.01174189529342,34.4529633443714,1,1,29.0,29.0,190,142,2.425914816303877,159.39989697823148,9.155273771727272,339.3113466030816,0,25,0,44,1,223,0.15131136516476126,0.03955024030519563,198.0,193.0
F10_2.10,N17,N16,800.0,1,2400.0,2399.3349380621626,33,65,104,33,0.6650619378373221,3999.3349380621626,33.11128340442901,35.06169151820137,-1,1,8.0,8.0,159,143,7.632649963938708,98.80882286992369,8.276033172274529,240.15621454940043,0,5,0,7,2,202,0.06514794889038333,0.036777067921990585,298.9999999999999,193.0
F8_2.23,N17,N16,800.0,1,2400.0,2392.6746508434067,39,65,123,39,7.325349156593347,3992.6746508434067,33.194347587951775,34.56228167386272,-1,-1,0.0,0.0,191,145,8.129852693922173,23.454680029235988,9.28828267731823,331.0577662542214,0,29,3,18,12,227,0.12399125756556827,0.04203093476798925,220.0,201.0
F3_18.3,N17,N24,800.0,1,2400.0,2398.5750745455384,113,3,113,38,1.424925454461686,3998.5750745455384,32.93164937928715,34.62189990584326,-1,1,31.0,31.0,195,143,7.472348802407764,200.88063846686032,10.359168609539033,260.8747412961414,0,5,8,18,15,154,0.1050773369199731,0.11298485465264305,203.0,191.0
F3_17.11,N17,N24,800.0,1,2400.0,2397.1798729097036,124,3,124,31,2.820127090296637,3997.1798729097036,32.94098467609215,34.55057757031984,-1,1,14.0,14.0,208,138,4.235930744178488,8.733189916803894,7.938462636526413,287.04782590537457,0,13,7,20,16,158,0.10928043039677203,0.1069312134394648,201.0,178.0
F8_17.12,N17,N24,800.0,1,2400.0,2398.8791284500476,78,5,78,45,1.1208715499525397,3998.8791284500476,33.768972942636154,35.95517838133892,1,-1,3.0,3.0,137,113,9.899960052653151,9.28013230226361,8.535982948708499,261.5793260047835,0,0,10,8,3,128,0.0945696032279758,0.08090954942837929,425.0000000000001,175.0
F10_1.7,N17,N16,800.0,1,2400.0,2392.8039349761757,30,63,100,30,7.196065023824531,3992.8039349761757,33.30652023099122,35.0996480521432,-1,1,20.0,20.0,154,144,7.788989206636787,19.982769993659304,9.032957004757225,238.14412187285149,0,5,0,7,2,193,0.06304640215198387,0.03782784129119032,283.0,215.0
F4_16.9,N17,N24,800.0,1,2400.0,2391.6392370691983,151,2,151,40,8.360762930801457,3991.6392370691983,32.600183698248316,34.05686191761621,1,1,9.0,9.0,257,163,9.339632116951904,56.64583206996758,10.539010186873288,255.55968512932745,0,0,10,14,12,193,0.08616341627437794,0.11770575428618321,152.0,207.0
F4_14.15,N17,N24,800.0,1,2400.0,2393.9813065038434,155,2,155,39,6.018693496156629,3993.9813065038434,32.58021146436722,34.0602024470936,1,1,5.0,5.0,262,162,9.11435001493196,34.810722044091335,9.895797762028524,261.4263720209731,0,0,12,14,12,196,0.08406186953597848,0.11665498091698348,152.0,202.0
F10_0.8,N17,N16,800.0,1,2400.0,2391.0855645919946,37,67,123,37,8.914435408005602,3991.0855645919946,33.277292246866025,34.94308970571441,1,-1,25.0,25.0,169,141,8.759773815674333,42.9153123966928,11.25639451665938,218.3114052489646,0,2,1,11,11,227,0.05888156266797762,0.038878614660390054,383.0,159.0
F4_11.16,N17,N24,800.0,1,2400.0,2392.6705344837355,132,3,132,37,7.329465516264349,3992.6705344837355,32.544600044478194,34.56033425925016,-1,-1,16.0,16.0,232,157,6.8952868704868635,65.03482744120106,7.8554707041103455,272.16750918496933,0,5,25,14,13,172,0.08616341627437794,0.11138197713517149,204.0,211.0
F4_9.18,N17,N16,800.0,1,2400.0,2391.127322157294,53,77,148,53,8.872677842705798,3991.127322157294,32.526428439206434,34.136257149069685,1,-1,0.0,0.0,268,148,9.271706444677868,38.73265735269638,10.135442183855348,270.12458274075556,0,1,6,13,2,278,0.07985877605917956,0.0504371217215871,167.0,170.0
F4_16.8,N17,N24,800.0,1,2400.0,2396.4021971503817,157,2,157,39,3.5978028496181196,3996.4021971503817,32.58021146436722,34.019053555736335,1,1,4.0,4.0,265,161,9.734611421269857,35.26740961333235,10.427125745348969,262.46858358316274,0,0,11,10,5,198,0.05678002567661534,0.11696520794788742,163.0,206.0
F4_9.16,N17,N16,800.0,1,2400.0,2390.3959365336696,54,79,145,54,9.604063466330672,3990.3959365336696,32.51084083679676,34.10728284466571,0,-1,0.0,0.0,270,148,8.711389395418077,22.36374563139725,9.94533135086441,282.59069459917896,0,3,8,13,3,278,0.0777572293207801,0.0504371217215871,172.0,168.0
F10_0.7,N17,N16,800.0,1,2400.0,2396.5806186567847,37,68,117,37,3.4193813432153775,3996.5806186567847,33.30110964804621,34.93352849615895,1,-1,30.0,30.0,165,142,11.901598513333681,101.85742873046274,10.59027692035511,220.10933444560274,0,2,1,4,0,222,0.0609448554135844,0.038878614660390054,389.0,169.0
F4_15.23,N17,N24,800.0,1,2400.0,2393.894466360317,160,4,160,43,6.1055336396832445,3993.894466360317,32.26002882416082,33.890580032392066,-1,-1,22.0,22.0,277,167,3.8370442301429297,10.825774779287258,9.39026083273425,336.44633113032813,0,14,22,13,8,207,0.05884330867518494,0.11873739071956962,196.0,214.0
F10_7.11,N17,N16,800.0,1,2400.0,2398.4529242943145,38,69,124,38,1.5470757056854154,3998.4529242943145,33.30814241517084,34.8662787496492,1,-1,15.0,15.0,176,149,8.423552021510561,10.28352517127064,9.662346290789321,222.60141658357628,0,0,1,11,11,231,0.052639927521443364,0.040980161398789516,455.0000000000001,172.0
F10_0.9,N17,N16,800.0,1,2400.0,2393.715304530376,40,69,123,40,6.2846954696237844,3993.715304530376,33.29151858393883,34.806103347918324,1,-1,12.0,12.0,184,148,7.496088322753644,16.93939858159206,9.077108966122493,227.64772601081305,0,0,2,12,12,232,0.052577481824910496,0.040980161398789516,458.0,165.0
F4_12.12,N17,N24,800.0,1,2400.0,2398.6466729121234,148,2,148,44,1.353327087876437,3998.6466729121234,32.64207517484091,34.083635847675446,1,1,16.0,16.0,249,155,9.22855276581549,270.08427695930413,9.267201989505917,254.67991900022187,0,1,13,13,11,194,0.08406186953597848,0.12186760451717905,230.0,232.0
F3_19.16,N17,N24,800.0,1,2400.0,2395.931143756645,170,3,170,53,4.0688562433550715,3995.931143756645,32.006394378258875,33.49661347648709,-1,1,23.0,23.0,270,167,5.9570219179823765,11.933194704091875,9.970358883329547,269.60052989911645,0,7,26,29,24,226,0.1344989912575656,0.13223595379024639,198.0,196.0
F3_18.8,N17,N24,800.0,1,2400.0,2397.4103962492277,172,3,172,52,2.5896037507721985,3997.4103962492277,32.006394378258875,33.49661347648709,-1,1,21.0,21.0,272,168,5.605024915817629,12.89487571718746,9.478425858597761,278.1677338957954,0,9,24,30,25,227,0.13660053799596505,0.13137678189064214,203.0,193.0
F10_1.11,N17,N16,800.0,1,2400.0,2399.5256311362937,40,63,121,40,0.47436886370644515,3999.5256311362937,33.17461951825446,34.53505099253566,-1,1,40.0,40.0,193,145,8.061248857171572,27.085498532527026,13.711028495676853,226.24220350102286,0,1,0,13,12,224,0.05253866845998655,0.04122273964397858,455.0,166.0
F10_7.10,N17,N16,800.0,1,2400.0,2390.331761886759,37,69,124,37,9.668238113241046,3990.331761886759,33.30814241517084,34.8662787496492,1,-1,16.0,16.0,173,149,8.02145873574561,106.86372421180636,12.382555225463028,224.5652473936616,0,0,1,10,10,230,0.05110207087429776,0.04074358374837024,471.0,176.0
F3_17.15,N17,N24,800.0,1,2400.0,2393.708339938308,178,4,178,50,6.291660061691573,3993.708339938308,31.709929690862268,33.29045490842151,1,-1,21.0,21.0,292,186,7.8495071501885665,12.319333733029907,10.171976882862204,245.26658983933754,0,0,19,29,26,232,0.13660053799596505,0.14185440484196368,180.0,223.0
F8_0.21,N17,N16,800.0,1,2400.0,2395.61416572781,63,122,141,63,4.385834272190095,3995.61416572781,31.256698491235916,33.04744498291759,1,1,32.0,32.0,325,181,5.936693073375821,11.083370289819186,9.606173481384962,1016.1085985587446,0,73,0,15,11,326,0.06304640215198387,0.04203093476798924,187.0,145.0
F4_17.20,N17,N24,800.0,1,2400.0,2396.998687950523,188,5,188,49,3.0013120494768373,3996.998687950523,31.29044285550468,33.06275779942923,-1,-1,36.0,36.0,323,196,8.062715003387972,9.678658663325223,8.42754750334203,269.98896899814685,0,1,41,12,11,242,0.0609448554135844,0.15131136516476126,153.0,249.0
F3_18.9,N17,N24,800.0,1,2400.0,2394.0398036539623,181,5,181,48,5.960196346037719,3994.0398036539623,31.469608419104706,33.14681716696998,-1,1,37.0,37.0,296,185,8.402683057179358,14.068409964785587,12.00237231619704,237.59531306862283,0,3,32,23,20,234,0.12609280430396774,0.15415008463540228,201.0,271.0
F3_19.17,N17,N24,800.0,1,2400.0,2397.7314431037644,182,5,182,45,2.268556896235623,3997.7314431037644,31.45991582154515,33.1387759452098,-1,1,24.0,24.0,301,182,6.356932605714767,10.468384462352788,8.813079037430413,282.88613887088616,0,16,35,28,24,232,0.1281943510423672,0.1576351341606287,202.0,258.0
F3_19.18,N17,N24,800.0,1,2400.0,2396.45223898491,180,5,180,49,3.547761015090032,3996.45223898491,31.477318347025815,33.180880770568564,-1,1,39.0,39.0,299,186,8.794776895311697,108.51270862830916,10.775848950861663,232.99602890180958,0,2,35,22,19,234,0.12399125756556827,0.15351518097428,205.0,276.0
F3_19.23,N17,N24,800.0,1,2400.0,2398.3236136487403,194,6,194,53,1.6763863512594526,3998.3236136487403,31.209929433758703,32.981730711611846,1,-1,20.0,20.0,330,202,7.258187082754476,11.665989006052087,10.491666836721196,254.0238692841456,0,4,42,32,26,253,0.1352786031852236,0.15866677874915938,180.0,311.0
F3_19.21,N17,N24,800.0,1,2400.0,2397.7253757245285,195,6,195,54,2.2746242754716377,3997.7253757245285,31.16549684103897,32.981730711611846,1,-1,18.0,18.0,330,204,7.727398571657815,11.138966575104632,9.653473820821976,249.31555384700732,0,3,42,32,26,255,0.1344989912575656,0.1597175521183591,180.0,311.0
F3_19.20,N17,N24,800.0,1,2400.0,2397.4826734122075,195,8,195,54,2.517326587792354,3997.4826734122075,31.169583790840928,32.981730711611846,1,-1,16.0,16.0,332,206,8.176851073368429,13.055670389927855,10.701026971282637,244.1598747278438,0,1,43,31,26,257,0.13506619123302588,0.16039688129943613,180.0,311.0
F8_14.8,N17,N24,800.0,1,2400.0,2396.2397984256495,110,2,110,27,3.760201574350276,3996.2397984256495,33.29151858393883,34.89305764630943,-1,1,8.0,8.0,190,125,3.1564759457612195,16.060182287128782,8.903367709824419,332.39559718587714,0,25,3,41,40,139,0.15131136516476126,0.09248718838424597,576.0,304.0
F10_1.15,N17,N16,800.0,1,2400.0,2393.422315489022,44,67,127,44,6.577684510978202,3993.422315489022,32.85949740778008,34.54944827520109,1,-1,36.0,36.0,194,147,4.6885692797433105,95.71698739435328,7.603988696885741,245.01186583764215,0,4,0,15,14,238,0.05678010846037166,0.0441324815063887,669.0,159.0
F3_19.22,N17,N24,800.0,1,2400.0,2392.835908644268,183,5,183,47,7.164091355732239,3992.835908644268,31.469608419104706,33.14681716696998,-1,1,35.0,35.0,299,185,7.835552446854922,14.699760186877484,11.56437060664649,248.2793781352055,0,4,31,24,21,235,0.12609280430396774,0.1544828642040232,203.0,373.0
F10_1.10,N17,N16,800.0,1,2400.0,2393.352463393899,43,67,125,43,6.647536606100857,3993.352463393899,32.83026038269298,34.54445509232918,-1,1,4.0,4.0,192,138,4.336067756484491,223.46969656713327,11.193892893525138,257.271985007735,0,8,0,15,14,235,0.05674176193678548,0.04413248150638871,634.0,224.0
F3_12.15,N17,N24,800.0,1,2400.0,2392.684479403482,186,8,186,54,7.315520596518013,3992.684479403482,31.038855581802828,32.944844308545925,-1,1,41.0,41.0,319,207,8.926888858897447,11.616898208840666,9.749552075448067,236.83489245606245,0,0,52,28,23,248,0.1218897108271688,0.17612844277446288,208.0,351.0
F3_12.14,N17,N24,800.0,1,2400.0,2394.8066712688815,188,8,188,54,5.193328731118527,3994.8066712688815,31.057012301967017,32.96687068532199,1,-1,5.0,5.0,324,210,9.977818589211259,12.326719848386801,11.320839933732714,231.06431064147452,0,0,48,26,23,250,0.12169504989946375,0.1691745124411567,219.0,350.9999999999998
F8_7.25,N17,N16,800.0,1,2400.0,2398.054145925975,64,183,130,64,1.9458540740249646,3998.054145925975,30.165136865882353,31.579270978252314,1,1,39.0,39.0,319,205,8.175370389033654,60.09808820704029,9.250309700776265,1522.2426835816843,0,58,0,8,7,377,0.03992938802958978,0.039929388029589785,185.0,149.0
F3_17.17,N17,N24,800.0,1,2400.0,2399.3032182526013,189,6,189,46,0.6967817473987452,3999.3032182526013,31.115747097537998,32.77127942693585,-1,1,15.0,15.0,321,207,5.83196542224054,8.083598014295603,11.678697090199346,301.2823002273491,0,19,31,32,25,241,0.12609280430396774,0.1775167605312843,210.0,345.9999999999998
F3_19.24,N17,N24,800.0,1,2400.0,2397.7367611940604,184,6,184,49,2.26323880593975,3997.7367611940604,31.113872275929214,32.85874116692336,-1,1,20.0,20.0,315,204,6.397466499087266,15.561121323116367,10.757271594866001,284.92659997584104,0,16,38,32,24,239,0.12609280430396774,0.17998206837803438,213.0,348.0
F4_15.26,N17,N24,800.0,1,2400.0,2393.224036537089,190,6,190,45,6.775963462911022,3993.224036537089,30.832053822452316,32.702561915041635,-1,-1,30.0,30.0,330,212,5.4202715785865605,25.799253238470556,9.224844736782146,294.75551349812406,0,6,32,11,10,241,0.054640215198386015,0.1786314727639543,205.0,331.9999999999998
F10_1.14,N17,N16,800.0,1,2400.0,2399.443782616627,45,69,130,45,0.5562173833729958,3999.443782616627,32.93164937928715,34.59101810596407,1,-1,29.0,29.0,198,142,4.246962253341579,85.34725157619323,12.290547887028792,250.93352096460322,0,3,0,17,16,244,0.0672494956287828,0.04413248150638871,758.0,164.00000000000023
F4_14.22,N17,N24,800.0,1,2400.0,2394.255835297713,186,5,186,47,5.74416470228698,3994.255835297713,30.765053553502,32.69341614395536,-1,-1,22.0,22.0,325,216,5.517656229378098,72.94115474651426,9.808420604771518,304.73568340903074,0,8,40,12,11,238,0.054640215198386015,0.1859868863483524,204.0,381.0
F10_2.11,N17,N16,800.0,1,2400.0,2392.4217203383246,45,69,133,45,7.57827966167531,3992.4217203383246,32.83445389060721,34.55624453090777,1,-1,6.0,6.0,215,156,10.348009728818312,53.85355358694278,12.362194559435956,258.99321853189593,0,2,1,10,0,247,0.0672494956287828,0.0472848016139879,803.0,179.00000000000023
F4_14.23,N17,N24,800.0,1,2400.0,2398.747598928885,170,7,170,52,1.2524010711149458,3998.747598928885,30.65896783713025,32.34511110121549,1,1,3.0,3.0,314,220,8.407303490239695,35.10027811392297,10.288265474627451,267.36062705763203,0,0,36,15,12,229,0.0882649630127774,0.19334229993275054,174.0,374.0000000000002
F3_18.10,N17,N24,800.0,1,2400.0,2398.2973136066635,179,9,179,47,1.7026863933364211,3998.2973136066635,30.693361346447492,32.67623548124414,-1,1,35.0,35.0,314,213,6.200997136736218,174.0912720866943,9.095827959523435,296.14414068728126,0,10,49,19,11,235,0.1050773369199731,0.2059707044384667,212.0,373.0000000000002
F10_7.13,N17,N16,800.0,1,2400.0,2394.816583374651,45,70,134,45,5.183416625348968,3994.816583374651,32.73420755882188,34.44786644560609,0,-1,0.0,0.0,221,160,4.827417108487098,80.95837094903845,10.287757000495866,255.51803217095272,0,1,2,17,17,249,0.05674176193678548,0.04833557498318763,806.0,189.00000000000023
F10_7.12,N17,N16,800.0,1,2400.0,2394.4512970873147,45,72,137,45,5.54870291268503,3994.4512970873147,32.94098467609215,34.585645664736965,1,-1,16.0,16.0,203,146,3.838178797170371,133.0376220173514,10.956780047023484,255.68825128338096,0,3,1,16,15,254,0.06253217518580123,0.04518325487558844,819.0,194.00000000000023
F10_1.13,N17,N16,800.0,1,2400.0,2399.927549013116,44,70,133,44,0.07245098688417784,3999.927549013116,32.83445389060721,34.55624453090777,1,-1,7.0,7.0,214,153,4.458029793233986,90.73452057944996,9.80594153525252,255.75509103768292,0,2,1,16,16,247,0.05467863513204233,0.047284801613987903,826.0,185.0
F4_11.30,N17,N24,800.0,1,2400.0,2398.387097154263,170,6,170,75,1.612902845737267,3998.387097154263,30.263680247423032,32.179226919171164,1,1,15.0,15.0,310,238,8.353779487105859,13.041660401023819,10.667329821612501,275.69236147343986,0,0,37,14,12,251,0.08578911239927584,0.20557268294111378,157.0,393.0
F3_19.25,N17,N24,800.0,1,2400.0,2395.9822466576175,166,7,166,54,4.017753342382434,3995.9822466576175,30.764306762437457,32.4214691183303,-1,1,12.0,12.0,303,211,3.4827670784988274,23.30245194963618,8.075047922667393,354.30310347361,0,36,36,26,12,227,0.11978816408876934,0.20003698048015123,207.0,419.0
F3_12.18,N17,N24,800.0,1,2400.0,2399.659427496066,158,8,158,60,0.3405725039340268,3999.659427496066,30.232526035951626,32.293067012456085,1,-1,6.0,6.0,307,232,9.22081718656477,57.97978629544741,9.968525951570811,255.3916763018282,0,0,65,20,13,226,0.11558507061197042,0.20385003362474785,170.0,398.9999999999998
F10_1.16,N17,N16,800.0,1,2400.0,2394.095507920483,49,75,149,49,5.904492079516899,3994.095507920483,32.64207517484091,34.239538290876915,1,-1,16.0,16.0,249,159,3.091664206060646,218.09338246394327,11.425257470870948,294.47358080265013,0,13,5,24,23,273,0.07989705794497863,0.04938634835238736,842.0,178.0
F2_19.19,N17,N24,800.0,1,2400.0,2398.3312895400604,171,12,171,90,1.6687104599398026,3998.3312895400604,30.019971203415054,31.936205923981486,1,-1,17.0,17.0,320,258,8.666321579428338,10.461677266023344,9.011176976667016,266.13972774336276,0,2,53,23,15,273,0.11558507061197042,0.21120544720914597,170.0,410.9999999999998
F3_12.17,N17,N24,800.0,1,2400.0,2395.2830246724297,155,5,155,61,4.71697532757014,3995.2830246724297,30.217568420736917,32.335694043159464,0,-1,1.0,1.0,297,229,8.738249174799575,10.474003442731373,8.61339980092086,261.4307349848872,0,0,70,20,13,221,0.11138197713517149,0.20490080699394758,214.0,447.0
F4_12.24,N17,N24,800.0,1,2400.0,2391.087234262952,171,12,171,91,8.91276573704829,3991.087234262952,29.969712989982142,31.9569121025249,-1,-1,14.0,14.0,316,257,6.537749759101424,56.3364697530742,9.876381645746955,272.4610976363207,0,7,55,9,7,274,0.05043712172158709,0.21120544720914594,177.0,412.9999999999998
F4_13.23,N17,N24,800.0,1,2400.0,2392.484765447943,175,13,175,92,7.515234552056768,3992.484765447943,29.934138142031976,31.975915229588953,-1,-1,8.0,8.0,317,261,6.6953992390814925,12.025409293039274,10.166960715589074,282.9561670674474,0,9,59,12,10,280,0.05253866845998655,0.21645931405514462,174.0,411.0
F10_1.18,N17,N16,800.0,1,2400.0,2395.472012370724,47,102,148,47,4.527987629276026,3995.472012370724,32.023091297439215,33.89363713435338,1,-1,14.0,14.0,281,170,1.9529926394850792,12.993238381380024,10.371349042423963,303.36936277661056,0,14,1,29,26,297,0.09460786043497119,0.04203093476798925,837.0,167.0
F3_19.33,N17,N24,800.0,1,2400.0,2398.079285691536,172,6,172,72,1.9207143084641984,3998.079285691536,30.226077981301092,32.06205800876062,-1,1,4.0,4.0,313,241,4.271987631612206,55.01306234881645,8.882132024757162,344.22218041000195,0,25,33,27,18,250,0.11558507061197042,0.20361974282813028,207.0,434.9999999999998
F10_1.17,N17,N16,800.0,1,2400.0,2395.31909840985,45,102,148,45,4.680901590150029,3995.31909840985,32.006394378258875,33.89134973211748,1,-1,16.0,16.0,279,169,2.1210026042379244,148.72630740100476,11.641741827617661,306.6164760711037,0,16,1,29,25,295,0.09250631369657172,0.04203093476798925,831.0000000000002,177.0
F3_12.19,N17,N24,800.0,1,2400.0,2392.1927976873258,173,13,173,91,7.807202312674235,3992.1927976873258,29.953991377880858,31.97572925661714,1,-1,12.0,12.0,317,258,8.855961036666,13.658685039403963,8.811213887855816,267.4882330345279,0,3,58,23,15,277,0.11138197713517149,0.21225622057834567,223.0,446.9999999999998
F4_12.25,N17,N24,800.0,1,2400.0,2392.8844208123255,161,12,161,105,7.115579187674257,3992.8844208123255,29.724180563975036,31.707925411174212,-1,-1,26.0,26.0,302,279,6.763645689165026,74.5919272251981,9.989510149178757,273.6648719339366,0,4,54,8,6,278,0.05043712172158709,0.22503683064378055,215.0,407.0
F3_19.34,N17,N24,800.0,1,2400.0,2395.6970365497655,167,10,167,97,4.302963450234529,3995.6970365497655,29.883076779499604,31.951990373026167,-1,1,23.0,23.0,296,264,6.436477512362788,233.54688658033797,10.62705308563429,298.1249176121715,0,18,56,23,14,274,0.11768661735036988,0.22066240753194352,222.0,430.0
F4_16.17,N17,N16,800.0,1,2400.0,2391.7575309649064,77,217,130,77,8.24246903509379,3991.7575309649064,29.754851918254637,31.095591286778212,-1,1,34.0,34.0,299,247,10.295235360565124,11.741181512187268,10.165314347630897,252.78521950847426,0,1,0,6,1,424,0.04833557498318763,0.040980161398789516,180.0,456.0
F7_17.23,N17,N24,800.0,1,2400.0,2392.7608212413206,154,13,154,104,7.2391787586793725,3992.7608212413206,29.622859759268255,31.700563782758934,1,-1,12.0,12.0,297,272,8.296995820694752,10.02063657658482,8.697403614639665,280.9129240561243,0,8,64,25,16,271,0.11664828336633702,0.22801782111634167,179.0,449.0
F3_12.24,N17,N24,800.0,1,2400.0,2389.0287887204768,154,14,154,100,10.971211279523459,3989.0287887204768,29.61851957938083,31.724553064695552,1,-1,0.0,0.0,296,265,9.135873319231722,14.623104989003878,9.04648429485937,258.137625383728,0,0,76,22,17,268,0.11768661735036988,0.23011936785474113,210.0,445.0
F3_12.22,N17,N24,800.0,1,2400.0,2392.437043411641,152,13,152,102,7.562956588359384,3992.437043411641,29.627261771937597,31.742300967638265,1,-1,5.0,5.0,295,266,9.106517089017533,10.570372504526858,8.813675838999027,260.1906805408561,0,2,71,22,16,267,0.10928043039677203,0.22801782111634167,212.0,410.0
F3_12.23,N17,N24,800.0,1,2400.0,2394.0457539585777,152,16,152,100,5.954246041422493,3994.0457539585777,29.633000450323905,31.716510831882264,-1,1,39.0,39.0,294,269,7.877725747003811,16.23058289779692,10.789126459250935,278.0341735348182,0,1,77,23,18,268,0.1218897108271688,0.23018927961419783,215.0,413.0
F3_19.39,N17,N24,800.0,1,2400.0,2392.094109580038,153,16,153,100,7.905890419961793,3992.094109580038,29.631173605985445,31.716510831882264,-1,1,41.0,41.0,294,268,8.467770785600814,35.713431800155604,9.918574639818843,266.70128520675587,0,0,78,23,17,269,0.12399125756556827,0.23197105056600287,212.0,413.0
F3_12.26,N17,N24,800.0,1,2400.0,2392.599858333421,143,14,143,117,7.400141666579202,3992.599858333421,29.535280034311818,31.48784751730409,-1,1,38.0,38.0,284,294,7.210466650635101,9.906791663074955,8.653734829348547,278.06227652606657,0,4,103,17,12,274,0.11978816408876934,0.24143506546283966,200.0,391.0
F10_0.13,N17,N16,800.0,1,2400.0,2391.300874219298,58,117,147,58,8.699125780701934,3991.300874219298,31.432265026854378,33.273741177052784,1,-1,15.0,15.0,305,188,1.219635657523207,64.94698829932804,11.133648732870633,330.04320666237527,0,21,8,33,32,322,0.10721715333429147,0.04518325487558844,892.0,185.0
F10_0.16,N17,N16,800.0,1,2400.0,2396.156816758191,61,122,146,61,3.8431832418089016,3996.156816758191,31.391751038039764,33.18427089205638,1,-1,3.0,3.0,311,186,3.0170452443453812,12.92789424879038,10.363276386475892,321.677622243435,0,14,9,35,35,329,0.10087424344317418,0.04833557498318763,911.0000000000002,167.0
F3_18.16,N17,N24,800.0,1,2400.0,2393.9215701279945,143,12,143,116,6.078429872005245,3993.9215701279945,29.542087312585497,31.38993307129456,-1,1,20.0,20.0,283,300,5.233725527659992,9.691732136029032,8.450823002103023,313.2742575282142,0,19,84,22,15,271,0.11978816408876934,0.22922968631421686,192.99999999999977,431.0
F8_14.13,N17,N24,800.0,1,2400.0,2379.3742125057533,130,3,130,33,20.62578749424665,3979.3742125057533,32.72351148501784,34.46203154249787,1,-1,40.0,40.0,224,147,2.5849474668298695,10.991132466999034,9.537843186340798,406.3322314784382,0,38,4,60,60,166,0.19588102514163414,0.09772192333557499,993.0,402.0
F3_12.25,N17,N24,800.0,1,2400.0,2392.064536388937,143,14,143,119,7.935463611062914,3992.064536388937,29.53608536202242,31.486263229324802,-1,1,40.0,40.0,282,295,7.959756280891914,9.038195343155394,8.06188530409962,269.08493655819524,0,2,103,16,11,276,0.11978816408876934,0.24172888293602732,210.0,442.0
F8_11.17,N17,N24,800.0,1,2400.0,2214.6179302968458,131,3,131,36,185.38206970315412,3814.6179302968458,32.55395702282244,34.56033425925016,1,-1,20.0,20.0,229,155,1.2968551622120823,13.032165176669196,10.446458565005683,401.2356684713599,0,29,22,60,60,170,0.20178676591737518,0.10910300252229031,989.0,400.0
F3_17.24,N17,N24,800.0,1,2400.0,2398.3226253926996,142,10,142,120,1.6773746073005213,3998.3226253926996,29.31252165993588,31.237180145133504,1,-1,39.0,39.0,276,289,4.682998074520392,8.45892776081655,7.523325837206752,320.76846594460744,0,18,62,24,18,272,0.11558507061197042,0.22696704774714194,176.00000000000023,413.0
F3_19.40,N17,N24,800.0,1,2400.0,2399.5324501629466,143,10,143,121,0.4675498370531841,3999.5324501629466,29.29028170596291,31.23161264650564,1,-1,37.0,37.0,277,291,5.031497539459212,9.371019583563793,8.05222908919109,318.0510343861283,0,14,64,24,18,274,0.1196888366766805,0.2290685944855414,177.99999999999977,413.0
F3_19.36,N17,N24,800.0,1,2400.0,2393.9467455081644,142,13,142,117,6.05325449183556,3993.9467455081644,29.542087312585497,31.401341844310537,-1,1,22.0,22.0,281,299,5.352634701574543,31.553473198047413,11.102993015452796,309.67637619369293,0,19,89,20,14,272,0.11768661735036988,0.23112779687737914,215.0,440.0
F10_0.12,N17,N16,800.0,1,2400.0,2394.6560084058806,60,123,146,60,5.3439915941195295,3994.6560084058806,31.325345514568447,33.16338012702741,1,-1,1.0,1.0,313,184,3.478500591501385,13.12591415210386,10.933990206928277,314.8433904084239,0,15,9,35,35,329,0.09909895135502261,0.04938634835238736,971.0,194.0
F10_7.14,N17,N16,800.0,1,2400.0,2398.4859760144677,63,120,143,63,1.5140239855322761,3998.4859760144677,31.29044285550468,33.119734766558516,-1,1,37.0,37.0,321,182,3.671724541794993,50.58412824751758,10.682572307873588,318.8584129279631,0,15,1,37,37,326,0.09877269670477472,0.046234028244788165,984.0,189.0
F10_0.15,N17,N16,800.0,1,2400.0,2396.288546695362,72,135,149,72,3.7114533046377574,3996.288546695362,30.9667169637547,32.554194064230934,0,-1,0.0,0.0,328,198,0.3672805832142548,418.7334571272213,10.405398907753789,437.87482715098497,0,29,8,41,40,356,0.10931869651957453,0.04098016139878951,901.0000000000002,190.0
F3_18.17,N17,N24,800.0,1,2400.0,2393.202014293106,137,12,137,119,6.79798570689411,3993.202014293106,28.996666041647504,31.204235619864278,1,-1,4.0,4.0,277,302,8.478871396937828,12.502333248156674,9.870119257013805,245.7599067311368,0,0,96,22,18,268,0.10726273193911771,0.24062710154673844,209.99999999999977,440.0
F3_17.25,N17,N24,800.0,1,2400.0,2396.9060395837364,133,9,133,122,3.0939604162635987,3996.9060395837364,28.936176749814226,30.9585282763948,-1,1,29.0,29.0,271,306,7.349172663933757,29.804895435475146,10.688986712784217,251.97802332500936,0,4,103,24,19,264,0.10928043039677203,0.2364431465549382,205.0,426.0
F10_1.21,N17,N16,800.0,1,2400.0,2395.6134511382506,69,200,131,69,4.386548861749361,3995.6134511382506,29.953991377880858,31.26033948148573,-1,1,11.0,11.0,318,206,0.7200237080009724,88.72894465053218,12.186635583845526,622.465617995935,0,43,0,45,44,400,0.11138197713517149,0.036777067921990585,819.0000000000002,218.0
F8_13.20,N17,N24,800.0,1,2400.0,2395.9422957542483,162,4,162,44,4.057704245751665,3995.9422957542483,32.26002882416082,33.890580032392066,1,-1,20.0,20.0,279,169,0.5988374708624135,86.49374023381984,0.7334647631445024,566.7757688200816,0,30,23,84,84,210,0.26273161025836717,0.11978816408876936,1342.0000000000002,433.0
F8_15.17,N17,N24,800.0,1,2400.0,2399.9778287485115,182,4,182,44,0.022171251488316557,3999.9778287485115,31.466689399062833,33.10404990241413,-1,1,21.0,21.0,301,183,0.4977860081102372,1.5770627771548789,1.3447905408953085,851.4033061725223,0,52,37,97,97,230,0.2753026227303295,0.1568788407393946,1567.9999999999998,349.0
F7_19.17,N17,N24,800.0,1,2400.0,2394.052578602278,113,28,113,181,5.947421397721882,3994.052578602278,27.518072727796678,28.541625222805663,1,-1,13.0,13.0,259,359,9.467047159713632,11.844322835602952,10.143627840058949,237.52698781615186,0,0,84,18,14,322,0.0945696032279758,0.23327168796234032,163.0,768.0
F8_14.1,N17,N24,800.0,1,2400.0,1932.429713205082,11,0,11,17,467.57028679491793,3532.429713205082,0.0,0.0,1,-1,35.0,35.0,16,15,11.724819496462956,40.35168022088965,11.724819496462956,218.176569699487,0,0,0,1,1,28,0.0336247478143914,0.0,99.0,146.0
F8_14.3,N17,N24,800.0,-1,2400.0,1012.0480909913083,31,0,31,19,212.0221406320718,2612.0480909913085,33.508758989489216,44.22242062533753,-2,0,0.0,0.0,37,23,12.239228864802998,24.78279510582422,12.223582071666309,209.44384555767368,0,0,0,2,2,50,0.014710827168796235,0.00945696032279758,19.0,148.0
F4_11.1,N17,N24,800.0,1,2400.0,1956.1655128799848,11,0,11,17,443.8344871200154,3556.165512879985,0.0,0.0,-1,-1,35.0,35.0,16,15,5.21232629878182,218.31395665748255,10.388045104193047,254.56798244504657,0,1,0,2,2,28,0.0441324815063887,0.0,110.0,143.0
F8_7.0,N17,N16,800.0,1,2400.0,1611.5127239344529,4,1,18,4,788.4872760655472,3211.512723934453,0.0,0.0,-1,-1,2.0,2.0,15,7,0.0,200.0,0.0,248.2895824425687,0,3,0,0,0,23,0.012609280430396773,0.0010507733691997312,95.0,174.0
F8_0.0,N17,N16,800.0,-1,2400.0,1007.0301242036321,8,10,29,8,207.00432198714213,2607.030124203632,39.724137931034484,0.0,-2,-1,12.0,12.0,36,17,10.007309533677084,72.64433144252757,9.466675286532357,254.2966155161873,0,0,0,2,2,47,0.006304640215198386,0.004203093476798925,25.0,179.0
F8_14.2,N17,N24,800.0,1,2400.0,1618.9697502112667,27,0,27,24,781.0302497887332,3218.9697502112667,39.724137931034484,44.781850277868585,-1,1,19.0,19.0,33,21,0.0,0.0011017808242286264,0.0,224.06346172161076,0,2,0,1,1,51,0.025218560860793545,0.006304640215198386,101.0,162.0
F8_14.0,N17,N24,800.0,-1,2400.0,1113.7569477357422,34,0,34,21,313.727237168296,2713.756947735742,35.733117281212564,43.088581840188894,-2,1,38.0,38.0,40,24,11.390907576729836,73.20641007594196,9.647744008117654,212.3463465482964,0,0,0,7,7,55,0.025218560860793545,0.015761600537995964,30.0,165.0
F4_14.5,N17,N24,800.0,1,2400.0,2098.271470866388,31,0,31,19,301.72852913361197,3698.271470866388,33.508758989489216,44.22242062533753,0,0,0.0,0.0,37,23,10.014733073178588,11.289185823414073,10.014733073178588,248.92035208946953,0,0,0,1,1,50,0.02101546738399462,0.00945696032279758,121.99999999999994,138.0
F4_15.0,N17,N24,800.0,1,2400.0,2126.138129516593,12,0,12,16,273.8618704834073,3726.138129516593,0.0,0.0,-1,-1,33.0,33.0,17,15,6.447598317848299,182.33254143496333,9.671563343743182,253.20399537975246,0,1,0,3,3,28,0.046234028244788165,0.0,142.0,181.0
F4_11.2,N17,N24,800.0,-1,2400.0,958.1852181551794,46,0,46,14,158.16071726289533,2558.1852181551794,35.00297112102076,39.81432878305412,-2,-1,31.0,31.0,55,33,10.840422141494646,63.04110131477739,11.003503773730213,214.0123630701067,0,0,0,13,8,60,0.046234028244788165,0.03257397444519166,13.0,141.0
F8_17.1,N17,N24,800.0,1,2400.0,2202.87787402285,13,0,13,18,197.12212597715018,3802.87787402285,39.724137931034484,42.523700555737165,1,-1,15.0,15.0,17,13,10.813680712506354,24.641526679508843,11.342861228047209,212.9725518199663,0,0,0,2,1,31,0.03992938802958978,0.0,149.0,168.0
F4_14.4,N17,N24,800.0,1,2400.0,2394.85351543431,15,0,15,20,5.14648456569023,3994.85351543431,39.724137931034484,42.523700555737165,-1,-1,6.0,6.0,19,15,7.407019558043802,54.9201554757467,9.93271649420134,264.05257453060756,0,2,0,5,5,35,0.046234028244788165,0.0010507733691997312,170.99999999999994,148.0
F4_19.1,N17,N24,800.0,-1,2400.0,1088.8478937572468,44,0,44,15,288.8447119578388,2688.8478937572468,35.00297112102076,41.062859557953715,-2,-1,36.0,36.0,52,35,11.87581889219843,469.09939291392857,10.863060523547084,214.59128735444432,0,0,0,2,1,59,0.014710827168796235,0.0304724277067922,26.0,153.0
F8_1.2,N17,N16,800.0,-1,2400.0,1111.8324090747433,7,16,40,7,311.80278584100165,2711.8324090747433,35.733117281212564,37.01789205595036,-2,-1,28.0,28.0,42,15,9.03057271930648,716.6271865474478,8.13125121232854,264.09461047115957,0,0,0,4,3,63,0.01050773369199731,0.005253866845998655,36.00000000000006,172.0
F5_17.0,N17,N24,800.0,1,2400.0,1925.5314619059645,27,0,27,20,474.46853809403547,3525.5314619059645,35.733117281212564,43.773637942090225,1,-1,11.0,11.0,32,21,10.520893274792884,12.325897854248979,10.705212351705098,215.4276538406116,0,0,0,3,0,47,0.062250058659726756,0.014710827168796235,129.0,179.0
F4_14.3,N17,N24,800.0,1,2400.0,1624.4881586698407,34,0,34,21,775.5118413301594,3224.4881586698407,35.733117281212564,43.088581840188894,1,1,38.0,38.0,40,24,4.802204291646113,8.60685172761032,5.8892687806345965,255.88220483387246,0,0,0,0,0,55,0.049388982816255964,0.015761600537995964,76.99999999999994,203.0
F4_18.0,N17,N24,800.0,1,2400.0,2396.699817198046,24,0,24,24,3.3001828019539516,3996.699817198046,39.724137931034484,42.523700555737165,1,1,25.0,25.0,28,23,9.367540065954458,39.66234475903548,9.61295570892395,250.52942455528677,0,0,0,8,8,48,0.05043712172158709,0.006304640215198386,163.00000000000006,197.0
F4_13.1,N17,N24,800.0,1,2400.0,2397.953109976391,18,0,18,24,2.0468900236089667,3997.953109976391,39.724137931034484,42.523700555737165,1,1,36.0,36.0,22,18,9.59148688689705,497.3662697275158,9.59148688689705,253.7083131249756,0,0,0,1,1,42,0.02101546738399462,0.00555623592882146,163.0,212.0
F8_17.0,N17,N24,800.0,-1,2400.0,873.3679813113245,42,0,42,15,73.34524333377021,2473.3679813113245,35.00297112102076,41.062859557953715,-2,-1,37.0,37.0,50,35,10.940063370440702,160.86684271607749,10.54167525591627,216.7952746177331,0,0,0,11,7,57,0.046234028244788165,0.0304724277067922,8.0,228.0
F4_19.2,N17,N24,800.0,-1,2400.0,1473.3166240092924,44,0,44,22,673.2206573926038,3073.3166240092924,35.35522320352033,43.23063465387151,-2,1,11.0,11.0,53,31,11.025037908224975,41.67580638414671,10.993121092483364,214.2463311579661,0,0,0,18,18,66,0.046234028244788165,0.0304724277067922,65.0,198.0
F4_14.2,N17,N24,800.0,1,2400.0,1771.5171886265507,30,0,30,20,628.4828113734493,3371.5171886265507,35.733117281212564,43.088581840188894,-1,-1,5.0,5.0,35,20,6.020091506482466,31.60808806676323,8.881550197506234,266.2940142101006,0,2,0,3,3,50,0.04833557498318763,0.014710827168796235,95.0,209.0
F6_16.0,N17,N24,800.0,1,2400.0,2389.910584808067,30,0,30,20,10.089415191933085,3989.910584808067,35.733117281212564,43.088581840188894,1,-1,6.0,6.0,35,20,10.587886128109922,311.4315764017681,11.177692759314404,215.90955308213083,0,0,0,4,1,50,0.06304640215198387,0.014710827168796235,141.00000000000006,171.0
F8_17.2,N17,N24,800.0,1,2400.0,2068.775372756047,32,0,32,18,331.22462724395274,3668.775372756047,33.508758989489216,44.22242062533753,1,-1,35.0,35.0,38,23,10.854365526929527,12.492978027397612,10.046569387287281,215.6960820280869,0,0,0,2,1,50,0.054640215198386015,0.01050773369199731,154.00000000000006,196.0
F8_15.0,N17,N24,800.0,1,2400.0,2399.166294114981,35,0,35,23,0.8337058850188441,3999.166294114981,35.733117281212564,43.088581840188894,-1,1,27.0,27.0,43,30,6.966650201406638,43.73937467087899,11.94075865375942,247.67957167711415,0,4,0,7,2,58,0.0672494956287828,0.024167787491593814,137.0,158.0
F8_13.0,N17,N24,800.0,1,2400.0,1633.313257820735,49,0,49,16,766.6867421792651,3233.313257820735,35.25951291469376,39.60409366560047,1,-1,21.0,21.0,58,31,12.204491061145493,71.40561757732499,11.956730253468976,214.67994622041007,0,0,0,0,0,65,0.0672494956287828,0.035726294552790853,70.0,178.0
F4_18.1,N17,N24,800.0,1,2400.0,2394.6210232396675,28,0,28,20,5.3789767603325345,3994.6210232396675,35.733117281212564,43.088581840188894,-1,-1,9.0,9.0,33,20,7.825785976997311,458.1738063562857,8.716727080282416,262.24722296287524,0,2,0,5,5,48,0.023117014122394083,0.014710827168796235,174.0,150.0
F4_16.0,N17,N24,800.0,1,2400.0,1935.7484133249823,50,0,50,16,464.2515866750178,3535.7484133249823,35.15684316998748,39.60409366560047,-1,-1,17.0,17.0,60,31,6.765356370014451,11.910408644500421,9.779259076835295,263.9663728160957,0,1,0,6,6,66,0.05043712172158709,0.035726294552790853,106.0,139.0
F4_14.1,N17,N24,800.0,1,2400.0,2396.3907965278886,25,0,25,24,3.609203472111176,3996.3907965278886,39.724137931034484,42.523700555737165,1,1,23.0,23.0,30,23,9.1524099432739,10.319750587846784,9.432491546000099,254.9110593924824,0,0,0,9,9,49,0.04833557498318763,0.006304640215198386,179.99999999999994,193.0
F8_11.1,N17,N24,800.0,-1,2400.0,1480.7507541727318,50,0,50,16,680.649141999043,3080.750754172732,35.15684316998748,39.60409366560047,-2,-1,18.0,18.0,60,31,10.922060936996251,47.55275300537758,11.494018818503246,213.29063384005988,0,0,0,25,20,66,0.054640215198386015,0.03572629455279086,63.0,181.0
F4_17.1,N17,N24,800.0,1,2400.0,2393.8966741074078,29,0,29,20,6.1033258925921245,3993.8966741074078,35.733117281212564,43.088581840188894,-1,-1,8.0,8.0,34,20,8.108200065946516,299.8647649049883,11.58747425179048,267.0855639532383,0,2,0,9,9,49,0.05043712172158709,0.014710827168796235,177.00000000000006,154.0
F4_17.0,N17,N24,800.0,1,2400.0,2396.2318824965246,31,0,31,20,3.7681175034754233,3996.2318824965246,35.733117281212564,43.088581840188894,-1,-1,2.0,2.0,36,20,8.471144297524106,53.48985093292549,9.813402639030857,272.18517872427407,0,2,0,9,9,51,0.04833557498318763,0.014729707282087338,173.0,155.0
F8_9.1,N17,N16,800.0,1,2400.0,2062.7015244885233,8,16,40,8,337.2984755114767,3662.7015244885233,35.22431218393367,37.01789205595036,-1,-1,3.0,3.0,51,22,3.459015108004078,95.66371907902248,12.335789187588782,248.27086602763882,0,8,0,7,1,64,0.06514794889038333,0.005253866845998655,123.0,157.0
F8_0.1,N17,N16,800.0,1,2400.0,1607.2163042287634,8,16,42,8,792.7836957712367,3207.2163042287634,35.16910054286194,37.01789205595036,1,1,40.0,40.0,51,23,3.8716758885886517,775.5531110565958,8.244641396613137,5.089662327395274,0,0,0,0,0,66,0.24038461538461536,0.0,94.0,176.0
F8_0.2,N17,N16,800.0,1,2400.0,1857.7424671794442,5,15,38,5,542.257532820556,3457.7424671794442,35.733117281212564,39.183673469387756,1,1,13.0,13.0,32,18,10.003151868258984,32.61032127659519,10.003151868258984,214.12064880234297,0,0,0,1,1,58,0.05884330867518494,0.005253866845998655,160.0,176.0
F8_7.2,N17,N16,800.0,1,2400.0,2347.927907004366,7,16,40,7,52.072092995633966,3947.927907004366,35.733117281212564,37.01789205595036,-1,-1,27.0,27.0,43,15,6.137632126014506,91.95902128319722,12.283097782345543,247.67957167711415,0,4,0,6,3,63,0.0672494956287828,0.005253866845998655,149.0,164.0
F8_9.0,N17,N16,800.0,1,2400.0,1626.8358114931766,8,16,42,8,773.1641885068234,3226.8358114931766,35.16910054286194,37.01789205595036,1,1,41.0,41.0,50,23,0.0,0.001027078681090643,0.0,239.9967055691303,0,6,0,1,1,66,0.07097347584047015,0.00513600215553246,103.0,182.0
F4_19.4,N17,N24,800.0,1,2400.0,2397.968195716982,39,0,39,23,2.0318042830181184,3997.968195716982,35.51145186363518,43.088581840188894,1,1,20.0,20.0,48,30,11.832856115163974,205.47557427974243,11.832856115163974,246.86259842218072,0,0,0,1,1,62,0.02101546738399462,0.027320107599193007,151.0,199.0
F6_16.1,N17,N24,800.0,1,2400.0,2395.7928369368515,45,0,45,14,4.207163063148641,3995.7928369368515,35.00297112102076,41.062859557953715,1,-1,34.0,34.0,53,36,9.803319215889376,17.93264861410603,11.26652233190161,222.7881145880697,0,0,0,9,8,59,0.06304640215198387,0.031523201075991936,169.0,163.0
F3_12.0,N17,N24,800.0,1,2400.0,2387.325182551841,52,0,52,21,12.674817448159047,3987.325182551841,35.50037510074528,40.18697021151182,-1,1,20.0,20.0,65,46,11.789265142145913,420.7872307185928,11.559239515759757,194.60883103631568,0,0,0,3,3,73,0.018913920645595158,0.047284801613987903,125.0,156.0
F3_18.0,N17,N24,800.0,1,2400.0,2316.5244517710225,50,0,50,16,83.47554822897757,3916.5244517710225,35.15684316998748,39.77627775040374,1,-1,16.0,16.0,60,28,14.389779725769198,484.79891274837587,14.389779725769198,184.8685105938438,0,0,0,1,1,66,0.018913920645595158,0.035726294552790853,139.0,171.0
F4_15.1,N17,N24,800.0,1,2400.0,2395.7333197112002,50,0,50,16,4.266680288799648,3995.7333197112002,35.089905322547864,39.675701310872086,-1,-1,14.0,14.0,60,27,7.603834473735638,253.732750872,11.606785645686024,271.30429264161523,0,2,0,10,10,66,0.05043712172158709,0.036777067921990585,179.0,144.0
F4_17.3,N17,N24,800.0,1,2400.0,2393.1352993224855,41,0,41,23,6.864700677514406,3993.1352993224855,35.51145186363518,43.088581840188894,1,1,18.0,18.0,50,30,9.987006239870134,35.98918090617235,9.251014456553094,246.11057859602644,0,0,0,8,8,64,0.04203093476798924,0.02834995609014554,175.0,188.0
F8_13.1,N17,N24,800.0,1,2400.0,2397.754778366834,43,0,43,22,2.2452216331658974,3997.754778366834,34.64130195293891,43.23063465387151,-1,1,8.0,8.0,52,33,7.6473108019089535,59.200661152789735,10.908900846305528,250.37887934623166,0,7,0,9,3,65,0.0672494956287828,0.0304724277067922,186.0,175.0
F8_7.1,N17,N16,800.0,1,2400.0,2134.729949347417,8,16,41,8,265.270050652583,3734.729949347417,35.16910054286194,37.01789205595036,-1,-1,0.0,0.0,50,23,5.893971993832568,44.67702555985011,11.640465715750732,246.53473225593396,0,8,0,6,4,65,0.06935104236718224,0.005253866845998655,186.0,169.0
F8_0.3,N17,N16,800.0,1,2400.0,2390.2661305796423,8,17,45,8,9.733869420357792,3990.2661305796423,35.00297112102076,37.01789205595036,1,1,32.0,32.0,55,23,11.194446819278175,63.849117422235395,9.680357320928,216.67412070511003,0,0,0,6,2,70,0.06699499771492608,0.00840618695359785,182.0,180.0
F6_7.0,N17,N16,800.0,1,2400.0,2389.6955275654473,10,13,60,10,10.304472434552963,3989.6955275654473,35.61485406601425,37.276439296552454,-1,-1,35.0,35.0,61,20,9.814437218390594,166.5162331517688,12.818893741586933,225.73477348279425,0,2,0,12,0,83,0.054640215198386015,0.010507733691997312,163.0,171.0
F4_16.2,N17,N24,800.0,1,2400.0,2391.150862413799,50,0,50,19,8.849137586200754,3991.150862413799,35.61485406601425,39.66303547416785,1,1,35.0,35.0,61,34,9.759131315652796,10.911664002490397,9.266511242064155,244.5404063432261,0,0,0,9,9,69,0.03898725052500533,0.0441324815063887,166.0,200.9999999999999
F4_18.3,N17,N24,800.0,1,2400.0,2391.503482424456,48,0,48,19,8.49651757554409,3991.503482424456,35.644404352636556,39.66303547416785,1,1,37.0,37.0,58,33,8.956175880281542,44.9275763241576,9.2385260938756,258.3207183733646,0,0,0,10,10,67,0.04203093476798924,0.04203093476798924,169.0,204.0
F4_16.4,N17,N24,800.0,1,2400.0,2389.2073722462173,51,0,51,20,10.792627753782767,3989.2073722462173,35.63217176390871,39.823128680575635,-1,-1,22.0,22.0,66,63,9.806101870925104,519.0962981947462,9.806101870925104,257.84743964751186,0,1,0,1,1,71,0.0168123739071957,0.05884330867518493,124.0,214.0
F8_0.5,N17,N16,800.0,1,2400.0,2394.5787216019307,11,10,53,11,5.421278398069489,3994.5787216019307,35.35685232614438,36.47752955309781,-1,-1,10.0,10.0,68,24,7.52914776144569,63.46801747839754,11.092370444090077,249.48418059122818,0,7,0,20,1,74,0.08196032279757902,0.010507733691997312,202.0,169.0
F8_0.4,N17,N16,800.0,1,2400.0,2122.819568964488,10,16,54,10,277.1804310355117,3722.819568964488,35.62961287969623,36.062240207400734,1,1,7.0,7.0,65,30,11.267610013924624,152.4950155247575,11.71435848388985,228.22133637559804,0,0,0,5,2,80,0.07145258910558171,0.011558507061197041,167.0,186.9999999999999
F4_12.2,N17,N24,800.0,1,2400.0,2398.3598125967333,57,1,57,26,1.6401874032667365,3998.3598125967333,35.89531834620153,39.505702786887866,1,1,4.0,4.0,79,76,10.300681225791847,292.376064289786,9.885414397970482,243.2099799902566,0,0,0,7,7,84,0.04833557498318763,0.06547623291081721,165.0,182.0000000000001
F8_11.4,N17,N24,800.0,1,2400.0,2261.9861692602667,57,1,57,28,138.01383073973318,3861.9861692602667,35.84309121235658,39.41509921102363,-1,1,10.0,10.0,79,73,6.776659151614204,12.395102166555262,10.36487040389509,259.4632159595552,0,10,0,16,10,86,0.07355413584398117,0.06619872225958305,191.0,170.9999999999999
F8_11.3,N17,N24,800.0,1,2400.0,2113.850257536653,53,1,53,26,286.14974246334725,3713.850257536653,35.66250016010446,39.29271832566155,1,-1,36.0,36.0,75,78,6.848878143988706,4.644623062445135,3.9179775419302594,265.14374630240576,0,4,3,17,13,80,0.0777572293207801,0.06935104236718224,174.0,175.0
F4_11.8,N17,N24,800.0,1,2400.0,2394.4424126171566,60,3,60,30,5.5575873828432805,3994.4424126171566,35.559672800267,39.508777340928724,-1,-1,2.0,2.0,84,86,5.964959374015529,10.89553927129623,9.445299939343757,289.94400150202574,0,5,13,8,8,93,0.05043712172158709,0.0777572293207801,168.0,155.0
F4_14.8,N17,N24,800.0,1,2400.0,2393.1448076036595,52,2,52,30,6.855192396340726,3993.1448076036595,35.604690211716346,39.4885566578544,-1,-1,14.0,14.0,74,85,6.496539053474095,305.8574262790992,9.403039421152702,265.16381449075567,0,3,12,6,6,84,0.05043712172158709,0.07670645595158036,184.0,199.0
F3_18.4,N17,N24,800.0,1,2400.0,2396.330896757404,66,4,66,31,3.6691032425958383,3996.330896757404,35.59130306019994,38.169131974843744,-1,1,2.0,2.0,94,102,8.227957790824055,109.48068093576717,14.613390766258835,207.4547631483193,0,2,0,8,7,101,0.05253866845998655,0.059894082044384664,168.0,177.0
F4_11.10,N17,N24,800.0,1,2400.0,2397.896342658017,71,5,71,28,2.103657341982853,3997.896342658017,35.05449519838757,37.795476202860264,-1,-1,0.0,0.0,94,118,5.476571891968604,17.174985905296126,11.199175354528963,326.98680999493587,0,8,9,8,7,104,0.027320107599193007,0.07960523351773124,174.9999999999999,128.0
F8_13.5,N17,N24,800.0,1,2400.0,2391.5066934942533,58,1,58,27,8.493306505746773,3991.5066934942533,35.84309121235658,39.505702786887866,-1,1,7.0,7.0,80,75,6.554612710433062,69.56128151517146,9.385497952435568,263.3156472731102,0,11,0,16,6,86,0.07565568258238063,0.06619872225958305,213.0,225.0000000000001
F7_18.1,N17,N24,800.0,1,2400.0,2386.7014993743996,72,5,72,28,13.298500625600127,3986.7014993743996,35.1686473930286,37.95376880517128,1,-1,5.0,5.0,95,118,13.144290569631426,359.9062101239292,12.578697228371686,189.16312264396632,0,0,7,5,5,105,0.0510671724879356,0.07670645595158038,140.0,170.0
F7_12.1,N17,N24,800.0,1,2400.0,2389.799491043198,79,4,79,31,10.200508956802082,3989.799491043198,34.99364959542365,36.953219144533676,-1,1,25.0,25.0,105,123,9.237390313262237,67.31698280778937,12.871542826676519,196.3808458317205,0,1,0,7,6,114,0.05674176193678548,0.07634113918837927,127.0,166.0
F7_18.3,N17,N24,800.0,1,2400.0,2397.964096205112,81,4,81,31,2.035903794887986,3997.964096205112,34.99364959542365,36.881865277414256,-1,1,23.0,23.0,108,124,9.704449211437916,27.266623287120183,13.434082143519221,197.04754573984619,0,2,0,8,7,116,0.054640215198386015,0.07452534060641626,128.0,167.0
F7_17.0,N17,N24,800.0,1,2400.0,2393.7463671889363,77,4,77,30,6.253632811063881,3993.7463671889363,34.99364959542365,37.388246977454806,-1,1,31.0,31.0,102,128,13.042466501058167,47.85213894591402,13.692447118114009,188.53367782699044,0,0,0,6,5,111,0.046234028244788165,0.07999579167704213,128.0,177.0
F7_18.2,N17,N24,800.0,1,2400.0,2388.3733424129578,82,4,82,30,11.626657587042132,3988.3733424129578,34.99300410926843,36.79296444811568,-1,1,18.0,18.0,109,121,7.475202267148218,53.95872542765824,14.168153862218857,209.79709627524656,0,2,0,9,8,116,0.05884330867518494,0.07145258910558171,120.0,171.0
F3_12.2,N17,N24,800.0,1,2400.0,2389.148415951163,67,4,67,27,10.851584048836912,3989.148415951163,35.33065184049132,38.173033880988946,1,-1,38.0,38.0,92,107,7.914485181759188,44.603151875579215,13.820158807004766,212.30129085644057,0,0,2,8,7,98,0.04935479168626964,0.060020434702061094,169.0,177.0
F4_13.6,N17,N24,800.0,1,2400.0,2399.7796239942118,72,4,72,28,0.22037600578812544,3999.7796239942118,34.99364959542365,37.72852432614832,1,1,41.0,41.0,95,119,6.572590886762612,38.8711896730008,11.308465406961956,317.0167096770638,0,7,9,9,8,104,0.030954396152266365,0.08034508387561956,180.9999999999999,180.0
F8_2.5,N17,N16,800.0,1,2400.0,2380.925675428567,11,42,54,11,19.074324571432953,3980.925675428567,34.99364959542365,35.81826459479944,-1,-1,24.0,24.0,106,76,9.037871313246768,82.12315934447952,11.758991590343753,264.5877577143439,0,11,0,6,3,107,0.07655453727068583,0.017863147276395427,158.9999999999999,168.0
F4_18.9,N17,N24,800.0,1,2400.0,2392.5321879565613,81,4,81,31,7.467812043438812,3992.5321879565613,34.99364959542365,36.881865277414256,1,1,23.0,23.0,108,124,9.242788532838565,10.368249382530166,8.166480628256805,251.1797390890256,0,0,0,12,12,116,0.046234028244788165,0.07452534060641626,161.0000000000001,195.0
F8_16.3,N17,N24,800.0,1,2400.0,2397.3408164137345,67,4,67,33,2.659183586265499,3997.3408164137345,35.637446457912006,38.55032801082801,-1,1,15.0,15.0,95,102,5.061202828314989,15.618723490984621,10.640078243256898,293.76016803310785,0,20,0,14,1,104,0.08406186953597848,0.06439745356626654,233.0000000000001,208.0
F7_12.0,N17,N24,800.0,1,2400.0,2388.408518377173,83,4,83,30,11.591481622826905,3988.408518377173,34.99300410926843,36.754983649437754,-1,1,16.0,16.0,110,120,8.244361365854774,20.415822763527558,14.242500898508094,208.59559546275068,0,4,0,10,9,117,0.05674176193678548,0.07145258910558171,154.0000000000001,194.0
F4_13.5,N17,N24,800.0,1,2400.0,2392.8348397025375,74,4,74,30,7.165160297462762,3992.8348397025375,34.99364959542365,37.622937196094384,1,1,36.0,36.0,98,125,8.28871940479286,59.917233188388764,9.77195097831916,274.413611604433,0,0,1,11,11,108,0.04655426458762721,0.07908615756162637,178.0,196.0
F3_19.2,N17,N24,800.0,1,2400.0,2390.6203934246073,78,4,78,21,9.3796065753927,3990.6203934246073,34.868183185151516,36.80339404887174,1,-1,41.0,41.0,103,120,9.860253191320501,14.7831900187673,13.615626750849858,200.72632075775843,0,3,0,12,11,103,0.06890088412840714,0.06619872225958305,160.0,192.0
F8_11.5,N17,N24,800.0,1,2400.0,2279.3245635865806,81,4,81,31,120.67543641341933,3879.3245635865806,34.99364959542365,36.881865277414256,-1,1,23.0,23.0,108,124,8.190587101989504,166.92928163788406,11.205712428148903,265.2373917122082,0,11,0,5,0,116,0.0777572293207801,0.07452534060641626,220.9999999999999,148.0
F8_17.4,N17,N24,800.0,1,2400.0,2389.5177615590273,65,4,65,30,10.482238440972878,3989.5177615590273,35.444830826139906,38.07119582908666,-1,0,2.0,2.0,91,101,3.1828780830921266,33.134469105609924,11.169954546151883,339.44775333674903,0,26,0,14,1,99,0.08616341627437794,0.05884330867518493,264.0000000000001,182.0
F2_12.0,N17,N24,800.0,1,2400.0,2388.982376916114,82,4,82,28,11.017623083886065,3988.982376916114,34.97700172954303,36.76038089053059,-1,1,6.0,6.0,107,119,8.569311864388983,121.56584661143461,13.133311055091953,203.11437398059928,0,4,0,11,10,114,0.06304640215198387,0.06977884853120625,168.0,196.0
F2_18.1,N17,N24,800.0,1,2400.0,2396.9119625329013,78,4,78,19,3.088037467098843,3996.9119625329013,34.77247648150908,36.848151855114445,1,-1,35.0,35.0,100,120,11.788666398027534,76.87325403990712,13.40298384312735,193.12787519483837,0,0,1,11,10,101,0.07355413584398117,0.07040181573638198,162.0000000000001,193.0
F3_12.3,N17,N24,800.0,1,2400.0,2394.666900666742,77,3,77,20,5.3330993332579055,3994.666900666742,34.65762577854878,36.77386474652363,1,-1,29.0,29.0,97,122,13.149898205560579,64.82496645994411,12.456815571853815,187.05149020836214,0,0,5,10,9,100,0.07145258910558171,0.07565568258238065,168.0,175.0
F3_12.4,N17,N24,800.0,1,2400.0,2388.724245991574,79,3,79,23,11.275754008425565,3988.724245991574,34.432469969936605,36.88791326271229,1,-1,19.0,19.0,97,125,12.794239657924122,13.249296493426982,11.144950754165462,186.48268276226636,0,0,5,12,12,105,0.07145258910558171,0.07880800268997984,162.0000000000001,171.0
F2_18.0,N17,N24,800.0,1,2400.0,2391.2704704985126,78,3,78,23,8.72952950148715,3991.2704704985126,34.5389730571387,36.88791326271229,1,-1,21.0,21.0,97,124,12.653818274295901,23.43579956731992,11.701225550019442,187.98400109571395,0,0,5,11,11,104,0.07262106352386898,0.07880800268997984,162.0000000000001,182.0
F7_17.1,N17,N24,800.0,1,2400.0,2395.547185909609,93,2,93,26,4.452814090390689,3995.547185909609,34.32990358840568,36.461403396833795,-1,1,25.0,25.0,115,132,8.99148915136348,14.386454951483302,11.526052120222374,205.4921290026383,0,1,0,13,12,121,0.0672494956287828,0.0840618695359785,183.9999999999999,201.0
F4_15.5,N17,N24,800.0,1,2400.0,2393.4771353873975,86,2,86,26,6.522864612602575,3993.4771353873975,34.331299426550984,36.56278726882735,1,1,33.0,33.0,106,135,7.961575285590521,24.69261699621279,10.466968104856917,315.9527084806,0,3,0,7,7,114,0.03760219939857245,0.08465060151441453,172.0,220.0
F2_18.2,N17,N24,800.0,1,2400.0,2398.5752281449754,91,2,91,19,1.4247718550245736,3998.5752281449754,33.98723782625284,36.28932863185608,-1,1,0.0,0.0,116,142,7.529942711940079,123.03677166558236,13.576265576148007,219.4157144354004,0,6,0,18,18,112,0.08406186953597848,0.08196032279757903,173.0,192.0
F4_13.7,N17,N24,800.0,1,2400.0,2397.3845829173542,97,2,97,24,2.6154170826458767,3997.3845829173542,34.32199510866199,36.32837647963273,1,1,18.0,18.0,120,136,9.248980850720688,11.935168244860051,9.191537827848888,250.3292824032338,0,0,0,5,5,123,0.037827841291190316,0.08511264290517821,177.0,200.0
F8_0.8,N17,N16,800.0,1,2400.0,2398.4867960714537,10,45,46,10,1.513203928546318,3998.4867960714537,34.2548353021442,33.92332933911101,-1,-1,12.0,12.0,120,81,9.088466235546054,58.135298916780584,11.032267656738417,287.9431971616676,0,16,0,8,4,101,0.07985877605917956,0.01891392064559516,200.0,170.0
F3_19.3,N17,N24,800.0,1,2400.0,2398.5213428344323,96,2,96,23,1.4786571655677108,3998.5213428344323,34.2548353021442,36.23786331092298,-1,1,11.0,11.0,121,142,8.386464548049783,41.90133216581785,12.14167354554884,209.6398261271345,0,4,0,15,15,121,0.07355413584398117,0.08511264290517821,182.0,199.0
F8_1.7,N17,N16,800.0,1,2400.0,2397.767383553638,11,47,46,11,2.2326164463620444,3997.767383553638,34.143487992277294,33.917227090069744,-1,-1,8.0,8.0,122,82,9.45588874949749,38.22673252106665,11.442155809077299,293.0206092508406,0,18,0,8,5,104,0.07565568258238063,0.01891392064559516,201.9999999999999,167.0
F7_18.0,N17,N24,800.0,1,2400.0,2397.7913340030336,95,2,95,26,2.2086659969662605,3997.7913340030336,34.32990358840568,36.44062814990535,-1,1,23.0,23.0,117,132,9.122644361524381,18.200186938896877,11.431370167636778,206.02104885489896,0,3,0,14,13,123,0.0672494956287828,0.08616341627437794,201.0000000000001,193.0
F8_1.8,N17,N16,800.0,1,2400.0,2288.2516114230225,9,44,53,9,111.74838857697739,3888.2516114230225,33.82384373648778,33.12016247680664,-1,-1,24.0,24.0,133,92,4.69059289011989,84.16705806051118,10.394907425677092,315.32558929860494,0,16,0,9,7,106,0.07145258910558171,0.012609280430396773,146.0,163.0
F4_11.11,N17,N24,800.0,1,2400.0,2113.600475320683,99,3,99,24,286.399524679317,3713.600475320683,33.82384373648778,36.20418076298006,1,1,34.0,34.0,118,166,8.677243013568829,270.91965558885454,8.748866929132006,252.6299942245521,0,0,1,4,4,126,0.0336247478143914,0.11033120376597176,158.0,192.0
F2_12.2,N17,N24,800.0,1,2400.0,2394.4941540015825,98,2,98,22,5.5058459984176125,3994.4941540015825,34.202045530292565,36.315444477720504,-1,1,9.0,9.0,122,141,8.999620767481375,17.497130191984525,14.651346726958415,209.74351986944376,0,4,0,17,17,122,0.0777572293207801,0.08511264290517821,190.0000000000001,240.0
F4_13.9,N17,N24,800.0,1,2400.0,2391.7239785502475,103,3,103,26,8.276021449752648,3991.7239785502475,33.82384373648778,36.147268756570575,1,1,29.0,29.0,124,164,9.372882490946338,126.35538417568796,9.149825264776036,253.1552201740975,0,0,1,7,7,132,0.035726294552790853,0.10824899905696156,157.0,197.0
F8_16.4,N17,N24,800.0,1,2400.0,2023.197331484967,93,2,93,21,376.802668515033,3623.197331484967,33.98774212947902,36.3579153236416,1,-1,34.0,34.0,117,144,3.729995219632097,10.779684606653746,9.269520615891077,282.1071511352406,0,12,1,28,27,116,0.13239744451916613,0.08616341627437794,207.0,188.0
F7_12.2,N17,N24,800.0,1,2400.0,2387.869926511094,96,2,96,23,12.130073488906078,3987.869926511094,34.27113633792352,36.21835138406462,-1,1,14.0,14.0,120,138,8.148048263757753,80.70029227270061,10.681894238484912,209.16890060394786,0,4,0,14,14,121,0.07145258910558171,0.08406186953597848,193.0000000000001,252.0
F2_17.1,N17,N24,800.0,1,2400.0,2398.6884336971552,92,2,92,22,1.3115663028449944,3998.6884336971552,34.06858702659168,36.379009548383046,1,-1,38.0,38.0,116,141,8.334323384205364,87.40510526692401,13.839114632049537,214.47976335209623,0,4,0,17,17,116,0.08351153284598362,0.08301109616677875,172.9999999999999,248.0
F3_17.6,N17,N24,800.0,1,2400.0,2398.35679771154,97,2,97,21,1.6432022884600883,3998.35679771154,34.114160244374915,36.47249775120183,1,-1,25.0,25.0,119,149,11.641871822050849,14.532836497885228,12.503017457024276,193.13361185523726,0,0,5,15,15,120,0.07752458375863709,0.09353379254208977,170.9999999999999,242.0
F3_17.5,N17,N24,800.0,1,2400.0,2390.0489297480335,102,1,102,21,9.951070251966598,3990.0489297480335,34.143829001316895,36.50559217488713,1,-1,14.0,14.0,122,155,12.0319011776344,100.09243687112667,12.358676095228159,193.47083336832893,0,0,5,15,15,124,0.07565568258238063,0.10297579018157364,171.0000000000001,226.0
F0_19.0,N17,N24,800.0,1,2400.0,2395.484554199512,99,2,99,21,4.515445800488351,3995.484554199512,34.114160244374915,36.47249775120183,1,-1,23.0,23.0,121,151,11.894575405154423,14.164040714991643,11.886621555597795,194.04383772593593,0,0,5,15,15,122,0.07546975723853579,0.09562037659717552,169.0,251.0
F8_14.8,N17,N24,800.0,1,2400.0,2399.9739253417692,94,2,94,26,0.02607465823075472,3999.9739253417692,34.32990358840568,36.461403396833795,-1,1,24.0,24.0,116,132,10.377121143595662,27.163778128213835,11.24547060344585,276.61306509980807,0,12,0,7,2,122,0.08196032279757902,0.08511264290517823,244.0,200.0
F7_18.4,N17,N24,800.0,1,2400.0,2392.537214973232,100,2,100,24,7.462785026768188,3992.537214973232,33.85880005741863,36.19455416696801,-1,1,37.0,37.0,119,166,8.932232620509907,12.965386963441915,11.441153283629118,210.93092766408978,0,3,5,17,17,126,0.08196032279757902,0.11033120376597176,156.0,213.0
F3_12.5,N17,N24,800.0,1,2400.0,2391.1285294045438,93,2,93,20,8.871470595456117,3991.1285294045438,34.162116165749865,36.386691875038075,1,-1,31.0,31.0,115,146,10.174045316784474,77.86479832330747,13.639103498852625,201.97900351965188,0,0,2,15,15,115,0.08300955735774043,0.0882649630127774,175.0000000000001,253.0
F4_12.5,N17,N24,800.0,1,2400.0,2394.870759369008,106,3,106,28,5.129240630992172,3994.870759369008,33.82384373648778,36.07976394838319,1,1,27.0,27.0,128,165,9.442007290228835,664.4757191801921,9.442007290228835,248.99059795351351,0,0,1,1,1,137,0.01050773369199731,0.10719803200994878,161.0,218.0
F2_19.0,N17,N24,800.0,1,2400.0,2395.16243178294,100,2,100,24,4.837568217059811,3995.16243178294,33.89182186324227,36.25047221921678,-1,1,39.0,39.0,119,164,9.242036520389442,75.10052393809315,11.723164726885072,209.5149797908016,0,1,8,16,16,126,0.08196032279757902,0.11033120376597176,155.0,243.0
F4_12.4,N17,N24,800.0,1,2400.0,2392.6276035981778,101,0,101,24,7.372396401822357,3992.6276035981778,34.075201599548826,36.489041687840604,-1,-1,5.0,5.0,122,160,8.394431289710202,93.94548697813616,10.591605451881103,259.0400635206181,0,1,8,10,10,125,0.03992938802958978,0.1082296570275723,183.0,231.0
F2_12.1,N17,N24,800.0,1,2400.0,2391.1842769573213,105,3,105,27,8.81572304267877,3991.1842769573213,33.82384373648778,36.07976394838319,-1,1,28.0,28.0,127,163,7.501463961172533,92.04512113834608,12.305672582061025,225.53370339089295,0,6,1,18,18,135,0.07985877605917956,0.10824888153446696,160.0,225.0
F2_17.0,N17,N24,800.0,1,2400.0,2395.285854244068,101,0,101,24,4.714145755932009,3995.285854244068,33.99884363270938,36.47070960592493,1,-1,1.0,1.0,120,162,11.639005777161694,143.51108053778125,11.407342068158647,195.88036164644518,0,0,9,16,16,125,0.08196032279757902,0.10948100669211158,163.0,231.0
F2_17.2,N17,N24,800.0,1,2400.0,2399.704588959445,109,3,109,22,0.2954110405547681,3999.704588959445,33.678393315122925,35.788104503297994,-1,0,2.0,2.0,140,180,4.0965403874997675,228.59508713138052,14.926381820853987,253.51924873914524,0,14,0,22,22,134,0.10297579018157364,0.0914172831203766,168.0,206.0
F2_19.1,N17,N24,800.0,1,2400.0,2388.8271529967033,95,2,95,21,11.17284700329651,3988.8271529967033,34.114160244374915,36.47249775120183,1,-1,26.0,26.0,117,147,11.190045817375822,13.750119793482554,12.194408911736124,194.93909943462558,0,0,5,15,15,118,0.0777572293207801,0.09260106994892203,186.0000000000001,237.0
F8_17.5,N17,N24,800.0,1,2400.0,2396.8572697510144,79,3,79,23,3.1427302489856856,3996.8572697510144,34.432469969936605,36.88791326271229,1,-1,19.0,19.0,97,125,11.27086430346926,281.24826165794775,11.679186145992741,261.6212614348954,0,4,5,2,0,105,0.0672494956287828,0.07880800268997984,264.0,261.0
F2_18.3,N17,N24,800.0,1,2400.0,2394.0184777227373,107,3,107,22,5.98152227726257,3994.0184777227373,33.652088802763174,35.788104503297994,1,-1,37.0,37.0,138,182,5.128811189999532,26.00547454748994,13.550567731537036,245.83540886677582,0,10,5,22,22,132,0.10297579018157364,0.09351882985877606,171.0,243.0
F3_12.7,N17,N24,800.0,1,2400.0,2396.7190309677644,109,3,109,28,3.280969032235589,3996.7190309677644,33.83161603169775,35.833466004530614,-1,1,15.0,15.0,133,171,6.7249491808967905,55.56629101304384,16.084147023369372,230.85669846411952,0,9,0,21,21,140,0.08406186953597848,0.09877269670477472,182.0,258.0
F3_12.6,N17,N24,800.0,1,2400.0,2397.6327884048305,101,3,101,25,2.3672115951693513,3997.6327884048305,33.53039472955912,35.767621203801475,1,-1,24.0,24.0,132,185,8.759457140748887,57.30821071570631,12.354170815301128,215.4339616584127,0,0,8,20,20,129,0.1050773369199731,0.10612811028917284,171.0,236.0
F7_12.4,N17,N24,800.0,1,2400.0,2394.9844215893163,108,3,108,28,5.015578410683588,3994.9844215893163,33.82384373648778,36.05723840063651,-1,1,26.0,26.0,130,165,7.347753877292643,17.482706774295593,10.710441116551868,225.23939554727443,0,7,2,19,19,139,0.08196032279757902,0.10719800881905878,190.0,272.0
F2_19.2,N17,N24,800.0,1,2400.0,2391.976565170219,102,3,102,26,8.023434829780854,3991.976565170219,33.48932175139675,35.80890457239864,1,-1,13.0,13.0,134,193,11.877326130148436,52.18079153698568,12.38332554672702,200.60495584261884,0,0,9,17,17,131,0.09593796791773093,0.1159244292016205,165.0,234.0
F2_17.3,N17,N24,800.0,1,2400.0,2396.875717730052,100,3,100,26,3.1242822699477983,3996.875717730052,33.484947649665685,35.7700911532372,1,-1,20.0,20.0,132,188,10.132650339776962,37.28770377952492,10.956968620126807,206.18487719924696,0,0,8,19,19,129,0.1050773369199731,0.11033120376597177,169.0,239.0
F1_18.1,N17,N24,800.0,1,2400.0,2398.4712445690675,101,3,101,26,1.5287554309323923,3998.4712445690675,33.484947649665685,35.80890457239864,1,-1,18.0,18.0,133,188,11.00990383409441,19.35091748621653,12.543871243766025,203.093660798954,0,0,9,19,19,130,0.1050773369199731,0.1115729937754242,169.0,239.0
F2_17.4,N17,N24,800.0,1,2400.0,2389.3866805953153,106,3,106,26,10.613319404684717,3989.3866805953153,33.4961238596108,35.750832775030275,0,-1,1.0,1.0,138,199,12.017590090963404,76.28589631387695,11.759003802614398,195.92912484487934,0,0,18,15,15,135,0.0882649630127774,0.1281943510423672,156.0,237.0
F0_17.0,N17,N24,800.0,1,2400.0,2393.1795382195533,106,3,106,26,6.820461780446635,3993.1795382195533,33.496095255306045,35.69933586026202,-1,1,41.0,41.0,139,199,11.02698545837418,20.17003378421282,11.964486886394246,201.24433549118208,0,0,18,16,16,135,0.09036650975117687,0.1287247480885028,155.0,240.0
F8_7.8,N17,N16,800.0,1,2400.0,2393.796933575709,17,33,80,17,6.203066424291023,3993.796933575709,33.43936626126076,32.61745559757848,-1,-1,12.0,12.0,145,107,4.631928287939549,65.75960678882711,10.206581390850575,388.69266321033194,0,24,1,11,8,130,0.06514794889038333,0.015761600537995964,193.0,177.0
F7_19.0,N17,N24,800.0,1,2400.0,2390.6320786514043,110,3,110,28,9.367921348595814,3990.6320786514043,33.472564546630224,35.56526223043024,-1,1,30.0,30.0,143,207,9.258457941438401,61.45282410741788,8.610878986246973,213.53468442489992,0,3,4,20,20,141,0.09667114996637526,0.12558480328346353,154.0,240.0
F4_14.13,N17,N24,800.0,1,2400.0,2399.9633199278155,112,4,112,29,0.03668007218436742,3999.9633199278155,33.480139059389955,35.47875214092645,1,1,24.0,24.0,145,207,9.900057140378783,26.114838964099135,8.987904052151322,240.36234859461868,0,0,0,5,5,145,0.02942165433759247,0.11978816408876936,168.0,225.0
F8_7.7,N17,N16,800.0,1,2400.0,2341.4625280639634,16,33,81,16,58.53747193603647,3941.4625280639634,33.43936626126076,32.614770555157016,-1,-1,14.0,14.0,144,108,4.609980519042553,82.23281836303954,8.390720298168429,379.5768218293092,0,22,1,10,7,130,0.06304640215198387,0.015761600537995964,213.0,176.0
F8_9.7,N17,N24,800.0,1,2400.0,2300.1788700122524,111,3,111,28,99.82112998774767,3900.1788700122524,33.82384373648778,35.91477778506199,-1,1,23.0,23.0,134,163,4.7671119669611945,14.018619671772285,9.540177637676523,316.5443341773953,0,17,2,37,37,142,0.11768661735036988,0.10438795669122089,308.0,213.0
F0_18.0,N17,N24,800.0,1,2400.0,2389.6824208058206,104,3,104,26,10.31757919417953,3989.6824208058206,33.50682691535481,35.80890457239864,1,-1,11.0,11.0,136,195,11.768628911176716,13.788731098158905,11.584845016402637,198.79214108549377,0,0,11,17,17,133,0.0945696032279758,0.1176866173503699,164.0,307.0
F4_18.13,N17,N24,800.0,1,2400.0,2395.175170349983,104,4,104,22,4.824829650017136,3995.175170349983,33.384488632246615,35.22542264856635,1,1,3.0,3.0,141,198,9.497661242540168,173.7187836568496,9.184957625883028,246.79723059628938,0,0,0,5,5,130,0.035726294552790853,0.10350094126806893,167.0,260.0
F0_19.2,N17,N24,800.0,1,2400.0,2395.681857799239,101,4,101,19,4.318142200761258,3995.681857799239,33.29826433272711,35.25764532550574,1,-1,37.0,37.0,141,201,5.611452439011626,174.1963375528096,11.598105404459908,240.60867100696836,0,9,3,22,21,124,0.1218897108271688,0.10653433766904752,159.0,259.0
F8_15.4,N17,N24,800.0,1,2400.0,2396.506957978037,108,3,108,28,3.493042021963106,3996.506957978037,33.82384373648778,36.05723840063651,-1,1,26.0,26.0,130,165,5.426598654591203,14.070739479602025,9.366517944928608,311.566162172091,0,15,2,41,41,139,0.11558507061197042,0.10719800881905878,320.0,220.0
F3_18.5,N17,N24,800.0,1,2400.0,2396.751476628232,100,4,100,20,3.24852337176776,3996.751476628232,33.11814142307335,35.24521073437721,1,-1,25.0,25.0,138,210,7.7026015002434205,12.247442449374603,10.869909298452102,229.50300856666513,0,0,7,22,21,124,0.12609280430396774,0.11791763881808567,171.0,236.0
F1_17.0,N17,N24,800.0,1,2400.0,2395.2842574465694,100,4,100,21,4.715742553430459,3995.2842574465694,33.108908794119955,35.248559554718376,1,-1,23.0,23.0,137,210,8.234367209122773,12.647031071967604,10.65037306802462,227.29353013297484,0,0,7,22,21,125,0.12399125756556827,0.1189133774592033,171.0,236.0
F8_9.8,N17,N24,800.0,1,2400.0,2398.9459692351797,106,3,106,25,1.0540307648201406,3998.9459692351797,33.678393315122925,35.788104503297994,-1,1,5.0,5.0,131,178,3.243185196920247,12.637401913008489,9.77156217671024,354.09064866938843,0,29,0,44,44,134,0.12609280430396774,0.09351882985877606,305.0,223.0
F4_16.14,N17,N24,800.0,1,2400.0,2398.1251237408605,109,2,109,27,1.8748762591392278,3998.1251237408605,32.919273287254654,35.13426516453203,1,1,37.0,37.0,146,222,9.654596114583207,54.80761211528147,9.811235425738682,246.8190686475783,0,0,13,6,6,138,0.035873135466488834,0.14082717915545076,166.0,220.0
F3_17.7,N17,N24,800.0,1,2400.0,2395.459827492063,100,4,100,22,4.540172507936859,3995.459827492063,33.0580007949902,35.21654121545645,1,-1,18.0,18.0,137,211,9.388363630164156,13.739498845146727,10.921795008078776,221.4795953468986,0,0,8,22,21,126,0.11978816408876934,0.12399125756556828,172.0,240.0
F2_12.3,N17,N24,800.0,1,2400.0,2395.5991188989497,101,4,101,22,4.400881101050345,3995.5991188989497,33.06793196448035,35.21654121545645,1,-1,20.0,20.0,139,210,9.197968885967084,25.895760720678254,10.508400123159333,221.99798875576926,0,0,8,22,21,127,0.12399125756556827,0.12294048419636855,173.0,244.0
F2_12.4,N17,N24,800.0,1,2400.0,2395.959457104396,100,4,100,22,4.040542895604062,3995.959457104396,33.00111919352257,35.20940238795782,1,-1,13.0,13.0,135,211,10.686515747246274,28.01278315735567,11.24324281262392,214.28564362892908,0,0,8,21,20,126,0.11558507061197042,0.1281943510423672,171.0,238.0
F3_12.8,N17,N24,800.0,1,2400.0,2393.5524963183293,100,4,100,22,6.447503681670582,3993.5524963183293,33.04275829497145,35.21654121545645,1,-1,16.0,16.0,137,212,9.585979161302042,12.192761494859496,10.011280631840021,219.72743326031085,0,0,8,22,21,126,0.11978816408876934,0.12609280430396774,172.0,242.0
F3_18.6,N17,N24,800.0,1,2400.0,2397.714233072144,101,4,101,23,2.2857669278560024,3997.714233072144,32.92175781403683,35.20940238795782,1,-1,6.0,6.0,133,220,11.396725366080746,11.021920952478922,9.587895624073903,210.5744312921507,0,0,12,22,21,128,0.11978816408876934,0.1336961201976644,170.0,234.0
F1_12.0,N17,N24,800.0,1,2400.0,2398.287507805836,99,4,99,19,1.7124921941642697,3998.287507805836,33.30421442442765,35.25764532550574,1,-1,33.0,33.0,138,207,6.730489597924464,15.247023891613253,12.728241343315132,235.31299163959883,0,6,6,22,21,122,0.12399125756556827,0.10983441502936661,157.0,282.0
F3_19.4,N17,N24,800.0,1,2400.0,2388.268908673731,98,4,98,19,11.731091326269166,3988.268908673731,33.301575014894574,35.25764532550574,1,-1,34.0,34.0,138,205,6.231054695715161,27.662487463010848,14.103105379856416,236.20192710739272,0,6,6,21,20,121,0.1236690102798726,0.10928043039677203,160.0,287.0
F0_18.1,N17,N24,800.0,1,2400.0,2399.5759829832386,100,4,100,19,0.42401701676158154,3999.5759829832386,33.23496131681576,35.211689121780566,1,-1,30.0,30.0,139,210,7.549381529265612,32.06726628149022,12.41114877191883,230.8466515538754,0,4,6,21,20,123,0.12594054437953953,0.11348352387357095,169.0,270.0
F0_17.1,N17,N24,800.0,1,2400.0,2396.693521471911,101,4,101,24,3.30647852808886,3996.693521471911,32.90565514334608,35.21058337302475,1,-1,4.0,4.0,134,220,11.3415162633815,12.878095985247683,11.435901162149475,209.09122326723568,0,0,14,22,21,129,0.11768661735036988,0.13529506882487602,170.0,243.0
F8_7.9,N17,N16,800.0,1,2400.0,2395.738340455099,14,35,55,14,4.261659544900908,3995.738340455099,32.76698122069408,32.601699959707524,1,1,38.0,38.0,148,101,5.62291737903919,93.0367936016653,10.516076450910509,443.32433397165136,0,28,0,6,6,104,0.045519243991559655,0.014710827168796235,183.0,174.0
F3_12.10,N17,N24,800.0,1,2400.0,2392.1738527080383,101,4,101,23,7.826147291961661,3992.1738527080383,32.98136139794542,35.20940238795782,1,-1,11.0,11.0,135,212,10.886003611678671,14.110777950024612,12.472495534312054,215.23378147238134,0,0,8,21,20,128,0.11587836649674899,0.1292451244115669,168.0,291.0
F8_0.10,N17,N16,800.0,1,2400.0,2394.115025940975,15,34,55,15,5.884974059025012,3994.115025940975,32.703714656207914,32.63568001470563,1,1,35.0,35.0,148,103,7.33561147432626,22.72233935159261,10.160853819112786,449.54471438489276,0,26,0,6,6,104,0.04205773724012472,0.015940783698447314,192.0,192.0
F7_17.3,N17,N24,800.0,1,2400.0,2396.5211034524523,109,2,109,24,3.4788965475478335,3996.5211034524523,32.899014498103696,34.78371698628538,-1,1,15.0,15.0,148,210,8.356729951388411,12.356049241312121,10.532844550495854,222.56210119799914,0,5,1,24,23,135,0.12399125756556827,0.12716360125176987,189.0,257.0
F4_19.9,N17,N24,800.0,1,2400.0,2392.3542493276473,104,2,104,24,7.6457506723529605,3992.3542493276473,32.73627749255812,34.790456459431006,-1,-1,36.0,36.0,148,213,9.890189695426644,175.86439910869012,8.51194507639396,238.59084629173753,0,0,6,7,7,130,0.04833557498318763,0.11558507061197043,127.0,291.0
F2_18.4,N17,N24,800.0,1,2400.0,2395.34832226001,99,1,99,29,4.6516777399900775,3995.34832226001,32.55558164080644,34.81609585701144,1,-1,13.0,13.0,141,229,9.907613688195083,12.560314840529145,10.774385687257196,214.24987043879537,0,0,20,26,24,129,0.1387020847343645,0.13449899125756556,169.0,242.0
F3_17.9,N17,N24,800.0,1,2400.0,2397.263000915267,98,1,98,28,2.736999084732929,3997.263000915267,32.62415850918448,34.814673409226906,1,-1,19.0,19.0,140,223,8.017495429073191,13.671600819078094,11.453022791508399,224.43375357659016,0,1,19,26,24,127,0.14080363147276395,0.1292451244115669,171.0,247.0
F4_13.11,N17,N24,800.0,1,2400.0,2391.2417391105255,113,1,113,34,8.7582608894744,3991.2417391105255,32.46169303351098,34.59037858330327,1,1,15.0,15.0,166,240,10.04945262215095,180.85092073527517,8.506306433716407,247.04029595878842,0,0,0,6,6,148,0.054640215198386015,0.1335174754886036,136.0,223.0
F2_17.6,N17,N24,800.0,1,2400.0,2395.1464116076636,98,1,98,30,4.853588392336292,3995.1464116076636,32.56437178140002,34.81609585701144,1,-1,11.0,11.0,140,232,10.315102055534371,12.842222974995366,10.221355103583472,210.87602919851534,0,0,20,26,24,129,0.13660053799596505,0.13660053799596503,171.0,238.0
F2_19.4,N17,N24,800.0,1,2400.0,2394.8101036368225,100,1,100,31,5.189896363177354,3994.8101036368225,32.56437178140002,34.81609585701144,1,-1,9.0,9.0,142,234,10.40816126438605,14.838263335101601,12.234882423359043,209.49447887911015,0,0,20,26,24,132,0.13660053799596505,0.13870208473436452,172.0,239.0
F8_7.10,N17,N16,800.0,1,2400.0,2399.3494894347564,15,32,36,15,0.6505105652437351,3999.3494894347564,32.46169303351098,32.1971530820715,-1,-1,15.0,15.0,166,105,9.416322568577403,72.47884692534512,10.112104270602464,426.4854598222743,0,17,0,7,7,83,0.02942165433759247,0.02206624075319435,205.0,169.0
F3_12.9,N17,N24,800.0,1,2400.0,2398.5526022802323,98,1,98,27,1.447397719767764,3998.5526022802323,32.59931698729966,34.814673409226906,1,-1,21.0,21.0,140,222,7.40877737639142,22.54525833560433,11.506420191052042,227.60171808930792,0,2,19,25,23,126,0.13822539735161296,0.12714357767316745,183.0,250.0
F8_2.6,N17,N16,800.0,1,2400.0,2394.836718693362,13,31,36,13,5.163281306638282,3994.836718693362,32.46198742398893,32.30687192622227,-1,-1,24.0,24.0,157,109,11.466840742560922,60.35057664189321,12.657593736220457,361.01509061414544,0,11,0,5,5,80,0.0336247478143914,0.02206624075319435,213.0,175.0
F2_17.7,N17,N24,800.0,1,2400.0,2397.641535273513,100,1,100,29,2.3584647264868863,3997.641535273513,32.61055098714992,34.81609585701144,1,-1,15.0,15.0,142,226,9.250088738140636,12.414375974484301,11.175662135140447,218.675494909155,0,0,20,25,23,130,0.14078948745759842,0.13333781299101527,169.0,326.0
F1_19.2,N17,N24,800.0,1,2400.0,2396.3252076676463,106,1,106,31,3.674792332353718,3996.3252076676463,32.57367030637281,34.7710646191698,0,-1,2.0,2.0,148,242,10.458362092594818,7.428926559981846,6.1533997169357635,210.86267489445072,0,0,29,26,24,138,0.13239744451916613,0.1481590450571621,219.0,255.0
F2_19.3,N17,N24,800.0,1,2400.0,2392.6380513796084,105,1,105,32,7.361948620391331,3992.6380513796084,32.57367030637281,34.78399433358489,1,-1,1.0,1.0,146,241,10.439797148546218,19.860587308944332,10.527530980021767,209.26357334288693,0,0,27,25,23,138,0.13239744451916613,0.14605749831876264,224.0,254.0
F7_19.1,N17,N24,800.0,1,2400.0,2395.837413201584,103,2,103,24,4.1625867984161005,3995.837413201584,32.73627749255812,34.759685109417326,1,-1,37.0,37.0,147,214,5.311975644489364,125.48560024633503,10.832686042634577,246.34457296317572,0,7,5,28,26,129,0.1387020847343645,0.11465115382201174,194.0,313.0
F7_19.2,N17,N24,800.0,1,2400.0,2393.2217498751143,112,1,112,33,6.778250124885631,3993.2217498751143,32.478186931868024,34.683189597460434,-1,1,33.0,33.0,150,248,9.081326850333053,45.986358192949865,10.92793713901151,222.78567628396885,0,3,21,27,27,146,0.1281943510423672,0.1491437362607987,223.0,242.0
F1_17.1,N17,N24,800.0,1,2400.0,2398.210380921644,102,1,102,32,1.7896190783560542,3998.210380921644,32.57367030637281,34.79245877556209,1,-1,4.0,4.0,143,239,10.596270977087492,13.424732096608068,12.334148260242825,207.6230892061232,0,0,25,25,23,135,0.1344989912575656,0.1433694844158242,227.0,258.0
F2_12.6,N17,N24,800.0,1,2400.0,2390.255093569648,98,1,98,27,9.744906430352103,3990.255093569648,32.575494646090384,34.814673409226906,1,-1,23.0,23.0,139,221,6.847545107246356,12.991950896046774,10.73535421302732,232.6428329154789,0,4,19,25,23,126,0.13918725155105263,0.12609280430396771,182.0,317.0
F1_18.0,N17,N24,800.0,1,2400.0,2388.779801018215,100,2,100,24,11.220198981784733,3988.779801018215,32.634148461984225,34.835190359173176,1,-1,28.0,28.0,142,219,5.992349478166493,49.125599694582206,11.094582130520728,238.924396733805,0,5,16,26,24,126,0.1387020847343645,0.12184125550666353,180.0,340.0
F3_19.6,N17,N24,800.0,1,2400.0,2391.107903303197,99,1,99,26,8.892096696803037,3991.107903303197,32.59769982472864,34.835190359173176,1,-1,25.0,25.0,140,220,6.493095039763,28.09078746194359,11.033726057947764,233.57403899181514,0,5,17,25,23,126,0.1382323279050887,0.12399125756556828,183.0,334.0
F8_7.16,N17,N16,800.0,1,2400.0,2393.933977453784,11,55,14,11,6.066022546216232,3993.933977453784,31.95603865294475,32.00462655678884,-1,-1,24.0,24.0,174,115,7.092158646900384,123.03359256476551,12.559584666144305,728.5142226361932,0,13,0,5,5,80,0.02101546738399462,0.01786314727639543,141.0,153.0
F2_12.5,N17,N24,800.0,1,2400.0,2393.306017341676,107,1,107,43,6.693982658323648,3993.306017341676,32.2382935341565,34.69726594114136,1,-1,25.0,25.0,161,256,5.028486806148159,186.36579116646385,13.026624920910185,256.4350100514,0,8,22,32,28,151,0.15431125072585014,0.1344989912575656,191.0,233.0
F1_19.3,N17,N24,800.0,1,2400.0,2392.4389198059575,98,0,98,50,7.561080194042461,3992.4389198059575,32.1396273564177,34.547289294795014,0,-1,2.0,2.0,151,256,8.581771168803627,219.30947429882917,11.203175637883618,222.3936099576315,0,0,45,20,19,148,0.13029589778076667,0.15262658658636413,167.0,233.0
F1_19.1,N17,N24,800.0,1,2400.0,2397.3887301416225,115,1,115,38,2.611269858377341,3997.3887301416225,32.481289249202476,34.740443440043386,1,-1,41.0,41.0,171,234,6.126342201276749,121.71045770201795,11.096246123382283,266.95328815435585,0,17,6,38,34,154,0.15313897434422935,0.12714357767316747,203.0,242.0
F8_1.14,N17,N16,800.0,1,2400.0,2399.8250403890675,12,44,17,12,0.17495961093254664,3999.8250403890675,32.10009385875086,32.05580070998968,-1,-1,11.0,11.0,175,115,3.706252288385381,142.87146105290276,10.994681565787003,996.753332320607,0,26,1,6,6,73,0.027320107599193007,0.021015467383994624,204.0,177.0
F3_18.7,N17,N24,800.0,1,2400.0,2397.380551597566,114,1,114,34,2.619448402434159,3997.380551597566,32.525335668801596,34.670490096793074,-1,1,7.0,7.0,168,231,8.464238362159321,14.998136724291271,13.25019331119317,248.26747633620613,0,13,2,38,34,149,0.14500672494956288,0.12821353980848182,205.0,310.0
F2_19.5,N17,N24,800.0,1,2400.0,2390.1975454615763,107,1,107,43,9.80245453842383,3990.1975454615763,32.24601601497716,34.68812245075707,1,-1,23.0,23.0,161,256,5.13910374954298,13.078865640455888,11.815870807000248,254.81072029380857,0,7,26,31,28,151,0.15091468918799308,0.13554976462676532,190.0,311.0
F4_17.8,N17,N24,800.0,1,2400.0,2394.1607016247176,98,0,98,44,5.839298375282397,3994.1607016247176,32.0979770050576,34.666287041577185,-1,-1,9.0,9.0,153,257,7.9663798515250095,35.41424699051436,11.126192187641255,261.4750508958981,0,3,40,10,8,142,0.05674176193678548,0.1481382946731878,184.0,309.0
F3_18.9,N17,N24,800.0,1,2400.0,2395.775432692327,103,0,103,52,4.224567307673283,3995.775432692327,32.11223636964393,34.432895387648614,-1,1,33.0,33.0,153,260,6.806952353858976,11.930594429389885,9.76326540590696,240.73737079681916,0,7,27,25,24,155,0.1344989912575656,0.1533364126834007,217.0,263.0
F4_12.8,N17,N24,800.0,1,2400.0,2391.924614714653,96,0,96,45,8.075385285346783,3991.924614714653,32.1108089563196,34.57292712934326,-1,-1,5.0,5.0,150,253,8.955325150277877,31.245509200993183,9.902520440635456,262.4511495997221,0,3,43,10,8,141,0.05884330867518494,0.14960797937396358,181.0,314.0
F2_17.8,N17,N24,800.0,1,2400.0,2391.430126531345,108,0,108,53,8.569873468655032,3991.430126531345,32.109914948130374,34.369269972197465,-1,1,26.0,26.0,157,258,5.531244986007534,11.47385359416171,9.93710810107796,258.5742794839726,0,14,20,29,27,161,0.1387020847343645,0.14710827168796234,224.0,248.0
F1_19.0,N17,N24,800.0,1,2400.0,2393.226832328655,106,0,106,52,6.77316767134505,3993.226832328655,32.0809970097886,34.3927934368622,-1,1,30.0,30.0,154,258,6.063303521016315,20.78648559058206,10.411275646192998,252.41393969280475,0,9,23,26,25,158,0.1344989912575656,0.15131136516476126,226.0,266.0
F2_19.6,N17,N24,800.0,1,2400.0,2391.13381866037,110,0,110,55,8.866181339629975,3991.13381866037,32.109914948130374,34.362504139645345,-1,1,24.0,24.0,161,258,5.2861397848692535,10.917814500904797,9.01603875640895,263.55374205850575,0,16,19,30,28,165,0.13660053799596505,0.14500672494956288,213.0,325.0
F2_12.8,N17,N24,800.0,1,2400.0,2391.2387975089205,114,0,114,64,8.761202491079757,3991.2387975089205,31.931204289560785,34.29382476536368,1,-1,31.0,31.0,177,258,6.203620609132485,11.95108043815253,9.37091230495435,252.6272832610574,0,10,13,40,39,178,0.1497742453363451,0.12714357767316747,246.0,265.0
F3_17.11,N17,N24,800.0,1,2400.0,2399.1493871621806,102,0,102,63,0.8506128378191988,3999.1493871621806,31.99287846271784,34.296811020988635,1,-1,11.0,11.0,156,274,8.33069788459423,14.215427552991287,11.904778989313394,227.13796294163637,0,0,39,34,33,165,0.14063321135529863,0.1418544048419637,241.0,257.0
F3_17.12,N17,N24,800.0,1,2400.0,2392.1749473339496,105,0,105,62,7.825052666050624,3992.1749473339496,31.99911161304329,34.255273353513935,1,-1,5.0,5.0,157,273,8.51735008747776,13.227756497417431,11.709648175234623,224.72994139642967,0,0,47,34,33,167,0.13660053799596505,0.14710827168796234,240.0,257.0
F0_19.1,N17,N24,800.0,1,2400.0,2395.6084494346055,102,0,102,50,4.391550565394482,3995.6084494346055,32.11223636964393,34.44625440322987,-1,1,35.0,35.0,152,257,7.423592057233436,10.329921104621462,12.490735867270601,235.60969496113196,0,5,31,24,23,152,0.13239744451916613,0.1537008404587974,224.0,340.0000000000002
F3_18.10,N17,N24,800.0,1,2400.0,2389.3389177674235,102,0,102,63,10.661082232576632,3989.3389177674235,31.98953590923247,34.296811020988635,1,-1,12.0,12.0,156,274,8.248777816246536,104.9421571570681,12.160814196275249,227.542106396606,0,0,39,33,32,165,0.1387020847343645,0.14080363147276398,247.0,260.0000000000002
F0_17.3,N17,N24,800.0,1,2400.0,2394.2245956514694,109,0,109,67,5.775404348530742,3994.2245956514694,31.91173785214909,34.316623954097224,1,-1,22.0,22.0,168,266,7.346137263571299,86.18366621549035,10.630645085281651,239.24110516705716,0,5,25,37,36,176,0.1387020847343645,0.1313466711499664,255.0,264.9999999999998
F2_12.7,N17,N24,800.0,1,2400.0,2397.167820438565,103,0,103,63,2.8321795614351686,3997.167820438565,32.006776741996994,34.286792539521386,1,-1,9.0,9.0,156,275,8.410234877067397,14.36401595886582,11.922741590525147,226.77973053752456,0,0,43,34,33,166,0.1344989912575656,0.14395595158036317,242.0,259.0
F3_18.11,N17,N24,800.0,1,2400.0,2390.5966983940484,114,0,114,63,9.403301605951697,3990.5966983940484,31.958187206473134,34.29382476536368,1,-1,33.0,33.0,179,255,6.240618429558958,10.871315216800667,8.827993093167098,255.87597329078423,0,11,10,40,39,177,0.14975478807316728,0.12609280430396774,245.0,300.0000000000002
F3_18.12,N17,N24,800.0,1,2400.0,2390.3521045672483,115,0,115,73,9.647895432751852,3990.3521045672483,31.85003317849596,33.81805618855904,1,-1,36.0,36.0,173,252,3.0130498845297153,76.06516986969973,12.906284619790018,316.73400200986293,0,30,11,38,36,188,0.1492098184263618,0.13765131136516479,197.0,258.0000000000002
F0_12.1,N17,N24,800.0,1,2400.0,2394.9671502519654,104,0,104,64,5.03284974803455,3994.9671502519654,31.99911161304329,34.26584184188489,1,-1,7.0,7.0,156,274,8.694354813237025,14.599698574465037,11.94599901697516,224.34557164614714,0,0,46,34,33,168,0.1344989912575656,0.1460574983187626,246.0,258.0000000000002
F4_16.20,N17,N24,800.0,1,2400.0,2398.779366175245,102,0,102,76,1.2206338247553958,3998.779366175245,31.63592467594645,33.79503956074711,-1,-1,12.0,12.0,154,277,7.4758044723289485,553.9762218059739,10.12451367201554,264.288754749595,0,3,39,5,4,178,0.04203093476798924,0.1492098184263618,177.0,288.0
F4_13.15,N17,N24,800.0,1,2400.0,2395.8546421983037,107,0,107,80,4.145357801696491,3995.8546421983037,31.599303369337118,33.55214030596602,1,1,29.0,29.0,152,278,9.53140857072522,10.717385988931483,9.152531030454405,247.00358261298476,0,0,47,11,11,187,0.07565568258238063,0.1548449242570954,171.0,278.0
F4_17.15,N17,N24,800.0,1,2400.0,2397.2565155974075,110,0,110,82,2.7434844025924576,3997.2565155974075,31.62391112770163,33.40537343731245,1,1,22.0,22.0,160,274,9.523180432209683,33.246453892773616,10.086704900687321,246.8081040622629,0,0,42,12,12,192,0.07985877605917956,0.14892301059014673,165.0,302.0
F2_18.8,N17,N24,800.0,1,2400.0,2393.9595866391264,101,0,101,81,6.040413360873458,3993.9595866391264,31.594359113186915,33.60788276189487,-1,1,33.0,33.0,150,278,7.113724241992684,11.309750329328608,9.714894538491922,241.04584690479825,0,7,50,29,28,182,0.1281943510423672,0.1554769376360283,214.0,266.9999999999998
F2_18.9,N17,N24,800.0,1,2400.0,2396.3714072483303,102,0,102,76,3.6285927516695438,3996.3714072483303,31.63592467594645,33.79503956074711,1,-1,12.0,12.0,154,277,4.626578458021517,12.14600549024317,9.808450295548512,253.6457193966843,0,9,39,27,27,178,0.1281943510423672,0.1492098184263618,219.0,295.0
F7_17.8,N17,N24,800.0,1,2400.0,2397.7779991384405,117,0,117,66,2.2220008615593088,3997.7779991384405,31.95603865294475,33.97787746589838,-1,1,24.0,24.0,174,261,5.564181639627959,12.782520388141165,11.428086851917833,284.43360295088706,0,17,24,36,35,183,0.13660053799596505,0.14677907816681282,231.0,326.0
F2_18.7,N17,N24,800.0,1,2400.0,2394.9201736052464,98,0,98,81,5.079826394753809,3994.9201736052464,31.615928053177775,33.62049723325211,-1,1,35.0,35.0,148,278,7.499403829430546,11.619720784493893,10.116671978336125,240.48569439264966,0,6,53,28,27,179,0.13029589778076667,0.15493510649360512,214.0,281.0
F3_18.14,N17,N24,800.0,1,2400.0,2395.9257036537815,98,0,98,76,4.074296346218375,3995.9257036537815,31.615768269266596,33.7347593414334,1,-1,1.0,1.0,147,277,7.33436213817833,11.069081061875067,10.131022395097128,237.87097580501356,0,2,52,25,24,174,0.12609280430396774,0.1555144586415602,216.0,289.0000000000002
F3_18.13,N17,N24,800.0,1,2400.0,2394.4620464418003,109,0,109,89,5.537953558199774,3994.4620464418003,31.58539784270932,33.13490374866457,1,-1,37.0,37.0,166,268,4.968523868601804,13.637653303406978,11.392135670587011,261.66496374333207,0,16,4,37,34,198,0.13660053799596505,0.1281943510423672,195.0,255.99999999999977
F2_18.6,N17,N24,800.0,1,2400.0,2394.385691227866,104,0,104,81,5.614308772133654,3994.385691227866,31.593003781337515,33.59043395429819,-1,1,31.0,31.0,151,279,6.532627003128965,11.718111567069627,9.325492116468402,245.15764795995204,0,9,49,30,29,185,0.1281943510423672,0.1554377797293453,224.0,262.9999999999998
F2_19.7,N17,N24,800.0,1,2400.0,2396.991231292995,102,0,102,76,3.008768707004947,3996.991231292995,31.63317877597174,33.79503956074711,1,-1,14.0,14.0,153,276,3.947753560496327,31.668030290699562,13.261186792505011,255.9345283457144,0,10,35,27,27,178,0.13029589778076667,0.14815904505716207,240.0,272.0
F3_17.13,N17,N24,800.0,1,2400.0,2396.30851029979,109,0,109,90,3.6914897002095586,3996.30851029979,31.59208486800877,33.13490374866457,1,-1,39.0,39.0,165,266,4.460614507022696,30.96584156533845,11.06234086305916,268.0871509554795,0,17,3,37,34,199,0.1344989912575656,0.12715580049480138,195.0,264.0000000000002
F2_19.8,N17,N24,800.0,1,2400.0,2393.5681553903632,107,0,107,80,6.431844609636869,3993.5681553903632,31.599303369337118,33.55214030596602,-1,1,29.0,29.0,152,278,6.180577618646228,10.653905645684517,9.223445183885069,252.2212243765228,0,10,47,31,30,187,0.1281943510423672,0.1548449242570954,232.0,256.9999999999998
F3_19.8,N17,N24,800.0,1,2400.0,2388.6199803375102,106,0,106,88,11.380019662489985,3988.6199803375102,31.555917966098814,33.13490374866457,1,-1,30.0,30.0,159,272,5.451010655869549,70.55589772250664,12.197678701007739,247.99691863170918,0,11,12,35,32,194,0.14290517821116341,0.1313466711499664,193.0,299.0
F1_17.2,N17,N24,800.0,1,2400.0,2396.0777003381795,98,0,98,82,3.9222996618206025,3996.0777003381795,31.602181120660365,33.02536104629228,0,-1,1.0,1.0,139,301,9.17186188191554,12.160708337909,10.074710539563915,216.98745158828342,0,0,51,25,23,180,0.11558507061197042,0.1555144586415602,217.0,269.0
F2_12.9,N17,N24,800.0,1,2400.0,2396.21078285786,98,0,98,86,3.789217142139705,3996.21078285786,31.603632033871314,33.008132296804575,-1,1,41.0,41.0,139,301,8.834615491567591,12.30595301096514,10.326374624152065,221.71676435025014,0,0,49,26,24,184,0.11558507061197042,0.15509439308210032,219.0,268.0
F1_18.3,N17,N24,800.0,1,2400.0,2394.679592407847,97,0,97,82,5.320407592153174,3994.679592407847,31.60292374913325,33.048788708095636,1,-1,0.0,0.0,139,301,8.512754840439664,10.070543295091056,9.179288422208744,217.37880346875343,0,0,50,24,22,179,0.1145350011121443,0.15446368527236046,217.0,277.0
F4_17.18,N17,N24,800.0,1,2400.0,2390.298300371277,107,0,107,88,9.70169962872319,3990.298300371277,31.60577041770478,32.85010373722351,1,1,31.0,31.0,150,300,7.601777421469275,29.140459559785313,10.052886583036802,265.7534329265241,0,0,32,9,4,195,0.03992938802958978,0.1544397059808999,168.0,313.9999999999998
F0_18.6,N17,N24,800.0,1,2400.0,2396.76638313678,96,0,96,84,3.2336168632198223,3996.76638313678,31.606129435795783,33.048788708095636,1,-1,2.0,2.0,139,299,7.852960467368464,12.818006471311264,9.857662284757978,224.77273804501652,0,0,48,24,22,180,0.11877180796521866,0.15341291190316073,211.0,297.0
F0_12.2,N17,N24,800.0,1,2400.0,2394.7794539725073,101,0,101,86,5.220546027492446,3994.7794539725073,31.60577041770478,32.97186024907038,-1,1,36.0,36.0,143,301,7.520127281544113,41.58745781748348,9.838958333305879,235.73577676058724,0,5,40,27,25,187,0.11978816408876934,0.15441350720860123,224.0,262.0000000000002
F2_18.5,N17,N24,800.0,1,2400.0,2395.877970432243,95,0,95,84,4.122029567757181,3995.877970432243,31.606129435795783,33.0955763939309,1,-1,4.0,4.0,138,298,7.5014805803247535,184.3234268392291,12.350234241808275,226.61199026948606,0,1,45,27,22,179,0.12320087574809907,0.152362138533961,235.0,272.0
F8_7.18,N17,N16,800.0,1,2400.0,2396.275750646939,2,59,19,2,3.724249353060941,3996.275750646939,31.27834951371311,31.89974217078432,1,1,21.0,21.0,146,65,9.567095912094057,200.0,9.567095912094057,1649.2536275505822,0,10,0,0,0,80,0.0021015467383994624,0.01050773369199731,188.0,234.0
F4_9.26,N17,N16,800.0,1,2400.0,2397.348410682543,3,60,21,3,2.6515893174570238,3997.348410682543,31.182419965700365,31.99339898269806,-1,1,7.0,7.0,126,72,5.633018150382815,89.27001232611497,7.7017382834275665,290.2804625304809,0,7,0,10,0,84,0.07985877605917956,0.005253866845998655,186.0,168.0
F0_12.3,N17,N24,800.0,1,2400.0,2391.333915516846,89,0,89,106,8.666084483154236,3991.333915516846,31.250759171576647,32.58359006452476,1,-1,10.0,10.0,143,289,8.546534886338529,10.867513579343267,9.343897393599743,214.3919822448527,0,0,42,23,20,195,0.10628907493002764,0.15761600537995965,173.0,310.9999999999998
F2_12.10,N17,N24,800.0,1,2400.0,2393.0472498019462,88,0,88,106,6.952750198053536,3993.0472498019462,31.250759171576647,32.59617769873765,1,-1,12.0,12.0,142,289,7.905244546873877,12.505771947101948,10.541967167822829,219.98431149571715,0,1,39,23,20,194,0.10824535651183853,0.15656523201075992,180.0,296.0
F4_12.10,N17,N24,800.0,1,2400.0,2397.497566182594,107,0,107,90,2.5024338174061995,3997.497566182594,31.612115443867822,32.62605841464884,1,1,16.0,16.0,151,286,9.193478882816615,49.92118991011557,8.964430796017252,252.9820823856271,0,0,16,9,9,197,0.06304640215198387,0.15145178210541946,178.0,356.9999999999998
F0_12.4,N17,N24,800.0,1,2400.0,2396.356343742906,104,0,104,92,3.643656257093994,3996.356343742906,31.471723155326405,32.49763255402717,1,-1,40.0,40.0,155,275,4.702835891516432,12.79398828213084,10.89607898634687,311.08537541545326,0,30,3,34,30,196,0.12609280430396774,0.14290517821116341,200.0,306.9999999999998
F1_19.5,N17,N24,800.0,1,2400.0,2398.1379854956635,107,0,107,87,1.862014504336571,3998.1379854956635,31.6197940838983,32.679369391478275,-1,1,19.0,19.0,151,289,4.845346111214238,31.406784645795824,12.461817587315961,294.7652229020959,0,22,22,31,28,194,0.1281943510423672,0.1539182292280385,220.0,313.0
F0_17.4,N17,N24,800.0,1,2400.0,2393.954597227029,89,0,89,107,6.045402772970874,3993.954597227029,31.27073475567477,32.59544145697114,1,-1,14.0,14.0,143,288,6.98286237227805,38.45327907039018,12.596564266841934,224.93625490820742,0,2,37,23,20,196,0.10586878087538744,0.1555144586415602,180.0,308.0000000000002
F0_18.9,N17,N24,800.0,1,2400.0,2394.201825727254,91,0,91,106,5.798174272745996,3994.201825727254,31.26291463191258,32.58359006452476,1,-1,8.0,8.0,145,291,9.42267261137009,14.911191778977354,10.740233368985379,210.3891818771061,0,0,44,23,20,197,0.10416894288779605,0.15866677874915938,178.0,305.9999999999998
F1_19.6,N17,N24,800.0,1,2400.0,2396.097623986235,94,0,94,105,3.902376013764979,3996.097623986235,31.26825967494511,32.53570502808901,0,-1,0.0,0.0,150,296,9.940617893567234,12.939959689500483,12.099851706272771,205.67658404381046,0,0,59,24,21,199,0.09877269670477472,0.16392064559515804,217.0,266.0
F0_12.6,N17,N24,800.0,1,2400.0,2393.715498226886,76,2,76,105,6.284501773113789,3993.715498226886,31.165879677179262,32.18913544597645,1,-1,14.0,14.0,124,297,7.357263134848611,13.102399649062363,10.725079808145798,231.08009202184044,0,1,38,20,17,183,0.08634835402038579,0.15866677874915938,162.0,254.0
F0_18.8,N17,N24,800.0,1,2400.0,2388.8849723220446,92,0,92,106,11.115027677955254,3988.8849723220446,31.2630733056657,32.539343055389,1,-1,0.0,0.0,149,295,10.323492260485155,31.60375461051808,10.92012945326336,202.76805199935978,0,0,54,22,19,198,0.10030102981410022,0.1628698722259583,218.0,275.9999999999998
F2_17.13,N17,N24,800.0,1,2400.0,2397.8021144112245,77,2,77,101,2.1978855887755344,3997.8021144112245,31.185244834974668,32.19469856492043,1,-1,19.0,19.0,128,295,6.3907430140788986,13.60017860118819,11.240585527917036,243.42640805766675,0,4,31,23,18,180,0.09712169095117401,0.1542941165712303,165.0,259.0
F0_19.4,N17,N24,800.0,1,2400.0,2396.4786523875377,80,1,80,98,3.5213476124622503,3996.4786523875377,31.218236340819505,32.13935879337899,1,-1,29.0,29.0,128,287,4.666980923081585,222.68941925624358,11.103700169245899,263.7939866980243,0,7,16,24,20,179,0.10263096963843762,0.1492098184263618,172.0,261.0
F2_17.9,N17,N24,800.0,1,2400.0,2398.4405610475837,77,1,77,99,1.5594389524161443,3998.4405610475837,31.184396484462816,32.1796239073823,1,-1,21.0,21.0,127,296,6.294396669823553,30.540667322258287,12.817324978009463,241.57792506648616,0,5,27,23,18,177,0.10087424344317418,0.15341291190316073,169.0,260.0
F0_18.7,N17,N24,800.0,1,2400.0,2394.1423495722383,77,2,77,103,5.857650427761428,3994.1423495722383,31.19138438495894,32.18913544597645,1,-1,16.0,16.0,127,295,6.758479266778653,21.398425181928815,10.498986467863926,235.36354521053838,0,2,35,20,17,182,0.0885403998671487,0.15656523201075992,170.0,256.0
F0_18.11,N17,N24,800.0,1,2400.0,2395.1729250127346,76,2,76,109,4.827074987265519,3995.1729250127346,31.18755878314809,32.180005231996134,1,-1,3.0,3.0,127,310,10.274841905571302,40.70342755710203,11.09325878531538,208.80580095847873,0,0,52,17,14,187,0.07660698657540438,0.1677881868227235,158.0,320.0
F0_18.10,N17,N24,800.0,1,2400.0,2391.4501372323252,77,2,77,109,8.549862767674654,3991.4501372323252,31.182419965700365,32.19503933395964,1,-1,7.0,7.0,126,307,9.525364028509756,64.33342133243718,9.775844359986456,216.88525221049733,0,0,46,18,15,188,0.08196032279757902,0.16550661086148552,163.0,320.0
F4_19.13,N17,N24,800.0,1,2400.0,2394.263969271323,52,5,52,90,5.736030728677065,3994.263969271323,31.089395248526213,31.817778579629824,-1,-1,7.0,7.0,97,322,7.03264632620415,179.63602464338032,12.01564080755077,278.65202967762264,0,5,45,10,7,147,0.05253866845998655,0.15761600537995965,184.99999999999977,224.0
F0_19.5,N17,N24,800.0,1,2400.0,2396.936636209797,51,5,51,93,3.0633637902028568,3996.936636209797,31.076749538371985,31.750571929940673,-1,1,41.0,41.0,95,327,9.165980187375729,12.161361620292382,9.779365234379954,205.53574955016506,0,1,59,7,4,149,0.07355413584398117,0.1614632298516525,171.0,231.0
F2_17.14,N17,N24,800.0,1,2400.0,2398.696512936814,51,5,51,90,1.3034870631859121,3998.696512936814,31.089395248526213,31.817778579629824,1,-1,8.0,8.0,96,321,12.74753445640098,149.10518569306123,15.791576790786497,201.7632418065051,0,0,44,6,2,146,0.0777572293207801,0.15761600537995965,174.0,245.0
F2_17.11,N17,N24,800.0,1,2400.0,2395.900006656617,50,5,50,93,4.099993343383289,3995.900006656617,31.076749538371985,31.766363005188442,0,-1,1.0,1.0,94,327,10.839212591750334,86.44767309862573,9.113641942228151,202.16381237326414,0,0,58,6,3,148,0.0777572293207801,0.16076832548755884,187.00000000000023,230.0
F4_17.23,N17,N24,800.0,1,2400.0,2396.3758938599726,46,3,46,96,3.6241061400272656,3996.3758938599726,31.044390935209925,31.394320149799853,-1,-1,0.0,0.0,103,335,5.330683384146254,12.474353649783325,10.268153114439748,282.79253938182853,0,6,56,7,5,145,0.032757437054951016,0.14395595158036317,181.99999999999977,204.0
F7_17.15,N17,N24,800.0,1,2400.0,2393.8994334149224,51,5,51,90,6.100566585077672,3993.8994334149224,31.08446007255289,31.612109056453384,-1,1,23.0,23.0,102,332,7.699959176759935,32.861756430961805,12.485152823264976,213.0648793253337,0,3,46,10,6,146,0.08616341627437794,0.14871391840090484,206.0,244.0
F4_18.24,N17,N24,800.0,1,2400.0,2391.5458171129494,45,5,45,93,8.454182887050706,3991.5458171129494,31.079738847218373,31.267628473322837,1,1,26.0,26.0,102,328,8.928239802354522,47.520991393711256,10.014167861550353,255.8531944384658,0,0,41,15,9,143,0.08196032279757902,0.13660053799596505,169.0,206.0
F0_18.13,N17,N24,800.0,1,2400.0,2394.9729973822637,47,3,47,100,5.027002617736457,3994.9729973822637,31.06117495108722,31.45588422863449,1,-1,14.0,14.0,102,329,9.911414606959374,200.07626673961522,12.604207866969965,210.17101716254066,0,0,35,17,8,150,0.0882649630127774,0.1387020847343645,179.0,236.0
F4_19.15,N17,N24,800.0,1,2400.0,2391.5438414503637,46,4,46,103,8.456158549636257,3991.5438414503637,30.945844664619194,30.94680286612109,-1,-1,9.0,9.0,114,311,3.754789806294742,226.97942485724798,8.982497022015009,354.73766815652783,0,16,42,17,10,153,0.07565568258238063,0.12188971082716879,175.0,176.0
F4_12.17,N17,N24,800.0,1,2400.0,2391.398034708772,46,7,46,94,8.601965291228339,3991.398034708772,31.086726881078633,31.23823709678017,1,1,23.0,23.0,103,325,8.989942700070154,21.006433035608552,9.345423994690277,252.21830994849637,0,0,38,15,9,147,0.07985877605917956,0.1344485710939322,174.00000000000023,227.0
F4_11.26,N17,N16,800.0,1,2400.0,2394.4046965003376,11,65,29,11,5.595303499662236,3994.4046965003376,31.08446007255289,32.11869888264725,1,-1,19.0,19.0,108,68,9.876142119726325,90.13064082554047,8.719627627811372,250.12580438239013,0,0,0,11,2,105,0.07985877605917956,0.00945696032279758,178.99999999999977,309.0
F4_19.16,N17,N24,800.0,1,2400.0,2391.811119762293,29,7,29,97,8.18888023770694,3991.811119762293,30.935012822120605,29.9721613456953,-1,-1,2.0,2.0,92,287,7.282319886993634,13.19732348909929,10.226638391976543,269.87223508621054,0,3,51,8,1,133,0.0336247478143914,0.11558507061197042,170.0,144.0
F0_12.7,N17,N24,800.0,1,2400.0,2391.5819514826753,30,6,30,97,8.41804851732445,3991.5819514826753,30.93840079124456,29.955747217115057,1,-1,1.0,1.0,93,288,11.403392644499002,17.343031892533418,13.14083145422019,200.77696495739403,0,0,52,10,1,133,0.0787624080250302,0.11558507061197042,176.0,210.0
F4_18.27,N17,N24,800.0,1,2400.0,2392.636008379734,19,7,19,85,7.363991620266006,3992.636008379734,30.776131195997337,29.057190192200515,1,1,23.0,23.0,85,284,9.455844413279433,82.93596876857373,9.767054467998198,245.8130614203497,0,0,5,10,4,111,0.04203093476798924,0.07040181573638199,160.0,195.0
F4_18.30,N17,N24,800.0,1,2400.0,2393.835252621927,20,9,20,85,6.164747378073116,3993.835252621927,30.73773337212974,28.815355263953847,-1,-1,19.0,19.0,90,260,6.154744515194801,105.6622397580079,9.876381979413926,300.38955880725575,0,5,21,9,4,114,0.04203093476798924,0.05148789509078683,179.0,137.0
F4_18.29,N17,N24,800.0,1,2400.0,2395.3518261366626,21,9,21,84,4.648173863337433,3995.3518261366626,30.757882073017306,28.816951640291276,-1,-1,14.0,14.0,87,255,5.694503903680415,48.80269993095749,10.586485231980324,311.97335425432243,0,5,23,10,5,114,0.04203093476798924,0.05148789509078683,177.0,142.0
F4_17.27,N17,N24,800.0,1,2400.0,2398.9690816974235,20,11,20,90,1.0309183025766515,3998.9690816974235,30.739712592823977,28.820395824769083,-1,-1,3.0,3.0,83,254,4.480750801807705,111.4963521225618,10.22970325714936,359.32255610606063,0,9,27,9,5,121,0.035726294552790853,0.05253866845998656,169.0,144.0
F2_17.18,N17,N24,800.0,1,2400.0,2394.056539918817,16,6,16,86,5.943460081182593,3994.056539918817,30.823017390786337,29.352808652544965,0,-1,2.0,2.0,82,281,12.241125666865743,26.714901023168977,12.88030572436016,205.48516771217655,0,0,34,5,1,108,0.06304640215198387,0.08406186953597848,178.0,205.0
F8_17.29,N17,N24,800.0,1,2400.0,2305.627078135464,17,14,17,89,94.37292186453567,3905.627078135464,30.684949636992517,28.394968206602453,1,-1,20.0,20.0,73,228,10.936699924979338,200.0,10.936699924979338,216.50811676993476,0,0,1,0,0,120,0.019148889517869108,0.024167787491593814,158.0,160.0
F8_14.27,N17,N16,800.0,1,2400.0,2398.102883674169,6,97,59,6,1.8971163258313481,3998.102883674169,30.663376394635545,32.364415000429936,-1,-1,28.0,28.0,74,116,12.475271731516443,200.0,12.475271731516443,219.85773799068014,0,0,4,0,0,162,0.031523201075991936,0.01786314727639543,142.0,269.0
F8_15.16,N17,N16,800.0,1,2400.0,2395.9154683826027,7,100,54,7,4.084531617397033,3995.9154683826027,30.66120261175772,32.33555927626998,-1,-1,0.0,0.0,71,122,13.090207015714647,200.0,13.090207015714647,215.27237779087892,0,0,6,0,0,161,0.014710827168796235,0.01786314727639543,171.0,220.0
F8_13.30,N17,N16,800.0,1,2400.0,2292.6109189959516,10,94,63,10,107.38908100404831,3892.6109189959516,30.69188848609025,32.35709432594923,1,1,15.0,15.0,72,140,12.104976712114699,23.890084425043142,11.751737911781357,214.61648954497008,0,0,4,4,4,167,0.03992938802958978,0.01578073236720659,172.0,190.0
F8_7.29,N17,N16,800.0,1,2400.0,2263.0111317576984,12,99,65,12,136.98886824230135,3863.0111317576984,30.66678774858053,32.31498621311901,-1,-1,2.0,2.0,90,154,9.164036771424685,15.67308269346745,12.642642808873088,237.81881160155666,0,3,3,5,3,176,0.02942165433759247,0.013660053799596504,180.0,184.0
F8_0.26,N17,N16,800.0,1,2400.0,2396.0215499067444,10,95,62,10,3.9784500932557876,3996.0215499067444,30.686881781903388,32.35958415072568,1,1,21.0,21.0,74,141,11.994603787676718,55.61434134629212,11.700803717962525,213.6351003299118,0,0,4,4,4,167,0.035726294552790853,0.01578073236720659,190.0,233.0
F4_12.26,N17,N24,800.0,1,2400.0,2294.177350677908,22,18,22,95,105.82264932209159,3894.177350677908,30.695296313223132,27.84010165625105,-1,-1,18.0,18.0,100,177,10.224187030213633,7.932743956057266,11.415634988070547,253.10269443194716,0,1,1,4,2,135,0.018913920645595158,0.02206624075319435,125.0,179.0
F4_12.25,N17,N24,800.0,1,2400.0,2394.278752116825,15,18,15,92,5.721247883174669,3994.278752116825,30.637702824149844,27.793968466351725,1,1,30.0,30.0,75,187,9.835601712285296,133.8323411006645,9.281575522806502,239.07551356386418,0,0,0,5,5,125,0.04229861214087014,0.023494443520504962,163.0,201.0
F4_18.38,N17,N24,800.0,1,2400.0,2398.1659116784867,22,30,22,59,1.8340883215132635,3998.1659116784867,30.774530868711462,27.67429487536288,-1,-1,1.0,1.0,102,179,7.401289941066229,89.12634663423455,10.257235509689867,307.42128229706003,0,5,1,7,7,111,0.05043712172158709,0.026269334229993276,167.0,144.0
F8_14.29,N17,N16,800.0,1,2400.0,2397.415821100229,19,103,95,19,2.584178899770791,3997.415821100229,30.71242437249874,32.228207611369044,-1,-1,25.0,25.0,104,159,8.880912269405503,90.38011769624154,11.20001722384003,233.9095775118419,0,2,3,7,7,217,0.0609448554135844,0.025218560860793545,156.0,246.0
F8_11.24,N17,N16,800.0,1,2400.0,2392.271746950408,20,105,89,20,7.728253049591785,3992.271746950408,30.672221336374747,32.32179694974607,1,1,28.0,28.0,103,162,10.266047300246097,549.2183093093852,10.266047300246097,218.5765283892033,0,0,3,1,1,214,0.021457432207884077,0.023136148570354065,180.0,262.0
F8_13.34,N17,N16,800.0,1,2400.0,1952.4429043038494,17,100,95,17,447.55709569615055,3552.4429043038494,30.74738739368621,32.1782406899986,1,1,5.0,5.0,103,152,11.797014078866416,12.253429438703279,10.304746393947395,218.58774719029284,0,0,4,2,1,212,0.031523201075991936,0.03049155295591369,155.0,196.0
F8_13.32,N17,N16,800.0,1,2400.0,2347.9766254895376,19,105,88,19,52.02337451046219,3947.9766254895376,30.65489857079723,32.3163278426924,1,1,31.0,31.0,100,161,11.446391493087562,63.159862050903484,11.801334420441837,217.94951334173786,0,0,3,8,7,212,0.05884330867518494,0.02201617972582895,190.0,261.0
F8_16.22,N17,N24,800.0,1,2400.0,2393.8395753862274,22,19,22,74,6.160424613772648,3993.8395753862274,30.724835220964806,27.6576810872197,-1,1,5.0,5.0,115,182,9.143706285155552,85.63650462546889,10.392807829244257,243.65925699612478,0,4,0,11,0,115,0.06304640215198387,0.0168123739071957,223.0,206.0
F4_16.34,N17,N24,800.0,1,2400.0,2393.310209340087,23,36,23,45,6.689790659912774,3993.310209340087,30.83175935857612,27.695336434580135,-1,-1,5.0,5.0,107,194,6.437482355882024,33.80143284795304,9.676766320949957,295.2373307119383,0,3,2,4,4,104,0.037827841291190316,0.027320107599193007,176.0,148.0
F4_16.35,N17,N24,800.0,1,2400.0,2398.9311512299637,32,40,32,42,1.0688487700363112,3998.9311512299637,30.88717342232988,27.59537050279382,1,1,18.0,18.0,121,198,8.899094173871179,11.19856927830051,9.180653334605378,269.1610486825352,0,0,0,5,3,114,0.04203093476798924,0.02837088096839274,160.0,138.0
F4_18.41,N17,N24,800.0,1,2400.0,2392.6005924992182,34,40,34,42,7.399407500781763,3992.6005924992182,30.88717342232988,27.59537050279382,1,1,16.0,16.0,124,198,9.014913079837035,10.623566703285405,8.384891442745172,268.9098929874883,0,0,0,8,8,116,0.05043712172158709,0.02837088096839274,154.0,142.0
F8_14.33,N17,N24,800.0,1,2400.0,2399.960597032794,25,30,25,49,0.03940296720588776,3999.960597032794,30.78740883983178,27.67989797766368,-1,1,20.0,20.0,123,194,10.516801635832149,12.948868123574357,11.406332181829601,229.45523817957414,0,2,0,8,4,104,0.035726294552790853,0.026269334229993276,311.0,155.0
F8_1.28,N17,N16,800.0,1,2400.0,1979.0848033806178,18,120,74,18,420.91519661938196,3579.084803380618,30.91351491611186,31.976342439558234,-1,-1,1.0,1.0,134,195,6.865754071194259e-05,195.15587772372805,0.001380644796881094,296.69370388304776,0,26,10,23,0,212,0.09877269670477472,0.03467552118359113,117.0,151.0
F8_7.32,N17,N16,800.0,1,2400.0,2399.4741938571424,16,104,81,16,0.5258061428575047,3999.4741938571424,30.88717342232988,31.97424706843452,-1,-1,19.0,19.0,120,192,6.633221781864295,91.41140372606037,10.68090499173709,277.7087025931077,0,14,6,10,6,201,0.06514794889038333,0.03467552118359112,206.0,174.0
F8_1.29,N17,N16,800.0,1,2400.0,2152.264011684175,18,118,75,18,247.73598831582513,3752.264011684175,30.950388890610785,31.97314884991395,-1,-1,4.0,4.0,138,199,7.898970045003234,80.7223651438403,11.173704921408625,290.76963581266864,0,25,9,8,8,211,0.09877269670477472,0.03467552118359113,126.0,160.0
F8_7.33,N17,N16,800.0,1,2400.0,2393.902502098451,15,111,79,15,6.097497901549104,3993.902502098451,30.95891694741323,31.95065997955107,-1,-1,33.0,33.0,121,203,9.483907145798957,93.56291032909644,11.006258723911994,282.5842702269081,0,14,5,6,6,205,0.07145258910558171,0.03467552118359113,158.0,163.0
F8_2.24,N17,N16,800.0,1,2400.0,2390.935169105651,17,106,82,17,9.064830894349143,3990.935169105651,30.895359091528125,31.95645945967827,1,1,38.0,38.0,130,195,7.612900629599892,96.38616380297867,11.398001880545989,269.3757249811399,0,9,1,13,6,205,0.07068540668745497,0.032518891808744566,192.0,187.0
F3_12.35,N17,N24,800.0,1,2400.0,2388.517610885872,57,52,57,40,11.482389114128182,3988.517610885872,30.841477515335896,27.902441879397003,1,-1,21.0,21.0,133,157,11.721912777988344,43.6229917609478,12.569071482441329,204.68350911494923,0,0,2,13,2,149,0.07598326467073685,0.03257397444519166,152.0,162.0
F4_13.24,N17,N24,800.0,1,2400.0,2391.3786106999896,49,53,49,41,8.621389300010605,3991.3786106999896,30.951842649309995,27.88569973650531,1,1,39.0,39.0,121,184,7.773458900492014,28.37145765453215,9.765908247939855,291.81594689105395,0,1,0,11,11,143,0.05253866845998655,0.022066240753194355,168.0,199.0
F4_13.28,N17,N24,800.0,1,2400.0,2398.7835700432984,53,60,53,40,1.2164299567016315,3998.7835700432984,30.867875272936825,27.84745175431382,1,1,35.0,35.0,116,153,10.845138186515346,13.110035390491248,10.845138186515346,265.7052918460844,0,0,0,1,1,153,0.037827841291190316,0.03744095421141059,153.0,137.0
F3_17.34,N17,N24,800.0,1,2400.0,2389.8497080506154,56,53,56,39,10.15029194938461,3989.8497080506154,30.842638252903413,27.904309889976464,1,-1,25.0,25.0,134,159,11.775252955920394,19.693133963427726,12.136337457700929,207.1823331375409,0,0,2,14,2,148,0.0777572293207801,0.029546059825140553,156.0,182.0
F4_7.33,N17,N16,800.0,1,2400.0,2392.1052057884453,18,127,77,18,7.894794211554654,3992.1052057884453,30.856692595083725,31.98272537498186,1,-1,38.0,38.0,115,190,5.883891443155042,651.8267832463193,8.727018216371954,274.9137685397517,0,0,2,2,0,222,0.049241507584930795,0.03257397444519166,173.0,160.0
F8_11.0,N17,N24,800.0,1,2400.0,1642.1870835728364,5,0,5,68,757.8129164271635,3242.1870835728364,0.0,0.0,-1,1,14.0,14.0,10,14,0.0062906697764819495,23.25414759636851,0.0062906697764819495,242.5353294981605,0,2,0,1,1,73,0.05253866845998655,0.0010507733691997312,98.0,144.0
F8_15.0,N17,N24,800.0,1,2400.0,1611.5955014971805,5,0,5,71,788.4044985028196,3211.5955014971805,0.0,0.0,-1,1,17.0,17.0,10,13,0.6016998538289362,200.0,0.6016998538289362,240.25655703213877,0,1,0,0,0,76,0.05043712172158709,0.0010507733691997312,100.0,147.0
F8_9.1,N17,N24,800.0,1,2400.0,1626.4515817420124,28,0,28,68,773.5484182579876,3226.4515817420124,41.29110105580694,45.5934065934066,-1,1,16.0,16.0,43,33,0.0,0.0010580370467323519,0.0,269.90408066486094,0,6,0,2,2,96,0.05253866845998655,0.00840618695359785,95.0,151.0
F8_15.1,N17,N24,800.0,1,2400.0,1664.064375634594,29,0,29,69,735.9356243654059,3264.064375634594,41.29110105580694,45.5934065934066,-1,1,12.0,12.0,44,36,0.0031201040852024847,0.13350620227356558,0.019386945998744673,286.4172354806611,0,9,0,7,7,98,0.05253866845998655,0.00840618695359785,106.99999999999994,138.0
F8_14.2,N17,N24,800.0,1,2400.0,2319.133498871071,16,0,16,67,80.86650112892892,3919.133498871071,0.0,54.857142857142854,1,-1,41.0,41.0,24,13,8.07431370821895,17.570158105803102,12.004314214897096,240.58884307195927,0,2,0,3,3,83,0.0520833094888549,0.0021015467383994624,167.00000000000006,151.0
F8_15.3,N17,N24,800.0,1,2400.0,1656.4299728774158,28,0,28,71,743.5700271225843,3256.429972877416,38.335157916730466,44.407820902501754,-1,1,5.0,5.0,42,35,0.0,0.0010357373375882162,0.0,327.42620038372814,0,14,0,6,6,99,0.05043712172158709,0.009796326988051041,98.00000000000006,140.0
F8_11.3,N17,N24,800.0,1,2400.0,1641.4588565472668,28,0,28,68,758.5411434527331,3241.458856547267,41.29110105580694,45.5934065934066,-1,1,16.0,16.0,43,33,0.0014205809638695773,0.02004631915997379,0.005682323855478309,269.90408066486094,0,6,0,4,4,96,0.05253866845998655,0.00840618695359785,109.99999999999994,147.0
F8_14.1,N17,N24,800.0,1,2400.0,1693.9260668617362,38,0,38,83,706.0739331382638,3293.926066861736,39.03944638324603,41.518010894586354,1,-1,31.0,31.0,57,32,3.1465790840231143,0.05585983923629101,0.05485187071606027,276.05826661852205,0,3,0,6,6,121,0.03939367158360075,0.01488887405644746,96.00000000000006,142.0
F4_17.2,N17,N24,800.0,-1,2400.0,906.7037514117019,53,0,53,77,106.68038563252799,2506.703751411702,39.97065193463064,40.224387254282284,-2,1,22.0,22.0,73,50,10.895826463406829,46.152851036467155,9.868935775827632,223.62092055708007,0,0,0,9,7,130,0.046234028244788165,0.03392864046933993,11.0,175.0
F8_17.3,N17,N24,800.0,1,2400.0,2394.4192621500156,26,0,26,71,5.580737849984416,3994.4192621500156,43.76068376068377,45.89010989010989,-1,1,23.0,23.0,39,27,8.15726981683211,443.38621455539464,8.420378343493038,237.87680682473243,0,1,0,14,13,97,0.05253866845998655,0.00840618695359785,143.00000000000006,150.0
F8_16.0,N17,N24,800.0,-1,2400.0,1180.1516375512615,50,0,50,77,380.1183826052857,2780.1516375512615,39.97065193463064,40.224387254282284,-2,1,28.0,28.0,70,50,10.69464065159904,16.01780248600113,11.477766821633734,227.26117793045842,0,0,0,14,12,127,0.046234028244788165,0.031523201075991936,39.99999999999994,158.0
F8_7.0,N17,N16,800.0,-1,2400.0,1389.5558599781666,5,19,87,5,589.495865749311,2989.5558599781666,40.45016440759378,41.17271502011676,-2,-1,13.0,13.0,61,24,9.197050198051192,200.0,9.197050198051192,247.70141768429178,0,0,0,0,0,111,0.004203093476798925,0.0021015467383994624,61.0,173.0
F8_7.1,N17,N16,800.0,1,2400.0,1681.4076376390217,4,13,83,4,718.5923623609785,3281.4076376390217,39.03944638324603,41.065870141258806,-1,0,2.0,2.0,46,20,0.5051467981819552,16.36150671518226,3.5052641994637486,347.7433729990093,0,17,0,7,1,100,0.06304640215198387,0.0,103.00000000000006,173.0
F8_17.0,N17,N24,800.0,1,2400.0,2399.3557976303355,7,0,7,64,0.6442023696646402,3999.3557976303355,0.0,0.0,-1,1,8.0,8.0,13,14,8.484369296452483,199.4554837663843,11.231210662616402,248.3025793920541,0,3,0,4,1,71,0.05884330867518494,0.0010507733691997312,196.0,187.0
F8_14.3,N17,N24,800.0,1,2400.0,2376.218813649692,26,0,26,71,23.781186350307962,3976.218813649692,43.76068376068377,45.89010989010989,-1,1,23.0,23.0,39,27,10.544493313576684,220.90474572887797,8.644384940129525,237.87680682473243,0,1,0,9,1,97,0.0609448554135844,0.00840618695359785,152.99999999999994,193.0
F8_15.4,N17,N24,800.0,1,2400.0,1665.9574054803288,45,0,45,87,734.042594519671,3265.957405480329,40.45016440759378,40.224387254282284,1,-1,0.0,0.0,65,39,12.005865944171413,67.52213691421838,8.855731017351346,228.8942370789185,0,0,0,0,0,132,0.02942165433759247,0.027348297905484497,125.0,154.0
F8_11.2,N17,N24,800.0,1,2400.0,1666.7424912775778,40,0,40,84,733.2575087224224,3266.7424912775778,39.03944638324603,41.518010894586354,1,-1,28.0,28.0,59,32,6.510574388437014,6.052238353223856,4.735500983660036,249.43862340560017,0,0,0,3,3,124,0.04058684595251196,0.016812373907195696,96.00000000000006,203.0
F8_9.3,N17,N24,800.0,-1,2400.0,1545.4217801805767,44,1,44,86,745.3977871287216,3145.4217801805767,35.83465105224369,39.15676712157453,-2,-1,18.0,18.0,59,56,10.389721455337636,32.079624821858175,9.660242330685989,229.11612483293385,0,2,2,17,14,131,0.03992938802958978,0.0472848016139879,69.0,145.0
F8_11.5,N17,N24,800.0,1,2400.0,2393.4745962846655,29,0,29,69,6.525403715334619,3993.4745962846655,41.29110105580694,45.5934065934066,-1,1,12.0,12.0,44,36,8.03871845285858,38.983909665508236,10.39829267841868,286.4172354806611,0,9,0,12,2,98,0.0609448554135844,0.00840618695359785,189.0,153.0
F4_19.1,N17,N24,800.0,-1,2400.0,1500.9507480148932,50,0,50,75,700.9372697746401,3100.950748014893,39.355701858638945,40.224387254282284,-2,1,14.0,14.0,70,56,10.419120120335318,152.67166710567244,11.994321815923184,226.399452728394,0,0,0,12,10,125,0.027320107599193007,0.035726294552790853,65.0,197.0
F8_9.2,N17,N24,800.0,1,2400.0,2397.396408140409,25,0,25,74,2.603591859591006,3997.396408140409,0.0,54.857142857142854,1,-1,5.0,5.0,39,20,9.8992103235667,163.67797160684768,8.72922859917613,222.4079961594291,0,0,0,12,6,99,0.0609448554135844,0.005253866845998656,178.0,192.0
F8_14.5,N17,N24,800.0,1,2400.0,2392.398316340669,47,0,47,87,7.601683659330888,3992.398316340669,40.63487292918319,40.224387254282284,0,-1,0.0,0.0,67,42,10.063105038517628,125.50203540235975,8.532641820235735,226.3024307036521,0,0,0,12,4,134,0.0609448554135844,0.028370880968392735,152.0,139.0
F4_18.2,N17,N24,800.0,1,2400.0,1800.4029770656216,52,0,52,76,599.5970229343785,3400.4029770656216,39.97065193463064,40.224387254282284,1,1,25.0,25.0,72,50,13.743659092168226,69.73698746620812,13.743659092168226,199.54289540477467,0,0,0,1,1,128,0.04457018665373058,0.031523201075991936,86.0,191.0
F8_15.5,N17,N24,800.0,1,2400.0,1633.9418360555755,48,0,48,81,766.0581639444245,3233.9418360555755,38.23131852994938,39.15676712157453,-1,0,2.0,2.0,65,47,0.0,0.0010350005877626245,0.0,396.49607520166705,0,18,0,3,3,129,0.04203093476798924,0.03689372256998146,94.0,152.0
F4_12.1,N17,N24,800.0,1,2400.0,2388.472493096611,31,0,31,72,11.52750690338928,3988.472493096611,39.03944638324603,42.2125201327788,0,0,1.0,1.0,47,32,13.609635512649072,50.63290829101311,13.288723658449246,199.16483695923492,0,0,0,3,3,103,0.03699637234222803,0.011558507061197041,137.0,204.0
F4_19.0,N17,N24,800.0,-1,2400.0,1305.6948774147913,44,1,44,87,505.68992035274823,2905.6948774147913,35.83465105224369,39.15676712157453,-2,-1,16.0,16.0,59,58,10.507930661420756,264.30555703094814,11.090396260715224,234.6360354146473,0,2,2,13,11,132,0.035726294552790853,0.0472848016139879,49.0,177.0
F4_12.2,N17,N24,800.0,1,2400.0,2395.6482408043435,42,0,42,87,4.351759195656655,3995.6482408043435,39.47784952142599,41.518010894586354,-1,-1,23.0,23.0,60,33,11.48675617723814,24.391185442680126,13.333716174397692,202.2540098621876,0,1,0,7,7,129,0.0441324815063887,0.017863147276395427,146.0,179.0
F8_16.1,N17,N24,800.0,1,2400.0,1641.436051019588,47,0,47,80,758.563948980412,3241.436051019588,38.23131852994938,39.23493829261521,-1,1,3.0,3.0,64,51,0.0,0.0010450115250932868,0.0,387.48800914737444,0,15,0,4,4,127,0.04203093476798924,0.036777067921990585,104.0,159.0
F8_17.5,N17,N24,800.0,1,2400.0,2033.80577455293,47,0,47,87,366.19422544706987,3633.80577455293,40.45016440759378,40.224387254282284,0,-1,1.0,1.0,67,41,10.637074099663886,47.796504226612115,12.569176303601033,224.81210181885083,0,0,0,6,6,134,0.02942165433759247,0.028370880968392735,149.99999999999994,166.0
F8_7.4,N17,N16,800.0,-1,2400.0,1465.0852663719543,3,25,99,3,664.9948234201373,3065.0852663719543,36.10783602136346,39.994782263031325,-2,-1,13.0,13.0,58,27,9.345421477296124,42.911395109766445,8.465646985665225,248.56461375372612,0,0,0,4,4,127,0.01050773369199731,0.005253866845998655,68.0,170.0
F8_7.3,N17,N16,800.0,1,2400.0,2399.3080859355036,4,15,80,4,0.6919140644963591,3999.3080859355036,41.29110105580694,41.169497868270994,-1,1,16.0,16.0,43,23,5.869489016643179,25.529658631802477,10.968446391116917,269.90408066486094,0,6,0,16,1,99,0.05253866845998655,0.0,200.0,179.0
F8_14.4,N17,N24,800.0,1,2400.0,2392.322204733358,35,0,35,76,7.6777952666421925,3992.322204733358,39.03944638324603,41.518010894586354,1,-1,38.0,38.0,52,30,6.419733724130585,10.647296779296767,10.186181214616745,332.67229288399767,0,13,0,15,5,111,0.0629491999907451,0.01182039040894247,188.00000000000006,206.0
F8_16.2,N17,N24,800.0,1,2400.0,2397.2682078571743,53,0,53,77,2.7317921428258387,3997.2682078571743,39.97065193463064,40.224387254282284,-1,1,24.0,24.0,73,50,8.441186601314696,74.68201227803524,10.824133661898285,256.64773098702017,0,5,0,12,12,130,0.03992938802958978,0.03257397444519166,205.0,145.0
F4_19.2,N17,N24,800.0,1,2400.0,2154.980839114509,53,0,53,78,245.01916088549126,3754.980839114509,39.97065193463064,40.224387254282284,1,1,23.0,23.0,73,50,11.97169624029124,12.110056535932927,10.665635782863161,199.7555550747629,0,0,0,4,3,131,0.046234028244788165,0.03362474781439139,149.0,210.0
F5_17.0,N17,N24,800.0,1,2400.0,2260.7835084711746,50,0,50,79,139.2164915288255,3860.7835084711746,39.97065193463064,40.224387254282284,1,1,30.0,30.0,70,49,11.550873356524532,13.852717687410632,11.150199628664344,201.16054485220863,0,0,0,6,6,129,0.027320107599193007,0.03152320107599193,165.00000000000006,203.0
F4_18.4,N17,N24,800.0,1,2400.0,2392.2607094002974,47,0,47,88,7.7392905997024855,3992.2607094002974,40.45016440759378,40.224387254282284,-1,-1,2.0,2.0,67,41,10.565894030993775,12.647657252643512,10.818740621076607,212.5596584259904,0,2,0,7,6,135,0.02942165433759247,0.028370880968392735,183.00000000000006,202.0
F8_7.2,N17,N16,800.0,1,2400.0,2398.554254569162,3,15,80,3,1.4457454308379738,3998.554254569162,41.29110105580694,41.169497868270994,-1,1,17.0,17.0,41,23,9.244833371754934,39.30948962217553,10.991216372094303,264.18804893386914,0,5,0,11,1,98,0.0609448554135844,0.0,211.99999999999994,224.99999999999994
F4_12.4,N17,N24,800.0,1,2400.0,2399.2551704521757,44,1,44,87,0.7448295478245655,3999.2551704521757,36.35714012082937,39.15676712157453,-1,-1,12.0,12.0,59,61,8.195026556805525,85.08276525775455,12.242034722377397,235.4613972136695,0,7,2,9,8,132,0.05884330867518494,0.0472848016139879,188.0,206.9999999999999
F4_17.8,N17,N24,800.0,1,2400.0,2388.3260864594718,42,1,42,94,11.673913540528133,3988.3260864594718,36.38274412453804,39.15676712157453,-1,-1,0.0,0.0,59,68,8.992995965096574,34.601343324479785,10.920352709878838,238.88897958192786,0,7,2,12,11,137,0.05253866845998655,0.05253866845998655,179.0,208.0000000000001
F4_17.9,N17,N24,800.0,1,2400.0,2390.8890808123315,36,1,36,107,9.110919187668514,3990.8890808123315,35.61311890529708,35.380150990861424,-1,-1,27.0,27.0,63,90,8.367888942743111,15.443674827534096,12.445794209500423,222.42573003674966,0,5,1,10,8,144,0.05674176193678548,0.059894082044384664,142.0,190.0000000000001
F8_7.6,N17,N16,800.0,1,2400.0,2389.1633245173475,4,35,109,4,10.836675482652481,3989.1633245173475,36.92717242865651,40.40281643834176,-1,1,23.0,23.0,60,48,4.607084614275124,289.0580441451864,9.214169228550247,253.7777675126356,0,4,0,2,0,148,0.0441324815063887,0.005253866845998656,206.0,179.0
F8_15.8,N17,N24,800.0,1,2400.0,2395.5013448681466,35,1,35,105,4.498655131853411,3995.5013448681466,35.87911644600511,35.53340410409653,1,-1,34.0,34.0,57,94,6.1368822833624925,368.85600093148105,11.570319543570198,235.80326409139352,0,0,0,4,3,141,0.03366389959915219,0.057792535305985215,180.0,212.0
F8_13.7,N17,N24,800.0,1,2400.0,2392.9735599162905,36,4,36,128,7.026440083709417,3992.9735599162905,35.475857029179984,35.766075419219185,-1,1,31.0,31.0,67,115,7.937934046232992,29.525559943191638,9.085104802696712,242.90704096706153,0,3,0,9,1,168,0.05884330867518494,0.0577925353059852,138.0,140.0000000000001
F8_16.7,N17,N24,800.0,1,2400.0,2399.9555046304413,30,2,30,113,0.04449536955894473,3999.9555046304413,35.38332730909893,35.14888171261907,-1,0,2.0,2.0,59,108,8.89157270532962,195.82742662457758,10.854202040860942,249.616135605446,0,5,0,6,4,145,0.03992938802958978,0.05884330867518494,179.0,155.0000000000001
F4_19.5,N17,N24,800.0,1,2400.0,2398.2127477687222,33,1,33,112,1.7872522312776482,3998.2127477687222,35.65560054224241,35.734513437642086,-1,-1,11.0,11.0,60,88,7.323253249311232,27.26692293483302,11.33682655888652,236.53693362331282,0,8,2,11,10,146,0.054640215198386015,0.061995628782784126,183.0,210.0
F4_19.6,N17,N24,800.0,1,2400.0,2396.7419549017604,31,4,31,115,3.258045098239677,3996.7419549017604,35.34039068296196,35.153511098253816,-1,-1,34.0,34.0,63,108,8.79989291573706,188.09740907205628,11.884931179323747,202.06822636343358,0,1,3,4,4,150,0.054640215198386015,0.059894082044384664,145.0,192.0
F8_17.10,N17,N24,800.0,1,2400.0,2395.5440551184734,29,2,29,103,4.4559448815267615,3995.5440551184734,35.438388625167164,35.6466824057365,-1,1,22.0,22.0,58,108,7.173077653085552,14.562452406664306,11.378148503890515,233.76998726786317,0,4,0,12,1,134,0.06514794889038333,0.061995628782784126,194.0,184.9999999999999
F8_17.11,N17,N24,800.0,1,2400.0,2388.803891240415,37,4,37,127,11.196108759585059,3988.803891240415,35.41729687980121,35.74061301113942,-1,1,28.0,28.0,68,116,7.621507714616807,24.42273091938091,12.16389968337448,248.30129006677097,0,5,0,10,2,168,0.05884330867518494,0.055690988567585746,133.0,169.0000000000001
F4_9.14,N17,N24,800.0,1,2400.0,2394.380786132528,48,6,48,124,5.619213867472013,3994.380786132528,35.5636280876566,35.204570998059545,-1,-1,30.0,30.0,82,110,11.338291005103502,37.38067181626502,12.290549796760374,217.08481645078362,0,3,3,11,11,178,0.054640215198386015,0.05464021519838602,134.0,169.0
F8_11.12,N17,N24,800.0,1,2400.0,2398.8625515324584,37,6,37,120,1.1374484675413896,3998.8625515324584,35.589658718013645,35.81128560684898,-1,1,16.0,16.0,70,118,5.855241237874515,18.753804133172025,11.453587717445439,276.7744303562676,0,7,0,11,9,163,0.04203093476798924,0.05148789509078682,195.0,142.0
F8_13.8,N17,N24,800.0,1,2400.0,2397.109404981816,38,6,38,124,2.8905950181839444,3997.109404981816,35.50546925181583,35.78952960849492,-1,1,20.0,20.0,69,120,6.568245370810304,60.446363892841646,12.308238328844165,258.387580057933,0,6,0,9,8,168,0.04203093476798924,0.05148789509078682,200.0,154.0
F8_9.13,N17,N24,800.0,1,2400.0,2393.4623593682627,41,7,41,121,6.53764063173719,3993.4623593682627,35.53322333099761,35.49704560186523,-1,1,7.0,7.0,73,119,5.923286527638726,19.190757846911083,11.871705978553868,297.6599930171233,0,10,0,12,10,169,0.035726294552790853,0.048335574983187635,201.0,144.0
F8_7.10,N17,N16,800.0,1,2400.0,2396.7771853219865,5,36,141,5,3.2228146780133784,3996.7771853219865,35.56481421553329,39.93163585662543,-1,1,17.0,17.0,59,85,7.585059655323246,48.73553591749965,11.6601918770423,235.30372778494169,0,4,0,13,2,182,0.06514794889038333,0.005253866845998655,205.0,231.0
F4_19.9,N17,N24,800.0,1,2400.0,2393.501823125518,33,11,33,127,6.4981768744817145,3993.501823125518,35.55478730933656,34.99160577772352,-1,-1,31.0,31.0,70,110,7.408834342564916,245.82136403504796,10.259645793552302,215.73433790511805,0,1,2,3,3,171,0.03992938802958978,0.060944855413584395,136.0,187.0
F8_13.11,N17,N16,800.0,1,2400.0,2391.112081886031,4,45,231,4,8.887918113969363,3991.112081886031,35.90317160216613,37.16100081892626,-1,1,23.0,23.0,65,179,5.212228165338149,636.9566492525494,10.264200700653761,240.8727726551935,0,1,0,2,2,280,0.037827841291190316,0.00840618695359785,139.9999999999999,134.0
F8_7.15,N17,N16,800.0,1,2400.0,2270.544557994746,3,39,214,3,129.4554420052542,3870.544557994746,35.62825238371801,37.798373121242086,1,-1,26.0,26.0,66,165,4.819821981000383,593.7110779564775,3.4733590066584705,245.30769092010067,0,0,0,5,0,256,0.0336247478143914,0.00840618695359785,167.0000000000001,182.0
F8_14.12,N17,N16,800.0,1,2400.0,2262.474813727414,9,39,237,9,137.52518627258576,3862.474813727414,35.63854566907194,36.47510007270025,1,-1,38.0,38.0,60,179,7.259611301553277,75.59175244427911,6.5409592201500315,232.5015551167541,0,0,0,6,3,285,0.062279291877992395,0.006304640215198386,168.0000000000001,153.0
F4_19.10,N17,N24,800.0,1,2400.0,2397.2860205613933,28,10,28,134,2.7139794386065432,3997.2860205613933,35.61773813381173,35.02261821155751,-1,-1,9.0,9.0,64,101,0.0,770.8823535318738,0.0,229.5930103511249,0,4,9,2,0,172,0.018913920645595158,0.06837059387364347,187.0,215.0
F8_9.21,N17,N16,800.0,1,2400.0,2389.324660042956,20,37,233,20,10.675339957044002,3989.324660042956,35.468856786796145,36.14390215444148,-1,1,22.0,22.0,92,207,4.995820655951336,457.8158431797881,10.178145492937036,256.480120021274,0,4,0,6,5,290,0.037827841291190316,0.00840618695359785,136.0,201.0
F8_9.20,N17,N16,800.0,1,2400.0,2396.8781123630342,23,35,236,23,3.121887636965994,3996.8781123630342,35.45861692311245,36.060416957678875,-1,1,15.0,15.0,96,212,8.695932432389121,66.7857339830598,11.125146496139713,257.30218724441727,0,5,0,17,11,294,0.07565568258238063,0.006304640215198386,198.0,154.0
F8_1.20,N17,N16,800.0,1,2400.0,2393.0215246268863,18,41,233,18,6.978475373113724,3993.0215246268863,35.47402334793624,36.17247764920583,-1,1,27.0,27.0,86,198,8.526399752331747,60.978565689831385,12.092165148303263,246.15678313805506,0,2,0,12,6,292,0.07565568258238063,0.00840618695359785,208.0,177.0
F8_0.16,N17,N16,800.0,1,2400.0,2394.544532141186,15,40,243,15,5.455467858813677,3994.544532141186,35.55129838663478,36.37321800936122,1,-1,15.0,15.0,72,188,9.977725236015548,80.10167001508376,9.873970076975963,225.47148863314155,0,0,0,10,6,298,0.05884330867518494,0.00945696032279758,181.9999999999999,225.0
F4_17.18,N17,N24,800.0,1,2400.0,2394.8644892585435,35,32,35,146,5.135510741456756,3994.8644892585435,35.46823772744048,34.35044819347739,-1,-1,3.0,3.0,123,138,6.8987595212365695,13.915293974382166,11.171675311867894,246.21574783406413,0,10,8,14,9,213,0.05884330867518494,0.03887861466039005,195.0,183.0
F8_14.17,N17,N16,800.0,1,2400.0,2398.6918627296386,32,27,240,32,1.3081372703614988,3998.6918627296386,35.44202592655224,35.30069255237727,1,-1,26.0,26.0,106,202,10.330283190776273,84.80463983629579,9.370540459931128,229.69536917834418,0,0,1,12,9,299,0.06304640215198387,0.012609280430396773,188.0,201.0
F8_0.22,N17,N16,800.0,1,2400.0,2398.8245010684013,40,31,228,40,1.175498931598895,3998.8245010684013,35.435909970671645,34.78386841211188,-1,1,8.0,8.0,126,247,0.0939622655779313,741.9990262334104,0.5621357789665641,283.960421071233,0,10,0,6,5,299,0.05043712172158709,0.024167787491593817,187.0,172.0
F4_9.23,N17,N24,800.0,1,2400.0,2396.2447552627095,37,40,37,144,3.755244737290468,3996.2447552627095,34.95031416954818,33.95205923060296,-1,-1,39.0,39.0,149,113,10.453078593693908,109.89966779962356,13.139009405392354,210.73652958131905,0,0,0,11,7,221,0.08616341627437794,0.04308170813718897,141.0,170.0
F4_11.21,N17,N24,800.0,1,2400.0,2392.7318655624886,51,45,51,151,7.268134437511321,3992.7318655624886,34.48460039595791,33.98635647946719,-1,-1,14.0,14.0,164,108,9.0225385145525,45.22038580849835,11.582243012219646,236.81596732020174,0,8,10,21,15,247,0.09246805648957633,0.04518325487558844,179.0,191.0
F8_0.21,N17,N16,800.0,1,2400.0,2391.8562141174298,47,33,223,47,8.143785882570114,3991.8562141174298,35.22509075823856,34.22443717049988,1,-1,9.0,9.0,134,263,10.531659279297664,52.763046814232894,9.421217797672735,225.09006005762458,0,0,0,11,10,303,0.07739480387329375,0.035726294552790853,197.0,226.0
F4_14.19,N17,N24,800.0,1,2400.0,2395.11801308122,56,53,56,133,4.881986918780058,3995.11801308122,34.30431504198866,33.88630528302102,-1,-1,29.0,29.0,180,130,8.15269144569519,26.62428225147869,11.59408931638497,232.64647903351366,0,6,2,11,11,242,0.0777572293207801,0.05358944182918629,149.0,215.0
F4_14.20,N17,N24,800.0,1,2400.0,2396.3803307298012,60,52,60,138,3.6196692701988695,3996.3803307298012,34.1311967945928,33.9268730071465,-1,-1,14.0,14.0,177,126,8.316580559562505,25.80512026700285,12.426642946235297,234.1461675520745,0,7,8,11,8,250,0.054640215198386015,0.05569098856758575,189.0,192.0
F4_11.25,N17,N24,800.0,1,2400.0,2377.716636879565,68,52,68,134,22.283363120434842,3977.716636879565,33.988647192514065,33.86000341944545,-1,-1,22.0,22.0,201,146,3.9373721879568575,168.4496759847957,15.0302122748664,256.40230520049164,0,9,2,9,9,254,0.054640215198386015,0.07250336247478145,140.0,169.0
F4_17.20,N17,N24,800.0,1,2400.0,2397.987784954932,66,52,66,138,2.012215045067819,3997.987784954932,34.09030512269337,33.8707289956523,-1,-1,4.0,4.0,179,125,8.49429312324665,14.105355075394527,11.586826043865614,239.28327361395114,0,7,10,19,17,256,0.07985877605917956,0.05989408204438468,200.0,195.0
F8_15.21,N17,N24,800.0,1,2400.0,2392.8747875629974,54,53,54,131,7.125212437002688,3992.8747875629974,34.32325003797178,33.898029333043304,1,-1,38.0,38.0,178,131,5.924569047259392,31.156327216327327,10.052095358841092,299.3144896016318,0,11,1,17,2,238,0.08689268224790951,0.05358944182918628,273.0,216.0
F4_15.30,N17,N24,800.0,1,2400.0,2397.8725816695473,77,51,77,137,2.1274183304525422,3997.8725816695473,33.910559438413735,33.8344968577858,-1,-1,9.0,9.0,208,146,6.07343941285825,28.344963622640762,11.623397024064255,275.5744852714596,0,17,13,19,15,265,0.07985877605917956,0.0746049092131809,194.0,200.0
F8_7.20,N17,N16,800.0,1,2400.0,2399.4902471373753,26,83,207,26,0.509752862624623,3999.4902471373753,34.12098527861156,32.36071213764703,-1,1,8.0,8.0,182,341,4.017786085024193,21.54206617686623,9.832129486509517,292.46757137193316,0,15,0,10,9,316,0.08406186953597848,0.06164007616770324,202.0,233.0
F4_15.32,N17,N24,800.0,1,2400.0,2382.9708436092733,68,57,68,139,17.02915639072694,3982.9708436092733,33.81773341501459,33.70498667743435,-1,-1,35.0,35.0,215,158,10.446047597879197,61.73069802210557,13.086609463872835,209.80472939935655,0,2,0,10,8,264,0.08196032279757902,0.08196032279757902,134.0,215.0
F8_0.30,N17,N16,800.0,1,2400.0,2392.8476818997274,29,86,199,29,7.15231810027251,3992.8476818997274,33.988647192514065,32.016350727214686,1,-1,21.0,21.0,204,321,8.477417470752172,11.405739897828653,9.145538274813187,241.93959245529746,0,0,3,18,4,314,0.08746206481613225,0.06973837799115604,182.0,235.0
F8_9.25,N17,N24,800.0,1,2400.0,2392.123463681365,67,55,67,135,7.87653631863509,3992.123463681365,34.05479925944983,33.83001638880247,1,-1,30.0,30.0,195,143,5.56925197302541,13.431685696156364,11.16027018447215,262.98957505816463,0,0,0,16,14,257,0.0870812296450771,0.07036932596961545,294.0,186.0
F4_9.28,N17,N24,800.0,1,2400.0,2397.8485092300143,74,57,74,144,2.1514907699857986,3997.8485092300143,33.426346618835275,33.747486810690404,-1,-1,1.0,1.0,208,170,4.699566536276868,14.333585366829539,10.756582102852835,241.83183403907472,0,10,11,8,7,275,0.05674176193678548,0.09141728312037661,175.0,191.0
F8_7.26,N17,N16,800.0,1,2400.0,2392.073517472598,34,70,201,34,7.926482527402072,3992.073517472598,33.82582277583983,31.545758705557716,1,-1,38.0,38.0,211,355,4.080860815294303,13.014883399723658,10.578247497252741,309.80241876106516,0,12,2,29,4,305,0.09460785137861462,0.05148789509078682,185.0,227.0
F8_0.32,N17,N16,800.0,1,2400.0,2397.98769369814,34,61,195,34,2.0123063018597804,3997.98769369814,33.77519408337339,31.45092695870677,1,-1,24.0,24.0,222,348,3.847181024485805,90.57864666046612,10.049692810117214,297.4875301495133,0,9,8,29,3,290,0.09763654830393255,0.057792535305985215,185.0,221.0
F8_1.35,N17,N16,800.0,1,2400.0,2397.9966471683656,34,74,202,34,2.003352831634629,3997.9966471683656,33.84907800615675,31.591700972443547,-1,0,0.0,0.0,210,352,7.643825714736421,38.6459206785928,11.226154679416537,310.5606648701571,0,18,0,18,16,310,0.0882649630127774,0.05148789509078682,198.0,228.00000000000023
F4_7.29,N17,N16,800.0,1,2400.0,2394.250637186389,44,57,181,44,5.749362813610901,3994.250637186389,33.37384904219344,31.11966898456481,-1,-1,22.0,22.0,239,385,9.513360756498798,60.87653540708902,11.949928557189613,227.27916745731937,0,4,5,19,5,282,0.0945696032279758,0.055554116900090975,148.0,183.00000000000023
F8_15.26,N17,N24,800.0,1,2400.0,2391.4043160626616,73,51,73,135,8.595683937338322,3991.4043160626616,33.93307070420846,33.84914147144673,1,-1,16.0,16.0,207,149,9.794803441498932,10.838672112295626,9.961733964746081,243.00795384338667,0,0,6,11,4,259,0.08196032279757902,0.07460490921318091,359.0,202.00000000000023
F8_2.21,N17,N16,800.0,1,2400.0,2385.164092881502,38,64,166,38,14.835907118498312,3985.164092881502,32.96194752601386,30.206141380979105,-1,1,39.0,39.0,248,381,8.997786166496908,32.82625259326437,9.0498033106031,325.30912068752644,0,7,2,7,4,268,0.07616209849503547,0.06304640215198386,140.0,155.00000000000023
F4_19.31,N17,N24,800.0,1,2400.0,2392.7988917980665,95,74,95,131,7.201108201933721,3992.7988917980665,32.97622555049915,33.20481694860521,1,1,35.0,35.0,248,247,9.638261048949552,14.928836118140453,12.909222158060512,237.89867223214185,0,4,18,13,13,300,0.05253866845998655,0.09879193369885991,171.0,211.00000000000023
F8_15.30,N17,N24,800.0,1,2400.0,2390.80461763362,67,57,67,139,9.195382366379704,3990.80461763362,33.81773341501459,33.709115930989,1,-1,36.0,36.0,214,160,3.879238375582476,13.313772291848636,11.365366924310928,313.2622593131164,0,14,0,30,25,263,0.09670939811701408,0.08196032279757902,363.0,256.0
F4_7.31,N17,N16,800.0,1,2400.0,2399.6404015343264,38,57,168,38,0.3595984656735709,3999.6404015343264,33.05485810129125,29.951073305499705,-1,-1,41.0,41.0,244,382,9.57940360165541,16.99451325591349,12.659377933006272,209.30292396195304,0,0,0,12,4,263,0.08196032279757902,0.06304640215198386,153.0,197.99999999999977
F4_16.30,N17,N24,800.0,1,2400.0,2398.4688075048916,86,84,86,128,1.5311924951084848,3998.4688075048916,32.86814654307124,33.081156786682065,-1,-1,18.0,18.0,260,246,7.085237416363195,234.2000248195875,12.264759830165506,239.21990897414818,0,9,15,13,8,298,0.08406186953597848,0.0914172831203766,139.0,205.99999999999977
F8_13.24,N17,N24,800.0,1,2400.0,2397.404485488498,62,62,62,135,2.5955145115023015,3997.404485488498,33.4477175419177,33.60074075441134,-1,1,9.0,9.0,213,184,7.0789626737705955,22.50070943957394,9.806344046263874,306.0854828558169,0,22,0,16,0,259,0.0945696032279758,0.08616341627437794,390.0,205.0
F4_17.28,N17,N24,800.0,1,2400.0,2399.944992725902,90,81,90,130,0.05500727409798856,3999.944992725902,32.73525712683464,33.04173043921863,-1,-1,4.0,4.0,257,253,6.5092564445347,44.151812636169325,12.742273510586626,262.1562443014598,0,16,27,18,13,301,0.09246805648957633,0.09562037659717552,181.0,226.0
F4_18.27,N17,N24,800.0,1,2400.0,2391.4117886063905,97,75,97,133,8.588211393609527,3991.4117886063905,32.97561449040177,33.18706172005284,1,1,33.0,33.0,250,248,10.128221124935028,17.503305413201815,13.854473595272673,230.6952507570624,0,2,18,13,13,305,0.05043712172158709,0.09984259632017548,171.0,300.0
F4_19.33,N17,N24,800.0,1,2400.0,2397.927097850041,92,82,92,124,2.0729021499593046,3997.927097850041,32.71965179573978,32.95128392948206,1,1,38.0,38.0,261,250,6.808146669851039,123.94384528029309,12.174710148227103,247.63559406858067,0,8,21,16,11,298,0.09830053981525508,0.09632060064613353,182.0,224.0
F8_15.33,N17,N24,800.0,1,2400.0,2392.0843980550294,77,61,77,140,7.915601944970717,3992.0843980550294,33.35230514247756,33.474763348069516,1,-1,21.0,21.0,240,180,3.249221579163437,12.595387636732312,10.200233809926912,313.94696070685603,0,17,5,34,31,278,0.10931867854741086,0.08301109616677875,441.0000000000002,236.0
F8_17.22,N17,N24,800.0,1,2400.0,2391.575762502019,78,62,78,141,8.424237497980926,3991.575762502019,33.307274530629144,33.480295508709695,1,-1,19.0,19.0,239,181,3.5050186968394716,13.044031024350943,10.623125953277784,309.2579272908613,0,17,6,35,32,281,0.10931867854741086,0.08301109616677875,447.0,260.0
F8_7.36,N17,N16,800.0,1,2400.0,2392.7199528576966,37,86,137,37,7.280047142303147,3992.7199528576966,32.46445155813499,27.575930153434797,-1,1,13.0,13.0,302,369,0.9365349271074873,73.64421265568353,10.742576104512526,403.0540917170032,0,34,0,66,0,260,0.19754539340954944,0.054640215198386015,220.0,222.0
F4_16.32,N17,N24,800.0,1,2400.0,2392.872401220831,121,75,121,124,7.127598779169034,3992.872401220831,32.235600698892014,32.30341175144303,-1,-1,6.0,6.0,325,284,5.410130085312386,53.77892510972447,9.728037394771354,262.2532973177622,0,13,28,16,12,320,0.09036650975117687,0.09982347007397445,211.0,215.0
F4_11.34,N17,N24,800.0,1,2400.0,2390.6144710496246,125,77,125,124,9.385528950375146,3990.6144710496246,32.230930190667266,32.27794527149667,1,1,34.0,34.0,334,304,6.684243236464189,29.721582021731138,11.831472846476279,255.51503348216832,0,4,23,20,13,326,0.1050773369199731,0.10089342811472118,193.0,245.0
F4_2.34,N17,N16,800.0,1,2400.0,2396.072851523118,39,107,114,39,3.927148476881939,3996.072851523118,32.00813667583915,26.43513043387766,-1,-1,24.0,24.0,333,334,6.847997323276924,12.038682323528974,9.90244581873656,249.58959147643967,0,15,10,21,4,260,0.11558507061197042,0.05674176193678547,213.0,209.0
F8_0.44,N17,N16,800.0,1,2400.0,2396.5314779156524,45,111,110,45,3.4685220843477964,3996.5314779156524,31.86002507581474,26.321111151298783,1,-1,1.0,1.0,348,337,10.560207433774277,27.12884025313042,10.724906920063878,395.9799148998901,0,49,13,10,9,266,0.1050773369199731,0.06724949562878278,188.0,216.0
F4_13.33,N17,N24,800.0,1,2400.0,2394.1918363798827,166,73,166,121,5.8081636201171705,3994.1918363798827,31.65336256987156,31.562586023325053,1,1,0.0,0.0,391,303,10.262173839343966,13.925272131481051,11.140503446793012,212.76456426694702,0,0,16,20,12,360,0.11556970792927077,0.09669029031701769,230.0,214.0
F7_18.29,N17,N24,800.0,1,2400.0,2393.8159127486256,176,70,176,124,6.184087251374422,3993.8159127486256,31.4833741776229,31.510654504267357,1,-1,8.0,8.0,398,301,10.204574260787481,12.377567617781324,9.928097681030975,584.8087171393347,0,89,33,17,4,370,0.10717888365837257,0.10087424344317418,173.0,247.0
F4_0.35,N17,N16,800.0,1,2400.0,2390.103441337771,47,128,110,47,9.896558662229154,3990.103441337771,31.632341496810962,25.933307839525586,-1,-1,34.0,34.0,396,334,8.162569051495279,13.001509859654561,10.597205139528393,232.4190456116768,0,6,7,26,8,285,0.12399125756556827,0.06094485541358441,209.0,238.0
F8_2.26,N17,N16,800.0,1,2400.0,2393.2073568353962,52,137,97,52,6.792643164603646,3993.2073568353962,31.220792796409988,25.408819338319237,1,-1,27.0,27.0,415,335,7.242653852900623,11.513761083635472,9.675634609164737,704.9088168741032,0,94,10,22,19,286,0.11228582942518099,0.07040181573638198,175.0,192.0
F10_0.37,N17,N16,800.0,1,2400.0,2393.383696418754,39,107,114,39,6.616303581245802,3993.383696418754,32.00813667583915,26.43513043387766,-1,-1,24.0,24.0,333,334,6.965620975182304,40.07465332482684,9.091589238884971,281.47359241095023,0,2,10,14,1,260,0.07355413584398117,0.05674176193678547,343.0,234.0
F8_9.30,N17,N24,800.0,1,2400.0,2399.7871314578556,77,72,77,137,0.2128685421444061,3999.7871314578556,33.29975714888772,33.36098808017087,-1,1,5.0,5.0,243,217,3.1374041376772492,98.6011454481552,11.6270735042138,347.43120936117117,0,32,4,41,40,286,0.12609280430396774,0.09086447208116372,850.0000000000002,301.0
F8_13.48,N17,N16,800.0,1,2400.0,2396.473170906972,80,202,92,80,3.5268290930282546,3996.473170906972,29.672402393468676,24.164342670556785,1,-1,27.0,27.0,447,353,7.13040837813813,12.387995360498053,10.90211098537144,849.2034658524333,0,145,5,31,29,374,0.14710827168796234,0.07880800268997983,193.0,224.0
F10_0.46,N17,N16,800.0,1,2400.0,2397.495202672056,75,206,92,75,2.50479732794372,3997.495202672056,29.83638860009873,24.240488729974953,0,0,2.0,2.0,440,361,8.0922706443872,62.22279181409431,9.280600581527331,316.24951078241907,0,15,3,21,0,373,0.11978816408876934,0.07145258910558171,447.0,253.0
F10_1.44,N17,N16,800.0,1,2400.0,2399.3472438680215,81,204,92,81,0.6527561319785491,3999.3472438680215,29.66998043641743,24.102920512512462,-1,-1,19.0,19.0,450,361,4.859403831252916,185.14212381104267,8.396030239180707,350.3037937960134,0,23,9,23,0,377,0.12609280430396774,0.08196032279757903,500.0,203.0
F10_1.46,N17,N16,800.0,1,2400.0,2394.2518542979456,96,204,87,96,5.748145702054558,3994.2518542979456,29.169654923825455,23.809763852580275,-1,-1,26.0,26.0,447,349,3.350329566984679,9.038524414177346,8.121327522058454,335.0700332384238,0,17,5,25,19,387,0.09036650975117687,0.07670645595158036,486.0,208.0
F10_2.36,N17,N16,800.0,1,2400.0,2396.7959929755884,99,206,86,99,3.2040070244116805,3996.7959929755884,29.13230736053103,23.714940361407624,-1,-1,20.0,20.0,458,351,3.6379871752606823,10.248383385548095,8.838614291892766,350.57645326206614,0,24,6,28,21,391,0.09246805648957633,0.07985877605917956,510.0,187.0
F8_1.62,N17,N16,800.0,1,2400.0,2262.9881350094197,135,189,52,135,137.0118649905802,3862.9881350094197,27.666832609161453,23.126331840177595,1,-1,19.0,19.0,468,389,3.6911912032571244,13.7967505849374,11.586854508986784,1257.8435158872746,0,135,5,41,35,376,0.1616292860767972,0.11978816408876933,264.0,226.0
F10_7.49,N17,N16,800.0,1,2400.0,2397.2323847748903,100,206,86,100,2.7676152251094663,3997.2323847748903,29.13230736053103,23.678301441736654,-1,-1,18.0,18.0,462,350,3.7909164410322944,10.657066975436237,9.508816779488711,346.9371620514835,0,26,6,29,22,392,0.0945696032279758,0.08090954942837929,588.0,199.0
F10_0.47,N17,N16,800.0,1,2400.0,2395.9176925691318,103,200,86,103,4.0823074308683545,3995.9176925691318,29.11012217751986,23.588922019721476,-1,-1,11.0,11.0,464,350,4.10332470866127,33.919445961969814,8.411016693922285,353.725948874778,0,27,9,32,24,389,0.10087424344317418,0.08406186953597848,600.0,189.0
F10_1.45,N17,N16,800.0,1,2400.0,2397.091957142343,102,205,86,102,2.9080428576569375,3997.091957142343,29.11849162437851,23.658221272284035,-1,-1,16.0,16.0,464,348,3.9749051526329984,10.704439039627687,8.576307957217846,348.5163007779859,0,27,6,30,23,393,0.09877269670477472,0.08196032279757902,596.0,200.0
F8_11.0,N17,N16,800.0,1,2400.0,1665.5530240014505,4,0,17,4,734.4469759985494,3265.5530240014505,0.0,43.63636363636364,1,1,17.0,17.0,13,8,12.01876859022416,29.587998874649656,12.01876859022416,192.7680272414088,0,0,0,1,1,21,0.019657660788258573,0.0,74.0,185.0
F4_15.0,N17,N16,800.0,-1,2400.0,1567.6741125712465,10,0,18,10,767.6340000916372,3167.6741125712465,0.0,41.018181818181816,-2,-1,35.0,35.0,23,7,11.807282696094232,200.0,11.807282696094232,199.35231634053923,0,0,0,0,0,28,0.0021015467383994624,0.004203093476798925,63.0,174.0
F8_7.1,N17,N16,800.0,1,2400.0,2390.371969914033,9,0,16,9,9.628030085967339,3990.371969914033,0.0,43.63636363636364,1,1,2.0,2.0,19,8,12.753534476403704,200.0,12.753534476403704,191.12444185373056,0,0,0,0,0,25,0.004203093476798925,0.0021015467383994624,122.0,134.0
F4_17.1,N17,N24,800.0,-1,2400.0,1012.071405135465,3,0,3,11,212.04545408110448,2612.0714051354653,40.213403209454434,38.53230714157867,-2,-1,5.0,5.0,23,11,10.758859397014746,200.0,10.758859397014746,223.6210085897539,0,0,0,0,0,14,0.0021015467383994624,0.0010507733691997312,20.0,170.0
F4_7.1,N17,N16,800.0,1,2400.0,1641.6856370908658,10,1,17,10,758.3143629091342,3241.685637090866,39.47377661258056,40.31842751842752,-1,1,13.0,13.0,23,10,3.27036270504969e-05,0.004122136241221597,0.0001308145082019876,294.23086949341706,0,9,0,4,4,28,0.05043712172158709,0.005253866845998655,92.0,161.0
F4_7.2,N17,N16,800.0,1,2400.0,1828.0383315390213,12,1,18,12,571.9616684609786,3428.0383315390213,39.724137931034484,40.31842751842752,-1,1,40.0,40.0,25,7,10.706001426962743,12.11607090899588,10.726897614814906,239.01456000459277,0,1,0,3,3,31,0.05043712172158709,0.004203093476798925,118.00000000000006,167.0
F4_15.1,N17,N16,800.0,1,2400.0,2398.019284243392,7,0,16,7,1.9807157566077649,3998.019284243392,0.0,43.63636363636364,-1,1,4.0,4.0,17,8,13.409167171280846,602.3099912968223,12.596815802058064,227.70255613282922,0,2,0,2,0,23,0.012609280430396773,0.0021015467383994624,170.00000000000006,169.0
F8_7.2,N17,N16,800.0,1,2400.0,1604.8914066390366,14,2,19,14,795.1085933609634,3204.8914066390366,40.859993653267225,38.355577589227394,1,1,37.0,37.0,29,14,7.84594300463601,11.307529040213591,10.384713673940858,2.016877482433154,0,0,0,0,0,35,0.24038461538461536,0.0,60.0,141.0
F4_7.0,N17,N16,800.0,1,2400.0,2394.6499565116255,5,0,15,5,5.350043488374467,3994.6499565116255,0.0,43.63636363636364,-1,1,13.0,13.0,14,8,9.369244137841319,60.43806773853521,11.613918055017946,223.56351766702272,0,2,0,8,2,20,0.046234028244788165,0.0010507733691997312,180.0,171.0
F4_16.0,N17,N24,800.0,1,2400.0,1774.1137232845185,3,0,3,10,625.8862767154815,3374.1137232845185,41.195402298850574,38.53230714157867,-1,-1,37.0,37.0,25,11,0.015751489431401453,147.6777359929447,0.028719745579345587,233.78303864058367,0,2,0,2,0,13,0.030579640462579105,0.0010507733691997312,126.99999999999994,185.0
F8_7.0,N17,N16,800.0,1,2400.0,1970.288109666566,11,1,16,11,429.71189033343387,3570.288109666566,39.367754625361115,40.31842751842752,1,1,20.0,20.0,25,9,12.656543621128424,219.58817324128563,12.656543621128424,194.41309005137282,0,0,0,1,1,28,0.02942165433759247,0.005253866845998655,148.0,207.0
F4_17.0,N17,N24,800.0,1,2400.0,2269.5304772052755,3,0,3,9,130.4695227947244,3869.5304772052755,39.724137931034484,38.53230714157867,1,1,17.0,17.0,24,11,11.2523942067242,131.5661705952457,10.64833451597818,218.87179561890892,0,0,0,6,1,12,0.046234028244788165,0.0,185.0,240.0
F8_7.3,N17,N16,800.0,1,2400.0,2396.4859828482254,23,1,13,23,3.514017151774624,3996.4859828482254,37.84661026846492,37.190690303944436,-1,-1,34.0,34.0,39,17,11.96262946756237,25.04533732364871,12.294208968378417,198.93631793788845,0,0,1,6,6,37,0.05043712172158709,0.01996469401479489,139.0,185.0
F6_9.1,N17,N16,800.0,1,2400.0,2394.6023980217437,16,2,13,16,5.397601978256375,3994.6023980217437,38.369994340610795,38.17027986699901,1,1,2.0,2.0,31,16,11.372205468375919,109.08117333465975,11.788194534444065,197.90145602084203,0,0,0,3,3,31,0.05043712172158709,0.019716736037777505,147.0,190.0
F4_9.2,N17,N16,800.0,1,2400.0,2390.413634904867,16,2,11,16,9.58636509513292,3990.413634904867,38.904578241411,38.17027986699901,-1,1,8.0,8.0,33,16,7.920594560607529,14.265318528461876,10.804704253478274,223.5447279617969,0,2,0,7,1,29,0.04203093476798924,0.018913920645595158,169.0,185.0
F4_15.4,N17,N16,800.0,1,2400.0,2391.5600918628793,24,1,13,24,8.43990813712071,3991.5600918628793,37.84661026846492,37.190690303944436,1,-1,33.0,33.0,40,17,10.664890079250528,12.64369095498364,10.186405257793536,218.67556471988075,0,0,1,8,5,38,0.06304640215198387,0.01996469401479489,168.0,165.0
F4_15.2,N17,N16,800.0,1,2400.0,2390.7904686639495,17,2,13,17,9.209531336050645,3990.7904686639495,38.369994340610795,38.17027986699901,-1,1,1.0,1.0,32,16,11.817996446353657,75.70332317496491,11.606136207952892,227.29057401239447,0,3,0,5,3,32,0.05674176193678548,0.01996469401479489,175.0,173.0
F4_7.4,N17,N16,800.0,1,2400.0,2390.477364423715,22,2,13,22,9.522635576285438,3990.477364423715,37.84661026846492,37.190690303944436,1,-1,36.0,36.0,36,17,8.138925979224592,181.18701648895444,11.375468419798278,222.41549011538598,0,0,0,8,2,37,0.037827841291190316,0.01996469401479489,170.0,169.0
F6_9.4,N17,N16,800.0,1,2400.0,2392.251845447188,33,1,12,33,7.748154552812025,3992.251845447188,38.84195762705037,37.190690303944436,1,1,31.0,31.0,51,28,12.596460573404189,204.06238721533305,13.497298990093356,197.91545323504823,0,0,0,4,4,46,0.023117014122394083,0.019964694014794893,152.0,147.0
F5_9.0,N17,N16,800.0,1,2400.0,2392.706448690849,29,1,13,29,7.293551309150985,3992.706448690849,38.44650507357033,37.190690303944436,-1,-1,2.0,2.0,45,19,10.810924400823746,49.92277964231516,12.706431426449493,203.71516619505397,0,1,4,11,10,43,0.05674176193678548,0.021015467383994624,165.0,153.0
F8_1.0,N17,N16,800.0,1,2400.0,2396.6706499962456,27,1,16,27,3.3293500037541435,3996.6706499962456,38.75666776780547,37.190690303944436,-1,-1,14.0,14.0,44,18,13.157015370955412,137.91252931596227,11.357549991116674,196.3832221014857,0,0,4,2,2,44,0.0168123739071957,0.021015467383994624,179.0,148.0
F4_15.3,N17,N16,800.0,1,2400.0,2392.1374864650666,27,1,16,27,7.862513534933441,3992.1374864650666,38.35081783602381,37.190690303944436,1,-1,16.0,16.0,44,18,9.959799129786331,71.39005297761582,8.564337918584563,214.2262237245897,0,0,4,10,6,44,0.06514794889038333,0.021015467383994624,167.0,170.0
F4_16.2,N17,N24,800.0,1,2400.0,2391.024620574907,2,4,2,15,8.97537942509291,3991.024620574907,37.84661026846492,36.891813751684474,1,1,35.0,35.0,37,12,10.9829367290541,23.51627806109741,9.235187416753137,220.96442749226478,0,0,0,7,0,21,0.0609448554135844,0.003152320107599193,193.0,186.9999999999999
F4_15.6,N17,N16,800.0,1,2400.0,2395.7456470918282,40,1,11,40,4.254352908171654,3995.7456470918282,39.01129594649071,36.493407421119194,-1,1,8.0,8.0,57,33,6.831142250437569,223.05425803818548,10.891901709551632,264.6053385623653,0,8,0,6,0,52,0.027320107599193007,0.024167787491593814,169.0,176.0000000000001
F4_9.3,N17,N16,800.0,1,2400.0,2393.5290863818254,39,1,12,39,6.470913618174791,3993.5290863818254,38.89114113146865,37.190690303944436,-1,1,17.0,17.0,57,34,6.75324361206036,139.5099219397473,10.857493520534433,251.95944188551866,0,6,0,15,14,52,0.07355413584398117,0.02206624075319435,182.0,178.0000000000001
F8_11.4,N17,N16,800.0,1,2400.0,2336.012240531253,39,3,12,39,63.98775946874707,3936.012240531253,38.66844061352565,35.01607288828125,1,1,4.0,4.0,66,36,11.790724114818472,229.96049650314671,12.954823758257739,199.67936428994187,0,0,0,7,7,54,0.05884330867518494,0.0441324815063887,128.0,135.0
F4_17.4,N17,N24,800.0,1,2400.0,2392.638209492437,8,22,8,12,7.361790507563001,3992.638209492437,39.183655639706686,36.629946605095206,-1,-1,33.0,33.0,69,26,8.45728438362055,16.79961290687129,12.135082737770453,233.75869717146026,0,1,0,12,3,42,0.0609448554135844,0.004203093476798925,135.0,173.0000000000001
F8_15.1,N17,N16,800.0,1,2400.0,2392.325558777255,46,1,15,46,7.6744412227449175,3992.325558777255,38.3936751296681,34.95462260916528,-1,-1,23.0,23.0,60,39,9.093486860029213,149.78580190914818,11.710874869124963,234.45037956366122,0,6,1,12,10,62,0.0636328916912878,0.03467552118359112,190.0,155.0000000000001
F8_11.5,N17,N16,800.0,1,2400.0,2363.9762921944316,39,5,12,39,36.02370780556828,3963.9762921944316,38.211708707391736,34.23113031709613,-1,-1,20.0,20.0,62,39,7.933916869921075,63.015431618558296,11.018655138998454,213.24210986303717,0,3,2,6,6,56,0.04203093476798924,0.049386348352387366,125.0,178.0
F8_9.2,N17,N16,800.0,1,2400.0,2398.6082493410618,38,5,12,38,1.3917506589383493,3998.6082493410618,38.321802774785155,34.18382941572258,-1,-1,24.0,24.0,62,40,10.438023240044345,52.646326351785774,11.129234861595974,214.23575122947037,0,2,1,10,9,55,0.06304640215198387,0.049386348352387366,132.0,175.9999999999999
F4_13.3,N17,N16,800.0,1,2400.0,2392.226403613529,42,2,12,42,7.773596386471127,3992.226403613529,39.24148054003297,35.01607288828125,-1,1,18.0,18.0,70,35,9.82699969210227,181.1496297616991,12.365074972094378,244.66006824929696,0,5,0,8,0,56,0.035726294552790853,0.04413248150638871,182.0,172.9999999999999
F8_2.5,N17,N16,800.0,1,2400.0,1850.307704871343,34,5,10,34,549.6922951286568,3450.307704871343,38.00096904336885,35.72133661005593,1,1,28.0,28.0,59,39,12.248833634190449,200.0,12.248833634190449,200.09719752546746,0,0,0,0,0,49,0.035726294552790853,0.05569098856758574,87.0,185.0
F4_15.7,N17,N16,800.0,1,2400.0,2395.9799678758563,42,2,11,42,4.020032124143427,3995.9799678758563,39.01287397357793,35.01607288828125,-1,1,13.0,13.0,69,36,7.498568324080802,57.84580725610567,10.226262940018259,243.6941729443452,0,5,0,13,4,55,0.0609448554135844,0.04308170813718897,181.0,173.0
F8_9.1,N17,N16,800.0,1,2400.0,2390.037438842561,35,5,14,35,9.9625611574387,3990.037438842561,37.965295456101764,34.316664516909654,-1,-1,12.0,12.0,59,38,7.069849750782995,118.96629485015524,12.643700981271826,230.15643900626418,0,5,2,7,7,54,0.03992938802958978,0.05043712172158709,178.0,149.0
F4_11.3,N17,N16,800.0,1,2400.0,2359.267161422252,41,7,7,41,40.732838577748,3959.267161422252,37.74835299083374,34.84410268978861,-1,1,36.0,36.0,69,56,10.201514036270057,52.91145716570122,9.9004884925863,222.62484570751616,0,0,5,10,4,55,0.054640215198386015,0.05865177233854324,130.0,159.0
F4_11.2,N17,N16,800.0,1,2400.0,2394.837990236121,37,7,6,37,5.162009763879041,3994.837990236121,37.959132519306465,35.12871962114801,-1,1,26.0,26.0,65,56,9.582805481031983,148.179311719412,12.293949380084412,229.80762623360772,0,2,0,11,5,50,0.05384448048827488,0.058786504355907904,139.0000000000001,149.0
F8_11.6,N17,N16,800.0,1,2400.0,2399.1848820679634,40,6,10,40,0.8151179320365145,3999.1848820679634,37.74814899978578,34.81784915043735,-1,-1,9.0,9.0,67,51,7.355251035414207,83.49313183625691,10.51288324261885,238.73822358420523,0,9,11,16,15,56,0.08196032279757902,0.060944855413584395,177.0,154.0
F8_11.7,N17,N16,800.0,1,2400.0,1604.8035432989882,56,6,10,56,795.196456701012,3204.803543298988,37.50586292791773,35.313710048006435,1,1,9.0,9.0,88,51,11.395114112223427,15.402012152953304,12.52742414233336,1.720777813369915,0,0,0,0,0,72,0.24038461538461536,0.0,66.0,196.0
F8_0.7,N17,N16,800.0,1,2400.0,1962.8053612094163,46,5,9,46,437.1946387905838,3562.8053612094163,37.62673286876124,34.86244883033303,1,1,36.0,36.0,79,64,4.988684481989354,17.764219842475768,13.1364490171785,235.15001448398104,0,2,0,7,7,60,0.04833557498318763,0.05358944182918629,96.0,197.0
F8_13.5,N17,N16,800.0,1,2400.0,1954.3154928622848,46,5,9,46,445.6845071377152,3554.315492862285,37.596880452016094,34.942780843619644,1,1,39.0,39.0,80,66,0.7499301854823526,289.06714288764033,1.5275934009517405,253.21472501928574,0,6,4,6,6,60,0.05043712172158709,0.05358944182918629,93.99999999999989,203.0
F4_7.7,N17,N16,800.0,1,2400.0,2390.1749919221434,46,5,9,46,9.82500807785675,3990.1749919221434,37.596880452016094,34.942780843619644,-1,1,39.0,39.0,80,66,10.919314134849527,604.0116676558539,11.16493606551291,242.47270177102774,0,1,4,5,0,60,0.025218560860793545,0.05358944182918629,132.0,179.0
F4_13.5,N17,N16,800.0,1,2400.0,2276.7340143562806,43,5,9,43,123.2659856437192,3876.7340143562806,37.69175250721092,35.187755308882615,1,-1,38.0,38.0,74,57,4.99089995816447,113.3880140186061,10.568432821951086,307.87441163647793,0,8,1,17,0,57,0.046234028244788165,0.04938634835238736,157.0,200.0
F4_9.7,N17,N16,800.0,1,2400.0,2392.1339931648795,48,5,9,48,7.866006835120402,3992.1339931648795,37.72678711396765,35.252560774913356,1,-1,32.0,32.0,78,61,10.486594488014894,167.76604079464983,12.10239411632271,268.0217822989553,0,2,3,9,4,62,0.04833557498318763,0.05148789509078682,168.0000000000001,191.0
F8_0.8,N17,N16,800.0,1,2400.0,2246.895986906374,69,6,11,69,153.10401309362567,3846.895986906374,37.21289647654154,35.11135772754596,-1,-1,25.0,25.0,98,57,7.755427709613329,44.53239304558292,10.932876499979608,228.68736539409883,0,5,3,10,10,86,0.035726294552790853,0.06514794889038332,125.0,197.0
F8_1.1,N17,N16,800.0,1,2400.0,2086.179516544227,65,8,12,65,313.82048345577255,3686.179516544227,37.02868950319321,35.11135772754596,-1,-1,12.0,12.0,97,62,6.948442629650069,10.887925623614592,9.855474291326443,238.82643201882908,0,8,7,13,13,85,0.07565568258238063,0.06830026899798251,114.0,197.0
F8_15.3,N17,N16,800.0,1,2400.0,1865.5477459351346,58,7,15,58,534.4522540648654,3465.5477459351346,37.02580467117508,35.17376536920021,1,1,20.0,20.0,90,53,11.087706597570035,97.35475845709016,11.24471075179279,201.48802328812857,0,0,0,5,5,80,0.05253866845998655,0.07880800268997984,87.0,195.0
F8_14.4,N17,N16,800.0,1,2400.0,2390.5048435431722,69,5,11,69,9.495156456827885,3990.5048435431722,37.24201880322613,35.09676013160498,-1,-1,31.0,31.0,97,51,10.050451224290025,24.269918007050364,11.330183699615299,209.70747375507815,0,3,0,14,14,85,0.0672494956287828,0.060944855413584395,142.0,196.0
F10_2.6,N17,N16,800.0,1,2400.0,2389.3328184578872,68,5,11,68,10.667181542112871,3989.3328184578872,37.24201880322613,35.09676013160498,1,-1,32.0,32.0,95,49,10.046937589435943,17.827115045259006,12.12773820876132,223.8371250387162,0,0,0,8,8,84,0.031523201075991936,0.060944855413584395,165.0,184.0
F8_0.9,N17,N16,800.0,1,2400.0,2261.1476206762563,59,8,19,59,138.85237932374378,3861.1476206762563,36.8521871275183,35.17379193935995,-1,-1,40.0,40.0,89,53,12.814476936624478,12.783276963760272,11.486464517940208,202.70446145203437,0,0,1,2,2,86,0.025218560860793545,0.0746049092131809,117.0,154.0
F8_16.9,N17,N16,800.0,1,2400.0,2394.441517547891,60,8,17,60,5.558482452108819,3994.441517547891,36.96739090480418,35.236767959521444,1,1,4.0,4.0,93,54,11.115970411960916,18.492825515776985,10.953759308493222,196.5244168573171,0,0,0,2,2,85,0.02101546738399462,0.07880800268997984,127.0,163.0
F3_17.6,N17,N24,800.0,1,2400.0,2392.5371093513304,10,64,10,24,7.462890648669827,3992.5371093513304,36.9840977552663,38.02665991691578,1,-1,8.0,8.0,93,100,11.837876777674332,200.0,11.837876777674332,197.570552128806,0,0,0,0,0,98,0.012609280430396773,0.012609280430396773,152.0,164.0
F10_1.5,N17,N16,800.0,1,2400.0,2399.786879902849,57,7,14,57,0.2131200971510907,3999.786879902849,36.966237693102386,35.07208463139037,-1,1,34.0,34.0,89,54,11.361394635909878,130.42098988815656,12.717122834312722,223.37082897519687,0,2,0,9,0,78,0.05884330867518494,0.06797324099116042,143.0,221.0
F4_9.9,N17,N16,800.0,1,2400.0,2392.923320341215,61,8,17,61,7.07667965878511,3992.923320341215,36.942082236284655,35.236767959521444,-1,1,3.0,3.0,94,54,7.993681981531888,13.122769346807445,10.407223149695382,236.95840142611362,0,1,0,4,2,86,0.0441324815063887,0.07775722932078011,169.0,187.0
F4_9.8,N17,N16,800.0,1,2400.0,2361.282711607672,60,7,18,60,38.7172883923281,3961.282711607672,36.82336532595948,35.155195947749654,-1,0,0.0,0.0,90,54,8.364364883638872,9.706975520071182,8.460508361075322,249.11375361979748,0,1,0,6,5,85,0.0441324815063887,0.0746049092131809,167.0,180.0
F4_16.7,N17,N16,800.0,1,2400.0,2396.333075168261,51,9,20,51,3.666924831738811,3996.333075168261,36.76230565080174,35.077455734207625,-1,1,41.0,41.0,93,65,9.846123537370477,58.650461707239174,8.656790349861533,222.19800866015714,0,0,4,11,5,80,0.054640215198386015,0.08672849425838011,149.0,172.0
F8_7.7,N17,N16,800.0,1,2400.0,2394.656686763014,41,9,23,41,5.343313236985864,3994.656686763014,36.83906594267217,35.350345821854525,1,1,2.0,2.0,90,64,11.193089504817282,192.54432392167632,11.035983418064006,202.98031342114615,0,0,0,6,6,73,0.0336247478143914,0.08196032279757902,132.0,149.0
F8_7.6,N17,N16,800.0,1,2400.0,2397.505958265583,56,9,19,56,2.494041734416669,3997.505958265583,36.77153204661186,35.20131625895629,-1,-1,4.0,4.0,95,68,8.098270561591391,140.08604128683714,11.145788738018087,242.75385429660372,0,6,5,10,7,84,0.0441324815063887,0.08511264290517821,178.0,207.0
F8_16.12,N17,N16,800.0,1,2400.0,2013.8597273175283,35,11,26,35,386.14027268247156,3613.8597273175283,36.84017388606486,35.26885509792825,-1,-1,1.0,1.0,81,85,3.2649610169841874,203.47290029984538,12.940931282959134,288.8216715583088,0,5,19,4,4,72,0.0168123739071957,0.0914172831203766,104.0,207.0
F8_9.7,N17,N24,800.0,1,2400.0,2399.4052310657385,10,74,10,23,0.5947689342616513,3999.4052310657385,36.79086553187973,36.88597301915864,-1,1,23.0,23.0,86,116,10.034273579340365,98.3096509682075,12.138143939965648,225.69743686842472,0,2,1,5,0,107,0.0168123739071957,0.014537145342630432,145.0,190.0
F8_14.6,N17,N16,800.0,1,2400.0,2398.0440864069137,42,11,26,42,1.9559135930863931,3998.0440864069137,36.79086553187973,35.350345821854525,-1,-1,22.0,22.0,89,75,10.472021472116621,81.1659243695558,11.721718376686797,223.88857359009145,0,2,13,9,8,79,0.0336247478143914,0.08931573638197714,192.0,158.0
F17_7.5,N17,N16,800.0,1,2400.0,2397.3862761417718,32,8,20,32,2.6137238582282407,3997.3862761417718,36.894179714251074,35.35178039729926,1,-1,34.0,34.0,92,96,8.260466684060503,65.82483034189295,11.137476031079993,239.85370770659347,0,0,7,8,2,60,0.05884330867518494,0.07764253344134023,176.0,160.0
F12_1.7,N17,N16,800.0,1,2400.0,2394.781768026223,32,10,19,32,5.218231973777165,3994.781768026223,36.93115014562897,35.31740565338241,-1,1,4.0,4.0,88,89,7.0225465549751656,162.25553818537242,9.340359170005874,247.75788262473222,0,5,0,7,3,61,0.05674176193678548,0.07775722932078011,183.0,165.0
F4_19.5,N17,N24,800.0,1,2400.0,2391.6294051556897,13,75,13,21,8.37059484431029,3991.6294051556897,36.95768723710512,36.416453731264696,1,1,39.0,39.0,92,123,8.192154540785307,119.91752704855321,12.707543320166938,243.47637877042385,0,1,1,10,4,109,0.07985877605917956,0.01685634157709863,182.0,178.0
F4_17.10,N17,N24,800.0,1,2400.0,2397.127074583008,11,78,11,21,2.8729254169919614,3997.127074583008,36.870355827405234,36.38437345393459,1,1,28.0,28.0,94,124,10.629339753017335,112.91855167551421,11.069465762951022,236.67678183580762,0,4,1,7,5,110,0.08196032279757902,0.012628414134997264,173.0,180.0
F4_7.8,N17,N16,800.0,1,2400.0,2390.634036593162,40,5,15,40,9.365963406837977,3990.634036593162,36.86903237510081,34.96034403954659,1,-1,41.0,41.0,110,91,9.166132022984735,64.98073372508361,11.998625852884635,241.2918623070783,0,4,1,18,13,60,0.08761037509465443,0.047284801613987903,174.0,163.0
F8_13.8,N17,N16,800.0,1,2400.0,2389.8391297307394,40,4,17,40,10.160870269260613,3989.8391297307394,36.830123084864475,34.96034403954659,-1,-1,32.0,32.0,111,92,11.386023998649817,179.46439778067634,10.186030739100836,208.0639007481774,0,0,10,4,4,61,0.0336247478143914,0.04938634835238736,135.0,206.0
F4_14.6,N17,N16,800.0,1,2400.0,2392.649760140195,32,7,14,32,7.350239859804674,3992.649760140195,36.91010920636041,35.106612488959044,-1,1,24.0,24.0,102,96,8.833093289254984,16.283021668812125,11.418553044967487,232.64097525202885,0,3,8,15,8,53,0.07985877605917956,0.07040181573638199,191.0,193.0
F8_0.11,N17,N16,800.0,1,2400.0,2009.4490905208395,59,5,15,59,390.5509094791604,3609.4490905208395,36.658107785981954,34.584177501328654,1,1,19.0,19.0,135,88,11.195878462386503,16.87211672898661,12.296181854319759,199.60094753040084,0,0,0,3,3,79,0.04833557498318763,0.047284801613987903,142.0,150.0
F4_11.7,N17,N16,800.0,1,2400.0,2390.2584448526177,34,7,13,34,9.741555147382087,3990.2584448526177,36.91010920636041,35.106612488959044,-1,1,20.0,20.0,105,97,9.358928959749138,35.715382662454886,11.395768217805571,230.76823409027327,0,3,3,17,10,54,0.08406186953597848,0.06619872225958305,191.0,191.0
F4_18.8,N17,N24,800.0,1,2400.0,2394.981908840831,13,71,13,26,5.01809115916933,3994.981908840831,36.91745604450657,36.12368308814784,-1,-1,8.0,8.0,107,139,9.652863991689928,23.234136288290983,9.56725744490316,231.87728328824625,0,3,0,17,3,110,0.0882649630127774,0.013660053799596504,224.0,162.0
F8_11.13,N17,N16,800.0,-1,2400.0,1566.774453545278,71,5,12,71,766.73541108595,3166.774453545278,36.25021300452022,34.32932098473646,-2,1,22.0,22.0,143,69,12.154073042888257,78.69540795369812,11.981041994846887,199.73000924470884,0,0,0,21,18,88,0.048235943196999205,0.06404735962808938,59.0,217.0
F4_18.11,N17,N24,800.0,1,2400.0,2394.160168157066,17,75,17,33,5.839831842934018,3994.160168157066,36.567641379619026,35.41664958137003,-1,-1,2.0,2.0,142,141,3.919378042320645,14.815033877879387,11.260232468228116,319.1655482362876,0,22,4,17,5,125,0.05253866845998655,0.018913920645595158,193.0,175.0
F4_18.10,N17,N24,800.0,1,2400.0,2219.3212985306573,14,81,14,29,180.6787014693425,3819.3212985306573,36.427274274183446,35.47322942970687,1,1,30.0,30.0,138,146,3.441032442598973,11.415303664570956,9.840067893353693,293.8677257491934,0,8,0,15,4,124,0.05467849834134457,0.015780772750322216,174.0,187.0
F4_17.12,N17,N24,800.0,1,2400.0,2392.7526207994683,15,72,15,31,7.247379200531668,3992.7526207994683,36.66725570202503,35.41047052972372,-1,-1,6.0,6.0,140,142,6.06888842960793,12.702303200455844,10.613555786920168,313.31834927814634,0,21,3,26,4,118,0.0882649630127774,0.018913920645595158,201.0,175.0
F3_18.8,N17,N24,800.0,1,2400.0,2399.304520422783,14,85,14,28,0.6954795772172702,3999.304520422783,36.26528909928907,35.37550529285091,-1,1,7.0,7.0,131,161,8.74305856863794,573.7712676323254,12.336076497077165,205.76256146821936,0,1,0,3,0,127,0.031523201075991936,0.01786314727639543,172.0,179.0
F8_14.9,N17,N16,800.0,1,2400.0,2391.729965911039,66,7,9,66,8.270034088960983,3991.729965911039,36.10764154297583,34.41367367547924,0,0,2.0,2.0,140,62,12.14304962043602,47.104136869857484,9.794740732668899,199.70138711949662,0,0,0,5,5,82,0.05884330867518494,0.06619872225958305,129.0,227.0
F4_9.13,N17,N24,800.0,1,2400.0,2389.108088147147,29,89,29,33,10.891911852852786,3989.108088147147,35.86752760462952,34.72219394303356,-1,-1,25.0,25.0,146,160,7.3182169638340335,23.16696415999104,10.991520068952761,317.45615113375953,0,13,1,14,6,151,0.054640215198386015,0.02837088096839274,141.0,159.0
F8_13.10,N17,N16,800.0,1,2400.0,2397.984232659444,68,6,9,68,2.0157673405559535,3997.984232659444,36.10165676881601,34.38008072267472,-1,-1,41.0,41.0,141,62,9.61288155407226,770.7010849750136,9.61288155407226,201.7263521408023,0,0,0,1,0,83,0.018913920645595158,0.06619872225958305,132.0,235.0
F4_15.11,N17,N24,800.0,1,2400.0,2396.0883117337585,20,78,20,28,3.9116882662415264,3996.0883117337585,36.19927595161097,34.89479495248396,-1,-1,10.0,10.0,144,153,5.959223964132085,42.01294161243891,9.760272120648741,330.2896854623488,0,19,1,22,7,126,0.07565568258238063,0.01996469401479489,206.0,169.0
F4_9.11,N17,N24,800.0,1,2400.0,2397.5544177967777,20,85,20,31,2.4455822032223296,3997.5544177967777,35.871404766114715,34.92320371702253,1,1,20.0,20.0,128,153,10.111568068385603,353.2698607953814,10.718275039376318,260.92847211444297,0,8,0,13,2,136,0.06304640215198387,0.021034598123505818,178.0,177.0
F4_16.9,N17,N16,800.0,1,2400.0,2393.7205339492966,68,14,9,68,6.2794660507034905,3993.7205339492966,35.8519643319757,34.3271010422912,-1,1,39.0,39.0,135,58,9.492806026395845,30.13090710496067,11.123624184867927,282.9591440571996,0,7,7,10,6,91,0.05253866845998655,0.08503744498723416,134.0,248.99999999999977
F8_14.12,N17,N16,800.0,1,2400.0,2396.5961072853265,63,9,11,63,3.4038927146735887,3996.5961072853265,35.8134687990936,34.396368294934305,-1,-1,16.0,16.0,127,63,8.732710791582694,13.991512577323874,12.316956118846685,220.47500259350284,0,4,7,7,6,83,0.02942165433759247,0.07355413584398117,186.0,239.99999999999977
F4_11.10,N17,N24,800.0,1,2400.0,2398.0341199495847,30,94,30,39,1.9658800504153078,3998.0341199495847,35.50912421092738,34.625369100448694,1,1,1.0,1.0,134,172,10.084355182160035,205.65735206452882,9.356272264847389,221.05150111357398,0,0,0,5,3,163,0.0336247478143914,0.03257397444519167,149.0,155.0
F4_17.13,N17,N24,800.0,1,2400.0,2398.4066248955114,31,85,31,35,1.593375104488814,3998.4066248955114,35.865524614582505,34.71594205470326,-1,-1,19.0,19.0,151,161,2.9673061798584914,255.35956421939272,11.293499391261768,330.24187229508254,0,14,2,12,3,151,0.027320107599193007,0.02837088096839274,195.0,189.00000000000023
F4_13.7,N17,N24,800.0,1,2400.0,2395.9735021467795,29,92,29,39,4.026497853220235,3995.9735021467795,35.5384046743431,34.3545098269296,-1,-1,35.0,35.0,134,166,8.507956505426813,128.16282667478413,12.31745790053939,251.86012505213742,0,2,0,6,4,160,0.02942165433759247,0.03152320107599193,148.0,163.0
F8_16.15,N17,N24,800.0,1,2400.0,2391.9720668272735,20,85,20,30,8.02793317272642,3991.9720668272735,35.82980975372161,34.92320371702253,-1,1,15.0,15.0,126,159,8.943618077988043,28.98966929116682,11.359687560471892,223.3834888939517,0,4,0,10,0,135,0.0672494956287828,0.02101546738399462,212.0,203.99999999999977
F3_17.12,N17,N24,800.0,1,2400.0,2399.3311898968705,30,86,30,33,0.6688101031294309,3999.3311898968705,35.867353359717285,34.72045153431601,1,-1,23.0,23.0,148,160,12.170061089480877,62.43040770908692,12.313760680905542,198.6769680963279,0,0,1,8,4,149,0.035726294552790853,0.02837088096839274,171.0,215.0
F4_16.10,N17,N24,800.0,1,2400.0,2395.709712250825,32,84,32,34,4.29028774917515,3995.709712250825,35.835991173398135,34.7269404938832,-1,-1,8.0,8.0,159,163,7.775288597529374,56.444017891577005,9.84874690837524,317.92445973459616,0,14,3,18,6,150,0.05884330867518494,0.02837088096839274,199.0,172.99999999999977
F8_11.16,N17,N24,800.0,1,2400.0,2064.594303579124,34,91,34,39,335.4056964208762,3664.594303579124,35.450878881083405,34.277166258933754,-1,1,34.0,34.0,134,161,6.857967946335214,155.87366742557242,11.214301917773673,217.14091308536632,0,3,0,6,5,164,0.035726294552790853,0.03889816548094002,152.0,135.00000000000023
F8_13.11,N17,N24,800.0,1,2400.0,1618.9697604455027,32,92,32,39,781.0302395544974,3218.9697604455027,35.42176243730552,34.277166258933754,-1,1,29.0,29.0,134,165,0.0,0.0010970352818731044,0.0,215.86936953605368,0,4,0,1,1,163,0.035726294552790853,0.03999234458732687,126.0,153.99999999999977
F4_18.14,N17,N24,800.0,1,2400.0,2398.3805624053766,30,91,30,34,1.619437594623264,3998.3805624053766,35.5049740601437,34.690047851472656,1,1,23.0,23.0,142,169,10.17164706013694,250.71331937015952,10.706219872729466,284.21774985967073,0,2,0,11,4,155,0.046234028244788165,0.026269334229993276,179.0,189.0
F8_7.11,N17,N16,800.0,1,2400.0,2077.7987948407517,50,37,16,50,322.20120515924845,3677.7987948407517,35.16791073074443,34.37414658934128,1,1,37.0,37.0,116,97,6.826885923615711,71.8421752849872,12.189609858188218,244.5437599269182,0,4,7,11,9,103,0.08130447953700413,0.08552961150925194,103.0,185.99999999999977
F8_16.14,N17,N16,800.0,1,2400.0,2396.5935165032865,62,9,11,62,3.4064834967135766,3996.5935165032865,35.872483516525286,34.396368294934305,-1,-1,21.0,21.0,128,61,7.356571931609548,216.46212645296123,13.151135687560583,220.70784229056005,0,4,7,5,4,82,0.031523201075991936,0.07145258910558171,187.0,324.0
F8_16.17,N17,N24,800.0,1,2400.0,2393.6559244291643,33,89,33,40,6.344075570835685,3993.6559244291643,35.46996387285316,34.29876372872047,-1,1,37.0,37.0,134,162,11.236150898840814,97.87818683711748,10.212956499518082,212.07880737463677,0,2,0,9,0,162,0.06726980300965524,0.03811730770314149,158.0,193.0
F3_19.4,N17,N24,800.0,1,2400.0,2388.9971137316757,34,90,34,40,11.00288626832446,3988.9971137316757,35.46996387285316,34.287444819415356,-1,1,36.0,36.0,135,161,9.349659876165322,14.22266004428593,11.61145558370453,219.27257012090433,0,0,0,5,1,164,0.023117014122394083,0.037863258304983285,154.0,202.0
F8_11.14,N17,N24,800.0,1,2400.0,2207.406830251283,32,93,32,38,192.59316974871706,3807.406830251283,35.54987782081802,34.298431543894424,1,-1,22.0,22.0,134,164,11.246317395716392,17.286918602753303,10.908967123668827,198.67658916946664,0,0,1,4,0,163,0.06304640215198387,0.036777067921990585,179.0,204.99999999999977
F8_7.12,N17,N16,800.0,1,2400.0,2393.812930910883,49,34,13,49,6.18706908911679,3993.812930910883,34.8151310160253,34.13078944353759,0,0,1.0,1.0,111,95,11.671849410320167,79.58583007419588,14.109003492503428,197.79099557515994,0,0,0,8,7,96,0.05253866845998655,0.061995628782784126,129.99999999999977,141.0
F4_16.11,N17,N16,800.0,1,2400.0,2398.753440240337,72,15,13,72,1.2465597596631142,3998.753440240337,35.865524614582505,34.2606460472661,-1,1,21.0,21.0,149,65,7.015258270314478,51.967647842654515,13.079380902136794,322.70595383595673,0,14,0,15,8,100,0.05674176193678548,0.07544951103969451,183.0,390.0
F8_9.14,N17,N24,800.0,1,2400.0,2390.0517981190696,28,93,28,38,9.948201880930469,3990.0517981190696,35.185788940673724,34.277326178471974,-1,1,7.0,7.0,120,176,7.178992102008407,82.5420010232749,10.120497672285698,249.45451246260149,0,10,0,15,2,159,0.08406186953597848,0.04203093476798925,201.0,208.0
F8_16.18,N17,N24,800.0,1,2400.0,2216.341132116616,31,100,31,40,183.6588678833839,3816.341132116616,35.15726561859762,34.06908712449735,1,-1,13.0,13.0,125,177,12.002465825106075,9.384692126873688,11.939315680209548,208.96778758881942,0,1,3,7,0,171,0.0672494956287828,0.047284801613987903,173.0,202.0
F8_13.14,N17,N16,800.0,1,2400.0,2395.8107558537763,57,34,16,57,4.1892441462235865,3995.8107558537763,34.97888424120774,34.27555169489322,-1,-1,28.0,28.0,123,98,11.72986571518962,88.32768282792176,11.086447227556445,205.9260643282283,0,0,14,10,7,107,0.0672494956287828,0.0746049092131809,143.0,311.0
F8_9.16,N17,N16,800.0,1,2400.0,2388.290871204974,49,33,13,49,11.709128795026004,3988.290871204974,34.86326974291999,34.143655135861955,1,1,4.0,4.0,112,95,11.499669967457155,56.523666199583886,11.347023982480168,198.4411501369793,0,0,0,9,7,95,0.05674176193678548,0.06618673121724908,130.99999999999977,316.0
F8_15.10,N17,N16,800.0,1,2400.0,2397.2082591599606,54,33,17,54,2.7917408400395516,3997.2082591599606,34.94475334838534,34.23270596911697,-1,-1,13.0,13.0,117,99,9.019575457934932,66.49703687017131,11.229425455257855,226.26756480635206,0,7,19,13,11,104,0.07355413584398117,0.08090954942837929,181.99999999999977,324.0
F8_15.9,N17,N16,800.0,1,2400.0,2396.1626464016613,49,35,15,49,3.837353598338609,3996.1626464016613,34.917955115416255,34.14070297839633,1,1,31.0,31.0,112,97,10.21678301571734,65.92099611437948,13.084147515937872,226.72668247782212,0,0,11,11,8,99,0.06758022218295104,0.07882716783110529,169.00000000000023,328.0
F4_16.15,N17,N16,800.0,1,2400.0,2394.44811741978,54,32,11,54,5.551882580220308,3994.44811741978,34.79034173936427,34.00929116447613,-1,1,11.0,11.0,126,98,8.871921503454084,26.384867991243482,12.664575658463315,235.9927265322722,0,1,4,7,3,97,0.035726294552790853,0.07565568258238065,176.99999999999977,297.0
F4_11.12,N17,N16,800.0,1,2400.0,2398.411374332161,53,30,12,53,1.5886256678390964,3998.411374332161,34.83331005021951,34.06042067441684,-1,1,31.0,31.0,119,100,8.010438372577973,65.86732965837405,8.170931489023566,229.6613025622891,0,0,3,4,0,95,0.02942165433759247,0.07463331923906516,195.0,301.0
F4_14.13,N17,N16,800.0,1,2400.0,2390.050344485454,48,27,11,48,9.949655514546066,3990.050344485454,34.63219693495435,33.95336444124017,1,-1,41.0,41.0,120,103,10.425984914613267,164.55775543160166,11.88052071484655,226.14822379955828,0,0,4,7,4,86,0.03337961294659416,0.0746049092131809,178.00000000000023,353.0
F8_13.16,N17,N16,800.0,1,2400.0,2399.5553023282346,54,28,12,54,0.4446976717654252,3999.5553023282346,34.5307459179084,33.92463563529118,-1,-1,22.0,22.0,120,118,8.621060048921878,118.8232331780614,11.810270213365184,228.86416574506146,0,4,19,10,3,94,0.04303596933264325,0.08196032279757902,189.0,338.0
F8_13.18,N17,N24,800.0,1,2400.0,2392.5061077563796,23,114,23,15,7.4938922436205075,3992.5061077563796,34.48145577173204,33.059759869156345,1,-1,7.0,7.0,120,231,11.763662607053583,14.107795030554826,11.526850851814162,203.80052812861268,0,0,7,10,0,152,0.06304640215198387,0.03257397444519166,142.0,144.0
F8_16.23,N17,N24,800.0,1,2400.0,2102.3096273892324,29,116,29,14,297.6903726107673,3702.3096273892324,34.393466438140436,32.8482866561928,-1,1,26.0,26.0,119,230,9.56515183263713,12.355980913943768,11.10130489300061,222.07226904587876,0,1,1,6,1,159,0.02942165433759247,0.030407768059866124,119.0,148.0
F8_11.23,N17,N24,800.0,1,2400.0,2014.394904531594,29,115,29,18,385.6050954684062,3614.394904531594,34.42083059839812,32.81375435768689,-1,1,16.0,16.0,117,240,6.830245447191195,42.386839830974395,11.139646541643101,244.62034326359165,0,8,1,9,0,162,0.06935104236718224,0.031361330692763756,105.0,152.0
F8_16.24,N17,N24,800.0,1,2400.0,1685.0736435826675,31,103,31,20,714.9263564173324,3285.0736435826675,34.38247829191117,32.521710820603566,1,-1,25.0,25.0,107,237,10.170159047009465,12.432080108991613,8.757731108897186,209.35069974216603,0,0,1,3,3,154,0.030493876424626174,0.030697590623753025,88.0,140.0
F3_17.18,N17,N24,800.0,1,2400.0,2398.7728887976664,16,110,16,19,1.227111202333731,3998.7728887976664,34.46685841996138,33.21679923146837,1,-1,3.0,3.0,102,238,11.285034607577783,508.8593787996292,12.173702846723735,194.59535043909685,0,0,3,4,1,145,0.0336247478143914,0.03257397444519166,177.0,194.0
F8_7.13,N17,N16,800.0,1,2400.0,2108.944758065248,43,54,2,43,291.05524193475196,3708.944758065248,34.505779882454505,33.41538643528402,1,1,28.0,28.0,108,106,11.309712461654449,30.701122306873003,10.29968814486973,203.05902398913784,0,0,15,5,4,99,0.0672494956287828,0.07775722932078011,155.0,204.0
F8_9.19,N17,N16,800.0,1,2400.0,2087.6301839117,36,34,11,36,312.3698160883001,3687.6301839117,34.4796341669304,33.809243969445156,-1,-1,2.0,2.0,92,126,2.8944332836990707,45.94019043166122,11.115910979986005,277.3403963974714,0,12,27,8,6,81,0.06304640215198387,0.09246805648957633,112.0,485.0
F4_11.15,N17,N24,800.0,1,2400.0,2283.76981593963,21,114,21,16,116.2301840603701,3883.76981593963,34.47893293862915,33.11724678336302,-1,-1,10.0,10.0,117,234,7.757353633619185,79.90665329519697,10.81884787262626,233.76849078514778,0,3,7,6,3,151,0.03992938802958978,0.0304724277067922,188.0,185.0
F4_16.18,N17,N24,800.0,1,2400.0,2396.6561409258893,21,114,21,16,3.3438590741106964,3996.6561409258893,34.47893293862915,33.11724678336302,-1,-1,10.0,10.0,117,234,10.122019535763867,22.137730560291857,13.285603185838571,233.76849078514778,0,3,7,5,4,151,0.0168123739071957,0.0304724277067922,193.0,182.0
F4_17.16,N17,N24,800.0,1,2400.0,2391.8290034130105,18,115,18,16,8.170996586989645,3991.8290034130105,34.48710448880103,33.14722132508666,-1,-1,13.0,13.0,111,235,8.632416216236884,31.2885196893551,11.695003621762508,234.43678292389254,0,3,7,8,5,149,0.03992938802958978,0.02942165433759247,194.0,191.0
F4_13.10,N17,N24,800.0,1,2400.0,2389.3239865105643,32,109,32,19,10.676013489435718,3989.3239865105643,34.39473648689632,32.59170258522412,-1,-1,32.0,32.0,106,238,7.062961517443768,83.08323617552492,12.40252119408232,256.43476016585197,0,3,1,6,6,160,0.0441324815063887,0.030472427706792198,151.0,165.0
F8_11.21,N17,N16,800.0,1,2400.0,2396.8593007048466,42,36,11,42,3.14069929515324,3996.8593007048466,34.46138701138434,33.78378670520588,1,1,0.0,0.0,100,113,10.906354723316753,88.26577523114861,10.100198129688017,211.13648771318577,0,0,5,8,7,89,0.05674176193678548,0.07789717357019856,132.0,514.0
F8_16.25,N17,N24,800.0,1,2400.0,2389.3585612723905,30,104,30,15,10.641438727609625,3989.3585612723905,34.3323303242394,32.094071898296846,-1,1,28.0,28.0,121,223,10.89482677865894,116.69388846538936,10.608252653086744,214.35003039918277,0,1,4,14,0,149,0.06304640215198387,0.043100832212508385,153.0,198.0
F8_15.14,N17,N24,800.0,1,2400.0,2397.328717323684,34,98,34,16,2.6712826763161956,3997.328717323684,34.23205047830312,31.502703985097984,1,-1,1.0,1.0,132,231,11.395140529126953,148.82671871004436,9.853245615461654,200.1392802134955,0,0,9,6,0,148,0.05043712172158709,0.04833557498318763,139.0,160.0
F8_11.25,N17,N24,800.0,1,2400.0,2387.196298702703,35,98,35,15,12.803701297296698,3987.196298702703,34.17879395651317,31.460425854845177,-1,1,36.0,36.0,129,239,12.578893298485166,103.31417966569893,13.810367667855509,197.923625922647,0,0,1,5,4,148,0.025218560860793545,0.047303944226371,143.0,164.0
F8_13.19,N17,N24,800.0,1,2400.0,2390.672144034732,36,98,36,14,9.327855965267872,3990.672144034732,34.17879395651317,31.45048188746158,-1,1,35.0,35.0,130,238,11.45718171835704,26.19831887951227,10.497549166119473,199.11122482057476,0,0,2,7,2,148,0.04833557498318763,0.04704049453036181,162.0,187.0
F4_14.22,N17,N24,800.0,1,2400.0,2392.7876979875455,39,85,39,11,7.212302012454302,3992.7876979875455,34.15308427775474,31.259429160112695,-1,-1,31.0,31.0,109,242,7.796650691391265,49.3127599237846,11.114991215376467,244.89064113668448,0,3,2,3,3,135,0.037827841291190316,0.051269447725183444,146.0,180.0
F4_16.20,N17,N24,800.0,1,2400.0,2398.329363171472,35,98,35,15,1.6706368285280178,3998.329363171472,34.224101789084145,31.480465273669154,-1,-1,2.0,2.0,133,231,8.511801839927992,18.441606037124984,9.15891046866943,256.3753383707871,0,5,9,9,8,148,0.046234028244788165,0.04833557498318763,195.0,185.0
F8_7.16,N17,N16,800.0,1,2400.0,2397.7552240912655,20,27,6,20,2.2447759087343684,3997.7552240912655,33.87533660261883,32.97197689822734,-1,-1,32.0,32.0,114,142,12.996146104316786,200.0,12.996146104316786,207.01188643988527,0,1,10,0,0,53,0.0168123739071957,0.06935104236718224,122.0,135.0
F4_15.23,N17,N24,800.0,1,2400.0,2390.1381396864663,41,82,41,15,9.861860313533839,3990.1381396864663,34.17147682403711,31.053845690842298,-1,-1,7.0,7.0,123,249,9.0663334532498,31.697078945023122,10.231453768427999,243.71718701411882,0,4,5,8,7,138,0.05043712172158709,0.05884330867518493,201.0,183.0
F8_7.18,N17,N16,800.0,1,2400.0,1689.6147715490856,21,36,12,21,710.3852284509145,3289.6147715490856,33.716088981431646,32.79452376695215,0,0,2.0,2.0,134,148,11.024717998510742,57.61203390995388,11.024717998510742,199.97267708690205,0,0,20,1,0,69,0.06313221503487244,0.0683195117401025,117.0,144.0
F8_7.20,N17,N16,800.0,1,2400.0,2399.838471513954,21,37,12,21,0.16152848604599512,3999.838471513954,33.64334759292235,32.79452376695215,-1,-1,37.0,37.0,133,153,11.708450359692666,27.869514227227,13.84661220559962,210.56836881045268,0,1,15,5,3,70,0.02942165433759247,0.06830026899798251,123.0,146.0
F8_7.17,N17,N16,800.0,1,2400.0,2389.2429404616573,16,27,7,16,10.757059538342673,3989.2429404616573,33.80991383841103,32.976855139893175,-1,-1,0.0,0.0,125,154,10.729575832315785,105.10479898557332,9.815159325977415,206.20514883228475,0,1,30,10,4,50,0.054640215198386015,0.07545621592992444,170.0,152.0
F4_16.22,N17,N24,800.0,1,2400.0,2391.597973381389,38,54,38,27,8.402026618611103,3991.597973381389,33.87533660261883,30.46534215465565,1,1,31.0,31.0,117,258,8.809939804026381,119.60724964362021,10.912562576253228,232.960976885569,0,2,4,5,4,119,0.06458915431794925,0.07042095479775815,175.0,181.0
F8_14.16,N17,N24,800.0,1,2400.0,2392.079269997368,35,34,35,35,7.920730002631672,3992.079269997368,33.716088981431646,30.01840491074777,0,-1,2.0,2.0,134,286,11.456480852485038,274.28618610376725,11.162282619851082,199.97267708690205,0,0,19,6,0,104,0.06313221503487244,0.08196032279757903,146.0,154.0
F8_7.19,N17,N16,800.0,1,2400.0,2288.2828810211304,23,38,13,23,111.71711897886962,3888.2828810211304,33.541991139664496,32.800006780390724,-1,-1,20.0,20.0,137,155,6.563730980425205,50.21281393343884,8.501844578088985,239.3336650123075,0,6,23,8,5,74,0.0672494956287828,0.06935104236718224,133.0,178.0
F4_14.17,N17,N16,800.0,1,2400.0,2396.3426607158717,36,47,2,36,3.6573392841283976,3996.3426607158717,34.43232875333632,33.63751222757316,-1,1,13.0,13.0,97,107,12.275125974324675,41.1408663196612,13.744885245841623,206.39307436310182,0,0,1,3,2,85,0.031523201075991936,0.07670645595158036,182.0,725.0
F4_9.18,N17,N16,800.0,1,2400.0,2394.321172021011,43,54,2,43,5.678827978989034,3994.321172021011,34.505779882454505,33.41538643528402,-1,1,28.0,28.0,108,106,8.362241824174246,117.47149174238984,12.133821647748334,234.46481218413047,0,2,15,6,2,99,0.03992938802958978,0.07775722932078011,141.0,702.0
F4_16.24,N17,N24,800.0,1,2400.0,2389.8974781420784,33,34,33,36,10.102521857921488,3989.8974781420784,33.57391088298135,29.93839257823505,1,1,31.0,31.0,135,275,10.517303050452105,63.1501920506721,12.335300909579852,231.3082817441246,0,3,10,9,6,103,0.06130084856425469,0.08066290164226146,179.0,175.0
F8_11.28,N17,N24,800.0,1,2400.0,2399.2758434581574,48,20,48,34,0.7241565418423761,3999.2758434581574,33.43811778972369,29.38394695327791,-1,1,25.0,25.0,152,260,10.465565658665236,29.461735733968,12.577989052434079,227.08671315670145,0,5,7,7,4,102,0.046234028244788165,0.08077880711346912,216.0,209.0
F8_11.29,N17,N24,800.0,1,2400.0,2394.2906161835126,56,12,56,41,5.709383816487502,3994.2906161835126,33.3966227249779,29.31117262200702,1,-1,40.0,40.0,160,275,7.344477784774997,143.05758357352715,11.622048402390815,231.05094466638363,0,4,16,12,12,109,0.05253866845998655,0.08616341627437794,208.0,200.0
F4_19.29,N17,N24,800.0,1,2400.0,2399.4920460548474,59,9,59,40,0.5079539451526216,3999.4920460548474,33.417806426761466,29.087041442891383,-1,-1,16.0,16.0,170,279,6.499408522627554,36.5833046600294,10.002233284846687,316.3664742195306,0,18,25,6,5,108,0.05884330867518494,0.09877269670477472,201.0,184.0
F8_15.16,N17,N24,800.0,1,2400.0,2397.0592951610934,55,13,55,41,2.940704838906413,3997.0592951610934,33.3966227249779,29.315516513409733,1,-1,41.0,41.0,158,275,8.856375529795365,22.61924149678748,12.084252523691767,232.15105363651156,0,6,15,12,0,109,0.0687326473129709,0.08616341627437794,220.0,195.0
F4_17.20,N17,N24,800.0,1,2400.0,2395.112841133105,62,9,62,41,4.887158866894993,3995.112841133105,33.43123789200804,28.928869728753032,1,1,40.0,40.0,177,283,9.328285026775902,90.3068803126746,11.443855691569546,316.2095370682396,0,17,29,8,7,112,0.05674176193678548,0.10317462935779734,197.0,193.0
F4_18.25,N17,N24,800.0,1,2400.0,2389.5645564086826,63,9,63,43,10.435443591317267,3989.5645564086826,33.43123789200804,28.906051139981564,1,1,38.0,38.0,178,282,2.1979141622883245,141.87114569793857,13.000916276202402,308.76065709206716,0,15,26,22,2,115,0.06518619704102216,0.10261515219164807,194.0,198.0
F8_16.28,N17,N16,800.0,1,2400.0,2391.7640780800025,29,51,2,29,8.235921919997509,3991.7640780800025,34.14193798142126,33.00119411562045,-1,-1,32.0,32.0,132,136,8.770324399427128,71.28220848517594,12.598343973452039,225.3083476888684,0,3,22,7,2,82,0.04203093476798924,0.08406186953597848,132.0,669.0
F8_7.27,N17,N16,800.0,1,2400.0,2397.912219672942,9,25,42,9,2.08778032705834,3997.912219672942,33.21531841082599,32.064200726627696,-1,-1,13.0,13.0,212,121,7.012423177582881,82.59061758279199,13.10732200988531,298.72914321259793,0,16,22,12,2,76,0.046234028244788165,0.047284801613987903,179.0,149.0
F4_16.27,N17,N24,800.0,1,2400.0,2399.565706997869,61,7,61,40,0.4342930021313123,3999.565706997869,33.42097884599543,28.429283612017425,-1,-1,6.0,6.0,201,272,4.323770982771346,53.862086250946504,10.065476697479621,447.989508210103,0,32,31,16,13,108,0.0672494956287828,0.10297579018157364,206.0,176.0
F4_13.0,N17,N24,800.0,-1,2400.0,1361.3528731305769,12,0,12,16,561.2992769793927,2961.352873130577,0.0,0.0,-2,1,32.0,32.0,20,1,13.11285722415328,200.0,13.11285722415328,183.7898127423391,0,0,0,0,0,28,0.004203093476798925,0.0021015467383994624,42.0,130.0
F8_0.1,N17,N16,800.0,-1,2400.0,1041.2546894711706,12,20,86,12,241.2278158458596,2641.2546894711704,40.58149342594889,40.9502941913772,-2,1,15.0,15.0,48,28,10.899542992038674,200.0,10.899542992038674,226.6065900568446,0,0,0,0,0,118,0.00840618695359785,0.006304640215198387,22.0,134.0
F8_0.2,N17,N16,800.0,-1,2400.0,1180.2898495949194,12,20,86,12,380.256586020509,2780.2898495949194,40.58149342594889,40.9502941913772,-2,1,16.0,16.0,47,28,10.44360001722793,12.373048757800404,9.688253247259624,232.14483097689526,0,0,0,2,2,118,0.00840618695359785,0.006304640215198387,38.0,135.0
F8_0.0,N17,N16,800.0,1,2400.0,2390.012979969705,4,2,69,4,9.987020030294616,3990.012979969705,0.0,0.0,1,-1,1.0,1.0,10,10,10.211272490568959,36.34268959409496,10.57752492381365,237.7013653159341,0,0,0,2,1,75,0.0336247478143914,0.0,156.0,143.0
F8_11.0,N17,N24,800.0,1,2400.0,2131.1066528289175,9,0,9,15,268.8933471710826,3731.1066528289175,0.0,0.0,-1,-1,11.0,11.0,17,1,11.090473246494714,68.55463702349448,10.62418083919829,235.08581364340043,0,0,0,5,1,24,0.0441324815063887,0.0,114.0,172.0
F8_9.1,N17,N24,800.0,1,2400.0,2389.5159453333426,9,0,9,14,10.484054666657471,3989.5159453333426,0.0,0.0,-1,-1,29.0,29.0,16,1,10.045450436584398,56.768114904862614,10.092663202085957,235.19756194208415,0,0,0,7,4,23,0.054640215198386015,0.0,139.0,168.0
F4_14.1,N17,N24,800.0,1,2400.0,2391.702756349506,10,0,10,15,8.297243650493783,3991.702756349506,0.0,0.0,1,-1,7.0,7.0,18,1,9.786527221854035,349.15799546461244,9.1112047314123,269.9382161663265,0,0,0,3,3,25,0.0441324815063887,0.0,142.0,151.0
F8_11.3,N17,N24,800.0,1,2400.0,2340.163825560462,20,0,20,15,59.83617443953813,3940.163825560462,0.0,0.0,1,1,6.0,6.0,29,3,10.603262049326961,56.403948193927135,11.009936615553482,239.15167628548846,0,0,0,3,3,35,0.054640215198386015,0.004203093476798925,122.99999999999994,131.0
F8_13.1,N17,N24,800.0,1,2400.0,1719.6658001583637,17,0,17,15,680.3341998416364,3319.6658001583637,0.0,0.0,1,1,15.0,15.0,26,1,9.107085512075027,20.53069194928048,10.275935686449944,240.35048122145142,0,0,0,4,1,32,0.062128856613904035,0.0031523201075991936,81.0,170.0
F8_15.1,N17,N24,800.0,1,2400.0,2394.1452039229594,16,0,16,15,5.8547960770405325,3994.1452039229594,0.0,0.0,1,1,17.0,17.0,24,1,10.104167096581822,604.2214987185703,11.220189164880955,238.41402318253608,0,0,0,7,4,31,0.06371589830635585,0.002344215918575386,140.99999999999994,126.0
F8_1.0,N17,N16,800.0,1,2400.0,2390.738227370958,7,13,82,7,9.26177262904173,3990.738227370958,0.0,49.6551724137931,1,-1,15.0,15.0,26,21,10.082760879480393,29.092559417398434,11.162259516372606,240.35048122145142,0,0,0,5,2,102,0.07319411688250371,0.0010507733691997312,144.0,139.0
F8_0.3,N17,N16,800.0,-1,2400.0,1546.847142102963,8,23,93,8,746.6259599472288,3146.847142102963,37.994336921893066,40.77435373855722,-2,-1,10.0,10.0,44,41,10.473239486143648,200.78673167378042,10.895579624581956,220.67431724018428,0,0,0,5,5,124,0.012609280430396773,0.00840618695359785,69.99999999999994,136.0
F8_11.1,N17,N24,800.0,-1,2400.0,1573.58485705178,34,0,34,12,773.5359060803496,3173.58485705178,38.47996982896388,30.96774193548387,-2,1,18.0,18.0,45,6,12.665957829584796,123.39582036292835,12.289986853060945,186.27600264598018,0,0,0,2,2,46,0.006304640215198386,0.015761600537995964,65.99999999999994,182.0
F8_14.2,N17,N24,800.0,1,2400.0,1880.79674976756,36,0,36,14,519.2032502324398,3480.79674976756,39.882583447668324,0.0,1,1,37.0,37.0,52,6,10.438682543048127,20.055315044379313,9.027293652057296,237.29567136958988,0,0,0,3,1,50,0.09877269670477472,0.010718720017469985,96.0,175.0
F4_13.1,N17,N24,800.0,-1,2400.0,940.2132313555621,54,0,54,13,140.18915168430465,2540.213231355562,39.04404068668155,30.96774193548387,-2,1,27.0,27.0,75,25,12.498185313531154,30.258973114587093,11.926575662698594,191.99003411557283,0,0,0,17,9,67,0.054640215198386015,0.03257397444519166,12.0,164.0
F4_15.2,N17,N24,800.0,1,2400.0,2009.919311012377,31,0,31,12,390.0806889876228,3609.919311012377,40.58149342594889,0.0,1,-1,18.0,18.0,46,6,9.58614400210502,117.48522386115042,9.150060117755853,271.3375410885842,0,0,0,5,5,43,0.06304640215198387,0.00945696032279758,139.99999999999994,164.0
F4_16.0,N17,N24,800.0,1,2400.0,1636.3234442125772,46,0,46,12,763.6765557874228,3236.323444212577,38.145457119528196,30.96774193548387,1,-1,27.0,27.0,58,16,10.065514972689416,112.11492456301168,11.268468771926836,282.08462860891865,0,0,0,0,0,58,0.035726294552790853,0.025218560860793545,64.00000000000006,165.0
F4_17.0,N17,N24,800.0,-1,2400.0,852.6891280028303,59,0,59,12,52.66674256147189,2452.6891280028303,39.04404068668155,33.15258262418365,-2,1,23.0,23.0,80,25,12.403197545462533,20.478878697193522,12.659666216489597,194.7943404492024,0,0,0,16,8,71,0.05720145416353462,0.033854593927765964,5.0,178.0
F4_11.1,N17,N24,800.0,1,2400.0,1959.06800018979,35,0,35,14,440.93199981021,3559.06800018979,39.53520583098234,0.0,-1,1,34.0,34.0,51,6,2.976617332557394,202.68043500930366,8.929749726354897,300.749419250145,0,3,0,3,3,49,0.05674176193678548,0.011558507061197041,113.00000000000006,168.0
F8_14.5,N17,N24,800.0,1,2400.0,2392.6932876588025,36,0,36,14,7.306712341197226,3992.6932876588025,39.882583447668324,0.0,1,1,38.0,38.0,52,6,9.774907922484303,190.03468871115751,9.816214332828796,240.78712315410476,0,0,0,12,7,50,0.09877269670477472,0.01050773369199731,174.0,122.0
F4_13.3,N17,N24,800.0,-1,2400.0,1099.8466170825363,59,0,59,12,299.8175213007254,2699.8466170825363,38.727188048407555,33.15258262418365,-2,1,21.0,21.0,81,26,12.460471117016633,128.50668920122098,13.461992506651768,193.17264191153131,0,0,0,21,13,71,0.05884330867518494,0.03467552118359112,29.0,152.0
F8_14.3,N17,N24,800.0,-1,2400.0,1139.872025185905,63,0,63,14,339.84105113199655,2739.872025185905,37.90639187947024,33.71975586228139,-2,0,0.0,0.0,85,30,12.05154152331673,18.21346455775739,11.76037348418299,194.03907678182514,0,0,0,22,13,77,0.06514794889038333,0.04308170813718898,30.0,136.0
F8_7.3,N17,N16,800.0,1,2400.0,2392.6276375759207,9,20,94,9,7.372362424079142,3992.6276375759207,37.994336921893066,40.77435373855722,1,-1,4.0,4.0,48,43,6.683939355063996,13.468086330997494,11.136538804972663,253.0298523422423,0,0,0,10,2,123,0.0777572293207801,0.00945696032279758,136.0,134.0
F10_2.0,N17,N16,800.0,-1,2400.0,1541.0517797154134,15,24,116,15,741.0295231797026,3141.0517797154134,39.04404068668155,39.02322661013488,-2,-1,30.0,30.0,73,46,11.721407052866628,1637.0449726938548,10.333451076190716,218.57741747660023,0,0,0,2,0,155,0.006304640215198386,0.013660053799596504,61.0,148.0
F8_7.2,N17,N16,800.0,-1,2400.0,1409.5381701672613,17,22,118,17,609.5308704929273,3009.5381701672613,37.90096191908904,38.96989300316451,-2,-1,14.0,14.0,81,54,11.79446123278161,58.46727258783403,11.790034006251663,212.616493566211,0,0,0,3,1,157,0.00840618695359785,0.015761600537995968,53.0,140.0
F8_1.2,N17,N16,800.0,1,2400.0,2391.2056093215338,12,19,84,12,8.794390678466357,3991.2056093215338,40.58149342594889,43.410124724871615,-1,1,19.0,19.0,45,29,9.989759429683888,10.48383372328908,9.00322969351734,235.3213892269159,0,0,0,12,1,115,0.081348246914527,0.006304640215198387,191.00000000000006,140.0
F8_2.2,N17,N16,800.0,1,2400.0,2396.758675792579,13,20,86,13,3.2413242074205755,3996.758675792579,40.58149342594889,40.9502941913772,-1,1,14.0,14.0,49,28,9.151612328342035,25.267711207206276,8.886490228318246,242.00490799177592,0,0,0,14,2,119,0.0882649630127774,0.006304640215198387,193.00000000000006,149.0
F8_13.3,N17,N24,800.0,1,2400.0,1807.5790373654581,39,0,39,12,592.4209626345419,3407.579037365458,38.145457119528196,30.96774193548387,0,0,1.0,1.0,50,12,9.939073028476603,16.68351102373208,9.939073028476603,248.94260853975248,0,0,0,1,0,51,0.08616341627437794,0.018913920645595158,131.00000000000006,188.0
F8_9.7,N17,N24,800.0,1,2400.0,2399.5186839423104,45,0,45,12,0.48131605768935515,3999.5186839423104,38.145457119528196,30.96774193548387,-1,-1,30.0,30.0,56,16,7.569662543595365,26.918927793482908,11.68677370847304,248.22263438033536,0,1,0,14,11,57,0.09246805648957633,0.025218560860793545,133.00000000000006,176.0
F8_16.4,N17,N24,800.0,-1,2400.0,1445.5340157802038,62,0,62,14,645.5251593985785,3045.534015780204,37.90639187947024,33.71975586228139,-2,1,1.0,1.0,84,29,13.148557213876046,52.56996897541768,14.386396784942225,192.52757663970115,0,0,0,7,6,76,0.02101546738399462,0.04413248150638871,52.0,185.0
F4_9.0,N17,N24,800.0,1,2400.0,1691.027829950554,46,0,46,12,708.9721700494462,3291.027829950554,38.83139828365766,30.96774193548387,1,-1,18.0,18.0,60,18,11.149120285580532,32.77251459251647,11.149120285580532,278.6793986804222,0,0,0,1,1,58,0.0672494956287828,0.027320107599193007,89.0,202.0
F8_15.2,N17,N24,800.0,1,2400.0,1760.596362790609,39,0,39,12,639.4036372093909,3360.596362790609,38.145457119528196,30.96774193548387,0,0,2.0,2.0,50,12,9.217284523257376,11.013435572519938,8.93846421204537,249.4695363404381,0,0,0,3,3,51,0.08616341627437794,0.018913920645595158,131.0,194.0
F8_11.4,N17,N24,800.0,1,2400.0,2395.6696702826093,39,0,39,12,4.3303297173906685,3995.6696702826093,37.994336921893066,30.96774193548387,1,1,1.0,1.0,50,10,9.833584961723501,34.30571760137536,11.110784760602927,247.7242134961053,0,0,0,5,2,51,0.0882649630127774,0.018913920645595158,148.0,187.0
F8_16.5,N17,N24,800.0,1,2400.0,1602.5100450957161,59,0,59,13,797.4899549042841,3202.510045095716,37.71737471671694,33.4626684950179,1,1,12.0,12.0,81,26,7.151154185929728,11.336278141759722,9.80238143550604,2.0052707055617267,0,0,0,0,0,72,0.24614463436103481,0.0,64.0,193.0
F8_15.4,N17,N24,800.0,1,2400.0,2264.256417664831,35,0,35,13,135.74358233516898,3864.256417664831,40.58149342594889,0.0,-1,-1,3.0,3.0,52,6,10.414654572055653,11.411154295003826,9.556433885107873,240.16365050611955,0,1,0,11,7,48,0.07355413584398117,0.01050773369199731,187.99999999999994,188.0
F8_14.4,N17,N24,800.0,1,2400.0,2118.7506018745116,36,0,36,14,281.2493981254886,3718.7506018745116,39.882583447668324,0.0,1,1,38.0,38.0,52,6,9.384826019246447,16.628272239001717,8.443046239591354,240.78712315410476,0,0,0,8,5,50,0.09877269670477472,0.01050773369199731,174.00000000000006,190.0
F4_17.1,N17,N24,800.0,1,2400.0,2392.877607206604,36,0,36,14,7.122392793396216,3992.877607206604,39.53520583098234,0.0,-1,1,33.0,33.0,52,6,6.310034644364391,99.93812982254235,10.005201272861697,307.8614360831542,0,3,0,8,8,50,0.05712367847083387,0.011558507061197041,198.0,175.0
F4_13.5,N17,N24,800.0,1,2400.0,2395.122023231769,36,0,36,13,4.877976768230951,3995.122023231769,39.3442809684618,30.96774193548387,-1,1,26.0,26.0,50,5,7.018644841605441,55.47067358110189,9.227172992813626,306.50658925616125,0,4,0,10,10,49,0.06514794889038333,0.014543400108847315,191.99999999999994,180.0
F8_15.3,N17,N24,800.0,1,2400.0,2391.8232482104995,28,0,28,12,8.176751789500258,3991.8232482104995,40.58149342594889,0.0,-1,-1,23.0,23.0,40,6,10.16956375525756,11.601569366827562,9.5377675737774,238.1285325425683,0,0,0,10,7,40,0.08196032279757902,0.00945696032279758,205.99999999999994,198.0
F8_13.2,N17,N24,800.0,1,2400.0,1880.7672974394695,33,0,33,12,519.2327025605305,3480.7672974394695,38.22789151908115,30.96774193548387,1,1,15.0,15.0,44,7,11.703353439564673,164.2834426818904,10.703736859414361,245.58981542545897,0,0,0,2,0,45,0.09036650975117687,0.015761600537995968,148.99999999999994,202.0
F4_14.3,N17,N24,800.0,1,2400.0,1986.5656113867103,47,0,47,12,413.4343886132895,3586.5656113867103,39.088301651917526,30.96774193548387,1,-1,13.0,13.0,64,19,8.20040877244148,117.81487408938483,9.499399758169092,287.4404298417112,0,0,0,4,4,59,0.06514794889038333,0.027320107599193007,153.0,165.0
F8_14.9,N17,N24,800.0,1,2400.0,1618.9852309785542,66,0,66,16,781.0147690214458,3218.9852309785542,37.764165179017105,33.71975586228139,-1,-1,33.0,33.0,90,32,0.0001894465195082457,0.01660339954742085,0.0001894465195082457,252.57322923554995,0,2,2,1,1,82,0.1050773369199731,0.049386348352387366,105.0,155.0
F4_15.4,N17,N24,800.0,1,2400.0,2373.662128648506,39,0,39,12,26.337871351493845,3973.662128648506,38.145457119528196,30.96774193548387,1,-1,41.0,41.0,50,12,6.944501964788397,17.413614771780203,7.767930980805486,301.7028453240197,0,3,0,11,11,51,0.0771216327753939,0.01891392064559516,169.99999999999994,175.0
F6_7.2,N17,N16,800.0,1,2400.0,2384.0643864750205,15,27,115,15,15.93561352497943,3984.0643864750205,38.81626804047674,38.94033192685387,-1,1,0.0,0.0,73,44,6.914658062847369,22.769343854192584,9.67043475291387,279.8623143496792,0,15,0,17,8,157,0.11978816408876934,0.00945696032279758,176.0,135.0
F4_15.3,N17,N24,800.0,1,2400.0,2392.2286296925445,42,0,42,12,7.771370307455527,3992.2286296925445,38.145457119528196,30.96774193548387,1,-1,39.0,39.0,53,12,7.469485981133666,28.50828761179605,8.652507806782774,300.847137305759,0,0,0,12,12,54,0.07355413584398117,0.01891392064559516,177.0,175.0
F8_0.5,N17,N16,800.0,1,2400.0,2392.1851494869875,13,26,110,13,7.814850513012516,3992.1851494869875,39.172242708006564,40.05087684936556,-1,1,11.0,11.0,65,51,4.001533869252917,11.463060057723396,8.998960397048496,280.2407267673857,0,13,0,16,2,149,0.09531416050654822,0.00945696032279758,192.0,145.0
F6_7.1,N17,N16,800.0,1,2400.0,2026.7217460738111,17,22,123,17,373.27825392618905,3626.721746073811,37.75152777793259,38.96989300316451,1,-1,4.0,4.0,83,63,8.680877152103129,31.299861069510825,9.090004960217643,242.47847521738296,0,0,0,8,4,162,0.10928043039677203,0.015761600537995968,147.0,142.0
F10_1.0,N17,N16,800.0,1,2400.0,1991.8464542765519,17,22,123,17,408.15354572344825,3591.846454276552,37.75152777793259,38.96989300316451,1,-1,5.0,5.0,82,63,10.25436862557048,12.770684275426902,10.666406228609969,240.59406207383103,0,0,0,8,2,162,0.1001482596092493,0.015761600537995964,149.0,139.0
F10_7.0,N17,N16,800.0,1,2400.0,2392.0199778026995,17,27,116,17,7.980022197300514,3992.0199778026995,38.78832751230014,39.07211655897075,-1,0,0.0,0.0,75,43,7.269417594786178,12.380587251588167,10.288338794860284,277.97392832047115,0,15,0,19,11,160,0.11768661735036988,0.00945696032279758,193.0,140.0
F5_7.0,N17,N16,800.0,1,2400.0,2397.9215943090376,12,25,110,12,2.078405690962427,3997.9215943090376,39.088301651917526,40.05087684936556,-1,1,12.0,12.0,65,51,6.272219228824867,10.142510705714585,8.649989539480679,278.8066457882746,0,12,0,14,6,147,0.10928043039677203,0.00945696032279758,199.0,147.0
F6_11.0,N17,N24,800.0,1,2400.0,2395.233152950977,46,0,46,12,4.766847049022999,3995.233152950977,38.46901314893523,30.96774193548387,-1,-1,20.0,20.0,60,16,4.449142574812106,62.19247675837778,10.434907497633604,269.51276806209484,0,8,0,16,13,58,0.09667114996637526,0.027320107599193007,188.0,204.0
F4_15.5,N17,N24,800.0,1,2400.0,2008.0290360384865,67,0,67,16,391.9709639615133,3608.0290360384865,37.764165179017105,33.71975586228139,1,-1,29.0,29.0,92,33,10.440519454718025,17.431851198906998,10.340349968069352,272.66625566120456,0,0,4,2,2,83,0.04192109673046533,0.05154932938859892,144.0,180.0
F4_11.4,N17,N24,800.0,1,2400.0,2395.351256118396,54,0,54,13,4.648743881603764,3995.351256118396,39.04404068668155,30.96774193548387,-1,1,28.0,28.0,75,25,4.226705297107458,9.618649231234485,8.419406927850487,312.71146181268415,0,4,0,4,4,67,0.031523201075991936,0.03160816143269625,190.0,180.0
F4_11.0,N17,N24,800.0,1,2400.0,1619.5020020345569,62,0,62,14,780.4979979654432,3219.502002034557,37.90639187947024,33.71975586228139,-1,1,0.0,0.0,84,29,0.0,0.0010003024181060027,0.0,303.23658840916687,0,6,0,1,1,76,0.08196032279757902,0.04413248150638871,92.0,228.0
F4_16.2,N17,N24,800.0,1,2400.0,1710.44085972423,66,0,66,16,689.5591402757699,3310.44085972423,37.764165179017105,33.71975586228139,1,-1,30.0,30.0,91,33,7.372940657608346,104.26494297903852,9.611658700536713,278.87981695189353,0,0,3,0,0,82,0.06935104236718224,0.05148789509078682,91.0,223.0
F5_11.1,N17,N24,800.0,1,2400.0,2058.36869307697,64,0,64,15,341.63130692302997,3658.36869307697,37.90639187947024,33.71975586228139,-1,-1,38.0,38.0,87,30,9.00191480178015,33.453040037397386,10.055874758985228,248.4700942919808,0,0,1,10,1,79,0.11558507061197042,0.04308170813718898,149.0,192.0
F4_13.6,N17,N24,800.0,1,2400.0,2390.9876060101715,59,0,59,13,9.012393989828524,3990.9876060101715,37.71737471671694,33.4626684950179,-1,1,12.0,12.0,81,26,6.187877509032681,40.17156560034755,9.216752960017377,314.4062228259637,0,6,0,12,12,72,0.06935104236718224,0.039929388029589785,178.0,185.0
F4_14.9,N17,N24,800.0,1,2400.0,2398.257195590651,59,0,59,13,1.7428044093489916,3998.257195590651,38.1543710215323,33.15258262418365,-1,1,18.0,18.0,81,26,6.342819012368772,67.13396723072833,9.342199424850643,311.24150525522236,0,4,0,12,12,72,0.07265339666928075,0.0359619728953018,186.0,184.0
F5_7.1,N17,N16,800.0,1,2400.0,2394.3785154841403,22,26,116,22,5.621484515859606,3994.3785154841403,37.764165179017105,39.01818049645316,-1,1,21.0,21.0,104,74,8.893150184575148,16.75884639466858,11.721692699410955,257.87452651268984,0,5,0,27,5,164,0.11978816408876934,0.014710827168796235,190.0,145.0
F8_14.6,N17,N24,800.0,1,2400.0,1863.3973199082798,67,0,67,16,536.6026800917202,3463.3973199082798,37.764165179017105,33.71975586228139,-1,-1,29.0,29.0,92,33,6.519760749870524,25.055603320618047,9.320712980903586,259.0349379809913,0,4,4,10,7,83,0.10928043039677203,0.05154932938859892,144.0,197.0
F4_17.3,N17,N24,800.0,1,2400.0,2397.67312397815,63,0,63,14,2.326876021850012,3997.67312397815,37.75152777793259,33.71975586228139,-1,1,3.0,3.0,85,29,6.292664572295389,51.32387605233612,7.609578230677599,308.7160748548544,0,6,0,13,13,77,0.07355413584398117,0.04308170813718898,189.0,180.9999999999999
F8_13.4,N17,N24,800.0,1,2400.0,2399.387721394893,64,0,64,16,0.6122786051070079,3999.387721394893,37.764165179017105,33.71975586228139,-1,-1,37.0,37.0,87,31,9.623474866234345,11.885556432006524,9.8017882175503,248.37519509897965,0,0,1,16,7,80,0.11768661735036988,0.04518325487558844,206.0,215.0
F5_9.1,N17,N24,800.0,1,2400.0,2037.1487898618102,66,0,66,16,362.8512101381899,3637.14878986181,37.764165179017105,33.71975586228139,-1,-1,33.0,33.0,90,32,8.489244522737355,120.68787884033259,8.780924782040618,252.57322923554995,0,2,2,9,0,82,0.11558507061197042,0.049386348352387366,198.0,219.0000000000001
F6_14.0,N17,N24,800.0,1,2400.0,2396.8821382109477,71,0,71,15,3.117861789052199,3996.8821382109477,37.764165179017105,35.83734315136358,-1,-1,25.0,25.0,97,35,8.388444145996157,19.652109804630527,10.79061109145055,255.99020482818963,0,5,4,24,19,86,0.11607309136628632,0.053589441829186284,214.0,202.9999999999999
F8_14.11,N17,N24,800.0,1,2400.0,2393.7824867231056,60,0,60,13,6.217513276894238,3993.7824867231056,38.1543710215323,33.4626684950179,1,1,17.0,17.0,82,25,9.253415781781394,12.72254430793555,8.6944896243301,244.28951598324065,0,0,0,17,7,73,0.11138197713517149,0.0374504462877561,231.0,218.9999999999999
F4_13.8,N17,N24,800.0,1,2400.0,2390.604609331501,75,4,75,20,9.395390668498976,3990.604609331501,36.080556779569996,37.86306828855508,-1,1,28.0,28.0,101,47,4.418555198648579,24.340210162207086,8.67680860377063,309.87664721226145,0,4,0,4,4,99,0.035726294552790853,0.055690988567585746,185.0,198.9999999999999
F8_11.6,N17,N24,800.0,1,2400.0,2392.9418822548305,74,0,74,16,7.0581177451693975,3992.9418822548305,37.764165179017105,37.009355276774464,-1,-1,24.0,24.0,100,33,8.070974620994898,10.751490463931987,8.946695362778739,254.9928560807284,0,5,4,17,4,90,0.11978816408876934,0.053589441829186284,223.0,202.0
F4_15.1,N17,N24,800.0,1,2400.0,2186.113564371781,59,0,59,12,213.8864356282188,3786.113564371781,38.727188048407555,33.15258262418365,-1,1,21.0,21.0,81,26,6.665620562284401,42.623525579353554,9.506326759168125,307.2089717431957,0,4,0,9,9,71,0.07145258910558171,0.03467552118359112,217.0,233.0000000000001
F4_14.11,N17,N24,800.0,1,2400.0,2396.402713730912,74,4,74,20,3.597286269087931,3996.402713730912,36.080556779569996,37.86306828855508,-1,1,31.0,31.0,98,47,6.721732376762215,7.798026975812263,6.9233382238174315,300.0025695412625,0,3,0,12,12,98,0.07691618395115893,0.055690988567585746,197.0,249.0000000000001
F3_19.4,N17,N24,800.0,1,2400.0,2395.103334433651,110,21,110,32,4.896665566348929,3995.103334433651,34.02620259918313,36.90071680634526,-1,-1,27.0,27.0,153,93,9.545884467561505,22.36674311646857,11.639967683222613,213.9202504269508,0,2,10,6,4,163,0.0777572293207801,0.08931573638197714,127.0,224.0000000000001
F8_9.10,N17,N24,800.0,1,2400.0,2398.635195335949,77,7,77,22,1.3648046640512348,3998.635195335949,36.08520330566844,37.94862340604416,1,1,17.0,17.0,103,49,7.351659950893698,133.25441197626537,10.382207910521016,258.4177798362416,0,0,0,29,27,106,0.1387020847343645,0.05464021519838602,266.0,257.0
F3_12.4,N17,N24,800.0,1,2400.0,2399.908595833903,116,21,116,34,0.09140416609739077,3999.908595833903,34.02620259918313,36.90071680634526,-1,-1,19.0,19.0,160,98,10.132376753395407,15.422038591071896,11.917610574692153,212.90128430834025,0,2,14,9,7,171,0.07985877605917956,0.09562037659717554,183.0,242.0
F8_1.8,N17,N16,800.0,1,2400.0,2392.4736916178394,36,37,153,36,7.526308382160437,3992.4736916178394,33.59096142950441,37.47179818502977,-1,1,33.0,33.0,183,137,6.564636457955445,46.08208921163646,10.67070021684356,364.2833044097848,0,31,0,21,17,226,0.14500672494956288,0.035726294552790853,196.0000000000001,162.0
F17_7.0,N17,N16,800.0,1,2400.0,2397.148331469864,40,48,152,40,2.8516685301361804,3997.148331469864,33.4340835219025,37.31707686231195,1,1,9.0,9.0,200,150,10.351863177105562,12.066658089308703,10.351863177105562,235.6580303918319,0,0,0,1,1,240,0.037827841291190316,0.030963444596552307,178.0,154.0
F17_0.2,N17,N16,800.0,1,2400.0,2399.0884320963473,40,49,152,40,0.9115679036527808,3999.0884320963473,33.34291339174869,37.160076217334684,1,1,6.0,6.0,202,146,9.361844466521479,16.63487957653183,9.361844466521479,236.86633521099048,0,0,0,1,0,241,0.02101546738399462,0.02942165433759247,228.0,115.0
F8_13.7,N17,N24,800.0,1,2400.0,2397.1642420776943,81,9,81,22,2.835757922305561,3997.1642420776943,35.57545346904639,36.63574070186724,0,0,1.0,1.0,108,45,7.076498351396975,27.767762465814485,10.821874299060603,258.1759501553051,0,0,0,27,27,112,0.14080363147276395,0.06304640215198386,323.0,272.0
F8_9.13,N17,N24,800.0,1,2400.0,2397.6993764897366,89,9,89,22,2.300623510263563,3997.6993764897366,35.44632849245838,36.37324654115589,-1,-1,25.0,25.0,125,59,5.0678467713915625,14.15614514004983,11.544657713577987,284.39345365316007,0,13,5,35,33,120,0.15761600537995965,0.07565568258238063,313.0,273.0
F8_9.14,N17,N24,800.0,1,2400.0,2397.6031774904263,86,9,86,22,2.396822509573667,3997.6031774904263,35.49048467546835,36.37324654115589,-1,-1,34.0,34.0,118,47,5.674478753402714,13.47280712116276,10.636139410572381,269.7103594487402,0,4,3,29,29,117,0.15131136516476126,0.06724949562878278,313.0,288.0
F8_1.10,N17,N16,800.0,1,2400.0,2390.7623765344397,39,39,169,39,9.237623465560546,3990.7623765344397,32.81003569003582,36.62471496190546,-1,1,30.0,30.0,215,153,6.82331020344157,10.940935389520973,9.376331469660087,418.8053510343024,0,34,0,14,13,247,0.12399125756556827,0.03992938802958978,201.0000000000001,154.0
F8_1.7,N17,N16,800.0,1,2400.0,2394.3960395495997,38,43,151,38,5.603960450400109,3994.3960395495997,33.46749192083594,37.40763464429852,-1,1,16.0,16.0,193,150,5.813143457910281,109.71787328279606,9.29335968683818,391.4467783743847,0,43,0,24,19,232,0.14710827168796234,0.03257397444519166,213.9999999999999,202.0
F17_1.1,N17,N16,800.0,1,2400.0,2397.4706146712383,40,49,154,40,2.529385328761691,3997.4706146712383,33.335078916518455,36.99543192731767,1,1,3.0,3.0,205,144,10.183354930997236,23.357414861677853,10.13791330010598,236.7507839809064,0,0,0,2,1,243,0.02101546738399462,0.027320107599193007,258.9999999999999,160.0
F17_2.0,N17,N16,800.0,1,2400.0,2392.6283934444627,41,49,154,41,7.371606555537028,3992.6283934444627,33.081919969532656,37.08882188762471,-1,-1,40.0,40.0,208,140,9.80143162215213,86.16979641273838,9.646067605070288,237.7473188919829,0,0,0,4,3,244,0.035726294552790853,0.026269334229993276,261.0000000000001,154.0
F4_14.20,N17,N24,800.0,1,2400.0,2394.2235583336787,128,19,128,50,5.776441666321034,3994.2235583336787,33.616119711292285,36.04819798534911,1,-1,34.0,34.0,183,105,5.075846688484824,248.780449874218,9.668491964057568,292.5684124656272,0,1,6,6,6,197,0.04994058606259728,0.09141728312037661,164.9999999999999,327.0
F17_7.5,N17,N16,800.0,1,2400.0,2393.6279618759063,38,39,170,38,6.3720381240934785,3993.6279618759063,32.81003569003582,36.62471496190546,1,1,31.0,31.0,214,152,10.164702641993966,633.9916226366092,9.30706825038612,237.23702316253159,0,0,0,2,0,247,0.046234028244788165,0.03992938802958978,280.0,159.0
F3_12.8,N17,N24,800.0,1,2400.0,2395.4653432102587,131,19,131,52,4.534656789741462,3995.4653432102587,33.51769326362208,36.04819798534911,-1,-1,28.0,28.0,190,109,6.442577066430159,14.037700647104657,11.873116836816848,240.59974077867778,0,6,10,16,15,202,0.09246805648957633,0.09562037659717554,138.0,395.0
F3_12.5,N17,N24,800.0,1,2400.0,2397.7015481124954,130,19,130,50,2.298451887504825,3997.7015481124954,33.51769326362208,36.04819798534911,-1,-1,30.0,30.0,187,108,7.16445304830653,14.538576869751296,11.952711362461606,241.4552846907529,0,5,9,18,14,199,0.10087424344317418,0.09456960322797581,141.0,396.0
F8_1.12,N17,N16,800.0,1,2400.0,2399.60634190817,52,34,169,52,0.3936580918297068,3999.60634190817,32.27577422266391,35.45755926193198,-1,1,30.0,30.0,248,166,6.624824780770922,11.369936727299319,9.147423339490123,509.9038805099831,0,48,0,24,21,255,0.11768661735036988,0.04413248150638871,212.0,142.0
F8_16.11,N17,N24,800.0,1,2400.0,2388.675568158096,106,21,106,30,11.324431841903674,3988.675568158096,34.13765022009597,36.90071680634526,-1,-1,31.0,31.0,148,91,4.997528008106736,9.075417313231583,7.082462377700821,296.5724098440121,0,11,7,49,46,157,0.18703765971755212,0.08511264290517821,412.9999999999999,269.0
F3_12.11,N17,N24,800.0,1,2400.0,2398.5610940236897,160,13,160,80,1.4389059763102523,3998.5610940236897,32.35757257190527,33.670859677177916,1,1,36.0,36.0,239,127,7.038385123707396,12.400696163552539,10.555331983014643,260.35569256268803,0,8,27,22,20,253,0.11138197713517149,0.12611264098470304,172.0000000000001,307.0
F8_9.17,N17,N24,800.0,1,2400.0,2390.3881986798133,99,17,99,29,9.611801320186487,3990.3881986798133,34.17534848797822,36.90071680634526,-1,-1,39.0,39.0,138,88,5.756197421002363,13.587213092539969,9.27911329300899,281.99766069488544,0,2,2,45,40,145,0.17863147276395427,0.0777572293207801,394.9999999999999,302.0
F3_12.9,N17,N24,800.0,1,2400.0,2389.383172381724,160,15,160,74,10.616827618276034,3989.383172381724,32.81003569003582,34.284179554752605,-1,-1,21.0,21.0,228,128,7.388691543709884,27.25911583481684,11.275073332802558,239.0091694828474,0,8,18,18,13,249,0.10717888365837257,0.12399125756556825,183.9999999999999,328.0
F8_14.16,N17,N24,800.0,1,2400.0,2390.03997305231,100,17,100,28,9.960026947690153,3990.03997305231,34.24481552932242,36.90071680634526,-1,-1,41.0,41.0,138,87,5.728838234380525,13.190512569164639,10.958358927625795,277.77097589656216,0,0,1,44,39,145,0.17442837928715535,0.0777572293207801,398.0,302.0
F17_1.4,N17,N16,800.0,1,2400.0,2394.213711572691,50,51,170,50,5.786288427309046,3994.213711572691,32.59879359760857,36.26176271167295,1,1,0.0,0.0,237,159,6.216230926684162,52.46504407403495,10.351898908830844,262.3443039279874,0,3,0,10,9,271,0.0357645828131233,0.03887861466039005,331.0000000000001,174.0
F17_1.5,N17,N16,800.0,1,2400.0,2398.023291205129,51,51,170,51,1.976708794870774,3998.023291205129,32.49776326801878,36.16916318517177,0,0,1.0,1.0,238,157,6.6282781474978885,18.221842696051908,11.232361996787006,264.4150999913829,0,3,0,11,10,272,0.035726294552790853,0.03887861466039005,331.0,173.0
F17_0.3,N17,N16,800.0,1,2400.0,2397.9574026530195,45,44,173,45,2.042597346980642,3997.9574026530195,32.80515466465059,36.57799861602081,1,1,17.0,17.0,232,162,10.14177725812083,136.35574466266053,10.998055624203458,237.7659600553653,0,0,0,2,0,262,0.0441324815063887,0.03887861466039005,345.0,175.0
F8_7.19,N17,N16,800.0,1,2400.0,2389.914655029581,55,37,170,55,10.085344970418873,3989.914655029581,31.26344611760425,34.41670429573801,1,-1,26.0,26.0,272,201,8.368408404288877,11.245505484116848,9.916916660297602,688.7894886445085,0,63,2,17,13,262,0.08714528578059379,0.0472848016139879,159.0,157.0
F17_2.1,N17,N16,800.0,1,2400.0,2395.7369536075785,47,47,172,47,4.263046392421643,3995.7369536075785,32.7896121868629,36.52060713934399,1,1,13.0,13.0,232,162,11.51142073968144,33.97811548311938,11.038491008969286,242.0440636461161,0,1,0,2,1,266,0.03992938802958978,0.03887861466039005,347.0,172.0
F17_7.6,N17,N16,800.0,1,2400.0,2393.4401103433524,52,50,169,52,6.55988965664767,3993.4401103433524,32.473126137879326,36.115996076432786,-1,-1,40.0,40.0,239,155,6.716885640400769,21.569525461353578,11.376590760696233,261.3182461405514,0,2,0,12,11,271,0.035726294552790853,0.03992938802958978,337.0,172.0
F17_7.1,N17,N16,800.0,1,2400.0,2393.4538872994253,48,51,169,48,6.5461127005746675,3993.4538872994253,32.68662499563483,36.33045526154948,1,1,6.0,6.0,235,159,10.873924692978505,61.039435294747136,10.23269363780886,252.08075795618572,0,3,0,2,1,268,0.03992938802958978,0.03887861466039005,342.9999999999999,170.0
F17_1.3,N17,N16,800.0,1,2400.0,2393.16291630648,51,51,170,51,6.837083693520185,3993.16291630648,32.49776326801878,36.16916318517177,0,0,1.0,1.0,238,157,10.226573371893574,50.08095773585387,9.41750234019405,264.4150999913829,0,3,0,3,1,272,0.037827841291190316,0.03887861466039005,345.0000000000001,160.0
F8_15.9,N17,N24,800.0,1,2400.0,2394.677393126313,107,21,107,30,5.322606873687164,3994.677393126313,34.13765022009597,36.90071680634526,-1,-1,30.0,30.0,150,92,6.899859461683791,11.778013540816346,9.473568290264893,298.10047158636604,0,12,8,18,1,158,0.1281943510423672,0.08616341627437794,394.9999999999999,350.0
F3_12.10,N17,N24,800.0,1,2400.0,2387.078300795627,136,20,136,58,12.921699204372771,3987.078300795627,33.4340835219025,35.70787327162157,-1,-1,10.0,10.0,197,118,6.052827566852069,204.7386027593759,11.608103053978384,275.8857001899976,0,14,22,8,0,214,0.04833557498318763,0.10297579018157364,164.0,501.0
F8_13.11,N17,N24,800.0,1,2400.0,2390.7650713117378,103,21,103,29,9.234928688262357,3990.7650713117378,34.13765022009597,36.90071680634526,-1,-1,33.0,33.0,145,91,5.172527337180441,13.640755942420583,11.30851725300404,294.2542288304029,0,10,5,47,44,153,0.18493611297915266,0.08406186953597848,413.0,349.0
F8_1.14,N17,N16,800.0,1,2400.0,2392.0264974434867,60,36,171,60,7.97350255651304,3992.0264974434867,31.66011453613527,34.79493211660118,-1,1,10.0,10.0,278,202,4.67692755927578,219.5688776134648,11.35302304028336,702.8883205639878,0,68,0,20,17,267,0.0945696032279758,0.03992938802958978,204.0,205.0
F8_11.11,N17,N24,800.0,1,2400.0,2396.589780055721,115,22,115,36,3.41021994427922,3996.589780055721,33.828556595567875,36.435802958127205,-1,-1,12.0,12.0,161,95,3.7719611078977073,28.518711292607122,7.065534987969598,320.9461034213588,0,26,15,56,55,173,0.1996469401479489,0.09562037659717554,486.0000000000001,364.0
F8_1.16,N17,N16,800.0,1,2400.0,2392.1257503818474,56,35,164,56,7.874249618152476,3992.1257503818474,30.788049149848693,33.59898054990803,-1,1,32.0,32.0,300,221,8.020347108065513,8.320068256856302,7.8474103675685605,856.8624085934626,0,52,0,9,7,255,0.07565568258238063,0.0577925353059852,213.0,147.0
F17_7.3,N17,N16,800.0,1,2400.0,2392.0077472537287,49,46,168,49,7.992252746271106,3992.0077472537287,32.149431709292074,35.924612457912446,-1,-1,29.0,29.0,234,159,7.1809074132125685,61.31315866241266,7.885995077599179,264.2164040335231,0,5,1,17,15,263,0.04833557498318763,0.04308170813718898,524.0,157.0
F8_7.23,N17,N16,800.0,1,2400.0,2395.9901207136295,57,49,161,57,4.009879286370392,3995.9901207136295,30.108857661082446,32.91914069212084,1,-1,9.0,9.0,327,222,8.545033192236783,11.374553694396582,8.698597440774316,826.822807065926,0,50,5,17,14,267,0.06908730317391215,0.04623402824478817,174.0,190.0
F17_0.4,N17,N16,800.0,1,2400.0,2394.236134377201,56,37,174,56,5.763865622799244,3994.236134377201,32.307343180828035,35.36944680260777,1,1,16.0,16.0,262,175,4.427292862732772,415.1156251959587,8.472113088915423,292.7695834787993,0,3,0,15,15,267,0.048416293359695425,0.04203093476798924,534.0,163.0
F17_2.3,N17,N16,800.0,1,2400.0,2394.2833491123374,54,38,181,54,5.7166508876624675,3994.2833491123374,32.16424721057439,35.13410175850864,1,1,3.0,3.0,261,182,2.86630980051204,125.91269955030361,9.894861185868942,330.8138597466734,0,4,0,15,15,273,0.052593439457687234,0.04098016139878951,540.0,149.0
F17_7.2,N17,N16,800.0,1,2400.0,2396.877204086465,47,43,168,47,3.122795913534901,3996.877204086465,32.16620170278315,35.78570307243737,-1,-1,20.0,20.0,232,160,6.997912958152695,79.7069526694097,9.02813411419008,265.16993367347595,0,5,1,17,16,258,0.05043712172158709,0.048335574983187635,593.0000000000001,162.0
F8_14.18,N17,N24,800.0,1,2400.0,2391.622131120053,130,19,130,50,8.37786887994696,3991.622131120053,33.54465151084277,36.04819798534911,-1,-1,32.0,32.0,186,106,2.0321408588810908,18.367791486019087,11.093946522286176,363.42181694468525,0,33,7,66,66,199,0.22276395427034298,0.09260866606818846,589.0,436.0
F8_7.29,N17,N16,800.0,1,2400.0,2345.345492815364,73,43,145,73,54.65450718463603,3945.345492815364,29.312382555776296,31.917731716062807,-1,1,27.0,27.0,369,186,7.364784202518864,10.61628984175968,8.710475619991422,1138.2638869301898,0,49,0,8,7,261,0.035726294552790853,0.03992938802958978,199.0,145.0
F8_7.32,N17,N16,800.0,1,2400.0,2392.616181922768,85,53,138,85,7.383818077231922,3992.616181922768,28.808646656651973,31.60162888250155,1,-1,6.0,6.0,381,199,9.927055118542349,118.13975241802041,10.467281517293266,1095.5998841592502,0,41,3,4,4,276,0.023117014122394083,0.048335574983187635,144.0,145.0
F3_17.18,N17,N24,800.0,1,2400.0,2399.594002986183,204,30,204,130,0.4059970138166591,3999.594002986183,30.331560168719303,30.374382040011874,1,1,31.0,31.0,319,250,4.088350837884748,20.8442741714332,10.034581708683657,383.1960871018426,0,46,60,41,35,364,0.15761600537995965,0.216484931284278,259.0,420.0
F3_19.10,N17,N24,800.0,1,2400.0,2393.300232808079,159,17,159,88,6.699767191921296,3993.300232808079,32.23664773459758,33.68897492067456,-1,-1,38.0,38.0,242,153,9.444494590099858,14.139201594865654,11.546543339979447,229.926466307191,0,3,7,21,18,264,0.10928043039677203,0.12609280430396771,155.0,994.0
F3_19.8,N17,N24,800.0,1,2400.0,2395.7039228571603,159,17,159,86,4.296077142839749,3995.7039228571603,32.24133567151642,33.64659569636028,-1,-1,40.0,40.0,242,152,9.046623712471616,56.93965710842804,10.3999355370854,231.39970889001577,0,3,5,20,17,262,0.10928043039677203,0.12609280430396771,159.0,1021.0000000000002
F17_2.4,N17,N16,800.0,1,2400.0,2399.1946871581486,57,38,171,57,0.8053128418513325,3999.1946871581486,31.385954899077902,34.63174034949734,-1,-1,38.0,38.0,273,203,1.8767682233973288,37.17816330792175,8.78516389131085,424.9355184977492,0,11,1,22,22,266,0.0609448554135844,0.04098016139878951,864.0,165.0
F8_11.17,N17,N24,800.0,1,2400.0,2396.9664534957656,154,15,154,74,3.033546504234664,3996.9664534957656,32.81003569003582,34.27568565347736,-1,-1,27.0,27.0,219,123,1.4472108008113702,1.864747513620614,1.8365576222543392,423.9551383718041,0,35,14,84,84,243,0.2731052334784563,0.12083893745796906,753.0,396.0000000000002
F8_14.20,N17,N24,800.0,1,2400.0,2398.4166337964925,152,15,152,71,1.5833662035072393,3998.4166337964925,32.71994980537118,34.31419967067261,-1,-1,35.0,35.0,213,117,1.6315613359740206,5.575199944055839,4.52920771151065,420.27118593185384,0,30,7,82,82,238,0.26059179556153333,0.11453429724277067,759.0,405.0
F8_13.15,N17,N24,800.0,1,2400.0,2396.15044233069,160,15,160,77,3.8495576693098883,3996.15044233069,32.7896121868629,34.22576396988983,-1,-1,13.0,13.0,232,133,1.1169150132104215,13.843213907883182,3.8978609920961267,433.3465253264594,0,44,24,87,87,252,0.27950571620712844,0.124791162579025,754.0000000000001,402.0000000000001
F3_17.19,N17,N24,800.0,1,2400.0,2389.8255643583097,201,37,201,129,10.174435641690252,3989.8255643583097,30.211701547722566,30.25024178446944,-1,-1,18.0,18.0,339,277,4.0521785143110005,77.81847511886326,12.00124682128808,368.39862161153854,0,32,60,39,31,367,0.16181909885675858,0.24167787491593817,284.0,465.0000000000002
F17_2.7,N17,N16,800.0,1,2400.0,2391.0678906132234,55,37,169,55,8.93210938677646,3991.0678906132234,31.30919903473869,34.46333631152515,-1,-1,29.0,29.0,270,200,2.9906146898840467,31.896480553655238,8.48464442879725,401.62983799328464,0,9,2,26,26,261,0.0672494956287828,0.046234028244788165,944.0,164.0
F3_12.16,N17,N24,800.0,1,2400.0,2389.292070733884,198,40,198,137,10.707929266116025,3989.292070733884,29.760793388607944,30.04856794817368,1,1,38.0,38.0,336,286,3.2345980832138967,14.253579781960298,12.151852839512202,420.3491414160367,0,57,64,49,41,375,0.17022528581035642,0.2553604298819364,283.0,420.0000000000002
F3_18.5,N17,N24,800.0,1,2400.0,2389.131122638177,161,17,161,88,10.868877361822683,3989.131122638177,32.263682580529704,33.68897492067456,-1,-1,33.0,33.0,244,159,8.885225886095723,49.03329282172854,11.173088497193762,233.05137839724554,0,6,11,22,19,266,0.11768661735036988,0.13029589778076664,189.0,1081.9999999999998
F17_7.12,N17,N16,800.0,1,2400.0,2395.80922023529,57,40,171,57,4.190779764710214,3995.80922023529,31.12524807184661,34.36434728582717,1,1,9.0,9.0,292,222,0.8673860411727969,583.9163762946635,1.1200568630134513,456.0991897086196,0,11,0,23,23,268,0.06304640215198387,0.05043712172158709,985.0,147.0
F17_1.9,N17,N16,800.0,1,2400.0,2392.956739549847,58,40,169,58,7.043260450153184,3992.956739549847,31.11165100596778,34.20992172635033,1,1,6.0,6.0,295,220,1.5603614053924,19.1703720305527,9.56888645140324,450.0538658812314,0,9,0,23,23,267,0.0609448554135844,0.051551485266859626,987.0000000000002,148.0
F3_19.9,N17,N24,800.0,1,2400.0,2399.431130992718,174,18,174,92,0.5688690072822737,3999.431130992718,32.307343180828035,33.617055841195565,-1,-1,14.0,14.0,264,177,7.099502877295614,11.369448440967062,9.044221679769919,260.1899623425604,0,14,27,27,23,284,0.13326171628257846,0.13975285810356422,208.0,1173.9999999999998
F17_0.7,N17,N16,800.0,1,2400.0,2396.5066721639246,53,39,168,53,3.493327836075423,3996.5066721639246,30.909168832080226,33.97906182049201,-1,-1,34.0,34.0,293,225,3.899049045712863,94.46398272469787,9.195282471365147,359.72396740313746,0,6,1,24,24,260,0.05884330867518494,0.05674176193678548,1050.0,153.0
F8_15.18,N17,N24,800.0,1,2400.0,2398.594727746574,172,17,172,96,1.4052722534260056,3998.594727746574,32.16424721057439,33.33903961318529,-1,-1,3.0,3.0,261,179,0.7343815208695471,1.960095191363962,1.8075828604511335,569.0211999523959,0,59,38,93,93,285,0.32994283792871554,0.14290517821116341,804.0,447.0
F8_9.20,N17,N24,800.0,1,2400.0,2396.3881042378534,181,17,181,100,3.611895762146446,3996.3881042378534,31.838580402645903,32.7968676609479,-1,-1,28.0,28.0,281,184,1.4530638062080485,4.799918820399853,4.205721864471129,715.391076876389,0,54,26,84,84,298,0.34045057162071285,0.16202687377195463,773.0,397.0
F18_1.8,N17,N16,800.0,1,2400.0,2399.945188876083,63,42,156,63,0.05481112391657916,3999.945188876083,30.190028748287762,33.04116043761706,1,1,32.0,32.0,339,222,1.5929301795271593,15.12194762078434,12.209767583762893,414.2902451879298,0,22,0,31,31,261,0.09250632032118423,0.040980161398789516,1001.0,165.0
F10_7.11,N17,N16,800.0,1,2400.0,2396.122404464963,53,49,162,53,3.877595535037017,3996.122404464963,30.160014620977073,33.07710371566397,-1,-1,23.0,23.0,316,229,1.2504268792869173,195.0582461683009,10.071033929919787,406.09328716815037,0,19,2,29,29,264,0.07985877605917956,0.04308170813718897,1030.0000000000002,170.0
F2_12.9,N17,N24,800.0,1,2400.0,2390.943619661358,200,33,200,163,9.05638033864227,3990.943619661358,28.89366148411494,29.14411837841093,1,1,29.0,29.0,373,320,2.0984487992989442,11.379353702928256,9.309079292964906,598.467317518525,0,59,101,52,40,396,0.1769633554609352,0.305794181290859,322.0,417.0
F8_11.20,N17,N24,800.0,1,2400.0,2399.650521880653,174,20,174,106,0.3494781193472818,3999.650521880653,31.44549122684504,32.350537328748025,1,1,41.0,41.0,276,189,0.9774092124200574,1.2930201387423494,0.9070308223282548,750.6413510933988,0,74,52,89,89,300,0.3482457445567906,0.17295074188292547,805.0,418.0
F8_13.17,N17,N24,800.0,1,2400.0,2397.8018324536247,155,16,155,103,2.19816754637543,3997.8018324536247,31.195840494928568,31.886617474256358,-1,-1,39.0,39.0,259,190,1.5729882218331865,5.373913935126211,4.157483713659916,625.0442488458895,0,40,20,83,83,274,0.3824815063887021,0.16649885958238636,778.0,398.0
F3_17.22,N17,N24,800.0,1,2400.0,2393.626932657353,204,34,204,162,6.373067342647346,3993.626932657353,28.84230553815621,29.09277684624119,-1,-1,14.0,14.0,388,350,3.179084264558135,13.649788774149556,12.010432098672666,465.5937147105121,0,41,123,52,40,400,0.17863147276395427,0.3351967047747142,296.0,410.0
F3_12.19,N17,N24,800.0,1,2400.0,2397.10525872761,201,33,201,161,2.894741272390206,3997.10525872761,28.841334810340047,29.13243578352276,-1,-1,18.0,18.0,386,346,2.75921233612616,46.173156160432654,10.99033122611592,466.5130945244986,0,43,122,49,38,395,0.17344343476261606,0.33099361129791527,296.0,416.0
F3_19.18,N17,N24,800.0,1,2400.0,2395.7335032756855,203,34,203,161,4.266496724314493,3995.7335032756855,28.84230553815621,29.11241376429183,-1,-1,16.0,16.0,387,350,3.0425549503469975,14.094292535322666,11.599305637031346,464.7698435340866,0,43,122,51,39,398,0.1752215772150403,0.33309515803631473,301.0,404.0
F3_12.20,N17,N24,800.0,1,2400.0,2390.615969418863,206,34,206,164,9.384030581136699,3990.615969418863,28.819559134912126,29.069546437454886,-1,-1,10.0,10.0,389,353,3.4634845609485883,14.82445580240983,12.106252065653807,460.62720583141424,0,44,125,54,42,404,0.18703765971755212,0.33729825151311366,294.0,412.0
F18_1.4,N17,N16,800.0,1,2400.0,2394.1538304061314,62,49,164,62,5.846169593868353,3994.1538304061314,30.178772417797738,33.029418996807614,1,1,13.0,13.0,342,230,0.8715954041384815,205.7114000855047,11.502821804757454,449.994203218266,0,22,0,32,32,275,0.09040477358278477,0.039530705670673086,1068.9999999999998,156.0
F3_19.17,N17,N24,800.0,1,2400.0,2389.4420934850077,200,33,200,161,10.557906514992283,3989.4420934850077,28.873856324843693,29.148152621150743,-1,-1,22.0,22.0,384,344,2.6987146481244078,43.69905587850849,10.223048023225985,475.95707607621284,0,43,121,49,37,394,0.16967108587331303,0.3278412911903161,305.0,414.0
F10_0.17,N17,N16,800.0,1,2400.0,2391.0453901801625,66,55,160,66,8.954609819837628,3991.0453901801625,29.617124313228956,32.68239200264087,-1,-1,31.0,31.0,335,226,1.4965850808583665,10.597916190826936,8.935610716848187,420.76173716152607,0,27,2,35,34,281,0.0996025087839432,0.03776187166546374,1096.0,128.0
F10_0.18,N17,N16,800.0,1,2400.0,2391.0403417797816,66,54,160,66,8.959658220218671,3991.0403417797816,29.594947668599037,32.62134747885963,-1,-1,29.0,29.0,336,226,1.372308650793793,11.573131433598974,9.808966386271871,429.67152338690437,0,26,2,36,35,280,0.09877269670477472,0.038878614660390054,1096.0,128.0
F3_18.11,N17,N24,800.0,1,2400.0,2392.0268141404918,203,33,203,164,7.973185859508362,3992.0268141404918,28.822262453201233,29.047992722169123,1,1,17.0,17.0,387,311,3.167923000865575,11.374325455956978,9.025075051164006,544.3296059217889,0,55,102,52,39,400,0.1726481829572617,0.31060605163777366,334.0,404.0
F0_18.5,N17,N24,800.0,1,2400.0,2391.541681234958,190,38,190,152,8.458318765041895,3991.541681234958,28.334394171954006,28.678600428472556,-1,-1,12.0,12.0,382,344,3.2778242741972448,11.421609455125463,9.560382422241561,408.10634739910984,0,37,141,49,39,380,0.19754539340954944,0.3562121721587088,285.0000000000002,409.0
F7_19.13,N17,N24,800.0,1,2400.0,2389.248341341227,182,37,182,156,10.751658658772953,3989.248341341227,28.327640485561115,28.72180089984086,-1,-1,36.0,36.0,370,327,2.999766882616959,52.44159823123482,12.536126066379012,423.00246510336206,0,40,114,46,36,375,0.18493611297915266,0.3425521183591123,302.9999999999998,417.0
F2_18.8,N17,N24,800.0,1,2400.0,2389.423958497934,191,40,191,151,10.576041502065664,3989.423958497934,28.31663804844592,28.62998239418956,-1,-1,5.0,5.0,381,353,3.125178943781277,13.204073223946807,10.947205039159067,422.8668557355392,0,46,150,52,42,382,0.1996469401479489,0.36041526563550774,296.0,411.0
F0_18.4,N17,N24,800.0,1,2400.0,2398.7049366271813,186,40,186,157,1.2950633728186176,3998.7049366271813,27.98492173142397,28.406085254375387,1,1,28.0,28.0,379,344,2.488057083137432,11.783209246446404,10.113789570590772,471.83368798483,0,50,152,53,41,383,0.19852568646891258,0.3613264970549255,271.0,414.0
F0_12.10,N17,N24,800.0,1,2400.0,2389.1796729649536,192,41,192,152,10.820327035046375,3989.1796729649536,28.29471341829165,28.614235324622637,-1,-1,3.0,3.0,383,354,3.013331593955868,13.319205977401225,10.621146039505737,438.1035574045534,0,50,143,52,43,385,0.19754539340954944,0.3614660390047075,290.0,417.0
F10_7.14,N17,N16,800.0,1,2400.0,2392.0913441535295,66,49,155,66,7.908655846470424,3992.0913441535295,29.499196826545752,32.520249436433865,-1,-1,18.0,18.0,339,213,1.1338689077913982,97.91028535847636,9.988559326505493,419.03688246904335,0,27,5,36,36,270,0.10717888365837257,0.04308170813718898,1111.0,164.0
F10_0.19,N17,N16,800.0,1,2400.0,2396.538567691871,68,49,156,68,3.461432308129133,3996.538567691871,29.45331524312823,32.51932282517189,-1,-1,14.0,14.0,338,213,1.5248990714786983,18.71574240805171,10.45971316943026,406.58755060255095,0,29,7,38,38,273,0.11132812851088737,0.04413248150638871,1124.0,150.0
F0_19.6,N17,N24,800.0,1,2400.0,2397.725487939283,186,39,186,157,2.274512060717143,3997.725487939283,27.939674750529875,28.376075582467333,1,1,26.0,26.0,379,343,2.7408375987513587,12.202351764859259,10.451892692767101,468.1331457333,0,52,146,53,41,382,0.19692979273728742,0.36148517254248,337.0,413.0
F7_18.22,N17,N24,800.0,1,2400.0,2396.860507360786,184,40,184,155,3.139492639214268,3996.860507360786,27.619447449607215,28.296991026913815,1,1,10.0,10.0,383,342,3.9310574230101913,13.520978795779229,10.2719962282888,433.99711499848615,0,46,140,55,46,379,0.1891392064559516,0.3590815197958993,329.0,411.0
F10_2.14,N17,N16,800.0,1,2400.0,2398.1814553461354,70,48,158,70,1.8185446538647057,3998.1814553461354,29.444896083388684,32.44373210767182,1,1,36.0,36.0,332,198,1.9256235785008566,241.55554398174877,10.512652209677213,396.9054455743695,0,27,3,39,38,276,0.11773035563584869,0.047284801613987903,1163.0,176.0
F3_19.20,N17,N24,800.0,1,2400.0,2394.6819464325226,191,41,191,158,5.318053567477477,3994.6819464325226,27.283959089301895,28.28354895249159,-1,-1,3.0,3.0,409,362,2.5484526039060276,12.885763393177058,10.742126721247471,470.3767657625507,0,53,170,57,52,390,0.2072551260130175,0.36777067921990586,306.0000000000002,404.0
F17_1.13,N17,N16,800.0,1,2400.0,2391.0355430595655,66,51,154,66,8.96445694043473,3991.0355430595655,29.24040109702548,31.85973430475148,-1,-1,13.0,13.0,345,193,1.1506905321791376,161.77120799667682,8.503602284899056,436.30449643005943,0,20,2,42,41,271,0.12609280430396774,0.0441324815063887,1190.9999999999998,164.0
F10_7.15,N17,N16,800.0,1,2400.0,2398.6326631291577,74,43,146,74,1.3673368708421094,3998.6326631291577,29.312382555776296,31.917731716062807,1,1,26.0,26.0,371,189,0.9592426207025302,75.50172567109098,7.537457938323282,425.7867335365341,0,31,0,43,42,263,0.13243569528523372,0.03992938802958978,1189.0,155.0
F3_12.23,N17,N24,800.0,1,2400.0,2393.3733988445215,192,38,192,154,6.626601155478625,3993.3733988445215,26.71438672660591,28.043417640768556,1,1,7.0,7.0,416,357,2.429535879651854,11.325822418046755,8.760336781915765,412.4172008443957,0,50,153,44,41,384,0.19124075319435105,0.3740234184068677,348.0,438.0
F3_19.21,N17,N24,800.0,1,2400.0,2392.883913564011,193,38,193,153,7.116086435988905,3992.883913564011,26.712484287581518,28.03713817463041,1,1,5.0,5.0,416,355,2.7122688836195983,9.930094356479003,8.565110505276039,400.83470088694594,0,48,155,44,41,384,0.18849835729074368,0.3730245460659045,360.0000000000002,410.0
F2_18.9,N17,N24,800.0,1,2400.0,2390.9464522804906,199,42,199,154,9.053547719509538,3990.9464522804906,26.216944797975017,27.838048247456296,1,1,34.0,34.0,429,359,2.8320470246848286,11.435394385439167,10.29074138485443,461.5739229395457,0,52,157,56,51,395,0.1996469401479489,0.3814498594360196,347.0000000000002,425.0
F0_12.4,N17,N24,800.0,1,2400.0,2391.2623076990935,210,42,210,156,8.737692300906588,3991.2623076990935,26.517122384504912,27.962861940148706,-1,-1,2.0,2.0,434,359,3.1783223326277934,11.838870736100716,10.417818719864169,441.9988790084828,0,51,156,56,53,408,0.19124075319435105,0.38095804055963894,378.9999999999998,407.0
F19_0.6,N17,N16,800.0,1,2400.0,2397.0311676885963,76,59,144,76,2.9688323114036166,3997.0311676885963,28.89899362911037,31.724339656657172,-1,-1,31.0,31.0,368,200,1.7939682220586215,68.40090683132144,8.109132321947847,441.0311803651897,0,32,1,51,51,279,0.14710827168796234,0.04518325487558844,1226.0000000000002,158.0
F19_7.8,N17,N16,800.0,1,2400.0,2390.6946808733614,82,56,137,82,9.305319126638437,3990.6946808733614,28.830879184950092,31.66465660684879,-1,-1,16.0,16.0,388,198,1.9762632071172053,10.148970602579766,9.101159456905215,442.841869205315,0,38,3,57,55,275,0.15341291190316073,0.04833557498318763,1221.0,153.0
F10_1.14,N17,N16,800.0,1,2400.0,2398.170274351365,75,55,148,75,1.8297256486350761,3998.170274351365,29.00469200909068,31.84683880407055,0,0,0.0,0.0,363,210,1.4863201691757946,83.30775555601122,9.966086920823642,454.50145903965443,0,30,0,48,48,278,0.1344989912575656,0.04098016139878951,1233.0,163.0
F8_15.22,N17,N24,800.0,1,2400.0,2398.748507821096,196,27,196,118,1.251492178903959,3998.748507821096,30.686089697761172,30.934109427932405,-1,-1,22.0,22.0,310,239,1.0446142919473012,1.553774129295789,1.411878333357307,853.1298566109433,0,54,50,89,89,341,0.3698722259583053,0.19859616677874917,1064.0,379.0
F8_11.23,N17,N24,800.0,1,2400.0,2399.5874915283657,201,34,201,124,0.4125084716341689,3999.5874915283657,30.143089305642008,30.29704371769827,-1,-1,39.0,39.0,334,257,1.906722934639646,3.6798699858111377,3.4261711536017163,764.465183605541,0,46,52,80,80,359,0.359364492266308,0.22486550100874245,1043.0,395.0
F8_16.19,N17,N24,800.0,1,2400.0,2398.942925972124,204,37,204,125,1.0570740278757285,3998.942925972124,30.198480956111403,30.26840381483807,-1,-1,30.0,30.0,342,264,1.648590283831665,2.8002701706116113,1.9032177919461666,795.2184251225709,0,49,58,82,82,366,0.35726294552790855,0.23117014122394083,1039.0000000000002,392.0
F8_16.17,N17,N24,800.0,1,2400.0,2399.9594139228357,205,30,205,129,0.040586077164221024,3999.9594139228357,30.301622941985023,30.375777979072332,1,1,30.0,30.0,318,250,1.006816130985952,0.29983004751261433,0.2201235961930137,861.8650691382599,0,57,60,89,89,364,0.3672200445526546,0.21752921884788473,1075.0000000000002,402.0
F10_1.16,N17,N16,800.0,1,2400.0,2395.8285547171954,85,59,138,85,4.171445282804825,3995.8285547171954,28.62679581178034,31.476636353249873,-1,-1,36.0,36.0,381,240,0.22873843268184288,313.3605174190832,8.165084945133541,543.7580793295193,0,44,2,61,61,282,0.17022528581035642,0.03782784129119032,1248.0,169.0
F3_19.12,N17,N24,800.0,1,2400.0,2399.410979349188,176,20,176,106,0.589020650812131,3999.410979349188,31.475452050167366,32.43438246417796,-1,-1,0.0,0.0,275,190,3.8665323540003054,13.64135989834017,10.944483264496588,331.6525212897733,0,35,52,32,23,302,0.1492098184263618,0.17337760591795562,196.0,1807.0
F3_17.23,N17,N24,800.0,1,2400.0,2397.7931624740613,219,34,219,150,2.206837525938681,3997.7931624740613,25.650743798659544,27.21102634895852,-1,-1,4.0,4.0,440,361,3.001333882624422,12.166451328435187,10.853590779693052,439.13528301981654,0,52,159,58,56,403,0.1891392064559516,0.38339479031711104,415.0,406.0
F3_18.15,N17,N24,800.0,1,2400.0,2391.579114767081,221,33,221,150,8.420885232918863,3991.579114767081,25.592640869557705,27.086952638306737,1,1,41.0,41.0,447,364,2.8198992083803605,10.563760269651539,8.420222939191277,479.2070126729147,0,57,162,60,57,404,0.19727034730367246,0.38935215717138805,416.0,406.0
F3_17.25,N17,N24,800.0,1,2400.0,2392.132409269381,223,33,223,150,7.867590730619327,3992.132409269381,25.541154670565202,27.037368275265734,1,1,37.0,37.0,451,362,3.0319635659439133,9.496147363307273,8.314438841671304,481.955798496215,0,55,157,61,58,406,0.19577498042479546,0.3877580015611702,441.0,411.0
F3_17.27,N17,N24,800.0,1,2400.0,2396.6553997335345,225,35,225,148,3.3446002664653633,3996.6553997335345,25.369454623374182,26.781801150355957,1,1,29.0,29.0,451,352,2.891531446180357,12.486151628434527,10.44166504600329,481.81212324977076,0,54,148,60,57,408,0.19754539340954944,0.3914559312495506,435.0,411.0
F3_17.24,N17,N24,800.0,1,2400.0,2392.1139638340105,222,34,222,150,7.886036165989481,3992.1139638340105,25.57273380459801,27.07127692510629,1,1,39.0,39.0,448,366,2.9654012290863188,10.455213501407343,8.485055584339323,479.4325417150057,0,57,158,61,58,406,0.1962878888392193,0.38813988908103536,454.0,410.0
F0_19.7,N17,N24,800.0,1,2400.0,2398.3569079228328,214,38,214,153,1.6430920771674664,3998.3569079228328,24.819384762077867,26.27016777537981,1,1,39.0,39.0,457,371,2.206931877403727,12.099180219724758,9.798301756180615,451.03882135293213,0,56,135,53,48,405,0.20884861253969667,0.42147319297078123,369.0,409.0
F1_12.7,N17,N24,800.0,1,2400.0,2397.3984010863123,215,35,215,150,2.601598913687667,3997.3984010863123,25.014462590587886,26.52106856400689,-1,-1,12.0,12.0,447,369,3.088505150489506,114.1429445469455,9.669248099028266,408.6969420847135,0,43,133,52,47,400,0.2164593140551446,0.41820780094149296,384.0,417.0
F3_18.14,N17,N24,800.0,1,2400.0,2397.9300742948167,224,34,224,149,2.069925705183323,3997.9300742948167,25.40680895193086,26.77840670300132,1,1,31.0,31.0,449,350,2.9692848438534925,47.01640993962292,8.82175912696163,472.517020082528,0,53,147,60,57,407,0.19754539340954944,0.39059240246142174,442.0,426.0
F3_17.26,N17,N24,800.0,1,2400.0,2398.811695616877,212,38,212,153,1.188304383123068,3998.811695616877,24.843966598739488,26.288347434482446,1,1,41.0,41.0,453,371,2.258554598559954,82.67853653386737,11.720820990930646,449.595018841399,0,59,134,52,47,403,0.20962101905539512,0.422178444800573,374.0,424.0
F19_7.9,N17,N16,800.0,1,2400.0,2394.4097622770687,96,55,124,96,5.590237722931533,3994.4097622770687,28.019615802805458,31.280450985475508,-1,-1,30.0,30.0,377,235,0.6784992433397226,10.58592061361901,8.844727915362345,548.3913349342079,0,50,2,71,71,275,0.19996497822022047,0.037827841291190316,1236.0,155.0
F3_19.13,N17,N24,800.0,1,2400.0,2392.612936802733,172,19,172,108,7.387063197266798,3992.612936802733,31.333087371397642,32.17566029720125,1,1,34.0,34.0,271,191,5.413648368083786,12.405803641403054,9.751076435517893,315.76475946710457,0,26,46,33,24,299,0.1387020847343645,0.1743620401143094,191.0,1892.0
F8_15.24,N17,N24,800.0,1,2400.0,2397.4883447923817,201,37,201,129,2.511655207618219,3997.4883447923817,30.211701547722566,30.25024178446944,-1,-1,18.0,18.0,339,277,1.4089474796241472,4.080827780757772,4.045154302652786,809.0969807347368,0,53,60,85,85,367,0.3551613987895091,0.24167787491593817,1193.0,395.0
F1_18.6,N17,N24,800.0,1,2400.0,2390.7502716051654,216,48,216,150,9.24972839483462,3990.7502716051654,24.322682705854877,25.942048946499284,-1,-1,30.0,30.0,471,366,5.01572123691174,13.110214263331727,11.796025803080761,342.2764673992239,0,33,112,49,45,414,0.18703765971755212,0.42136012104909215,405.0,411.0
F19_0.7,N17,N16,800.0,1,2400.0,2395.0031856000855,105,59,115,105,4.9968143999145695,3995.0031856000855,27.483271155277198,31.17314878344359,-1,-1,2.0,2.0,389,222,0.6813672507711241,9.09837419291921,7.212621461663136,547.4518934608587,0,50,6,77,76,279,0.21435776731674513,0.04098016139878951,1281.0,165.0
F3_17.20,N17,N24,800.0,1,2400.0,2394.5463121757866,204,31,204,125,5.453687824213603,3994.5463121757866,30.351928867854323,30.440517554050786,1,1,37.0,37.0,318,252,3.2000516968383668,12.140160165856514,10.390769058939279,409.9139183603771,0,51,64,41,35,360,0.1618328722290131,0.21445951074289266,247.0,1113.0
F17_7.24,N17,N16,800.0,1,2400.0,2396.3905621843633,97,55,122,97,3.609437815636852,3996.3905621843633,27.801465816062155,31.306039589090854,-1,-1,17.0,17.0,382,227,0.660080392918424,110.92671728683194,9.09633226094234,547.6258522148975,0,48,5,72,72,274,0.20595158036314729,0.03992938802958978,1235.0000000000002,212.0
F1_19.7,N17,N24,800.0,1,2400.0,2395.8683798122374,223,53,223,154,4.131620187762337,3995.8683798122374,24.273738036323657,25.896095033018668,-1,-1,13.0,13.0,475,368,4.00824553040391,12.18866640820238,10.590829138721205,385.00337775940307,0,40,129,54,47,430,0.19886571736833886,0.4255632145258911,396.0,462.0
F2_12.10,N17,N24,800.0,1,2400.0,2395.135809262888,224,53,224,155,4.864190737112153,3995.135809262888,24.273738036323657,25.87435777567817,-1,-1,11.0,11.0,478,368,3.9661878119774507,12.046859095917625,10.211083117965446,395.8796509891549,0,41,129,55,48,432,0.20174848688634836,0.4255632145258911,400.0,452.0
F2_19.9,N17,N24,800.0,1,2400.0,2394.796286061647,226,53,226,154,5.203713938352848,3994.796286061647,24.239294182305333,25.83740940754732,-1,-1,9.0,9.0,479,368,3.8776284046781444,11.473519153346615,9.627983661934303,405.76396941990953,0,44,132,56,49,433,0.20174848688634836,0.4255632145258911,395.0,462.0
F2_18.11,N17,N24,800.0,1,2400.0,2395.2253209686614,227,53,227,154,4.7746790313385645,3995.2253209686614,24.239294182305333,25.802338394297763,-1,-1,7.0,7.0,480,368,3.664812762518056,12.381746544650696,10.071131912112607,412.6194840800103,0,47,141,57,50,434,0.20385003362474782,0.4255632145258911,406.0,418.0
F3_18.17,N17,N24,800.0,1,2400.0,2398.4531255273223,223,52,223,149,1.546874472677473,3998.4531255273223,23.97823140238319,25.402250652224446,1,1,9.0,9.0,483,358,2.233682204319581,11.670107220773616,9.52080809306164,446.4169711180469,0,48,120,47,40,424,0.1828345662407532,0.4323867587470063,419.0,417.0
F3_19.22,N17,N24,800.0,1,2400.0,2393.0284911206327,228,53,228,156,6.971508879367548,3993.0284911206327,24.211519839066032,25.76885675741824,-1,-1,3.0,3.0,481,369,3.508502035863054,12.649792904928972,10.647430286532538,440.3981392231129,0,52,140,58,51,437,0.20174848688634836,0.4255632145258911,456.0,420.0
F10_0.29,N17,N16,800.0,1,2400.0,2399.481939359378,101,57,115,101,0.5180606406222523,3999.481939359378,27.496612443222453,31.18205418179267,-1,-1,2.0,2.0,384,224,0.7057842633077911,17.435919311566977,8.733190914007576,536.9077269262054,0,49,6,77,75,273,0.21435776731674513,0.040980161398789516,1293.9999999999998,227.0
F8_13.19,N17,N24,800.0,1,2400.0,2399.8416357030223,193,36,193,139,0.15836429697776566,3999.8416357030223,29.441776956848287,29.81584844800083,1,1,0.0,0.0,332,290,1.501436524215522,4.807120173605199,4.145702454839044,1048.4467021146884,0,54,65,83,83,368,0.3446536650975118,0.2549579936698987,1253.0000000000002,418.0
F3_18.18,N17,N24,800.0,1,2400.0,2399.905798103797,234,55,234,150,0.09420189620266228,3999.905798103797,23.81606589206666,25.3664804121079,-1,-1,13.0,13.0,492,373,3.1372402167255857,12.236029212176618,10.099415651916445,456.11066466388235,0,40,137,57,48,439,0.1933422999327505,0.43930923443719516,405.0,451.0
F3_17.28,N17,N24,800.0,1,2400.0,2397.8973125843486,235,55,235,150,2.1026874156511894,3997.8973125843486,23.807320011081973,25.375369946569368,-1,-1,11.0,11.0,493,373,3.030514621295576,11.62837211332203,10.437711455969126,468.2883231966052,0,41,132,58,49,440,0.1933422999327505,0.4402740416946873,422.0,411.0
F3_18.16,N17,N24,800.0,1,2400.0,2390.2693601606734,233,55,233,150,9.730639839326386,3990.2693601606734,23.81606589206666,25.364695723921315,-1,-1,14.0,14.0,490,374,3.10459032838925,61.884738398902755,11.544811215001015,448.3799836169179,0,40,134,56,47,438,0.19544384667114997,0.4392232683254876,403.0,466.0
F18_0.14,N17,N16,800.0,1,2400.0,2398.267808409326,119,73,101,119,1.7321915906738923,3998.267808409326,25.909787652970707,30.43526674646426,-1,-1,19.0,19.0,428,222,0.7720141270789953,11.600159223054789,10.11167757614363,551.4237259767198,0,53,2,89,87,293,0.23747478143913922,0.04413248150638871,1216.9999999999998,215.0
F18_1.16,N17,N16,800.0,1,2400.0,2395.068358976023,114,63,102,114,4.9316410239772495,3995.068358976023,26.620994904093134,30.82403664297085,1,1,7.0,7.0,435,228,0.5978346237387863,31.182629647695194,10.290970500145779,539.548520951148,0,42,0,85,84,279,0.22070066527538137,0.04203093476798924,1259.0,209.0
F18_2.18,N17,N16,800.0,1,2400.0,2395.858411346431,108,77,88,108,4.141588653569215,3995.858411346431,25.671157623159246,30.121876685087884,1,1,6.0,6.0,438,240,0.538858832108774,51.576398096088724,0.36919081728248626,630.0670244047705,0,45,0,89,87,273,0.21649851077228738,0.04734218164162032,1163.0,214.0
F1_18.8,N17,N24,800.0,1,2400.0,2397.4439352561167,229,50,229,151,2.5560647438834394,3997.4439352561167,23.433680932758993,24.990141825753266,1,1,11.0,11.0,486,363,3.208419684348911,12.119110651410892,9.9205789191304,443.66202180888064,0,47,139,55,46,430,0.18703765971755212,0.43502017484868866,428.0,411.0
F0_12.8,N17,N24,800.0,1,2400.0,2394.0370368686313,240,44,240,142,5.962963131368838,3994.0370368686313,22.986904370214,24.790666464498763,-1,-1,0.0,0.0,489,366,2.5939213871263687,112.81712086570542,11.166036872424135,453.6061757635556,0,56,146,53,45,426,0.18493611297915266,0.4434263618022865,377.0,407.0
F18_2.16,N17,N16,800.0,1,2400.0,2392.670068003042,111,82,89,111,7.3299319969577255,3992.670068003042,25.62060350934879,30.067087571551955,0,0,1.0,1.0,446,240,0.684500532926926,11.22471064111619,9.241253326111432,642.9223720503799,0,48,0,91,90,282,0.21439601643909162,0.047284801613987903,1209.0,199.0
F18_2.19,N17,N16,800.0,1,2400.0,2392.636888432741,113,81,89,113,7.3631115672585565,3992.636888432741,25.57273380459801,30.067087571551955,-1,-1,39.0,39.0,448,242,0.7612465730673041,12.15559649751367,9.611630951437904,648.5307159991622,0,46,2,92,92,283,0.2164593140551446,0.0472848016139879,1216.0,205.0
F18_1.17,N17,N16,800.0,1,2400.0,2398.970604850535,114,81,89,114,1.029395149465131,3998.970604850535,25.541154670565202,30.057335190599574,-1,-1,37.0,37.0,451,242,0.7011682685784305,17.63201927294699,8.884400887306375,641.9365073369668,0,46,2,93,93,284,0.21691487059650386,0.04833557498318763,1220.0,198.0
F8_13.20,N17,N24,800.0,1,2400.0,2395.162121452464,194,35,194,138,4.837878547535865,3995.162121452464,29.439753739532286,29.822446277384632,-1,-1,38.0,38.0,332,298,1.3445692588049685,5.273739678013044,4.50019443891648,1148.5583234453075,0,59,68,85,85,367,0.3446536650975118,0.2563887020847344,1325.9999999999998,433.9999999999998
F0_18.6,N17,N24,800.0,1,2400.0,2395.4540805998718,237,53,237,149,4.545919400128241,3995.4540805998718,23.786412934910608,25.351546135487418,-1,-1,5.0,5.0,497,375,3.255481558356981,12.257050329679942,10.591360321468668,483.4186261146988,0,50,141,61,52,439,0.1996469401479489,0.4402740416946873,474.0,450.0
F0_19.10,N17,N24,800.0,1,2400.0,2389.4820133636576,240,42,240,144,10.517986636342243,3989.4820133636576,22.955752029241523,24.766830173903433,1,1,39.0,39.0,490,367,2.7546819919810797,11.457785516807917,10.46053595753844,466.35823753484243,0,57,150,55,47,426,0.1828345662407532,0.4434263618022865,379.0,447.0
F2_12.12,N17,N24,800.0,1,2400.0,2398.858150935832,240,43,240,145,1.1418490641679,3998.858150935832,22.94991004111096,24.76640875160317,1,1,38.0,38.0,490,366,2.8259938842438492,12.647579239216839,10.771270398958256,472.9509502458734,0,57,146,56,48,428,0.18493611297915266,0.4443602024340969,375.0,459.0
F8_9.1,N17,N16,800.0,-1,2400.0,1276.1159411159788,29,18,33,29,476.07482656414703,2876.115941115979,49.230769230769226,0.0,-2,1,15.0,15.0,31,21,13.951199950172395,1202.0970260781198,13.951199950172395,177.8226943659657,0,0,0,1,1,80,0.012609280430396773,0.0073554135843981175,33.0,134.00000000000006
F8_13.0,N17,N16,800.0,-1,2400.0,1070.333083213174,37,31,37,37,270.30517505401417,2670.333083213174,46.11390232485567,37.66153846153846,-2,-1,10.0,10.0,42,28,12.996622251664737,74.0818952095317,12.402709462546968,180.85971977945914,0,0,0,7,6,105,0.025218560860793545,0.014710827168796235,21.0,133.0
F4_16.1,N17,N16,800.0,1,2400.0,2320.576027272483,17,10,32,17,79.42397272751725,3920.576027272483,49.230769230769226,0.0,1,-1,8.0,8.0,19,10,9.240384244467725,47.59301862506936,8.916791273208602,271.8532340650095,0,0,0,3,2,59,0.050296313812681064,0.0010507733691997312,137.0,170.0
F8_9.0,N17,N16,800.0,-1,2400.0,950.0603789063919,42,34,34,42,150.0360719617911,2550.0603789063916,45.77977431886355,37.66153846153846,-2,1,38.0,38.0,48,34,13.12735391073783,94.10912531591373,12.992339041073837,181.3307377386437,0,0,0,6,6,110,0.023117014122394083,0.014710827168796235,13.0,184.0
F4_9.1,N17,N16,800.0,1,2400.0,1849.043494840561,35,27,38,35,550.9565051594393,3449.043494840561,49.230769230769226,38.4,1,-1,28.0,28.0,39,28,8.816048570606807,156.82421436586583,8.595229593179752,281.2273755897937,0,0,0,2,1,100,0.04833557498318763,0.013660053799596504,94.0,144.0
F8_16.0,N17,N16,800.0,-1,2400.0,860.9300118011834,48,36,32,48,60.92750924591667,2460.9300118011834,42.618891990405544,38.02476015560251,-2,-1,23.0,23.0,53,37,13.628396335925492,643.8546436006935,13.634409718648362,194.9802081840635,0,0,0,6,2,116,0.0336247478143914,0.038878614660390054,5.0,143.0
F8_14.2,N17,N16,800.0,1,2400.0,1601.6000127828147,43,36,32,43,798.3999872171855,3201.6000127828147,45.809796886977196,37.66153846153846,1,1,33.0,33.0,49,34,10.130257964169314,17.866737254925184,13.434871120036197,2.1064419403178527,0,0,0,0,0,111,0.24038461538461536,0.0,63.0,143.0
F8_7.0,N17,N16,800.0,1,2400.0,1911.7422413837721,29,16,33,29,488.25775861622805,3511.742241383772,49.230769230769226,0.0,1,1,23.0,23.0,31,20,12.356040558235115,52.24747586974627,11.066570824294487,208.7145151778537,0,0,0,4,4,78,0.06514794889038333,0.006304640215198386,140.0,155.0
F8_17.2,N17,N24,800.0,1,2400.0,1887.4453296745487,5,0,5,71,512.5546703254515,3487.4453296745487,46.00606290261463,37.52368265053579,1,-1,41.0,41.0,44,15,3.2255182314867294,154.05147908524214,12.884456373466136,258.655389988481,0,13,0,8,1,76,0.06051079291084268,0.0010507733691997312,91.0,133.0
F4_17.0,N17,N24,800.0,-1,2400.0,1407.9501408635106,5,0,5,67,607.8849499187545,3007.9501408635106,46.00606290261463,37.41579235031781,-2,1,1.0,1.0,43,17,9.88134311536494,200.0,9.88134311536494,230.75121602794732,0,0,0,0,0,72,0.0021015467383994624,0.0010507733691997312,62.0,168.0
F8_17.0,N17,N24,800.0,1,2400.0,2390.0128909129235,2,0,2,41,9.987109087076533,3990.0128909129235,49.230769230769226,0.0,-1,1,10.0,10.0,19,12,13.082644865723655,20.30428089701354,12.390050673330302,208.45058025477027,0,1,0,4,0,43,0.0336247478143914,0.0,193.00000000000006,165.0
F8_14.3,N17,N16,800.0,1,2400.0,2133.538364703418,34,26,38,34,266.4616352965819,3733.538364703418,49.230769230769226,38.4,-1,-1,29.0,29.0,38,28,9.21374053496943,290.7291085046677,10.10714907363741,226.37100856392655,0,3,0,6,5,98,0.05043712172158709,0.013660053799596504,121.0,181.0
F8_9.2,N17,N16,800.0,1,2400.0,2117.8224098391834,29,18,33,29,282.17759016081675,3717.8224098391834,49.230769230769226,0.0,1,1,17.0,17.0,31,20,11.334866909238196,14.871063729590105,10.72646605891304,210.3146170429271,0,0,0,8,8,80,0.07355413584398117,0.0073554135843981175,151.00000000000006,200.0
F8_14.0,N17,N16,800.0,1,2400.0,2363.095685119688,17,8,33,17,36.90431488031186,3963.095685119688,49.230769230769226,0.0,-1,-1,10.0,10.0,19,9,10.587735532316069,15.25075049338352,11.930129122721889,208.45058025477027,0,1,0,9,9,58,0.05884330867518494,0.0010507733691997312,186.99999999999994,204.0
F8_9.3,N17,N16,800.0,-1,2400.0,1386.555784650025,41,35,28,41,586.549202472033,2986.555784650025,43.70541047482498,37.689502942093426,-2,1,4.0,4.0,47,31,11.99473434074009,13.706523432220564,11.710621465688371,198.64048932004044,0,0,0,9,9,104,0.023117014122394083,0.03362474781439139,53.00000000000006,198.0
F4_13.1,N17,N16,800.0,1,2400.0,1673.992221132874,44,32,28,44,726.0077788671258,3273.992221132874,43.70541047482498,37.689502942093426,-1,0,0.0,0.0,50,33,0.0,54.93534591020034,0.0,299.12919091483354,0,1,0,1,1,104,0.0609448554135844,0.03467552118359112,72.99999999999994,186.0
F4_11.2,N17,N16,800.0,1,2400.0,1908.5406672797972,41,40,29,41,491.45933272020284,3508.540667279797,43.99044204981151,38.62881906825569,-1,1,19.0,19.0,47,33,5.916654250017466,32.971706521654596,8.713173341349378,292.0403190595024,0,1,0,3,2,110,0.05884330867518494,0.03362474781439139,92.0,194.0
F4_13.0,N17,N16,800.0,-1,2400.0,908.6026908119577,53,41,28,53,108.57928689996686,2508.6026908119575,38.574628740139374,38.305368810466746,-2,1,27.0,27.0,56,56,11.867344283102483,125.36000769475345,13.567491163587437,201.39168573456965,0,0,0,17,12,122,0.05884330867518494,0.04833557498318763,10.0,189.0
F4_9.2,N17,N16,800.0,-1,2400.0,1514.545812427496,48,38,31,48,714.4061401286681,3114.545812427496,42.08180258467718,38.10753967801573,-2,-1,19.0,19.0,53,37,12.130731451702612,96.60423775967189,12.196467554525265,196.6151503739439,0,0,0,20,17,117,0.0441324815063887,0.038878614660390054,59.0,185.0
F4_11.3,N17,N16,800.0,-1,2400.0,830.3501284331896,68,33,31,68,30.328094888932924,2430.3501284331896,38.13530392353853,35.8728418192183,-2,-1,33.0,33.0,73,62,10.983801802817029,69.61471589994449,11.382940834508336,218.9261168105636,0,3,3,17,13,132,0.0609448554135844,0.05148789509078682,3.0,172.0
F6_13.1,N17,N16,800.0,1,2400.0,1626.827054925419,50,42,31,50,773.1729450745811,3226.827054925419,38.76846293886249,38.305368810466746,1,1,36.0,36.0,53,50,6.372467302929476,7.167688261766216,6.372467302929476,241.82869643972472,0,0,0,1,1,123,0.07145258910558171,0.04203093476798925,69.0,155.0
F8_17.1,N17,N24,800.0,1,2400.0,1611.5128150189148,5,2,5,69,788.4871849810851,3211.512815018915,42.618891990405544,37.87190150048084,-1,1,24.0,24.0,53,28,0.0,200.0,0.0,229.4863431645164,0,3,0,0,0,76,0.06304640215198387,0.004203093476798925,106.0,147.0
F4_11.0,N17,N16,800.0,1,2400.0,1664.4106275296085,50,37,33,50,735.5893724703915,3264.4106275296085,40.54917232172787,38.55659721826377,1,-1,14.0,14.0,55,39,8.322287301732727,50.87622080459323,8.551570809355363,289.2098311156445,0,0,0,0,0,120,0.06323777120282696,0.038878614660390054,78.0,170.0
F4_17.1,N17,N24,800.0,1,2400.0,1611.7152481554313,6,1,6,71,788.2847518445687,3211.7152481554313,43.70541047482498,37.87190150048084,-1,-1,0.0,0.0,50,26,0.7727799481903913,200.0,0.7727799481903913,299.12919091483354,0,1,0,0,0,78,0.02942165433759247,0.003152320107599193,80.00000000000006,190.0
F8_15.0,N17,N16,800.0,1,2400.0,2234.4420144388155,29,16,32,29,165.55798556118464,3834.4420144388155,49.230769230769226,0.0,1,1,28.0,28.0,31,19,11.757751456925375,14.998920219138881,10.472524697446616,207.54351913506366,0,0,0,10,10,77,0.06514794889038333,0.005253866845998656,172.99999999999994,217.0
F5_17.0,N17,N24,800.0,-1,2400.0,1572.2657965247222,3,3,3,69,772.2191437909094,3172.265796524722,38.574628740139374,37.70617497978255,-2,-1,27.0,27.0,56,32,11.801377129203178,923.9025387901456,11.801377129203178,230.14559566507094,0,0,0,1,1,75,0.004203093476798925,0.006304640215198387,74.0,150.0
F4_11.1,N17,N16,800.0,1,2400.0,2394.4774355779173,37,31,38,37,5.522564422082837,3994.4774355779173,46.9996805088083,37.66153846153846,1,-1,9.0,9.0,42,28,8.608840827340183,33.7785827504033,8.254310397957019,277.6861263555319,0,0,0,7,6,106,0.05884330867518494,0.014710827168796235,170.00000000000006,216.0
F8_11.3,N17,N16,800.0,1,2400.0,2395.9024049928935,35,28,39,35,4.09759500710652,3995.9024049928935,49.68756733462616,38.4,-1,-1,20.0,20.0,39,29,7.028785992613351,195.20065579141328,14.301001300207409,238.31115717319054,0,6,0,10,10,102,0.08403586860378301,0.013660053799596504,186.99999999999994,220.0
F5_16.1,N17,N16,800.0,1,2400.0,2397.947105048988,43,36,32,43,2.052894951012263,3997.947105048988,45.809796886977196,37.66153846153846,1,1,33.0,33.0,49,34,8.546710998447713,57.60985740615229,10.73206332637826,238.56682835234176,0,0,0,14,13,111,0.08488155563224811,0.01996469401479489,163.00000000000006,216.0
F5_11.0,N17,N16,800.0,1,2400.0,2398.1373238017327,42,37,29,42,1.862676198267195,3998.1373238017327,43.99044204981151,37.971614301191764,1,1,14.0,14.0,48,34,11.262611633617723,52.37825594742321,11.635143026590713,215.42190570013994,0,0,0,9,9,108,0.0777572293207801,0.03362474781439139,149.0,224.0
F4_13.2,N17,N16,800.0,1,2400.0,2398.628324768629,42,34,28,42,1.3716752313706593,3998.628324768629,43.70541047482498,37.689502942093426,-1,1,3.0,3.0,48,31,7.548517989130825,241.16851335429214,7.632158122448995,291.28689148595447,0,1,0,10,9,104,0.05674176193678548,0.03362474781439139,161.0,212.0
F8_9.4,N17,N16,800.0,-1,2400.0,1307.6769755438859,61,38,24,61,507.63210473702514,2907.676975543886,38.326916455597775,38.305368810466746,-2,1,10.0,10.0,67,62,11.45490609223221,24.548677050969957,12.033560620956047,204.35498803616215,0,0,0,22,20,123,0.05884330867518494,0.04938634835238736,47.0,230.0
F4_11.4,N17,N16,800.0,1,2400.0,2393.0261753015234,43,33,28,43,6.973824698476619,3993.0261753015234,43.70541047482498,37.689502942093426,-1,1,1.0,1.0,49,31,8.60940583748117,430.3226064479902,8.60940583748117,295.3290741311576,0,1,0,1,1,104,0.031523201075991936,0.03362474781439139,160.00000000000006,218.0
F4_13.5,N17,N16,800.0,1,2400.0,2021.5945034917677,53,41,32,53,378.4054965082325,3621.5945034917677,38.68818713615771,38.305368810466746,0,-1,2.0,2.0,58,42,8.679635418379561,101.43483501003857,8.679635418379561,283.96916538698537,0,0,1,1,1,126,0.037827841291190316,0.04308170813718897,119.0,210.0
F4_13.4,N17,N16,800.0,1,2400.0,2399.3035451697447,47,32,30,47,0.696454830255334,3999.3035451697447,43.70541047482498,37.68478692891964,1,-1,38.0,38.0,53,32,8.615612025031496,9.892539264017614,8.896543046892933,283.70371867760423,0,0,0,11,11,109,0.05884330867518494,0.035726294552790853,165.0,199.0
F4_15.0,N17,N16,800.0,1,2400.0,1783.7955118473974,52,39,35,52,616.2044881526024,3383.7955118473974,40.54917232172787,38.55659721826377,1,-1,9.0,9.0,57,39,8.118597618114295,106.52725424029722,7.629710770917296,281.3068897316583,0,0,0,3,3,126,0.06514794889038333,0.039929388029589785,130.0,262.0
F4_15.1,N17,N16,800.0,1,2400.0,2399.6273792518978,45,32,28,45,0.3726207481020083,3999.6273792518978,43.70541047482498,37.689502942093426,1,-1,40.0,40.0,51,33,8.837839173994013,74.63123897861965,10.41446630664149,282.4791888508601,0,0,0,10,10,105,0.05928680045699725,0.03467552118359112,169.0,267.0
F5_7.1,N17,N16,800.0,1,2400.0,2208.193874087667,67,34,28,67,191.80612591233296,3808.193874087667,38.18614449314659,36.487049592969335,1,1,1.0,1.0,72,62,9.858534271565173,10.70534207975652,8.70724118538481,225.2953606531414,0,0,0,10,8,129,0.07565568258238063,0.04833557498318763,148.0,199.0
F4_16.3,N17,N16,800.0,1,2400.0,2393.51120224491,43,35,33,43,6.488797755090218,3993.51120224491,45.77977431886355,37.66153846153846,-1,1,35.0,35.0,49,34,7.424675799205825,25.571174889031,8.078605968550564,289.76164439749914,0,1,0,9,8,111,0.0609448554135844,0.017863147276395427,209.0,271.0
F4_15.3,N17,N16,800.0,1,2400.0,2395.383075064849,56,41,33,56,4.616924935150905,3995.383075064849,40.54917232172787,38.55659721826377,1,-1,6.0,6.0,61,41,8.36300174149589,57.36329173723993,7.889872946727433,284.7299279630751,0,0,1,10,10,130,0.06428159879187172,0.040980161398789516,162.0,256.0
F4_17.2,N17,N24,800.0,1,2400.0,2398.0766700632134,8,7,8,66,1.9233299367865584,3998.0766700632134,37.20345664255221,37.535151945079136,1,1,2.0,2.0,80,57,7.589864335164355,8.219232842056272,7.0649400196403525,294.9096263491562,0,0,0,2,0,81,0.0336247478143914,0.006304640215198386,168.0,154.0
F5_7.0,N17,N16,800.0,1,2400.0,2396.484224013745,63,38,26,63,3.5157759862549938,3996.484224013745,38.326916455597775,38.305368810466746,1,1,8.0,8.0,69,62,10.011435559999034,75.97836551460387,9.97130018169496,226.7706435317525,0,0,0,12,10,127,0.07145258910558171,0.04938634835238736,164.0,206.0
F4_13.3,N17,N16,800.0,1,2400.0,2283.4955674201233,53,40,33,53,116.50443257987672,3883.4955674201233,38.68818713615771,38.305368810466746,1,-1,0.0,0.0,58,42,8.641177940537021,60.320612581724845,9.629494576373844,286.2324644094217,0,0,1,7,7,126,0.06304640215198387,0.04272127063947906,155.0,269.9999999999999
F8_13.7,N17,N16,800.0,1,2400.0,2391.805991804752,67,35,28,67,8.194008195247761,3991.805991804752,38.18614449314659,36.88654905093884,1,1,2.0,2.0,72,62,9.816975221332514,13.322819875343157,11.168685090748632,228.0773952474657,0,0,0,16,14,130,0.07355413584398117,0.048990506111927144,158.0,260.9999999999999
F8_7.3,N17,N16,800.0,1,2400.0,2230.179936717701,78,42,36,78,169.82006328229886,3830.179936717701,37.15309126860177,36.456179066738635,1,1,37.0,37.0,87,91,5.282511549747772,12.564564063840635,10.442771639272435,272.70151843688745,0,8,0,19,19,156,0.1050773369199731,0.05989408204438468,169.0,210.0
F8_13.2,N17,N16,800.0,1,2400.0,2394.3376685204876,48,38,32,48,5.662331479512318,3994.3376685204876,40.77663093781427,38.56703703281469,-1,-1,16.0,16.0,53,39,7.1062998898498515,12.930057238600284,10.024206469127604,251.96269458845273,0,6,0,11,11,118,0.0882649630127774,0.038878614660390054,189.0,305.9999999999999
F8_16.1,N17,N16,800.0,1,2400.0,2038.8351333347032,54,40,28,54,361.164866665297,3638.835133334703,38.574628740139374,38.305368810466746,1,1,26.0,26.0,58,56,9.616810409083122,200.0,9.616810409083122,224.83858464983442,0,0,0,0,0,122,0.06514794889038333,0.049573273626132994,152.0,307.0000000000001
F8_15.1,N17,N16,800.0,1,2400.0,2390.4451827854487,54,40,33,54,9.554817214551463,3990.4451827854487,40.54917232172787,38.55659721826377,-1,-1,7.0,7.0,59,41,6.840081133225377,38.09888343820262,11.39910276163405,259.4658657834171,0,11,0,13,13,127,0.09667114996637526,0.039929388029589785,186.0,308.0
F6_13.3,N17,N16,800.0,1,2400.0,2393.4804975097877,56,40,28,56,6.519502490212517,3993.4804975097877,38.574628740139374,38.305368810466746,1,1,24.0,24.0,60,56,10.063217909184404,12.078818338045949,10.551434506639596,224.14550820484166,0,0,0,7,6,124,0.06100220226460076,0.05148789509078682,167.0,304.0000000000001
F4_19.1,N17,N24,800.0,1,2400.0,2396.9680765053467,12,17,12,69,3.031923494653256,3996.9680765053467,36.73066979475318,35.209855842395505,1,1,22.0,22.0,99,73,8.746217678199796,11.059791761208999,8.649771655098252,296.86562886785737,0,0,0,7,5,98,0.0336247478143914,0.0073554135843981175,166.0,177.0000000000001
F6_14.0,N17,N16,800.0,1,2400.0,2397.2630464034314,56,40,28,56,2.7369535965686964,3997.2630464034314,38.574628740139374,38.305368810466746,1,1,24.0,24.0,60,56,10.108319455440936,10.651132469451113,9.115038969892517,224.14550820484166,0,0,0,12,12,124,0.09246805648957633,0.05148789509078682,169.0,361.9999999999999
F5_13.1,N17,N16,800.0,1,2400.0,2311.266326900649,60,39,23,60,88.73367309935088,3911.266326900649,38.326916455597775,38.305368810466746,1,1,13.0,13.0,66,62,10.010424933178019,12.671299364507831,9.54344837786606,226.52621075735698,0,0,0,13,13,122,0.09246805648957633,0.04938634835238736,161.0,378.0
F8_13.3,N17,N16,800.0,1,2400.0,2398.5987214737884,50,42,30,50,1.401278526211513,3998.5987214737884,38.376304935301974,38.305368810466746,1,1,32.0,32.0,53,54,9.676694196953758,176.49029386443635,10.462116594785467,229.04900236422296,0,0,0,10,10,122,0.08616341627437794,0.04518325487558844,174.0,394.9999999999999
F8_9.6,N17,N16,800.0,1,2400.0,2399.292037262852,59,41,27,59,0.7079627371482502,3999.292037262852,38.574628740139374,38.305368810466746,1,1,20.0,20.0,64,61,10.199508999294071,14.401140168431084,11.120894213978518,222.96095763210528,0,0,0,14,14,127,0.0945696032279758,0.050617236498482196,170.0,387.9999999999999
F4_16.6,N17,N16,800.0,1,2400.0,2395.316958166811,52,41,32,52,4.683041833188895,3995.316958166811,38.53214194848432,38.305368810466746,0,-1,1.0,1.0,57,42,8.368763769461996,18.29839013168248,7.78991424164193,281.074081876261,0,0,1,11,11,125,0.06514794889038333,0.04308170813718897,209.0,387.0000000000001
F4_16.4,N17,N16,800.0,1,2400.0,2397.2137642334374,55,41,32,55,2.786235766562527,3997.2137642334374,39.42533161632364,38.305368810466746,1,-1,2.0,2.0,60,41,9.252818775219673,25.934960425867757,8.975301216806306,283.45077578751994,0,0,1,3,3,128,0.037827841291190316,0.04203093476798924,211.0,437.0
F8_13.4,N17,N16,800.0,1,2400.0,2399.11475039178,54,40,28,54,0.8852496082197376,3999.11475039178,38.574628740139374,38.305368810466746,1,1,26.0,26.0,58,56,10.289917273659423,12.915329936465923,10.23839691165538,224.83858464983442,0,0,0,10,10,122,0.08616341627437794,0.049573273626132994,172.0,459.0000000000001
F6_15.0,N17,N16,800.0,1,2400.0,2188.597985582927,68,33,30,68,211.40201441707313,3788.597985582927,38.18614449314659,36.41340852266947,-1,-1,39.0,39.0,73,63,9.860646061458862,12.346846620398082,9.720457747354725,226.65586322214224,0,0,0,14,13,131,0.0945696032279758,0.048742701725195126,148.0,465.0000000000001
F6_13.6,N17,N16,800.0,1,2400.0,2390.554603729536,68,33,29,68,9.445396270463561,3990.554603729536,38.18614449314659,36.3738019124566,0,0,2.0,2.0,73,62,9.982055164759446,25.079018168301218,9.994279880694105,227.74705194306634,0,0,0,17,15,130,0.07565568258238063,0.04833557498318763,159.0,467.9999999999999
F4_15.2,N17,N16,800.0,1,2400.0,2000.293217085577,68,33,30,68,399.70678291442294,3600.293217085577,38.18614449314659,36.28679826134234,1,-1,41.0,41.0,73,64,4.363704619847025,21.897381648686178,8.726255049462527,337.9933020367684,0,6,0,12,12,131,0.06913543140255231,0.04833557498318763,168.0,524.0
F8_11.5,N17,N16,800.0,1,2400.0,2399.352742006049,68,32,35,68,0.6472579939510297,3999.352742006049,37.61502247068239,35.999719385179446,-1,-1,12.0,12.0,73,70,7.930963840251889,12.393204575620757,11.140081304360708,251.09489526023776,0,10,5,20,18,135,0.08406186953597848,0.057792535305985215,177.0,499.0
F4_9.4,N17,N16,800.0,1,2400.0,2213.000445040331,67,33,31,67,186.9995549596689,3813.000445040331,38.13530392353853,35.81820769124048,1,-1,34.0,34.0,72,61,6.932987243330202,186.3006402239539,8.208086171504123,312.96645235990354,0,0,2,13,13,131,0.06514794889038333,0.050880681899691006,170.0,520.0000000000001
F8_7.9,N17,N16,800.0,1,2400.0,2242.3455659192105,78,104,38,78,157.65443408078943,3842.3455659192105,34.60595110136044,35.172505066142705,1,1,21.0,21.0,95,180,9.694515600687893,13.273544102755295,10.31685540514771,221.67768162180616,0,0,28,16,16,220,0.1109471697589202,0.1444072774490316,160.0,211.0
F8_7.10,N17,N16,800.0,1,2400.0,2394.1323089549815,77,104,41,77,5.867691045018319,3994.1323089549815,34.38217804858523,35.29433414267667,1,1,34.0,34.0,92,177,6.360667821708669,59.59279731193942,13.518785539790036,254.06161645891464,0,9,31,19,15,222,0.0945696032279758,0.1387020847343645,175.0,202.0
F8_17.9,N17,N24,800.0,1,2400.0,2391.8592085651812,16,60,16,88,8.14079143481888,3991.8592085651812,34.48085372719681,34.00096734971965,-1,1,11.0,11.0,113,79,7.54029247545526,12.413129332314156,11.236323687495865,248.85467099331208,0,11,0,22,3,164,0.09667114996637526,0.0168123739071957,186.9999999999999,141.0
F8_14.6,N17,N16,800.0,1,2400.0,2390.271240481493,67,34,36,67,9.728759518506877,3990.271240481493,37.932808975263576,35.45084766795422,-1,-1,15.0,15.0,72,68,7.756730394969099,309.9900140296468,11.818378031510525,252.87828270919687,0,10,5,19,17,137,0.08196032279757902,0.057792535305985215,183.0,510.9999999999999
F8_7.12,N17,N16,800.0,1,2400.0,2016.4139994965417,77,114,47,77,383.5860005034584,3616.4139994965417,34.45883355739171,34.63847994181717,1,1,21.0,21.0,101,228,5.7401564353415875,16.285000447618813,11.599164548052366,245.5800695580484,0,0,34,18,16,238,0.11138197713517149,0.16632532030585853,145.9999999999999,160.0
F4_19.6,N17,N24,800.0,1,2400.0,2395.8731759794564,18,73,18,90,4.126824020543381,3995.8731759794564,34.1214262912643,34.25862146586855,1,1,34.0,34.0,93,70,8.141893031281647,147.08719048752323,7.030558554969609,278.9639689635462,0,0,0,11,7,181,0.0441324815063887,0.014710827168796235,160.0,138.0
F8_14.8,N17,N16,800.0,1,2400.0,2397.507503561065,84,53,36,84,2.4924964389350635,3997.507503561065,36.79248691614858,37.06432719351498,-1,-1,30.0,30.0,93,107,9.544376140235231,69.31197970404492,11.509013269060665,224.1607837336102,0,0,5,15,15,173,0.09246805648957633,0.09005449999242482,134.0,571.9999999999999
F4_11.7,N17,N16,800.0,1,2400.0,2393.7640889055338,70,33,37,70,6.235911094466019,3993.7640889055338,37.258592039037815,36.2425835434071,1,-1,7.0,7.0,75,75,7.802129016674989,8.96049098618505,7.441681663119994,293.5900730048541,0,0,5,10,10,140,0.0672494956287828,0.057792535305985215,209.0,570.0000000000001
F8_9.8,N17,N16,800.0,1,2400.0,2390.493682555418,80,54,35,80,9.506317444581782,3990.493682555418,36.79248691614858,37.06432719351498,-1,-1,39.0,39.0,89,99,10.571200047424185,18.518269593238756,10.722891981555671,217.02817023352205,0,0,1,14,14,169,0.095537389792466,0.08576756587204537,150.0,570.0
F4_18.10,N17,N24,800.0,1,2400.0,2397.055074984619,24,88,24,69,2.9449250153813864,3997.055074984619,33.94437083029614,34.25950499855349,1,1,27.0,27.0,103,84,8.308765456587869,110.22989082299682,10.567185088630362,273.74062943807036,0,0,0,4,4,181,0.02942165433759247,0.027320107599193007,172.0,178.0
F8_17.10,N17,N24,800.0,1,2400.0,2395.5228337077097,25,88,25,69,4.477166292290576,3995.5228337077097,33.94437083029614,34.25950499855349,-1,1,26.0,26.0,104,85,9.358187893158535,68.13483818900727,13.85177700245671,234.70486417612506,0,2,0,23,5,182,0.11348352387357095,0.027320107599193007,231.0,145.0
F4_15.4,N17,N16,800.0,1,2400.0,2398.9760589042003,70,32,36,70,1.0239410957998416,3998.9760589042003,37.54843630698303,35.999719385179446,1,-1,10.0,10.0,75,73,7.741659268091033,339.87822245992515,7.174614996360777,296.92050867693797,0,0,5,9,9,138,0.0672494956287828,0.057792535305985215,225.0,714.9999999999999
F4_15.5,N17,N16,800.0,1,2400.0,2393.6249536728183,77,40,36,77,6.375046327181735,3993.6249536728183,37.15309126860177,36.456179066738635,-1,1,39.0,39.0,86,91,7.076200064719116,6.495796431285044,5.5581105425043456,299.48218276680376,0,1,1,13,11,153,0.05884330867518494,0.05884330867518495,223.0,718.9999999999999
F8_16.14,N17,N24,800.0,1,2400.0,2392.896622734189,27,91,27,69,7.103377265810991,3992.896622734189,33.94437083029614,34.260562135382344,-1,1,23.0,23.0,107,86,9.190352459093319,13.45977128268214,10.76913093591373,232.09390473029524,0,5,0,23,2,187,0.11978816408876934,0.027320107599193007,239.0,194.0
F4_14.2,N17,N16,800.0,1,2400.0,2398.2429121023383,86,54,36,86,1.7570878976616768,3998.2429121023383,36.78451407358789,36.883479989913816,1,-1,26.0,26.0,96,110,7.522976274007831,10.152737491150447,9.018711680051082,299.41252003972807,0,0,9,13,13,176,0.06304640215198387,0.0914172831203766,170.0,760.0
F4_15.6,N17,N16,800.0,1,2400.0,2391.9151263338485,88,56,36,88,8.084873666151452,3991.9151263338485,36.73066979475318,36.883479989913816,1,-1,21.0,21.0,100,115,7.772600284879838,11.117619896788028,8.463129190788216,294.5616679953843,0,0,14,15,14,180,0.06935104236718224,0.0914172831203766,171.0,764.9999999999999
F8_16.6,N17,N16,800.0,1,2400.0,2392.3180090720457,91,56,35,91,7.681990927954303,3992.3180090720457,36.73066979475318,36.884199934153145,-1,-1,19.0,19.0,103,116,6.029360771302004,32.3318471088744,11.385193602786838,256.88347187163924,0,13,15,16,14,182,0.09036650975117687,0.0914172831203766,180.0,779.9999999999999
F8_14.9,N17,N16,800.0,1,2400.0,1858.5394494598095,75,76,27,75,541.4605505401906,3458.5394494598095,35.48960697652435,36.9849067604665,1,1,7.0,7.0,86,120,11.592610259225264,71.67171400758662,10.981028288255535,216.774343878584,0,0,0,2,2,178,0.08196032279757902,0.09840608261398306,128.0,783.9999999999999
F4_12.16,N17,N24,800.0,1,2400.0,2396.324020425789,53,139,53,67,3.675979574210942,3996.324020425789,33.35348000204709,33.95258044058521,1,1,22.0,22.0,145,83,8.082280453397702,8.726602029653122,7.337396096964875,291.8285891977297,0,0,0,4,2,259,0.04000170050613635,0.02942165433759247,170.0,162.0
F4_9.27,N17,N24,800.0,1,2400.0,2396.066837519089,51,139,51,67,3.933162480911278,3996.066837519089,33.35348000204709,33.92385909571476,1,1,24.0,24.0,143,83,8.157471632112326,9.185516685693074,8.329577049693002,289.4159125853129,0,0,0,3,1,257,0.04050626505270815,0.02942165433759247,168.0,170.0
F8_13.9,N17,N16,800.0,1,2400.0,2119.803065714997,75,74,27,75,280.19693428500284,3719.803065714997,35.57056758927346,36.9849067604665,1,1,9.0,9.0,86,119,11.99063689912367,44.26087390005728,12.103912929788232,217.2345743332044,0,0,0,4,4,176,0.0777572293207801,0.09737171756114141,148.0,932.0000000000001
F8_9.20,N17,N24,800.0,1,2400.0,2394.333565264722,28,117,28,74,5.666434735277903,3994.333565264722,33.70667446573329,34.17944160055165,-1,1,30.0,30.0,112,90,6.128661955461793,12.663754480609441,9.957447867448144,248.54833690389003,0,11,0,29,13,219,0.11768661735036988,0.024167787491593814,416.0,190.0
F4_12.18,N17,N24,800.0,1,2400.0,2392.093179181802,67,139,67,66,7.9068208181981845,3992.093179181802,33.07018939129908,34.03278135749578,-1,-1,2.0,2.0,153,87,7.179854653027084,94.97948432461476,7.7024234507279905,300.51736660479685,0,3,5,13,12,272,0.08406186953597848,0.03257397444519166,202.0,175.0
F8_16.18,N17,N24,800.0,1,2400.0,2394.213182137519,32,127,32,69,5.786817862480916,3994.213182137519,33.66327492806006,34.18648167086648,-1,1,4.0,4.0,117,97,5.459940690360343,12.894362428473642,10.58823257377351,305.7223093120841,0,32,0,14,0,228,0.0904104436253438,0.025218560860793545,448.0,166.0
F4_12.21,N17,N24,800.0,1,2400.0,2397.7268659404444,84,146,84,71,2.273134059555332,3997.7268659404444,32.88255678341685,33.96348392708057,-1,-1,27.0,27.0,167,102,6.857339180161895,7.680252324365711,6.904028231456839,298.7595194194912,0,3,3,7,6,301,0.05884330867518494,0.037827841291190316,196.0,138.0
F8_17.13,N17,N24,800.0,1,2400.0,2395.7212466681603,34,127,34,69,4.27875333183988,3995.7212466681603,33.66327492806006,34.265989638545015,-1,1,3.0,3.0,119,95,4.133614787910642,11.66853537446923,9.178653853678757,305.2190767644068,0,32,0,43,18,230,0.1492098184263618,0.025218560860793545,460.0,160.0
F8_15.12,N17,N24,800.0,1,2400.0,2241.7138068708746,39,127,39,73,158.28619312912542,3841.7138068708746,33.57237753867549,34.23507775779707,1,-1,19.0,19.0,106,95,2.495429959734349,93.07099861234929,8.115095958914164,294.3760785127761,0,26,1,42,19,239,0.1555144586415602,0.027320107599193007,445.0,207.0
F8_15.13,N17,N24,800.0,1,2400.0,2397.3418817940214,38,127,38,72,2.6581182059784396,3997.3418817940214,33.575921211267016,34.272190763132954,1,-1,28.0,28.0,107,98,3.047535537302319,32.803987205624026,10.36888165462855,303.8922710658389,0,30,0,47,21,237,0.1597175521183591,0.026204893046950083,471.0,192.0
F8_9.26,N17,N24,800.0,1,2400.0,2398.1933006862037,76,145,76,68,1.8066993137961163,3998.1933006862037,32.93550766764824,33.9692453585155,-1,0,0.0,0.0,164,98,0.7966213335483211,6.042955093517321,4.22913059242935,627.8459677319416,0,37,1,92,43,289,0.22906859448554137,0.03572629455279086,223.0,191.0
F4_11.19,N17,N24,800.0,1,2400.0,2395.4897523088453,87,148,87,61,4.5102476911547456,3995.4897523088453,32.7220798541901,33.883539582374645,1,1,29.0,29.0,169,104,7.567142128166492,9.752465513560992,8.145111724861954,285.7525852626269,0,0,0,11,9,296,0.08624033599837207,0.048844946785789684,189.0,172.0
F3_17.17,N17,N24,800.0,1,2400.0,2397.885151264678,95,148,95,63,2.1148487353220844,3997.885151264678,32.657694686829494,33.92921736564909,-1,1,5.0,5.0,180,105,6.463425962319385,9.05133529017894,10.800368441228962,297.80559030474365,0,4,0,6,1,306,0.05253866845998655,0.04722261287059107,185.0,159.0
F4_14.19,N17,N24,800.0,1,2400.0,2396.575486143668,78,146,78,68,3.424513856332055,3996.575486143668,32.884573304047805,33.962781661643575,-1,-1,37.0,37.0,164,100,8.257143365143484,70.70104326862838,7.732124038853034,287.09146025965043,0,0,1,3,2,292,0.054640215198386015,0.035726294552790853,228.0,182.0
F4_9.32,N17,N24,800.0,1,2400.0,2393.505202574454,87,149,87,60,6.494797425546153,3993.505202574454,32.72139063500304,33.91412384650055,1,1,26.0,26.0,169,105,7.808989362507488,16.306375037720727,8.777712284768212,282.27655279849574,0,0,0,11,10,296,0.08541407305558753,0.04938634835238736,193.0,172.0
F4_13.26,N17,N24,800.0,1,2400.0,2392.5584318246556,110,137,110,53,7.441568175344514,3992.5584318246556,32.25266042504623,33.86782917805336,1,1,11.0,11.0,202,115,8.979021395449509,10.9432518647493,9.557476496875763,283.30904333885286,0,0,0,11,10,300,0.05491269274336812,0.07040181573638198,165.0,164.99999999999977
F4_13.25,N17,N24,800.0,1,2400.0,2398.418992895537,106,139,106,54,1.5810071044628558,3998.418992895537,32.24797134484789,33.86571279242118,1,1,16.0,16.0,199,114,8.21395995326692,10.137037623756669,8.808920492143384,283.6142161817116,0,0,0,15,15,299,0.09036650975117687,0.06514794889038332,175.0,169.0
F8_14.22,N17,N24,800.0,1,2400.0,2394.830411979135,94,139,94,60,5.169588020864808,3994.830411979135,32.30973711065111,34.00073086911519,-1,1,41.0,41.0,185,106,9.907800359661554,206.6617832961051,10.911546017330364,701.3433459412753,0,32,3,5,0,293,0.035726294552790853,0.05121021822875005,174.0,203.0
F4_11.22,N17,N24,800.0,1,2400.0,2398.0467778091866,104,139,104,56,1.9532221908134488,3998.0467778091866,32.24797134484789,33.85777310564779,1,1,18.0,18.0,196,115,7.963360616786914,27.386690847858517,6.83312895058304,283.23490702071166,0,0,0,15,15,299,0.09036650975117687,0.06304640215198386,185.0,177.0
F4_9.34,N17,N24,800.0,1,2400.0,2393.3847642798887,93,138,93,59,6.615235720111286,3993.3847642798887,32.28717007302194,33.99112190660143,1,1,36.0,36.0,184,114,4.860849904967887,50.124657786474245,7.599145014225572,350.98650113828097,0,8,0,19,19,290,0.09850229531707166,0.05136987934467554,185.0,202.00000000000023
F3_19.21,N17,N24,800.0,1,2400.0,2392.7012228292197,111,137,111,53,7.298777170780113,3992.7012228292197,32.15137187743063,33.85071652538507,1,-1,40.0,40.0,206,117,7.21643843534204,88.09336004897409,7.75682607923317,289.7665010410664,0,1,0,10,3,301,0.057009315801221476,0.0746049092131809,182.0,169.0
F4_17.17,N17,N24,800.0,1,2400.0,2395.957449368373,99,146,99,67,4.042550631626682,3995.957449368373,32.52014136449781,34.02249625075377,-1,-1,24.0,24.0,187,96,6.5199799294516385,32.6901972649614,7.485235238517671,307.4680981200638,0,5,0,21,21,312,0.1050773369199731,0.04833557498318763,219.0,199.99999999999977
F4_14.25,N17,N24,800.0,1,2400.0,2394.082677308043,105,143,105,41,5.917322691957111,3994.082677308043,31.781855546788243,33.803123064871905,1,1,12.0,12.0,202,157,8.400895976792553,10.59081068372052,9.238997324405599,284.171202348217,0,0,0,8,8,289,0.06304640215198387,0.07985877605917956,163.0,172.0
F8_17.18,N17,N24,800.0,1,2400.0,2254.2093401636457,45,137,45,72,145.7906598363545,3854.2093401636457,33.52211250523928,33.98436758402696,1,-1,38.0,38.0,122,93,1.2507152214221355,13.16778818673447,11.46249445221904,400.6163536897666,0,36,0,61,25,254,0.18203095068223565,0.022066240753194355,616.0,164.0
F8_15.18,N17,N24,800.0,1,2400.0,2397.6583508123704,109,138,109,49,2.3416491876294003,3997.6583508123704,32.21321111837069,33.874013890087824,-1,1,7.0,7.0,202,114,7.199222076528094,339.906753924394,10.037169228712031,961.6764849964421,0,45,0,6,1,296,0.031523201075991936,0.07126612188775694,216.0,201.00000000000023
F3_12.20,N17,N24,800.0,1,2400.0,2398.526416050105,113,139,113,53,1.4735839498947598,3998.526416050105,32.0803470956211,33.88594029478119,1,-1,20.0,20.0,208,109,8.80826710065711,56.53185887181371,9.157046792820148,261.2065616976402,0,0,4,9,3,305,0.054640215198386015,0.07565568258238063,192.0,196.99999999999977
F8_14.19,N17,N24,800.0,1,2400.0,2219.9213556193913,45,137,45,74,180.07864438060858,3819.9213556193913,33.54713705234474,33.8897923472351,1,-1,33.0,33.0,124,91,1.5675672948980162,13.33084462188799,10.518532006345998,380.9275787796952,0,28,0,60,24,256,0.18677139225579487,0.023117014122394086,617.0,225.0
F4_17.21,N17,N24,800.0,1,2400.0,2393.6270333930006,111,147,111,52,6.372966606999398,3993.6270333930006,31.452058182072705,33.59568669428782,1,1,2.0,2.0,185,185,8.807372437607059,9.774957545982716,8.742632860393806,288.85469923786036,0,0,0,3,3,310,0.05253866845998655,0.08818783836512684,165.0,184.0
F3_19.25,N17,N24,800.0,1,2400.0,2392.429153192826,118,147,118,54,7.57084680717378,3992.429153192826,31.449316639603346,33.595285042670625,-1,0,1.0,1.0,193,181,6.78922501328098,12.395014165795601,8.255412136627257,281.639369103687,0,5,0,16,12,319,0.0945696032279758,0.09003157446584292,190.0,158.0
F8_11.8,N17,N16,800.0,1,2400.0,2398.061754740375,79,75,28,79,1.9382452596249777,3998.061754740375,35.32728247519137,36.5920572589374,-1,-1,39.0,39.0,91,117,9.855136579945246,13.873817697991399,11.880173522426475,223.80945294565262,0,2,2,11,10,182,0.08406186953597848,0.09508699704922366,147.0,1371.0
F8_17.15,N17,N24,800.0,1,2400.0,2398.1621050186623,43,136,43,73,1.8378949813377403,3998.1621050186623,33.51043486853216,34.07196927690129,-1,1,2.0,2.0,120,95,1.6526845639597672,16.372939681890102,10.757876581963998,404.792190609534,0,37,0,65,28,252,0.18703765971755212,0.023117014122394086,650.0,300.0
F4_16.24,N17,N24,800.0,1,2400.0,2395.9432316972648,119,147,119,54,4.056768302735236,3995.9432316972648,31.449316639603346,33.608402784028804,0,0,0.0,0.0,194,180,7.922113581069648,8.055950304838007,6.24789336857639,296.234282978514,0,0,0,15,14,320,0.10297579018157364,0.09036650975117687,219.0,204.0
F4_17.23,N17,N24,800.0,1,2400.0,2397.8782450580343,114,147,114,54,2.121754941965605,3997.8782450580343,31.452058182072705,33.59972995496607,1,1,0.0,0.0,189,183,9.118530192404798,13.628161285748092,8.897198998701393,289.8331437377544,0,0,0,4,4,315,0.054640215198386015,0.08931573638197715,170.0,261.0
F7_12.18,N17,N24,800.0,1,2400.0,2395.766765103498,126,139,126,62,4.233234896502154,3995.766765103498,31.317872541530214,33.658501469814595,1,-1,12.0,12.0,206,181,8.979245371352135,9.184568520311359,7.785480198755138,260.68487480794363,0,0,1,15,9,327,0.09246805648957633,0.10271236050902309,177.99999999999977,225.0
F2_12.19,N17,N24,800.0,1,2400.0,2397.05993341778,120,135,120,60,2.940066582219856,3997.05993341778,31.194664324223965,33.6210429523284,-1,1,36.0,36.0,200,187,7.992318425876762,9.79337225301606,8.546522062043294,268.4265966756131,0,0,1,19,11,315,0.09877269670477472,0.10120088092153844,207.0,174.0
F8_13.24,N17,N24,800.0,1,2400.0,2396.6111815673758,62,140,62,63,3.3888184326240207,3996.6111815673758,33.258212885833586,34.03234776026828,-1,1,3.0,3.0,149,82,1.2683758563232308,85.33321758745114,9.048890204144286,502.9979249912514,0,34,0,78,34,265,0.20595158036314729,0.02837088096839274,681.0,206.0
F7_12.15,N17,N24,800.0,1,2400.0,2398.516851142454,125,135,125,62,1.4831488575459844,3998.516851142454,31.21456132855376,33.57637025949567,-1,1,16.0,16.0,208,188,6.216840473493688,10.380883837935926,9.223024762497769,301.9926373381323,0,8,0,20,14,322,0.09667114996637526,0.09060433530678137,210.0,222.0
F3_18.21,N17,N24,800.0,1,2400.0,2397.1870224450713,121,135,121,58,2.812977554928466,3997.1870224450713,31.194664324223965,33.6210429523284,-1,1,34.0,34.0,201,190,7.875590568281079,8.98337107796965,7.99616062451041,271.8621289165306,0,2,0,20,12,314,0.09667114996637526,0.10094268723551003,206.0,240.0
F7_17.17,N17,N24,800.0,1,2400.0,2392.091444008389,118,137,118,70,7.908555991611138,3992.091444008389,30.998694470872227,33.47572999349372,1,-1,32.0,32.0,198,185,7.334345137914939,10.662092294563081,9.418250515025925,281.45791273774444,0,0,1,18,14,325,0.0915549189972766,0.09246805648957633,178.99999999999977,228.0
F7_17.20,N17,N24,800.0,1,2400.0,2393.8653552172023,126,130,126,77,6.13464478279775,3993.8653552172023,30.77128216124515,33.47921100748098,1,-1,4.0,4.0,208,188,8.935933721828622,10.992750180792655,9.339379511620738,261.41241171266086,0,0,11,16,13,333,0.0945696032279758,0.10507733691997312,171.0,215.0
F7_18.18,N17,N24,800.0,1,2400.0,2395.2447168334984,127,130,127,77,4.75528316650184,3995.2447168334984,30.779419786566823,33.48238830555573,1,-1,2.0,2.0,207,189,8.80458361702089,11.476967071088211,7.771820941285149,266.6953418492478,0,0,11,16,14,334,0.09491710440904,0.10507733691997312,177.99999999999977,207.0
F8_11.7,N17,N16,800.0,1,2400.0,2394.637478604165,82,73,29,82,5.3625213958349605,3994.637478604165,35.32728247519137,36.58906647777615,-1,-1,37.0,37.0,94,117,9.352492930282901,11.399037986888743,10.757552580286632,226.33584909969062,0,3,6,12,11,184,0.08406186953597848,0.0960384486912518,144.0,1535.0
F4_15.7,N17,N16,800.0,1,2400.0,2399.9764984224075,95,55,37,95,0.023501577592355716,3999.9764984224075,36.73066979475318,36.87820484470185,1,-1,13.0,13.0,108,115,8.141650409248427,13.781207357737685,8.935358095847338,294.92855594298294,0,0,16,18,16,187,0.07355413584398117,0.0914172831203766,223.0,1544.0
F2_12.20,N17,N24,800.0,1,2400.0,2399.7116045728453,130,135,130,68,0.288395427154569,3999.7116045728453,30.618908100582793,33.28517557284731,1,-1,40.0,40.0,212,193,5.953591694027494,10.051015914781601,8.334261991915032,308.35488286069375,0,8,0,27,25,333,0.10525580692024254,0.09351882985877606,206.0,217.0
F3_17.19,N17,N24,800.0,1,2400.0,2399.5146931070108,130,135,130,68,0.4853068929893425,3999.5146931070108,30.669292781814587,33.28517557284731,-1,0,0.0,0.0,214,192,5.453908890298124,44.8649972384942,8.757997988356365,321.9957352783583,0,12,0,27,24,333,0.10717888365837257,0.09351882985877606,204.0,224.0
F8_11.25,N17,N24,800.0,1,2400.0,2397.2702452936783,70,143,70,63,2.7297547063219554,3997.2702452936783,33.02240365701588,33.93669551760123,-1,1,10.0,10.0,158,100,0.8529245959978029,44.505788519679754,4.186558070710167,584.6511101564555,0,28,0,86,38,276,0.22276395427034298,0.03782784129119032,744.0,240.0
F7_17.19,N17,N24,800.0,1,2400.0,2394.822044141415,130,133,130,74,5.177955858585051,3994.822044141415,30.48582578611541,33.24444833042904,1,-1,6.0,6.0,213,192,8.52312084233009,104.91302898793924,9.55593192034425,262.87557204797724,0,0,6,20,17,337,0.1108626365508542,0.10928043039677204,176.0,221.0
F8_16.21,N17,N24,800.0,1,2400.0,2399.6844820395463,68,143,68,58,0.3155179604538034,3999.6844820395463,33.064933183351584,33.9454271853722,-1,1,22.0,22.0,158,100,1.0343597692542836,48.491743244321015,0.9997235356442252,539.9976757395023,0,22,0,84,36,269,0.21435776731674513,0.02942165433759247,691.9999999999998,308.0
F8_16.22,N17,N24,800.0,1,2400.0,2338.2166838474727,71,145,71,66,61.78331615252716,3938.2166838474727,32.99065448838133,33.93699753225796,-1,1,6.0,6.0,159,99,0.7842506641540793,1.032342715222967,0.9626693789620995,577.2149188370648,0,30,0,85,37,282,0.2269670477471419,0.037827841291190316,678.0,308.0
F4_13.45,N17,N24,800.0,1,2400.0,2396.8304285468766,129,138,129,67,3.169571453123581,3996.8304285468766,30.436114140695764,33.090195323828546,1,1,30.0,30.0,204,196,6.908596970200299,11.669633588522174,8.957071711822904,315.18785425702924,0,0,0,17,17,334,0.10238824326769401,0.11033120376597177,180.0,261.0
F8_17.21,N17,N24,800.0,1,2400.0,2395.7486921740697,78,146,78,68,4.251307825930212,3995.7486921740697,32.884573304047805,33.962781661643575,1,-1,37.0,37.0,164,100,0.7130633647180763,0.6035768455672041,0.586731972174284,634.2247901563359,0,35,1,92,43,292,0.22906859448554137,0.035726294552790853,745.9999999999998,281.0
F3_19.26,N17,N24,800.0,1,2400.0,2391.7318918689134,130,133,130,68,8.268108131086592,3991.7318918689134,30.705082886966647,33.35591341428395,-1,1,12.0,12.0,213,194,6.350701790203526,17.848228091786495,9.37435490585665,300.56800933395346,0,8,0,24,21,331,0.09877269670477472,0.10346101826874672,202.0,325.0
F7_19.25,N17,N24,800.0,1,2400.0,2394.292372897524,120,138,120,70,5.707627102476067,3994.292372897524,29.987972463572323,33.01084429873028,1,-1,5.0,5.0,196,199,9.020049278064977,42.48025506503541,9.85633517340923,261.9031654869293,0,0,13,12,6,328,0.09246805648957633,0.1323974445191661,181.0,222.0
F3_12.22,N17,N24,800.0,1,2400.0,2395.331296702694,123,131,123,70,4.66870329730591,3995.331296702694,30.751365303125993,33.422673963593724,-1,1,31.0,31.0,206,189,7.146747585076906,8.903555836489659,7.622198910889596,285.6603539222124,0,3,4,19,15,324,0.09877269670477472,0.1034703356829201,202.0,410.0
F2_18.21,N17,N24,800.0,1,2400.0,2398.7654217027844,115,139,115,71,1.2345782972155348,3998.7654217027844,30.00900021110333,33.01006031816869,1,-1,11.0,11.0,186,196,9.034776593807571,11.035270389656034,8.698664971025257,258.28752158169476,0,0,10,13,6,325,0.0882649630127774,0.13023066840543365,160.0,287.0
F8_11.10,N17,N16,800.0,1,2400.0,2391.145638696057,84,83,35,84,8.85436130394271,3991.145638696057,35.18847042613424,36.52028879051715,-1,-1,10.0,10.0,96,127,8.196539928441192,12.67516245221941,10.09798566239503,241.63218200359617,0,10,16,18,17,202,0.08616341627437794,0.1082296570275723,176.0,1689.0
F8_16.8,N17,N16,800.0,1,2400.0,2398.848738894405,83,83,34,83,1.1512611055949264,3998.848738894405,35.18847042613424,36.58085567646703,-1,-1,11.0,11.0,95,129,7.287891245859076,11.769074129083947,10.188358734136619,240.90372540513235,0,10,15,20,19,200,0.12399125756556827,0.1082296570275723,181.0,1688.0000000000002
F4_14.29,N17,N24,800.0,1,2400.0,2392.7731460638406,118,143,118,69,7.226853936159159,3992.7731460638406,30.12102092563775,32.99270908220847,-1,-1,32.0,32.0,190,200,7.58981135751972,9.307215713025016,8.474559658995782,291.226714114466,0,0,3,14,13,330,0.09667114996637526,0.11438323942756587,226.0,267.0
F2_19.13,N17,N24,800.0,1,2400.0,2391.966778177848,128,133,128,66,8.033221822152086,3991.966778177848,30.779302993097357,33.36518877529268,-1,1,17.0,17.0,213,195,6.398367206520223,10.155202848342242,8.941737047793522,301.16365643717575,0,6,4,23,19,327,0.09877269670477472,0.1030152251489306,213.0,419.0
F3_18.24,N17,N24,800.0,1,2400.0,2397.7177563538785,109,137,109,59,2.282243646121401,3997.7177563538785,29.917317600454968,32.91415409136634,-1,1,3.0,3.0,183,215,7.156352808107833,11.233921207893673,9.283502232654541,286.3111705407723,0,5,6,16,10,305,0.09667114996637526,0.12720851158286153,196.0,245.0
F3_18.22,N17,N24,800.0,1,2400.0,2391.7053109330095,127,132,127,66,8.294689066990372,3991.7053109330095,30.772321609419812,33.382445846757975,-1,1,19.0,19.0,212,192,6.624769578283239,15.047178413915844,9.965604499487117,296.6180872201929,0,5,4,22,18,325,0.0945696032279758,0.10319730513750883,207.0,438.0
F3_17.18,N17,N24,800.0,1,2400.0,2397.5725820161183,124,131,124,67,2.4274179838816963,3997.5725820161183,30.76484300451494,33.40478526890322,-1,1,24.0,24.0,207,189,7.13406164457176,50.4036397244472,8.348093754022168,287.2696070527414,0,5,0,20,16,322,0.09667114996637526,0.10299515550158597,207.00000000000023,495.0
F8_17.22,N17,N24,800.0,1,2400.0,2394.711735840023,75,145,75,67,5.288264159977189,3994.711735840023,32.96695239432602,33.96179718006654,-1,1,1.0,1.0,162,97,0.8948490673609246,11.443868890331032,7.807030477729908,590.8751421253778,0,33,0,90,42,287,0.23117014122394083,0.03582211880027166,750.9999999999998,469.0
F3_19.27,N17,N24,800.0,1,2400.0,2399.8895358435198,113,135,113,58,0.11046415648024777,3999.8895358435198,29.85847729039609,32.92031973860652,1,-1,34.0,34.0,186,229,8.307276217514794,63.373325378464415,6.999892258982866,265.7797766464305,0,0,7,16,11,306,0.0882649630127774,0.13029589778076664,192.0,297.0
F7_12.25,N17,N24,800.0,1,2400.0,2394.450375795298,110,126,110,64,5.549624204701786,3994.450375795298,29.428961601741637,32.46883331331871,1,-1,23.0,23.0,191,258,7.862917242308435,8.903762505901113,8.01020097665479,273.36864554645416,0,0,21,18,12,300,0.09877269670477472,0.14080363147276395,174.0,310.0
F2_19.14,N17,N24,800.0,1,2400.0,2392.54058733447,113,125,113,50,7.459412665530067,3992.54058733447,29.709457183848183,32.65561517463005,-1,1,9.0,9.0,195,249,7.154121657195377,22.95228645465204,10.751283504072696,283.65714724554215,0,5,0,25,18,288,0.10717888365837257,0.1305572290433842,188.0,336.0
F8_17.25,N17,N24,800.0,1,2400.0,2399.862249943801,100,139,100,57,0.13775005619902458,3999.862249943801,32.24797134484789,33.846613793944336,-1,1,21.0,21.0,192,116,0.9070538245778994,4.098800618309497,3.0088864101022175,774.6621214442501,0,38,0,91,45,296,0.2626933422999328,0.060944855413584395,845.9999999999998,314.0
F8_13.26,N17,N24,800.0,1,2400.0,2399.799844813305,104,139,104,56,0.20015518669515586,3999.799844813305,32.24797134484789,33.85777310564779,-1,1,18.0,18.0,196,115,0.8346135300597983,4.758635782157171,3.243353507934283,817.9238490418586,0,39,0,92,46,299,0.26479488903833226,0.06304640215198386,856.9999999999998,308.0
F7_18.21,N17,N24,800.0,1,2400.0,2392.5303132966083,117,143,117,68,7.469686703391972,3992.5303132966083,30.145568233820143,32.99270908220847,1,-1,33.0,33.0,190,199,5.148781618914905,90.11624024619505,9.502578340318092,302.92508522778036,0,5,3,19,15,328,0.09736115002706995,0.11348352387357094,178.0,500.0
F8_16.9,N17,N16,800.0,1,2400.0,2389.4770252975245,80,85,35,80,10.522974702475608,3989.4770252975245,34.916981070826104,36.4284320713583,-1,-1,0.0,0.0,93,143,5.761127172456916,59.02707954677817,10.93404297837717,260.4447965592814,0,15,17,21,20,200,0.11558507061197042,0.11348352387357097,178.0,1815.0
F3_12.23,N17,N24,800.0,1,2400.0,2397.7108700263243,115,135,115,72,2.2891299736754718,3997.7108700263243,29.914866258171624,32.97170160657486,-1,1,29.0,29.0,193,203,9.013619304517018,9.842119692345932,8.33230895167783,261.04357503576676,0,0,6,14,7,322,0.0945696032279758,0.13598127961076883,204.0,505.0
F8_7.20,N17,N24,800.0,1,2400.0,2398.143521509807,110,140,110,48,1.8564784901926714,3998.143521509807,31.92624834160539,33.768656443190494,-1,1,31.0,31.0,207,141,1.0023083437829479,1.7990377033531786,1.6317433486252035,1432.0503174440626,0,42,0,89,46,298,0.2521856086079355,0.07693436379183077,877.9999999999998,298.0
F2_18.22,N17,N24,800.0,1,2400.0,2394.4299085697794,96,122,96,60,5.570091430220373,3994.4299085697794,28.98268584086888,32.02971849977786,-1,0,1.0,1.0,177,263,6.3155237418595185,9.376042629609628,7.303973061429932,298.7327117870315,0,8,13,15,7,278,0.09246805648957633,0.15027971781951271,183.0,329.0
F2_12.22,N17,N24,800.0,1,2400.0,2395.2883879365104,95,122,95,61,4.711612063489611,3995.2883879365104,28.97082179406439,32.0209339990327,1,-1,41.0,41.0,176,263,6.838393761428033,9.021317805483932,7.962074429326367,290.4115492726959,0,6,15,15,7,278,0.09183291339300129,0.15026059179556153,186.0,320.0
F4_14.5,N17,N16,800.0,1,2400.0,2392.475089968037,82,83,31,82,7.524910031962918,3992.475089968037,35.13919773411744,35.70175973463364,-1,1,34.0,34.0,95,141,7.378026104839835,8.693230280536454,7.30709207329072,322.30419849514846,0,3,9,2,2,196,0.02101546738399462,0.1145342972427707,205.0,1753.0000000000005
F8_9.12,N17,N16,800.0,1,2400.0,2391.8974533615456,87,95,28,87,8.102546638454442,3991.8974533615456,34.61755327588203,35.71171937958819,0,0,0.0,0.0,101,137,10.827910805812758,13.734306042367052,10.186342017537386,211.01926322421866,0,0,1,15,14,210,0.10087424344317418,0.13660053799596503,170.0,1760.0
F4_14.3,N17,N16,800.0,1,2400.0,2399.860164372266,80,81,30,80,0.13983562773410085,3999.860164372266,35.13919773411744,35.88549933190719,-1,1,36.0,36.0,93,142,3.2652562087806154,7.471736399532801,6.860609516935004,319.873834616727,0,2,11,5,5,191,0.05253866845998655,0.11251826653369598,213.9999999999999,1754.0
F3_19.30,N17,N24,800.0,1,2400.0,2396.2713551691545,74,116,74,48,3.728644830845383,3996.2713551691545,28.44513103110162,30.61157576856962,-1,0,1.0,1.0,179,310,7.128709529375276,106.30357653811416,8.646819720123007,295.8704198781725,0,6,43,19,5,238,0.0882649630127774,0.14815904505716207,188.0,315.0
F8_11.29,N17,N24,800.0,1,2400.0,2398.845992526473,112,145,112,50,1.1540074735271446,3998.845992526473,31.532879602995287,33.72088720359414,-1,1,41.0,41.0,190,161,1.3899612924735236,4.323903196498122,3.575907000487927,1809.1752719153676,0,46,10,85,48,307,0.23117014122394083,0.09028569266156995,958.0,326.0
F4_9.13,N17,N16,800.0,1,2400.0,2393.4355889916915,84,91,32,84,6.564411008308639,3993.4355889916915,34.475009983803105,35.74948548454922,1,-1,27.0,27.0,95,143,7.818680746459614,25.26249558853624,8.695163938470065,293.4495554623034,0,0,15,12,11,207,0.0609448554135844,0.13975285810356422,174.0,1864.0000000000002
F8_17.29,N17,N24,800.0,1,2400.0,2398.6965393784017,108,146,108,45,1.3034606215984468,3998.6965393784017,31.467300416634462,33.62299926341213,-1,1,15.0,15.0,185,186,0.9191491389429162,2.5023552067934816,2.4485886350397994,1452.1187970237993,0,39,0,91,54,299,0.2332716879623403,0.08037899472311891,1040.0,295.0
F8_14.12,N17,N16,800.0,1,2400.0,2384.8629650890466,86,92,37,86,15.137034910953389,3984.8629650890466,34.40513004137632,35.7385665807868,-1,-1,18.0,18.0,98,153,7.6677950407559665,12.473103948250127,10.798523743364617,245.32622619486907,0,10,25,18,16,215,0.0882649630127774,0.13975285810356422,172.0000000000001,1918.9999999999995
F8_11.28,N17,N24,800.0,1,2400.0,2397.357749020569,110,148,110,52,2.64225097943131,3997.357749020569,31.452058182072705,33.58665505284033,-1,1,3.0,3.0,184,188,0.7276111484039206,3.8408101581703704,3.158532389799915,1589.9514951578888,0,46,0,93,56,310,0.23537323470073976,0.08721418964357769,1103.0000000000002,316.0
F3_17.20,N17,N24,800.0,1,2400.0,2392.580282571818,116,136,116,62,7.419717428182253,3992.580282571818,29.834876538575,32.89301693315569,1,-1,27.0,27.0,189,233,8.630650893819586,40.880939213162264,7.9233734582266955,262.012487083762,0,0,15,16,11,314,0.09107734399553374,0.1323974445191661,190.0,852.0
F3_18.26,N17,N24,800.0,1,2400.0,2392.984854207802,62,175,62,47,7.0151457921978135,3992.984854207802,27.363239887248906,28.425745409185712,-1,1,16.0,16.0,167,311,5.88101391582201,170.38991085355656,11.740522534577929,298.8021850062603,0,8,40,12,1,284,0.0945696032279758,0.14066983121006188,198.0,265.0
